<?xml version="1.0" encoding="UTF-8"?>
<kml xmlns="http://www.opengis.net/kml/2.2" xmlns:gx="http://www.google.com/kml/ext/2.2" xmlns:kml="http://www.opengis.net/kml/2.2" xmlns:atom="http://www.w3.org/2005/Atom">
<Document id="1euIGIP5DXc_yMJkytguI7OoQ22-FnbUL">
	<name>עודד - אוסטריה</name>
	<visibility>0</visibility>
	<description>חודשים מומלצים:
מאי-ספטמבר
קריסמס

טיול מומלץ קרוב:
בראטיסלבה, בירת סלובקיה

odedthemapper.com</description>
	<gx:CascadingStyle kml:id="__managed_style_2E93BBE06D40DE0EE910_highlight">
		<Style>
			<IconStyle>
				<scale>1.2</scale>
				<Icon>
					<href>https://earth.google.com/earth/document/icon?color=fbc02d&amp;id=2005&amp;scale=4</href>
				</Icon>
				<hotSpot x="64" y="128" xunits="pixels" yunits="insetPixels"/>
			</IconStyle>
			<LabelStyle>
				<scale>0</scale>
			</LabelStyle>
			<LineStyle>
				<color>ff2dc0fb</color>
				<width>4.8</width>
			</LineStyle>
			<PolyStyle>
				<color>40ffffff</color>
			</PolyStyle>
			<BalloonStyle>
				<gx:displayMode>card</gx:displayMode>
			</BalloonStyle>
		</Style>
	</gx:CascadingStyle>
	<gx:CascadingStyle kml:id="__managed_style_2E93BBE06D40DE0EE910_normal">
		<Style>
			<IconStyle>
				<Icon>
					<href>https://earth.google.com/earth/document/icon?color=fbc02d&amp;id=2005&amp;scale=4</href>
				</Icon>
				<hotSpot x="64" y="128" xunits="pixels" yunits="insetPixels"/>
			</IconStyle>
			<LabelStyle>
				<scale>0</scale>
			</LabelStyle>
			<LineStyle>
				<color>ff2dc0fb</color>
				<width>3.2</width>
			</LineStyle>
			<PolyStyle>
				<color>40ffffff</color>
			</PolyStyle>
			<BalloonStyle>
				<gx:displayMode>card</gx:displayMode>
			</BalloonStyle>
		</Style>
	</gx:CascadingStyle>
	<gx:CascadingStyle kml:id="__managed_style_05349FA64640DE0EE918_highlight">
		<Style>
			<IconStyle>
				<scale>1.2</scale>
				<Icon>
					<href>https://earth.google.com/earth/document/icon?color=1976d2&amp;id=2156&amp;scale=4</href>
				</Icon>
				<hotSpot x="64" y="128" xunits="pixels" yunits="insetPixels"/>
			</IconStyle>
			<LabelStyle>
				<scale>0</scale>
			</LabelStyle>
			<LineStyle>
				<color>ff2dc0fb</color>
				<width>4.8</width>
			</LineStyle>
			<PolyStyle>
				<color>40ffffff</color>
			</PolyStyle>
			<BalloonStyle>
				<gx:displayMode>card</gx:displayMode>
			</BalloonStyle>
		</Style>
	</gx:CascadingStyle>
	<gx:CascadingStyle kml:id="__managed_style_05349FA64640DE0EE918_normal">
		<Style>
			<IconStyle>
				<Icon>
					<href>https://earth.google.com/earth/document/icon?color=1976d2&amp;id=2156&amp;scale=4</href>
				</Icon>
				<hotSpot x="64" y="128" xunits="pixels" yunits="insetPixels"/>
			</IconStyle>
			<LabelStyle>
				<scale>0</scale>
			</LabelStyle>
			<LineStyle>
				<color>ff2dc0fb</color>
				<width>3.2</width>
			</LineStyle>
			<PolyStyle>
				<color>40ffffff</color>
			</PolyStyle>
			<BalloonStyle>
				<gx:displayMode>card</gx:displayMode>
			</BalloonStyle>
		</Style>
	</gx:CascadingStyle>
	<StyleMap id="__managed_style_05349FA64640DE0EE918">
		<Pair>
			<key>normal</key>
			<styleUrl>#__managed_style_05349FA64640DE0EE918_normal</styleUrl>
		</Pair>
		<Pair>
			<key>highlight</key>
			<styleUrl>#__managed_style_05349FA64640DE0EE918_highlight</styleUrl>
		</Pair>
	</StyleMap>
	<gx:CascadingStyle kml:id="__managed_style_06D3A253AE40DE0EE910_normal">
		<Style>
			<IconStyle>
				<Icon>
					<href>https://earth.google.com/earth/document/icon?color=1976d2&amp;id=2006&amp;scale=4</href>
				</Icon>
				<hotSpot x="64" y="128" xunits="pixels" yunits="insetPixels"/>
			</IconStyle>
			<LabelStyle>
				<scale>0</scale>
			</LabelStyle>
			<LineStyle>
				<color>ff2dc0fb</color>
				<width>3.2</width>
			</LineStyle>
			<PolyStyle>
				<color>40ffffff</color>
			</PolyStyle>
			<BalloonStyle>
				<gx:displayMode>card</gx:displayMode>
			</BalloonStyle>
		</Style>
	</gx:CascadingStyle>
	<StyleMap id="__managed_style_06D3A253AE40DE0EE910">
		<Pair>
			<key>normal</key>
			<styleUrl>#__managed_style_06D3A253AE40DE0EE910_normal</styleUrl>
		</Pair>
		<Pair>
			<key>highlight</key>
			<styleUrl>#__managed_style_06D3A253AE40DE0EE910_highlight</styleUrl>
		</Pair>
	</StyleMap>
	<gx:CascadingStyle kml:id="__managed_style_1F3DE6271840DE0EE917_highlight">
		<Style>
			<IconStyle>
				<scale>1.2</scale>
				<Icon>
					<href>https://earth.google.com/earth/document/icon?color=1976d2&amp;id=2074&amp;scale=4</href>
				</Icon>
				<hotSpot x="64" y="128" xunits="pixels" yunits="insetPixels"/>
			</IconStyle>
			<LabelStyle>
				<scale>0</scale>
			</LabelStyle>
			<LineStyle>
				<color>ff2dc0fb</color>
				<width>4.8</width>
			</LineStyle>
			<PolyStyle>
				<color>40ffffff</color>
			</PolyStyle>
			<BalloonStyle>
			</BalloonStyle>
		</Style>
	</gx:CascadingStyle>
	<gx:CascadingStyle kml:id="__managed_style_1F3DE6271840DE0EE917_normal">
		<Style>
			<IconStyle>
				<Icon>
					<href>https://earth.google.com/earth/document/icon?color=1976d2&amp;id=2074&amp;scale=4</href>
				</Icon>
				<hotSpot x="64" y="128" xunits="pixels" yunits="insetPixels"/>
			</IconStyle>
			<LabelStyle>
				<scale>0</scale>
			</LabelStyle>
			<LineStyle>
				<color>ff2dc0fb</color>
				<width>3.2</width>
			</LineStyle>
			<PolyStyle>
				<color>40ffffff</color>
			</PolyStyle>
			<BalloonStyle>
			</BalloonStyle>
		</Style>
	</gx:CascadingStyle>
	<StyleMap id="__managed_style_088FA243C440DE0EE913">
		<Pair>
			<key>normal</key>
			<styleUrl>#__managed_style_088FA243C440DE0EE913_normal</styleUrl>
		</Pair>
		<Pair>
			<key>highlight</key>
			<styleUrl>#__managed_style_088FA243C440DE0EE913_highlight</styleUrl>
		</Pair>
	</StyleMap>
	<StyleMap id="__managed_style_1F3DE6271840DE0EE917">
		<Pair>
			<key>normal</key>
			<styleUrl>#__managed_style_1F3DE6271840DE0EE917_normal</styleUrl>
		</Pair>
		<Pair>
			<key>highlight</key>
			<styleUrl>#__managed_style_1F3DE6271840DE0EE917_highlight</styleUrl>
		</Pair>
	</StyleMap>
	<StyleMap id="__managed_style_07E355AD1740DE0EE919">
		<Pair>
			<key>normal</key>
			<styleUrl>#__managed_style_07E355AD1740DE0EE919_normal</styleUrl>
		</Pair>
		<Pair>
			<key>highlight</key>
			<styleUrl>#__managed_style_07E355AD1740DE0EE919_highlight</styleUrl>
		</Pair>
	</StyleMap>
	<gx:CascadingStyle kml:id="__managed_style_2479AA359D40DE0EE90C_highlight">
		<Style>
			<IconStyle>
				<scale>1.2</scale>
				<Icon>
					<href>https://earth.google.com/earth/document/icon?color=1976d2&amp;id=2074&amp;scale=4</href>
				</Icon>
				<hotSpot x="64" y="128" xunits="pixels" yunits="insetPixels"/>
			</IconStyle>
			<LabelStyle>
				<scale>0</scale>
			</LabelStyle>
			<LineStyle>
				<color>ff2dc0fb</color>
				<width>4.8</width>
			</LineStyle>
			<PolyStyle>
				<color>40ffffff</color>
			</PolyStyle>
			<BalloonStyle>
				<gx:displayMode>card</gx:displayMode>
			</BalloonStyle>
		</Style>
	</gx:CascadingStyle>
	<gx:CascadingStyle kml:id="__managed_style_40F2450F9F40DE0EE918_highlight">
		<Style>
			<IconStyle>
				<scale>1.2</scale>
				<Icon>
					<href>https://earth.google.com/earth/document/icon?color=f57c00&amp;id=2130&amp;scale=4</href>
				</Icon>
				<hotSpot x="64" y="128" xunits="pixels" yunits="insetPixels"/>
			</IconStyle>
			<LabelStyle>
				<scale>0</scale>
			</LabelStyle>
			<LineStyle>
				<color>ff2dc0fb</color>
				<width>4.8</width>
			</LineStyle>
			<PolyStyle>
				<color>40ffffff</color>
			</PolyStyle>
			<BalloonStyle>
			</BalloonStyle>
		</Style>
	</gx:CascadingStyle>
	<gx:CascadingStyle kml:id="__managed_style_2479AA359D40DE0EE90C_normal">
		<Style>
			<IconStyle>
				<Icon>
					<href>https://earth.google.com/earth/document/icon?color=1976d2&amp;id=2074&amp;scale=4</href>
				</Icon>
				<hotSpot x="64" y="128" xunits="pixels" yunits="insetPixels"/>
			</IconStyle>
			<LabelStyle>
				<scale>0</scale>
			</LabelStyle>
			<LineStyle>
				<color>ff2dc0fb</color>
				<width>3.2</width>
			</LineStyle>
			<PolyStyle>
				<color>40ffffff</color>
			</PolyStyle>
			<BalloonStyle>
				<gx:displayMode>card</gx:displayMode>
			</BalloonStyle>
		</Style>
	</gx:CascadingStyle>
	<gx:CascadingStyle kml:id="__managed_style_1CBD131A4D40DE0EE90C_highlight">
		<Style>
			<IconStyle>
				<scale>1.2</scale>
				<Icon>
					<href>https://earth.google.com/earth/document/icon?color=7b1fa2&amp;id=2006&amp;scale=4</href>
				</Icon>
				<hotSpot x="64" y="128" xunits="pixels" yunits="insetPixels"/>
			</IconStyle>
			<LabelStyle>
				<scale>0</scale>
			</LabelStyle>
			<LineStyle>
				<color>ff2dc0fb</color>
				<width>4.8</width>
			</LineStyle>
			<PolyStyle>
				<color>40ffffff</color>
			</PolyStyle>
			<BalloonStyle>
				<displayMode>hide</displayMode>
			</BalloonStyle>
		</Style>
	</gx:CascadingStyle>
	<StyleMap id="__managed_style_2517F48A9D40DE0EE914">
		<Pair>
			<key>normal</key>
			<styleUrl>#__managed_style_2517F48A9D40DE0EE914_normal</styleUrl>
		</Pair>
		<Pair>
			<key>highlight</key>
			<styleUrl>#__managed_style_2517F48A9D40DE0EE914_highlight</styleUrl>
		</Pair>
	</StyleMap>
	<gx:CascadingStyle kml:id="__managed_style_08ABB3AFA440DE0EE90F_highlight">
		<Style>
			<IconStyle>
				<scale>1.2</scale>
				<Icon>
					<href>https://earth.google.com/earth/document/icon?color=7b1fa2&amp;id=2156&amp;scale=4</href>
				</Icon>
				<hotSpot x="64" y="128" xunits="pixels" yunits="insetPixels"/>
			</IconStyle>
			<LabelStyle>
				<scale>0</scale>
			</LabelStyle>
			<LineStyle>
				<color>ff2dc0fb</color>
				<width>4.8</width>
			</LineStyle>
			<PolyStyle>
				<color>40ffffff</color>
			</PolyStyle>
			<BalloonStyle>
			</BalloonStyle>
		</Style>
	</gx:CascadingStyle>
	<gx:CascadingStyle kml:id="__managed_style_2630F10D5240DE0EE913_normal">
		<Style>
			<IconStyle>
				<Icon>
					<href>https://earth.google.com/earth/document/icon?color=7b1fa2&amp;id=2339&amp;scale=4</href>
				</Icon>
				<hotSpot x="64" y="128" xunits="pixels" yunits="insetPixels"/>
			</IconStyle>
			<LabelStyle>
				<scale>0</scale>
			</LabelStyle>
			<LineStyle>
				<color>ff2dc0fb</color>
				<width>3.2</width>
			</LineStyle>
			<PolyStyle>
				<color>40ffffff</color>
			</PolyStyle>
			<BalloonStyle>
				<gx:displayMode>card</gx:displayMode>
			</BalloonStyle>
		</Style>
	</gx:CascadingStyle>
	<gx:CascadingStyle kml:id="__managed_style_444D6FEFE140DE0EE90C_highlight">
		<Style>
			<IconStyle>
				<scale>1.2</scale>
				<Icon>
					<href>https://earth.google.com/earth/document/icon?color=f57c00&amp;id=2130&amp;scale=4</href>
				</Icon>
				<hotSpot x="64" y="128" xunits="pixels" yunits="insetPixels"/>
			</IconStyle>
			<LabelStyle>
				<scale>0</scale>
			</LabelStyle>
			<LineStyle>
				<color>ff2dc0fb</color>
				<width>4.8</width>
			</LineStyle>
			<PolyStyle>
				<color>40ffffff</color>
			</PolyStyle>
			<BalloonStyle>
				<gx:displayMode>card</gx:displayMode>
			</BalloonStyle>
		</Style>
	</gx:CascadingStyle>
	<gx:CascadingStyle kml:id="__managed_style_019AD486D540DE0EE90B_highlight">
		<Style>
			<IconStyle>
				<scale>1.2</scale>
				<Icon>
					<href>https://earth.google.com/earth/document/icon?color=7b1fa2&amp;id=2006&amp;scale=4</href>
				</Icon>
				<hotSpot x="64" y="128" xunits="pixels" yunits="insetPixels"/>
			</IconStyle>
			<LabelStyle>
				<scale>0</scale>
			</LabelStyle>
			<LineStyle>
				<color>ff2dc0fb</color>
				<width>4.8</width>
			</LineStyle>
			<PolyStyle>
				<color>40ffffff</color>
			</PolyStyle>
			<BalloonStyle>
				<gx:displayMode>card</gx:displayMode>
			</BalloonStyle>
		</Style>
	</gx:CascadingStyle>
	<StyleMap id="__managed_style_444D6FEFE140DE0EE90C">
		<Pair>
			<key>normal</key>
			<styleUrl>#__managed_style_444D6FEFE140DE0EE90C_normal</styleUrl>
		</Pair>
		<Pair>
			<key>highlight</key>
			<styleUrl>#__managed_style_444D6FEFE140DE0EE90C_highlight</styleUrl>
		</Pair>
	</StyleMap>
	<gx:CascadingStyle kml:id="__managed_style_20356B7CD840DE0EE90E_highlight">
		<Style>
			<IconStyle>
				<scale>1.2</scale>
				<Icon>
					<href>https://earth.google.com/earth/document/icon?color=303f9f&amp;id=2339&amp;scale=4</href>
				</Icon>
				<hotSpot x="64" y="128" xunits="pixels" yunits="insetPixels"/>
			</IconStyle>
			<LabelStyle>
				<scale>0</scale>
			</LabelStyle>
			<LineStyle>
				<color>ff2dc0fb</color>
				<width>4.8</width>
			</LineStyle>
			<PolyStyle>
				<color>40ffffff</color>
			</PolyStyle>
			<BalloonStyle>
			</BalloonStyle>
		</Style>
	</gx:CascadingStyle>
	<gx:CascadingStyle kml:id="__managed_style_40F2450F9F40DE0EE918_normal">
		<Style>
			<IconStyle>
				<Icon>
					<href>https://earth.google.com/earth/document/icon?color=f57c00&amp;id=2130&amp;scale=4</href>
				</Icon>
				<hotSpot x="64" y="128" xunits="pixels" yunits="insetPixels"/>
			</IconStyle>
			<LabelStyle>
				<scale>0</scale>
			</LabelStyle>
			<LineStyle>
				<color>ff2dc0fb</color>
				<width>3.2</width>
			</LineStyle>
			<PolyStyle>
				<color>40ffffff</color>
			</PolyStyle>
			<BalloonStyle>
			</BalloonStyle>
		</Style>
	</gx:CascadingStyle>
	<gx:CascadingStyle kml:id="__managed_style_1CBD131A4D40DE0EE90C_normal">
		<Style>
			<IconStyle>
				<Icon>
					<href>https://earth.google.com/earth/document/icon?color=7b1fa2&amp;id=2006&amp;scale=4</href>
				</Icon>
				<hotSpot x="64" y="128" xunits="pixels" yunits="insetPixels"/>
			</IconStyle>
			<LabelStyle>
				<scale>0</scale>
			</LabelStyle>
			<LineStyle>
				<color>ff2dc0fb</color>
				<width>3.2</width>
			</LineStyle>
			<PolyStyle>
				<color>40ffffff</color>
			</PolyStyle>
			<BalloonStyle>
				<displayMode>hide</displayMode>
			</BalloonStyle>
		</Style>
	</gx:CascadingStyle>
	<gx:CascadingStyle kml:id="__managed_style_3BC26D9B2C40DE0EE918_normal">
		<Style>
			<IconStyle>
				<Icon>
					<href>https://earth.google.com/earth/document/icon?color=1976d2&amp;id=2000&amp;scale=4</href>
				</Icon>
				<hotSpot x="64" y="128" xunits="pixels" yunits="insetPixels"/>
			</IconStyle>
			<LabelStyle>
				<scale>0</scale>
			</LabelStyle>
			<LineStyle>
				<color>ff9f3f30</color>
				<width>3.2</width>
			</LineStyle>
			<PolyStyle>
				<color>409f3f30</color>
			</PolyStyle>
			<BalloonStyle>
			</BalloonStyle>
		</Style>
	</gx:CascadingStyle>
	<StyleMap id="__managed_style_40F2450F9F40DE0EE918">
		<Pair>
			<key>normal</key>
			<styleUrl>#__managed_style_40F2450F9F40DE0EE918_normal</styleUrl>
		</Pair>
		<Pair>
			<key>highlight</key>
			<styleUrl>#__managed_style_40F2450F9F40DE0EE918_highlight</styleUrl>
		</Pair>
	</StyleMap>
	<gx:CascadingStyle kml:id="__managed_style_190086B37E40DE0EE911_normal">
		<Style>
			<IconStyle>
				<Icon>
					<href>https://earth.google.com/earth/document/icon?color=7b1fa2&amp;id=2163&amp;scale=4</href>
				</Icon>
				<hotSpot x="64" y="128" xunits="pixels" yunits="insetPixels"/>
			</IconStyle>
			<LabelStyle>
				<scale>0</scale>
			</LabelStyle>
			<LineStyle>
				<color>ff2dc0fb</color>
				<width>3.2</width>
			</LineStyle>
			<PolyStyle>
				<color>40ffffff</color>
			</PolyStyle>
			<BalloonStyle>
				<gx:displayMode>card</gx:displayMode>
			</BalloonStyle>
		</Style>
	</gx:CascadingStyle>
	<gx:CascadingStyle kml:id="__managed_style_1F73AE1E7C40DE0EE913_normal">
		<Style>
			<IconStyle>
				<Icon>
					<href>https://earth.google.com/earth/document/icon?color=f57c00&amp;id=2056&amp;scale=4</href>
				</Icon>
				<hotSpot x="64" y="128" xunits="pixels" yunits="insetPixels"/>
			</IconStyle>
			<LabelStyle>
				<scale>0</scale>
			</LabelStyle>
			<LineStyle>
				<color>ff2dc0fb</color>
				<width>3.2</width>
			</LineStyle>
			<PolyStyle>
				<color>40ffffff</color>
			</PolyStyle>
			<BalloonStyle>
				<gx:displayMode>card</gx:displayMode>
			</BalloonStyle>
		</Style>
	</gx:CascadingStyle>
	<StyleMap id="__managed_style_1F73AE1E7C40DE0EE913">
		<Pair>
			<key>normal</key>
			<styleUrl>#__managed_style_1F73AE1E7C40DE0EE913_normal</styleUrl>
		</Pair>
		<Pair>
			<key>highlight</key>
			<styleUrl>#__managed_style_1F73AE1E7C40DE0EE913_highlight</styleUrl>
		</Pair>
	</StyleMap>
	<StyleMap id="__managed_style_20356B7CD840DE0EE90E">
		<Pair>
			<key>normal</key>
			<styleUrl>#__managed_style_20356B7CD840DE0EE90E_normal</styleUrl>
		</Pair>
		<Pair>
			<key>highlight</key>
			<styleUrl>#__managed_style_20356B7CD840DE0EE90E_highlight</styleUrl>
		</Pair>
	</StyleMap>
	<gx:CascadingStyle kml:id="__managed_style_157DB9F5F440DE0EE90E_highlight">
		<Style>
			<IconStyle>
				<scale>1.2</scale>
				<Icon>
					<href>https://earth.google.com/earth/document/icon?color=7b1fa2&amp;id=2011&amp;scale=4</href>
				</Icon>
				<hotSpot x="64" y="128" xunits="pixels" yunits="insetPixels"/>
			</IconStyle>
			<LabelStyle>
				<scale>0</scale>
			</LabelStyle>
			<LineStyle>
				<color>ff2dc0fb</color>
				<width>4.8</width>
			</LineStyle>
			<PolyStyle>
				<color>40ffffff</color>
			</PolyStyle>
			<BalloonStyle>
				<gx:displayMode>card</gx:displayMode>
			</BalloonStyle>
		</Style>
	</gx:CascadingStyle>
	<StyleMap id="__managed_style_07729934E440DE0EE911">
		<Pair>
			<key>normal</key>
			<styleUrl>#__managed_style_07729934E440DE0EE911_normal</styleUrl>
		</Pair>
		<Pair>
			<key>highlight</key>
			<styleUrl>#__managed_style_07729934E440DE0EE911_highlight</styleUrl>
		</Pair>
	</StyleMap>
	<gx:CascadingStyle kml:id="__managed_style_30E214A8EC40DE0EE90C_normal">
		<Style>
			<IconStyle>
				<Icon>
					<href>https://earth.google.com/earth/document/icon?color=7b1fa2&amp;id=2311&amp;scale=4</href>
				</Icon>
				<hotSpot x="64" y="128" xunits="pixels" yunits="insetPixels"/>
			</IconStyle>
			<LabelStyle>
				<scale>0</scale>
			</LabelStyle>
			<LineStyle>
				<color>ff2dc0fb</color>
				<width>3.2</width>
			</LineStyle>
			<PolyStyle>
				<color>40ffffff</color>
			</PolyStyle>
			<BalloonStyle>
				<gx:displayMode>card</gx:displayMode>
			</BalloonStyle>
		</Style>
	</gx:CascadingStyle>
	<gx:CascadingStyle kml:id="__managed_style_29E92C393A40DE0EE911_normal">
		<Style>
			<IconStyle>
				<Icon>
					<href>https://earth.google.com/earth/document/icon?color=7b1fa2&amp;id=2156&amp;scale=4</href>
				</Icon>
				<hotSpot x="64" y="128" xunits="pixels" yunits="insetPixels"/>
			</IconStyle>
			<LabelStyle>
				<scale>0</scale>
			</LabelStyle>
			<LineStyle>
				<color>ff2dc0fb</color>
				<width>3.2</width>
			</LineStyle>
			<PolyStyle>
				<color>40ffffff</color>
			</PolyStyle>
			<BalloonStyle>
				<gx:displayMode>card</gx:displayMode>
			</BalloonStyle>
		</Style>
	</gx:CascadingStyle>
	<gx:CascadingStyle kml:id="__managed_style_2E63C11C0040DE0EE918_highlight">
		<Style>
			<IconStyle>
				<scale>1.2</scale>
				<Icon>
					<href>https://earth.google.com/earth/document/icon?color=5a0e84&amp;id=2006&amp;scale=4</href>
				</Icon>
				<hotSpot x="64" y="128" xunits="pixels" yunits="insetPixels"/>
			</IconStyle>
			<LabelStyle>
				<scale>0</scale>
			</LabelStyle>
			<LineStyle>
				<color>ff2dc0fb</color>
				<width>4.8</width>
			</LineStyle>
			<PolyStyle>
				<color>40ffffff</color>
			</PolyStyle>
			<BalloonStyle>
				<gx:displayMode>card</gx:displayMode>
			</BalloonStyle>
		</Style>
	</gx:CascadingStyle>
	<StyleMap id="__managed_style_2E63C11C0040DE0EE918">
		<Pair>
			<key>normal</key>
			<styleUrl>#__managed_style_2E63C11C0040DE0EE918_normal</styleUrl>
		</Pair>
		<Pair>
			<key>highlight</key>
			<styleUrl>#__managed_style_2E63C11C0040DE0EE918_highlight</styleUrl>
		</Pair>
	</StyleMap>
	<gx:CascadingStyle kml:id="__managed_style_1F72F626FD40DE0EE918_normal">
		<Style>
			<IconStyle>
				<Icon>
					<href>https://earth.google.com/earth/document/icon?color=7b1fa2&amp;id=2336&amp;scale=4</href>
				</Icon>
				<hotSpot x="64" y="128" xunits="pixels" yunits="insetPixels"/>
			</IconStyle>
			<LabelStyle>
				<scale>0</scale>
			</LabelStyle>
			<LineStyle>
				<color>ff2dc0fb</color>
				<width>3.2</width>
			</LineStyle>
			<PolyStyle>
				<color>40ffffff</color>
			</PolyStyle>
			<BalloonStyle>
				<gx:displayMode>card</gx:displayMode>
			</BalloonStyle>
		</Style>
	</gx:CascadingStyle>
	<gx:CascadingStyle kml:id="__managed_style_2630F10D5240DE0EE913_highlight">
		<Style>
			<IconStyle>
				<scale>1.2</scale>
				<Icon>
					<href>https://earth.google.com/earth/document/icon?color=7b1fa2&amp;id=2339&amp;scale=4</href>
				</Icon>
				<hotSpot x="64" y="128" xunits="pixels" yunits="insetPixels"/>
			</IconStyle>
			<LabelStyle>
				<scale>0</scale>
			</LabelStyle>
			<LineStyle>
				<color>ff2dc0fb</color>
				<width>4.8</width>
			</LineStyle>
			<PolyStyle>
				<color>40ffffff</color>
			</PolyStyle>
			<BalloonStyle>
				<gx:displayMode>card</gx:displayMode>
			</BalloonStyle>
		</Style>
	</gx:CascadingStyle>
	<gx:CascadingStyle kml:id="__managed_style_1F72F626FD40DE0EE918_highlight">
		<Style>
			<IconStyle>
				<scale>1.2</scale>
				<Icon>
					<href>https://earth.google.com/earth/document/icon?color=7b1fa2&amp;id=2336&amp;scale=4</href>
				</Icon>
				<hotSpot x="64" y="128" xunits="pixels" yunits="insetPixels"/>
			</IconStyle>
			<LabelStyle>
				<scale>0</scale>
			</LabelStyle>
			<LineStyle>
				<color>ff2dc0fb</color>
				<width>4.8</width>
			</LineStyle>
			<PolyStyle>
				<color>40ffffff</color>
			</PolyStyle>
			<BalloonStyle>
				<gx:displayMode>card</gx:displayMode>
			</BalloonStyle>
		</Style>
	</gx:CascadingStyle>
	<StyleMap id="__managed_style_1CBD131A4D40DE0EE90C">
		<Pair>
			<key>normal</key>
			<styleUrl>#__managed_style_1CBD131A4D40DE0EE90C_normal</styleUrl>
		</Pair>
		<Pair>
			<key>highlight</key>
			<styleUrl>#__managed_style_1CBD131A4D40DE0EE90C_highlight</styleUrl>
		</Pair>
	</StyleMap>
	<StyleMap id="__managed_style_31B2F03F5540DE0EE914">
		<Pair>
			<key>normal</key>
			<styleUrl>#__managed_style_31B2F03F5540DE0EE914_normal</styleUrl>
		</Pair>
		<Pair>
			<key>highlight</key>
			<styleUrl>#__managed_style_31B2F03F5540DE0EE914_highlight</styleUrl>
		</Pair>
	</StyleMap>
	<StyleMap id="__managed_style_2630F10D5240DE0EE913">
		<Pair>
			<key>normal</key>
			<styleUrl>#__managed_style_2630F10D5240DE0EE913_normal</styleUrl>
		</Pair>
		<Pair>
			<key>highlight</key>
			<styleUrl>#__managed_style_2630F10D5240DE0EE913_highlight</styleUrl>
		</Pair>
	</StyleMap>
	<StyleMap id="__managed_style_08ABB3AFA440DE0EE90F">
		<Pair>
			<key>normal</key>
			<styleUrl>#__managed_style_08ABB3AFA440DE0EE90F_normal</styleUrl>
		</Pair>
		<Pair>
			<key>highlight</key>
			<styleUrl>#__managed_style_08ABB3AFA440DE0EE90F_highlight</styleUrl>
		</Pair>
	</StyleMap>
	<gx:CascadingStyle kml:id="__managed_style_2E63C11C0040DE0EE918_normal">
		<Style>
			<IconStyle>
				<Icon>
					<href>https://earth.google.com/earth/document/icon?color=5a0e84&amp;id=2006&amp;scale=4</href>
				</Icon>
				<hotSpot x="64" y="128" xunits="pixels" yunits="insetPixels"/>
			</IconStyle>
			<LabelStyle>
				<scale>0</scale>
			</LabelStyle>
			<LineStyle>
				<color>ff2dc0fb</color>
				<width>3.2</width>
			</LineStyle>
			<PolyStyle>
				<color>40ffffff</color>
			</PolyStyle>
			<BalloonStyle>
				<gx:displayMode>card</gx:displayMode>
			</BalloonStyle>
		</Style>
	</gx:CascadingStyle>
	<gx:CascadingStyle kml:id="__managed_style_07E355AD1740DE0EE919_normal">
		<Style>
			<IconStyle>
				<Icon>
					<href>https://earth.google.com/earth/document/icon?color=5a0889&amp;id=2006&amp;scale=4</href>
				</Icon>
				<hotSpot x="64" y="128" xunits="pixels" yunits="insetPixels"/>
			</IconStyle>
			<LabelStyle>
				<scale>0</scale>
			</LabelStyle>
			<LineStyle>
				<color>ff2dc0fb</color>
				<width>3.2</width>
			</LineStyle>
			<PolyStyle>
				<color>40ffffff</color>
			</PolyStyle>
			<BalloonStyle>
				<gx:displayMode>card</gx:displayMode>
			</BalloonStyle>
		</Style>
	</gx:CascadingStyle>
	<gx:CascadingStyle kml:id="__managed_style_157DB9F5F440DE0EE90E_normal">
		<Style>
			<IconStyle>
				<Icon>
					<href>https://earth.google.com/earth/document/icon?color=7b1fa2&amp;id=2011&amp;scale=4</href>
				</Icon>
				<hotSpot x="64" y="128" xunits="pixels" yunits="insetPixels"/>
			</IconStyle>
			<LabelStyle>
				<scale>0</scale>
			</LabelStyle>
			<LineStyle>
				<color>ff2dc0fb</color>
				<width>3.2</width>
			</LineStyle>
			<PolyStyle>
				<color>40ffffff</color>
			</PolyStyle>
			<BalloonStyle>
				<gx:displayMode>card</gx:displayMode>
			</BalloonStyle>
		</Style>
	</gx:CascadingStyle>
	<gx:CascadingStyle kml:id="__managed_style_20356B7CD840DE0EE90E_normal">
		<Style>
			<IconStyle>
				<Icon>
					<href>https://earth.google.com/earth/document/icon?color=303f9f&amp;id=2339&amp;scale=4</href>
				</Icon>
				<hotSpot x="64" y="128" xunits="pixels" yunits="insetPixels"/>
			</IconStyle>
			<LabelStyle>
				<scale>0</scale>
			</LabelStyle>
			<LineStyle>
				<color>ff2dc0fb</color>
				<width>3.2</width>
			</LineStyle>
			<PolyStyle>
				<color>40ffffff</color>
			</PolyStyle>
			<BalloonStyle>
			</BalloonStyle>
		</Style>
	</gx:CascadingStyle>
	<gx:CascadingStyle kml:id="__managed_style_2FE693CCBB40DE0EE919_highlight">
		<styleUrl>https://earth.google.com/balloon_components/base/1.1.0.0/none_template.kml#main</styleUrl>
		<Style>
			<IconStyle>
				<scale>1.2</scale>
				<Icon>
					<href>https://earth.google.com/earth/document/icon?color=7b1fa2&amp;id=2006&amp;scale=4</href>
				</Icon>
				<hotSpot x="64" y="128" xunits="pixels" yunits="insetPixels"/>
			</IconStyle>
			<LabelStyle>
				<scale>0</scale>
			</LabelStyle>
			<LineStyle>
				<color>ff2dc0fb</color>
				<width>4.8</width>
			</LineStyle>
			<PolyStyle>
				<color>40ffffff</color>
			</PolyStyle>
			<BalloonStyle>
				<displayMode>hide</displayMode>
			</BalloonStyle>
		</Style>
	</gx:CascadingStyle>
	<gx:CascadingStyle kml:id="__managed_style_07729934E440DE0EE911_normal">
		<Style>
			<IconStyle>
				<Icon>
					<href>https://earth.google.com/earth/document/icon?color=1976d2&amp;id=2000&amp;scale=4</href>
				</Icon>
				<hotSpot x="64" y="128" xunits="pixels" yunits="insetPixels"/>
			</IconStyle>
			<LabelStyle>
				<scale>0</scale>
			</LabelStyle>
			<LineStyle>
				<color>ff2dc0fb</color>
				<width>3.2</width>
			</LineStyle>
			<PolyStyle>
				<color>40ffffff</color>
			</PolyStyle>
			<BalloonStyle>
			</BalloonStyle>
		</Style>
	</gx:CascadingStyle>
	<gx:CascadingStyle kml:id="__managed_style_08ABB3AFA440DE0EE90F_normal">
		<Style>
			<IconStyle>
				<Icon>
					<href>https://earth.google.com/earth/document/icon?color=7b1fa2&amp;id=2156&amp;scale=4</href>
				</Icon>
				<hotSpot x="64" y="128" xunits="pixels" yunits="insetPixels"/>
			</IconStyle>
			<LabelStyle>
				<scale>0</scale>
			</LabelStyle>
			<LineStyle>
				<color>ff2dc0fb</color>
				<width>3.2</width>
			</LineStyle>
			<PolyStyle>
				<color>40ffffff</color>
			</PolyStyle>
			<BalloonStyle>
			</BalloonStyle>
		</Style>
	</gx:CascadingStyle>
	<gx:CascadingStyle kml:id="__managed_style_2FE693CCBB40DE0EE919_normal">
		<styleUrl>https://earth.google.com/balloon_components/base/1.1.0.0/none_template.kml#main</styleUrl>
		<Style>
			<IconStyle>
				<Icon>
					<href>https://earth.google.com/earth/document/icon?color=7b1fa2&amp;id=2006&amp;scale=4</href>
				</Icon>
				<hotSpot x="64" y="128" xunits="pixels" yunits="insetPixels"/>
			</IconStyle>
			<LabelStyle>
				<scale>0</scale>
			</LabelStyle>
			<LineStyle>
				<color>ff2dc0fb</color>
				<width>3.2</width>
			</LineStyle>
			<PolyStyle>
				<color>40ffffff</color>
			</PolyStyle>
			<BalloonStyle>
				<displayMode>hide</displayMode>
			</BalloonStyle>
		</Style>
	</gx:CascadingStyle>
	<gx:CascadingStyle kml:id="__managed_style_1F73AE1E7C40DE0EE913_highlight">
		<Style>
			<IconStyle>
				<scale>1.2</scale>
				<Icon>
					<href>https://earth.google.com/earth/document/icon?color=f57c00&amp;id=2056&amp;scale=4</href>
				</Icon>
				<hotSpot x="64" y="128" xunits="pixels" yunits="insetPixels"/>
			</IconStyle>
			<LabelStyle>
				<scale>0</scale>
			</LabelStyle>
			<LineStyle>
				<color>ff2dc0fb</color>
				<width>4.8</width>
			</LineStyle>
			<PolyStyle>
				<color>40ffffff</color>
			</PolyStyle>
			<BalloonStyle>
				<gx:displayMode>card</gx:displayMode>
			</BalloonStyle>
		</Style>
	</gx:CascadingStyle>
	<StyleMap id="__managed_style_2FE693CCBB40DE0EE919">
		<Pair>
			<key>normal</key>
			<styleUrl>#__managed_style_2FE693CCBB40DE0EE919_normal</styleUrl>
		</Pair>
		<Pair>
			<key>highlight</key>
			<styleUrl>#__managed_style_2FE693CCBB40DE0EE919_highlight</styleUrl>
		</Pair>
	</StyleMap>
	<StyleMap id="__managed_style_3BC26D9B2C40DE0EE918">
		<Pair>
			<key>normal</key>
			<styleUrl>#__managed_style_3BC26D9B2C40DE0EE918_normal</styleUrl>
		</Pair>
		<Pair>
			<key>highlight</key>
			<styleUrl>#__managed_style_3BC26D9B2C40DE0EE918_highlight</styleUrl>
		</Pair>
	</StyleMap>
	<gx:CascadingStyle kml:id="__managed_style_0857E7DAAB40DE0EE917_normal">
		<Style>
			<IconStyle>
				<Icon>
					<href>https://earth.google.com/earth/document/icon?color=58068e&amp;id=2163&amp;scale=4</href>
				</Icon>
				<hotSpot x="64" y="128" xunits="pixels" yunits="insetPixels"/>
			</IconStyle>
			<LabelStyle>
				<scale>0</scale>
			</LabelStyle>
			<LineStyle>
				<color>ff2dc0fb</color>
				<width>3.2</width>
			</LineStyle>
			<PolyStyle>
				<color>40ffffff</color>
			</PolyStyle>
			<BalloonStyle>
				<gx:displayMode>card</gx:displayMode>
			</BalloonStyle>
		</Style>
	</gx:CascadingStyle>
	<gx:CascadingStyle kml:id="__managed_style_18D573909640DE0EE916_normal">
		<Style>
			<IconStyle>
				<Icon>
					<href>https://earth.google.com/earth/document/icon?color=303f9f&amp;id=2339&amp;scale=4</href>
				</Icon>
				<hotSpot x="64" y="128" xunits="pixels" yunits="insetPixels"/>
			</IconStyle>
			<LabelStyle>
				<scale>0</scale>
			</LabelStyle>
			<LineStyle>
				<color>ff2dc0fb</color>
				<width>3.2</width>
			</LineStyle>
			<PolyStyle>
				<color>40ffffff</color>
			</PolyStyle>
			<BalloonStyle>
				<gx:displayMode>card</gx:displayMode>
			</BalloonStyle>
		</Style>
	</gx:CascadingStyle>
	<gx:CascadingStyle kml:id="__managed_style_29E92C393A40DE0EE911_highlight">
		<Style>
			<IconStyle>
				<scale>1.2</scale>
				<Icon>
					<href>https://earth.google.com/earth/document/icon?color=7b1fa2&amp;id=2156&amp;scale=4</href>
				</Icon>
				<hotSpot x="64" y="128" xunits="pixels" yunits="insetPixels"/>
			</IconStyle>
			<LabelStyle>
				<scale>0</scale>
			</LabelStyle>
			<LineStyle>
				<color>ff2dc0fb</color>
				<width>4.8</width>
			</LineStyle>
			<PolyStyle>
				<color>40ffffff</color>
			</PolyStyle>
			<BalloonStyle>
				<gx:displayMode>card</gx:displayMode>
			</BalloonStyle>
		</Style>
	</gx:CascadingStyle>
	<StyleMap id="__managed_style_07F54A2F8040DE0EE916">
		<Pair>
			<key>normal</key>
			<styleUrl>#__managed_style_07F54A2F8040DE0EE916_normal</styleUrl>
		</Pair>
		<Pair>
			<key>highlight</key>
			<styleUrl>#__managed_style_07F54A2F8040DE0EE916_highlight</styleUrl>
		</Pair>
	</StyleMap>
	<gx:CascadingStyle kml:id="__managed_style_1A3D52B9FC40DE0EE919_normal">
		<styleUrl>https://earth.google.com/balloon_components/base/1.1.0.0/none_template.kml#main</styleUrl>
		<Style>
			<IconStyle>
				<Icon>
					<href>https://earth.google.com/earth/document/icon?color=7b1fa2&amp;id=2130&amp;scale=4</href>
				</Icon>
				<hotSpot x="64" y="128" xunits="pixels" yunits="insetPixels"/>
			</IconStyle>
			<LabelStyle>
				<scale>0</scale>
			</LabelStyle>
			<LineStyle>
				<color>ff2dc0fb</color>
				<width>3.2</width>
			</LineStyle>
			<PolyStyle>
				<color>40ffffff</color>
			</PolyStyle>
			<BalloonStyle>
				<displayMode>hide</displayMode>
			</BalloonStyle>
		</Style>
	</gx:CascadingStyle>
	<StyleMap id="__managed_style_29E92C393A40DE0EE911">
		<Pair>
			<key>normal</key>
			<styleUrl>#__managed_style_29E92C393A40DE0EE911_normal</styleUrl>
		</Pair>
		<Pair>
			<key>highlight</key>
			<styleUrl>#__managed_style_29E92C393A40DE0EE911_highlight</styleUrl>
		</Pair>
	</StyleMap>
	<gx:CascadingStyle kml:id="__managed_style_1FF0383A6740DE0EE914_normal">
		<Style>
			<IconStyle>
				<Icon>
					<href>https://earth.google.com/earth/document/icon?color=5c0998&amp;id=2006&amp;scale=4</href>
				</Icon>
				<hotSpot x="64" y="128" xunits="pixels" yunits="insetPixels"/>
			</IconStyle>
			<LabelStyle>
				<scale>0</scale>
			</LabelStyle>
			<LineStyle>
				<color>ff2dc0fb</color>
				<width>3.2</width>
			</LineStyle>
			<PolyStyle>
				<color>40ffffff</color>
			</PolyStyle>
			<BalloonStyle>
				<gx:displayMode>card</gx:displayMode>
			</BalloonStyle>
		</Style>
	</gx:CascadingStyle>
	<gx:CascadingStyle kml:id="__managed_style_088FA243C440DE0EE913_normal">
		<Style>
			<IconStyle>
				<Icon>
					<href>https://earth.google.com/earth/document/icon?color=1976d2&amp;id=2000&amp;scale=4</href>
				</Icon>
				<hotSpot x="64" y="128" xunits="pixels" yunits="insetPixels"/>
			</IconStyle>
			<LabelStyle>
				<scale>0</scale>
			</LabelStyle>
			<LineStyle>
				<color>ffa21f7b</color>
				<width>3.2</width>
			</LineStyle>
			<PolyStyle>
				<color>40a21f7b</color>
			</PolyStyle>
			<BalloonStyle>
			</BalloonStyle>
		</Style>
	</gx:CascadingStyle>
	<gx:CascadingStyle kml:id="__managed_style_0DFAA0522840DE0EE90E_highlight">
		<Style>
			<IconStyle>
				<scale>1.2</scale>
				<Icon>
					<href>https://earth.google.com/earth/document/icon?color=1976d2&amp;id=2000&amp;scale=4</href>
				</Icon>
				<hotSpot x="64" y="128" xunits="pixels" yunits="insetPixels"/>
			</IconStyle>
			<LabelStyle>
			</LabelStyle>
			<LineStyle>
				<color>ff2dc0fb</color>
				<width>4.8</width>
			</LineStyle>
			<PolyStyle>
				<color>40ffffff</color>
			</PolyStyle>
			<BalloonStyle>
			</BalloonStyle>
		</Style>
	</gx:CascadingStyle>
	<gx:CascadingStyle kml:id="__managed_style_06D3A253AE40DE0EE910_highlight">
		<Style>
			<IconStyle>
				<scale>1.2</scale>
				<Icon>
					<href>https://earth.google.com/earth/document/icon?color=1976d2&amp;id=2006&amp;scale=4</href>
				</Icon>
				<hotSpot x="64" y="128" xunits="pixels" yunits="insetPixels"/>
			</IconStyle>
			<LabelStyle>
				<scale>0</scale>
			</LabelStyle>
			<LineStyle>
				<color>ff2dc0fb</color>
				<width>4.8</width>
			</LineStyle>
			<PolyStyle>
				<color>40ffffff</color>
			</PolyStyle>
			<BalloonStyle>
				<gx:displayMode>card</gx:displayMode>
			</BalloonStyle>
		</Style>
	</gx:CascadingStyle>
	<StyleMap id="__managed_style_0DFAA0522840DE0EE90E">
		<Pair>
			<key>normal</key>
			<styleUrl>#__managed_style_0DFAA0522840DE0EE90E_normal</styleUrl>
		</Pair>
		<Pair>
			<key>highlight</key>
			<styleUrl>#__managed_style_0DFAA0522840DE0EE90E_highlight</styleUrl>
		</Pair>
	</StyleMap>
	<gx:CascadingStyle kml:id="__managed_style_2517F48A9D40DE0EE914_normal">
		<Style>
			<IconStyle>
				<Icon>
					<href>https://earth.google.com/earth/document/icon?color=ab47bc&amp;id=2006&amp;scale=4</href>
				</Icon>
				<hotSpot x="64" y="128" xunits="pixels" yunits="insetPixels"/>
			</IconStyle>
			<LabelStyle>
				<scale>0</scale>
			</LabelStyle>
			<LineStyle>
				<color>ff2dc0fb</color>
				<width>3.2</width>
			</LineStyle>
			<PolyStyle>
				<color>40ffffff</color>
			</PolyStyle>
			<BalloonStyle>
			</BalloonStyle>
		</Style>
	</gx:CascadingStyle>
	<StyleMap id="__managed_style_1FF0383A6740DE0EE914">
		<Pair>
			<key>normal</key>
			<styleUrl>#__managed_style_1FF0383A6740DE0EE914_normal</styleUrl>
		</Pair>
		<Pair>
			<key>highlight</key>
			<styleUrl>#__managed_style_1FF0383A6740DE0EE914_highlight</styleUrl>
		</Pair>
	</StyleMap>
	<StyleMap id="__managed_style_1F72F626FD40DE0EE918">
		<Pair>
			<key>normal</key>
			<styleUrl>#__managed_style_1F72F626FD40DE0EE918_normal</styleUrl>
		</Pair>
		<Pair>
			<key>highlight</key>
			<styleUrl>#__managed_style_1F72F626FD40DE0EE918_highlight</styleUrl>
		</Pair>
	</StyleMap>
	<gx:CascadingStyle kml:id="__managed_style_088FA243C440DE0EE913_highlight">
		<Style>
			<IconStyle>
				<scale>1.2</scale>
				<Icon>
					<href>https://earth.google.com/earth/document/icon?color=1976d2&amp;id=2000&amp;scale=4</href>
				</Icon>
				<hotSpot x="64" y="128" xunits="pixels" yunits="insetPixels"/>
			</IconStyle>
			<LabelStyle>
				<scale>0</scale>
			</LabelStyle>
			<LineStyle>
				<color>ffa21f7b</color>
				<width>4.8</width>
			</LineStyle>
			<PolyStyle>
				<color>40a21f7b</color>
			</PolyStyle>
			<BalloonStyle>
			</BalloonStyle>
		</Style>
	</gx:CascadingStyle>
	<StyleMap id="__managed_style_123AF4C90540DE0EE910">
		<Pair>
			<key>normal</key>
			<styleUrl>#__managed_style_123AF4C90540DE0EE910_normal</styleUrl>
		</Pair>
		<Pair>
			<key>highlight</key>
			<styleUrl>#__managed_style_123AF4C90540DE0EE910_highlight</styleUrl>
		</Pair>
	</StyleMap>
	<gx:CascadingStyle kml:id="__managed_style_3B823E149140DE0EE910_highlight">
		<Style>
			<IconStyle>
				<scale>1.2</scale>
				<Icon>
					<href>https://earth.google.com/earth/document/icon?color=7b1fa2&amp;id=2232&amp;scale=4</href>
				</Icon>
				<hotSpot x="64" y="128" xunits="pixels" yunits="insetPixels"/>
			</IconStyle>
			<LabelStyle>
				<scale>0</scale>
			</LabelStyle>
			<LineStyle>
				<color>ff2dc0fb</color>
				<width>4.8</width>
			</LineStyle>
			<PolyStyle>
				<color>40ffffff</color>
			</PolyStyle>
			<BalloonStyle>
				<gx:displayMode>card</gx:displayMode>
			</BalloonStyle>
		</Style>
	</gx:CascadingStyle>
	<gx:CascadingStyle kml:id="__managed_style_07729934E440DE0EE911_highlight">
		<Style>
			<IconStyle>
				<scale>1.2</scale>
				<Icon>
					<href>https://earth.google.com/earth/document/icon?color=1976d2&amp;id=2000&amp;scale=4</href>
				</Icon>
				<hotSpot x="64" y="128" xunits="pixels" yunits="insetPixels"/>
			</IconStyle>
			<LabelStyle>
				<scale>0</scale>
			</LabelStyle>
			<LineStyle>
				<color>ff2dc0fb</color>
				<width>4.8</width>
			</LineStyle>
			<PolyStyle>
				<color>40ffffff</color>
			</PolyStyle>
			<BalloonStyle>
			</BalloonStyle>
		</Style>
	</gx:CascadingStyle>
	<gx:CascadingStyle kml:id="__managed_style_31B2F03F5540DE0EE914_highlight">
		<Style>
			<IconStyle>
				<scale>1.2</scale>
				<Icon>
					<href>https://earth.google.com/earth/document/icon?color=303f9f&amp;id=2034&amp;scale=4</href>
				</Icon>
				<hotSpot x="64" y="128" xunits="pixels" yunits="insetPixels"/>
			</IconStyle>
			<LabelStyle>
				<scale>0</scale>
			</LabelStyle>
			<LineStyle>
				<color>ff2dc0fb</color>
				<width>4.8</width>
			</LineStyle>
			<PolyStyle>
				<color>40ffffff</color>
			</PolyStyle>
			<BalloonStyle>
				<gx:displayMode>card</gx:displayMode>
			</BalloonStyle>
		</Style>
	</gx:CascadingStyle>
	<gx:CascadingStyle kml:id="__managed_style_3B823E149140DE0EE910_normal">
		<Style>
			<IconStyle>
				<Icon>
					<href>https://earth.google.com/earth/document/icon?color=7b1fa2&amp;id=2232&amp;scale=4</href>
				</Icon>
				<hotSpot x="64" y="128" xunits="pixels" yunits="insetPixels"/>
			</IconStyle>
			<LabelStyle>
				<scale>0</scale>
			</LabelStyle>
			<LineStyle>
				<color>ff2dc0fb</color>
				<width>3.2</width>
			</LineStyle>
			<PolyStyle>
				<color>40ffffff</color>
			</PolyStyle>
			<BalloonStyle>
				<gx:displayMode>card</gx:displayMode>
			</BalloonStyle>
		</Style>
	</gx:CascadingStyle>
	<gx:CascadingStyle kml:id="__managed_style_1A3D52B9FC40DE0EE919_highlight">
		<styleUrl>https://earth.google.com/balloon_components/base/1.1.0.0/none_template.kml#main</styleUrl>
		<Style>
			<IconStyle>
				<scale>1.2</scale>
				<Icon>
					<href>https://earth.google.com/earth/document/icon?color=7b1fa2&amp;id=2130&amp;scale=4</href>
				</Icon>
				<hotSpot x="64" y="128" xunits="pixels" yunits="insetPixels"/>
			</IconStyle>
			<LabelStyle>
				<scale>0</scale>
			</LabelStyle>
			<LineStyle>
				<color>ff2dc0fb</color>
				<width>4.8</width>
			</LineStyle>
			<PolyStyle>
				<color>40ffffff</color>
			</PolyStyle>
			<BalloonStyle>
				<displayMode>hide</displayMode>
			</BalloonStyle>
		</Style>
	</gx:CascadingStyle>
	<gx:CascadingStyle kml:id="__managed_style_123AF4C90540DE0EE910_normal">
		<Style>
			<IconStyle>
				<Icon>
					<href>https://earth.google.com/earth/document/icon?color=388e3c&amp;id=2370&amp;scale=4</href>
				</Icon>
				<hotSpot x="64" y="128" xunits="pixels" yunits="insetPixels"/>
			</IconStyle>
			<LabelStyle>
				<scale>0</scale>
			</LabelStyle>
			<LineStyle>
				<color>ff2dc0fb</color>
				<width>3.2</width>
			</LineStyle>
			<PolyStyle>
				<color>40ffffff</color>
			</PolyStyle>
			<BalloonStyle>
				<gx:displayMode>card</gx:displayMode>
			</BalloonStyle>
		</Style>
	</gx:CascadingStyle>
	<StyleMap id="__managed_style_3B823E149140DE0EE910">
		<Pair>
			<key>normal</key>
			<styleUrl>#__managed_style_3B823E149140DE0EE910_normal</styleUrl>
		</Pair>
		<Pair>
			<key>highlight</key>
			<styleUrl>#__managed_style_3B823E149140DE0EE910_highlight</styleUrl>
		</Pair>
	</StyleMap>
	<StyleMap id="__managed_style_1A3D52B9FC40DE0EE919">
		<Pair>
			<key>normal</key>
			<styleUrl>#__managed_style_1A3D52B9FC40DE0EE919_normal</styleUrl>
		</Pair>
		<Pair>
			<key>highlight</key>
			<styleUrl>#__managed_style_1A3D52B9FC40DE0EE919_highlight</styleUrl>
		</Pair>
	</StyleMap>
	<StyleMap id="__managed_style_09D9EC8DB540DE0EE914">
		<Pair>
			<key>normal</key>
			<styleUrl>#__managed_style_09D9EC8DB540DE0EE914_normal</styleUrl>
		</Pair>
		<Pair>
			<key>highlight</key>
			<styleUrl>#__managed_style_09D9EC8DB540DE0EE914_highlight</styleUrl>
		</Pair>
	</StyleMap>
	<StyleMap id="__managed_style_190086B37E40DE0EE911">
		<Pair>
			<key>normal</key>
			<styleUrl>#__managed_style_190086B37E40DE0EE911_normal</styleUrl>
		</Pair>
		<Pair>
			<key>highlight</key>
			<styleUrl>#__managed_style_190086B37E40DE0EE911_highlight</styleUrl>
		</Pair>
	</StyleMap>
	<gx:CascadingStyle kml:id="__managed_style_3BC26D9B2C40DE0EE918_highlight">
		<Style>
			<IconStyle>
				<scale>1.2</scale>
				<Icon>
					<href>https://earth.google.com/earth/document/icon?color=1976d2&amp;id=2000&amp;scale=4</href>
				</Icon>
				<hotSpot x="64" y="128" xunits="pixels" yunits="insetPixels"/>
			</IconStyle>
			<LabelStyle>
				<scale>0</scale>
			</LabelStyle>
			<LineStyle>
				<color>ff9f3f30</color>
				<width>4.8</width>
			</LineStyle>
			<PolyStyle>
				<color>409f3f30</color>
			</PolyStyle>
			<BalloonStyle>
			</BalloonStyle>
		</Style>
	</gx:CascadingStyle>
	<gx:CascadingStyle kml:id="__managed_style_190086B37E40DE0EE911_highlight">
		<Style>
			<IconStyle>
				<scale>1.2</scale>
				<Icon>
					<href>https://earth.google.com/earth/document/icon?color=7b1fa2&amp;id=2163&amp;scale=4</href>
				</Icon>
				<hotSpot x="64" y="128" xunits="pixels" yunits="insetPixels"/>
			</IconStyle>
			<LabelStyle>
				<scale>0</scale>
			</LabelStyle>
			<LineStyle>
				<color>ff2dc0fb</color>
				<width>4.8</width>
			</LineStyle>
			<PolyStyle>
				<color>40ffffff</color>
			</PolyStyle>
			<BalloonStyle>
				<gx:displayMode>card</gx:displayMode>
			</BalloonStyle>
		</Style>
	</gx:CascadingStyle>
	<gx:CascadingStyle kml:id="__managed_style_07F54A2F8040DE0EE916_highlight">
		<Style>
			<IconStyle>
				<scale>1.2</scale>
				<Icon>
					<href>https://earth.google.com/earth/document/icon?color=7b1fa2&amp;id=2006&amp;scale=4</href>
				</Icon>
				<hotSpot x="64" y="128" xunits="pixels" yunits="insetPixels"/>
			</IconStyle>
			<LabelStyle>
				<scale>0</scale>
			</LabelStyle>
			<LineStyle>
				<color>ff2dc0fb</color>
				<width>4.8</width>
			</LineStyle>
			<PolyStyle>
				<color>40ffffff</color>
			</PolyStyle>
			<BalloonStyle>
			</BalloonStyle>
		</Style>
	</gx:CascadingStyle>
	<StyleMap id="__managed_style_157DB9F5F440DE0EE90E">
		<Pair>
			<key>normal</key>
			<styleUrl>#__managed_style_157DB9F5F440DE0EE90E_normal</styleUrl>
		</Pair>
		<Pair>
			<key>highlight</key>
			<styleUrl>#__managed_style_157DB9F5F440DE0EE90E_highlight</styleUrl>
		</Pair>
	</StyleMap>
	<gx:CascadingStyle kml:id="__managed_style_019AD486D540DE0EE90B_normal">
		<Style>
			<IconStyle>
				<Icon>
					<href>https://earth.google.com/earth/document/icon?color=7b1fa2&amp;id=2006&amp;scale=4</href>
				</Icon>
				<hotSpot x="64" y="128" xunits="pixels" yunits="insetPixels"/>
			</IconStyle>
			<LabelStyle>
				<scale>0</scale>
			</LabelStyle>
			<LineStyle>
				<color>ff2dc0fb</color>
				<width>3.2</width>
			</LineStyle>
			<PolyStyle>
				<color>40ffffff</color>
			</PolyStyle>
			<BalloonStyle>
				<gx:displayMode>card</gx:displayMode>
			</BalloonStyle>
		</Style>
	</gx:CascadingStyle>
	<StyleMap id="__managed_style_019AD486D540DE0EE90B">
		<Pair>
			<key>normal</key>
			<styleUrl>#__managed_style_019AD486D540DE0EE90B_normal</styleUrl>
		</Pair>
		<Pair>
			<key>highlight</key>
			<styleUrl>#__managed_style_019AD486D540DE0EE90B_highlight</styleUrl>
		</Pair>
	</StyleMap>
	<gx:CascadingStyle kml:id="__managed_style_30E214A8EC40DE0EE90C_highlight">
		<Style>
			<IconStyle>
				<scale>1.2</scale>
				<Icon>
					<href>https://earth.google.com/earth/document/icon?color=7b1fa2&amp;id=2311&amp;scale=4</href>
				</Icon>
				<hotSpot x="64" y="128" xunits="pixels" yunits="insetPixels"/>
			</IconStyle>
			<LabelStyle>
				<scale>0</scale>
			</LabelStyle>
			<LineStyle>
				<color>ff2dc0fb</color>
				<width>4.8</width>
			</LineStyle>
			<PolyStyle>
				<color>40ffffff</color>
			</PolyStyle>
			<BalloonStyle>
				<gx:displayMode>card</gx:displayMode>
			</BalloonStyle>
		</Style>
	</gx:CascadingStyle>
	<gx:CascadingStyle kml:id="__managed_style_2517F48A9D40DE0EE914_highlight">
		<Style>
			<IconStyle>
				<scale>1.2</scale>
				<Icon>
					<href>https://earth.google.com/earth/document/icon?color=ab47bc&amp;id=2006&amp;scale=4</href>
				</Icon>
				<hotSpot x="64" y="128" xunits="pixels" yunits="insetPixels"/>
			</IconStyle>
			<LabelStyle>
				<scale>0</scale>
			</LabelStyle>
			<LineStyle>
				<color>ff2dc0fb</color>
				<width>4.8</width>
			</LineStyle>
			<PolyStyle>
				<color>40ffffff</color>
			</PolyStyle>
			<BalloonStyle>
			</BalloonStyle>
		</Style>
	</gx:CascadingStyle>
	<StyleMap id="__managed_style_2479AA359D40DE0EE90C">
		<Pair>
			<key>normal</key>
			<styleUrl>#__managed_style_2479AA359D40DE0EE90C_normal</styleUrl>
		</Pair>
		<Pair>
			<key>highlight</key>
			<styleUrl>#__managed_style_2479AA359D40DE0EE90C_highlight</styleUrl>
		</Pair>
	</StyleMap>
	<gx:CascadingStyle kml:id="__managed_style_31B2F03F5540DE0EE914_normal">
		<Style>
			<IconStyle>
				<Icon>
					<href>https://earth.google.com/earth/document/icon?color=303f9f&amp;id=2034&amp;scale=4</href>
				</Icon>
				<hotSpot x="64" y="128" xunits="pixels" yunits="insetPixels"/>
			</IconStyle>
			<LabelStyle>
				<scale>0</scale>
			</LabelStyle>
			<LineStyle>
				<color>ff2dc0fb</color>
				<width>3.2</width>
			</LineStyle>
			<PolyStyle>
				<color>40ffffff</color>
			</PolyStyle>
			<BalloonStyle>
				<gx:displayMode>card</gx:displayMode>
			</BalloonStyle>
		</Style>
	</gx:CascadingStyle>
	<gx:CascadingStyle kml:id="__managed_style_0857E7DAAB40DE0EE917_highlight">
		<Style>
			<IconStyle>
				<scale>1.2</scale>
				<Icon>
					<href>https://earth.google.com/earth/document/icon?color=58068e&amp;id=2163&amp;scale=4</href>
				</Icon>
				<hotSpot x="64" y="128" xunits="pixels" yunits="insetPixels"/>
			</IconStyle>
			<LabelStyle>
				<scale>0</scale>
			</LabelStyle>
			<LineStyle>
				<color>ff2dc0fb</color>
				<width>4.8</width>
			</LineStyle>
			<PolyStyle>
				<color>40ffffff</color>
			</PolyStyle>
			<BalloonStyle>
				<gx:displayMode>card</gx:displayMode>
			</BalloonStyle>
		</Style>
	</gx:CascadingStyle>
	<StyleMap id="__managed_style_0857E7DAAB40DE0EE917">
		<Pair>
			<key>normal</key>
			<styleUrl>#__managed_style_0857E7DAAB40DE0EE917_normal</styleUrl>
		</Pair>
		<Pair>
			<key>highlight</key>
			<styleUrl>#__managed_style_0857E7DAAB40DE0EE917_highlight</styleUrl>
		</Pair>
	</StyleMap>
	<StyleMap id="__managed_style_30E214A8EC40DE0EE90C">
		<Pair>
			<key>normal</key>
			<styleUrl>#__managed_style_30E214A8EC40DE0EE90C_normal</styleUrl>
		</Pair>
		<Pair>
			<key>highlight</key>
			<styleUrl>#__managed_style_30E214A8EC40DE0EE90C_highlight</styleUrl>
		</Pair>
	</StyleMap>
	<gx:CascadingStyle kml:id="__managed_style_0D18C16BE840DE0EE90C_normal">
		<Style>
			<IconStyle>
				<Icon>
					<href>https://earth.google.com/earth/document/icon?color=1976d2&amp;id=2000&amp;scale=4</href>
				</Icon>
				<hotSpot x="64" y="128" xunits="pixels" yunits="insetPixels"/>
			</IconStyle>
			<LabelStyle>
				<scale>0</scale>
			</LabelStyle>
			<LineStyle>
				<color>ffa21f7b</color>
				<width>3.2</width>
			</LineStyle>
			<PolyStyle>
				<color>40ffffff</color>
			</PolyStyle>
			<BalloonStyle>
			</BalloonStyle>
		</Style>
	</gx:CascadingStyle>
	<StyleMap id="__managed_style_2E93BBE06D40DE0EE910">
		<Pair>
			<key>normal</key>
			<styleUrl>#__managed_style_2E93BBE06D40DE0EE910_normal</styleUrl>
		</Pair>
		<Pair>
			<key>highlight</key>
			<styleUrl>#__managed_style_2E93BBE06D40DE0EE910_highlight</styleUrl>
		</Pair>
	</StyleMap>
	<gx:CascadingStyle kml:id="__managed_style_123AF4C90540DE0EE910_highlight">
		<Style>
			<IconStyle>
				<scale>1.2</scale>
				<Icon>
					<href>https://earth.google.com/earth/document/icon?color=388e3c&amp;id=2370&amp;scale=4</href>
				</Icon>
				<hotSpot x="64" y="128" xunits="pixels" yunits="insetPixels"/>
			</IconStyle>
			<LabelStyle>
				<scale>0</scale>
			</LabelStyle>
			<LineStyle>
				<color>ff2dc0fb</color>
				<width>4.8</width>
			</LineStyle>
			<PolyStyle>
				<color>40ffffff</color>
			</PolyStyle>
			<BalloonStyle>
				<gx:displayMode>card</gx:displayMode>
			</BalloonStyle>
		</Style>
	</gx:CascadingStyle>
	<gx:CascadingStyle kml:id="__managed_style_0D18C16BE840DE0EE90C_highlight">
		<Style>
			<IconStyle>
				<scale>1.2</scale>
				<Icon>
					<href>https://earth.google.com/earth/document/icon?color=1976d2&amp;id=2000&amp;scale=4</href>
				</Icon>
				<hotSpot x="64" y="128" xunits="pixels" yunits="insetPixels"/>
			</IconStyle>
			<LabelStyle>
				<scale>0</scale>
			</LabelStyle>
			<LineStyle>
				<color>ffa21f7b</color>
				<width>4.8</width>
			</LineStyle>
			<PolyStyle>
				<color>40ffffff</color>
			</PolyStyle>
			<BalloonStyle>
			</BalloonStyle>
		</Style>
	</gx:CascadingStyle>
	<StyleMap id="__managed_style_0D18C16BE840DE0EE90C">
		<Pair>
			<key>normal</key>
			<styleUrl>#__managed_style_0D18C16BE840DE0EE90C_normal</styleUrl>
		</Pair>
		<Pair>
			<key>highlight</key>
			<styleUrl>#__managed_style_0D18C16BE840DE0EE90C_highlight</styleUrl>
		</Pair>
	</StyleMap>
	<gx:CascadingStyle kml:id="__managed_style_18D573909640DE0EE916_highlight">
		<Style>
			<IconStyle>
				<scale>1.2</scale>
				<Icon>
					<href>https://earth.google.com/earth/document/icon?color=303f9f&amp;id=2339&amp;scale=4</href>
				</Icon>
				<hotSpot x="64" y="128" xunits="pixels" yunits="insetPixels"/>
			</IconStyle>
			<LabelStyle>
				<scale>0</scale>
			</LabelStyle>
			<LineStyle>
				<color>ff2dc0fb</color>
				<width>4.8</width>
			</LineStyle>
			<PolyStyle>
				<color>40ffffff</color>
			</PolyStyle>
			<BalloonStyle>
				<gx:displayMode>card</gx:displayMode>
			</BalloonStyle>
		</Style>
	</gx:CascadingStyle>
	<gx:CascadingStyle kml:id="__managed_style_444D6FEFE140DE0EE90C_normal">
		<Style>
			<IconStyle>
				<Icon>
					<href>https://earth.google.com/earth/document/icon?color=f57c00&amp;id=2130&amp;scale=4</href>
				</Icon>
				<hotSpot x="64" y="128" xunits="pixels" yunits="insetPixels"/>
			</IconStyle>
			<LabelStyle>
				<scale>0</scale>
			</LabelStyle>
			<LineStyle>
				<color>ff2dc0fb</color>
				<width>3.2</width>
			</LineStyle>
			<PolyStyle>
				<color>40ffffff</color>
			</PolyStyle>
			<BalloonStyle>
				<gx:displayMode>card</gx:displayMode>
			</BalloonStyle>
		</Style>
	</gx:CascadingStyle>
	<gx:CascadingStyle kml:id="__managed_style_1FF0383A6740DE0EE914_highlight">
		<Style>
			<IconStyle>
				<scale>1.2</scale>
				<Icon>
					<href>https://earth.google.com/earth/document/icon?color=5c0998&amp;id=2006&amp;scale=4</href>
				</Icon>
				<hotSpot x="64" y="128" xunits="pixels" yunits="insetPixels"/>
			</IconStyle>
			<LabelStyle>
				<scale>0</scale>
			</LabelStyle>
			<LineStyle>
				<color>ff2dc0fb</color>
				<width>4.8</width>
			</LineStyle>
			<PolyStyle>
				<color>40ffffff</color>
			</PolyStyle>
			<BalloonStyle>
				<gx:displayMode>card</gx:displayMode>
			</BalloonStyle>
		</Style>
	</gx:CascadingStyle>
	<gx:CascadingStyle kml:id="__managed_style_0DFAA0522840DE0EE90E_normal">
		<Style>
			<IconStyle>
				<Icon>
					<href>https://earth.google.com/earth/document/icon?color=1976d2&amp;id=2000&amp;scale=4</href>
				</Icon>
				<hotSpot x="64" y="128" xunits="pixels" yunits="insetPixels"/>
			</IconStyle>
			<LabelStyle>
			</LabelStyle>
			<LineStyle>
				<color>ff2dc0fb</color>
				<width>3.2</width>
			</LineStyle>
			<PolyStyle>
				<color>40ffffff</color>
			</PolyStyle>
			<BalloonStyle>
			</BalloonStyle>
		</Style>
	</gx:CascadingStyle>
	<gx:CascadingStyle kml:id="__managed_style_07E355AD1740DE0EE919_highlight">
		<Style>
			<IconStyle>
				<scale>1.2</scale>
				<Icon>
					<href>https://earth.google.com/earth/document/icon?color=5a0889&amp;id=2006&amp;scale=4</href>
				</Icon>
				<hotSpot x="64" y="128" xunits="pixels" yunits="insetPixels"/>
			</IconStyle>
			<LabelStyle>
				<scale>0</scale>
			</LabelStyle>
			<LineStyle>
				<color>ff2dc0fb</color>
				<width>4.8</width>
			</LineStyle>
			<PolyStyle>
				<color>40ffffff</color>
			</PolyStyle>
			<BalloonStyle>
				<gx:displayMode>card</gx:displayMode>
			</BalloonStyle>
		</Style>
	</gx:CascadingStyle>
	<gx:CascadingStyle kml:id="__managed_style_09D9EC8DB540DE0EE914_highlight">
		<Style>
			<IconStyle>
				<scale>1.2</scale>
				<Icon>
					<href>https://earth.google.com/earth/document/icon?color=7b1fa2&amp;id=2311&amp;scale=4</href>
				</Icon>
				<hotSpot x="64" y="128" xunits="pixels" yunits="insetPixels"/>
			</IconStyle>
			<LabelStyle>
				<scale>0</scale>
			</LabelStyle>
			<LineStyle>
				<color>ff2dc0fb</color>
				<width>4.8</width>
			</LineStyle>
			<PolyStyle>
				<color>40ffffff</color>
			</PolyStyle>
			<BalloonStyle>
			</BalloonStyle>
		</Style>
	</gx:CascadingStyle>
	<gx:CascadingStyle kml:id="__managed_style_09D9EC8DB540DE0EE914_normal">
		<Style>
			<IconStyle>
				<Icon>
					<href>https://earth.google.com/earth/document/icon?color=7b1fa2&amp;id=2311&amp;scale=4</href>
				</Icon>
				<hotSpot x="64" y="128" xunits="pixels" yunits="insetPixels"/>
			</IconStyle>
			<LabelStyle>
				<scale>0</scale>
			</LabelStyle>
			<LineStyle>
				<color>ff2dc0fb</color>
				<width>3.2</width>
			</LineStyle>
			<PolyStyle>
				<color>40ffffff</color>
			</PolyStyle>
			<BalloonStyle>
			</BalloonStyle>
		</Style>
	</gx:CascadingStyle>
	<StyleMap id="__managed_style_18D573909640DE0EE916">
		<Pair>
			<key>normal</key>
			<styleUrl>#__managed_style_18D573909640DE0EE916_normal</styleUrl>
		</Pair>
		<Pair>
			<key>highlight</key>
			<styleUrl>#__managed_style_18D573909640DE0EE916_highlight</styleUrl>
		</Pair>
	</StyleMap>
	<gx:CascadingStyle kml:id="__managed_style_07F54A2F8040DE0EE916_normal">
		<Style>
			<IconStyle>
				<Icon>
					<href>https://earth.google.com/earth/document/icon?color=7b1fa2&amp;id=2006&amp;scale=4</href>
				</Icon>
				<hotSpot x="64" y="128" xunits="pixels" yunits="insetPixels"/>
			</IconStyle>
			<LabelStyle>
				<scale>0</scale>
			</LabelStyle>
			<LineStyle>
				<color>ff2dc0fb</color>
				<width>3.2</width>
			</LineStyle>
			<PolyStyle>
				<color>40ffffff</color>
			</PolyStyle>
			<BalloonStyle>
			</BalloonStyle>
		</Style>
	</gx:CascadingStyle>
	<Folder id="00FAAEAC23324D974225">
		<name>וינה</name>
		<open>1</open>
		<snippet></snippet>
		<styleUrl>#__managed_style_0DFAA0522840DE0EE90E</styleUrl>
		<Folder id="00C614370738F1548DE9">
			<name>אטרקציות כללי</name>
			<styleUrl>#__managed_style_0DFAA0522840DE0EE90E</styleUrl>
			<Placemark id="01E91952E62DDB5E7D41">
				<name>רחוב ראשי</name>
				<LookAt>
					<longitude>16.36942952259062</longitude>
					<latitude>48.20626738636651</latitude>
					<altitude>175.5200680415921</altitude>
					<heading>141.4447635563732</heading>
					<tilt>0</tilt>
					<gx:fovy>35</gx:fovy>
					<range>2066.02339381061</range>
					<altitudeMode>absolute</altitudeMode>
				</LookAt>
				<styleUrl>#__managed_style_0D18C16BE840DE0EE90C</styleUrl>
				<LineString>
					<coordinates>
						16.36682507829269,48.20817909469958,0 16.36869016004031,48.20960172615563,0 16.36663606987022,48.21088127587171,0 16.36664168826739,48.21117271534199,0 16.3655413916816,48.21161451918217,0 16.36446193810821,48.21186936047619,0 16.36554541327228,48.21161365736928,0 16.3671649348098,48.21096312121458,0 16.36781201632605,48.21115132156019,0 16.36716493514791,48.21096312135548,0 16.36664260782462,48.21117495409629,0 16.36663578398902,48.21088318054382,0 16.3675050913123,48.21033382069585,0 16.36771656620894,48.21050539654854,0 16.36865088985567,48.20999175961449,0 16.36886033300144,48.20974663954292,0 16.36869166236919,48.20960181931545,0 16.36969026822988,48.20868244033391,0 16.37026913383379,48.208316914407,0 16.37175283630795,48.20803591599044,0 16.37142149635541,48.20594860170635,0 16.37024885495287,48.20368996878983,0 16.37141816149103,48.20594329407211,0 16.3717516072927,48.20803628135572,0 16.37275837305899,48.20911323347363,0 16.37412321999035,48.20853182732377,0 
					</coordinates>
				</LineString>
			</Placemark>
			<Placemark id="097F8F23122DDBCE0CE6">
				<name>טיילת</name>
				<LookAt>
					<longitude>16.37362715988307</longitude>
					<latitude>48.21677119724808</latitude>
					<altitude>157.5079316878881</altitude>
					<heading>48.81090278213779</heading>
					<tilt>0</tilt>
					<gx:fovy>35</gx:fovy>
					<range>1613.218210465566</range>
					<altitudeMode>absolute</altitudeMode>
				</LookAt>
				<styleUrl>#__managed_style_0D18C16BE840DE0EE90C</styleUrl>
				<LineString>
					<coordinates>
						16.37271783367912,48.21768272368956,0 16.3732957842828,48.2172122456621,0 16.37384770436665,48.21659570186888,0 16.37432311077149,48.21584059301745,0 16.3752256396324,48.21471561031637,0 16.37573986860121,48.21394707243825,0 
					</coordinates>
				</LineString>
			</Placemark>
			<Placemark id="0E2567E56A31EC1FA50E">
				<name>רחוב מרכזי</name>
				<LookAt>
					<longitude>13.84651664828455</longitude>
					<latitude>46.6126675454923</latitude>
					<altitude>504.4583338518164</altitude>
					<heading>350.9202891886575</heading>
					<tilt>0</tilt>
					<gx:fovy>76.74751758128956</gx:fovy>
					<range>138.0674876085868</range>
					<altitudeMode>absolute</altitudeMode>
				</LookAt>
				<styleUrl>#__managed_style_0D18C16BE840DE0EE90C</styleUrl>
				<LineString>
					<coordinates>
						13.84781894853427,46.61515626747092,0 13.84736517530558,46.61478082744731,0 13.84707988763581,46.61444949543743,0 13.84668727192645,46.61395699563396,0 13.84624018335692,46.61347562300412,0 13.84607549659733,46.61313384720167,0 13.84602767808818,46.61296779136021,0 
					</coordinates>
				</LineString>
			</Placemark>
			<Placemark id="0DB14A0B63324D51F372">
				<name>שכונה חדשה עם ארכיטקטורה מעניינת</name>
				<LookAt>
					<longitude>16.50273656294341</longitude>
					<latitude>48.22711663583512</latitude>
					<altitude>174.6067683887628</altitude>
					<heading>-27.63934809382926</heading>
					<tilt>0.1421588855561415</tilt>
					<gx:fovy>84.0529122863374</gx:fovy>
					<range>734.5635772516835</range>
					<altitudeMode>absolute</altitudeMode>
				</LookAt>
				<styleUrl>#__managed_style_2517F48A9D40DE0EE914</styleUrl>
				<Point>
					<coordinates>16.50395666953273,48.22568279251687,151.6113141514788</coordinates>
				</Point>
			</Placemark>
			<Placemark id="0D7F95A3BC38F15D4904">
				<name>Wien Mitte The Mall</name>
				<gx:mid>/g/11c6yhx6j8</gx:mid>
				<gx:fid>0x476d077363ad8d21:0xa65f1109ea241fd</gx:fid>
				<LookAt>
					<longitude>16.3852459</longitude>
					<latitude>48.20694710000001</latitude>
					<altitude>0</altitude>
					<heading>0</heading>
					<tilt>0</tilt>
					<gx:fovy>35</gx:fovy>
					<range>675.9677242197514</range>
					<altitudeMode>relativeToGround</altitudeMode>
				</LookAt>
				<styleUrl>#__managed_style_30E214A8EC40DE0EE90C</styleUrl>
				<Point>
					<altitudeMode>relativeToGround</altitudeMode>
					<coordinates>16.3852459,48.20694709999999,0</coordinates>
				</Point>
			</Placemark>
			<Placemark id="0EA232E5E238F15DECE7">
				<name>Austrian Parliament</name>
				<gx:mid>/m/08_qg8</gx:mid>
				<gx:fid>0x476d0796c4643859:0x351b7bc23e2730d0</gx:fid>
				<LookAt>
					<longitude>16.3592045</longitude>
					<latitude>48.208036</latitude>
					<altitude>0</altitude>
					<heading>0</heading>
					<tilt>0</tilt>
					<gx:fovy>35</gx:fovy>
					<range>675.9521562995711</range>
					<altitudeMode>relativeToGround</altitudeMode>
				</LookAt>
				<styleUrl>#__managed_style_019AD486D540DE0EE90B</styleUrl>
				<Point>
					<altitudeMode>relativeToGround</altitudeMode>
					<coordinates>16.3592045,48.20803600000001,0</coordinates>
				</Point>
			</Placemark>
			<Placemark id="07C798569038F15E3407">
				<name>Pfarrkanzlei der Pfarre St. Othmar unter den Weißgerbern</name>
				<gx:mid>/g/122kj84b</gx:mid>
				<gx:fid>0x476d070d0e328565:0xd9f00b1b27a06a40</gx:fid>
				<LookAt>
					<longitude>16.3908727</longitude>
					<latitude>48.2096932</latitude>
					<altitude>0</altitude>
					<heading>0</heading>
					<tilt>0</tilt>
					<gx:fovy>35</gx:fovy>
					<range>675.9284630277624</range>
					<altitudeMode>relativeToGround</altitudeMode>
				</LookAt>
				<styleUrl>#__managed_style_190086B37E40DE0EE911</styleUrl>
				<Point>
					<altitudeMode>relativeToGround</altitudeMode>
					<coordinates>16.3908727,48.2096932,0</coordinates>
				</Point>
			</Placemark>
			<Placemark id="00BFB8C94438F1638D63">
				<name>Moses Fountain (Mosesbrunnen)</name>
				<gx:mid>/g/121xqcdj</gx:mid>
				<gx:fid>0x476d079e5eb3bb1b:0x7d45886aa040dd83</gx:fid>
				<LookAt>
					<longitude>16.3742094</longitude>
					<latitude>48.206444</latitude>
					<altitude>0</altitude>
					<heading>0</heading>
					<tilt>0</tilt>
					<gx:fovy>35</gx:fovy>
					<range>675.9749169299024</range>
					<altitudeMode>relativeToGround</altitudeMode>
				</LookAt>
				<styleUrl>#__managed_style_019AD486D540DE0EE90B</styleUrl>
				<Point>
					<altitudeMode>relativeToGround</altitudeMode>
					<coordinates>16.3742094,48.206444,0</coordinates>
				</Point>
			</Placemark>
			<Placemark id="0FBABA779338F1679C40">
				<name>רחוב חנויות מקורה</name>
				<LookAt>
					<longitude>16.37484509049598</longitude>
					<latitude>48.20931075723317</latitude>
					<altitude>173.4015766206384</altitude>
					<heading>124.3566168895913</heading>
					<tilt>0</tilt>
					<gx:fovy>35</gx:fovy>
					<range>267.1870080307417</range>
					<altitudeMode>absolute</altitudeMode>
				</LookAt>
				<styleUrl>#__managed_style_07F54A2F8040DE0EE916</styleUrl>
				<Point>
					<coordinates>16.37471667948006,48.20941525973551,173.0020209970618</coordinates>
				</Point>
			</Placemark>
			<Placemark id="0EF801D9B238F168294F">
				<name>רחוב חנויות מקורה</name>
				<LookAt>
					<longitude>16.37484509046926</longitude>
					<latitude>48.20931075723967</latitude>
					<altitude>173.3587797082551</altitude>
					<heading>124.3566168895913</heading>
					<tilt>0</tilt>
					<gx:fovy>35</gx:fovy>
					<range>267.2297938791598</range>
					<altitudeMode>absolute</altitudeMode>
				</LookAt>
				<styleUrl>#__managed_style_0D18C16BE840DE0EE90C</styleUrl>
				<LineString>
					<coordinates>
						16.37495474039176,48.20961554444686,0 16.37452533378667,48.20918466058636,0 
					</coordinates>
				</LineString>
			</Placemark>
			<Placemark id="0402A60E0C38F16A2CB4">
				<name>רחוב ראשי</name>
				<LookAt>
					<longitude>16.37526681955114</longitude>
					<latitude>48.21004814384499</latitude>
					<altitude>173.0205184755149</altitude>
					<heading>122.577420739925</heading>
					<tilt>0</tilt>
					<gx:fovy>35</gx:fovy>
					<range>359.7141170140821</range>
					<altitudeMode>absolute</altitudeMode>
				</LookAt>
				<styleUrl>#__managed_style_0D18C16BE840DE0EE90C</styleUrl>
				<LineString>
					<coordinates>
						16.37495874072247,48.21074973978557,0 16.37417931017612,48.21015793505982,0 16.37508406552043,48.20975017805381,0 16.37494515443825,48.20960738942809,0 
					</coordinates>
				</LineString>
			</Placemark>
			<Placemark id="04B5ACE0C938F16A6924">
				<name>Johannes-Gutenberg-Monument</name>
				<gx:mid>/g/11cnwnrc9c</gx:mid>
				<gx:fid>0x476d079f629ca4f1:0x3b03cae4d8ce1348</gx:fid>
				<LookAt>
					<longitude>16.3749492</longitude>
					<latitude>48.20980489999999</latitude>
					<altitude>0</altitude>
					<heading>0</heading>
					<tilt>0</tilt>
					<gx:fovy>35</gx:fovy>
					<range>675.9268660159635</range>
					<altitudeMode>relativeToGround</altitudeMode>
				</LookAt>
				<styleUrl>#__managed_style_019AD486D540DE0EE90B</styleUrl>
				<Point>
					<altitudeMode>relativeToGround</altitudeMode>
					<coordinates>16.3749492,48.20980489999999,0</coordinates>
				</Point>
			</Placemark>
			<Placemark id="03DCDB7A2038F16AB35C">
				<name>Ausgrabungen Michaelerplatz</name>
				<gx:mid>/g/11nnnd2jt6</gx:mid>
				<gx:fid>0x476d07af9bf4a515:0x6ccbdb05755bde4b</gx:fid>
				<LookAt>
					<longitude>16.3666265</longitude>
					<latitude>48.2079763</latitude>
					<altitude>0</altitude>
					<heading>0</heading>
					<tilt>0</tilt>
					<gx:fovy>35</gx:fovy>
					<range>675.9530098314485</range>
					<altitudeMode>relativeToGround</altitudeMode>
				</LookAt>
				<styleUrl>#__managed_style_019AD486D540DE0EE90B</styleUrl>
				<Point>
					<altitudeMode>relativeToGround</altitudeMode>
					<coordinates>16.3666265,48.2079763,0</coordinates>
				</Point>
			</Placemark>
			<Placemark id="09F94A869938F16E5D9C">
				<name>קניון</name>
				<snippet></snippet>
				<LookAt>
					<longitude>16.37188960708897</longitude>
					<latitude>48.20633731540826</latitude>
					<altitude>176.1994011955845</altitude>
					<heading>306.4459864794204</heading>
					<tilt>0</tilt>
					<gx:fovy>35</gx:fovy>
					<range>241.7879516603352</range>
					<altitudeMode>absolute</altitudeMode>
				</LookAt>
				<styleUrl>#__managed_style_09D9EC8DB540DE0EE914</styleUrl>
				<Point>
					<coordinates>16.37216527802205,48.20643162960876,176.1993604692717</coordinates>
				</Point>
			</Placemark>
			<Placemark id="0E26CE1D1138F170A9CB">
				<name>Untitled path</name>
				<LookAt>
					<longitude>16.3746311347458</longitude>
					<latitude>48.21097689150341</latitude>
					<altitude>171.72456665882</altitude>
					<heading>194.9519451945316</heading>
					<tilt>0</tilt>
					<gx:fovy>35</gx:fovy>
					<range>258.5329791593904</range>
					<altitudeMode>absolute</altitudeMode>
				</LookAt>
				<styleUrl>#__managed_style_0D18C16BE840DE0EE90C</styleUrl>
				<LineString>
					<coordinates>
						16.37530045197862,48.21203458801815,0 16.37532218032196,48.21156085809881,0 16.37573114403934,48.2114543829201,0 16.37532118499065,48.21156408330707,0 16.37494570443406,48.2107370927792,0 
					</coordinates>
				</LineString>
			</Placemark>
			<Placemark id="0BF5A37C4938F1732843">
				<name>Haus mit Muttergottesrelief</name>
				<gx:mid>/g/11g68x3vms</gx:mid>
				<gx:fid>0x476d07a037ba8f51:0x9921f91670b9c6b8</gx:fid>
				<LookAt>
					<longitude>16.3770935</longitude>
					<latitude>48.2107119</latitude>
					<altitude>0</altitude>
					<heading>0</heading>
					<tilt>0</tilt>
					<gx:fovy>35</gx:fovy>
					<range>675.9138982541243</range>
					<altitudeMode>relativeToGround</altitudeMode>
				</LookAt>
				<styleUrl>#__managed_style_019AD486D540DE0EE90B</styleUrl>
				<Point>
					<altitudeMode>relativeToGround</altitudeMode>
					<coordinates>16.37720097650727,48.2106946520427,0</coordinates>
				</Point>
			</Placemark>
			<Placemark id="0CCF241DD138F1747597">
				<name>Untitled polygon</name>
				<LookAt>
					<longitude>16.37409073172993</longitude>
					<latitude>48.21211718136785</latitude>
					<altitude>169.8492668385696</altitude>
					<heading>211.1735752494238</heading>
					<tilt>0</tilt>
					<gx:fovy>35</gx:fovy>
					<range>462.2160767234891</range>
					<altitudeMode>absolute</altitudeMode>
				</LookAt>
				<styleUrl>#__managed_style_3BC26D9B2C40DE0EE918</styleUrl>
				<Polygon>
					<outerBoundaryIs>
						<LinearRing>
							<coordinates>
								16.3738383719649,48.21263534523822,0 16.37298050435587,48.21213332916615,0 16.37289480026516,48.21188801089092,0 16.37329449802615,48.21172689272085,0 16.3737374955278,48.21167707858496,0 16.37360252160969,48.21157343122442,0 16.37381220073132,48.21148696592854,0 16.3741284923451,48.21178140880589,0 16.37454423833625,48.21168830079339,0 16.37492342406829,48.21168682232402,0 16.3753787092065,48.21170117994147,0 16.37541490300174,48.21202124682011,0 16.37502846264406,48.212202862111,0 16.37415415450813,48.21265594642005,0 16.3740599953579,48.21259511431258,0 16.3738383719649,48.21263534523822,0 
							</coordinates>
						</LinearRing>
					</outerBoundaryIs>
				</Polygon>
			</Placemark>
			<Placemark id="00F19FE0BC38F1780AD9">
				<name>רחוב מרכזי</name>
				<LookAt>
					<longitude>16.35557900340879</longitude>
					<latitude>48.20213464931022</latitude>
					<altitude>196.6194461680669</altitude>
					<heading>-38.09063764275498</heading>
					<tilt>0.6980196356360966</tilt>
					<gx:fovy>35</gx:fovy>
					<range>4035.136980019743</range>
					<altitudeMode>absolute</altitudeMode>
				</LookAt>
				<styleUrl>#__managed_style_0D18C16BE840DE0EE90C</styleUrl>
				<LineString>
					<coordinates>
						16.36133743282127,48.20248297162851,0 16.36016930304583,48.20148478585076,0 16.35931041784431,48.20107562213937,0 16.35622593901374,48.20035651230946,0 16.35455218426841,48.19991156409785,0 16.3519450697791,48.19902480338606,0 16.3501048798239,48.19830698632497,0 16.34751447345879,48.19741401801159,0 16.34417550114869,48.19674159675655,0 16.3420618790911,48.19634884924798,0 
					</coordinates>
				</LineString>
			</Placemark>
			<Placemark id="0493DDFA1238F17946C8">
				<name>IKONO Vienna</name>
				<gx:mid>/g/11l72q9s12</gx:mid>
				<gx:fid>0x476d0781ed96cfc7:0xb80cb9711d6d7825</gx:fid>
				<LookAt>
					<longitude>16.3519598</longitude>
					<latitude>48.19961139999999</latitude>
					<altitude>0</altitude>
					<heading>0</heading>
					<tilt>0</tilt>
					<gx:fovy>35</gx:fovy>
					<range>676.0725965954737</range>
					<altitudeMode>relativeToGround</altitudeMode>
				</LookAt>
				<styleUrl>#__managed_style_3B823E149140DE0EE910</styleUrl>
				<Point>
					<altitudeMode>relativeToGround</altitudeMode>
					<coordinates>16.3519598,48.19961139999999,0</coordinates>
				</Point>
			</Placemark>
			<Placemark id="0D3BC27EFC38F17A76C1">
				<name>Haus des Meeres</name>
				<gx:mid>/m/0czb82l</gx:mid>
				<gx:fid>0x476d07899552a1ef:0x191e35f845e9a632</gx:fid>
				<LookAt>
					<longitude>16.35295555</longitude>
					<latitude>48.1976597</latitude>
					<altitude>0</altitude>
					<heading>0</heading>
					<tilt>0</tilt>
					<gx:fovy>35</gx:fovy>
					<range>676.1004967871264</range>
					<altitudeMode>relativeToGround</altitudeMode>
				</LookAt>
				<styleUrl>#__managed_style_019AD486D540DE0EE90B</styleUrl>
				<Point>
					<altitudeMode>relativeToGround</altitudeMode>
					<coordinates>16.3528868,48.1976502,0</coordinates>
				</Point>
			</Placemark>
			<Placemark id="0A30A96A6A38F17F87C8">
				<name>Teich vor der Karlskirche</name>
				<gx:mid>/g/11hyxnf819</gx:mid>
				<gx:fid>0x476d070d9308bb53:0x2162bc10a87da7fe</gx:fid>
				<LookAt>
					<longitude>16.3714176</longitude>
					<latitude>48.1989142</latitude>
					<altitude>0</altitude>
					<heading>0</heading>
					<tilt>0</tilt>
					<gx:fovy>35</gx:fovy>
					<range>676.0825633769613</range>
					<altitudeMode>relativeToGround</altitudeMode>
				</LookAt>
				<styleUrl>#__managed_style_019AD486D540DE0EE90B</styleUrl>
				<Point>
					<altitudeMode>relativeToGround</altitudeMode>
					<coordinates>16.3714176,48.1989142,0</coordinates>
				</Point>
			</Placemark>
			<Placemark id="0FBEC6EE7438F180D3D7">
				<name>Servitengasse</name>
				<gx:mid>/g/1tftvr_0</gx:mid>
				<gx:fid>0x476d07ba1f2b98fd:0xdfc6599ad8c3e204</gx:fid>
				<LookAt>
					<longitude>16.3642956</longitude>
					<latitude>48.22044899999999</latitude>
					<altitude>0</altitude>
					<heading>0</heading>
					<tilt>0</tilt>
					<gx:fovy>35</gx:fovy>
					<range>675.7746734918173</range>
					<altitudeMode>relativeToGround</altitudeMode>
				</LookAt>
				<styleUrl>#__managed_style_019AD486D540DE0EE90B</styleUrl>
				<Point>
					<altitudeMode>relativeToGround</altitudeMode>
					<coordinates>16.36414483549998,48.22050930785528,0</coordinates>
				</Point>
			</Placemark>
			<Placemark id="02738302E438F1811C50">
				<name>רחוב ראשי יפהפה</name>
				<LookAt>
					<longitude>16.36429120172183</longitude>
					<latitude>48.22031797352581</latitude>
					<altitude>164.5190934548129</altitude>
					<heading>89.43264249864968</heading>
					<tilt>0</tilt>
					<gx:fovy>35</gx:fovy>
					<range>377.1402414479235</range>
					<altitudeMode>absolute</altitudeMode>
				</LookAt>
				<styleUrl>#__managed_style_0D18C16BE840DE0EE90C</styleUrl>
				<LineString>
					<coordinates>
						16.36427536877699,48.21914845749631,0 16.36429000874063,48.22028072789711,0 16.36433194805128,48.22074603011539,0 16.36430781521429,48.22049260430872,0 16.36407657568035,48.22052391749774,0 
					</coordinates>
				</LineString>
			</Placemark>
			<Placemark id="0DFDABCDAD38F1839B80">
				<name>Palais Lichtenstein</name>
				<gx:mid>/g/11x85t6rbn</gx:mid>
				<gx:fid>0x476d07003e391e63:0xe0bfc8886c688496</gx:fid>
				<LookAt>
					<longitude>16.360254</longitude>
					<latitude>48.2222431</latitude>
					<altitude>0</altitude>
					<heading>0</heading>
					<tilt>0</tilt>
					<gx:fovy>35</gx:fovy>
					<range>675.7490189042618</range>
					<altitudeMode>relativeToGround</altitudeMode>
				</LookAt>
				<styleUrl>#__managed_style_019AD486D540DE0EE90B</styleUrl>
				<Point>
					<altitudeMode>relativeToGround</altitudeMode>
					<coordinates>16.35984740049339,48.22226552880157,0</coordinates>
				</Point>
			</Placemark>
			<Placemark id="017FFA9D4738F1844CAC">
				<name>Gartenpalais Liechtenstein</name>
				<gx:mid>/g/122qm6x5</gx:mid>
				<gx:fid>0x476d07b7f500f901:0x6cc8f48a36fd5b6</gx:fid>
				<LookAt>
					<longitude>16.3595988</longitude>
					<latitude>48.2225283</latitude>
					<altitude>0</altitude>
					<heading>0</heading>
					<tilt>0</tilt>
					<gx:fovy>35</gx:fovy>
					<range>675.7449406565852</range>
					<altitudeMode>relativeToGround</altitudeMode>
				</LookAt>
				<styleUrl>#__managed_style_190086B37E40DE0EE911</styleUrl>
				<Point>
					<altitudeMode>relativeToGround</altitudeMode>
					<coordinates>16.35960529055973,48.22264921241534,0</coordinates>
				</Point>
			</Placemark>
			<Placemark id="097215BBF038F184833C">
				<name>Liechtensteinpark</name>
				<gx:mid>/g/11gxrwccz4</gx:mid>
				<gx:fid>0x476d07e93fffe253:0x839e65022467b9cb</gx:fid>
				<LookAt>
					<longitude>16.3591358</longitude>
					<latitude>48.2238062</latitude>
					<altitude>0</altitude>
					<heading>0</heading>
					<tilt>0</tilt>
					<gx:fovy>35</gx:fovy>
					<range>675.7266670100472</range>
					<altitudeMode>relativeToGround</altitudeMode>
				</LookAt>
				<styleUrl>#__managed_style_123AF4C90540DE0EE910</styleUrl>
				<Point>
					<altitudeMode>relativeToGround</altitudeMode>
					<coordinates>16.3591358,48.2238062,0</coordinates>
				</Point>
			</Placemark>
			<Placemark id="0B087BD23B38F187F739">
				<name>Vienna University of Economics and Business</name>
				<gx:mid>/m/04kmfl</gx:mid>
				<gx:fid>0x476d07cb1a63aebf:0x54ed2a67e5d67eaa</gx:fid>
				<LookAt>
					<longitude>16.4084666</longitude>
					<latitude>48.21342749999999</latitude>
					<altitude>0</altitude>
					<heading>0</heading>
					<tilt>0</tilt>
					<gx:fovy>35</gx:fovy>
					<range>675.8750712886857</range>
					<altitudeMode>relativeToGround</altitudeMode>
				</LookAt>
				<styleUrl>#__managed_style_019AD486D540DE0EE90B</styleUrl>
				<Point>
					<altitudeMode>relativeToGround</altitudeMode>
					<coordinates>16.40800125261948,48.21324319222531,0</coordinates>
				</Point>
			</Placemark>
			<Placemark id="0B7B9A843838F188B837">
				<name>רחוב אזור ראשי</name>
				<LookAt>
					<longitude>16.40978509997841</longitude>
					<latitude>48.21303962058132</latitude>
					<altitude>159.85857020291</altitude>
					<heading>33.88762618525327</heading>
					<tilt>0</tilt>
					<gx:fovy>35</gx:fovy>
					<range>530.7558073806285</range>
					<altitudeMode>absolute</altitudeMode>
				</LookAt>
				<styleUrl>#__managed_style_0D18C16BE840DE0EE90C</styleUrl>
				<LineString>
					<coordinates>
						16.40574468853623,48.21586172235001,0 16.40619628484766,48.21532976550674,0 16.40648390541298,48.21478156519576,0 16.40663056167122,48.21457762665798,0 16.40723368762237,48.21414772645825,0 16.40817361659312,48.21330431910496,0 16.40835503551864,48.21312587063584,0 16.40965422104962,48.21265874788472,0 16.41067095327867,48.21227621597841,0 16.41116212317137,48.21221314728808,0 16.41145079004675,48.21221727386475,0 
					</coordinates>
				</LineString>
			</Placemark>
			<Placemark id="0CAFE1D3EA38F18BB4B7">
				<name>רובע עם ארכיטקטורה מעניינת</name>
				<LookAt>
					<longitude>16.38820221080671</longitude>
					<latitude>48.22534064669261</latitude>
					<altitude>165.2619236892475</altitude>
					<heading>324.135431313614</heading>
					<tilt>0</tilt>
					<gx:fovy>35</gx:fovy>
					<range>2908.155507636548</range>
					<altitudeMode>absolute</altitudeMode>
				</LookAt>
				<styleUrl>#__managed_style_2517F48A9D40DE0EE914</styleUrl>
				<Point>
					<coordinates>16.39312259907851,48.22617025291684,163.3574750811871</coordinates>
				</Point>
			</Placemark>
			<Placemark id="0C5585B45238F1906DF0">
				<name>Hundertwasser Village</name>
				<gx:mid>/g/1ydpmmr3c</gx:mid>
				<gx:fid>0x476d0712b84ac097:0x4220df2e498b95b7</gx:fid>
				<LookAt>
					<longitude>16.39445</longitude>
					<latitude>48.20774979999999</latitude>
					<altitude>0</altitude>
					<heading>0</heading>
					<tilt>0</tilt>
					<gx:fovy>35</gx:fovy>
					<range>675.9562480998178</range>
					<altitudeMode>relativeToGround</altitudeMode>
				</LookAt>
				<styleUrl>#__managed_style_1FF0383A6740DE0EE914</styleUrl>
				<Point>
					<altitudeMode>relativeToGround</altitudeMode>
					<coordinates>16.39445,48.20774979999999,0</coordinates>
				</Point>
			</Placemark>
			<Placemark id="0E87C587E038F1911303">
				<name>רחוב מרכזי</name>
				<LookAt>
					<longitude>16.39365698228531</longitude>
					<latitude>48.20749629853518</latitude>
					<altitude>163.3033505896094</altitude>
					<heading>319.1153711943917</heading>
					<tilt>0</tilt>
					<gx:fovy>35</gx:fovy>
					<range>182.068711393149</range>
					<altitudeMode>absolute</altitudeMode>
				</LookAt>
				<styleUrl>#__managed_style_0D18C16BE840DE0EE90C</styleUrl>
				<LineString>
					<coordinates>
						16.3958879501975,48.20798851666523,0 16.39356927075741,48.20755006048008,0 16.39380486069515,48.20721078943701,0 
					</coordinates>
				</LineString>
			</Placemark>
			<Placemark id="043339C4E338F192F0AB">
				<name>Kunst Haus Wien. Museum Hundertwasser</name>
				<gx:mid>/m/0crdv1l</gx:mid>
				<gx:fid>0x476d070d9333bfcd:0x735c50f62b1674f0</gx:fid>
				<LookAt>
					<longitude>16.3932861</longitude>
					<latitude>48.21107599999999</latitude>
					<altitude>0</altitude>
					<heading>0</heading>
					<tilt>0</tilt>
					<gx:fovy>35</gx:fovy>
					<range>675.9086925210572</range>
					<altitudeMode>relativeToGround</altitudeMode>
				</LookAt>
				<styleUrl>#__managed_style_3B823E149140DE0EE910</styleUrl>
				<Point>
					<altitudeMode>relativeToGround</altitudeMode>
					<coordinates>16.3932861,48.211076,0</coordinates>
				</Point>
			</Placemark>
			<Placemark id="0BA3055DE738F1AFEF7C">
				<name>שוק גדול</name>
				<LookAt>
					<longitude>16.36424693119444</longitude>
					<latitude>48.19801037229773</latitude>
					<altitude>196.9357779542172</altitude>
					<heading>354.5339758874724</heading>
					<tilt>0</tilt>
					<gx:fovy>35</gx:fovy>
					<range>1942.561884644966</range>
					<altitudeMode>absolute</altitudeMode>
				</LookAt>
				<styleUrl>#__managed_style_088FA243C440DE0EE913</styleUrl>
				<Polygon>
					<outerBoundaryIs>
						<LinearRing>
							<coordinates>
								16.35924799152859,48.19722507912361,0 16.35932909828736,48.19698812542713,0 16.36078661494565,48.19724463080188,0 16.36120722631326,48.19734550015157,0 16.36192131727094,48.19762610772744,0 16.36251014084296,48.19793203552537,0 16.3635750253524,48.19852978299336,0 16.36366267114926,48.19846644494856,0 16.36384043636304,48.19855466083549,0 16.36459548180052,48.19897051587377,0 16.36538266773663,48.19938596302541,0 16.36595041582698,48.19968817933056,0 16.36567145695753,48.19996332189042,0 16.36458903794097,48.19936791279871,0 16.36356576062605,48.19879266486972,0 16.36289740693952,48.19847984564482,0 16.36211730975227,48.19810436871208,0 16.36186190431773,48.19797550252186,0 16.36154239490274,48.19781861753567,0 16.36079207796968,48.19753985332355,0 16.35924799152859,48.19722507912361,0 
							</coordinates>
						</LinearRing>
					</outerBoundaryIs>
				</Polygon>
			</Placemark>
			<Placemark id="033126128238F1B2F8D0">
				<name>Naschmarkt</name>
				<gx:mid>/g/11l68pct9k</gx:mid>
				<gx:fid>0x476d079dcdc45f47:0xf832856f2ba3c0f6</gx:fid>
				<LookAt>
					<longitude>16.3627204</longitude>
					<latitude>48.19830169999999</latitude>
					<altitude>0</altitude>
					<heading>0</heading>
					<tilt>0</tilt>
					<gx:fovy>35</gx:fovy>
					<range>676.0913192623141</range>
					<altitudeMode>relativeToGround</altitudeMode>
				</LookAt>
				<styleUrl>#__managed_style_019AD486D540DE0EE90B</styleUrl>
				<Point>
					<altitudeMode>relativeToGround</altitudeMode>
					<coordinates>16.3627204,48.19830169999999,0</coordinates>
				</Point>
			</Placemark>
			<Placemark id="0BCAA4E79838F1F5ED58">
				<name>שוק ראשי</name>
				<LookAt>
					<longitude>16.33673687697842</longitude>
					<latitude>48.21218833186999</latitude>
					<altitude>220.7670681889591</altitude>
					<heading>0</heading>
					<tilt>0</tilt>
					<gx:fovy>35</gx:fovy>
					<range>1746.870261096919</range>
					<altitudeMode>absolute</altitudeMode>
				</LookAt>
				<styleUrl>#__managed_style_0D18C16BE840DE0EE90C</styleUrl>
				<LineString>
					<coordinates>
						16.3354374244231,48.20911118416444,0 16.33572775399564,48.2099078703063,0 16.33597461484916,48.21113406951783,0 16.33631786605474,48.21243130507415,0 16.33680871202358,48.21387497698938,0 
					</coordinates>
				</LineString>
			</Placemark>
			<Placemark id="021BC9EBE538F1FA60C1">
				<name>Rochusmarket - שוק אוכל</name>
				<gx:mid>/g/122kj81x</gx:mid>
				<gx:fid>0x476d077375fe9a23:0xdd55034b068ba718</gx:fid>
				<LookAt>
					<longitude>16.3907844</longitude>
					<latitude>48.20276140000001</latitude>
					<altitude>0</altitude>
					<heading>0</heading>
					<tilt>0</tilt>
					<gx:fovy>35</gx:fovy>
					<range>676.0275648643523</range>
					<altitudeMode>relativeToGround</altitudeMode>
				</LookAt>
				<styleUrl>#__managed_style_1A3D52B9FC40DE0EE919</styleUrl>
				<Point>
					<altitudeMode>relativeToGround</altitudeMode>
					<coordinates>16.3907844,48.2027614,0</coordinates>
				</Point>
			</Placemark>
			<Placemark id="08263CC4C938F1FB50CB">
				<name>Rochusmarket - שוק אוכל</name>
				<LookAt>
					<longitude>16.39071425797948</longitude>
					<latitude>48.20303818326254</latitude>
					<altitude>169.4986038176175</altitude>
					<heading>42.50561880315776</heading>
					<tilt>0</tilt>
					<gx:fovy>35</gx:fovy>
					<range>365.1498898591308</range>
					<altitudeMode>absolute</altitudeMode>
				</LookAt>
				<styleUrl>#__managed_style_088FA243C440DE0EE913</styleUrl>
				<Polygon>
					<outerBoundaryIs>
						<LinearRing>
							<coordinates>
								16.38999950418617,48.20317340508368,0 16.39053879990931,48.20265361230442,0 16.39119095328629,48.20216692538938,0 16.39148767769603,48.20241209584752,0 16.39085308141741,48.20275707321102,0 16.39096433885551,48.20283425460043,0 16.39015059678155,48.20324864768304,0 16.38999950418617,48.20317340508368,0 
							</coordinates>
						</LinearRing>
					</outerBoundaryIs>
				</Polygon>
			</Placemark>
			<Placemark id="0245C6389C38FD473289">
				<name>Kaisermühlenbucht</name>
				<gx:mid>/g/11f35nkxwh</gx:mid>
				<gx:fid>0x476d0720b02c6b6f:0xe448aeafd58bf83e</gx:fid>
				<LookAt>
					<longitude>16.4220047</longitude>
					<latitude>48.22290580000001</latitude>
					<altitude>0</altitude>
					<heading>0</heading>
					<tilt>0</tilt>
					<gx:fovy>35</gx:fovy>
					<range>675.7395425327377</range>
					<altitudeMode>relativeToGround</altitudeMode>
				</LookAt>
				<styleUrl>#__managed_style_29E92C393A40DE0EE911</styleUrl>
				<Point>
					<altitudeMode>relativeToGround</altitudeMode>
					<coordinates>16.4220047,48.2229058,0</coordinates>
				</Point>
			</Placemark>
			<Placemark id="0E7D709D7A38FD486020">
				<name>Donauinsel - Trainingspark ISW Austria Vienna</name>
				<gx:mid>/g/11b7xlp90s</gx:mid>
				<gx:fid>0x476d07203d528367:0x2d760477df8a5a80</gx:fid>
				<LookAt>
					<longitude>16.4167426</longitude>
					<latitude>48.2228376</latitude>
					<altitude>0</altitude>
					<heading>0</heading>
					<tilt>0</tilt>
					<gx:fovy>35</gx:fovy>
					<range>675.740517771846</range>
					<altitudeMode>relativeToGround</altitudeMode>
				</LookAt>
				<styleUrl>#__managed_style_123AF4C90540DE0EE910</styleUrl>
				<Point>
					<altitudeMode>relativeToGround</altitudeMode>
					<coordinates>16.41800928845567,48.22157785251618,0</coordinates>
				</Point>
			</Placemark>
			<Placemark id="0A59D4A8B138FD4C8AE1">
				<name>Flohmarkt im STADION CENTER</name>
				<gx:mid>/g/11h4vvyfrs</gx:mid>
				<gx:fid>0x476d07ecad55bd51:0xda2e0bf87b6c72dd</gx:fid>
				<LookAt>
					<longitude>16.4223374</longitude>
					<latitude>48.2098701</latitude>
					<altitude>0</altitude>
					<heading>0</heading>
					<tilt>0</tilt>
					<gx:fovy>35</gx:fovy>
					<range>675.9259338289862</range>
					<altitudeMode>relativeToGround</altitudeMode>
				</LookAt>
				<styleUrl>#__managed_style_30E214A8EC40DE0EE90C</styleUrl>
				<Point>
					<altitudeMode>relativeToGround</altitudeMode>
					<coordinates>16.4223374,48.2098701,0</coordinates>
				</Point>
			</Placemark>
			<Placemark id="01600CF8AD38FD579DE0">
				<name>Vienna International Centre (VIC)</name>
				<gx:mid>/m/08gckp</gx:mid>
				<gx:fid>0x476d06e8a59bdfcd:0xaac6871b70e5ad7e</gx:fid>
				<LookAt>
					<longitude>16.4171125</longitude>
					<latitude>48.2335849</latitude>
					<altitude>0</altitude>
					<heading>0</heading>
					<tilt>0</tilt>
					<gx:fovy>35</gx:fovy>
					<range>675.5868243429189</range>
					<altitudeMode>relativeToGround</altitudeMode>
				</LookAt>
				<styleUrl>#__managed_style_019AD486D540DE0EE90B</styleUrl>
				<Point>
					<altitudeMode>relativeToGround</altitudeMode>
					<coordinates>16.41696705543734,48.23393537688214,0</coordinates>
				</Point>
			</Placemark>
			<Placemark id="09B1A4D87638FD5858C7">
				<name>Leuchtturm Sunken City</name>
				<gx:mid>/g/11bzzxt96g</gx:mid>
				<gx:fid>0x476d06e3832082e3:0xbe2060d3e74752e2</gx:fid>
				<LookAt>
					<longitude>16.4091352</longitude>
					<latitude>48.2295045</latitude>
					<altitude>0</altitude>
					<heading>0</heading>
					<tilt>0</tilt>
					<gx:fovy>35</gx:fovy>
					<range>675.6451791839216</range>
					<altitudeMode>relativeToGround</altitudeMode>
				</LookAt>
				<styleUrl>#__managed_style_019AD486D540DE0EE90B</styleUrl>
				<Point>
					<altitudeMode>relativeToGround</altitudeMode>
					<coordinates>16.40929853643378,48.23064636450014,0</coordinates>
				</Point>
			</Placemark>
			<Placemark id="02DB51063938FD591788">
				<name>Seepark</name>
				<gx:mid>/g/11ckkz3wpp</gx:mid>
				<gx:fid>0x476d01a0b60426ad:0xc927239c6db96506</gx:fid>
				<LookAt>
					<longitude>16.50696615</longitude>
					<latitude>48.22651895000001</latitude>
					<altitude>0</altitude>
					<heading>0</heading>
					<tilt>0</tilt>
					<gx:fovy>35</gx:fovy>
					<range>675.6878743971507</range>
					<altitudeMode>relativeToGround</altitudeMode>
				</LookAt>
				<styleUrl>#__managed_style_29E92C393A40DE0EE911</styleUrl>
				<Point>
					<altitudeMode>relativeToGround</altitudeMode>
					<coordinates>16.50595234354562,48.22756573489529,0</coordinates>
				</Point>
			</Placemark>
			<Placemark id="050C56516538FD59DFD1">
				<name>Franzensburg</name>
				<gx:mid>/m/06w99nz</gx:mid>
				<gx:fid>0x476dadd3fdda48e3:0x3b5cc19cbf41b812</gx:fid>
				<LookAt>
					<longitude>16.3724748</longitude>
					<latitude>48.0654383</latitude>
					<altitude>0</altitude>
					<heading>0</heading>
					<tilt>0</tilt>
					<gx:fovy>35</gx:fovy>
					<range>677.989044072734</range>
					<altitudeMode>relativeToGround</altitudeMode>
				</LookAt>
				<styleUrl>#__managed_style_0857E7DAAB40DE0EE917</styleUrl>
				<Point>
					<altitudeMode>relativeToGround</altitudeMode>
					<coordinates>16.3724748,48.0654383,0</coordinates>
				</Point>
			</Placemark>
			<Placemark id="0B150899F938FD5A32DC">
				<name>Gotische Brücke</name>
				<gx:mid>/g/11dxbhlsc3</gx:mid>
				<gx:fid>0x476dadcdd525173b:0xd64898e04ce467c9</gx:fid>
				<LookAt>
					<longitude>16.3681277</longitude>
					<latitude>48.06309769999999</latitude>
					<altitude>0</altitude>
					<heading>0</heading>
					<tilt>0</tilt>
					<gx:fovy>35</gx:fovy>
					<range>678.0224469076724</range>
					<altitudeMode>relativeToGround</altitudeMode>
				</LookAt>
				<styleUrl>#__managed_style_29E92C393A40DE0EE911</styleUrl>
				<Point>
					<altitudeMode>relativeToGround</altitudeMode>
					<coordinates>16.3681277,48.0630977,0</coordinates>
				</Point>
			</Placemark>
			<Placemark id="0D2E02A70438FD5A6328">
				<name>Bootsverleih am Stapelplatz - השכרת שיט</name>
				<gx:mid>/g/11g9nlg9r5</gx:mid>
				<gx:fid>0x476dadcda7394011:0x293f4efed01706bd</gx:fid>
				<LookAt>
					<longitude>16.3682863</longitude>
					<latitude>48.0654007</latitude>
					<altitude>0</altitude>
					<heading>0</heading>
					<tilt>0</tilt>
					<gx:fovy>35</gx:fovy>
					<range>677.989580672299</range>
					<altitudeMode>relativeToGround</altitudeMode>
				</LookAt>
				<styleUrl>#__managed_style_2FE693CCBB40DE0EE919</styleUrl>
				<Point>
					<altitudeMode>relativeToGround</altitudeMode>
					<coordinates>16.3682863,48.0654007,0</coordinates>
				</Point>
			</Placemark>
			<Placemark id="029D394D8338FD5B2786">
				<name>Laxenburg Castle Park</name>
				<gx:mid>/m/0byk7v</gx:mid>
				<gx:fid>0x476dadcfea7f0109:0x7703abe2d414dd6c</gx:fid>
				<LookAt>
					<longitude>16.3590369</longitude>
					<latitude>48.0660986</latitude>
					<altitude>0</altitude>
					<heading>0</heading>
					<tilt>0</tilt>
					<gx:fovy>35</gx:fovy>
					<range>677.9796207147177</range>
					<altitudeMode>relativeToGround</altitudeMode>
				</LookAt>
				<styleUrl>#__managed_style_019AD486D540DE0EE90B</styleUrl>
				<Point>
					<altitudeMode>relativeToGround</altitudeMode>
					<coordinates>16.35903436593623,48.06596850031945,0</coordinates>
				</Point>
			</Placemark>
			<Placemark id="066259706838FD5B86DE">
				<name>Stephanus Kapelle</name>
				<gx:mid>/g/11r9tcdzbg</gx:mid>
				<gx:fid>0x476dad4615a399ad:0xbf1a1b45084297fb</gx:fid>
				<LookAt>
					<longitude>16.357545</longitude>
					<latitude>48.06858200000001</latitude>
					<altitude>0</altitude>
					<heading>0</heading>
					<tilt>0</tilt>
					<gx:fovy>35</gx:fovy>
					<range>677.9441785915228</range>
					<altitudeMode>relativeToGround</altitudeMode>
				</LookAt>
				<styleUrl>#__managed_style_019AD486D540DE0EE90B</styleUrl>
				<Point>
					<altitudeMode>relativeToGround</altitudeMode>
					<coordinates>16.35793778114572,48.0684141467715,0</coordinates>
				</Point>
			</Placemark>
			<Placemark id="0278AAFB9438FD5C4974">
				<name>רחוב מרכזי יפהפה</name>
				<LookAt>
					<longitude>16.3594798283302</longitude>
					<latitude>48.06576985484858</latitude>
					<altitude>175.5907731220184</altitude>
					<heading>321.1713005222269</heading>
					<tilt>0</tilt>
					<gx:fovy>35</gx:fovy>
					<range>800.0348255295833</range>
					<altitudeMode>absolute</altitudeMode>
				</LookAt>
				<styleUrl>#__managed_style_0D18C16BE840DE0EE90C</styleUrl>
				<LineString>
					<coordinates>
						16.35633676207514,48.06719414192947,0 16.3571704560762,48.06774666833726,0 16.35817320224528,48.06884031973112,0 16.35752311992426,48.06946533704991,0 16.35817577804431,48.06884290042569,0 16.35714987921298,48.06774406547792,0 16.35658301949368,48.06827653771826,0 16.35901374102803,48.06599137236169,0 
					</coordinates>
				</LineString>
			</Placemark>
			<Placemark id="0E9247D15538FD5D1E9C">
				<name>Wien-Flughafen</name>
				<gx:mid>/g/1hc3d2w3p</gx:mid>
				<gx:fid>0x476c5501b80736d3:0xcd0d1e6959e0e8bc</gx:fid>
				<LookAt>
					<longitude>16.5598404</longitude>
					<latitude>48.10517779999999</latitude>
					<altitude>0</altitude>
					<heading>0</heading>
					<tilt>0</tilt>
					<gx:fovy>35</gx:fovy>
					<range>15523.54870761588</range>
					<altitudeMode>relativeToGround</altitudeMode>
				</LookAt>
				<styleUrl>#__managed_style_157DB9F5F440DE0EE90E</styleUrl>
				<Point>
					<altitudeMode>relativeToGround</altitudeMode>
					<coordinates>16.5662612,48.1179542,0</coordinates>
				</Point>
			</Placemark>
			<Placemark id="07C3DC43C438FD5DEC20">
				<name>Prater</name>
				<gx:mid>/m/09fvwy</gx:mid>
				<gx:fid>0x476d073f4daba163:0xfce7699ce9a8b1f4</gx:fid>
				<LookAt>
					<longitude>16.4001739</longitude>
					<latitude>48.2154648</latitude>
					<altitude>0</altitude>
					<heading>0</heading>
					<tilt>0</tilt>
					<gx:fovy>35</gx:fovy>
					<range>675.8459416139242</range>
					<altitudeMode>relativeToGround</altitudeMode>
				</LookAt>
				<styleUrl>#__managed_style_07E355AD1740DE0EE919</styleUrl>
				<Point>
					<altitudeMode>relativeToGround</altitudeMode>
					<coordinates>16.4001739,48.2154648,0</coordinates>
				</Point>
			</Placemark>
			<Placemark id="0FAD55012538FD5E5E9F">
				<name>Ernst Happel Stadium</name>
				<gx:mid>/m/0664kd</gx:mid>
				<gx:fid>0x476d0739ed3e8cd5:0xfe86a8a41d5bc772</gx:fid>
				<LookAt>
					<longitude>16.4209847</longitude>
					<latitude>48.20720779999999</latitude>
					<altitude>0</altitude>
					<heading>0</heading>
					<tilt>0</tilt>
					<gx:fovy>35</gx:fovy>
					<range>675.9639970312002</range>
					<altitudeMode>relativeToGround</altitudeMode>
				</LookAt>
				<styleUrl>#__managed_style_1F72F626FD40DE0EE918</styleUrl>
				<Point>
					<altitudeMode>relativeToGround</altitudeMode>
					<coordinates>16.4209847,48.20720780000001,0</coordinates>
				</Point>
			</Placemark>
			<Placemark id="0907C5E2D738FD5EAF8E">
				<name>Augarten</name>
				<gx:mid>/m/0406psn</gx:mid>
				<gx:fid>0x476d07ae7c92925d:0xa0e730ea1f204b9b</gx:fid>
				<LookAt>
					<longitude>16.3766669</longitude>
					<latitude>48.2261111</latitude>
					<altitude>0</altitude>
					<heading>0</heading>
					<tilt>0</tilt>
					<gx:fovy>35</gx:fovy>
					<range>675.6937067800569</range>
					<altitudeMode>relativeToGround</altitudeMode>
				</LookAt>
				<styleUrl>#__managed_style_123AF4C90540DE0EE910</styleUrl>
				<Point>
					<altitudeMode>relativeToGround</altitudeMode>
					<coordinates>16.37725417124788,48.2239242385109,0</coordinates>
				</Point>
			</Placemark>
			<Placemark id="09176EB87738FD5EFF87">
				<name>Karmelitermarket</name>
				<gx:mid>/g/120rrtg2</gx:mid>
				<gx:fid>0x476d07a67dbcf63d:0x226310b02239a204</gx:fid>
				<LookAt>
					<longitude>16.3769524</longitude>
					<latitude>48.21733870000001</latitude>
					<altitude>0</altitude>
					<heading>0</heading>
					<tilt>0</tilt>
					<gx:fovy>35</gx:fovy>
					<range>675.8191476011878</range>
					<altitudeMode>relativeToGround</altitudeMode>
				</LookAt>
				<styleUrl>#__managed_style_019AD486D540DE0EE90B</styleUrl>
				<Point>
					<altitudeMode>relativeToGround</altitudeMode>
					<coordinates>16.3769524,48.2173387,0</coordinates>
				</Point>
			</Placemark>
			<Placemark id="0D235B0A0938FD5F2B3C">
				<name>Schleusenpark</name>
				<gx:mid>/g/11qhg72d39</gx:mid>
				<gx:fid>0x476d074dc3851a39:0xe0ceead6fedddc3f</gx:fid>
				<LookAt>
					<longitude>16.3722545</longitude>
					<latitude>48.2172345</latitude>
					<altitude>0</altitude>
					<heading>0</heading>
					<tilt>0</tilt>
					<gx:fovy>35</gx:fovy>
					<range>675.8206375244724</range>
					<altitudeMode>relativeToGround</altitudeMode>
				</LookAt>
				<styleUrl>#__managed_style_29E92C393A40DE0EE911</styleUrl>
				<Point>
					<altitudeMode>relativeToGround</altitudeMode>
					<coordinates>16.3722545,48.2172345,0</coordinates>
				</Point>
			</Placemark>
			<Placemark id="0E5E6395AB38FD622A88">
				<name>Bar Onyx</name>
				<gx:mid>/g/1tdwzbd8</gx:mid>
				<gx:fid>0x476d079f2c500731:0x17d5336e9f2ab5a1</gx:fid>
				<LookAt>
					<longitude>16.3716667</longitude>
					<latitude>48.2083333</latitude>
					<altitude>0</altitude>
					<heading>0</heading>
					<tilt>0</tilt>
					<gx:fovy>35</gx:fovy>
					<range>675.9479057870436</range>
					<altitudeMode>relativeToGround</altitudeMode>
				</LookAt>
				<styleUrl>#__managed_style_2630F10D5240DE0EE913</styleUrl>
				<Point>
					<altitudeMode>relativeToGround</altitudeMode>
					<coordinates>16.3716667,48.2083333,0</coordinates>
				</Point>
			</Placemark>
			<Placemark id="04C87B29D738FD62522C">
				<name>St. Stephen&apos;s Cathedral</name>
				<gx:mid>/m/01fdmj</gx:mid>
				<gx:fid>0x476d079f223feccf:0x179757f3fadc3159</gx:fid>
				<LookAt>
					<longitude>16.3734707</longitude>
					<latitude>48.2084114</latitude>
					<altitude>0</altitude>
					<heading>0</heading>
					<tilt>0</tilt>
					<gx:fovy>35</gx:fovy>
					<range>675.946789184913</range>
					<altitudeMode>relativeToGround</altitudeMode>
				</LookAt>
				<styleUrl>#__managed_style_190086B37E40DE0EE911</styleUrl>
				<Point>
					<altitudeMode>relativeToGround</altitudeMode>
					<coordinates>16.3734707,48.2084114,0</coordinates>
				</Point>
			</Placemark>
			<Placemark id="07C34DA44738FD62C7C8">
				<name>Billa Corso</name>
				<gx:mid>/g/1q5brkct0</gx:mid>
				<gx:fid>0x476d079f122eb73b:0xd03839c4fedf6bd6</gx:fid>
				<LookAt>
					<longitude>16.3708707</longitude>
					<latitude>48.20696950000001</latitude>
					<altitude>0</altitude>
					<heading>0</heading>
					<tilt>0</tilt>
					<gx:fovy>35</gx:fovy>
					<range>675.9674039708132</range>
					<altitudeMode>relativeToGround</altitudeMode>
				</LookAt>
				<styleUrl>#__managed_style_30E214A8EC40DE0EE90C</styleUrl>
				<Point>
					<altitudeMode>relativeToGround</altitudeMode>
					<coordinates>16.3708707,48.2069695,0</coordinates>
				</Point>
			</Placemark>
			<Placemark id="0CBA6551D538FD630258">
				<name>Imperial Crypt</name>
				<gx:mid>/m/02w4zw</gx:mid>
				<gx:fid>0x476d079eaa0b491b:0x7de4fc82c4ebbbd</gx:fid>
				<LookAt>
					<longitude>16.3700245</longitude>
					<latitude>48.2057146</latitude>
					<altitude>0</altitude>
					<heading>0</heading>
					<tilt>0</tilt>
					<gx:fovy>35</gx:fovy>
					<range>675.9853449204473</range>
					<altitudeMode>relativeToGround</altitudeMode>
				</LookAt>
				<styleUrl>#__managed_style_3B823E149140DE0EE910</styleUrl>
				<Point>
					<altitudeMode>relativeToGround</altitudeMode>
					<coordinates>16.3700386,48.2057352,0</coordinates>
				</Point>
			</Placemark>
			<Placemark id="068BD8F96338FD6334CE">
				<name>Fuente de Donner</name>
				<gx:mid>/g/121nxhp8</gx:mid>
				<gx:fid>0x476d079eb0fffd49:0xb3bae0d6b789dd2f</gx:fid>
				<LookAt>
					<longitude>16.3707219</longitude>
					<latitude>48.20614609999999</latitude>
					<altitude>0</altitude>
					<heading>0</heading>
					<tilt>0</tilt>
					<gx:fovy>35</gx:fovy>
					<range>675.979175919249</range>
					<altitudeMode>relativeToGround</altitudeMode>
				</LookAt>
				<styleUrl>#__managed_style_019AD486D540DE0EE90B</styleUrl>
				<Point>
					<altitudeMode>relativeToGround</altitudeMode>
					<coordinates>16.3707219,48.2061461,0</coordinates>
				</Point>
			</Placemark>
			<Placemark id="0C2E57FC1838FD639C43">
				<name>Mariensäule</name>
				<gx:mid>/g/121lspbp</gx:mid>
				<gx:fid>0x476d07a29ec32275:0x506ec163686268dd</gx:fid>
				<LookAt>
					<longitude>16.3678718</longitude>
					<latitude>48.2111459</latitude>
					<altitude>0</altitude>
					<heading>0</heading>
					<tilt>0</tilt>
					<gx:fovy>35</gx:fovy>
					<range>675.9076931205182</range>
					<altitudeMode>relativeToGround</altitudeMode>
				</LookAt>
				<styleUrl>#__managed_style_019AD486D540DE0EE90B</styleUrl>
				<Point>
					<altitudeMode>relativeToGround</altitudeMode>
					<coordinates>16.367857,48.21115419999999,0</coordinates>
				</Point>
			</Placemark>
			<Placemark id="06014CA3F538FD6415C4">
				<name>Rathausplatz</name>
				<gx:mid>/g/12345hdy</gx:mid>
				<gx:fid>0x476d07966dc3b145:0x1e7a761d819e68fa</gx:fid>
				<LookAt>
					<longitude>16.3587554</longitude>
					<latitude>48.21064560000001</latitude>
					<altitude>0</altitude>
					<heading>0</heading>
					<tilt>0</tilt>
					<gx:fovy>35</gx:fovy>
					<range>675.9148461782295</range>
					<altitudeMode>relativeToGround</altitudeMode>
				</LookAt>
				<styleUrl>#__managed_style_019AD486D540DE0EE90B</styleUrl>
				<Point>
					<altitudeMode>relativeToGround</altitudeMode>
					<coordinates>16.3587554,48.2106456,0</coordinates>
				</Point>
			</Placemark>
			<Placemark id="0B922D58FD38FD645A31">
				<name>Votive Church</name>
				<gx:mid>/m/06vyqp</gx:mid>
				<gx:fid>0x476d07beed9e4ccd:0xb1cdb0d22f1d8336</gx:fid>
				<LookAt>
					<longitude>16.3590821</longitude>
					<latitude>48.21540119999999</latitude>
					<altitude>0</altitude>
					<heading>0</heading>
					<tilt>0</tilt>
					<gx:fovy>35</gx:fovy>
					<range>675.8468509892469</range>
					<altitudeMode>relativeToGround</altitudeMode>
				</LookAt>
				<styleUrl>#__managed_style_190086B37E40DE0EE911</styleUrl>
				<Point>
					<altitudeMode>relativeToGround</altitudeMode>
					<coordinates>16.3590821,48.21540119999999,0</coordinates>
				</Point>
			</Placemark>
			<Placemark id="080382507B38FD64E894">
				<name>Volksgarten</name>
				<gx:mid>/m/05z_fbj</gx:mid>
				<gx:fid>0x476d079715f8c5af:0xc56d8557f19cae27</gx:fid>
				<LookAt>
					<longitude>16.3613967</longitude>
					<latitude>48.2080439</latitude>
					<altitude>0</altitude>
					<heading>0</heading>
					<tilt>0</tilt>
					<gx:fovy>35</gx:fovy>
					<range>675.9520433530938</range>
					<altitudeMode>relativeToGround</altitudeMode>
				</LookAt>
				<styleUrl>#__managed_style_123AF4C90540DE0EE910</styleUrl>
				<Point>
					<altitudeMode>relativeToGround</altitudeMode>
					<coordinates>16.3613967,48.2080439,0</coordinates>
				</Point>
			</Placemark>
			<Placemark id="0AF697A7B838FD650E4C">
				<name>Theseustempel</name>
				<gx:mid>/g/122vwz2x</gx:mid>
				<gx:fid>0x476d072483814285:0xe9722081401baac6</gx:fid>
				<LookAt>
					<longitude>16.3617117</longitude>
					<latitude>48.20835210000001</latitude>
					<altitude>0</altitude>
					<heading>0</heading>
					<tilt>0</tilt>
					<gx:fovy>35</gx:fovy>
					<range>675.9476370019961</range>
					<altitudeMode>relativeToGround</altitudeMode>
				</LookAt>
				<styleUrl>#__managed_style_190086B37E40DE0EE911</styleUrl>
				<Point>
					<altitudeMode>relativeToGround</altitudeMode>
					<coordinates>16.3617117,48.2083521,0</coordinates>
				</Point>
			</Placemark>
			<Placemark id="0503F1468538FD65405C">
				<name>Hofburg</name>
				<gx:mid>/m/05ksgz</gx:mid>
				<gx:fid>0x476d0799bf2006df:0x8685168014c4425f</gx:fid>
				<LookAt>
					<longitude>16.3647803</longitude>
					<latitude>48.2056578</latitude>
					<altitude>0</altitude>
					<heading>0</heading>
					<tilt>0</tilt>
					<gx:fovy>35</gx:fovy>
					<range>675.9861569672378</range>
					<altitudeMode>relativeToGround</altitudeMode>
				</LookAt>
				<styleUrl>#__managed_style_190086B37E40DE0EE911</styleUrl>
				<Point>
					<altitudeMode>relativeToGround</altitudeMode>
					<coordinates>16.3647803,48.20565779999999,0</coordinates>
				</Point>
			</Placemark>
			<Placemark id="04F7801BAB38FD65631B">
				<name>Maria-Theresien-Platz</name>
				<gx:mid>/m/08qw0q</gx:mid>
				<gx:fid>0x476d079088ef6409:0xe526c1419cb0f778</gx:fid>
				<LookAt>
					<longitude>16.3609674</longitude>
					<latitude>48.20462080000001</latitude>
					<altitude>0</altitude>
					<heading>0</heading>
					<tilt>0</tilt>
					<gx:fovy>35</gx:fovy>
					<range>676.0009824376218</range>
					<altitudeMode>relativeToGround</altitudeMode>
				</LookAt>
				<styleUrl>#__managed_style_019AD486D540DE0EE90B</styleUrl>
				<Point>
					<altitudeMode>relativeToGround</altitudeMode>
					<coordinates>16.3609674,48.2046208,0</coordinates>
				</Point>
			</Placemark>
			<Placemark id="04E464AA9838FD6597BC">
				<name>MuseumsQuartier Wien</name>
				<gx:mid>/m/04b4pb</gx:mid>
				<gx:fid>0x476d07903eeb4fdf:0x94d429b3eb41ebff</gx:fid>
				<LookAt>
					<longitude>16.3586166</longitude>
					<latitude>48.2033369</latitude>
					<altitude>0</altitude>
					<heading>0</heading>
					<tilt>0</tilt>
					<gx:fovy>35</gx:fovy>
					<range>676.019337445393</range>
					<altitudeMode>relativeToGround</altitudeMode>
				</LookAt>
				<styleUrl>#__managed_style_2E63C11C0040DE0EE918</styleUrl>
				<Point>
					<altitudeMode>relativeToGround</altitudeMode>
					<coordinates>16.3586166,48.2033369,0</coordinates>
				</Point>
			</Placemark>
			<Placemark id="07C396742C38FD65DB3C">
				<name>MQ Amore Minigolf</name>
				<gx:mid>/g/11f3dwzhpp</gx:mid>
				<gx:fid>0x476d07900b86f3a9:0xd94a6c0acdbd2d5e</gx:fid>
				<LookAt>
					<longitude>16.3603052</longitude>
					<latitude>48.20280750000001</latitude>
					<altitude>0</altitude>
					<heading>0</heading>
					<tilt>0</tilt>
					<gx:fovy>35</gx:fovy>
					<range>676.0269058152669</range>
					<altitudeMode>relativeToGround</altitudeMode>
				</LookAt>
				<styleUrl>#__managed_style_019AD486D540DE0EE90B</styleUrl>
				<Point>
					<altitudeMode>relativeToGround</altitudeMode>
					<coordinates>16.3603052,48.2028075,0</coordinates>
				</Point>
			</Placemark>
			<Placemark id="0DB7CA1EAC38FD68135E">
				<name>Albertina Modern</name>
				<gx:mid>/g/11j21l5wtm</gx:mid>
				<gx:fid>0x476d07689e76a17d:0x822c86883b8c847a</gx:fid>
				<LookAt>
					<longitude>16.3715986</longitude>
					<latitude>48.2005218</latitude>
					<altitude>0</altitude>
					<heading>0</heading>
					<tilt>0</tilt>
					<gx:fovy>35</gx:fovy>
					<range>676.0595818940905</range>
					<altitudeMode>relativeToGround</altitudeMode>
				</LookAt>
				<styleUrl>#__managed_style_190086B37E40DE0EE911</styleUrl>
				<Point>
					<altitudeMode>relativeToGround</altitudeMode>
					<coordinates>16.3715986,48.2005218,0</coordinates>
				</Point>
			</Placemark>
			<Placemark id="00E5790CDC38FD684F48">
				<name>Stadtpark</name>
				<gx:mid>/m/04zcx9</gx:mid>
				<gx:fid>0x476d0775d3324143:0xbf209e4513aec145</gx:fid>
				<LookAt>
					<longitude>16.3796601</longitude>
					<latitude>48.2047335</latitude>
					<altitude>0</altitude>
					<heading>0</heading>
					<tilt>0</tilt>
					<gx:fovy>35</gx:fovy>
					<range>675.9993712314683</range>
					<altitudeMode>relativeToGround</altitudeMode>
				</LookAt>
				<styleUrl>#__managed_style_123AF4C90540DE0EE910</styleUrl>
				<Point>
					<altitudeMode>relativeToGround</altitudeMode>
					<coordinates>16.3796601,48.2047335,0</coordinates>
				</Point>
			</Placemark>
			<Placemark id="0AAF22F7EF38FD689A24">
				<name>Monument in honor of the soldiers of the Soviet Army</name>
				<gx:mid>/m/0gky2hd</gx:mid>
				<gx:fid>0x476d0779b447f27d:0x85f7bb3058bdfe8c</gx:fid>
				<LookAt>
					<longitude>16.3763237</longitude>
					<latitude>48.19803479999999</latitude>
					<altitude>0</altitude>
					<heading>0</heading>
					<tilt>0</tilt>
					<gx:fovy>35</gx:fovy>
					<range>676.0951346628808</range>
					<altitudeMode>relativeToGround</altitudeMode>
				</LookAt>
				<styleUrl>#__managed_style_019AD486D540DE0EE90B</styleUrl>
				<Point>
					<altitudeMode>relativeToGround</altitudeMode>
					<coordinates>16.3763237,48.1980348,0</coordinates>
				</Point>
			</Placemark>
			<Placemark id="098106E68F38FD68BA58">
				<name>Palais Schwarzenberg</name>
				<gx:mid>/m/0bn0y1</gx:mid>
				<gx:fid>0x476d0779c01ae79f:0x43a08c05c7bdd767</gx:fid>
				<LookAt>
					<longitude>16.3769877</longitude>
					<latitude>48.1969498</latitude>
					<altitude>0</altitude>
					<heading>0</heading>
					<tilt>0</tilt>
					<gx:fovy>35</gx:fovy>
					<range>676.1106448702203</range>
					<altitudeMode>relativeToGround</altitudeMode>
				</LookAt>
				<styleUrl>#__managed_style_190086B37E40DE0EE911</styleUrl>
				<Point>
					<altitudeMode>relativeToGround</altitudeMode>
					<coordinates>16.37810241906245,48.19663483389226,0</coordinates>
				</Point>
			</Placemark>
			<Placemark id="0944F8AD8F38FD68F3FE">
				<name>Kaskadenbrunnen</name>
				<gx:mid>/g/11h4yzk_13</gx:mid>
				<gx:fid>0x476d0727f53c7831:0xf9d65ad4f01703e7</gx:fid>
				<LookAt>
					<longitude>16.3805172</longitude>
					<latitude>48.19346939999999</latitude>
					<altitude>0</altitude>
					<heading>0</heading>
					<tilt>0</tilt>
					<gx:fovy>35</gx:fovy>
					<range>676.1603961809093</range>
					<altitudeMode>relativeToGround</altitudeMode>
				</LookAt>
				<styleUrl>#__managed_style_123AF4C90540DE0EE910</styleUrl>
				<Point>
					<altitudeMode>relativeToGround</altitudeMode>
					<coordinates>16.3805172,48.19346939999999,0</coordinates>
				</Point>
			</Placemark>
			<Placemark id="0BFA4199AE38FD6920E8">
				<name>Belvedere Palace</name>
				<gx:mid>/m/037yl3</gx:mid>
				<gx:fid>0x476d077d020b9ea5:0x4a65fc52a0937607</gx:fid>
				<LookAt>
					<longitude>16.3809322</longitude>
					<latitude>48.1914751</latitude>
					<altitude>0</altitude>
					<heading>0</heading>
					<tilt>0</tilt>
					<gx:fovy>35</gx:fovy>
					<range>676.1889031382784</range>
					<altitudeMode>relativeToGround</altitudeMode>
				</LookAt>
				<styleUrl>#__managed_style_190086B37E40DE0EE911</styleUrl>
				<Point>
					<altitudeMode>relativeToGround</altitudeMode>
					<coordinates>16.3809322,48.19147510000001,0</coordinates>
				</Point>
			</Placemark>
			<Placemark id="068A19B49F38FD6A1778">
				<name>Schönbrunn Palace</name>
				<gx:mid>/m/015_kq</gx:mid>
				<gx:fid>0x476da8091cc07cbf:0x4e69ba5de4ea8bc9</gx:fid>
				<LookAt>
					<longitude>16.312764</longitude>
					<latitude>48.1858124</latitude>
					<altitude>0</altitude>
					<heading>0</heading>
					<tilt>0</tilt>
					<gx:fovy>35</gx:fovy>
					<range>676.2698430940462</range>
					<altitudeMode>relativeToGround</altitudeMode>
				</LookAt>
				<styleUrl>#__managed_style_190086B37E40DE0EE911</styleUrl>
				<Point>
					<altitudeMode>relativeToGround</altitudeMode>
					<coordinates>16.31232347132391,48.18479594709711,0</coordinates>
				</Point>
			</Placemark>
			<Placemark id="0FA5939BAB38FD6A8C34">
				<name>Neptune Fountain</name>
				<gx:mid>/g/1230281q</gx:mid>
				<gx:fid>0x476da80ba1f54549:0xab9c7959ca4c73b0</gx:fid>
				<LookAt>
					<longitude>16.3103561</longitude>
					<latitude>48.1813057</latitude>
					<altitude>0</altitude>
					<heading>0</heading>
					<tilt>0</tilt>
					<gx:fovy>35</gx:fovy>
					<range>676.3342556012077</range>
					<altitudeMode>relativeToGround</altitudeMode>
				</LookAt>
				<styleUrl>#__managed_style_123AF4C90540DE0EE910</styleUrl>
				<Point>
					<altitudeMode>relativeToGround</altitudeMode>
					<coordinates>16.31107366994812,48.18254620338104,0</coordinates>
				</Point>
			</Placemark>
			<Placemark id="046B5CAE4938FD6AC023">
				<name>Schönbrunn Zoo</name>
				<gx:mid>/m/01_nf6</gx:mid>
				<gx:fid>0x476da7e02d944d57:0x3ba676e2856c7190</gx:fid>
				<LookAt>
					<longitude>16.3027845</longitude>
					<latitude>48.18208629999999</latitude>
					<altitude>0</altitude>
					<heading>0</heading>
					<tilt>0</tilt>
					<gx:fovy>35</gx:fovy>
					<range>676.323099051771</range>
					<altitudeMode>relativeToGround</altitudeMode>
				</LookAt>
				<styleUrl>#__managed_style_019AD486D540DE0EE90B</styleUrl>
				<Point>
					<altitudeMode>relativeToGround</altitudeMode>
					<coordinates>16.3027845,48.1820863,0</coordinates>
				</Point>
			</Placemark>
			<Placemark id="01749FBA7938FD6AEF97">
				<name>Gloriette Schönbrunn</name>
				<gx:mid>/g/11fljrh005</gx:mid>
				<gx:fid>0x476da95af2c524b7:0xbdeb014afe2f7782</gx:fid>
				<LookAt>
					<longitude>16.3087421</longitude>
					<latitude>48.1782686</latitude>
					<altitude>0</altitude>
					<heading>0</heading>
					<tilt>0</tilt>
					<gx:fovy>35</gx:fovy>
					<range>676.3776616225481</range>
					<altitudeMode>relativeToGround</altitudeMode>
				</LookAt>
				<styleUrl>#__managed_style_190086B37E40DE0EE911</styleUrl>
				<Point>
					<altitudeMode>relativeToGround</altitudeMode>
					<coordinates>16.3087421,48.1782686,0</coordinates>
				</Point>
			</Placemark>
			<Placemark id="00B0717E0B38FD6B2507">
				<name>Allianz Stadion</name>
				<gx:mid>/g/1q61hhs8r</gx:mid>
				<gx:fid>0x476da78460a03a23:0xed13ec7a07a112b9</gx:fid>
				<LookAt>
					<longitude>16.266021</longitude>
					<latitude>48.19802300000001</latitude>
					<altitude>0</altitude>
					<heading>0</heading>
					<tilt>0</tilt>
					<gx:fovy>35</gx:fovy>
					<range>676.0953033464609</range>
					<altitudeMode>relativeToGround</altitudeMode>
				</LookAt>
				<styleUrl>#__managed_style_1F72F626FD40DE0EE918</styleUrl>
				<Point>
					<altitudeMode>relativeToGround</altitudeMode>
					<coordinates>16.266021,48.198023,0</coordinates>
				</Point>
			</Placemark>
		</Folder>
		<Folder id="00D9A4546338F154C52B">
			<name>בתי קפה</name>
			<styleUrl>#__managed_style_07729934E440DE0EE911</styleUrl>
			<Placemark id="06B3D5F27A38F16FCC2B">
				<name>Café Sacher Wien</name>
				<gx:mid>/g/11b5wcsvwd</gx:mid>
				<gx:fid>0x476d079c6e70ce23:0xdb83f04c896f79da</gx:fid>
				<LookAt>
					<longitude>16.3696029</longitude>
					<latitude>48.2039281</latitude>
					<altitude>0</altitude>
					<heading>0</heading>
					<tilt>0</tilt>
					<gx:fovy>35</gx:fovy>
					<range>676.0108855151589</range>
					<altitudeMode>relativeToGround</altitudeMode>
				</LookAt>
				<styleUrl>#__managed_style_1F73AE1E7C40DE0EE913</styleUrl>
				<Point>
					<altitudeMode>relativeToGround</altitudeMode>
					<coordinates>16.3696029,48.20392810000001,0</coordinates>
				</Point>
			</Placemark>
			<Placemark id="0E083F20EC38F1700E3B">
				<name>Gerstner K. u. K. Hofzuckerbäcker</name>
				<gx:mid>/g/11b77cnsbs</gx:mid>
				<gx:fid>0x476d079c5c4ce2eb:0x42c2403faf2a656e</gx:fid>
				<LookAt>
					<longitude>16.3704336</longitude>
					<latitude>48.203383</latitude>
					<altitude>0</altitude>
					<heading>0</heading>
					<tilt>0</tilt>
					<gx:fovy>35</gx:fovy>
					<range>676.0186783915273</range>
					<altitudeMode>relativeToGround</altitudeMode>
				</LookAt>
				<styleUrl>#__managed_style_1F73AE1E7C40DE0EE913</styleUrl>
				<Point>
					<altitudeMode>relativeToGround</altitudeMode>
					<coordinates>16.3704336,48.203383,0</coordinates>
				</Point>
			</Placemark>
			<Placemark id="044B6056E838F1BDAFD4">
				<name>KLYO Wien</name>
				<gx:mid>/g/11g9dg9k7c</gx:mid>
				<gx:fid>0x476d070a53af8597:0xe1284e9f5315861d</gx:fid>
				<LookAt>
					<longitude>16.383796</longitude>
					<latitude>48.2115613</latitude>
					<altitude>0</altitude>
					<heading>0</heading>
					<tilt>0</tilt>
					<gx:fovy>35</gx:fovy>
					<range>675.901753889431</range>
					<altitudeMode>relativeToGround</altitudeMode>
				</LookAt>
				<styleUrl>#__managed_style_1F73AE1E7C40DE0EE913</styleUrl>
				<Point>
					<altitudeMode>relativeToGround</altitudeMode>
					<coordinates>16.38397915485042,48.21163334832764,0</coordinates>
				</Point>
			</Placemark>
			<Placemark id="0D3BE0A31A38F1D62159">
				<name>CRO</name>
				<gx:mid>/g/11kq006bl8</gx:mid>
				<gx:fid>0x476d07f6aa198d91:0x6b791aabecf5c455</gx:fid>
				<LookAt>
					<longitude>16.3751277</longitude>
					<latitude>48.2098936</latitude>
					<altitude>0</altitude>
					<heading>0</heading>
					<tilt>0</tilt>
					<gx:fovy>35</gx:fovy>
					<range>675.925597841161</range>
					<altitudeMode>relativeToGround</altitudeMode>
				</LookAt>
				<styleUrl>#__managed_style_1F73AE1E7C40DE0EE913</styleUrl>
				<Point>
					<altitudeMode>relativeToGround</altitudeMode>
					<coordinates>16.375186,48.2098862,0</coordinates>
				</Point>
			</Placemark>
			<Placemark id="0C3EAD730D38F1D6FE4F">
				<name>goldener papagei</name>
				<gx:mid>/g/11rdcxy5p5</gx:mid>
				<gx:fid>0x476d07fef1294e9d:0x629f424b61ca9665</gx:fid>
				<LookAt>
					<longitude>16.3819785</longitude>
					<latitude>48.2136456</latitude>
					<altitude>0</altitude>
					<heading>0</heading>
					<tilt>0</tilt>
					<gx:fovy>35</gx:fovy>
					<range>675.8719528921456</range>
					<altitudeMode>relativeToGround</altitudeMode>
				</LookAt>
				<styleUrl>#__managed_style_1F73AE1E7C40DE0EE913</styleUrl>
				<Point>
					<altitudeMode>relativeToGround</altitudeMode>
					<coordinates>16.3819785,48.21364559999999,0</coordinates>
				</Point>
			</Placemark>
			<Placemark id="0B92BE6A0A38F1D8A700">
				<name>Babula Restaurant</name>
				<gx:mid>/g/11k9rn1nd4</gx:mid>
				<gx:fid>0x476d077db8934079:0xb0cf4615e10b9175</gx:fid>
				<LookAt>
					<longitude>16.3847402</longitude>
					<latitude>48.2213664</latitude>
					<altitude>0</altitude>
					<heading>0</heading>
					<tilt>0</tilt>
					<gx:fovy>35</gx:fovy>
					<range>675.7615552772749</range>
					<altitudeMode>relativeToGround</altitudeMode>
				</LookAt>
				<styleUrl>#__managed_style_1F73AE1E7C40DE0EE913</styleUrl>
				<Point>
					<altitudeMode>relativeToGround</altitudeMode>
					<coordinates>16.3847124,48.22130039999999,0</coordinates>
				</Point>
			</Placemark>
			<Placemark id="0F0F15E25538F1DD9163">
				<name>JŌMON</name>
				<gx:mid>/g/11p0wcx0gk</gx:mid>
				<gx:fid>0x476da91642da47f9:0x43c3468dfa6a4523</gx:fid>
				<LookAt>
					<longitude>16.3480212</longitude>
					<latitude>48.19236890000001</latitude>
					<altitude>0</altitude>
					<heading>0</heading>
					<tilt>0</tilt>
					<gx:fovy>35</gx:fovy>
					<range>676.1761270555894</range>
					<altitudeMode>relativeToGround</altitudeMode>
				</LookAt>
				<styleUrl>#__managed_style_1F73AE1E7C40DE0EE913</styleUrl>
				<Point>
					<altitudeMode>relativeToGround</altitudeMode>
					<coordinates>16.3480818,48.1923948,0</coordinates>
				</Point>
			</Placemark>
			<Placemark id="00B14959D738F1DE5B9F">
				<name>Pane è Cafe</name>
				<gx:mid>/g/11cn3q3295</gx:mid>
				<gx:fid>0x476d079aed01e189:0xb41f9937c5291ef</gx:fid>
				<LookAt>
					<longitude>16.3632613</longitude>
					<latitude>48.2031853</latitude>
					<altitude>0</altitude>
					<heading>0</heading>
					<tilt>0</tilt>
					<gx:fovy>35</gx:fovy>
					<range>676.0215047434747</range>
					<altitudeMode>relativeToGround</altitudeMode>
				</LookAt>
				<styleUrl>#__managed_style_1F73AE1E7C40DE0EE913</styleUrl>
				<Point>
					<altitudeMode>relativeToGround</altitudeMode>
					<coordinates>16.3632613,48.2031853,0</coordinates>
				</Point>
			</Placemark>
			<Placemark id="078C3B13BD38F1DF9B93">
				<name>Patisserie Marischka</name>
				<gx:mid>/g/11gs9wk_wn</gx:mid>
				<gx:fid>0x476d07d3106e8f15:0x2f1060e51ac0314b</gx:fid>
				<LookAt>
					<longitude>16.3791626</longitude>
					<latitude>48.21369259999999</latitude>
					<altitude>0</altitude>
					<heading>0</heading>
					<tilt>0</tilt>
					<gx:fovy>35</gx:fovy>
					<range>675.8712808844328</range>
					<altitudeMode>relativeToGround</altitudeMode>
				</LookAt>
				<styleUrl>#__managed_style_1F73AE1E7C40DE0EE913</styleUrl>
				<Point>
					<altitudeMode>relativeToGround</altitudeMode>
					<coordinates>16.3791626,48.21369259999999,0</coordinates>
				</Point>
			</Placemark>
			<Placemark id="0A4FD487DE38F1E11E3C">
				<name>No Panic Coffee</name>
				<gx:mid>/g/11s3clscws</gx:mid>
				<gx:fid>0x476d07bead853879:0xa900563458c5279f</gx:fid>
				<LookAt>
					<longitude>16.368518</longitude>
					<latitude>48.19815999999999</latitude>
					<altitude>0</altitude>
					<heading>0</heading>
					<tilt>0</tilt>
					<gx:fovy>35</gx:fovy>
					<range>676.0933448999572</range>
					<altitudeMode>relativeToGround</altitudeMode>
				</LookAt>
				<styleUrl>#__managed_style_1F73AE1E7C40DE0EE913</styleUrl>
				<Point>
					<altitudeMode>relativeToGround</altitudeMode>
					<coordinates>16.368523,48.19817419999999,0</coordinates>
				</Point>
			</Placemark>
			<Placemark id="044B7E413338F1E1B250">
				<name>Bio Cafe Blütezeit</name>
				<gx:mid>/g/11fx01d6js</gx:mid>
				<gx:fid>0x476d07108747db53:0x3184a3e21ae78b53</gx:fid>
				<LookAt>
					<longitude>16.3779085</longitude>
					<latitude>48.21055940000001</latitude>
					<altitude>0</altitude>
					<heading>0</heading>
					<tilt>0</tilt>
					<gx:fovy>35</gx:fovy>
					<range>675.9160786213569</range>
					<altitudeMode>relativeToGround</altitudeMode>
				</LookAt>
				<styleUrl>#__managed_style_1F73AE1E7C40DE0EE913</styleUrl>
				<Point>
					<altitudeMode>relativeToGround</altitudeMode>
					<coordinates>16.3779085,48.2105594,0</coordinates>
				</Point>
			</Placemark>
			<Placemark id="080D1F786E38F1E284A0">
				<name>Café Caspar</name>
				<gx:mid>/g/11bwpz70f_</gx:mid>
				<gx:fid>0x476d07be19578f01:0xbc4a05f1406ff5ca</gx:fid>
				<LookAt>
					<longitude>16.3582027</longitude>
					<latitude>48.2126274</latitude>
					<altitude>0</altitude>
					<heading>0</heading>
					<tilt>0</tilt>
					<gx:fovy>35</gx:fovy>
					<range>675.8865110551723</range>
					<altitudeMode>relativeToGround</altitudeMode>
				</LookAt>
				<styleUrl>#__managed_style_1F73AE1E7C40DE0EE913</styleUrl>
				<Point>
					<altitudeMode>relativeToGround</altitudeMode>
					<coordinates>16.3582027,48.2126274,0</coordinates>
				</Point>
			</Placemark>
			<Placemark id="06238F5B9B38F20B6B5F">
				<name>Ramasuri</name>
				<gx:mid>/g/11cn20p_wp</gx:mid>
				<gx:fid>0x476d070a03f06333:0x58d1fcabd26979d7</gx:fid>
				<LookAt>
					<longitude>16.3822594</longitude>
					<latitude>48.2136771</latitude>
					<altitude>0</altitude>
					<heading>0</heading>
					<tilt>0</tilt>
					<gx:fovy>35</gx:fovy>
					<range>675.8715025040416</range>
					<altitudeMode>relativeToGround</altitudeMode>
				</LookAt>
				<styleUrl>#__managed_style_1F73AE1E7C40DE0EE913</styleUrl>
				<Point>
					<altitudeMode>relativeToGround</altitudeMode>
					<coordinates>16.3822594,48.21367709999999,0</coordinates>
				</Point>
			</Placemark>
		</Folder>
		<Folder id="0A75D9836138F154FB5B">
			<name>מסעדות</name>
			<styleUrl>#__managed_style_07729934E440DE0EE911</styleUrl>
			<Placemark id="0BA86958302DDBCC4A80">
				<name>אזור מסעדות</name>
				<snippet></snippet>
				<LookAt>
					<longitude>16.3778810633901</longitude>
					<latitude>48.21214561062498</latitude>
					<altitude>168.4844142703094</altitude>
					<heading>23.18527312121901</heading>
					<tilt>0</tilt>
					<gx:fovy>35</gx:fovy>
					<range>600.933313563728</range>
					<altitudeMode>absolute</altitudeMode>
				</LookAt>
				<styleUrl>#__managed_style_40F2450F9F40DE0EE918</styleUrl>
				<Point>
					<coordinates>16.37819394320138,48.21253781802302,168.421824200093</coordinates>
				</Point>
			</Placemark>
			<Placemark id="04B8DC7F3138F17CAB11">
				<name>The Bank Brasserie &amp; Bar</name>
				<gx:mid>/g/11bw3dwdks</gx:mid>
				<gx:fid>0x476d07ef4cbd3687:0x281314ee835fc973</gx:fid>
				<LookAt>
					<longitude>16.3681632</longitude>
					<latitude>48.2103565</latitude>
					<altitude>0</altitude>
					<heading>0</heading>
					<tilt>0</tilt>
					<gx:fovy>35</gx:fovy>
					<range>675.918979575593</range>
					<altitudeMode>relativeToGround</altitudeMode>
				</LookAt>
				<styleUrl>#__managed_style_444D6FEFE140DE0EE90C</styleUrl>
				<Point>
					<altitudeMode>relativeToGround</altitudeMode>
					<coordinates>16.3681632,48.2103565,0</coordinates>
				</Point>
			</Placemark>
			<Placemark id="03A93B87DC38F1800358">
				<name>Neue Hoheit Brasserie &amp; Bar</name>
				<gx:mid>/g/11t6xjcktr</gx:mid>
				<gx:fid>0x476d0753546ca57d:0x556a454a9b5d7b46</gx:fid>
				<LookAt>
					<longitude>16.3698187</longitude>
					<latitude>48.2099953</latitude>
					<altitude>0</altitude>
					<heading>0</heading>
					<tilt>0</tilt>
					<gx:fovy>35</gx:fovy>
					<range>675.9241437990856</range>
					<altitudeMode>relativeToGround</altitudeMode>
				</LookAt>
				<styleUrl>#__managed_style_444D6FEFE140DE0EE90C</styleUrl>
				<Point>
					<altitudeMode>relativeToGround</altitudeMode>
					<coordinates>16.3698187,48.2099953,0</coordinates>
				</Point>
			</Placemark>
			<Placemark id="07724AFE6638F198C19F">
				<name>Esterházykeller</name>
				<gx:mid>/g/1262v70pq</gx:mid>
				<gx:fid>0x476d07986b92f135:0x2cafaf38ccfcecff</gx:fid>
				<LookAt>
					<longitude>16.3673852</longitude>
					<latitude>48.2101036</latitude>
					<altitude>0</altitude>
					<heading>0</heading>
					<tilt>0</tilt>
					<gx:fovy>35</gx:fovy>
					<range>675.9225953923491</range>
					<altitudeMode>relativeToGround</altitudeMode>
				</LookAt>
				<styleUrl>#__managed_style_444D6FEFE140DE0EE90C</styleUrl>
				<Point>
					<altitudeMode>relativeToGround</altitudeMode>
					<coordinates>16.3673852,48.2101036,0</coordinates>
				</Point>
			</Placemark>
			<Placemark id="03A459A93138F1E69848">
				<name>NENI am Wasser</name>
				<gx:mid>/g/11qbpzp9y7</gx:mid>
				<gx:fid>0x476d075bed2bb64f:0x12068d9b7ea3f6b5</gx:fid>
				<LookAt>
					<longitude>16.3736468</longitude>
					<latitude>48.2169317</latitude>
					<altitude>0</altitude>
					<heading>0</heading>
					<tilt>0</tilt>
					<gx:fovy>35</gx:fovy>
					<range>675.8249671560868</range>
					<altitudeMode>relativeToGround</altitudeMode>
				</LookAt>
				<styleUrl>#__managed_style_444D6FEFE140DE0EE90C</styleUrl>
				<Point>
					<altitudeMode>relativeToGround</altitudeMode>
					<coordinates>16.3736468,48.2169317,0</coordinates>
				</Point>
			</Placemark>
			<Placemark id="01F8A7F14938F1E853B7">
				<name>Das Glückskind</name>
				<gx:mid>/g/11tt8ly1gn</gx:mid>
				<gx:fid>0x476d070095ef9099:0x62c916b8a5694b5a</gx:fid>
				<LookAt>
					<longitude>16.36864629999999</longitude>
					<latitude>48.20882439999999</latitude>
					<altitude>0</altitude>
					<heading>0</heading>
					<tilt>0</tilt>
					<gx:fovy>35</gx:fovy>
					<range>675.940884471637</range>
					<altitudeMode>relativeToGround</altitudeMode>
				</LookAt>
				<styleUrl>#__managed_style_444D6FEFE140DE0EE90C</styleUrl>
				<Point>
					<altitudeMode>relativeToGround</altitudeMode>
					<coordinates>16.3686463,48.2088244,0</coordinates>
				</Point>
			</Placemark>
			<Placemark id="02A19EAEFF38F1EBD7A8">
				<name>&amp;flora</name>
				<gx:mid>/g/11sx21pfm4</gx:mid>
				<gx:fid>0x476d07f5c4f14e13:0xaf78c452875702a8</gx:fid>
				<LookAt>
					<longitude>16.3564438</longitude>
					<latitude>48.20358419999999</latitude>
					<altitude>0</altitude>
					<heading>0</heading>
					<tilt>0</tilt>
					<gx:fovy>35</gx:fovy>
					<range>676.0158019957699</range>
					<altitudeMode>relativeToGround</altitudeMode>
				</LookAt>
				<styleUrl>#__managed_style_444D6FEFE140DE0EE90C</styleUrl>
				<Point>
					<altitudeMode>relativeToGround</altitudeMode>
					<coordinates>16.3565107,48.2035973,0</coordinates>
				</Point>
			</Placemark>
			<Placemark id="0E1D5AB4DE38F1ED6DB0">
				<name>Restaurant Limón - Mediterranes Rooftop Restaurant &amp; Bar in Wien</name>
				<gx:mid>/g/11f52sf4y_</gx:mid>
				<gx:fid>0x476d079d8043ffff:0xe5e60a1e9e60a580</gx:fid>
				<LookAt>
					<longitude>16.3749339</longitude>
					<latitude>48.20224200000001</latitude>
					<altitude>0</altitude>
					<heading>0</heading>
					<tilt>0</tilt>
					<gx:fovy>35</gx:fovy>
					<range>676.0349902195608</range>
					<altitudeMode>relativeToGround</altitudeMode>
				</LookAt>
				<styleUrl>#__managed_style_444D6FEFE140DE0EE90C</styleUrl>
				<Point>
					<altitudeMode>relativeToGround</altitudeMode>
					<coordinates>16.3749339,48.20224200000001,0</coordinates>
				</Point>
			</Placemark>
			<Placemark id="053351694238F1F101FC">
				<name>Elissar - Lebanese cuisine</name>
				<gx:mid>/g/11gbkw2zgy</gx:mid>
				<gx:fid>0x476d079df0c0b407:0x1c33955b51820470</gx:fid>
				<LookAt>
					<longitude>16.3754769</longitude>
					<latitude>48.2039511</latitude>
					<altitude>0</altitude>
					<heading>0</heading>
					<tilt>0</tilt>
					<gx:fovy>35</gx:fovy>
					<range>676.0105567006327</range>
					<altitudeMode>relativeToGround</altitudeMode>
				</LookAt>
				<styleUrl>#__managed_style_444D6FEFE140DE0EE90C</styleUrl>
				<Point>
					<altitudeMode>relativeToGround</altitudeMode>
					<coordinates>16.375481,48.2039468,0</coordinates>
				</Point>
			</Placemark>
			<Placemark id="0676CD79D738F200D287">
				<name>SKY Bar im STEFFL</name>
				<gx:mid>/g/11gzlcr_6</gx:mid>
				<gx:fid>0x476d079ebf1614c3:0x98dd1bf482c91c7c</gx:fid>
				<LookAt>
					<longitude>16.3715883</longitude>
					<latitude>48.2064714</latitude>
					<altitude>0</altitude>
					<heading>0</heading>
					<tilt>0</tilt>
					<gx:fovy>35</gx:fovy>
					<range>675.9745251992974</range>
					<altitudeMode>relativeToGround</altitudeMode>
				</LookAt>
				<styleUrl>#__managed_style_444D6FEFE140DE0EE90C</styleUrl>
				<Point>
					<altitudeMode>relativeToGround</altitudeMode>
					<coordinates>16.3715883,48.2064714,0</coordinates>
				</Point>
			</Placemark>
			<Placemark id="0CE6D8C96038F20E6CDC">
				<name>Lucullus Restaurant &amp; Catering</name>
				<gx:mid>/g/1v8kzdpv</gx:mid>
				<gx:fid>0x476d07706f46cc3f:0xa8456ce152136ee3</gx:fid>
				<LookAt>
					<longitude>16.3847949</longitude>
					<latitude>48.1988078</latitude>
					<altitude>0</altitude>
					<heading>0</heading>
					<tilt>0</tilt>
					<gx:fovy>35</gx:fovy>
					<range>676.0840844041832</range>
					<altitudeMode>relativeToGround</altitudeMode>
				</LookAt>
				<styleUrl>#__managed_style_444D6FEFE140DE0EE90C</styleUrl>
				<Point>
					<altitudeMode>relativeToGround</altitudeMode>
					<coordinates>16.3847949,48.1988078,0</coordinates>
				</Point>
			</Placemark>
			<Placemark id="09F7DBB17538F26854D0">
				<name>Heindl&apos;s Schmarren &amp; Palatschinkenkuchl</name>
				<gx:mid>/g/11bbtcksr4</gx:mid>
				<gx:fid>0x476d07a1d3a4a859:0x73b9f7738508a42</gx:fid>
				<LookAt>
					<longitude>16.3761086</longitude>
					<latitude>48.2101939</latitude>
					<altitude>0</altitude>
					<heading>0</heading>
					<tilt>0</tilt>
					<gx:fovy>35</gx:fovy>
					<range>675.9213043369176</range>
					<altitudeMode>relativeToGround</altitudeMode>
				</LookAt>
				<styleUrl>#__managed_style_444D6FEFE140DE0EE90C</styleUrl>
				<Point>
					<altitudeMode>relativeToGround</altitudeMode>
					<coordinates>16.3761086,48.2101939,0</coordinates>
				</Point>
			</Placemark>
			<Placemark id="061BE7C3BB38FD5890B6">
				<name>it&apos;s Amore</name>
				<gx:mid>/g/11j9cvm8m7</gx:mid>
				<gx:fid>0x476d07db8bed32bd:0xf0ddaf99e3d220a8</gx:fid>
				<LookAt>
					<longitude>16.4081239</longitude>
					<latitude>48.2301302</latitude>
					<altitude>0</altitude>
					<heading>0</heading>
					<tilt>0</tilt>
					<gx:fovy>35</gx:fovy>
					<range>675.6362310831985</range>
					<altitudeMode>relativeToGround</altitudeMode>
				</LookAt>
				<styleUrl>#__managed_style_444D6FEFE140DE0EE90C</styleUrl>
				<Point>
					<altitudeMode>relativeToGround</altitudeMode>
					<coordinates>16.4081239,48.2301302,0</coordinates>
				</Point>
			</Placemark>
			<Placemark id="0580136C4F38FD5FCD81">
				<name>Badeschiff Wien</name>
				<gx:mid>/g/113k6kj_n</gx:mid>
				<gx:fid>0x476d0799aaaaaaab:0xbc58dd6b6a367142</gx:fid>
				<LookAt>
					<longitude>16.3811212</longitude>
					<latitude>48.2117934</latitude>
					<altitude>0</altitude>
					<heading>0</heading>
					<tilt>0</tilt>
					<gx:fovy>35</gx:fovy>
					<range>675.8984353984398</range>
					<altitudeMode>relativeToGround</altitudeMode>
				</LookAt>
				<styleUrl>#__managed_style_444D6FEFE140DE0EE90C</styleUrl>
				<Point>
					<altitudeMode>relativeToGround</altitudeMode>
					<coordinates>16.3811212,48.2117934,0</coordinates>
				</Point>
			</Placemark>
			<Placemark id="085400686B38FD61A2C6">
				<name>Figlmüller – Restaurant Bäckerstraße</name>
				<gx:mid>/g/11b7rn9201</gx:mid>
				<gx:fid>0x476d079f82844f6d:0x7e5baade64dd9f0d</gx:fid>
				<LookAt>
					<longitude>16.3755254</longitude>
					<latitude>48.2092519</latitude>
					<altitude>0</altitude>
					<heading>0</heading>
					<tilt>0</tilt>
					<gx:fovy>35</gx:fovy>
					<range>675.934772417662</range>
					<altitudeMode>relativeToGround</altitudeMode>
				</LookAt>
				<styleUrl>#__managed_style_444D6FEFE140DE0EE90C</styleUrl>
				<Point>
					<altitudeMode>relativeToGround</altitudeMode>
					<coordinates>16.3755776,48.2092998,0</coordinates>
				</Point>
			</Placemark>
			<Placemark id="0F0C596A3138FD63D6DF">
				<name>Café Central</name>
				<gx:mid>/m/08fpph</gx:mid>
				<gx:fid>0x476d0797f70c3b2f:0x5bfa873ffb422e49</gx:fid>
				<LookAt>
					<longitude>16.3654339</longitude>
					<latitude>48.21042740000001</latitude>
					<altitude>0</altitude>
					<heading>0</heading>
					<tilt>0</tilt>
					<gx:fovy>35</gx:fovy>
					<range>675.9179658866609</range>
					<altitudeMode>relativeToGround</altitudeMode>
				</LookAt>
				<styleUrl>#__managed_style_1F73AE1E7C40DE0EE913</styleUrl>
				<Point>
					<altitudeMode>relativeToGround</altitudeMode>
					<coordinates>16.3654339,48.2104274,0</coordinates>
				</Point>
			</Placemark>
			<Placemark id="00BD1FB1F738FD662621">
				<name>Palmenhaus</name>
				<gx:mid>/g/121vx26z</gx:mid>
				<gx:fid>0x476da7e17fff0d83:0x1755573d1d568b9d</gx:fid>
				<LookAt>
					<longitude>16.3667286</longitude>
					<latitude>48.2051035</latitude>
					<altitude>0</altitude>
					<heading>0</heading>
					<tilt>0</tilt>
					<gx:fovy>35</gx:fovy>
					<range>675.9940815412286</range>
					<altitudeMode>relativeToGround</altitudeMode>
				</LookAt>
				<styleUrl>#__managed_style_444D6FEFE140DE0EE90C</styleUrl>
				<Point>
					<altitudeMode>relativeToGround</altitudeMode>
					<coordinates>16.3667273,48.2051027,0</coordinates>
				</Point>
			</Placemark>
			<Placemark id="043F4156F938FD696059">
				<name>Vytopna Railway Restaurant - Wien Naschmarkt</name>
				<gx:mid>/g/11hs_5rt3g</gx:mid>
				<gx:fid>0x476d07be17b907a7:0x3cac24ac48dd1d3e</gx:fid>
				<LookAt>
					<longitude>16.3631361</longitude>
					<latitude>48.1979841</latitude>
					<altitude>0</altitude>
					<heading>0</heading>
					<tilt>0</tilt>
					<gx:fovy>35</gx:fovy>
					<range>676.0958594302897</range>
					<altitudeMode>relativeToGround</altitudeMode>
				</LookAt>
				<styleUrl>#__managed_style_444D6FEFE140DE0EE90C</styleUrl>
				<Point>
					<altitudeMode>relativeToGround</altitudeMode>
					<coordinates>16.3631361,48.1979841,0</coordinates>
				</Point>
			</Placemark>
		</Folder>
		<Folder id="0CB906D34838F155163C">
			<name>ברים</name>
			<styleUrl>#__managed_style_07729934E440DE0EE911</styleUrl>
			<Placemark id="04F5D71A512DDB3B3E9A">
				<name>NeunDreiviertel - בר קוקטיילים הארי פוטר </name>
				<snippet></snippet>
				<LookAt>
					<longitude>16.37020530212629</longitude>
					<latitude>48.20109404619591</latitude>
					<altitude>200.4015908183723</altitude>
					<heading>357.6986438834938</heading>
					<tilt>0</tilt>
					<gx:fovy>35</gx:fovy>
					<range>281.8538392608025</range>
					<altitudeMode>absolute</altitudeMode>
				</LookAt>
				<styleUrl>#__managed_style_20356B7CD840DE0EE90E</styleUrl>
				<Point>
					<coordinates>16.36996940682717,48.20095737509232,199.1603120888678</coordinates>
				</Point>
			</Placemark>
			<Placemark id="0852B26AC232E3E8F9FC">
				<name>Josef Tiki Fusion Bar</name>
				<gx:mid>/g/11j0rqx6cy</gx:mid>
				<gx:fid>0x476d07b8ed521f3b:0x485cfa89adfb2e19</gx:fid>
				<LookAt>
					<longitude>16.3732987</longitude>
					<latitude>48.21164020000001</latitude>
					<altitude>0</altitude>
					<heading>0</heading>
					<tilt>0</tilt>
					<gx:fovy>35</gx:fovy>
					<range>675.90062580375</range>
					<altitudeMode>relativeToGround</altitudeMode>
				</LookAt>
				<styleUrl>#__managed_style_31B2F03F5540DE0EE914</styleUrl>
				<Point>
					<altitudeMode>relativeToGround</altitudeMode>
					<coordinates>16.3732987,48.2116402,0</coordinates>
				</Point>
			</Placemark>
			<Placemark id="01EE1640B338F170D410">
				<name>אזור ברים</name>
				<LookAt>
					<longitude>16.37500079454515</longitude>
					<latitude>48.21163332540203</latitude>
					<altitude>170.2017910034917</altitude>
					<heading>194.9519371682478</heading>
					<tilt>0</tilt>
					<gx:fovy>35</gx:fovy>
					<range>287.6274024389204</range>
					<altitudeMode>absolute</altitudeMode>
				</LookAt>
				<styleUrl>#__managed_style_20356B7CD840DE0EE90E</styleUrl>
				<Point>
					<coordinates>16.37403844556686,48.21184766274384,170.7774738213899</coordinates>
				</Point>
			</Placemark>
			<Placemark id="0BC699F7B938F17DF530">
				<name>Das LOFT</name>
				<gx:mid>/g/1tcvn20d</gx:mid>
				<gx:fid>0x476d07a0976ee7f1:0xa2c1075ade98f6e9</gx:fid>
				<LookAt>
					<longitude>16.379785</longitude>
					<latitude>48.2127326</latitude>
					<altitude>0</altitude>
					<heading>0</heading>
					<tilt>0</tilt>
					<gx:fovy>35</gx:fovy>
					<range>675.8850069204805</range>
					<altitudeMode>relativeToGround</altitudeMode>
				</LookAt>
				<styleUrl>#__managed_style_31B2F03F5540DE0EE914</styleUrl>
				<Point>
					<altitudeMode>relativeToGround</altitudeMode>
					<coordinates>16.379785,48.2127326,0</coordinates>
				</Point>
			</Placemark>
			<Placemark id="0F99F9AB5338F17EE524">
				<name>Cayo Coco</name>
				<gx:mid>/g/11vk8cf3vc</gx:mid>
				<gx:fid>0x476d07007da0dbf9:0x5f4ed45235564767</gx:fid>
				<LookAt>
					<longitude>16.3813143</longitude>
					<latitude>48.20115629999999</latitude>
					<altitude>0</altitude>
					<heading>0</heading>
					<tilt>0</tilt>
					<gx:fovy>35</gx:fovy>
					<range>676.0505112565336</range>
					<altitudeMode>relativeToGround</altitudeMode>
				</LookAt>
				<styleUrl>#__managed_style_31B2F03F5540DE0EE914</styleUrl>
				<Point>
					<altitudeMode>relativeToGround</altitudeMode>
					<coordinates>16.3812263,48.2011991,0</coordinates>
				</Point>
			</Placemark>
			<Placemark id="072E7E1D6438F2046B63">
				<name>360° OCEAN SKY</name>
				<gx:mid>/g/11b5wm35g_</gx:mid>
				<gx:fid>0x476d078ecb513ebb:0xda51e7fe0a19a978</gx:fid>
				<LookAt>
					<longitude>16.3529242</longitude>
					<latitude>48.19770279999999</latitude>
					<altitude>0</altitude>
					<heading>0</heading>
					<tilt>0</tilt>
					<gx:fovy>35</gx:fovy>
					<range>676.0998806659017</range>
					<altitudeMode>relativeToGround</altitudeMode>
				</LookAt>
				<styleUrl>#__managed_style_31B2F03F5540DE0EE914</styleUrl>
				<Point>
					<altitudeMode>relativeToGround</altitudeMode>
					<coordinates>16.3531409321151,48.19766020199948,0</coordinates>
				</Point>
			</Placemark>
			<Placemark id="0315C441CF38FD4A5969">
				<name>The View Cafe-Bar-Restaurant</name>
				<gx:mid>/g/12qfwrjn2</gx:mid>
				<gx:fid>0x476d071d9606a803:0xfd3f0315cef81b84</gx:fid>
				<LookAt>
					<longitude>16.4075866</longitude>
					<latitude>48.2247609</latitude>
					<altitude>0</altitude>
					<heading>0</heading>
					<tilt>0</tilt>
					<gx:fovy>35</gx:fovy>
					<range>675.7130148498176</range>
					<altitudeMode>relativeToGround</altitudeMode>
				</LookAt>
				<styleUrl>#__managed_style_18D573909640DE0EE916</styleUrl>
				<Point>
					<altitudeMode>relativeToGround</altitudeMode>
					<coordinates>16.4075866,48.22476089999999,0</coordinates>
				</Point>
			</Placemark>
			<Placemark id="0FB835BAB338FD60B37E">
				<name>Strandbar Herrmann</name>
				<gx:mid>/g/1tv3mh0x</gx:mid>
				<gx:fid>0x476d070bbf01f88d:0xb2485c4d2fec02e2</gx:fid>
				<LookAt>
					<longitude>16.3857175</longitude>
					<latitude>48.2118773</latitude>
					<altitude>0</altitude>
					<heading>0</heading>
					<tilt>0</tilt>
					<gx:fovy>35</gx:fovy>
					<range>675.897235820894</range>
					<altitudeMode>relativeToGround</altitudeMode>
				</LookAt>
				<styleUrl>#__managed_style_18D573909640DE0EE916</styleUrl>
				<Point>
					<altitudeMode>relativeToGround</altitudeMode>
					<coordinates>16.3857175,48.2118773,0</coordinates>
				</Point>
			</Placemark>
		</Folder>
	</Folder>
	<Folder id="070EEEB5EB324D97632E">
		<name>Road Trip</name>
		<snippet></snippet>
		<styleUrl>#__managed_style_07729934E440DE0EE911</styleUrl>
		<Folder id="0FEE0FBB7838F15504FB">
			<name>אטרקציות כללי</name>
			<styleUrl>#__managed_style_07729934E440DE0EE911</styleUrl>
			<Placemark id="07D6DC3E2C324D96FA0D">
				<name>אגם יפהפה - Wasserkraftwerke im zillertal</name>
				<snippet></snippet>
				<LookAt>
					<longitude>11.71058060274338</longitude>
					<latitude>47.02856372288385</latitude>
					<altitude>1786.60791278077</altitude>
					<heading>0</heading>
					<tilt>0</tilt>
					<gx:fovy>83.99560068740766</gx:fovy>
					<range>1971.915665261331</range>
					<altitudeMode>absolute</altitudeMode>
				</LookAt>
				<styleUrl>#__managed_style_07F54A2F8040DE0EE916</styleUrl>
				<Point>
					<coordinates>11.70690540732273,47.02840709219209,1785.425256124703</coordinates>
				</Point>
			</Placemark>
			<Placemark id="0C5BF9E308385B503178">
				<name>נקודת תצפית</name>
				<LookAt>
					<longitude>14.09140565088331</longitude>
					<latitude>47.5126577746879</latitude>
					<altitude>641.8130967942471</altitude>
					<heading>55.88821525096051</heading>
					<tilt>0</tilt>
					<gx:fovy>35</gx:fovy>
					<range>518.6530212573417</range>
					<altitudeMode>absolute</altitudeMode>
				</LookAt>
				<styleUrl>#__managed_style_08ABB3AFA440DE0EE90F</styleUrl>
				<Point>
					<coordinates>14.09152779654338,47.5122420906384,642.0329902321811</coordinates>
				</Point>
			</Placemark>
			<Placemark id="0500A4823838FD7007E4">
				<name>Fortress Hohensalzburg</name>
				<gx:mid>/m/025zzbn</gx:mid>
				<gx:fid>0x47769060272103bd:0x2b77bed3e9ec556b</gx:fid>
				<LookAt>
					<longitude>13.0476583</longitude>
					<latitude>47.79494829999999</latitude>
					<altitude>0</altitude>
					<heading>0</heading>
					<tilt>0</tilt>
					<gx:fovy>35</gx:fovy>
					<range>681.8426351050505</range>
					<altitudeMode>relativeToGround</altitudeMode>
				</LookAt>
				<styleUrl>#__managed_style_190086B37E40DE0EE911</styleUrl>
				<Point>
					<altitudeMode>relativeToGround</altitudeMode>
					<coordinates>13.0476583,47.79494829999999,0</coordinates>
				</Point>
			</Placemark>
			<Placemark id="013863D40638FD708650">
				<name>Kapitelplatz</name>
				<gx:mid>/g/1tdl0d2b</gx:mid>
				<gx:fid>0x47769061cf21b7e5:0x4557902232c4fdb2</gx:fid>
				<LookAt>
					<longitude>13.0463945</longitude>
					<latitude>47.7970322</latitude>
					<altitude>0</altitude>
					<heading>0</heading>
					<tilt>0</tilt>
					<gx:fovy>35</gx:fovy>
					<range>681.812997351873</range>
					<altitudeMode>relativeToGround</altitudeMode>
				</LookAt>
				<styleUrl>#__managed_style_019AD486D540DE0EE90B</styleUrl>
				<Point>
					<altitudeMode>relativeToGround</altitudeMode>
					<coordinates>13.04645494052591,47.79727406342769,0</coordinates>
				</Point>
			</Placemark>
			<Placemark id="01FA730A4338FD70B577">
				<name>Residenzplatz</name>
				<gx:mid>/m/05p15l_</gx:mid>
				<gx:fid>0x47769061ecb4dfbb:0x6ad591559c0e1eed</gx:fid>
				<LookAt>
					<longitude>13.0466679</longitude>
					<latitude>47.7985935</latitude>
					<altitude>0</altitude>
					<heading>0</heading>
					<tilt>0</tilt>
					<gx:fovy>35</gx:fovy>
					<range>681.790791628085</range>
					<altitudeMode>relativeToGround</altitudeMode>
				</LookAt>
				<styleUrl>#__managed_style_019AD486D540DE0EE90B</styleUrl>
				<Point>
					<altitudeMode>relativeToGround</altitudeMode>
					<coordinates>13.0466679,47.79859349999999,0</coordinates>
				</Point>
			</Placemark>
			<Placemark id="04473E71F138FD71301F">
				<name>Musikpavillon Grundlsee</name>
				<gx:mid>/g/11lggwrx1s</gx:mid>
				<gx:fid>0x477147e8c9bc2b95:0x1831dccc6b12a297</gx:fid>
				<LookAt>
					<longitude>13.8371774</longitude>
					<latitude>47.62576769999999</latitude>
					<altitude>0</altitude>
					<heading>0</heading>
					<tilt>0</tilt>
					<gx:fovy>35</gx:fovy>
					<range>684.24611142113</range>
					<altitudeMode>relativeToGround</altitudeMode>
				</LookAt>
				<styleUrl>#__managed_style_29E92C393A40DE0EE911</styleUrl>
				<Point>
					<altitudeMode>relativeToGround</altitudeMode>
					<coordinates>13.8371541,47.6257943,0</coordinates>
				</Point>
			</Placemark>
			<Placemark id="0F5DE8AAA738FD716D80">
				<name>Hauptplatz Linz</name>
				<gx:mid>/g/12148hlx</gx:mid>
				<gx:fid>0x47739719dfa50243:0xeecd03e396b6c102</gx:fid>
				<LookAt>
					<longitude>14.2866807</longitude>
					<latitude>48.3056687</latitude>
					<altitude>0</altitude>
					<heading>0</heading>
					<tilt>0</tilt>
					<gx:fovy>35</gx:fovy>
					<range>674.5554418544036</range>
					<altitudeMode>relativeToGround</altitudeMode>
				</LookAt>
				<styleUrl>#__managed_style_019AD486D540DE0EE90B</styleUrl>
				<Point>
					<altitudeMode>relativeToGround</altitudeMode>
					<coordinates>14.2866807,48.3056687,0</coordinates>
				</Point>
			</Placemark>
			<Placemark id="0937DFF9AA38FD719DF6">
				<name>Linzer Mariendom</name>
				<gx:mid>/g/1tfsrq20</gx:mid>
				<gx:fid>0x47739784d0291fe1:0xf57120080f3f8ae4</gx:fid>
				<LookAt>
					<longitude>14.2860651</longitude>
					<latitude>48.3002523</latitude>
					<altitude>0</altitude>
					<heading>0</heading>
					<tilt>0</tilt>
					<gx:fovy>35</gx:fovy>
					<range>674.6329727104322</range>
					<altitudeMode>relativeToGround</altitudeMode>
				</LookAt>
				<styleUrl>#__managed_style_190086B37E40DE0EE911</styleUrl>
				<Point>
					<altitudeMode>relativeToGround</altitudeMode>
					<coordinates>14.2860651,48.3002523,0</coordinates>
				</Point>
			</Placemark>
			<Placemark id="00706F9BED38FD71D533">
				<name>Main Square Of Graz</name>
				<gx:mid>/g/122fj24d</gx:mid>
				<gx:fid>0x476e3578b12f9ecd:0xd9b94cdbf5459e3a</gx:fid>
				<LookAt>
					<longitude>15.4382908</longitude>
					<latitude>47.07084990000001</latitude>
					<altitude>0</altitude>
					<heading>0</heading>
					<tilt>0</tilt>
					<gx:fovy>35</gx:fovy>
					<range>692.0924917492725</range>
					<altitudeMode>relativeToGround</altitudeMode>
				</LookAt>
				<styleUrl>#__managed_style_190086B37E40DE0EE911</styleUrl>
				<Point>
					<altitudeMode>relativeToGround</altitudeMode>
					<coordinates>15.4382908,47.0708499,0</coordinates>
				</Point>
			</Placemark>
			<Placemark id="07FD4BE5BB387CBDA270">
				<name>Schloss Hof</name>
				<gx:mid>/m/027fx_h</gx:mid>
				<gx:fid>0x476cf3b8b8f1e5b1:0x510bfe453bd2eca1</gx:fid>
				<LookAt>
					<longitude>16.937384</longitude>
					<latitude>48.2138375</latitude>
					<altitude>0</altitude>
					<heading>0</heading>
					<tilt>0</tilt>
					<gx:fovy>35</gx:fovy>
					<range>675.8692090964489</range>
					<altitudeMode>relativeToGround</altitudeMode>
				</LookAt>
				<styleUrl>#__managed_style_019AD486D540DE0EE90B</styleUrl>
				<Point>
					<altitudeMode>relativeToGround</altitudeMode>
					<coordinates>16.937384,48.2138375,0</coordinates>
				</Point>
			</Placemark>
			<Placemark id="0E6C037DB0324D8EAEE5">
				<name>אגם יפהפה - Achensee</name>
				<LookAt>
					<longitude>11.73581655861063</longitude>
					<latitude>47.47341460828724</latitude>
					<altitude>1585.830330711541</altitude>
					<heading>0</heading>
					<tilt>0</tilt>
					<gx:fovy>35</gx:fovy>
					<range>29309.6519505512</range>
					<altitudeMode>absolute</altitudeMode>
				</LookAt>
				<styleUrl>#__managed_style_07F54A2F8040DE0EE916</styleUrl>
				<Point>
					<coordinates>11.7081824059416,47.46235978898041,930.8341796199554</coordinates>
				</Point>
			</Placemark>
			<Placemark id="060510E9AE30470AD14B">
				<name>רחוב מרכזי</name>
				<LookAt>
					<longitude>13.04786931264085</longitude>
					<latitude>47.80416871173212</latitude>
					<altitude>443.7995015539389</altitude>
					<heading>359.1473841232523</heading>
					<tilt>0</tilt>
					<gx:fovy>57.06204157353456</gx:fovy>
					<range>191.4931057232207</range>
					<altitudeMode>absolute</altitudeMode>
				</LookAt>
				<styleUrl>#__managed_style_0D18C16BE840DE0EE90C</styleUrl>
				<LineString>
					<coordinates>
						13.04495016551625,47.80154278725307,0 13.04519380824764,47.80173880213574,0 13.04517821099841,47.80196841537595,0 13.04556578760042,47.80219193961655,0 13.04588824612282,47.80251733205717,0 13.04621614462248,47.80279608998725,0 13.04690101572782,47.80330997461378,0 13.04749456942158,47.80383091723045,0 13.04789909058476,47.80410592886395,0 13.04835812166193,47.80426554827098,0 
					</coordinates>
				</LineString>
			</Placemark>
			<Placemark id="031424F10430470DFED4">
				<name>רחוב ראשי</name>
				<LookAt>
					<longitude>13.04043965507502</longitude>
					<latitude>47.79999353149306</latitude>
					<altitude>421.0996880552539</altitude>
					<heading>39.37530619986713</heading>
					<tilt>0</tilt>
					<gx:fovy>71.66139623197459</gx:fovy>
					<range>129.00855766522</range>
					<altitudeMode>absolute</altitudeMode>
				</LookAt>
				<styleUrl>#__managed_style_0D18C16BE840DE0EE90C</styleUrl>
				<LineString>
					<coordinates>
						13.04672174531495,47.79930807918249,0 13.04658770307624,47.79956044308717,0 13.0463415475998,47.79974954637459,0 13.04587537399742,47.7999115353875,0 13.04522968876278,47.79999430128595,0 13.04452040526932,47.80006957895655,0 13.04362930998658,47.80010281855382,0 13.04277463692326,47.80008578994831,0 13.04179259603407,47.80000302993116,0 13.04103295178948,47.79998403666403,0 13.04021813666914,47.80001446990262,0 
					</coordinates>
				</LineString>
			</Placemark>
			<Placemark id="04192E0C65324D83717D">
				<name>MONDI Hotel am Grundlsee - Best dolev hotel</name>
				<gx:mid>/g/1thz0h30</gx:mid>
				<gx:fid>0x477146f51f7a02df:0x8998eedd3b0023f4</gx:fid>
				<LookAt>
					<longitude>13.8277778</longitude>
					<latitude>47.6195795</latitude>
					<altitude>0</altitude>
					<heading>0</heading>
					<tilt>0</tilt>
					<gx:fovy>35</gx:fovy>
					<range>684.3339249590921</range>
					<altitudeMode>relativeToGround</altitudeMode>
				</LookAt>
				<styleUrl>#__managed_style_1CBD131A4D40DE0EE90C</styleUrl>
				<Point>
					<altitudeMode>relativeToGround</altitudeMode>
					<coordinates>13.8277778,47.6195795,0</coordinates>
				</Point>
			</Placemark>
		</Folder>
		<Folder id="08B4C2557D38F154D046">
			<name>ערים עיירות</name>
			<styleUrl>#__managed_style_07729934E440DE0EE911</styleUrl>
			<Placemark id="0DE149CA43324D5940A9">
				<name>Saint Pölten</name>
				<gx:mid>/m/015v47</gx:mid>
				<gx:fid>0x476d874184713889:0x40097572de61ee0</gx:fid>
				<LookAt>
					<longitude>15.6475935</longitude>
					<latitude>48.193392</latitude>
					<altitude>0</altitude>
					<heading>0</heading>
					<tilt>0</tilt>
					<gx:fovy>35</gx:fovy>
					<range>30993.77588032696</range>
					<altitudeMode>relativeToGround</altitudeMode>
				</LookAt>
				<styleUrl>#__managed_style_2479AA359D40DE0EE90C</styleUrl>
				<Point>
					<altitudeMode>relativeToGround</altitudeMode>
					<coordinates>15.6306934,48.204549,0</coordinates>
				</Point>
			</Placemark>
			<Placemark id="004E06D218324D5A67B3">
				<name>Melk Abbey</name>
				<gx:mid>/m/02xc21</gx:mid>
				<gx:fid>0x477264473ec4b5af:0xabf949a4b96c1bc1</gx:fid>
				<LookAt>
					<longitude>15.3318346</longitude>
					<latitude>48.2283252</latitude>
					<altitude>0</altitude>
					<heading>0</heading>
					<tilt>0</tilt>
					<gx:fovy>35</gx:fovy>
					<range>675.6620440957082</range>
					<altitudeMode>relativeToGround</altitudeMode>
				</LookAt>
				<styleUrl>#__managed_style_2479AA359D40DE0EE90C</styleUrl>
				<Point>
					<altitudeMode>relativeToGround</altitudeMode>
					<coordinates>15.3318346,48.2283252,0</coordinates>
				</Point>
			</Placemark>
			<Placemark id="00A17E8E70324D5B62BC">
				<name>Grein</name>
				<gx:mid>/m/03gv72y</gx:mid>
				<gx:fid>0x47724de212266a85:0x40097572de64e70</gx:fid>
				<LookAt>
					<longitude>14.85063495</longitude>
					<latitude>48.2249401</latitude>
					<altitude>0</altitude>
					<heading>0</heading>
					<tilt>0</tilt>
					<gx:fovy>35</gx:fovy>
					<range>15487.34431189386</range>
					<altitudeMode>relativeToGround</altitudeMode>
				</LookAt>
				<styleUrl>#__managed_style_2479AA359D40DE0EE90C</styleUrl>
				<Point>
					<altitudeMode>relativeToGround</altitudeMode>
					<coordinates>14.8601933,48.2282185,0</coordinates>
				</Point>
			</Placemark>
			<Placemark id="0823BA29EB324D5D3805">
				<name>Steyr</name>
				<gx:mid>/m/03q9ll</gx:mid>
				<gx:fid>0x4773c5e1a55c2cf3:0x503d37d0a44aea6c</gx:fid>
				<LookAt>
					<longitude>14.4230834</longitude>
					<latitude>48.0562438</latitude>
					<altitude>0</altitude>
					<heading>0</heading>
					<tilt>0</tilt>
					<gx:fovy>35</gx:fovy>
					<range>15538.32205007624</range>
					<altitudeMode>relativeToGround</altitudeMode>
				</LookAt>
				<styleUrl>#__managed_style_2479AA359D40DE0EE90C</styleUrl>
				<Point>
					<altitudeMode>relativeToGround</altitudeMode>
					<coordinates>14.4195581,48.0498889,0</coordinates>
				</Point>
			</Placemark>
			<Placemark id="02662C253D324D5F3B42">
				<name>Waidhofen an der Ybbs</name>
				<gx:mid>/m/0909hj</gx:mid>
				<gx:fid>0x4772304296987325:0x218b62783ecadff9</gx:fid>
				<LookAt>
					<longitude>14.7910403</longitude>
					<latitude>47.95134934999999</latitude>
					<altitude>0</altitude>
					<heading>0</heading>
					<tilt>0</tilt>
					<gx:fovy>35</gx:fovy>
					<range>31139.90368661842</range>
					<altitudeMode>relativeToGround</altitudeMode>
				</LookAt>
				<styleUrl>#__managed_style_2479AA359D40DE0EE90C</styleUrl>
				<Point>
					<altitudeMode>relativeToGround</altitudeMode>
					<coordinates>14.7726968,47.9617126,0</coordinates>
				</Point>
			</Placemark>
			<Placemark id="09D1E01329324D602BEE">
				<name>Mariazell</name>
				<gx:mid>/m/07xd6m</gx:mid>
				<gx:fid>0x477206cc830dcfc1:0x56b9a90ae2ace698</gx:fid>
				<LookAt>
					<longitude>15.3272701</longitude>
					<latitude>47.775265</latitude>
					<altitude>0</altitude>
					<heading>0</heading>
					<tilt>0</tilt>
					<gx:fovy>35</gx:fovy>
					<range>7811.465401079638</range>
					<altitudeMode>relativeToGround</altitudeMode>
				</LookAt>
				<styleUrl>#__managed_style_2479AA359D40DE0EE90C</styleUrl>
				<Point>
					<altitudeMode>relativeToGround</altitudeMode>
					<coordinates>15.3148765,47.77024409999999,0</coordinates>
				</Point>
			</Placemark>
			<Placemark id="045D576509324D61BC04">
				<name>Villach</name>
				<gx:mid>/m/0162bg</gx:mid>
				<gx:fid>0x477083377b294137:0xad499e6600eff7e4</gx:fid>
				<LookAt>
					<longitude>13.8364667</longitude>
					<latitude>46.61336945</latitude>
					<altitude>0</altitude>
					<heading>0</heading>
					<tilt>0</tilt>
					<gx:fovy>35</gx:fovy>
					<range>31937.58184312265</range>
					<altitudeMode>relativeToGround</altitudeMode>
				</LookAt>
				<styleUrl>#__managed_style_2479AA359D40DE0EE90C</styleUrl>
				<Point>
					<altitudeMode>relativeToGround</altitudeMode>
					<coordinates>13.8506159,46.60849589999999,0</coordinates>
				</Point>
			</Placemark>
			<Placemark id="02F5C34269324D63A298">
				<name>Velden am Wörthersee</name>
				<gx:mid>/m/02qs4j2</gx:mid>
				<gx:fid>0x477078c60207a2cd:0x40097572de61cb0</gx:fid>
				<LookAt>
					<longitude>14.0500275</longitude>
					<latitude>46.6143808</latitude>
					<altitude>0</altitude>
					<heading>0</heading>
					<tilt>0</tilt>
					<gx:fovy>35</gx:fovy>
					<range>7984.246354579946</range>
					<altitudeMode>relativeToGround</altitudeMode>
				</LookAt>
				<styleUrl>#__managed_style_2479AA359D40DE0EE90C</styleUrl>
				<Point>
					<altitudeMode>relativeToGround</altitudeMode>
					<coordinates>14.0417102,46.6139483,0</coordinates>
				</Point>
			</Placemark>
			<Placemark id="0BA9B71913324D658EE0">
				<name>אגם יפהפה - Worthersee</name>
				<snippet></snippet>
				<LookAt>
					<longitude>14.16068725205077</longitude>
					<latitude>46.63119002725536</latitude>
					<altitude>447.5201384816001</altitude>
					<heading>0</heading>
					<tilt>0</tilt>
					<gx:fovy>84.258860712272</gx:fovy>
					<range>5225.442435165751</range>
					<altitudeMode>absolute</altitudeMode>
				</LookAt>
				<styleUrl>#__managed_style_1F3DE6271840DE0EE917</styleUrl>
				<Point>
					<coordinates>14.14463278987513,46.62604675071895,439.483144972889</coordinates>
				</Point>
			</Placemark>
			<Placemark id="011C2602FD324D723F99">
				<name>Ebensee</name>
				<gx:mid>/m/077ppz</gx:mid>
				<gx:fid>0x4771516e75b8d0cd:0x40097572de64830</gx:fid>
				<LookAt>
					<longitude>13.762295</longitude>
					<latitude>47.78107499999999</latitude>
					<altitude>0</altitude>
					<heading>0</heading>
					<tilt>0</tilt>
					<gx:fovy>35</gx:fovy>
					<range>31242.37016710501</range>
					<altitudeMode>relativeToGround</altitudeMode>
				</LookAt>
				<styleUrl>#__managed_style_2479AA359D40DE0EE90C</styleUrl>
				<Point>
					<altitudeMode>relativeToGround</altitudeMode>
					<coordinates>13.779037,47.8071383,0</coordinates>
				</Point>
			</Placemark>
			<Placemark id="0745A45F3D324D732585">
				<name>Gmunden</name>
				<gx:mid>/m/05fp7d</gx:mid>
				<gx:fid>0x4773fd7df9973719:0x5f983aa5f1949ec3</gx:fid>
				<LookAt>
					<longitude>13.837945</longitude>
					<latitude>47.8791649</latitude>
					<altitude>0</altitude>
					<heading>0</heading>
					<tilt>0</tilt>
					<gx:fovy>35</gx:fovy>
					<range>31183.3759633958</range>
					<altitudeMode>relativeToGround</altitudeMode>
				</LookAt>
				<styleUrl>#__managed_style_2479AA359D40DE0EE90C</styleUrl>
				<Point>
					<altitudeMode>relativeToGround</altitudeMode>
					<coordinates>13.79933,47.91839,0</coordinates>
				</Point>
			</Placemark>
			<Placemark id="05E1D7B84B324D737709">
				<name>Saint Wolfgang im Salzkammergut</name>
				<gx:mid>/m/0by3xy</gx:mid>
				<gx:fid>0x4776b1b691eccd85:0xb7596348a7bea156</gx:fid>
				<LookAt>
					<longitude>13.4417533</longitude>
					<latitude>47.7411186</latitude>
					<altitude>0</altitude>
					<heading>0</heading>
					<tilt>0</tilt>
					<gx:fovy>35</gx:fovy>
					<range>3417.797054696469</range>
					<altitudeMode>relativeToGround</altitudeMode>
				</LookAt>
				<styleUrl>#__managed_style_2479AA359D40DE0EE90C</styleUrl>
				<Point>
					<altitudeMode>relativeToGround</altitudeMode>
					<coordinates>13.4397113,47.7418278,0</coordinates>
				</Point>
			</Placemark>
			<Placemark id="0D3D887460324D76247C">
				<name>Unterach am Attersee</name>
				<gx:mid>/m/0c7hbb</gx:mid>
				<gx:fid>0x4776aeff439c715b:0xf4ff63afd9d93e75</gx:fid>
				<LookAt>
					<longitude>13.4852973</longitude>
					<latitude>47.80575975</latitude>
					<altitude>0</altitude>
					<heading>0</heading>
					<tilt>0</tilt>
					<gx:fovy>35</gx:fovy>
					<range>3412.413980568361</range>
					<altitudeMode>relativeToGround</altitudeMode>
				</LookAt>
				<styleUrl>#__managed_style_2479AA359D40DE0EE90C</styleUrl>
				<Point>
					<altitudeMode>relativeToGround</altitudeMode>
					<coordinates>13.4852973,47.8057603,0</coordinates>
				</Point>
			</Placemark>
			<Placemark id="0FC328DEBC324D7E82DB">
				<name>Salzburg</name>
				<gx:mid>/m/0b1mf</gx:mid>
				<gx:fid>0x47769adda908d4b1:0xc1e183a1412af73d</gx:fid>
				<LookAt>
					<longitude>13.0565799</longitude>
					<latitude>47.80280585</latitude>
					<altitude>0</altitude>
					<heading>0</heading>
					<tilt>0</tilt>
					<gx:fovy>35</gx:fovy>
					<range>31229.30847297303</range>
					<altitudeMode>relativeToGround</altitudeMode>
				</LookAt>
				<styleUrl>#__managed_style_2479AA359D40DE0EE90C</styleUrl>
				<Point>
					<altitudeMode>relativeToGround</altitudeMode>
					<coordinates>13.0448441,47.80141539999999,0</coordinates>
				</Point>
			</Placemark>
			<Placemark id="0ED66FFB73324D813C43">
				<name>Hallstatt</name>
				<gx:mid>/m/0272_z</gx:mid>
				<gx:fid>0x4771366f6e414663:0x16c165596a26c1ad</gx:fid>
				<LookAt>
					<longitude>13.61063</longitude>
					<latitude>47.53447</latitude>
					<altitude>0</altitude>
					<heading>0</heading>
					<tilt>0</tilt>
					<gx:fovy>35</gx:fovy>
					<range>31390.28092754663</range>
					<altitudeMode>relativeToGround</altitudeMode>
				</LookAt>
				<styleUrl>#__managed_style_2479AA359D40DE0EE90C</styleUrl>
				<Point>
					<altitudeMode>relativeToGround</altitudeMode>
					<coordinates>13.6492617,47.5622342,0</coordinates>
				</Point>
			</Placemark>
			<Placemark id="0659EFC8F1324D816E3C">
				<name>Bad Aussee</name>
				<gx:mid>/m/05hgrq</gx:mid>
				<gx:fid>0x4771462db9d6d345:0x3f32b87ea37559dc</gx:fid>
				<LookAt>
					<longitude>13.79676005</longitude>
					<latitude>47.57586505</latitude>
					<altitude>0</altitude>
					<heading>0</heading>
					<tilt>0</tilt>
					<gx:fovy>35</gx:fovy>
					<range>31365.4932051977</range>
					<altitudeMode>relativeToGround</altitudeMode>
				</LookAt>
				<styleUrl>#__managed_style_2479AA359D40DE0EE90C</styleUrl>
				<Point>
					<altitudeMode>relativeToGround</altitudeMode>
					<coordinates>13.782626,47.6092768,0</coordinates>
				</Point>
			</Placemark>
			<Placemark id="0ADE279388324D818E9D">
				<name>Altaussee</name>
				<gx:mid>/m/0268nm1</gx:mid>
				<gx:fid>0x477148bad6880a73:0x57ea84cb3fd3ba5a</gx:fid>
				<LookAt>
					<longitude>13.7632523</longitude>
					<latitude>47.63945835</latitude>
					<altitude>0</altitude>
					<heading>0</heading>
					<tilt>0</tilt>
					<gx:fovy>35</gx:fovy>
					<range>3426.257491852879</range>
					<altitudeMode>relativeToGround</altitudeMode>
				</LookAt>
				<styleUrl>#__managed_style_2479AA359D40DE0EE90C</styleUrl>
				<Point>
					<altitudeMode>relativeToGround</altitudeMode>
					<coordinates>13.7632523,47.6394589,0</coordinates>
				</Point>
			</Placemark>
			<Placemark id="0E0955D5C0324D870ABB">
				<name>Burg Hohenwerfen</name>
				<gx:mid>/m/02xyyf</gx:mid>
				<gx:fid>0x4776c4b39393290b:0xc963430affbd6793</gx:fid>
				<LookAt>
					<longitude>13.1889497</longitude>
					<latitude>47.4831763</latitude>
					<altitude>0</altitude>
					<heading>0</heading>
					<tilt>0</tilt>
					<gx:fovy>35</gx:fovy>
					<range>686.2677611189786</range>
					<altitudeMode>relativeToGround</altitudeMode>
				</LookAt>
				<styleUrl>#__managed_style_06D3A253AE40DE0EE910</styleUrl>
				<Point>
					<altitudeMode>relativeToGround</altitudeMode>
					<coordinates>13.1889497,47.4831763,0</coordinates>
				</Point>
			</Placemark>
			<Placemark id="07410A83E7324D87E3C1">
				<name>Innsbruck</name>
				<gx:mid>/m/0fhmy</gx:mid>
				<gx:fid>0x479d6ecfe1f8ca73:0x9d201c7d281d9b0d</gx:fid>
				<LookAt>
					<longitude>11.37879945</longitude>
					<latitude>47.28544795</latitude>
					<altitude>0</altitude>
					<heading>0</heading>
					<tilt>0</tilt>
					<gx:fovy>35</gx:fovy>
					<range>31539.05131531013</range>
					<altitudeMode>relativeToGround</altitudeMode>
				</LookAt>
				<styleUrl>#__managed_style_2479AA359D40DE0EE90C</styleUrl>
				<Point>
					<altitudeMode>relativeToGround</altitudeMode>
					<coordinates>11.3910349,47.26753219999999,0</coordinates>
				</Point>
			</Placemark>
			<Placemark id="035D1CE560324D885004">
				<name>Kitzbuhel</name>
				<gx:mid>/m/025syj</gx:mid>
				<gx:fid>0x47764d75e04e5d15:0xffb697fd4ba94b5a</gx:fid>
				<LookAt>
					<longitude>12.4251449</longitude>
					<latitude>47.436415</latitude>
					<altitude>0</altitude>
					<heading>0</heading>
					<tilt>0</tilt>
					<gx:fovy>35</gx:fovy>
					<range>15724.46586572565</range>
					<altitudeMode>relativeToGround</altitudeMode>
				</LookAt>
				<styleUrl>#__managed_style_2479AA359D40DE0EE90C</styleUrl>
				<Point>
					<altitudeMode>relativeToGround</altitudeMode>
					<coordinates>12.3925407,47.4492375,0</coordinates>
				</Point>
			</Placemark>
			<Placemark id="0E15A4A3CF324D886F2D">
				<name>Münichau</name>
				<gx:mid>/g/1tc__9f5</gx:mid>
				<gx:fid>0x47764c4577d74a85:0x143b5b0bb5bae1c8</gx:fid>
				<LookAt>
					<longitude>12.35252</longitude>
					<latitude>47.4646695</latitude>
					<altitude>0</altitude>
					<heading>0</heading>
					<tilt>0</tilt>
					<gx:fovy>35</gx:fovy>
					<range>3440.788152200793</range>
					<altitudeMode>relativeToGround</altitudeMode>
				</LookAt>
				<styleUrl>#__managed_style_2479AA359D40DE0EE90C</styleUrl>
				<Point>
					<altitudeMode>relativeToGround</altitudeMode>
					<coordinates>12.35252,47.46467,0</coordinates>
				</Point>
			</Placemark>
			<Placemark id="073E81160A324D946DAC">
				<name>Landeck</name>
				<gx:mid>/m/03mcc6</gx:mid>
				<gx:fid>0x479cc5bef45cb481:0xf4e50a98a1bc1662</gx:fid>
				<LookAt>
					<longitude>10.56603995</longitude>
					<latitude>47.1273</latitude>
					<altitude>0</altitude>
					<heading>0</heading>
					<tilt>0</tilt>
					<gx:fovy>35</gx:fovy>
					<range>15816.6113428652</range>
					<altitudeMode>relativeToGround</altitudeMode>
				</LookAt>
				<styleUrl>#__managed_style_2479AA359D40DE0EE90C</styleUrl>
				<Point>
					<altitudeMode>relativeToGround</altitudeMode>
					<coordinates>10.56558,47.14057,0</coordinates>
				</Point>
			</Placemark>
			<Placemark id="005C1230B7324D94A9B6">
				<name>Schruns</name>
				<gx:mid>/m/01_tng</gx:mid>
				<gx:fid>0x479b53f5b4b20f99:0x2de657aac05ed289</gx:fid>
				<LookAt>
					<longitude>9.92313665</longitude>
					<latitude>47.0709626</latitude>
					<altitude>0</altitude>
					<heading>0</heading>
					<tilt>0</tilt>
					<gx:fovy>35</gx:fovy>
					<range>7916.677845830572</range>
					<altitudeMode>relativeToGround</altitudeMode>
				</LookAt>
				<styleUrl>#__managed_style_2479AA359D40DE0EE90C</styleUrl>
				<Point>
					<altitudeMode>relativeToGround</altitudeMode>
					<coordinates>9.9198776,47.0800395,0</coordinates>
				</Point>
			</Placemark>
			<Placemark id="068D318975324D9538D5">
				<name>Vaduz</name>
				<gx:mid>/m/0g35d</gx:mid>
				<gx:fid>0x479b31665c517ef3:0x5143d97dca1b7b82</gx:fid>
				<LookAt>
					<longitude>9.52617225</longitude>
					<latitude>47.14271975</latitude>
					<altitude>0</altitude>
					<heading>0</heading>
					<tilt>0</tilt>
					<gx:fovy>35</gx:fovy>
					<range>7906.01284394254</range>
					<altitudeMode>relativeToGround</altitudeMode>
				</LookAt>
				<styleUrl>#__managed_style_2479AA359D40DE0EE90C</styleUrl>
				<Point>
					<altitudeMode>relativeToGround</altitudeMode>
					<coordinates>9.5210732,47.1410843,0</coordinates>
				</Point>
			</Placemark>
			<Placemark id="0E90B2A63A324D955959">
				<name>Triesenberg</name>
				<gx:mid>/g/1yg580kg1</gx:mid>
				<gx:fid>0x479b36a36c7205e3:0xba42eb8feaeef442</gx:fid>
				<LookAt>
					<longitude>9.555759950000001</longitude>
					<latitude>47.11370275</latitude>
					<altitude>0</altitude>
					<heading>0</heading>
					<tilt>0</tilt>
					<gx:fovy>35</gx:fovy>
					<range>15820.65405699627</range>
					<altitudeMode>relativeToGround</altitudeMode>
				</LookAt>
				<styleUrl>#__managed_style_2479AA359D40DE0EE90C</styleUrl>
				<Point>
					<altitudeMode>relativeToGround</altitudeMode>
					<coordinates>9.543409199999999,47.1182126,0</coordinates>
				</Point>
			</Placemark>
			<Placemark id="02600F3CFE38FD6D08D8">
				<name>Mondsee</name>
				<gx:mid>/m/043h2s</gx:mid>
				<gx:fid>0x4776a403b2d1f583:0x4d9ffdfb39a9730c</gx:fid>
				<LookAt>
					<longitude>13.38700505</longitude>
					<latitude>47.83278499999999</latitude>
					<altitude>0</altitude>
					<heading>0</heading>
					<tilt>0</tilt>
					<gx:fovy>35</gx:fovy>
					<range>15605.64081284549</range>
					<altitudeMode>relativeToGround</altitudeMode>
				</LookAt>
				<styleUrl>#__managed_style_2479AA359D40DE0EE90C</styleUrl>
				<Point>
					<altitudeMode>relativeToGround</altitudeMode>
					<coordinates>13.34861573250372,47.85475873352119,0</coordinates>
				</Point>
			</Placemark>
			<Placemark id="0B165F2CFE38FD6DED4C">
				<name>Techendorf</name>
				<gx:mid>/g/1tfsrpxl</gx:mid>
				<gx:fid>0x4770a8fbb56e856d:0x8d7c0e3b835702a5</gx:fid>
				<LookAt>
					<longitude>13.29263</longitude>
					<latitude>46.71757945</latitude>
					<altitude>0</altitude>
					<heading>0</heading>
					<tilt>0</tilt>
					<gx:fovy>35</gx:fovy>
					<range>3502.664710245007</range>
					<altitudeMode>relativeToGround</altitudeMode>
				</LookAt>
				<styleUrl>#__managed_style_2479AA359D40DE0EE90C</styleUrl>
				<Point>
					<altitudeMode>relativeToGround</altitudeMode>
					<coordinates>13.294301860799,46.71532891363797,0</coordinates>
				</Point>
			</Placemark>
			<Placemark id="0FAF6B212038FD6D6A98">
				<name>Lake view</name>
				<gx:mid>/g/11flggrcy_</gx:mid>
				<gx:fid>0x4776a5b224cc2c75:0x35a7062b5958e315</gx:fid>
				<LookAt>
					<longitude>13.3877189</longitude>
					<latitude>47.801477</latitude>
					<altitude>0</altitude>
					<heading>0</heading>
					<tilt>0</tilt>
					<gx:fovy>35</gx:fovy>
					<range>681.7497796297725</range>
					<altitudeMode>relativeToGround</altitudeMode>
				</LookAt>
				<styleUrl>#__managed_style_05349FA64640DE0EE918</styleUrl>
				<Point>
					<altitudeMode>relativeToGround</altitudeMode>
					<coordinates>13.37937118600843,47.81710130459659,0</coordinates>
				</Point>
			</Placemark>
			<Placemark id="0C521873DF3280C127BD">
				<name>Schärding</name>
				<gx:mid>/m/02pldrs</gx:mid>
				<gx:fid>0x47745c6209946c11:0xec787ae4fb90d539</gx:fid>
				<LookAt>
					<longitude>13.43949995</longitude>
					<latitude>48.460455</latitude>
					<altitude>0</altitude>
					<heading>0</heading>
					<tilt>0</tilt>
					<gx:fovy>35</gx:fovy>
					<range>7707.975218677199</range>
					<altitudeMode>relativeToGround</altitudeMode>
				</LookAt>
				<styleUrl>#__managed_style_2479AA359D40DE0EE90C</styleUrl>
				<Point>
					<altitudeMode>relativeToGround</altitudeMode>
					<coordinates>13.43151694957984,48.45682087655309,0</coordinates>
				</Point>
			</Placemark>
			<Placemark id="0F6F97368834403C2DAE">
				<name>Kufstein</name>
				<gx:mid>/m/025xr4</gx:mid>
				<gx:fid>0x4776375979441037:0x5124a5e46f015bde</gx:fid>
				<LookAt>
					<longitude>12.22432505</longitude>
					<latitude>47.58346004999999</latitude>
					<altitude>0</altitude>
					<heading>0</heading>
					<tilt>0</tilt>
					<gx:fovy>35</gx:fovy>
					<range>31360.94347407614</range>
					<altitudeMode>relativeToGround</altitudeMode>
				</LookAt>
				<styleUrl>#__managed_style_2E93BBE06D40DE0EE910</styleUrl>
				<Point>
					<altitudeMode>relativeToGround</altitudeMode>
					<coordinates>12.16911448970444,47.58281754538974,0</coordinates>
				</Point>
			</Placemark>
			<Placemark id="0696D16C2734851AC8B9">
				<name>Linz</name>
				<gx:mid>/m/0fhmf</gx:mid>
				<gx:fid>0x47739595fa99854d:0x7c53292c577975c4</gx:fid>
				<LookAt>
					<longitude>14.32746835</longitude>
					<latitude>48.29491715</latitude>
					<altitude>0</altitude>
					<heading>0</heading>
					<tilt>0</tilt>
					<gx:fovy>35</gx:fovy>
					<range>30932.31754508668</range>
					<altitudeMode>relativeToGround</altitudeMode>
				</LookAt>
				<styleUrl>#__managed_style_2479AA359D40DE0EE90C</styleUrl>
				<Point>
					<altitudeMode>relativeToGround</altitudeMode>
					<coordinates>14.285918,48.3069096,0</coordinates>
				</Point>
			</Placemark>
			<Placemark id="05C1677F1A36533ECD37">
				<name>Leoben</name>
				<gx:mid>/m/03r4dz</gx:mid>
				<gx:fid>0x4771df0d901f0d55:0xfe63ad4b999d6381</gx:fid>
				<LookAt>
					<longitude>15.12956</longitude>
					<latitude>47.35213495</latitude>
					<altitude>0</altitude>
					<heading>0</heading>
					<tilt>0</tilt>
					<gx:fovy>35</gx:fovy>
					<range>31499.26955894788</range>
					<altitudeMode>relativeToGround</altitudeMode>
				</LookAt>
				<styleUrl>#__managed_style_2E93BBE06D40DE0EE910</styleUrl>
				<Point>
					<altitudeMode>relativeToGround</altitudeMode>
					<coordinates>15.09436128593763,47.38096115300692,0</coordinates>
				</Point>
			</Placemark>
			<Placemark id="09709E396536774D9AE0">
				<name>Feldkirch</name>
				<gx:mid>/m/06td4s</gx:mid>
				<gx:fid>0x479b3bd82eb275cf:0xf91dbdbc8db78df0</gx:fid>
				<LookAt>
					<longitude>9.581826250000001</longitude>
					<latitude>47.25211494999999</latitude>
					<altitude>0</altitude>
					<heading>0</heading>
					<tilt>0</tilt>
					<gx:fovy>35</gx:fovy>
					<range>31558.91991785948</range>
					<altitudeMode>relativeToGround</altitudeMode>
				</LookAt>
				<styleUrl>#__managed_style_2479AA359D40DE0EE90C</styleUrl>
				<Point>
					<altitudeMode>relativeToGround</altitudeMode>
					<coordinates>9.596188891572339,47.23694183802605,0</coordinates>
				</Point>
			</Placemark>
		</Folder>
	</Folder>
</Document>
</kml>
