<?xml version="1.0" encoding="UTF-8"?>
<kml xmlns="http://www.opengis.net/kml/2.2" xmlns:gx="http://www.google.com/kml/ext/2.2" xmlns:kml="http://www.opengis.net/kml/2.2" xmlns:atom="http://www.w3.org/2005/Atom">
<Document id="1ylUW1k6VGcb9uWVfSDQ-3DuJ_J-cwEi7">
	<name>עודד - הונגריה</name>
	<visibility>0</visibility>
	<description>טיפים והערות כלליות:

לא כל ההונגרים דוברים אנגלית טובה

אטרקציות חובה:
בסטיון הדייגים
שייט בדנובה גם ביום ובעיקר בלילה!
קישור לשייט מומלץ: 
https://www.tripadvisor.com/AttractionProductReview-g274887-d26585020-Budapest_Sip_Sail_Prosecco_Cruise_Unlimited_Prosecco_more-Budapest_Central_Hungary.html

:אוכל מקומי חובה
קיורטוש, גולאש, לאנגוס

:הברים הטובים ביותר
Rumpus Tiki bar
Szimpla Kert 

:המסיבות הטובות ביותר
Instant Fogas

MAV - אתר רכבות של הונגריה
לא צריך מזומן מקבלים אשראי בכל מקום

https://www.odedthemapper.com/</description>
	<gx:CascadingStyle kml:id="__managed_style_2E32E7C0BE40DE0D66C8_normal">
		<Style>
			<IconStyle>
				<Icon>
					<href>https://earth.google.com/earth/document/icon?color=388e3c&amp;id=2370&amp;scale=4</href>
				</Icon>
				<hotSpot x="64" y="128" xunits="pixels" yunits="insetPixels"/>
			</IconStyle>
			<LabelStyle>
				<scale>0</scale>
			</LabelStyle>
			<LineStyle>
				<color>ff2dc0fb</color>
				<width>3.2</width>
			</LineStyle>
			<PolyStyle>
				<color>40ffffff</color>
			</PolyStyle>
			<BalloonStyle>
				<gx:displayMode>card</gx:displayMode>
			</BalloonStyle>
		</Style>
	</gx:CascadingStyle>
	<gx:CascadingStyle kml:id="__managed_style_0547A62CFD40DE0D66BB_normal">
		<Style>
			<IconStyle>
				<Icon>
					<href>https://earth.google.com/earth/document/icon?color=7b1fa2&amp;id=2156&amp;scale=4</href>
				</Icon>
				<hotSpot x="64" y="128" xunits="pixels" yunits="insetPixels"/>
			</IconStyle>
			<LabelStyle>
				<scale>0</scale>
			</LabelStyle>
			<LineStyle>
				<color>ff2dc0fb</color>
				<width>3.2</width>
			</LineStyle>
			<PolyStyle>
				<color>40ffffff</color>
			</PolyStyle>
			<BalloonStyle>
				<gx:displayMode>card</gx:displayMode>
			</BalloonStyle>
		</Style>
	</gx:CascadingStyle>
	<gx:CascadingStyle kml:id="__managed_style_190D94C9DE40DE0D66B4_normal">
		<Style>
			<IconStyle>
				<Icon>
					<href>https://earth.google.com/earth/document/icon?color=7b1fa2&amp;id=2163&amp;scale=4</href>
				</Icon>
				<hotSpot x="64" y="128" xunits="pixels" yunits="insetPixels"/>
			</IconStyle>
			<LabelStyle>
				<scale>0</scale>
			</LabelStyle>
			<LineStyle>
				<color>ff2dc0fb</color>
				<width>3.2</width>
			</LineStyle>
			<PolyStyle>
				<color>40ffffff</color>
			</PolyStyle>
			<BalloonStyle>
				<gx:displayMode>card</gx:displayMode>
			</BalloonStyle>
		</Style>
	</gx:CascadingStyle>
	<gx:CascadingStyle kml:id="__managed_style_152EF1E8BC40DE0D66C8_highlight">
		<Style>
			<IconStyle>
				<scale>1.2</scale>
				<Icon>
					<href>https://earth.google.com/earth/document/icon?color=7b1fa2&amp;id=2006&amp;scale=4</href>
				</Icon>
				<hotSpot x="64" y="128" xunits="pixels" yunits="insetPixels"/>
			</IconStyle>
			<LabelStyle>
				<scale>0</scale>
			</LabelStyle>
			<LineStyle>
				<color>ff2dc0fb</color>
				<width>4.8</width>
			</LineStyle>
			<PolyStyle>
				<color>40ffffff</color>
			</PolyStyle>
			<BalloonStyle>
				<gx:displayMode>card</gx:displayMode>
			</BalloonStyle>
		</Style>
	</gx:CascadingStyle>
	<gx:CascadingStyle kml:id="__managed_style_3A89370B8740DE0D66AC_highlight">
		<Style>
			<IconStyle>
				<scale>1.2</scale>
				<Icon>
					<href>https://earth.google.com/earth/document/icon?color=1976d2&amp;id=2000&amp;scale=4</href>
				</Icon>
				<hotSpot x="64" y="128" xunits="pixels" yunits="insetPixels"/>
			</IconStyle>
			<LabelStyle>
				<scale>0</scale>
			</LabelStyle>
			<LineStyle>
				<color>ffa21f7b</color>
				<width>4.8</width>
			</LineStyle>
			<PolyStyle>
				<color>40ffffff</color>
			</PolyStyle>
			<BalloonStyle>
			</BalloonStyle>
		</Style>
	</gx:CascadingStyle>
	<gx:CascadingStyle kml:id="__managed_style_12AF0007ED40DE0D66BC_normal">
		<Style>
			<IconStyle>
				<Icon>
					<href>https://earth.google.com/earth/document/icon?color=7b1fa2&amp;id=2163&amp;scale=4</href>
				</Icon>
				<hotSpot x="64" y="128" xunits="pixels" yunits="insetPixels"/>
			</IconStyle>
			<LabelStyle>
				<scale>0</scale>
			</LabelStyle>
			<LineStyle>
				<color>ff2dc0fb</color>
				<width>3.2</width>
			</LineStyle>
			<PolyStyle>
				<color>40ffffff</color>
			</PolyStyle>
			<BalloonStyle>
				<gx:displayMode>card</gx:displayMode>
			</BalloonStyle>
		</Style>
	</gx:CascadingStyle>
	<StyleMap id="__managed_style_12AF0007ED40DE0D66BC">
		<Pair>
			<key>normal</key>
			<styleUrl>#__managed_style_12AF0007ED40DE0D66BC_normal</styleUrl>
		</Pair>
		<Pair>
			<key>highlight</key>
			<styleUrl>#__managed_style_12AF0007ED40DE0D66BC_highlight</styleUrl>
		</Pair>
	</StyleMap>
	<gx:CascadingStyle kml:id="__managed_style_0AA73B00E040DE0D66C1_highlight">
		<Style>
			<IconStyle>
				<scale>1.2</scale>
				<Icon>
					<href>https://earth.google.com/earth/document/icon?color=fbc02d&amp;id=2005&amp;scale=4</href>
				</Icon>
				<hotSpot x="64" y="128" xunits="pixels" yunits="insetPixels"/>
			</IconStyle>
			<LabelStyle>
				<scale>0</scale>
			</LabelStyle>
			<LineStyle>
				<color>ff2dc0fb</color>
				<width>4.8</width>
			</LineStyle>
			<PolyStyle>
				<color>40ffffff</color>
			</PolyStyle>
			<BalloonStyle>
				<gx:displayMode>card</gx:displayMode>
			</BalloonStyle>
		</Style>
	</gx:CascadingStyle>
	<StyleMap id="__managed_style_0AA73B00E040DE0D66C1">
		<Pair>
			<key>normal</key>
			<styleUrl>#__managed_style_0AA73B00E040DE0D66C1_normal</styleUrl>
		</Pair>
		<Pair>
			<key>highlight</key>
			<styleUrl>#__managed_style_0AA73B00E040DE0D66C1_highlight</styleUrl>
		</Pair>
	</StyleMap>
	<gx:CascadingStyle kml:id="__managed_style_1035970AE340DE0D66AB_highlight">
		<Style>
			<IconStyle>
				<scale>1.2</scale>
				<Icon>
					<href>https://earth.google.com/earth/document/icon?color=1976d2&amp;id=2074&amp;scale=4</href>
				</Icon>
				<hotSpot x="64" y="128" xunits="pixels" yunits="insetPixels"/>
			</IconStyle>
			<LabelStyle>
				<scale>0</scale>
			</LabelStyle>
			<LineStyle>
				<color>ff2dc0fb</color>
				<width>4.8</width>
			</LineStyle>
			<PolyStyle>
				<color>40ffffff</color>
			</PolyStyle>
			<BalloonStyle>
				<gx:displayMode>card</gx:displayMode>
			</BalloonStyle>
		</Style>
	</gx:CascadingStyle>
	<StyleMap id="__managed_style_1035970AE340DE0D66AB">
		<Pair>
			<key>normal</key>
			<styleUrl>#__managed_style_1035970AE340DE0D66AB_normal</styleUrl>
		</Pair>
		<Pair>
			<key>highlight</key>
			<styleUrl>#__managed_style_1035970AE340DE0D66AB_highlight</styleUrl>
		</Pair>
	</StyleMap>
	<gx:CascadingStyle kml:id="__managed_style_02DE9B01A740DE0D66BC_highlight">
		<Style>
			<IconStyle>
				<scale>1.2</scale>
				<Icon>
					<href>https://earth.google.com/earth/document/icon?color=1976d2&amp;id=2074&amp;scale=4</href>
				</Icon>
				<hotSpot x="64" y="128" xunits="pixels" yunits="insetPixels"/>
			</IconStyle>
			<LabelStyle>
				<scale>0</scale>
			</LabelStyle>
			<LineStyle>
				<color>ff2dc0fb</color>
				<width>4.8</width>
			</LineStyle>
			<PolyStyle>
				<color>40ffffff</color>
			</PolyStyle>
			<BalloonStyle>
				<gx:displayMode>card</gx:displayMode>
			</BalloonStyle>
		</Style>
	</gx:CascadingStyle>
	<gx:CascadingStyle kml:id="__managed_style_02DE9B01A740DE0D66BC_normal">
		<Style>
			<IconStyle>
				<Icon>
					<href>https://earth.google.com/earth/document/icon?color=1976d2&amp;id=2074&amp;scale=4</href>
				</Icon>
				<hotSpot x="64" y="128" xunits="pixels" yunits="insetPixels"/>
			</IconStyle>
			<LabelStyle>
				<scale>0</scale>
			</LabelStyle>
			<LineStyle>
				<color>ff2dc0fb</color>
				<width>3.2</width>
			</LineStyle>
			<PolyStyle>
				<color>40ffffff</color>
			</PolyStyle>
			<BalloonStyle>
				<gx:displayMode>card</gx:displayMode>
			</BalloonStyle>
		</Style>
	</gx:CascadingStyle>
	<gx:CascadingStyle kml:id="__managed_style_184329289040DE0D66C1_highlight">
		<styleUrl>https://earth.google.com/balloon_components/base/1.1.0.0/none_template.kml#main</styleUrl>
		<Style>
			<IconStyle>
				<scale>1.2</scale>
				<Icon>
					<href>https://earth.google.com/earth/document/icon?color=42a5f5&amp;id=2328&amp;scale=4</href>
				</Icon>
				<hotSpot x="64" y="128" xunits="pixels" yunits="insetPixels"/>
			</IconStyle>
			<LabelStyle>
				<scale>0</scale>
			</LabelStyle>
			<LineStyle>
				<color>ff2dc0fb</color>
				<width>4.8</width>
			</LineStyle>
			<PolyStyle>
				<color>40ffffff</color>
			</PolyStyle>
			<BalloonStyle>
				<displayMode>hide</displayMode>
			</BalloonStyle>
		</Style>
	</gx:CascadingStyle>
	<gx:CascadingStyle kml:id="__managed_style_184329289040DE0D66C1_normal">
		<styleUrl>https://earth.google.com/balloon_components/base/1.1.0.0/none_template.kml#main</styleUrl>
		<Style>
			<IconStyle>
				<Icon>
					<href>https://earth.google.com/earth/document/icon?color=42a5f5&amp;id=2328&amp;scale=4</href>
				</Icon>
				<hotSpot x="64" y="128" xunits="pixels" yunits="insetPixels"/>
			</IconStyle>
			<LabelStyle>
				<scale>0</scale>
			</LabelStyle>
			<LineStyle>
				<color>ff2dc0fb</color>
				<width>3.2</width>
			</LineStyle>
			<PolyStyle>
				<color>40ffffff</color>
			</PolyStyle>
			<BalloonStyle>
				<displayMode>hide</displayMode>
			</BalloonStyle>
		</Style>
	</gx:CascadingStyle>
	<StyleMap id="__managed_style_184329289040DE0D66C1">
		<Pair>
			<key>normal</key>
			<styleUrl>#__managed_style_184329289040DE0D66C1_normal</styleUrl>
		</Pair>
		<Pair>
			<key>highlight</key>
			<styleUrl>#__managed_style_184329289040DE0D66C1_highlight</styleUrl>
		</Pair>
	</StyleMap>
	<gx:CascadingStyle kml:id="__managed_style_07A1F7A2CA40DE0D66B7_highlight">
		<styleUrl>https://earth.google.com/balloon_components/base/1.1.0.0/card_template.kml#main</styleUrl>
		<Style>
			<IconStyle>
				<scale>1.2</scale>
				<Icon>
					<href>https://earth.google.com/earth/document/icon?color=42a5f5&amp;id=2328&amp;scale=4</href>
				</Icon>
				<hotSpot x="64" y="128" xunits="pixels" yunits="insetPixels"/>
			</IconStyle>
			<LabelStyle>
				<scale>0</scale>
			</LabelStyle>
			<LineStyle>
				<color>ff2dc0fb</color>
				<width>4.8</width>
			</LineStyle>
			<PolyStyle>
				<color>40ffffff</color>
			</PolyStyle>
			<BalloonStyle>
			</BalloonStyle>
		</Style>
	</gx:CascadingStyle>
	<gx:CascadingStyle kml:id="__managed_style_07A1F7A2CA40DE0D66B7_normal">
		<styleUrl>https://earth.google.com/balloon_components/base/1.1.0.0/card_template.kml#main</styleUrl>
		<Style>
			<IconStyle>
				<Icon>
					<href>https://earth.google.com/earth/document/icon?color=42a5f5&amp;id=2328&amp;scale=4</href>
				</Icon>
				<hotSpot x="64" y="128" xunits="pixels" yunits="insetPixels"/>
			</IconStyle>
			<LabelStyle>
				<scale>0</scale>
			</LabelStyle>
			<LineStyle>
				<color>ff2dc0fb</color>
				<width>3.2</width>
			</LineStyle>
			<PolyStyle>
				<color>40ffffff</color>
			</PolyStyle>
			<BalloonStyle>
			</BalloonStyle>
		</Style>
	</gx:CascadingStyle>
	<gx:CascadingStyle kml:id="__managed_style_0E4C117D3440DE0D66BF_highlight">
		<Style>
			<IconStyle>
				<scale>1.2</scale>
				<Icon>
					<href>https://earth.google.com/earth/document/icon?color=1976d2&amp;id=2000&amp;scale=4</href>
				</Icon>
				<hotSpot x="64" y="128" xunits="pixels" yunits="insetPixels"/>
			</IconStyle>
			<LabelStyle>
				<scale>0</scale>
			</LabelStyle>
			<LineStyle>
				<color>ff2dc0fb</color>
				<width>4.8</width>
			</LineStyle>
			<PolyStyle>
				<color>40ffffff</color>
			</PolyStyle>
			<BalloonStyle>
			</BalloonStyle>
		</Style>
	</gx:CascadingStyle>
	<gx:CascadingStyle kml:id="__managed_style_0E4C117D3440DE0D66BF_normal">
		<Style>
			<IconStyle>
				<Icon>
					<href>https://earth.google.com/earth/document/icon?color=1976d2&amp;id=2000&amp;scale=4</href>
				</Icon>
				<hotSpot x="64" y="128" xunits="pixels" yunits="insetPixels"/>
			</IconStyle>
			<LabelStyle>
				<scale>0</scale>
			</LabelStyle>
			<LineStyle>
				<color>ff2dc0fb</color>
				<width>3.2</width>
			</LineStyle>
			<PolyStyle>
				<color>40ffffff</color>
			</PolyStyle>
			<BalloonStyle>
			</BalloonStyle>
		</Style>
	</gx:CascadingStyle>
	<gx:CascadingStyle kml:id="__managed_style_0547A62CFD40DE0D66BB_highlight">
		<Style>
			<IconStyle>
				<scale>1.2</scale>
				<Icon>
					<href>https://earth.google.com/earth/document/icon?color=7b1fa2&amp;id=2156&amp;scale=4</href>
				</Icon>
				<hotSpot x="64" y="128" xunits="pixels" yunits="insetPixels"/>
			</IconStyle>
			<LabelStyle>
				<scale>0</scale>
			</LabelStyle>
			<LineStyle>
				<color>ff2dc0fb</color>
				<width>4.8</width>
			</LineStyle>
			<PolyStyle>
				<color>40ffffff</color>
			</PolyStyle>
			<BalloonStyle>
				<gx:displayMode>card</gx:displayMode>
			</BalloonStyle>
		</Style>
	</gx:CascadingStyle>
	<StyleMap id="__managed_style_1F492D61EB40DE0D66B8">
		<Pair>
			<key>normal</key>
			<styleUrl>#__managed_style_1F492D61EB40DE0D66B8_normal</styleUrl>
		</Pair>
		<Pair>
			<key>highlight</key>
			<styleUrl>#__managed_style_1F492D61EB40DE0D66B8_highlight</styleUrl>
		</Pair>
	</StyleMap>
	<gx:CascadingStyle kml:id="__managed_style_3D8FEDC61240DE0D66B8_highlight">
		<Style>
			<IconStyle>
				<scale>1.2</scale>
				<Icon>
					<href>https://earth.google.com/earth/document/icon?color=388e3c&amp;id=2365&amp;scale=4</href>
				</Icon>
				<hotSpot x="64" y="128" xunits="pixels" yunits="insetPixels"/>
			</IconStyle>
			<LabelStyle>
				<scale>0</scale>
			</LabelStyle>
			<LineStyle>
				<color>ff2dc0fb</color>
				<width>4.8</width>
			</LineStyle>
			<PolyStyle>
				<color>40ffffff</color>
			</PolyStyle>
			<BalloonStyle>
				<displayMode>hide</displayMode>
			</BalloonStyle>
		</Style>
	</gx:CascadingStyle>
	<gx:CascadingStyle kml:id="__managed_style_3D8FEDC61240DE0D66B8_normal">
		<Style>
			<IconStyle>
				<Icon>
					<href>https://earth.google.com/earth/document/icon?color=388e3c&amp;id=2365&amp;scale=4</href>
				</Icon>
				<hotSpot x="64" y="128" xunits="pixels" yunits="insetPixels"/>
			</IconStyle>
			<LabelStyle>
				<scale>0</scale>
			</LabelStyle>
			<LineStyle>
				<color>ff2dc0fb</color>
				<width>3.2</width>
			</LineStyle>
			<PolyStyle>
				<color>40ffffff</color>
			</PolyStyle>
			<BalloonStyle>
				<displayMode>hide</displayMode>
			</BalloonStyle>
		</Style>
	</gx:CascadingStyle>
	<gx:CascadingStyle kml:id="__managed_style_3A89370B8740DE0D66AC_normal">
		<Style>
			<IconStyle>
				<Icon>
					<href>https://earth.google.com/earth/document/icon?color=1976d2&amp;id=2000&amp;scale=4</href>
				</Icon>
				<hotSpot x="64" y="128" xunits="pixels" yunits="insetPixels"/>
			</IconStyle>
			<LabelStyle>
				<scale>0</scale>
			</LabelStyle>
			<LineStyle>
				<color>ffa21f7b</color>
				<width>3.2</width>
			</LineStyle>
			<PolyStyle>
				<color>40ffffff</color>
			</PolyStyle>
			<BalloonStyle>
			</BalloonStyle>
		</Style>
	</gx:CascadingStyle>
	<StyleMap id="__managed_style_0367454EBF40DE0D66C8">
		<Pair>
			<key>normal</key>
			<styleUrl>#__managed_style_0367454EBF40DE0D66C8_normal</styleUrl>
		</Pair>
		<Pair>
			<key>highlight</key>
			<styleUrl>#__managed_style_0367454EBF40DE0D66C8_highlight</styleUrl>
		</Pair>
	</StyleMap>
	<StyleMap id="__managed_style_3D8FEDC61240DE0D66B8">
		<Pair>
			<key>normal</key>
			<styleUrl>#__managed_style_3D8FEDC61240DE0D66B8_normal</styleUrl>
		</Pair>
		<Pair>
			<key>highlight</key>
			<styleUrl>#__managed_style_3D8FEDC61240DE0D66B8_highlight</styleUrl>
		</Pair>
	</StyleMap>
	<gx:CascadingStyle kml:id="__managed_style_1A36D4D56C40DE0D66B1_normal">
		<Style>
			<IconStyle>
				<Icon>
					<href>https://earth.google.com/earth/document/icon?color=fbc02d&amp;id=2365&amp;scale=4</href>
				</Icon>
				<hotSpot x="64" y="128" xunits="pixels" yunits="insetPixels"/>
			</IconStyle>
			<LabelStyle>
				<scale>0</scale>
			</LabelStyle>
			<LineStyle>
				<color>ff2dc0fb</color>
				<width>3.2</width>
			</LineStyle>
			<PolyStyle>
				<color>40ffffff</color>
			</PolyStyle>
			<BalloonStyle>
				<displayMode>hide</displayMode>
			</BalloonStyle>
		</Style>
	</gx:CascadingStyle>
	<StyleMap id="__managed_style_1D60662B8040DE0D66B9">
		<Pair>
			<key>normal</key>
			<styleUrl>#__managed_style_1D60662B8040DE0D66B9_normal</styleUrl>
		</Pair>
		<Pair>
			<key>highlight</key>
			<styleUrl>#__managed_style_1D60662B8040DE0D66B9_highlight</styleUrl>
		</Pair>
	</StyleMap>
	<StyleMap id="__managed_style_1A36D4D56C40DE0D66B1">
		<Pair>
			<key>normal</key>
			<styleUrl>#__managed_style_1A36D4D56C40DE0D66B1_normal</styleUrl>
		</Pair>
		<Pair>
			<key>highlight</key>
			<styleUrl>#__managed_style_1A36D4D56C40DE0D66B1_highlight</styleUrl>
		</Pair>
	</StyleMap>
	<gx:CascadingStyle kml:id="__managed_style_0AFC3B4F7F40DE0D66B1_highlight">
		<Style>
			<IconStyle>
				<scale>1.2</scale>
				<Icon>
					<href>https://earth.google.com/earth/document/icon?color=1976d2&amp;id=2000&amp;scale=4</href>
				</Icon>
				<hotSpot x="64" y="128" xunits="pixels" yunits="insetPixels"/>
			</IconStyle>
			<LabelStyle>
				<scale>0</scale>
			</LabelStyle>
			<LineStyle>
				<color>ffd27619</color>
				<width>4.8</width>
			</LineStyle>
			<PolyStyle>
				<color>40ffffff</color>
			</PolyStyle>
			<BalloonStyle>
			</BalloonStyle>
		</Style>
	</gx:CascadingStyle>
	<gx:CascadingStyle kml:id="__managed_style_1D60662B8040DE0D66B9_normal">
		<Style>
			<IconStyle>
				<Icon>
					<href>https://earth.google.com/earth/document/icon?color=1976d2&amp;id=2000&amp;scale=4</href>
				</Icon>
				<hotSpot x="64" y="128" xunits="pixels" yunits="insetPixels"/>
			</IconStyle>
			<LabelStyle>
				<scale>0</scale>
			</LabelStyle>
			<LineStyle>
				<color>ff3c8e38</color>
				<width>3.2</width>
			</LineStyle>
			<PolyStyle>
				<color>403c8e38</color>
			</PolyStyle>
			<BalloonStyle>
			</BalloonStyle>
		</Style>
	</gx:CascadingStyle>
	<StyleMap id="__managed_style_036599843140DE0D66C3">
		<Pair>
			<key>normal</key>
			<styleUrl>#__managed_style_036599843140DE0D66C3_normal</styleUrl>
		</Pair>
		<Pair>
			<key>highlight</key>
			<styleUrl>#__managed_style_036599843140DE0D66C3_highlight</styleUrl>
		</Pair>
	</StyleMap>
	<gx:CascadingStyle kml:id="__managed_style_1FFEF1506E40DE0D66BF_highlight">
		<Style>
			<IconStyle>
				<scale>1.2</scale>
				<Icon>
					<href>https://earth.google.com/earth/document/icon?color=1976d2&amp;id=2000&amp;scale=4</href>
				</Icon>
				<hotSpot x="64" y="128" xunits="pixels" yunits="insetPixels"/>
			</IconStyle>
			<LabelStyle>
				<scale>0</scale>
			</LabelStyle>
			<LineStyle>
				<color>ff2f2fd3</color>
				<width>4.8</width>
			</LineStyle>
			<PolyStyle>
				<color>40ffffff</color>
			</PolyStyle>
			<BalloonStyle>
			</BalloonStyle>
		</Style>
	</gx:CascadingStyle>
	<StyleMap id="__managed_style_06BCF672BC40DE0D66B4">
		<Pair>
			<key>normal</key>
			<styleUrl>#__managed_style_06BCF672BC40DE0D66B4_normal</styleUrl>
		</Pair>
		<Pair>
			<key>highlight</key>
			<styleUrl>#__managed_style_06BCF672BC40DE0D66B4_highlight</styleUrl>
		</Pair>
	</StyleMap>
	<StyleMap id="__managed_style_1FFEF1506E40DE0D66BF">
		<Pair>
			<key>normal</key>
			<styleUrl>#__managed_style_1FFEF1506E40DE0D66BF_normal</styleUrl>
		</Pair>
		<Pair>
			<key>highlight</key>
			<styleUrl>#__managed_style_1FFEF1506E40DE0D66BF_highlight</styleUrl>
		</Pair>
	</StyleMap>
	<gx:CascadingStyle kml:id="__managed_style_0894522CAE40DE0D66B8_normal">
		<Style>
			<IconStyle>
				<Icon>
					<href>https://earth.google.com/earth/document/icon?color=d32f2f&amp;id=2365&amp;scale=4</href>
				</Icon>
				<hotSpot x="64" y="128" xunits="pixels" yunits="insetPixels"/>
			</IconStyle>
			<LabelStyle>
				<scale>0</scale>
			</LabelStyle>
			<LineStyle>
				<color>ff2dc0fb</color>
				<width>3.2</width>
			</LineStyle>
			<PolyStyle>
				<color>40ffffff</color>
			</PolyStyle>
			<BalloonStyle>
				<displayMode>hide</displayMode>
			</BalloonStyle>
		</Style>
	</gx:CascadingStyle>
	<StyleMap id="__managed_style_0894522CAE40DE0D66B8">
		<Pair>
			<key>normal</key>
			<styleUrl>#__managed_style_0894522CAE40DE0D66B8_normal</styleUrl>
		</Pair>
		<Pair>
			<key>highlight</key>
			<styleUrl>#__managed_style_0894522CAE40DE0D66B8_highlight</styleUrl>
		</Pair>
	</StyleMap>
	<gx:CascadingStyle kml:id="__managed_style_00933A624540DE0D66C7_highlight">
		<Style>
			<IconStyle>
				<scale>1.2</scale>
				<Icon>
					<href>https://earth.google.com/earth/document/icon?color=5d4037&amp;id=2365&amp;scale=4</href>
				</Icon>
				<hotSpot x="64" y="128" xunits="pixels" yunits="insetPixels"/>
			</IconStyle>
			<LabelStyle>
				<scale>0</scale>
			</LabelStyle>
			<LineStyle>
				<color>ff2dc0fb</color>
				<width>4.8</width>
			</LineStyle>
			<PolyStyle>
				<color>40ffffff</color>
			</PolyStyle>
			<BalloonStyle>
				<displayMode>hide</displayMode>
			</BalloonStyle>
		</Style>
	</gx:CascadingStyle>
	<gx:CascadingStyle kml:id="__managed_style_00933A624540DE0D66C7_normal">
		<Style>
			<IconStyle>
				<Icon>
					<href>https://earth.google.com/earth/document/icon?color=5d4037&amp;id=2365&amp;scale=4</href>
				</Icon>
				<hotSpot x="64" y="128" xunits="pixels" yunits="insetPixels"/>
			</IconStyle>
			<LabelStyle>
				<scale>0</scale>
			</LabelStyle>
			<LineStyle>
				<color>ff2dc0fb</color>
				<width>3.2</width>
			</LineStyle>
			<PolyStyle>
				<color>40ffffff</color>
			</PolyStyle>
			<BalloonStyle>
				<displayMode>hide</displayMode>
			</BalloonStyle>
		</Style>
	</gx:CascadingStyle>
	<StyleMap id="__managed_style_00933A624540DE0D66C7">
		<Pair>
			<key>normal</key>
			<styleUrl>#__managed_style_00933A624540DE0D66C7_normal</styleUrl>
		</Pair>
		<Pair>
			<key>highlight</key>
			<styleUrl>#__managed_style_00933A624540DE0D66C7_highlight</styleUrl>
		</Pair>
	</StyleMap>
	<StyleMap id="__managed_style_152EF1E8BC40DE0D66C8">
		<Pair>
			<key>normal</key>
			<styleUrl>#__managed_style_152EF1E8BC40DE0D66C8_normal</styleUrl>
		</Pair>
		<Pair>
			<key>highlight</key>
			<styleUrl>#__managed_style_152EF1E8BC40DE0D66C8_highlight</styleUrl>
		</Pair>
	</StyleMap>
	<gx:CascadingStyle kml:id="__managed_style_144C47F35840DE0D66AE_normal">
		<Style>
			<IconStyle>
				<Icon>
					<href>https://earth.google.com/earth/document/icon?color=1976d2&amp;id=2000&amp;scale=4</href>
				</Icon>
				<hotSpot x="64" y="128" xunits="pixels" yunits="insetPixels"/>
			</IconStyle>
			<LabelStyle>
				<scale>0</scale>
			</LabelStyle>
			<LineStyle>
				<color>ff2dc0fb</color>
				<width>3.2</width>
			</LineStyle>
			<PolyStyle>
				<color>40ffffff</color>
			</PolyStyle>
			<BalloonStyle>
			</BalloonStyle>
		</Style>
	</gx:CascadingStyle>
	<gx:CascadingStyle kml:id="__managed_style_04B61F98C840DE0D66C6_normal">
		<Style>
			<IconStyle>
				<Icon>
					<href>https://earth.google.com/earth/document/icon?color=000000&amp;id=2365&amp;scale=4</href>
				</Icon>
				<hotSpot x="64" y="128" xunits="pixels" yunits="insetPixels"/>
			</IconStyle>
			<LabelStyle>
				<scale>0</scale>
			</LabelStyle>
			<LineStyle>
				<color>ff2dc0fb</color>
				<width>3.2</width>
			</LineStyle>
			<PolyStyle>
				<color>40ffffff</color>
			</PolyStyle>
			<BalloonStyle>
			</BalloonStyle>
		</Style>
	</gx:CascadingStyle>
	<StyleMap id="__managed_style_07B086456640DE0D66B3">
		<Pair>
			<key>normal</key>
			<styleUrl>#__managed_style_07B086456640DE0D66B3_normal</styleUrl>
		</Pair>
		<Pair>
			<key>highlight</key>
			<styleUrl>#__managed_style_07B086456640DE0D66B3_highlight</styleUrl>
		</Pair>
	</StyleMap>
	<gx:CascadingStyle kml:id="__managed_style_1F492D61EB40DE0D66B8_highlight">
		<Style>
			<IconStyle>
				<scale>1.2</scale>
				<Icon>
					<href>https://earth.google.com/earth/document/icon?color=1976d2&amp;id=2000&amp;scale=4</href>
				</Icon>
				<hotSpot x="64" y="128" xunits="pixels" yunits="insetPixels"/>
			</IconStyle>
			<LabelStyle>
				<scale>0</scale>
			</LabelStyle>
			<LineStyle>
				<color>ff3c8e38</color>
				<width>4.8</width>
			</LineStyle>
			<PolyStyle>
				<color>40ffffff</color>
			</PolyStyle>
			<BalloonStyle>
			</BalloonStyle>
		</Style>
	</gx:CascadingStyle>
	<StyleMap id="__managed_style_11B71693BE40DE0D66C0">
		<Pair>
			<key>normal</key>
			<styleUrl>#__managed_style_11B71693BE40DE0D66C0_normal</styleUrl>
		</Pair>
		<Pair>
			<key>highlight</key>
			<styleUrl>#__managed_style_11B71693BE40DE0D66C0_highlight</styleUrl>
		</Pair>
	</StyleMap>
	<StyleMap id="__managed_style_04B61F98C840DE0D66C6">
		<Pair>
			<key>normal</key>
			<styleUrl>#__managed_style_04B61F98C840DE0D66C6_normal</styleUrl>
		</Pair>
		<Pair>
			<key>highlight</key>
			<styleUrl>#__managed_style_04B61F98C840DE0D66C6_highlight</styleUrl>
		</Pair>
	</StyleMap>
	<StyleMap id="__managed_style_239F8E021940DE0D66C4">
		<Pair>
			<key>normal</key>
			<styleUrl>#__managed_style_239F8E021940DE0D66C4_normal</styleUrl>
		</Pair>
		<Pair>
			<key>highlight</key>
			<styleUrl>#__managed_style_239F8E021940DE0D66C4_highlight</styleUrl>
		</Pair>
	</StyleMap>
	<StyleMap id="__managed_style_120B52C7C540DE0D66B7">
		<Pair>
			<key>normal</key>
			<styleUrl>#__managed_style_120B52C7C540DE0D66B7_normal</styleUrl>
		</Pair>
		<Pair>
			<key>highlight</key>
			<styleUrl>#__managed_style_120B52C7C540DE0D66B7_highlight</styleUrl>
		</Pair>
	</StyleMap>
	<StyleMap id="__managed_style_07FEF01CCC40DE0D66BE">
		<Pair>
			<key>normal</key>
			<styleUrl>#__managed_style_07FEF01CCC40DE0D66BE_normal</styleUrl>
		</Pair>
		<Pair>
			<key>highlight</key>
			<styleUrl>#__managed_style_07FEF01CCC40DE0D66BE_highlight</styleUrl>
		</Pair>
	</StyleMap>
	<gx:CascadingStyle kml:id="__managed_style_07B086456640DE0D66B3_highlight">
		<Style>
			<IconStyle>
				<scale>1.2</scale>
				<Icon>
					<href>https://earth.google.com/earth/document/icon?color=1976d2&amp;id=2365&amp;scale=4</href>
				</Icon>
				<hotSpot x="64" y="128" xunits="pixels" yunits="insetPixels"/>
			</IconStyle>
			<LabelStyle>
				<scale>0</scale>
			</LabelStyle>
			<LineStyle>
				<color>ff2dc0fb</color>
				<width>4.8</width>
			</LineStyle>
			<PolyStyle>
				<color>40ffffff</color>
			</PolyStyle>
			<BalloonStyle>
			</BalloonStyle>
		</Style>
	</gx:CascadingStyle>
	<StyleMap id="__managed_style_271A3017EA40DE0D66B1">
		<Pair>
			<key>normal</key>
			<styleUrl>#__managed_style_271A3017EA40DE0D66B1_normal</styleUrl>
		</Pair>
		<Pair>
			<key>highlight</key>
			<styleUrl>#__managed_style_271A3017EA40DE0D66B1_highlight</styleUrl>
		</Pair>
	</StyleMap>
	<gx:CascadingStyle kml:id="__managed_style_1A3B40136240DE0D66B0_highlight">
		<Style>
			<IconStyle>
				<scale>1.2</scale>
				<Icon>
					<href>https://earth.google.com/earth/document/icon?color=303f9f&amp;id=2130&amp;scale=4</href>
				</Icon>
				<hotSpot x="64" y="128" xunits="pixels" yunits="insetPixels"/>
			</IconStyle>
			<LabelStyle>
				<scale>0</scale>
			</LabelStyle>
			<LineStyle>
				<color>ff2dc0fb</color>
				<width>4.8</width>
			</LineStyle>
			<PolyStyle>
				<color>40ffffff</color>
			</PolyStyle>
			<BalloonStyle>
				<gx:displayMode>card</gx:displayMode>
			</BalloonStyle>
		</Style>
	</gx:CascadingStyle>
	<StyleMap id="__managed_style_1A3B40136240DE0D66B0">
		<Pair>
			<key>normal</key>
			<styleUrl>#__managed_style_1A3B40136240DE0D66B0_normal</styleUrl>
		</Pair>
		<Pair>
			<key>highlight</key>
			<styleUrl>#__managed_style_1A3B40136240DE0D66B0_highlight</styleUrl>
		</Pair>
	</StyleMap>
	<gx:CascadingStyle kml:id="__managed_style_2F3CDE7A7D40DE0D66AC_normal">
		<Style>
			<IconStyle>
				<Icon>
					<href>https://earth.google.com/earth/document/icon?color=1976d2&amp;id=2000&amp;scale=4</href>
				</Icon>
				<hotSpot x="64" y="128" xunits="pixels" yunits="insetPixels"/>
			</IconStyle>
			<LabelStyle>
				<scale>0</scale>
			</LabelStyle>
			<LineStyle>
				<color>ff007cf5</color>
				<width>3.2</width>
			</LineStyle>
			<PolyStyle>
				<color>40ffffff</color>
			</PolyStyle>
			<BalloonStyle>
			</BalloonStyle>
		</Style>
	</gx:CascadingStyle>
	<gx:CascadingStyle kml:id="__managed_style_271A3017EA40DE0D66B1_highlight">
		<Style>
			<IconStyle>
				<scale>1.2</scale>
				<Icon>
					<href>https://earth.google.com/earth/document/icon?color=303f9f&amp;id=2034&amp;scale=4</href>
				</Icon>
				<hotSpot x="64" y="128" xunits="pixels" yunits="insetPixels"/>
			</IconStyle>
			<LabelStyle>
				<scale>0</scale>
			</LabelStyle>
			<LineStyle>
				<color>ff2dc0fb</color>
				<width>4.8</width>
			</LineStyle>
			<PolyStyle>
				<color>40ffffff</color>
			</PolyStyle>
			<BalloonStyle>
				<gx:displayMode>card</gx:displayMode>
			</BalloonStyle>
		</Style>
	</gx:CascadingStyle>
	<gx:CascadingStyle kml:id="__managed_style_271A3017EA40DE0D66B1_normal">
		<Style>
			<IconStyle>
				<Icon>
					<href>https://earth.google.com/earth/document/icon?color=303f9f&amp;id=2034&amp;scale=4</href>
				</Icon>
				<hotSpot x="64" y="128" xunits="pixels" yunits="insetPixels"/>
			</IconStyle>
			<LabelStyle>
				<scale>0</scale>
			</LabelStyle>
			<LineStyle>
				<color>ff2dc0fb</color>
				<width>3.2</width>
			</LineStyle>
			<PolyStyle>
				<color>40ffffff</color>
			</PolyStyle>
			<BalloonStyle>
				<gx:displayMode>card</gx:displayMode>
			</BalloonStyle>
		</Style>
	</gx:CascadingStyle>
	<gx:CascadingStyle kml:id="__managed_style_0FFC677AC740DE0D66A6_normal">
		<Style>
			<IconStyle>
				<Icon>
					<href>https://earth.google.com/earth/document/icon?color=303f9f&amp;id=2339&amp;scale=4</href>
				</Icon>
				<hotSpot x="64" y="128" xunits="pixels" yunits="insetPixels"/>
			</IconStyle>
			<LabelStyle>
				<scale>0</scale>
			</LabelStyle>
			<LineStyle>
				<color>ff2dc0fb</color>
				<width>3.2</width>
			</LineStyle>
			<PolyStyle>
				<color>40ffffff</color>
			</PolyStyle>
			<BalloonStyle>
				<gx:displayMode>card</gx:displayMode>
			</BalloonStyle>
		</Style>
	</gx:CascadingStyle>
	<gx:CascadingStyle kml:id="__managed_style_0367454EBF40DE0D66C8_highlight">
		<Style>
			<IconStyle>
				<scale>1.2</scale>
				<Icon>
					<href>https://earth.google.com/earth/document/icon?color=388e3c&amp;id=2365&amp;scale=4</href>
				</Icon>
				<hotSpot x="64" y="128" xunits="pixels" yunits="insetPixels"/>
			</IconStyle>
			<LabelStyle>
				<scale>0</scale>
			</LabelStyle>
			<LineStyle>
				<color>ff2dc0fb</color>
				<width>4.8</width>
			</LineStyle>
			<PolyStyle>
				<color>40ffffff</color>
			</PolyStyle>
			<BalloonStyle>
			</BalloonStyle>
		</Style>
	</gx:CascadingStyle>
	<StyleMap id="__managed_style_0FFC677AC740DE0D66A6">
		<Pair>
			<key>normal</key>
			<styleUrl>#__managed_style_0FFC677AC740DE0D66A6_normal</styleUrl>
		</Pair>
		<Pair>
			<key>highlight</key>
			<styleUrl>#__managed_style_0FFC677AC740DE0D66A6_highlight</styleUrl>
		</Pair>
	</StyleMap>
	<gx:CascadingStyle kml:id="__managed_style_06BCF672BC40DE0D66B4_normal">
		<Style>
			<IconStyle>
				<Icon>
					<href>https://earth.google.com/earth/document/icon?color=1976d2&amp;id=2365&amp;scale=4</href>
				</Icon>
				<hotSpot x="64" y="128" xunits="pixels" yunits="insetPixels"/>
			</IconStyle>
			<LabelStyle>
				<scale>0</scale>
			</LabelStyle>
			<LineStyle>
				<color>ff2dc0fb</color>
				<width>3.2</width>
			</LineStyle>
			<PolyStyle>
				<color>40ffffff</color>
			</PolyStyle>
			<BalloonStyle>
				<displayMode>hide</displayMode>
			</BalloonStyle>
		</Style>
	</gx:CascadingStyle>
	<gx:CascadingStyle kml:id="__managed_style_1A3B40136240DE0D66B0_normal">
		<Style>
			<IconStyle>
				<Icon>
					<href>https://earth.google.com/earth/document/icon?color=303f9f&amp;id=2130&amp;scale=4</href>
				</Icon>
				<hotSpot x="64" y="128" xunits="pixels" yunits="insetPixels"/>
			</IconStyle>
			<LabelStyle>
				<scale>0</scale>
			</LabelStyle>
			<LineStyle>
				<color>ff2dc0fb</color>
				<width>3.2</width>
			</LineStyle>
			<PolyStyle>
				<color>40ffffff</color>
			</PolyStyle>
			<BalloonStyle>
				<gx:displayMode>card</gx:displayMode>
			</BalloonStyle>
		</Style>
	</gx:CascadingStyle>
	<gx:CascadingStyle kml:id="__managed_style_0B25EFFAD040DE0D66C0_highlight">
		<Style>
			<IconStyle>
				<scale>1.2</scale>
				<Icon>
					<href>https://earth.google.com/earth/document/icon?color=1976d2&amp;id=2000&amp;scale=4</href>
				</Icon>
				<hotSpot x="64" y="128" xunits="pixels" yunits="insetPixels"/>
			</IconStyle>
			<LabelStyle>
				<scale>0</scale>
			</LabelStyle>
			<LineStyle>
				<color>ff007cf5</color>
				<width>4.8</width>
			</LineStyle>
			<PolyStyle>
				<color>40ffffff</color>
			</PolyStyle>
			<BalloonStyle>
			</BalloonStyle>
		</Style>
	</gx:CascadingStyle>
	<gx:CascadingStyle kml:id="__managed_style_2E32E7C0BE40DE0D66C8_highlight">
		<Style>
			<IconStyle>
				<scale>1.2</scale>
				<Icon>
					<href>https://earth.google.com/earth/document/icon?color=388e3c&amp;id=2370&amp;scale=4</href>
				</Icon>
				<hotSpot x="64" y="128" xunits="pixels" yunits="insetPixels"/>
			</IconStyle>
			<LabelStyle>
				<scale>0</scale>
			</LabelStyle>
			<LineStyle>
				<color>ff2dc0fb</color>
				<width>4.8</width>
			</LineStyle>
			<PolyStyle>
				<color>40ffffff</color>
			</PolyStyle>
			<BalloonStyle>
				<gx:displayMode>card</gx:displayMode>
			</BalloonStyle>
		</Style>
	</gx:CascadingStyle>
	<gx:CascadingStyle kml:id="__managed_style_0BAD07375C40DE0D66B0_highlight">
		<Style>
			<IconStyle>
				<scale>1.2</scale>
				<Icon>
					<href>https://earth.google.com/earth/document/icon?color=fbc02d&amp;id=2365&amp;scale=4</href>
				</Icon>
				<hotSpot x="64" y="128" xunits="pixels" yunits="insetPixels"/>
			</IconStyle>
			<LabelStyle>
				<scale>0</scale>
			</LabelStyle>
			<LineStyle>
				<color>ff2dc0fb</color>
				<width>4.8</width>
			</LineStyle>
			<PolyStyle>
				<color>40ffffff</color>
			</PolyStyle>
			<BalloonStyle>
			</BalloonStyle>
		</Style>
	</gx:CascadingStyle>
	<gx:CascadingStyle kml:id="__managed_style_266274805140DE0D66B8_normal">
		<Style>
			<IconStyle>
				<Icon>
					<href>https://earth.google.com/earth/document/icon?color=7b1fa2&amp;id=2011&amp;scale=4</href>
				</Icon>
				<hotSpot x="64" y="128" xunits="pixels" yunits="insetPixels"/>
			</IconStyle>
			<LabelStyle>
				<scale>0</scale>
			</LabelStyle>
			<LineStyle>
				<color>ff2dc0fb</color>
				<width>3.2</width>
			</LineStyle>
			<PolyStyle>
				<color>40ffffff</color>
			</PolyStyle>
			<BalloonStyle>
				<gx:displayMode>card</gx:displayMode>
			</BalloonStyle>
		</Style>
	</gx:CascadingStyle>
	<StyleMap id="__managed_style_01CCADA0CE40DE0D66C4">
		<Pair>
			<key>normal</key>
			<styleUrl>#__managed_style_01CCADA0CE40DE0D66C4_normal</styleUrl>
		</Pair>
		<Pair>
			<key>highlight</key>
			<styleUrl>#__managed_style_01CCADA0CE40DE0D66C4_highlight</styleUrl>
		</Pair>
	</StyleMap>
	<StyleMap id="__managed_style_10B110C18C40DE0D66AC">
		<Pair>
			<key>normal</key>
			<styleUrl>#__managed_style_10B110C18C40DE0D66AC_normal</styleUrl>
		</Pair>
		<Pair>
			<key>highlight</key>
			<styleUrl>#__managed_style_10B110C18C40DE0D66AC_highlight</styleUrl>
		</Pair>
	</StyleMap>
	<gx:CascadingStyle kml:id="__managed_style_07FEF01CCC40DE0D66BE_highlight">
		<Style>
			<IconStyle>
				<scale>1.2</scale>
				<Icon>
					<href>https://earth.google.com/earth/document/icon?color=f57c00&amp;id=2339&amp;scale=4</href>
				</Icon>
				<hotSpot x="64" y="128" xunits="pixels" yunits="insetPixels"/>
			</IconStyle>
			<LabelStyle>
				<scale>0</scale>
			</LabelStyle>
			<LineStyle>
				<color>ff2dc0fb</color>
				<width>4.8</width>
			</LineStyle>
			<PolyStyle>
				<color>40ffffff</color>
			</PolyStyle>
			<BalloonStyle>
				<gx:displayMode>card</gx:displayMode>
			</BalloonStyle>
		</Style>
	</gx:CascadingStyle>
	<gx:CascadingStyle kml:id="__managed_style_10B110C18C40DE0D66AC_highlight">
		<Style>
			<IconStyle>
				<scale>1.2</scale>
				<Icon>
					<href>https://earth.google.com/earth/document/icon?color=f57c00&amp;id=2254&amp;scale=4</href>
				</Icon>
				<hotSpot x="64" y="128" xunits="pixels" yunits="insetPixels"/>
			</IconStyle>
			<LabelStyle>
				<scale>0</scale>
			</LabelStyle>
			<LineStyle>
				<color>ff2dc0fb</color>
				<width>4.8</width>
			</LineStyle>
			<PolyStyle>
				<color>40ffffff</color>
			</PolyStyle>
			<BalloonStyle>
				<gx:displayMode>card</gx:displayMode>
			</BalloonStyle>
		</Style>
	</gx:CascadingStyle>
	<gx:CascadingStyle kml:id="__managed_style_07FEF01CCC40DE0D66BE_normal">
		<Style>
			<IconStyle>
				<Icon>
					<href>https://earth.google.com/earth/document/icon?color=f57c00&amp;id=2339&amp;scale=4</href>
				</Icon>
				<hotSpot x="64" y="128" xunits="pixels" yunits="insetPixels"/>
			</IconStyle>
			<LabelStyle>
				<scale>0</scale>
			</LabelStyle>
			<LineStyle>
				<color>ff2dc0fb</color>
				<width>3.2</width>
			</LineStyle>
			<PolyStyle>
				<color>40ffffff</color>
			</PolyStyle>
			<BalloonStyle>
				<gx:displayMode>card</gx:displayMode>
			</BalloonStyle>
		</Style>
	</gx:CascadingStyle>
	<StyleMap id="__managed_style_19F095029940DE0D66C4">
		<Pair>
			<key>normal</key>
			<styleUrl>#__managed_style_19F095029940DE0D66C4_normal</styleUrl>
		</Pair>
		<Pair>
			<key>highlight</key>
			<styleUrl>#__managed_style_19F095029940DE0D66C4_highlight</styleUrl>
		</Pair>
	</StyleMap>
	<gx:CascadingStyle kml:id="__managed_style_07B086456640DE0D66B3_normal">
		<Style>
			<IconStyle>
				<Icon>
					<href>https://earth.google.com/earth/document/icon?color=1976d2&amp;id=2365&amp;scale=4</href>
				</Icon>
				<hotSpot x="64" y="128" xunits="pixels" yunits="insetPixels"/>
			</IconStyle>
			<LabelStyle>
				<scale>0</scale>
			</LabelStyle>
			<LineStyle>
				<color>ff2dc0fb</color>
				<width>3.2</width>
			</LineStyle>
			<PolyStyle>
				<color>40ffffff</color>
			</PolyStyle>
			<BalloonStyle>
			</BalloonStyle>
		</Style>
	</gx:CascadingStyle>
	<gx:CascadingStyle kml:id="__managed_style_0FFC677AC740DE0D66A6_highlight">
		<Style>
			<IconStyle>
				<scale>1.2</scale>
				<Icon>
					<href>https://earth.google.com/earth/document/icon?color=303f9f&amp;id=2339&amp;scale=4</href>
				</Icon>
				<hotSpot x="64" y="128" xunits="pixels" yunits="insetPixels"/>
			</IconStyle>
			<LabelStyle>
				<scale>0</scale>
			</LabelStyle>
			<LineStyle>
				<color>ff2dc0fb</color>
				<width>4.8</width>
			</LineStyle>
			<PolyStyle>
				<color>40ffffff</color>
			</PolyStyle>
			<BalloonStyle>
				<gx:displayMode>card</gx:displayMode>
			</BalloonStyle>
		</Style>
	</gx:CascadingStyle>
	<gx:CascadingStyle kml:id="__managed_style_19F095029940DE0D66C4_normal">
		<Style>
			<IconStyle>
				<Icon>
					<href>https://earth.google.com/earth/document/icon?color=f57c00&amp;id=2052&amp;scale=4</href>
				</Icon>
				<hotSpot x="64" y="128" xunits="pixels" yunits="insetPixels"/>
			</IconStyle>
			<LabelStyle>
				<scale>0</scale>
			</LabelStyle>
			<LineStyle>
				<color>ff2dc0fb</color>
				<width>3.2</width>
			</LineStyle>
			<PolyStyle>
				<color>40ffffff</color>
			</PolyStyle>
			<BalloonStyle>
				<gx:displayMode>card</gx:displayMode>
			</BalloonStyle>
		</Style>
	</gx:CascadingStyle>
	<gx:CascadingStyle kml:id="__managed_style_233629F50540DE0D66BC_normal">
		<Style>
			<IconStyle>
				<Icon>
					<href>https://earth.google.com/earth/document/icon?color=7b1fa2&amp;id=2006&amp;scale=4</href>
				</Icon>
				<hotSpot x="64" y="128" xunits="pixels" yunits="insetPixels"/>
			</IconStyle>
			<LabelStyle>
				<scale>0</scale>
			</LabelStyle>
			<LineStyle>
				<color>ff2dc0fb</color>
				<width>3.2</width>
			</LineStyle>
			<PolyStyle>
				<color>40ffffff</color>
			</PolyStyle>
			<BalloonStyle>
			</BalloonStyle>
		</Style>
	</gx:CascadingStyle>
	<gx:CascadingStyle kml:id="__managed_style_08E8A276AB40DE0D66B9_highlight">
		<Style>
			<IconStyle>
				<scale>1.2</scale>
				<Icon>
					<href>https://earth.google.com/earth/document/icon?color=f57c00&amp;id=2130&amp;scale=4</href>
				</Icon>
				<hotSpot x="64" y="128" xunits="pixels" yunits="insetPixels"/>
			</IconStyle>
			<LabelStyle>
				<scale>0</scale>
			</LabelStyle>
			<LineStyle>
				<color>ff2dc0fb</color>
				<width>4.8</width>
			</LineStyle>
			<PolyStyle>
				<color>40ffffff</color>
			</PolyStyle>
			<BalloonStyle>
			</BalloonStyle>
		</Style>
	</gx:CascadingStyle>
	<gx:CascadingStyle kml:id="__managed_style_08E8A276AB40DE0D66B9_normal">
		<Style>
			<IconStyle>
				<Icon>
					<href>https://earth.google.com/earth/document/icon?color=f57c00&amp;id=2130&amp;scale=4</href>
				</Icon>
				<hotSpot x="64" y="128" xunits="pixels" yunits="insetPixels"/>
			</IconStyle>
			<LabelStyle>
				<scale>0</scale>
			</LabelStyle>
			<LineStyle>
				<color>ff2dc0fb</color>
				<width>3.2</width>
			</LineStyle>
			<PolyStyle>
				<color>40ffffff</color>
			</PolyStyle>
			<BalloonStyle>
			</BalloonStyle>
		</Style>
	</gx:CascadingStyle>
	<gx:CascadingStyle kml:id="__managed_style_036599843140DE0D66C3_highlight">
		<Style>
			<IconStyle>
				<scale>1.2</scale>
				<Icon>
					<href>https://earth.google.com/earth/document/icon?color=83c8ff&amp;id=2365&amp;scale=4</href>
				</Icon>
				<hotSpot x="64" y="128" xunits="pixels" yunits="insetPixels"/>
			</IconStyle>
			<LabelStyle>
				<scale>0</scale>
			</LabelStyle>
			<LineStyle>
				<color>ff2dc0fb</color>
				<width>4.8</width>
			</LineStyle>
			<PolyStyle>
				<color>40ffffff</color>
			</PolyStyle>
			<BalloonStyle>
				<displayMode>hide</displayMode>
			</BalloonStyle>
		</Style>
	</gx:CascadingStyle>
	<StyleMap id="__managed_style_08E8A276AB40DE0D66B9">
		<Pair>
			<key>normal</key>
			<styleUrl>#__managed_style_08E8A276AB40DE0D66B9_normal</styleUrl>
		</Pair>
		<Pair>
			<key>highlight</key>
			<styleUrl>#__managed_style_08E8A276AB40DE0D66B9_highlight</styleUrl>
		</Pair>
	</StyleMap>
	<gx:CascadingStyle kml:id="__managed_style_0AA73B00E040DE0D66C1_normal">
		<Style>
			<IconStyle>
				<Icon>
					<href>https://earth.google.com/earth/document/icon?color=fbc02d&amp;id=2005&amp;scale=4</href>
				</Icon>
				<hotSpot x="64" y="128" xunits="pixels" yunits="insetPixels"/>
			</IconStyle>
			<LabelStyle>
				<scale>0</scale>
			</LabelStyle>
			<LineStyle>
				<color>ff2dc0fb</color>
				<width>3.2</width>
			</LineStyle>
			<PolyStyle>
				<color>40ffffff</color>
			</PolyStyle>
			<BalloonStyle>
				<gx:displayMode>card</gx:displayMode>
			</BalloonStyle>
		</Style>
	</gx:CascadingStyle>
	<StyleMap id="__managed_style_2F3CDE7A7D40DE0D66AC">
		<Pair>
			<key>normal</key>
			<styleUrl>#__managed_style_2F3CDE7A7D40DE0D66AC_normal</styleUrl>
		</Pair>
		<Pair>
			<key>highlight</key>
			<styleUrl>#__managed_style_2F3CDE7A7D40DE0D66AC_highlight</styleUrl>
		</Pair>
	</StyleMap>
	<gx:CascadingStyle kml:id="__managed_style_2F3CDE7A7D40DE0D66AC_highlight">
		<Style>
			<IconStyle>
				<scale>1.2</scale>
				<Icon>
					<href>https://earth.google.com/earth/document/icon?color=1976d2&amp;id=2000&amp;scale=4</href>
				</Icon>
				<hotSpot x="64" y="128" xunits="pixels" yunits="insetPixels"/>
			</IconStyle>
			<LabelStyle>
				<scale>0</scale>
			</LabelStyle>
			<LineStyle>
				<color>ff007cf5</color>
				<width>4.8</width>
			</LineStyle>
			<PolyStyle>
				<color>40ffffff</color>
			</PolyStyle>
			<BalloonStyle>
			</BalloonStyle>
		</Style>
	</gx:CascadingStyle>
	<StyleMap id="__managed_style_233629F50540DE0D66BC">
		<Pair>
			<key>normal</key>
			<styleUrl>#__managed_style_233629F50540DE0D66BC_normal</styleUrl>
		</Pair>
		<Pair>
			<key>highlight</key>
			<styleUrl>#__managed_style_233629F50540DE0D66BC_highlight</styleUrl>
		</Pair>
	</StyleMap>
	<StyleMap id="__managed_style_0A7E0A62A640DE0D66A8">
		<Pair>
			<key>normal</key>
			<styleUrl>#__managed_style_0A7E0A62A640DE0D66A8_normal</styleUrl>
		</Pair>
		<Pair>
			<key>highlight</key>
			<styleUrl>#__managed_style_0A7E0A62A640DE0D66A8_highlight</styleUrl>
		</Pair>
	</StyleMap>
	<gx:CascadingStyle kml:id="__managed_style_0B25EFFAD040DE0D66C0_normal">
		<Style>
			<IconStyle>
				<Icon>
					<href>https://earth.google.com/earth/document/icon?color=1976d2&amp;id=2000&amp;scale=4</href>
				</Icon>
				<hotSpot x="64" y="128" xunits="pixels" yunits="insetPixels"/>
			</IconStyle>
			<LabelStyle>
				<scale>0</scale>
			</LabelStyle>
			<LineStyle>
				<color>ff007cf5</color>
				<width>3.2</width>
			</LineStyle>
			<PolyStyle>
				<color>40ffffff</color>
			</PolyStyle>
			<BalloonStyle>
			</BalloonStyle>
		</Style>
	</gx:CascadingStyle>
	<gx:CascadingStyle kml:id="__managed_style_0AA818556B40DE0D66AC_highlight">
		<Style>
			<IconStyle>
				<scale>1.2</scale>
				<Icon>
					<href>https://earth.google.com/earth/document/icon?color=f57c00&amp;id=2130&amp;scale=4</href>
				</Icon>
				<hotSpot x="64" y="128" xunits="pixels" yunits="insetPixels"/>
			</IconStyle>
			<LabelStyle>
				<scale>0</scale>
			</LabelStyle>
			<LineStyle>
				<color>ff2dc0fb</color>
				<width>4.8</width>
			</LineStyle>
			<PolyStyle>
				<color>40ffffff</color>
			</PolyStyle>
			<BalloonStyle>
				<gx:displayMode>card</gx:displayMode>
			</BalloonStyle>
		</Style>
	</gx:CascadingStyle>
	<gx:CascadingStyle kml:id="__managed_style_0AA818556B40DE0D66AC_normal">
		<Style>
			<IconStyle>
				<Icon>
					<href>https://earth.google.com/earth/document/icon?color=f57c00&amp;id=2130&amp;scale=4</href>
				</Icon>
				<hotSpot x="64" y="128" xunits="pixels" yunits="insetPixels"/>
			</IconStyle>
			<LabelStyle>
				<scale>0</scale>
			</LabelStyle>
			<LineStyle>
				<color>ff2dc0fb</color>
				<width>3.2</width>
			</LineStyle>
			<PolyStyle>
				<color>40ffffff</color>
			</PolyStyle>
			<BalloonStyle>
				<gx:displayMode>card</gx:displayMode>
			</BalloonStyle>
		</Style>
	</gx:CascadingStyle>
	<gx:CascadingStyle kml:id="__managed_style_1F492D61EB40DE0D66B8_normal">
		<Style>
			<IconStyle>
				<Icon>
					<href>https://earth.google.com/earth/document/icon?color=1976d2&amp;id=2000&amp;scale=4</href>
				</Icon>
				<hotSpot x="64" y="128" xunits="pixels" yunits="insetPixels"/>
			</IconStyle>
			<LabelStyle>
				<scale>0</scale>
			</LabelStyle>
			<LineStyle>
				<color>ff3c8e38</color>
				<width>3.2</width>
			</LineStyle>
			<PolyStyle>
				<color>40ffffff</color>
			</PolyStyle>
			<BalloonStyle>
			</BalloonStyle>
		</Style>
	</gx:CascadingStyle>
	<StyleMap id="__managed_style_0AA818556B40DE0D66AC">
		<Pair>
			<key>normal</key>
			<styleUrl>#__managed_style_0AA818556B40DE0D66AC_normal</styleUrl>
		</Pair>
		<Pair>
			<key>highlight</key>
			<styleUrl>#__managed_style_0AA818556B40DE0D66AC_highlight</styleUrl>
		</Pair>
	</StyleMap>
	<gx:CascadingStyle kml:id="__managed_style_0C7332C88A40DE0D66A7_highlight">
		<Style>
			<IconStyle>
				<scale>1.2</scale>
				<Icon>
					<href>https://earth.google.com/earth/document/icon?color=7b1fa2&amp;id=2311&amp;scale=4</href>
				</Icon>
				<hotSpot x="64" y="128" xunits="pixels" yunits="insetPixels"/>
			</IconStyle>
			<LabelStyle>
				<scale>0</scale>
			</LabelStyle>
			<LineStyle>
				<color>ff2dc0fb</color>
				<width>4.8</width>
			</LineStyle>
			<PolyStyle>
				<color>40ffffff</color>
			</PolyStyle>
			<BalloonStyle>
				<gx:displayMode>card</gx:displayMode>
			</BalloonStyle>
		</Style>
	</gx:CascadingStyle>
	<StyleMap id="__managed_style_12C0A855A740DE0D66A8">
		<Pair>
			<key>normal</key>
			<styleUrl>#__managed_style_12C0A855A740DE0D66A8_normal</styleUrl>
		</Pair>
		<Pair>
			<key>highlight</key>
			<styleUrl>#__managed_style_12C0A855A740DE0D66A8_highlight</styleUrl>
		</Pair>
	</StyleMap>
	<gx:CascadingStyle kml:id="__managed_style_144C47F35840DE0D66AE_highlight">
		<Style>
			<IconStyle>
				<scale>1.2</scale>
				<Icon>
					<href>https://earth.google.com/earth/document/icon?color=1976d2&amp;id=2000&amp;scale=4</href>
				</Icon>
				<hotSpot x="64" y="128" xunits="pixels" yunits="insetPixels"/>
			</IconStyle>
			<LabelStyle>
				<scale>0</scale>
			</LabelStyle>
			<LineStyle>
				<color>ff2dc0fb</color>
				<width>4.8</width>
			</LineStyle>
			<PolyStyle>
				<color>40ffffff</color>
			</PolyStyle>
			<BalloonStyle>
			</BalloonStyle>
		</Style>
	</gx:CascadingStyle>
	<StyleMap id="__managed_style_144C47F35840DE0D66AE">
		<Pair>
			<key>normal</key>
			<styleUrl>#__managed_style_144C47F35840DE0D66AE_normal</styleUrl>
		</Pair>
		<Pair>
			<key>highlight</key>
			<styleUrl>#__managed_style_144C47F35840DE0D66AE_highlight</styleUrl>
		</Pair>
	</StyleMap>
	<gx:CascadingStyle kml:id="__managed_style_2E3B94FC2140DE0D66B4_normal">
		<Style>
			<IconStyle>
				<Icon>
					<href>https://earth.google.com/earth/document/icon?color=7b1fa2&amp;id=2006&amp;scale=4</href>
				</Icon>
				<hotSpot x="64" y="128" xunits="pixels" yunits="insetPixels"/>
			</IconStyle>
			<LabelStyle>
				<scale>0</scale>
			</LabelStyle>
			<LineStyle>
				<color>ff2dc0fb</color>
				<width>3.2</width>
			</LineStyle>
			<PolyStyle>
				<color>40ffffff</color>
			</PolyStyle>
			<BalloonStyle>
			</BalloonStyle>
		</Style>
	</gx:CascadingStyle>
	<gx:CascadingStyle kml:id="__managed_style_120B52C7C540DE0D66B7_normal">
		<Style>
			<IconStyle>
				<Icon>
					<href>https://earth.google.com/earth/document/icon?color=303f9f&amp;id=2090&amp;scale=4</href>
				</Icon>
				<hotSpot x="64" y="128" xunits="pixels" yunits="insetPixels"/>
			</IconStyle>
			<LabelStyle>
				<scale>0</scale>
			</LabelStyle>
			<LineStyle>
				<color>ff2dc0fb</color>
				<width>3.2</width>
			</LineStyle>
			<PolyStyle>
				<color>40ffffff</color>
			</PolyStyle>
			<BalloonStyle>
				<gx:displayMode>card</gx:displayMode>
			</BalloonStyle>
		</Style>
	</gx:CascadingStyle>
	<gx:CascadingStyle kml:id="__managed_style_09882808B440DE0D66B6_highlight">
		<Style>
			<IconStyle>
				<scale>1.2</scale>
				<Icon>
					<href>https://earth.google.com/earth/document/icon?color=540a73&amp;id=2006&amp;scale=4</href>
				</Icon>
				<hotSpot x="64" y="128" xunits="pixels" yunits="insetPixels"/>
			</IconStyle>
			<LabelStyle>
				<scale>0</scale>
			</LabelStyle>
			<LineStyle>
				<color>ff2dc0fb</color>
				<width>4.8</width>
			</LineStyle>
			<PolyStyle>
				<color>40ffffff</color>
			</PolyStyle>
			<BalloonStyle>
				<gx:displayMode>card</gx:displayMode>
			</BalloonStyle>
		</Style>
	</gx:CascadingStyle>
	<gx:CascadingStyle kml:id="__managed_style_16B04D280540DE0D66B6_highlight">
		<Style>
			<IconStyle>
				<scale>1.2</scale>
				<Icon>
					<href>https://earth.google.com/earth/document/icon?color=7b1fa2&amp;id=2287&amp;scale=4</href>
				</Icon>
				<hotSpot x="64" y="128" xunits="pixels" yunits="insetPixels"/>
			</IconStyle>
			<LabelStyle>
				<scale>0</scale>
			</LabelStyle>
			<LineStyle>
				<color>ff2dc0fb</color>
				<width>4.8</width>
			</LineStyle>
			<PolyStyle>
				<color>40ffffff</color>
			</PolyStyle>
			<BalloonStyle>
				<gx:displayMode>card</gx:displayMode>
			</BalloonStyle>
		</Style>
	</gx:CascadingStyle>
	<gx:CascadingStyle kml:id="__managed_style_1D60662B8040DE0D66B9_highlight">
		<Style>
			<IconStyle>
				<scale>1.2</scale>
				<Icon>
					<href>https://earth.google.com/earth/document/icon?color=1976d2&amp;id=2000&amp;scale=4</href>
				</Icon>
				<hotSpot x="64" y="128" xunits="pixels" yunits="insetPixels"/>
			</IconStyle>
			<LabelStyle>
				<scale>0</scale>
			</LabelStyle>
			<LineStyle>
				<color>ff3c8e38</color>
				<width>4.8</width>
			</LineStyle>
			<PolyStyle>
				<color>403c8e38</color>
			</PolyStyle>
			<BalloonStyle>
			</BalloonStyle>
		</Style>
	</gx:CascadingStyle>
	<gx:CascadingStyle kml:id="__managed_style_266274805140DE0D66B8_highlight">
		<Style>
			<IconStyle>
				<scale>1.2</scale>
				<Icon>
					<href>https://earth.google.com/earth/document/icon?color=7b1fa2&amp;id=2011&amp;scale=4</href>
				</Icon>
				<hotSpot x="64" y="128" xunits="pixels" yunits="insetPixels"/>
			</IconStyle>
			<LabelStyle>
				<scale>0</scale>
			</LabelStyle>
			<LineStyle>
				<color>ff2dc0fb</color>
				<width>4.8</width>
			</LineStyle>
			<PolyStyle>
				<color>40ffffff</color>
			</PolyStyle>
			<BalloonStyle>
				<gx:displayMode>card</gx:displayMode>
			</BalloonStyle>
		</Style>
	</gx:CascadingStyle>
	<gx:CascadingStyle kml:id="__managed_style_10B110C18C40DE0D66AC_normal">
		<Style>
			<IconStyle>
				<Icon>
					<href>https://earth.google.com/earth/document/icon?color=f57c00&amp;id=2254&amp;scale=4</href>
				</Icon>
				<hotSpot x="64" y="128" xunits="pixels" yunits="insetPixels"/>
			</IconStyle>
			<LabelStyle>
				<scale>0</scale>
			</LabelStyle>
			<LineStyle>
				<color>ff2dc0fb</color>
				<width>3.2</width>
			</LineStyle>
			<PolyStyle>
				<color>40ffffff</color>
			</PolyStyle>
			<BalloonStyle>
				<gx:displayMode>card</gx:displayMode>
			</BalloonStyle>
		</Style>
	</gx:CascadingStyle>
	<StyleMap id="__managed_style_00B66DF54C40DE0D66AE">
		<Pair>
			<key>normal</key>
			<styleUrl>#__managed_style_00B66DF54C40DE0D66AE_normal</styleUrl>
		</Pair>
		<Pair>
			<key>highlight</key>
			<styleUrl>#__managed_style_00B66DF54C40DE0D66AE_highlight</styleUrl>
		</Pair>
	</StyleMap>
	<gx:CascadingStyle kml:id="__managed_style_16B04D280540DE0D66B6_normal">
		<Style>
			<IconStyle>
				<Icon>
					<href>https://earth.google.com/earth/document/icon?color=7b1fa2&amp;id=2287&amp;scale=4</href>
				</Icon>
				<hotSpot x="64" y="128" xunits="pixels" yunits="insetPixels"/>
			</IconStyle>
			<LabelStyle>
				<scale>0</scale>
			</LabelStyle>
			<LineStyle>
				<color>ff2dc0fb</color>
				<width>3.2</width>
			</LineStyle>
			<PolyStyle>
				<color>40ffffff</color>
			</PolyStyle>
			<BalloonStyle>
				<gx:displayMode>card</gx:displayMode>
			</BalloonStyle>
		</Style>
	</gx:CascadingStyle>
	<StyleMap id="__managed_style_0BAD07375C40DE0D66B0">
		<Pair>
			<key>normal</key>
			<styleUrl>#__managed_style_0BAD07375C40DE0D66B0_normal</styleUrl>
		</Pair>
		<Pair>
			<key>highlight</key>
			<styleUrl>#__managed_style_0BAD07375C40DE0D66B0_highlight</styleUrl>
		</Pair>
	</StyleMap>
	<StyleMap id="__managed_style_16B04D280540DE0D66B6">
		<Pair>
			<key>normal</key>
			<styleUrl>#__managed_style_16B04D280540DE0D66B6_normal</styleUrl>
		</Pair>
		<Pair>
			<key>highlight</key>
			<styleUrl>#__managed_style_16B04D280540DE0D66B6_highlight</styleUrl>
		</Pair>
	</StyleMap>
	<StyleMap id="__managed_style_266274805140DE0D66B8">
		<Pair>
			<key>normal</key>
			<styleUrl>#__managed_style_266274805140DE0D66B8_normal</styleUrl>
		</Pair>
		<Pair>
			<key>highlight</key>
			<styleUrl>#__managed_style_266274805140DE0D66B8_highlight</styleUrl>
		</Pair>
	</StyleMap>
	<gx:CascadingStyle kml:id="__managed_style_149B9F466040DE0D66B3_highlight">
		<Style>
			<IconStyle>
				<scale>1.2</scale>
				<Icon>
					<href>https://earth.google.com/earth/document/icon?color=1976d2&amp;id=2000&amp;scale=4</href>
				</Icon>
				<hotSpot x="64" y="128" xunits="pixels" yunits="insetPixels"/>
			</IconStyle>
			<LabelStyle>
				<scale>0</scale>
			</LabelStyle>
			<LineStyle>
				<color>ffa21f7b</color>
				<width>4.8</width>
			</LineStyle>
			<PolyStyle>
				<color>40ffffff</color>
			</PolyStyle>
			<BalloonStyle>
			</BalloonStyle>
		</Style>
	</gx:CascadingStyle>
	<gx:CascadingStyle kml:id="__managed_style_0894522CAE40DE0D66B8_highlight">
		<Style>
			<IconStyle>
				<scale>1.2</scale>
				<Icon>
					<href>https://earth.google.com/earth/document/icon?color=d32f2f&amp;id=2365&amp;scale=4</href>
				</Icon>
				<hotSpot x="64" y="128" xunits="pixels" yunits="insetPixels"/>
			</IconStyle>
			<LabelStyle>
				<scale>0</scale>
			</LabelStyle>
			<LineStyle>
				<color>ff2dc0fb</color>
				<width>4.8</width>
			</LineStyle>
			<PolyStyle>
				<color>40ffffff</color>
			</PolyStyle>
			<BalloonStyle>
				<displayMode>hide</displayMode>
			</BalloonStyle>
		</Style>
	</gx:CascadingStyle>
	<StyleMap id="__managed_style_0BA9301A2140DE0D66AF">
		<Pair>
			<key>normal</key>
			<styleUrl>#__managed_style_0BA9301A2140DE0D66AF_normal</styleUrl>
		</Pair>
		<Pair>
			<key>highlight</key>
			<styleUrl>#__managed_style_0BA9301A2140DE0D66AF_highlight</styleUrl>
		</Pair>
	</StyleMap>
	<gx:CascadingStyle kml:id="__managed_style_01CCADA0CE40DE0D66C4_highlight">
		<Style>
			<IconStyle>
				<scale>1.2</scale>
				<Icon>
					<href>https://earth.google.com/earth/document/icon?color=7b1fa2&amp;id=2006&amp;scale=4</href>
				</Icon>
				<hotSpot x="64" y="128" xunits="pixels" yunits="insetPixels"/>
			</IconStyle>
			<LabelStyle>
				<scale>0</scale>
			</LabelStyle>
			<LineStyle>
				<color>ff2dc0fb</color>
				<width>4.8</width>
			</LineStyle>
			<PolyStyle>
				<color>40ffffff</color>
			</PolyStyle>
			<BalloonStyle>
				<displayMode>hide</displayMode>
			</BalloonStyle>
		</Style>
	</gx:CascadingStyle>
	<StyleMap id="__managed_style_0AFC3B4F7F40DE0D66B1">
		<Pair>
			<key>normal</key>
			<styleUrl>#__managed_style_0AFC3B4F7F40DE0D66B1_normal</styleUrl>
		</Pair>
		<Pair>
			<key>highlight</key>
			<styleUrl>#__managed_style_0AFC3B4F7F40DE0D66B1_highlight</styleUrl>
		</Pair>
	</StyleMap>
	<gx:CascadingStyle kml:id="__managed_style_0A7E0A62A640DE0D66A8_normal">
		<Style>
			<IconStyle>
				<Icon>
					<href>https://earth.google.com/earth/document/icon?color=f57c00&amp;id=2056&amp;scale=4</href>
				</Icon>
				<hotSpot x="64" y="128" xunits="pixels" yunits="insetPixels"/>
			</IconStyle>
			<LabelStyle>
				<scale>0</scale>
			</LabelStyle>
			<LineStyle>
				<color>ff2dc0fb</color>
				<width>3.2</width>
			</LineStyle>
			<PolyStyle>
				<color>40ffffff</color>
			</PolyStyle>
			<BalloonStyle>
				<gx:displayMode>card</gx:displayMode>
			</BalloonStyle>
		</Style>
	</gx:CascadingStyle>
	<StyleMap id="__managed_style_2E32E7C0BE40DE0D66C8">
		<Pair>
			<key>normal</key>
			<styleUrl>#__managed_style_2E32E7C0BE40DE0D66C8_normal</styleUrl>
		</Pair>
		<Pair>
			<key>highlight</key>
			<styleUrl>#__managed_style_2E32E7C0BE40DE0D66C8_highlight</styleUrl>
		</Pair>
	</StyleMap>
	<gx:CascadingStyle kml:id="__managed_style_01CCADA0CE40DE0D66C4_normal">
		<Style>
			<IconStyle>
				<Icon>
					<href>https://earth.google.com/earth/document/icon?color=7b1fa2&amp;id=2006&amp;scale=4</href>
				</Icon>
				<hotSpot x="64" y="128" xunits="pixels" yunits="insetPixels"/>
			</IconStyle>
			<LabelStyle>
				<scale>0</scale>
			</LabelStyle>
			<LineStyle>
				<color>ff2dc0fb</color>
				<width>3.2</width>
			</LineStyle>
			<PolyStyle>
				<color>40ffffff</color>
			</PolyStyle>
			<BalloonStyle>
				<displayMode>hide</displayMode>
			</BalloonStyle>
		</Style>
	</gx:CascadingStyle>
	<StyleMap id="__managed_style_0E4C117D3440DE0D66BF">
		<Pair>
			<key>normal</key>
			<styleUrl>#__managed_style_0E4C117D3440DE0D66BF_normal</styleUrl>
		</Pair>
		<Pair>
			<key>highlight</key>
			<styleUrl>#__managed_style_0E4C117D3440DE0D66BF_highlight</styleUrl>
		</Pair>
	</StyleMap>
	<gx:CascadingStyle kml:id="__managed_style_0BA9301A2140DE0D66AF_highlight">
		<Style>
			<IconStyle>
				<scale>1.2</scale>
				<Icon>
					<href>https://earth.google.com/earth/document/icon?color=388e3c&amp;id=2370&amp;scale=4</href>
				</Icon>
				<hotSpot x="64" y="128" xunits="pixels" yunits="insetPixels"/>
			</IconStyle>
			<LabelStyle>
				<scale>0</scale>
			</LabelStyle>
			<LineStyle>
				<color>ff2dc0fb</color>
				<width>4.8</width>
			</LineStyle>
			<PolyStyle>
				<color>40ffffff</color>
			</PolyStyle>
			<BalloonStyle>
				<gx:displayMode>card</gx:displayMode>
			</BalloonStyle>
		</Style>
	</gx:CascadingStyle>
	<gx:CascadingStyle kml:id="__managed_style_12C0A855A740DE0D66A8_normal">
		<Style>
			<IconStyle>
				<Icon>
					<href>https://earth.google.com/earth/document/icon?color=d32f2f&amp;id=2365&amp;scale=4</href>
				</Icon>
				<hotSpot x="64" y="128" xunits="pixels" yunits="insetPixels"/>
			</IconStyle>
			<LabelStyle>
				<scale>0</scale>
			</LabelStyle>
			<LineStyle>
				<color>ff2dc0fb</color>
				<width>3.2</width>
			</LineStyle>
			<PolyStyle>
				<color>40ffffff</color>
			</PolyStyle>
			<BalloonStyle>
			</BalloonStyle>
		</Style>
	</gx:CascadingStyle>
	<StyleMap id="__managed_style_190D94C9DE40DE0D66B4">
		<Pair>
			<key>normal</key>
			<styleUrl>#__managed_style_190D94C9DE40DE0D66B4_normal</styleUrl>
		</Pair>
		<Pair>
			<key>highlight</key>
			<styleUrl>#__managed_style_190D94C9DE40DE0D66B4_highlight</styleUrl>
		</Pair>
	</StyleMap>
	<gx:CascadingStyle kml:id="__managed_style_00B66DF54C40DE0D66AE_highlight">
		<Style>
			<IconStyle>
				<scale>1.2</scale>
				<Icon>
					<href>https://earth.google.com/earth/document/icon?color=7b1fa2&amp;id=2006&amp;scale=4</href>
				</Icon>
				<hotSpot x="64" y="128" xunits="pixels" yunits="insetPixels"/>
			</IconStyle>
			<LabelStyle>
				<scale>0</scale>
			</LabelStyle>
			<LineStyle>
				<color>ff2dc0fb</color>
				<width>4.8</width>
			</LineStyle>
			<PolyStyle>
				<color>40ffffff</color>
			</PolyStyle>
			<BalloonStyle>
				<gx:displayMode>card</gx:displayMode>
			</BalloonStyle>
		</Style>
	</gx:CascadingStyle>
	<StyleMap id="__managed_style_0645B8FAF640DE0D66A9">
		<Pair>
			<key>normal</key>
			<styleUrl>#__managed_style_0645B8FAF640DE0D66A9_normal</styleUrl>
		</Pair>
		<Pair>
			<key>highlight</key>
			<styleUrl>#__managed_style_0645B8FAF640DE0D66A9_highlight</styleUrl>
		</Pair>
	</StyleMap>
	<StyleMap id="__managed_style_09882808B440DE0D66B6">
		<Pair>
			<key>normal</key>
			<styleUrl>#__managed_style_09882808B440DE0D66B6_normal</styleUrl>
		</Pair>
		<Pair>
			<key>highlight</key>
			<styleUrl>#__managed_style_09882808B440DE0D66B6_highlight</styleUrl>
		</Pair>
	</StyleMap>
	<gx:CascadingStyle kml:id="__managed_style_11B71693BE40DE0D66C0_highlight">
		<Style>
			<IconStyle>
				<scale>1.2</scale>
				<Icon>
					<href>https://earth.google.com/earth/document/icon?color=7b1fa2&amp;id=2090&amp;scale=4</href>
				</Icon>
				<hotSpot x="64" y="128" xunits="pixels" yunits="insetPixels"/>
			</IconStyle>
			<LabelStyle>
				<scale>0</scale>
			</LabelStyle>
			<LineStyle>
				<color>ff2dc0fb</color>
				<width>4.8</width>
			</LineStyle>
			<PolyStyle>
				<color>40ffffff</color>
			</PolyStyle>
			<BalloonStyle>
				<gx:displayMode>card</gx:displayMode>
			</BalloonStyle>
		</Style>
	</gx:CascadingStyle>
	<gx:CascadingStyle kml:id="__managed_style_09882808B440DE0D66B6_normal">
		<Style>
			<IconStyle>
				<Icon>
					<href>https://earth.google.com/earth/document/icon?color=540a73&amp;id=2006&amp;scale=4</href>
				</Icon>
				<hotSpot x="64" y="128" xunits="pixels" yunits="insetPixels"/>
			</IconStyle>
			<LabelStyle>
				<scale>0</scale>
			</LabelStyle>
			<LineStyle>
				<color>ff2dc0fb</color>
				<width>3.2</width>
			</LineStyle>
			<PolyStyle>
				<color>40ffffff</color>
			</PolyStyle>
			<BalloonStyle>
				<gx:displayMode>card</gx:displayMode>
			</BalloonStyle>
		</Style>
	</gx:CascadingStyle>
	<StyleMap id="__managed_style_3A89370B8740DE0D66AC">
		<Pair>
			<key>normal</key>
			<styleUrl>#__managed_style_3A89370B8740DE0D66AC_normal</styleUrl>
		</Pair>
		<Pair>
			<key>highlight</key>
			<styleUrl>#__managed_style_3A89370B8740DE0D66AC_highlight</styleUrl>
		</Pair>
	</StyleMap>
	<gx:CascadingStyle kml:id="__managed_style_036599843140DE0D66C3_normal">
		<Style>
			<IconStyle>
				<Icon>
					<href>https://earth.google.com/earth/document/icon?color=83c8ff&amp;id=2365&amp;scale=4</href>
				</Icon>
				<hotSpot x="64" y="128" xunits="pixels" yunits="insetPixels"/>
			</IconStyle>
			<LabelStyle>
				<scale>0</scale>
			</LabelStyle>
			<LineStyle>
				<color>ff2dc0fb</color>
				<width>3.2</width>
			</LineStyle>
			<PolyStyle>
				<color>40ffffff</color>
			</PolyStyle>
			<BalloonStyle>
				<displayMode>hide</displayMode>
			</BalloonStyle>
		</Style>
	</gx:CascadingStyle>
	<gx:CascadingStyle kml:id="__managed_style_19F095029940DE0D66C4_highlight">
		<Style>
			<IconStyle>
				<scale>1.2</scale>
				<Icon>
					<href>https://earth.google.com/earth/document/icon?color=f57c00&amp;id=2052&amp;scale=4</href>
				</Icon>
				<hotSpot x="64" y="128" xunits="pixels" yunits="insetPixels"/>
			</IconStyle>
			<LabelStyle>
				<scale>0</scale>
			</LabelStyle>
			<LineStyle>
				<color>ff2dc0fb</color>
				<width>4.8</width>
			</LineStyle>
			<PolyStyle>
				<color>40ffffff</color>
			</PolyStyle>
			<BalloonStyle>
				<gx:displayMode>card</gx:displayMode>
			</BalloonStyle>
		</Style>
	</gx:CascadingStyle>
	<StyleMap id="__managed_style_07A1F7A2CA40DE0D66B7">
		<Pair>
			<key>normal</key>
			<styleUrl>#__managed_style_07A1F7A2CA40DE0D66B7_normal</styleUrl>
		</Pair>
		<Pair>
			<key>highlight</key>
			<styleUrl>#__managed_style_07A1F7A2CA40DE0D66B7_highlight</styleUrl>
		</Pair>
	</StyleMap>
	<gx:CascadingStyle kml:id="__managed_style_0C7A2A254240DE0D66AB_highlight">
		<Style>
			<IconStyle>
				<scale>1.2</scale>
				<Icon>
					<href>https://earth.google.com/earth/document/icon?color=7b1fa2&amp;id=2336&amp;scale=4</href>
				</Icon>
				<hotSpot x="64" y="128" xunits="pixels" yunits="insetPixels"/>
			</IconStyle>
			<LabelStyle>
				<scale>0</scale>
			</LabelStyle>
			<LineStyle>
				<color>ff2dc0fb</color>
				<width>4.8</width>
			</LineStyle>
			<PolyStyle>
				<color>40ffffff</color>
			</PolyStyle>
			<BalloonStyle>
				<gx:displayMode>card</gx:displayMode>
			</BalloonStyle>
		</Style>
	</gx:CascadingStyle>
	<gx:CascadingStyle kml:id="__managed_style_29091EAC1240DE0D66B0_normal">
		<Style>
			<IconStyle>
				<Icon>
					<href>https://earth.google.com/earth/document/icon?color=7b1fa2&amp;id=2156&amp;scale=4</href>
				</Icon>
				<hotSpot x="64" y="128" xunits="pixels" yunits="insetPixels"/>
			</IconStyle>
			<LabelStyle>
				<scale>0</scale>
			</LabelStyle>
			<LineStyle>
				<color>ff2dc0fb</color>
				<width>3.2</width>
			</LineStyle>
			<PolyStyle>
				<color>40ffffff</color>
			</PolyStyle>
			<BalloonStyle>
				<gx:displayMode>card</gx:displayMode>
			</BalloonStyle>
		</Style>
	</gx:CascadingStyle>
	<gx:CascadingStyle kml:id="__managed_style_00B66DF54C40DE0D66AE_normal">
		<Style>
			<IconStyle>
				<Icon>
					<href>https://earth.google.com/earth/document/icon?color=7b1fa2&amp;id=2006&amp;scale=4</href>
				</Icon>
				<hotSpot x="64" y="128" xunits="pixels" yunits="insetPixels"/>
			</IconStyle>
			<LabelStyle>
				<scale>0</scale>
			</LabelStyle>
			<LineStyle>
				<color>ff2dc0fb</color>
				<width>3.2</width>
			</LineStyle>
			<PolyStyle>
				<color>40ffffff</color>
			</PolyStyle>
			<BalloonStyle>
				<gx:displayMode>card</gx:displayMode>
			</BalloonStyle>
		</Style>
	</gx:CascadingStyle>
	<gx:CascadingStyle kml:id="__managed_style_0BAD07375C40DE0D66B0_normal">
		<Style>
			<IconStyle>
				<Icon>
					<href>https://earth.google.com/earth/document/icon?color=fbc02d&amp;id=2365&amp;scale=4</href>
				</Icon>
				<hotSpot x="64" y="128" xunits="pixels" yunits="insetPixels"/>
			</IconStyle>
			<LabelStyle>
				<scale>0</scale>
			</LabelStyle>
			<LineStyle>
				<color>ff2dc0fb</color>
				<width>3.2</width>
			</LineStyle>
			<PolyStyle>
				<color>40ffffff</color>
			</PolyStyle>
			<BalloonStyle>
			</BalloonStyle>
		</Style>
	</gx:CascadingStyle>
	<StyleMap id="__managed_style_0C7332C88A40DE0D66A7">
		<Pair>
			<key>normal</key>
			<styleUrl>#__managed_style_0C7332C88A40DE0D66A7_normal</styleUrl>
		</Pair>
		<Pair>
			<key>highlight</key>
			<styleUrl>#__managed_style_0C7332C88A40DE0D66A7_highlight</styleUrl>
		</Pair>
	</StyleMap>
	<StyleMap id="__managed_style_0C7A2A254240DE0D66AB">
		<Pair>
			<key>normal</key>
			<styleUrl>#__managed_style_0C7A2A254240DE0D66AB_normal</styleUrl>
		</Pair>
		<Pair>
			<key>highlight</key>
			<styleUrl>#__managed_style_0C7A2A254240DE0D66AB_highlight</styleUrl>
		</Pair>
	</StyleMap>
	<gx:CascadingStyle kml:id="__managed_style_12AF0007ED40DE0D66BC_highlight">
		<Style>
			<IconStyle>
				<scale>1.2</scale>
				<Icon>
					<href>https://earth.google.com/earth/document/icon?color=7b1fa2&amp;id=2163&amp;scale=4</href>
				</Icon>
				<hotSpot x="64" y="128" xunits="pixels" yunits="insetPixels"/>
			</IconStyle>
			<LabelStyle>
				<scale>0</scale>
			</LabelStyle>
			<LineStyle>
				<color>ff2dc0fb</color>
				<width>4.8</width>
			</LineStyle>
			<PolyStyle>
				<color>40ffffff</color>
			</PolyStyle>
			<BalloonStyle>
				<gx:displayMode>card</gx:displayMode>
			</BalloonStyle>
		</Style>
	</gx:CascadingStyle>
	<gx:CascadingStyle kml:id="__managed_style_0645B8FAF640DE0D66A9_normal">
		<Style>
			<IconStyle>
				<Icon>
					<href>https://earth.google.com/earth/document/icon?color=7b1fa2&amp;id=2130&amp;scale=4</href>
				</Icon>
				<hotSpot x="64" y="128" xunits="pixels" yunits="insetPixels"/>
			</IconStyle>
			<LabelStyle>
				<scale>0</scale>
			</LabelStyle>
			<LineStyle>
				<color>ff2dc0fb</color>
				<width>3.2</width>
			</LineStyle>
			<PolyStyle>
				<color>40ffffff</color>
			</PolyStyle>
			<BalloonStyle>
				<displayMode>hide</displayMode>
			</BalloonStyle>
		</Style>
	</gx:CascadingStyle>
	<gx:CascadingStyle kml:id="__managed_style_11B71693BE40DE0D66C0_normal">
		<Style>
			<IconStyle>
				<Icon>
					<href>https://earth.google.com/earth/document/icon?color=7b1fa2&amp;id=2090&amp;scale=4</href>
				</Icon>
				<hotSpot x="64" y="128" xunits="pixels" yunits="insetPixels"/>
			</IconStyle>
			<LabelStyle>
				<scale>0</scale>
			</LabelStyle>
			<LineStyle>
				<color>ff2dc0fb</color>
				<width>3.2</width>
			</LineStyle>
			<PolyStyle>
				<color>40ffffff</color>
			</PolyStyle>
			<BalloonStyle>
				<gx:displayMode>card</gx:displayMode>
			</BalloonStyle>
		</Style>
	</gx:CascadingStyle>
	<gx:CascadingStyle kml:id="__managed_style_152947E5F140DE0D66AF_normal">
		<Style>
			<IconStyle>
				<Icon>
					<href>https://earth.google.com/earth/document/icon?color=7b1fa2&amp;id=2156&amp;scale=4</href>
				</Icon>
				<hotSpot x="64" y="128" xunits="pixels" yunits="insetPixels"/>
			</IconStyle>
			<LabelStyle>
				<scale>0</scale>
			</LabelStyle>
			<LineStyle>
				<color>ff2dc0fb</color>
				<width>3.2</width>
			</LineStyle>
			<PolyStyle>
				<color>40ffffff</color>
			</PolyStyle>
			<BalloonStyle>
			</BalloonStyle>
		</Style>
	</gx:CascadingStyle>
	<StyleMap id="__managed_style_0547A62CFD40DE0D66BB">
		<Pair>
			<key>normal</key>
			<styleUrl>#__managed_style_0547A62CFD40DE0D66BB_normal</styleUrl>
		</Pair>
		<Pair>
			<key>highlight</key>
			<styleUrl>#__managed_style_0547A62CFD40DE0D66BB_highlight</styleUrl>
		</Pair>
	</StyleMap>
	<StyleMap id="__managed_style_149B9F466040DE0D66B3">
		<Pair>
			<key>normal</key>
			<styleUrl>#__managed_style_149B9F466040DE0D66B3_normal</styleUrl>
		</Pair>
		<Pair>
			<key>highlight</key>
			<styleUrl>#__managed_style_149B9F466040DE0D66B3_highlight</styleUrl>
		</Pair>
	</StyleMap>
	<gx:CascadingStyle kml:id="__managed_style_190D94C9DE40DE0D66B4_highlight">
		<Style>
			<IconStyle>
				<scale>1.2</scale>
				<Icon>
					<href>https://earth.google.com/earth/document/icon?color=7b1fa2&amp;id=2163&amp;scale=4</href>
				</Icon>
				<hotSpot x="64" y="128" xunits="pixels" yunits="insetPixels"/>
			</IconStyle>
			<LabelStyle>
				<scale>0</scale>
			</LabelStyle>
			<LineStyle>
				<color>ff2dc0fb</color>
				<width>4.8</width>
			</LineStyle>
			<PolyStyle>
				<color>40ffffff</color>
			</PolyStyle>
			<BalloonStyle>
				<gx:displayMode>card</gx:displayMode>
			</BalloonStyle>
		</Style>
	</gx:CascadingStyle>
	<StyleMap id="__managed_style_2E3B94FC2140DE0D66B4">
		<Pair>
			<key>normal</key>
			<styleUrl>#__managed_style_2E3B94FC2140DE0D66B4_normal</styleUrl>
		</Pair>
		<Pair>
			<key>highlight</key>
			<styleUrl>#__managed_style_2E3B94FC2140DE0D66B4_highlight</styleUrl>
		</Pair>
	</StyleMap>
	<StyleMap id="__managed_style_02DE9B01A740DE0D66BC">
		<Pair>
			<key>normal</key>
			<styleUrl>#__managed_style_02DE9B01A740DE0D66BC_normal</styleUrl>
		</Pair>
		<Pair>
			<key>highlight</key>
			<styleUrl>#__managed_style_02DE9B01A740DE0D66BC_highlight</styleUrl>
		</Pair>
	</StyleMap>
	<gx:CascadingStyle kml:id="__managed_style_0367454EBF40DE0D66C8_normal">
		<Style>
			<IconStyle>
				<Icon>
					<href>https://earth.google.com/earth/document/icon?color=388e3c&amp;id=2365&amp;scale=4</href>
				</Icon>
				<hotSpot x="64" y="128" xunits="pixels" yunits="insetPixels"/>
			</IconStyle>
			<LabelStyle>
				<scale>0</scale>
			</LabelStyle>
			<LineStyle>
				<color>ff2dc0fb</color>
				<width>3.2</width>
			</LineStyle>
			<PolyStyle>
				<color>40ffffff</color>
			</PolyStyle>
			<BalloonStyle>
			</BalloonStyle>
		</Style>
	</gx:CascadingStyle>
	<gx:CascadingStyle kml:id="__managed_style_120B52C7C540DE0D66B7_highlight">
		<Style>
			<IconStyle>
				<scale>1.2</scale>
				<Icon>
					<href>https://earth.google.com/earth/document/icon?color=303f9f&amp;id=2090&amp;scale=4</href>
				</Icon>
				<hotSpot x="64" y="128" xunits="pixels" yunits="insetPixels"/>
			</IconStyle>
			<LabelStyle>
				<scale>0</scale>
			</LabelStyle>
			<LineStyle>
				<color>ff2dc0fb</color>
				<width>4.8</width>
			</LineStyle>
			<PolyStyle>
				<color>40ffffff</color>
			</PolyStyle>
			<BalloonStyle>
				<gx:displayMode>card</gx:displayMode>
			</BalloonStyle>
		</Style>
	</gx:CascadingStyle>
	<gx:CascadingStyle kml:id="__managed_style_239F8E021940DE0D66C4_highlight">
		<Style>
			<IconStyle>
				<scale>1.2</scale>
				<Icon>
					<href>https://earth.google.com/earth/document/icon?color=7b1fa2&amp;id=2372&amp;scale=4</href>
				</Icon>
				<hotSpot x="64" y="128" xunits="pixels" yunits="insetPixels"/>
			</IconStyle>
			<LabelStyle>
				<scale>0</scale>
			</LabelStyle>
			<LineStyle>
				<color>ff2dc0fb</color>
				<width>4.8</width>
			</LineStyle>
			<PolyStyle>
				<color>40ffffff</color>
			</PolyStyle>
			<BalloonStyle>
				<gx:displayMode>card</gx:displayMode>
			</BalloonStyle>
		</Style>
	</gx:CascadingStyle>
	<gx:CascadingStyle kml:id="__managed_style_239F8E021940DE0D66C4_normal">
		<Style>
			<IconStyle>
				<Icon>
					<href>https://earth.google.com/earth/document/icon?color=7b1fa2&amp;id=2372&amp;scale=4</href>
				</Icon>
				<hotSpot x="64" y="128" xunits="pixels" yunits="insetPixels"/>
			</IconStyle>
			<LabelStyle>
				<scale>0</scale>
			</LabelStyle>
			<LineStyle>
				<color>ff2dc0fb</color>
				<width>3.2</width>
			</LineStyle>
			<PolyStyle>
				<color>40ffffff</color>
			</PolyStyle>
			<BalloonStyle>
				<gx:displayMode>card</gx:displayMode>
			</BalloonStyle>
		</Style>
	</gx:CascadingStyle>
	<gx:CascadingStyle kml:id="__managed_style_0C7A2A254240DE0D66AB_normal">
		<Style>
			<IconStyle>
				<Icon>
					<href>https://earth.google.com/earth/document/icon?color=7b1fa2&amp;id=2336&amp;scale=4</href>
				</Icon>
				<hotSpot x="64" y="128" xunits="pixels" yunits="insetPixels"/>
			</IconStyle>
			<LabelStyle>
				<scale>0</scale>
			</LabelStyle>
			<LineStyle>
				<color>ff2dc0fb</color>
				<width>3.2</width>
			</LineStyle>
			<PolyStyle>
				<color>40ffffff</color>
			</PolyStyle>
			<BalloonStyle>
				<gx:displayMode>card</gx:displayMode>
			</BalloonStyle>
		</Style>
	</gx:CascadingStyle>
	<gx:CascadingStyle kml:id="__managed_style_1035970AE340DE0D66AB_normal">
		<Style>
			<IconStyle>
				<Icon>
					<href>https://earth.google.com/earth/document/icon?color=1976d2&amp;id=2074&amp;scale=4</href>
				</Icon>
				<hotSpot x="64" y="128" xunits="pixels" yunits="insetPixels"/>
			</IconStyle>
			<LabelStyle>
				<scale>0</scale>
			</LabelStyle>
			<LineStyle>
				<color>ff2dc0fb</color>
				<width>3.2</width>
			</LineStyle>
			<PolyStyle>
				<color>40ffffff</color>
			</PolyStyle>
			<BalloonStyle>
				<gx:displayMode>card</gx:displayMode>
			</BalloonStyle>
		</Style>
	</gx:CascadingStyle>
	<gx:CascadingStyle kml:id="__managed_style_0C7332C88A40DE0D66A7_normal">
		<Style>
			<IconStyle>
				<Icon>
					<href>https://earth.google.com/earth/document/icon?color=7b1fa2&amp;id=2311&amp;scale=4</href>
				</Icon>
				<hotSpot x="64" y="128" xunits="pixels" yunits="insetPixels"/>
			</IconStyle>
			<LabelStyle>
				<scale>0</scale>
			</LabelStyle>
			<LineStyle>
				<color>ff2dc0fb</color>
				<width>3.2</width>
			</LineStyle>
			<PolyStyle>
				<color>40ffffff</color>
			</PolyStyle>
			<BalloonStyle>
				<gx:displayMode>card</gx:displayMode>
			</BalloonStyle>
		</Style>
	</gx:CascadingStyle>
	<gx:CascadingStyle kml:id="__managed_style_06BCF672BC40DE0D66B4_highlight">
		<Style>
			<IconStyle>
				<scale>1.2</scale>
				<Icon>
					<href>https://earth.google.com/earth/document/icon?color=1976d2&amp;id=2365&amp;scale=4</href>
				</Icon>
				<hotSpot x="64" y="128" xunits="pixels" yunits="insetPixels"/>
			</IconStyle>
			<LabelStyle>
				<scale>0</scale>
			</LabelStyle>
			<LineStyle>
				<color>ff2dc0fb</color>
				<width>4.8</width>
			</LineStyle>
			<PolyStyle>
				<color>40ffffff</color>
			</PolyStyle>
			<BalloonStyle>
				<displayMode>hide</displayMode>
			</BalloonStyle>
		</Style>
	</gx:CascadingStyle>
	<gx:CascadingStyle kml:id="__managed_style_29091EAC1240DE0D66B0_highlight">
		<Style>
			<IconStyle>
				<scale>1.2</scale>
				<Icon>
					<href>https://earth.google.com/earth/document/icon?color=7b1fa2&amp;id=2156&amp;scale=4</href>
				</Icon>
				<hotSpot x="64" y="128" xunits="pixels" yunits="insetPixels"/>
			</IconStyle>
			<LabelStyle>
				<scale>0</scale>
			</LabelStyle>
			<LineStyle>
				<color>ff2dc0fb</color>
				<width>4.8</width>
			</LineStyle>
			<PolyStyle>
				<color>40ffffff</color>
			</PolyStyle>
			<BalloonStyle>
				<gx:displayMode>card</gx:displayMode>
			</BalloonStyle>
		</Style>
	</gx:CascadingStyle>
	<gx:CascadingStyle kml:id="__managed_style_1A36D4D56C40DE0D66B1_highlight">
		<Style>
			<IconStyle>
				<scale>1.2</scale>
				<Icon>
					<href>https://earth.google.com/earth/document/icon?color=fbc02d&amp;id=2365&amp;scale=4</href>
				</Icon>
				<hotSpot x="64" y="128" xunits="pixels" yunits="insetPixels"/>
			</IconStyle>
			<LabelStyle>
				<scale>0</scale>
			</LabelStyle>
			<LineStyle>
				<color>ff2dc0fb</color>
				<width>4.8</width>
			</LineStyle>
			<PolyStyle>
				<color>40ffffff</color>
			</PolyStyle>
			<BalloonStyle>
				<displayMode>hide</displayMode>
			</BalloonStyle>
		</Style>
	</gx:CascadingStyle>
	<gx:CascadingStyle kml:id="__managed_style_0A7E0A62A640DE0D66A8_highlight">
		<Style>
			<IconStyle>
				<scale>1.2</scale>
				<Icon>
					<href>https://earth.google.com/earth/document/icon?color=f57c00&amp;id=2056&amp;scale=4</href>
				</Icon>
				<hotSpot x="64" y="128" xunits="pixels" yunits="insetPixels"/>
			</IconStyle>
			<LabelStyle>
				<scale>0</scale>
			</LabelStyle>
			<LineStyle>
				<color>ff2dc0fb</color>
				<width>4.8</width>
			</LineStyle>
			<PolyStyle>
				<color>40ffffff</color>
			</PolyStyle>
			<BalloonStyle>
				<gx:displayMode>card</gx:displayMode>
			</BalloonStyle>
		</Style>
	</gx:CascadingStyle>
	<gx:CascadingStyle kml:id="__managed_style_0BA9301A2140DE0D66AF_normal">
		<Style>
			<IconStyle>
				<Icon>
					<href>https://earth.google.com/earth/document/icon?color=388e3c&amp;id=2370&amp;scale=4</href>
				</Icon>
				<hotSpot x="64" y="128" xunits="pixels" yunits="insetPixels"/>
			</IconStyle>
			<LabelStyle>
				<scale>0</scale>
			</LabelStyle>
			<LineStyle>
				<color>ff2dc0fb</color>
				<width>3.2</width>
			</LineStyle>
			<PolyStyle>
				<color>40ffffff</color>
			</PolyStyle>
			<BalloonStyle>
				<gx:displayMode>card</gx:displayMode>
			</BalloonStyle>
		</Style>
	</gx:CascadingStyle>
	<StyleMap id="__managed_style_29091EAC1240DE0D66B0">
		<Pair>
			<key>normal</key>
			<styleUrl>#__managed_style_29091EAC1240DE0D66B0_normal</styleUrl>
		</Pair>
		<Pair>
			<key>highlight</key>
			<styleUrl>#__managed_style_29091EAC1240DE0D66B0_highlight</styleUrl>
		</Pair>
	</StyleMap>
	<StyleMap id="__managed_style_0B25EFFAD040DE0D66C0">
		<Pair>
			<key>normal</key>
			<styleUrl>#__managed_style_0B25EFFAD040DE0D66C0_normal</styleUrl>
		</Pair>
		<Pair>
			<key>highlight</key>
			<styleUrl>#__managed_style_0B25EFFAD040DE0D66C0_highlight</styleUrl>
		</Pair>
	</StyleMap>
	<gx:CascadingStyle kml:id="__managed_style_2E3B94FC2140DE0D66B4_highlight">
		<Style>
			<IconStyle>
				<scale>1.2</scale>
				<Icon>
					<href>https://earth.google.com/earth/document/icon?color=7b1fa2&amp;id=2006&amp;scale=4</href>
				</Icon>
				<hotSpot x="64" y="128" xunits="pixels" yunits="insetPixels"/>
			</IconStyle>
			<LabelStyle>
				<scale>0</scale>
			</LabelStyle>
			<LineStyle>
				<color>ff2dc0fb</color>
				<width>4.8</width>
			</LineStyle>
			<PolyStyle>
				<color>40ffffff</color>
			</PolyStyle>
			<BalloonStyle>
			</BalloonStyle>
		</Style>
	</gx:CascadingStyle>
	<gx:CascadingStyle kml:id="__managed_style_233629F50540DE0D66BC_highlight">
		<Style>
			<IconStyle>
				<scale>1.2</scale>
				<Icon>
					<href>https://earth.google.com/earth/document/icon?color=7b1fa2&amp;id=2006&amp;scale=4</href>
				</Icon>
				<hotSpot x="64" y="128" xunits="pixels" yunits="insetPixels"/>
			</IconStyle>
			<LabelStyle>
				<scale>0</scale>
			</LabelStyle>
			<LineStyle>
				<color>ff2dc0fb</color>
				<width>4.8</width>
			</LineStyle>
			<PolyStyle>
				<color>40ffffff</color>
			</PolyStyle>
			<BalloonStyle>
			</BalloonStyle>
		</Style>
	</gx:CascadingStyle>
	<gx:CascadingStyle kml:id="__managed_style_1FFEF1506E40DE0D66BF_normal">
		<Style>
			<IconStyle>
				<Icon>
					<href>https://earth.google.com/earth/document/icon?color=1976d2&amp;id=2000&amp;scale=4</href>
				</Icon>
				<hotSpot x="64" y="128" xunits="pixels" yunits="insetPixels"/>
			</IconStyle>
			<LabelStyle>
				<scale>0</scale>
			</LabelStyle>
			<LineStyle>
				<color>ff2f2fd3</color>
				<width>3.2</width>
			</LineStyle>
			<PolyStyle>
				<color>40ffffff</color>
			</PolyStyle>
			<BalloonStyle>
			</BalloonStyle>
		</Style>
	</gx:CascadingStyle>
	<StyleMap id="__managed_style_152947E5F140DE0D66AF">
		<Pair>
			<key>normal</key>
			<styleUrl>#__managed_style_152947E5F140DE0D66AF_normal</styleUrl>
		</Pair>
		<Pair>
			<key>highlight</key>
			<styleUrl>#__managed_style_152947E5F140DE0D66AF_highlight</styleUrl>
		</Pair>
	</StyleMap>
	<gx:CascadingStyle kml:id="__managed_style_1C0320260740DE0D66BB_highlight">
		<Style>
			<IconStyle>
				<scale>1.2</scale>
				<Icon>
					<href>https://earth.google.com/earth/document/icon?color=1976d2&amp;id=2000&amp;scale=4</href>
				</Icon>
				<hotSpot x="64" y="128" xunits="pixels" yunits="insetPixels"/>
			</IconStyle>
			<LabelStyle>
			</LabelStyle>
			<LineStyle>
				<color>ff2dc0fb</color>
				<width>4.8</width>
			</LineStyle>
			<PolyStyle>
				<color>40ffffff</color>
			</PolyStyle>
			<BalloonStyle>
			</BalloonStyle>
		</Style>
	</gx:CascadingStyle>
	<gx:CascadingStyle kml:id="__managed_style_152947E5F140DE0D66AF_highlight">
		<Style>
			<IconStyle>
				<scale>1.2</scale>
				<Icon>
					<href>https://earth.google.com/earth/document/icon?color=7b1fa2&amp;id=2156&amp;scale=4</href>
				</Icon>
				<hotSpot x="64" y="128" xunits="pixels" yunits="insetPixels"/>
			</IconStyle>
			<LabelStyle>
				<scale>0</scale>
			</LabelStyle>
			<LineStyle>
				<color>ff2dc0fb</color>
				<width>4.8</width>
			</LineStyle>
			<PolyStyle>
				<color>40ffffff</color>
			</PolyStyle>
			<BalloonStyle>
			</BalloonStyle>
		</Style>
	</gx:CascadingStyle>
	<gx:CascadingStyle kml:id="__managed_style_12C0A855A740DE0D66A8_highlight">
		<Style>
			<IconStyle>
				<scale>1.2</scale>
				<Icon>
					<href>https://earth.google.com/earth/document/icon?color=d32f2f&amp;id=2365&amp;scale=4</href>
				</Icon>
				<hotSpot x="64" y="128" xunits="pixels" yunits="insetPixels"/>
			</IconStyle>
			<LabelStyle>
				<scale>0</scale>
			</LabelStyle>
			<LineStyle>
				<color>ff2dc0fb</color>
				<width>4.8</width>
			</LineStyle>
			<PolyStyle>
				<color>40ffffff</color>
			</PolyStyle>
			<BalloonStyle>
			</BalloonStyle>
		</Style>
	</gx:CascadingStyle>
	<gx:CascadingStyle kml:id="__managed_style_152EF1E8BC40DE0D66C8_normal">
		<Style>
			<IconStyle>
				<Icon>
					<href>https://earth.google.com/earth/document/icon?color=7b1fa2&amp;id=2006&amp;scale=4</href>
				</Icon>
				<hotSpot x="64" y="128" xunits="pixels" yunits="insetPixels"/>
			</IconStyle>
			<LabelStyle>
				<scale>0</scale>
			</LabelStyle>
			<LineStyle>
				<color>ff2dc0fb</color>
				<width>3.2</width>
			</LineStyle>
			<PolyStyle>
				<color>40ffffff</color>
			</PolyStyle>
			<BalloonStyle>
				<gx:displayMode>card</gx:displayMode>
			</BalloonStyle>
		</Style>
	</gx:CascadingStyle>
	<gx:CascadingStyle kml:id="__managed_style_1C0320260740DE0D66BB_normal">
		<Style>
			<IconStyle>
				<Icon>
					<href>https://earth.google.com/earth/document/icon?color=1976d2&amp;id=2000&amp;scale=4</href>
				</Icon>
				<hotSpot x="64" y="128" xunits="pixels" yunits="insetPixels"/>
			</IconStyle>
			<LabelStyle>
			</LabelStyle>
			<LineStyle>
				<color>ff2dc0fb</color>
				<width>3.2</width>
			</LineStyle>
			<PolyStyle>
				<color>40ffffff</color>
			</PolyStyle>
			<BalloonStyle>
			</BalloonStyle>
		</Style>
	</gx:CascadingStyle>
	<gx:CascadingStyle kml:id="__managed_style_0AFC3B4F7F40DE0D66B1_normal">
		<Style>
			<IconStyle>
				<Icon>
					<href>https://earth.google.com/earth/document/icon?color=1976d2&amp;id=2000&amp;scale=4</href>
				</Icon>
				<hotSpot x="64" y="128" xunits="pixels" yunits="insetPixels"/>
			</IconStyle>
			<LabelStyle>
				<scale>0</scale>
			</LabelStyle>
			<LineStyle>
				<color>ffd27619</color>
				<width>3.2</width>
			</LineStyle>
			<PolyStyle>
				<color>40ffffff</color>
			</PolyStyle>
			<BalloonStyle>
			</BalloonStyle>
		</Style>
	</gx:CascadingStyle>
	<gx:CascadingStyle kml:id="__managed_style_149B9F466040DE0D66B3_normal">
		<Style>
			<IconStyle>
				<Icon>
					<href>https://earth.google.com/earth/document/icon?color=1976d2&amp;id=2000&amp;scale=4</href>
				</Icon>
				<hotSpot x="64" y="128" xunits="pixels" yunits="insetPixels"/>
			</IconStyle>
			<LabelStyle>
				<scale>0</scale>
			</LabelStyle>
			<LineStyle>
				<color>ffa21f7b</color>
				<width>3.2</width>
			</LineStyle>
			<PolyStyle>
				<color>40ffffff</color>
			</PolyStyle>
			<BalloonStyle>
			</BalloonStyle>
		</Style>
	</gx:CascadingStyle>
	<gx:CascadingStyle kml:id="__managed_style_04B61F98C840DE0D66C6_highlight">
		<Style>
			<IconStyle>
				<scale>1.2</scale>
				<Icon>
					<href>https://earth.google.com/earth/document/icon?color=000000&amp;id=2365&amp;scale=4</href>
				</Icon>
				<hotSpot x="64" y="128" xunits="pixels" yunits="insetPixels"/>
			</IconStyle>
			<LabelStyle>
				<scale>0</scale>
			</LabelStyle>
			<LineStyle>
				<color>ff2dc0fb</color>
				<width>4.8</width>
			</LineStyle>
			<PolyStyle>
				<color>40ffffff</color>
			</PolyStyle>
			<BalloonStyle>
			</BalloonStyle>
		</Style>
	</gx:CascadingStyle>
	<gx:CascadingStyle kml:id="__managed_style_0645B8FAF640DE0D66A9_highlight">
		<Style>
			<IconStyle>
				<scale>1.2</scale>
				<Icon>
					<href>https://earth.google.com/earth/document/icon?color=7b1fa2&amp;id=2130&amp;scale=4</href>
				</Icon>
				<hotSpot x="64" y="128" xunits="pixels" yunits="insetPixels"/>
			</IconStyle>
			<LabelStyle>
				<scale>0</scale>
			</LabelStyle>
			<LineStyle>
				<color>ff2dc0fb</color>
				<width>4.8</width>
			</LineStyle>
			<PolyStyle>
				<color>40ffffff</color>
			</PolyStyle>
			<BalloonStyle>
				<displayMode>hide</displayMode>
			</BalloonStyle>
		</Style>
	</gx:CascadingStyle>
	<StyleMap id="__managed_style_1C0320260740DE0D66BB">
		<Pair>
			<key>normal</key>
			<styleUrl>#__managed_style_1C0320260740DE0D66BB_normal</styleUrl>
		</Pair>
		<Pair>
			<key>highlight</key>
			<styleUrl>#__managed_style_1C0320260740DE0D66BB_highlight</styleUrl>
		</Pair>
	</StyleMap>
	<Folder id="0D09159EEB328B24D894">
		<name>בודפשט</name>
		<open>1</open>
		<styleUrl>#__managed_style_1C0320260740DE0D66BB</styleUrl>
		<Folder id="0AA6347FB3328B266298">
			<name>אטרקציות כללי</name>
			<styleUrl>#__managed_style_1C0320260740DE0D66BB</styleUrl>
			<Placemark id="0BBBD926002E66B3AE46">
				<name>טיילת מרשימה</name>
				<LookAt>
					<longitude>19.0414109222651</longitude>
					<latitude>47.49449151942136</latitude>
					<altitude>139.6364830779536</altitude>
					<heading>-106.0754526495004</heading>
					<tilt>14.85960110962026</tilt>
					<gx:fovy>35</gx:fovy>
					<range>1109.747165761655</range>
					<altitudeMode>absolute</altitudeMode>
				</LookAt>
				<styleUrl>#__managed_style_149B9F466040DE0D66B3</styleUrl>
				<LineString>
					<coordinates>
						19.04326218931873,47.49353897424007,0 19.04326208096512,47.49393485499435,0 19.04230223452761,47.49575608197881,0 19.04197420481702,47.49615811080897,0 
					</coordinates>
				</LineString>
			</Placemark>
			<Placemark id="02BDF38A7D2E66B48958">
				<name>רכבל הר</name>
				<LookAt>
					<longitude>19.03926658838419</longitude>
					<latitude>47.49785312054717</latitude>
					<altitude>137.6640536613521</altitude>
					<heading>250.7000991218925</heading>
					<tilt>0</tilt>
					<gx:fovy>35</gx:fovy>
					<range>353.4431393761042</range>
					<altitudeMode>absolute</altitudeMode>
				</LookAt>
				<styleUrl>#__managed_style_149B9F466040DE0D66B3</styleUrl>
				<LineString>
					<coordinates>
						19.03978190537304,47.49788548003414,0 19.03856906013695,47.49765309088705,0 
					</coordinates>
				</LineString>
			</Placemark>
			<Placemark id="0F83D43F302E66BBF47F">
				<name>רחוב ראשי</name>
				<LookAt>
					<longitude>19.04956430492162</longitude>
					<latitude>47.50018058115461</latitude>
					<altitude>122.4424558831415</altitude>
					<heading>349.1735218312491</heading>
					<tilt>0</tilt>
					<gx:fovy>35</gx:fovy>
					<range>738.4207469819376</range>
					<altitudeMode>absolute</altitudeMode>
				</LookAt>
				<styleUrl>#__managed_style_149B9F466040DE0D66B3</styleUrl>
				<LineString>
					<coordinates>
						19.04759750231471,47.50016658647455,0 19.05313807151366,47.50074437032779,0 
					</coordinates>
				</LineString>
			</Placemark>
			<Placemark id="05335252CC2D8FF4236D">
				<name>רחוב ראשי - ואצי ווצה</name>
				<LookAt>
					<longitude>19.05665077002527</longitude>
					<latitude>47.48798326715601</latitude>
					<altitude>135.346488307433</altitude>
					<heading>173.3050777169517</heading>
					<tilt>0</tilt>
					<gx:fovy>35</gx:fovy>
					<range>459.0302229810914</range>
					<altitudeMode>absolute</altitudeMode>
				</LookAt>
				<styleUrl>#__managed_style_149B9F466040DE0D66B3</styleUrl>
				<LineString>
					<coordinates>
						19.05383908640012,47.49733183721538,0 19.05018108622689,47.49578917239049,0 19.05090153288666,47.49610159306216,0 19.04983316597269,47.49692486609199,0 19.04898352861839,47.49782476278018,0 19.04984466549604,47.49691262325337,0 19.05089789766498,47.49612349482592,0 19.05149281566684,47.49550490298998,0 19.05215881060006,47.49465822888977,0 19.05247184335684,47.49414200392261,0 19.05273866140058,47.49358101743256,0 19.05301797472335,47.49303251633867,0 19.05358808892146,47.49219995149943,0 19.05427385609107,47.49127882375917,0 19.05483006731905,47.49061178306314,0 19.05550960377599,47.48988275471832,0 19.05638591400245,47.48909010108823,0 19.05671195024206,47.48873095037062,0 19.05719849557834,47.48822196387233,0 19.05750125864711,47.48785080881115,0 
					</coordinates>
				</LineString>
			</Placemark>
			<Placemark id="0D2B8CC8E42D9423A223">
				<name>אגם Varosligeti-to</name>
				<snippet></snippet>
				<LookAt>
					<longitude>19.08200701036528</longitude>
					<latitude>47.51477001383822</latitude>
					<altitude>102.0525858363193</altitude>
					<heading>347.9379870782924</heading>
					<tilt>0</tilt>
					<gx:fovy>35</gx:fovy>
					<range>705.3814499361761</range>
					<altitudeMode>absolute</altitudeMode>
				</LookAt>
				<styleUrl>#__managed_style_2E3B94FC2140DE0D66B4</styleUrl>
				<Point>
					<coordinates>19.08006319134703,47.51548956477434,102.1665581013074</coordinates>
				</Point>
			</Placemark>
			<Placemark id="0AB90143B02D9424BDEE">
				<name>אגם ונקודת תצפית מרשימה</name>
				<snippet></snippet>
				<LookAt>
					<longitude>19.08237055385527</longitude>
					<latitude>47.51645326653769</latitude>
					<altitude>102.464953682877</altitude>
					<heading>190.5203799008491</heading>
					<tilt>0</tilt>
					<gx:fovy>35</gx:fovy>
					<range>163.0757580649879</range>
					<altitudeMode>absolute</altitudeMode>
				</LookAt>
				<styleUrl>#__managed_style_152947E5F140DE0D66AF</styleUrl>
				<Point>
					<coordinates>19.08239458186985,47.5165352358082,103.3248143895761</coordinates>
				</Point>
			</Placemark>
			<Placemark id="0EB160ECE62D9426CE06">
				<name>שוק אוכל ואירועים</name>
				<snippet></snippet>
				<LookAt>
					<longitude>19.08476440314936</longitude>
					<latitude>47.51567885909028</latitude>
					<altitude>105.0564002292229</altitude>
					<heading>188.6095776998691</heading>
					<tilt>0</tilt>
					<gx:fovy>35</gx:fovy>
					<range>497.3097898213018</range>
					<altitudeMode>absolute</altitudeMode>
				</LookAt>
				<styleUrl>#__managed_style_2E3B94FC2140DE0D66B4</styleUrl>
				<Point>
					<coordinates>19.08504052525284,47.51565522124493,104.8755002245686</coordinates>
				</Point>
			</Placemark>
			<Placemark id="0EB97D002E2D9433EC08">
				<name>כיכר Szent istvan ter</name>
				<snippet></snippet>
				<LookAt>
					<longitude>19.05411247030975</longitude>
					<latitude>47.50050938402984</latitude>
					<altitude>106.0564368983359</altitude>
					<heading>39.7116826458805</heading>
					<tilt>0</tilt>
					<gx:fovy>35</gx:fovy>
					<range>498.473676150752</range>
					<altitudeMode>absolute</altitudeMode>
				</LookAt>
				<styleUrl>#__managed_style_2E3B94FC2140DE0D66B4</styleUrl>
				<Point>
					<coordinates>19.05283607096377,47.50070099194525,104.6478972989443</coordinates>
				</Point>
			</Placemark>
			<Placemark id="08849ECEB234404D4BC7">
				<name>A világ első vetítőgépe</name>
				<gx:mid>/g/11pw9y3zhw</gx:mid>
				<gx:fid>0x4741ddf76fbdcb3f:0x5fb7292c3233848a</gx:fid>
				<LookAt>
					<longitude>19.0386569</longitude>
					<latitude>47.49759319999999</latitude>
					<altitude>0</altitude>
					<heading>0</heading>
					<tilt>0</tilt>
					<gx:fovy>35</gx:fovy>
					<range>686.0635298293894</range>
					<altitudeMode>relativeToGround</altitudeMode>
				</LookAt>
				<styleUrl>#__managed_style_29091EAC1240DE0D66B0</styleUrl>
				<Point>
					<altitudeMode>relativeToGround</altitudeMode>
					<coordinates>19.03858640533817,47.49750943783743,0</coordinates>
				</Point>
			</Placemark>
			<Placemark id="0F4EE6C234328C725FB7">
				<name>בסטיון דייגים</name>
				<LookAt>
					<longitude>19.04033721139264</longitude>
					<latitude>47.49503131503287</latitude>
					<altitude>155.5056969281791</altitude>
					<heading>0</heading>
					<tilt>0</tilt>
					<gx:fovy>83.90920116053714</gx:fovy>
					<range>656.9933439767919</range>
					<altitudeMode>absolute</altitudeMode>
				</LookAt>
				<styleUrl>#__managed_style_149B9F466040DE0D66B3</styleUrl>
				<LineString>
					<coordinates>
						19.03376402402038,47.50177016855822,0 19.03384243520157,47.50132179987004,0 19.03411939892207,47.50074380943566,0 19.03445914950028,47.50036324881424,0 19.03552527852126,47.49955127621475,0 19.03646308368641,47.49888215974676,0 19.03631986521111,47.49868440321305,0 19.03702061470528,47.49767714284353,0 19.03731122466793,47.49737323953564,0 19.03861916862715,47.49753638119986,0 19.0389163398084,47.49724408376325,0 19.0392813381523,47.49691010303265,0 19.03952762982096,47.4966663924907,0 19.03974380675933,47.49679004988997,0 19.0399247889785,47.49673890464142,0 19.04019182569117,47.49652553236768,0 19.04052846885607,47.49615859274787,0 19.04075560602444,47.49581065146364,0 19.04091985355099,47.49556821113323,0 19.04121617759299,47.49521095901823,0 19.04144132942749,47.49496465266782,0 19.04143546407878,47.49445218313627,0 19.04124519898878,47.4941991933409,0 
					</coordinates>
				</LineString>
			</Placemark>
			<Placemark id="0D4E2DD87034404D9185">
				<name>Hidegkuti Nándor Stadium</name>
				<gx:mid>/m/03hn0q9</gx:mid>
				<gx:fid>0x4741dcbfc1a9dbb9:0x674507ad19c039ea</gx:fid>
				<LookAt>
					<longitude>19.1071652</longitude>
					<latitude>47.4910165</latitude>
					<altitude>0</altitude>
					<heading>0</heading>
					<tilt>0</tilt>
					<gx:fovy>35</gx:fovy>
					<range>686.1567008004616</range>
					<altitudeMode>relativeToGround</altitudeMode>
				</LookAt>
				<styleUrl>#__managed_style_0C7A2A254240DE0D66AB</styleUrl>
				<Point>
					<altitudeMode>relativeToGround</altitudeMode>
					<coordinates>19.1071652,47.4910165,0</coordinates>
				</Point>
			</Placemark>
			<Placemark id="02AE70AAEF34404DEE2A">
				<name>Flava Beach</name>
				<gx:mid>/g/11vxsxrs23</gx:mid>
				<gx:fid>0x4741dd162d4a1291:0x3f1469ab555f87f4</gx:fid>
				<LookAt>
					<longitude>19.0592254</longitude>
					<latitude>47.4662578</latitude>
					<altitude>0</altitude>
					<heading>0</heading>
					<tilt>0</tilt>
					<gx:fovy>35</gx:fovy>
					<range>686.5073813586456</range>
					<altitudeMode>relativeToGround</altitudeMode>
				</LookAt>
				<styleUrl>#__managed_style_239F8E021940DE0D66C4</styleUrl>
				<Point>
					<altitudeMode>relativeToGround</altitudeMode>
					<coordinates>19.05959549649332,47.46634169419036,0</coordinates>
				</Point>
			</Placemark>
			<Placemark id="07E30894CC34404F5CB4">
				<name>Széchenyi Thermal Bath</name>
				<gx:mid>/m/07rs1y</gx:mid>
				<gx:fid>0x4741db8605675577:0xcbc0c308b68d2412</gx:fid>
				<LookAt>
					<longitude>19.0823791</longitude>
					<latitude>47.5186568</latitude>
					<altitude>0</altitude>
					<heading>0</heading>
					<tilt>0</tilt>
					<gx:fovy>35</gx:fovy>
					<range>685.7650717075513</range>
					<altitudeMode>relativeToGround</altitudeMode>
				</LookAt>
				<styleUrl>#__managed_style_00B66DF54C40DE0D66AE</styleUrl>
				<Point>
					<altitudeMode>relativeToGround</altitudeMode>
					<coordinates>19.0823791,47.5186568,0</coordinates>
				</Point>
			</Placemark>
			<Placemark id="06CF0396E034404FE0A3">
				<name>SPARTY - Széchenyi Bath Party</name>
				<gx:mid>/g/11rb9l04zj</gx:mid>
				<gx:fid>0x4741db6fdb022ca7:0xc075212a3f25f6a</gx:fid>
				<LookAt>
					<longitude>19.083247</longitude>
					<latitude>47.518945</latitude>
					<altitude>0</altitude>
					<heading>0</heading>
					<tilt>0</tilt>
					<gx:fovy>35</gx:fovy>
					<range>685.7609875247829</range>
					<altitudeMode>relativeToGround</altitudeMode>
				</LookAt>
				<styleUrl>#__managed_style_11B71693BE40DE0D66C0</styleUrl>
				<Point>
					<altitudeMode>relativeToGround</altitudeMode>
					<coordinates>19.083247,47.51894499999999,0</coordinates>
				</Point>
			</Placemark>
			<Placemark id="0300BF85FB344052169A">
				<name>Budapest Boat Party</name>
				<gx:mid>/g/11c1sjpmln</gx:mid>
				<gx:fid>0x4741dc6e6fbe1dff:0xa1616e3ec95137ff</gx:fid>
				<LookAt>
					<longitude>19.0501109</longitude>
					<latitude>47.49247889999999</latitude>
					<altitude>0</altitude>
					<heading>0</heading>
					<tilt>0</tilt>
					<gx:fovy>35</gx:fovy>
					<range>686.135983923297</range>
					<altitudeMode>relativeToGround</altitudeMode>
				</LookAt>
				<styleUrl>#__managed_style_00B66DF54C40DE0D66AE</styleUrl>
				<Point>
					<altitudeMode>relativeToGround</altitudeMode>
					<coordinates>19.0501109,47.49247889999999,0</coordinates>
				</Point>
			</Placemark>
			<Placemark id="05CCE77882344052460A">
				<name>Duna Cruises - Budapest Sightseeing Boat Tours</name>
				<gx:mid>/g/11smtplm5q</gx:mid>
				<gx:fid>0x4741ddd4261d5c05:0x8e6c37abe5030fc4</gx:fid>
				<LookAt>
					<longitude>19.0501689</longitude>
					<latitude>47.4923206</latitude>
					<altitude>0</altitude>
					<heading>0</heading>
					<tilt>0</tilt>
					<gx:fovy>35</gx:fovy>
					<range>686.1382264763153</range>
					<altitudeMode>relativeToGround</altitudeMode>
				</LookAt>
				<styleUrl>#__managed_style_00B66DF54C40DE0D66AE</styleUrl>
				<Point>
					<altitudeMode>relativeToGround</altitudeMode>
					<coordinates>19.0501689,47.4923206,0</coordinates>
				</Point>
			</Placemark>
			<Placemark id="0B049AFC9E344053009A">
				<name>Budapest Park Nagyszínpad</name>
				<gx:mid>/g/11lm9t89hb</gx:mid>
				<gx:fid>0x4741dd006c84786f:0x9af689c0e6223724</gx:fid>
				<LookAt>
					<longitude>19.0784752</longitude>
					<latitude>47.46777789999999</latitude>
					<altitude>0</altitude>
					<heading>0</heading>
					<tilt>0</tilt>
					<gx:fovy>35</gx:fovy>
					<range>686.4858540287008</range>
					<altitudeMode>relativeToGround</altitudeMode>
				</LookAt>
				<styleUrl>#__managed_style_00B66DF54C40DE0D66AE</styleUrl>
				<Point>
					<altitudeMode>relativeToGround</altitudeMode>
					<coordinates>19.0777920274989,47.4675955572244,0</coordinates>
				</Point>
			</Placemark>
			<Placemark id="0B19232D2834405391BA">
				<name>Gellért Thermal Bath</name>
				<gx:mid>/m/05m91_</gx:mid>
				<gx:fid>0x4741dc4e9c33f309:0xb57da2bfde8d7ab6</gx:fid>
				<LookAt>
					<longitude>19.0516211</longitude>
					<latitude>47.4837444</latitude>
					<altitude>0</altitude>
					<heading>0</heading>
					<tilt>0</tilt>
					<gx:fovy>35</gx:fovy>
					<range>686.2597140825192</range>
					<altitudeMode>relativeToGround</altitudeMode>
				</LookAt>
				<styleUrl>#__managed_style_00B66DF54C40DE0D66AE</styleUrl>
				<Point>
					<altitudeMode>relativeToGround</altitudeMode>
					<coordinates>19.0516211,47.4837444,0</coordinates>
				</Point>
			</Placemark>
			<Placemark id="0153EB53FA344053D66D">
				<name>Neonis 3D Blacklight Minigolf</name>
				<gx:mid>/g/11fzyvs8ps</gx:mid>
				<gx:fid>0x4741dbc3e7449657:0x66ff130835f4e88c</gx:fid>
				<LookAt>
					<longitude>19.0719281</longitude>
					<latitude>47.54007789999999</latitude>
					<altitude>0</altitude>
					<heading>0</heading>
					<tilt>0</tilt>
					<gx:fovy>35</gx:fovy>
					<range>685.4614640690789</range>
					<altitudeMode>relativeToGround</altitudeMode>
				</LookAt>
				<styleUrl>#__managed_style_00B66DF54C40DE0D66AE</styleUrl>
				<Point>
					<altitudeMode>relativeToGround</altitudeMode>
					<coordinates>19.0719281,47.54007790000001,0</coordinates>
				</Point>
			</Placemark>
			<Placemark id="0CCAE621D134405435ED">
				<name>Cinema Mystica Budapest</name>
				<gx:mid>/g/11kqf0lfcj</gx:mid>
				<gx:fid>0x4741dd14b3bbb5d3:0x54d46456a777d4c7</gx:fid>
				<LookAt>
					<longitude>19.05523999999999</longitude>
					<latitude>47.4933174</latitude>
					<altitude>0</altitude>
					<heading>0</heading>
					<tilt>0</tilt>
					<gx:fovy>35</gx:fovy>
					<range>686.1241052566903</range>
					<altitudeMode>relativeToGround</altitudeMode>
				</LookAt>
				<styleUrl>#__managed_style_00B66DF54C40DE0D66AE</styleUrl>
				<Point>
					<altitudeMode>relativeToGround</altitudeMode>
					<coordinates>19.05524,47.4933174,0</coordinates>
				</Point>
			</Placemark>
			<Placemark id="0F3E072FED3440546CF4">
				<name>City Park Ice Rink and Boating</name>
				<gx:mid>/m/0hr1flg</gx:mid>
				<gx:fid>0x4741db87915e05d3:0x495f8690c9a4db8</gx:fid>
				<LookAt>
					<longitude>19.0798086</longitude>
					<latitude>47.5146221</latitude>
					<altitude>0</altitude>
					<heading>0</heading>
					<tilt>0</tilt>
					<gx:fovy>35</gx:fovy>
					<range>685.8222472399211</range>
					<altitudeMode>relativeToGround</altitudeMode>
				</LookAt>
				<styleUrl>#__managed_style_00B66DF54C40DE0D66AE</styleUrl>
				<Point>
					<altitudeMode>relativeToGround</altitudeMode>
					<coordinates>19.0798331,47.5146395,0</coordinates>
				</Point>
			</Placemark>
			<Placemark id="00FECA2F9B344055C639">
				<name>Heroes&apos; Square</name>
				<gx:mid>/m/07rs16</gx:mid>
				<gx:fid>0x4741db87f9f12169:0x34417cbcba48293f</gx:fid>
				<LookAt>
					<longitude>19.0778626</longitude>
					<latitude>47.5149429</latitude>
					<altitude>0</altitude>
					<heading>0</heading>
					<tilt>0</tilt>
					<gx:fovy>35</gx:fovy>
					<range>685.8177013090605</range>
					<altitudeMode>relativeToGround</altitudeMode>
				</LookAt>
				<styleUrl>#__managed_style_00B66DF54C40DE0D66AE</styleUrl>
				<Point>
					<altitudeMode>relativeToGround</altitudeMode>
					<coordinates>19.0778626,47.5149429,0</coordinates>
				</Point>
			</Placemark>
			<Placemark id="0DC6774F68344055F953">
				<name>Robinson - Restaurant</name>
				<gx:mid>/g/1tcwkbm3</gx:mid>
				<gx:fid>0x4741db887bd8d885:0xc09e6357df4510c0</gx:fid>
				<LookAt>
					<longitude>19.0781688</longitude>
					<latitude>47.51694519999999</latitude>
					<altitude>0</altitude>
					<heading>0</heading>
					<tilt>0</tilt>
					<gx:fovy>35</gx:fovy>
					<range>685.7893270726181</range>
					<altitudeMode>relativeToGround</altitudeMode>
				</LookAt>
				<styleUrl>#__managed_style_0645B8FAF640DE0D66A9</styleUrl>
				<Point>
					<altitudeMode>relativeToGround</altitudeMode>
					<coordinates>19.0781688,47.51694519999999,0</coordinates>
				</Point>
			</Placemark>
			<Placemark id="056CE8C8F2344057D596">
				<name>Széllkapu park</name>
				<gx:mid>/g/11kp334bd6</gx:mid>
				<gx:fid>0x4741df7b2c6a526d:0xc8ee06ae83d0caca</gx:fid>
				<LookAt>
					<longitude>19.0276068</longitude>
					<latitude>47.5099015</latitude>
					<altitude>0</altitude>
					<heading>0</heading>
					<tilt>0</tilt>
					<gx:fovy>35</gx:fovy>
					<range>685.889138813223</range>
					<altitudeMode>relativeToGround</altitudeMode>
				</LookAt>
				<styleUrl>#__managed_style_0BA9301A2140DE0D66AF</styleUrl>
				<Point>
					<altitudeMode>relativeToGround</altitudeMode>
					<coordinates>19.0276068,47.5099015,0</coordinates>
				</Point>
			</Placemark>
			<Placemark id="08410B712E34405821E2">
				<name>Central Market Hall</name>
				<gx:mid>/m/0ft1r5</gx:mid>
				<gx:fid>0x4741dc4fe2b1c2f7:0xa08c351e7bba2ecc</gx:fid>
				<LookAt>
					<longitude>19.058493</longitude>
					<latitude>47.4870848</latitude>
					<altitude>0</altitude>
					<heading>0</heading>
					<tilt>0</tilt>
					<gx:fovy>35</gx:fovy>
					<range>686.2123966987879</range>
					<altitudeMode>relativeToGround</altitudeMode>
				</LookAt>
				<styleUrl>#__managed_style_00B66DF54C40DE0D66AE</styleUrl>
				<Point>
					<altitudeMode>relativeToGround</altitudeMode>
					<coordinates>19.058493,47.4870848,0</coordinates>
				</Point>
			</Placemark>
			<Placemark id="02125E09E1344059BD0C">
				<name>Kossuth Lajos Square</name>
				<gx:mid>/m/07rqzq</gx:mid>
				<gx:fid>0x4741dc110c5da187:0x38d5f3c53d0146d5</gx:fid>
				<LookAt>
					<longitude>19.0471715</longitude>
					<latitude>47.507062</latitude>
					<altitude>0</altitude>
					<heading>0</heading>
					<tilt>0</tilt>
					<gx:fovy>35</gx:fovy>
					<range>685.9293729509027</range>
					<altitudeMode>relativeToGround</altitudeMode>
				</LookAt>
				<styleUrl>#__managed_style_00B66DF54C40DE0D66AE</styleUrl>
				<Point>
					<altitudeMode>relativeToGround</altitudeMode>
					<coordinates>19.0471715,47.507062,0</coordinates>
				</Point>
			</Placemark>
			<Placemark id="0043D6DC3534405B2955">
				<name>Gatehouse Tower</name>
				<gx:mid>/g/11h1sd3nc5</gx:mid>
				<gx:fid>0x4741db0966543df9:0x3a436f06c933a7bc</gx:fid>
				<LookAt>
					<longitude>19.082054</longitude>
					<latitude>47.5157456</latitude>
					<altitude>0</altitude>
					<heading>0</heading>
					<tilt>0</tilt>
					<gx:fovy>35</gx:fovy>
					<range>685.8063264792696</range>
					<altitudeMode>relativeToGround</altitudeMode>
				</LookAt>
				<styleUrl>#__managed_style_00B66DF54C40DE0D66AE</styleUrl>
				<Point>
					<altitudeMode>relativeToGround</altitudeMode>
					<coordinates>19.08259941056357,47.51539932519652,0</coordinates>
				</Point>
			</Placemark>
			<Placemark id="0769FDAA4934405C6E6C">
				<name>Liberty Square </name>
				<gx:mid>/g/11c1rt8gj_</gx:mid>
				<gx:fid>0x4741dc147cc9309f:0xbc613a27f8eaa165</gx:fid>
				<LookAt>
					<longitude>19.0493951</longitude>
					<latitude>47.50502220000001</latitude>
					<altitude>0</altitude>
					<heading>0</heading>
					<tilt>0</tilt>
					<gx:fovy>35</gx:fovy>
					<range>685.958274865195</range>
					<altitudeMode>relativeToGround</altitudeMode>
				</LookAt>
				<styleUrl>#__managed_style_01CCADA0CE40DE0D66C4</styleUrl>
				<Point>
					<altitudeMode>relativeToGround</altitudeMode>
					<coordinates>19.0503672611679,47.504309673213,0</coordinates>
				</Point>
			</Placemark>
			<Placemark id="0CC0A5445834405CF80F">
				<name>Budapest Ferenc Liszt International Airport</name>
				<gx:mid>/m/059pqh</gx:mid>
				<gx:fid>0x4741c1a4fe39860b:0x4ca4f6a650439aa1</gx:fid>
				<LookAt>
					<longitude>19.2540305</longitude>
					<latitude>47.438516</latitude>
					<altitude>0</altitude>
					<heading>0</heading>
					<tilt>0</tilt>
					<gx:fovy>35</gx:fovy>
					<range>686.9001797233963</range>
					<altitudeMode>relativeToGround</altitudeMode>
				</LookAt>
				<styleUrl>#__managed_style_266274805140DE0D66B8</styleUrl>
				<Point>
					<altitudeMode>relativeToGround</altitudeMode>
					<coordinates>19.2540305,47.438516,0</coordinates>
				</Point>
			</Placemark>
			<Placemark id="0BD427A25634405D6337">
				<name>Papp László Budapest Sportaréna</name>
				<gx:mid>/m/07gtk2</gx:mid>
				<gx:fid>0x4741dc9bd5e21d17:0x9677a09d1914c670</gx:fid>
				<LookAt>
					<longitude>19.1057073</longitude>
					<latitude>47.5018695</latitude>
					<altitude>0</altitude>
					<heading>0</heading>
					<tilt>0</tilt>
					<gx:fovy>35</gx:fovy>
					<range>686.0029439420113</range>
					<altitudeMode>relativeToGround</altitudeMode>
				</LookAt>
				<styleUrl>#__managed_style_0C7A2A254240DE0D66AB</styleUrl>
				<Point>
					<altitudeMode>relativeToGround</altitudeMode>
					<coordinates>19.10541378423983,47.50192568187987,0</coordinates>
				</Point>
			</Placemark>
			<Placemark id="089B1ACBEE34405DDF3E">
				<name>Vörösmarty tér</name>
				<gx:mid>/m/07rpzm</gx:mid>
				<gx:fid>0x4741dc40883c4ad3:0x4c9f3cfbbfc99606</gx:fid>
				<LookAt>
					<longitude>19.0507033</longitude>
					<latitude>47.4964835</latitude>
					<altitude>0</altitude>
					<heading>0</heading>
					<tilt>0</tilt>
					<gx:fovy>35</gx:fovy>
					<range>686.0792513174791</range>
					<altitudeMode>relativeToGround</altitudeMode>
				</LookAt>
				<styleUrl>#__managed_style_00B66DF54C40DE0D66AE</styleUrl>
				<Point>
					<altitudeMode>relativeToGround</altitudeMode>
					<coordinates>19.0507033,47.49648349999999,0</coordinates>
				</Point>
			</Placemark>
			<Placemark id="08287995D634405E2666">
				<name>Puskás Aréna</name>
				<gx:mid>/m/09891c</gx:mid>
				<gx:fid>0x4741dc85195016b3:0xa9ec028840650b8b</gx:fid>
				<LookAt>
					<longitude>19.098161</longitude>
					<latitude>47.5030398</latitude>
					<altitude>0</altitude>
					<heading>0</heading>
					<tilt>0</tilt>
					<gx:fovy>35</gx:fovy>
					<range>685.9863627432235</range>
					<altitudeMode>relativeToGround</altitudeMode>
				</LookAt>
				<styleUrl>#__managed_style_0C7A2A254240DE0D66AB</styleUrl>
				<Point>
					<altitudeMode>relativeToGround</altitudeMode>
					<coordinates>19.098161,47.5030398,0</coordinates>
				</Point>
			</Placemark>
			<Placemark id="0556843AC734405EB115">
				<name>Zenéló szökőkút</name>
				<gx:mid>/g/11wjkpbjc4</gx:mid>
				<gx:fid>0x4741dd0026a22849:0x488bb3e95d38ba67</gx:fid>
				<LookAt>
					<longitude>19.0448218</longitude>
					<latitude>47.5187986</latitude>
					<altitude>0</altitude>
					<heading>0</heading>
					<tilt>0</tilt>
					<gx:fovy>35</gx:fovy>
					<range>685.7630622121851</range>
					<altitudeMode>relativeToGround</altitudeMode>
				</LookAt>
				<styleUrl>#__managed_style_29091EAC1240DE0D66B0</styleUrl>
				<Point>
					<altitudeMode>relativeToGround</altitudeMode>
					<coordinates>19.0448218,47.5187986,0</coordinates>
				</Point>
			</Placemark>
			<Placemark id="00B61941AB3440612890">
				<name>Millenáris megszűnt tó</name>
				<gx:mid>/g/11w290b9hc</gx:mid>
				<gx:fid>0x4741df0057981d2b:0x8dfeca8707810ba</gx:fid>
				<LookAt>
					<longitude>19.0248127</longitude>
					<latitude>47.5110182</latitude>
					<altitude>0</altitude>
					<heading>0</heading>
					<tilt>0</tilt>
					<gx:fovy>35</gx:fovy>
					<range>685.8733153868109</range>
					<altitudeMode>relativeToGround</altitudeMode>
				</LookAt>
				<styleUrl>#__managed_style_0BA9301A2140DE0D66AF</styleUrl>
				<Point>
					<altitudeMode>relativeToGround</altitudeMode>
					<coordinates>19.0248127,47.51101819999999,0</coordinates>
				</Point>
			</Placemark>
			<Placemark id="00F91027703440618DD4">
				<name>Orczy-tó</name>
				<gx:mid>/g/11j5_qzc7_</gx:mid>
				<gx:fid>0x4741dd0e112ee9eb:0xab3fa535cd3275f5</gx:fid>
				<LookAt>
					<longitude>19.0897199</longitude>
					<latitude>47.4814253</latitude>
					<altitude>0</altitude>
					<heading>0</heading>
					<tilt>0</tilt>
					<gx:fovy>35</gx:fovy>
					<range>686.2925633505237</range>
					<altitudeMode>relativeToGround</altitudeMode>
				</LookAt>
				<styleUrl>#__managed_style_0BA9301A2140DE0D66AF</styleUrl>
				<Point>
					<altitudeMode>relativeToGround</altitudeMode>
					<coordinates>19.0897199,47.48142529999999,0</coordinates>
				</Point>
			</Placemark>
			<Placemark id="0098E9FEBA344061E235">
				<name>Prince Of Buda &amp; The Princess Of Pest Monument</name>
				<gx:mid>/g/11d_8dqwyh</gx:mid>
				<gx:fid>0x4741dc374764a1f1:0x8eb8e7d165bce590</gx:fid>
				<LookAt>
					<longitude>19.0387842</longitude>
					<latitude>47.48981620000001</latitude>
					<altitude>0</altitude>
					<heading>0</heading>
					<tilt>0</tilt>
					<gx:fovy>35</gx:fovy>
					<range>686.1737043809009</range>
					<altitudeMode>relativeToGround</altitudeMode>
				</LookAt>
				<styleUrl>#__managed_style_29091EAC1240DE0D66B0</styleUrl>
				<Point>
					<altitudeMode>relativeToGround</altitudeMode>
					<coordinates>19.0387842,47.48981619999999,0</coordinates>
				</Point>
			</Placemark>
			<Placemark id="0B7C9BB42534406265F7">
				<name>St. Gerard Sagredo Statue</name>
				<gx:mid>/g/11bvx4p9rd</gx:mid>
				<gx:fid>0x4741dc480444f519:0x9ab7b4513a6c4966</gx:fid>
				<LookAt>
					<longitude>19.0455096</longitude>
					<latitude>47.489647</latitude>
					<altitude>0</altitude>
					<heading>0</heading>
					<tilt>0</tilt>
					<gx:fovy>35</gx:fovy>
					<range>686.1761012651168</range>
					<altitudeMode>relativeToGround</altitudeMode>
				</LookAt>
				<styleUrl>#__managed_style_29091EAC1240DE0D66B0</styleUrl>
				<Point>
					<altitudeMode>relativeToGround</altitudeMode>
					<coordinates>19.0455096,47.489647,0</coordinates>
				</Point>
			</Placemark>
			<Placemark id="080660A812344062B729">
				<name>Fehérvári Rondella</name>
				<gx:mid>/g/120z_23v</gx:mid>
				<gx:fid>0x4741dd5d2ecdaea3:0x842fe92989a40b12</gx:fid>
				<LookAt>
					<longitude>19.0355204</longitude>
					<latitude>47.498307</latitude>
					<altitude>0</altitude>
					<heading>0</heading>
					<tilt>0</tilt>
					<gx:fovy>35</gx:fovy>
					<range>686.0534170677801</range>
					<altitudeMode>relativeToGround</altitudeMode>
				</LookAt>
				<styleUrl>#__managed_style_29091EAC1240DE0D66B0</styleUrl>
				<Point>
					<altitudeMode>relativeToGround</altitudeMode>
					<coordinates>19.03541755276211,47.49830588723576,0</coordinates>
				</Point>
			</Placemark>
			<Placemark id="0CD24EC0F134406356E3">
				<name>Tower of Karakas Pasha</name>
				<gx:mid>/g/11h9ntm50v</gx:mid>
				<gx:fid>0x4741ddf0fd3c72af:0x992cdf238e0a8dfa</gx:fid>
				<LookAt>
					<longitude>19.0370254</longitude>
					<latitude>47.4964758</latitude>
					<altitude>0</altitude>
					<heading>0</heading>
					<tilt>0</tilt>
					<gx:fovy>35</gx:fovy>
					<range>686.0793604051396</range>
					<altitudeMode>relativeToGround</altitudeMode>
				</LookAt>
				<styleUrl>#__managed_style_00B66DF54C40DE0D66AE</styleUrl>
				<Point>
					<altitudeMode>relativeToGround</altitudeMode>
					<coordinates>19.03735138005653,47.49719465759782,0</coordinates>
				</Point>
			</Placemark>
			<Placemark id="058CAE67BA344064EF84">
				<name>Southern Rondella</name>
				<gx:mid>/g/11bx8gs53k</gx:mid>
				<gx:fid>0x4741dc396625d0c9:0x7bee3521275fda2a</gx:fid>
				<LookAt>
					<longitude>19.0413292</longitude>
					<latitude>47.49419239999999</latitude>
					<altitude>0</altitude>
					<heading>0</heading>
					<tilt>0</tilt>
					<gx:fovy>35</gx:fovy>
					<range>686.1117093719319</range>
					<altitudeMode>relativeToGround</altitudeMode>
				</LookAt>
				<styleUrl>#__managed_style_00B66DF54C40DE0D66AE</styleUrl>
				<Point>
					<altitudeMode>relativeToGround</altitudeMode>
					<coordinates>19.04142532028845,47.49508153545737,0</coordinates>
				</Point>
			</Placemark>
			<Placemark id="0F0A88058D34406A16B0">
				<name>Várkert Bazár Gloriette és Rámpamű</name>
				<gx:mid>/g/11jznv1t28</gx:mid>
				<gx:fid>0x4741ddd94a66d25d:0x26b266afcc5a5b</gx:fid>
				<LookAt>
					<longitude>19.0426614</longitude>
					<latitude>47.4949313</latitude>
					<altitude>0</altitude>
					<heading>0</heading>
					<tilt>0</tilt>
					<gx:fovy>35</gx:fovy>
					<range>686.1012414683903</range>
					<altitudeMode>relativeToGround</altitudeMode>
				</LookAt>
				<styleUrl>#__managed_style_00B66DF54C40DE0D66AE</styleUrl>
				<Point>
					<altitudeMode>relativeToGround</altitudeMode>
					<coordinates>19.0426614,47.4949313,0</coordinates>
				</Point>
			</Placemark>
			<Placemark id="07CB6025E034406A4CDF">
				<name>Elevators to Buda Castle</name>
				<gx:mid>/g/11f8clg0tj</gx:mid>
				<gx:fid>0x4741dd942c8abadf:0x90173225c965e5ae</gx:fid>
				<LookAt>
					<longitude>19.042367</longitude>
					<latitude>47.4954469</latitude>
					<altitude>0</altitude>
					<heading>0</heading>
					<tilt>0</tilt>
					<gx:fovy>35</gx:fovy>
					<range>686.0939369681913</range>
					<altitudeMode>relativeToGround</altitudeMode>
				</LookAt>
				<styleUrl>#__managed_style_00B66DF54C40DE0D66AE</styleUrl>
				<Point>
					<altitudeMode>relativeToGround</altitudeMode>
					<coordinates>19.042367,47.4954469,0</coordinates>
				</Point>
			</Placemark>
			<Placemark id="02D8D1E19434406C000C">
				<name>Kilátóterasz</name>
				<gx:mid>/g/11jg0m9_dc</gx:mid>
				<gx:fid>0x4741dd335bbdd357:0xaca94c65c6003090</gx:fid>
				<LookAt>
					<longitude>19.0488399</longitude>
					<latitude>47.4868286</latitude>
					<altitude>0</altitude>
					<heading>0</heading>
					<tilt>0</tilt>
					<gx:fovy>35</gx:fovy>
					<range>686.2160258921504</range>
					<altitudeMode>relativeToGround</altitudeMode>
				</LookAt>
				<styleUrl>#__managed_style_29091EAC1240DE0D66B0</styleUrl>
				<Point>
					<altitudeMode>relativeToGround</altitudeMode>
					<coordinates>19.0483821765995,47.48666398785082,0</coordinates>
				</Point>
			</Placemark>
			<Placemark id="035CD8069134406CA4E0">
				<name>Japanese garden</name>
				<gx:mid>/g/11cm0cjqkp</gx:mid>
				<gx:fid>0x4741db60a073ea13:0x442fa3418109d00b</gx:fid>
				<LookAt>
					<longitude>19.1201806</longitude>
					<latitude>47.5105537</latitude>
					<altitude>0</altitude>
					<heading>0</heading>
					<tilt>0</tilt>
					<gx:fovy>35</gx:fovy>
					<range>685.8798972913413</range>
					<altitudeMode>relativeToGround</altitudeMode>
				</LookAt>
				<styleUrl>#__managed_style_0BA9301A2140DE0D66AF</styleUrl>
				<Point>
					<altitudeMode>relativeToGround</altitudeMode>
					<coordinates>19.1197129875867,47.51235053926507,0</coordinates>
				</Point>
			</Placemark>
			<Placemark id="02A8FA909734406CFB1B">
				<name>Groupama Arena</name>
				<gx:mid>/m/0113y9h1</gx:mid>
				<gx:fid>0x4741dcde3f890bc7:0xe47ef08bac714b8f</gx:fid>
				<LookAt>
					<longitude>19.0952542</longitude>
					<latitude>47.47539889999999</latitude>
					<altitude>0</altitude>
					<heading>0</heading>
					<tilt>0</tilt>
					<gx:fovy>35</gx:fovy>
					<range>686.3779206242883</range>
					<altitudeMode>relativeToGround</altitudeMode>
				</LookAt>
				<styleUrl>#__managed_style_0C7A2A254240DE0D66AB</styleUrl>
				<Point>
					<altitudeMode>relativeToGround</altitudeMode>
					<coordinates>19.0952542,47.4753989,0</coordinates>
				</Point>
			</Placemark>
			<Placemark id="0D544FD62C34406D3C55">
				<name>Gellért Hill Vista Point</name>
				<gx:mid>/g/11f_1vt4br</gx:mid>
				<gx:fid>0x4741dc49299fd61f:0x2570bb6e7f683b91</gx:fid>
				<LookAt>
					<longitude>19.0496831</longitude>
					<latitude>47.48651820000001</latitude>
					<altitude>0</altitude>
					<heading>0</heading>
					<tilt>0</tilt>
					<gx:fovy>35</gx:fovy>
					<range>686.2204228377321</range>
					<altitudeMode>relativeToGround</altitudeMode>
				</LookAt>
				<styleUrl>#__managed_style_29091EAC1240DE0D66B0</styleUrl>
				<Point>
					<altitudeMode>relativeToGround</altitudeMode>
					<coordinates>19.0496831,47.4865182,0</coordinates>
				</Point>
			</Placemark>
			<Placemark id="06A2D33D7D34406DD8D6">
				<name>Terrazza panoramica</name>
				<gx:mid>/g/11hds41h1q</gx:mid>
				<gx:fid>0x4741dd75a6517219:0x64ab8f28f0802e1b</gx:fid>
				<LookAt>
					<longitude>19.05113</longitude>
					<latitude>47.4859781</latitude>
					<altitude>0</altitude>
					<heading>0</heading>
					<tilt>0</tilt>
					<gx:fovy>35</gx:fovy>
					<range>686.2280735372788</range>
					<altitudeMode>relativeToGround</altitudeMode>
				</LookAt>
				<styleUrl>#__managed_style_29091EAC1240DE0D66B0</styleUrl>
				<Point>
					<altitudeMode>relativeToGround</altitudeMode>
					<coordinates>19.05113,47.4859781,0</coordinates>
				</Point>
			</Placemark>
			<Placemark id="04187B023734405EF860">
				<name>Palatinus Strand Baths</name>
				<gx:mid>/g/11r_pf7kz</gx:mid>
				<gx:fid>0x4741dbfcf5251409:0x3ae5a184a03734b1</gx:fid>
				<LookAt>
					<longitude>19.0469677</longitude>
					<latitude>47.527952</latitude>
					<altitude>0</altitude>
					<heading>0</heading>
					<tilt>0</tilt>
					<gx:fovy>35</gx:fovy>
					<range>685.6333384613137</range>
					<altitudeMode>relativeToGround</altitudeMode>
				</LookAt>
				<styleUrl>#__managed_style_00B66DF54C40DE0D66AE</styleUrl>
				<Point>
					<altitudeMode>relativeToGround</altitudeMode>
					<coordinates>19.0469677,47.527952,0</coordinates>
				</Point>
			</Placemark>
			<Placemark id="014F88547634406E6FCC">
				<name>Dohány Street Synagogue</name>
				<gx:mid>/m/0717qm</gx:mid>
				<gx:fid>0x4741dc42507d41cf:0x4128af63d0508608</gx:fid>
				<LookAt>
					<longitude>19.0606139</longitude>
					<latitude>47.4959071</latitude>
					<altitude>0</altitude>
					<heading>0</heading>
					<tilt>0</tilt>
					<gx:fovy>35</gx:fovy>
					<range>686.0874172777909</range>
					<altitudeMode>relativeToGround</altitudeMode>
				</LookAt>
				<styleUrl>#__managed_style_16B04D280540DE0D66B6</styleUrl>
				<Point>
					<altitudeMode>relativeToGround</altitudeMode>
					<coordinates>19.0605835,47.4958804,0</coordinates>
				</Point>
			</Placemark>
			<Placemark id="0F0CD2DA5F34405F2A20">
				<name>Hungarian Parliament Building</name>
				<gx:mid>/m/08lvst</gx:mid>
				<gx:fid>0x4741dc1046d4a33d:0x342122b8ff8f0f6e</gx:fid>
				<LookAt>
					<longitude>19.045669</longitude>
					<latitude>47.507121</latitude>
					<altitude>0</altitude>
					<heading>0</heading>
					<tilt>0</tilt>
					<gx:fovy>35</gx:fovy>
					<range>685.9285369688179</range>
					<altitudeMode>relativeToGround</altitudeMode>
				</LookAt>
				<styleUrl>#__managed_style_00B66DF54C40DE0D66AE</styleUrl>
				<Point>
					<altitudeMode>relativeToGround</altitudeMode>
					<coordinates>19.045669,47.507121,0</coordinates>
				</Point>
			</Placemark>
			<Placemark id="0C4F22B20834405F7071">
				<name>Fisherman&apos;s Bastion</name>
				<gx:mid>/m/09xz0h</gx:mid>
				<gx:fid>0x4741dc227fb4a99d:0x2f263ca844235e46</gx:fid>
				<LookAt>
					<longitude>19.0347812</longitude>
					<latitude>47.5021827</latitude>
					<altitude>0</altitude>
					<heading>0</heading>
					<tilt>0</tilt>
					<gx:fovy>35</gx:fovy>
					<range>685.9985064452502</range>
					<altitudeMode>relativeToGround</altitudeMode>
				</LookAt>
				<styleUrl>#__managed_style_00B66DF54C40DE0D66AE</styleUrl>
				<Point>
					<altitudeMode>relativeToGround</altitudeMode>
					<coordinates>19.03448797701953,47.50199328758061,0</coordinates>
				</Point>
			</Placemark>
			<Placemark id="0F84BACAF934406029FD">
				<name>Elizabeth Square</name>
				<gx:mid>/g/1213tt99</gx:mid>
				<gx:fid>0x4741dc4034be910f:0xb102ef4114e51f30</gx:fid>
				<LookAt>
					<longitude>19.0526651</longitude>
					<latitude>47.4982313</latitude>
					<altitude>0</altitude>
					<heading>0</heading>
					<tilt>0</tilt>
					<gx:fovy>35</gx:fovy>
					<range>686.0544895520013</range>
					<altitudeMode>relativeToGround</altitudeMode>
				</LookAt>
				<styleUrl>#__managed_style_00B66DF54C40DE0D66AE</styleUrl>
				<Point>
					<altitudeMode>relativeToGround</altitudeMode>
					<coordinates>19.05226571482256,47.49828407352652,0</coordinates>
				</Point>
			</Placemark>
			<Placemark id="0858166CF53440607886">
				<name>Japanese Garden</name>
				<gx:mid>/g/1q5bm938q</gx:mid>
				<gx:fid>0x4741dbe3c4170b65:0xe2a98a44f517a7f7</gx:fid>
				<LookAt>
					<longitude>19.051383</longitude>
					<latitude>47.534504</latitude>
					<altitude>0</altitude>
					<heading>0</heading>
					<tilt>0</tilt>
					<gx:fovy>35</gx:fovy>
					<range>685.5404727620532</range>
					<altitudeMode>relativeToGround</altitudeMode>
				</LookAt>
				<styleUrl>#__managed_style_0BA9301A2140DE0D66AF</styleUrl>
				<Point>
					<altitudeMode>relativeToGround</altitudeMode>
					<coordinates>19.051383,47.534504,0</coordinates>
				</Point>
			</Placemark>
			<Placemark id="0E88BAB41434407330F3">
				<name>Eiffel tér</name>
				<gx:mid>/g/1ptwp708p</gx:mid>
				<gx:fid>0x4741dc0d2ed39921:0xcece044437f5d819</gx:fid>
				<LookAt>
					<longitude>19.0584231</longitude>
					<latitude>47.5100524</latitude>
					<altitude>0</altitude>
					<heading>0</heading>
					<tilt>0</tilt>
					<gx:fovy>35</gx:fovy>
					<range>685.8870006024001</range>
					<altitudeMode>relativeToGround</altitudeMode>
				</LookAt>
				<styleUrl>#__managed_style_00B66DF54C40DE0D66AE</styleUrl>
				<Point>
					<altitudeMode>relativeToGround</altitudeMode>
					<coordinates>19.05819767184557,47.51007856172806,0</coordinates>
				</Point>
			</Placemark>
			<Placemark id="0654B388993440792D6C">
				<name>Twentysix Budapest</name>
				<gx:mid>/g/11fqtbvqvf</gx:mid>
				<gx:fid>0x4741ddc7f4156575:0xc84bdea787e31076</gx:fid>
				<LookAt>
					<longitude>19.0587484</longitude>
					<latitude>47.4995792</latitude>
					<altitude>0</altitude>
					<heading>0</heading>
					<tilt>0</tilt>
					<gx:fovy>35</gx:fovy>
					<range>686.0353929408175</range>
					<altitudeMode>relativeToGround</altitudeMode>
				</LookAt>
				<styleUrl>#__managed_style_09882808B440DE0D66B6</styleUrl>
				<Point>
					<altitudeMode>relativeToGround</altitudeMode>
					<coordinates>19.05857853200579,47.49972266598731,0</coordinates>
				</Point>
			</Placemark>
			<Placemark id="0A7336839B3B327EDEB8">
				<gx:mid>/g/119vrtfqw</gx:mid>
				<gx:fid>0x4741dc0d17c76fd1:0xb8b6110168f81a47</gx:fid>
				<LookAt>
					<longitude>19.0572635</longitude>
					<latitude>47.5099173</latitude>
					<altitude>0</altitude>
					<heading>0</heading>
					<tilt>0</tilt>
					<gx:fovy>35</gx:fovy>
					<range>685.8889149318363</range>
					<altitudeMode>relativeToGround</altitudeMode>
				</LookAt>
				<styleUrl>#__managed_style_00B66DF54C40DE0D66AE</styleUrl>
				<Point>
					<altitudeMode>relativeToGround</altitudeMode>
					<coordinates>19.0572635,47.5099173,0</coordinates>
				</Point>
			</Placemark>
		</Folder>
		<Folder id="063BD485B8328BDAF9C8">
			<name>שופינג</name>
			<styleUrl>#__managed_style_144C47F35840DE0D66AE</styleUrl>
			<Placemark id="0A63FCA3F6328BFA3B19">
				<name>Arena Mall</name>
				<gx:mid>/m/0vsy3h2</gx:mid>
				<gx:fid>0x4741dc8e90ae347f:0x79ad6c8610deab9a</gx:fid>
				<LookAt>
					<longitude>19.0923013</longitude>
					<latitude>47.4983663</latitude>
					<altitude>0</altitude>
					<heading>0</heading>
					<tilt>0</tilt>
					<gx:fovy>35</gx:fovy>
					<range>686.0525769307882</range>
					<altitudeMode>relativeToGround</altitudeMode>
				</LookAt>
				<styleUrl>#__managed_style_0C7332C88A40DE0D66A7</styleUrl>
				<Point>
					<altitudeMode>relativeToGround</altitudeMode>
					<coordinates>19.0923013,47.4983663,0</coordinates>
				</Point>
			</Placemark>
			<Placemark id="0752D776E83440844DEA">
				<name>Westend</name>
				<gx:mid>/m/0dzg0g</gx:mid>
				<gx:fid>0x4741dc0a61285cb9:0xd1f3dcf641fea51c</gx:fid>
				<LookAt>
					<longitude>19.0592581</longitude>
					<latitude>47.51385359999999</latitude>
					<altitude>0</altitude>
					<heading>0</heading>
					<tilt>0</tilt>
					<gx:fovy>35</gx:fovy>
					<range>685.8331372744786</range>
					<altitudeMode>relativeToGround</altitudeMode>
				</LookAt>
				<styleUrl>#__managed_style_0C7332C88A40DE0D66A7</styleUrl>
				<Point>
					<altitudeMode>relativeToGround</altitudeMode>
					<coordinates>19.0592581,47.5138536,0</coordinates>
				</Point>
			</Placemark>
			<Placemark id="002CC7486A32959DA922">
				<name>Corvin Plaza Shopping Mall</name>
				<gx:mid>/m/0vsy3tj</gx:mid>
				<gx:fid>0x4741dddc3ee6587b:0x313c3fe6c9e59b6a</gx:fid>
				<LookAt>
					<longitude>19.0743257</longitude>
					<latitude>47.4858605</latitude>
					<altitude>0</altitude>
					<heading>0</heading>
					<tilt>0</tilt>
					<gx:fovy>35</gx:fovy>
					<range>686.2297393739908</range>
					<altitudeMode>relativeToGround</altitudeMode>
				</LookAt>
				<styleUrl>#__managed_style_0C7332C88A40DE0D66A7</styleUrl>
				<Point>
					<altitudeMode>relativeToGround</altitudeMode>
					<coordinates>19.0743257,47.4858605,0</coordinates>
				</Point>
			</Placemark>
			<Placemark id="0463C861CE3295A00F45">
				<name>Allee Mall</name>
				<gx:mid>/m/0vsy3r9</gx:mid>
				<gx:fid>0x4741ddb1ff90b555:0xff18dabdcd75bba1</gx:fid>
				<LookAt>
					<longitude>19.0491343</longitude>
					<latitude>47.4751068</latitude>
					<altitude>0</altitude>
					<heading>0</heading>
					<tilt>0</tilt>
					<gx:fovy>35</gx:fovy>
					<range>686.3820577263778</range>
					<altitudeMode>relativeToGround</altitudeMode>
				</LookAt>
				<styleUrl>#__managed_style_0C7332C88A40DE0D66A7</styleUrl>
				<Point>
					<altitudeMode>relativeToGround</altitudeMode>
					<coordinates>19.0491343,47.4751068,0</coordinates>
				</Point>
			</Placemark>
		</Folder>
		<Folder id="08CCB92658328BD7FB09">
			<name>מסעדות</name>
			<styleUrl>#__managed_style_144C47F35840DE0D66AE</styleUrl>
			<Placemark id="0DAD73E691326DEB073B">
				<name>Chinatown Night Market Terasz (summer only)</name>
				<gx:mid>/g/11fxzrlhpw</gx:mid>
				<gx:fid>0x4741dccc9cee18a9:0xc592ca59475f709e</gx:fid>
				<LookAt>
					<longitude>19.125348</longitude>
					<latitude>47.4810374</latitude>
					<altitude>0</altitude>
					<heading>0</heading>
					<tilt>0</tilt>
					<gx:fovy>35</gx:fovy>
					<range>686.2980577259735</range>
					<altitudeMode>relativeToGround</altitudeMode>
				</LookAt>
				<styleUrl>#__managed_style_0AA818556B40DE0D66AC</styleUrl>
				<Point>
					<altitudeMode>relativeToGround</altitudeMode>
					<coordinates>19.125348,47.48103739999999,0</coordinates>
				</Point>
			</Placemark>
			<Placemark id="0762FEC87E32738A5F42">
				<name>רחוב מלא מסעדות וברים</name>
				<LookAt>
					<longitude>19.06013701029635</longitude>
					<latitude>47.49901762101732</latitude>
					<altitude>105.6657134099351</altitude>
					<heading>6.12232011564323e-09</heading>
					<tilt>8.174481366244187</tilt>
					<gx:fovy>35</gx:fovy>
					<range>375.3509075997499</range>
					<altitudeMode>absolute</altitudeMode>
				</LookAt>
				<styleUrl>#__managed_style_2F3CDE7A7D40DE0D66AC</styleUrl>
				<LineString>
					<coordinates>
						19.05718850136446,47.49755222850447,0 19.05773370103947,47.49794893436982,0 19.05828019324012,47.49823218709297,0 19.05898923262841,47.49839790336017,0 19.05965815040411,47.49877504063853,0 19.06000249686806,47.49894907953198,0 19.06079388245436,47.49938654120043,0 
					</coordinates>
				</LineString>
			</Placemark>
			<Placemark id="07235BC1752DD20BE952">
				<name>רחוב מלא במסעדות וברים - Madach imre ut</name>
				<LookAt>
					<longitude>19.05977234588754</longitude>
					<latitude>47.49877443337227</latitude>
					<altitude>104.9416828469005</altitude>
					<heading>357.5821215585744</heading>
					<tilt>0</tilt>
					<gx:fovy>35</gx:fovy>
					<range>339.3731545071569</range>
					<altitudeMode>absolute</altitudeMode>
				</LookAt>
				<styleUrl>#__managed_style_08E8A276AB40DE0D66B9</styleUrl>
				<Point>
					<coordinates>19.05936518500104,47.4986295630306,104.6682686391071</coordinates>
				</Point>
			</Placemark>
			<Placemark id="0A7C4181BB3440721DBF">
				<name>Regős Vendéglő</name>
				<gx:mid>/g/1tff6d0g</gx:mid>
				<gx:fid>0x4741dc7022cbc18f:0x5fad9a2534063a2a</gx:fid>
				<LookAt>
					<longitude>19.0696216</longitude>
					<latitude>47.5066686</latitude>
					<altitude>0</altitude>
					<heading>0</heading>
					<tilt>0</tilt>
					<gx:fovy>35</gx:fovy>
					<range>685.9349470929889</range>
					<altitudeMode>relativeToGround</altitudeMode>
				</LookAt>
				<styleUrl>#__managed_style_0AA818556B40DE0D66AC</styleUrl>
				<Point>
					<altitudeMode>relativeToGround</altitudeMode>
					<coordinates>19.0696216,47.5066686,0</coordinates>
				</Point>
			</Placemark>
			<Placemark id="02DE2BEFD6344072780B">
				<name>Hard Rock Cafe</name>
				<gx:mid>/g/1thqfjs4</gx:mid>
				<gx:fid>0x4741dc4091a6f53f:0x57479e6ed9e0c30f</gx:fid>
				<LookAt>
					<longitude>19.050791</longitude>
					<latitude>47.495973</latitude>
					<altitude>0</altitude>
					<heading>0</heading>
					<tilt>0</tilt>
					<gx:fovy>35</gx:fovy>
					<range>686.0864836639912</range>
					<altitudeMode>relativeToGround</altitudeMode>
				</LookAt>
				<styleUrl>#__managed_style_0AA818556B40DE0D66AC</styleUrl>
				<Point>
					<altitudeMode>relativeToGround</altitudeMode>
					<coordinates>19.050791,47.495973,0</coordinates>
				</Point>
			</Placemark>
			<Placemark id="097A6AD1E6344072BB17">
				<name>McDonald&apos;s</name>
				<gx:mid>/g/119vrtfqw</gx:mid>
				<gx:fid>0x4741dc0d17c76fd1:0xb8b6110168f81a47</gx:fid>
				<LookAt>
					<longitude>19.0572635</longitude>
					<latitude>47.5099173</latitude>
					<altitude>0</altitude>
					<heading>0</heading>
					<tilt>0</tilt>
					<gx:fovy>35</gx:fovy>
					<range>685.8889149318363</range>
					<altitudeMode>relativeToGround</altitudeMode>
				</LookAt>
				<styleUrl>#__managed_style_19F095029940DE0D66C4</styleUrl>
				<Point>
					<altitudeMode>relativeToGround</altitudeMode>
					<coordinates>19.0572635,47.5099173,0</coordinates>
				</Point>
			</Placemark>
			<Placemark id="047C7F0700344073B64E">
				<name>For Sale Pub</name>
				<gx:mid>/g/11c60566cv</gx:mid>
				<gx:fid>0x4741dc4fffd1d849:0x84604918b06a2110</gx:fid>
				<LookAt>
					<longitude>19.0582021</longitude>
					<latitude>47.487595</latitude>
					<altitude>0</altitude>
					<heading>0</heading>
					<tilt>0</tilt>
					<gx:fovy>35</gx:fovy>
					<range>686.2051694399813</range>
					<altitudeMode>relativeToGround</altitudeMode>
				</LookAt>
				<styleUrl>#__managed_style_07FEF01CCC40DE0D66BE</styleUrl>
				<Point>
					<altitudeMode>relativeToGround</altitudeMode>
					<coordinates>19.0582021,47.487595,0</coordinates>
				</Point>
			</Placemark>
			<Placemark id="0BCDAAD73C3440740A5B">
				<name>Pirate Empire</name>
				<gx:mid>/g/11t2_xgvtg</gx:mid>
				<gx:fid>0x4741dd08e4dfcdc7:0x3514e5c12a0a64c</gx:fid>
				<LookAt>
					<longitude>19.0567969</longitude>
					<latitude>47.50598959999999</latitude>
					<altitude>0</altitude>
					<heading>0</heading>
					<tilt>0</tilt>
					<gx:fovy>35</gx:fovy>
					<range>685.9445678759995</range>
					<altitudeMode>relativeToGround</altitudeMode>
				</LookAt>
				<styleUrl>#__managed_style_0AA818556B40DE0D66AC</styleUrl>
				<Point>
					<altitudeMode>relativeToGround</altitudeMode>
					<coordinates>19.0567969,47.5059896,0</coordinates>
				</Point>
			</Placemark>
			<Placemark id="060C66F6AD344074AE9E">
				<name>Kisharang Étkezde</name>
				<gx:mid>/g/11f77ymk7k</gx:mid>
				<gx:fid>0x4741ddf9ddbded95:0xfb766fcfc32daba1</gx:fid>
				<LookAt>
					<longitude>19.0508856</longitude>
					<latitude>47.5016717</latitude>
					<altitude>0</altitude>
					<heading>0</heading>
					<tilt>0</tilt>
					<gx:fovy>35</gx:fovy>
					<range>686.0057464130741</range>
					<altitudeMode>relativeToGround</altitudeMode>
				</LookAt>
				<styleUrl>#__managed_style_0AA818556B40DE0D66AC</styleUrl>
				<Point>
					<altitudeMode>relativeToGround</altitudeMode>
					<coordinates>19.0508856,47.5016717,0</coordinates>
				</Point>
			</Placemark>
			<Placemark id="0024B4FC43344074F00A">
				<name>Gettó Gulyás ristorante per Gulasc</name>
				<gx:mid>/g/11cm0q4sqp</gx:mid>
				<gx:fid>0x4741dc682437bf65:0xc2b6eb4e3531cdd4</gx:fid>
				<LookAt>
					<longitude>19.0626626</longitude>
					<latitude>47.4974487</latitude>
					<altitude>0</altitude>
					<heading>0</heading>
					<tilt>0</tilt>
					<gx:fovy>35</gx:fovy>
					<range>686.0655770217105</range>
					<altitudeMode>relativeToGround</altitudeMode>
				</LookAt>
				<styleUrl>#__managed_style_0AA818556B40DE0D66AC</styleUrl>
				<Point>
					<altitudeMode>relativeToGround</altitudeMode>
					<coordinates>19.0626626,47.4974487,0</coordinates>
				</Point>
			</Placemark>
			<Placemark id="0E8A3B74B73440753DF1">
				<name>Mazel Tov</name>
				<gx:mid>/g/11b6qhjx3q</gx:mid>
				<gx:fid>0x4741dc68eb5c0b91:0xf5991cd91e93b8f8</gx:fid>
				<LookAt>
					<longitude>19.0655242</longitude>
					<latitude>47.50027780000001</latitude>
					<altitude>0</altitude>
					<heading>0</heading>
					<tilt>0</tilt>
					<gx:fovy>35</gx:fovy>
					<range>686.0254952700074</range>
					<altitudeMode>relativeToGround</altitudeMode>
				</LookAt>
				<styleUrl>#__managed_style_0AA818556B40DE0D66AC</styleUrl>
				<Point>
					<altitudeMode>relativeToGround</altitudeMode>
					<coordinates>19.0655242,47.50027779999999,0</coordinates>
				</Point>
			</Placemark>
			<Placemark id="0B6F2BD9C6344075AB2D">
				<name>Halászbástya Étterem</name>
				<gx:mid>/g/11f1yv4hfj</gx:mid>
				<gx:fid>0x4741dc189209d061:0xb320520eefaa2277</gx:fid>
				<LookAt>
					<longitude>19.0346778</longitude>
					<latitude>47.5028373</latitude>
					<altitude>0</altitude>
					<heading>0</heading>
					<tilt>0</tilt>
					<gx:fovy>35</gx:fovy>
					<range>685.9892318485182</range>
					<altitudeMode>relativeToGround</altitudeMode>
				</LookAt>
				<styleUrl>#__managed_style_0AA818556B40DE0D66AC</styleUrl>
				<Point>
					<altitudeMode>relativeToGround</altitudeMode>
					<coordinates>19.0346778,47.5028373,0</coordinates>
				</Point>
			</Placemark>
			<Placemark id="06AB021A72344076B15B">
				<name>Drum Cafe Budapest</name>
				<gx:mid>/g/11b6c9fzp8</gx:mid>
				<gx:fid>0x4741dc42405dfee7:0x91215098ba3c027d</gx:fid>
				<LookAt>
					<longitude>19.0590594</longitude>
					<latitude>47.4963192</latitude>
					<altitude>0</altitude>
					<heading>0</heading>
					<tilt>0</tilt>
					<gx:fovy>35</gx:fovy>
					<range>686.0815789907662</range>
					<altitudeMode>relativeToGround</altitudeMode>
				</LookAt>
				<styleUrl>#__managed_style_0AA818556B40DE0D66AC</styleUrl>
				<Point>
					<altitudeMode>relativeToGround</altitudeMode>
					<coordinates>19.0590594,47.49631919999999,0</coordinates>
				</Point>
			</Placemark>
			<Placemark id="0792918EC0344076F0F7">
				<name>Yama Budapest</name>
				<gx:mid>/g/11rj4zxhbx</gx:mid>
				<gx:fid>0x4741ddcaab55a69b:0x617311d8ecf1c3b</gx:fid>
				<LookAt>
					<longitude>19.0511419</longitude>
					<latitude>47.500699</latitude>
					<altitude>0</altitude>
					<heading>0</heading>
					<tilt>0</tilt>
					<gx:fovy>35</gx:fovy>
					<range>686.0195277215324</range>
					<altitudeMode>relativeToGround</altitudeMode>
				</LookAt>
				<styleUrl>#__managed_style_0AA818556B40DE0D66AC</styleUrl>
				<Point>
					<altitudeMode>relativeToGround</altitudeMode>
					<coordinates>19.0511419,47.50069899999999,0</coordinates>
				</Point>
			</Placemark>
			<Placemark id="0A75BDDD3A3440774EAC">
				<name>Chef Kebab</name>
				<gx:mid>/g/11krrqy0yl</gx:mid>
				<gx:fid>0x4741dd6824277029:0xfc4b1a071eb60bdb</gx:fid>
				<LookAt>
					<longitude>19.0550449</longitude>
					<latitude>47.4990036</latitude>
					<altitude>0</altitude>
					<heading>0</heading>
					<tilt>0</tilt>
					<gx:fovy>35</gx:fovy>
					<range>686.0435478964646</range>
					<altitudeMode>relativeToGround</altitudeMode>
				</LookAt>
				<styleUrl>#__managed_style_0AA818556B40DE0D66AC</styleUrl>
				<Point>
					<altitudeMode>relativeToGround</altitudeMode>
					<coordinates>19.0550547,47.4990034,0</coordinates>
				</Point>
			</Placemark>
			<Placemark id="0712F904A2344077F877">
				<name>Menza Étterem és Kávéház</name>
				<gx:mid>/g/1v6p31kz</gx:mid>
				<gx:fid>0x4741dc6e9b62d4d5:0x361daa1bec9740fe</gx:fid>
				<LookAt>
					<longitude>19.0628165</longitude>
					<latitude>47.5039639</latitude>
					<altitude>0</altitude>
					<heading>0</heading>
					<tilt>0</tilt>
					<gx:fovy>35</gx:fovy>
					<range>685.97326960908</range>
					<altitudeMode>relativeToGround</altitudeMode>
				</LookAt>
				<styleUrl>#__managed_style_0AA818556B40DE0D66AC</styleUrl>
				<Point>
					<altitudeMode>relativeToGround</altitudeMode>
					<coordinates>19.0628165,47.5039639,0</coordinates>
				</Point>
			</Placemark>
			<Placemark id="0A8D3771DF34407AC164">
				<name>Sir Lancelot Medieval Restaurant</name>
				<gx:mid>/g/1tcxnfwr</gx:mid>
				<gx:fid>0x4741dc12a7c9251f:0x7fe2c2d796288a83</gx:fid>
				<LookAt>
					<longitude>19.056732</longitude>
					<latitude>47.508183</latitude>
					<altitude>0</altitude>
					<heading>0</heading>
					<tilt>0</tilt>
					<gx:fovy>35</gx:fovy>
					<range>685.9134891814081</range>
					<altitudeMode>relativeToGround</altitudeMode>
				</LookAt>
				<styleUrl>#__managed_style_0AA818556B40DE0D66AC</styleUrl>
				<Point>
					<altitudeMode>relativeToGround</altitudeMode>
					<coordinates>19.0567352,47.5081794,0</coordinates>
				</Point>
			</Placemark>
			<Placemark id="098BC17C4D328CFE37C7">
				<name>Púder Bárszínház</name>
				<gx:mid>/g/11bycrtdlx</gx:mid>
				<gx:fid>0x4741dc5af57df5a9:0x529dc19563206634</gx:fid>
				<LookAt>
					<longitude>19.0625173</longitude>
					<latitude>47.4883904</latitude>
					<altitude>0</altitude>
					<heading>0</heading>
					<tilt>0</tilt>
					<gx:fovy>35</gx:fovy>
					<range>686.1939020730874</range>
					<altitudeMode>relativeToGround</altitudeMode>
				</LookAt>
				<styleUrl>#__managed_style_0AA818556B40DE0D66AC</styleUrl>
				<Point>
					<altitudeMode>relativeToGround</altitudeMode>
					<coordinates>19.0625173,47.4883904,0</coordinates>
				</Point>
			</Placemark>
			<Placemark id="0DD87BEF5A328D3C617C">
				<name>Belli di Mamma</name>
				<gx:mid>/g/11g_r5tc6y</gx:mid>
				<gx:fid>0x4741dd7bbc933f69:0x91a391dc7bd9ca15</gx:fid>
				<LookAt>
					<longitude>19.0658132</longitude>
					<latitude>47.5001059</latitude>
					<altitude>0</altitude>
					<heading>0</heading>
					<tilt>0</tilt>
					<gx:fovy>35</gx:fovy>
					<range>686.0279307344385</range>
					<altitudeMode>relativeToGround</altitudeMode>
				</LookAt>
				<styleUrl>#__managed_style_0AA818556B40DE0D66AC</styleUrl>
				<Point>
					<altitudeMode>relativeToGround</altitudeMode>
					<coordinates>19.0658132,47.5001059,0</coordinates>
				</Point>
			</Placemark>
			<Placemark id="0B67DDBB02328D4BF031">
				<name>Pizza Dellarosso Budapest</name>
				<gx:mid>/g/11h2lpz72k</gx:mid>
				<gx:fid>0x4741dd78978beab1:0xe1f28476b250f0d7</gx:fid>
				<LookAt>
					<longitude>19.0553238</longitude>
					<latitude>47.506087</latitude>
					<altitude>0</altitude>
					<heading>0</heading>
					<tilt>0</tilt>
					<gx:fovy>35</gx:fovy>
					<range>685.9431878160362</range>
					<altitudeMode>relativeToGround</altitudeMode>
				</LookAt>
				<styleUrl>#__managed_style_10B110C18C40DE0D66AC</styleUrl>
				<Point>
					<altitudeMode>relativeToGround</altitudeMode>
					<coordinates>19.0552287,47.5060882,0</coordinates>
				</Point>
			</Placemark>
			<Placemark id="0E78C472CC328D4D63DA">
				<name>Digó Pizzeria</name>
				<gx:mid>/g/11h93l93tg</gx:mid>
				<gx:fid>0x4741dd8334d4469b:0x1379c8b0db05ddcf</gx:fid>
				<LookAt>
					<longitude>19.0623289</longitude>
					<latitude>47.498288</latitude>
					<altitude>0</altitude>
					<heading>0</heading>
					<tilt>0</tilt>
					<gx:fovy>35</gx:fovy>
					<range>686.0536862515016</range>
					<altitudeMode>relativeToGround</altitudeMode>
				</LookAt>
				<styleUrl>#__managed_style_10B110C18C40DE0D66AC</styleUrl>
				<Point>
					<altitudeMode>relativeToGround</altitudeMode>
					<coordinates>19.0623289,47.498288,0</coordinates>
				</Point>
			</Placemark>
			<Placemark id="0AB56E5FD134407123C1">
				<name>Karavan - Food Fair</name>
				<gx:mid>/g/11dxsth2r7</gx:mid>
				<gx:fid>0x4741dc5d57151987:0x367b3450a65628e9</gx:fid>
				<LookAt>
					<longitude>19.0632199</longitude>
					<latitude>47.49723669999999</latitude>
					<altitude>0</altitude>
					<heading>0</heading>
					<tilt>0</tilt>
					<gx:fovy>35</gx:fovy>
					<range>686.0685805079652</range>
					<altitudeMode>relativeToGround</altitudeMode>
				</LookAt>
				<styleUrl>#__managed_style_0AA818556B40DE0D66AC</styleUrl>
				<Point>
					<altitudeMode>relativeToGround</altitudeMode>
					<coordinates>19.06303763463923,47.49709635015109,0</coordinates>
				</Point>
			</Placemark>
			<Placemark id="059A97236234406B46BC">
				<name>Monkey Bistro</name>
				<gx:mid>/g/11cp7l6c38</gx:mid>
				<gx:fid>0x4741dc3954b8d1d3:0xb59493f4f0152faa</gx:fid>
				<LookAt>
					<longitude>19.0415862</longitude>
					<latitude>47.4955886</latitude>
					<altitude>0</altitude>
					<heading>0</heading>
					<tilt>0</tilt>
					<gx:fovy>35</gx:fovy>
					<range>686.0919294970657</range>
					<altitudeMode>relativeToGround</altitudeMode>
				</LookAt>
				<styleUrl>#__managed_style_0AA818556B40DE0D66AC</styleUrl>
				<Point>
					<altitudeMode>relativeToGround</altitudeMode>
					<coordinates>19.0415862,47.4955886,0</coordinates>
				</Point>
			</Placemark>
			<Placemark id="0C9F99C9C63B3278ED8C">
				<gx:mid>/g/11pkhq9tsf</gx:mid>
				<gx:fid>0x4741dd07c32e1bf1:0x850d73cf0a4651bd</gx:fid>
				<LookAt>
					<longitude>19.0529026</longitude>
					<latitude>47.5022871</latitude>
					<altitude>0</altitude>
					<heading>0</heading>
					<tilt>0</tilt>
					<gx:fovy>35</gx:fovy>
					<range>685.9970272756386</range>
					<altitudeMode>relativeToGround</altitudeMode>
				</LookAt>
				<styleUrl>#__managed_style_0AA818556B40DE0D66AC</styleUrl>
				<Point>
					<altitudeMode>relativeToGround</altitudeMode>
					<coordinates>19.0528439,47.5022817,0</coordinates>
				</Point>
			</Placemark>
			<Placemark id="0A05D4245D3B327BD0E0">
				<name>שוק אוכל</name>
				<LookAt>
					<longitude>19.06176633191824</longitude>
					<latitude>47.49716632886941</latitude>
					<altitude>104.7397048557998</altitude>
					<heading>0</heading>
					<tilt>0</tilt>
					<gx:fovy>35</gx:fovy>
					<range>606.9561054677615</range>
					<altitudeMode>absolute</altitudeMode>
				</LookAt>
				<styleUrl>#__managed_style_0B25EFFAD040DE0D66C0</styleUrl>
				<LineString>
					<coordinates>
						19.06256433068854,47.49695852776485,0 19.06326985249771,47.49717569003473,0 
					</coordinates>
				</LineString>
			</Placemark>
		</Folder>
		<Folder id="0382ED2D68328BD84589">
			<name>בתי קפה</name>
			<styleUrl>#__managed_style_144C47F35840DE0D66AE</styleUrl>
			<Placemark id="0AF5A82562328D2BF020">
				<name>Artizán Bakery</name>
				<gx:mid>/g/11ckqs_825</gx:mid>
				<gx:fid>0x4741dc149f5f34b5:0xd5ee3d239e47302a</gx:fid>
				<LookAt>
					<longitude>19.0528592</longitude>
					<latitude>47.503782</latitude>
					<altitude>0</altitude>
					<heading>0</heading>
					<tilt>0</tilt>
					<gx:fovy>35</gx:fovy>
					<range>685.9758468762774</range>
					<altitudeMode>relativeToGround</altitudeMode>
				</LookAt>
				<styleUrl>#__managed_style_0A7E0A62A640DE0D66A8</styleUrl>
				<Point>
					<altitudeMode>relativeToGround</altitudeMode>
					<coordinates>19.0528592,47.50378200000001,0</coordinates>
				</Point>
			</Placemark>
			<Placemark id="0541871D97328D2C7428">
				<name>VAJ</name>
				<gx:mid>/g/11lh3xl5qc</gx:mid>
				<gx:fid>0x4741ddcd85381711:0xae4f6a68c50e32f7</gx:fid>
				<LookAt>
					<longitude>19.0714369</longitude>
					<latitude>47.49315079999999</latitude>
					<altitude>0</altitude>
					<heading>0</heading>
					<tilt>0</tilt>
					<gx:fovy>35</gx:fovy>
					<range>686.1264654171245</range>
					<altitudeMode>relativeToGround</altitudeMode>
				</LookAt>
				<styleUrl>#__managed_style_0A7E0A62A640DE0D66A8</styleUrl>
				<Point>
					<altitudeMode>relativeToGround</altitudeMode>
					<coordinates>19.0714369,47.4931508,0</coordinates>
				</Point>
			</Placemark>
			<Placemark id="03AE26772D328D2CED90">
				<name>Lui</name>
				<gx:mid>/g/11s5vxv1x6</gx:mid>
				<gx:fid>0x4741dd9813da385b:0xe7e9d5587904ff40</gx:fid>
				<LookAt>
					<longitude>19.051793</longitude>
					<latitude>47.50552099999999</latitude>
					<altitude>0</altitude>
					<heading>0</heading>
					<tilt>0</tilt>
					<gx:fovy>35</gx:fovy>
					<range>685.951207441855</range>
					<altitudeMode>relativeToGround</altitudeMode>
				</LookAt>
				<styleUrl>#__managed_style_0A7E0A62A640DE0D66A8</styleUrl>
				<Point>
					<altitudeMode>relativeToGround</altitudeMode>
					<coordinates>19.051793,47.50552099999999,0</coordinates>
				</Point>
			</Placemark>
			<Placemark id="06AA4ADBE3328D2E2AAD">
				<name>Bageri</name>
				<gx:mid>/g/11nwxf435z</gx:mid>
				<gx:fid>0x4741ddcd073b08b3:0x74979108e81bb98f</gx:fid>
				<LookAt>
					<longitude>19.0627288</longitude>
					<latitude>47.4876203</latitude>
					<altitude>0</altitude>
					<heading>0</heading>
					<tilt>0</tilt>
					<gx:fovy>35</gx:fovy>
					<range>686.2048110505534</range>
					<altitudeMode>relativeToGround</altitudeMode>
				</LookAt>
				<styleUrl>#__managed_style_0A7E0A62A640DE0D66A8</styleUrl>
				<Point>
					<altitudeMode>relativeToGround</altitudeMode>
					<coordinates>19.0627288,47.4876203,0</coordinates>
				</Point>
			</Placemark>
			<Placemark id="03B788505E328D2ED86D">
				<name>arán bakery budapest</name>
				<gx:mid>/g/11hy_2vx40</gx:mid>
				<gx:fid>0x4741dd9fc9e9f5bb:0x80531f5f3f198b40</gx:fid>
				<LookAt>
					<longitude>19.0646837</longitude>
					<latitude>47.4980142</latitude>
					<altitude>0</altitude>
					<heading>0</heading>
					<tilt>0</tilt>
					<gx:fovy>35</gx:fovy>
					<range>686.0575653232057</range>
					<altitudeMode>relativeToGround</altitudeMode>
				</LookAt>
				<styleUrl>#__managed_style_0A7E0A62A640DE0D66A8</styleUrl>
				<Point>
					<altitudeMode>relativeToGround</altitudeMode>
					<coordinates>19.0646837,47.49801420000001,0</coordinates>
				</Point>
			</Placemark>
			<Placemark id="0D64B81F5F328D2F688E">
				<name>Freyja - the croissant story - Budapest</name>
				<gx:mid>/g/11h055p0zb</gx:mid>
				<gx:fid>0x4741dd3d12ba14f3:0x45c38cca214c3570</gx:fid>
				<LookAt>
					<longitude>19.07374249999999</longitude>
					<latitude>47.4996287</latitude>
					<altitude>0</altitude>
					<heading>0</heading>
					<tilt>0</tilt>
					<gx:fovy>35</gx:fovy>
					<range>686.0346916344436</range>
					<altitudeMode>relativeToGround</altitudeMode>
				</LookAt>
				<styleUrl>#__managed_style_0A7E0A62A640DE0D66A8</styleUrl>
				<Point>
					<altitudeMode>relativeToGround</altitudeMode>
					<coordinates>19.0737425,47.4996287,0</coordinates>
				</Point>
			</Placemark>
			<Placemark id="0AF9D50798328D31A0EE">
				<name>Honey</name>
				<gx:mid>/g/11rgdmz8r6</gx:mid>
				<gx:fid>0x4741dd50b2911057:0x415ce05fa75e4ad5</gx:fid>
				<LookAt>
					<longitude>19.0520559</longitude>
					<latitude>47.4996343</latitude>
					<altitude>0</altitude>
					<heading>0</heading>
					<tilt>0</tilt>
					<gx:fovy>35</gx:fovy>
					<range>686.0346122947042</range>
					<altitudeMode>relativeToGround</altitudeMode>
				</LookAt>
				<styleUrl>#__managed_style_0A7E0A62A640DE0D66A8</styleUrl>
				<Point>
					<altitudeMode>relativeToGround</altitudeMode>
					<coordinates>19.0520559,47.4996343,0</coordinates>
				</Point>
			</Placemark>
			<Placemark id="0527D5A74534407C2DE2">
				<name>Urban Coffee</name>
				<gx:mid>/g/11k6121nq7</gx:mid>
				<gx:fid>0x4741dd7bd5ebaf0d:0x65f790eec631acc8</gx:fid>
				<LookAt>
					<longitude>19.0554662</longitude>
					<latitude>47.4979927</latitude>
					<altitude>0</altitude>
					<heading>0</heading>
					<tilt>0</tilt>
					<gx:fovy>35</gx:fovy>
					<range>686.0578699246709</range>
					<altitudeMode>relativeToGround</altitudeMode>
				</LookAt>
				<styleUrl>#__managed_style_0A7E0A62A640DE0D66A8</styleUrl>
				<Point>
					<altitudeMode>relativeToGround</altitudeMode>
					<coordinates>19.0554662,47.49799269999999,0</coordinates>
				</Point>
			</Placemark>
			<Placemark id="048BCE681C34407CAE49">
				<name>Levant Lebanese Bistro</name>
				<gx:mid>/g/11q9fvh3nn</gx:mid>
				<gx:fid>0x4741dd5f5f813843:0xdba101b461e25e0a</gx:fid>
				<LookAt>
					<longitude>19.0520413</longitude>
					<latitude>47.49308730000001</latitude>
					<altitude>0</altitude>
					<heading>0</heading>
					<tilt>0</tilt>
					<gx:fovy>35</gx:fovy>
					<range>686.1273649967328</range>
					<altitudeMode>relativeToGround</altitudeMode>
				</LookAt>
				<styleUrl>#__managed_style_0A7E0A62A640DE0D66A8</styleUrl>
				<Point>
					<altitudeMode>relativeToGround</altitudeMode>
					<coordinates>19.0520413,47.49308729999999,0</coordinates>
				</Point>
			</Placemark>
			<Placemark id="0E968392B834407D02E4">
				<name>Donuterie Cafe - donuts, coffee &amp; more</name>
				<gx:mid>/g/11t7xxg9gy</gx:mid>
				<gx:fid>0x4741ddb85e9c63f3:0xb1ca10ea3c94d101</gx:fid>
				<LookAt>
					<longitude>19.0548494</longitude>
					<latitude>47.5057327</latitude>
					<altitude>0</altitude>
					<heading>0</heading>
					<tilt>0</tilt>
					<gx:fovy>35</gx:fovy>
					<range>685.9482078820187</range>
					<altitudeMode>relativeToGround</altitudeMode>
				</LookAt>
				<styleUrl>#__managed_style_0A7E0A62A640DE0D66A8</styleUrl>
				<Point>
					<altitudeMode>relativeToGround</altitudeMode>
					<coordinates>19.0548494,47.5057327,0</coordinates>
				</Point>
			</Placemark>
			<Placemark id="0B1D9C5FA334407D79DF">
				<name>Flatty Coffee Shop</name>
				<gx:mid>/g/11kqln50zt</gx:mid>
				<gx:fid>0x4741ddc0df0148d3:0xa754ec9019781eb4</gx:fid>
				<LookAt>
					<longitude>19.0590266</longitude>
					<latitude>47.4880692</latitude>
					<altitude>0</altitude>
					<heading>0</heading>
					<tilt>0</tilt>
					<gx:fovy>35</gx:fovy>
					<range>686.1984520975224</range>
					<altitudeMode>relativeToGround</altitudeMode>
				</LookAt>
				<styleUrl>#__managed_style_0A7E0A62A640DE0D66A8</styleUrl>
				<Point>
					<altitudeMode>relativeToGround</altitudeMode>
					<coordinates>19.0590266,47.48806920000001,0</coordinates>
				</Point>
			</Placemark>
			<Placemark id="038E0402CD34407DACFF">
				<name>New York Café</name>
				<gx:mid>/g/1q6j8vbd5</gx:mid>
				<gx:fid>0x4741dc66e2a0e799:0x3b24d300deeee120</gx:fid>
				<LookAt>
					<longitude>19.0704556</longitude>
					<latitude>47.4987259</latitude>
					<altitude>0</altitude>
					<heading>0</heading>
					<tilt>0</tilt>
					<gx:fovy>35</gx:fovy>
					<range>686.0474822581582</range>
					<altitudeMode>relativeToGround</altitudeMode>
				</LookAt>
				<styleUrl>#__managed_style_0A7E0A62A640DE0D66A8</styleUrl>
				<Point>
					<altitudeMode>relativeToGround</altitudeMode>
					<coordinates>19.0704556,47.4987259,0</coordinates>
				</Point>
			</Placemark>
			<Placemark id="0553F8F51834407DFBCB">
				<name>Zoo Café</name>
				<gx:mid>/g/11b638n1gr</gx:mid>
				<gx:fid>0x4741dc4530f144af:0xe5f964fa4486ec3b</gx:fid>
				<LookAt>
					<longitude>19.0584725</longitude>
					<latitude>47.4895137</latitude>
					<altitude>0</altitude>
					<heading>0</heading>
					<tilt>0</tilt>
					<gx:fovy>35</gx:fovy>
					<range>686.1779895868418</range>
					<altitudeMode>relativeToGround</altitudeMode>
				</LookAt>
				<styleUrl>#__managed_style_0A7E0A62A640DE0D66A8</styleUrl>
				<Point>
					<altitudeMode>relativeToGround</altitudeMode>
					<coordinates>19.0584487,47.48950290000001,0</coordinates>
				</Point>
			</Placemark>
			<Placemark id="09377D0F78328D32B071">
				<name>Caphe by Hai Nam</name>
				<gx:mid>/g/11k72rprxj</gx:mid>
				<gx:fid>0x4741ddd7cd97c017:0x40f3b74ffbfa2215</gx:fid>
				<LookAt>
					<longitude>19.0501515</longitude>
					<latitude>47.4791186</latitude>
					<altitude>0</altitude>
					<heading>0</heading>
					<tilt>0</tilt>
					<gx:fovy>35</gx:fovy>
					<range>686.3252359910017</range>
					<altitudeMode>relativeToGround</altitudeMode>
				</LookAt>
				<styleUrl>#__managed_style_0A7E0A62A640DE0D66A8</styleUrl>
				<Point>
					<altitudeMode>relativeToGround</altitudeMode>
					<coordinates>19.0501515,47.47911860000001,0</coordinates>
				</Point>
			</Placemark>
			<Placemark id="0A39889E1A328D34778A">
				<name>Cafe Muse</name>
				<gx:mid>/g/11k3r6xrbl</gx:mid>
				<gx:fid>0x4741dd86ae242c35:0xee9feac835fc655</gx:fid>
				<LookAt>
					<longitude>19.0546596</longitude>
					<latitude>47.493796</latitude>
					<altitude>0</altitude>
					<heading>0</heading>
					<tilt>0</tilt>
					<gx:fovy>35</gx:fovy>
					<range>686.1173250794139</range>
					<altitudeMode>relativeToGround</altitudeMode>
				</LookAt>
				<styleUrl>#__managed_style_0A7E0A62A640DE0D66A8</styleUrl>
				<Point>
					<altitudeMode>relativeToGround</altitudeMode>
					<coordinates>19.0546596,47.493796,0</coordinates>
				</Point>
			</Placemark>
			<Placemark id="039E1DB0F7328D38BA68">
				<name>Nanu coffee and stuff - specialty kávézó</name>
				<gx:mid>/g/11s618brw4</gx:mid>
				<gx:fid>0x4741dd32e9bb45e1:0x990792604952fe6c</gx:fid>
				<LookAt>
					<longitude>19.0537321</longitude>
					<latitude>47.48223840000001</latitude>
					<altitude>0</altitude>
					<heading>0</heading>
					<tilt>0</tilt>
					<gx:fovy>35</gx:fovy>
					<range>686.2810461768418</range>
					<altitudeMode>relativeToGround</altitudeMode>
				</LookAt>
				<styleUrl>#__managed_style_0A7E0A62A640DE0D66A8</styleUrl>
				<Point>
					<altitudeMode>relativeToGround</altitudeMode>
					<coordinates>19.0537321,47.48223840000001,0</coordinates>
				</Point>
			</Placemark>
			<Placemark id="0584FD07E4328D4CC53E">
				<name>MITZI – Kávé, Konyha, Bár</name>
				<gx:mid>/g/11hz29y532</gx:mid>
				<gx:fid>0x4741ddb847f87ffb:0xccc6f81492521627</gx:fid>
				<LookAt>
					<longitude>19.0527177</longitude>
					<latitude>47.4829856</latitude>
					<altitude>0</altitude>
					<heading>0</heading>
					<tilt>0</tilt>
					<gx:fovy>35</gx:fovy>
					<range>686.2704623375304</range>
					<altitudeMode>relativeToGround</altitudeMode>
				</LookAt>
				<styleUrl>#__managed_style_0A7E0A62A640DE0D66A8</styleUrl>
				<Point>
					<altitudeMode>relativeToGround</altitudeMode>
					<coordinates>19.0527177,47.4829856,0</coordinates>
				</Point>
			</Placemark>
			<Placemark id="0DD8DE36B03440784760">
				<name>Gelateria Pichler Fagyizó</name>
				<gx:mid>/g/11h71hy0wq</gx:mid>
				<gx:fid>0x4741dd7ac439644b:0x757fa56f769acc6c</gx:fid>
				<LookAt>
					<longitude>19.0566797</longitude>
					<latitude>47.4936488</latitude>
					<altitude>0</altitude>
					<heading>0</heading>
					<tilt>0</tilt>
					<gx:fovy>35</gx:fovy>
					<range>686.1194104205151</range>
					<altitudeMode>relativeToGround</altitudeMode>
				</LookAt>
				<styleUrl>#__managed_style_0A7E0A62A640DE0D66A8</styleUrl>
				<Point>
					<altitudeMode>relativeToGround</altitudeMode>
					<coordinates>19.0566797,47.4936488,0</coordinates>
				</Point>
			</Placemark>
			<Placemark id="02FF74DBE53B3279AD28">
				<gx:mid>/g/11wqw_tkxf</gx:mid>
				<gx:fid>0x4741dd322fb5ba05:0x2f542b8ec8b7311f</gx:fid>
				<LookAt>
					<longitude>19.0560701</longitude>
					<latitude>47.491473</latitude>
					<altitude>0</altitude>
					<heading>0</heading>
					<tilt>0</tilt>
					<gx:fovy>35</gx:fovy>
					<range>686.1502339019301</range>
					<altitudeMode>relativeToGround</altitudeMode>
				</LookAt>
				<styleUrl>#__managed_style_0A7E0A62A640DE0D66A8</styleUrl>
				<Point>
					<altitudeMode>relativeToGround</altitudeMode>
					<coordinates>19.0560701,47.491473,0</coordinates>
				</Point>
			</Placemark>
			<Placemark id="096C12DF4F3B327DAE68">
				<gx:mid>/g/11wj49x29b</gx:mid>
				<gx:fid>0x4741dd003cf36193:0xb5f8ee223c397430</gx:fid>
				<LookAt>
					<longitude>19.0610205</longitude>
					<latitude>47.5009064</latitude>
					<altitude>0</altitude>
					<heading>0</heading>
					<tilt>0</tilt>
					<gx:fovy>35</gx:fovy>
					<range>686.0165892727596</range>
					<altitudeMode>relativeToGround</altitudeMode>
				</LookAt>
				<styleUrl>#__managed_style_0A7E0A62A640DE0D66A8</styleUrl>
				<Point>
					<altitudeMode>relativeToGround</altitudeMode>
					<coordinates>19.0610205,47.5009064,0</coordinates>
				</Point>
			</Placemark>
		</Folder>
		<Folder id="003B127663328BD87E2B">
			<name>ברים</name>
			<styleUrl>#__managed_style_144C47F35840DE0D66AE</styleUrl>
			<Placemark id="066EEE5024328C66A079">
				<name>Rumpus Tiki Bar</name>
				<gx:mid>/g/11b7hhjpzq</gx:mid>
				<gx:fid>0x4741befebf93b1df:0xbf37c078502893d9</gx:fid>
				<LookAt>
					<longitude>19.0595109</longitude>
					<latitude>47.4996023</latitude>
					<altitude>0</altitude>
					<heading>0</heading>
					<tilt>0</tilt>
					<gx:fovy>35</gx:fovy>
					<range>686.035065664566</range>
					<altitudeMode>relativeToGround</altitudeMode>
				</LookAt>
				<styleUrl>#__managed_style_0FFC677AC740DE0D66A6</styleUrl>
				<Point>
					<altitudeMode>relativeToGround</altitudeMode>
					<coordinates>19.0595109,47.4996023,0</coordinates>
				</Point>
			</Placemark>
			<Placemark id="0A20458935328CFD74A1">
				<name>Csendes Létterem - Vintage Bar &amp; Café</name>
				<gx:mid>/g/1263qm76t</gx:mid>
				<gx:fid>0x4741dc435dc5fcb5:0x586f90eb228360de</gx:fid>
				<LookAt>
					<longitude>19.0603828</longitude>
					<latitude>47.4928116</latitude>
					<altitude>0</altitude>
					<heading>0</heading>
					<tilt>0</tilt>
					<gx:fovy>35</gx:fovy>
					<range>686.131270721925</range>
					<altitudeMode>relativeToGround</altitudeMode>
				</LookAt>
				<styleUrl>#__managed_style_0FFC677AC740DE0D66A6</styleUrl>
				<Point>
					<altitudeMode>relativeToGround</altitudeMode>
					<coordinates>19.0603828,47.4928116,0</coordinates>
				</Point>
			</Placemark>
			<Placemark id="0B62DCBFC1328D01B307">
				<name>Roxy Rooftop Lounge</name>
				<gx:mid>/g/11s62j8k68</gx:mid>
				<gx:fid>0x4741dde887f1e77d:0x78b5e5d5f9b26fa2</gx:fid>
				<LookAt>
					<longitude>19.0584344</longitude>
					<latitude>47.504595</latitude>
					<altitude>0</altitude>
					<heading>0</heading>
					<tilt>0</tilt>
					<gx:fovy>35</gx:fovy>
					<range>685.9643277622232</range>
					<altitudeMode>relativeToGround</altitudeMode>
				</LookAt>
				<styleUrl>#__managed_style_0FFC677AC740DE0D66A6</styleUrl>
				<Point>
					<altitudeMode>relativeToGround</altitudeMode>
					<coordinates>19.0584344,47.50459499999999,0</coordinates>
				</Point>
			</Placemark>
			<Placemark id="024512B76C328D0C796F">
				<name>White Raven Skybar &amp; Lounge</name>
				<gx:mid>/g/11s564xb15</gx:mid>
				<gx:fid>0x4741ddfdd5693227:0xc793c8a6c52f0cd3</gx:fid>
				<LookAt>
					<longitude>19.0337108</longitude>
					<latitude>47.5025699</latitude>
					<altitude>0</altitude>
					<heading>0</heading>
					<tilt>0</tilt>
					<gx:fovy>35</gx:fovy>
					<range>685.993020472751</range>
					<altitudeMode>relativeToGround</altitudeMode>
				</LookAt>
				<styleUrl>#__managed_style_0FFC677AC740DE0D66A6</styleUrl>
				<Point>
					<altitudeMode>relativeToGround</altitudeMode>
					<coordinates>19.0337108,47.5025699,0</coordinates>
				</Point>
			</Placemark>
			<Placemark id="02F7C7362934407E7F76">
				<name>Warm Up Cocktail bar</name>
				<gx:mid>/g/1ptz0rq79</gx:mid>
				<gx:fid>0x4741dc686a0a21a5:0xceb1983e3126aae1</gx:fid>
				<LookAt>
					<longitude>19.0641426</longitude>
					<latitude>47.4983539</latitude>
					<altitude>0</altitude>
					<heading>0</heading>
					<tilt>0</tilt>
					<gx:fovy>35</gx:fovy>
					<range>686.0527526087288</range>
					<altitudeMode>relativeToGround</altitudeMode>
				</LookAt>
				<styleUrl>#__managed_style_271A3017EA40DE0D66B1</styleUrl>
				<Point>
					<altitudeMode>relativeToGround</altitudeMode>
					<coordinates>19.0641426,47.49835389999999,0</coordinates>
				</Point>
			</Placemark>
			<Placemark id="04F59AB85834407EDFE3">
				<name>Red Ruin</name>
				<gx:mid>/g/11b7rmylvv</gx:mid>
				<gx:fid>0x4741dc4443b9f225:0x81ee6881eafd3646</gx:fid>
				<LookAt>
					<longitude>19.0560812</longitude>
					<latitude>47.4917449</latitude>
					<altitude>0</altitude>
					<heading>0</heading>
					<tilt>0</tilt>
					<gx:fovy>35</gx:fovy>
					<range>686.146382077045</range>
					<altitudeMode>relativeToGround</altitudeMode>
				</LookAt>
				<styleUrl>#__managed_style_0FFC677AC740DE0D66A6</styleUrl>
				<Point>
					<altitudeMode>relativeToGround</altitudeMode>
					<coordinates>19.0560812,47.49174490000001,0</coordinates>
				</Point>
			</Placemark>
			<Placemark id="02FB4EDF2D34407F388E">
				<name>Szimpla Kert</name>
				<gx:mid>/g/187cd6lb</gx:mid>
				<gx:fid>0x4741dc42a0d20de5:0x267742d3fb311da4</gx:fid>
				<LookAt>
					<longitude>19.06334589999999</longitude>
					<latitude>47.49696480000001</latitude>
					<altitude>0</altitude>
					<heading>0</heading>
					<tilt>0</tilt>
					<gx:fovy>35</gx:fovy>
					<range>686.0724326086124</range>
					<altitudeMode>relativeToGround</altitudeMode>
				</LookAt>
				<styleUrl>#__managed_style_0FFC677AC740DE0D66A6</styleUrl>
				<Point>
					<altitudeMode>relativeToGround</altitudeMode>
					<coordinates>19.0633556,47.49697579999999,0</coordinates>
				</Point>
			</Placemark>
			<Placemark id="027B0CC6E134407FCEA2">
				<name>Mitico Budapest</name>
				<gx:mid>/g/11spp9rqdk</gx:mid>
				<gx:fid>0x4741dd1369bbd1b3:0xc405d3a666434751</gx:fid>
				<LookAt>
					<longitude>19.0609078</longitude>
					<latitude>47.499326</latitude>
					<altitude>0</altitude>
					<heading>0</heading>
					<tilt>0</tilt>
					<gx:fovy>35</gx:fovy>
					<range>686.0389802221029</range>
					<altitudeMode>relativeToGround</altitudeMode>
				</LookAt>
				<styleUrl>#__managed_style_271A3017EA40DE0D66B1</styleUrl>
				<Point>
					<altitudeMode>relativeToGround</altitudeMode>
					<coordinates>19.0609078,47.499326,0</coordinates>
				</Point>
			</Placemark>
			<Placemark id="05009C2D013440802A72">
				<name>Jardín cocktail Bar</name>
				<gx:mid>/g/11f61dwtcl</gx:mid>
				<gx:fid>0x4741dd2379dc7c87:0xe2cf832af9eab5a6</gx:fid>
				<LookAt>
					<longitude>19.0602633</longitude>
					<latitude>47.4979677</latitude>
					<altitude>0</altitude>
					<heading>0</heading>
					<tilt>0</tilt>
					<gx:fovy>35</gx:fovy>
					<range>686.0582241123137</range>
					<altitudeMode>relativeToGround</altitudeMode>
				</LookAt>
				<styleUrl>#__managed_style_271A3017EA40DE0D66B1</styleUrl>
				<Point>
					<altitudeMode>relativeToGround</altitudeMode>
					<coordinates>19.0602633,47.4979677,0</coordinates>
				</Point>
			</Placemark>
			<Placemark id="0515655468344080A0FD">
				<name>Boutiq Bar</name>
				<gx:mid>/g/1pxq434_m</gx:mid>
				<gx:fid>0x4741dc6a675a58b1:0x9bf3ae35bc00072b</gx:fid>
				<LookAt>
					<longitude>19.0560719</longitude>
					<latitude>47.49957129999999</latitude>
					<altitude>0</altitude>
					<heading>0</heading>
					<tilt>0</tilt>
					<gx:fovy>35</gx:fovy>
					<range>686.0355048664394</range>
					<altitudeMode>relativeToGround</altitudeMode>
				</LookAt>
				<styleUrl>#__managed_style_271A3017EA40DE0D66B1</styleUrl>
				<Point>
					<altitudeMode>relativeToGround</altitudeMode>
					<coordinates>19.0560719,47.4995713,0</coordinates>
				</Point>
			</Placemark>
			<Placemark id="090BD6C25E344080E8E6">
				<name>High Note SkyBar</name>
				<gx:mid>/g/11bzs05dlz</gx:mid>
				<gx:fid>0x4741dc6ac0d40f6b:0x11164135446b79f2</gx:fid>
				<LookAt>
					<longitude>19.0536746</longitude>
					<latitude>47.4998134</latitude>
					<altitude>0</altitude>
					<heading>0</heading>
					<tilt>0</tilt>
					<gx:fovy>35</gx:fovy>
					<range>686.0320748367679</range>
					<altitudeMode>relativeToGround</altitudeMode>
				</LookAt>
				<styleUrl>#__managed_style_271A3017EA40DE0D66B1</styleUrl>
				<Point>
					<altitudeMode>relativeToGround</altitudeMode>
					<coordinates>19.0535584,47.49980569999999,0</coordinates>
				</Point>
			</Placemark>
			<Placemark id="03AD3A907B3440813A2D">
				<name>PONTOON</name>
				<gx:mid>/g/11b_3gq8v7</gx:mid>
				<gx:fid>0x4741ddca1cad5af5:0x9a48d863bdecc4c1</gx:fid>
				<LookAt>
					<longitude>19.0461562</longitude>
					<latitude>47.49965040000001</latitude>
					<altitude>0</altitude>
					<heading>0</heading>
					<tilt>0</tilt>
					<gx:fovy>35</gx:fovy>
					<range>686.0343841929207</range>
					<altitudeMode>relativeToGround</altitudeMode>
				</LookAt>
				<styleUrl>#__managed_style_0FFC677AC740DE0D66A6</styleUrl>
				<Point>
					<altitudeMode>relativeToGround</altitudeMode>
					<coordinates>19.0461562,47.4996504,0</coordinates>
				</Point>
			</Placemark>
			<Placemark id="01198776D534408174F7">
				<name>Raqpart bar</name>
				<gx:mid>/g/11bwgbdktf</gx:mid>
				<gx:fid>0x4741dc3e3cec349b:0x31e849e611514dbe</gx:fid>
				<LookAt>
					<longitude>19.0463423</longitude>
					<latitude>47.4993068</latitude>
					<altitude>0</altitude>
					<heading>0</heading>
					<tilt>0</tilt>
					<gx:fovy>35</gx:fovy>
					<range>686.0392522429497</range>
					<altitudeMode>relativeToGround</altitudeMode>
				</LookAt>
				<styleUrl>#__managed_style_0FFC677AC740DE0D66A6</styleUrl>
				<Point>
					<altitudeMode>relativeToGround</altitudeMode>
					<coordinates>19.0463413,47.4993067,0</coordinates>
				</Point>
			</Placemark>
			<Placemark id="0558E9B0B0344081FEF2">
				<name>KAA Mixology</name>
				<gx:mid>/g/11sb2t2xvd</gx:mid>
				<gx:fid>0x4741dd9d52162585:0x42b4e034ef471eeb</gx:fid>
				<LookAt>
					<longitude>19.0587484</longitude>
					<latitude>47.4995792</latitude>
					<altitude>0</altitude>
					<heading>0</heading>
					<tilt>0</tilt>
					<gx:fovy>35</gx:fovy>
					<range>686.0353929408175</range>
					<altitudeMode>relativeToGround</altitudeMode>
				</LookAt>
				<styleUrl>#__managed_style_271A3017EA40DE0D66B1</styleUrl>
				<Point>
					<altitudeMode>relativeToGround</altitudeMode>
					<coordinates>19.0587484,47.4995792,0</coordinates>
				</Point>
			</Placemark>
			<Placemark id="03B235C05C34408245D5">
				<name>360 Bar</name>
				<gx:mid>/g/11b5wfsssn</gx:mid>
				<gx:fid>0x4741dc6c2200db75:0x6be15de012372e28</gx:fid>
				<LookAt>
					<longitude>19.061523</longitude>
					<latitude>47.503694</latitude>
					<altitude>0</altitude>
					<heading>0</heading>
					<tilt>0</tilt>
					<gx:fovy>35</gx:fovy>
					<range>685.9770937103322</range>
					<altitudeMode>relativeToGround</altitudeMode>
				</LookAt>
				<styleUrl>#__managed_style_0FFC677AC740DE0D66A6</styleUrl>
				<Point>
					<altitudeMode>relativeToGround</altitudeMode>
					<coordinates>19.0614502,47.503744,0</coordinates>
				</Point>
			</Placemark>
			<Placemark id="00644F461F3440828E64">
				<name>Ice Bar</name>
				<gx:mid>/g/11k14yd542</gx:mid>
				<gx:fid>0x4741dd5d30677f47:0x8cf4b0532943e8fa</gx:fid>
				<LookAt>
					<longitude>19.0521901</longitude>
					<latitude>47.4944475</latitude>
					<altitude>0</altitude>
					<heading>0</heading>
					<tilt>0</tilt>
					<gx:fovy>35</gx:fovy>
					<range>686.1080954136519</range>
					<altitudeMode>relativeToGround</altitudeMode>
				</LookAt>
				<styleUrl>#__managed_style_0FFC677AC740DE0D66A6</styleUrl>
				<Point>
					<altitudeMode>relativeToGround</altitudeMode>
					<coordinates>19.0521901,47.4944475,0</coordinates>
				</Point>
			</Placemark>
			<Placemark id="0921B9C28F344082F507">
				<name>St. Andrea Wine &amp; Skybar</name>
				<gx:mid>/g/11dxb7_t92</gx:mid>
				<gx:fid>0x4741dc4092f13bf3:0xeeafb671e17a4f14</gx:fid>
				<LookAt>
					<longitude>19.0508219</longitude>
					<latitude>47.495931</latitude>
					<altitude>0</altitude>
					<heading>0</heading>
					<tilt>0</tilt>
					<gx:fovy>35</gx:fovy>
					<range>686.087078683501</range>
					<altitudeMode>relativeToGround</altitudeMode>
				</LookAt>
				<styleUrl>#__managed_style_271A3017EA40DE0D66B1</styleUrl>
				<Point>
					<altitudeMode>relativeToGround</altitudeMode>
					<coordinates>19.0508219,47.495931,0</coordinates>
				</Point>
			</Placemark>
			<Placemark id="0AD0BD6A9F328D0D7C1D">
				<name>The Duchess Rooftop Bar</name>
				<gx:mid>/g/11jtvcqp5j</gx:mid>
				<gx:fid>0x4741dd4af10ebdf9:0x4caecd13fa01c786</gx:fid>
				<LookAt>
					<longitude>19.0540009</longitude>
					<latitude>47.492267</latitude>
					<altitude>0</altitude>
					<heading>0</heading>
					<tilt>0</tilt>
					<gx:fovy>35</gx:fovy>
					<range>686.1389857983353</range>
					<altitudeMode>relativeToGround</altitudeMode>
				</LookAt>
				<styleUrl>#__managed_style_0FFC677AC740DE0D66A6</styleUrl>
				<Point>
					<altitudeMode>relativeToGround</altitudeMode>
					<coordinates>19.0540009,47.492267,0</coordinates>
				</Point>
			</Placemark>
			<Placemark id="072B186FBF328D0F7B42">
				<name>The MAGIC Budapest</name>
				<gx:mid>/g/11h7_nnxp3</gx:mid>
				<gx:fid>0x4741dd2111cfa28f:0xa4fa6fc46f2e2e90</gx:fid>
				<LookAt>
					<longitude>19.0574011</longitude>
					<latitude>47.50406759999999</latitude>
					<altitude>0</altitude>
					<heading>0</heading>
					<tilt>0</tilt>
					<gx:fovy>35</gx:fovy>
					<range>685.9718003231778</range>
					<altitudeMode>relativeToGround</altitudeMode>
				</LookAt>
				<styleUrl>#__managed_style_0FFC677AC740DE0D66A6</styleUrl>
				<Point>
					<altitudeMode>relativeToGround</altitudeMode>
					<coordinates>19.0574011,47.50406759999999,0</coordinates>
				</Point>
			</Placemark>
			<Placemark id="0CAA57067C328D109E9E">
				<name>Hotsy Totsy Budapest</name>
				<gx:mid>/g/11dylsw39g</gx:mid>
				<gx:fid>0x4741dc69d6a2e841:0x63ef88b8a27f8005</gx:fid>
				<LookAt>
					<longitude>19.0610073</longitude>
					<latitude>47.4976523</latitude>
					<altitude>0</altitude>
					<heading>0</heading>
					<tilt>0</tilt>
					<gx:fovy>35</gx:fovy>
					<range>686.0626925337027</range>
					<altitudeMode>relativeToGround</altitudeMode>
				</LookAt>
				<styleUrl>#__managed_style_0FFC677AC740DE0D66A6</styleUrl>
				<Point>
					<altitudeMode>relativeToGround</altitudeMode>
					<coordinates>19.0610073,47.4976523,0</coordinates>
				</Point>
			</Placemark>
			<Placemark id="06E02E9F38328C746644">
				<name>Longford Irish Pub &amp; Restaurant</name>
				<gx:mid>/g/11bwgwhtb6</gx:mid>
				<gx:fid>0x4741dc410736de75:0xeb1b67582220d154</gx:fid>
				<LookAt>
					<longitude>19.0536967</longitude>
					<latitude>47.4961462</latitude>
					<altitude>0</altitude>
					<heading>0</heading>
					<tilt>0</tilt>
					<gx:fovy>35</gx:fovy>
					<range>686.0840299134286</range>
					<altitudeMode>relativeToGround</altitudeMode>
				</LookAt>
				<styleUrl>#__managed_style_1A3B40136240DE0D66B0</styleUrl>
				<Point>
					<altitudeMode>relativeToGround</altitudeMode>
					<coordinates>19.0536967,47.4961462,0</coordinates>
				</Point>
			</Placemark>
		</Folder>
		<Folder id="08C64D2AD9328BD8B661">
			<name>מסיבות</name>
			<styleUrl>#__managed_style_144C47F35840DE0D66AE</styleUrl>
			<Placemark id="0DBB79C1AA328C234143">
				<name>Club Heaven Budapest</name>
				<gx:mid>/g/11fn964_36</gx:mid>
				<gx:fid>0x4741dd9d7a1e4361:0x17e2fbd55e545d56</gx:fid>
				<LookAt>
					<longitude>19.0501589</longitude>
					<latitude>47.495769</latitude>
					<altitude>0</altitude>
					<heading>0</heading>
					<tilt>0</tilt>
					<gx:fovy>35</gx:fovy>
					<range>686.0893737557014</range>
					<altitudeMode>relativeToGround</altitudeMode>
				</LookAt>
				<styleUrl>#__managed_style_120B52C7C540DE0D66B7</styleUrl>
				<Point>
					<altitudeMode>relativeToGround</altitudeMode>
					<coordinates>19.0501589,47.495769,0</coordinates>
				</Point>
			</Placemark>
			<Placemark id="052A976FAE328C24C49B">
				<name>Instant-Fogas Complex</name>
				<gx:mid>/g/1hc0r0vv1</gx:mid>
				<gx:fid>0x4741dc1d88e316dd:0x39cfef25a8861e31</gx:fid>
				<LookAt>
					<longitude>19.0652834</longitude>
					<latitude>47.50051870000001</latitude>
					<altitude>0</altitude>
					<heading>0</heading>
					<tilt>0</tilt>
					<gx:fovy>35</gx:fovy>
					<range>686.0220822103238</range>
					<altitudeMode>relativeToGround</altitudeMode>
				</LookAt>
				<styleUrl>#__managed_style_120B52C7C540DE0D66B7</styleUrl>
				<Point>
					<altitudeMode>relativeToGround</altitudeMode>
					<coordinates>19.0652834,47.5005187,0</coordinates>
				</Point>
			</Placemark>
			<Placemark id="0492A789C0344083E988">
				<name>Akvárium Klub</name>
				<gx:mid>/g/1q663lkhf</gx:mid>
				<gx:fid>0x4741dc402a04eee3:0x6869564cd433693c</gx:fid>
				<LookAt>
					<longitude>19.0541608</longitude>
					<latitude>47.4985273</latitude>
					<altitude>0</altitude>
					<heading>0</heading>
					<tilt>0</tilt>
					<gx:fovy>35</gx:fovy>
					<range>686.0502959484971</range>
					<altitudeMode>relativeToGround</altitudeMode>
				</LookAt>
				<styleUrl>#__managed_style_120B52C7C540DE0D66B7</styleUrl>
				<Point>
					<altitudeMode>relativeToGround</altitudeMode>
					<coordinates>19.0541608,47.4985273,0</coordinates>
				</Point>
			</Placemark>
			<Placemark id="06F68A6851328CF8E446">
				<name>Morrison&apos;s 2</name>
				<gx:mid>/g/1thhj8p0</gx:mid>
				<gx:fid>0x4741dc0ef74a1bc3:0xfa1329f9a61b3ac6</gx:fid>
				<LookAt>
					<longitude>19.0504139</longitude>
					<latitude>47.5121244</latitude>
					<altitude>0</altitude>
					<heading>0</heading>
					<tilt>0</tilt>
					<gx:fovy>35</gx:fovy>
					<range>685.8576405164719</range>
					<altitudeMode>relativeToGround</altitudeMode>
				</LookAt>
				<styleUrl>#__managed_style_120B52C7C540DE0D66B7</styleUrl>
				<Point>
					<altitudeMode>relativeToGround</altitudeMode>
					<coordinates>19.0504139,47.5121244,0</coordinates>
				</Point>
			</Placemark>
			<Placemark id="0E7DE29766328CFA80B2">
				<name>TERMINAL Budapest</name>
				<gx:mid>/g/11p5tkc6kc</gx:mid>
				<gx:fid>0x4741ddc27b2196f5:0xdb606948afc9f06d</gx:fid>
				<LookAt>
					<longitude>19.0535726</longitude>
					<latitude>47.4979656</latitude>
					<altitude>0</altitude>
					<heading>0</heading>
					<tilt>0</tilt>
					<gx:fovy>35</gx:fovy>
					<range>686.0582538640704</range>
					<altitudeMode>relativeToGround</altitudeMode>
				</LookAt>
				<styleUrl>#__managed_style_120B52C7C540DE0D66B7</styleUrl>
				<Point>
					<altitudeMode>relativeToGround</altitudeMode>
					<coordinates>19.0535726,47.4979656,0</coordinates>
				</Point>
			</Placemark>
		</Folder>
		<Folder id="02061DA492328B268C5F">
			<name>תחנות מטרו ורכבת</name>
			<styleUrl>#__managed_style_144C47F35840DE0D66AE</styleUrl>
			<Placemark id="048CCDBEC52D9429C5FD">
				<name>Puskas Ferenc Metro </name>
				<LookAt>
					<longitude>19.10511452261797</longitude>
					<latitude>47.50010554479377</latitude>
					<altitude>123.3250903554202</altitude>
					<heading>347.682817527802</heading>
					<tilt>0</tilt>
					<gx:fovy>35</gx:fovy>
					<range>316.3084995890677</range>
					<altitudeMode>absolute</altitudeMode>
				</LookAt>
				<styleUrl>#__managed_style_12C0A855A740DE0D66A8</styleUrl>
				<Point>
					<coordinates>19.10467859093258,47.50004830696721,115.8084179957588</coordinates>
				</Point>
			</Placemark>
			<Placemark id="0EE98837B62D942F8945">
				<name>Kossuth Lasjos ter Metro</name>
				<LookAt>
					<longitude>19.04660123228427</longitude>
					<latitude>47.50563879238265</latitude>
					<altitude>105.4197950942487</altitude>
					<heading>310.0242865062319</heading>
					<tilt>0</tilt>
					<gx:fovy>35</gx:fovy>
					<range>184.9913834948166</range>
					<altitudeMode>absolute</altitudeMode>
				</LookAt>
				<styleUrl>#__managed_style_12C0A855A740DE0D66A8</styleUrl>
				<Point>
					<coordinates>19.0448167746936,47.50778164888273,132.3323271667559</coordinates>
				</Point>
			</Placemark>
			<Placemark id="0BB07B346D2D94347416">
				<name>Nyugati palyaudvar Metro</name>
				<LookAt>
					<longitude>19.05862716997319</longitude>
					<latitude>47.511823994847</latitude>
					<altitude>109.2684393101235</altitude>
					<heading>-21.88661960616404</heading>
					<tilt>2.950714175302894</tilt>
					<gx:fovy>35</gx:fovy>
					<range>863.0578703423089</range>
					<altitudeMode>absolute</altitudeMode>
				</LookAt>
				<styleUrl>#__managed_style_07B086456640DE0D66B3</styleUrl>
				<Point>
					<coordinates>19.05609657632004,47.51027170589816,105.4862872653691</coordinates>
				</Point>
			</Placemark>
			<Placemark id="0F166F70912D94351743">
				<name>Arany Janos Metro</name>
				<LookAt>
					<longitude>19.05477373047512</longitude>
					<latitude>47.50323011875455</latitude>
					<altitude>104.3237614245852</altitude>
					<heading>-21.88714768308672</heading>
					<tilt>2.950475974573193</tilt>
					<gx:fovy>35</gx:fovy>
					<range>348.4440325029937</range>
					<altitudeMode>absolute</altitudeMode>
				</LookAt>
				<styleUrl>#__managed_style_07B086456640DE0D66B3</styleUrl>
				<Point>
					<coordinates>19.05462908813391,47.50302522006422,104.8574232507082</coordinates>
				</Point>
			</Placemark>
			<Placemark id="02B5B63C412D94358DFE">
				<name>Astoria metro</name>
				<LookAt>
					<longitude>19.06015629995381</longitude>
					<latitude>47.49457731441699</latitude>
					<altitude>104.9535643302607</altitude>
					<heading>-21.89335938871356</heading>
					<tilt>2.950570373611675</tilt>
					<gx:fovy>35</gx:fovy>
					<range>552.3866264695243</range>
					<altitudeMode>absolute</altitudeMode>
				</LookAt>
				<styleUrl>#__managed_style_12C0A855A740DE0D66A8</styleUrl>
				<Point>
					<coordinates>19.05997449309322,47.49409223508892,105.0710680863103</coordinates>
				</Point>
			</Placemark>
			<Placemark id="0CD5438E272D940FB3CB">
				<name>Deak Ferenc metro</name>
				<LookAt>
					<longitude>19.05386853831723</longitude>
					<latitude>47.49769275168764</latitude>
					<altitude>106.9308772149883</altitude>
					<heading>1.513308529555008</heading>
					<tilt>0</tilt>
					<gx:fovy>35</gx:fovy>
					<range>400.6847422055581</range>
					<altitudeMode>absolute</altitudeMode>
				</LookAt>
				<styleUrl>#__managed_style_04B61F98C840DE0D66C6</styleUrl>
				<Point>
					<coordinates>19.05386361598055,47.49756686739507,106.3077724368522</coordinates>
				</Point>
			</Placemark>
			<Placemark id="028B3C84A02D9412770C">
				<name>Bajcsy Zsilinszky Metro</name>
				<LookAt>
					<longitude>19.05584524335868</longitude>
					<latitude>47.49970000188137</latitude>
					<altitude>130.1386397319579</altitude>
					<heading>1.513308529254646</heading>
					<tilt>0</tilt>
					<gx:fovy>35</gx:fovy>
					<range>229.919259290582</range>
					<altitudeMode>absolute</altitudeMode>
				</LookAt>
				<styleUrl>#__managed_style_0BAD07375C40DE0D66B0</styleUrl>
				<Point>
					<coordinates>19.05501518161056,47.49986516036189,105.1155587254366</coordinates>
				</Point>
			</Placemark>
			<Placemark id="008CC6C29B2D94139928">
				<name>Ferenciek tere Metro</name>
				<LookAt>
					<longitude>19.05647766390809</longitude>
					<latitude>47.49300879516888</latitude>
					<altitude>125.1035659905914</altitude>
					<heading>1.51330852879194</heading>
					<tilt>0</tilt>
					<gx:fovy>35</gx:fovy>
					<range>298.312530697367</range>
					<altitudeMode>absolute</altitudeMode>
				</LookAt>
				<styleUrl>#__managed_style_07B086456640DE0D66B3</styleUrl>
				<Point>
					<coordinates>19.05580459196489,47.49304504919154,105.270331776809</coordinates>
				</Point>
			</Placemark>
			<Placemark id="0814E68CCC2D94156AD6">
				<name>Szechnyi furdo Metro</name>
				<LookAt>
					<longitude>19.08109763767529</longitude>
					<latitude>47.51751795402933</latitude>
					<altitude>106.8369185671686</altitude>
					<heading>3.597082709541133</heading>
					<tilt>0</tilt>
					<gx:fovy>35</gx:fovy>
					<range>267.339261680936</range>
					<altitudeMode>absolute</altitudeMode>
				</LookAt>
				<styleUrl>#__managed_style_0BAD07375C40DE0D66B0</styleUrl>
				<Point>
					<coordinates>19.0809527550132,47.51757060523516,106.9680235855055</coordinates>
				</Point>
			</Placemark>
			<Placemark id="077337928B2D941706E4">
				<name>Hosok tere Metro</name>
				<LookAt>
					<longitude>19.07797520618866</longitude>
					<latitude>47.51467309687516</latitude>
					<altitude>105.6000560453872</altitude>
					<heading>358.5879979338569</heading>
					<tilt>0</tilt>
					<gx:fovy>35</gx:fovy>
					<range>442.4653317842603</range>
					<altitudeMode>absolute</altitudeMode>
				</LookAt>
				<styleUrl>#__managed_style_0BAD07375C40DE0D66B0</styleUrl>
				<Point>
					<coordinates>19.07690583119912,47.51422254726679,105.6855260953503</coordinates>
				</Point>
			</Placemark>
			<Placemark id="0D7FF305D9328B27BBF2">
				<name>Keleti pályaudvar Metro</name>
				<gx:mid>/g/1jkylv3rj</gx:mid>
				<gx:fid>0x4741dc89e8dd1813:0x8733e0ea2298d4d7</gx:fid>
				<LookAt>
					<longitude>19.08232809999999</longitude>
					<latitude>47.5001197</latitude>
					<altitude>0</altitude>
					<heading>0</heading>
					<tilt>0</tilt>
					<gx:fovy>35</gx:fovy>
					<range>686.0277352174257</range>
					<altitudeMode>relativeToGround</altitudeMode>
				</LookAt>
				<styleUrl>#__managed_style_00933A624540DE0D66C7</styleUrl>
				<Point>
					<altitudeMode>relativeToGround</altitudeMode>
					<coordinates>19.0823281,47.50011970000001,0</coordinates>
				</Point>
			</Placemark>
			<Placemark id="03DDB023E8328B2C7529">
				<name>Blaha Lujza tér Metro</name>
				<gx:mid>/m/07rqzc</gx:mid>
				<gx:fid>0x4741dc676a9e1a8d:0x79c470c03ea9fc01</gx:fid>
				<LookAt>
					<longitude>19.0705459</longitude>
					<latitude>47.4968296</latitude>
					<altitude>0</altitude>
					<heading>0</heading>
					<tilt>0</tilt>
					<gx:fovy>35</gx:fovy>
					<range>686.074348028347</range>
					<altitudeMode>relativeToGround</altitudeMode>
				</LookAt>
				<styleUrl>#__managed_style_0894522CAE40DE0D66B8</styleUrl>
				<Point>
					<altitudeMode>relativeToGround</altitudeMode>
					<coordinates>19.0705459,47.4968296,0</coordinates>
				</Point>
			</Placemark>
			<Placemark id="0183E53B28328B2D5083">
				<name>Pillangó utca Metro</name>
				<gx:mid>/g/1tjjn4f9</gx:mid>
				<gx:fid>0x4741dca40ac559d5:0xe18246e1e16a73ab</gx:fid>
				<LookAt>
					<longitude>19.1199582</longitude>
					<latitude>47.5012085</latitude>
					<altitude>0</altitude>
					<heading>0</heading>
					<tilt>0</tilt>
					<gx:fovy>35</gx:fovy>
					<range>686.0123090976326</range>
					<altitudeMode>relativeToGround</altitudeMode>
				</LookAt>
				<styleUrl>#__managed_style_0894522CAE40DE0D66B8</styleUrl>
				<Point>
					<altitudeMode>relativeToGround</altitudeMode>
					<coordinates>19.1199582,47.50120849999999,0</coordinates>
				</Point>
			</Placemark>
			<Placemark id="0471E05D23328B376B31">
				<name>Örs vezér tere Metro</name>
				<gx:mid>/g/11sk569c0n</gx:mid>
				<gx:fid>0x4741dca986562033:0xc2e55250fe52e04e</gx:fid>
				<LookAt>
					<longitude>19.1361414</longitude>
					<latitude>47.5031196</latitude>
					<altitude>0</altitude>
					<heading>0</heading>
					<tilt>0</tilt>
					<gx:fovy>35</gx:fovy>
					<range>685.9852321011314</range>
					<altitudeMode>relativeToGround</altitudeMode>
				</LookAt>
				<styleUrl>#__managed_style_0894522CAE40DE0D66B8</styleUrl>
				<Point>
					<altitudeMode>relativeToGround</altitudeMode>
					<coordinates>19.13607207438213,47.50344772071913,0</coordinates>
				</Point>
			</Placemark>
			<Placemark id="066186CA44328B39703C">
				<name>Batthyány tér H Metro</name>
				<gx:mid>/m/02x8cdj</gx:mid>
				<gx:fid>0x4741dc19883239ad:0xf24780703a548624</gx:fid>
				<LookAt>
					<longitude>19.0389734</longitude>
					<latitude>47.5063259</latitude>
					<altitude>0</altitude>
					<heading>0</heading>
					<tilt>0</tilt>
					<gx:fovy>35</gx:fovy>
					<range>685.9398028360825</range>
					<altitudeMode>relativeToGround</altitudeMode>
				</LookAt>
				<styleUrl>#__managed_style_0894522CAE40DE0D66B8</styleUrl>
				<Point>
					<altitudeMode>relativeToGround</altitudeMode>
					<coordinates>19.0389734,47.5063259,0</coordinates>
				</Point>
			</Placemark>
			<Placemark id="0ADC8A39D2328B39DE61">
				<name>Széll Kálmán tér Metro</name>
				<gx:mid>/m/02x8c2x</gx:mid>
				<gx:fid>0x4741dea0e4e1b21f:0x8e25d6f1b7e8721</gx:fid>
				<LookAt>
					<longitude>19.02494919999999</longitude>
					<latitude>47.50705019999999</latitude>
					<altitude>0</altitude>
					<heading>0</heading>
					<tilt>0</tilt>
					<gx:fovy>35</gx:fovy>
					<range>685.9295401472431</range>
					<altitudeMode>relativeToGround</altitudeMode>
				</LookAt>
				<styleUrl>#__managed_style_0894522CAE40DE0D66B8</styleUrl>
				<Point>
					<altitudeMode>relativeToGround</altitudeMode>
					<coordinates>19.0249492,47.50705019999999,0</coordinates>
				</Point>
			</Placemark>
			<Placemark id="0D6C3EEBEF328B3A9121">
				<name>Déli pályaudvar Metro</name>
				<gx:mid>/m/02x8bx0</gx:mid>
				<gx:fid>0x4741dc20ebf3c075:0x16aa78e0845931c5</gx:fid>
				<LookAt>
					<longitude>19.0249878</longitude>
					<latitude>47.500429</latitude>
					<altitude>0</altitude>
					<heading>0</heading>
					<tilt>0</tilt>
					<gx:fovy>35</gx:fovy>
					<range>686.0233530768879</range>
					<altitudeMode>relativeToGround</altitudeMode>
				</LookAt>
				<styleUrl>#__managed_style_0894522CAE40DE0D66B8</styleUrl>
				<Point>
					<altitudeMode>relativeToGround</altitudeMode>
					<coordinates>19.02487958675548,47.50072112600336,0</coordinates>
				</Point>
			</Placemark>
			<Placemark id="0040A9F171328B3BAC17">
				<name>M2 Red line Metro</name>
				<LookAt>
					<longitude>19.04486138522551</longitude>
					<latitude>47.51107895313604</latitude>
					<altitude>98.39753306515134</altitude>
					<heading>358.2997489713112</heading>
					<tilt>0</tilt>
					<gx:fovy>70.29787000136227</gx:fovy>
					<range>4953.211703383131</range>
					<altitudeMode>absolute</altitudeMode>
				</LookAt>
				<styleUrl>#__managed_style_1FFEF1506E40DE0D66BF</styleUrl>
				<LineString>
					<coordinates>
						19.13607466042605,47.50343773665101,0 19.11979979811259,47.50129318055948,0 19.10458580049053,47.50010910476224,0 19.08225354830184,47.50031352179427,0 19.07034977093367,47.49707650467862,0 19.06001232331693,47.4943082542142,0 19.05388504933416,47.49769937587531,0 19.04658227607061,47.50563868705389,0 19.03894153465496,47.50651637815508,0 19.02496120609349,47.50718698686318,0 19.02477653275281,47.50080202221877,0 
					</coordinates>
				</LineString>
			</Placemark>
			<Placemark id="027A44A4D2328B3D94B5">
				<name>Kőbánya-Kispest Metro</name>
				<gx:mid>/g/1q6jb2078</gx:mid>
				<gx:fid>0x4741c31e4b70c269:0x8c24c4656f32e123</gx:fid>
				<LookAt>
					<longitude>19.1480971</longitude>
					<latitude>47.4636831</latitude>
					<altitude>0</altitude>
					<heading>0</heading>
					<tilt>0</tilt>
					<gx:fovy>35</gx:fovy>
					<range>686.543842732985</range>
					<altitudeMode>relativeToGround</altitudeMode>
				</LookAt>
				<styleUrl>#__managed_style_06BCF672BC40DE0D66B4</styleUrl>
				<Point>
					<altitudeMode>relativeToGround</altitudeMode>
					<coordinates>19.1480971,47.4636831,0</coordinates>
				</Point>
			</Placemark>
			<Placemark id="07CB6028E5328B3E539F">
				<name>Újpest-központ Metro</name>
				<gx:mid>/m/07rq0r</gx:mid>
				<gx:fid>0x4741da36f73fdc37:0x44dca29ee51d032d</gx:fid>
				<LookAt>
					<longitude>19.0898647</longitude>
					<latitude>47.5606659</latitude>
					<altitude>0</altitude>
					<heading>0</heading>
					<tilt>0</tilt>
					<gx:fovy>35</gx:fovy>
					<range>685.1695844679656</range>
					<altitudeMode>relativeToGround</altitudeMode>
				</LookAt>
				<styleUrl>#__managed_style_06BCF672BC40DE0D66B4</styleUrl>
				<Point>
					<altitudeMode>relativeToGround</altitudeMode>
					<coordinates>19.0898647,47.5606659,0</coordinates>
				</Point>
			</Placemark>
			<Placemark id="0E542F4A23328B401E65">
				<name>Lehel tér Metro</name>
				<gx:mid>/m/07rqgn</gx:mid>
				<gx:fid>0x4741dc0a7d015653:0x5f88803bf2c11a20</gx:fid>
				<LookAt>
					<longitude>19.0605727</longitude>
					<latitude>47.51775419999999</latitude>
					<altitude>0</altitude>
					<heading>0</heading>
					<tilt>0</tilt>
					<gx:fovy>35</gx:fovy>
					<range>685.7778626679525</range>
					<altitudeMode>relativeToGround</altitudeMode>
				</LookAt>
				<styleUrl>#__managed_style_06BCF672BC40DE0D66B4</styleUrl>
				<Point>
					<altitudeMode>relativeToGround</altitudeMode>
					<coordinates>19.06052973494849,47.51751824807602,0</coordinates>
				</Point>
			</Placemark>
			<Placemark id="0D3E2BB466328B4096D3">
				<name>Dózsa György út Metro</name>
				<gx:mid>/g/1hc667pcg</gx:mid>
				<gx:fid>0x4741dbf3b77e6d31:0xef4e997aae397ea9</gx:fid>
				<LookAt>
					<longitude>19.0633264</longitude>
					<latitude>47.5245962</latitude>
					<altitude>0</altitude>
					<heading>0</heading>
					<tilt>0</tilt>
					<gx:fovy>35</gx:fovy>
					<range>685.6808993010692</range>
					<altitudeMode>relativeToGround</altitudeMode>
				</LookAt>
				<styleUrl>#__managed_style_06BCF672BC40DE0D66B4</styleUrl>
				<Point>
					<altitudeMode>relativeToGround</altitudeMode>
					<coordinates>19.0633264,47.5245962,0</coordinates>
				</Point>
			</Placemark>
			<Placemark id="0540D39215328B41421E">
				<name>Göncz Árpád Metro</name>
				<gx:mid>/m/02795qw</gx:mid>
				<gx:fid>0x4741dbe95a0dfbb5:0xbbe43ace748f6b63</gx:fid>
				<LookAt>
					<longitude>19.0672055</longitude>
					<latitude>47.53228420000001</latitude>
					<altitude>0</altitude>
					<heading>0</heading>
					<tilt>0</tilt>
					<gx:fovy>35</gx:fovy>
					<range>685.5719362983548</range>
					<altitudeMode>relativeToGround</altitudeMode>
				</LookAt>
				<styleUrl>#__managed_style_06BCF672BC40DE0D66B4</styleUrl>
				<Point>
					<altitudeMode>relativeToGround</altitudeMode>
					<coordinates>19.0672055,47.53228419999999,0</coordinates>
				</Point>
			</Placemark>
			<Placemark id="06B8F4DBCE328B42F22F">
				<name>Forgách utca Metro</name>
				<gx:mid>/m/07rqhp</gx:mid>
				<gx:fid>0x4741dbc3b3864e8f:0xadf5d78d9b5c79d1</gx:fid>
				<LookAt>
					<longitude>19.0693465</longitude>
					<latitude>47.53939219999999</latitude>
					<altitude>0</altitude>
					<heading>0</heading>
					<tilt>0</tilt>
					<gx:fovy>35</gx:fovy>
					<range>685.4711840108306</range>
					<altitudeMode>relativeToGround</altitudeMode>
				</LookAt>
				<styleUrl>#__managed_style_06BCF672BC40DE0D66B4</styleUrl>
				<Point>
					<altitudeMode>relativeToGround</altitudeMode>
					<coordinates>19.0693465,47.53939219999999,0</coordinates>
				</Point>
			</Placemark>
			<Placemark id="00FE9B88AA328B432F9E">
				<name>Gyöngyösi utca Metro</name>
				<gx:mid>/m/07rqk1</gx:mid>
				<gx:fid>0x4741dbcfb4a4b3a7:0x170885182414307a</gx:fid>
				<LookAt>
					<longitude>19.07326</longitude>
					<latitude>47.54889</latitude>
					<altitude>0</altitude>
					<heading>0</heading>
					<tilt>0</tilt>
					<gx:fovy>35</gx:fovy>
					<range>685.3365429822944</range>
					<altitudeMode>relativeToGround</altitudeMode>
				</LookAt>
				<styleUrl>#__managed_style_06BCF672BC40DE0D66B4</styleUrl>
				<Point>
					<altitudeMode>relativeToGround</altitudeMode>
					<coordinates>19.07326,47.54889,0</coordinates>
				</Point>
			</Placemark>
			<Placemark id="0D8B572EEC328B437BF2">
				<name>Újpest-Városkapu Metro</name>
				<gx:mid>/m/07rql2</gx:mid>
				<gx:fid>0x4741da326dcae7f5:0xdddccec7f6be766a</gx:fid>
				<LookAt>
					<longitude>19.0793672</longitude>
					<latitude>47.5589909</latitude>
					<altitude>0</altitude>
					<heading>0</heading>
					<tilt>0</tilt>
					<gx:fovy>35</gx:fovy>
					<range>685.1933341490649</range>
					<altitudeMode>relativeToGround</altitudeMode>
				</LookAt>
				<styleUrl>#__managed_style_06BCF672BC40DE0D66B4</styleUrl>
				<Point>
					<altitudeMode>relativeToGround</altitudeMode>
					<coordinates>19.0793672,47.5589909,0</coordinates>
				</Point>
			</Placemark>
			<Placemark id="0123FE0833328B46AB53">
				<name>Kálvin tér Metro</name>
				<gx:mid>/m/02795ph</gx:mid>
				<gx:fid>0x4741dc5b1fdc693f:0x3792104e63d492</gx:fid>
				<LookAt>
					<longitude>19.06164</longitude>
					<latitude>47.48961</latitude>
					<altitude>0</altitude>
					<heading>0</heading>
					<tilt>0</tilt>
					<gx:fovy>35</gx:fovy>
					<range>686.1766254057596</range>
					<altitudeMode>relativeToGround</altitudeMode>
				</LookAt>
				<styleUrl>#__managed_style_036599843140DE0D66C3</styleUrl>
				<Point>
					<altitudeMode>relativeToGround</altitudeMode>
					<coordinates>19.06164,47.48961,0</coordinates>
				</Point>
			</Placemark>
			<Placemark id="0F8B1A43F8328B4743DB">
				<name>Corvin-negyed Metro</name>
				<gx:mid>/m/07rq9t</gx:mid>
				<gx:fid>0x4741dc581fbaa655:0xca67c5f47ef028ae</gx:fid>
				<LookAt>
					<longitude>19.0699645</longitude>
					<latitude>47.48560619999999</latitude>
					<altitude>0</altitude>
					<heading>0</heading>
					<tilt>0</tilt>
					<gx:fovy>35</gx:fovy>
					<range>686.2333415954926</range>
					<altitudeMode>relativeToGround</altitudeMode>
				</LookAt>
				<styleUrl>#__managed_style_06BCF672BC40DE0D66B4</styleUrl>
				<Point>
					<altitudeMode>relativeToGround</altitudeMode>
					<coordinates>19.0699645,47.4856062,0</coordinates>
				</Point>
			</Placemark>
			<Placemark id="0A4D7AA312328B47B07C">
				<name>Semmelweis Klinikák Metro</name>
				<gx:mid>/m/07rq9g</gx:mid>
				<gx:fid>0x4741dcf9f3978a45:0xa43c056a5e47d5e1</gx:fid>
				<LookAt>
					<longitude>19.0777858</longitude>
					<latitude>47.4832001</latitude>
					<altitude>0</altitude>
					<heading>0</heading>
					<tilt>0</tilt>
					<gx:fovy>35</gx:fovy>
					<range>686.2674239973663</range>
					<altitudeMode>relativeToGround</altitudeMode>
				</LookAt>
				<styleUrl>#__managed_style_06BCF672BC40DE0D66B4</styleUrl>
				<Point>
					<altitudeMode>relativeToGround</altitudeMode>
					<coordinates>19.0777858,47.4832001,0</coordinates>
				</Point>
			</Placemark>
			<Placemark id="0EEE94D3EE328B47ED8A">
				<name>Nagyvárad tér Metro</name>
				<gx:mid>/m/07rq7r</gx:mid>
				<gx:fid>0x4741dce69b806cd5:0x7a0523b298f5c854</gx:fid>
				<LookAt>
					<longitude>19.089876</longitude>
					<latitude>47.4793081</latitude>
					<altitude>0</altitude>
					<heading>0</heading>
					<tilt>0</tilt>
					<gx:fovy>35</gx:fovy>
					<range>686.3225519055671</range>
					<altitudeMode>relativeToGround</altitudeMode>
				</LookAt>
				<styleUrl>#__managed_style_06BCF672BC40DE0D66B4</styleUrl>
				<Point>
					<altitudeMode>relativeToGround</altitudeMode>
					<coordinates>19.089876,47.4793081,0</coordinates>
				</Point>
			</Placemark>
			<Placemark id="039661D246328B4853FE">
				<name>Népliget Metro</name>
				<gx:mid>/g/11cfj6r41</gx:mid>
				<gx:fid>0x4741dcde83173de5:0x75d2538fa4fbe319</gx:fid>
				<LookAt>
					<longitude>19.0990959</longitude>
					<latitude>47.475402</latitude>
					<altitude>0</altitude>
					<heading>0</heading>
					<tilt>0</tilt>
					<gx:fovy>35</gx:fovy>
					<range>686.3778767179507</range>
					<altitudeMode>relativeToGround</altitudeMode>
				</LookAt>
				<styleUrl>#__managed_style_06BCF672BC40DE0D66B4</styleUrl>
				<Point>
					<altitudeMode>relativeToGround</altitudeMode>
					<coordinates>19.0990959,47.475402,0</coordinates>
				</Point>
			</Placemark>
			<Placemark id="0BACD45EF3328B48F6CF">
				<name>Ecseri út Metro</name>
				<gx:mid>/g/11j2zfpz64</gx:mid>
				<gx:fid>0x4741dcd65f78a457:0x7a661d55d162ec31</gx:fid>
				<LookAt>
					<longitude>19.1104593</longitude>
					<latitude>47.4711383</latitude>
					<altitude>0</altitude>
					<heading>0</heading>
					<tilt>0</tilt>
					<gx:fovy>35</gx:fovy>
					<range>686.438263249401</range>
					<altitudeMode>relativeToGround</altitudeMode>
				</LookAt>
				<styleUrl>#__managed_style_06BCF672BC40DE0D66B4</styleUrl>
				<Point>
					<altitudeMode>relativeToGround</altitudeMode>
					<coordinates>19.11132689628916,47.47095757157207,0</coordinates>
				</Point>
			</Placemark>
			<Placemark id="0EBED60128328B49DC52">
				<name>Pöttyös utca Metro</name>
				<gx:mid>/m/07rq59</gx:mid>
				<gx:fid>0x4741dcd51483ee99:0xa75daf5a9be684d2</gx:fid>
				<LookAt>
					<longitude>19.1176618</longitude>
					<latitude>47.4684754</latitude>
					<altitude>0</altitude>
					<heading>0</heading>
					<tilt>0</tilt>
					<gx:fovy>35</gx:fovy>
					<range>686.4759760404455</range>
					<altitudeMode>relativeToGround</altitudeMode>
				</LookAt>
				<styleUrl>#__managed_style_06BCF672BC40DE0D66B4</styleUrl>
				<Point>
					<altitudeMode>relativeToGround</altitudeMode>
					<coordinates>19.1176618,47.4684754,0</coordinates>
				</Point>
			</Placemark>
			<Placemark id="063686ACA0328B4A292B">
				<name>Határ út Metro</name>
				<gx:mid>/g/1ygjd2mtg</gx:mid>
				<gx:fid>0x4741c2d62153487d:0x15e85e5cc0c95419</gx:fid>
				<LookAt>
					<longitude>19.1266242</longitude>
					<latitude>47.4652805</latitude>
					<altitude>0</altitude>
					<heading>0</heading>
					<tilt>0</tilt>
					<gx:fovy>35</gx:fovy>
					<range>686.5212214459042</range>
					<altitudeMode>relativeToGround</altitudeMode>
				</LookAt>
				<styleUrl>#__managed_style_06BCF672BC40DE0D66B4</styleUrl>
				<Point>
					<altitudeMode>relativeToGround</altitudeMode>
					<coordinates>19.1266242,47.4652805,0</coordinates>
				</Point>
			</Placemark>
			<Placemark id="0524F9F646328B4C486F">
				<name>M3 Blue line Metro</name>
				<LookAt>
					<longitude>19.07866091368566</longitude>
					<latitude>47.55929684647318</latitude>
					<altitude>108.4494714412633</altitude>
					<heading>0</heading>
					<tilt>0</tilt>
					<gx:fovy>83.69103303932988</gx:fovy>
					<range>1623.968166469422</range>
					<altitudeMode>absolute</altitudeMode>
				</LookAt>
				<styleUrl>#__managed_style_0AFC3B4F7F40DE0D66B1</styleUrl>
				<LineString>
					<coordinates>
						19.14811936961645,47.46370856938061,0 19.12658761828471,47.46552790918233,0 19.11761400908975,47.46865357772066,0 19.11125047365508,47.47109738075686,0 19.09899850401846,47.47577478222708,0 19.08974092362849,47.47960570022625,0 19.07751279844063,47.48357720058234,0 19.06997985970198,47.48592740900342,0 19.06163615474278,47.48962698249738,0 19.05583515200155,47.49307558205077,0 19.05382100437832,47.49763120385423,0 19.05417391499653,47.50059332485445,0 19.0545949869127,47.50306513998937,0 19.05597751597989,47.51037604472735,0 19.06046022808065,47.51762946147741,0 19.06340123240023,47.52465097500995,0 19.06710857203965,47.53247954760339,0 19.06919579120739,47.53938292105689,0 19.07306777842448,47.54904645910995,0 19.07920855723537,47.55919734699949,0 19.08983081541526,47.56078959076645,0 
					</coordinates>
				</LineString>
			</Placemark>
			<Placemark id="01846F33BC328B5474B1">
				<name>Vörösmarty tér Metro</name>
				<gx:mid>/m/0279jy8</gx:mid>
				<gx:fid>0x4741dc407d424d37:0x51cd1e6f5e9869ff</gx:fid>
				<LookAt>
					<longitude>19.050579</longitude>
					<latitude>47.49680300000001</latitude>
					<altitude>0</altitude>
					<heading>0</heading>
					<tilt>0</tilt>
					<gx:fovy>35</gx:fovy>
					<range>686.0747248782819</range>
					<altitudeMode>relativeToGround</altitudeMode>
				</LookAt>
				<styleUrl>#__managed_style_1A36D4D56C40DE0D66B1</styleUrl>
				<Point>
					<altitudeMode>relativeToGround</altitudeMode>
					<coordinates>19.050579,47.496803,0</coordinates>
				</Point>
			</Placemark>
			<Placemark id="0470145C7B328B550662">
				<name>Opera Metro</name>
				<gx:mid>/m/0279jw6</gx:mid>
				<gx:fid>0x4741dc6b8d824fab:0x1d32170f6eab7bef</gx:fid>
				<LookAt>
					<longitude>19.058873</longitude>
					<latitude>47.502244</latitude>
					<altitude>0</altitude>
					<heading>0</heading>
					<tilt>0</tilt>
					<gx:fovy>35</gx:fovy>
					<range>685.9976379292375</range>
					<altitudeMode>relativeToGround</altitudeMode>
				</LookAt>
				<styleUrl>#__managed_style_1A36D4D56C40DE0D66B1</styleUrl>
				<Point>
					<altitudeMode>relativeToGround</altitudeMode>
					<coordinates>19.058873,47.502244,0</coordinates>
				</Point>
			</Placemark>
			<Placemark id="008A0E21FB328B564A37">
				<name>Oktogon Metro</name>
				<gx:mid>/g/1w96fj98</gx:mid>
				<gx:fid>0x4741dc6e78b87c89:0xf4ade5cd885be740</gx:fid>
				<LookAt>
					<longitude>19.0632617</longitude>
					<latitude>47.5049382</latitude>
					<altitude>0</altitude>
					<heading>0</heading>
					<tilt>0</tilt>
					<gx:fovy>35</gx:fovy>
					<range>685.9594650442381</range>
					<altitudeMode>relativeToGround</altitudeMode>
				</LookAt>
				<styleUrl>#__managed_style_1A36D4D56C40DE0D66B1</styleUrl>
				<Point>
					<altitudeMode>relativeToGround</altitudeMode>
					<coordinates>19.0632617,47.5049382,0</coordinates>
				</Point>
			</Placemark>
			<Placemark id="096F4B3E46328B5685BE">
				<name>Vörösmarty utca Metro</name>
				<gx:mid>/m/07rr_v</gx:mid>
				<gx:fid>0x4741dc71e789f917:0x5f5f25ea8cd4e25d</gx:fid>
				<LookAt>
					<longitude>19.066322</longitude>
					<latitude>47.507212</latitude>
					<altitude>0</altitude>
					<heading>0</heading>
					<tilt>0</tilt>
					<gx:fovy>35</gx:fovy>
					<range>685.9272475714608</range>
					<altitudeMode>relativeToGround</altitudeMode>
				</LookAt>
				<styleUrl>#__managed_style_1A36D4D56C40DE0D66B1</styleUrl>
				<Point>
					<altitudeMode>relativeToGround</altitudeMode>
					<coordinates>19.066322,47.507212,0</coordinates>
				</Point>
			</Placemark>
			<Placemark id="07E47B10A3328B56AC0C">
				<name>Kodály körönd Metro</name>
				<gx:mid>/m/0279kgh</gx:mid>
				<gx:fid>0x4741dc71031d97b3:0x4a7d6887159a5ff3</gx:fid>
				<LookAt>
					<longitude>19.069341</longitude>
					<latitude>47.509234</latitude>
					<altitude>0</altitude>
					<heading>0</heading>
					<tilt>0</tilt>
					<gx:fovy>35</gx:fovy>
					<range>685.898597051239</range>
					<altitudeMode>relativeToGround</altitudeMode>
				</LookAt>
				<styleUrl>#__managed_style_1A36D4D56C40DE0D66B1</styleUrl>
				<Point>
					<altitudeMode>relativeToGround</altitudeMode>
					<coordinates>19.069341,47.509234,0</coordinates>
				</Point>
			</Placemark>
			<Placemark id="07B6754015328B56DC5A">
				<name>Bajza utca Metro</name>
				<gx:mid>/m/07rs0j</gx:mid>
				<gx:fid>0x4741dc77375eba3f:0x741182668cd24071</gx:fid>
				<LookAt>
					<longitude>19.072317</longitude>
					<latitude>47.51133309999999</latitude>
					<altitude>0</altitude>
					<heading>0</heading>
					<tilt>0</tilt>
					<gx:fovy>35</gx:fovy>
					<range>685.868853272155</range>
					<altitudeMode>relativeToGround</altitudeMode>
				</LookAt>
				<styleUrl>#__managed_style_1A36D4D56C40DE0D66B1</styleUrl>
				<Point>
					<altitudeMode>relativeToGround</altitudeMode>
					<coordinates>19.072317,47.51133309999999,0</coordinates>
				</Point>
			</Placemark>
			<Placemark id="04108895FE328B5749B4">
				<name>Mexikói út Metro</name>
				<gx:mid>/m/0279jqd</gx:mid>
				<gx:fid>0x4741db83aefb3fcf:0xf6df25b74d8f7700</gx:fid>
				<LookAt>
					<longitude>19.091089</longitude>
					<latitude>47.519611</latitude>
					<altitude>0</altitude>
					<heading>0</heading>
					<tilt>0</tilt>
					<gx:fovy>35</gx:fovy>
					<range>685.7515493477487</range>
					<altitudeMode>relativeToGround</altitudeMode>
				</LookAt>
				<styleUrl>#__managed_style_1A36D4D56C40DE0D66B1</styleUrl>
				<Point>
					<altitudeMode>relativeToGround</altitudeMode>
					<coordinates>19.091089,47.519611,0</coordinates>
				</Point>
			</Placemark>
			<Placemark id="01C9687CAC328B580BDA">
				<name>M1 Yellow line Metro</name>
				<LookAt>
					<longitude>19.08341494458831</longitude>
					<latitude>47.51487421738614</latitude>
					<altitude>123.6882793296889</altitude>
					<heading>0</heading>
					<tilt>0</tilt>
					<gx:fovy>35</gx:fovy>
					<range>3887.691847298993</range>
					<altitudeMode>absolute</altitudeMode>
				</LookAt>
				<styleUrl>#__managed_style_144C47F35840DE0D66AE</styleUrl>
				<LineString>
					<coordinates>
						19.05057337998973,47.49680270065508,0 19.05383155135459,47.49759459922387,0 19.05503707913182,47.49988454541813,0 19.0588465355637,47.50228493184503,0 19.06315985436429,47.50495469562556,0 19.06629281127435,47.50728252140774,0 19.06933529808528,47.50931533085031,0 19.07237728899707,47.51143471817318,0 19.07704369351143,47.51424350609305,0 19.08095416925662,47.51768018282915,0 19.09111825453647,47.51967888605989,0 
					</coordinates>
				</LineString>
			</Placemark>
			<Placemark id="0A06EEBBFC328B76875A">
				<name>II. János Pál pápa tér Metro</name>
				<gx:mid>/m/0zn20ck</gx:mid>
				<gx:fid>0x4741dc6011ce140d:0x3f5e7cd6a1a5bfc0</gx:fid>
				<LookAt>
					<longitude>19.0772662</longitude>
					<latitude>47.4953926</latitude>
					<altitude>0</altitude>
					<heading>0</heading>
					<tilt>0</tilt>
					<gx:fovy>35</gx:fovy>
					<range>686.0947062380776</range>
					<altitudeMode>relativeToGround</altitudeMode>
				</LookAt>
				<styleUrl>#__managed_style_3D8FEDC61240DE0D66B8</styleUrl>
				<Point>
					<altitudeMode>relativeToGround</altitudeMode>
					<coordinates>19.0772662,47.4953926,0</coordinates>
				</Point>
			</Placemark>
			<Placemark id="052803A532328B76DE67">
				<name>Rákóczi tér Metro</name>
				<gx:mid>/m/0zm_yj3</gx:mid>
				<gx:fid>0x4741dc5ef72ee79f:0x777ca4006c61163f</gx:fid>
				<LookAt>
					<longitude>19.0720828</longitude>
					<latitude>47.4928209</latitude>
					<altitude>0</altitude>
					<heading>0</heading>
					<tilt>0</tilt>
					<gx:fovy>35</gx:fovy>
					<range>686.1311389729909</range>
					<altitudeMode>relativeToGround</altitudeMode>
				</LookAt>
				<styleUrl>#__managed_style_3D8FEDC61240DE0D66B8</styleUrl>
				<Point>
					<altitudeMode>relativeToGround</altitudeMode>
					<coordinates>19.0720828,47.4928209,0</coordinates>
				</Point>
			</Placemark>
			<Placemark id="0A516BBF92328B7C8C4C">
				<name>Fővám tér Metro</name>
				<gx:mid>/m/0zn0k0l</gx:mid>
				<gx:fid>0x4741dc4fe7412d8b:0x2477efbd52bdf31c</gx:fid>
				<LookAt>
					<longitude>19.05732</longitude>
					<latitude>47.48640099999999</latitude>
					<altitude>0</altitude>
					<heading>0</heading>
					<tilt>0</tilt>
					<gx:fovy>35</gx:fovy>
					<range>686.2220830200305</range>
					<altitudeMode>relativeToGround</altitudeMode>
				</LookAt>
				<styleUrl>#__managed_style_3D8FEDC61240DE0D66B8</styleUrl>
				<Point>
					<altitudeMode>relativeToGround</altitudeMode>
					<coordinates>19.05732,47.48640100000001,0</coordinates>
				</Point>
			</Placemark>
			<Placemark id="0A460E2CE0328B8CF824">
				<name>Szent Gellért tér-Műegyetem Metro</name>
				<gx:mid>/g/1q2w4_p30</gx:mid>
				<gx:fid>0x4741dc4e0a65397f:0xb6b96f2ae0e49c86</gx:fid>
				<LookAt>
					<longitude>19.0538825</longitude>
					<latitude>47.4834657</latitude>
					<altitude>0</altitude>
					<heading>0</heading>
					<tilt>0</tilt>
					<gx:fovy>35</gx:fovy>
					<range>686.2636618263915</range>
					<altitudeMode>relativeToGround</altitudeMode>
				</LookAt>
				<styleUrl>#__managed_style_3D8FEDC61240DE0D66B8</styleUrl>
				<Point>
					<altitudeMode>relativeToGround</altitudeMode>
					<coordinates>19.0538825,47.48346569999999,0</coordinates>
				</Point>
			</Placemark>
			<Placemark id="00767D33A6328B8D5208">
				<name>Móricz Zsigmond körtér Metro</name>
				<gx:mid>/g/1q5bl40vp</gx:mid>
				<gx:fid>0x4741ddb2fde30d21:0xf6c662528b9121a3</gx:fid>
				<LookAt>
					<longitude>19.0469804</longitude>
					<latitude>47.4773347</latitude>
					<altitude>0</altitude>
					<heading>0</heading>
					<tilt>0</tilt>
					<gx:fovy>35</gx:fovy>
					<range>686.3505028953518</range>
					<altitudeMode>relativeToGround</altitudeMode>
				</LookAt>
				<styleUrl>#__managed_style_3D8FEDC61240DE0D66B8</styleUrl>
				<Point>
					<altitudeMode>relativeToGround</altitudeMode>
					<coordinates>19.0469804,47.47733469999999,0</coordinates>
				</Point>
			</Placemark>
			<Placemark id="03EDD182EB328B99FD6B">
				<name>Újbuda-központ Metro</name>
				<gx:mid>/g/11bc5ymvjq</gx:mid>
				<gx:fid>0x4741ddb18e453d73:0xd9eaeded6e883af7</gx:fid>
				<LookAt>
					<longitude>19.0464151</longitude>
					<latitude>47.4741195</latitude>
					<altitude>0</altitude>
					<heading>0</heading>
					<tilt>0</tilt>
					<gx:fovy>35</gx:fovy>
					<range>686.3960410430522</range>
					<altitudeMode>relativeToGround</altitudeMode>
				</LookAt>
				<styleUrl>#__managed_style_3D8FEDC61240DE0D66B8</styleUrl>
				<Point>
					<altitudeMode>relativeToGround</altitudeMode>
					<coordinates>19.0464151,47.47411949999999,0</coordinates>
				</Point>
			</Placemark>
			<Placemark id="0E1E48DC2F328BDD8532">
				<name>Bikas park Metro</name>
				<LookAt>
					<longitude>19.03370078662937</longitude>
					<latitude>47.46477042855227</latitude>
					<altitude>103.9733748372473</altitude>
					<heading>0</heading>
					<tilt>0</tilt>
					<gx:fovy>17.0902477457703</gx:fovy>
					<range>458.4602858128346</range>
					<altitudeMode>absolute</altitudeMode>
				</LookAt>
				<styleUrl>#__managed_style_0367454EBF40DE0D66C8</styleUrl>
				<Point>
					<coordinates>19.03339785346078,47.46480882744289,104.3839414593186</coordinates>
				</Point>
			</Placemark>
			<Placemark id="0E505E39C0328BDE6778">
				<name>Kelenföld vasútállomás Metro</name>
				<gx:mid>/m/0zm_x_m</gx:mid>
				<gx:fid>0x4741ddc1f05f1e79:0x65322de047346071</gx:fid>
				<LookAt>
					<longitude>19.020626</longitude>
					<latitude>47.4643217</latitude>
					<altitude>0</altitude>
					<heading>0</heading>
					<tilt>0</tilt>
					<gx:fovy>35</gx:fovy>
					<range>686.5347993728222</range>
					<altitudeMode>relativeToGround</altitudeMode>
				</LookAt>
				<styleUrl>#__managed_style_3D8FEDC61240DE0D66B8</styleUrl>
				<Point>
					<altitudeMode>relativeToGround</altitudeMode>
					<coordinates>19.020626,47.46432170000001,0</coordinates>
				</Point>
			</Placemark>
			<Placemark id="0DC45DB0E9328BE828AB">
				<name>M4 Green line Metro</name>
				<LookAt>
					<longitude>19.07062969337605</longitude>
					<latitude>47.48221886708048</latitude>
					<altitude>106.9375477306304</altitude>
					<heading>5.256662216027466</heading>
					<tilt>0</tilt>
					<gx:fovy>83.76409705274611</gx:fovy>
					<range>3474.744161758572</range>
					<altitudeMode>absolute</altitudeMode>
				</LookAt>
				<styleUrl>#__managed_style_1F492D61EB40DE0D66B8</styleUrl>
				<LineString>
					<coordinates>
						19.07726381817319,47.49539022981931,0 19.07205752148294,47.49282608262045,0 19.06161519199929,47.4896155259987,0 19.05723776919786,47.48648629152886,0 19.05383793520382,47.48353403345916,0 19.04696410784381,47.47735063761903,0 19.04638939091483,47.47413346649116,0 19.03341849202426,47.46485535702991,0 19.02059089251392,47.46434078064142,0 
					</coordinates>
				</LineString>
			</Placemark>
		</Folder>
		<Folder id="049950EB5E3BF531711C">
			<name>שווקי כריסמס</name>
			<snippet></snippet>
			<styleUrl>#__managed_style_0E4C117D3440DE0D66BF</styleUrl>
			<Placemark id="113AAEE44F3BF531711C">
				<name>Advent Basilica</name>
				<snippet></snippet>
				<description><![CDATA[<div>פעיל בין התאריכים:<br></div><div>14/11/2025 - 01/01/2025<br></div><div><br></div><div>From Sunday to Thursday – 11 AM to 10 PM<br></div><div>Friday and Saturday – 11 AM to 11 PM<br></div><div>24th December – 11 AM to 3 PM<br></div><div>25th and 26 December – 11 AM to 8 PM<br></div><div>31st December – 11 AM to 3 PM<br></div><div>1st January – 11 AM to 6 PM<br></div>]]></description>
				<LookAt>
					<longitude>19.05267261112117</longitude>
					<latitude>47.50084636964858</latitude>
					<altitude>104.8053859623917</altitude>
					<heading>0</heading>
					<tilt>0</tilt>
					<gx:fovy>35</gx:fovy>
					<range>523.7879720402998</range>
					<altitudeMode>absolute</altitudeMode>
				</LookAt>
				<styleUrl>#__managed_style_07A1F7A2CA40DE0D66B7</styleUrl>
				<Point>
					<coordinates>19.05254938735906,47.50069415418792,104.5391497619123</coordinates>
				</Point>
			</Placemark>
			<Placemark id="228C4826AC3BF531711C">
				<name>Vörösmarty Square Christmas Market</name>
				<snippet></snippet>
				<description><![CDATA[<div>פעיל בין התאריכים:<br></div><div> 14/11/2025 - 01/01/2026&nbsp;<br></div><div><br></div><div>From Sunday to Thursday – 11 AM to 9 PM<br></div><div>Friday and Saturday – 11 AM to 10 PM<br></div><div>24th December – 10 AM to 2 PM<br></div><div>25th and 26 December – 11 AM to 8 PM<br></div><div>31st December – 12 PM to 6 PM<br></div><div>1st January – 11 AM to 3 PM<br></div>]]></description>
				<LookAt>
					<longitude>19.05089819285891</longitude>
					<latitude>47.49655417458961</latitude>
					<altitude>104.5032524179666</altitude>
					<heading>0</heading>
					<tilt>0</tilt>
					<gx:fovy>35</gx:fovy>
					<range>269.183897281182</range>
					<altitudeMode>absolute</altitudeMode>
				</LookAt>
				<styleUrl>#__managed_style_07A1F7A2CA40DE0D66B7</styleUrl>
				<Point>
					<coordinates>19.05069740888192,47.49669960733049,109.3557359811188</coordinates>
				</Point>
			</Placemark>
			<Placemark id="36E70B5ED53BF531711C">
				<name>Advent Budán</name>
				<snippet></snippet>
				<description><![CDATA[<div>פעיל בין התאריכים:<br></div><div>29/11/2025 - 24/12/2025<br></div><div>09:00 - 19:00</div>]]></description>
				<LookAt>
					<longitude>19.03433845411119</longitude>
					<latitude>47.50168618492495</latitude>
					<altitude>166.0166284498016</altitude>
					<heading>0</heading>
					<tilt>0</tilt>
					<gx:fovy>35</gx:fovy>
					<range>135.9125271305129</range>
					<altitudeMode>absolute</altitudeMode>
				</LookAt>
				<styleUrl>#__managed_style_07A1F7A2CA40DE0D66B7</styleUrl>
				<Point>
					<coordinates>19.03439129006968,47.50165737443845,165.8000717331425</coordinates>
				</Point>
			</Placemark>
			<Placemark id="4597F697C43BF531711C">
				<name>Advent Óbudán</name>
				<snippet></snippet>
				<description><![CDATA[<div>פעיל בין התאריכים:<br></div><div>28/11/2025 - 23/12/2025<br></div><div><br></div><div>בשעות לפי ימים:<br></div><div>ב-ה: 14:00-21:00<br></div><div>ו: 14:00 - 22:00<br></div><div>ש: 10:00 - 22:00<br></div><div>א: 10:00 - 21:00</div>]]></description>
				<LookAt>
					<longitude>19.0453952</longitude>
					<latitude>47.5412897</latitude>
					<altitude>0</altitude>
					<heading>0</heading>
					<tilt>0</tilt>
					<gx:fovy>35</gx:fovy>
					<range>685.444286337163</range>
					<altitudeMode>relativeToGround</altitudeMode>
				</LookAt>
				<styleUrl>#__managed_style_184329289040DE0D66C1</styleUrl>
				<Point>
					<altitudeMode>relativeToGround</altitudeMode>
					<coordinates>19.04518217190932,47.54138148208831,0</coordinates>
				</Point>
			</Placemark>
		</Folder>
	</Folder>
	<Folder id="0C7997BD4D328B24F904">
		<name>Road Trip</name>
		<open>1</open>
		<styleUrl>#__managed_style_144C47F35840DE0D66AE</styleUrl>
		<Folder id="0D1E96DC36329BD07B31">
			<name>ערים ועיירות</name>
			<styleUrl>#__managed_style_144C47F35840DE0D66AE</styleUrl>
			<Placemark id="0554826E52344084F39D">
				<name>Győr</name>
				<gx:mid>/m/03k3fk</gx:mid>
				<gx:fid>0x476bbf87407ea035:0x400c4290c1e11e0</gx:fid>
				<LookAt>
					<longitude>17.658685</longitude>
					<latitude>47.669431</latitude>
					<altitude>0</altitude>
					<heading>0</heading>
					<tilt>0</tilt>
					<gx:fovy>35</gx:fovy>
					<range>31309.4047803977</range>
					<altitudeMode>relativeToGround</altitudeMode>
				</LookAt>
				<styleUrl>#__managed_style_02DE9B01A740DE0D66BC</styleUrl>
				<Point>
					<altitudeMode>relativeToGround</altitudeMode>
					<coordinates>17.63172269435304,47.68757608047551,0</coordinates>
				</Point>
			</Placemark>
			<Placemark id="01DC2A743F3440853F4C">
				<name>Hercegkút</name>
				<gx:mid>/m/09rxkmy</gx:mid>
				<gx:fid>0x4738caf1d7d001bf:0x400c4290c1ebaa0</gx:fid>
				<LookAt>
					<longitude>21.52309395</longitude>
					<latitude>48.32965494999999</latitude>
					<altitude>0</altitude>
					<heading>0</heading>
					<tilt>0</tilt>
					<gx:fovy>35</gx:fovy>
					<range>7727.816669545061</range>
					<altitudeMode>relativeToGround</altitudeMode>
				</LookAt>
				<styleUrl>#__managed_style_02DE9B01A740DE0D66BC</styleUrl>
				<Point>
					<altitudeMode>relativeToGround</altitudeMode>
					<coordinates>21.5301233,48.3340476,0</coordinates>
				</Point>
			</Placemark>
			<Placemark id="02F1B60B89344085D43D">
				<name>Pécs</name>
				<gx:mid>/m/01f1ty</gx:mid>
				<gx:fid>0x4742b111ea3252e3:0x400c4290c1e1200</gx:fid>
				<LookAt>
					<longitude>18.25058145</longitude>
					<latitude>46.077733</latitude>
					<altitude>0</altitude>
					<heading>0</heading>
					<tilt>0</tilt>
					<gx:fovy>35</gx:fovy>
					<range>32252.06060547916</range>
					<altitudeMode>relativeToGround</altitudeMode>
				</LookAt>
				<styleUrl>#__managed_style_02DE9B01A740DE0D66BC</styleUrl>
				<Point>
					<altitudeMode>relativeToGround</altitudeMode>
					<coordinates>18.22929819263856,46.07562866507969,0</coordinates>
				</Point>
			</Placemark>
			<Placemark id="19FE66C44C361AFC8086">
				<name>Eger</name>
				<snippet></snippet>
				<gx:mid>/m/02686z</gx:mid>
				<gx:fid>0x47408d7894b04023:0x63adb259948d1c24</gx:fid>
				<LookAt>
					<longitude>20.3914099</longitude>
					<latitude>47.929182</latitude>
					<altitude>0</altitude>
					<heading>0</heading>
					<tilt>0</tilt>
					<gx:fovy>35</gx:fovy>
					<range>31153.25898680214</range>
					<altitudeMode>relativeToGround</altitudeMode>
				</LookAt>
				<styleUrl>#__managed_style_1035970AE340DE0D66AB</styleUrl>
				<Point>
					<altitudeMode>relativeToGround</altitudeMode>
					<coordinates>20.37868799224824,47.90260897540958,0</coordinates>
				</Point>
			</Placemark>
			<Placemark id="04A07A565D361B04E1DD">
				<name>Szentendre</name>
				<snippet></snippet>
				<gx:mid>/m/0406mx</gx:mid>
				<gx:fid>0x4741d60360a36671:0x400c4290c1e1c20</gx:fid>
				<LookAt>
					<longitude>19.0329776</longitude>
					<latitude>47.67704445</latitude>
					<altitude>0</altitude>
					<heading>0</heading>
					<tilt>0</tilt>
					<gx:fovy>35</gx:fovy>
					<range>31304.83719661892</range>
					<altitudeMode>relativeToGround</altitudeMode>
				</LookAt>
				<styleUrl>#__managed_style_1035970AE340DE0D66AB</styleUrl>
				<Point>
					<altitudeMode>relativeToGround</altitudeMode>
					<coordinates>19.07240120252719,47.67030079038937,0</coordinates>
				</Point>
			</Placemark>
			<Placemark id="0F2210DBED361B0A8C45">
				<name>Tapolca</name>
				<gx:mid>/m/0b7rng</gx:mid>
				<gx:fid>0x476905eff188ee97:0x54c39a2b76eef999</gx:fid>
				<LookAt>
					<longitude>17.44525555</longitude>
					<latitude>46.89540495</latitude>
					<altitude>0</altitude>
					<heading>0</heading>
					<tilt>0</tilt>
					<gx:fovy>35</gx:fovy>
					<range>31770.87179463199</range>
					<altitudeMode>relativeToGround</altitudeMode>
				</LookAt>
				<styleUrl>#__managed_style_0AA73B00E040DE0D66C1</styleUrl>
				<Point>
					<altitudeMode>relativeToGround</altitudeMode>
					<coordinates>17.4371124,46.88344749999999,0</coordinates>
				</Point>
			</Placemark>
			<Placemark id="0A9A6B00EE361B1440C6">
				<name>Keszthely</name>
				<snippet></snippet>
				<gx:mid>/m/07h1qw</gx:mid>
				<gx:fid>0x4768e2b85082feeb:0x400c4290c1e1880</gx:fid>
				<LookAt>
					<longitude>17.2419545</longitude>
					<latitude>46.7498745</latitude>
					<altitude>0</altitude>
					<heading>0</heading>
					<tilt>0</tilt>
					<gx:fovy>35</gx:fovy>
					<range>31856.99064227055</range>
					<altitudeMode>relativeToGround</altitudeMode>
				</LookAt>
				<styleUrl>#__managed_style_1035970AE340DE0D66AB</styleUrl>
				<Point>
					<altitudeMode>relativeToGround</altitudeMode>
					<coordinates>17.2479554,46.76547159999999,0</coordinates>
				</Point>
			</Placemark>
		</Folder>
		<Folder id="0023D2A352328BD7CBA0">
			<name>אטרקציות</name>
			<styleUrl>#__managed_style_144C47F35840DE0D66AE</styleUrl>
			<Placemark id="03FC39CADD3440866D84">
				<name>Keszthely Móló</name>
				<gx:mid>/g/11bxg59gck</gx:mid>
				<gx:fid>0x4768e2ae7ccf2213:0xd39c991fc3956adf</gx:fid>
				<LookAt>
					<longitude>17.2559012</longitude>
					<latitude>46.75804830000001</latitude>
					<altitude>0</altitude>
					<heading>0</heading>
					<tilt>0</tilt>
					<gx:fovy>35</gx:fovy>
					<range>696.4900609872087</range>
					<altitudeMode>relativeToGround</altitudeMode>
				</LookAt>
				<styleUrl>#__managed_style_29091EAC1240DE0D66B0</styleUrl>
				<Point>
					<altitudeMode>relativeToGround</altitudeMode>
					<coordinates>17.2559012,46.7580483,0</coordinates>
				</Point>
			</Placemark>
			<Placemark id="0EC53981B03440872D40">
				<name>Sunshine Aquapolis Szeged</name>
				<gx:mid>/g/1tf6qknr</gx:mid>
				<gx:fid>0x474488691486ef0d:0x7e499dcc5a4bab7f</gx:fid>
				<LookAt>
					<longitude>20.1594574</longitude>
					<latitude>46.250886</latitude>
					<altitude>0</altitude>
					<heading>0</heading>
					<tilt>0</tilt>
					<gx:fovy>35</gx:fovy>
					<range>703.5806301605998</range>
					<altitudeMode>relativeToGround</altitudeMode>
				</LookAt>
				<styleUrl>#__managed_style_00B66DF54C40DE0D66AE</styleUrl>
				<Point>
					<altitudeMode>relativeToGround</altitudeMode>
					<coordinates>20.1594574,46.250886,0</coordinates>
				</Point>
			</Placemark>
			<Placemark id="069DC4780B344087C48E">
				<name>Klauzál tér</name>
				<gx:mid>/g/121k36p5</gx:mid>
				<gx:fid>0x474489273a87f7a3:0x5ced794acf14aead</gx:fid>
				<LookAt>
					<longitude>20.1478656</longitude>
					<latitude>46.25212499999999</latitude>
					<altitude>0</altitude>
					<heading>0</heading>
					<tilt>0</tilt>
					<gx:fovy>35</gx:fovy>
					<range>703.5633678669564</range>
					<altitudeMode>relativeToGround</altitudeMode>
				</LookAt>
				<styleUrl>#__managed_style_00B66DF54C40DE0D66AE</styleUrl>
				<Point>
					<altitudeMode>relativeToGround</altitudeMode>
					<coordinates>20.14768606726573,46.25225712582954,0</coordinates>
				</Point>
			</Placemark>
			<Placemark id="0FC380A8843440880801">
				<name>Votive Church of Szeged</name>
				<gx:mid>/m/03wg662</gx:mid>
				<gx:fid>0x4744886fcae1ca23:0x86ed62035d959c3</gx:fid>
				<LookAt>
					<longitude>20.1491344</longitude>
					<latitude>46.2489229</latitude>
					<altitude>0</altitude>
					<heading>0</heading>
					<tilt>0</tilt>
					<gx:fovy>35</gx:fovy>
					<range>703.6079803292776</range>
					<altitudeMode>relativeToGround</altitudeMode>
				</LookAt>
				<styleUrl>#__managed_style_12AF0007ED40DE0D66BC</styleUrl>
				<Point>
					<altitudeMode>relativeToGround</altitudeMode>
					<coordinates>20.1491344,46.2489229,0</coordinates>
				</Point>
			</Placemark>
			<Placemark id="00823FCC7E3440893A8E">
				<name>Old Synagogue</name>
				<gx:mid>/g/11t8c1zq4r</gx:mid>
				<gx:fid>0x474489a15c900f0d:0x98008232e5cb455c</gx:fid>
				<LookAt>
					<longitude>20.1436667</longitude>
					<latitude>46.2538721</latitude>
					<altitude>0</altitude>
					<heading>0</heading>
					<tilt>0</tilt>
					<gx:fovy>35</gx:fovy>
					<range>703.539025998223</range>
					<altitudeMode>relativeToGround</altitudeMode>
				</LookAt>
				<styleUrl>#__managed_style_16B04D280540DE0D66B6</styleUrl>
				<Point>
					<altitudeMode>relativeToGround</altitudeMode>
					<coordinates>20.14264036563975,46.25382328341914,0</coordinates>
				</Point>
			</Placemark>
			<Placemark id="0547B3E5E2344089AB22">
				<name>Great Forest Park</name>
				<gx:mid>/g/11xj2ry1g</gx:mid>
				<gx:fid>0x47470df26f581945:0xd6badf25007d0e71</gx:fid>
				<LookAt>
					<longitude>21.6260684</longitude>
					<latitude>47.5521714</latitude>
					<altitude>0</altitude>
					<heading>0</heading>
					<tilt>0</tilt>
					<gx:fovy>35</gx:fovy>
					<range>685.2900219162424</range>
					<altitudeMode>relativeToGround</altitudeMode>
				</LookAt>
				<styleUrl>#__managed_style_0BA9301A2140DE0D66AF</styleUrl>
				<Point>
					<altitudeMode>relativeToGround</altitudeMode>
					<coordinates>21.6260684,47.55217139999999,0</coordinates>
				</Point>
			</Placemark>
			<Placemark id="0026B939DF344089F9FF">
				<name>Szerelmesek hídja</name>
				<gx:mid>/g/11q1vzpf32</gx:mid>
				<gx:fid>0x476905b5ff96b649:0x6c53a3212a40c61a</gx:fid>
				<LookAt>
					<longitude>17.441105</longitude>
					<latitude>46.8806326</latitude>
					<altitude>0</altitude>
					<heading>0</heading>
					<tilt>0</tilt>
					<gx:fovy>35</gx:fovy>
					<range>694.7688874373732</range>
					<altitudeMode>relativeToGround</altitudeMode>
				</LookAt>
				<styleUrl>#__managed_style_00B66DF54C40DE0D66AE</styleUrl>
				<Point>
					<altitudeMode>relativeToGround</altitudeMode>
					<coordinates>17.441105,46.8806326,0</coordinates>
				</Point>
			</Placemark>
			<Placemark id="02A9F475B434408A2CEE">
				<name>Tapolcai Malom-tó</name>
				<gx:mid>/g/11vrc1gvtc</gx:mid>
				<gx:fid>0x4769050062a734d1:0xc75b13a32a6a5696</gx:fid>
				<LookAt>
					<longitude>17.4411372</longitude>
					<latitude>46.88181400000001</latitude>
					<altitude>0</altitude>
					<heading>0</heading>
					<tilt>0</tilt>
					<gx:fovy>35</gx:fovy>
					<range>694.7522859109718</range>
					<altitudeMode>relativeToGround</altitudeMode>
				</LookAt>
				<styleUrl>#__managed_style_00B66DF54C40DE0D66AE</styleUrl>
				<Point>
					<altitudeMode>relativeToGround</altitudeMode>
					<coordinates>17.4411372,46.881814,0</coordinates>
				</Point>
			</Placemark>
			<Placemark id="06EF4A202934408A5E69">
				<name>Main square</name>
				<gx:mid>/g/12vryfqb8</gx:mid>
				<gx:fid>0x4768e2a1a85f47cf:0x3d0ca387b1e2d690</gx:fid>
				<LookAt>
					<longitude>17.2430115</longitude>
					<latitude>46.7650479</latitude>
					<altitude>0</altitude>
					<heading>0</heading>
					<tilt>0</tilt>
					<gx:fovy>35</gx:fovy>
					<range>696.3918579406368</range>
					<altitudeMode>relativeToGround</altitudeMode>
				</LookAt>
				<styleUrl>#__managed_style_00B66DF54C40DE0D66AE</styleUrl>
				<Point>
					<altitudeMode>relativeToGround</altitudeMode>
					<coordinates>17.2430115,46.7650479,0</coordinates>
				</Point>
			</Placemark>
			<Placemark id="043600D7CB34408A93BE">
				<name>Festetics Palace</name>
				<gx:mid>/m/03hkrsz</gx:mid>
				<gx:fid>0x47691d608682d2c5:0xf4b93b12999e811</gx:fid>
				<LookAt>
					<longitude>17.2418095</longitude>
					<latitude>46.7709465</latitude>
					<altitude>0</altitude>
					<heading>0</heading>
					<tilt>0</tilt>
					<gx:fovy>35</gx:fovy>
					<range>696.3090945127224</range>
					<altitudeMode>relativeToGround</altitudeMode>
				</LookAt>
				<styleUrl>#__managed_style_12AF0007ED40DE0D66BC</styleUrl>
				<Point>
					<altitudeMode>relativeToGround</altitudeMode>
					<coordinates>17.2418095,46.7709465,0</coordinates>
				</Point>
			</Placemark>
			<Placemark id="02D4362B9434408AEDBD">
				<name>Óriáskerék Keszthely</name>
				<gx:mid>/g/11jcfvdwqv</gx:mid>
				<gx:fid>0x4768e345c36c3a03:0xd650e394647689b1</gx:fid>
				<LookAt>
					<longitude>17.2526954</longitude>
					<latitude>46.75937529999999</latitude>
					<altitude>0</altitude>
					<heading>0</heading>
					<tilt>0</tilt>
					<gx:fovy>35</gx:fovy>
					<range>696.4714441440184</range>
					<altitudeMode>relativeToGround</altitudeMode>
				</LookAt>
				<styleUrl>#__managed_style_00B66DF54C40DE0D66AE</styleUrl>
				<Point>
					<altitudeMode>relativeToGround</altitudeMode>
					<coordinates>17.25276727258192,46.7592730816009,0</coordinates>
				</Point>
			</Placemark>
			<Placemark id="05E27DA4BF34408B4772">
				<name>Szigetfürdő</name>
				<gx:mid>/g/11w7pw7hf6</gx:mid>
				<gx:fid>0x4768e3006d68daff:0xb76b339604ce9fa1</gx:fid>
				<LookAt>
					<longitude>17.2532153</longitude>
					<latitude>46.75771</latitude>
					<altitude>0</altitude>
					<heading>0</heading>
					<tilt>0</tilt>
					<gx:fovy>35</gx:fovy>
					<range>696.4948070364059</range>
					<altitudeMode>relativeToGround</altitudeMode>
				</LookAt>
				<styleUrl>#__managed_style_00B66DF54C40DE0D66AE</styleUrl>
				<Point>
					<altitudeMode>relativeToGround</altitudeMode>
					<coordinates>17.25338573725833,46.75761584554729,0</coordinates>
				</Point>
			</Placemark>
			<Placemark id="0F72F1F0A534408B76B3">
				<name>Rózsalugas</name>
				<gx:mid>/g/11v0_3pfdp</gx:mid>
				<gx:fid>0x4768e3f178d8c66d:0xa4fd772c4b54b6ea</gx:fid>
				<LookAt>
					<longitude>17.253371</longitude>
					<latitude>46.75893560000001</latitude>
					<altitude>0</altitude>
					<heading>0</heading>
					<tilt>0</tilt>
					<gx:fovy>35</gx:fovy>
					<range>696.4776128515975</range>
					<altitudeMode>relativeToGround</altitudeMode>
				</LookAt>
				<styleUrl>#__managed_style_0BA9301A2140DE0D66AF</styleUrl>
				<Point>
					<altitudeMode>relativeToGround</altitudeMode>
					<coordinates>17.253371,46.7589356,0</coordinates>
				</Point>
			</Placemark>
			<Placemark id="0FC6CB64122F78842F1F">
				<name>רחוב ראשי</name>
				<LookAt>
					<longitude>18.40925799043793</longitude>
					<latitude>47.19503713146612</latitude>
					<altitude>124.1609713432107</altitude>
					<heading>-1.053987017105384</heading>
					<tilt>0.3590837216869082</tilt>
					<gx:fovy>83.89475590927964</gx:fovy>
					<range>157.3771280656001</range>
					<altitudeMode>absolute</altitudeMode>
				</LookAt>
				<styleUrl>#__managed_style_149B9F466040DE0D66B3</styleUrl>
				<LineString>
					<coordinates>
						18.40926040465112,47.19192474862324,0 18.40903575521928,47.19250377295827,0 18.40905225650222,47.1931586433667,0 18.40916351624912,47.19366201661171,0 18.409190985791,47.19426003187381,0 18.40918199347747,47.19455075305964,0 
					</coordinates>
				</LineString>
			</Placemark>
			<Placemark id="03D3248B472F78916C3A">
				<name>לפעמים יש פה שוק אוכל</name>
				<snippet></snippet>
				<LookAt>
					<longitude>20.1483258516551</longitude>
					<latitude>46.24809303838921</latitude>
					<altitude>88.66776393834155</altitude>
					<heading>330.6991428583122</heading>
					<tilt>0</tilt>
					<gx:fovy>84.2165045602632</gx:fovy>
					<range>207.5063584664895</range>
					<altitudeMode>absolute</altitudeMode>
				</LookAt>
				<styleUrl>#__managed_style_2E3B94FC2140DE0D66B4</styleUrl>
				<Point>
					<coordinates>20.14833627387413,46.24795950326287,79.849171411922</coordinates>
				</Point>
			</Placemark>
			<Placemark id="07FF62D3652F789515F6">
				<name>רחוב ראשי</name>
				<LookAt>
					<longitude>20.14730772928904</longitude>
					<latitude>46.25140900296612</latitude>
					<altitude>90.73783654646851</altitude>
					<heading>5.8869764598075</heading>
					<tilt>0</tilt>
					<gx:fovy>83.70566949925812</gx:fovy>
					<range>256.3215580492761</range>
					<altitudeMode>absolute</altitudeMode>
				</LookAt>
				<styleUrl>#__managed_style_149B9F466040DE0D66B3</styleUrl>
				<LineString>
					<coordinates>
						20.14618850543447,46.25061262630123,0 20.14809565365995,46.2528140357369,0 
					</coordinates>
				</LineString>
			</Placemark>
			<Placemark id="0ADA02F57E361AFC8086">
				<name>רחוב חמודי מאוד</name>
				<snippet></snippet>
				<LookAt>
					<longitude>20.37877415924559</longitude>
					<latitude>47.90310905216952</latitude>
					<altitude>167.5748787464755</altitude>
					<heading>3.583814461292919</heading>
					<tilt>0</tilt>
					<gx:fovy>84.26591641514227</gx:fovy>
					<range>76.97441252254976</range>
					<altitudeMode>absolute</altitudeMode>
				</LookAt>
				<styleUrl>#__managed_style_3A89370B8740DE0D66AC</styleUrl>
				<LineString>
					<coordinates>
						20.38060821520046,47.90279574836195,0 20.37967750853471,47.9029221261407,0 20.37888633235458,47.90303432822641,0 20.37839025999737,47.90311338244821,0 20.37789658707532,47.90307937375268,0 
					</coordinates>
				</LineString>
			</Placemark>
			<Placemark id="2F3CD41806361AFC8086">
				<name>Dobó István Square</name>
				<snippet></snippet>
				<gx:mid>/g/120wl3sf</gx:mid>
				<gx:fid>0x47408d9c0b079bc5:0xe9f5cfaa2871d149</gx:fid>
				<LookAt>
					<longitude>20.3768565</longitude>
					<latitude>47.9024113</latitude>
					<altitude>0</altitude>
					<heading>0</heading>
					<tilt>0</tilt>
					<gx:fovy>35</gx:fovy>
					<range>680.313235547482</range>
					<altitudeMode>relativeToGround</altitudeMode>
				</LookAt>
				<styleUrl>#__managed_style_152EF1E8BC40DE0D66C8</styleUrl>
				<Point>
					<altitudeMode>relativeToGround</altitudeMode>
					<coordinates>20.3768565,47.9024113,0</coordinates>
				</Point>
			</Placemark>
			<Placemark id="3FDEC1C9D3361AFC8086">
				<name>מדרחוב מרכזי חי</name>
				<snippet></snippet>
				<LookAt>
					<longitude>20.37431482616706</longitude>
					<latitude>47.90002041888121</latitude>
					<altitude>166.6779447549635</altitude>
					<heading>357.5034197358904</heading>
					<tilt>0</tilt>
					<gx:fovy>83.24558162262657</gx:fovy>
					<range>273.6255828896901</range>
					<altitudeMode>absolute</altitudeMode>
				</LookAt>
				<styleUrl>#__managed_style_3A89370B8740DE0D66AC</styleUrl>
				<LineString>
					<coordinates>
						20.37534192782654,47.89945722607771,0 20.37475495233979,47.90062221513091,0 20.37370695015383,47.90234206544358,0 20.37326517715485,47.90306261644936,0 
					</coordinates>
				</LineString>
			</Placemark>
			<Placemark id="4877328036361AFC8086">
				<name>Castle of Eger</name>
				<snippet></snippet>
				<gx:mid>/m/02vk959</gx:mid>
				<gx:fid>0x47408d97bb903723:0x8ebfa8945d085748</gx:fid>
				<LookAt>
					<longitude>20.3799052</longitude>
					<latitude>47.9045098</latitude>
					<altitude>0</altitude>
					<heading>0</heading>
					<tilt>0</tilt>
					<gx:fovy>35</gx:fovy>
					<range>680.2833490078764</range>
					<altitudeMode>relativeToGround</altitudeMode>
				</LookAt>
				<styleUrl>#__managed_style_190D94C9DE40DE0D66B4</styleUrl>
				<Point>
					<altitudeMode>relativeToGround</altitudeMode>
					<coordinates>20.37945836809609,47.90432969749667,0</coordinates>
				</Point>
			</Placemark>
			<Placemark id="08277747C8361B04E1DE">
				<name>מדרחוב טיולי נחמד</name>
				<snippet></snippet>
				<LookAt>
					<longitude>19.07705779145326</longitude>
					<latitude>47.66614564868073</latitude>
					<altitude>107.4290494864342</altitude>
					<heading>0.1417935963976895</heading>
					<tilt>0.2520771114875092</tilt>
					<gx:fovy>35</gx:fovy>
					<range>751.5288846550538</range>
					<altitudeMode>absolute</altitudeMode>
				</LookAt>
				<styleUrl>#__managed_style_3A89370B8740DE0D66AC</styleUrl>
				<LineString>
					<coordinates>
						19.07843775170747,47.67148131517011,0 19.07818934382782,47.67108500048133,0 19.07812005554689,47.67081695631993,0 19.07799772296119,47.67050938456006,0 19.07779611354696,47.67020721869258,0 19.07774347060064,47.66987912125817,0 19.07770710249923,47.66952419176344,0 19.07764587997476,47.66930770115388,0 19.07738955304774,47.66903591118592,0 19.07708667548473,47.66876249201446,0 19.07674902445359,47.66845207819252,0 19.0766255958386,47.66826452999156,0 19.07650941597611,47.66811471521185,0 19.07642332243528,47.66789880559339,0 19.07632702091692,47.66768097245775,0 19.07643097232336,47.66737942962824,0 19.07649421118421,47.66711995436471,0 19.0764800912295,47.66674262145852,0 19.07633630273054,47.66633444427162,0 19.07614723397252,47.66595766162096,0 19.07607003466232,47.66567214951411,0 
					</coordinates>
				</LineString>
			</Placemark>
			<Placemark id="1B93F67AD9361B04E1DE">
				<name>אחלה טיילת נהר</name>
				<snippet></snippet>
				<LookAt>
					<longitude>19.08032324280882</longitude>
					<latitude>47.6688518113524</latitude>
					<altitude>96.68543206512017</altitude>
					<heading>356.0724356069798</heading>
					<tilt>0</tilt>
					<gx:fovy>35</gx:fovy>
					<range>2669.183518410427</range>
					<altitudeMode>absolute</altitudeMode>
				</LookAt>
				<styleUrl>#__managed_style_3A89370B8740DE0D66AC</styleUrl>
				<LineString>
					<coordinates>
						19.07787847264906,47.66704070964129,0 19.07776445854614,47.66757590430142,0 19.07779737533805,47.66799950831754,0 19.07788135870252,47.66854091045792,0 19.07811275726409,47.6692395443735,0 19.07833063643727,47.6696768930383,0 19.07904076936457,47.67049634715775,0 
					</coordinates>
				</LineString>
			</Placemark>
			<Placemark id="2725B07A20361B04E1DE">
				<name>תצפית נמוכה עם כנסייה</name>
				<snippet></snippet>
				<LookAt>
					<longitude>19.07556267833391</longitude>
					<latitude>47.66824806828438</latitude>
					<altitude>128.5009518505393</altitude>
					<heading>6.653558855156189</heading>
					<tilt>0</tilt>
					<gx:fovy>35</gx:fovy>
					<range>161.3376003562007</range>
					<altitudeMode>absolute</altitudeMode>
				</LookAt>
				<styleUrl>#__managed_style_3A89370B8740DE0D66AC</styleUrl>
				<LineString>
					<coordinates>
						19.07468091075825,47.66878423638099,0 19.07467481828507,47.66870110870295,0 19.07468120269976,47.66858756248016,0 19.07472371101074,47.66848359904282,0 19.07483808152086,47.66840919466017,0 19.07494226261063,47.66833294286064,0 19.07509980368966,47.66822680419963,0 19.07517672710783,47.66813811271987,0 19.07525450705669,47.66805613930632,0 19.0753909815769,47.667981595051,0 19.07568404593332,47.6678832809184,0 19.07586988838791,47.66790581790407,0 19.07598880748058,47.66802257702905,0 19.07595351161057,47.66812887526826,0 
					</coordinates>
				</LineString>
			</Placemark>
			<Placemark id="3383FE8309361B04E1DE">
				<name>place du Temple</name>
				<snippet></snippet>
				<gx:mid>/g/11k60hhjdh</gx:mid>
				<gx:fid>0x4741d7f0d887895f:0x116133a43da68023</gx:fid>
				<LookAt>
					<longitude>19.0753896</longitude>
					<latitude>47.668118</latitude>
					<altitude>0</altitude>
					<heading>0</heading>
					<tilt>0</tilt>
					<gx:fovy>35</gx:fovy>
					<range>683.644951391496</range>
					<altitudeMode>relativeToGround</altitudeMode>
				</LookAt>
				<styleUrl>#__managed_style_0547A62CFD40DE0D66BB</styleUrl>
				<Point>
					<altitudeMode>relativeToGround</altitudeMode>
					<coordinates>19.07572404901433,47.66799769089778,0</coordinates>
				</Point>
			</Placemark>
			<Placemark id="1B45B2D9D1361B1440C6">
				<name>מדרחוב ראשי</name>
				<snippet></snippet>
				<LookAt>
					<longitude>17.24280284240758</longitude>
					<latitude>46.76810845164596</latitude>
					<altitude>130.360183709496</altitude>
					<heading>0</heading>
					<tilt>0</tilt>
					<gx:fovy>35</gx:fovy>
					<range>400.4225108464016</range>
					<altitudeMode>absolute</altitudeMode>
				</LookAt>
				<styleUrl>#__managed_style_3A89370B8740DE0D66AC</styleUrl>
				<LineString>
					<coordinates>
						17.24290464063635,46.76562073525692,0 17.24258451866146,46.76754248678868,0 17.24239646427662,46.76844032739847,0 
					</coordinates>
				</LineString>
			</Placemark>
			<Placemark id="2E6D14A622361B1440C6">
				<name>Parc du château</name>
				<snippet></snippet>
				<gx:mid>/g/11bbs2zrxp</gx:mid>
				<gx:fid>0x47691d6054251011:0x8f593e12f9e95ecd</gx:fid>
				<LookAt>
					<longitude>17.2403549</longitude>
					<latitude>46.770522</latitude>
					<altitude>0</altitude>
					<heading>0</heading>
					<tilt>0</tilt>
					<gx:fovy>35</gx:fovy>
					<range>696.3150509044411</range>
					<altitudeMode>relativeToGround</altitudeMode>
				</LookAt>
				<styleUrl>#__managed_style_2E32E7C0BE40DE0D66C8</styleUrl>
				<Point>
					<altitudeMode>relativeToGround</altitudeMode>
					<coordinates>17.2403549,46.770522,0</coordinates>
				</Point>
			</Placemark>
			<Placemark id="32AAD6C42C361B1440C6">
				<name>פארק של הטירה</name>
				<snippet></snippet>
				<LookAt>
					<longitude>17.24104845560497</longitude>
					<latitude>46.77198481452098</latitude>
					<altitude>134.4132526979999</altitude>
					<heading>0</heading>
					<tilt>0</tilt>
					<gx:fovy>35</gx:fovy>
					<range>571.4019925362663</range>
					<altitudeMode>absolute</altitudeMode>
				</LookAt>
				<styleUrl>#__managed_style_1D60662B8040DE0D66B9</styleUrl>
				<Polygon>
					<outerBoundaryIs>
						<LinearRing>
							<coordinates>
								17.24183272825213,46.77159894436149,0 17.24152132743326,46.77247743475306,0 17.23866282765682,46.77216652506775,0 17.23845693221554,46.77128707660694,0 17.23820923487706,46.77064461108557,0 17.23782074006005,46.76963967173754,0 17.23866291444056,46.76964560020623,0 17.23878627136382,46.76843134975232,0 17.24134472899321,46.76880070105155,0 17.24128495964796,46.76975530400068,0 17.24208517738391,46.7698138859638,0 17.24249505126899,46.76981652565425,0 17.24327003038479,46.76991002910501,0 17.24357152428421,46.77020455808208,0 17.2436520495512,46.77059032792867,0 17.24349877230399,46.77103414044034,0 17.24296655834631,46.77138962534397,0 17.24205135978699,46.77136481774379,0 17.24183272825213,46.77159894436149,0 
							</coordinates>
						</LinearRing>
					</outerBoundaryIs>
				</Polygon>
			</Placemark>
			<Placemark id="0170F6EE79361B2AE622">
				<name>כיכר מרכזית</name>
				<snippet></snippet>
				<LookAt>
					<longitude>17.63411153263069</longitude>
					<latitude>47.68867379811941</latitude>
					<altitude>129.8670595316395</altitude>
					<heading>0</heading>
					<tilt>0</tilt>
					<gx:fovy>35</gx:fovy>
					<range>605.7057203375007</range>
					<altitudeMode>absolute</altitudeMode>
				</LookAt>
				<styleUrl>#__managed_style_233629F50540DE0D66BC</styleUrl>
				<Point>
					<coordinates>17.63431413002311,47.68822963729583,116.14983115815</coordinates>
				</Point>
			</Placemark>
			<Placemark id="16B5CD0979361B2AE622">
				<name>מדרחוב</name>
				<snippet></snippet>
				<LookAt>
					<longitude>17.6333818039547</longitude>
					<latitude>47.68774178233335</latitude>
					<altitude>133.3572610119891</altitude>
					<heading>356.0122568850513</heading>
					<tilt>0</tilt>
					<gx:fovy>35</gx:fovy>
					<range>611.1067036059103</range>
					<altitudeMode>absolute</altitudeMode>
				</LookAt>
				<styleUrl>#__managed_style_3A89370B8740DE0D66AC</styleUrl>
				<LineString>
					<coordinates>
						17.63533199541093,47.68417990695769,0 17.63442386707098,47.68540244266779,0 17.63360568553464,47.68648535568968,0 17.63297505228116,47.68735375447338,0 
					</coordinates>
				</LineString>
			</Placemark>
			<Placemark id="07D6B37557361B2AE623">
				<name>מדרחוב</name>
				<snippet></snippet>
				<LookAt>
					<longitude>17.63310661899586</longitude>
					<latitude>47.68962968227636</latitude>
					<altitude>112.9593584034125</altitude>
					<heading>350.9774504708863</heading>
					<tilt>0</tilt>
					<gx:fovy>35</gx:fovy>
					<range>351.0743423663371</range>
					<altitudeMode>absolute</altitudeMode>
				</LookAt>
				<styleUrl>#__managed_style_3A89370B8740DE0D66AC</styleUrl>
				<LineString>
					<coordinates>
						17.63435982674607,47.68728758094138,0 17.6338122138658,47.68811390466315,0 17.63309714322699,47.68912451077693,0 17.6327991995332,47.68954104293366,0 
					</coordinates>
				</LineString>
			</Placemark>
			<Placemark id="1A0C2BF212361B2AE623">
				<name>Úszó szökőkút Győr</name>
				<snippet></snippet>
				<gx:mid>/g/11h5m8qs47</gx:mid>
				<gx:fid>0x476bbf2efd90e5d3:0x991cb50639283459</gx:fid>
				<LookAt>
					<longitude>17.629842</longitude>
					<latitude>47.6902322</latitude>
					<altitude>0</altitude>
					<heading>0</heading>
					<tilt>0</tilt>
					<gx:fovy>35</gx:fovy>
					<range>683.3309107351682</range>
					<altitudeMode>relativeToGround</altitudeMode>
				</LookAt>
				<styleUrl>#__managed_style_0547A62CFD40DE0D66BB</styleUrl>
				<Point>
					<altitudeMode>relativeToGround</altitudeMode>
					<coordinates>17.629842,47.6902322,0</coordinates>
				</Point>
			</Placemark>
		</Folder>
	</Folder>
</Document>
</kml>
