<?xml version="1.0" encoding="UTF-8"?>
<kml xmlns="http://www.opengis.net/kml/2.2" xmlns:gx="http://www.google.com/kml/ext/2.2" xmlns:kml="http://www.opengis.net/kml/2.2" xmlns:atom="http://www.w3.org/2005/Atom">
<Document id="1ZmVV0mUMs9tIlzhi0aCQzDwh_rIMNsdO">
	<name>עודד - קמבודיה</name>
	<visibility>0</visibility>
	<gx:CascadingStyle kml:id="__managed_style_1C7503F1D240DE0EFC94_highlight">
		<Style>
			<IconStyle>
				<scale>1.2</scale>
				<Icon>
					<href>https://earth.google.com/earth/document/icon?color=7b1fa2&amp;id=2097&amp;scale=4</href>
				</Icon>
				<hotSpot x="64" y="128" xunits="pixels" yunits="insetPixels"/>
			</IconStyle>
			<LabelStyle>
				<scale>0</scale>
			</LabelStyle>
			<LineStyle>
				<color>ff2dc0fb</color>
				<width>4.8</width>
			</LineStyle>
			<PolyStyle>
				<color>40ffffff</color>
			</PolyStyle>
			<BalloonStyle>
				<gx:displayMode>card</gx:displayMode>
			</BalloonStyle>
		</Style>
	</gx:CascadingStyle>
	<gx:CascadingStyle kml:id="__managed_style_27B837EB8C40DE0EFC94_highlight">
		<styleUrl>https://earth.google.com/balloon_components/base/1.1.0.0/none_template.kml#main</styleUrl>
		<Style>
			<IconStyle>
				<scale>1.2</scale>
				<Icon>
					<href>https://earth.google.com/earth/document/icon?color=388e3c&amp;id=2385&amp;scale=4</href>
				</Icon>
				<hotSpot x="64" y="128" xunits="pixels" yunits="insetPixels"/>
			</IconStyle>
			<LabelStyle>
				<scale>0</scale>
			</LabelStyle>
			<LineStyle>
				<color>ff2dc0fb</color>
				<width>4.8</width>
			</LineStyle>
			<PolyStyle>
				<color>40ffffff</color>
			</PolyStyle>
			<BalloonStyle>
				<displayMode>hide</displayMode>
			</BalloonStyle>
		</Style>
	</gx:CascadingStyle>
	<gx:CascadingStyle kml:id="__managed_style_27B837EB8C40DE0EFC94_normal">
		<styleUrl>https://earth.google.com/balloon_components/base/1.1.0.0/none_template.kml#main</styleUrl>
		<Style>
			<IconStyle>
				<Icon>
					<href>https://earth.google.com/earth/document/icon?color=388e3c&amp;id=2385&amp;scale=4</href>
				</Icon>
				<hotSpot x="64" y="128" xunits="pixels" yunits="insetPixels"/>
			</IconStyle>
			<LabelStyle>
				<scale>0</scale>
			</LabelStyle>
			<LineStyle>
				<color>ff2dc0fb</color>
				<width>3.2</width>
			</LineStyle>
			<PolyStyle>
				<color>40ffffff</color>
			</PolyStyle>
			<BalloonStyle>
				<displayMode>hide</displayMode>
			</BalloonStyle>
		</Style>
	</gx:CascadingStyle>
	<StyleMap id="__managed_style_015F6CFDAB40DE0EFC90">
		<Pair>
			<key>normal</key>
			<styleUrl>#__managed_style_015F6CFDAB40DE0EFC90_normal</styleUrl>
		</Pair>
		<Pair>
			<key>highlight</key>
			<styleUrl>#__managed_style_015F6CFDAB40DE0EFC90_highlight</styleUrl>
		</Pair>
	</StyleMap>
	<StyleMap id="__managed_style_27B837EB8C40DE0EFC94">
		<Pair>
			<key>normal</key>
			<styleUrl>#__managed_style_27B837EB8C40DE0EFC94_normal</styleUrl>
		</Pair>
		<Pair>
			<key>highlight</key>
			<styleUrl>#__managed_style_27B837EB8C40DE0EFC94_highlight</styleUrl>
		</Pair>
	</StyleMap>
	<gx:CascadingStyle kml:id="__managed_style_015F6CFDAB40DE0EFC90_normal">
		<Style>
			<IconStyle>
				<Icon>
					<href>https://earth.google.com/earth/document/icon?color=1976d2&amp;id=2000&amp;scale=4</href>
				</Icon>
				<hotSpot x="64" y="128" xunits="pixels" yunits="insetPixels"/>
			</IconStyle>
			<LabelStyle>
			</LabelStyle>
			<LineStyle>
				<color>ff2dc0fb</color>
				<width>3.2</width>
			</LineStyle>
			<PolyStyle>
				<color>40ffffff</color>
			</PolyStyle>
			<BalloonStyle>
			</BalloonStyle>
		</Style>
	</gx:CascadingStyle>
	<gx:CascadingStyle kml:id="__managed_style_355430D50F40DE0EFC94_highlight">
		<Style>
			<IconStyle>
				<scale>1.2</scale>
				<Icon>
					<href>https://earth.google.com/earth/document/icon?color=303f9f&amp;id=2090&amp;scale=4</href>
				</Icon>
				<hotSpot x="64" y="128" xunits="pixels" yunits="insetPixels"/>
			</IconStyle>
			<LabelStyle>
				<scale>0</scale>
			</LabelStyle>
			<LineStyle>
				<color>ff2dc0fb</color>
				<width>4.8</width>
			</LineStyle>
			<PolyStyle>
				<color>40ffffff</color>
			</PolyStyle>
			<BalloonStyle>
				<gx:displayMode>card</gx:displayMode>
			</BalloonStyle>
		</Style>
	</gx:CascadingStyle>
	<gx:CascadingStyle kml:id="__managed_style_24F3E0458E40DE0EFC89_highlight">
		<Style>
			<IconStyle>
				<scale>1.2</scale>
				<Icon>
					<href>https://earth.google.com/earth/document/icon?color=7b1fa2&amp;id=2039&amp;scale=4</href>
				</Icon>
				<hotSpot x="64" y="128" xunits="pixels" yunits="insetPixels"/>
			</IconStyle>
			<LabelStyle>
				<scale>0</scale>
			</LabelStyle>
			<LineStyle>
				<color>ff2dc0fb</color>
				<width>4.8</width>
			</LineStyle>
			<PolyStyle>
				<color>40ffffff</color>
			</PolyStyle>
			<BalloonStyle>
				<gx:displayMode>card</gx:displayMode>
			</BalloonStyle>
		</Style>
	</gx:CascadingStyle>
	<StyleMap id="__managed_style_40A616872E40DE0EFC88">
		<Pair>
			<key>normal</key>
			<styleUrl>#__managed_style_40A616872E40DE0EFC88_normal</styleUrl>
		</Pair>
		<Pair>
			<key>highlight</key>
			<styleUrl>#__managed_style_40A616872E40DE0EFC88_highlight</styleUrl>
		</Pair>
	</StyleMap>
	<gx:CascadingStyle kml:id="__managed_style_1423DAC52140DE0EFC91_highlight">
		<Style>
			<IconStyle>
				<scale>1.8</scale>
				<Icon>
					<href>https://earth.google.com/earth/document/icon?color=7b1fa2&amp;id=2349&amp;scale=4</href>
				</Icon>
				<hotSpot x="64" y="128" xunits="pixels" yunits="insetPixels"/>
			</IconStyle>
			<LabelStyle>
				<scale>0</scale>
			</LabelStyle>
			<LineStyle>
				<color>ff2dc0fb</color>
				<width>4.8</width>
			</LineStyle>
			<PolyStyle>
				<color>40ffffff</color>
			</PolyStyle>
			<BalloonStyle>
				<gx:displayMode>card</gx:displayMode>
			</BalloonStyle>
		</Style>
	</gx:CascadingStyle>
	<StyleMap id="__managed_style_32A1235CE540DE0EFC8C">
		<Pair>
			<key>normal</key>
			<styleUrl>#__managed_style_32A1235CE540DE0EFC8C_normal</styleUrl>
		</Pair>
		<Pair>
			<key>highlight</key>
			<styleUrl>#__managed_style_32A1235CE540DE0EFC8C_highlight</styleUrl>
		</Pair>
	</StyleMap>
	<gx:CascadingStyle kml:id="__managed_style_1B69B116BF40DE0EFC89_highlight">
		<Style>
			<IconStyle>
				<scale>1.2</scale>
				<Icon>
					<href>https://earth.google.com/earth/document/icon?color=7b1fa2&amp;id=2232&amp;scale=4</href>
				</Icon>
				<hotSpot x="64" y="128" xunits="pixels" yunits="insetPixels"/>
			</IconStyle>
			<LabelStyle>
				<scale>0</scale>
			</LabelStyle>
			<LineStyle>
				<color>ff2dc0fb</color>
				<width>4.8</width>
			</LineStyle>
			<PolyStyle>
				<color>40ffffff</color>
			</PolyStyle>
			<BalloonStyle>
				<gx:displayMode>card</gx:displayMode>
			</BalloonStyle>
		</Style>
	</gx:CascadingStyle>
	<gx:CascadingStyle kml:id="__managed_style_19F95638B640DE0EFC88_highlight">
		<Style>
			<IconStyle>
				<scale>1.2</scale>
				<Icon>
					<href>https://earth.google.com/earth/document/icon?color=7b1fa2&amp;id=2156&amp;scale=4</href>
				</Icon>
				<hotSpot x="64" y="128" xunits="pixels" yunits="insetPixels"/>
			</IconStyle>
			<LabelStyle>
				<scale>0</scale>
			</LabelStyle>
			<LineStyle>
				<color>ff2dc0fb</color>
				<width>4.8</width>
			</LineStyle>
			<PolyStyle>
				<color>40ffffff</color>
			</PolyStyle>
			<BalloonStyle>
				<gx:displayMode>card</gx:displayMode>
			</BalloonStyle>
		</Style>
	</gx:CascadingStyle>
	<gx:CascadingStyle kml:id="__managed_style_18861A5F5140DE0EFC8B_highlight">
		<Style>
			<IconStyle>
				<scale>1.2</scale>
				<Icon>
					<href>https://earth.google.com/earth/document/icon?color=7b1fa2&amp;id=2311&amp;scale=4</href>
				</Icon>
				<hotSpot x="64" y="128" xunits="pixels" yunits="insetPixels"/>
			</IconStyle>
			<LabelStyle>
				<scale>0</scale>
			</LabelStyle>
			<LineStyle>
				<color>ff2dc0fb</color>
				<width>4.8</width>
			</LineStyle>
			<PolyStyle>
				<color>40ffffff</color>
			</PolyStyle>
			<BalloonStyle>
				<gx:displayMode>card</gx:displayMode>
			</BalloonStyle>
		</Style>
	</gx:CascadingStyle>
	<gx:CascadingStyle kml:id="__managed_style_2DDC67E74340DE0EFC8C_highlight">
		<Style>
			<IconStyle>
				<scale>0.9</scale>
				<Icon>
					<href>https://earth.google.com/earth/document/icon?color=7b1fa2&amp;id=2349&amp;scale=4</href>
				</Icon>
				<hotSpot x="64" y="128" xunits="pixels" yunits="insetPixels"/>
			</IconStyle>
			<LabelStyle>
				<scale>0</scale>
			</LabelStyle>
			<LineStyle>
				<color>ff2dc0fb</color>
				<width>4.8</width>
			</LineStyle>
			<PolyStyle>
				<color>40ffffff</color>
			</PolyStyle>
			<BalloonStyle>
				<gx:displayMode>card</gx:displayMode>
			</BalloonStyle>
		</Style>
	</gx:CascadingStyle>
	<StyleMap id="__managed_style_220B9B996640DE0EFC90">
		<Pair>
			<key>normal</key>
			<styleUrl>#__managed_style_220B9B996640DE0EFC90_normal</styleUrl>
		</Pair>
		<Pair>
			<key>highlight</key>
			<styleUrl>#__managed_style_220B9B996640DE0EFC90_highlight</styleUrl>
		</Pair>
	</StyleMap>
	<StyleMap id="__managed_style_2DDC67E74340DE0EFC8C">
		<Pair>
			<key>normal</key>
			<styleUrl>#__managed_style_2DDC67E74340DE0EFC8C_normal</styleUrl>
		</Pair>
		<Pair>
			<key>highlight</key>
			<styleUrl>#__managed_style_2DDC67E74340DE0EFC8C_highlight</styleUrl>
		</Pair>
	</StyleMap>
	<gx:CascadingStyle kml:id="__managed_style_1423DAC52140DE0EFC91_normal">
		<Style>
			<IconStyle>
				<scale>1.5</scale>
				<Icon>
					<href>https://earth.google.com/earth/document/icon?color=7b1fa2&amp;id=2349&amp;scale=4</href>
				</Icon>
				<hotSpot x="64" y="128" xunits="pixels" yunits="insetPixels"/>
			</IconStyle>
			<LabelStyle>
				<scale>0</scale>
			</LabelStyle>
			<LineStyle>
				<color>ff2dc0fb</color>
				<width>3.2</width>
			</LineStyle>
			<PolyStyle>
				<color>40ffffff</color>
			</PolyStyle>
			<BalloonStyle>
				<gx:displayMode>card</gx:displayMode>
			</BalloonStyle>
		</Style>
	</gx:CascadingStyle>
	<gx:CascadingStyle kml:id="__managed_style_24F3E0458E40DE0EFC89_normal">
		<Style>
			<IconStyle>
				<Icon>
					<href>https://earth.google.com/earth/document/icon?color=7b1fa2&amp;id=2039&amp;scale=4</href>
				</Icon>
				<hotSpot x="64" y="128" xunits="pixels" yunits="insetPixels"/>
			</IconStyle>
			<LabelStyle>
				<scale>0</scale>
			</LabelStyle>
			<LineStyle>
				<color>ff2dc0fb</color>
				<width>3.2</width>
			</LineStyle>
			<PolyStyle>
				<color>40ffffff</color>
			</PolyStyle>
			<BalloonStyle>
				<gx:displayMode>card</gx:displayMode>
			</BalloonStyle>
		</Style>
	</gx:CascadingStyle>
	<gx:CascadingStyle kml:id="__managed_style_0FAD26B0D940DE0EFC8E_highlight">
		<Style>
			<IconStyle>
				<scale>1.2</scale>
				<Icon>
					<href>https://earth.google.com/earth/document/icon?color=388e3c&amp;id=2385&amp;scale=4</href>
				</Icon>
				<hotSpot x="64" y="128" xunits="pixels" yunits="insetPixels"/>
			</IconStyle>
			<LabelStyle>
				<scale>0</scale>
			</LabelStyle>
			<LineStyle>
				<color>ff2dc0fb</color>
				<width>4.8</width>
			</LineStyle>
			<PolyStyle>
				<color>40ffffff</color>
			</PolyStyle>
			<BalloonStyle>
				<gx:displayMode>card</gx:displayMode>
			</BalloonStyle>
		</Style>
	</gx:CascadingStyle>
	<StyleMap id="__managed_style_1423DAC52140DE0EFC91">
		<Pair>
			<key>normal</key>
			<styleUrl>#__managed_style_1423DAC52140DE0EFC91_normal</styleUrl>
		</Pair>
		<Pair>
			<key>highlight</key>
			<styleUrl>#__managed_style_1423DAC52140DE0EFC91_highlight</styleUrl>
		</Pair>
	</StyleMap>
	<gx:CascadingStyle kml:id="__managed_style_0BA50C6DE840DE0EFC94_highlight">
		<Style>
			<IconStyle>
				<scale>1.2</scale>
				<Icon>
					<href>https://earth.google.com/earth/document/icon?color=1976d2&amp;id=2000&amp;scale=4</href>
				</Icon>
				<hotSpot x="64" y="128" xunits="pixels" yunits="insetPixels"/>
			</IconStyle>
			<LabelStyle>
				<scale>0</scale>
			</LabelStyle>
			<LineStyle>
				<color>ff9f3f30</color>
				<width>4.8</width>
			</LineStyle>
			<PolyStyle>
				<color>409f3f30</color>
			</PolyStyle>
			<BalloonStyle>
			</BalloonStyle>
		</Style>
	</gx:CascadingStyle>
	<gx:CascadingStyle kml:id="__managed_style_355430D50F40DE0EFC94_normal">
		<Style>
			<IconStyle>
				<Icon>
					<href>https://earth.google.com/earth/document/icon?color=303f9f&amp;id=2090&amp;scale=4</href>
				</Icon>
				<hotSpot x="64" y="128" xunits="pixels" yunits="insetPixels"/>
			</IconStyle>
			<LabelStyle>
				<scale>0</scale>
			</LabelStyle>
			<LineStyle>
				<color>ff2dc0fb</color>
				<width>3.2</width>
			</LineStyle>
			<PolyStyle>
				<color>40ffffff</color>
			</PolyStyle>
			<BalloonStyle>
				<gx:displayMode>card</gx:displayMode>
			</BalloonStyle>
		</Style>
	</gx:CascadingStyle>
	<StyleMap id="__managed_style_0BA50C6DE840DE0EFC94">
		<Pair>
			<key>normal</key>
			<styleUrl>#__managed_style_0BA50C6DE840DE0EFC94_normal</styleUrl>
		</Pair>
		<Pair>
			<key>highlight</key>
			<styleUrl>#__managed_style_0BA50C6DE840DE0EFC94_highlight</styleUrl>
		</Pair>
	</StyleMap>
	<gx:CascadingStyle kml:id="__managed_style_0F2854253540DE0EFC89_highlight">
		<Style>
			<IconStyle>
				<scale>1.2</scale>
				<Icon>
					<href>https://earth.google.com/earth/document/icon?color=1976d2&amp;id=2074&amp;scale=4</href>
				</Icon>
				<hotSpot x="64" y="128" xunits="pixels" yunits="insetPixels"/>
			</IconStyle>
			<LabelStyle>
				<scale>0</scale>
			</LabelStyle>
			<LineStyle>
				<color>ff2dc0fb</color>
				<width>4.8</width>
			</LineStyle>
			<PolyStyle>
				<color>40ffffff</color>
			</PolyStyle>
			<BalloonStyle>
			</BalloonStyle>
		</Style>
	</gx:CascadingStyle>
	<StyleMap id="__managed_style_0F2854253540DE0EFC89">
		<Pair>
			<key>normal</key>
			<styleUrl>#__managed_style_0F2854253540DE0EFC89_normal</styleUrl>
		</Pair>
		<Pair>
			<key>highlight</key>
			<styleUrl>#__managed_style_0F2854253540DE0EFC89_highlight</styleUrl>
		</Pair>
	</StyleMap>
	<gx:CascadingStyle kml:id="__managed_style_2072F2C1A440DE0EFC91_highlight">
		<Style>
			<IconStyle>
				<scale>1.2</scale>
				<Icon>
					<href>https://earth.google.com/earth/document/icon?color=f57c00&amp;id=2339&amp;scale=4</href>
				</Icon>
				<hotSpot x="64" y="128" xunits="pixels" yunits="insetPixels"/>
			</IconStyle>
			<LabelStyle>
				<scale>0</scale>
			</LabelStyle>
			<LineStyle>
				<color>ff2dc0fb</color>
				<width>4.8</width>
			</LineStyle>
			<PolyStyle>
				<color>40ffffff</color>
			</PolyStyle>
			<BalloonStyle>
				<gx:displayMode>card</gx:displayMode>
			</BalloonStyle>
		</Style>
	</gx:CascadingStyle>
	<gx:CascadingStyle kml:id="__managed_style_015F6CFDAB40DE0EFC90_highlight">
		<Style>
			<IconStyle>
				<scale>1.2</scale>
				<Icon>
					<href>https://earth.google.com/earth/document/icon?color=1976d2&amp;id=2000&amp;scale=4</href>
				</Icon>
				<hotSpot x="64" y="128" xunits="pixels" yunits="insetPixels"/>
			</IconStyle>
			<LabelStyle>
			</LabelStyle>
			<LineStyle>
				<color>ff2dc0fb</color>
				<width>4.8</width>
			</LineStyle>
			<PolyStyle>
				<color>40ffffff</color>
			</PolyStyle>
			<BalloonStyle>
			</BalloonStyle>
		</Style>
	</gx:CascadingStyle>
	<StyleMap id="__managed_style_19F95638B640DE0EFC88">
		<Pair>
			<key>normal</key>
			<styleUrl>#__managed_style_19F95638B640DE0EFC88_normal</styleUrl>
		</Pair>
		<Pair>
			<key>highlight</key>
			<styleUrl>#__managed_style_19F95638B640DE0EFC88_highlight</styleUrl>
		</Pair>
	</StyleMap>
	<gx:CascadingStyle kml:id="__managed_style_002ADBCD2140DE0EFC8F_highlight">
		<Style>
			<IconStyle>
				<scale>1.2</scale>
				<Icon>
					<href>https://earth.google.com/earth/document/icon?color=303f9f&amp;id=2034&amp;scale=4</href>
				</Icon>
				<hotSpot x="64" y="128" xunits="pixels" yunits="insetPixels"/>
			</IconStyle>
			<LabelStyle>
				<scale>0</scale>
			</LabelStyle>
			<LineStyle>
				<color>ff2dc0fb</color>
				<width>4.8</width>
			</LineStyle>
			<PolyStyle>
				<color>40ffffff</color>
			</PolyStyle>
			<BalloonStyle>
				<gx:displayMode>card</gx:displayMode>
			</BalloonStyle>
		</Style>
	</gx:CascadingStyle>
	<gx:CascadingStyle kml:id="__managed_style_5BB2C9865340DE0EFC90_highlight">
		<Style>
			<IconStyle>
				<scale>1.2</scale>
				<Icon>
					<href>https://earth.google.com/earth/document/icon?color=fbc02d&amp;id=2005&amp;scale=4</href>
				</Icon>
				<hotSpot x="64" y="128" xunits="pixels" yunits="insetPixels"/>
			</IconStyle>
			<LabelStyle>
				<scale>0</scale>
			</LabelStyle>
			<LineStyle>
				<color>ff2dc0fb</color>
				<width>4.8</width>
			</LineStyle>
			<PolyStyle>
				<color>40ffffff</color>
			</PolyStyle>
			<BalloonStyle>
				<gx:displayMode>card</gx:displayMode>
			</BalloonStyle>
		</Style>
	</gx:CascadingStyle>
	<gx:CascadingStyle kml:id="__managed_style_5BB2C9865340DE0EFC90_normal">
		<Style>
			<IconStyle>
				<Icon>
					<href>https://earth.google.com/earth/document/icon?color=fbc02d&amp;id=2005&amp;scale=4</href>
				</Icon>
				<hotSpot x="64" y="128" xunits="pixels" yunits="insetPixels"/>
			</IconStyle>
			<LabelStyle>
				<scale>0</scale>
			</LabelStyle>
			<LineStyle>
				<color>ff2dc0fb</color>
				<width>3.2</width>
			</LineStyle>
			<PolyStyle>
				<color>40ffffff</color>
			</PolyStyle>
			<BalloonStyle>
				<gx:displayMode>card</gx:displayMode>
			</BalloonStyle>
		</Style>
	</gx:CascadingStyle>
	<StyleMap id="__managed_style_5BB2C9865340DE0EFC90">
		<Pair>
			<key>normal</key>
			<styleUrl>#__managed_style_5BB2C9865340DE0EFC90_normal</styleUrl>
		</Pair>
		<Pair>
			<key>highlight</key>
			<styleUrl>#__managed_style_5BB2C9865340DE0EFC90_highlight</styleUrl>
		</Pair>
	</StyleMap>
	<StyleMap id="__managed_style_0FAD26B0D940DE0EFC8E">
		<Pair>
			<key>normal</key>
			<styleUrl>#__managed_style_0FAD26B0D940DE0EFC8E_normal</styleUrl>
		</Pair>
		<Pair>
			<key>highlight</key>
			<styleUrl>#__managed_style_0FAD26B0D940DE0EFC8E_highlight</styleUrl>
		</Pair>
	</StyleMap>
	<gx:CascadingStyle kml:id="__managed_style_17CFF08F9240DE0EFC8F_highlight">
		<Style>
			<IconStyle>
				<scale>1.2</scale>
				<Icon>
					<href>https://earth.google.com/earth/document/icon?color=1976d2&amp;id=2074&amp;scale=4</href>
				</Icon>
				<hotSpot x="64" y="128" xunits="pixels" yunits="insetPixels"/>
			</IconStyle>
			<LabelStyle>
				<scale>0</scale>
			</LabelStyle>
			<LineStyle>
				<color>ff2dc0fb</color>
				<width>4.8</width>
			</LineStyle>
			<PolyStyle>
				<color>40ffffff</color>
			</PolyStyle>
			<BalloonStyle>
				<gx:displayMode>card</gx:displayMode>
			</BalloonStyle>
		</Style>
	</gx:CascadingStyle>
	<gx:CascadingStyle kml:id="__managed_style_32A1235CE540DE0EFC8C_normal">
		<Style>
			<IconStyle>
				<Icon>
					<href>https://earth.google.com/earth/document/icon?color=7b1fa2&amp;id=2146&amp;scale=4</href>
				</Icon>
				<hotSpot x="64" y="128" xunits="pixels" yunits="insetPixels"/>
			</IconStyle>
			<LabelStyle>
				<scale>0</scale>
			</LabelStyle>
			<LineStyle>
				<color>ff2dc0fb</color>
				<width>3.2</width>
			</LineStyle>
			<PolyStyle>
				<color>40ffffff</color>
			</PolyStyle>
			<BalloonStyle>
				<gx:displayMode>card</gx:displayMode>
			</BalloonStyle>
		</Style>
	</gx:CascadingStyle>
	<StyleMap id="__managed_style_17CFF08F9240DE0EFC8F">
		<Pair>
			<key>normal</key>
			<styleUrl>#__managed_style_17CFF08F9240DE0EFC8F_normal</styleUrl>
		</Pair>
		<Pair>
			<key>highlight</key>
			<styleUrl>#__managed_style_17CFF08F9240DE0EFC8F_highlight</styleUrl>
		</Pair>
	</StyleMap>
	<gx:CascadingStyle kml:id="__managed_style_4CC570A4A640DE0EFC90_normal">
		<Style>
			<IconStyle>
				<Icon>
					<href>https://earth.google.com/earth/document/icon?color=1976d2&amp;id=2000&amp;scale=4</href>
				</Icon>
				<hotSpot x="64" y="128" xunits="pixels" yunits="insetPixels"/>
			</IconStyle>
			<LabelStyle>
				<scale>0</scale>
			</LabelStyle>
			<LineStyle>
				<color>ff9f3f30</color>
				<width>9.6</width>
			</LineStyle>
			<PolyStyle>
				<color>40ffffff</color>
			</PolyStyle>
			<BalloonStyle>
			</BalloonStyle>
		</Style>
	</gx:CascadingStyle>
	<StyleMap id="__managed_style_24F3E0458E40DE0EFC89">
		<Pair>
			<key>normal</key>
			<styleUrl>#__managed_style_24F3E0458E40DE0EFC89_normal</styleUrl>
		</Pair>
		<Pair>
			<key>highlight</key>
			<styleUrl>#__managed_style_24F3E0458E40DE0EFC89_highlight</styleUrl>
		</Pair>
	</StyleMap>
	<StyleMap id="__managed_style_1F62974FC240DE0EFC8C">
		<Pair>
			<key>normal</key>
			<styleUrl>#__managed_style_1F62974FC240DE0EFC8C_normal</styleUrl>
		</Pair>
		<Pair>
			<key>highlight</key>
			<styleUrl>#__managed_style_1F62974FC240DE0EFC8C_highlight</styleUrl>
		</Pair>
	</StyleMap>
	<StyleMap id="__managed_style_4CC570A4A640DE0EFC90">
		<Pair>
			<key>normal</key>
			<styleUrl>#__managed_style_4CC570A4A640DE0EFC90_normal</styleUrl>
		</Pair>
		<Pair>
			<key>highlight</key>
			<styleUrl>#__managed_style_4CC570A4A640DE0EFC90_highlight</styleUrl>
		</Pair>
	</StyleMap>
	<gx:CascadingStyle kml:id="__managed_style_22B94F142640DE0EFC8F_normal">
		<Style>
			<IconStyle>
				<Icon>
					<href>https://earth.google.com/earth/document/icon?color=1976d2&amp;id=2000&amp;scale=4</href>
				</Icon>
				<hotSpot x="64" y="128" xunits="pixels" yunits="insetPixels"/>
			</IconStyle>
			<LabelStyle>
				<scale>0</scale>
			</LabelStyle>
			<LineStyle>
				<color>ff3c8e38</color>
				<width>3.2</width>
			</LineStyle>
			<PolyStyle>
				<color>40ffffff</color>
			</PolyStyle>
			<BalloonStyle>
			</BalloonStyle>
		</Style>
	</gx:CascadingStyle>
	<gx:CascadingStyle kml:id="__managed_style_009B88E5B640DE0EFC91_highlight">
		<Style>
			<IconStyle>
				<scale>1.2</scale>
				<Icon>
					<href>https://earth.google.com/earth/document/icon?color=303f9f&amp;id=2339&amp;scale=4</href>
				</Icon>
				<hotSpot x="64" y="128" xunits="pixels" yunits="insetPixels"/>
			</IconStyle>
			<LabelStyle>
				<scale>0</scale>
			</LabelStyle>
			<LineStyle>
				<color>ff2dc0fb</color>
				<width>4.8</width>
			</LineStyle>
			<PolyStyle>
				<color>40ffffff</color>
			</PolyStyle>
			<BalloonStyle>
				<gx:displayMode>card</gx:displayMode>
			</BalloonStyle>
		</Style>
	</gx:CascadingStyle>
	<gx:CascadingStyle kml:id="__managed_style_009B88E5B640DE0EFC91_normal">
		<Style>
			<IconStyle>
				<Icon>
					<href>https://earth.google.com/earth/document/icon?color=303f9f&amp;id=2339&amp;scale=4</href>
				</Icon>
				<hotSpot x="64" y="128" xunits="pixels" yunits="insetPixels"/>
			</IconStyle>
			<LabelStyle>
				<scale>0</scale>
			</LabelStyle>
			<LineStyle>
				<color>ff2dc0fb</color>
				<width>3.2</width>
			</LineStyle>
			<PolyStyle>
				<color>40ffffff</color>
			</PolyStyle>
			<BalloonStyle>
				<gx:displayMode>card</gx:displayMode>
			</BalloonStyle>
		</Style>
	</gx:CascadingStyle>
	<StyleMap id="__managed_style_009B88E5B640DE0EFC91">
		<Pair>
			<key>normal</key>
			<styleUrl>#__managed_style_009B88E5B640DE0EFC91_normal</styleUrl>
		</Pair>
		<Pair>
			<key>highlight</key>
			<styleUrl>#__managed_style_009B88E5B640DE0EFC91_highlight</styleUrl>
		</Pair>
	</StyleMap>
	<gx:CascadingStyle kml:id="__managed_style_17CFF08F9240DE0EFC8F_normal">
		<Style>
			<IconStyle>
				<Icon>
					<href>https://earth.google.com/earth/document/icon?color=1976d2&amp;id=2074&amp;scale=4</href>
				</Icon>
				<hotSpot x="64" y="128" xunits="pixels" yunits="insetPixels"/>
			</IconStyle>
			<LabelStyle>
				<scale>0</scale>
			</LabelStyle>
			<LineStyle>
				<color>ff2dc0fb</color>
				<width>3.2</width>
			</LineStyle>
			<PolyStyle>
				<color>40ffffff</color>
			</PolyStyle>
			<BalloonStyle>
				<gx:displayMode>card</gx:displayMode>
			</BalloonStyle>
		</Style>
	</gx:CascadingStyle>
	<gx:CascadingStyle kml:id="__managed_style_2D5D24AB8140DE0EFC93_highlight">
		<Style>
			<IconStyle>
				<scale>1.2</scale>
				<Icon>
					<href>https://earth.google.com/earth/document/icon?color=303f9f&amp;id=2130&amp;scale=4</href>
				</Icon>
				<hotSpot x="64" y="128" xunits="pixels" yunits="insetPixels"/>
			</IconStyle>
			<LabelStyle>
				<scale>0</scale>
			</LabelStyle>
			<LineStyle>
				<color>ff2dc0fb</color>
				<width>4.8</width>
			</LineStyle>
			<PolyStyle>
				<color>40ffffff</color>
			</PolyStyle>
			<BalloonStyle>
				<gx:displayMode>card</gx:displayMode>
			</BalloonStyle>
		</Style>
	</gx:CascadingStyle>
	<gx:CascadingStyle kml:id="__managed_style_01B975E67A40DE0EFC8B_highlight">
		<Style>
			<IconStyle>
				<scale>1.2</scale>
				<Icon>
					<href>https://earth.google.com/earth/document/icon?color=f57c00&amp;id=2130&amp;scale=4</href>
				</Icon>
				<hotSpot x="64" y="128" xunits="pixels" yunits="insetPixels"/>
			</IconStyle>
			<LabelStyle>
				<scale>0</scale>
			</LabelStyle>
			<LineStyle>
				<color>ff2dc0fb</color>
				<width>4.8</width>
			</LineStyle>
			<PolyStyle>
				<color>40ffffff</color>
			</PolyStyle>
			<BalloonStyle>
				<gx:displayMode>card</gx:displayMode>
			</BalloonStyle>
		</Style>
	</gx:CascadingStyle>
	<gx:CascadingStyle kml:id="__managed_style_1BA304D67240DE0EFC93_highlight">
		<Style>
			<IconStyle>
				<scale>1.2</scale>
				<Icon>
					<href>https://earth.google.com/earth/document/icon?color=7b1fa2&amp;id=2016&amp;scale=4</href>
				</Icon>
				<hotSpot x="64" y="128" xunits="pixels" yunits="insetPixels"/>
			</IconStyle>
			<LabelStyle>
				<scale>0</scale>
			</LabelStyle>
			<LineStyle>
				<color>ff2dc0fb</color>
				<width>4.8</width>
			</LineStyle>
			<PolyStyle>
				<color>40ffffff</color>
			</PolyStyle>
			<BalloonStyle>
				<gx:displayMode>card</gx:displayMode>
			</BalloonStyle>
		</Style>
	</gx:CascadingStyle>
	<gx:CascadingStyle kml:id="__managed_style_01B975E67A40DE0EFC8B_normal">
		<Style>
			<IconStyle>
				<Icon>
					<href>https://earth.google.com/earth/document/icon?color=f57c00&amp;id=2130&amp;scale=4</href>
				</Icon>
				<hotSpot x="64" y="128" xunits="pixels" yunits="insetPixels"/>
			</IconStyle>
			<LabelStyle>
				<scale>0</scale>
			</LabelStyle>
			<LineStyle>
				<color>ff2dc0fb</color>
				<width>3.2</width>
			</LineStyle>
			<PolyStyle>
				<color>40ffffff</color>
			</PolyStyle>
			<BalloonStyle>
				<gx:displayMode>card</gx:displayMode>
			</BalloonStyle>
		</Style>
	</gx:CascadingStyle>
	<gx:CascadingStyle kml:id="__managed_style_2072F2C1A440DE0EFC91_normal">
		<Style>
			<IconStyle>
				<Icon>
					<href>https://earth.google.com/earth/document/icon?color=f57c00&amp;id=2339&amp;scale=4</href>
				</Icon>
				<hotSpot x="64" y="128" xunits="pixels" yunits="insetPixels"/>
			</IconStyle>
			<LabelStyle>
				<scale>0</scale>
			</LabelStyle>
			<LineStyle>
				<color>ff2dc0fb</color>
				<width>3.2</width>
			</LineStyle>
			<PolyStyle>
				<color>40ffffff</color>
			</PolyStyle>
			<BalloonStyle>
				<gx:displayMode>card</gx:displayMode>
			</BalloonStyle>
		</Style>
	</gx:CascadingStyle>
	<StyleMap id="__managed_style_01B975E67A40DE0EFC8B">
		<Pair>
			<key>normal</key>
			<styleUrl>#__managed_style_01B975E67A40DE0EFC8B_normal</styleUrl>
		</Pair>
		<Pair>
			<key>highlight</key>
			<styleUrl>#__managed_style_01B975E67A40DE0EFC8B_highlight</styleUrl>
		</Pair>
	</StyleMap>
	<gx:CascadingStyle kml:id="__managed_style_1E14E45FBC40DE0EFC90_highlight">
		<Style>
			<IconStyle>
				<scale>1.2</scale>
				<Icon>
					<href>https://earth.google.com/earth/document/icon?color=7b1fa2&amp;id=2011&amp;scale=4</href>
				</Icon>
				<hotSpot x="64" y="128" xunits="pixels" yunits="insetPixels"/>
			</IconStyle>
			<LabelStyle>
				<scale>0</scale>
			</LabelStyle>
			<LineStyle>
				<color>ff2dc0fb</color>
				<width>4.8</width>
			</LineStyle>
			<PolyStyle>
				<color>40ffffff</color>
			</PolyStyle>
			<BalloonStyle>
				<gx:displayMode>card</gx:displayMode>
			</BalloonStyle>
		</Style>
	</gx:CascadingStyle>
	<gx:CascadingStyle kml:id="__managed_style_4CC570A4A640DE0EFC90_highlight">
		<Style>
			<IconStyle>
				<scale>1.2</scale>
				<Icon>
					<href>https://earth.google.com/earth/document/icon?color=1976d2&amp;id=2000&amp;scale=4</href>
				</Icon>
				<hotSpot x="64" y="128" xunits="pixels" yunits="insetPixels"/>
			</IconStyle>
			<LabelStyle>
				<scale>0</scale>
			</LabelStyle>
			<LineStyle>
				<color>ff9f3f30</color>
				<width>14.4</width>
			</LineStyle>
			<PolyStyle>
				<color>40ffffff</color>
			</PolyStyle>
			<BalloonStyle>
			</BalloonStyle>
		</Style>
	</gx:CascadingStyle>
	<gx:CascadingStyle kml:id="__managed_style_2DDC67E74340DE0EFC8C_normal">
		<Style>
			<IconStyle>
				<scale>0.75</scale>
				<Icon>
					<href>https://earth.google.com/earth/document/icon?color=7b1fa2&amp;id=2349&amp;scale=4</href>
				</Icon>
				<hotSpot x="64" y="128" xunits="pixels" yunits="insetPixels"/>
			</IconStyle>
			<LabelStyle>
				<scale>0</scale>
			</LabelStyle>
			<LineStyle>
				<color>ff2dc0fb</color>
				<width>3.2</width>
			</LineStyle>
			<PolyStyle>
				<color>40ffffff</color>
			</PolyStyle>
			<BalloonStyle>
				<gx:displayMode>card</gx:displayMode>
			</BalloonStyle>
		</Style>
	</gx:CascadingStyle>
	<gx:CascadingStyle kml:id="__managed_style_09D68454A040DE0EFC8C_normal">
		<Style>
			<IconStyle>
				<Icon>
					<href>https://earth.google.com/earth/document/icon?color=7b1fa2&amp;id=2349&amp;scale=4</href>
				</Icon>
				<hotSpot x="64" y="128" xunits="pixels" yunits="insetPixels"/>
			</IconStyle>
			<LabelStyle>
				<scale>0</scale>
			</LabelStyle>
			<LineStyle>
				<color>ff2dc0fb</color>
				<width>3.2</width>
			</LineStyle>
			<PolyStyle>
				<color>40ffffff</color>
			</PolyStyle>
			<BalloonStyle>
				<gx:displayMode>card</gx:displayMode>
			</BalloonStyle>
		</Style>
	</gx:CascadingStyle>
	<StyleMap id="__managed_style_0C9739B8E640DE0EFC93">
		<Pair>
			<key>normal</key>
			<styleUrl>#__managed_style_0C9739B8E640DE0EFC93_normal</styleUrl>
		</Pair>
		<Pair>
			<key>highlight</key>
			<styleUrl>#__managed_style_0C9739B8E640DE0EFC93_highlight</styleUrl>
		</Pair>
	</StyleMap>
	<gx:CascadingStyle kml:id="__managed_style_32A1235CE540DE0EFC8C_highlight">
		<Style>
			<IconStyle>
				<scale>1.2</scale>
				<Icon>
					<href>https://earth.google.com/earth/document/icon?color=7b1fa2&amp;id=2146&amp;scale=4</href>
				</Icon>
				<hotSpot x="64" y="128" xunits="pixels" yunits="insetPixels"/>
			</IconStyle>
			<LabelStyle>
				<scale>0</scale>
			</LabelStyle>
			<LineStyle>
				<color>ff2dc0fb</color>
				<width>4.8</width>
			</LineStyle>
			<PolyStyle>
				<color>40ffffff</color>
			</PolyStyle>
			<BalloonStyle>
				<gx:displayMode>card</gx:displayMode>
			</BalloonStyle>
		</Style>
	</gx:CascadingStyle>
	<gx:CascadingStyle kml:id="__managed_style_38E8C8C80F40DE0EFC90_highlight">
		<Style>
			<IconStyle>
				<scale>1.2</scale>
				<Icon>
					<href>https://earth.google.com/earth/document/icon?color=7b1fa2&amp;id=2328&amp;scale=4</href>
				</Icon>
				<hotSpot x="64" y="128" xunits="pixels" yunits="insetPixels"/>
			</IconStyle>
			<LabelStyle>
				<scale>0</scale>
			</LabelStyle>
			<LineStyle>
				<color>ff2dc0fb</color>
				<width>4.8</width>
			</LineStyle>
			<PolyStyle>
				<color>40ffffff</color>
			</PolyStyle>
			<BalloonStyle>
				<gx:displayMode>card</gx:displayMode>
			</BalloonStyle>
		</Style>
	</gx:CascadingStyle>
	<gx:CascadingStyle kml:id="__managed_style_07C7A58B9540DE0EFC88_highlight">
		<Style>
			<IconStyle>
				<scale>1.2</scale>
				<Icon>
					<href>https://earth.google.com/earth/document/icon?color=1976d2&amp;id=2000&amp;scale=4</href>
				</Icon>
				<hotSpot x="64" y="128" xunits="pixels" yunits="insetPixels"/>
			</IconStyle>
			<LabelStyle>
				<scale>0</scale>
			</LabelStyle>
			<LineStyle>
				<color>ff2dc0fb</color>
				<width>4.8</width>
			</LineStyle>
			<PolyStyle>
				<color>40ffffff</color>
			</PolyStyle>
			<BalloonStyle>
			</BalloonStyle>
		</Style>
	</gx:CascadingStyle>
	<gx:CascadingStyle kml:id="__managed_style_1B69B116BF40DE0EFC89_normal">
		<Style>
			<IconStyle>
				<Icon>
					<href>https://earth.google.com/earth/document/icon?color=7b1fa2&amp;id=2232&amp;scale=4</href>
				</Icon>
				<hotSpot x="64" y="128" xunits="pixels" yunits="insetPixels"/>
			</IconStyle>
			<LabelStyle>
				<scale>0</scale>
			</LabelStyle>
			<LineStyle>
				<color>ff2dc0fb</color>
				<width>3.2</width>
			</LineStyle>
			<PolyStyle>
				<color>40ffffff</color>
			</PolyStyle>
			<BalloonStyle>
				<gx:displayMode>card</gx:displayMode>
			</BalloonStyle>
		</Style>
	</gx:CascadingStyle>
	<gx:CascadingStyle kml:id="__managed_style_220B9B996640DE0EFC90_highlight">
		<Style>
			<IconStyle>
				<scale>1.2</scale>
				<Icon>
					<href>https://earth.google.com/earth/document/icon?color=1976d2&amp;id=2000&amp;scale=4</href>
				</Icon>
				<hotSpot x="64" y="128" xunits="pixels" yunits="insetPixels"/>
			</IconStyle>
			<LabelStyle>
				<scale>0</scale>
			</LabelStyle>
			<LineStyle>
				<color>ffa21f7b</color>
				<width>4.8</width>
			</LineStyle>
			<PolyStyle>
				<color>40a21f7b</color>
			</PolyStyle>
			<BalloonStyle>
			</BalloonStyle>
		</Style>
	</gx:CascadingStyle>
	<gx:CascadingStyle kml:id="__managed_style_21D3A4EA2740DE0EFC88_highlight">
		<Style>
			<IconStyle>
				<scale>1.8</scale>
				<Icon>
					<href>https://earth.google.com/earth/document/icon?color=388e3c&amp;id=2370&amp;scale=4</href>
				</Icon>
				<hotSpot x="64" y="128" xunits="pixels" yunits="insetPixels"/>
			</IconStyle>
			<LabelStyle>
				<scale>0</scale>
			</LabelStyle>
			<LineStyle>
				<color>ff2dc0fb</color>
				<width>4.8</width>
			</LineStyle>
			<PolyStyle>
				<color>40ffffff</color>
			</PolyStyle>
			<BalloonStyle>
				<gx:displayMode>card</gx:displayMode>
			</BalloonStyle>
		</Style>
	</gx:CascadingStyle>
	<gx:CascadingStyle kml:id="__managed_style_22B94F142640DE0EFC8F_highlight">
		<Style>
			<IconStyle>
				<scale>1.2</scale>
				<Icon>
					<href>https://earth.google.com/earth/document/icon?color=1976d2&amp;id=2000&amp;scale=4</href>
				</Icon>
				<hotSpot x="64" y="128" xunits="pixels" yunits="insetPixels"/>
			</IconStyle>
			<LabelStyle>
				<scale>0</scale>
			</LabelStyle>
			<LineStyle>
				<color>ff3c8e38</color>
				<width>4.8</width>
			</LineStyle>
			<PolyStyle>
				<color>40ffffff</color>
			</PolyStyle>
			<BalloonStyle>
			</BalloonStyle>
		</Style>
	</gx:CascadingStyle>
	<gx:CascadingStyle kml:id="__managed_style_1C7503F1D240DE0EFC94_normal">
		<Style>
			<IconStyle>
				<Icon>
					<href>https://earth.google.com/earth/document/icon?color=7b1fa2&amp;id=2097&amp;scale=4</href>
				</Icon>
				<hotSpot x="64" y="128" xunits="pixels" yunits="insetPixels"/>
			</IconStyle>
			<LabelStyle>
				<scale>0</scale>
			</LabelStyle>
			<LineStyle>
				<color>ff2dc0fb</color>
				<width>3.2</width>
			</LineStyle>
			<PolyStyle>
				<color>40ffffff</color>
			</PolyStyle>
			<BalloonStyle>
				<gx:displayMode>card</gx:displayMode>
			</BalloonStyle>
		</Style>
	</gx:CascadingStyle>
	<gx:CascadingStyle kml:id="__managed_style_38E8C8C80F40DE0EFC90_normal">
		<Style>
			<IconStyle>
				<Icon>
					<href>https://earth.google.com/earth/document/icon?color=7b1fa2&amp;id=2328&amp;scale=4</href>
				</Icon>
				<hotSpot x="64" y="128" xunits="pixels" yunits="insetPixels"/>
			</IconStyle>
			<LabelStyle>
				<scale>0</scale>
			</LabelStyle>
			<LineStyle>
				<color>ff2dc0fb</color>
				<width>3.2</width>
			</LineStyle>
			<PolyStyle>
				<color>40ffffff</color>
			</PolyStyle>
			<BalloonStyle>
				<gx:displayMode>card</gx:displayMode>
			</BalloonStyle>
		</Style>
	</gx:CascadingStyle>
	<gx:CascadingStyle kml:id="__managed_style_21D3A4EA2740DE0EFC88_normal">
		<Style>
			<IconStyle>
				<scale>1.5</scale>
				<Icon>
					<href>https://earth.google.com/earth/document/icon?color=388e3c&amp;id=2370&amp;scale=4</href>
				</Icon>
				<hotSpot x="64" y="128" xunits="pixels" yunits="insetPixels"/>
			</IconStyle>
			<LabelStyle>
				<scale>0</scale>
			</LabelStyle>
			<LineStyle>
				<color>ff2dc0fb</color>
				<width>3.2</width>
			</LineStyle>
			<PolyStyle>
				<color>40ffffff</color>
			</PolyStyle>
			<BalloonStyle>
				<gx:displayMode>card</gx:displayMode>
			</BalloonStyle>
		</Style>
	</gx:CascadingStyle>
	<gx:CascadingStyle kml:id="__managed_style_40A616872E40DE0EFC88_highlight">
		<Style>
			<IconStyle>
				<scale>1.2</scale>
				<Icon>
					<href>https://earth.google.com/earth/document/icon?color=388e3c&amp;id=2370&amp;scale=4</href>
				</Icon>
				<hotSpot x="64" y="128" xunits="pixels" yunits="insetPixels"/>
			</IconStyle>
			<LabelStyle>
				<scale>0</scale>
			</LabelStyle>
			<LineStyle>
				<color>ff2dc0fb</color>
				<width>4.8</width>
			</LineStyle>
			<PolyStyle>
				<color>40ffffff</color>
			</PolyStyle>
			<BalloonStyle>
				<gx:displayMode>card</gx:displayMode>
			</BalloonStyle>
		</Style>
	</gx:CascadingStyle>
	<gx:CascadingStyle kml:id="__managed_style_2D5D24AB8140DE0EFC93_normal">
		<Style>
			<IconStyle>
				<Icon>
					<href>https://earth.google.com/earth/document/icon?color=303f9f&amp;id=2130&amp;scale=4</href>
				</Icon>
				<hotSpot x="64" y="128" xunits="pixels" yunits="insetPixels"/>
			</IconStyle>
			<LabelStyle>
				<scale>0</scale>
			</LabelStyle>
			<LineStyle>
				<color>ff2dc0fb</color>
				<width>3.2</width>
			</LineStyle>
			<PolyStyle>
				<color>40ffffff</color>
			</PolyStyle>
			<BalloonStyle>
				<gx:displayMode>card</gx:displayMode>
			</BalloonStyle>
		</Style>
	</gx:CascadingStyle>
	<gx:CascadingStyle kml:id="__managed_style_220B9B996640DE0EFC90_normal">
		<Style>
			<IconStyle>
				<Icon>
					<href>https://earth.google.com/earth/document/icon?color=1976d2&amp;id=2000&amp;scale=4</href>
				</Icon>
				<hotSpot x="64" y="128" xunits="pixels" yunits="insetPixels"/>
			</IconStyle>
			<LabelStyle>
				<scale>0</scale>
			</LabelStyle>
			<LineStyle>
				<color>ffa21f7b</color>
				<width>3.2</width>
			</LineStyle>
			<PolyStyle>
				<color>40a21f7b</color>
			</PolyStyle>
			<BalloonStyle>
			</BalloonStyle>
		</Style>
	</gx:CascadingStyle>
	<gx:CascadingStyle kml:id="__managed_style_19F95638B640DE0EFC88_normal">
		<Style>
			<IconStyle>
				<Icon>
					<href>https://earth.google.com/earth/document/icon?color=7b1fa2&amp;id=2156&amp;scale=4</href>
				</Icon>
				<hotSpot x="64" y="128" xunits="pixels" yunits="insetPixels"/>
			</IconStyle>
			<LabelStyle>
				<scale>0</scale>
			</LabelStyle>
			<LineStyle>
				<color>ff2dc0fb</color>
				<width>3.2</width>
			</LineStyle>
			<PolyStyle>
				<color>40ffffff</color>
			</PolyStyle>
			<BalloonStyle>
				<gx:displayMode>card</gx:displayMode>
			</BalloonStyle>
		</Style>
	</gx:CascadingStyle>
	<StyleMap id="__managed_style_2072F2C1A440DE0EFC91">
		<Pair>
			<key>normal</key>
			<styleUrl>#__managed_style_2072F2C1A440DE0EFC91_normal</styleUrl>
		</Pair>
		<Pair>
			<key>highlight</key>
			<styleUrl>#__managed_style_2072F2C1A440DE0EFC91_highlight</styleUrl>
		</Pair>
	</StyleMap>
	<StyleMap id="__managed_style_38E8C8C80F40DE0EFC90">
		<Pair>
			<key>normal</key>
			<styleUrl>#__managed_style_38E8C8C80F40DE0EFC90_normal</styleUrl>
		</Pair>
		<Pair>
			<key>highlight</key>
			<styleUrl>#__managed_style_38E8C8C80F40DE0EFC90_highlight</styleUrl>
		</Pair>
	</StyleMap>
	<StyleMap id="__managed_style_1C7503F1D240DE0EFC94">
		<Pair>
			<key>normal</key>
			<styleUrl>#__managed_style_1C7503F1D240DE0EFC94_normal</styleUrl>
		</Pair>
		<Pair>
			<key>highlight</key>
			<styleUrl>#__managed_style_1C7503F1D240DE0EFC94_highlight</styleUrl>
		</Pair>
	</StyleMap>
	<gx:CascadingStyle kml:id="__managed_style_0BA50C6DE840DE0EFC94_normal">
		<Style>
			<IconStyle>
				<Icon>
					<href>https://earth.google.com/earth/document/icon?color=1976d2&amp;id=2000&amp;scale=4</href>
				</Icon>
				<hotSpot x="64" y="128" xunits="pixels" yunits="insetPixels"/>
			</IconStyle>
			<LabelStyle>
				<scale>0</scale>
			</LabelStyle>
			<LineStyle>
				<color>ff9f3f30</color>
				<width>3.2</width>
			</LineStyle>
			<PolyStyle>
				<color>409f3f30</color>
			</PolyStyle>
			<BalloonStyle>
			</BalloonStyle>
		</Style>
	</gx:CascadingStyle>
	<gx:CascadingStyle kml:id="__managed_style_1BA304D67240DE0EFC93_normal">
		<Style>
			<IconStyle>
				<Icon>
					<href>https://earth.google.com/earth/document/icon?color=7b1fa2&amp;id=2016&amp;scale=4</href>
				</Icon>
				<hotSpot x="64" y="128" xunits="pixels" yunits="insetPixels"/>
			</IconStyle>
			<LabelStyle>
				<scale>0</scale>
			</LabelStyle>
			<LineStyle>
				<color>ff2dc0fb</color>
				<width>3.2</width>
			</LineStyle>
			<PolyStyle>
				<color>40ffffff</color>
			</PolyStyle>
			<BalloonStyle>
				<gx:displayMode>card</gx:displayMode>
			</BalloonStyle>
		</Style>
	</gx:CascadingStyle>
	<StyleMap id="__managed_style_002ADBCD2140DE0EFC8F">
		<Pair>
			<key>normal</key>
			<styleUrl>#__managed_style_002ADBCD2140DE0EFC8F_normal</styleUrl>
		</Pair>
		<Pair>
			<key>highlight</key>
			<styleUrl>#__managed_style_002ADBCD2140DE0EFC8F_highlight</styleUrl>
		</Pair>
	</StyleMap>
	<gx:CascadingStyle kml:id="__managed_style_0C9739B8E640DE0EFC93_normal">
		<Style>
			<IconStyle>
				<Icon>
					<href>https://earth.google.com/earth/document/icon?color=1976d2&amp;id=2000&amp;scale=4</href>
				</Icon>
				<hotSpot x="64" y="128" xunits="pixels" yunits="insetPixels"/>
			</IconStyle>
			<LabelStyle>
				<scale>0</scale>
			</LabelStyle>
			<LineStyle>
				<color>ffa21f7b</color>
				<width>3.2</width>
			</LineStyle>
			<PolyStyle>
				<color>40ffffff</color>
			</PolyStyle>
			<BalloonStyle>
			</BalloonStyle>
		</Style>
	</gx:CascadingStyle>
	<gx:CascadingStyle kml:id="__managed_style_0FAD26B0D940DE0EFC8E_normal">
		<Style>
			<IconStyle>
				<Icon>
					<href>https://earth.google.com/earth/document/icon?color=388e3c&amp;id=2385&amp;scale=4</href>
				</Icon>
				<hotSpot x="64" y="128" xunits="pixels" yunits="insetPixels"/>
			</IconStyle>
			<LabelStyle>
				<scale>0</scale>
			</LabelStyle>
			<LineStyle>
				<color>ff2dc0fb</color>
				<width>3.2</width>
			</LineStyle>
			<PolyStyle>
				<color>40ffffff</color>
			</PolyStyle>
			<BalloonStyle>
				<gx:displayMode>card</gx:displayMode>
			</BalloonStyle>
		</Style>
	</gx:CascadingStyle>
	<StyleMap id="__managed_style_07C7A58B9540DE0EFC88">
		<Pair>
			<key>normal</key>
			<styleUrl>#__managed_style_07C7A58B9540DE0EFC88_normal</styleUrl>
		</Pair>
		<Pair>
			<key>highlight</key>
			<styleUrl>#__managed_style_07C7A58B9540DE0EFC88_highlight</styleUrl>
		</Pair>
	</StyleMap>
	<StyleMap id="__managed_style_355430D50F40DE0EFC94">
		<Pair>
			<key>normal</key>
			<styleUrl>#__managed_style_355430D50F40DE0EFC94_normal</styleUrl>
		</Pair>
		<Pair>
			<key>highlight</key>
			<styleUrl>#__managed_style_355430D50F40DE0EFC94_highlight</styleUrl>
		</Pair>
	</StyleMap>
	<StyleMap id="__managed_style_18861A5F5140DE0EFC8B">
		<Pair>
			<key>normal</key>
			<styleUrl>#__managed_style_18861A5F5140DE0EFC8B_normal</styleUrl>
		</Pair>
		<Pair>
			<key>highlight</key>
			<styleUrl>#__managed_style_18861A5F5140DE0EFC8B_highlight</styleUrl>
		</Pair>
	</StyleMap>
	<StyleMap id="__managed_style_2D5D24AB8140DE0EFC93">
		<Pair>
			<key>normal</key>
			<styleUrl>#__managed_style_2D5D24AB8140DE0EFC93_normal</styleUrl>
		</Pair>
		<Pair>
			<key>highlight</key>
			<styleUrl>#__managed_style_2D5D24AB8140DE0EFC93_highlight</styleUrl>
		</Pair>
	</StyleMap>
	<gx:CascadingStyle kml:id="__managed_style_0F2854253540DE0EFC89_normal">
		<Style>
			<IconStyle>
				<Icon>
					<href>https://earth.google.com/earth/document/icon?color=1976d2&amp;id=2074&amp;scale=4</href>
				</Icon>
				<hotSpot x="64" y="128" xunits="pixels" yunits="insetPixels"/>
			</IconStyle>
			<LabelStyle>
				<scale>0</scale>
			</LabelStyle>
			<LineStyle>
				<color>ff2dc0fb</color>
				<width>3.2</width>
			</LineStyle>
			<PolyStyle>
				<color>40ffffff</color>
			</PolyStyle>
			<BalloonStyle>
			</BalloonStyle>
		</Style>
	</gx:CascadingStyle>
	<gx:CascadingStyle kml:id="__managed_style_0C9739B8E640DE0EFC93_highlight">
		<Style>
			<IconStyle>
				<scale>1.2</scale>
				<Icon>
					<href>https://earth.google.com/earth/document/icon?color=1976d2&amp;id=2000&amp;scale=4</href>
				</Icon>
				<hotSpot x="64" y="128" xunits="pixels" yunits="insetPixels"/>
			</IconStyle>
			<LabelStyle>
				<scale>0</scale>
			</LabelStyle>
			<LineStyle>
				<color>ffa21f7b</color>
				<width>4.8</width>
			</LineStyle>
			<PolyStyle>
				<color>40ffffff</color>
			</PolyStyle>
			<BalloonStyle>
			</BalloonStyle>
		</Style>
	</gx:CascadingStyle>
	<gx:CascadingStyle kml:id="__managed_style_07C7A58B9540DE0EFC88_normal">
		<Style>
			<IconStyle>
				<Icon>
					<href>https://earth.google.com/earth/document/icon?color=1976d2&amp;id=2000&amp;scale=4</href>
				</Icon>
				<hotSpot x="64" y="128" xunits="pixels" yunits="insetPixels"/>
			</IconStyle>
			<LabelStyle>
				<scale>0</scale>
			</LabelStyle>
			<LineStyle>
				<color>ff2dc0fb</color>
				<width>3.2</width>
			</LineStyle>
			<PolyStyle>
				<color>40ffffff</color>
			</PolyStyle>
			<BalloonStyle>
			</BalloonStyle>
		</Style>
	</gx:CascadingStyle>
	<gx:CascadingStyle kml:id="__managed_style_165227905A40DE0EFC8E_highlight">
		<Style>
			<IconStyle>
				<scale>1.2</scale>
				<Icon>
					<href>https://earth.google.com/earth/document/icon?color=303f9f&amp;id=2006&amp;scale=4</href>
				</Icon>
				<hotSpot x="64" y="128" xunits="pixels" yunits="insetPixels"/>
			</IconStyle>
			<LabelStyle>
				<scale>0</scale>
			</LabelStyle>
			<LineStyle>
				<color>ff2dc0fb</color>
				<width>4.8</width>
			</LineStyle>
			<PolyStyle>
				<color>40ffffff</color>
			</PolyStyle>
			<BalloonStyle>
				<gx:displayMode>card</gx:displayMode>
			</BalloonStyle>
		</Style>
	</gx:CascadingStyle>
	<gx:CascadingStyle kml:id="__managed_style_09D68454A040DE0EFC8C_highlight">
		<Style>
			<IconStyle>
				<scale>1.2</scale>
				<Icon>
					<href>https://earth.google.com/earth/document/icon?color=7b1fa2&amp;id=2349&amp;scale=4</href>
				</Icon>
				<hotSpot x="64" y="128" xunits="pixels" yunits="insetPixels"/>
			</IconStyle>
			<LabelStyle>
				<scale>0</scale>
			</LabelStyle>
			<LineStyle>
				<color>ff2dc0fb</color>
				<width>4.8</width>
			</LineStyle>
			<PolyStyle>
				<color>40ffffff</color>
			</PolyStyle>
			<BalloonStyle>
				<gx:displayMode>card</gx:displayMode>
			</BalloonStyle>
		</Style>
	</gx:CascadingStyle>
	<gx:CascadingStyle kml:id="__managed_style_18861A5F5140DE0EFC8B_normal">
		<Style>
			<IconStyle>
				<Icon>
					<href>https://earth.google.com/earth/document/icon?color=7b1fa2&amp;id=2311&amp;scale=4</href>
				</Icon>
				<hotSpot x="64" y="128" xunits="pixels" yunits="insetPixels"/>
			</IconStyle>
			<LabelStyle>
				<scale>0</scale>
			</LabelStyle>
			<LineStyle>
				<color>ff2dc0fb</color>
				<width>3.2</width>
			</LineStyle>
			<PolyStyle>
				<color>40ffffff</color>
			</PolyStyle>
			<BalloonStyle>
				<gx:displayMode>card</gx:displayMode>
			</BalloonStyle>
		</Style>
	</gx:CascadingStyle>
	<StyleMap id="__managed_style_09D68454A040DE0EFC8C">
		<Pair>
			<key>normal</key>
			<styleUrl>#__managed_style_09D68454A040DE0EFC8C_normal</styleUrl>
		</Pair>
		<Pair>
			<key>highlight</key>
			<styleUrl>#__managed_style_09D68454A040DE0EFC8C_highlight</styleUrl>
		</Pair>
	</StyleMap>
	<gx:CascadingStyle kml:id="__managed_style_002ADBCD2140DE0EFC8F_normal">
		<Style>
			<IconStyle>
				<Icon>
					<href>https://earth.google.com/earth/document/icon?color=303f9f&amp;id=2034&amp;scale=4</href>
				</Icon>
				<hotSpot x="64" y="128" xunits="pixels" yunits="insetPixels"/>
			</IconStyle>
			<LabelStyle>
				<scale>0</scale>
			</LabelStyle>
			<LineStyle>
				<color>ff2dc0fb</color>
				<width>3.2</width>
			</LineStyle>
			<PolyStyle>
				<color>40ffffff</color>
			</PolyStyle>
			<BalloonStyle>
				<gx:displayMode>card</gx:displayMode>
			</BalloonStyle>
		</Style>
	</gx:CascadingStyle>
	<StyleMap id="__managed_style_1B69B116BF40DE0EFC89">
		<Pair>
			<key>normal</key>
			<styleUrl>#__managed_style_1B69B116BF40DE0EFC89_normal</styleUrl>
		</Pair>
		<Pair>
			<key>highlight</key>
			<styleUrl>#__managed_style_1B69B116BF40DE0EFC89_highlight</styleUrl>
		</Pair>
	</StyleMap>
	<gx:CascadingStyle kml:id="__managed_style_1F62974FC240DE0EFC8C_normal">
		<Style>
			<IconStyle>
				<Icon>
					<href>https://earth.google.com/earth/document/icon?color=f57c00&amp;id=2056&amp;scale=4</href>
				</Icon>
				<hotSpot x="64" y="128" xunits="pixels" yunits="insetPixels"/>
			</IconStyle>
			<LabelStyle>
				<scale>0</scale>
			</LabelStyle>
			<LineStyle>
				<color>ff2dc0fb</color>
				<width>3.2</width>
			</LineStyle>
			<PolyStyle>
				<color>40ffffff</color>
			</PolyStyle>
			<BalloonStyle>
				<gx:displayMode>card</gx:displayMode>
			</BalloonStyle>
		</Style>
	</gx:CascadingStyle>
	<StyleMap id="__managed_style_165227905A40DE0EFC8E">
		<Pair>
			<key>normal</key>
			<styleUrl>#__managed_style_165227905A40DE0EFC8E_normal</styleUrl>
		</Pair>
		<Pair>
			<key>highlight</key>
			<styleUrl>#__managed_style_165227905A40DE0EFC8E_highlight</styleUrl>
		</Pair>
	</StyleMap>
	<StyleMap id="__managed_style_1E14E45FBC40DE0EFC90">
		<Pair>
			<key>normal</key>
			<styleUrl>#__managed_style_1E14E45FBC40DE0EFC90_normal</styleUrl>
		</Pair>
		<Pair>
			<key>highlight</key>
			<styleUrl>#__managed_style_1E14E45FBC40DE0EFC90_highlight</styleUrl>
		</Pair>
	</StyleMap>
	<gx:CascadingStyle kml:id="__managed_style_40A616872E40DE0EFC88_normal">
		<Style>
			<IconStyle>
				<Icon>
					<href>https://earth.google.com/earth/document/icon?color=388e3c&amp;id=2370&amp;scale=4</href>
				</Icon>
				<hotSpot x="64" y="128" xunits="pixels" yunits="insetPixels"/>
			</IconStyle>
			<LabelStyle>
				<scale>0</scale>
			</LabelStyle>
			<LineStyle>
				<color>ff2dc0fb</color>
				<width>3.2</width>
			</LineStyle>
			<PolyStyle>
				<color>40ffffff</color>
			</PolyStyle>
			<BalloonStyle>
				<gx:displayMode>card</gx:displayMode>
			</BalloonStyle>
		</Style>
	</gx:CascadingStyle>
	<gx:CascadingStyle kml:id="__managed_style_3B6EEBC84940DE0EFC88_highlight">
		<Style>
			<IconStyle>
				<scale>1.2</scale>
				<Icon>
					<href>https://earth.google.com/earth/document/icon?color=7b1fa2&amp;id=2006&amp;scale=4</href>
				</Icon>
				<hotSpot x="64" y="128" xunits="pixels" yunits="insetPixels"/>
			</IconStyle>
			<LabelStyle>
				<scale>0</scale>
			</LabelStyle>
			<LineStyle>
				<color>ff2dc0fb</color>
				<width>4.8</width>
			</LineStyle>
			<PolyStyle>
				<color>40ffffff</color>
			</PolyStyle>
			<BalloonStyle>
				<gx:displayMode>card</gx:displayMode>
			</BalloonStyle>
		</Style>
	</gx:CascadingStyle>
	<StyleMap id="__managed_style_21D3A4EA2740DE0EFC88">
		<Pair>
			<key>normal</key>
			<styleUrl>#__managed_style_21D3A4EA2740DE0EFC88_normal</styleUrl>
		</Pair>
		<Pair>
			<key>highlight</key>
			<styleUrl>#__managed_style_21D3A4EA2740DE0EFC88_highlight</styleUrl>
		</Pair>
	</StyleMap>
	<StyleMap id="__managed_style_3B6EEBC84940DE0EFC88">
		<Pair>
			<key>normal</key>
			<styleUrl>#__managed_style_3B6EEBC84940DE0EFC88_normal</styleUrl>
		</Pair>
		<Pair>
			<key>highlight</key>
			<styleUrl>#__managed_style_3B6EEBC84940DE0EFC88_highlight</styleUrl>
		</Pair>
	</StyleMap>
	<gx:CascadingStyle kml:id="__managed_style_1F62974FC240DE0EFC8C_highlight">
		<Style>
			<IconStyle>
				<scale>1.2</scale>
				<Icon>
					<href>https://earth.google.com/earth/document/icon?color=f57c00&amp;id=2056&amp;scale=4</href>
				</Icon>
				<hotSpot x="64" y="128" xunits="pixels" yunits="insetPixels"/>
			</IconStyle>
			<LabelStyle>
				<scale>0</scale>
			</LabelStyle>
			<LineStyle>
				<color>ff2dc0fb</color>
				<width>4.8</width>
			</LineStyle>
			<PolyStyle>
				<color>40ffffff</color>
			</PolyStyle>
			<BalloonStyle>
				<gx:displayMode>card</gx:displayMode>
			</BalloonStyle>
		</Style>
	</gx:CascadingStyle>
	<gx:CascadingStyle kml:id="__managed_style_3B6EEBC84940DE0EFC88_normal">
		<Style>
			<IconStyle>
				<Icon>
					<href>https://earth.google.com/earth/document/icon?color=7b1fa2&amp;id=2006&amp;scale=4</href>
				</Icon>
				<hotSpot x="64" y="128" xunits="pixels" yunits="insetPixels"/>
			</IconStyle>
			<LabelStyle>
				<scale>0</scale>
			</LabelStyle>
			<LineStyle>
				<color>ff2dc0fb</color>
				<width>3.2</width>
			</LineStyle>
			<PolyStyle>
				<color>40ffffff</color>
			</PolyStyle>
			<BalloonStyle>
				<gx:displayMode>card</gx:displayMode>
			</BalloonStyle>
		</Style>
	</gx:CascadingStyle>
	<gx:CascadingStyle kml:id="__managed_style_1E14E45FBC40DE0EFC90_normal">
		<Style>
			<IconStyle>
				<Icon>
					<href>https://earth.google.com/earth/document/icon?color=7b1fa2&amp;id=2011&amp;scale=4</href>
				</Icon>
				<hotSpot x="64" y="128" xunits="pixels" yunits="insetPixels"/>
			</IconStyle>
			<LabelStyle>
				<scale>0</scale>
			</LabelStyle>
			<LineStyle>
				<color>ff2dc0fb</color>
				<width>3.2</width>
			</LineStyle>
			<PolyStyle>
				<color>40ffffff</color>
			</PolyStyle>
			<BalloonStyle>
				<gx:displayMode>card</gx:displayMode>
			</BalloonStyle>
		</Style>
	</gx:CascadingStyle>
	<StyleMap id="__managed_style_1BA304D67240DE0EFC93">
		<Pair>
			<key>normal</key>
			<styleUrl>#__managed_style_1BA304D67240DE0EFC93_normal</styleUrl>
		</Pair>
		<Pair>
			<key>highlight</key>
			<styleUrl>#__managed_style_1BA304D67240DE0EFC93_highlight</styleUrl>
		</Pair>
	</StyleMap>
	<StyleMap id="__managed_style_22B94F142640DE0EFC8F">
		<Pair>
			<key>normal</key>
			<styleUrl>#__managed_style_22B94F142640DE0EFC8F_normal</styleUrl>
		</Pair>
		<Pair>
			<key>highlight</key>
			<styleUrl>#__managed_style_22B94F142640DE0EFC8F_highlight</styleUrl>
		</Pair>
	</StyleMap>
	<gx:CascadingStyle kml:id="__managed_style_165227905A40DE0EFC8E_normal">
		<Style>
			<IconStyle>
				<Icon>
					<href>https://earth.google.com/earth/document/icon?color=303f9f&amp;id=2006&amp;scale=4</href>
				</Icon>
				<hotSpot x="64" y="128" xunits="pixels" yunits="insetPixels"/>
			</IconStyle>
			<LabelStyle>
				<scale>0</scale>
			</LabelStyle>
			<LineStyle>
				<color>ff2dc0fb</color>
				<width>3.2</width>
			</LineStyle>
			<PolyStyle>
				<color>40ffffff</color>
			</PolyStyle>
			<BalloonStyle>
				<gx:displayMode>card</gx:displayMode>
			</BalloonStyle>
		</Style>
	</gx:CascadingStyle>
	<Folder id="05FF364F783C942E6550">
		<name>פנום פן</name>
		<styleUrl>#__managed_style_015F6CFDAB40DE0EFC90</styleUrl>
		<Folder id="06885E8EC83C9A7111F1">
			<name>אטרקציות כללי</name>
			<styleUrl>#__managed_style_015F6CFDAB40DE0EFC90</styleUrl>
			<Placemark id="0883F85DC73C942AC62B">
				<gx:mid>/g/11k3mcsn54</gx:mid>
				<gx:fid>0x3109512ca41d4455:0x92c5c2943fd50d48</gx:fid>
				<LookAt>
					<longitude>104.921002</longitude>
					<latitude>11.5695634</latitude>
					<altitude>0</altitude>
					<heading>0</heading>
					<tilt>0</tilt>
					<gx:fovy>35</gx:fovy>
					<range>1032.554192576878</range>
					<altitudeMode>relativeToGround</altitudeMode>
				</LookAt>
				<styleUrl>#__managed_style_18861A5F5140DE0EFC8B</styleUrl>
				<Point>
					<altitudeMode>relativeToGround</altitudeMode>
					<coordinates>104.921002,11.5695634,0</coordinates>
				</Point>
			</Placemark>
			<Placemark id="095488C3B83C942B131F">
				<gx:mid>/m/085f_0</gx:mid>
				<gx:fid>0x3109513dc76a6be3:0xf8f1809319cea6df</gx:fid>
				<LookAt>
					<longitude>104.9312521</longitude>
					<latitude>11.563877</latitude>
					<altitude>0</altitude>
					<heading>0</heading>
					<tilt>0</tilt>
					<gx:fovy>35</gx:fovy>
					<range>1032.577635712897</range>
					<altitudeMode>relativeToGround</altitudeMode>
				</LookAt>
				<styleUrl>#__managed_style_3B6EEBC84940DE0EFC88</styleUrl>
				<Point>
					<altitudeMode>relativeToGround</altitudeMode>
					<coordinates>104.9312521,11.563877,0</coordinates>
				</Point>
			</Placemark>
			<Placemark id="0A1067AA403C942E2B0C">
				<gx:mid>/m/03415x</gx:mid>
				<gx:fid>0x31094fd553400b85:0xd5336e32f60085ec</gx:fid>
				<LookAt>
					<longitude>104.8449862</longitude>
					<latitude>11.5525123</latitude>
					<altitude>0</altitude>
					<heading>0</heading>
					<tilt>0</tilt>
					<gx:fovy>35</gx:fovy>
					<range>1032.624454827275</range>
					<altitudeMode>relativeToGround</altitudeMode>
				</LookAt>
				<styleUrl>#__managed_style_1E14E45FBC40DE0EFC90</styleUrl>
				<Point>
					<altitudeMode>relativeToGround</altitudeMode>
					<coordinates>104.8449862,11.5525123,0</coordinates>
				</Point>
			</Placemark>
			<Placemark id="0A065262BF3C94310880">
				<gx:mid>/g/1tj9qt58</gx:mid>
				<gx:fid>0x3109514f87f40af5:0x3bb83921dbed49e4</gx:fid>
				<LookAt>
					<longitude>104.9271937</longitude>
					<latitude>11.5740451</latitude>
					<altitude>0</altitude>
					<heading>0</heading>
					<tilt>0</tilt>
					<gx:fovy>35</gx:fovy>
					<range>1032.535708078521</range>
					<altitudeMode>relativeToGround</altitudeMode>
				</LookAt>
				<styleUrl>#__managed_style_165227905A40DE0EFC8E</styleUrl>
				<Point>
					<altitudeMode>relativeToGround</altitudeMode>
					<coordinates>104.9271937,11.5740451,0</coordinates>
				</Point>
			</Placemark>
			<Placemark id="0E9CFADAB83C94322534">
				<gx:mid>/m/0cbww1</gx:mid>
				<gx:fid>0x3109513dc76a6be3:0xeac5420f72706db0</gx:fid>
				<LookAt>
					<longitude>104.9282037</longitude>
					<latitude>11.5564344</latitude>
					<altitude>0</altitude>
					<heading>0</heading>
					<tilt>0</tilt>
					<gx:fovy>35</gx:fovy>
					<range>1032.608302052044</range>
					<altitudeMode>relativeToGround</altitudeMode>
				</LookAt>
				<styleUrl>#__managed_style_3B6EEBC84940DE0EFC88</styleUrl>
				<Point>
					<altitudeMode>relativeToGround</altitudeMode>
					<coordinates>104.9282593331605,11.5564520355037,0</coordinates>
				</Point>
			</Placemark>
			<Placemark id="06104675643C94331156">
				<gx:mid>/m/02pjmts</gx:mid>
				<gx:fid>0x31095144cbdbf311:0x2588e1ac1787eb64</gx:fid>
				<LookAt>
					<longitude>104.9230936</longitude>
					<latitude>11.5761478</latitude>
					<altitude>0</altitude>
					<heading>0</heading>
					<tilt>0</tilt>
					<gx:fovy>35</gx:fovy>
					<range>1032.527033208418</range>
					<altitudeMode>relativeToGround</altitudeMode>
				</LookAt>
				<styleUrl>#__managed_style_09D68454A040DE0EFC8C</styleUrl>
				<Point>
					<altitudeMode>relativeToGround</altitudeMode>
					<coordinates>104.9230936,11.5761478,0</coordinates>
				</Point>
			</Placemark>
			<Placemark id="0EE3B892FC3C9433BE30">
				<gx:mid>/m/026462</gx:mid>
				<gx:fid>0x3109512225dec8c3:0x13d2255f6e2fd8a7</gx:fid>
				<LookAt>
					<longitude>104.9176751</longitude>
					<latitude>11.548851</latitude>
					<altitude>0</altitude>
					<heading>0</heading>
					<tilt>0</tilt>
					<gx:fovy>35</gx:fovy>
					<range>1032.639528685862</range>
					<altitudeMode>relativeToGround</altitudeMode>
				</LookAt>
				<styleUrl>#__managed_style_1B69B116BF40DE0EFC89</styleUrl>
				<Point>
					<altitudeMode>relativeToGround</altitudeMode>
					<coordinates>104.9176751,11.548851,0</coordinates>
				</Point>
			</Placemark>
			<Placemark id="0FBE7ACA633C94344B58">
				<gx:mid>/m/0cbws_</gx:mid>
				<gx:fid>0x3109514824227a9d:0xb8be437d2b4aa725</gx:fid>
				<LookAt>
					<longitude>104.9291464</longitude>
					<latitude>11.5658543</latitude>
					<altitude>0</altitude>
					<heading>0</heading>
					<tilt>0</tilt>
					<gx:fovy>35</gx:fovy>
					<range>1032.569485240439</range>
					<altitudeMode>relativeToGround</altitudeMode>
				</LookAt>
				<styleUrl>#__managed_style_1B69B116BF40DE0EFC89</styleUrl>
				<Point>
					<altitudeMode>relativeToGround</altitudeMode>
					<coordinates>104.9290942,11.565892,0</coordinates>
				</Point>
			</Placemark>
			<Placemark id="085BBC695C3C9436E3D1">
				<gx:mid>/m/0lkvv</gx:mid>
				<gx:fid>0x31095a65c37d9ec9:0xc780b4a57542b1d3</gx:fid>
				<LookAt>
					<longitude>104.9013585</longitude>
					<latitude>11.4842451</latitude>
					<altitude>0</altitude>
					<heading>0</heading>
					<tilt>0</tilt>
					<gx:fovy>35</gx:fovy>
					<range>1032.904747607801</range>
					<altitudeMode>relativeToGround</altitudeMode>
				</LookAt>
				<styleUrl>#__managed_style_3B6EEBC84940DE0EFC88</styleUrl>
				<Point>
					<altitudeMode>relativeToGround</altitudeMode>
					<coordinates>104.9013585,11.4842451,0</coordinates>
				</Point>
			</Placemark>
			<Placemark id="08C23E1DD33C943E0289">
				<gx:mid>/g/113hkmrds</gx:mid>
				<gx:fid>0x310951b2c14da4f3:0x9ee2eccfc11a8f33</gx:fid>
				<LookAt>
					<longitude>104.9147521</longitude>
					<latitude>11.5405359</latitude>
					<altitude>0</altitude>
					<heading>0</heading>
					<tilt>0</tilt>
					<gx:fovy>35</gx:fovy>
					<range>1032.673745250161</range>
					<altitudeMode>relativeToGround</altitudeMode>
				</LookAt>
				<styleUrl>#__managed_style_18861A5F5140DE0EFC8B</styleUrl>
				<Point>
					<altitudeMode>relativeToGround</altitudeMode>
					<coordinates>104.9147521,11.5405359,0</coordinates>
				</Point>
			</Placemark>
			<Placemark id="0ECBF96CE13C943E9C83">
				<gx:mid>/g/12cpdl0mv</gx:mid>
				<gx:fid>0x310969cb59e790d1:0x1b111fdb66aa8ce1</gx:fid>
				<LookAt>
					<longitude>104.7902344</longitude>
					<latitude>11.3012375</latitude>
					<altitude>0</altitude>
					<heading>0</heading>
					<tilt>0</tilt>
					<gx:fovy>35</gx:fovy>
					<range>1033.64812590088</range>
					<altitudeMode>relativeToGround</altitudeMode>
				</LookAt>
				<styleUrl>#__managed_style_1BA304D67240DE0EFC93</styleUrl>
				<Point>
					<altitudeMode>relativeToGround</altitudeMode>
					<coordinates>104.7902344,11.3012375,0</coordinates>
				</Point>
			</Placemark>
			<Placemark id="0FCDD933CB3C94450BA6">
				<gx:mid>/g/11n0kbk1c5</gx:mid>
				<gx:fid>0x310957118eefb833:0x1d13c06ad77cb905</gx:fid>
				<LookAt>
					<longitude>104.9406321</longitude>
					<latitude>11.5443685</latitude>
					<altitude>0</altitude>
					<heading>0</heading>
					<tilt>0</tilt>
					<gx:fovy>35</gx:fovy>
					<range>1032.657977128099</range>
					<altitudeMode>relativeToGround</altitudeMode>
				</LookAt>
				<styleUrl>#__managed_style_3B6EEBC84940DE0EFC88</styleUrl>
				<Point>
					<altitudeMode>relativeToGround</altitudeMode>
					<coordinates>104.9406321,11.5443685,0</coordinates>
				</Point>
			</Placemark>
			<Placemark id="097C16380E3C944625A4">
				<name>The Ellys</name>
				<LookAt>
					<longitude>104.941039398517</longitude>
					<latitude>11.54539030328847</latitude>
					<altitude>8.70331279401575</altitude>
					<heading>0</heading>
					<tilt>0</tilt>
					<gx:fovy>35</gx:fovy>
					<range>1156.978570447391</range>
					<altitudeMode>absolute</altitudeMode>
				</LookAt>
				<styleUrl>#__managed_style_220B9B996640DE0EFC90</styleUrl>
				<Polygon>
					<outerBoundaryIs>
						<LinearRing>
							<coordinates>
								104.937437117945,11.54408119734257,0 104.9376992088148,11.54300923468068,0 104.9386919908584,11.54333718084748,0 104.9395217268357,11.54371276151331,0 104.9404397061461,11.54422308848511,0 104.9406737899797,11.54430147509003,0 104.9408479016771,11.54449492983708,0 104.9416783004451,11.54509546138819,0 104.9424349818805,11.5457937320635,0 104.9432478948428,11.54673417467612,0 104.9428040864839,11.54689357651025,0 104.9416708809661,11.5474069472703,0 104.9413410811358,11.54682368307085,0 104.941071753845,11.54635223810679,0 104.9406459719327,11.54584270396829,0 104.9402108605332,11.5453787759842,0 104.939724344459,11.54505885689589,0 104.9390770637108,11.54468016447247,0 104.9383872395477,11.544410336028,0 104.937437117945,11.54408119734257,0 
							</coordinates>
						</LinearRing>
					</outerBoundaryIs>
				</Polygon>
			</Placemark>
			<Placemark id="0CEDE255C23C9448FFC3">
				<gx:mid>/g/11f74hllxt</gx:mid>
				<gx:fid>0x31095130752611ab:0x4ca73a5f07acdc37</gx:fid>
				<LookAt>
					<longitude>104.9271576</longitude>
					<latitude>11.5557575</latitude>
					<altitude>0</altitude>
					<heading>0</heading>
					<tilt>0</tilt>
					<gx:fovy>35</gx:fovy>
					<range>1032.611090179523</range>
					<altitudeMode>relativeToGround</altitudeMode>
				</LookAt>
				<styleUrl>#__managed_style_09D68454A040DE0EFC8C</styleUrl>
				<Point>
					<altitudeMode>relativeToGround</altitudeMode>
					<coordinates>104.9271571,11.5557843,0</coordinates>
				</Point>
			</Placemark>
			<Placemark id="0E053369923C94587901">
				<gx:mid>/g/11g6x5s8vr</gx:mid>
				<gx:fid>0x31095746c383c141:0x5fc3a0dbff6ecd7b</gx:fid>
				<LookAt>
					<longitude>104.955341</longitude>
					<latitude>11.5163305</latitude>
					<altitude>0</altitude>
					<heading>0</heading>
					<tilt>0</tilt>
					<gx:fovy>35</gx:fovy>
					<range>1032.773213083804</range>
					<altitudeMode>relativeToGround</altitudeMode>
				</LookAt>
				<styleUrl>#__managed_style_21D3A4EA2740DE0EFC88</styleUrl>
				<Point>
					<altitudeMode>relativeToGround</altitudeMode>
					<coordinates>104.955341,11.5163305,0</coordinates>
				</Point>
			</Placemark>
			<Placemark id="01668CF0543C9459BC94">
				<gx:mid>/g/11y46mlnq9</gx:mid>
				<gx:fid>0x310951005d7f2c15:0x1cd9944b8b4b28e5</gx:fid>
				<LookAt>
					<longitude>104.9076003</longitude>
					<latitude>11.5757861</latitude>
					<altitude>0</altitude>
					<heading>0</heading>
					<tilt>0</tilt>
					<gx:fovy>35</gx:fovy>
					<range>1032.528525542659</range>
					<altitudeMode>relativeToGround</altitudeMode>
				</LookAt>
				<styleUrl>#__managed_style_38E8C8C80F40DE0EFC90</styleUrl>
				<Point>
					<altitudeMode>relativeToGround</altitudeMode>
					<coordinates>104.9076003,11.5757861,0</coordinates>
				</Point>
			</Placemark>
			<Placemark id="0EB1781B423C945DB776">
				<gx:mid>/g/11ybxbwnn2</gx:mid>
				<gx:fid>0x310951004e8ac45d:0xf0e4ace521146068</gx:fid>
				<LookAt>
					<longitude>104.9324872</longitude>
					<latitude>11.5656314</latitude>
					<altitude>0</altitude>
					<heading>0</heading>
					<tilt>0</tilt>
					<gx:fovy>35</gx:fovy>
					<range>1032.570404107094</range>
					<altitudeMode>relativeToGround</altitudeMode>
				</LookAt>
				<styleUrl>#__managed_style_3B6EEBC84940DE0EFC88</styleUrl>
				<Point>
					<altitudeMode>relativeToGround</altitudeMode>
					<coordinates>104.9324872,11.5656314,0</coordinates>
				</Point>
			</Placemark>
			<Placemark id="0865BBCC783C945FD4AC">
				<gx:mid>/g/11pm435vgz</gx:mid>
				<gx:fid>0x31095179cd31210b:0xe9985ba7429d352a</gx:fid>
				<LookAt>
					<longitude>104.9009738</longitude>
					<latitude>11.5818057</latitude>
					<altitude>0</altitude>
					<heading>0</heading>
					<tilt>0</tilt>
					<gx:fovy>35</gx:fovy>
					<range>1032.503683404358</range>
					<altitudeMode>relativeToGround</altitudeMode>
				</LookAt>
				<styleUrl>#__managed_style_3B6EEBC84940DE0EFC88</styleUrl>
				<Point>
					<altitudeMode>relativeToGround</altitudeMode>
					<coordinates>104.9009509,11.5818078,0</coordinates>
				</Point>
			</Placemark>
			<Placemark id="04DFF89AA23C9469BC6F">
				<gx:mid>/g/1tmxt14f</gx:mid>
				<gx:fid>0x31095136ad604927:0x5b1b03b12dcdd7ae</gx:fid>
				<LookAt>
					<longitude>104.9325013</longitude>
					<latitude>11.5611214</latitude>
					<altitude>0</altitude>
					<heading>0</heading>
					<tilt>0</tilt>
					<gx:fovy>35</gx:fovy>
					<range>1032.588992082037</range>
					<altitudeMode>relativeToGround</altitudeMode>
				</LookAt>
				<styleUrl>#__managed_style_3B6EEBC84940DE0EFC88</styleUrl>
				<Point>
					<altitudeMode>relativeToGround</altitudeMode>
					<coordinates>104.9327487774045,11.55965447070087,0</coordinates>
				</Point>
			</Placemark>
			<Placemark id="0499C5DD5A3C94BB3FD0">
				<name>אחלה הליכת טיילת נהר</name>
				<LookAt>
					<longitude>104.9331121626286</longitude>
					<latitude>11.56855721693031</latitude>
					<altitude>1.643199784461167</altitude>
					<heading>2.739889519529906e-08</heading>
					<tilt>0.4303691031268788</tilt>
					<gx:fovy>35</gx:fovy>
					<range>1882.512989382085</range>
					<altitudeMode>absolute</altitudeMode>
				</LookAt>
				<styleUrl>#__managed_style_0C9739B8E640DE0EFC93</styleUrl>
				<LineString>
					<coordinates>
						104.9342296084942,11.56382174881603,0 104.9336949576698,11.56465339873055,0 104.9333315365339,11.56514743541188,0 104.932515351669,11.56613352902176,0 104.9322348679872,11.56653474250897,0 104.9316734699714,11.56742453129618,0 104.9312251988602,11.5680679396183,0 104.9309552534282,11.56904529073203,0 104.9305227932857,11.57032034606006,0 104.9303365060184,11.57042180158769,0 104.9300149555966,11.57147555485627,0 104.9295960012568,11.57261806316938,0 104.9280660237399,11.57450189475999,0 
					</coordinates>
				</LineString>
			</Placemark>
			<Placemark id="0CEB5F719D3CADE2276E">
				<gx:mid>/g/11cmvj8byl</gx:mid>
				<gx:fid>0x3109522e1adbf683:0x3f4395cd35ec9617</gx:fid>
				<LookAt>
					<longitude>104.8853702</longitude>
					<latitude>11.5996639</latitude>
					<altitude>0</altitude>
					<heading>0</heading>
					<tilt>0</tilt>
					<gx:fovy>35</gx:fovy>
					<range>1032.429910553184</range>
					<altitudeMode>relativeToGround</altitudeMode>
				</LookAt>
				<styleUrl>#__managed_style_18861A5F5140DE0EFC8B</styleUrl>
				<Point>
					<altitudeMode>relativeToGround</altitudeMode>
					<coordinates>104.8853702,11.5996639,0</coordinates>
				</Point>
			</Placemark>
		</Folder>
		<Folder id="0F1881FA273C9A714274">
			<name>מסעדות</name>
			<styleUrl>#__managed_style_07C7A58B9540DE0EFC88</styleUrl>
			<Placemark id="0984AC96D63C9A653124">
				<gx:mid>/g/11vbbjqptr</gx:mid>
				<gx:fid>0x310951290ed7ecf5:0xda2fc6dcc9239a02</gx:fid>
				<LookAt>
					<longitude>104.8965298</longitude>
					<latitude>11.5876816</latitude>
					<altitude>0</altitude>
					<heading>0</heading>
					<tilt>0</tilt>
					<gx:fovy>35</gx:fovy>
					<range>1032.479422120738</range>
					<altitudeMode>relativeToGround</altitudeMode>
				</LookAt>
				<styleUrl>#__managed_style_01B975E67A40DE0EFC8B</styleUrl>
				<Point>
					<altitudeMode>relativeToGround</altitudeMode>
					<coordinates>104.8965298,11.5876816,0</coordinates>
				</Point>
			</Placemark>
			<Placemark id="043D04C7743C9A683E61">
				<gx:mid>/g/11dxc0gvh3</gx:mid>
				<gx:fid>0x310951241139ee63:0xe367aa8b9c37ce64</gx:fid>
				<LookAt>
					<longitude>104.9263876</longitude>
					<latitude>11.5501473</latitude>
					<altitude>0</altitude>
					<heading>0</heading>
					<tilt>0</tilt>
					<gx:fovy>35</gx:fovy>
					<range>1032.634192251538</range>
					<altitudeMode>relativeToGround</altitudeMode>
				</LookAt>
				<styleUrl>#__managed_style_01B975E67A40DE0EFC8B</styleUrl>
				<Point>
					<altitudeMode>relativeToGround</altitudeMode>
					<coordinates>104.9263876,11.5501473,0</coordinates>
				</Point>
			</Placemark>
			<Placemark id="0D1E602D3E3C9A69CE83">
				<gx:mid>/g/11fx7v033g</gx:mid>
				<gx:fid>0x31095142368fa3d5:0x4fa1bfae1c7eb758</gx:fid>
				<LookAt>
					<longitude>104.918009</longitude>
					<latitude>11.572302</latitude>
					<altitude>0</altitude>
					<heading>0</heading>
					<tilt>0</tilt>
					<gx:fovy>35</gx:fovy>
					<range>1032.542898219883</range>
					<altitudeMode>relativeToGround</altitudeMode>
				</LookAt>
				<styleUrl>#__managed_style_01B975E67A40DE0EFC8B</styleUrl>
				<Point>
					<altitudeMode>relativeToGround</altitudeMode>
					<coordinates>104.918009,11.572302,0</coordinates>
				</Point>
			</Placemark>
			<Placemark id="0093E75C533C9A6BD9D3">
				<gx:mid>/g/11wxtl6394</gx:mid>
				<gx:fid>0x3109510005f1bb59:0x60d3e593e6508285</gx:fid>
				<LookAt>
					<longitude>104.9288856</longitude>
					<latitude>11.5603833</latitude>
					<altitude>0</altitude>
					<heading>0</heading>
					<tilt>0</tilt>
					<gx:fovy>35</gx:fovy>
					<range>1032.592033487881</range>
					<altitudeMode>relativeToGround</altitudeMode>
				</LookAt>
				<styleUrl>#__managed_style_01B975E67A40DE0EFC8B</styleUrl>
				<Point>
					<altitudeMode>relativeToGround</altitudeMode>
					<coordinates>104.9288856,11.5603833,0</coordinates>
				</Point>
			</Placemark>
			<Placemark id="09D5CE19B03C9A6CD4AB">
				<gx:mid>/g/11wx__z14h</gx:mid>
				<gx:fid>0x3109519a89e87de3:0x7ee9ab4b1708aab2</gx:fid>
				<LookAt>
					<longitude>104.9228453</longitude>
					<latitude>11.5764368</latitude>
					<altitude>0</altitude>
					<heading>0</heading>
					<tilt>0</tilt>
					<gx:fovy>35</gx:fovy>
					<range>1032.525840793581</range>
					<altitudeMode>relativeToGround</altitudeMode>
				</LookAt>
				<styleUrl>#__managed_style_01B975E67A40DE0EFC8B</styleUrl>
				<Point>
					<altitudeMode>relativeToGround</altitudeMode>
					<coordinates>104.9228453,11.5764368,0</coordinates>
				</Point>
			</Placemark>
			<Placemark id="0E98A6AED83C9A750098">
				<gx:mid>/g/11yp_pjm7x</gx:mid>
				<gx:fid>0x310951ec920989a7:0x968e905980b36aca</gx:fid>
				<LookAt>
					<longitude>104.9172129</longitude>
					<latitude>11.5388808</latitude>
					<altitude>0</altitude>
					<heading>0</heading>
					<tilt>0</tilt>
					<gx:fovy>35</gx:fovy>
					<range>1032.680553096737</range>
					<altitudeMode>relativeToGround</altitudeMode>
				</LookAt>
				<styleUrl>#__managed_style_01B975E67A40DE0EFC8B</styleUrl>
				<Point>
					<altitudeMode>relativeToGround</altitudeMode>
					<coordinates>104.9172129,11.5388808,0</coordinates>
				</Point>
			</Placemark>
			<Placemark id="067D5165A63C9A704534">
				<gx:mid>/g/11zjnkhmnt</gx:mid>
				<gx:fid>0x31095140f384f4c1:0xbfd89352436fa135</gx:fid>
				<LookAt>
					<longitude>104.9297526</longitude>
					<latitude>11.5533647</latitude>
					<altitude>0</altitude>
					<heading>0</heading>
					<tilt>0</tilt>
					<gx:fovy>35</gx:fovy>
					<range>1032.620944759357</range>
					<altitudeMode>relativeToGround</altitudeMode>
				</LookAt>
				<styleUrl>#__managed_style_2D5D24AB8140DE0EFC93</styleUrl>
				<Point>
					<altitudeMode>relativeToGround</altitudeMode>
					<coordinates>104.9297526,11.5533647,0</coordinates>
				</Point>
			</Placemark>
			<Placemark id="02A14C19FA3C9A778830">
				<gx:mid>/g/11fjbsnjqc</gx:mid>
				<gx:fid>0x310950e11a909ad1:0x80515e6a651d07dc</gx:fid>
				<LookAt>
					<longitude>104.9119746</longitude>
					<latitude>11.540265</latitude>
					<altitude>0</altitude>
					<heading>0</heading>
					<tilt>0</tilt>
					<gx:fovy>35</gx:fovy>
					<range>1032.674859595995</range>
					<altitudeMode>relativeToGround</altitudeMode>
				</LookAt>
				<styleUrl>#__managed_style_01B975E67A40DE0EFC8B</styleUrl>
				<Point>
					<altitudeMode>relativeToGround</altitudeMode>
					<coordinates>104.9119802,11.5402639,0</coordinates>
				</Point>
			</Placemark>
		</Folder>
		<Folder id="0843A271AD3C9A71B954">
			<name>ברים</name>
			<styleUrl>#__managed_style_07C7A58B9540DE0EFC88</styleUrl>
			<Placemark id="01A1DC1A7C3C946FD2D7">
				<gx:mid>/g/11clfc37sp</gx:mid>
				<gx:fid>0x3109513aabc0d663:0x95bc28f338740c57</gx:fid>
				<LookAt>
					<longitude>104.9270977</longitude>
					<latitude>11.5543776</latitude>
					<altitude>0</altitude>
					<heading>0</heading>
					<tilt>0</tilt>
					<gx:fovy>35</gx:fovy>
					<range>1032.61677344493</range>
					<altitudeMode>relativeToGround</altitudeMode>
				</LookAt>
				<styleUrl>#__managed_style_002ADBCD2140DE0EFC8F</styleUrl>
				<Point>
					<altitudeMode>relativeToGround</altitudeMode>
					<coordinates>104.9271007,11.5543585,0</coordinates>
				</Point>
			</Placemark>
			<Placemark id="0BBE8800083C94704E89">
				<gx:mid>/g/11vq__2v64</gx:mid>
				<gx:fid>0x3109513a1d7a3937:0x58129c977650452d</gx:fid>
				<LookAt>
					<longitude>104.9270635</longitude>
					<latitude>11.5544304</latitude>
					<altitude>0</altitude>
					<heading>0</heading>
					<tilt>0</tilt>
					<gx:fovy>35</gx:fovy>
					<range>1032.616555994704</range>
					<altitudeMode>relativeToGround</altitudeMode>
				</LookAt>
				<styleUrl>#__managed_style_002ADBCD2140DE0EFC8F</styleUrl>
				<Point>
					<altitudeMode>relativeToGround</altitudeMode>
					<coordinates>104.9270607,11.5544491,0</coordinates>
				</Point>
			</Placemark>
			<Placemark id="0518CD4B8A3C94618687">
				<gx:mid>/g/11vc6vhxsg</gx:mid>
				<gx:fid>0x310957b6a0862cc5:0x70b58bc4884c7f2e</gx:fid>
				<LookAt>
					<longitude>104.9438845</longitude>
					<latitude>11.5484379</latitude>
					<altitude>0</altitude>
					<heading>0</heading>
					<tilt>0</tilt>
					<gx:fovy>35</gx:fovy>
					<range>1032.641229157598</range>
					<altitudeMode>relativeToGround</altitudeMode>
				</LookAt>
				<styleUrl>#__managed_style_009B88E5B640DE0EFC91</styleUrl>
				<Point>
					<altitudeMode>relativeToGround</altitudeMode>
					<coordinates>104.9438845,11.5484379,0</coordinates>
				</Point>
			</Placemark>
			<Placemark id="0EAF3C12953C944EE603">
				<gx:mid>/g/11s5tm0xzy</gx:mid>
				<gx:fid>0x310951aaa3952179:0xbd9a1d293dd79062</gx:fid>
				<LookAt>
					<longitude>104.9300753</longitude>
					<latitude>11.5530537</latitude>
					<altitude>0</altitude>
					<heading>0</heading>
					<tilt>0</tilt>
					<gx:fovy>35</gx:fovy>
					<range>1032.622225444635</range>
					<altitudeMode>relativeToGround</altitudeMode>
				</LookAt>
				<styleUrl>#__managed_style_009B88E5B640DE0EFC91</styleUrl>
				<Point>
					<altitudeMode>relativeToGround</altitudeMode>
					<coordinates>104.9300753,11.5530537,0</coordinates>
				</Point>
			</Placemark>
			<Placemark id="06670202813C944F6767">
				<name>Bassac Street</name>
				<LookAt>
					<longitude>104.9300334785598</longitude>
					<latitude>11.5532165424047</latitude>
					<altitude>13.95225655463235</altitude>
					<heading>0</heading>
					<tilt>0</tilt>
					<gx:fovy>35</gx:fovy>
					<range>366.7962874520527</range>
					<altitudeMode>absolute</altitudeMode>
				</LookAt>
				<styleUrl>#__managed_style_4CC570A4A640DE0EFC90</styleUrl>
				<LineString>
					<coordinates>
						104.9304839730207,11.55305528504581,0 104.9289397631177,11.55307213437179,0 
					</coordinates>
				</LineString>
			</Placemark>
			<Placemark id="0AA23089283C9A8143EC">
				<gx:mid>/g/11hjczxvx3</gx:mid>
				<gx:fid>0x3109513240cb98c7:0x597b1b0b75608939</gx:fid>
				<LookAt>
					<longitude>104.9235504</longitude>
					<latitude>11.5544622</latitude>
					<altitude>0</altitude>
					<heading>0</heading>
					<tilt>0</tilt>
					<gx:fovy>35</gx:fovy>
					<range>1032.616425029896</range>
					<altitudeMode>relativeToGround</altitudeMode>
				</LookAt>
				<styleUrl>#__managed_style_002ADBCD2140DE0EFC8F</styleUrl>
				<Point>
					<altitudeMode>relativeToGround</altitudeMode>
					<coordinates>104.9235504,11.5544622,0</coordinates>
				</Point>
			</Placemark>
			<Placemark id="0316882E993C9A83757C">
				<gx:mid>/g/11gfmr5l1g</gx:mid>
				<gx:fid>0x31095143a15ba7cd:0x64636d1e93f5180e</gx:fid>
				<LookAt>
					<longitude>104.9184948</longitude>
					<latitude>11.5734276</latitude>
					<altitude>0</altitude>
					<heading>0</heading>
					<tilt>0</tilt>
					<gx:fovy>35</gx:fovy>
					<range>1032.538255335349</range>
					<altitudeMode>relativeToGround</altitudeMode>
				</LookAt>
				<styleUrl>#__managed_style_002ADBCD2140DE0EFC8F</styleUrl>
				<Point>
					<altitudeMode>relativeToGround</altitudeMode>
					<coordinates>104.9184948,11.5734276,0</coordinates>
				</Point>
			</Placemark>
		</Folder>
		<Folder id="028C95FC2F3C9A71E1C1">
			<name>בתי קפה</name>
			<styleUrl>#__managed_style_07C7A58B9540DE0EFC88</styleUrl>
			<Placemark id="00C3E41E083C946F2A8C">
				<gx:mid>/g/11v9vq0nsr</gx:mid>
				<gx:fid>0x3109510272dbda7d:0x3eec477e1bdaa05f</gx:fid>
				<LookAt>
					<longitude>104.8940874</longitude>
					<latitude>11.5880488</latitude>
					<altitude>0</altitude>
					<heading>0</heading>
					<tilt>0</tilt>
					<gx:fovy>35</gx:fovy>
					<range>1032.477905571774</range>
					<altitudeMode>relativeToGround</altitudeMode>
				</LookAt>
				<styleUrl>#__managed_style_1F62974FC240DE0EFC8C</styleUrl>
				<Point>
					<altitudeMode>relativeToGround</altitudeMode>
					<coordinates>104.8940874,11.5880488,0</coordinates>
				</Point>
			</Placemark>
			<Placemark id="00E8A7FC323C9A7A0059">
				<gx:mid>/g/11ypj2gddp</gx:mid>
				<gx:fid>0x310951602d4b858d:0x2da654026792ef9d</gx:fid>
				<LookAt>
					<longitude>104.9308415</longitude>
					<latitude>11.552712</latitude>
					<altitude>0</altitude>
					<heading>0</heading>
					<tilt>0</tilt>
					<gx:fovy>35</gx:fovy>
					<range>1032.623632512395</range>
					<altitudeMode>relativeToGround</altitudeMode>
				</LookAt>
				<styleUrl>#__managed_style_1F62974FC240DE0EFC8C</styleUrl>
				<Point>
					<altitudeMode>relativeToGround</altitudeMode>
					<coordinates>104.9308415,11.552712,0</coordinates>
				</Point>
			</Placemark>
			<Placemark id="05C3428F393C9A7B059C">
				<gx:mid>/g/11bxb9qttg</gx:mid>
				<gx:fid>0x310951343838516f:0xb85128820699c627</gx:fid>
				<LookAt>
					<longitude>104.9301259</longitude>
					<latitude>11.5606736</latitude>
					<altitude>0</altitude>
					<heading>0</heading>
					<tilt>0</tilt>
					<gx:fovy>35</gx:fovy>
					<range>1032.590837303898</range>
					<altitudeMode>relativeToGround</altitudeMode>
				</LookAt>
				<styleUrl>#__managed_style_1F62974FC240DE0EFC8C</styleUrl>
				<Point>
					<altitudeMode>relativeToGround</altitudeMode>
					<coordinates>104.9301259,11.5606736,0</coordinates>
				</Point>
			</Placemark>
			<Placemark id="07B45CD7173C9A7C8960">
				<gx:mid>/g/11vdq441lb</gx:mid>
				<gx:fid>0x3109512b7a3cc119:0x42810f043c16e380</gx:fid>
				<LookAt>
					<longitude>104.9290113</longitude>
					<latitude>11.5720847</latitude>
					<altitude>0</altitude>
					<heading>0</heading>
					<tilt>0</tilt>
					<gx:fovy>35</gx:fovy>
					<range>1032.543794489945</range>
					<altitudeMode>relativeToGround</altitudeMode>
				</LookAt>
				<styleUrl>#__managed_style_1F62974FC240DE0EFC8C</styleUrl>
				<Point>
					<altitudeMode>relativeToGround</altitudeMode>
					<coordinates>104.9290113,11.5720847,0</coordinates>
				</Point>
			</Placemark>
			<Placemark id="0F9B4C0E313C9A7DD419">
				<gx:mid>/g/11vhy2f1nf</gx:mid>
				<gx:fid>0x310953ac1d60fc27:0xad7da6086e357f06</gx:fid>
				<LookAt>
					<longitude>104.8682745</longitude>
					<latitude>11.6373219</latitude>
					<altitude>0</altitude>
					<heading>0</heading>
					<tilt>0</tilt>
					<gx:fovy>35</gx:fovy>
					<range>1032.273979859952</range>
					<altitudeMode>relativeToGround</altitudeMode>
				</LookAt>
				<styleUrl>#__managed_style_1F62974FC240DE0EFC8C</styleUrl>
				<Point>
					<altitudeMode>relativeToGround</altitudeMode>
					<coordinates>104.8682618,11.6373136,0</coordinates>
				</Point>
			</Placemark>
			<Placemark id="0C42C1FDF83C9A7EEB24">
				<gx:mid>/g/11mdbstnvn</gx:mid>
				<gx:fid>0x310951113bf1864f:0xcda84e94e87a96f6</gx:fid>
				<LookAt>
					<longitude>104.8805972</longitude>
					<latitude>11.5821246</latitude>
					<altitude>0</altitude>
					<heading>0</heading>
					<tilt>0</tilt>
					<gx:fovy>35</gx:fovy>
					<range>1032.502366991679</range>
					<altitudeMode>relativeToGround</altitudeMode>
				</LookAt>
				<styleUrl>#__managed_style_1F62974FC240DE0EFC8C</styleUrl>
				<Point>
					<altitudeMode>relativeToGround</altitudeMode>
					<coordinates>104.8805972,11.5821246,0</coordinates>
				</Point>
			</Placemark>
		</Folder>
	</Folder>
	<Folder id="0031C7E47E3C942EEA80">
		<name>שאר קמבודיה</name>
		<styleUrl>#__managed_style_07C7A58B9540DE0EFC88</styleUrl>
		<Folder id="0CF22E668C3C942F224C">
			<name>ערים עיירות</name>
			<styleUrl>#__managed_style_07C7A58B9540DE0EFC88</styleUrl>
			<Placemark id="0347D44DA63C67C56E21">
				<gx:mid>/m/0ggdlz</gx:mid>
				<gx:fid>0x3110169a8c91a879:0xa940aaf93ee5bbfa</gx:fid>
				<LookAt>
					<longitude>103.8629545</longitude>
					<latitude>13.3403479</latitude>
					<altitude>0</altitude>
					<heading>0</heading>
					<tilt>0</tilt>
					<gx:fovy>35</gx:fovy>
					<range>90478.92293397718</range>
					<altitudeMode>relativeToGround</altitudeMode>
				</LookAt>
				<styleUrl>#__managed_style_17CFF08F9240DE0EFC8F</styleUrl>
				<Point>
					<altitudeMode>relativeToGround</altitudeMode>
					<coordinates>103.856403,13.3632533,0</coordinates>
				</Point>
			</Placemark>
			<Placemark id="0C30B6B10A3C67C5B1E0">
				<gx:mid>/m/0dlwj</gx:mid>
				<gx:fid>0x3109513dc76a6be3:0x9c010ee85ab525bb</gx:fid>
				<LookAt>
					<longitude>104.89018675</longitude>
					<latitude>11.57936425</latitude>
					<altitude>0</altitude>
					<heading>0</heading>
					<tilt>0</tilt>
					<gx:fovy>35</gx:fovy>
					<range>91095.52458468756</range>
					<altitudeMode>relativeToGround</altitudeMode>
				</LookAt>
				<styleUrl>#__managed_style_17CFF08F9240DE0EFC8F</styleUrl>
				<Point>
					<altitudeMode>relativeToGround</altitudeMode>
					<coordinates>104.9261777883975,11.56064636608256,0</coordinates>
				</Point>
			</Placemark>
			<Placemark id="01D985B9BE3C67C6BA38">
				<gx:mid>/m/0121_hdq</gx:mid>
				<gx:fid>0x3107e1dd2f564c45:0x13f1f8da254362ed</gx:fid>
				<LookAt>
					<longitude>103.3869749</longitude>
					<latitude>10.6617655</latitude>
					<altitude>0</altitude>
					<heading>0</heading>
					<tilt>0</tilt>
					<gx:fovy>35</gx:fovy>
					<range>91382.75257293947</range>
					<altitudeMode>relativeToGround</altitudeMode>
				</LookAt>
				<styleUrl>#__managed_style_17CFF08F9240DE0EFC8F</styleUrl>
				<Point>
					<altitudeMode>relativeToGround</altitudeMode>
					<coordinates>103.5115319,10.6268905,0</coordinates>
				</Point>
			</Placemark>
			<Placemark id="0F80FFE0053C67C71DE3">
				<gx:mid>/m/08zdqs</gx:mid>
				<gx:fid>0x3107c1eb6f5622a1:0x836af75a469a1d58</gx:fid>
				<LookAt>
					<longitude>103.24831015</longitude>
					<latitude>10.7155918</latitude>
					<altitude>0</altitude>
					<heading>0</heading>
					<tilt>0</tilt>
					<gx:fovy>35</gx:fovy>
					<range>22841.63755159514</range>
					<altitudeMode>relativeToGround</altitudeMode>
				</LookAt>
				<styleUrl>#__managed_style_17CFF08F9240DE0EFC8F</styleUrl>
				<Point>
					<altitudeMode>relativeToGround</altitudeMode>
					<coordinates>103.2317225,10.7290832,0</coordinates>
				</Point>
			</Placemark>
			<Placemark id="077DE858BE3C67C80CD3">
				<gx:mid>/m/0x0sct7</gx:mid>
				<gx:fid>0x3107eede3706b249:0xf4bc7be5df0f6e74</gx:fid>
				<LookAt>
					<longitude>103.30907825</longitude>
					<latitude>10.58371115</latitude>
					<altitude>0</altitude>
					<heading>0</heading>
					<tilt>0</tilt>
					<gx:fovy>35</gx:fovy>
					<range>22851.52614938205</range>
					<altitudeMode>relativeToGround</altitudeMode>
				</LookAt>
				<styleUrl>#__managed_style_5BB2C9865340DE0EFC90</styleUrl>
				<Point>
					<altitudeMode>relativeToGround</altitudeMode>
					<coordinates>103.2952096,10.5886219,0</coordinates>
				</Point>
			</Placemark>
			<Placemark id="08C6AAD4AE3C67C8B5A3">
				<gx:mid>/m/0c3ntb</gx:mid>
				<gx:fid>0x310836897d5fd26f:0x6f50ed443bd607ff</gx:fid>
				<LookAt>
					<longitude>104.1681576</longitude>
					<latitude>10.59093375</latitude>
					<altitude>0</altitude>
					<heading>0</heading>
					<tilt>0</tilt>
					<gx:fovy>35</gx:fovy>
					<range>22850.98772181083</range>
					<altitudeMode>relativeToGround</altitudeMode>
				</LookAt>
				<styleUrl>#__managed_style_17CFF08F9240DE0EFC8F</styleUrl>
				<Point>
					<altitudeMode>relativeToGround</altitudeMode>
					<coordinates>104.1713644,10.6056424,0</coordinates>
				</Point>
			</Placemark>
			<Placemark id="0DA6E6D35F3CA8A19131">
				<name>Koh Touch - כאן עיקר הלנים</name>
				<LookAt>
					<longitude>103.273587004668</longitude>
					<latitude>10.66710869376434</latitude>
					<altitude>10.69514402427876</altitude>
					<heading>0</heading>
					<tilt>0</tilt>
					<gx:fovy>35</gx:fovy>
					<range>1396.970095914148</range>
					<altitudeMode>absolute</altitudeMode>
				</LookAt>
				<styleUrl>#__managed_style_0F2854253540DE0EFC89</styleUrl>
				<Point>
					<coordinates>103.2734573825772,10.66680600185952,9.648473842764183</coordinates>
				</Point>
			</Placemark>
		</Folder>
		<Folder id="0FD0EAB61D3C942F57D0">
			<name>כללי</name>
			<styleUrl>#__managed_style_07C7A58B9540DE0EFC88</styleUrl>
			<Placemark id="0506B835E53C67C1B860">
				<name>רחוב מפוצץ ברים מסעדות</name>
				<snippet></snippet>
				<LookAt>
					<longitude>103.8550087753979</longitude>
					<latitude>13.35485620027636</latitude>
					<altitude>15.42196598289812</altitude>
					<heading>0</heading>
					<tilt>0</tilt>
					<gx:fovy>83.54388920787024</gx:fovy>
					<range>241.8475644458886</range>
					<altitudeMode>absolute</altitudeMode>
				</LookAt>
				<styleUrl>#__managed_style_0BA50C6DE840DE0EFC94</styleUrl>
				<Polygon>
					<outerBoundaryIs>
						<LinearRing>
							<coordinates>
								103.8538695168896,13.35544506084584,0 103.8545068296424,13.35399544033418,0 103.8554938863206,13.35439437825895,0 103.854736874099,13.35581060652775,0 103.8538695168896,13.35544506084584,0 
							</coordinates>
						</LinearRing>
					</outerBoundaryIs>
				</Polygon>
			</Placemark>
			<Placemark id="01ADB609C63C67C29620">
				<gx:mid>/g/11cn12rsfk</gx:mid>
				<gx:fid>0x3110178b87eece53:0xdba9f9bc6565d20f</gx:fid>
				<LookAt>
					<longitude>103.8546995</longitude>
					<latitude>13.3547552</latitude>
					<altitude>0</altitude>
					<heading>0</heading>
					<tilt>0</tilt>
					<gx:fovy>35</gx:fovy>
					<range>1024.639430048609</range>
					<altitudeMode>relativeToGround</altitudeMode>
				</LookAt>
				<styleUrl>#__managed_style_165227905A40DE0EFC8E</styleUrl>
				<Point>
					<altitudeMode>relativeToGround</altitudeMode>
					<coordinates>103.8546995,13.3547552,0</coordinates>
				</Point>
			</Placemark>
			<Placemark id="00E120A34E3C67C4AD6B">
				<gx:mid>/g/11dxbc__89</gx:mid>
				<gx:fid>0x3110177ac5072163:0xb7a18c6e3e39fd38</gx:fid>
				<LookAt>
					<longitude>103.8568943</longitude>
					<latitude>13.3599631</latitude>
					<altitude>0</altitude>
					<heading>0</heading>
					<tilt>0</tilt>
					<gx:fovy>35</gx:fovy>
					<range>1024.614727948181</range>
					<altitudeMode>relativeToGround</altitudeMode>
				</LookAt>
				<styleUrl>#__managed_style_3B6EEBC84940DE0EFC88</styleUrl>
				<Point>
					<altitudeMode>relativeToGround</altitudeMode>
					<coordinates>103.8568943,13.3599631,0</coordinates>
				</Point>
			</Placemark>
			<Placemark id="0F2B887E843C67C51EFF">
				<gx:mid>/m/019xfl</gx:mid>
				<gx:fid>0x3110168aea9a272d:0x3eaba81157b0418d</gx:fid>
				<LookAt>
					<longitude>103.8669857</longitude>
					<latitude>13.4124693</latitude>
					<altitude>0</altitude>
					<heading>0</heading>
					<tilt>0</tilt>
					<gx:fovy>35</gx:fovy>
					<range>1024.365158700248</range>
					<altitudeMode>relativeToGround</altitudeMode>
				</LookAt>
				<styleUrl>#__managed_style_1423DAC52140DE0EFC91</styleUrl>
				<Point>
					<altitudeMode>relativeToGround</altitudeMode>
					<coordinates>103.8669857,13.4124693,0</coordinates>
				</Point>
			</Placemark>
			<Placemark id="0F913BD5E43C68CD8A48">
				<gx:mid>/m/029g1p</gx:mid>
				<gx:fid>0x3110142eaef23a95:0xa956c7b5e1b19d63</gx:fid>
				<LookAt>
					<longitude>103.8589036</longitude>
					<latitude>13.4412831</latitude>
					<altitude>0</altitude>
					<heading>0</heading>
					<tilt>0</tilt>
					<gx:fovy>35</gx:fovy>
					<range>1024.227799209932</range>
					<altitudeMode>relativeToGround</altitudeMode>
				</LookAt>
				<styleUrl>#__managed_style_1423DAC52140DE0EFC91</styleUrl>
				<Point>
					<altitudeMode>relativeToGround</altitudeMode>
					<coordinates>103.8589036,13.4412831,0</coordinates>
				</Point>
			</Placemark>
			<Placemark id="013045C7283C6AD01D9B">
				<gx:mid>/g/11xdpv2y5</gx:mid>
				<gx:fid>0x311017653f769b4d:0x4e0df6332e93a41d</gx:fid>
				<LookAt>
					<longitude>103.8551924</longitude>
					<latitude>13.3537824</latitude>
					<altitude>0</altitude>
					<heading>0</heading>
					<tilt>0</tilt>
					<gx:fovy>35</gx:fovy>
					<range>1024.644043195791</range>
					<altitudeMode>relativeToGround</altitudeMode>
				</LookAt>
				<styleUrl>#__managed_style_3B6EEBC84940DE0EFC88</styleUrl>
				<Point>
					<altitudeMode>relativeToGround</altitudeMode>
					<coordinates>103.8551924,13.3537824,0</coordinates>
				</Point>
			</Placemark>
			<Placemark id="09EAA986B13CA4430DAF">
				<gx:mid>/m/0yny95_</gx:mid>
				<gx:fid>0x3110170ccc06c39f:0x9f46043c5565afe3</gx:fid>
				<LookAt>
					<longitude>103.8601195</longitude>
					<latitude>13.3664465</latitude>
					<altitude>0</altitude>
					<heading>0</heading>
					<tilt>0</tilt>
					<gx:fovy>35</gx:fovy>
					<range>1024.583962841699</range>
					<altitudeMode>relativeToGround</altitudeMode>
				</LookAt>
				<styleUrl>#__managed_style_1B69B116BF40DE0EFC89</styleUrl>
				<Point>
					<altitudeMode>relativeToGround</altitudeMode>
					<coordinates>103.8601195,13.3664465,0</coordinates>
				</Point>
			</Placemark>
			<Placemark id="023A469FA83CA443D3A8">
				<gx:mid>/g/12llcdj8d</gx:mid>
				<gx:fid>0x311017725624efdf:0x6a368221790895b2</gx:fid>
				<LookAt>
					<longitude>103.8392442</longitude>
					<latitude>13.3538811</latitude>
					<altitude>0</altitude>
					<heading>0</heading>
					<tilt>0</tilt>
					<gx:fovy>35</gx:fovy>
					<range>1024.643575162105</range>
					<altitudeMode>relativeToGround</altitudeMode>
				</LookAt>
				<styleUrl>#__managed_style_3B6EEBC84940DE0EFC88</styleUrl>
				<Point>
					<altitudeMode>relativeToGround</altitudeMode>
					<coordinates>103.8392442,13.3538811,0</coordinates>
				</Point>
			</Placemark>
			<Placemark id="0DAE79E25B3CA4458FFF">
				<gx:mid>/m/02b0q7</gx:mid>
				<gx:fid>0x311015b38b60a611:0xac2aec7536309927</gx:fid>
				<LookAt>
					<longitude>103.8715817</longitude>
					<latitude>13.4618876</latitude>
					<altitude>0</altitude>
					<heading>0</heading>
					<tilt>0</tilt>
					<gx:fovy>35</gx:fovy>
					<range>1024.129399315649</range>
					<altitudeMode>relativeToGround</altitudeMode>
				</LookAt>
				<styleUrl>#__managed_style_09D68454A040DE0EFC8C</styleUrl>
				<Point>
					<altitudeMode>relativeToGround</altitudeMode>
					<coordinates>103.8715817,13.4618876,0</coordinates>
				</Point>
			</Placemark>
			<Placemark id="0114BE2D043CA4461DFC">
				<gx:mid>/m/02b0pw</gx:mid>
				<gx:fid>0x3110159702fbaa21:0xfad28f864834b955</gx:fid>
				<LookAt>
					<longitude>103.894823</longitude>
					<latitude>13.463261</latitude>
					<altitude>0</altitude>
					<heading>0</heading>
					<tilt>0</tilt>
					<gx:fovy>35</gx:fovy>
					<range>1024.122835240867</range>
					<altitudeMode>relativeToGround</altitudeMode>
				</LookAt>
				<styleUrl>#__managed_style_09D68454A040DE0EFC8C</styleUrl>
				<Point>
					<altitudeMode>relativeToGround</altitudeMode>
					<coordinates>103.894823,13.463261,0</coordinates>
				</Point>
			</Placemark>
			<Placemark id="08302323C33CA446AE30">
				<gx:mid>/m/029xqf</gx:mid>
				<gx:fid>0x31101609bd954f8d:0x7bbadfffd809ac0e</gx:fid>
				<LookAt>
					<longitude>103.8985128</longitude>
					<latitude>13.4299495</latitude>
					<altitude>0</altitude>
					<heading>0</heading>
					<tilt>0</tilt>
					<gx:fovy>35</gx:fovy>
					<range>1024.281862207113</range>
					<altitudeMode>relativeToGround</altitudeMode>
				</LookAt>
				<styleUrl>#__managed_style_09D68454A040DE0EFC8C</styleUrl>
				<Point>
					<altitudeMode>relativeToGround</altitudeMode>
					<coordinates>103.8985128,13.4299495,0</coordinates>
				</Point>
			</Placemark>
			<Placemark id="062C023C653CA447872E">
				<gx:mid>/m/029xq1</gx:mid>
				<gx:fid>0x31101611cd6b360b:0x3c0fcb053d0e08f9</gx:fid>
				<LookAt>
					<longitude>103.8998229</longitude>
					<latitude>13.41974</latitude>
					<altitude>0</altitude>
					<heading>0</heading>
					<tilt>0</tilt>
					<gx:fovy>35</gx:fovy>
					<range>1024.330525206984</range>
					<altitudeMode>relativeToGround</altitudeMode>
				</LookAt>
				<styleUrl>#__managed_style_09D68454A040DE0EFC8C</styleUrl>
				<Point>
					<altitudeMode>relativeToGround</altitudeMode>
					<coordinates>103.8998229,13.41974,0</coordinates>
				</Point>
			</Placemark>
			<Placemark id="0BE6007F303CA4480398">
				<gx:mid>/m/029xn4</gx:mid>
				<gx:fid>0x311015dfb229a5df:0xcfb9459e2f62051e</gx:fid>
				<LookAt>
					<longitude>103.8893041</longitude>
					<latitude>13.4347941</latitude>
					<altitude>0</altitude>
					<heading>0</heading>
					<tilt>0</tilt>
					<gx:fovy>35</gx:fovy>
					<range>1024.25875814013</range>
					<altitudeMode>relativeToGround</altitudeMode>
				</LookAt>
				<styleUrl>#__managed_style_09D68454A040DE0EFC8C</styleUrl>
				<Point>
					<altitudeMode>relativeToGround</altitudeMode>
					<coordinates>103.8893041,13.4347941,0</coordinates>
				</Point>
			</Placemark>
			<Placemark id="0DAEA4A2433CA4486F34">
				<gx:mid>/m/02b243</gx:mid>
				<gx:fid>0x3110169ab321b8cb:0x4921c3876ff74154</gx:fid>
				<LookAt>
					<longitude>103.8560916</longitude>
					<latitude>13.423858</latitude>
					<altitude>0</altitude>
					<heading>0</heading>
					<tilt>0</tilt>
					<gx:fovy>35</gx:fovy>
					<range>1024.310901313866</range>
					<altitudeMode>relativeToGround</altitudeMode>
				</LookAt>
				<styleUrl>#__managed_style_09D68454A040DE0EFC8C</styleUrl>
				<Point>
					<altitudeMode>relativeToGround</altitudeMode>
					<coordinates>103.8560916,13.423858,0</coordinates>
				</Point>
			</Placemark>
			<Placemark id="08E969F99C3CA448DAD3">
				<gx:mid>/m/029xnk</gx:mid>
				<gx:fid>0x311015c528862107:0x88156f512652c965</gx:fid>
				<LookAt>
					<longitude>103.8823793</longitude>
					<latitude>13.4447961</latitude>
					<altitude>0</altitude>
					<heading>0</heading>
					<tilt>0</tilt>
					<gx:fovy>35</gx:fovy>
					<range>1024.211032685657</range>
					<altitudeMode>relativeToGround</altitudeMode>
				</LookAt>
				<styleUrl>#__managed_style_09D68454A040DE0EFC8C</styleUrl>
				<Point>
					<altitudeMode>relativeToGround</altitudeMode>
					<coordinates>103.8823793,13.4447961,0</coordinates>
				</Point>
			</Placemark>
			<Placemark id="060FBAED1F3CA44A6C63">
				<gx:mid>/m/02qt4sv</gx:mid>
				<gx:fid>0x311015c0d520bd85:0xd97755fbcc4487a0</gx:fid>
				<LookAt>
					<longitude>103.8851269</longitude>
					<latitude>13.45237</latitude>
					<altitude>0</altitude>
					<heading>0</heading>
					<tilt>0</tilt>
					<gx:fovy>35</gx:fovy>
					<range>1024.174870213967</range>
					<altitudeMode>relativeToGround</altitudeMode>
				</LookAt>
				<styleUrl>#__managed_style_2DDC67E74340DE0EFC8C</styleUrl>
				<Point>
					<altitudeMode>relativeToGround</altitudeMode>
					<coordinates>103.8851269,13.45237,0</coordinates>
				</Point>
			</Placemark>
			<Placemark id="007841FD683CA44B2709">
				<gx:mid>/g/11jp0sd6zr</gx:mid>
				<gx:fid>0x3110177ed89b40a5:0xe8e60d128befd642</gx:fid>
				<LookAt>
					<longitude>103.9105049</longitude>
					<latitude>13.4311352</latitude>
					<altitude>0</altitude>
					<heading>0</heading>
					<tilt>0</tilt>
					<gx:fovy>35</gx:fovy>
					<range>1024.276208309263</range>
					<altitudeMode>relativeToGround</altitudeMode>
				</LookAt>
				<styleUrl>#__managed_style_19F95638B640DE0EFC88</styleUrl>
				<Point>
					<altitudeMode>relativeToGround</altitudeMode>
					<coordinates>103.9105049,13.4311352,0</coordinates>
				</Point>
			</Placemark>
			<Placemark id="09C9053E1F3CA44C6E2E">
				<gx:mid>/g/11vyqvxz41</gx:mid>
				<gx:fid>0x311033004837833b:0x6ff2affcdadf6f2f</gx:fid>
				<LookAt>
					<longitude>104.2201036</longitude>
					<latitude>13.3761916</latitude>
					<altitude>0</altitude>
					<heading>0</heading>
					<tilt>0</tilt>
					<gx:fovy>35</gx:fovy>
					<range>1024.537693036615</range>
					<altitudeMode>relativeToGround</altitudeMode>
				</LookAt>
				<styleUrl>#__managed_style_1E14E45FBC40DE0EFC90</styleUrl>
				<Point>
					<altitudeMode>relativeToGround</altitudeMode>
					<coordinates>104.2201036,13.3761916,0</coordinates>
				</Point>
			</Placemark>
			<Placemark id="0F1F00A2563CA44D2CCE">
				<gx:mid>/g/1pp2tyr2q</gx:mid>
				<gx:fid>0x3110489b1104544b:0x76f2ace378c4755b</gx:fid>
				<LookAt>
					<longitude>104.1082384</longitude>
					<latitude>13.5686567</latitude>
					<altitude>0</altitude>
					<heading>0</heading>
					<tilt>0</tilt>
					<gx:fovy>35</gx:fovy>
					<range>1023.617166840228</range>
					<altitudeMode>relativeToGround</altitudeMode>
				</LookAt>
				<styleUrl>#__managed_style_0FAD26B0D940DE0EFC8E</styleUrl>
				<Point>
					<altitudeMode>relativeToGround</altitudeMode>
					<coordinates>104.1082384,13.5686567,0</coordinates>
				</Point>
			</Placemark>
			<Placemark id="00544EF60F3CA44E9684">
				<gx:mid>/g/119wwckhl</gx:mid>
				<gx:fid>0x311017285daa3c97:0x1f8656130020e9a5</gx:fid>
				<LookAt>
					<longitude>103.8315222</longitude>
					<latitude>13.3885234</latitude>
					<altitude>0</altitude>
					<heading>0</heading>
					<tilt>0</tilt>
					<gx:fovy>35</gx:fovy>
					<range>1024.479094669507</range>
					<altitudeMode>relativeToGround</altitudeMode>
				</LookAt>
				<styleUrl>#__managed_style_1B69B116BF40DE0EFC89</styleUrl>
				<Point>
					<altitudeMode>relativeToGround</altitudeMode>
					<coordinates>103.8315222,13.3885234,0</coordinates>
				</Point>
			</Placemark>
			<Placemark id="0C18FC21A83CA450AD04">
				<gx:mid>/m/07815z</gx:mid>
				<gx:fid>0x31103e1c099f8fed:0xad30ef7129d07852</gx:fid>
				<LookAt>
					<longitude>103.9201032</longitude>
					<latitude>13.4465566</latitude>
					<altitude>0</altitude>
					<heading>0</heading>
					<tilt>0</tilt>
					<gx:fovy>35</gx:fovy>
					<range>1024.202628734354</range>
					<altitudeMode>relativeToGround</altitudeMode>
				</LookAt>
				<styleUrl>#__managed_style_09D68454A040DE0EFC8C</styleUrl>
				<Point>
					<altitudeMode>relativeToGround</altitudeMode>
					<coordinates>103.9201032,13.4465566,0</coordinates>
				</Point>
			</Placemark>
			<Placemark id="03C5E8114F3CA450F8CC">
				<gx:mid>/m/07c7xr</gx:mid>
				<gx:fid>0x31103e62f15887bd:0x92ca47d68d6c2133</gx:fid>
				<LookAt>
					<longitude>103.9591102</longitude>
					<latitude>13.4421661</latitude>
					<altitude>0</altitude>
					<heading>0</heading>
					<tilt>0</tilt>
					<gx:fovy>35</gx:fovy>
					<range>1024.223585308308</range>
					<altitudeMode>relativeToGround</altitudeMode>
				</LookAt>
				<styleUrl>#__managed_style_09D68454A040DE0EFC8C</styleUrl>
				<Point>
					<altitudeMode>relativeToGround</altitudeMode>
					<coordinates>103.9591102,13.4421661,0</coordinates>
				</Point>
			</Placemark>
			<Placemark id="0C3AAD94413CA451DB28">
				<gx:mid>/m/02b0qn</gx:mid>
				<gx:fid>0x311015880b7579c9:0xb995ffd1f61235dc</gx:fid>
				<LookAt>
					<longitude>103.913001</longitude>
					<latitude>13.4645747</latitude>
					<altitude>0</altitude>
					<heading>0</heading>
					<tilt>0</tilt>
					<gx:fovy>35</gx:fovy>
					<range>1024.116555890647</range>
					<altitudeMode>relativeToGround</altitudeMode>
				</LookAt>
				<styleUrl>#__managed_style_2DDC67E74340DE0EFC8C</styleUrl>
				<Point>
					<altitudeMode>relativeToGround</altitudeMode>
					<coordinates>103.913001,13.4645747,0</coordinates>
				</Point>
			</Placemark>
			<Placemark id="08B3F2E1663CA4647CFC">
				<gx:mid>/g/11c1qs5888</gx:mid>
				<gx:fid>0x31101703c8a9f3e9:0x3e5b5998a8f2d21e</gx:fid>
				<LookAt>
					<longitude>103.8608776</longitude>
					<latitude>13.3851263</latitude>
					<altitude>0</altitude>
					<heading>0</heading>
					<tilt>0</tilt>
					<gx:fovy>35</gx:fovy>
					<range>1024.495242269901</range>
					<altitudeMode>relativeToGround</altitudeMode>
				</LookAt>
				<styleUrl>#__managed_style_1BA304D67240DE0EFC93</styleUrl>
				<Point>
					<altitudeMode>relativeToGround</altitudeMode>
					<coordinates>103.8608776,13.3851263,0</coordinates>
				</Point>
			</Placemark>
			<Placemark id="01A29441033CA4655759">
				<gx:mid>/g/113h_bt5_</gx:mid>
				<gx:fid>0x31101787eabc73ff:0x27e6969faab02940</gx:fid>
				<LookAt>
					<longitude>103.8707783</longitude>
					<latitude>13.3238595</latitude>
					<altitude>0</altitude>
					<heading>0</heading>
					<tilt>0</tilt>
					<gx:fovy>35</gx:fovy>
					<range>1024.785782304403</range>
					<altitudeMode>relativeToGround</altitudeMode>
				</LookAt>
				<styleUrl>#__managed_style_32A1235CE540DE0EFC8C</styleUrl>
				<Point>
					<altitudeMode>relativeToGround</altitudeMode>
					<coordinates>103.8707882,13.3238584,0</coordinates>
				</Point>
			</Placemark>
			<Placemark id="013A87F75A3CA46701D8">
				<gx:mid>/g/11whgqv8xf</gx:mid>
				<gx:fid>0x310fd76e98b0309d:0x841ebac6f4d994f9</gx:fid>
				<LookAt>
					<longitude>104.1242024</longitude>
					<latitude>13.1012859</latitude>
					<altitude>0</altitude>
					<heading>0</heading>
					<tilt>0</tilt>
					<gx:fovy>35</gx:fovy>
					<range>1025.830383866868</range>
					<altitudeMode>relativeToGround</altitudeMode>
				</LookAt>
				<styleUrl>#__managed_style_3B6EEBC84940DE0EFC88</styleUrl>
				<Point>
					<altitudeMode>relativeToGround</altitudeMode>
					<coordinates>104.1242024,13.1012859,0</coordinates>
				</Point>
			</Placemark>
			<Placemark id="030D9688153CA4680664">
				<gx:mid>/g/1tdfkqq_</gx:mid>
				<gx:fid>0x31101764ddc60a5f:0x2bf0ca9485c8c9c2</gx:fid>
				<LookAt>
					<longitude>103.8548876</longitude>
					<latitude>13.3522766</latitude>
					<altitude>0</altitude>
					<heading>0</heading>
					<tilt>0</tilt>
					<gx:fovy>35</gx:fovy>
					<range>1024.651183257024</range>
					<altitudeMode>relativeToGround</altitudeMode>
				</LookAt>
				<styleUrl>#__managed_style_165227905A40DE0EFC8E</styleUrl>
				<Point>
					<altitudeMode>relativeToGround</altitudeMode>
					<coordinates>103.8548876,13.3522764,0</coordinates>
				</Point>
			</Placemark>
			<Placemark id="0C0B77EDB63CA469ACA0">
				<gx:mid>/g/11c20t0zjf</gx:mid>
				<gx:fid>0x31101770b8c75fd1:0x52c27278fb0144bc</gx:fid>
				<LookAt>
					<longitude>103.8617518</longitude>
					<latitude>13.3563126</latitude>
					<altitude>0</altitude>
					<heading>0</heading>
					<tilt>0</tilt>
					<gx:fovy>35</gx:fovy>
					<range>1024.632043971538</range>
					<altitudeMode>relativeToGround</altitudeMode>
				</LookAt>
				<styleUrl>#__managed_style_09D68454A040DE0EFC8C</styleUrl>
				<Point>
					<altitudeMode>relativeToGround</altitudeMode>
					<coordinates>103.8617517,13.356307,0</coordinates>
				</Point>
			</Placemark>
			<Placemark id="0848B592A23CA46A9627">
				<gx:mid>/g/1wj_qqyc</gx:mid>
				<gx:fid>0x3110177251a23f6f:0x4e2478609d750c60</gx:fid>
				<LookAt>
					<longitude>103.8596448</longitude>
					<latitude>13.3629425</latitude>
					<altitude>0</altitude>
					<heading>0</heading>
					<tilt>0</tilt>
					<gx:fovy>35</gx:fovy>
					<range>1024.600591862325</range>
					<altitudeMode>relativeToGround</altitudeMode>
				</LookAt>
				<styleUrl>#__managed_style_40A616872E40DE0EFC88</styleUrl>
				<Point>
					<altitudeMode>relativeToGround</altitudeMode>
					<coordinates>103.8596448,13.3629425,0</coordinates>
				</Point>
			</Placemark>
			<Placemark id="0C34429AA93CA46B5CD9">
				<gx:mid>/g/11j7k8rh03</gx:mid>
				<gx:fid>0x3110494b861559f7:0x314135cf7093c231</gx:fid>
				<LookAt>
					<longitude>104.1630825</longitude>
					<latitude>13.5787202</latitude>
					<altitude>0</altitude>
					<heading>0</heading>
					<tilt>0</tilt>
					<gx:fovy>35</gx:fovy>
					<range>1023.568684184168</range>
					<altitudeMode>relativeToGround</altitudeMode>
				</LookAt>
				<styleUrl>#__managed_style_19F95638B640DE0EFC88</styleUrl>
				<Point>
					<altitudeMode>relativeToGround</altitudeMode>
					<coordinates>104.1630825,13.5787202,0</coordinates>
				</Point>
			</Placemark>
			<Placemark id="06CB631D7F3CA46C9313">
				<gx:mid>/g/1pp2tyr0k</gx:mid>
				<gx:fid>0x3110483fe4eabded:0x7ff6c61c9ab7d5a3</gx:fid>
				<LookAt>
					<longitude>104.1238896</longitude>
					<latitude>13.531261</latitude>
					<altitude>0</altitude>
					<heading>0</heading>
					<tilt>0</tilt>
					<gx:fovy>35</gx:fovy>
					<range>1023.797021807714</range>
					<altitudeMode>relativeToGround</altitudeMode>
				</LookAt>
				<styleUrl>#__managed_style_09D68454A040DE0EFC8C</styleUrl>
				<Point>
					<altitudeMode>relativeToGround</altitudeMode>
					<coordinates>104.1238894,13.5313128,0</coordinates>
				</Point>
			</Placemark>
			<Placemark id="038BB3AE433CA46D66DB">
				<gx:mid>/g/11c30x_fhf</gx:mid>
				<gx:fid>0x31101771eb348293:0xb883af0ffe19f4e3</gx:fid>
				<LookAt>
					<longitude>103.8581158</longitude>
					<latitude>13.3593389</latitude>
					<altitude>0</altitude>
					<heading>0</heading>
					<tilt>0</tilt>
					<gx:fovy>35</gx:fovy>
					<range>1024.617689145186</range>
					<altitudeMode>relativeToGround</altitudeMode>
				</LookAt>
				<styleUrl>#__managed_style_01B975E67A40DE0EFC8B</styleUrl>
				<Point>
					<altitudeMode>relativeToGround</altitudeMode>
					<coordinates>103.8581418,13.3593962,0</coordinates>
				</Point>
			</Placemark>
			<Placemark id="06AE8ADE453CA47471EC">
				<gx:mid>/g/11b6_t2k56</gx:mid>
				<gx:fid>0x3110176e6d16c8d5:0x4174b6858d3a436a</gx:fid>
				<LookAt>
					<longitude>103.8548331</longitude>
					<latitude>13.3604175</latitude>
					<altitude>0</altitude>
					<heading>0</heading>
					<tilt>0</tilt>
					<gx:fovy>35</gx:fovy>
					<range>1024.612572195829</range>
					<altitudeMode>relativeToGround</altitudeMode>
				</LookAt>
				<styleUrl>#__managed_style_01B975E67A40DE0EFC8B</styleUrl>
				<Point>
					<altitudeMode>relativeToGround</altitudeMode>
					<coordinates>103.8548331,13.3604175,0</coordinates>
				</Point>
			</Placemark>
			<Placemark id="0B836480333CA4751C90">
				<gx:mid>/g/11b6bjhjh5</gx:mid>
				<gx:fid>0x3110177ac1199ee3:0xf49d11798e56515b</gx:fid>
				<LookAt>
					<longitude>103.8575475</longitude>
					<latitude>13.3589805</latitude>
					<altitude>0</altitude>
					<heading>0</heading>
					<tilt>0</tilt>
					<gx:fovy>35</gx:fovy>
					<range>1024.619389329647</range>
					<altitudeMode>relativeToGround</altitudeMode>
				</LookAt>
				<styleUrl>#__managed_style_01B975E67A40DE0EFC8B</styleUrl>
				<Point>
					<altitudeMode>relativeToGround</altitudeMode>
					<coordinates>103.8575475,13.3589805,0</coordinates>
				</Point>
			</Placemark>
			<Placemark id="0BC349AFE53CA4770936">
				<gx:mid>/g/11pkfhxm8k</gx:mid>
				<gx:fid>0x311017855742ea89:0x83f6d4d8ffe63f38</gx:fid>
				<LookAt>
					<longitude>103.837918</longitude>
					<latitude>13.3692251</latitude>
					<altitude>0</altitude>
					<heading>0</heading>
					<tilt>0</tilt>
					<gx:fovy>35</gx:fovy>
					<range>1024.570773363061</range>
					<altitudeMode>relativeToGround</altitudeMode>
				</LookAt>
				<styleUrl>#__managed_style_01B975E67A40DE0EFC8B</styleUrl>
				<Point>
					<altitudeMode>relativeToGround</altitudeMode>
					<coordinates>103.837918,13.3692251,0</coordinates>
				</Point>
			</Placemark>
			<Placemark id="0D8A73FE503CA4779959">
				<gx:mid>/g/11vwp9sndg</gx:mid>
				<gx:fid>0x311017006630b96b:0x27d94167559251f1</gx:fid>
				<LookAt>
					<longitude>103.86278</longitude>
					<latitude>13.352948</latitude>
					<altitude>0</altitude>
					<heading>0</heading>
					<tilt>0</tilt>
					<gx:fovy>35</gx:fovy>
					<range>1024.647999771972</range>
					<altitudeMode>relativeToGround</altitudeMode>
				</LookAt>
				<styleUrl>#__managed_style_01B975E67A40DE0EFC8B</styleUrl>
				<Point>
					<altitudeMode>relativeToGround</altitudeMode>
					<coordinates>103.862782,13.3529855,0</coordinates>
				</Point>
			</Placemark>
			<Placemark id="0A60B659093CA4785710">
				<gx:mid>/g/11j921qd8z</gx:mid>
				<gx:fid>0x311017ce86a62cfb:0x2171ba490cdbb2e1</gx:fid>
				<LookAt>
					<longitude>103.8561307</longitude>
					<latitude>13.3498934</latitude>
					<altitude>0</altitude>
					<heading>0</heading>
					<tilt>0</tilt>
					<gx:fovy>35</gx:fovy>
					<range>1024.662482094666</range>
					<altitudeMode>relativeToGround</altitudeMode>
				</LookAt>
				<styleUrl>#__managed_style_01B975E67A40DE0EFC8B</styleUrl>
				<Point>
					<altitudeMode>relativeToGround</altitudeMode>
					<coordinates>103.8561307,13.3498934,0</coordinates>
				</Point>
			</Placemark>
			<Placemark id="09436938803CA4792A77">
				<gx:mid>/g/11j7grm319</gx:mid>
				<gx:fid>0x311017ccdae7a679:0xbcfc5f1687a2a6ac</gx:fid>
				<LookAt>
					<longitude>103.8593656</longitude>
					<latitude>13.3607316</latitude>
					<altitude>0</altitude>
					<heading>0</heading>
					<tilt>0</tilt>
					<gx:fovy>35</gx:fovy>
					<range>1024.611082009411</range>
					<altitudeMode>relativeToGround</altitudeMode>
				</LookAt>
				<styleUrl>#__managed_style_01B975E67A40DE0EFC8B</styleUrl>
				<Point>
					<altitudeMode>relativeToGround</altitudeMode>
					<coordinates>103.8593656,13.3607316,0</coordinates>
				</Point>
			</Placemark>
			<Placemark id="01B51964F83CA479EFCB">
				<gx:mid>/g/1hhj40hb9</gx:mid>
				<gx:fid>0x3110177025914335:0xe50b98810543a5e0</gx:fid>
				<LookAt>
					<longitude>103.85591</longitude>
					<latitude>13.357432</latitude>
					<altitude>0</altitude>
					<heading>0</heading>
					<tilt>0</tilt>
					<gx:fovy>35</gx:fovy>
					<range>1024.626734623547</range>
					<altitudeMode>relativeToGround</altitudeMode>
				</LookAt>
				<styleUrl>#__managed_style_01B975E67A40DE0EFC8B</styleUrl>
				<Point>
					<altitudeMode>relativeToGround</altitudeMode>
					<coordinates>103.85591,13.357432,0</coordinates>
				</Point>
			</Placemark>
			<Placemark id="0F22CD200C3CA47B8BB4">
				<gx:mid>/g/11b5yxzhr7</gx:mid>
				<gx:fid>0x3110177c5f61ec1b:0xc7571608c4f8f7c5</gx:fid>
				<LookAt>
					<longitude>103.8591834</longitude>
					<latitude>13.3476085</latitude>
					<altitude>0</altitude>
					<heading>0</heading>
					<tilt>0</tilt>
					<gx:fovy>35</gx:fovy>
					<range>1024.673313050974</range>
					<altitudeMode>relativeToGround</altitudeMode>
				</LookAt>
				<styleUrl>#__managed_style_01B975E67A40DE0EFC8B</styleUrl>
				<Point>
					<altitudeMode>relativeToGround</altitudeMode>
					<coordinates>103.8591834,13.3476085,0</coordinates>
				</Point>
			</Placemark>
			<Placemark id="0C325571FD3CA47C2E24">
				<gx:mid>/g/11h5dmvv84</gx:mid>
				<gx:fid>0x3110170d7b8e2a7b:0xc2c9ae6ca57e9e88</gx:fid>
				<LookAt>
					<longitude>103.8553632</longitude>
					<latitude>13.3518425</latitude>
					<altitude>0</altitude>
					<heading>0</heading>
					<tilt>0</tilt>
					<gx:fovy>35</gx:fovy>
					<range>1024.653241486627</range>
					<altitudeMode>relativeToGround</altitudeMode>
				</LookAt>
				<styleUrl>#__managed_style_01B975E67A40DE0EFC8B</styleUrl>
				<Point>
					<altitudeMode>relativeToGround</altitudeMode>
					<coordinates>103.8553634,13.351819,0</coordinates>
				</Point>
			</Placemark>
			<Placemark id="041B9ED1EE3CA47D0A96">
				<gx:mid>/g/11rhdsqtmw</gx:mid>
				<gx:fid>0x3110192220c1ccd7:0x3b63cd263e7c0cd2</gx:fid>
				<LookAt>
					<longitude>103.8712557</longitude>
					<latitude>13.3243692</latitude>
					<altitude>0</altitude>
					<heading>0</heading>
					<tilt>0</tilt>
					<gx:fovy>35</gx:fovy>
					<range>1024.783370535016</range>
					<altitudeMode>relativeToGround</altitudeMode>
				</LookAt>
				<styleUrl>#__managed_style_01B975E67A40DE0EFC8B</styleUrl>
				<Point>
					<altitudeMode>relativeToGround</altitudeMode>
					<coordinates>103.8712557,13.3243692,0</coordinates>
				</Point>
			</Placemark>
			<Placemark id="0D632025DF3CA47DED04">
				<gx:mid>/g/11xzrrz2d_</gx:mid>
				<gx:fid>0x311017788714a865:0x3fe8cd737a33d4c6</gx:fid>
				<LookAt>
					<longitude>103.8659127</longitude>
					<latitude>13.373313</latitude>
					<altitude>0</altitude>
					<heading>0</heading>
					<tilt>0</tilt>
					<gx:fovy>35</gx:fovy>
					<range>1024.551364054759</range>
					<altitudeMode>relativeToGround</altitudeMode>
				</LookAt>
				<styleUrl>#__managed_style_1F62974FC240DE0EFC8C</styleUrl>
				<Point>
					<altitudeMode>relativeToGround</altitudeMode>
					<coordinates>103.8659127,13.373313,0</coordinates>
				</Point>
			</Placemark>
			<Placemark id="048D53D3073CA47E6DCC">
				<gx:mid>/g/11y0rg1j8k</gx:mid>
				<gx:fid>0x3110170000e3d1c5:0xdf5c9f413be21d4a</gx:fid>
				<LookAt>
					<longitude>103.8637283</longitude>
					<latitude>13.3706029</latitude>
					<altitude>0</altitude>
					<heading>0</heading>
					<tilt>0</tilt>
					<gx:fovy>35</gx:fovy>
					<range>1024.564232225609</range>
					<altitudeMode>relativeToGround</altitudeMode>
				</LookAt>
				<styleUrl>#__managed_style_1F62974FC240DE0EFC8C</styleUrl>
				<Point>
					<altitudeMode>relativeToGround</altitudeMode>
					<coordinates>103.8637321,13.3706168,0</coordinates>
				</Point>
			</Placemark>
			<Placemark id="033E7EF71C3CA47F1434">
				<gx:mid>/g/11m5gqnjsg</gx:mid>
				<gx:fid>0x311017000b5bfd45:0xa2e8abe5af7b4e7e</gx:fid>
				<LookAt>
					<longitude>103.8533097</longitude>
					<latitude>13.3511979</latitude>
					<altitude>0</altitude>
					<heading>0</heading>
					<tilt>0</tilt>
					<gx:fovy>35</gx:fovy>
					<range>1024.656297655262</range>
					<altitudeMode>relativeToGround</altitudeMode>
				</LookAt>
				<styleUrl>#__managed_style_1F62974FC240DE0EFC8C</styleUrl>
				<Point>
					<altitudeMode>relativeToGround</altitudeMode>
					<coordinates>103.8533097,13.3511979,0</coordinates>
				</Point>
			</Placemark>
			<Placemark id="0006B3D93B3CA48009D7">
				<gx:mid>/g/11xmgmctwg</gx:mid>
				<gx:fid>0x31103f3e3ca7f9b7:0xdc6b27a8bf75e55f</gx:fid>
				<LookAt>
					<longitude>103.9282341</longitude>
					<latitude>13.4435642</latitude>
					<altitude>0</altitude>
					<heading>0</heading>
					<tilt>0</tilt>
					<gx:fovy>35</gx:fovy>
					<range>1024.216912668806</range>
					<altitudeMode>relativeToGround</altitudeMode>
				</LookAt>
				<styleUrl>#__managed_style_1F62974FC240DE0EFC8C</styleUrl>
				<Point>
					<altitudeMode>relativeToGround</altitudeMode>
					<coordinates>103.9282341,13.4435642,0</coordinates>
				</Point>
			</Placemark>
			<Placemark id="0DBA14D8823CA480C2EF">
				<gx:mid>/g/11c54bpsd7</gx:mid>
				<gx:fid>0x3110177a90d2f5e7:0x2f08b283577ff5b3</gx:fid>
				<LookAt>
					<longitude>103.858358</longitude>
					<latitude>13.3541913</latitude>
					<altitude>0</altitude>
					<heading>0</heading>
					<tilt>0</tilt>
					<gx:fovy>35</gx:fovy>
					<range>1024.642104177244</range>
					<altitudeMode>relativeToGround</altitudeMode>
				</LookAt>
				<styleUrl>#__managed_style_1F62974FC240DE0EFC8C</styleUrl>
				<Point>
					<altitudeMode>relativeToGround</altitudeMode>
					<coordinates>103.858358,13.3541913,0</coordinates>
				</Point>
			</Placemark>
			<Placemark id="0D9AB45F0A3CA482910E">
				<gx:mid>/g/11wtknpzlh</gx:mid>
				<gx:fid>0x3110170026d5a101:0x98e69ad81bf75ac7</gx:fid>
				<LookAt>
					<longitude>103.8551507</longitude>
					<latitude>13.35485</latitude>
					<altitude>0</altitude>
					<heading>0</heading>
					<tilt>0</tilt>
					<gx:fovy>35</gx:fovy>
					<range>1024.638980476946</range>
					<altitudeMode>relativeToGround</altitudeMode>
				</LookAt>
				<styleUrl>#__managed_style_2D5D24AB8140DE0EFC93</styleUrl>
				<Point>
					<altitudeMode>relativeToGround</altitudeMode>
					<coordinates>103.8551507,13.35485,0</coordinates>
				</Point>
			</Placemark>
			<Placemark id="04633E35853CA4A61EBB">
				<gx:mid>/g/1tqtvbnh</gx:mid>
				<gx:fid>0x31101607e72bddaf:0xfb733e3787696680</gx:fid>
				<LookAt>
					<longitude>103.9032214</longitude>
					<latitude>13.4302731</latitude>
					<altitude>0</altitude>
					<heading>0</heading>
					<tilt>0</tilt>
					<gx:fovy>35</gx:fovy>
					<range>1024.280319199277</range>
					<altitudeMode>relativeToGround</altitudeMode>
				</LookAt>
				<styleUrl>#__managed_style_19F95638B640DE0EFC88</styleUrl>
				<Point>
					<altitudeMode>relativeToGround</altitudeMode>
					<coordinates>103.9032214,13.4302731,0</coordinates>
				</Point>
			</Placemark>
			<Placemark id="07F4747E1E3CA4B3C599">
				<gx:mid>/g/11ffv373pl</gx:mid>
				<gx:fid>0x3107ef7628165ae3:0xc6ef46e64d6ca204</gx:fid>
				<LookAt>
					<longitude>103.3053318</longitude>
					<latitude>10.5898788</latitude>
					<altitude>0</altitude>
					<heading>0</heading>
					<tilt>0</tilt>
					<gx:fovy>35</gx:fovy>
					<range>1036.426538762479</range>
					<altitudeMode>relativeToGround</altitudeMode>
				</LookAt>
				<styleUrl>#__managed_style_0FAD26B0D940DE0EFC8E</styleUrl>
				<Point>
					<altitudeMode>relativeToGround</altitudeMode>
					<coordinates>103.3053318,10.5898788,0</coordinates>
				</Point>
			</Placemark>
			<Placemark id="0C1E0230583CA4B4A6DC">
				<gx:mid>/g/1hc79blq4</gx:mid>
				<gx:fid>0x3107eefbd8c1aae7:0xd2daf4a175e75fb9</gx:fid>
				<LookAt>
					<longitude>103.3041789</longitude>
					<latitude>10.56735995</latitude>
					<altitude>0</altitude>
					<heading>0</heading>
					<tilt>0</tilt>
					<gx:fovy>35</gx:fovy>
					<range>5614.868613608457</range>
					<altitudeMode>relativeToGround</altitudeMode>
				</LookAt>
				<styleUrl>#__managed_style_24F3E0458E40DE0EFC89</styleUrl>
				<Point>
					<altitudeMode>relativeToGround</altitudeMode>
					<coordinates>103.3041789,10.5673601,0</coordinates>
				</Point>
			</Placemark>
			<Placemark id="07DE4C1B9D3CA4BDF413">
				<gx:mid>/g/11tdhwy2jj</gx:mid>
				<gx:fid>0x3107e9d5dababb3b:0xd8260c329bb7173a</gx:fid>
				<LookAt>
					<longitude>103.2944967</longitude>
					<latitude>10.6240061</latitude>
					<altitude>0</altitude>
					<heading>0</heading>
					<tilt>0</tilt>
					<gx:fovy>35</gx:fovy>
					<range>1036.297288528398</range>
					<altitudeMode>relativeToGround</altitudeMode>
				</LookAt>
				<styleUrl>#__managed_style_19F95638B640DE0EFC88</styleUrl>
				<Point>
					<altitudeMode>relativeToGround</altitudeMode>
					<coordinates>103.2944967,10.6240061,0</coordinates>
				</Point>
			</Placemark>
			<Placemark id="0124957B5F3CA4BED45C">
				<gx:mid>/g/11vrt1cwk4</gx:mid>
				<gx:fid>0x3107e94d7fcc2615:0x837c12af75b0da85</gx:fid>
				<LookAt>
					<longitude>103.2729484</longitude>
					<latitude>10.6658181</latitude>
					<altitude>0</altitude>
					<heading>0</heading>
					<tilt>0</tilt>
					<gx:fovy>35</gx:fovy>
					<range>1036.138377889132</range>
					<altitudeMode>relativeToGround</altitudeMode>
				</LookAt>
				<styleUrl>#__managed_style_01B975E67A40DE0EFC8B</styleUrl>
				<Point>
					<altitudeMode>relativeToGround</altitudeMode>
					<coordinates>103.2729484,10.6658181,0</coordinates>
				</Point>
			</Placemark>
			<Placemark id="02BD22CE933CA4C15F78">
				<gx:mid>/g/11sty4r0sz</gx:mid>
				<gx:fid>0x3107e978a11431e7:0x18db867b37cb4ed8</gx:fid>
				<LookAt>
					<longitude>103.2890873</longitude>
					<latitude>10.6200076</latitude>
					<altitude>0</altitude>
					<heading>0</heading>
					<tilt>0</tilt>
					<gx:fovy>35</gx:fovy>
					<range>1036.312453140164</range>
					<altitudeMode>relativeToGround</altitudeMode>
				</LookAt>
				<styleUrl>#__managed_style_2072F2C1A440DE0EFC91</styleUrl>
				<Point>
					<altitudeMode>relativeToGround</altitudeMode>
					<coordinates>103.2890873,10.6200076,0</coordinates>
				</Point>
			</Placemark>
			<Placemark id="095A178ED13CA4C54534">
				<gx:mid>/g/11vl7b7skx</gx:mid>
				<gx:fid>0x3107c1d53039a4f5:0x791e3d69f4d200e</gx:fid>
				<LookAt>
					<longitude>103.2466099</longitude>
					<latitude>10.7667947</latitude>
					<altitude>0</altitude>
					<heading>0</heading>
					<tilt>0</tilt>
					<gx:fovy>35</gx:fovy>
					<range>1035.752081644911</range>
					<altitudeMode>relativeToGround</altitudeMode>
				</LookAt>
				<styleUrl>#__managed_style_01B975E67A40DE0EFC8B</styleUrl>
				<Point>
					<altitudeMode>relativeToGround</altitudeMode>
					<coordinates>103.2466099,10.7667947,0</coordinates>
				</Point>
			</Placemark>
			<Placemark id="0AA5579C0F3CA4C63FFC">
				<gx:mid>/g/11vb82rn2n</gx:mid>
				<gx:fid>0x3107c19f799865a7:0xab5b6aeff0dae742</gx:fid>
				<LookAt>
					<longitude>103.2857392</longitude>
					<latitude>10.6837111</latitude>
					<altitude>0</altitude>
					<heading>0</heading>
					<tilt>0</tilt>
					<gx:fovy>35</gx:fovy>
					<range>1036.070186682575</range>
					<altitudeMode>relativeToGround</altitudeMode>
				</LookAt>
				<styleUrl>#__managed_style_01B975E67A40DE0EFC8B</styleUrl>
				<Point>
					<altitudeMode>relativeToGround</altitudeMode>
					<coordinates>103.2857392,10.6837111,0</coordinates>
				</Point>
			</Placemark>
			<Placemark id="0278D0016E3CA4C80A51">
				<gx:mid>/g/11t5d1n8dw</gx:mid>
				<gx:fid>0x3107e98ed15d7f2b:0x77aacf067b0c1ad</gx:fid>
				<LookAt>
					<longitude>103.2866057</longitude>
					<latitude>10.6822994</latitude>
					<altitude>0</altitude>
					<heading>0</heading>
					<tilt>0</tilt>
					<gx:fovy>35</gx:fovy>
					<range>1036.075570823127</range>
					<altitudeMode>relativeToGround</altitudeMode>
				</LookAt>
				<styleUrl>#__managed_style_24F3E0458E40DE0EFC89</styleUrl>
				<Point>
					<altitudeMode>relativeToGround</altitudeMode>
					<coordinates>103.2866057,10.6822994,0</coordinates>
				</Point>
			</Placemark>
			<Placemark id="071FC6E6953CA4C88198">
				<gx:mid>/g/11c52q27j8</gx:mid>
				<gx:fid>0x3107ea08be4559c3:0x7cb26ae7c4c79a38</gx:fid>
				<LookAt>
					<longitude>103.2369037</longitude>
					<latitude>10.7087425</latitude>
					<altitude>0</altitude>
					<heading>0</heading>
					<tilt>0</tilt>
					<gx:fovy>35</gx:fovy>
					<range>1035.974602500579</range>
					<altitudeMode>relativeToGround</altitudeMode>
				</LookAt>
				<styleUrl>#__managed_style_24F3E0458E40DE0EFC89</styleUrl>
				<Point>
					<altitudeMode>relativeToGround</altitudeMode>
					<coordinates>103.2369037,10.7087425,0</coordinates>
				</Point>
			</Placemark>
			<Placemark id="0726CC50353CA4C8E050">
				<gx:mid>/g/11rnhy31qb</gx:mid>
				<gx:fid>0x3107eb9fa0ef156b:0x980f96459f3dae1e</gx:fid>
				<LookAt>
					<longitude>103.2591656</longitude>
					<latitude>10.6722122</latitude>
					<altitude>0</altitude>
					<heading>0</heading>
					<tilt>0</tilt>
					<gx:fovy>35</gx:fovy>
					<range>1036.114022497864</range>
					<altitudeMode>relativeToGround</altitudeMode>
				</LookAt>
				<styleUrl>#__managed_style_24F3E0458E40DE0EFC89</styleUrl>
				<Point>
					<altitudeMode>relativeToGround</altitudeMode>
					<coordinates>103.2591656,10.6722122,0</coordinates>
				</Point>
			</Placemark>
			<Placemark id="05A3F86E843CA4D0AA23">
				<gx:mid>/g/11sjd8sfrt</gx:mid>
				<gx:fid>0x3107e9c729b85749:0x4ba099e572a133fb</gx:fid>
				<LookAt>
					<longitude>103.2978954</longitude>
					<latitude>10.617917</latitude>
					<altitude>0</altitude>
					<heading>0</heading>
					<tilt>0</tilt>
					<gx:fovy>35</gx:fovy>
					<range>1036.320379667961</range>
					<altitudeMode>relativeToGround</altitudeMode>
				</LookAt>
				<styleUrl>#__managed_style_24F3E0458E40DE0EFC89</styleUrl>
				<Point>
					<altitudeMode>relativeToGround</altitudeMode>
					<coordinates>103.2978954,10.617917,0</coordinates>
				</Point>
			</Placemark>
			<Placemark id="0324831D663CA8A14D60">
				<gx:mid>/g/11hbr20963</gx:mid>
				<gx:fid>0x3107e98c35f2731d:0x35fecb456ede8361</gx:fid>
				<LookAt>
					<longitude>103.27528765</longitude>
					<latitude>10.66741915</latitude>
					<altitude>0</altitude>
					<heading>0</heading>
					<tilt>0</tilt>
					<gx:fovy>35</gx:fovy>
					<range>1036.132280767338</range>
					<altitudeMode>relativeToGround</altitudeMode>
				</LookAt>
				<styleUrl>#__managed_style_24F3E0458E40DE0EFC89</styleUrl>
				<Point>
					<altitudeMode>relativeToGround</altitudeMode>
					<coordinates>103.2740587,10.6677062,0</coordinates>
				</Point>
			</Placemark>
			<Placemark id="01A2EB01213CA8AD930C">
				<gx:mid>/g/11xkvd0z8z</gx:mid>
				<gx:fid>0x3107c10070ec22d3:0xf41c8ec06772f69c</gx:fid>
				<LookAt>
					<longitude>103.2576667</longitude>
					<latitude>10.7418611</latitude>
					<altitude>0</altitude>
					<heading>0</heading>
					<tilt>0</tilt>
					<gx:fovy>35</gx:fovy>
					<range>1035.847799595071</range>
					<altitudeMode>relativeToGround</altitudeMode>
				</LookAt>
				<styleUrl>#__managed_style_01B975E67A40DE0EFC8B</styleUrl>
				<Point>
					<altitudeMode>relativeToGround</altitudeMode>
					<coordinates>103.2576667,10.7418611,0</coordinates>
				</Point>
			</Placemark>
			<Placemark id="027E5D23483CA8AF217C">
				<gx:mid>/g/11gj76zbxh</gx:mid>
				<gx:fid>0x3107effaa5b124c1:0x767f7d69476c7da4</gx:fid>
				<LookAt>
					<longitude>103.3217174</longitude>
					<latitude>10.5717621</latitude>
					<altitude>0</altitude>
					<heading>0</heading>
					<tilt>0</tilt>
					<gx:fovy>35</gx:fovy>
					<range>1036.494986278812</range>
					<altitudeMode>relativeToGround</altitudeMode>
				</LookAt>
				<styleUrl>#__managed_style_01B975E67A40DE0EFC8B</styleUrl>
				<Point>
					<altitudeMode>relativeToGround</altitudeMode>
					<coordinates>103.3217174,10.5717621,0</coordinates>
				</Point>
			</Placemark>
			<Placemark id="024E3DAB2E3CA8AFCBAC">
				<gx:mid>/g/11k4jflw_p</gx:mid>
				<gx:fid>0x3107e940e39ce751:0x6c03fc07ccb10755</gx:fid>
				<LookAt>
					<longitude>103.2859951</longitude>
					<latitude>10.6831017</latitude>
					<altitude>0</altitude>
					<heading>0</heading>
					<tilt>0</tilt>
					<gx:fovy>35</gx:fovy>
					<range>1036.072510983852</range>
					<altitudeMode>relativeToGround</altitudeMode>
				</LookAt>
				<styleUrl>#__managed_style_01B975E67A40DE0EFC8B</styleUrl>
				<Point>
					<altitudeMode>relativeToGround</altitudeMode>
					<coordinates>103.2859951,10.6831017,0</coordinates>
				</Point>
			</Placemark>
			<Placemark id="06B2DAA5763CA8B1DE87">
				<gx:mid>/g/11j45v4m2j</gx:mid>
				<gx:fid>0x3107e9ea46651dfd:0x394b603a450ac12a</gx:fid>
				<LookAt>
					<longitude>103.2935606</longitude>
					<latitude>10.6208363</latitude>
					<altitude>0</altitude>
					<heading>0</heading>
					<tilt>0</tilt>
					<gx:fovy>35</gx:fovy>
					<range>1036.309310693254</range>
					<altitudeMode>relativeToGround</altitudeMode>
				</LookAt>
				<styleUrl>#__managed_style_1F62974FC240DE0EFC8C</styleUrl>
				<Point>
					<altitudeMode>relativeToGround</altitudeMode>
					<coordinates>103.2935606,10.6208363,0</coordinates>
				</Point>
			</Placemark>
			<Placemark id="0B73DE9AE73CA8B5C22B">
				<gx:mid>/g/11xf5bpr1b</gx:mid>
				<gx:fid>0x3107e900524e2c7d:0xb4611db6c4c93a78</gx:fid>
				<LookAt>
					<longitude>103.2791699</longitude>
					<latitude>10.6766566</latitude>
					<altitude>0</altitude>
					<heading>0</heading>
					<tilt>0</tilt>
					<gx:fovy>35</gx:fovy>
					<range>1036.097085159029</range>
					<altitudeMode>relativeToGround</altitudeMode>
				</LookAt>
				<styleUrl>#__managed_style_355430D50F40DE0EFC94</styleUrl>
				<Point>
					<altitudeMode>relativeToGround</altitudeMode>
					<coordinates>103.2791699,10.6766566,0</coordinates>
				</Point>
			</Placemark>
			<Placemark id="0C40F986E73CA8B7FFFF">
				<gx:mid>/g/11c5scy00m</gx:mid>
				<gx:fid>0x3107e98ea9d5bbb3:0x8d7339063cf28c1d</gx:fid>
				<LookAt>
					<longitude>103.2726964</longitude>
					<latitude>10.6669476</latitude>
					<altitude>0</altitude>
					<heading>0</heading>
					<tilt>0</tilt>
					<gx:fovy>35</gx:fovy>
					<range>1036.134076618259</range>
					<altitudeMode>relativeToGround</altitudeMode>
				</LookAt>
				<styleUrl>#__managed_style_2072F2C1A440DE0EFC91</styleUrl>
				<Point>
					<altitudeMode>relativeToGround</altitudeMode>
					<coordinates>103.2726964,10.6669476,0</coordinates>
				</Point>
			</Placemark>
			<Placemark id="049C50D4433CA8BB31E6">
				<gx:mid>/g/11w1ks1c37</gx:mid>
				<gx:fid>0x3107e14fdf78cd1d:0x9363dc50ed317853</gx:fid>
				<LookAt>
					<longitude>103.5381809</longitude>
					<latitude>10.6080515</latitude>
					<altitude>0</altitude>
					<heading>0</heading>
					<tilt>0</tilt>
					<gx:fovy>35</gx:fovy>
					<range>1036.35776413388</range>
					<altitudeMode>relativeToGround</altitudeMode>
				</LookAt>
				<styleUrl>#__managed_style_3B6EEBC84940DE0EFC88</styleUrl>
				<Point>
					<altitudeMode>relativeToGround</altitudeMode>
					<coordinates>103.5381809,10.6080515,0</coordinates>
				</Point>
			</Placemark>
			<Placemark id="004CBB2D4D3CA8BEF9EF">
				<gx:mid>/g/11cn0tlf4s</gx:mid>
				<gx:fid>0x310805870c62f165:0x1d0fd7c5a459be15</gx:fid>
				<LookAt>
					<longitude>103.6743173</longitude>
					<latitude>10.499234</latitude>
					<altitude>0</altitude>
					<heading>0</heading>
					<tilt>0</tilt>
					<gx:fovy>35</gx:fovy>
					<range>5616.543252677195</range>
					<altitudeMode>relativeToGround</altitudeMode>
				</LookAt>
				<styleUrl>#__managed_style_3B6EEBC84940DE0EFC88</styleUrl>
				<Point>
					<altitudeMode>relativeToGround</altitudeMode>
					<coordinates>103.6743173,10.4992342,0</coordinates>
				</Point>
			</Placemark>
			<Placemark id="01242A49B13CA8C0533F">
				<gx:mid>/g/11h4bv_fnd</gx:mid>
				<gx:fid>0x3107e1d4e6f6da51:0x99917ad21a071131</gx:fid>
				<LookAt>
					<longitude>103.5254646</longitude>
					<latitude>10.6237682</latitude>
					<altitude>0</altitude>
					<heading>0</heading>
					<tilt>0</tilt>
					<gx:fovy>35</gx:fovy>
					<range>1036.298190938737</range>
					<altitudeMode>relativeToGround</altitudeMode>
				</LookAt>
				<styleUrl>#__managed_style_1F62974FC240DE0EFC8C</styleUrl>
				<Point>
					<altitudeMode>relativeToGround</altitudeMode>
					<coordinates>103.5254646,10.6237682,0</coordinates>
				</Point>
			</Placemark>
			<Placemark id="0EFA3DAA483CA8C0C989">
				<gx:mid>/g/11gf8dsrcn</gx:mid>
				<gx:fid>0x3107e054d173fd17:0x20fb074e923bde94</gx:fid>
				<LookAt>
					<longitude>103.5009269</longitude>
					<latitude>10.6405799</latitude>
					<altitude>0</altitude>
					<heading>0</heading>
					<tilt>0</tilt>
					<gx:fovy>35</gx:fovy>
					<range>1036.234371424292</range>
					<altitudeMode>relativeToGround</altitudeMode>
				</LookAt>
				<styleUrl>#__managed_style_01B975E67A40DE0EFC8B</styleUrl>
				<Point>
					<altitudeMode>relativeToGround</altitudeMode>
					<coordinates>103.5009269,10.6405799,0</coordinates>
				</Point>
			</Placemark>
			<Placemark id="0D85B9D67D3CA8C13D8E">
				<gx:mid>/g/11m67kbbqc</gx:mid>
				<gx:fid>0x3107e1007e8e0061:0x84a9f76a2a2a9c95</gx:fid>
				<LookAt>
					<longitude>103.5257594</longitude>
					<latitude>10.6202793</latitude>
					<altitude>0</altitude>
					<heading>0</heading>
					<tilt>0</tilt>
					<gx:fovy>35</gx:fovy>
					<range>1036.31142287486</range>
					<altitudeMode>relativeToGround</altitudeMode>
				</LookAt>
				<styleUrl>#__managed_style_1F62974FC240DE0EFC8C</styleUrl>
				<Point>
					<altitudeMode>relativeToGround</altitudeMode>
					<coordinates>103.5257594,10.6202793,0</coordinates>
				</Point>
			</Placemark>
			<Placemark id="0F715C1A0C3CA8C1A93C">
				<gx:mid>/g/11wy57xn23</gx:mid>
				<gx:fid>0x3107e10000d67c17:0x2c2d445217f530a3</gx:fid>
				<LookAt>
					<longitude>103.5260998</longitude>
					<latitude>10.6197377</latitude>
					<altitude>0</altitude>
					<heading>0</heading>
					<tilt>0</tilt>
					<gx:fovy>35</gx:fovy>
					<range>1036.313476554402</range>
					<altitudeMode>relativeToGround</altitudeMode>
				</LookAt>
				<styleUrl>#__managed_style_1F62974FC240DE0EFC8C</styleUrl>
				<Point>
					<altitudeMode>relativeToGround</altitudeMode>
					<coordinates>103.5260626,10.6197156,0</coordinates>
				</Point>
			</Placemark>
			<Placemark id="01522C40323CA8C264E0">
				<gx:mid>/g/11v4_sr34d</gx:mid>
				<gx:fid>0x3107e1a48c85867b:0x2fec8b8d47e928c2</gx:fid>
				<LookAt>
					<longitude>103.4911022</longitude>
					<latitude>10.6220957</latitude>
					<altitude>0</altitude>
					<heading>0</heading>
					<tilt>0</tilt>
					<gx:fovy>35</gx:fovy>
					<range>1036.304534562724</range>
					<altitudeMode>relativeToGround</altitudeMode>
				</LookAt>
				<styleUrl>#__managed_style_01B975E67A40DE0EFC8B</styleUrl>
				<Point>
					<altitudeMode>relativeToGround</altitudeMode>
					<coordinates>103.4910723,10.6221113,0</coordinates>
				</Point>
			</Placemark>
			<Placemark id="0BD115C0803CA8C30B37">
				<name>ទឹកធ្លាក់ព្រៃនប់ - מפלים ללא שם אנגלי מוכר</name>
				<LookAt>
					<longitude>103.7627596</longitude>
					<latitude>10.633817</latitude>
					<altitude>0</altitude>
					<heading>0</heading>
					<tilt>0</tilt>
					<gx:fovy>35</gx:fovy>
					<range>1036.260056221678</range>
					<altitudeMode>relativeToGround</altitudeMode>
				</LookAt>
				<styleUrl>#__managed_style_27B837EB8C40DE0EFC94</styleUrl>
				<Point>
					<altitudeMode>relativeToGround</altitudeMode>
					<coordinates>103.7627596,10.633817,0</coordinates>
				</Point>
			</Placemark>
			<Placemark id="023177DF3D3CA8C6E077">
				<gx:mid>/g/11ptv_yn26</gx:mid>
				<gx:fid>0x3107e35a9b5246e7:0x5604847773f63525</gx:fid>
				<LookAt>
					<longitude>103.5427913</longitude>
					<latitude>10.5839836</latitude>
					<altitude>0</altitude>
					<heading>0</heading>
					<tilt>0</tilt>
					<gx:fovy>35</gx:fovy>
					<range>1036.448824304784</range>
					<altitudeMode>relativeToGround</altitudeMode>
				</LookAt>
				<styleUrl>#__managed_style_1F62974FC240DE0EFC8C</styleUrl>
				<Point>
					<altitudeMode>relativeToGround</altitudeMode>
					<coordinates>103.5427913,10.5839836,0</coordinates>
				</Point>
			</Placemark>
			<Placemark id="09B8DE9F443CA8C81749">
				<gx:mid>/g/11scn8c4hk</gx:mid>
				<gx:fid>0x3107e14efd4581e3:0x993627c4b8bbd4ea</gx:fid>
				<LookAt>
					<longitude>103.4787132</longitude>
					<latitude>10.6288939</latitude>
					<altitude>0</altitude>
					<heading>0</heading>
					<tilt>0</tilt>
					<gx:fovy>35</gx:fovy>
					<range>1036.278743571508</range>
					<altitudeMode>relativeToGround</altitudeMode>
				</LookAt>
				<styleUrl>#__managed_style_24F3E0458E40DE0EFC89</styleUrl>
				<Point>
					<altitudeMode>relativeToGround</altitudeMode>
					<coordinates>103.4787132,10.6288939,0</coordinates>
				</Point>
			</Placemark>
			<Placemark id="0D90204DAF3CA8C9B234">
				<gx:mid>/g/11xw0dk1sc</gx:mid>
				<gx:fid>0x3107e1c203b7aaed:0x17148a4585d4fc43</gx:fid>
				<LookAt>
					<longitude>103.5205131</longitude>
					<latitude>10.627102</latitude>
					<altitude>0</altitude>
					<heading>0</heading>
					<tilt>0</tilt>
					<gx:fovy>35</gx:fovy>
					<range>1036.285543247792</range>
					<altitudeMode>relativeToGround</altitudeMode>
				</LookAt>
				<styleUrl>#__managed_style_1F62974FC240DE0EFC8C</styleUrl>
				<Point>
					<altitudeMode>relativeToGround</altitudeMode>
					<coordinates>103.5205131,10.627102,0</coordinates>
				</Point>
			</Placemark>
			<Placemark id="00067222213CA8CB7318">
				<gx:mid>/g/11yjn0r4vq</gx:mid>
				<gx:fid>0x3107e1968edf631d:0xae971ef3f3a7de64</gx:fid>
				<LookAt>
					<longitude>103.5266532</longitude>
					<latitude>10.6291947</latitude>
					<altitude>0</altitude>
					<heading>0</heading>
					<tilt>0</tilt>
					<gx:fovy>35</gx:fovy>
					<range>1036.277602023319</range>
					<altitudeMode>relativeToGround</altitudeMode>
				</LookAt>
				<styleUrl>#__managed_style_002ADBCD2140DE0EFC8F</styleUrl>
				<Point>
					<altitudeMode>relativeToGround</altitudeMode>
					<coordinates>103.5266532,10.6291947,0</coordinates>
				</Point>
			</Placemark>
			<Placemark id="0DBDD671CD3CA8CF12E4">
				<gx:mid>/g/11wg7nlfrq</gx:mid>
				<gx:fid>0x3107c30071bc7fa5:0xc1532c722fd5f2e1</gx:fid>
				<LookAt>
					<longitude>103.313408</longitude>
					<latitude>10.703334</latitude>
					<altitude>0</altitude>
					<heading>0</heading>
					<tilt>0</tilt>
					<gx:fovy>35</gx:fovy>
					<range>1035.995273825155</range>
					<altitudeMode>relativeToGround</altitudeMode>
				</LookAt>
				<styleUrl>#__managed_style_24F3E0458E40DE0EFC89</styleUrl>
				<Point>
					<altitudeMode>relativeToGround</altitudeMode>
					<coordinates>103.313408,10.703334,0</coordinates>
				</Point>
			</Placemark>
			<Placemark id="0B798A4CEC3CA8D62A34">
				<gx:mid>/g/12vrt_0zs</gx:mid>
				<gx:fid>0x31080b341c741de3:0x83a980ddf43e65b2</gx:fid>
				<LookAt>
					<longitude>103.608598</longitude>
					<latitude>10.6744593</latitude>
					<altitude>0</altitude>
					<heading>0</heading>
					<tilt>0</tilt>
					<gx:fovy>35</gx:fovy>
					<range>1036.105459800691</range>
					<altitudeMode>relativeToGround</altitudeMode>
				</LookAt>
				<styleUrl>#__managed_style_0FAD26B0D940DE0EFC8E</styleUrl>
				<Point>
					<altitudeMode>relativeToGround</altitudeMode>
					<coordinates>103.608598,10.6744593,0</coordinates>
				</Point>
			</Placemark>
			<Placemark id="0468A054413CA8DE16B7">
				<gx:mid>/g/12cnz65ct</gx:mid>
				<gx:fid>0x3107e1f163eea6a9:0xc6b9fe66d9708d9b</gx:fid>
				<LookAt>
					<longitude>103.5258255</longitude>
					<latitude>10.6044397</latitude>
					<altitude>0</altitude>
					<heading>0</heading>
					<tilt>0</tilt>
					<gx:fovy>35</gx:fovy>
					<range>1036.3714422131</range>
					<altitudeMode>relativeToGround</altitudeMode>
				</LookAt>
				<styleUrl>#__managed_style_24F3E0458E40DE0EFC89</styleUrl>
				<Point>
					<altitudeMode>relativeToGround</altitudeMode>
					<coordinates>103.5258255,10.6044397,0</coordinates>
				</Point>
			</Placemark>
			<Placemark id="050DE767F03CA8EEAE9F">
				<gx:mid>/g/11md1q7tvr</gx:mid>
				<gx:fid>0x3107e13700db456f:0x3525592639ee511c</gx:fid>
				<LookAt>
					<longitude>103.5043058</longitude>
					<latitude>10.619515</latitude>
					<altitude>0</altitude>
					<heading>0</heading>
					<tilt>0</tilt>
					<gx:fovy>35</gx:fovy>
					<range>1036.314320975167</range>
					<altitudeMode>relativeToGround</altitudeMode>
				</LookAt>
				<styleUrl>#__managed_style_2D5D24AB8140DE0EFC93</styleUrl>
				<Point>
					<altitudeMode>relativeToGround</altitudeMode>
					<coordinates>103.5043058,10.619515,0</coordinates>
				</Point>
			</Placemark>
			<Placemark id="00688BA03D3CA8FB2680">
				<gx:mid>/g/11mdwd4t0d</gx:mid>
				<gx:fid>0x310837f1f1cda79f:0x7deb1ab2068eba41</gx:fid>
				<LookAt>
					<longitude>104.165769</longitude>
					<latitude>10.6265849</latitude>
					<altitude>0</altitude>
					<heading>0</heading>
					<tilt>0</tilt>
					<gx:fovy>35</gx:fovy>
					<range>1036.287505264565</range>
					<altitudeMode>relativeToGround</altitudeMode>
				</LookAt>
				<styleUrl>#__managed_style_1C7503F1D240DE0EFC94</styleUrl>
				<Point>
					<altitudeMode>relativeToGround</altitudeMode>
					<coordinates>104.165769,10.6265849,0</coordinates>
				</Point>
			</Placemark>
			<Placemark id="08343952A03CA8FD1677">
				<gx:mid>/g/11cnbqx9fs</gx:mid>
				<gx:fid>0x3109cae5c9d788ff:0xd23d89d0a5b8c7d7</gx:fid>
				<LookAt>
					<longitude>104.3162195</longitude>
					<latitude>10.609976</latitude>
					<altitude>0</altitude>
					<heading>0</heading>
					<tilt>0</tilt>
					<gx:fovy>35</gx:fovy>
					<range>1036.3504740833</range>
					<altitudeMode>relativeToGround</altitudeMode>
				</LookAt>
				<styleUrl>#__managed_style_3B6EEBC84940DE0EFC88</styleUrl>
				<Point>
					<altitudeMode>relativeToGround</altitudeMode>
					<coordinates>104.3162195,10.609976,0</coordinates>
				</Point>
			</Placemark>
			<Placemark id="008638836A3CA8FDF06F">
				<gx:mid>/g/11kh9x5xx4</gx:mid>
				<gx:fid>0x3108379069ae6fc1:0xc9949281b0371b5e</gx:fid>
				<LookAt>
					<longitude>104.1823719</longitude>
					<latitude>10.6513798</latitude>
					<altitude>0</altitude>
					<heading>0</heading>
					<tilt>0</tilt>
					<gx:fovy>35</gx:fovy>
					<range>1036.193321296027</range>
					<altitudeMode>relativeToGround</altitudeMode>
				</LookAt>
				<styleUrl>#__managed_style_3B6EEBC84940DE0EFC88</styleUrl>
				<Point>
					<altitudeMode>relativeToGround</altitudeMode>
					<coordinates>104.1823719,10.6513798,0</coordinates>
				</Point>
			</Placemark>
			<Placemark id="0C6A68416B3CA9004B4F">
				<gx:mid>/g/11b8tf0zhp</gx:mid>
				<gx:fid>0x310836885077d853:0xa376fe54d650b3c7</gx:fid>
				<LookAt>
					<longitude>104.1796214</longitude>
					<latitude>10.60798</latitude>
					<altitude>0</altitude>
					<heading>0</heading>
					<tilt>0</tilt>
					<gx:fovy>35</gx:fovy>
					<range>1036.358034952536</range>
					<altitudeMode>relativeToGround</altitudeMode>
				</LookAt>
				<styleUrl>#__managed_style_3B6EEBC84940DE0EFC88</styleUrl>
				<Point>
					<altitudeMode>relativeToGround</altitudeMode>
					<coordinates>104.1796071,10.6079819,0</coordinates>
				</Point>
			</Placemark>
			<Placemark id="0392676E3B3CADAFB24B">
				<gx:mid>/g/11b66dqf11</gx:mid>
				<gx:fid>0x310838db1f319753:0xa97b787816314600</gx:fid>
				<LookAt>
					<longitude>104.0220818</longitude>
					<latitude>10.6266528</latitude>
					<altitude>0</altitude>
					<heading>0</heading>
					<tilt>0</tilt>
					<gx:fovy>35</gx:fovy>
					<range>1036.287247639007</range>
					<altitudeMode>relativeToGround</altitudeMode>
				</LookAt>
				<styleUrl>#__managed_style_19F95638B640DE0EFC88</styleUrl>
				<Point>
					<altitudeMode>relativeToGround</altitudeMode>
					<coordinates>104.0220818,10.6266528,0</coordinates>
				</Point>
			</Placemark>
			<Placemark id="072A3D09973CADB0CCE8">
				<gx:mid>/g/11jzpjxhfc</gx:mid>
				<gx:fid>0x31083920eeed911b:0xc71c25007de09b22</gx:fid>
				<LookAt>
					<longitude>104.0284396</longitude>
					<latitude>10.6200586</latitude>
					<altitude>0</altitude>
					<heading>0</heading>
					<tilt>0</tilt>
					<gx:fovy>35</gx:fovy>
					<range>1036.312259754095</range>
					<altitudeMode>relativeToGround</altitudeMode>
				</LookAt>
				<styleUrl>#__managed_style_19F95638B640DE0EFC88</styleUrl>
				<Point>
					<altitudeMode>relativeToGround</altitudeMode>
					<coordinates>104.0284396,10.6200586,0</coordinates>
				</Point>
			</Placemark>
			<Placemark id="0EEF8A81103CADB1E464">
				<gx:mid>/g/11bzxyz6y3</gx:mid>
				<gx:fid>0x31083849e51767a5:0x17291367f8497a51</gx:fid>
				<LookAt>
					<longitude>104.0763868</longitude>
					<latitude>10.6209912</latitude>
					<altitude>0</altitude>
					<heading>0</heading>
					<tilt>0</tilt>
					<gx:fovy>35</gx:fovy>
					<range>1036.30872328268</range>
					<altitudeMode>relativeToGround</altitudeMode>
				</LookAt>
				<styleUrl>#__managed_style_3B6EEBC84940DE0EFC88</styleUrl>
				<Point>
					<altitudeMode>relativeToGround</altitudeMode>
					<coordinates>104.0763868,10.6209912,0</coordinates>
				</Point>
			</Placemark>
			<Placemark id="0E5287DDF03CADB259F8">
				<gx:mid>/g/11mn5gw25w</gx:mid>
				<gx:fid>0x310837c42f1c0901:0x31af52635e022ac3</gx:fid>
				<LookAt>
					<longitude>104.1206161</longitude>
					<latitude>10.6141886</latitude>
					<altitude>0</altitude>
					<heading>0</heading>
					<tilt>0</tilt>
					<gx:fovy>35</gx:fovy>
					<range>1036.334512128114</range>
					<altitudeMode>relativeToGround</altitudeMode>
				</LookAt>
				<styleUrl>#__managed_style_0FAD26B0D940DE0EFC8E</styleUrl>
				<Point>
					<altitudeMode>relativeToGround</altitudeMode>
					<coordinates>104.1206161,10.6141886,0</coordinates>
				</Point>
			</Placemark>
			<Placemark id="0484AC222C3CADB2C233">
				<gx:mid>/m/0pcwbt8</gx:mid>
				<gx:fid>0x310838802dc61e45:0xaa33b16aae6e8315</gx:fid>
				<LookAt>
					<longitude>104.0512562</longitude>
					<latitude>10.6587523</latitude>
					<altitude>0</altitude>
					<heading>0</heading>
					<tilt>0</tilt>
					<gx:fovy>35</gx:fovy>
					<range>1036.165275158472</range>
					<altitudeMode>relativeToGround</altitudeMode>
				</LookAt>
				<styleUrl>#__managed_style_0FAD26B0D940DE0EFC8E</styleUrl>
				<Point>
					<altitudeMode>relativeToGround</altitudeMode>
					<coordinates>104.0512562,10.6587523,0</coordinates>
				</Point>
			</Placemark>
			<Placemark id="0090B4F4113CADB3EA18">
				<gx:mid>/m/07kdlvq</gx:mid>
				<gx:fid>0x31085b71ee20bc43:0x438fd4572aef5640</gx:fid>
				<LookAt>
					<longitude>104.0291132</longitude>
					<latitude>10.6401578</latitude>
					<altitude>0</altitude>
					<heading>0</heading>
					<tilt>0</tilt>
					<gx:fovy>35</gx:fovy>
					<range>1036.235974985377</range>
					<altitudeMode>relativeToGround</altitudeMode>
				</LookAt>
				<styleUrl>#__managed_style_40A616872E40DE0EFC88</styleUrl>
				<Point>
					<altitudeMode>relativeToGround</altitudeMode>
					<coordinates>104.0291132,10.6401578,0</coordinates>
				</Point>
			</Placemark>
			<Placemark id="0A26FC34733CADC14494">
				<gx:mid>/g/11vxx625y_</gx:mid>
				<gx:fid>0x3108370010cae385:0xe0cdbf2cfb9e4b6e</gx:fid>
				<LookAt>
					<longitude>104.116084</longitude>
					<latitude>10.617222</latitude>
					<altitude>0</altitude>
					<heading>0</heading>
					<tilt>0</tilt>
					<gx:fovy>35</gx:fovy>
					<range>1036.323014427289</range>
					<altitudeMode>relativeToGround</altitudeMode>
				</LookAt>
				<styleUrl>#__managed_style_0FAD26B0D940DE0EFC8E</styleUrl>
				<Point>
					<altitudeMode>relativeToGround</altitudeMode>
					<coordinates>104.116084,10.617222,0</coordinates>
				</Point>
			</Placemark>
			<Placemark id="062C5CEC403CADC47B7F">
				<gx:mid>/g/11xdr3lfk5</gx:mid>
				<gx:fid>0x310837d40dd91a23:0xac3c163afb63aa3e</gx:fid>
				<LookAt>
					<longitude>104.1336875</longitude>
					<latitude>10.6160603</latitude>
					<altitude>0</altitude>
					<heading>0</heading>
					<tilt>0</tilt>
					<gx:fovy>35</gx:fovy>
					<range>1036.327418078114</range>
					<altitudeMode>relativeToGround</altitudeMode>
				</LookAt>
				<styleUrl>#__managed_style_1F62974FC240DE0EFC8C</styleUrl>
				<Point>
					<altitudeMode>relativeToGround</altitudeMode>
					<coordinates>104.1336875,10.6160603,0</coordinates>
				</Point>
			</Placemark>
			<Placemark id="0D7316F81F3CADC514D8">
				<name>Veal Pouch Waterfall</name>
				<LookAt>
					<longitude>104.1079266581593</longitude>
					<latitude>10.61977779239581</latitude>
					<altitude>376.3928187371237</altitude>
					<heading>0</heading>
					<tilt>0</tilt>
					<gx:fovy>35</gx:fovy>
					<range>5102.107939244598</range>
					<altitudeMode>absolute</altitudeMode>
				</LookAt>
				<styleUrl>#__managed_style_22B94F142640DE0EFC8F</styleUrl>
				<LineString>
					<coordinates>
						104.1206781368598,10.61449256883018,0 104.1190458926507,10.61530114953377,0 104.1165964750622,10.61609517979392,0 104.1164194812106,10.61728283484636,0 104.1146858377581,10.61806770562962,0 104.1126031550478,10.62075686357825,0 104.1114660940068,10.62241653374252,0 104.1102514194417,10.62233773982054,0 104.1092633338553,10.62337758433101,0 104.1086979302757,10.62418851519777,0 104.1078605668838,10.62433616204832,0 104.1074067711911,10.62523614592799,0 104.107419712478,10.62605610354795,0 104.106850004278,10.62678199572364,0 
					</coordinates>
				</LineString>
			</Placemark>
			<Placemark id="0783B5C86D3CADC794CF">
				<gx:mid>/g/11k9hc7vjh</gx:mid>
				<gx:fid>0x3108350b1054acaf:0xf535fd79fd588bed</gx:fid>
				<LookAt>
					<longitude>104.2016604</longitude>
					<latitude>10.5825756</latitude>
					<altitude>0</altitude>
					<heading>0</heading>
					<tilt>0</tilt>
					<gx:fovy>35</gx:fovy>
					<range>1036.454145145994</range>
					<altitudeMode>relativeToGround</altitudeMode>
				</LookAt>
				<styleUrl>#__managed_style_24F3E0458E40DE0EFC89</styleUrl>
				<Point>
					<altitudeMode>relativeToGround</altitudeMode>
					<coordinates>104.2016604,10.5825756,0</coordinates>
				</Point>
			</Placemark>
			<Placemark id="0EBE5DB1F33CADCA34F0">
				<gx:mid>/g/1tvm06cy</gx:mid>
				<gx:fid>0x3107e00099c81595:0xf3b4d2bafc72f7db</gx:fid>
				<LookAt>
					<longitude>103.540577</longitude>
					<latitude>10.6854586</latitude>
					<altitude>0</altitude>
					<heading>0</heading>
					<tilt>0</tilt>
					<gx:fovy>35</gx:fovy>
					<range>2316.741471420003</range>
					<altitudeMode>relativeToGround</altitudeMode>
				</LookAt>
				<styleUrl>#__managed_style_24F3E0458E40DE0EFC89</styleUrl>
				<Point>
					<altitudeMode>relativeToGround</altitudeMode>
					<coordinates>103.541703,10.6830724,0</coordinates>
				</Point>
			</Placemark>
			<Placemark id="0A0A42BC0A3CADCB8FF0">
				<gx:mid>/g/1tmxt149</gx:mid>
				<gx:fid>0x3107e191c9ccb733:0xf9f2a0ddd8ae9dce</gx:fid>
				<LookAt>
					<longitude>103.51242185</longitude>
					<latitude>10.60809605</latitude>
					<altitude>0</altitude>
					<heading>0</heading>
					<tilt>0</tilt>
					<gx:fovy>35</gx:fovy>
					<range>1036.357595392119</range>
					<altitudeMode>relativeToGround</altitudeMode>
				</LookAt>
				<styleUrl>#__managed_style_24F3E0458E40DE0EFC89</styleUrl>
				<Point>
					<altitudeMode>relativeToGround</altitudeMode>
					<coordinates>103.5126501,10.6086194,0</coordinates>
				</Point>
			</Placemark>
			<Placemark id="00381827B53CADCBE10E">
				<gx:mid>/g/11c6_tw5sc</gx:mid>
				<gx:fid>0x3107e191a74d9b05:0xb27e47f73e26136</gx:fid>
				<LookAt>
					<longitude>103.512953</longitude>
					<latitude>10.6094626</latitude>
					<altitude>0</altitude>
					<heading>0</heading>
					<tilt>0</tilt>
					<gx:fovy>35</gx:fovy>
					<range>1036.3524189813</range>
					<altitudeMode>relativeToGround</altitudeMode>
				</LookAt>
				<styleUrl>#__managed_style_3B6EEBC84940DE0EFC88</styleUrl>
				<Point>
					<altitudeMode>relativeToGround</altitudeMode>
					<coordinates>103.512953,10.6094626,0</coordinates>
				</Point>
			</Placemark>
			<Placemark id="04D1465D263CADCEEA31">
				<gx:mid>/g/11g6p5sj24</gx:mid>
				<gx:fid>0x3107ee534c1dbd19:0xb1b7e8e8eb03283f</gx:fid>
				<LookAt>
					<longitude>103.3121752</longitude>
					<latitude>10.5539018</latitude>
					<altitude>0</altitude>
					<heading>0</heading>
					<tilt>0</tilt>
					<gx:fovy>35</gx:fovy>
					<range>5615.20026888824</range>
					<altitudeMode>relativeToGround</altitudeMode>
				</LookAt>
				<styleUrl>#__managed_style_24F3E0458E40DE0EFC89</styleUrl>
				<Point>
					<altitudeMode>relativeToGround</altitudeMode>
					<coordinates>103.3121752,10.553902,0</coordinates>
				</Point>
			</Placemark>
			<Placemark id="09AC866B5F3CADD1AE64">
				<gx:mid>/g/11c2q3pzv1</gx:mid>
				<gx:fid>0x3107ea0585d50195:0x959236667baef452</gx:fid>
				<LookAt>
					<longitude>103.2478</longitude>
					<latitude>10.7011909</latitude>
					<altitude>0</altitude>
					<heading>0</heading>
					<tilt>0</tilt>
					<gx:fovy>35</gx:fovy>
					<range>5611.548236623018</range>
					<altitudeMode>relativeToGround</altitudeMode>
				</LookAt>
				<styleUrl>#__managed_style_24F3E0458E40DE0EFC89</styleUrl>
				<Point>
					<altitudeMode>relativeToGround</altitudeMode>
					<coordinates>103.2478,10.7011911,0</coordinates>
				</Point>
			</Placemark>
			<Placemark id="0A93F154183CADD21D63">
				<gx:mid>/g/11cnrdttp6</gx:mid>
				<gx:fid>0x3107c26a3fbb6ddb:0x221e5d021891d8fd</gx:fid>
				<LookAt>
					<longitude>103.2938835</longitude>
					<latitude>10.7138779</latitude>
					<altitude>0</altitude>
					<heading>0</heading>
					<tilt>0</tilt>
					<gx:fovy>35</gx:fovy>
					<range>5611.231365298863</range>
					<altitudeMode>relativeToGround</altitudeMode>
				</LookAt>
				<styleUrl>#__managed_style_24F3E0458E40DE0EFC89</styleUrl>
				<Point>
					<altitudeMode>relativeToGround</altitudeMode>
					<coordinates>103.2938835,10.7138781,0</coordinates>
				</Point>
			</Placemark>
			<Placemark id="0C50A7E4043CADD5EE86">
				<gx:mid>/g/11bxgn89lb</gx:mid>
				<gx:fid>0x3108480a6efb6b31:0xb3793a405ff60fe2</gx:fid>
				<LookAt>
					<longitude>104.1010789</longitude>
					<latitude>10.6758606</latitude>
					<altitude>0</altitude>
					<heading>0</heading>
					<tilt>0</tilt>
					<gx:fovy>35</gx:fovy>
					<range>1036.100119175301</range>
					<altitudeMode>relativeToGround</altitudeMode>
				</LookAt>
				<styleUrl>#__managed_style_0FAD26B0D940DE0EFC8E</styleUrl>
				<Point>
					<altitudeMode>relativeToGround</altitudeMode>
					<coordinates>104.1010789,10.6758606,0</coordinates>
				</Point>
			</Placemark>
			<Placemark id="00BC4F4A923CADD7BCD0">
				<gx:mid>/g/11ddz8yczj</gx:mid>
				<gx:fid>0x310837f0fe1f3c5d:0xf875dff3b20cf228</gx:fid>
				<LookAt>
					<longitude>104.108565</longitude>
					<latitude>10.643459</latitude>
					<altitude>0</altitude>
					<heading>0</heading>
					<tilt>0</tilt>
					<gx:fovy>35</gx:fovy>
					<range>1036.223432037004</range>
					<altitudeMode>relativeToGround</altitudeMode>
				</LookAt>
				<styleUrl>#__managed_style_0FAD26B0D940DE0EFC8E</styleUrl>
				<Point>
					<altitudeMode>relativeToGround</altitudeMode>
					<coordinates>104.108565,10.643459,0</coordinates>
				</Point>
			</Placemark>
			<Placemark id="0716A8AD2F3CADD84E40">
				<gx:mid>/g/11sb3d4yq_</gx:mid>
				<gx:fid>0x3108379a302a76e5:0x8faef1addee53d1b</gx:fid>
				<LookAt>
					<longitude>104.1347332</longitude>
					<latitude>10.6494624</latitude>
					<altitude>0</altitude>
					<heading>0</heading>
					<tilt>0</tilt>
					<gx:fovy>35</gx:fovy>
					<range>1036.200612264509</range>
					<altitudeMode>relativeToGround</altitudeMode>
				</LookAt>
				<styleUrl>#__managed_style_19F95638B640DE0EFC88</styleUrl>
				<Point>
					<altitudeMode>relativeToGround</altitudeMode>
					<coordinates>104.1347332,10.6494624,0</coordinates>
				</Point>
			</Placemark>
			<Placemark id="0EF755D6663CADDA7BFE">
				<gx:mid>/g/11krhfyrql</gx:mid>
				<gx:fid>0x3108376973f3aa6d:0x2176e0580abe0cc7</gx:fid>
				<LookAt>
					<longitude>104.1041674</longitude>
					<latitude>10.6441742</latitude>
					<altitude>0</altitude>
					<heading>0</heading>
					<tilt>0</tilt>
					<gx:fovy>35</gx:fovy>
					<range>1036.220714123054</range>
					<altitudeMode>relativeToGround</altitudeMode>
				</LookAt>
				<styleUrl>#__managed_style_0FAD26B0D940DE0EFC8E</styleUrl>
				<Point>
					<altitudeMode>relativeToGround</altitudeMode>
					<coordinates>104.1041674,10.6441742,0</coordinates>
				</Point>
			</Placemark>
			<Placemark id="0FB80B18A93CADDABB68">
				<gx:mid>/g/11vxvpbj0h</gx:mid>
				<gx:fid>0x310837006a9e7b1d:0xf6c60265f70f1ece</gx:fid>
				<LookAt>
					<longitude>104.105814</longitude>
					<latitude>10.6440767</latitude>
					<altitude>0</altitude>
					<heading>0</heading>
					<tilt>0</tilt>
					<gx:fovy>35</gx:fovy>
					<range>1036.22108465459</range>
					<altitudeMode>relativeToGround</altitudeMode>
				</LookAt>
				<styleUrl>#__managed_style_0FAD26B0D940DE0EFC8E</styleUrl>
				<Point>
					<altitudeMode>relativeToGround</altitudeMode>
					<coordinates>104.105814,10.6440767,0</coordinates>
				</Point>
			</Placemark>
			<Placemark id="0B11B6F3363CADDB2597">
				<gx:mid>/g/11yqtlyqx7</gx:mid>
				<gx:fid>0x310837001cd315a9:0x33e7d2e897300f00</gx:fid>
				<LookAt>
					<longitude>104.1006122</longitude>
					<latitude>10.6438009</latitude>
					<altitude>0</altitude>
					<heading>0</heading>
					<tilt>0</tilt>
					<gx:fovy>35</gx:fovy>
					<range>1036.222132765763</range>
					<altitudeMode>relativeToGround</altitudeMode>
				</LookAt>
				<styleUrl>#__managed_style_0FAD26B0D940DE0EFC8E</styleUrl>
				<Point>
					<altitudeMode>relativeToGround</altitudeMode>
					<coordinates>104.1006122,10.6438009,0</coordinates>
				</Point>
			</Placemark>
			<Placemark id="06AF5435CE3CADDC6283">
				<gx:mid>/g/11qh75nfps</gx:mid>
				<gx:fid>0x31081391ea9876f1:0xbd6c829c7ec2b603</gx:fid>
				<LookAt>
					<longitude>103.7350945</longitude>
					<latitude>10.6294515</latitude>
					<altitude>0</altitude>
					<heading>0</heading>
					<tilt>0</tilt>
					<gx:fovy>35</gx:fovy>
					<range>1036.276627431833</range>
					<altitudeMode>relativeToGround</altitudeMode>
				</LookAt>
				<styleUrl>#__managed_style_0FAD26B0D940DE0EFC8E</styleUrl>
				<Point>
					<altitudeMode>relativeToGround</altitudeMode>
					<coordinates>103.7350945,10.6294515,0</coordinates>
				</Point>
			</Placemark>
			<Placemark id="0CB1F8D9A53CADDEF2CC">
				<gx:mid>/g/11t8gg18ws</gx:mid>
				<gx:fid>0x3107c19a543cab2d:0xc1cd3bbae9db6a76</gx:fid>
				<LookAt>
					<longitude>103.233773</longitude>
					<latitude>10.742723</latitude>
					<altitude>0</altitude>
					<heading>0</heading>
					<tilt>0</tilt>
					<gx:fovy>35</gx:fovy>
					<range>1035.844494466612</range>
					<altitudeMode>relativeToGround</altitudeMode>
				</LookAt>
				<styleUrl>#__managed_style_0FAD26B0D940DE0EFC8E</styleUrl>
				<Point>
					<altitudeMode>relativeToGround</altitudeMode>
					<coordinates>103.233773,10.742723,0</coordinates>
				</Point>
			</Placemark>
		</Folder>
	</Folder>
</Document>
</kml>
