<?xml version="1.0" encoding="UTF-8"?>
<kml xmlns="http://www.opengis.net/kml/2.2" xmlns:gx="http://www.google.com/kml/ext/2.2" xmlns:kml="http://www.opengis.net/kml/2.2" xmlns:atom="http://www.w3.org/2005/Atom">
<Document id="1RfUIsVxe4SqrYEsOo0IAaxzCC1PtPNx7">
	<name>עודד | קרואטיה</name>
	<visibility>0</visibility>
	<description>הגעתם לאחת ההמלצות שלנו?
תייגו אותנו ברשתות וספרו לנו איך היה!
oded.the.mapper@gmail.com

odedthemapper.com</description>
	<gx:CascadingStyle kml:id="__managed_style_167F55D09240DE0E3590_normal">
		<Style>
			<IconStyle>
				<Icon>
					<href>https://earth.google.com/earth/document/icon?color=1976d2&amp;id=2074&amp;scale=4</href>
				</Icon>
				<hotSpot x="64" y="128" xunits="pixels" yunits="insetPixels"/>
			</IconStyle>
			<LabelStyle>
				<scale>0</scale>
			</LabelStyle>
			<LineStyle>
				<color>ff2dc0fb</color>
				<width>3.2</width>
			</LineStyle>
			<PolyStyle>
				<color>40ffffff</color>
			</PolyStyle>
			<BalloonStyle>
				<gx:displayMode>card</gx:displayMode>
			</BalloonStyle>
		</Style>
	</gx:CascadingStyle>
	<StyleMap id="__managed_style_0164161D0540DE0E3596">
		<Pair>
			<key>normal</key>
			<styleUrl>#__managed_style_0164161D0540DE0E3596_normal</styleUrl>
		</Pair>
		<Pair>
			<key>highlight</key>
			<styleUrl>#__managed_style_0164161D0540DE0E3596_highlight</styleUrl>
		</Pair>
	</StyleMap>
	<gx:CascadingStyle kml:id="__managed_style_14E5DE1F0E40DE0E358E_highlight">
		<Style>
			<IconStyle>
				<scale>1.2</scale>
				<Icon>
					<href>https://earth.google.com/earth/document/icon?color=42a5f5&amp;id=2074&amp;scale=4</href>
				</Icon>
				<hotSpot x="64" y="128" xunits="pixels" yunits="insetPixels"/>
			</IconStyle>
			<LabelStyle>
				<scale>0</scale>
			</LabelStyle>
			<LineStyle>
				<color>ff2dc0fb</color>
				<width>4.8</width>
			</LineStyle>
			<PolyStyle>
				<color>40ffffff</color>
			</PolyStyle>
			<BalloonStyle>
				<gx:displayMode>card</gx:displayMode>
			</BalloonStyle>
		</Style>
	</gx:CascadingStyle>
	<gx:CascadingStyle kml:id="__managed_style_14E5DE1F0E40DE0E358E_normal">
		<Style>
			<IconStyle>
				<Icon>
					<href>https://earth.google.com/earth/document/icon?color=42a5f5&amp;id=2074&amp;scale=4</href>
				</Icon>
				<hotSpot x="64" y="128" xunits="pixels" yunits="insetPixels"/>
			</IconStyle>
			<LabelStyle>
				<scale>0</scale>
			</LabelStyle>
			<LineStyle>
				<color>ff2dc0fb</color>
				<width>3.2</width>
			</LineStyle>
			<PolyStyle>
				<color>40ffffff</color>
			</PolyStyle>
			<BalloonStyle>
				<gx:displayMode>card</gx:displayMode>
			</BalloonStyle>
		</Style>
	</gx:CascadingStyle>
	<gx:CascadingStyle kml:id="__managed_style_23ED316D6E40DE0E358F_highlight">
		<Style>
			<IconStyle>
				<scale>1.2</scale>
				<Icon>
					<href>https://earth.google.com/earth/document/icon?color=1976d2&amp;id=2074&amp;scale=4</href>
				</Icon>
				<hotSpot x="64" y="128" xunits="pixels" yunits="insetPixels"/>
			</IconStyle>
			<LabelStyle>
				<scale>0</scale>
			</LabelStyle>
			<LineStyle>
				<color>ff2dc0fb</color>
				<width>4.8</width>
			</LineStyle>
			<PolyStyle>
				<color>40ffffff</color>
			</PolyStyle>
			<BalloonStyle>
				<gx:displayMode>card</gx:displayMode>
			</BalloonStyle>
		</Style>
	</gx:CascadingStyle>
	<gx:CascadingStyle kml:id="__managed_style_0164161D0540DE0E3596_highlight">
		<Style>
			<IconStyle>
				<scale>1.8</scale>
				<Icon>
					<href>https://earth.google.com/earth/document/icon?color=1976d2&amp;id=2074&amp;scale=4</href>
				</Icon>
				<hotSpot x="64" y="128" xunits="pixels" yunits="insetPixels"/>
			</IconStyle>
			<LabelStyle>
				<scale>0</scale>
			</LabelStyle>
			<LineStyle>
				<color>ff2dc0fb</color>
				<width>4.8</width>
			</LineStyle>
			<PolyStyle>
				<color>40ffffff</color>
			</PolyStyle>
			<BalloonStyle>
				<gx:displayMode>card</gx:displayMode>
			</BalloonStyle>
		</Style>
	</gx:CascadingStyle>
	<gx:CascadingStyle kml:id="__managed_style_15E0F56CB440DE0E3593_highlight">
		<Style>
			<IconStyle>
				<scale>1.2</scale>
				<Icon>
					<href>https://earth.google.com/earth/document/icon?color=fbc02d&amp;id=2005&amp;scale=4</href>
				</Icon>
				<hotSpot x="64" y="128" xunits="pixels" yunits="insetPixels"/>
			</IconStyle>
			<LabelStyle>
				<scale>0</scale>
			</LabelStyle>
			<LineStyle>
				<color>ff2dc0fb</color>
				<width>4.8</width>
			</LineStyle>
			<PolyStyle>
				<color>40ffffff</color>
			</PolyStyle>
			<BalloonStyle>
				<gx:displayMode>card</gx:displayMode>
			</BalloonStyle>
		</Style>
	</gx:CascadingStyle>
	<gx:CascadingStyle kml:id="__managed_style_15E0F56CB440DE0E3593_normal">
		<Style>
			<IconStyle>
				<Icon>
					<href>https://earth.google.com/earth/document/icon?color=fbc02d&amp;id=2005&amp;scale=4</href>
				</Icon>
				<hotSpot x="64" y="128" xunits="pixels" yunits="insetPixels"/>
			</IconStyle>
			<LabelStyle>
				<scale>0</scale>
			</LabelStyle>
			<LineStyle>
				<color>ff2dc0fb</color>
				<width>3.2</width>
			</LineStyle>
			<PolyStyle>
				<color>40ffffff</color>
			</PolyStyle>
			<BalloonStyle>
				<gx:displayMode>card</gx:displayMode>
			</BalloonStyle>
		</Style>
	</gx:CascadingStyle>
	<gx:CascadingStyle kml:id="__managed_style_025257937040DE0E3594_highlight">
		<Style>
			<IconStyle>
				<scale>1.2</scale>
				<Icon>
					<href>https://earth.google.com/earth/document/icon?color=7b1fa2&amp;id=2156&amp;scale=4</href>
				</Icon>
				<hotSpot x="64" y="128" xunits="pixels" yunits="insetPixels"/>
			</IconStyle>
			<LabelStyle>
				<scale>0</scale>
			</LabelStyle>
			<LineStyle>
				<color>ff2dc0fb</color>
				<width>4.8</width>
			</LineStyle>
			<PolyStyle>
				<color>40ffffff</color>
			</PolyStyle>
			<BalloonStyle>
			</BalloonStyle>
		</Style>
	</gx:CascadingStyle>
	<gx:CascadingStyle kml:id="__managed_style_025257937040DE0E3594_normal">
		<Style>
			<IconStyle>
				<Icon>
					<href>https://earth.google.com/earth/document/icon?color=7b1fa2&amp;id=2156&amp;scale=4</href>
				</Icon>
				<hotSpot x="64" y="128" xunits="pixels" yunits="insetPixels"/>
			</IconStyle>
			<LabelStyle>
				<scale>0</scale>
			</LabelStyle>
			<LineStyle>
				<color>ff2dc0fb</color>
				<width>3.2</width>
			</LineStyle>
			<PolyStyle>
				<color>40ffffff</color>
			</PolyStyle>
			<BalloonStyle>
			</BalloonStyle>
		</Style>
	</gx:CascadingStyle>
	<gx:CascadingStyle kml:id="__managed_style_30E6EBFD0E40DE0E3594_highlight">
		<Style>
			<IconStyle>
				<scale>1.2</scale>
				<Icon>
					<href>https://earth.google.com/earth/document/icon?color=7b1fa2&amp;id=2050&amp;scale=4</href>
				</Icon>
				<hotSpot x="64" y="128" xunits="pixels" yunits="insetPixels"/>
			</IconStyle>
			<LabelStyle>
				<scale>0</scale>
			</LabelStyle>
			<LineStyle>
				<color>ff2dc0fb</color>
				<width>4.8</width>
			</LineStyle>
			<PolyStyle>
				<color>40ffffff</color>
			</PolyStyle>
			<BalloonStyle>
				<gx:displayMode>card</gx:displayMode>
			</BalloonStyle>
		</Style>
	</gx:CascadingStyle>
	<StyleMap id="__managed_style_30E6EBFD0E40DE0E3594">
		<Pair>
			<key>normal</key>
			<styleUrl>#__managed_style_30E6EBFD0E40DE0E3594_normal</styleUrl>
		</Pair>
		<Pair>
			<key>highlight</key>
			<styleUrl>#__managed_style_30E6EBFD0E40DE0E3594_highlight</styleUrl>
		</Pair>
	</StyleMap>
	<gx:CascadingStyle kml:id="__managed_style_05281DCD3840DE0E3590_normal">
		<Style>
			<IconStyle>
				<Icon>
					<href>https://earth.google.com/earth/document/icon?color=388e3c&amp;id=2370&amp;scale=4</href>
				</Icon>
				<hotSpot x="64" y="128" xunits="pixels" yunits="insetPixels"/>
			</IconStyle>
			<LabelStyle>
				<scale>0</scale>
			</LabelStyle>
			<LineStyle>
				<color>ff2dc0fb</color>
				<width>3.2</width>
			</LineStyle>
			<PolyStyle>
				<color>40ffffff</color>
			</PolyStyle>
			<BalloonStyle>
				<gx:displayMode>card</gx:displayMode>
			</BalloonStyle>
		</Style>
	</gx:CascadingStyle>
	<StyleMap id="__managed_style_05281DCD3840DE0E3590">
		<Pair>
			<key>normal</key>
			<styleUrl>#__managed_style_05281DCD3840DE0E3590_normal</styleUrl>
		</Pair>
		<Pair>
			<key>highlight</key>
			<styleUrl>#__managed_style_05281DCD3840DE0E3590_highlight</styleUrl>
		</Pair>
	</StyleMap>
	<gx:CascadingStyle kml:id="__managed_style_59B33509A240DE0E3594_highlight">
		<Style>
			<IconStyle>
				<scale>1.2</scale>
				<Icon>
					<href>https://earth.google.com/earth/document/icon?color=1976d2&amp;id=2000&amp;scale=4</href>
				</Icon>
				<hotSpot x="64" y="128" xunits="pixels" yunits="insetPixels"/>
			</IconStyle>
			<LabelStyle>
				<scale>0</scale>
			</LabelStyle>
			<LineStyle>
				<color>ffa21f7b</color>
				<width>4.8</width>
			</LineStyle>
			<PolyStyle>
				<color>40a21f7b</color>
			</PolyStyle>
			<BalloonStyle>
			</BalloonStyle>
		</Style>
	</gx:CascadingStyle>
	<gx:CascadingStyle kml:id="__managed_style_003DEEC1CA40DE0E3591_highlight">
		<Style>
			<IconStyle>
				<scale>1.2</scale>
				<Icon>
					<href>https://earth.google.com/earth/document/icon?color=f57c00&amp;id=2339&amp;scale=4</href>
				</Icon>
				<hotSpot x="64" y="128" xunits="pixels" yunits="insetPixels"/>
			</IconStyle>
			<LabelStyle>
				<scale>0</scale>
			</LabelStyle>
			<LineStyle>
				<color>ff2dc0fb</color>
				<width>4.8</width>
			</LineStyle>
			<PolyStyle>
				<color>40ffffff</color>
			</PolyStyle>
			<BalloonStyle>
				<gx:displayMode>card</gx:displayMode>
			</BalloonStyle>
		</Style>
	</gx:CascadingStyle>
	<StyleMap id="__managed_style_003DEEC1CA40DE0E3591">
		<Pair>
			<key>normal</key>
			<styleUrl>#__managed_style_003DEEC1CA40DE0E3591_normal</styleUrl>
		</Pair>
		<Pair>
			<key>highlight</key>
			<styleUrl>#__managed_style_003DEEC1CA40DE0E3591_highlight</styleUrl>
		</Pair>
	</StyleMap>
	<StyleMap id="__managed_style_025257937040DE0E3594">
		<Pair>
			<key>normal</key>
			<styleUrl>#__managed_style_025257937040DE0E3594_normal</styleUrl>
		</Pair>
		<Pair>
			<key>highlight</key>
			<styleUrl>#__managed_style_025257937040DE0E3594_highlight</styleUrl>
		</Pair>
	</StyleMap>
	<gx:CascadingStyle kml:id="__managed_style_22DEB8446B40DE0E358E_highlight">
		<Style>
			<IconStyle>
				<scale>1.2</scale>
				<Icon>
					<href>https://earth.google.com/earth/document/icon?color=f57c00&amp;id=2056&amp;scale=4</href>
				</Icon>
				<hotSpot x="64" y="128" xunits="pixels" yunits="insetPixels"/>
			</IconStyle>
			<LabelStyle>
				<scale>0</scale>
			</LabelStyle>
			<LineStyle>
				<color>ff2dc0fb</color>
				<width>4.8</width>
			</LineStyle>
			<PolyStyle>
				<color>40ffffff</color>
			</PolyStyle>
			<BalloonStyle>
				<gx:displayMode>card</gx:displayMode>
			</BalloonStyle>
		</Style>
	</gx:CascadingStyle>
	<gx:CascadingStyle kml:id="__managed_style_22DEB8446B40DE0E358E_normal">
		<Style>
			<IconStyle>
				<Icon>
					<href>https://earth.google.com/earth/document/icon?color=f57c00&amp;id=2056&amp;scale=4</href>
				</Icon>
				<hotSpot x="64" y="128" xunits="pixels" yunits="insetPixels"/>
			</IconStyle>
			<LabelStyle>
				<scale>0</scale>
			</LabelStyle>
			<LineStyle>
				<color>ff2dc0fb</color>
				<width>3.2</width>
			</LineStyle>
			<PolyStyle>
				<color>40ffffff</color>
			</PolyStyle>
			<BalloonStyle>
				<gx:displayMode>card</gx:displayMode>
			</BalloonStyle>
		</Style>
	</gx:CascadingStyle>
	<gx:CascadingStyle kml:id="__managed_style_48B95950D340DE0E3594_highlight">
		<Style>
			<IconStyle>
				<scale>1.2</scale>
				<Icon>
					<href>https://earth.google.com/earth/document/icon?color=303f9f&amp;id=2034&amp;scale=4</href>
				</Icon>
				<hotSpot x="64" y="128" xunits="pixels" yunits="insetPixels"/>
			</IconStyle>
			<LabelStyle>
				<scale>0</scale>
			</LabelStyle>
			<LineStyle>
				<color>ff2dc0fb</color>
				<width>4.8</width>
			</LineStyle>
			<PolyStyle>
				<color>40ffffff</color>
			</PolyStyle>
			<BalloonStyle>
				<gx:displayMode>card</gx:displayMode>
			</BalloonStyle>
		</Style>
	</gx:CascadingStyle>
	<gx:CascadingStyle kml:id="__managed_style_414D46136A40DE0E3590_highlight">
		<Style>
			<IconStyle>
				<scale>1.2</scale>
				<Icon>
					<href>https://earth.google.com/earth/document/icon?color=7b1fa2&amp;id=2232&amp;scale=4</href>
				</Icon>
				<hotSpot x="64" y="128" xunits="pixels" yunits="insetPixels"/>
			</IconStyle>
			<LabelStyle>
				<scale>0</scale>
			</LabelStyle>
			<LineStyle>
				<color>ff2dc0fb</color>
				<width>4.8</width>
			</LineStyle>
			<PolyStyle>
				<color>40ffffff</color>
			</PolyStyle>
			<BalloonStyle>
				<gx:displayMode>card</gx:displayMode>
			</BalloonStyle>
		</Style>
	</gx:CascadingStyle>
	<gx:CascadingStyle kml:id="__managed_style_414D46136A40DE0E3590_normal">
		<Style>
			<IconStyle>
				<Icon>
					<href>https://earth.google.com/earth/document/icon?color=7b1fa2&amp;id=2232&amp;scale=4</href>
				</Icon>
				<hotSpot x="64" y="128" xunits="pixels" yunits="insetPixels"/>
			</IconStyle>
			<LabelStyle>
				<scale>0</scale>
			</LabelStyle>
			<LineStyle>
				<color>ff2dc0fb</color>
				<width>3.2</width>
			</LineStyle>
			<PolyStyle>
				<color>40ffffff</color>
			</PolyStyle>
			<BalloonStyle>
				<gx:displayMode>card</gx:displayMode>
			</BalloonStyle>
		</Style>
	</gx:CascadingStyle>
	<StyleMap id="__managed_style_414D46136A40DE0E3590">
		<Pair>
			<key>normal</key>
			<styleUrl>#__managed_style_414D46136A40DE0E3590_normal</styleUrl>
		</Pair>
		<Pair>
			<key>highlight</key>
			<styleUrl>#__managed_style_414D46136A40DE0E3590_highlight</styleUrl>
		</Pair>
	</StyleMap>
	<StyleMap id="__managed_style_0D8F37A89C40DE0E358F">
		<Pair>
			<key>normal</key>
			<styleUrl>#__managed_style_0D8F37A89C40DE0E358F_normal</styleUrl>
		</Pair>
		<Pair>
			<key>highlight</key>
			<styleUrl>#__managed_style_0D8F37A89C40DE0E358F_highlight</styleUrl>
		</Pair>
	</StyleMap>
	<gx:CascadingStyle kml:id="__managed_style_0B0849A66340DE0E358E_highlight">
		<Style>
			<IconStyle>
				<scale>1.2</scale>
				<Icon>
					<href>https://earth.google.com/earth/document/icon?color=1976d2&amp;id=2000&amp;scale=4</href>
				</Icon>
				<hotSpot x="64" y="128" xunits="pixels" yunits="insetPixels"/>
			</IconStyle>
			<LabelStyle>
				<scale>0</scale>
			</LabelStyle>
			<LineStyle>
				<color>ffa21f7b</color>
				<width>4.8</width>
			</LineStyle>
			<PolyStyle>
				<color>40ffffff</color>
			</PolyStyle>
			<BalloonStyle>
			</BalloonStyle>
		</Style>
	</gx:CascadingStyle>
	<gx:CascadingStyle kml:id="__managed_style_167F55D09240DE0E3590_highlight">
		<Style>
			<IconStyle>
				<scale>1.2</scale>
				<Icon>
					<href>https://earth.google.com/earth/document/icon?color=1976d2&amp;id=2074&amp;scale=4</href>
				</Icon>
				<hotSpot x="64" y="128" xunits="pixels" yunits="insetPixels"/>
			</IconStyle>
			<LabelStyle>
				<scale>0</scale>
			</LabelStyle>
			<LineStyle>
				<color>ff2dc0fb</color>
				<width>4.8</width>
			</LineStyle>
			<PolyStyle>
				<color>40ffffff</color>
			</PolyStyle>
			<BalloonStyle>
				<gx:displayMode>card</gx:displayMode>
			</BalloonStyle>
		</Style>
	</gx:CascadingStyle>
	<gx:CascadingStyle kml:id="__managed_style_0B0849A66340DE0E358E_normal">
		<Style>
			<IconStyle>
				<Icon>
					<href>https://earth.google.com/earth/document/icon?color=1976d2&amp;id=2000&amp;scale=4</href>
				</Icon>
				<hotSpot x="64" y="128" xunits="pixels" yunits="insetPixels"/>
			</IconStyle>
			<LabelStyle>
				<scale>0</scale>
			</LabelStyle>
			<LineStyle>
				<color>ffa21f7b</color>
				<width>3.2</width>
			</LineStyle>
			<PolyStyle>
				<color>40ffffff</color>
			</PolyStyle>
			<BalloonStyle>
			</BalloonStyle>
		</Style>
	</gx:CascadingStyle>
	<gx:CascadingStyle kml:id="__managed_style_2F2B09DEC940DE0E3590_highlight">
		<Style>
			<IconStyle>
				<scale>1.2</scale>
				<Icon>
					<href>https://earth.google.com/earth/document/icon?color=7b1fa2&amp;id=2359&amp;scale=4</href>
				</Icon>
				<hotSpot x="64" y="128" xunits="pixels" yunits="insetPixels"/>
			</IconStyle>
			<LabelStyle>
				<scale>0</scale>
			</LabelStyle>
			<LineStyle>
				<color>ff2dc0fb</color>
				<width>4.8</width>
			</LineStyle>
			<PolyStyle>
				<color>40ffffff</color>
			</PolyStyle>
			<BalloonStyle>
				<gx:displayMode>card</gx:displayMode>
			</BalloonStyle>
		</Style>
	</gx:CascadingStyle>
	<gx:CascadingStyle kml:id="__managed_style_0164161D0540DE0E3596_normal">
		<Style>
			<IconStyle>
				<scale>1.5</scale>
				<Icon>
					<href>https://earth.google.com/earth/document/icon?color=1976d2&amp;id=2074&amp;scale=4</href>
				</Icon>
				<hotSpot x="64" y="128" xunits="pixels" yunits="insetPixels"/>
			</IconStyle>
			<LabelStyle>
				<scale>0</scale>
			</LabelStyle>
			<LineStyle>
				<color>ff2dc0fb</color>
				<width>3.2</width>
			</LineStyle>
			<PolyStyle>
				<color>40ffffff</color>
			</PolyStyle>
			<BalloonStyle>
				<gx:displayMode>card</gx:displayMode>
			</BalloonStyle>
		</Style>
	</gx:CascadingStyle>
	<StyleMap id="__managed_style_22DEB8446B40DE0E358E">
		<Pair>
			<key>normal</key>
			<styleUrl>#__managed_style_22DEB8446B40DE0E358E_normal</styleUrl>
		</Pair>
		<Pair>
			<key>highlight</key>
			<styleUrl>#__managed_style_22DEB8446B40DE0E358E_highlight</styleUrl>
		</Pair>
	</StyleMap>
	<gx:CascadingStyle kml:id="__managed_style_2F2B09DEC940DE0E3590_normal">
		<Style>
			<IconStyle>
				<Icon>
					<href>https://earth.google.com/earth/document/icon?color=7b1fa2&amp;id=2359&amp;scale=4</href>
				</Icon>
				<hotSpot x="64" y="128" xunits="pixels" yunits="insetPixels"/>
			</IconStyle>
			<LabelStyle>
				<scale>0</scale>
			</LabelStyle>
			<LineStyle>
				<color>ff2dc0fb</color>
				<width>3.2</width>
			</LineStyle>
			<PolyStyle>
				<color>40ffffff</color>
			</PolyStyle>
			<BalloonStyle>
				<gx:displayMode>card</gx:displayMode>
			</BalloonStyle>
		</Style>
	</gx:CascadingStyle>
	<StyleMap id="__managed_style_48B95950D340DE0E3594">
		<Pair>
			<key>normal</key>
			<styleUrl>#__managed_style_48B95950D340DE0E3594_normal</styleUrl>
		</Pair>
		<Pair>
			<key>highlight</key>
			<styleUrl>#__managed_style_48B95950D340DE0E3594_highlight</styleUrl>
		</Pair>
	</StyleMap>
	<gx:CascadingStyle kml:id="__managed_style_1DF8661AED40DE0E3591_normal">
		<Style>
			<IconStyle>
				<Icon>
					<href>https://earth.google.com/earth/document/icon?color=f57c00&amp;id=2130&amp;scale=4</href>
				</Icon>
				<hotSpot x="64" y="128" xunits="pixels" yunits="insetPixels"/>
			</IconStyle>
			<LabelStyle>
				<scale>0</scale>
			</LabelStyle>
			<LineStyle>
				<color>ff2dc0fb</color>
				<width>3.2</width>
			</LineStyle>
			<PolyStyle>
				<color>40ffffff</color>
			</PolyStyle>
			<BalloonStyle>
				<gx:displayMode>card</gx:displayMode>
			</BalloonStyle>
		</Style>
	</gx:CascadingStyle>
	<gx:CascadingStyle kml:id="__managed_style_0D8F37A89C40DE0E358F_highlight">
		<Style>
			<IconStyle>
				<scale>1.2</scale>
				<Icon>
					<href>https://earth.google.com/earth/document/icon?color=303f9f&amp;id=2339&amp;scale=4</href>
				</Icon>
				<hotSpot x="64" y="128" xunits="pixels" yunits="insetPixels"/>
			</IconStyle>
			<LabelStyle>
				<scale>0</scale>
			</LabelStyle>
			<LineStyle>
				<color>ff2dc0fb</color>
				<width>4.8</width>
			</LineStyle>
			<PolyStyle>
				<color>40ffffff</color>
			</PolyStyle>
			<BalloonStyle>
				<gx:displayMode>card</gx:displayMode>
			</BalloonStyle>
		</Style>
	</gx:CascadingStyle>
	<gx:CascadingStyle kml:id="__managed_style_08B2B68CCC40DE0E3593_highlight">
		<Style>
			<IconStyle>
				<scale>1.2</scale>
				<Icon>
					<href>https://earth.google.com/earth/document/icon?color=1976d2&amp;id=2000&amp;scale=4</href>
				</Icon>
				<hotSpot x="64" y="128" xunits="pixels" yunits="insetPixels"/>
			</IconStyle>
			<LabelStyle>
				<scale>0</scale>
			</LabelStyle>
			<LineStyle>
				<color>ffa21f7b</color>
				<width>4.8</width>
			</LineStyle>
			<PolyStyle>
				<color>40ffffff</color>
			</PolyStyle>
			<BalloonStyle>
			</BalloonStyle>
		</Style>
	</gx:CascadingStyle>
	<gx:CascadingStyle kml:id="__managed_style_09FC2F578640DE0E358C_normal">
		<Style>
			<IconStyle>
				<Icon>
					<href>https://earth.google.com/earth/document/icon?color=7b1fa2&amp;id=2006&amp;scale=4</href>
				</Icon>
				<hotSpot x="64" y="128" xunits="pixels" yunits="insetPixels"/>
			</IconStyle>
			<LabelStyle>
				<scale>0</scale>
			</LabelStyle>
			<LineStyle>
				<color>ff2dc0fb</color>
				<width>3.2</width>
			</LineStyle>
			<PolyStyle>
				<color>40ffffff</color>
			</PolyStyle>
			<BalloonStyle>
				<gx:displayMode>card</gx:displayMode>
			</BalloonStyle>
		</Style>
	</gx:CascadingStyle>
	<gx:CascadingStyle kml:id="__managed_style_08B2B68CCC40DE0E3593_normal">
		<Style>
			<IconStyle>
				<Icon>
					<href>https://earth.google.com/earth/document/icon?color=1976d2&amp;id=2000&amp;scale=4</href>
				</Icon>
				<hotSpot x="64" y="128" xunits="pixels" yunits="insetPixels"/>
			</IconStyle>
			<LabelStyle>
				<scale>0</scale>
			</LabelStyle>
			<LineStyle>
				<color>ffa21f7b</color>
				<width>3.2</width>
			</LineStyle>
			<PolyStyle>
				<color>40ffffff</color>
			</PolyStyle>
			<BalloonStyle>
			</BalloonStyle>
		</Style>
	</gx:CascadingStyle>
	<gx:CascadingStyle kml:id="__managed_style_02C4B69BE140DE0E3598_highlight">
		<Style>
			<IconStyle>
				<scale>1.2</scale>
				<Icon>
					<href>https://earth.google.com/earth/document/icon?color=7b1fa2&amp;id=2006&amp;scale=4</href>
				</Icon>
				<hotSpot x="64" y="128" xunits="pixels" yunits="insetPixels"/>
			</IconStyle>
			<LabelStyle>
				<scale>0</scale>
			</LabelStyle>
			<LineStyle>
				<color>ff2dc0fb</color>
				<width>4.8</width>
			</LineStyle>
			<PolyStyle>
				<color>40ffffff</color>
			</PolyStyle>
			<BalloonStyle>
				<gx:displayMode>card</gx:displayMode>
			</BalloonStyle>
		</Style>
	</gx:CascadingStyle>
	<gx:CascadingStyle kml:id="__managed_style_28B95B05FE40DE0E358C_highlight">
		<Style>
			<IconStyle>
				<scale>1.2</scale>
				<Icon>
					<href>https://earth.google.com/earth/document/icon?color=7b1fa2&amp;id=2156&amp;scale=4</href>
				</Icon>
				<hotSpot x="64" y="128" xunits="pixels" yunits="insetPixels"/>
			</IconStyle>
			<LabelStyle>
				<scale>0</scale>
			</LabelStyle>
			<LineStyle>
				<color>ff2dc0fb</color>
				<width>4.8</width>
			</LineStyle>
			<PolyStyle>
				<color>40ffffff</color>
			</PolyStyle>
			<BalloonStyle>
				<gx:displayMode>card</gx:displayMode>
			</BalloonStyle>
		</Style>
	</gx:CascadingStyle>
	<gx:CascadingStyle kml:id="__managed_style_1DF8661AED40DE0E3591_highlight">
		<Style>
			<IconStyle>
				<scale>1.2</scale>
				<Icon>
					<href>https://earth.google.com/earth/document/icon?color=f57c00&amp;id=2130&amp;scale=4</href>
				</Icon>
				<hotSpot x="64" y="128" xunits="pixels" yunits="insetPixels"/>
			</IconStyle>
			<LabelStyle>
				<scale>0</scale>
			</LabelStyle>
			<LineStyle>
				<color>ff2dc0fb</color>
				<width>4.8</width>
			</LineStyle>
			<PolyStyle>
				<color>40ffffff</color>
			</PolyStyle>
			<BalloonStyle>
				<gx:displayMode>card</gx:displayMode>
			</BalloonStyle>
		</Style>
	</gx:CascadingStyle>
	<StyleMap id="__managed_style_2F2B09DEC940DE0E3590">
		<Pair>
			<key>normal</key>
			<styleUrl>#__managed_style_2F2B09DEC940DE0E3590_normal</styleUrl>
		</Pair>
		<Pair>
			<key>highlight</key>
			<styleUrl>#__managed_style_2F2B09DEC940DE0E3590_highlight</styleUrl>
		</Pair>
	</StyleMap>
	<gx:CascadingStyle kml:id="__managed_style_28B95B05FE40DE0E358C_normal">
		<Style>
			<IconStyle>
				<Icon>
					<href>https://earth.google.com/earth/document/icon?color=7b1fa2&amp;id=2156&amp;scale=4</href>
				</Icon>
				<hotSpot x="64" y="128" xunits="pixels" yunits="insetPixels"/>
			</IconStyle>
			<LabelStyle>
				<scale>0</scale>
			</LabelStyle>
			<LineStyle>
				<color>ff2dc0fb</color>
				<width>3.2</width>
			</LineStyle>
			<PolyStyle>
				<color>40ffffff</color>
			</PolyStyle>
			<BalloonStyle>
				<gx:displayMode>card</gx:displayMode>
			</BalloonStyle>
		</Style>
	</gx:CascadingStyle>
	<StyleMap id="__managed_style_23ED316D6E40DE0E358F">
		<Pair>
			<key>normal</key>
			<styleUrl>#__managed_style_23ED316D6E40DE0E358F_normal</styleUrl>
		</Pair>
		<Pair>
			<key>highlight</key>
			<styleUrl>#__managed_style_23ED316D6E40DE0E358F_highlight</styleUrl>
		</Pair>
	</StyleMap>
	<StyleMap id="__managed_style_08B2B68CCC40DE0E3593">
		<Pair>
			<key>normal</key>
			<styleUrl>#__managed_style_08B2B68CCC40DE0E3593_normal</styleUrl>
		</Pair>
		<Pair>
			<key>highlight</key>
			<styleUrl>#__managed_style_08B2B68CCC40DE0E3593_highlight</styleUrl>
		</Pair>
	</StyleMap>
	<StyleMap id="__managed_style_28B95B05FE40DE0E358C">
		<Pair>
			<key>normal</key>
			<styleUrl>#__managed_style_28B95B05FE40DE0E358C_normal</styleUrl>
		</Pair>
		<Pair>
			<key>highlight</key>
			<styleUrl>#__managed_style_28B95B05FE40DE0E358C_highlight</styleUrl>
		</Pair>
	</StyleMap>
	<StyleMap id="__managed_style_09FC2F578640DE0E358C">
		<Pair>
			<key>normal</key>
			<styleUrl>#__managed_style_09FC2F578640DE0E358C_normal</styleUrl>
		</Pair>
		<Pair>
			<key>highlight</key>
			<styleUrl>#__managed_style_09FC2F578640DE0E358C_highlight</styleUrl>
		</Pair>
	</StyleMap>
	<StyleMap id="__managed_style_069A5DEDDF40DE0E3597">
		<Pair>
			<key>normal</key>
			<styleUrl>#__managed_style_069A5DEDDF40DE0E3597_normal</styleUrl>
		</Pair>
		<Pair>
			<key>highlight</key>
			<styleUrl>#__managed_style_069A5DEDDF40DE0E3597_highlight</styleUrl>
		</Pair>
	</StyleMap>
	<gx:CascadingStyle kml:id="__managed_style_368A4AA9CD40DE0E3590_normal">
		<Style>
			<IconStyle>
				<Icon>
					<href>https://earth.google.com/earth/document/icon?color=7b1fa2&amp;id=2039&amp;scale=4</href>
				</Icon>
				<hotSpot x="64" y="128" xunits="pixels" yunits="insetPixels"/>
			</IconStyle>
			<LabelStyle>
				<scale>0</scale>
			</LabelStyle>
			<LineStyle>
				<color>ff2dc0fb</color>
				<width>3.2</width>
			</LineStyle>
			<PolyStyle>
				<color>40ffffff</color>
			</PolyStyle>
			<BalloonStyle>
				<gx:displayMode>card</gx:displayMode>
			</BalloonStyle>
		</Style>
	</gx:CascadingStyle>
	<gx:CascadingStyle kml:id="__managed_style_27F84CE7CD40DE0E3591_normal">
		<Style>
			<IconStyle>
				<Icon>
					<href>https://earth.google.com/earth/document/icon?color=1976d2&amp;id=2000&amp;scale=4</href>
				</Icon>
				<hotSpot x="64" y="128" xunits="pixels" yunits="insetPixels"/>
			</IconStyle>
			<LabelStyle>
				<scale>0</scale>
			</LabelStyle>
			<LineStyle>
				<color>ffa21f7b</color>
				<width>3.2</width>
			</LineStyle>
			<PolyStyle>
				<color>40ffffff</color>
			</PolyStyle>
			<BalloonStyle>
			</BalloonStyle>
		</Style>
	</gx:CascadingStyle>
	<StyleMap id="__managed_style_368A4AA9CD40DE0E3590">
		<Pair>
			<key>normal</key>
			<styleUrl>#__managed_style_368A4AA9CD40DE0E3590_normal</styleUrl>
		</Pair>
		<Pair>
			<key>highlight</key>
			<styleUrl>#__managed_style_368A4AA9CD40DE0E3590_highlight</styleUrl>
		</Pair>
	</StyleMap>
	<gx:CascadingStyle kml:id="__managed_style_368A4AA9CD40DE0E3590_highlight">
		<Style>
			<IconStyle>
				<scale>1.2</scale>
				<Icon>
					<href>https://earth.google.com/earth/document/icon?color=7b1fa2&amp;id=2039&amp;scale=4</href>
				</Icon>
				<hotSpot x="64" y="128" xunits="pixels" yunits="insetPixels"/>
			</IconStyle>
			<LabelStyle>
				<scale>0</scale>
			</LabelStyle>
			<LineStyle>
				<color>ff2dc0fb</color>
				<width>4.8</width>
			</LineStyle>
			<PolyStyle>
				<color>40ffffff</color>
			</PolyStyle>
			<BalloonStyle>
				<gx:displayMode>card</gx:displayMode>
			</BalloonStyle>
		</Style>
	</gx:CascadingStyle>
	<gx:CascadingStyle kml:id="__managed_style_2D88C1D33540DE0E3594_highlight">
		<Style>
			<IconStyle>
				<scale>1.2</scale>
				<Icon>
					<href>https://earth.google.com/earth/document/icon?color=388e3c&amp;id=2385&amp;scale=4</href>
				</Icon>
				<hotSpot x="64" y="128" xunits="pixels" yunits="insetPixels"/>
			</IconStyle>
			<LabelStyle>
				<scale>0</scale>
			</LabelStyle>
			<LineStyle>
				<color>ff2dc0fb</color>
				<width>4.8</width>
			</LineStyle>
			<PolyStyle>
				<color>40ffffff</color>
			</PolyStyle>
			<BalloonStyle>
				<gx:displayMode>card</gx:displayMode>
			</BalloonStyle>
		</Style>
	</gx:CascadingStyle>
	<gx:CascadingStyle kml:id="__managed_style_59B33509A240DE0E3594_normal">
		<Style>
			<IconStyle>
				<Icon>
					<href>https://earth.google.com/earth/document/icon?color=1976d2&amp;id=2000&amp;scale=4</href>
				</Icon>
				<hotSpot x="64" y="128" xunits="pixels" yunits="insetPixels"/>
			</IconStyle>
			<LabelStyle>
				<scale>0</scale>
			</LabelStyle>
			<LineStyle>
				<color>ffa21f7b</color>
				<width>3.2</width>
			</LineStyle>
			<PolyStyle>
				<color>40a21f7b</color>
			</PolyStyle>
			<BalloonStyle>
			</BalloonStyle>
		</Style>
	</gx:CascadingStyle>
	<gx:CascadingStyle kml:id="__managed_style_02C4B69BE140DE0E3598_normal">
		<Style>
			<IconStyle>
				<Icon>
					<href>https://earth.google.com/earth/document/icon?color=7b1fa2&amp;id=2006&amp;scale=4</href>
				</Icon>
				<hotSpot x="64" y="128" xunits="pixels" yunits="insetPixels"/>
			</IconStyle>
			<LabelStyle>
				<scale>0</scale>
			</LabelStyle>
			<LineStyle>
				<color>ff2dc0fb</color>
				<width>3.2</width>
			</LineStyle>
			<PolyStyle>
				<color>40ffffff</color>
			</PolyStyle>
			<BalloonStyle>
				<gx:displayMode>card</gx:displayMode>
			</BalloonStyle>
		</Style>
	</gx:CascadingStyle>
	<gx:CascadingStyle kml:id="__managed_style_10D5F14FE640DE0E358F_highlight">
		<Style>
			<IconStyle>
				<scale>1.8</scale>
				<Icon>
					<href>https://earth.google.com/earth/document/icon?color=388e3c&amp;id=2370&amp;scale=4</href>
				</Icon>
				<hotSpot x="64" y="128" xunits="pixels" yunits="insetPixels"/>
			</IconStyle>
			<LabelStyle>
				<scale>0</scale>
			</LabelStyle>
			<LineStyle>
				<color>ff2dc0fb</color>
				<width>4.8</width>
			</LineStyle>
			<PolyStyle>
				<color>40ffffff</color>
			</PolyStyle>
			<BalloonStyle>
				<gx:displayMode>card</gx:displayMode>
			</BalloonStyle>
		</Style>
	</gx:CascadingStyle>
	<gx:CascadingStyle kml:id="__managed_style_069A5DEDDF40DE0E3597_normal">
		<Style>
			<IconStyle>
				<Icon>
					<href>https://earth.google.com/earth/document/icon?color=7b1fa2&amp;id=2046&amp;scale=4</href>
				</Icon>
				<hotSpot x="64" y="128" xunits="pixels" yunits="insetPixels"/>
			</IconStyle>
			<LabelStyle>
				<scale>0</scale>
			</LabelStyle>
			<LineStyle>
				<color>ff2dc0fb</color>
				<width>3.2</width>
			</LineStyle>
			<PolyStyle>
				<color>40ffffff</color>
			</PolyStyle>
			<BalloonStyle>
				<gx:displayMode>card</gx:displayMode>
			</BalloonStyle>
		</Style>
	</gx:CascadingStyle>
	<gx:CascadingStyle kml:id="__managed_style_10D5F14FE640DE0E358F_normal">
		<Style>
			<IconStyle>
				<scale>1.5</scale>
				<Icon>
					<href>https://earth.google.com/earth/document/icon?color=388e3c&amp;id=2370&amp;scale=4</href>
				</Icon>
				<hotSpot x="64" y="128" xunits="pixels" yunits="insetPixels"/>
			</IconStyle>
			<LabelStyle>
				<scale>0</scale>
			</LabelStyle>
			<LineStyle>
				<color>ff2dc0fb</color>
				<width>3.2</width>
			</LineStyle>
			<PolyStyle>
				<color>40ffffff</color>
			</PolyStyle>
			<BalloonStyle>
				<gx:displayMode>card</gx:displayMode>
			</BalloonStyle>
		</Style>
	</gx:CascadingStyle>
	<StyleMap id="__managed_style_10D5F14FE640DE0E358F">
		<Pair>
			<key>normal</key>
			<styleUrl>#__managed_style_10D5F14FE640DE0E358F_normal</styleUrl>
		</Pair>
		<Pair>
			<key>highlight</key>
			<styleUrl>#__managed_style_10D5F14FE640DE0E358F_highlight</styleUrl>
		</Pair>
	</StyleMap>
	<StyleMap id="__managed_style_12F14D2C1740DE0E3597">
		<Pair>
			<key>normal</key>
			<styleUrl>#__managed_style_12F14D2C1740DE0E3597_normal</styleUrl>
		</Pair>
		<Pair>
			<key>highlight</key>
			<styleUrl>#__managed_style_12F14D2C1740DE0E3597_highlight</styleUrl>
		</Pair>
	</StyleMap>
	<gx:CascadingStyle kml:id="__managed_style_27F84CE7CD40DE0E3591_highlight">
		<Style>
			<IconStyle>
				<scale>1.2</scale>
				<Icon>
					<href>https://earth.google.com/earth/document/icon?color=1976d2&amp;id=2000&amp;scale=4</href>
				</Icon>
				<hotSpot x="64" y="128" xunits="pixels" yunits="insetPixels"/>
			</IconStyle>
			<LabelStyle>
				<scale>0</scale>
			</LabelStyle>
			<LineStyle>
				<color>ffa21f7b</color>
				<width>4.8</width>
			</LineStyle>
			<PolyStyle>
				<color>40ffffff</color>
			</PolyStyle>
			<BalloonStyle>
			</BalloonStyle>
		</Style>
	</gx:CascadingStyle>
	<gx:CascadingStyle kml:id="__managed_style_123FF4AD3840DE0E3596_normal">
		<Style>
			<IconStyle>
				<Icon>
					<href>https://earth.google.com/earth/document/icon?color=7b1fa2&amp;id=2163&amp;scale=4</href>
				</Icon>
				<hotSpot x="64" y="128" xunits="pixels" yunits="insetPixels"/>
			</IconStyle>
			<LabelStyle>
				<scale>0</scale>
			</LabelStyle>
			<LineStyle>
				<color>ff2dc0fb</color>
				<width>3.2</width>
			</LineStyle>
			<PolyStyle>
				<color>40ffffff</color>
			</PolyStyle>
			<BalloonStyle>
				<gx:displayMode>card</gx:displayMode>
			</BalloonStyle>
		</Style>
	</gx:CascadingStyle>
	<StyleMap id="__managed_style_27F84CE7CD40DE0E3591">
		<Pair>
			<key>normal</key>
			<styleUrl>#__managed_style_27F84CE7CD40DE0E3591_normal</styleUrl>
		</Pair>
		<Pair>
			<key>highlight</key>
			<styleUrl>#__managed_style_27F84CE7CD40DE0E3591_highlight</styleUrl>
		</Pair>
	</StyleMap>
	<StyleMap id="__managed_style_0B0849A66340DE0E358E">
		<Pair>
			<key>normal</key>
			<styleUrl>#__managed_style_0B0849A66340DE0E358E_normal</styleUrl>
		</Pair>
		<Pair>
			<key>highlight</key>
			<styleUrl>#__managed_style_0B0849A66340DE0E358E_highlight</styleUrl>
		</Pair>
	</StyleMap>
	<StyleMap id="__managed_style_14E5DE1F0E40DE0E358E">
		<Pair>
			<key>normal</key>
			<styleUrl>#__managed_style_14E5DE1F0E40DE0E358E_normal</styleUrl>
		</Pair>
		<Pair>
			<key>highlight</key>
			<styleUrl>#__managed_style_14E5DE1F0E40DE0E358E_highlight</styleUrl>
		</Pair>
	</StyleMap>
	<StyleMap id="__managed_style_123FF4AD3840DE0E3596">
		<Pair>
			<key>normal</key>
			<styleUrl>#__managed_style_123FF4AD3840DE0E3596_normal</styleUrl>
		</Pair>
		<Pair>
			<key>highlight</key>
			<styleUrl>#__managed_style_123FF4AD3840DE0E3596_highlight</styleUrl>
		</Pair>
	</StyleMap>
	<StyleMap id="__managed_style_02C4B69BE140DE0E3598">
		<Pair>
			<key>normal</key>
			<styleUrl>#__managed_style_02C4B69BE140DE0E3598_normal</styleUrl>
		</Pair>
		<Pair>
			<key>highlight</key>
			<styleUrl>#__managed_style_02C4B69BE140DE0E3598_highlight</styleUrl>
		</Pair>
	</StyleMap>
	<StyleMap id="__managed_style_167F55D09240DE0E3590">
		<Pair>
			<key>normal</key>
			<styleUrl>#__managed_style_167F55D09240DE0E3590_normal</styleUrl>
		</Pair>
		<Pair>
			<key>highlight</key>
			<styleUrl>#__managed_style_167F55D09240DE0E3590_highlight</styleUrl>
		</Pair>
	</StyleMap>
	<gx:CascadingStyle kml:id="__managed_style_2D88C1D33540DE0E3594_normal">
		<Style>
			<IconStyle>
				<Icon>
					<href>https://earth.google.com/earth/document/icon?color=388e3c&amp;id=2385&amp;scale=4</href>
				</Icon>
				<hotSpot x="64" y="128" xunits="pixels" yunits="insetPixels"/>
			</IconStyle>
			<LabelStyle>
				<scale>0</scale>
			</LabelStyle>
			<LineStyle>
				<color>ff2dc0fb</color>
				<width>3.2</width>
			</LineStyle>
			<PolyStyle>
				<color>40ffffff</color>
			</PolyStyle>
			<BalloonStyle>
				<gx:displayMode>card</gx:displayMode>
			</BalloonStyle>
		</Style>
	</gx:CascadingStyle>
	<StyleMap id="__managed_style_15E0F56CB440DE0E3593">
		<Pair>
			<key>normal</key>
			<styleUrl>#__managed_style_15E0F56CB440DE0E3593_normal</styleUrl>
		</Pair>
		<Pair>
			<key>highlight</key>
			<styleUrl>#__managed_style_15E0F56CB440DE0E3593_highlight</styleUrl>
		</Pair>
	</StyleMap>
	<gx:CascadingStyle kml:id="__managed_style_05281DCD3840DE0E3590_highlight">
		<Style>
			<IconStyle>
				<scale>1.2</scale>
				<Icon>
					<href>https://earth.google.com/earth/document/icon?color=388e3c&amp;id=2370&amp;scale=4</href>
				</Icon>
				<hotSpot x="64" y="128" xunits="pixels" yunits="insetPixels"/>
			</IconStyle>
			<LabelStyle>
				<scale>0</scale>
			</LabelStyle>
			<LineStyle>
				<color>ff2dc0fb</color>
				<width>4.8</width>
			</LineStyle>
			<PolyStyle>
				<color>40ffffff</color>
			</PolyStyle>
			<BalloonStyle>
				<gx:displayMode>card</gx:displayMode>
			</BalloonStyle>
		</Style>
	</gx:CascadingStyle>
	<gx:CascadingStyle kml:id="__managed_style_123FF4AD3840DE0E3596_highlight">
		<Style>
			<IconStyle>
				<scale>1.2</scale>
				<Icon>
					<href>https://earth.google.com/earth/document/icon?color=7b1fa2&amp;id=2163&amp;scale=4</href>
				</Icon>
				<hotSpot x="64" y="128" xunits="pixels" yunits="insetPixels"/>
			</IconStyle>
			<LabelStyle>
				<scale>0</scale>
			</LabelStyle>
			<LineStyle>
				<color>ff2dc0fb</color>
				<width>4.8</width>
			</LineStyle>
			<PolyStyle>
				<color>40ffffff</color>
			</PolyStyle>
			<BalloonStyle>
				<gx:displayMode>card</gx:displayMode>
			</BalloonStyle>
		</Style>
	</gx:CascadingStyle>
	<gx:CascadingStyle kml:id="__managed_style_0D8F37A89C40DE0E358F_normal">
		<Style>
			<IconStyle>
				<Icon>
					<href>https://earth.google.com/earth/document/icon?color=303f9f&amp;id=2339&amp;scale=4</href>
				</Icon>
				<hotSpot x="64" y="128" xunits="pixels" yunits="insetPixels"/>
			</IconStyle>
			<LabelStyle>
				<scale>0</scale>
			</LabelStyle>
			<LineStyle>
				<color>ff2dc0fb</color>
				<width>3.2</width>
			</LineStyle>
			<PolyStyle>
				<color>40ffffff</color>
			</PolyStyle>
			<BalloonStyle>
				<gx:displayMode>card</gx:displayMode>
			</BalloonStyle>
		</Style>
	</gx:CascadingStyle>
	<StyleMap id="__managed_style_13B92637EC40DE0E3594">
		<Pair>
			<key>normal</key>
			<styleUrl>#__managed_style_13B92637EC40DE0E3594_normal</styleUrl>
		</Pair>
		<Pair>
			<key>highlight</key>
			<styleUrl>#__managed_style_13B92637EC40DE0E3594_highlight</styleUrl>
		</Pair>
	</StyleMap>
	<StyleMap id="__managed_style_59B33509A240DE0E3594">
		<Pair>
			<key>normal</key>
			<styleUrl>#__managed_style_59B33509A240DE0E3594_normal</styleUrl>
		</Pair>
		<Pair>
			<key>highlight</key>
			<styleUrl>#__managed_style_59B33509A240DE0E3594_highlight</styleUrl>
		</Pair>
	</StyleMap>
	<StyleMap id="__managed_style_1DF8661AED40DE0E3591">
		<Pair>
			<key>normal</key>
			<styleUrl>#__managed_style_1DF8661AED40DE0E3591_normal</styleUrl>
		</Pair>
		<Pair>
			<key>highlight</key>
			<styleUrl>#__managed_style_1DF8661AED40DE0E3591_highlight</styleUrl>
		</Pair>
	</StyleMap>
	<gx:CascadingStyle kml:id="__managed_style_12F14D2C1740DE0E3597_normal">
		<Style>
			<IconStyle>
				<Icon>
					<href>https://earth.google.com/earth/document/icon?color=1976d2&amp;id=2000&amp;scale=4</href>
				</Icon>
				<hotSpot x="64" y="128" xunits="pixels" yunits="insetPixels"/>
			</IconStyle>
			<LabelStyle>
			</LabelStyle>
			<LineStyle>
				<color>ff2dc0fb</color>
				<width>3.2</width>
			</LineStyle>
			<PolyStyle>
				<color>40ffffff</color>
			</PolyStyle>
			<BalloonStyle>
			</BalloonStyle>
		</Style>
	</gx:CascadingStyle>
	<StyleMap id="__managed_style_10542B238240DE0E358C">
		<Pair>
			<key>normal</key>
			<styleUrl>#__managed_style_10542B238240DE0E358C_normal</styleUrl>
		</Pair>
		<Pair>
			<key>highlight</key>
			<styleUrl>#__managed_style_10542B238240DE0E358C_highlight</styleUrl>
		</Pair>
	</StyleMap>
	<gx:CascadingStyle kml:id="__managed_style_13B92637EC40DE0E3594_normal">
		<Style>
			<IconStyle>
				<Icon>
					<href>https://earth.google.com/earth/document/icon?color=7b1fa2&amp;id=2050&amp;scale=4</href>
				</Icon>
				<hotSpot x="64" y="128" xunits="pixels" yunits="insetPixels"/>
			</IconStyle>
			<LabelStyle>
				<scale>0</scale>
			</LabelStyle>
			<LineStyle>
				<color>ff2dc0fb</color>
				<width>3.2</width>
			</LineStyle>
			<PolyStyle>
				<color>40ffffff</color>
			</PolyStyle>
			<BalloonStyle>
				<gx:displayMode>card</gx:displayMode>
			</BalloonStyle>
		</Style>
	</gx:CascadingStyle>
	<StyleMap id="__managed_style_2D88C1D33540DE0E3594">
		<Pair>
			<key>normal</key>
			<styleUrl>#__managed_style_2D88C1D33540DE0E3594_normal</styleUrl>
		</Pair>
		<Pair>
			<key>highlight</key>
			<styleUrl>#__managed_style_2D88C1D33540DE0E3594_highlight</styleUrl>
		</Pair>
	</StyleMap>
	<gx:CascadingStyle kml:id="__managed_style_10542B238240DE0E358C_highlight">
		<Style>
			<IconStyle>
				<scale>1.2</scale>
				<Icon>
					<href>https://earth.google.com/earth/document/icon?color=1976d2&amp;id=2000&amp;scale=4</href>
				</Icon>
				<hotSpot x="64" y="128" xunits="pixels" yunits="insetPixels"/>
			</IconStyle>
			<LabelStyle>
				<scale>0</scale>
			</LabelStyle>
			<LineStyle>
				<color>ff2dc0fb</color>
				<width>4.8</width>
			</LineStyle>
			<PolyStyle>
				<color>40ffffff</color>
			</PolyStyle>
			<BalloonStyle>
			</BalloonStyle>
		</Style>
	</gx:CascadingStyle>
	<gx:CascadingStyle kml:id="__managed_style_069A5DEDDF40DE0E3597_highlight">
		<Style>
			<IconStyle>
				<scale>1.2</scale>
				<Icon>
					<href>https://earth.google.com/earth/document/icon?color=7b1fa2&amp;id=2046&amp;scale=4</href>
				</Icon>
				<hotSpot x="64" y="128" xunits="pixels" yunits="insetPixels"/>
			</IconStyle>
			<LabelStyle>
				<scale>0</scale>
			</LabelStyle>
			<LineStyle>
				<color>ff2dc0fb</color>
				<width>4.8</width>
			</LineStyle>
			<PolyStyle>
				<color>40ffffff</color>
			</PolyStyle>
			<BalloonStyle>
				<gx:displayMode>card</gx:displayMode>
			</BalloonStyle>
		</Style>
	</gx:CascadingStyle>
	<gx:CascadingStyle kml:id="__managed_style_10542B238240DE0E358C_normal">
		<Style>
			<IconStyle>
				<Icon>
					<href>https://earth.google.com/earth/document/icon?color=1976d2&amp;id=2000&amp;scale=4</href>
				</Icon>
				<hotSpot x="64" y="128" xunits="pixels" yunits="insetPixels"/>
			</IconStyle>
			<LabelStyle>
				<scale>0</scale>
			</LabelStyle>
			<LineStyle>
				<color>ff2dc0fb</color>
				<width>3.2</width>
			</LineStyle>
			<PolyStyle>
				<color>40ffffff</color>
			</PolyStyle>
			<BalloonStyle>
			</BalloonStyle>
		</Style>
	</gx:CascadingStyle>
	<gx:CascadingStyle kml:id="__managed_style_23ED316D6E40DE0E358F_normal">
		<Style>
			<IconStyle>
				<Icon>
					<href>https://earth.google.com/earth/document/icon?color=1976d2&amp;id=2074&amp;scale=4</href>
				</Icon>
				<hotSpot x="64" y="128" xunits="pixels" yunits="insetPixels"/>
			</IconStyle>
			<LabelStyle>
				<scale>0</scale>
			</LabelStyle>
			<LineStyle>
				<color>ff2dc0fb</color>
				<width>3.2</width>
			</LineStyle>
			<PolyStyle>
				<color>40ffffff</color>
			</PolyStyle>
			<BalloonStyle>
				<gx:displayMode>card</gx:displayMode>
			</BalloonStyle>
		</Style>
	</gx:CascadingStyle>
	<gx:CascadingStyle kml:id="__managed_style_48B95950D340DE0E3594_normal">
		<Style>
			<IconStyle>
				<Icon>
					<href>https://earth.google.com/earth/document/icon?color=303f9f&amp;id=2034&amp;scale=4</href>
				</Icon>
				<hotSpot x="64" y="128" xunits="pixels" yunits="insetPixels"/>
			</IconStyle>
			<LabelStyle>
				<scale>0</scale>
			</LabelStyle>
			<LineStyle>
				<color>ff2dc0fb</color>
				<width>3.2</width>
			</LineStyle>
			<PolyStyle>
				<color>40ffffff</color>
			</PolyStyle>
			<BalloonStyle>
				<gx:displayMode>card</gx:displayMode>
			</BalloonStyle>
		</Style>
	</gx:CascadingStyle>
	<gx:CascadingStyle kml:id="__managed_style_13B92637EC40DE0E3594_highlight">
		<Style>
			<IconStyle>
				<scale>1.2</scale>
				<Icon>
					<href>https://earth.google.com/earth/document/icon?color=7b1fa2&amp;id=2050&amp;scale=4</href>
				</Icon>
				<hotSpot x="64" y="128" xunits="pixels" yunits="insetPixels"/>
			</IconStyle>
			<LabelStyle>
				<scale>0</scale>
			</LabelStyle>
			<LineStyle>
				<color>ff2dc0fb</color>
				<width>4.8</width>
			</LineStyle>
			<PolyStyle>
				<color>40ffffff</color>
			</PolyStyle>
			<BalloonStyle>
				<gx:displayMode>card</gx:displayMode>
			</BalloonStyle>
		</Style>
	</gx:CascadingStyle>
	<gx:CascadingStyle kml:id="__managed_style_30E6EBFD0E40DE0E3594_normal">
		<Style>
			<IconStyle>
				<Icon>
					<href>https://earth.google.com/earth/document/icon?color=7b1fa2&amp;id=2050&amp;scale=4</href>
				</Icon>
				<hotSpot x="64" y="128" xunits="pixels" yunits="insetPixels"/>
			</IconStyle>
			<LabelStyle>
				<scale>0</scale>
			</LabelStyle>
			<LineStyle>
				<color>ff2dc0fb</color>
				<width>3.2</width>
			</LineStyle>
			<PolyStyle>
				<color>40ffffff</color>
			</PolyStyle>
			<BalloonStyle>
				<gx:displayMode>card</gx:displayMode>
			</BalloonStyle>
		</Style>
	</gx:CascadingStyle>
	<gx:CascadingStyle kml:id="__managed_style_09FC2F578640DE0E358C_highlight">
		<Style>
			<IconStyle>
				<scale>1.2</scale>
				<Icon>
					<href>https://earth.google.com/earth/document/icon?color=7b1fa2&amp;id=2006&amp;scale=4</href>
				</Icon>
				<hotSpot x="64" y="128" xunits="pixels" yunits="insetPixels"/>
			</IconStyle>
			<LabelStyle>
				<scale>0</scale>
			</LabelStyle>
			<LineStyle>
				<color>ff2dc0fb</color>
				<width>4.8</width>
			</LineStyle>
			<PolyStyle>
				<color>40ffffff</color>
			</PolyStyle>
			<BalloonStyle>
				<gx:displayMode>card</gx:displayMode>
			</BalloonStyle>
		</Style>
	</gx:CascadingStyle>
	<gx:CascadingStyle kml:id="__managed_style_003DEEC1CA40DE0E3591_normal">
		<Style>
			<IconStyle>
				<Icon>
					<href>https://earth.google.com/earth/document/icon?color=f57c00&amp;id=2339&amp;scale=4</href>
				</Icon>
				<hotSpot x="64" y="128" xunits="pixels" yunits="insetPixels"/>
			</IconStyle>
			<LabelStyle>
				<scale>0</scale>
			</LabelStyle>
			<LineStyle>
				<color>ff2dc0fb</color>
				<width>3.2</width>
			</LineStyle>
			<PolyStyle>
				<color>40ffffff</color>
			</PolyStyle>
			<BalloonStyle>
				<gx:displayMode>card</gx:displayMode>
			</BalloonStyle>
		</Style>
	</gx:CascadingStyle>
	<gx:CascadingStyle kml:id="__managed_style_12F14D2C1740DE0E3597_highlight">
		<Style>
			<IconStyle>
				<scale>1.2</scale>
				<Icon>
					<href>https://earth.google.com/earth/document/icon?color=1976d2&amp;id=2000&amp;scale=4</href>
				</Icon>
				<hotSpot x="64" y="128" xunits="pixels" yunits="insetPixels"/>
			</IconStyle>
			<LabelStyle>
			</LabelStyle>
			<LineStyle>
				<color>ff2dc0fb</color>
				<width>4.8</width>
			</LineStyle>
			<PolyStyle>
				<color>40ffffff</color>
			</PolyStyle>
			<BalloonStyle>
			</BalloonStyle>
		</Style>
	</gx:CascadingStyle>
	<Folder id="055A4E96823B954004E7">
		<name>קרואטיה</name>
		<open>1</open>
		<snippet></snippet>
		<styleUrl>#__managed_style_12F14D2C1740DE0E3597</styleUrl>
		<Folder id="101622FE963B954004E7">
			<name>כללי</name>
			<snippet></snippet>
			<styleUrl>#__managed_style_10542B238240DE0E358C</styleUrl>
			<Placemark id="254A620A913B954004E7">
				<name>Betina Trg</name>
				<snippet></snippet>
				<gx:mid>/g/11g9nfsngm</gx:mid>
				<gx:fid>0x1334d1da91df2ff1:0xa7b1cb00510e9654</gx:fid>
				<LookAt>
					<longitude>15.6044661</longitude>
					<latitude>43.8227299</latitude>
					<altitude>0</altitude>
					<heading>0</heading>
					<tilt>0</tilt>
					<gx:fovy>35</gx:fovy>
					<range>736.8281230333533</range>
					<altitudeMode>relativeToGround</altitudeMode>
				</LookAt>
				<styleUrl>#__managed_style_02C4B69BE140DE0E3598</styleUrl>
				<Point>
					<altitudeMode>relativeToGround</altitudeMode>
					<coordinates>15.6044661,43.8227299,0</coordinates>
				</Point>
			</Placemark>
			<Placemark id="39193722BB3B954004E7">
				<name>Peovica</name>
				<snippet></snippet>
				<gx:mid>/m/064mykq</gx:mid>
				<gx:fid>0x134a998a665f64fb:0x47830c82058c6b3</gx:fid>
				<LookAt>
					<longitude>16.6937625</longitude>
					<latitude>43.444924</latitude>
					<altitude>0</altitude>
					<heading>0</heading>
					<tilt>0</tilt>
					<gx:fovy>35</gx:fovy>
					<range>741.8934487878345</range>
					<altitudeMode>relativeToGround</altitudeMode>
				</LookAt>
				<styleUrl>#__managed_style_13B92637EC40DE0E3594</styleUrl>
				<Point>
					<altitudeMode>relativeToGround</altitudeMode>
					<coordinates>16.69091958665787,43.4451808738802,0</coordinates>
				</Point>
			</Placemark>
			<Placemark id="5593BBA0DD3B954004E7">
				<name>Knin Fortress</name>
				<snippet></snippet>
				<gx:mid>/m/063zrkm</gx:mid>
				<gx:fid>0x47603c5da85403a5:0x1970c743fc718470</gx:fid>
				<LookAt>
					<longitude>16.193368</longitude>
					<latitude>44.0342952</latitude>
					<altitude>0</altitude>
					<heading>0</heading>
					<tilt>0</tilt>
					<gx:fovy>35</gx:fovy>
					<range>733.9786610957092</range>
					<altitudeMode>relativeToGround</altitudeMode>
				</LookAt>
				<styleUrl>#__managed_style_123FF4AD3840DE0E3596</styleUrl>
				<Point>
					<altitudeMode>relativeToGround</altitudeMode>
					<coordinates>16.1934328,44.0343039,0</coordinates>
				</Point>
			</Placemark>
			<Placemark id="954C2160F23B954004E7">
				<name>שדרה מרכזית</name>
				<snippet></snippet>
				<LookAt>
					<longitude>13.8453676877723</longitude>
					<latitude>44.86829292009041</latitude>
					<altitude>16.19717636057564</altitude>
					<heading>58.40676122039145</heading>
					<tilt>0</tilt>
					<gx:fovy>83.40286464149666</gx:fovy>
					<range>233.5406896577479</range>
					<altitudeMode>absolute</altitudeMode>
				</LookAt>
				<styleUrl>#__managed_style_27F84CE7CD40DE0E3591</styleUrl>
				<LineString>
					<coordinates>
						13.84688917004777,44.86829973246849,0 13.846490686867,44.86830438106388,0 13.84601089807806,44.86829917877365,0 13.84552549829883,44.86833182552149,0 13.84511219801825,44.86843590657419,0 13.8445426494823,44.86868377302895,0 13.84402759305445,44.86894784927114,0 13.84348662090705,44.86915573129511,0 13.84296709528035,44.86940225277355,0 13.84259590380416,44.86967343103049,0 13.84221659094697,44.87022479801882,0 
					</coordinates>
				</LineString>
			</Placemark>
			<Placemark id="F4BCBB042E3B954004E7">
				<name>שדרה מרכזית</name>
				<snippet></snippet>
				<LookAt>
					<longitude>13.63503917425408</longitude>
					<latitude>45.08227943430325</latitude>
					<altitude>7.048667426049258</altitude>
					<heading>84.1010955944233</heading>
					<tilt>0</tilt>
					<gx:fovy>84.35723348408426</gx:fovy>
					<range>138.5204590216745</range>
					<altitudeMode>absolute</altitudeMode>
				</LookAt>
				<styleUrl>#__managed_style_27F84CE7CD40DE0E3591</styleUrl>
				<LineString>
					<coordinates>
						13.63829465939138,45.0809600428431,0 13.63801425515284,45.08108886174581,0 13.63774064689295,45.0812702609304,0 13.63739244044677,45.08154659224679,0 13.63717808699064,45.08174517293262,0 13.63654735986586,45.08204103202748,0 13.63606543744974,45.08224734350583,0 13.63562809200916,45.08235542807309,0 13.63511586212335,45.08251179621971,0 13.63471268972195,45.0826807183943,0 13.63460315666898,45.0827244262575,0 
					</coordinates>
				</LineString>
			</Placemark>
			<Placemark id="067D30B50E3F4B4F6160">
				<gx:mid>/m/01y6y7</gx:mid>
				<gx:fid>0x47615e6cfed90f3d:0x51a8ff8379a5e70</gx:fid>
				<LookAt>
					<longitude>15.5820119</longitude>
					<latitude>44.86539659999999</latitude>
					<altitude>0</altitude>
					<heading>0</heading>
					<tilt>0</tilt>
					<gx:fovy>35</gx:fovy>
					<range>722.6961818715802</range>
					<altitudeMode>relativeToGround</altitudeMode>
				</LookAt>
				<styleUrl>#__managed_style_10D5F14FE640DE0E358F</styleUrl>
				<Point>
					<altitudeMode>relativeToGround</altitudeMode>
					<coordinates>15.61384798024893,44.87984227871213,0</coordinates>
				</Point>
			</Placemark>
			<Placemark id="0C147569E53F4B4FB757">
				<gx:mid>/g/11f647vybh</gx:mid>
				<gx:fid>0x47615eb366fb356b:0x3dab4efa1b33bb04</gx:fid>
				<LookAt>
					<longitude>15.6084431</longitude>
					<latitude>44.9025369</latitude>
					<altitude>0</altitude>
					<heading>0</heading>
					<tilt>0</tilt>
					<gx:fovy>35</gx:fovy>
					<range>722.188720736093</range>
					<altitudeMode>relativeToGround</altitudeMode>
				</LookAt>
				<styleUrl>#__managed_style_2D88C1D33540DE0E3594</styleUrl>
				<Point>
					<altitudeMode>relativeToGround</altitudeMode>
					<coordinates>15.6084431,44.9025369,0</coordinates>
				</Point>
			</Placemark>
			<Placemark id="02A51ED62F3F4B50F6CE">
				<gx:mid>/m/04cqtgg</gx:mid>
				<gx:fid>0x134a8406687f534f:0xcfd969aec7954ea0</gx:fid>
				<LookAt>
					<longitude>16.6342783</longitude>
					<latitude>43.2575474</latitude>
					<altitude>0</altitude>
					<heading>0</heading>
					<tilt>0</tilt>
					<gx:fovy>35</gx:fovy>
					<range>744.3945567152357</range>
					<altitudeMode>relativeToGround</altitudeMode>
				</LookAt>
				<styleUrl>#__managed_style_368A4AA9CD40DE0E3590</styleUrl>
				<Point>
					<altitudeMode>relativeToGround</altitudeMode>
					<coordinates>16.6342783,43.2575474,0</coordinates>
				</Point>
			</Placemark>
			<Placemark id="0AC3465CF73F4B538944">
				<gx:mid>/g/11jt4f2s9f</gx:mid>
				<gx:fid>0x47615fc58e8fb7db:0x778aded5b069eff8</gx:fid>
				<LookAt>
					<longitude>15.6083764</longitude>
					<latitude>44.87714149999999</latitude>
					<altitude>0</altitude>
					<heading>0</heading>
					<tilt>0</tilt>
					<gx:fovy>35</gx:fovy>
					<range>722.5357371029473</range>
					<altitudeMode>relativeToGround</altitudeMode>
				</LookAt>
				<styleUrl>#__managed_style_09FC2F578640DE0E358C</styleUrl>
				<Point>
					<altitudeMode>relativeToGround</altitudeMode>
					<coordinates>15.6083764,44.8771415,0</coordinates>
				</Point>
			</Placemark>
			<Placemark id="0A8629D0053F4B540954">
				<gx:mid>/g/11kqsjcqd1</gx:mid>
				<gx:fid>0x47615f6fe09b64d7:0xc78586f5a7cc8509</gx:fid>
				<LookAt>
					<longitude>15.6084706</longitude>
					<latitude>44.87800649999999</latitude>
					<altitude>0</altitude>
					<heading>0</heading>
					<tilt>0</tilt>
					<gx:fovy>35</gx:fovy>
					<range>722.5239194114721</range>
					<altitudeMode>relativeToGround</altitudeMode>
				</LookAt>
				<styleUrl>#__managed_style_2D88C1D33540DE0E3594</styleUrl>
				<Point>
					<altitudeMode>relativeToGround</altitudeMode>
					<coordinates>15.6084706,44.8780065,0</coordinates>
				</Point>
			</Placemark>
			<Placemark id="0A48BFA2A43F4B550E3F">
				<gx:mid>/g/11fktyh_mk</gx:mid>
				<gx:fid>0x47615f90a07036f1:0xc8e75cef8bda377d</gx:fid>
				<LookAt>
					<longitude>15.61166209999999</longitude>
					<latitude>44.8991632</latitude>
					<altitude>0</altitude>
					<heading>0</heading>
					<tilt>0</tilt>
					<gx:fovy>35</gx:fovy>
					<range>722.2348282473993</range>
					<altitudeMode>relativeToGround</altitudeMode>
				</LookAt>
				<styleUrl>#__managed_style_28B95B05FE40DE0E358C</styleUrl>
				<Point>
					<altitudeMode>relativeToGround</altitudeMode>
					<coordinates>15.6116621,44.8991632,0</coordinates>
				</Point>
			</Placemark>
			<Placemark id="068BBB78C63F4B55DB4E">
				<gx:mid>/g/11jsl2j66x</gx:mid>
				<gx:fid>0x47615f06bbc3ca8f:0x3977dccdceea349d</gx:fid>
				<LookAt>
					<longitude>15.6088495</longitude>
					<latitude>44.87609399999999</latitude>
					<altitude>0</altitude>
					<heading>0</heading>
					<tilt>0</tilt>
					<gx:fovy>35</gx:fovy>
					<range>722.5500479210027</range>
					<altitudeMode>relativeToGround</altitudeMode>
				</LookAt>
				<styleUrl>#__managed_style_2D88C1D33540DE0E3594</styleUrl>
				<Point>
					<altitudeMode>relativeToGround</altitudeMode>
					<coordinates>15.6088495,44.87609399999999,0</coordinates>
				</Point>
			</Placemark>
			<Placemark id="0AABFCD1BA3F4B585AAC">
				<gx:mid>/g/121qypbv</gx:mid>
				<gx:fid>0x477cd2e1dd2e445d:0xf2cbef04b35fa433</gx:fid>
				<LookAt>
					<longitude>13.8455415</longitude>
					<latitude>44.8702794</latitude>
					<altitude>0</altitude>
					<heading>0</heading>
					<tilt>0</tilt>
					<gx:fovy>35</gx:fovy>
					<range>722.6294822701633</range>
					<altitudeMode>relativeToGround</altitudeMode>
				</LookAt>
				<styleUrl>#__managed_style_09FC2F578640DE0E358C</styleUrl>
				<Point>
					<altitudeMode>relativeToGround</altitudeMode>
					<coordinates>13.8455415,44.8702794,0</coordinates>
				</Point>
			</Placemark>
			<Placemark id="0236518C443F4B589A9C">
				<gx:mid>/m/02m058</gx:mid>
				<gx:fid>0x477cd2e0bb296be1:0xda63eb003492b662</gx:fid>
				<LookAt>
					<longitude>13.8502458</longitude>
					<latitude>44.87322990000001</latitude>
					<altitude>0</altitude>
					<heading>0</heading>
					<tilt>0</tilt>
					<gx:fovy>35</gx:fovy>
					<range>722.589175781828</range>
					<altitudeMode>relativeToGround</altitudeMode>
				</LookAt>
				<styleUrl>#__managed_style_09FC2F578640DE0E358C</styleUrl>
				<Point>
					<altitudeMode>relativeToGround</altitudeMode>
					<coordinates>13.8502458,44.8732299,0</coordinates>
				</Point>
			</Placemark>
			<Placemark id="0860FC0ACE3F4B58D14C">
				<gx:mid>/g/11g8why1jd</gx:mid>
				<gx:fid>0x477cd2e20803ce15:0xc052d0ac54635786</gx:fid>
				<LookAt>
					<longitude>13.8422421</longitude>
					<latitude>44.8699835</latitude>
					<altitude>0</altitude>
					<heading>0</heading>
					<tilt>0</tilt>
					<gx:fovy>35</gx:fovy>
					<range>722.633524434178</range>
					<altitudeMode>relativeToGround</altitudeMode>
				</LookAt>
				<styleUrl>#__managed_style_09FC2F578640DE0E358C</styleUrl>
				<Point>
					<altitudeMode>relativeToGround</altitudeMode>
					<coordinates>13.8422421,44.8699835,0</coordinates>
				</Point>
			</Placemark>
			<Placemark id="0398E508CE3F4B59751C">
				<gx:mid>/g/11b6bmqnh3</gx:mid>
				<gx:fid>0x4764a0e2222d3c15:0xd108d0541e29a340</gx:fid>
				<LookAt>
					<longitude>14.4418237</longitude>
					<latitude>45.3269391</latitude>
					<altitude>0</altitude>
					<heading>0</heading>
					<tilt>0</tilt>
					<gx:fovy>35</gx:fovy>
					<range>716.3703649450009</range>
					<altitudeMode>relativeToGround</altitudeMode>
				</LookAt>
				<styleUrl>#__managed_style_09FC2F578640DE0E358C</styleUrl>
				<Point>
					<altitudeMode>relativeToGround</altitudeMode>
					<coordinates>14.4418237,45.3269391,0</coordinates>
				</Point>
			</Placemark>
			<Placemark id="0BEB19F1583F4B5A1987">
				<name>Korzo</name>
				<LookAt>
					<longitude>14.43988611017606</longitude>
					<latitude>45.32765954731391</latitude>
					<altitude>27.31640328846152</altitude>
					<heading>5.138172617272704e-09</heading>
					<tilt>1.317053442554358</tilt>
					<gx:fovy>68.18356285674275</gx:fovy>
					<range>463.040689353511</range>
					<altitudeMode>absolute</altitudeMode>
				</LookAt>
				<styleUrl>#__managed_style_08B2B68CCC40DE0E3593</styleUrl>
				<LineString>
					<coordinates>
						14.44650656491187,45.32653890407932,0 14.44618511030568,45.32624536806598,0 14.44584000337996,45.32605196895181,0 14.44514916078093,45.32589489365034,0 14.44453260588973,45.3258211019194,0 14.44399623580818,45.32578327108015,0 14.44374260665203,45.32585117923164,0 14.44281217313699,45.32648769474486,0 14.4416271590669,45.32703518906551,0 14.44082988246299,45.32731008078706,0 14.43938184615454,45.32770556942313,0 14.43878162826461,45.32793413012422,0 
					</coordinates>
				</LineString>
			</Placemark>
			<Placemark id="03CE5BE9673F4B5A7AAE">
				<gx:mid>/m/04cr33v</gx:mid>
				<gx:fid>0x4764a0e003a70e4f:0x54e205831ad8f534</gx:fid>
				<LookAt>
					<longitude>14.4553749</longitude>
					<latitude>45.3324289</latitude>
					<altitude>0</altitude>
					<heading>0</heading>
					<tilt>0</tilt>
					<gx:fovy>35</gx:fovy>
					<range>716.2948673741248</range>
					<altitudeMode>relativeToGround</altitudeMode>
				</LookAt>
				<styleUrl>#__managed_style_09FC2F578640DE0E358C</styleUrl>
				<Point>
					<altitudeMode>relativeToGround</altitudeMode>
					<coordinates>14.4553749,45.33242889999999,0</coordinates>
				</Point>
			</Placemark>
			<Placemark id="0D8ABFE03D3F4B5BC744">
				<gx:mid>/g/11b5v9gxbj</gx:mid>
				<gx:fid>0x4761fa6de8461883:0x6a0096312587a124</gx:fid>
				<LookAt>
					<longitude>15.223866</longitude>
					<latitude>44.1153216</latitude>
					<altitude>0</altitude>
					<heading>0</heading>
					<tilt>0</tilt>
					<gx:fovy>35</gx:fovy>
					<range>732.8849111487949</range>
					<altitudeMode>relativeToGround</altitudeMode>
				</LookAt>
				<styleUrl>#__managed_style_09FC2F578640DE0E358C</styleUrl>
				<Point>
					<altitudeMode>relativeToGround</altitudeMode>
					<coordinates>15.223866,44.1153216,0</coordinates>
				</Point>
			</Placemark>
			<Placemark id="04F5CD8A723F4B5C1ED7">
				<gx:mid>/g/1td1xlt0</gx:mid>
				<gx:fid>0x13355dffb1d80851:0xb887852f0deff8e8</gx:fid>
				<LookAt>
					<longitude>16.4382254</longitude>
					<latitude>43.507818</latitude>
					<altitude>0</altitude>
					<heading>0</heading>
					<tilt>0</tilt>
					<gx:fovy>35</gx:fovy>
					<range>741.0522844752554</range>
					<altitudeMode>relativeToGround</altitudeMode>
				</LookAt>
				<styleUrl>#__managed_style_09FC2F578640DE0E358C</styleUrl>
				<Point>
					<altitudeMode>relativeToGround</altitudeMode>
					<coordinates>16.4382254,43.507818,0</coordinates>
				</Point>
			</Placemark>
			<Placemark id="06270A5A633F4B5C554C">
				<name>Split Riva</name>
				<LookAt>
					<longitude>16.43812679943573</longitude>
					<latitude>43.50778769680293</latitude>
					<altitude>-0.8068008995506037</altitude>
					<heading>349.0230453840346</heading>
					<tilt>0</tilt>
					<gx:fovy>35</gx:fovy>
					<range>1292.607948435325</range>
					<altitudeMode>absolute</altitudeMode>
				</LookAt>
				<styleUrl>#__managed_style_08B2B68CCC40DE0E3593</styleUrl>
				<LineString>
					<coordinates>
						16.4365290883988,43.50840315073012,0 16.43968223258782,43.50739437143253,0 
					</coordinates>
				</LineString>
			</Placemark>
			<Placemark id="03B73835713F4B5C89DC">
				<gx:mid>/g/11h0m4k_nm</gx:mid>
				<gx:fid>0x13355d5135c35053:0x1348ba5fcf4f9ff1</gx:fid>
				<LookAt>
					<longitude>16.4381046</longitude>
					<latitude>43.50739530000001</latitude>
					<altitude>0</altitude>
					<heading>0</heading>
					<tilt>0</tilt>
					<gx:fovy>35</gx:fovy>
					<range>741.0579405664286</range>
					<altitudeMode>relativeToGround</altitudeMode>
				</LookAt>
				<styleUrl>#__managed_style_069A5DEDDF40DE0E3597</styleUrl>
				<Point>
					<altitudeMode>relativeToGround</altitudeMode>
					<coordinates>16.4381046,43.5073953,0</coordinates>
				</Point>
			</Placemark>
			<Placemark id="0CCBD62C133F4B5DCC8C">
				<gx:mid>/g/11pz5t03kb</gx:mid>
				<gx:fid>0x477cc11ca1d3ef95:0x50635fcf260b3d4b</gx:fid>
				<LookAt>
					<longitude>13.6347044</longitude>
					<latitude>45.081999</latitude>
					<altitude>0</altitude>
					<heading>0</heading>
					<tilt>0</tilt>
					<gx:fovy>35</gx:fovy>
					<range>719.7327672894576</range>
					<altitudeMode>relativeToGround</altitudeMode>
				</LookAt>
				<styleUrl>#__managed_style_09FC2F578640DE0E358C</styleUrl>
				<Point>
					<altitudeMode>relativeToGround</altitudeMode>
					<coordinates>13.63466683818706,45.08182019890153,0</coordinates>
				</Point>
			</Placemark>
			<Placemark id="00665DDA1D3F4B5E1498">
				<gx:mid>/g/113qbm1nh</gx:mid>
				<gx:fid>0x13355dfe2ec9fadd:0x2ee8d8f969d2c8b4</gx:fid>
				<LookAt>
					<longitude>16.4388614</longitude>
					<latitude>43.508943</latitude>
					<altitude>0</altitude>
					<heading>0</heading>
					<tilt>0</tilt>
					<gx:fovy>35</gx:fovy>
					<range>741.0372308210107</range>
					<altitudeMode>relativeToGround</altitudeMode>
				</LookAt>
				<styleUrl>#__managed_style_09FC2F578640DE0E358C</styleUrl>
				<Point>
					<altitudeMode>relativeToGround</altitudeMode>
					<coordinates>16.4388614,43.508943,0</coordinates>
				</Point>
			</Placemark>
			<Placemark id="0E263B10833F4B5EF7A8">
				<gx:mid>/g/11k8d0_78q</gx:mid>
				<gx:fid>0x477cc12495c91701:0xbfd4d97166a03835</gx:fid>
				<LookAt>
					<longitude>13.6327643</longitude>
					<latitude>45.0807794</latitude>
					<altitude>0</altitude>
					<heading>0</heading>
					<tilt>0</tilt>
					<gx:fovy>35</gx:fovy>
					<range>719.7494793704368</range>
					<altitudeMode>relativeToGround</altitudeMode>
				</LookAt>
				<styleUrl>#__managed_style_28B95B05FE40DE0E358C</styleUrl>
				<Point>
					<altitudeMode>relativeToGround</altitudeMode>
					<coordinates>13.6334909939712,45.07992743999159,0</coordinates>
				</Point>
			</Placemark>
			<Placemark id="0A7B849C423F4B5F4CFC">
				<gx:mid>/g/11zk6qbh6g</gx:mid>
				<gx:fid>0x477cc1004c720937:0xf41b6c4cdf657f40</gx:fid>
				<LookAt>
					<longitude>13.6331233</longitude>
					<latitude>45.08378779999999</latitude>
					<altitude>0</altitude>
					<heading>0</heading>
					<tilt>0</tilt>
					<gx:fovy>35</gx:fovy>
					<range>719.7082549689692</range>
					<altitudeMode>relativeToGround</altitudeMode>
				</LookAt>
				<styleUrl>#__managed_style_28B95B05FE40DE0E358C</styleUrl>
				<Point>
					<altitudeMode>relativeToGround</altitudeMode>
					<coordinates>13.63320896440369,45.08379103527557,0</coordinates>
				</Point>
			</Placemark>
			<Placemark id="08EDCDB9D43F4B5F94E8">
				<name>Photo Spot Rovinj</name>
				<LookAt>
					<longitude>13.63348443088271</longitude>
					<latitude>45.08374407324889</latitude>
					<altitude>4.166758511349064</altitude>
					<heading>154.6594925645755</heading>
					<tilt>0</tilt>
					<gx:fovy>83.77139103925201</gx:fovy>
					<range>282.4898557648339</range>
					<altitudeMode>absolute</altitudeMode>
				</LookAt>
				<styleUrl>#__managed_style_08B2B68CCC40DE0E3593</styleUrl>
				<LineString>
					<coordinates>
						13.63320031458964,45.08377257964643,0 13.6345548165134,45.0843355442182,0 13.63460677183439,45.08442042945114,0 13.63435445012414,45.0847416819274,0 
					</coordinates>
				</LineString>
			</Placemark>
			<Placemark id="0A028B31073F4B600250">
				<gx:mid>/g/11rn7dflzg</gx:mid>
				<gx:fid>0x477cc1529299cf5b:0x3afea5d076e494eb</gx:fid>
				<LookAt>
					<longitude>13.6310476</longitude>
					<latitude>45.0834391</latitude>
					<altitude>0</altitude>
					<heading>0</heading>
					<tilt>0</tilt>
					<gx:fovy>35</gx:fovy>
					<range>719.7130333320515</range>
					<altitudeMode>relativeToGround</altitudeMode>
				</LookAt>
				<styleUrl>#__managed_style_28B95B05FE40DE0E358C</styleUrl>
				<Point>
					<altitudeMode>relativeToGround</altitudeMode>
					<coordinates>13.63037943895778,45.08331036093374,0</coordinates>
				</Point>
			</Placemark>
			<Placemark id="091D5256AE3F4B6049B6">
				<gx:mid>/g/11ks6m3gf7</gx:mid>
				<gx:fid>0x477cc11ca80f6083:0x3df11469ccaa6801</gx:fid>
				<LookAt>
					<longitude>13.6292431</longitude>
					<latitude>45.084034</latitude>
					<altitude>0</altitude>
					<heading>0</heading>
					<tilt>0</tilt>
					<gx:fovy>35</gx:fovy>
					<range>719.7048811860832</range>
					<altitudeMode>relativeToGround</altitudeMode>
				</LookAt>
				<styleUrl>#__managed_style_28B95B05FE40DE0E358C</styleUrl>
				<Point>
					<altitudeMode>relativeToGround</altitudeMode>
					<coordinates>13.6292431,45.084034,0</coordinates>
				</Point>
			</Placemark>
			<Placemark id="0EFA7CA7793F4B60F594">
				<gx:mid>/g/11c3v6zhz1</gx:mid>
				<gx:fid>0x134c74cec21b754b:0xd7b3caa333e2e918</gx:fid>
				<LookAt>
					<longitude>18.1119132</longitude>
					<latitude>42.6490319</latitude>
					<altitude>0</altitude>
					<heading>0</heading>
					<tilt>0</tilt>
					<gx:fovy>35</gx:fovy>
					<range>752.4657413317709</range>
					<altitudeMode>relativeToGround</altitudeMode>
				</LookAt>
				<styleUrl>#__managed_style_1DF8661AED40DE0E3591</styleUrl>
				<Point>
					<altitudeMode>relativeToGround</altitudeMode>
					<coordinates>18.1119132,42.6490319,0</coordinates>
				</Point>
			</Placemark>
			<Placemark id="0A5A395B793F4B618A80">
				<gx:mid>/m/01ybdf</gx:mid>
				<gx:fid>0x13352dceeb0b369d:0x12e1d4d5d0103938</gx:fid>
				<LookAt>
					<longitude>15.9724838</longitude>
					<latitude>43.8666017</latitude>
					<altitude>0</altitude>
					<heading>0</heading>
					<tilt>0</tilt>
					<gx:fovy>35</gx:fovy>
					<range>736.2379983042013</range>
					<altitudeMode>relativeToGround</altitudeMode>
				</LookAt>
				<styleUrl>#__managed_style_10D5F14FE640DE0E358F</styleUrl>
				<Point>
					<altitudeMode>relativeToGround</altitudeMode>
					<coordinates>15.9724838,43.8666017,0</coordinates>
				</Point>
			</Placemark>
			<Placemark id="03C845ACA53F4B61F777">
				<gx:mid>/g/11v5v2z1vk</gx:mid>
				<gx:fid>0x13352d29abe9d535:0xa1d5ef883db1605a</gx:fid>
				<LookAt>
					<longitude>15.9640082</longitude>
					<latitude>43.8052467</latitude>
					<altitude>0</altitude>
					<heading>0</heading>
					<tilt>0</tilt>
					<gx:fovy>35</gx:fovy>
					<range>737.0631803262633</range>
					<altitudeMode>relativeToGround</altitudeMode>
				</LookAt>
				<styleUrl>#__managed_style_2D88C1D33540DE0E3594</styleUrl>
				<Point>
					<altitudeMode>relativeToGround</altitudeMode>
					<coordinates>15.96413036180872,43.80523156050454,0</coordinates>
				</Point>
			</Placemark>
			<Placemark id="006F6BF6613F4BC5717C">
				<gx:mid>/g/11jghrq68n</gx:mid>
				<gx:fid>0x47602729030e8b1b:0x4869ce58e46bfc8b</gx:fid>
				<LookAt>
					<longitude>15.9744674</longitude>
					<latitude>43.87873179999999</latitude>
					<altitude>0</altitude>
					<heading>0</heading>
					<tilt>0</tilt>
					<gx:fovy>35</gx:fovy>
					<range>736.0747644843407</range>
					<altitudeMode>relativeToGround</altitudeMode>
				</LookAt>
				<styleUrl>#__managed_style_28B95B05FE40DE0E358C</styleUrl>
				<Point>
					<altitudeMode>relativeToGround</altitudeMode>
					<coordinates>15.9744674,43.8787318,0</coordinates>
				</Point>
			</Placemark>
			<Placemark id="0C4B752F5E3F4BC5B6BE">
				<gx:mid>/g/11bwgf_91g</gx:mid>
				<gx:fid>0x4760287b60b1a2ad:0xb1e14c29e94cb21a</gx:fid>
				<LookAt>
					<longitude>15.9749626</longitude>
					<latitude>43.9037295</latitude>
					<altitude>0</altitude>
					<heading>0</heading>
					<tilt>0</tilt>
					<gx:fovy>35</gx:fovy>
					<range>735.7382762267639</range>
					<altitudeMode>relativeToGround</altitudeMode>
				</LookAt>
				<styleUrl>#__managed_style_2D88C1D33540DE0E3594</styleUrl>
				<Point>
					<altitudeMode>relativeToGround</altitudeMode>
					<coordinates>15.9749626,43.9037295,0</coordinates>
				</Point>
			</Placemark>
			<Placemark id="0926A6DF3D3F4C3987C9">
				<gx:mid>/g/11b7f15224</gx:mid>
				<gx:fid>0x13355df56317efcb:0x4c472662f8c42222</gx:fid>
				<LookAt>
					<longitude>16.4191438</longitude>
					<latitude>43.5087059</latitude>
					<altitude>0</altitude>
					<heading>0</heading>
					<tilt>0</tilt>
					<gx:fovy>35</gx:fovy>
					<range>741.0404034843212</range>
					<altitudeMode>relativeToGround</altitudeMode>
				</LookAt>
				<styleUrl>#__managed_style_28B95B05FE40DE0E358C</styleUrl>
				<Point>
					<altitudeMode>relativeToGround</altitudeMode>
					<coordinates>16.4191438,43.5087059,0</coordinates>
				</Point>
			</Placemark>
			<Placemark id="0150F0724C3F4C3A4180">
				<gx:mid>/g/11c1vbg4qp</gx:mid>
				<gx:fid>0x13355df86cd2b143:0x685df62e0597cf8a</gx:fid>
				<LookAt>
					<longitude>16.4303444</longitude>
					<latitude>43.5077158</latitude>
					<altitude>0</altitude>
					<heading>0</heading>
					<tilt>0</tilt>
					<gx:fovy>35</gx:fovy>
					<range>741.0536520029772</range>
					<altitudeMode>relativeToGround</altitudeMode>
				</LookAt>
				<styleUrl>#__managed_style_28B95B05FE40DE0E358C</styleUrl>
				<Point>
					<altitudeMode>relativeToGround</altitudeMode>
					<coordinates>16.4303444,43.5077158,0</coordinates>
				</Point>
			</Placemark>
			<Placemark id="0BEB89F2763F4C3AA147">
				<gx:mid>/g/11bxf49v9n</gx:mid>
				<gx:fid>0x1335677d2306b595:0xafad32cda88cabea</gx:fid>
				<LookAt>
					<longitude>16.4039424</longitude>
					<latitude>43.50922</latitude>
					<altitude>0</altitude>
					<heading>0</heading>
					<tilt>0</tilt>
					<gx:fovy>35</gx:fovy>
					<range>741.0335242361385</range>
					<altitudeMode>relativeToGround</altitudeMode>
				</LookAt>
				<styleUrl>#__managed_style_28B95B05FE40DE0E358C</styleUrl>
				<Point>
					<altitudeMode>relativeToGround</altitudeMode>
					<coordinates>16.4039424,43.50922,0</coordinates>
				</Point>
			</Placemark>
			<Placemark id="01F695B4E13F4C3BE3F8">
				<gx:mid>/g/11c32fs8jq</gx:mid>
				<gx:fid>0x13355dfe4cfe6719:0x6ee9ed6e555a0172</gx:fid>
				<LookAt>
					<longitude>16.4384712</longitude>
					<latitude>43.5082172</latitude>
					<altitude>0</altitude>
					<heading>0</heading>
					<tilt>0</tilt>
					<gx:fovy>35</gx:fovy>
					<range>741.0469428000218</range>
					<altitudeMode>relativeToGround</altitudeMode>
				</LookAt>
				<styleUrl>#__managed_style_09FC2F578640DE0E358C</styleUrl>
				<Point>
					<altitudeMode>relativeToGround</altitudeMode>
					<coordinates>16.43854680042218,43.50816618177262,0</coordinates>
				</Point>
			</Placemark>
			<Placemark id="0E93FC22493F4C3C3150">
				<gx:mid>/g/11s1w3m5l3</gx:mid>
				<gx:fid>0x13355db198310c93:0x77f8a80697f36717</gx:fid>
				<LookAt>
					<longitude>16.4363177</longitude>
					<latitude>43.5088292</latitude>
					<altitude>0</altitude>
					<heading>0</heading>
					<tilt>0</tilt>
					<gx:fovy>35</gx:fovy>
					<range>741.0387535938202</range>
					<altitudeMode>relativeToGround</altitudeMode>
				</LookAt>
				<styleUrl>#__managed_style_09FC2F578640DE0E358C</styleUrl>
				<Point>
					<altitudeMode>relativeToGround</altitudeMode>
					<coordinates>16.4363177,43.5088292,0</coordinates>
				</Point>
			</Placemark>
			<Placemark id="04196E09223F4C43913C">
				<gx:mid>/g/11bv1cjtg3</gx:mid>
				<gx:fid>0x1335677beb6d20f5:0x2efe234c83b7ed3</gx:fid>
				<LookAt>
					<longitude>16.400711</longitude>
					<latitude>43.5055955</latitude>
					<altitude>0</altitude>
					<heading>0</heading>
					<tilt>0</tilt>
					<gx:fovy>35</gx:fovy>
					<range>741.0820230263538</range>
					<altitudeMode>relativeToGround</altitudeMode>
				</LookAt>
				<styleUrl>#__managed_style_368A4AA9CD40DE0E3590</styleUrl>
				<Point>
					<altitudeMode>relativeToGround</altitudeMode>
					<coordinates>16.400711,43.5055955,0</coordinates>
				</Point>
			</Placemark>
			<Placemark id="00A1AF68A13F4C478948">
				<gx:mid>/g/11wxwy9dgt</gx:mid>
				<gx:fid>0x1335610019017247:0xc8e4916cc1509e14</gx:fid>
				<LookAt>
					<longitude>16.4473379</longitude>
					<latitude>43.5025212</latitude>
					<altitude>0</altitude>
					<heading>0</heading>
					<tilt>0</tilt>
					<gx:fovy>35</gx:fovy>
					<range>741.1231575312327</range>
					<altitudeMode>relativeToGround</altitudeMode>
				</LookAt>
				<styleUrl>#__managed_style_368A4AA9CD40DE0E3590</styleUrl>
				<Point>
					<altitudeMode>relativeToGround</altitudeMode>
					<coordinates>16.4473379,43.5025212,0</coordinates>
				</Point>
			</Placemark>
			<Placemark id="055DA32EF13F4CF5748F">
				<gx:mid>/g/1264jvr_g</gx:mid>
				<gx:fid>0x13355dfe3893de35:0xdd74b9015780a7e1</gx:fid>
				<LookAt>
					<longitude>16.4402727</longitude>
					<latitude>43.5081571</latitude>
					<altitude>0</altitude>
					<heading>0</heading>
					<tilt>0</tilt>
					<gx:fovy>35</gx:fovy>
					<range>741.0477469972501</range>
					<altitudeMode>relativeToGround</altitudeMode>
				</LookAt>
				<styleUrl>#__managed_style_2F2B09DEC940DE0E3590</styleUrl>
				<Point>
					<altitudeMode>relativeToGround</altitudeMode>
					<coordinates>16.4402727,43.5081571,0</coordinates>
				</Point>
			</Placemark>
			<Placemark id="030BCEA86E3F4CF59B17">
				<gx:mid>/m/05yvld</gx:mid>
				<gx:fid>0x13355dfe535cfc4f:0x921ac62569576f32</gx:fid>
				<LookAt>
					<longitude>16.4401754</longitude>
					<latitude>43.50826459999999</latitude>
					<altitude>0</altitude>
					<heading>0</heading>
					<tilt>0</tilt>
					<gx:fovy>35</gx:fovy>
					<range>741.0463085407757</range>
					<altitudeMode>relativeToGround</altitudeMode>
				</LookAt>
				<styleUrl>#__managed_style_09FC2F578640DE0E358C</styleUrl>
				<Point>
					<altitudeMode>relativeToGround</altitudeMode>
					<coordinates>16.4401754,43.5082646,0</coordinates>
				</Point>
			</Placemark>
			<Placemark id="0BACD0C77F3F4CF5C1EC">
				<name>Diocletian&apos;s Palace</name>
				<LookAt>
					<longitude>16.44011450443426</longitude>
					<latitude>43.50831481089023</latitude>
					<altitude>17.44522205565774</altitude>
					<heading>2.640583255145985e-10</heading>
					<tilt>0.5624581553064237</tilt>
					<gx:fovy>64.22687995937601</gx:fovy>
					<range>299.8523345108333</range>
					<altitudeMode>absolute</altitudeMode>
				</LookAt>
				<styleUrl>#__managed_style_0B0849A66340DE0E358E</styleUrl>
				<LineString>
					<coordinates>
						16.44006111450764,43.50810299825383,0 16.44023158928,43.50837392866037,0 16.44117015201927,43.50809986351343,0 
					</coordinates>
				</LineString>
			</Placemark>
			<Placemark id="06946380C83F4CF7EA33">
				<name>מדרחוב מרכזי</name>
				<LookAt>
					<longitude>16.43661481596558</longitude>
					<latitude>43.50853789725315</latitude>
					<altitude>-0.5107472048412343</altitude>
					<heading>24.61650474866443</heading>
					<tilt>0</tilt>
					<gx:fovy>35</gx:fovy>
					<range>304.2488469781892</range>
					<altitudeMode>absolute</altitudeMode>
				</LookAt>
				<styleUrl>#__managed_style_0B0849A66340DE0E358E</styleUrl>
				<LineString>
					<coordinates>
						16.43783214785343,43.51068047297617,0 16.4365806142988,43.50852914200547,0 
					</coordinates>
				</LineString>
			</Placemark>
			<Placemark id="06ECE5D6473F4CF84FD8">
				<gx:mid>/g/11h763rbpq</gx:mid>
				<gx:fid>0x13355d28bc67b153:0xfec679668c479f7e</gx:fid>
				<LookAt>
					<longitude>16.4393216</longitude>
					<latitude>43.50943300000001</latitude>
					<altitude>0</altitude>
					<heading>0</heading>
					<tilt>0</tilt>
					<gx:fovy>35</gx:fovy>
					<range>741.0306740353969</range>
					<altitudeMode>relativeToGround</altitudeMode>
				</LookAt>
				<styleUrl>#__managed_style_414D46136A40DE0E3590</styleUrl>
				<Point>
					<altitudeMode>relativeToGround</altitudeMode>
					<coordinates>16.4393216,43.509433,0</coordinates>
				</Point>
			</Placemark>
			<Placemark id="00D7D122093F4CFD1878">
				<gx:mid>/g/1214mj7r</gx:mid>
				<gx:fid>0x134c0b3296e1cf11:0x2bbf30554e040ab8</gx:fid>
				<LookAt>
					<longitude>18.1083794</longitude>
					<latitude>42.6430069</latitude>
					<altitude>0</altitude>
					<heading>0</heading>
					<tilt>0</tilt>
					<gx:fovy>35</gx:fovy>
					<range>752.5452601327254</range>
					<altitudeMode>relativeToGround</altitudeMode>
				</LookAt>
				<styleUrl>#__managed_style_09FC2F578640DE0E358C</styleUrl>
				<Point>
					<altitudeMode>relativeToGround</altitudeMode>
					<coordinates>18.1083794,42.6430069,0</coordinates>
				</Point>
			</Placemark>
			<Placemark id="0AFA8DFDFE3F4CFD3C2B">
				<gx:mid>/g/11bytn1k2l</gx:mid>
				<gx:fid>0x134c0b330d777c99:0x1609777ccaf1e1dc</gx:fid>
				<LookAt>
					<longitude>18.1115678</longitude>
					<latitude>42.6409423</latitude>
					<altitude>0</altitude>
					<heading>0</heading>
					<tilt>0</tilt>
					<gx:fovy>35</gx:fovy>
					<range>752.5725072222285</range>
					<altitudeMode>relativeToGround</altitudeMode>
				</LookAt>
				<styleUrl>#__managed_style_09FC2F578640DE0E358C</styleUrl>
				<Point>
					<altitudeMode>relativeToGround</altitudeMode>
					<coordinates>18.1115678,42.6409423,0</coordinates>
				</Point>
			</Placemark>
			<Placemark id="0E2E0A98313F4CFD785F">
				<gx:mid>/g/11j3sflrnn</gx:mid>
				<gx:fid>0x134c0b31948a2335:0x7417ca8fa58103c1</gx:fid>
				<LookAt>
					<longitude>18.1125639</longitude>
					<latitude>42.6417776</latitude>
					<altitude>0</altitude>
					<heading>0</heading>
					<tilt>0</tilt>
					<gx:fovy>35</gx:fovy>
					<range>752.5614836504618</range>
					<altitudeMode>relativeToGround</altitudeMode>
				</LookAt>
				<styleUrl>#__managed_style_28B95B05FE40DE0E358C</styleUrl>
				<Point>
					<altitudeMode>relativeToGround</altitudeMode>
					<coordinates>18.1125639,42.6417776,0</coordinates>
				</Point>
			</Placemark>
			<Placemark id="0F9247ACB93F4CFE2B46">
				<gx:mid>/m/0dr_6pj</gx:mid>
				<gx:fid>0x134c0b32f2584f29:0xa0600e383f0d5ff5</gx:fid>
				<LookAt>
					<longitude>18.1089672</longitude>
					<latitude>42.6413588</latitude>
					<altitude>0</altitude>
					<heading>0</heading>
					<tilt>0</tilt>
					<gx:fovy>35</gx:fovy>
					<range>752.5670106317834</range>
					<altitudeMode>relativeToGround</altitudeMode>
				</LookAt>
				<styleUrl>#__managed_style_09FC2F578640DE0E358C</styleUrl>
				<Point>
					<altitudeMode>relativeToGround</altitudeMode>
					<coordinates>18.10897311294291,42.64133088885972,0</coordinates>
				</Point>
			</Placemark>
			<Placemark id="0D58B95C313F4CFE5ECC">
				<name>Stradun</name>
				<LookAt>
					<longitude>18.10858410910347</longitude>
					<latitude>42.64130910761614</latitude>
					<altitude>14.91684443792854</altitude>
					<heading>4.241744014144572e-10</heading>
					<tilt>0.9896710261274109</tilt>
					<gx:fovy>35</gx:fovy>
					<range>531.551726142643</range>
					<altitudeMode>absolute</altitudeMode>
				</LookAt>
				<styleUrl>#__managed_style_0B0849A66340DE0E358E</styleUrl>
				<LineString>
					<coordinates>
						18.10751041116497,42.64159251623056,0 18.11063767966269,42.64097485224386,0 
					</coordinates>
				</LineString>
			</Placemark>
			<Placemark id="0CF35CDE593F4CFE9B4F">
				<gx:mid>/g/12633vb7w</gx:mid>
				<gx:fid>0x134c0b33accc4f2d:0x3242b19738d3b329</gx:fid>
				<LookAt>
					<longitude>18.1099937</longitude>
					<latitude>42.64030919999999</latitude>
					<altitude>0</altitude>
					<heading>0</heading>
					<tilt>0</tilt>
					<gx:fovy>35</gx:fovy>
					<range>752.5808622323077</range>
					<altitudeMode>relativeToGround</altitudeMode>
				</LookAt>
				<styleUrl>#__managed_style_09FC2F578640DE0E358C</styleUrl>
				<Point>
					<altitudeMode>relativeToGround</altitudeMode>
					<coordinates>18.1099937,42.6403092,0</coordinates>
				</Point>
			</Placemark>
			<Placemark id="02BD6B032E3F4CFF0C86">
				<gx:mid>/g/11df3cfhtf</gx:mid>
				<gx:fid>0x134c0b32479a40cf:0x6ed161381b80f271</gx:fid>
				<LookAt>
					<longitude>18.1093696</longitude>
					<latitude>42.63961159999999</latitude>
					<altitude>0</altitude>
					<heading>0</heading>
					<tilt>0</tilt>
					<gx:fovy>35</gx:fovy>
					<range>752.5900683481429</range>
					<altitudeMode>relativeToGround</altitudeMode>
				</LookAt>
				<styleUrl>#__managed_style_09FC2F578640DE0E358C</styleUrl>
				<Point>
					<altitudeMode>relativeToGround</altitudeMode>
					<coordinates>18.10938763907991,42.63955096652199,0</coordinates>
				</Point>
			</Placemark>
			<Placemark id="03D1590F9A3F4CFFB861">
				<gx:mid>/m/080ntz4</gx:mid>
				<gx:fid>0x134c0b329cd54c57:0x96dd7d686f19e991</gx:fid>
				<LookAt>
					<longitude>18.1114944</longitude>
					<latitude>42.63998060000001</latitude>
					<altitude>0</altitude>
					<heading>0</heading>
					<tilt>0</tilt>
					<gx:fovy>35</gx:fovy>
					<range>752.5851987270676</range>
					<altitudeMode>relativeToGround</altitudeMode>
				</LookAt>
				<styleUrl>#__managed_style_09FC2F578640DE0E358C</styleUrl>
				<Point>
					<altitudeMode>relativeToGround</altitudeMode>
					<coordinates>18.11240909317966,42.63990644511645,0</coordinates>
				</Point>
			</Placemark>
			<Placemark id="03380859133F4D016584">
				<name>Dybrovnik City Walls</name>
				<LookAt>
					<longitude>18.11098183220513</longitude>
					<latitude>42.64094254033455</latitude>
					<altitude>9.81896599031467</altitude>
					<heading>0.5795585863460525</heading>
					<tilt>0</tilt>
					<gx:fovy>71.74577220388039</gx:fovy>
					<range>621.438860203707</range>
					<altitudeMode>absolute</altitudeMode>
				</LookAt>
				<styleUrl>#__managed_style_0B0849A66340DE0E358E</styleUrl>
				<LineString>
					<coordinates>
						18.11140426942798,42.64001420690588,0 18.11213117118878,42.63997658915482,0 18.11241241411519,42.63990255638551,0 18.11231751204155,42.63974366222107,0 18.11195949322462,42.63953670642069,0 18.11175558786132,42.6394355881995,0 18.11173417476846,42.63930042601319,0 18.11158330219029,42.63930746824381,0 18.11146345613917,42.639281690107,0 18.1108381201432,42.63911651431184,0 18.11048167135582,42.63901232182793,0 18.11021939437229,42.63900064157527,0 18.11014140002065,42.6389765833472,0 18.11003908009851,42.63898873669589,0 18.10992346334886,42.63901433432058,0 18.10994739791852,42.63907023980047,0 18.1097752938885,42.63909079185738,0 18.109726872254,42.63907313615576,0 18.10956827506947,42.63895823944365,0 18.10957036220654,42.63885586594341,0 18.10940913955289,42.63884951671783,0 18.10926034075127,42.63888062417652,0 18.10919358051823,42.63891522844952,0 18.10911473028067,42.63893127592504,0 18.10904370603924,42.63895352273359,0 18.1090131746314,42.63899022909533,0 18.10892768282948,42.63901416804535,0 18.10874900157359,42.63907827223416,0 18.10856487027746,42.63913315350442,0 18.10842220916589,42.63915514323295,0 18.1081397671516,42.63919160993528,0 18.10786924157643,42.63930310584791,0 18.10764266388888,42.6392902559989,0 18.10744674473916,42.6393254598125,0 18.10723628571979,42.63947107366196,0 18.10714020614711,42.63954267728969,0 18.10698033048286,42.63961935716898,0 18.10670513922202,42.63979214998234,0 18.10673030437341,42.63990162810143,0 18.10672339457262,42.64017672766755,0 18.10666789990677,42.64029059947149,0 18.10666604425088,42.64036331504725,0 18.10659514168235,42.64047519654573,0 18.1064651446368,42.64069331204799,0 18.10639034816906,42.64079306861669,0 18.10622700642081,42.64081133220333,0 18.10611355390579,42.64087131359604,0 18.10615609374078,42.64098929420037,0 18.10629303855637,42.64091046766625,0 18.10660951334501,42.64129007223426,0 18.10677586531772,42.64151734290144,0 18.10690836943436,42.64166398591159,0 18.10705471436809,42.64163136015429,0 18.10760460367064,42.64219433237848,0 18.10790731411098,42.64259960592486,0 18.10826646215436,42.64285315521262,0 18.10836511643539,42.64287667753463,0 18.10857421897197,42.64282037227338,0 18.1089886696436,42.64263450245232,0 18.10909409529447,42.64259302791242,0 18.10913138742457,42.64262211316542,0 18.1091983618186,42.64259744234379,0 18.10917312570882,42.64255464442294,0 18.10948326701925,42.64234553261125,0 18.1097766853112,42.64220976052287,0 18.10996151337701,42.64214260160018,0 18.11006920835918,42.64208734043144,0 18.11013863811684,42.64211253520665,0 18.11063377417656,42.64204434191287,0 18.11116421199534,42.64206782528375,0 18.11151740327637,42.64206386839596,0 18.11160442420103,42.64198247451926,0 18.11181062757621,42.64194510376311,0 18.11216054616979,42.6419775408644,0 18.11300450159983,42.6420472886743,0 
					</coordinates>
				</LineString>
			</Placemark>
			<Placemark id="0DCE42F2DE3F4D01AF38">
				<gx:mid>/g/121q9135</gx:mid>
				<gx:fid>0x134c0b3304793275:0xaa0b0bcf0ef89b80</gx:fid>
				<LookAt>
					<longitude>18.110581</longitude>
					<latitude>42.64097140000001</latitude>
					<altitude>0</altitude>
					<heading>0</heading>
					<tilt>0</tilt>
					<gx:fovy>35</gx:fovy>
					<range>752.5721231879478</range>
					<altitudeMode>relativeToGround</altitudeMode>
				</LookAt>
				<styleUrl>#__managed_style_2F2B09DEC940DE0E3590</styleUrl>
				<Point>
					<altitudeMode>relativeToGround</altitudeMode>
					<coordinates>18.110581,42.6409714,0</coordinates>
				</Point>
			</Placemark>
			<Placemark id="04D229651C3F4D0249BC">
				<gx:mid>/m/04_gfg</gx:mid>
				<gx:fid>0x134c0b2cffb94241:0x3fd5d930c71b0205</gx:fid>
				<LookAt>
					<longitude>18.10429749999999</longitude>
					<latitude>42.6406296</latitude>
					<altitude>0</altitude>
					<heading>0</heading>
					<tilt>0</tilt>
					<gx:fovy>35</gx:fovy>
					<range>752.5766339296389</range>
					<altitudeMode>relativeToGround</altitudeMode>
				</LookAt>
				<styleUrl>#__managed_style_09FC2F578640DE0E358C</styleUrl>
				<Point>
					<altitudeMode>relativeToGround</altitudeMode>
					<coordinates>18.1042975,42.6406296,0</coordinates>
				</Point>
			</Placemark>
			<Placemark id="02BA79530C3F4D031204">
				<gx:mid>/g/11sv5j65k7</gx:mid>
				<gx:fid>0x134c75f9a1081d1b:0x4f297b299bb057ed</gx:fid>
				<LookAt>
					<longitude>18.1094538</longitude>
					<latitude>42.650707</latitude>
					<altitude>0</altitude>
					<heading>0</heading>
					<tilt>0</tilt>
					<gx:fovy>35</gx:fovy>
					<range>752.4436317408959</range>
					<altitudeMode>relativeToGround</altitudeMode>
				</LookAt>
				<styleUrl>#__managed_style_28B95B05FE40DE0E358C</styleUrl>
				<Point>
					<altitudeMode>relativeToGround</altitudeMode>
					<coordinates>18.1094538,42.650707,0</coordinates>
				</Point>
			</Placemark>
			<Placemark id="0E1EB12B903F4D037689">
				<gx:mid>/g/11gn1x7c4v</gx:mid>
				<gx:fid>0x134c75bce470406f:0x97bc449cf5331c5e</gx:fid>
				<LookAt>
					<longitude>18.1115835</longitude>
					<latitude>42.6491662</latitude>
					<altitude>0</altitude>
					<heading>0</heading>
					<tilt>0</tilt>
					<gx:fovy>35</gx:fovy>
					<range>752.4639687326123</range>
					<altitudeMode>relativeToGround</altitudeMode>
				</LookAt>
				<styleUrl>#__managed_style_28B95B05FE40DE0E358C</styleUrl>
				<Point>
					<altitudeMode>relativeToGround</altitudeMode>
					<coordinates>18.11204567803956,42.64879062593586,0</coordinates>
				</Point>
			</Placemark>
			<Placemark id="07F992B8C43F4D05E19C">
				<gx:mid>/g/121ths90</gx:mid>
				<gx:fid>0x134c0b3478d4e80f:0xb36be43d69667819</gx:fid>
				<LookAt>
					<longitude>18.113281</longitude>
					<latitude>42.6398213</latitude>
					<altitude>0</altitude>
					<heading>0</heading>
					<tilt>0</tilt>
					<gx:fovy>35</gx:fovy>
					<range>752.5873009817038</range>
					<altitudeMode>relativeToGround</altitudeMode>
				</LookAt>
				<styleUrl>#__managed_style_28B95B05FE40DE0E358C</styleUrl>
				<Point>
					<altitudeMode>relativeToGround</altitudeMode>
					<coordinates>18.113281,42.6398213,0</coordinates>
				</Point>
			</Placemark>
			<Placemark id="08F110AE743F4D0648D6">
				<gx:mid>/g/11l20qf1sp</gx:mid>
				<gx:fid>0x134c0bc6d5645031:0xffa03a269e7efa11</gx:fid>
				<LookAt>
					<longitude>18.1059341</longitude>
					<latitude>42.6414148</latitude>
					<altitude>0</altitude>
					<heading>0</heading>
					<tilt>0</tilt>
					<gx:fovy>35</gx:fovy>
					<range>752.5662715915719</range>
					<altitudeMode>relativeToGround</altitudeMode>
				</LookAt>
				<styleUrl>#__managed_style_28B95B05FE40DE0E358C</styleUrl>
				<Point>
					<altitudeMode>relativeToGround</altitudeMode>
					<coordinates>18.1059341,42.6414148,0</coordinates>
				</Point>
			</Placemark>
			<Placemark id="070F386E203F4D068698">
				<gx:mid>/g/11bxc5nwx_</gx:mid>
				<gx:fid>0x134c0b2da81abad5:0x364175d9d3cb5cf4</gx:fid>
				<LookAt>
					<longitude>18.1050191</longitude>
					<latitude>42.6414203</latitude>
					<altitude>0</altitude>
					<heading>0</heading>
					<tilt>0</tilt>
					<gx:fovy>35</gx:fovy>
					<range>752.5661990072292</range>
					<altitudeMode>relativeToGround</altitudeMode>
				</LookAt>
				<styleUrl>#__managed_style_09FC2F578640DE0E358C</styleUrl>
				<Point>
					<altitudeMode>relativeToGround</altitudeMode>
					<coordinates>18.1050191,42.6414203,0</coordinates>
				</Point>
			</Placemark>
			<Placemark id="0B45B1131A3F4D06DB86">
				<gx:mid>/g/11hjkqbgtm</gx:mid>
				<gx:fid>0x134c7549945e6559:0xe792c153af1c648c</gx:fid>
				<LookAt>
					<longitude>18.1082139</longitude>
					<latitude>42.6446764</latitude>
					<altitude>0</altitude>
					<heading>0</heading>
					<tilt>0</tilt>
					<gx:fovy>35</gx:fovy>
					<range>752.5232266164805</range>
					<altitudeMode>relativeToGround</altitudeMode>
				</LookAt>
				<styleUrl>#__managed_style_28B95B05FE40DE0E358C</styleUrl>
				<Point>
					<altitudeMode>relativeToGround</altitudeMode>
					<coordinates>18.1082139,42.6446764,0</coordinates>
				</Point>
			</Placemark>
			<Placemark id="021A21AB2E3F4D240301">
				<gx:mid>/g/11sdm5hj7x</gx:mid>
				<gx:fid>0x134c0beacf2e4a49:0x1b3b72ddb8d03f12</gx:fid>
				<LookAt>
					<longitude>18.1078194</longitude>
					<latitude>42.6404562</latitude>
					<altitude>0</altitude>
					<heading>0</heading>
					<tilt>0</tilt>
					<gx:fovy>35</gx:fovy>
					<range>752.5789222834451</range>
					<altitudeMode>relativeToGround</altitudeMode>
				</LookAt>
				<styleUrl>#__managed_style_1DF8661AED40DE0E3591</styleUrl>
				<Point>
					<altitudeMode>relativeToGround</altitudeMode>
					<coordinates>18.1078194,42.6404562,0</coordinates>
				</Point>
			</Placemark>
			<Placemark id="03F0A8BEFC3F4D247E8E">
				<gx:mid>/g/11dyzlvhy4</gx:mid>
				<gx:fid>0x134c0bd249a1bd07:0x26faae2810f89703</gx:fid>
				<LookAt>
					<longitude>18.1092161</longitude>
					<latitude>42.64086090000001</latitude>
					<altitude>0</altitude>
					<heading>0</heading>
					<tilt>0</tilt>
					<gx:fovy>35</gx:fovy>
					<range>752.5735814614842</range>
					<altitudeMode>relativeToGround</altitudeMode>
				</LookAt>
				<styleUrl>#__managed_style_1DF8661AED40DE0E3591</styleUrl>
				<Point>
					<altitudeMode>relativeToGround</altitudeMode>
					<coordinates>18.1092161,42.6408609,0</coordinates>
				</Point>
			</Placemark>
			<Placemark id="050E4C88A43F4D24E7F0">
				<gx:mid>/g/11fkvy_vjd</gx:mid>
				<gx:fid>0x134c0b32f6235fd7:0xf590967f9c35f2a9</gx:fid>
				<LookAt>
					<longitude>18.1119633</longitude>
					<latitude>42.63995250000001</latitude>
					<altitude>0</altitude>
					<heading>0</heading>
					<tilt>0</tilt>
					<gx:fovy>35</gx:fovy>
					<range>752.5855695583189</range>
					<altitudeMode>relativeToGround</altitudeMode>
				</LookAt>
				<styleUrl>#__managed_style_1DF8661AED40DE0E3591</styleUrl>
				<Point>
					<altitudeMode>relativeToGround</altitudeMode>
					<coordinates>18.1119633,42.6399525,0</coordinates>
				</Point>
			</Placemark>
			<Placemark id="0E2E444BD93F4D252450">
				<gx:mid>/g/12mb3l5xm</gx:mid>
				<gx:fid>0x134c0b33a39bf0b7:0xa5a19e593cca0496</gx:fid>
				<LookAt>
					<longitude>18.1122313</longitude>
					<latitude>42.6399952</latitude>
					<altitude>0</altitude>
					<heading>0</heading>
					<tilt>0</tilt>
					<gx:fovy>35</gx:fovy>
					<range>752.5850060531122</range>
					<altitudeMode>relativeToGround</altitudeMode>
				</LookAt>
				<styleUrl>#__managed_style_09FC2F578640DE0E358C</styleUrl>
				<Point>
					<altitudeMode>relativeToGround</altitudeMode>
					<coordinates>18.1122313,42.6399952,0</coordinates>
				</Point>
			</Placemark>
			<Placemark id="0EE1C21D543F4D25CB38">
				<gx:mid>/g/11m6yk_b1z</gx:mid>
				<gx:fid>0x134c0b0020feef15:0xa33ccca7ea354189</gx:fid>
				<LookAt>
					<longitude>18.1092464</longitude>
					<latitude>42.6398721</latitude>
					<altitude>0</altitude>
					<heading>0</heading>
					<tilt>0</tilt>
					<gx:fovy>35</gx:fovy>
					<range>752.5866305834536</range>
					<altitudeMode>relativeToGround</altitudeMode>
				</LookAt>
				<styleUrl>#__managed_style_1DF8661AED40DE0E3591</styleUrl>
				<Point>
					<altitudeMode>relativeToGround</altitudeMode>
					<coordinates>18.1092464,42.6398721,0</coordinates>
				</Point>
			</Placemark>
			<Placemark id="0125DF92863F4D272D8C">
				<gx:mid>/g/11df3flh7z</gx:mid>
				<gx:fid>0x134c0b3399a8aa4d:0xcad4e606c42432e4</gx:fid>
				<LookAt>
					<longitude>18.112082</longitude>
					<latitude>42.6398305</latitude>
					<altitude>0</altitude>
					<heading>0</heading>
					<tilt>0</tilt>
					<gx:fovy>35</gx:fovy>
					<range>752.5871795710382</range>
					<altitudeMode>relativeToGround</altitudeMode>
				</LookAt>
				<styleUrl>#__managed_style_22DEB8446B40DE0E358E</styleUrl>
				<Point>
					<altitudeMode>relativeToGround</altitudeMode>
					<coordinates>18.112082,42.6398305,0</coordinates>
				</Point>
			</Placemark>
			<Placemark id="0DE8C4C9D63F4D280723">
				<gx:mid>/g/11bzt7y84_</gx:mid>
				<gx:fid>0x134c0b3206653d15:0x989acc6fa9e0cf4</gx:fid>
				<LookAt>
					<longitude>18.1075552</longitude>
					<latitude>42.6392089</latitude>
					<altitude>0</altitude>
					<heading>0</heading>
					<tilt>0</tilt>
					<gx:fovy>35</gx:fovy>
					<range>752.5953826681852</range>
					<altitudeMode>relativeToGround</altitudeMode>
				</LookAt>
				<styleUrl>#__managed_style_22DEB8446B40DE0E358E</styleUrl>
				<Point>
					<altitudeMode>relativeToGround</altitudeMode>
					<coordinates>18.1075552,42.6392089,0</coordinates>
				</Point>
			</Placemark>
			<Placemark id="0402D345F83F4D28DC43">
				<gx:mid>/g/11dfsm_3g2</gx:mid>
				<gx:fid>0x134c0b32ebe50f41:0xb1e58c8139cb09b0</gx:fid>
				<LookAt>
					<longitude>18.1091071</longitude>
					<latitude>42.6417225</latitude>
					<altitude>0</altitude>
					<heading>0</heading>
					<tilt>0</tilt>
					<gx:fovy>35</gx:fovy>
					<range>752.5622108175387</range>
					<altitudeMode>relativeToGround</altitudeMode>
				</LookAt>
				<styleUrl>#__managed_style_48B95950D340DE0E3594</styleUrl>
				<Point>
					<altitudeMode>relativeToGround</altitudeMode>
					<coordinates>18.1091071,42.6417225,0</coordinates>
				</Point>
			</Placemark>
			<Placemark id="0B8E45E9DF3F4D29669C">
				<gx:mid>/g/11c55rvg7n</gx:mid>
				<gx:fid>0x134c0b2cf76c0255:0x3afbd11920b912d</gx:fid>
				<LookAt>
					<longitude>18.1036946</longitude>
					<latitude>42.64169880000001</latitude>
					<altitude>0</altitude>
					<heading>0</heading>
					<tilt>0</tilt>
					<gx:fovy>35</gx:fovy>
					<range>752.5625235915619</range>
					<altitudeMode>relativeToGround</altitudeMode>
				</LookAt>
				<styleUrl>#__managed_style_003DEEC1CA40DE0E3591</styleUrl>
				<Point>
					<altitudeMode>relativeToGround</altitudeMode>
					<coordinates>18.1036946,42.6416988,0</coordinates>
				</Point>
			</Placemark>
			<Placemark id="09664B3F3B3F4D29E553">
				<gx:mid>/g/11c1g64zqb</gx:mid>
				<gx:fid>0x134c0b32e37bc11f:0xe04483c4606f2cb5</gx:fid>
				<LookAt>
					<longitude>18.1098918</longitude>
					<latitude>42.6412734</latitude>
					<altitude>0</altitude>
					<heading>0</heading>
					<tilt>0</tilt>
					<gx:fovy>35</gx:fovy>
					<range>752.5681376668094</range>
					<altitudeMode>relativeToGround</altitudeMode>
				</LookAt>
				<styleUrl>#__managed_style_0D8F37A89C40DE0E358F</styleUrl>
				<Point>
					<altitudeMode>relativeToGround</altitudeMode>
					<coordinates>18.1098918,42.6412734,0</coordinates>
				</Point>
			</Placemark>
			<Placemark id="0A2B161C0F3F4D412870">
				<gx:mid>/g/11h64tzf4c</gx:mid>
				<gx:fid>0x13355dce325dd3bb:0x32a8a2a4a32764ea</gx:fid>
				<LookAt>
					<longitude>16.4403014</longitude>
					<latitude>43.5085729</latitude>
					<altitude>0</altitude>
					<heading>0</heading>
					<tilt>0</tilt>
					<gx:fovy>35</gx:fovy>
					<range>741.0421831679913</range>
					<altitudeMode>relativeToGround</altitudeMode>
				</LookAt>
				<styleUrl>#__managed_style_1DF8661AED40DE0E3591</styleUrl>
				<Point>
					<altitudeMode>relativeToGround</altitudeMode>
					<coordinates>16.4403014,43.5085729,0</coordinates>
				</Point>
			</Placemark>
			<Placemark id="0FD99321EE3F4D41DCA0">
				<gx:mid>/g/11nx69gj35</gx:mid>
				<gx:fid>0x13355d81cb01b5ab:0x6f4eacae3a1e7376</gx:fid>
				<LookAt>
					<longitude>16.43614029999999</longitude>
					<latitude>43.5096295</latitude>
					<altitude>0</altitude>
					<heading>0</heading>
					<tilt>0</tilt>
					<gx:fovy>35</gx:fovy>
					<range>741.0280446164272</range>
					<altitudeMode>relativeToGround</altitudeMode>
				</LookAt>
				<styleUrl>#__managed_style_1DF8661AED40DE0E3591</styleUrl>
				<Point>
					<altitudeMode>relativeToGround</altitudeMode>
					<coordinates>16.4361277,43.5096323,0</coordinates>
				</Point>
			</Placemark>
			<Placemark id="0308A5A95E3F4D423428">
				<gx:mid>/g/11fhnhyxd_</gx:mid>
				<gx:fid>0x13355f3ae4d7d0cd:0x26e598a7c3c15d57</gx:fid>
				<LookAt>
					<longitude>16.4432639</longitude>
					<latitude>43.5097043</latitude>
					<altitude>0</altitude>
					<heading>0</heading>
					<tilt>0</tilt>
					<gx:fovy>35</gx:fovy>
					<range>741.0270436955287</range>
					<altitudeMode>relativeToGround</altitudeMode>
				</LookAt>
				<styleUrl>#__managed_style_1DF8661AED40DE0E3591</styleUrl>
				<Point>
					<altitudeMode>relativeToGround</altitudeMode>
					<coordinates>16.4432639,43.5097043,0</coordinates>
				</Point>
			</Placemark>
			<Placemark id="05997E12083F4D429C8B">
				<gx:mid>/g/113dfcrx5</gx:mid>
				<gx:fid>0x13355dfe4551fb95:0xe009d7bb13f4c508</gx:fid>
				<LookAt>
					<longitude>16.4384894</longitude>
					<latitude>43.5085491</latitude>
					<altitude>0</altitude>
					<heading>0</heading>
					<tilt>0</tilt>
					<gx:fovy>35</gx:fovy>
					<range>741.0425016373096</range>
					<altitudeMode>relativeToGround</altitudeMode>
				</LookAt>
				<styleUrl>#__managed_style_1DF8661AED40DE0E3591</styleUrl>
				<Point>
					<altitudeMode>relativeToGround</altitudeMode>
					<coordinates>16.4384894,43.5085491,0</coordinates>
				</Point>
			</Placemark>
			<Placemark id="07F2F776893F4D435CEB">
				<gx:mid>/g/11s2rslfgn</gx:mid>
				<gx:fid>0x13355db6b1895b79:0xc5912910a2d609aa</gx:fid>
				<LookAt>
					<longitude>16.435278</longitude>
					<latitude>43.508527</latitude>
					<altitude>0</altitude>
					<heading>0</heading>
					<tilt>0</tilt>
					<gx:fovy>35</gx:fovy>
					<range>741.0427973587134</range>
					<altitudeMode>relativeToGround</altitudeMode>
				</LookAt>
				<styleUrl>#__managed_style_1DF8661AED40DE0E3591</styleUrl>
				<Point>
					<altitudeMode>relativeToGround</altitudeMode>
					<coordinates>16.435278,43.508527,0</coordinates>
				</Point>
			</Placemark>
			<Placemark id="033FCF98893F4D4419A1">
				<gx:mid>/g/11y5mhf73m</gx:mid>
				<gx:fid>0x13355d72ebd7218d:0x63686350ca0f5571</gx:fid>
				<LookAt>
					<longitude>16.4363126</longitude>
					<latitude>43.5116924</latitude>
					<altitude>0</altitude>
					<heading>0</heading>
					<tilt>0</tilt>
					<gx:fovy>35</gx:fovy>
					<range>741.0004399125854</range>
					<altitudeMode>relativeToGround</altitudeMode>
				</LookAt>
				<styleUrl>#__managed_style_22DEB8446B40DE0E358E</styleUrl>
				<Point>
					<altitudeMode>relativeToGround</altitudeMode>
					<coordinates>16.4363126,43.5116924,0</coordinates>
				</Point>
			</Placemark>
			<Placemark id="0CD71E869D3F4D446B4F">
				<gx:mid>/g/11h4fg6l_5</gx:mid>
				<gx:fid>0x13355dec4a4acd49:0x864f15a4670b50e4</gx:fid>
				<LookAt>
					<longitude>16.4379368</longitude>
					<latitude>43.5134</latitude>
					<altitude>0</altitude>
					<heading>0</heading>
					<tilt>0</tilt>
					<gx:fovy>35</gx:fovy>
					<range>740.9775889827565</range>
					<altitudeMode>relativeToGround</altitudeMode>
				</LookAt>
				<styleUrl>#__managed_style_22DEB8446B40DE0E358E</styleUrl>
				<Point>
					<altitudeMode>relativeToGround</altitudeMode>
					<coordinates>16.4379167,43.5134018,0</coordinates>
				</Point>
			</Placemark>
			<Placemark id="0A5673138C3F4D44CE19">
				<gx:mid>/g/11b7k8c5xz</gx:mid>
				<gx:fid>0x13355df1bfa488fd:0xcf9806d5986a5ad7</gx:fid>
				<LookAt>
					<longitude>16.42448</longitude>
					<latitude>43.5158061</latitude>
					<altitude>0</altitude>
					<heading>0</heading>
					<tilt>0</tilt>
					<gx:fovy>35</gx:fovy>
					<range>740.9453897604117</range>
					<altitudeMode>relativeToGround</altitudeMode>
				</LookAt>
				<styleUrl>#__managed_style_22DEB8446B40DE0E358E</styleUrl>
				<Point>
					<altitudeMode>relativeToGround</altitudeMode>
					<coordinates>16.42448,43.5158061,0</coordinates>
				</Point>
			</Placemark>
			<Placemark id="0DCA6376C03F4D453320">
				<gx:mid>/g/11t1h6sf5c</gx:mid>
				<gx:fid>0x13355d31c10c9ce7:0xf30b4fb6d24a96ac</gx:fid>
				<LookAt>
					<longitude>16.4390519</longitude>
					<latitude>43.50840249999999</latitude>
					<altitude>0</altitude>
					<heading>0</heading>
					<tilt>0</tilt>
					<gx:fovy>35</gx:fovy>
					<range>741.044463298647</range>
					<altitudeMode>relativeToGround</altitudeMode>
				</LookAt>
				<styleUrl>#__managed_style_22DEB8446B40DE0E358E</styleUrl>
				<Point>
					<altitudeMode>relativeToGround</altitudeMode>
					<coordinates>16.4390519,43.5084025,0</coordinates>
				</Point>
			</Placemark>
			<Placemark id="06F3A591233F4D45BB24">
				<gx:mid>/g/11tsk04l0g</gx:mid>
				<gx:fid>0x13355d4454be0925:0xc049d65f0f0215ab</gx:fid>
				<LookAt>
					<longitude>16.4369213</longitude>
					<latitude>43.5115163</latitude>
					<altitude>0</altitude>
					<heading>0</heading>
					<tilt>0</tilt>
					<gx:fovy>35</gx:fovy>
					<range>741.00279643017</range>
					<altitudeMode>relativeToGround</altitudeMode>
				</LookAt>
				<styleUrl>#__managed_style_0D8F37A89C40DE0E358F</styleUrl>
				<Point>
					<altitudeMode>relativeToGround</altitudeMode>
					<coordinates>16.4369213,43.5115163,0</coordinates>
				</Point>
			</Placemark>
			<Placemark id="0BEBB0C8693F4D4652E6">
				<gx:mid>/g/11b6_b0z5d</gx:mid>
				<gx:fid>0x13355dfe12528c65:0x199e25e09939011a</gx:fid>
				<LookAt>
					<longitude>16.4391911</longitude>
					<latitude>43.5095688</latitude>
					<altitude>0</altitude>
					<heading>0</heading>
					<tilt>0</tilt>
					<gx:fovy>35</gx:fovy>
					<range>741.0288568601987</range>
					<altitudeMode>relativeToGround</altitudeMode>
				</LookAt>
				<styleUrl>#__managed_style_0D8F37A89C40DE0E358F</styleUrl>
				<Point>
					<altitudeMode>relativeToGround</altitudeMode>
					<coordinates>16.4391911,43.5095688,0</coordinates>
				</Point>
			</Placemark>
			<Placemark id="0A096E64A43F4D46B743">
				<gx:mid>/g/11swpgj2qz</gx:mid>
				<gx:fid>0x13355f99ebfd8f77:0xc31ab6228df64f10</gx:fid>
				<LookAt>
					<longitude>16.4413453</longitude>
					<latitude>43.51030519999999</latitude>
					<altitude>0</altitude>
					<heading>0</heading>
					<tilt>0</tilt>
					<gx:fovy>35</gx:fovy>
					<range>741.0190028325818</range>
					<altitudeMode>relativeToGround</altitudeMode>
				</LookAt>
				<styleUrl>#__managed_style_48B95950D340DE0E3594</styleUrl>
				<Point>
					<altitudeMode>relativeToGround</altitudeMode>
					<coordinates>16.4413453,43.5103052,0</coordinates>
				</Point>
			</Placemark>
			<Placemark id="09B25BBB123F4D477EB6">
				<gx:mid>/g/11q35zcnnf</gx:mid>
				<gx:fid>0x13355da4e329e04d:0x7d1f3b7cd8c15407</gx:fid>
				<LookAt>
					<longitude>16.4390349</longitude>
					<latitude>43.5109965</latitude>
					<altitude>0</altitude>
					<heading>0</heading>
					<tilt>0</tilt>
					<gx:fovy>35</gx:fovy>
					<range>741.0097522005829</range>
					<altitudeMode>relativeToGround</altitudeMode>
				</LookAt>
				<styleUrl>#__managed_style_48B95950D340DE0E3594</styleUrl>
				<Point>
					<altitudeMode>relativeToGround</altitudeMode>
					<coordinates>16.4390349,43.5109965,0</coordinates>
				</Point>
			</Placemark>
			<Placemark id="01FC2B754A3F51C8BA2F">
				<gx:mid>/g/11kq6z5fb9</gx:mid>
				<gx:fid>0x133581291e878935:0x3125bb43bd08f00b</gx:fid>
				<LookAt>
					<longitude>16.4420221</longitude>
					<latitude>43.1723972</latitude>
					<altitude>0</altitude>
					<heading>0</heading>
					<tilt>0</tilt>
					<gx:fovy>35</gx:fovy>
					<range>745.5286983016333</range>
					<altitudeMode>relativeToGround</altitudeMode>
				</LookAt>
				<styleUrl>#__managed_style_09FC2F578640DE0E358C</styleUrl>
				<Point>
					<altitudeMode>relativeToGround</altitudeMode>
					<coordinates>16.44247782531314,43.17230310563202,0</coordinates>
				</Point>
			</Placemark>
			<Placemark id="09997E3BD43F51CAB2DF">
				<gx:mid>/g/11c2q45hcr</gx:mid>
				<gx:fid>0x13358187bf9a2127:0x40580a9da74bbe51</gx:fid>
				<LookAt>
					<longitude>16.4418705</longitude>
					<latitude>43.1749841</latitude>
					<altitude>0</altitude>
					<heading>0</heading>
					<tilt>0</tilt>
					<gx:fovy>35</gx:fovy>
					<range>745.4942651557668</range>
					<altitudeMode>relativeToGround</altitudeMode>
				</LookAt>
				<styleUrl>#__managed_style_09FC2F578640DE0E358C</styleUrl>
				<Point>
					<altitudeMode>relativeToGround</altitudeMode>
					<coordinates>16.4418705,43.1749841,0</coordinates>
				</Point>
			</Placemark>
			<Placemark id="0A9C51DE053F51CB33B3">
				<gx:mid>/g/11jqv3wxp6</gx:mid>
				<gx:fid>0x1335813cb5d64c81:0xf76a283c1688c825</gx:fid>
				<LookAt>
					<longitude>16.4409756</longitude>
					<latitude>43.1723961</latitude>
					<altitude>0</altitude>
					<heading>0</heading>
					<tilt>0</tilt>
					<gx:fovy>35</gx:fovy>
					<range>745.5287129429729</range>
					<altitudeMode>relativeToGround</altitudeMode>
				</LookAt>
				<styleUrl>#__managed_style_09FC2F578640DE0E358C</styleUrl>
				<Point>
					<altitudeMode>relativeToGround</altitudeMode>
					<coordinates>16.4409756,43.1723961,0</coordinates>
				</Point>
			</Placemark>
			<Placemark id="0892D70C833F51CB9A57">
				<name>Hvar Harbour Photo Spot</name>
				<LookAt>
					<longitude>16.44009768172637</longitude>
					<latitude>43.17082930327476</latitude>
					<altitude>0.46371874029</altitude>
					<heading>1.122429319077266e-08</heading>
					<tilt>0.4567509128386186</tilt>
					<gx:fovy>35</gx:fovy>
					<range>1809.560104741249</range>
					<altitudeMode>absolute</altitudeMode>
				</LookAt>
				<styleUrl>#__managed_style_0B0849A66340DE0E358E</styleUrl>
				<LineString>
					<coordinates>
						16.44108827596177,43.16969861694521,0 16.44127753658775,43.17219651649803,0 16.44150528951818,43.17230463887774,0 16.4414921032555,43.17246917622267,0 16.44065144661894,43.17261875403353,0 16.43961319295703,43.17237382295998,0 16.4394051316399,43.17205753506109,0 16.43919306600638,43.17178632472178,0 16.43891356512458,43.17140167155563,0 
					</coordinates>
				</LineString>
			</Placemark>
			<Placemark id="09279FF5C63F51D43809">
				<gx:mid>/g/11cn9pz_08</gx:mid>
				<gx:fid>0x134a843bff8832d7:0x3cde5f4a48eaf5da</gx:fid>
				<LookAt>
					<longitude>16.6586088</longitude>
					<latitude>43.2615692</latitude>
					<altitude>0</altitude>
					<heading>0</heading>
					<tilt>0</tilt>
					<gx:fovy>35</gx:fovy>
					<range>744.3409512677083</range>
					<altitudeMode>relativeToGround</altitudeMode>
				</LookAt>
				<styleUrl>#__managed_style_22DEB8446B40DE0E358E</styleUrl>
				<Point>
					<altitudeMode>relativeToGround</altitudeMode>
					<coordinates>16.6586088,43.2615692,0</coordinates>
				</Point>
			</Placemark>
			<Placemark id="081A3B36003F51D46C98">
				<gx:mid>/g/11fxx3_q_7</gx:mid>
				<gx:fid>0x134a843955326513:0x518e607e830d3f69</gx:fid>
				<LookAt>
					<longitude>16.6589157</longitude>
					<latitude>43.2617015</latitude>
					<altitude>0</altitude>
					<heading>0</heading>
					<tilt>0</tilt>
					<gx:fovy>35</gx:fovy>
					<range>744.3391878200331</range>
					<altitudeMode>relativeToGround</altitudeMode>
				</LookAt>
				<styleUrl>#__managed_style_003DEEC1CA40DE0E3591</styleUrl>
				<Point>
					<altitudeMode>relativeToGround</altitudeMode>
					<coordinates>16.6589157,43.2617015,0</coordinates>
				</Point>
			</Placemark>
			<Placemark id="091F24FE033F51DA43CE">
				<gx:mid>/g/11hhg7190j</gx:mid>
				<gx:fid>0x134a9dbf0920f603:0x8ab2e5e7c006cd1e</gx:fid>
				<LookAt>
					<longitude>16.5624828</longitude>
					<latitude>43.37203030000001</latitude>
					<altitude>0</altitude>
					<heading>0</heading>
					<tilt>0</tilt>
					<gx:fovy>35</gx:fovy>
					<range>742.8673136455228</range>
					<altitudeMode>relativeToGround</altitudeMode>
				</LookAt>
				<styleUrl>#__managed_style_28B95B05FE40DE0E358C</styleUrl>
				<Point>
					<altitudeMode>relativeToGround</altitudeMode>
					<coordinates>16.5624828,43.3720303,0</coordinates>
				</Point>
			</Placemark>
			<Placemark id="047273662C3F51DC9D1F">
				<gx:mid>/g/11v3w3bl8v</gx:mid>
				<gx:fid>0x134a81ce4bb60db1:0xc7163797e19f079</gx:fid>
				<LookAt>
					<longitude>16.5956384</longitude>
					<latitude>43.1831367</latitude>
					<altitude>0</altitude>
					<heading>0</heading>
					<tilt>0</tilt>
					<gx:fovy>35</gx:fovy>
					<range>745.3857400431856</range>
					<altitudeMode>relativeToGround</altitudeMode>
				</LookAt>
				<styleUrl>#__managed_style_09FC2F578640DE0E358C</styleUrl>
				<Point>
					<altitudeMode>relativeToGround</altitudeMode>
					<coordinates>16.59563196038858,43.18332191389991,0</coordinates>
				</Point>
			</Placemark>
			<Placemark id="0A7A1E28053F51DE0674">
				<gx:mid>/g/1yp37dlvv</gx:mid>
				<gx:fid>0x133581871c1bc4b9:0x1890a7bcad4645c9</gx:fid>
				<LookAt>
					<longitude>16.5984921</longitude>
					<latitude>43.183265</latitude>
					<altitude>0</altitude>
					<heading>0</heading>
					<tilt>0</tilt>
					<gx:fovy>35</gx:fovy>
					<range>745.3840320374333</range>
					<altitudeMode>relativeToGround</altitudeMode>
				</LookAt>
				<styleUrl>#__managed_style_09FC2F578640DE0E358C</styleUrl>
				<Point>
					<altitudeMode>relativeToGround</altitudeMode>
					<coordinates>16.5983054026971,43.18326483909235,0</coordinates>
				</Point>
			</Placemark>
			<Placemark id="030106E2923F51DE3663">
				<gx:mid>/g/11dxchwlxh</gx:mid>
				<gx:fid>0x134a809c18a10d9b:0xf38cb0a59649987b</gx:fid>
				<LookAt>
					<longitude>16.5993051</longitude>
					<latitude>43.1845688</latitude>
					<altitude>0</altitude>
					<heading>0</heading>
					<tilt>0</tilt>
					<gx:fovy>35</gx:fovy>
					<range>745.3666748805753</range>
					<altitudeMode>relativeToGround</altitudeMode>
				</LookAt>
				<styleUrl>#__managed_style_09FC2F578640DE0E358C</styleUrl>
				<Point>
					<altitudeMode>relativeToGround</altitudeMode>
					<coordinates>16.5993143,43.1845681,0</coordinates>
				</Point>
			</Placemark>
			<Placemark id="02A8E37ED53F51DE84E0">
				<gx:mid>/m/04cxzqs</gx:mid>
				<gx:fid>0x134a809d3ee4fb6b:0xb4683c682b37fc11</gx:fid>
				<LookAt>
					<longitude>16.5957606</longitude>
					<latitude>43.18304029999999</latitude>
					<altitude>0</altitude>
					<heading>0</heading>
					<tilt>0</tilt>
					<gx:fovy>35</gx:fovy>
					<range>745.3870233749137</range>
					<altitudeMode>relativeToGround</altitudeMode>
				</LookAt>
				<styleUrl>#__managed_style_09FC2F578640DE0E358C</styleUrl>
				<Point>
					<altitudeMode>relativeToGround</altitudeMode>
					<coordinates>16.59575300843741,43.18294416079743,0</coordinates>
				</Point>
			</Placemark>
			<Placemark id="02084CE5693F51DF5D6E">
				<name>טיילת</name>
				<LookAt>
					<longitude>16.60197485536747</longitude>
					<latitude>43.1852838332623</latitude>
					<altitude>4.152306078526406</altitude>
					<heading>0.03821996373306186</heading>
					<tilt>0.185145921102662</tilt>
					<gx:fovy>35</gx:fovy>
					<range>1404.186580540409</range>
					<altitudeMode>absolute</altitudeMode>
				</LookAt>
				<styleUrl>#__managed_style_0B0849A66340DE0E358E</styleUrl>
				<LineString>
					<coordinates>
						16.59167812316682,43.183855066393,0 16.59230740585845,43.18406358375361,0 16.59333669224112,43.18404959756096,0 16.59453895712267,43.183894126425,0 16.59511248725056,43.18385251403551,0 16.59525497308933,43.18368184480093,0 16.59561087156907,43.18366591216168,0 16.59626198280952,43.1841195675223,0 16.5965986535548,43.18425088960679,0 16.59697032380765,43.18441909080072,0 16.59742664434515,43.18451525032623,0 16.59799850842874,43.18444887130559,0 16.59894193910168,43.18428272634641,0 16.5991363408967,43.18431572786078,0 16.59917792371413,43.18461466553951,0 16.59901432532849,43.18480352125125,0 16.59874671764422,43.18488986168772,0 16.59760697202776,43.18495155611627,0 16.59730777680848,43.18500867016744,0 16.59735287755867,43.18527311314531,0 16.59721190816423,43.185373984573,0 16.59697281725872,43.18549111576604,0 16.59681525185769,43.185509791829,0 16.59662312126742,43.18531720837289,0 16.59642635932741,43.18489450719308,0 
					</coordinates>
				</LineString>
			</Placemark>
			<Placemark id="02DCD176CA3F51DFCD8F">
				<gx:mid>/g/11g99jx6g3</gx:mid>
				<gx:fid>0x134a809c3406724f:0xb3ad700be4020805</gx:fid>
				<LookAt>
					<longitude>16.5985337</longitude>
					<latitude>43.1837427</latitude>
					<altitude>0</altitude>
					<heading>0</heading>
					<tilt>0</tilt>
					<gx:fovy>35</gx:fovy>
					<range>745.3776725808915</range>
					<altitudeMode>relativeToGround</altitudeMode>
				</LookAt>
				<styleUrl>#__managed_style_09FC2F578640DE0E358C</styleUrl>
				<Point>
					<altitudeMode>relativeToGround</altitudeMode>
					<coordinates>16.5985337,43.1837427,0</coordinates>
				</Point>
			</Placemark>
			<Placemark id="04E45693163F51E02AA1">
				<gx:mid>/g/11cs1tdtcx</gx:mid>
				<gx:fid>0x134a809a9e76ca81:0x706377f4d91a2687</gx:fid>
				<LookAt>
					<longitude>16.5956905</longitude>
					<latitude>43.19087830000001</latitude>
					<altitude>0</altitude>
					<heading>0</heading>
					<tilt>0</tilt>
					<gx:fovy>35</gx:fovy>
					<range>745.282673038574</range>
					<altitudeMode>relativeToGround</altitudeMode>
				</LookAt>
				<styleUrl>#__managed_style_28B95B05FE40DE0E358C</styleUrl>
				<Point>
					<altitudeMode>relativeToGround</altitudeMode>
					<coordinates>16.5956905,43.1908783,0</coordinates>
				</Point>
			</Placemark>
			<Placemark id="0A18831AFA3F51F8FF41">
				<gx:mid>/g/11smgl_wlp</gx:mid>
				<gx:fid>0x134adf99c56f8bb1:0xe8d21a0843739aa5</gx:fid>
				<LookAt>
					<longitude>17.2108739</longitude>
					<latitude>43.4496637</latitude>
					<altitude>0</altitude>
					<heading>0</heading>
					<tilt>0</tilt>
					<gx:fovy>35</gx:fovy>
					<range>741.8300874369736</range>
					<altitudeMode>relativeToGround</altitudeMode>
				</LookAt>
				<styleUrl>#__managed_style_28B95B05FE40DE0E358C</styleUrl>
				<Point>
					<altitudeMode>relativeToGround</altitudeMode>
					<coordinates>17.2108739,43.4496637,0</coordinates>
				</Point>
			</Placemark>
			<Placemark id="0A3F3672983F51F9BA21">
				<gx:mid>/g/11fskpxnt_</gx:mid>
				<gx:fid>0x134adeb951482e59:0x4cc5294b4d2dc4d3</gx:fid>
				<LookAt>
					<longitude>17.2138541</longitude>
					<latitude>43.4498445</latitude>
					<altitude>0</altitude>
					<heading>0</heading>
					<tilt>0</tilt>
					<gx:fovy>35</gx:fovy>
					<range>741.8276703695218</range>
					<altitudeMode>relativeToGround</altitudeMode>
				</LookAt>
				<styleUrl>#__managed_style_09FC2F578640DE0E358C</styleUrl>
				<Point>
					<altitudeMode>relativeToGround</altitudeMode>
					<coordinates>17.2138541,43.4498445,0</coordinates>
				</Point>
			</Placemark>
			<Placemark id="07054825693F51FAF900">
				<gx:mid>/m/04042xy</gx:mid>
				<gx:fid>0x134adea644ce6f75:0x2c067157db0a2408</gx:fid>
				<LookAt>
					<longitude>17.1982018</longitude>
					<latitude>43.4550315</latitude>
					<altitude>0</altitude>
					<heading>0</heading>
					<tilt>0</tilt>
					<gx:fovy>35</gx:fovy>
					<range>741.7583238156492</range>
					<altitudeMode>relativeToGround</altitudeMode>
				</LookAt>
				<styleUrl>#__managed_style_09FC2F578640DE0E358C</styleUrl>
				<Point>
					<altitudeMode>relativeToGround</altitudeMode>
					<coordinates>17.1982018,43.4550315,0</coordinates>
				</Point>
			</Placemark>
			<Placemark id="009292E43C3F51FC9286">
				<gx:mid>/g/1261q22sz</gx:mid>
				<gx:fid>0x134a984098e67bf9:0x1f2045418d1d3e3d</gx:fid>
				<LookAt>
					<longitude>16.6991182</longitude>
					<latitude>43.4448599</latitude>
					<altitude>0</altitude>
					<heading>0</heading>
					<tilt>0</tilt>
					<gx:fovy>35</gx:fovy>
					<range>741.8943056584103</range>
					<altitudeMode>relativeToGround</altitudeMode>
				</LookAt>
				<styleUrl>#__managed_style_09FC2F578640DE0E358C</styleUrl>
				<Point>
					<altitudeMode>relativeToGround</altitudeMode>
					<coordinates>16.69944290054708,43.44474140018082,0</coordinates>
				</Point>
			</Placemark>
			<Placemark id="00982AD1323F51FCEBA6">
				<gx:mid>/m/064mykq</gx:mid>
				<gx:fid>0x134a998a665f64fb:0x47830c82058c6b3</gx:fid>
				<LookAt>
					<longitude>16.6937625</longitude>
					<latitude>43.444924</latitude>
					<altitude>0</altitude>
					<heading>0</heading>
					<tilt>0</tilt>
					<gx:fovy>35</gx:fovy>
					<range>741.8934487878345</range>
					<altitudeMode>relativeToGround</altitudeMode>
				</LookAt>
				<styleUrl>#__managed_style_09FC2F578640DE0E358C</styleUrl>
				<Point>
					<altitudeMode>relativeToGround</altitudeMode>
					<coordinates>16.6937625,43.444924,0</coordinates>
				</Point>
			</Placemark>
			<Placemark id="0FBF863ACE3F51FDFE7F">
				<gx:mid>/g/11bw67p31w</gx:mid>
				<gx:fid>0x134a980cc8d92781:0x3defc1aadb345dc5</gx:fid>
				<LookAt>
					<longitude>16.7005139</longitude>
					<latitude>43.4605706</latitude>
					<altitude>0</altitude>
					<heading>0</heading>
					<tilt>0</tilt>
					<gx:fovy>35</gx:fovy>
					<range>741.6842636997857</range>
					<altitudeMode>relativeToGround</altitudeMode>
				</LookAt>
				<styleUrl>#__managed_style_28B95B05FE40DE0E358C</styleUrl>
				<Point>
					<altitudeMode>relativeToGround</altitudeMode>
					<coordinates>16.7005139,43.4605706,0</coordinates>
				</Point>
			</Placemark>
			<Placemark id="0B5470C7AF3F520B3243">
				<name>שדרה רמכזית</name>
				<LookAt>
					<longitude>16.64078869959935</longitude>
					<latitude>43.70176463440085</latitude>
					<altitude>322.0753669816791</altitude>
					<heading>-5.524897595419508e-06</heading>
					<tilt>1.120844757586524</tilt>
					<gx:fovy>66.88776548438172</gx:fovy>
					<range>1562.814163269068</range>
					<altitudeMode>absolute</altitudeMode>
				</LookAt>
				<styleUrl>#__managed_style_0B0849A66340DE0E358E</styleUrl>
				<LineString>
					<coordinates>
						16.63707702057852,43.70043556078171,0 16.63694785980676,43.70142184674403,0 16.63701725992089,43.70197725199226,0 16.63714550643756,43.70271783362989,0 16.63765032085261,43.70337187941944,0 
					</coordinates>
				</LineString>
			</Placemark>
			<Placemark id="0C6F638B303F520C9D1C">
				<gx:mid>/g/112yffb7n</gx:mid>
				<gx:fid>0x134aac01b59577db:0x20f1e3345b0106e1</gx:fid>
				<LookAt>
					<longitude>16.63234259999999</longitude>
					<latitude>43.70262629999999</latitude>
					<altitude>0</altitude>
					<heading>0</heading>
					<tilt>0</tilt>
					<gx:fovy>35</gx:fovy>
					<range>738.4416055017264</range>
					<altitudeMode>relativeToGround</altitudeMode>
				</LookAt>
				<styleUrl>#__managed_style_09FC2F578640DE0E358C</styleUrl>
				<Point>
					<altitudeMode>relativeToGround</altitudeMode>
					<coordinates>16.6323426,43.7026263,0</coordinates>
				</Point>
			</Placemark>
			<Placemark id="045B89587C3F520DB158">
				<gx:mid>/g/11j6yzsbgk</gx:mid>
				<gx:fid>0x13356a1fcca4fb61:0xb7ad4786e7568da7</gx:fid>
				<LookAt>
					<longitude>16.2511517</longitude>
					<latitude>43.5167352</latitude>
					<altitude>0</altitude>
					<heading>0</heading>
					<tilt>0</tilt>
					<gx:fovy>35</gx:fovy>
					<range>740.932955913872</range>
					<altitudeMode>relativeToGround</altitudeMode>
				</LookAt>
				<styleUrl>#__managed_style_09FC2F578640DE0E358C</styleUrl>
				<Point>
					<altitudeMode>relativeToGround</altitudeMode>
					<coordinates>16.25115515055235,43.51681441750496,0</coordinates>
				</Point>
			</Placemark>
			<Placemark id="0837DC865D3F520ECD44">
				<gx:mid>/g/11c1s4wfj1</gx:mid>
				<gx:fid>0x13356a1f771f663b:0xd8a6f3110cc9801b</gx:fid>
				<LookAt>
					<longitude>16.2493255</longitude>
					<latitude>43.51540600000001</latitude>
					<altitude>0</altitude>
					<heading>0</heading>
					<tilt>0</tilt>
					<gx:fovy>35</gx:fovy>
					<range>740.9507441143726</range>
					<altitudeMode>relativeToGround</altitudeMode>
				</LookAt>
				<styleUrl>#__managed_style_09FC2F578640DE0E358C</styleUrl>
				<Point>
					<altitudeMode>relativeToGround</altitudeMode>
					<coordinates>16.2493255,43.515406,0</coordinates>
				</Point>
			</Placemark>
			<Placemark id="08A9B2C5A13F520F0CF8">
				<name>Municipal pier</name>
				<LookAt>
					<longitude>16.25149044066163</longitude>
					<latitude>43.5160887563747</latitude>
					<altitude>1.339194129711785</altitude>
					<heading>2.616371945034459e-08</heading>
					<tilt>0.06832047117094532</tilt>
					<gx:fovy>57.69511861086631</gx:fovy>
					<range>393.3273377751902</range>
					<altitudeMode>absolute</altitudeMode>
				</LookAt>
				<styleUrl>#__managed_style_0B0849A66340DE0E358E</styleUrl>
				<LineString>
					<coordinates>
						16.24815871719431,43.51523623264323,0 16.24942177270989,43.51545055014357,0 16.25048209572628,43.51556142018968,0 16.25136092084032,43.51585079843043,0 16.25171194750926,43.51601564375691,0 
					</coordinates>
				</LineString>
			</Placemark>
			<Placemark id="0059D22BCD3F520F6F3C">
				<gx:mid>/m/04cvbys</gx:mid>
				<gx:fid>0x13356a1f5949bc2f:0x279d253616d4122f</gx:fid>
				<LookAt>
					<longitude>16.24732789999999</longitude>
					<latitude>43.51518960000001</latitude>
					<altitude>0</altitude>
					<heading>0</heading>
					<tilt>0</tilt>
					<gx:fovy>35</gx:fovy>
					<range>740.9536400819014</range>
					<altitudeMode>relativeToGround</altitudeMode>
				</LookAt>
				<styleUrl>#__managed_style_09FC2F578640DE0E358C</styleUrl>
				<Point>
					<altitudeMode>relativeToGround</altitudeMode>
					<coordinates>16.2473279,43.5151896,0</coordinates>
				</Point>
			</Placemark>
			<Placemark id="08B81C34BD3F52100444">
				<gx:mid>/g/11q95rw4sr</gx:mid>
				<gx:fid>0x133569ad456a2bcb:0x7c2fd4a62a5c4af6</gx:fid>
				<LookAt>
					<longitude>16.2593261</longitude>
					<latitude>43.5066108</latitude>
					<altitude>0</altitude>
					<heading>0</heading>
					<tilt>0</tilt>
					<gx:fovy>35</gx:fovy>
					<range>741.0684377549783</range>
					<altitudeMode>relativeToGround</altitudeMode>
				</LookAt>
				<styleUrl>#__managed_style_368A4AA9CD40DE0E3590</styleUrl>
				<Point>
					<altitudeMode>relativeToGround</altitudeMode>
					<coordinates>16.2593261,43.5066108,0</coordinates>
				</Point>
			</Placemark>
			<Placemark id="06B45C6D183F52171BF1">
				<gx:mid>/g/11h844pbdz</gx:mid>
				<gx:fid>0x13352307c0e8eb33:0xcd93d67562f22b1a</gx:fid>
				<LookAt>
					<longitude>15.9225006</longitude>
					<latitude>43.5862234</latitude>
					<altitude>0</altitude>
					<heading>0</heading>
					<tilt>0</tilt>
					<gx:fovy>35</gx:fovy>
					<range>740.0025056923749</range>
					<altitudeMode>relativeToGround</altitudeMode>
				</LookAt>
				<styleUrl>#__managed_style_09FC2F578640DE0E358C</styleUrl>
				<Point>
					<altitudeMode>relativeToGround</altitudeMode>
					<coordinates>15.92267670558168,43.58629621323295,0</coordinates>
				</Point>
			</Placemark>
			<Placemark id="035A313ADC3F52174EEC">
				<gx:mid>/g/11c0qlyc9f</gx:mid>
				<gx:fid>0x1335227d65b9dda1:0xbfb7f989e8f64641</gx:fid>
				<LookAt>
					<longitude>15.9234618</longitude>
					<latitude>43.5878267</latitude>
					<altitude>0</altitude>
					<heading>0</heading>
					<tilt>0</tilt>
					<gx:fovy>35</gx:fovy>
					<range>739.9810255132072</range>
					<altitudeMode>relativeToGround</altitudeMode>
				</LookAt>
				<styleUrl>#__managed_style_368A4AA9CD40DE0E3590</styleUrl>
				<Point>
					<altitudeMode>relativeToGround</altitudeMode>
					<coordinates>15.9234618,43.5878267,0</coordinates>
				</Point>
			</Placemark>
			<Placemark id="0CF34A02153F5218F186">
				<gx:mid>/g/11jwwrt628</gx:mid>
				<gx:fid>0x133523accf543e63:0xc34b1b6b6b5fc946</gx:fid>
				<LookAt>
					<longitude>15.9211552</longitude>
					<latitude>43.59038579999999</latitude>
					<altitude>0</altitude>
					<heading>0</heading>
					<tilt>0</tilt>
					<gx:fovy>35</gx:fovy>
					<range>739.9467389099932</range>
					<altitudeMode>relativeToGround</altitudeMode>
				</LookAt>
				<styleUrl>#__managed_style_368A4AA9CD40DE0E3590</styleUrl>
				<Point>
					<altitudeMode>relativeToGround</altitudeMode>
					<coordinates>15.9211552,43.5903858,0</coordinates>
				</Point>
			</Placemark>
			<Placemark id="0B753B80D53F5219F49B">
				<gx:mid>/g/11g0m4_qwr</gx:mid>
				<gx:fid>0x133523e4c18193d1:0x2535d4d9029e6e08</gx:fid>
				<LookAt>
					<longitude>15.9380655</longitude>
					<latitude>43.5790222</latitude>
					<altitude>0</altitude>
					<heading>0</heading>
					<tilt>0</tilt>
					<gx:fovy>35</gx:fovy>
					<range>740.0989769976661</range>
					<altitudeMode>relativeToGround</altitudeMode>
				</LookAt>
				<styleUrl>#__managed_style_28B95B05FE40DE0E358C</styleUrl>
				<Point>
					<altitudeMode>relativeToGround</altitudeMode>
					<coordinates>15.9380655,43.5790222,0</coordinates>
				</Point>
			</Placemark>
			<Placemark id="0F210C29343F521C580C">
				<gx:mid>/g/11xfmfthbf</gx:mid>
				<gx:fid>0x13352f001b33a035:0x624294e283bff167</gx:fid>
				<LookAt>
					<longitude>15.8890303</longitude>
					<latitude>43.73590300000001</latitude>
					<altitude>0</altitude>
					<heading>0</heading>
					<tilt>0</tilt>
					<gx:fovy>35</gx:fovy>
					<range>737.994863775865</range>
					<altitudeMode>relativeToGround</altitudeMode>
				</LookAt>
				<styleUrl>#__managed_style_09FC2F578640DE0E358C</styleUrl>
				<Point>
					<altitudeMode>relativeToGround</altitudeMode>
					<coordinates>15.8890303,43.735903,0</coordinates>
				</Point>
			</Placemark>
			<Placemark id="041EF71CFD3F521CE014">
				<gx:mid>/g/1q66xbrc8</gx:mid>
				<gx:fid>0x13352f59b0df135f:0x75bbe96333fa0aed</gx:fid>
				<LookAt>
					<longitude>15.8897611</longitude>
					<latitude>43.7376499</latitude>
					<altitude>0</altitude>
					<heading>0</heading>
					<tilt>0</tilt>
					<gx:fovy>35</gx:fovy>
					<range>737.971405169857</range>
					<altitudeMode>relativeToGround</altitudeMode>
				</LookAt>
				<styleUrl>#__managed_style_09FC2F578640DE0E358C</styleUrl>
				<Point>
					<altitudeMode>relativeToGround</altitudeMode>
					<coordinates>15.8897611,43.7376499,0</coordinates>
				</Point>
			</Placemark>
			<Placemark id="06C64ED9B43F521D16A9">
				<gx:mid>/g/12302h_n</gx:mid>
				<gx:fid>0x13352f5c0bf31487:0x89d0a7c326719a93</gx:fid>
				<LookAt>
					<longitude>15.8937869</longitude>
					<latitude>43.7394796</latitude>
					<altitude>0</altitude>
					<heading>0</heading>
					<tilt>0</tilt>
					<gx:fovy>35</gx:fovy>
					<range>737.946833986244</range>
					<altitudeMode>relativeToGround</altitudeMode>
				</LookAt>
				<styleUrl>#__managed_style_09FC2F578640DE0E358C</styleUrl>
				<Point>
					<altitudeMode>relativeToGround</altitudeMode>
					<coordinates>15.8937869,43.7394796,0</coordinates>
				</Point>
			</Placemark>
			<Placemark id="0A589D47743F521DB47C">
				<gx:mid>/g/120l2svc</gx:mid>
				<gx:fid>0x13352f5ef453cbe9:0xf9b3ac2403e9632b</gx:fid>
				<LookAt>
					<longitude>15.8962976</longitude>
					<latitude>43.737244</latitude>
					<altitude>0</altitude>
					<heading>0</heading>
					<tilt>0</tilt>
					<gx:fovy>35</gx:fovy>
					<range>737.9768559381304</range>
					<altitudeMode>relativeToGround</altitudeMode>
				</LookAt>
				<styleUrl>#__managed_style_09FC2F578640DE0E358C</styleUrl>
				<Point>
					<altitudeMode>relativeToGround</altitudeMode>
					<coordinates>15.8962976,43.737244,0</coordinates>
				</Point>
			</Placemark>
			<Placemark id="0F17F65C7D3F521EE5DE">
				<gx:mid>/g/11nn0csxyq</gx:mid>
				<gx:fid>0x133525f6a8f3a587:0x4eed2f7aa3f35df5</gx:fid>
				<LookAt>
					<longitude>15.8777812</longitude>
					<latitude>43.7256589</latitude>
					<altitude>0</altitude>
					<heading>0</heading>
					<tilt>0</tilt>
					<gx:fovy>35</gx:fovy>
					<range>738.1324159998035</range>
					<altitudeMode>relativeToGround</altitudeMode>
				</LookAt>
				<styleUrl>#__managed_style_28B95B05FE40DE0E358C</styleUrl>
				<Point>
					<altitudeMode>relativeToGround</altitudeMode>
					<coordinates>15.8777812,43.7256589,0</coordinates>
				</Point>
			</Placemark>
			<Placemark id="01AA6B2C313F521F4B50">
				<gx:mid>/g/11mkglfy7h</gx:mid>
				<gx:fid>0x1335270024f1fcf5:0x743cbf09ad776369</gx:fid>
				<LookAt>
					<longitude>15.8546977</longitude>
					<latitude>43.7214514</latitude>
					<altitude>0</altitude>
					<heading>0</heading>
					<tilt>0</tilt>
					<gx:fovy>35</gx:fovy>
					<range>738.1889057026231</range>
					<altitudeMode>relativeToGround</altitudeMode>
				</LookAt>
				<styleUrl>#__managed_style_09FC2F578640DE0E358C</styleUrl>
				<Point>
					<altitudeMode>relativeToGround</altitudeMode>
					<coordinates>15.8546977,43.7214514,0</coordinates>
				</Point>
			</Placemark>
			<Placemark id="0577B1A5033F521F9941">
				<name>Bunari tvrđave sv.Nikole</name>
				<LookAt>
					<longitude>15.85344744028616</longitude>
					<latitude>43.71872805578644</latitude>
					<altitude>0.1015799599675127</altitude>
					<heading>4.926587043893729e-09</heading>
					<tilt>0.6565978181231896</tilt>
					<gx:fovy>64.30327850579734</gx:fovy>
					<range>969.0151002090715</range>
					<altitudeMode>absolute</altitudeMode>
				</LookAt>
				<styleUrl>#__managed_style_0B0849A66340DE0E358E</styleUrl>
				<LineString>
					<coordinates>
						15.85478648200846,43.72109383425976,0 15.85473077926655,43.7207310688505,0 15.85486143690294,43.7204196799334,0 15.85544656001142,43.71952113724293,0 15.85586626492466,43.71868290743884,0 15.85600951825426,43.71833434860095,0 15.85630846274672,43.71808856495653,0 15.85670267113404,43.71804635405496,0 15.8571170558481,43.71803389578449,0 15.85754761357211,43.71816824291297,0 15.85771561784473,43.71851676260189,0 15.85797696735462,43.71876440646309,0 15.85818714286835,43.71888621104056,0 
					</coordinates>
				</LineString>
			</Placemark>
			<Placemark id="09CA9B213F3F522059EF">
				<gx:mid>/g/11h_4s3b7q</gx:mid>
				<gx:fid>0x13352fea2da43e61:0xb0c4244b9b5acf55</gx:fid>
				<LookAt>
					<longitude>15.8789976</longitude>
					<latitude>43.7507145</latitude>
					<altitude>0</altitude>
					<heading>0</heading>
					<tilt>0</tilt>
					<gx:fovy>35</gx:fovy>
					<range>737.795944373303</range>
					<altitudeMode>relativeToGround</altitudeMode>
				</LookAt>
				<styleUrl>#__managed_style_28B95B05FE40DE0E358C</styleUrl>
				<Point>
					<altitudeMode>relativeToGround</altitudeMode>
					<coordinates>15.8789976,43.7507145,0</coordinates>
				</Point>
			</Placemark>
			<Placemark id="01EAD9534D3F5222FE90">
				<gx:mid>/g/11h51dlnk0</gx:mid>
				<gx:fid>0x1334d7921a9e32c1:0x34e393fc84fc8454</gx:fid>
				<LookAt>
					<longitude>15.7750549</longitude>
					<latitude>43.7568212</latitude>
					<altitude>0</altitude>
					<heading>0</heading>
					<tilt>0</tilt>
					<gx:fovy>35</gx:fovy>
					<range>737.7139177127707</range>
					<altitudeMode>relativeToGround</altitudeMode>
				</LookAt>
				<styleUrl>#__managed_style_09FC2F578640DE0E358C</styleUrl>
				<Point>
					<altitudeMode>relativeToGround</altitudeMode>
					<coordinates>15.7750549,43.7568212,0</coordinates>
				</Point>
			</Placemark>
			<Placemark id="08CD27944A3F5223E088">
				<gx:mid>/g/11hj16z95k</gx:mid>
				<gx:fid>0x1334d90962bb2305:0x80a9d8654c7fa138</gx:fid>
				<LookAt>
					<longitude>15.7435976</longitude>
					<latitude>43.7536727</latitude>
					<altitude>0</altitude>
					<heading>0</heading>
					<tilt>0</tilt>
					<gx:fovy>35</gx:fovy>
					<range>737.756210089132</range>
					<altitudeMode>relativeToGround</altitudeMode>
				</LookAt>
				<styleUrl>#__managed_style_28B95B05FE40DE0E358C</styleUrl>
				<Point>
					<altitudeMode>relativeToGround</altitudeMode>
					<coordinates>15.7435976,43.7536727,0</coordinates>
				</Point>
			</Placemark>
			<Placemark id="08A738DFEB3F52245038">
				<name>עיירה עתיקה</name>
				<LookAt>
					<longitude>15.74560787759611</longitude>
					<latitude>43.75333091069224</latitude>
					<altitude>1.394898735452559</altitude>
					<heading>0</heading>
					<tilt>0</tilt>
					<gx:fovy>59.59422824652703</gx:fovy>
					<range>318.3841926773312</range>
					<altitudeMode>absolute</altitudeMode>
				</LookAt>
				<styleUrl>#__managed_style_59B33509A240DE0E3594</styleUrl>
				<Polygon>
					<outerBoundaryIs>
						<LinearRing>
							<coordinates>
								15.74474891864309,43.75404982004664,0 15.74374310128131,43.75336603620694,0 15.74457626616971,43.75301726221555,0 15.74542016643857,43.75274873564956,0 15.74571933701588,43.75276158068489,0 15.74604819602617,43.75311675959039,0 15.74596586912083,43.75336648732918,0 15.74560595131829,43.75358106677331,0 15.74474891864309,43.75404982004664,0 
							</coordinates>
						</LinearRing>
					</outerBoundaryIs>
				</Polygon>
			</Placemark>
			<Placemark id="0661DC96723F5224B13E">
				<gx:mid>/g/11jlrbqrvc</gx:mid>
				<gx:fid>0x1334d90e4d8dda9d:0x730ed9f7ba807206</gx:fid>
				<LookAt>
					<longitude>15.7535055</longitude>
					<latitude>43.7523638</latitude>
					<altitude>0</altitude>
					<heading>0</heading>
					<tilt>0</tilt>
					<gx:fovy>35</gx:fovy>
					<range>737.7737913441515</range>
					<altitudeMode>relativeToGround</altitudeMode>
				</LookAt>
				<styleUrl>#__managed_style_368A4AA9CD40DE0E3590</styleUrl>
				<Point>
					<altitudeMode>relativeToGround</altitudeMode>
					<coordinates>15.75278680847663,43.7523965083396,0</coordinates>
				</Point>
			</Placemark>
			<Placemark id="05F885F5603F522C7B64">
				<gx:mid>/g/11vcvlrf70</gx:mid>
				<gx:fid>0x1334cf9855570c8f:0xf7efbf39d79269f0</gx:fid>
				<LookAt>
					<longitude>15.5915214</longitude>
					<latitude>43.82273229999999</latitude>
					<altitude>0</altitude>
					<heading>0</heading>
					<tilt>0</tilt>
					<gx:fovy>35</gx:fovy>
					<range>736.8280907615924</range>
					<altitudeMode>relativeToGround</altitudeMode>
				</LookAt>
				<styleUrl>#__managed_style_09FC2F578640DE0E358C</styleUrl>
				<Point>
					<altitudeMode>relativeToGround</altitudeMode>
					<coordinates>15.59161924558579,43.82240517412739,0</coordinates>
				</Point>
			</Placemark>
			<Placemark id="0CA6BB34043F52332986">
				<gx:mid>/g/11vq92pljn</gx:mid>
				<gx:fid>0x1334cf0031599197:0x6e19e0a9e61e00f3</gx:fid>
				<LookAt>
					<longitude>15.5926955</longitude>
					<latitude>43.8234941</latitude>
					<altitude>0</altitude>
					<heading>0</heading>
					<tilt>0</tilt>
					<gx:fovy>35</gx:fovy>
					<range>736.8178471064153</range>
					<altitudeMode>relativeToGround</altitudeMode>
				</LookAt>
				<styleUrl>#__managed_style_09FC2F578640DE0E358C</styleUrl>
				<Point>
					<altitudeMode>relativeToGround</altitudeMode>
					<coordinates>15.5926955,43.8234941,0</coordinates>
				</Point>
			</Placemark>
			<Placemark id="0F2CC0D8E63F5236B11B">
				<gx:mid>/g/11b6c5nrny</gx:mid>
				<gx:fid>0x4761fa0d53fd48db:0xb9161d015f79cbb6</gx:fid>
				<LookAt>
					<longitude>15.2198229</longitude>
					<latitude>44.1175922</latitude>
					<altitude>0</altitude>
					<heading>0</heading>
					<tilt>0</tilt>
					<gx:fovy>35</gx:fovy>
					<range>732.8542415600181</range>
					<altitudeMode>relativeToGround</altitudeMode>
				</LookAt>
				<styleUrl>#__managed_style_09FC2F578640DE0E358C</styleUrl>
				<Point>
					<altitudeMode>relativeToGround</altitudeMode>
					<coordinates>15.2198229,44.1175922,0</coordinates>
				</Point>
			</Placemark>
			<Placemark id="096B81627B3F52381AFB">
				<gx:mid>/g/122zk1ws</gx:mid>
				<gx:fid>0x4761fa6e5429e5dd:0xc068aa3eeed10f68</gx:fid>
				<LookAt>
					<longitude>15.2275436</longitude>
					<latitude>44.1142376</latitude>
					<altitude>0</altitude>
					<heading>0</heading>
					<tilt>0</tilt>
					<gx:fovy>35</gx:fovy>
					<range>732.8995526465708</range>
					<altitudeMode>relativeToGround</altitudeMode>
				</LookAt>
				<styleUrl>#__managed_style_09FC2F578640DE0E358C</styleUrl>
				<Point>
					<altitudeMode>relativeToGround</altitudeMode>
					<coordinates>15.2275436,44.1142376,0</coordinates>
				</Point>
			</Placemark>
			<Placemark id="02F74BF00C3F5238A518">
				<gx:mid>/g/119tc8qt0</gx:mid>
				<gx:fid>0x4761fa6f5befb487:0x759582ab239525e</gx:fid>
				<LookAt>
					<longitude>15.2295685</longitude>
					<latitude>44.1122637</latitude>
					<altitude>0</altitude>
					<heading>0</heading>
					<tilt>0</tilt>
					<gx:fovy>35</gx:fovy>
					<range>732.9262133286155</range>
					<altitudeMode>relativeToGround</altitudeMode>
				</LookAt>
				<styleUrl>#__managed_style_05281DCD3840DE0E3590</styleUrl>
				<Point>
					<altitudeMode>relativeToGround</altitudeMode>
					<coordinates>15.2295685,44.1122637,0</coordinates>
				</Point>
			</Placemark>
			<Placemark id="0A41E24D203F52393B8F">
				<gx:mid>/g/11h7sv6gc5</gx:mid>
				<gx:fid>0x4761fb3294959cdd:0xe4b12b59f28d2eb4</gx:fid>
				<LookAt>
					<longitude>15.2220168</longitude>
					<latitude>44.1188936</latitude>
					<altitude>0</altitude>
					<heading>0</heading>
					<tilt>0</tilt>
					<gx:fovy>35</gx:fovy>
					<range>732.8366627312499</range>
					<altitudeMode>relativeToGround</altitudeMode>
				</LookAt>
				<styleUrl>#__managed_style_28B95B05FE40DE0E358C</styleUrl>
				<Point>
					<altitudeMode>relativeToGround</altitudeMode>
					<coordinates>15.2220168,44.1188936,0</coordinates>
				</Point>
			</Placemark>
			<Placemark id="0E52CD14533F52397507">
				<gx:mid>/g/1v3kg8xz</gx:mid>
				<gx:fid>0x4761fa6ebd9e3327:0x372d37af3a8d733b</gx:fid>
				<LookAt>
					<longitude>15.2279242</longitude>
					<latitude>44.1154571</latitude>
					<altitude>0</altitude>
					<heading>0</heading>
					<tilt>0</tilt>
					<gx:fovy>35</gx:fovy>
					<range>732.8830809445741</range>
					<altitudeMode>relativeToGround</altitudeMode>
				</LookAt>
				<styleUrl>#__managed_style_09FC2F578640DE0E358C</styleUrl>
				<Point>
					<altitudeMode>relativeToGround</altitudeMode>
					<coordinates>15.22788536943096,44.11527920768053,0</coordinates>
				</Point>
			</Placemark>
			<Placemark id="00422210573F5247D840">
				<name>טיילת</name>
				<LookAt>
					<longitude>15.2248493186844</longitude>
					<latitude>44.11516403143555</latitude>
					<altitude>17.39414299510306</altitude>
					<heading>0</heading>
					<tilt>0</tilt>
					<gx:fovy>44.13582855450923</gx:fovy>
					<range>1734.786944157095</range>
					<altitudeMode>absolute</altitudeMode>
				</LookAt>
				<styleUrl>#__managed_style_0B0849A66340DE0E358E</styleUrl>
				<LineString>
					<coordinates>
						15.22673813646302,44.11050509839796,0 15.22663366612654,44.11047752497792,0 15.22642628228698,44.11051395750352,0 15.22625176969802,44.11062360278106,0 15.22451422886455,44.11308526656751,0 15.2231230144378,44.1147817321372,0 15.22258082459722,44.11513916227333,0 15.2208787140671,44.11633238764357,0 15.21989923692205,44.11742403997048,0 15.22012716211619,44.11785229541821,0 15.22090903488052,44.11823530301039,0 15.22110701026972,44.11823112825808,0 15.22202632346119,44.11890864574017,0 15.2226214994622,44.11878650984555,0 15.22350543125536,44.11855624435189,0 15.22512481038561,44.1179001772588,0 15.22617440426128,44.11749006768621,0 15.22689998576764,44.11712747907143,0 15.2283291726006,44.11638078066982,0 15.22853939017876,44.11604889164136,0 15.2290355050053,44.11519618324039,0 
					</coordinates>
				</LineString>
			</Placemark>
			<Placemark id="00C7D75F973F525226F7">
				<gx:mid>/g/11x_g36_gz</gx:mid>
				<gx:fid>0x4761fb00719040a1:0x19d5ff94572e1893</gx:fid>
				<LookAt>
					<longitude>15.2241993</longitude>
					<latitude>44.116389</latitude>
					<altitude>0</altitude>
					<heading>0</heading>
					<tilt>0</tilt>
					<gx:fovy>35</gx:fovy>
					<range>732.870493629601</range>
					<altitudeMode>relativeToGround</altitudeMode>
				</LookAt>
				<styleUrl>#__managed_style_09FC2F578640DE0E358C</styleUrl>
				<Point>
					<altitudeMode>relativeToGround</altitudeMode>
					<coordinates>15.2241993,44.116389,0</coordinates>
				</Point>
			</Placemark>
			<Placemark id="0AD44198DD3F525286A4">
				<gx:mid>/g/11by_m4p9d</gx:mid>
				<gx:fid>0x4761fa72f429c775:0x706007b7c2f9be99</gx:fid>
				<LookAt>
					<longitude>15.2235462</longitude>
					<latitude>44.11819380000001</latitude>
					<altitude>0</altitude>
					<heading>0</heading>
					<tilt>0</tilt>
					<gx:fovy>35</gx:fovy>
					<range>732.8461154135381</range>
					<altitudeMode>relativeToGround</altitudeMode>
				</LookAt>
				<styleUrl>#__managed_style_003DEEC1CA40DE0E3591</styleUrl>
				<Point>
					<altitudeMode>relativeToGround</altitudeMode>
					<coordinates>15.2235462,44.1181938,0</coordinates>
				</Point>
			</Placemark>
			<Placemark id="011F01B0673F5254D9E3">
				<gx:mid>/g/11b_2pxv78</gx:mid>
				<gx:fid>0x4761fa6f98c37f85:0x45747fb2c327253f</gx:fid>
				<LookAt>
					<longitude>15.2295978</longitude>
					<latitude>44.114121</latitude>
					<altitude>0</altitude>
					<heading>0</heading>
					<tilt>0</tilt>
					<gx:fovy>35</gx:fovy>
					<range>732.9011275386646</range>
					<altitudeMode>relativeToGround</altitudeMode>
				</LookAt>
				<styleUrl>#__managed_style_414D46136A40DE0E3590</styleUrl>
				<Point>
					<altitudeMode>relativeToGround</altitudeMode>
					<coordinates>15.2296023,44.1141224,0</coordinates>
				</Point>
			</Placemark>
			<Placemark id="01525A900F3F525859A9">
				<gx:mid>/g/11h6lr7y4z</gx:mid>
				<gx:fid>0x4761fb575bd017ff:0xdd4fa34e70d03ec7</gx:fid>
				<LookAt>
					<longitude>15.2333336</longitude>
					<latitude>44.1110041</latitude>
					<altitude>0</altitude>
					<heading>0</heading>
					<tilt>0</tilt>
					<gx:fovy>35</gx:fovy>
					<range>732.9432258256967</range>
					<altitudeMode>relativeToGround</altitudeMode>
				</LookAt>
				<styleUrl>#__managed_style_1DF8661AED40DE0E3591</styleUrl>
				<Point>
					<altitudeMode>relativeToGround</altitudeMode>
					<coordinates>15.2333336,44.1110041,0</coordinates>
				</Point>
			</Placemark>
			<Placemark id="02D23A2D143F5258E74C">
				<gx:mid>/g/11cm_3qcks</gx:mid>
				<gx:fid>0x4761fa6e0e79ce39:0x8ef6a46754d1e0a7</gx:fid>
				<LookAt>
					<longitude>15.2261325</longitude>
					<latitude>44.1156454</latitude>
					<altitude>0</altitude>
					<heading>0</heading>
					<tilt>0</tilt>
					<gx:fovy>35</gx:fovy>
					<range>732.8805375622514</range>
					<altitudeMode>relativeToGround</altitudeMode>
				</LookAt>
				<styleUrl>#__managed_style_1DF8661AED40DE0E3591</styleUrl>
				<Point>
					<altitudeMode>relativeToGround</altitudeMode>
					<coordinates>15.2261325,44.1156454,0</coordinates>
				</Point>
			</Placemark>
			<Placemark id="06C7409A4A3F52593B4B">
				<gx:mid>/g/11g8v3h4pt</gx:mid>
				<gx:fid>0x4761fa6eefbe5851:0x4dc0cc47c75d0ef5</gx:fid>
				<LookAt>
					<longitude>15.2268149</longitude>
					<latitude>44.113418</latitude>
					<altitude>0</altitude>
					<heading>0</heading>
					<tilt>0</tilt>
					<gx:fovy>35</gx:fovy>
					<range>732.9106227550481</range>
					<altitudeMode>relativeToGround</altitudeMode>
				</LookAt>
				<styleUrl>#__managed_style_1DF8661AED40DE0E3591</styleUrl>
				<Point>
					<altitudeMode>relativeToGround</altitudeMode>
					<coordinates>15.2268149,44.113418,0</coordinates>
				</Point>
			</Placemark>
			<Placemark id="0BBB85E3A13F5259B1A0">
				<gx:mid>/g/11b86lnpks</gx:mid>
				<gx:fid>0x4761fa6edcdef27d:0x2c42e525f7d71649</gx:fid>
				<LookAt>
					<longitude>15.2266223</longitude>
					<latitude>44.1127224</latitude>
					<altitude>0</altitude>
					<heading>0</heading>
					<tilt>0</tilt>
					<gx:fovy>35</gx:fovy>
					<range>732.9200179216987</range>
					<altitudeMode>relativeToGround</altitudeMode>
				</LookAt>
				<styleUrl>#__managed_style_1DF8661AED40DE0E3591</styleUrl>
				<Point>
					<altitudeMode>relativeToGround</altitudeMode>
					<coordinates>15.2266223,44.1127224,0</coordinates>
				</Point>
			</Placemark>
			<Placemark id="0C9BB22DEF3F525A48A1">
				<gx:mid>/g/11g7kn3n6g</gx:mid>
				<gx:fid>0x4761fa6e01b10ec7:0x80649d2a5d9a573d</gx:fid>
				<LookAt>
					<longitude>15.2261513</longitude>
					<latitude>44.1163421</latitude>
					<altitude>0</altitude>
					<heading>0</heading>
					<tilt>0</tilt>
					<gx:fovy>35</gx:fovy>
					<range>732.8711271193008</range>
					<altitudeMode>relativeToGround</altitudeMode>
				</LookAt>
				<styleUrl>#__managed_style_22DEB8446B40DE0E358E</styleUrl>
				<Point>
					<altitudeMode>relativeToGround</altitudeMode>
					<coordinates>15.2261513,44.1163421,0</coordinates>
				</Point>
			</Placemark>
			<Placemark id="01A04CADB73F525A94A3">
				<gx:mid>/g/11x8hgfqt2</gx:mid>
				<gx:fid>0x4761fb8b2f9173c7:0x908876bb54904a4d</gx:fid>
				<LookAt>
					<longitude>15.2265882</longitude>
					<latitude>44.11370470000001</latitude>
					<altitude>0</altitude>
					<heading>0</heading>
					<tilt>0</tilt>
					<gx:fovy>35</gx:fovy>
					<range>732.9067503938738</range>
					<altitudeMode>relativeToGround</altitudeMode>
				</LookAt>
				<styleUrl>#__managed_style_22DEB8446B40DE0E358E</styleUrl>
				<Point>
					<altitudeMode>relativeToGround</altitudeMode>
					<coordinates>15.2265882,44.1137047,0</coordinates>
				</Point>
			</Placemark>
			<Placemark id="0D049787703F525B0619">
				<gx:mid>/g/1pxw6g868</gx:mid>
				<gx:fid>0x4761fa6f25dfc26f:0x33e3ac08fd6fa06a</gx:fid>
				<LookAt>
					<longitude>15.2269607</longitude>
					<latitude>44.11231979999999</latitude>
					<altitude>0</altitude>
					<heading>0</heading>
					<tilt>0</tilt>
					<gx:fovy>35</gx:fovy>
					<range>732.9254556193018</range>
					<altitudeMode>relativeToGround</altitudeMode>
				</LookAt>
				<styleUrl>#__managed_style_0D8F37A89C40DE0E358F</styleUrl>
				<Point>
					<altitudeMode>relativeToGround</altitudeMode>
					<coordinates>15.2269607,44.11231979999999,0</coordinates>
				</Point>
			</Placemark>
			<Placemark id="0278A7330D3F525B7821">
				<gx:mid>/g/11clvz3g6v</gx:mid>
				<gx:fid>0x4761fa6ee926e371:0x26db481363c2ea8</gx:fid>
				<LookAt>
					<longitude>15.2263139</longitude>
					<latitude>44.1131884</latitude>
					<altitude>0</altitude>
					<heading>0</heading>
					<tilt>0</tilt>
					<gx:fovy>35</gx:fovy>
					<range>732.9137238733914</range>
					<altitudeMode>relativeToGround</altitudeMode>
				</LookAt>
				<styleUrl>#__managed_style_22DEB8446B40DE0E358E</styleUrl>
				<Point>
					<altitudeMode>relativeToGround</altitudeMode>
					<coordinates>15.2263139,44.1131884,0</coordinates>
				</Point>
			</Placemark>
			<Placemark id="0F811BB84B3F525BEF30">
				<gx:mid>/g/11h5v8vhz8</gx:mid>
				<gx:fid>0x4761fb0fb2d2f637:0xa2583d37701ffdd2</gx:fid>
				<LookAt>
					<longitude>15.2263114</longitude>
					<latitude>44.11393510000001</latitude>
					<altitude>0</altitude>
					<heading>0</heading>
					<tilt>0</tilt>
					<gx:fovy>35</gx:fovy>
					<range>732.9036384457455</range>
					<altitudeMode>relativeToGround</altitudeMode>
				</LookAt>
				<styleUrl>#__managed_style_0D8F37A89C40DE0E358F</styleUrl>
				<Point>
					<altitudeMode>relativeToGround</altitudeMode>
					<coordinates>15.2263114,44.1139351,0</coordinates>
				</Point>
			</Placemark>
			<Placemark id="0A2A4CD6E43F525CC3D1">
				<gx:mid>/g/11rsqww8_2</gx:mid>
				<gx:fid>0x4761fb718dc73dd5:0x92feb995c3752d77</gx:fid>
				<LookAt>
					<longitude>15.2299357</longitude>
					<latitude>44.1142166</latitude>
					<altitude>0</altitude>
					<heading>0</heading>
					<tilt>0</tilt>
					<gx:fovy>35</gx:fovy>
					<range>732.8998362894357</range>
					<altitudeMode>relativeToGround</altitudeMode>
				</LookAt>
				<styleUrl>#__managed_style_48B95950D340DE0E3594</styleUrl>
				<Point>
					<altitudeMode>relativeToGround</altitudeMode>
					<coordinates>15.2299357,44.1142166,0</coordinates>
				</Point>
			</Placemark>
			<Placemark id="0A37E64ED93F5262358C">
				<gx:mid>/g/11xw15rr5k</gx:mid>
				<gx:fid>0x4763af0055d1b61f:0x194a684de5366843</gx:fid>
				<LookAt>
					<longitude>14.7629917</longitude>
					<latitude>44.75379259999999</latitude>
					<altitude>0</altitude>
					<heading>0</heading>
					<tilt>0</tilt>
					<gx:fovy>35</gx:fovy>
					<range>724.2193963728488</range>
					<altitudeMode>relativeToGround</altitudeMode>
				</LookAt>
				<styleUrl>#__managed_style_28B95B05FE40DE0E358C</styleUrl>
				<Point>
					<altitudeMode>relativeToGround</altitudeMode>
					<coordinates>14.7629917,44.7537926,0</coordinates>
				</Point>
			</Placemark>
			<Placemark id="0C4AAE37633F5262D25C">
				<gx:mid>/g/11hbqb1f9c</gx:mid>
				<gx:fid>0x4763af1d3e747d41:0x80c141e04ba2348a</gx:fid>
				<LookAt>
					<longitude>14.7616463</longitude>
					<latitude>44.75424309999999</latitude>
					<altitude>0</altitude>
					<heading>0</heading>
					<tilt>0</tilt>
					<gx:fovy>35</gx:fovy>
					<range>724.2132528219797</range>
					<altitudeMode>relativeToGround</altitudeMode>
				</LookAt>
				<styleUrl>#__managed_style_28B95B05FE40DE0E358C</styleUrl>
				<Point>
					<altitudeMode>relativeToGround</altitudeMode>
					<coordinates>14.76165585335097,44.75412992727295,0</coordinates>
				</Point>
			</Placemark>
			<Placemark id="0251820F643F56FDC5E4">
				<gx:mid>/g/11gxmfm9jk</gx:mid>
				<gx:fid>0x4763151266387535:0x2d45387b42d42df3</gx:fid>
				<LookAt>
					<longitude>14.4077933</longitude>
					<latitude>44.9600849</latitude>
					<altitude>0</altitude>
					<heading>0</heading>
					<tilt>0</tilt>
					<gx:fovy>35</gx:fovy>
					<range>721.4018746932402</range>
					<altitudeMode>relativeToGround</altitudeMode>
				</LookAt>
				<styleUrl>#__managed_style_09FC2F578640DE0E358C</styleUrl>
				<Point>
					<altitudeMode>relativeToGround</altitudeMode>
					<coordinates>14.4077933,44.9600849,0</coordinates>
				</Point>
			</Placemark>
			<Placemark id="0FBF398A313F56FED3D7">
				<name>מרינה</name>
				<LookAt>
					<longitude>14.40712275140168</longitude>
					<latitude>44.95901410742731</latitude>
					<altitude>1.701084606703436</altitude>
					<heading>-7.743911237522594e-11</heading>
					<tilt>1.091966724862126</tilt>
					<gx:fovy>66.80391278884238</gx:fovy>
					<range>332.2926528563403</range>
					<altitudeMode>absolute</altitudeMode>
				</LookAt>
				<styleUrl>#__managed_style_0B0849A66340DE0E358E</styleUrl>
				<LineString>
					<coordinates>
						14.40882721767826,44.95718698156261,0 14.40939993828396,44.9580378953109,0 14.40906807486718,44.95857232577227,0 14.409198276717,44.95860929121078,0 14.40927731897571,44.9587579247993,0 14.40859196550584,44.95905190793325,0 14.40841349064349,44.95944695723359,0 14.40821437070074,44.95967268688681,0 14.40800199397473,44.9597899548441,0 14.40779361398473,44.95999121448118,0 14.40757073561291,44.96015245840683,0 14.40725991399325,44.95992959206057,0 14.40745217471439,44.95962141457517,0 14.40761056503283,44.95960085965738,0 14.4076553278847,44.9594477796137,0 14.40763932522414,44.95908146107953,0 14.40760740297545,44.95869488858447,0 14.40812823495232,44.95871422306173,0 14.40827443358522,44.95870072686711,0 14.40847241694807,44.95863842937516,0 
					</coordinates>
				</LineString>
			</Placemark>
			<Placemark id="03263D4B913F57012E66">
				<gx:mid>/g/11ny0ctgj0</gx:mid>
				<gx:fid>0x476313d659754845:0x50c2f6d05b6d6cb9</gx:fid>
				<LookAt>
					<longitude>14.4236762</longitude>
					<latitude>44.9448861</latitude>
					<altitude>0</altitude>
					<heading>0</heading>
					<tilt>0</tilt>
					<gx:fovy>35</gx:fovy>
					<range>721.6097504238039</range>
					<altitudeMode>relativeToGround</altitudeMode>
				</LookAt>
				<styleUrl>#__managed_style_28B95B05FE40DE0E358C</styleUrl>
				<Point>
					<altitudeMode>relativeToGround</altitudeMode>
					<coordinates>14.4236762,44.9448861,0</coordinates>
				</Point>
			</Placemark>
			<Placemark id="01CCE3C4EF3F5701988F">
				<gx:mid>/g/11f2n4vcyq</gx:mid>
				<gx:fid>0x47636b259fce4e95:0x521e0c5bbace39e8</gx:fid>
				<LookAt>
					<longitude>14.4041088</longitude>
					<latitude>44.9997037</latitude>
					<altitude>0</altitude>
					<heading>0</heading>
					<tilt>0</tilt>
					<gx:fovy>35</gx:fovy>
					<range>720.8597861092343</range>
					<altitudeMode>relativeToGround</altitudeMode>
				</LookAt>
				<styleUrl>#__managed_style_28B95B05FE40DE0E358C</styleUrl>
				<Point>
					<altitudeMode>relativeToGround</altitudeMode>
					<coordinates>14.4041088,44.9997037,0</coordinates>
				</Point>
			</Placemark>
			<Placemark id="0833FB92B63F571C3867">
				<gx:mid>/g/11t4d_70r4</gx:mid>
				<gx:fid>0x476361192ce591ed:0xff2380897037535b</gx:fid>
				<LookAt>
					<longitude>14.5527525</longitude>
					<latitude>45.2118136</latitude>
					<altitude>0</altitude>
					<heading>0</heading>
					<tilt>0</tilt>
					<gx:fovy>35</gx:fovy>
					<range>717.9522313033968</range>
					<altitudeMode>relativeToGround</altitudeMode>
				</LookAt>
				<styleUrl>#__managed_style_28B95B05FE40DE0E358C</styleUrl>
				<Point>
					<altitudeMode>relativeToGround</altitudeMode>
					<coordinates>14.5527525,45.21181359999999,0</coordinates>
				</Point>
			</Placemark>
			<Placemark id="05D1AB5A3C3F571C70E4">
				<gx:mid>/g/11t87khj7t</gx:mid>
				<gx:fid>0x4763631ff2c4b3a7:0x5b1d59e2e527a4eb</gx:fid>
				<LookAt>
					<longitude>14.5537549</longitude>
					<latitude>45.2116879</latitude>
					<altitude>0</altitude>
					<heading>0</heading>
					<tilt>0</tilt>
					<gx:fovy>35</gx:fovy>
					<range>717.953957027637</range>
					<altitudeMode>relativeToGround</altitudeMode>
				</LookAt>
				<styleUrl>#__managed_style_09FC2F578640DE0E358C</styleUrl>
				<Point>
					<altitudeMode>relativeToGround</altitudeMode>
					<coordinates>14.55382086503106,45.21169127070861,0</coordinates>
				</Point>
			</Placemark>
			<Placemark id="0616D338663F571D7A9B">
				<gx:mid>/g/11yjt5w3t9</gx:mid>
				<gx:fid>0x476361006421c66d:0x69480475e3984e72</gx:fid>
				<LookAt>
					<longitude>14.5532571</longitude>
					<latitude>45.21342019999999</latitude>
					<altitude>0</altitude>
					<heading>0</heading>
					<tilt>0</tilt>
					<gx:fovy>35</gx:fovy>
					<range>717.9301741564653</range>
					<altitudeMode>relativeToGround</altitudeMode>
				</LookAt>
				<styleUrl>#__managed_style_28B95B05FE40DE0E358C</styleUrl>
				<Point>
					<altitudeMode>relativeToGround</altitudeMode>
					<coordinates>14.55326581565107,45.21339407649545,0</coordinates>
				</Point>
			</Placemark>
			<Placemark id="077F2A539F3F571DBE8C">
				<gx:mid>/g/11yjvfdh_1</gx:mid>
				<gx:fid>0x476361002d97b8a7:0x985fcf2ca9e5613d</gx:fid>
				<LookAt>
					<longitude>14.552186</longitude>
					<latitude>45.2132253</latitude>
					<altitude>0</altitude>
					<heading>0</heading>
					<tilt>0</tilt>
					<gx:fovy>35</gx:fovy>
					<range>717.9328499823798</range>
					<altitudeMode>relativeToGround</altitudeMode>
				</LookAt>
				<styleUrl>#__managed_style_28B95B05FE40DE0E358C</styleUrl>
				<Point>
					<altitudeMode>relativeToGround</altitudeMode>
					<coordinates>14.55229376398634,45.21315354585435,0</coordinates>
				</Point>
			</Placemark>
			<Placemark id="0E794A8D1B3F572718C4">
				<gx:mid>/g/11t1r07w_m</gx:mid>
				<gx:fid>0x4763656ceb8f86cb:0x8e2c58fb1f2c7002</gx:fid>
				<LookAt>
					<longitude>14.5402759</longitude>
					<latitude>45.16408750000001</latitude>
					<altitude>0</altitude>
					<heading>0</heading>
					<tilt>0</tilt>
					<gx:fovy>35</gx:fovy>
					<range>718.6072325978766</range>
					<altitudeMode>relativeToGround</altitudeMode>
				</LookAt>
				<styleUrl>#__managed_style_368A4AA9CD40DE0E3590</styleUrl>
				<Point>
					<altitudeMode>relativeToGround</altitudeMode>
					<coordinates>14.5402759,45.1640875,0</coordinates>
				</Point>
			</Placemark>
			<Placemark id="09951CDB2D3F57289C34">
				<gx:mid>/g/11h2kbf51g</gx:mid>
				<gx:fid>0x476365a080c9922d:0x81f6038407688fe4</gx:fid>
				<LookAt>
					<longitude>14.5808633</longitude>
					<latitude>45.1526225</latitude>
					<altitude>0</altitude>
					<heading>0</heading>
					<tilt>0</tilt>
					<gx:fovy>35</gx:fovy>
					<range>718.7645126594058</range>
					<altitudeMode>relativeToGround</altitudeMode>
				</LookAt>
				<styleUrl>#__managed_style_28B95B05FE40DE0E358C</styleUrl>
				<Point>
					<altitudeMode>relativeToGround</altitudeMode>
					<coordinates>14.5808633,45.15262250000001,0</coordinates>
				</Point>
			</Placemark>
			<Placemark id="00160EFE153F572A15FE">
				<gx:mid>/g/122h0k5c</gx:mid>
				<gx:fid>0x4764a11dcf5164b5:0x740119f8808710e1</gx:fid>
				<LookAt>
					<longitude>14.444098</longitude>
					<latitude>45.32953240000001</latitude>
					<altitude>0</altitude>
					<heading>0</heading>
					<tilt>0</tilt>
					<gx:fovy>35</gx:fovy>
					<range>716.3347017581862</range>
					<altitudeMode>relativeToGround</altitudeMode>
				</LookAt>
				<styleUrl>#__managed_style_414D46136A40DE0E3590</styleUrl>
				<Point>
					<altitudeMode>relativeToGround</altitudeMode>
					<coordinates>14.4441996,45.3295868,0</coordinates>
				</Point>
			</Placemark>
			<Placemark id="068811236C3F572B1A00">
				<gx:mid>/g/1hf_ccq7w</gx:mid>
				<gx:fid>0x4764a0e2cfb8d2b7:0x8ec37b0a6ced082d</gx:fid>
				<LookAt>
					<longitude>14.4465524</longitude>
					<latitude>45.3256524</latitude>
					<altitude>0</altitude>
					<heading>0</heading>
					<tilt>0</tilt>
					<gx:fovy>35</gx:fovy>
					<range>716.3880592106217</range>
					<altitudeMode>relativeToGround</altitudeMode>
				</LookAt>
				<styleUrl>#__managed_style_30E6EBFD0E40DE0E3594</styleUrl>
				<Point>
					<altitudeMode>relativeToGround</altitudeMode>
					<coordinates>14.4465524,45.3256524,0</coordinates>
				</Point>
			</Placemark>
			<Placemark id="03820C860E3F572E4DC6">
				<gx:mid>/g/11f00pb45b</gx:mid>
				<gx:fid>0x47649fa4b673915f:0x280e54a6a15b8993</gx:fid>
				<LookAt>
					<longitude>14.5354559</longitude>
					<latitude>45.3066949</latitude>
					<altitude>0</altitude>
					<heading>0</heading>
					<tilt>0</tilt>
					<gx:fovy>35</gx:fovy>
					<range>716.6487183204043</range>
					<altitudeMode>relativeToGround</altitudeMode>
				</LookAt>
				<styleUrl>#__managed_style_1DF8661AED40DE0E3591</styleUrl>
				<Point>
					<altitudeMode>relativeToGround</altitudeMode>
					<coordinates>14.5354559,45.3066949,0</coordinates>
				</Point>
			</Placemark>
			<Placemark id="081F808BCB3F573235DC">
				<gx:mid>/g/11fy4j153m</gx:mid>
				<gx:fid>0x47649b3bafb07559:0xc71246e0b0fd9c62</gx:fid>
				<LookAt>
					<longitude>14.7170653</longitude>
					<latitude>45.3564274</latitude>
					<altitude>0</altitude>
					<heading>0</heading>
					<tilt>0</tilt>
					<gx:fovy>35</gx:fovy>
					<range>715.9647618244597</range>
					<altitudeMode>relativeToGround</altitudeMode>
				</LookAt>
				<styleUrl>#__managed_style_28B95B05FE40DE0E358C</styleUrl>
				<Point>
					<altitudeMode>relativeToGround</altitudeMode>
					<coordinates>14.7170653,45.35642740000001,0</coordinates>
				</Point>
			</Placemark>
			<Placemark id="0A5F6ACACB3F57327253">
				<gx:mid>/g/11c1qbxrht</gx:mid>
				<gx:fid>0x47649b3a9e019ce3:0x400ccf54a21a34bb</gx:fid>
				<LookAt>
					<longitude>14.721383</longitude>
					<latitude>45.35726820000001</latitude>
					<altitude>0</altitude>
					<heading>0</heading>
					<tilt>0</tilt>
					<gx:fovy>35</gx:fovy>
					<range>715.9531943348873</range>
					<altitudeMode>relativeToGround</altitudeMode>
				</LookAt>
				<styleUrl>#__managed_style_28B95B05FE40DE0E358C</styleUrl>
				<Point>
					<altitudeMode>relativeToGround</altitudeMode>
					<coordinates>14.721383,45.3572682,0</coordinates>
				</Point>
			</Placemark>
			<Placemark id="02921E664E3F57355787">
				<gx:mid>/g/12245wdk</gx:mid>
				<gx:fid>0x477cd23d29dcfd4f:0x2c39c765890171fb</gx:fid>
				<LookAt>
					<longitude>13.7976279</longitude>
					<latitude>44.892205</latitude>
					<altitude>0</altitude>
					<heading>0</heading>
					<tilt>0</tilt>
					<gx:fovy>35</gx:fovy>
					<range>722.3299169983313</range>
					<altitudeMode>relativeToGround</altitudeMode>
				</LookAt>
				<styleUrl>#__managed_style_09FC2F578640DE0E358C</styleUrl>
				<Point>
					<altitudeMode>relativeToGround</altitudeMode>
					<coordinates>13.7976279,44.892205,0</coordinates>
				</Point>
			</Placemark>
			<Placemark id="0EE46940F93F5737C480">
				<gx:mid>/g/1hhm613g9</gx:mid>
				<gx:fid>0x477cd35fd1003da3:0x60901105b0c19d2b</gx:fid>
				<LookAt>
					<longitude>13.8317763</longitude>
					<latitude>44.8366624</latitude>
					<altitude>0</altitude>
					<heading>0</heading>
					<tilt>0</tilt>
					<gx:fovy>35</gx:fovy>
					<range>723.0885971369489</range>
					<altitudeMode>relativeToGround</altitudeMode>
				</LookAt>
				<styleUrl>#__managed_style_09FC2F578640DE0E358C</styleUrl>
				<Point>
					<altitudeMode>relativeToGround</altitudeMode>
					<coordinates>13.8317763,44.83666239999999,0</coordinates>
				</Point>
			</Placemark>
			<Placemark id="02FE3949813F5739BD64">
				<gx:mid>/g/11c5xsbc_3</gx:mid>
				<gx:fid>0x47632a3d2870c801:0x7dfa537408da0ba6</gx:fid>
				<LookAt>
					<longitude>13.9114965</longitude>
					<latitude>44.7690533</latitude>
					<altitude>0</altitude>
					<heading>0</heading>
					<tilt>0</tilt>
					<gx:fovy>35</gx:fovy>
					<range>724.0112606137839</range>
					<altitudeMode>relativeToGround</altitudeMode>
				</LookAt>
				<styleUrl>#__managed_style_09FC2F578640DE0E358C</styleUrl>
				<Point>
					<altitudeMode>relativeToGround</altitudeMode>
					<coordinates>13.9114965,44.7690533,0</coordinates>
				</Point>
			</Placemark>
			<Placemark id="0CEC1B8B0B3F5739FDA1">
				<gx:mid>/g/11gbl38fb_</gx:mid>
				<gx:fid>0x47632a3c9eb7b68f:0xe6fec25599879f7c</gx:fid>
				<LookAt>
					<longitude>13.9114782</longitude>
					<latitude>44.7712586</latitude>
					<altitude>0</altitude>
					<heading>0</heading>
					<tilt>0</tilt>
					<gx:fovy>35</gx:fovy>
					<range>723.9811793538107</range>
					<altitudeMode>relativeToGround</altitudeMode>
				</LookAt>
				<styleUrl>#__managed_style_09FC2F578640DE0E358C</styleUrl>
				<Point>
					<altitudeMode>relativeToGround</altitudeMode>
					<coordinates>13.9114782,44.7712586,0</coordinates>
				</Point>
			</Placemark>
			<Placemark id="057E409FFC3F573BAE57">
				<gx:mid>/g/11jmxt8s47</gx:mid>
				<gx:fid>0x477cd376d081c12b:0xef04ff8d5f18c2f</gx:fid>
				<LookAt>
					<longitude>13.8438045</longitude>
					<latitude>44.86819089999999</latitude>
					<altitude>0</altitude>
					<heading>0</heading>
					<tilt>0</tilt>
					<gx:fovy>35</gx:fovy>
					<range>722.6580120037031</range>
					<altitudeMode>relativeToGround</altitudeMode>
				</LookAt>
				<styleUrl>#__managed_style_1DF8661AED40DE0E3591</styleUrl>
				<Point>
					<altitudeMode>relativeToGround</altitudeMode>
					<coordinates>13.8438045,44.86819089999999,0</coordinates>
				</Point>
			</Placemark>
			<Placemark id="07E91C3FC93F573C18BF">
				<gx:mid>/g/11c48slqx0</gx:mid>
				<gx:fid>0x477cd31e4082b835:0x27bfcdfb6570d092</gx:fid>
				<LookAt>
					<longitude>13.8444263</longitude>
					<latitude>44.8684479</latitude>
					<altitude>0</altitude>
					<heading>0</heading>
					<tilt>0</tilt>
					<gx:fovy>35</gx:fovy>
					<range>722.654501329692</range>
					<altitudeMode>relativeToGround</altitudeMode>
				</LookAt>
				<styleUrl>#__managed_style_1DF8661AED40DE0E3591</styleUrl>
				<Point>
					<altitudeMode>relativeToGround</altitudeMode>
					<coordinates>13.8444263,44.8684479,0</coordinates>
				</Point>
			</Placemark>
			<Placemark id="013342B7193F573C5FA7">
				<gx:mid>/g/11rgrsjl0n</gx:mid>
				<gx:fid>0x477cd393efbe66b3:0x78ef89065b364101</gx:fid>
				<LookAt>
					<longitude>13.8429407</longitude>
					<latitude>44.86944399999999</latitude>
					<altitude>0</altitude>
					<heading>0</heading>
					<tilt>0</tilt>
					<gx:fovy>35</gx:fovy>
					<range>722.64089426884</range>
					<altitudeMode>relativeToGround</altitudeMode>
				</LookAt>
				<styleUrl>#__managed_style_1DF8661AED40DE0E3591</styleUrl>
				<Point>
					<altitudeMode>relativeToGround</altitudeMode>
					<coordinates>13.8429407,44.869444,0</coordinates>
				</Point>
			</Placemark>
			<Placemark id="037B6679733F5799C120">
				<gx:mid>/g/11xnq5wgh1</gx:mid>
				<gx:fid>0x477ccd0053637241:0x15132b68c72018df</gx:fid>
				<LookAt>
					<longitude>13.8027712</longitude>
					<latitude>44.927782</latitude>
					<altitude>0</altitude>
					<heading>0</heading>
					<tilt>0</tilt>
					<gx:fovy>35</gx:fovy>
					<range>721.8436297333772</range>
					<altitudeMode>relativeToGround</altitudeMode>
				</LookAt>
				<styleUrl>#__managed_style_09FC2F578640DE0E358C</styleUrl>
				<Point>
					<altitudeMode>relativeToGround</altitudeMode>
					<coordinates>13.80261925709435,44.92767274558746,0</coordinates>
				</Point>
			</Placemark>
			<Placemark id="0DE3517D173F579A0923">
				<gx:mid>/g/11w33y9wqj</gx:mid>
				<gx:fid>0x477ccd000c38320b:0x449e037b693e0b3e</gx:fid>
				<LookAt>
					<longitude>13.803244</longitude>
					<latitude>44.9279741</latitude>
					<altitude>0</altitude>
					<heading>0</heading>
					<tilt>0</tilt>
					<gx:fovy>35</gx:fovy>
					<range>721.8410033081913</range>
					<altitudeMode>relativeToGround</altitudeMode>
				</LookAt>
				<styleUrl>#__managed_style_09FC2F578640DE0E358C</styleUrl>
				<Point>
					<altitudeMode>relativeToGround</altitudeMode>
					<coordinates>13.803244,44.9279741,0</coordinates>
				</Point>
			</Placemark>
			<Placemark id="08A75A19CF3F579DA4CE">
				<gx:mid>/g/11c5xwqp0q</gx:mid>
				<gx:fid>0x477cc080e3538ea3:0xcfada989545ea693</gx:fid>
				<LookAt>
					<longitude>13.6297386</longitude>
					<latitude>45.082798</latitude>
					<altitude>0</altitude>
					<heading>0</heading>
					<tilt>0</tilt>
					<gx:fovy>35</gx:fovy>
					<range>719.7218184954288</range>
					<altitudeMode>relativeToGround</altitudeMode>
				</LookAt>
				<styleUrl>#__managed_style_368A4AA9CD40DE0E3590</styleUrl>
				<Point>
					<altitudeMode>relativeToGround</altitudeMode>
					<coordinates>13.6297386,45.082798,0</coordinates>
				</Point>
			</Placemark>
			<Placemark id="049737F0F53F5AB3EFD8">
				<gx:mid>/g/11wnfcz9p8</gx:mid>
				<gx:fid>0x477c9700424ce979:0xc59098a9207233fe</gx:fid>
				<LookAt>
					<longitude>13.5957373</longitude>
					<latitude>45.2272551</latitude>
					<altitude>0</altitude>
					<heading>0</heading>
					<tilt>0</tilt>
					<gx:fovy>35</gx:fovy>
					<range>717.7402123966961</range>
					<altitudeMode>relativeToGround</altitudeMode>
				</LookAt>
				<styleUrl>#__managed_style_09FC2F578640DE0E358C</styleUrl>
				<Point>
					<altitudeMode>relativeToGround</altitudeMode>
					<coordinates>13.5957373,45.2272551,0</coordinates>
				</Point>
			</Placemark>
			<Placemark id="032BEA74483F5AB47BE9">
				<gx:mid>/g/11m64ymqz6</gx:mid>
				<gx:fid>0x477c97007946ae21:0x504e81910248154c</gx:fid>
				<LookAt>
					<longitude>13.5903377</longitude>
					<latitude>45.227358</latitude>
					<altitude>0</altitude>
					<heading>0</heading>
					<tilt>0</tilt>
					<gx:fovy>35</gx:fovy>
					<range>717.7387993732187</range>
					<altitudeMode>relativeToGround</altitudeMode>
				</LookAt>
				<styleUrl>#__managed_style_09FC2F578640DE0E358C</styleUrl>
				<Point>
					<altitudeMode>relativeToGround</altitudeMode>
					<coordinates>13.5903377,45.227358,0</coordinates>
				</Point>
			</Placemark>
			<Placemark id="07C943FE6C3F5AB4B0B4">
				<name>Small harbor</name>
				<LookAt>
					<longitude>13.59494659934314</longitude>
					<latitude>45.22600889441997</latitude>
					<altitude>4.575567550979849</altitude>
					<heading>-7.597615846630205e-10</heading>
					<tilt>0.3918056475852278</tilt>
					<gx:fovy>62.92634270513268</gx:fovy>
					<range>198.9507880372184</range>
					<altitudeMode>absolute</altitudeMode>
				</LookAt>
				<styleUrl>#__managed_style_0B0849A66340DE0E358E</styleUrl>
				<LineString>
					<coordinates>
						13.58961688384188,45.2272030551143,0 13.59005404323499,45.22747349542846,0 13.59298954839248,45.22686701238754,0 13.59448544464661,45.22610641402009,0 
					</coordinates>
				</LineString>
			</Placemark>
			<Placemark id="02C460C40A3F5AB586DC">
				<gx:mid>/g/1tdwnybz</gx:mid>
				<gx:fid>0x477c9775c4e1e709:0x45ad3380c0e38261</gx:fid>
				<LookAt>
					<longitude>13.5940655</longitude>
					<latitude>45.2276135</latitude>
					<altitude>0</altitude>
					<heading>0</heading>
					<tilt>0</tilt>
					<gx:fovy>35</gx:fovy>
					<range>717.7352908364315</range>
					<altitudeMode>relativeToGround</altitudeMode>
				</LookAt>
				<styleUrl>#__managed_style_09FC2F578640DE0E358C</styleUrl>
				<Point>
					<altitudeMode>relativeToGround</altitudeMode>
					<coordinates>13.5940655,45.2276135,0</coordinates>
				</Point>
			</Placemark>
			<Placemark id="0B9C9B922E3F5AB68BB0">
				<name>שדרה מרכזית</name>
				<LookAt>
					<longitude>13.59401758912165</longitude>
					<latitude>45.22783199572024</latitude>
					<altitude>5.153994686330967</altitude>
					<heading>4.876081787370802e-09</heading>
					<tilt>0.8230126098235936</tilt>
					<gx:fovy>65.63258201286567</gx:fovy>
					<range>305.0640031476724</range>
					<altitudeMode>absolute</altitudeMode>
				</LookAt>
				<styleUrl>#__managed_style_0B0849A66340DE0E358E</styleUrl>
				<LineString>
					<coordinates>
						13.59561596348311,45.22723143483489,0 13.59455520576257,45.22775305353243,0 13.59240848767348,45.22798184259258,0 13.59126071326155,45.22810691557792,0 13.59063955175752,45.22821400507932,0 
					</coordinates>
				</LineString>
			</Placemark>
			<Placemark id="03709603763F5AB7CA88">
				<gx:mid>/g/11yg7291r5</gx:mid>
				<gx:fid>0x477c9700681bf8b5:0x2b9045cf1db04567</gx:fid>
				<LookAt>
					<longitude>13.5952854</longitude>
					<latitude>45.2367731</latitude>
					<altitude>0</altitude>
					<heading>0</heading>
					<tilt>0</tilt>
					<gx:fovy>35</gx:fovy>
					<range>717.6095022475989</range>
					<altitudeMode>relativeToGround</altitudeMode>
				</LookAt>
				<styleUrl>#__managed_style_368A4AA9CD40DE0E3590</styleUrl>
				<Point>
					<altitudeMode>relativeToGround</altitudeMode>
					<coordinates>13.5952854,45.23677310000001,0</coordinates>
				</Point>
			</Placemark>
			<Placemark id="09D2E5EFC23F5AB94059">
				<gx:mid>/g/11ty64g8yw</gx:mid>
				<gx:fid>0x477c9b16e38b1583:0x4f6769f0af2e1a32</gx:fid>
				<LookAt>
					<longitude>13.558371</longitude>
					<latitude>45.31622489999999</latitude>
					<altitude>0</altitude>
					<heading>0</heading>
					<tilt>0</tilt>
					<gx:fovy>35</gx:fovy>
					<range>716.5176930051692</range>
					<altitudeMode>relativeToGround</altitudeMode>
				</LookAt>
				<styleUrl>#__managed_style_09FC2F578640DE0E358C</styleUrl>
				<Point>
					<altitudeMode>relativeToGround</altitudeMode>
					<coordinates>13.558371,45.31622489999999,0</coordinates>
				</Point>
			</Placemark>
			<Placemark id="0DFBD87DBB3F5ACD9F04">
				<gx:mid>/g/11g1qjtqxs</gx:mid>
				<gx:fid>0x477b7de91a48afd3:0xdb65a8dcf341f824</gx:fid>
				<LookAt>
					<longitude>13.5183663</longitude>
					<latitude>45.4336832</latitude>
					<altitude>0</altitude>
					<heading>0</heading>
					<tilt>0</tilt>
					<gx:fovy>35</gx:fovy>
					<range>714.9013140725195</range>
					<altitudeMode>relativeToGround</altitudeMode>
				</LookAt>
				<styleUrl>#__managed_style_09FC2F578640DE0E358C</styleUrl>
				<Point>
					<altitudeMode>relativeToGround</altitudeMode>
					<coordinates>13.5183663,45.43368319999999,0</coordinates>
				</Point>
			</Placemark>
			<Placemark id="031DD841293F5AD4A859">
				<gx:mid>/g/11jygh_tv7</gx:mid>
				<gx:fid>0x4768ab4d2f569e1d:0xb0b4c8c0617e955a</gx:fid>
				<LookAt>
					<longitude>16.3378042</longitude>
					<latitude>46.3083525</latitude>
					<altitude>0</altitude>
					<heading>0</heading>
					<tilt>0</tilt>
					<gx:fovy>35</gx:fovy>
					<range>702.7796707621447</range>
					<altitudeMode>relativeToGround</altitudeMode>
				</LookAt>
				<styleUrl>#__managed_style_09FC2F578640DE0E358C</styleUrl>
				<Point>
					<altitudeMode>relativeToGround</altitudeMode>
					<coordinates>16.3378042,46.3083525,0</coordinates>
				</Point>
			</Placemark>
			<Placemark id="0CD03D365D3F5AD52B0C">
				<gx:mid>/g/11vyrq5wj6</gx:mid>
				<gx:fid>0x4768ab0001c4e74d:0x9c0606046c69e072</gx:fid>
				<LookAt>
					<longitude>16.335872</longitude>
					<latitude>46.30942</latitude>
					<altitude>0</altitude>
					<heading>0</heading>
					<tilt>0</tilt>
					<gx:fovy>35</gx:fovy>
					<range>702.764786101584</range>
					<altitudeMode>relativeToGround</altitudeMode>
				</LookAt>
				<styleUrl>#__managed_style_09FC2F578640DE0E358C</styleUrl>
				<Point>
					<altitudeMode>relativeToGround</altitudeMode>
					<coordinates>16.33607423588235,46.30944428713376,0</coordinates>
				</Point>
			</Placemark>
			<Placemark id="000E2AC0583F5AD64A20">
				<name>שדרה מרכזית</name>
				<LookAt>
					<longitude>16.33979385190322</longitude>
					<latitude>46.30983844455083</latitude>
					<altitude>173.9515004623411</altitude>
					<heading>6.110991551077155e-09</heading>
					<tilt>3.435656700676387</tilt>
					<gx:fovy>72.04024679272216</gx:fovy>
					<range>522.5323951277824</range>
					<altitudeMode>absolute</altitudeMode>
				</LookAt>
				<styleUrl>#__managed_style_0B0849A66340DE0E358E</styleUrl>
				<LineString>
					<coordinates>
						16.33660385536004,46.30636772379031,0 16.33679138547054,46.30665191508842,0 16.33704512303602,46.30699827122893,0 16.33720939087637,46.30737248746006,0 16.33730450011829,46.30791329190279,0 16.33781589015727,46.30792955869297,0 16.33771595999718,46.30857432039819,0 16.33763356171762,46.3091123309023,0 16.33749892709473,46.30971424972763,0 16.33748609124958,46.3097903804936,0 
					</coordinates>
				</LineString>
			</Placemark>
			<Placemark id="004C894B633F5AD7F770">
				<gx:mid>/g/1yl45f66g</gx:mid>
				<gx:fid>0x4765d6fdc20dd697:0x562842fd6ab521de</gx:fid>
				<LookAt>
					<longitude>15.9773008</longitude>
					<latitude>45.8131891</latitude>
					<altitude>0</altitude>
					<heading>0</heading>
					<tilt>0</tilt>
					<gx:fovy>35</gx:fovy>
					<range>709.6602365843014</range>
					<altitudeMode>relativeToGround</altitudeMode>
				</LookAt>
				<styleUrl>#__managed_style_09FC2F578640DE0E358C</styleUrl>
				<Point>
					<altitudeMode>relativeToGround</altitudeMode>
					<coordinates>15.9773008,45.8131891,0</coordinates>
				</Point>
			</Placemark>
			<Placemark id="00D3C875853F5AD81C70">
				<gx:mid>/g/11h5lw6ssd</gx:mid>
				<gx:fid>0x4765d7960f25699f:0x91e6191d12cc9c00</gx:fid>
				<LookAt>
					<longitude>15.97360810000001</longitude>
					<latitude>45.8161612</latitude>
					<altitude>0</altitude>
					<heading>0</heading>
					<tilt>0</tilt>
					<gx:fovy>35</gx:fovy>
					<range>709.6190796765427</range>
					<altitudeMode>relativeToGround</altitudeMode>
				</LookAt>
				<styleUrl>#__managed_style_09FC2F578640DE0E358C</styleUrl>
				<Point>
					<altitudeMode>relativeToGround</altitudeMode>
					<coordinates>15.9736081,45.8161612,0</coordinates>
				</Point>
			</Placemark>
			<Placemark id="00C17D981C3F5AD87180">
				<gx:mid>/g/11c5681w02</gx:mid>
				<gx:fid>0x4765d6e2a545b805:0x3de7369eaeb76588</gx:fid>
				<LookAt>
					<longitude>15.9717099</longitude>
					<latitude>45.8146888</latitude>
					<altitude>0</altitude>
					<heading>0</heading>
					<tilt>0</tilt>
					<gx:fovy>35</gx:fovy>
					<range>709.6394693241394</range>
					<altitudeMode>relativeToGround</altitudeMode>
				</LookAt>
				<styleUrl>#__managed_style_05281DCD3840DE0E3590</styleUrl>
				<Point>
					<altitudeMode>relativeToGround</altitudeMode>
					<coordinates>15.9717099,45.81468879999999,0</coordinates>
				</Point>
			</Placemark>
			<Placemark id="0765E5D3173F5ADB9114">
				<name>שדרה מרכזית</name>
				<LookAt>
					<longitude>15.97656010009425</longitude>
					<latitude>45.81652937023227</latitude>
					<altitude>128.2708963084697</altitude>
					<heading>6.06354048828773e-10</heading>
					<tilt>0.5737363992422576</tilt>
					<gx:fovy>64.13889730491132</gx:fovy>
					<range>93.06131788218408</range>
					<altitudeMode>absolute</altitudeMode>
				</LookAt>
				<styleUrl>#__managed_style_0B0849A66340DE0E358E</styleUrl>
				<LineString>
					<coordinates>
						15.97669984795817,45.81346033152267,0 15.97679598595797,45.8137289819992,0 15.97640130692154,45.81390830806509,0 15.97622065892284,45.81411236478973,0 15.97612707734347,45.81434639957802,0 15.97608656357102,45.81456300766005,0 15.97623802307759,45.8148601208642,0 15.97647183657697,45.81530069202353,0 15.97651190553928,45.8158085844966,0 15.97655683535331,45.81631901602751,0 15.97645059967832,45.81677631016112,0 15.97626837092455,45.81737642949937,0 15.97622231044886,45.81759049866059,0 15.97635922195776,45.81819644704715,0 15.97647474895743,45.81850913984918,0 
					</coordinates>
				</LineString>
			</Placemark>
			<Placemark id="0E03D0B1EB3F5ADD0987">
				<gx:mid>/m/04fzz70</gx:mid>
				<gx:fid>0x4765d6fd8b011c2f:0xed4657f57b5f1ffd</gx:fid>
				<LookAt>
					<longitude>15.9768596</longitude>
					<latitude>45.8138232</latitude>
					<altitude>0</altitude>
					<heading>0</heading>
					<tilt>0</tilt>
					<gx:fovy>35</gx:fovy>
					<range>709.6514558686152</range>
					<altitudeMode>relativeToGround</altitudeMode>
				</LookAt>
				<styleUrl>#__managed_style_09FC2F578640DE0E358C</styleUrl>
				<Point>
					<altitudeMode>relativeToGround</altitudeMode>
					<coordinates>15.97719398062396,45.81421027636232,0</coordinates>
				</Point>
			</Placemark>
			<Placemark id="04AC3490F93F5ADDA1BF">
				<gx:mid>/m/063_035</gx:mid>
				<gx:fid>0x4765d6fd50f6d73b:0xc14a691a1bd2abdf</gx:fid>
				<LookAt>
					<longitude>15.9733241</longitude>
					<latitude>45.8146235</latitude>
					<altitude>0</altitude>
					<heading>0</heading>
					<tilt>0</tilt>
					<gx:fovy>35</gx:fovy>
					<range>709.6403735821915</range>
					<altitudeMode>relativeToGround</altitudeMode>
				</LookAt>
				<styleUrl>#__managed_style_09FC2F578640DE0E358C</styleUrl>
				<Point>
					<altitudeMode>relativeToGround</altitudeMode>
					<coordinates>15.9733241,45.8146235,0</coordinates>
				</Point>
			</Placemark>
			<Placemark id="0BEE09F4703F5ADE1281">
				<gx:mid>/g/11w9jg4zjm</gx:mid>
				<gx:fid>0x4765d7f4afc169dd:0x8986236be7e21e5e</gx:fid>
				<LookAt>
					<longitude>15.9723634</longitude>
					<latitude>45.8133153</latitude>
					<altitude>0</altitude>
					<heading>0</heading>
					<tilt>0</tilt>
					<gx:fovy>35</gx:fovy>
					<range>709.6584890328868</range>
					<altitudeMode>relativeToGround</altitudeMode>
				</LookAt>
				<styleUrl>#__managed_style_414D46136A40DE0E3590</styleUrl>
				<Point>
					<altitudeMode>relativeToGround</altitudeMode>
					<coordinates>15.9723634,45.8133153,0</coordinates>
				</Point>
			</Placemark>
			<Placemark id="0FBB896A4B3F5ADE80A9">
				<gx:mid>/g/11j09zw7jw</gx:mid>
				<gx:fid>0x4765d7671b3bc62b:0x504ecbba7a439f3e</gx:fid>
				<LookAt>
					<longitude>15.9749665</longitude>
					<latitude>45.814213</latitude>
					<altitude>0</altitude>
					<heading>0</heading>
					<tilt>0</tilt>
					<gx:fovy>35</gx:fovy>
					<range>709.6460580643577</range>
					<altitudeMode>relativeToGround</altitudeMode>
				</LookAt>
				<styleUrl>#__managed_style_28B95B05FE40DE0E358C</styleUrl>
				<Point>
					<altitudeMode>relativeToGround</altitudeMode>
					<coordinates>15.9749665,45.814213,0</coordinates>
				</Point>
			</Placemark>
			<Placemark id="07F8E74C5B3F5ADF03A0">
				<name>נק תצפית</name>
				<LookAt>
					<longitude>15.97510491481955</longitude>
					<latitude>45.81454815996123</latitude>
					<altitude>150.937040053456</altitude>
					<heading>2.450845115836819</heading>
					<tilt>0</tilt>
					<gx:fovy>72.06205809410596</gx:fovy>
					<range>60.80566126517624</range>
					<altitudeMode>absolute</altitudeMode>
				</LookAt>
				<styleUrl>#__managed_style_025257937040DE0E3594</styleUrl>
				<Point>
					<coordinates>15.97502539706201,45.81457622090743,151.0935110506264</coordinates>
				</Point>
			</Placemark>
			<Placemark id="0EB3EA3A8C3F5ADF7C58">
				<gx:mid>/g/11f397mpn5</gx:mid>
				<gx:fid>0x4765d6fd687503cb:0x2a11060c12be03af</gx:fid>
				<LookAt>
					<longitude>15.9741884</longitude>
					<latitude>45.8143253</latitude>
					<altitude>0</altitude>
					<heading>0</heading>
					<tilt>0</tilt>
					<gx:fovy>35</gx:fovy>
					<range>709.6445029705567</range>
					<altitudeMode>relativeToGround</altitudeMode>
				</LookAt>
				<styleUrl>#__managed_style_22DEB8446B40DE0E358E</styleUrl>
				<Point>
					<altitudeMode>relativeToGround</altitudeMode>
					<coordinates>15.9741884,45.81432530000001,0</coordinates>
				</Point>
			</Placemark>
			<Placemark id="0733BBB79F3F5AE01606">
				<gx:mid>/g/155rhgxl</gx:mid>
				<gx:fid>0x4765cf77de589925:0x4fdc0d33adc7df11</gx:fid>
				<LookAt>
					<longitude>15.9723056</longitude>
					<latitude>45.8171037</latitude>
					<altitude>0</altitude>
					<heading>0</heading>
					<tilt>0</tilt>
					<gx:fovy>35</gx:fovy>
					<range>709.6060278088571</range>
					<altitudeMode>relativeToGround</altitudeMode>
				</LookAt>
				<styleUrl>#__managed_style_414D46136A40DE0E3590</styleUrl>
				<Point>
					<altitudeMode>relativeToGround</altitudeMode>
					<coordinates>15.9723056,45.8171037,0</coordinates>
				</Point>
			</Placemark>
			<Placemark id="0AA346DDC03F5AE0CF6B">
				<gx:mid>/m/0jwzbl9</gx:mid>
				<gx:fid>0x4765d6f09779f56d:0xcda17b37d597e5d3</gx:fid>
				<LookAt>
					<longitude>15.9714737</longitude>
					<latitude>45.8046473</latitude>
					<altitude>0</altitude>
					<heading>0</heading>
					<tilt>0</tilt>
					<gx:fovy>35</gx:fovy>
					<range>709.7785117224745</range>
					<altitudeMode>relativeToGround</altitudeMode>
				</LookAt>
				<styleUrl>#__managed_style_05281DCD3840DE0E3590</styleUrl>
				<Point>
					<altitudeMode>relativeToGround</altitudeMode>
					<coordinates>15.97300033251422,45.80503644929237,0</coordinates>
				</Point>
			</Placemark>
			<Placemark id="030FCEF8AA3F5AE2260C">
				<gx:mid>/m/0gtxffm</gx:mid>
				<gx:fid>0x4765d6ee49f5af5b:0x4662fc9463fcf065</gx:fid>
				<LookAt>
					<longitude>15.963988</longitude>
					<latitude>45.8041766</latitude>
					<altitude>0</altitude>
					<heading>0</heading>
					<tilt>0</tilt>
					<gx:fovy>35</gx:fovy>
					<range>709.7850289166864</range>
					<altitudeMode>relativeToGround</altitudeMode>
				</LookAt>
				<styleUrl>#__managed_style_414D46136A40DE0E3590</styleUrl>
				<Point>
					<altitudeMode>relativeToGround</altitudeMode>
					<coordinates>15.963988,45.8041766,0</coordinates>
				</Point>
			</Placemark>
			<Placemark id="0B7B36A5C13F5AE296C0">
				<gx:mid>/g/11g192ldq6</gx:mid>
				<gx:fid>0x4765d75bd17bb785:0xe2654acb2855f4b9</gx:fid>
				<LookAt>
					<longitude>15.9786222</longitude>
					<latitude>45.8146563</latitude>
					<altitude>0</altitude>
					<heading>0</heading>
					<tilt>0</tilt>
					<gx:fovy>35</gx:fovy>
					<range>709.6399193761072</range>
					<altitudeMode>relativeToGround</altitudeMode>
				</LookAt>
				<styleUrl>#__managed_style_09FC2F578640DE0E358C</styleUrl>
				<Point>
					<altitudeMode>relativeToGround</altitudeMode>
					<coordinates>15.9786222,45.8146563,0</coordinates>
				</Point>
			</Placemark>
			<Placemark id="065761C7843F5AE3611C">
				<gx:mid>/g/119wxnk9m</gx:mid>
				<gx:fid>0x4765d66ddd6416c9:0x3f70a8c96a96e654</gx:fid>
				<LookAt>
					<longitude>15.9844681</longitude>
					<latitude>45.78598909999999</latitude>
					<altitude>0</altitude>
					<heading>0</heading>
					<tilt>0</tilt>
					<gx:fovy>35</gx:fovy>
					<range>710.0368153398717</range>
					<altitudeMode>relativeToGround</altitudeMode>
				</LookAt>
				<styleUrl>#__managed_style_05281DCD3840DE0E3590</styleUrl>
				<Point>
					<altitudeMode>relativeToGround</altitudeMode>
					<coordinates>15.9844681,45.78598909999999,0</coordinates>
				</Point>
			</Placemark>
			<Placemark id="0A7C8A94B43F5AE44EB0">
				<gx:mid>/m/04srg_</gx:mid>
				<gx:fid>0x4765d4013a262a87:0x30b4110e8a7465dc</gx:fid>
				<LookAt>
					<longitude>15.9172222</longitude>
					<latitude>45.77999945</latitude>
					<altitude>0</altitude>
					<heading>0</heading>
					<tilt>0</tilt>
					<gx:fovy>35</gx:fovy>
					<range>3579.760369649913</range>
					<altitudeMode>relativeToGround</altitudeMode>
				</LookAt>
				<styleUrl>#__managed_style_05281DCD3840DE0E3590</styleUrl>
				<Point>
					<altitudeMode>relativeToGround</altitudeMode>
					<coordinates>15.92357822501561,45.78123803812338,0</coordinates>
				</Point>
			</Placemark>
			<Placemark id="0EEB78630C3F5AE51184">
				<gx:mid>/g/11c1pst14t</gx:mid>
				<gx:fid>0x4765dbc4f7da9a49:0x8347275afd36abc6</gx:fid>
				<LookAt>
					<longitude>15.9481666</longitude>
					<latitude>45.8994789</latitude>
					<altitude>0</altitude>
					<heading>0</heading>
					<tilt>0</tilt>
					<gx:fovy>35</gx:fovy>
					<range>708.4646155458873</range>
					<altitudeMode>relativeToGround</altitudeMode>
				</LookAt>
				<styleUrl>#__managed_style_09FC2F578640DE0E358C</styleUrl>
				<Point>
					<altitudeMode>relativeToGround</altitudeMode>
					<coordinates>15.9481666,45.8994789,0</coordinates>
				</Point>
			</Placemark>
			<Placemark id="0913F976EC3F5AE59F27">
				<gx:mid>/g/11w90pnxzl</gx:mid>
				<gx:fid>0x4765db0016d9aaef:0xe2059b9b6ce23a70</gx:fid>
				<LookAt>
					<longitude>15.9479429</longitude>
					<latitude>45.898512</latitude>
					<altitude>0</altitude>
					<heading>0</heading>
					<tilt>0</tilt>
					<gx:fovy>35</gx:fovy>
					<range>708.4780208342373</range>
					<altitudeMode>relativeToGround</altitudeMode>
				</LookAt>
				<styleUrl>#__managed_style_1DF8661AED40DE0E3591</styleUrl>
				<Point>
					<altitudeMode>relativeToGround</altitudeMode>
					<coordinates>15.9479429,45.898512,0</coordinates>
				</Point>
			</Placemark>
			<Placemark id="0F68C90EAF3F5AE79908">
				<gx:mid>/g/11y7tzw7zj</gx:mid>
				<gx:fid>0x4765d7006fdf67bf:0x447f73748a003d76</gx:fid>
				<LookAt>
					<longitude>15.9754612</longitude>
					<latitude>45.8121912</latitude>
					<altitude>0</altitude>
					<heading>0</heading>
					<tilt>0</tilt>
					<gx:fovy>35</gx:fovy>
					<range>709.6740548706476</range>
					<altitudeMode>relativeToGround</altitudeMode>
				</LookAt>
				<styleUrl>#__managed_style_09FC2F578640DE0E358C</styleUrl>
				<Point>
					<altitudeMode>relativeToGround</altitudeMode>
					<coordinates>15.9754612,45.81219119999999,0</coordinates>
				</Point>
			</Placemark>
			<Placemark id="0367B163863F5BD61747">
				<gx:mid>/g/11fw9v4k8c</gx:mid>
				<gx:fid>0x4765d7a77336d53f:0x5cbcd67f151616d0</gx:fid>
				<LookAt>
					<longitude>15.9839948</longitude>
					<latitude>45.8139201</latitude>
					<altitude>0</altitude>
					<heading>0</heading>
					<tilt>0</tilt>
					<gx:fovy>35</gx:fovy>
					<range>709.6501140365152</range>
					<altitudeMode>relativeToGround</altitudeMode>
				</LookAt>
				<styleUrl>#__managed_style_414D46136A40DE0E3590</styleUrl>
				<Point>
					<altitudeMode>relativeToGround</altitudeMode>
					<coordinates>15.9839948,45.8139201,0</coordinates>
				</Point>
			</Placemark>
			<Placemark id="0BC203CF283F5C1C8EDB">
				<gx:mid>/m/0cc8p63</gx:mid>
				<gx:fid>0x4765d7eab57cb9cf:0xd73c20080fa84ffe</gx:fid>
				<LookAt>
					<longitude>16.0176259</longitude>
					<latitude>45.82435960000001</latitude>
					<altitude>0</altitude>
					<heading>0</heading>
					<tilt>0</tilt>
					<gx:fovy>35</gx:fovy>
					<range>709.5055413166619</range>
					<altitudeMode>relativeToGround</altitudeMode>
				</LookAt>
				<styleUrl>#__managed_style_05281DCD3840DE0E3590</styleUrl>
				<Point>
					<altitudeMode>relativeToGround</altitudeMode>
					<coordinates>16.0176259,45.8243596,0</coordinates>
				</Point>
			</Placemark>
			<Placemark id="0058F132343F5C213D7C">
				<gx:mid>/g/11c4wwjgfq</gx:mid>
				<gx:fid>0x4765d6fee453b98f:0x48fa4e120bd63cba</gx:fid>
				<LookAt>
					<longitude>15.9798075</longitude>
					<latitude>45.8108416</latitude>
					<altitude>0</altitude>
					<heading>0</heading>
					<tilt>0</tilt>
					<gx:fovy>35</gx:fovy>
					<range>709.692742966261</range>
					<altitudeMode>relativeToGround</altitudeMode>
				</LookAt>
				<styleUrl>#__managed_style_1DF8661AED40DE0E3591</styleUrl>
				<Point>
					<altitudeMode>relativeToGround</altitudeMode>
					<coordinates>15.9798075,45.8108416,0</coordinates>
				</Point>
			</Placemark>
			<Placemark id="09F6BA28013F5C219F70">
				<gx:mid>/g/11qnj0kdr6</gx:mid>
				<gx:fid>0x4765d7e644ab7f8f:0x1a3f23246d098144</gx:fid>
				<LookAt>
					<longitude>15.9425896</longitude>
					<latitude>45.8037662</latitude>
					<altitude>0</altitude>
					<heading>0</heading>
					<tilt>0</tilt>
					<gx:fovy>35</gx:fovy>
					<range>709.7907111769036</range>
					<altitudeMode>relativeToGround</altitudeMode>
				</LookAt>
				<styleUrl>#__managed_style_1DF8661AED40DE0E3591</styleUrl>
				<Point>
					<altitudeMode>relativeToGround</altitudeMode>
					<coordinates>15.9425896,45.8037662,0</coordinates>
				</Point>
			</Placemark>
			<Placemark id="0A16CF6FC63F5C23426C">
				<gx:mid>/g/11j6_033zk</gx:mid>
				<gx:fid>0x4765d707404f946d:0x4f80727e0d673e1</gx:fid>
				<LookAt>
					<longitude>15.9719858</longitude>
					<latitude>45.7939033</latitude>
					<altitude>0</altitude>
					<heading>0</heading>
					<tilt>0</tilt>
					<gx:fovy>35</gx:fovy>
					<range>709.9272596741317</range>
					<altitudeMode>relativeToGround</altitudeMode>
				</LookAt>
				<styleUrl>#__managed_style_1DF8661AED40DE0E3591</styleUrl>
				<Point>
					<altitudeMode>relativeToGround</altitudeMode>
					<coordinates>15.9719858,45.7939033,0</coordinates>
				</Point>
			</Placemark>
			<Placemark id="0F91C50C513F5C296D04">
				<gx:mid>/g/1tfll6qw</gx:mid>
				<gx:fid>0x4765d68b5c91e00d:0x5798b78978475cc3</gx:fid>
				<LookAt>
					<longitude>15.9691701</longitude>
					<latitude>45.7952354</latitude>
					<altitude>0</altitude>
					<heading>0</heading>
					<tilt>0</tilt>
					<gx:fovy>35</gx:fovy>
					<range>709.9088183124264</range>
					<altitudeMode>relativeToGround</altitudeMode>
				</LookAt>
				<styleUrl>#__managed_style_1DF8661AED40DE0E3591</styleUrl>
				<Point>
					<altitudeMode>relativeToGround</altitudeMode>
					<coordinates>15.9691701,45.7952354,0</coordinates>
				</Point>
			</Placemark>
			<Placemark id="040C5E22353F5C2A33E7">
				<gx:mid>/g/11s_y4bj3q</gx:mid>
				<gx:fid>0x4765d75cbeaa1723:0xf93d8f84356a93a4</gx:fid>
				<LookAt>
					<longitude>15.9789476</longitude>
					<latitude>45.8122555</latitude>
					<altitude>0</altitude>
					<heading>0</heading>
					<tilt>0</tilt>
					<gx:fovy>35</gx:fovy>
					<range>709.6731644908862</range>
					<altitudeMode>relativeToGround</altitudeMode>
				</LookAt>
				<styleUrl>#__managed_style_1DF8661AED40DE0E3591</styleUrl>
				<Point>
					<altitudeMode>relativeToGround</altitudeMode>
					<coordinates>15.9789476,45.8122555,0</coordinates>
				</Point>
			</Placemark>
			<Placemark id="0052CCFD843F5C315358">
				<gx:mid>/g/11nymgtm7q</gx:mid>
				<gx:fid>0x4765d7e861d1fbe9:0x85bc2167d6f72438</gx:fid>
				<LookAt>
					<longitude>15.9697679</longitude>
					<latitude>45.8120948</latitude>
					<altitude>0</altitude>
					<heading>0</heading>
					<tilt>0</tilt>
					<gx:fovy>35</gx:fovy>
					<range>709.6753897464139</range>
					<altitudeMode>relativeToGround</altitudeMode>
				</LookAt>
				<styleUrl>#__managed_style_1DF8661AED40DE0E3591</styleUrl>
				<Point>
					<altitudeMode>relativeToGround</altitudeMode>
					<coordinates>15.9697679,45.8120948,0</coordinates>
				</Point>
			</Placemark>
			<Placemark id="0AF86C30BA3F5C31E1CB">
				<gx:mid>/g/11txfqnzmz</gx:mid>
				<gx:fid>0x4765d7eda1cd1751:0xdf97fad434d1024c</gx:fid>
				<LookAt>
					<longitude>15.9666351</longitude>
					<latitude>45.8122349</latitude>
					<altitude>0</altitude>
					<heading>0</heading>
					<tilt>0</tilt>
					<gx:fovy>35</gx:fovy>
					<range>709.6734497448324</range>
					<altitudeMode>relativeToGround</altitudeMode>
				</LookAt>
				<styleUrl>#__managed_style_1DF8661AED40DE0E3591</styleUrl>
				<Point>
					<altitudeMode>relativeToGround</altitudeMode>
					<coordinates>15.9666351,45.81223489999999,0</coordinates>
				</Point>
			</Placemark>
			<Placemark id="0D7B1F806A3F5C334FC0">
				<gx:mid>/g/11h7g4s74p</gx:mid>
				<gx:fid>0x4765d76a04bb68bb:0x8a177d02d094abf4</gx:fid>
				<LookAt>
					<longitude>15.9862049</longitude>
					<latitude>45.809442</latitude>
					<altitude>0</altitude>
					<heading>0</heading>
					<tilt>0</tilt>
					<gx:fovy>35</gx:fovy>
					<range>709.7121230430565</range>
					<altitudeMode>relativeToGround</altitudeMode>
				</LookAt>
				<styleUrl>#__managed_style_22DEB8446B40DE0E358E</styleUrl>
				<Point>
					<altitudeMode>relativeToGround</altitudeMode>
					<coordinates>15.9862049,45.809442,0</coordinates>
				</Point>
			</Placemark>
			<Placemark id="0F6FD405383F5C339604">
				<gx:mid>/g/11cs4cjdhg</gx:mid>
				<gx:fid>0x4765d6fc416aa9c5:0x91416a5984608242</gx:fid>
				<LookAt>
					<longitude>15.975528</longitude>
					<latitude>45.81098739999999</latitude>
					<altitude>0</altitude>
					<heading>0</heading>
					<tilt>0</tilt>
					<gx:fovy>35</gx:fovy>
					<range>709.6907240708732</range>
					<altitudeMode>relativeToGround</altitudeMode>
				</LookAt>
				<styleUrl>#__managed_style_22DEB8446B40DE0E358E</styleUrl>
				<Point>
					<altitudeMode>relativeToGround</altitudeMode>
					<coordinates>15.975528,45.81098739999999,0</coordinates>
				</Point>
			</Placemark>
			<Placemark id="0EAAD8BF073F5C33E513">
				<gx:mid>/g/11rxjhrjbc</gx:mid>
				<gx:fid>0x4765d70edc04ae8d:0xd7ef26e5291c894c</gx:fid>
				<LookAt>
					<longitude>15.9927501</longitude>
					<latitude>45.8141018</latitude>
					<altitude>0</altitude>
					<heading>0</heading>
					<tilt>0</tilt>
					<gx:fovy>35</gx:fovy>
					<range>709.6475979232913</range>
					<altitudeMode>relativeToGround</altitudeMode>
				</LookAt>
				<styleUrl>#__managed_style_22DEB8446B40DE0E358E</styleUrl>
				<Point>
					<altitudeMode>relativeToGround</altitudeMode>
					<coordinates>15.9927501,45.8141018,0</coordinates>
				</Point>
			</Placemark>
			<Placemark id="028C2A9AB43F5C34313E">
				<gx:mid>/g/1pycr80lw</gx:mid>
				<gx:fid>0x4765d6fa46f9da27:0x1877547b4235f9a9</gx:fid>
				<LookAt>
					<longitude>15.972967</longitude>
					<latitude>45.8073261</latitude>
					<altitude>0</altitude>
					<heading>0</heading>
					<tilt>0</tilt>
					<gx:fovy>35</gx:fovy>
					<range>709.7414209053402</range>
					<altitudeMode>relativeToGround</altitudeMode>
				</LookAt>
				<styleUrl>#__managed_style_22DEB8446B40DE0E358E</styleUrl>
				<Point>
					<altitudeMode>relativeToGround</altitudeMode>
					<coordinates>15.972967,45.8073261,0</coordinates>
				</Point>
			</Placemark>
			<Placemark id="0BE9592B8C3F5C382AAF">
				<gx:mid>/g/11g6bkyxnt</gx:mid>
				<gx:fid>0x4765d6e25542cf31:0xe147cf9c37fca3d0</gx:fid>
				<LookAt>
					<longitude>15.9684515</longitude>
					<latitude>45.8133559</latitude>
					<altitude>0</altitude>
					<heading>0</heading>
					<tilt>0</tilt>
					<gx:fovy>35</gx:fovy>
					<range>709.6579268247182</range>
					<altitudeMode>relativeToGround</altitudeMode>
				</LookAt>
				<styleUrl>#__managed_style_0D8F37A89C40DE0E358F</styleUrl>
				<Point>
					<altitudeMode>relativeToGround</altitudeMode>
					<coordinates>15.9684515,45.8133559,0</coordinates>
				</Point>
			</Placemark>
			<Placemark id="0A00E4BDD73F5C389AA9">
				<gx:mid>/g/11nxtdz34g</gx:mid>
				<gx:fid>0x4765d79568519a1b:0x72fd2aa7d3a6e6f9</gx:fid>
				<LookAt>
					<longitude>15.9723456</longitude>
					<latitude>45.8086826</latitude>
					<altitude>0</altitude>
					<heading>0</heading>
					<tilt>0</tilt>
					<gx:fovy>35</gx:fovy>
					<range>709.722638194731</range>
					<altitudeMode>relativeToGround</altitudeMode>
				</LookAt>
				<styleUrl>#__managed_style_48B95950D340DE0E3594</styleUrl>
				<Point>
					<altitudeMode>relativeToGround</altitudeMode>
					<coordinates>15.9723456,45.8086826,0</coordinates>
				</Point>
			</Placemark>
			<Placemark id="00DD9991E93F5C38FF18">
				<gx:mid>/g/11h1kwcww6</gx:mid>
				<gx:fid>0x4765d7e7d0a4f1e5:0xcfb96c4f0ebe5fef</gx:fid>
				<LookAt>
					<longitude>15.9730062</longitude>
					<latitude>45.8138434</latitude>
					<altitude>0</altitude>
					<heading>0</heading>
					<tilt>0</tilt>
					<gx:fovy>35</gx:fovy>
					<range>709.6511761473173</range>
					<altitudeMode>relativeToGround</altitudeMode>
				</LookAt>
				<styleUrl>#__managed_style_48B95950D340DE0E3594</styleUrl>
				<Point>
					<altitudeMode>relativeToGround</altitudeMode>
					<coordinates>15.9730062,45.8138434,0</coordinates>
				</Point>
			</Placemark>
			<Placemark id="04560ECFA43F5C395127">
				<gx:mid>/g/11by_xyw42</gx:mid>
				<gx:fid>0x4765d70285229575:0x18f0a934e222206e</gx:fid>
				<LookAt>
					<longitude>15.9756336</longitude>
					<latitude>45.8138118</latitude>
					<altitude>0</altitude>
					<heading>0</heading>
					<tilt>0</tilt>
					<gx:fovy>35</gx:fovy>
					<range>709.6516137310947</range>
					<altitudeMode>relativeToGround</altitudeMode>
				</LookAt>
				<styleUrl>#__managed_style_0D8F37A89C40DE0E358F</styleUrl>
				<Point>
					<altitudeMode>relativeToGround</altitudeMode>
					<coordinates>15.9756336,45.8138118,0</coordinates>
				</Point>
			</Placemark>
			<Placemark id="024D0808A13F5C3A32A8">
				<gx:mid>/g/11c1tl_60m</gx:mid>
				<gx:fid>0x4765d6e48920a491:0x5c5a9365ae98d51e</gx:fid>
				<LookAt>
					<longitude>15.9671414</longitude>
					<latitude>45.8102893</latitude>
					<altitude>0</altitude>
					<heading>0</heading>
					<tilt>0</tilt>
					<gx:fovy>35</gx:fovy>
					<range>709.7003906372796</range>
					<altitudeMode>relativeToGround</altitudeMode>
				</LookAt>
				<styleUrl>#__managed_style_0D8F37A89C40DE0E358F</styleUrl>
				<Point>
					<altitudeMode>relativeToGround</altitudeMode>
					<coordinates>15.9671414,45.81028929999999,0</coordinates>
				</Point>
			</Placemark>
			<Placemark id="0D1457CB503F5C3AC2EB">
				<gx:mid>/g/11c2m_g851</gx:mid>
				<gx:fid>0x4765d654d7b8e419:0x9b12bce5bd1fb980</gx:fid>
				<LookAt>
					<longitude>15.9880852</longitude>
					<latitude>45.8124102</latitude>
					<altitude>0</altitude>
					<heading>0</heading>
					<tilt>0</tilt>
					<gx:fovy>35</gx:fovy>
					<range>709.6710223141865</range>
					<altitudeMode>relativeToGround</altitudeMode>
				</LookAt>
				<styleUrl>#__managed_style_0D8F37A89C40DE0E358F</styleUrl>
				<Point>
					<altitudeMode>relativeToGround</altitudeMode>
					<coordinates>15.9880852,45.81241019999999,0</coordinates>
				</Point>
			</Placemark>
		</Folder>
		<Folder id="19AEB73E5A63B954004E7">
			<name>ערים עיירות</name>
			<snippet></snippet>
			<styleUrl>#__managed_style_10542B238240DE0E358C</styleUrl>
			<Placemark id="1A9DB54FE8B3B954004E7">
				<name>Fažana</name>
				<snippet></snippet>
				<gx:mid>/m/0c9qh5</gx:mid>
				<gx:fid>0x477cce0ad44b1b25:0x611b65fe12d9dd5e</gx:fid>
				<LookAt>
					<longitude>13.81855285</longitude>
					<latitude>44.93761900000001</latitude>
					<altitude>0</altitude>
					<heading>0</heading>
					<tilt>0</tilt>
					<gx:fovy>35</gx:fovy>
					<range>8228.004107906052</range>
					<altitudeMode>relativeToGround</altitudeMode>
				</LookAt>
				<styleUrl>#__managed_style_15E0F56CB440DE0E3593</styleUrl>
				<Point>
					<altitudeMode>relativeToGround</altitudeMode>
					<coordinates>13.80273706738798,44.92768464255109,0</coordinates>
				</Point>
			</Placemark>
			<Placemark id="1BB5B14361D3B954004E7">
				<name>Pula</name>
				<snippet></snippet>
				<gx:mid>/m/02lw53</gx:mid>
				<gx:fid>0x477cd2de09337b6d:0x72324a3a7b4e580d</gx:fid>
				<LookAt>
					<longitude>13.81273775</longitude>
					<latitude>44.88615905</latitude>
					<altitude>0</altitude>
					<heading>0</heading>
					<tilt>0</tilt>
					<gx:fovy>35</gx:fovy>
					<range>32941.49863793532</range>
					<altitudeMode>relativeToGround</altitudeMode>
				</LookAt>
				<styleUrl>#__managed_style_23ED316D6E40DE0E358F</styleUrl>
				<Point>
					<altitudeMode>relativeToGround</altitudeMode>
					<coordinates>13.85023623783304,44.87010501760677,0</coordinates>
				</Point>
			</Placemark>
			<Placemark id="1DA2C81988E3B954004E7">
				<name>Poreč</name>
				<snippet></snippet>
				<gx:mid>/m/028d5k</gx:mid>
				<gx:fid>0x477c979c94879029:0x7a9e5b587feaabd</gx:fid>
				<LookAt>
					<longitude>13.59774295</longitude>
					<latitude>45.23160229999999</latitude>
					<altitude>0</altitude>
					<heading>0</heading>
					<tilt>0</tilt>
					<gx:fovy>35</gx:fovy>
					<range>16371.54023484166</range>
					<altitudeMode>relativeToGround</altitudeMode>
				</LookAt>
				<styleUrl>#__managed_style_23ED316D6E40DE0E358F</styleUrl>
				<Point>
					<altitudeMode>relativeToGround</altitudeMode>
					<coordinates>13.59302682687552,45.22772563699684,0</coordinates>
				</Point>
			</Placemark>
			<Placemark id="1E6E803048D3B954004E7">
				<name>Novigrad</name>
				<snippet></snippet>
				<gx:mid>/m/09lpp2</gx:mid>
				<gx:fid>0x477c9c742d9f5255:0xf077ad3ab39aed47</gx:fid>
				<LookAt>
					<longitude>13.5602551</longitude>
					<latitude>45.32489725</latitude>
					<altitude>0</altitude>
					<heading>0</heading>
					<tilt>0</tilt>
					<gx:fovy>35</gx:fovy>
					<range>3616.945830138704</range>
					<altitudeMode>relativeToGround</altitudeMode>
				</LookAt>
				<styleUrl>#__managed_style_15E0F56CB440DE0E3593</styleUrl>
				<Point>
					<altitudeMode>relativeToGround</altitudeMode>
					<coordinates>13.5603939938367,45.31634920211159,0</coordinates>
				</Point>
			</Placemark>
			<Placemark id="1FA02AC0B733B954004E7">
				<name>Umag</name>
				<snippet></snippet>
				<gx:mid>/m/03cvj8</gx:mid>
				<gx:fid>0x477b7d3adeaebc63:0xaa2dce5db001d5d0</gx:fid>
				<LookAt>
					<longitude>13.5325615</longitude>
					<latitude>45.4308849</latitude>
					<altitude>0</altitude>
					<heading>0</heading>
					<tilt>0</tilt>
					<gx:fovy>35</gx:fovy>
					<range>8157.018318206115</range>
					<altitudeMode>relativeToGround</altitudeMode>
				</LookAt>
				<styleUrl>#__managed_style_15E0F56CB440DE0E3593</styleUrl>
				<Point>
					<altitudeMode>relativeToGround</altitudeMode>
					<coordinates>13.51802981106676,45.43332012067365,0</coordinates>
				</Point>
			</Placemark>
			<Placemark id="204546DDE063B954004E7">
				<name>Rovinj</name>
				<snippet></snippet>
				<gx:mid>/m/02n17m</gx:mid>
				<gx:fid>0x477cbf634d5c86ff:0xffc69f61c598ae53</gx:fid>
				<LookAt>
					<longitude>13.67042805</longitude>
					<latitude>45.0737283</latitude>
					<altitude>0</altitude>
					<heading>0</heading>
					<tilt>0</tilt>
					<gx:fovy>35</gx:fovy>
					<range>32833.90938205225</range>
					<altitudeMode>relativeToGround</altitudeMode>
				</LookAt>
				<styleUrl>#__managed_style_23ED316D6E40DE0E358F</styleUrl>
				<Point>
					<altitudeMode>relativeToGround</altitudeMode>
					<coordinates>13.63320805419685,45.08235628318925,0</coordinates>
				</Point>
			</Placemark>
			<Placemark id="212323CC1A03B954004E7">
				<name>Bakar</name>
				<snippet></snippet>
				<gx:mid>/m/055_ds</gx:mid>
				<gx:fid>0x47649f97df052929:0x8211a9d9c7a53304</gx:fid>
				<LookAt>
					<longitude>14.5455127</longitude>
					<latitude>45.30124615</latitude>
					<altitude>0</altitude>
					<heading>0</heading>
					<tilt>0</tilt>
					<gx:fovy>35</gx:fovy>
					<range>8175.733384076984</range>
					<altitudeMode>relativeToGround</altitudeMode>
				</LookAt>
				<styleUrl>#__managed_style_15E0F56CB440DE0E3593</styleUrl>
				<Point>
					<altitudeMode>relativeToGround</altitudeMode>
					<coordinates>14.5342464,45.3068046,0</coordinates>
				</Point>
			</Placemark>
			<Placemark id="225D0126EAC3B954004E7">
				<name>Cres</name>
				<snippet></snippet>
				<gx:mid>/m/02rbd_g</gx:mid>
				<gx:fid>0x47631490533bfa21:0x2320de093d4d0497</gx:fid>
				<LookAt>
					<longitude>14.40153255</longitude>
					<latitude>44.95793825</latitude>
					<altitude>0</altitude>
					<heading>0</heading>
					<tilt>0</tilt>
					<gx:fovy>35</gx:fovy>
					<range>16450.18395228443</range>
					<altitudeMode>relativeToGround</altitudeMode>
				</LookAt>
				<styleUrl>#__managed_style_23ED316D6E40DE0E358F</styleUrl>
				<Point>
					<altitudeMode>relativeToGround</altitudeMode>
					<coordinates>14.40838794450523,44.95939581204426,0</coordinates>
				</Point>
			</Placemark>
			<Placemark id="23BDD1E8AC73B954004E7">
				<name>Zadar</name>
				<snippet></snippet>
				<gx:mid>/m/01qqt8</gx:mid>
				<gx:fid>0x4761fa62d2c0b88f:0x12323e1c13f40784</gx:fid>
				<LookAt>
					<longitude>15.248928</longitude>
					<latitude>44.13605325</latitude>
					<altitude>0</altitude>
					<heading>0</heading>
					<tilt>0</tilt>
					<gx:fovy>35</gx:fovy>
					<range>33368.21706983422</range>
					<altitudeMode>relativeToGround</altitudeMode>
				</LookAt>
				<styleUrl>#__managed_style_23ED316D6E40DE0E358F</styleUrl>
				<Point>
					<altitudeMode>relativeToGround</altitudeMode>
					<coordinates>15.2259547098758,44.11435115172348,0</coordinates>
				</Point>
			</Placemark>
			<Placemark id="24CA62D21743B954004E7">
				<name>Murter</name>
				<snippet></snippet>
				<gx:mid>/g/1ywqf_5z0</gx:mid>
				<gx:fid>0x1334ce2af7d45097:0x6f8fbd351a50c30</gx:fid>
				<LookAt>
					<longitude>15.56882185</longitude>
					<latitude>43.82818725</latitude>
					<altitude>0</altitude>
					<heading>0</heading>
					<tilt>0</tilt>
					<gx:fovy>35</gx:fovy>
					<range>16770.85197274191</range>
					<altitudeMode>relativeToGround</altitudeMode>
				</LookAt>
				<styleUrl>#__managed_style_15E0F56CB440DE0E3593</styleUrl>
				<Point>
					<altitudeMode>relativeToGround</altitudeMode>
					<coordinates>15.59118092159419,43.8219812832618,0</coordinates>
				</Point>
			</Placemark>
			<Placemark id="25C17BB71B83B954004E7">
				<name>Tribunj</name>
				<snippet></snippet>
				<gx:mid>/m/0crhh9p</gx:mid>
				<gx:fid>0x1334d7a85f1e3bb1:0xb38abae5485a761e</gx:fid>
				<LookAt>
					<longitude>15.7366349</longitude>
					<latitude>43.78713914999999</latitude>
					<altitude>0</altitude>
					<heading>0</heading>
					<tilt>0</tilt>
					<gx:fovy>35</gx:fovy>
					<range>33564.76207558038</range>
					<altitudeMode>relativeToGround</altitudeMode>
				</LookAt>
				<styleUrl>#__managed_style_14E5DE1F0E40DE0E358E</styleUrl>
				<Point>
					<altitudeMode>relativeToGround</altitudeMode>
					<coordinates>15.74499904587609,43.75326466422979,0</coordinates>
				</Point>
			</Placemark>
			<Placemark id="2641D7BAA553B954004E7">
				<name>Vodice</name>
				<snippet></snippet>
				<gx:mid>/m/05c2t1</gx:mid>
				<gx:fid>0x1334d7f04f8c14d1:0x4056da1c47c5aa54</gx:fid>
				<LookAt>
					<longitude>15.77376055</longitude>
					<latitude>43.7911541</latitude>
					<altitude>0</altitude>
					<heading>0</heading>
					<tilt>0</tilt>
					<gx:fovy>35</gx:fovy>
					<range>16781.25374997405</range>
					<altitudeMode>relativeToGround</altitudeMode>
				</LookAt>
				<styleUrl>#__managed_style_15E0F56CB440DE0E3593</styleUrl>
				<Point>
					<altitudeMode>relativeToGround</altitudeMode>
					<coordinates>15.7743521664004,43.75633911265163,0</coordinates>
				</Point>
			</Placemark>
			<Placemark id="284AD2ED5BF3B954004E7">
				<name>Šibenik</name>
				<snippet></snippet>
				<gx:mid>/m/01y9rk</gx:mid>
				<gx:fid>0x13352615d088d09d:0x400ad50862bcc20</gx:fid>
				<LookAt>
					<longitude>15.88561485</longitude>
					<latitude>43.74115885</latitude>
					<altitude>0</altitude>
					<heading>0</heading>
					<tilt>0</tilt>
					<gx:fovy>35</gx:fovy>
					<range>33590.57033459486</range>
					<altitudeMode>relativeToGround</altitudeMode>
				</LookAt>
				<styleUrl>#__managed_style_14E5DE1F0E40DE0E358E</styleUrl>
				<Point>
					<altitudeMode>relativeToGround</altitudeMode>
					<coordinates>15.89000237661836,43.73561188285704,0</coordinates>
				</Point>
			</Placemark>
			<Placemark id="296BAB84BEC3B954004E7">
				<name>Primošten</name>
				<snippet></snippet>
				<gx:mid>/m/093qq7</gx:mid>
				<gx:fid>0x13352285a126b841:0xa0444300c8544de0</gx:fid>
				<LookAt>
					<longitude>15.91700685</longitude>
					<latitude>43.5834069</latitude>
					<altitude>0</altitude>
					<heading>0</heading>
					<tilt>0</tilt>
					<gx:fovy>35</gx:fovy>
					<range>16839.47515758478</range>
					<altitudeMode>relativeToGround</altitudeMode>
				</LookAt>
				<styleUrl>#__managed_style_14E5DE1F0E40DE0E358E</styleUrl>
				<Point>
					<altitudeMode>relativeToGround</altitudeMode>
					<coordinates>15.92102781852063,43.58527853723501,0</coordinates>
				</Point>
			</Placemark>
			<Placemark id="2AE7CDB05DE3B954004E7">
				<name>Trogir</name>
				<snippet></snippet>
				<gx:mid>/m/01y9px</gx:mid>
				<gx:fid>0x1335420993dd42f7:0x8395754b009b5daa</gx:fid>
				<LookAt>
					<longitude>16.2589219</longitude>
					<latitude>43.52782065</latitude>
					<altitude>0</altitude>
					<heading>0</heading>
					<tilt>0</tilt>
					<gx:fovy>35</gx:fovy>
					<range>8427.507880593135</range>
					<altitudeMode>relativeToGround</altitudeMode>
				</LookAt>
				<styleUrl>#__managed_style_23ED316D6E40DE0E358F</styleUrl>
				<Point>
					<altitudeMode>relativeToGround</altitudeMode>
					<coordinates>16.2501894,43.51638699999999,0</coordinates>
				</Point>
			</Placemark>
			<Placemark id="2BC20AF985A3B954004E7">
				<name>Omiš</name>
				<snippet></snippet>
				<gx:mid>/m/091rrr</gx:mid>
				<gx:fid>0x134a98152ce46845:0x46516efef6fd3fc2</gx:fid>
				<LookAt>
					<longitude>16.70169155</longitude>
					<latitude>43.43481425</latitude>
					<altitude>0</altitude>
					<heading>0</heading>
					<tilt>0</tilt>
					<gx:fovy>35</gx:fovy>
					<range>8440.491334917937</range>
					<altitudeMode>relativeToGround</altitudeMode>
				</LookAt>
				<styleUrl>#__managed_style_14E5DE1F0E40DE0E358E</styleUrl>
				<Point>
					<altitudeMode>relativeToGround</altitudeMode>
					<coordinates>16.69318508733303,43.44405984602587,0</coordinates>
				</Point>
			</Placemark>
			<Placemark id="318FB5A41D33B954004E7">
				<name>Sinj</name>
				<snippet></snippet>
				<gx:mid>/m/03yq_z</gx:mid>
				<gx:fid>0x134aac02b9ce4cd9:0x989748b9af98af73</gx:fid>
				<LookAt>
					<longitude>16.6391095</longitude>
					<latitude>43.70499969999999</latitude>
					<altitude>0</altitude>
					<heading>0</heading>
					<tilt>0</tilt>
					<gx:fovy>35</gx:fovy>
					<range>8402.71272269823</range>
					<altitudeMode>relativeToGround</altitudeMode>
				</LookAt>
				<styleUrl>#__managed_style_15E0F56CB440DE0E3593</styleUrl>
				<Point>
					<altitudeMode>relativeToGround</altitudeMode>
					<coordinates>16.6369887,43.7013235,0</coordinates>
				</Point>
			</Placemark>
			<Placemark id="3370E9CF4023B954004E7">
				<name>Imotski</name>
				<snippet></snippet>
				<gx:mid>/m/06qyjk</gx:mid>
				<gx:fid>0x134adebc53e4ff0f:0x61c7d86de62a3859</gx:fid>
				<LookAt>
					<longitude>17.2193423</longitude>
					<latitude>43.44752809999999</latitude>
					<altitude>0</altitude>
					<heading>0</heading>
					<tilt>0</tilt>
					<gx:fovy>35</gx:fovy>
					<range>3768.56908235962</range>
					<altitudeMode>relativeToGround</altitudeMode>
				</LookAt>
				<styleUrl>#__managed_style_14E5DE1F0E40DE0E358E</styleUrl>
				<Point>
					<altitudeMode>relativeToGround</altitudeMode>
					<coordinates>17.21282083781751,43.448086654696,0</coordinates>
				</Point>
			</Placemark>
			<Placemark id="348D910DF7A3B954004E7">
				<name>Rab</name>
				<snippet></snippet>
				<gx:mid>/m/03c7gs1</gx:mid>
				<gx:fid>0x4763af1777e60d17:0x5bb1332afa1303d6</gx:fid>
				<LookAt>
					<longitude>14.71135955</longitude>
					<latitude>44.73711469999999</latitude>
					<altitude>0</altitude>
					<heading>0</heading>
					<tilt>0</tilt>
					<gx:fovy>35</gx:fovy>
					<range>16513.36922233881</range>
					<altitudeMode>relativeToGround</altitudeMode>
				</LookAt>
				<styleUrl>#__managed_style_15E0F56CB440DE0E3593</styleUrl>
				<Point>
					<altitudeMode>relativeToGround</altitudeMode>
					<coordinates>14.76049619043617,44.75585900999597,0</coordinates>
				</Point>
			</Placemark>
			<Placemark id="365B8E5CC6F3B954004E7">
				<name>Dubrovnik</name>
				<snippet></snippet>
				<gx:mid>/m/0fbwq</gx:mid>
				<gx:fid>0x134b8ba20835e87d:0x400ad50862bd500</gx:fid>
				<LookAt>
					<longitude>18.09404725</longitude>
					<latitude>42.6456847</latitude>
					<altitude>0</altitude>
					<heading>0</heading>
					<tilt>0</tilt>
					<gx:fovy>35</gx:fovy>
					<range>17099.50693769514</range>
					<altitudeMode>relativeToGround</altitudeMode>
				</LookAt>
				<styleUrl>#__managed_style_0164161D0540DE0E3596</styleUrl>
				<Point>
					<altitudeMode>relativeToGround</altitudeMode>
					<coordinates>18.10929036879644,42.64084129314132,0</coordinates>
				</Point>
			</Placemark>
			<Placemark id="376CF424FBB3B954004E7">
				<name>Split</name>
				<snippet></snippet>
				<gx:mid>/m/01g_k3</gx:mid>
				<gx:fid>0x13355dfc6bbcf517:0xa1798ff631b49f98</gx:fid>
				<LookAt>
					<longitude>16.4590873</longitude>
					<latitude>43.51465245</latitude>
					<altitude>0</altitude>
					<heading>0</heading>
					<tilt>0</tilt>
					<gx:fovy>35</gx:fovy>
					<range>16858.69495542596</range>
					<altitudeMode>relativeToGround</altitudeMode>
				</LookAt>
				<styleUrl>#__managed_style_23ED316D6E40DE0E358F</styleUrl>
				<Point>
					<altitudeMode>relativeToGround</altitudeMode>
					<coordinates>16.4400467620302,43.50899443928345,0</coordinates>
				</Point>
			</Placemark>
			<Placemark id="38909B9E4C53B954004E7">
				<name>Zagreb</name>
				<snippet></snippet>
				<gx:mid>/m/0fhzy</gx:mid>
				<gx:fid>0x4765d692c902cc39:0x3a45249628fbc28a</gx:fid>
				<LookAt>
					<longitude>15.964364</longitude>
					<latitude>45.84277475</latitude>
					<altitude>0</altitude>
					<heading>0</heading>
					<tilt>0</tilt>
					<gx:fovy>35</gx:fovy>
					<range>64778.23941389201</range>
					<altitudeMode>relativeToGround</altitudeMode>
				</LookAt>
				<styleUrl>#__managed_style_23ED316D6E40DE0E358F</styleUrl>
				<Point>
					<altitudeMode>relativeToGround</altitudeMode>
					<coordinates>15.9819189,45.8150108,0</coordinates>
				</Point>
			</Placemark>
			<Placemark id="39CD2DD06423B954004E7">
				<name>Varaždin</name>
				<snippet></snippet>
				<gx:mid>/m/030v72</gx:mid>
				<gx:fid>0x4768aacffc31037d:0xdbfa9eea855fd6d9</gx:fid>
				<LookAt>
					<longitude>16.347432</longitude>
					<latitude>46.31281435</latitude>
					<altitude>0</altitude>
					<heading>0</heading>
					<tilt>0</tilt>
					<gx:fovy>35</gx:fovy>
					<range>16057.1934515195</range>
					<altitudeMode>relativeToGround</altitudeMode>
				</LookAt>
				<styleUrl>#__managed_style_23ED316D6E40DE0E358F</styleUrl>
				<Point>
					<altitudeMode>relativeToGround</altitudeMode>
					<coordinates>16.3366066,46.305746,0</coordinates>
				</Point>
			</Placemark>
			<Placemark id="3A1B15736AB3B954004E7">
				<name>Omišalj</name>
				<snippet></snippet>
				<gx:mid>/m/04wqrx</gx:mid>
				<gx:fid>0x4763615b5e7f3891:0x1a6d04837ebaf5c</gx:fid>
				<LookAt>
					<longitude>14.57172865</longitude>
					<latitude>45.2166895</latitude>
					<altitude>0</altitude>
					<heading>0</heading>
					<tilt>0</tilt>
					<gx:fovy>35</gx:fovy>
					<range>16375.83541215531</range>
					<altitudeMode>relativeToGround</altitudeMode>
				</LookAt>
				<styleUrl>#__managed_style_23ED316D6E40DE0E358F</styleUrl>
				<Point>
					<altitudeMode>relativeToGround</altitudeMode>
					<coordinates>14.5569253,45.21100390000001,0</coordinates>
				</Point>
			</Placemark>
			<Placemark id="0E06C2EE463F4B4EE363">
				<gx:mid>/m/06h6k8</gx:mid>
				<gx:fid>0x133581144d23ffe7:0x400ad50862bcfa0</gx:fid>
				<LookAt>
					<longitude>16.44598915</longitude>
					<latitude>43.14243035</latitude>
					<altitude>0</altitude>
					<heading>0</heading>
					<tilt>0</tilt>
					<gx:fovy>35</gx:fovy>
					<range>33924.64942961319</range>
					<altitudeMode>relativeToGround</altitudeMode>
				</LookAt>
				<styleUrl>#__managed_style_167F55D09240DE0E3590</styleUrl>
				<Point>
					<altitudeMode>relativeToGround</altitudeMode>
					<coordinates>16.4445931,43.1726228,0</coordinates>
				</Point>
			</Placemark>
			<Placemark id="07EF921FA53F4B516F8C">
				<gx:mid>/m/01g_kz</gx:mid>
				<gx:fid>0x134a9b3548954eaf:0x927404eda9b10653</gx:fid>
				<LookAt>
					<longitude>16.65384315</longitude>
					<latitude>43.32399035</latitude>
					<altitude>0</altitude>
					<heading>0</heading>
					<tilt>0</tilt>
					<gx:fovy>35</gx:fovy>
					<range>67647.46418979448</range>
					<altitudeMode>relativeToGround</altitudeMode>
				</LookAt>
				<styleUrl>#__managed_style_167F55D09240DE0E3590</styleUrl>
				<Point>
					<altitudeMode>relativeToGround</altitudeMode>
					<coordinates>16.6527099,43.3048913,0</coordinates>
				</Point>
			</Placemark>
			<Placemark id="08B630079A3F51EA9E2E">
				<gx:mid>/m/06h6b_</gx:mid>
				<gx:fid>0x134a809aa8193a95:0x400ad50862bd190</gx:fid>
				<LookAt>
					<longitude>16.60818865</longitude>
					<latitude>43.1907261</latitude>
					<altitude>0</altitude>
					<heading>0</heading>
					<tilt>0</tilt>
					<gx:fovy>35</gx:fovy>
					<range>16948.9190965971</range>
					<altitudeMode>relativeToGround</altitudeMode>
				</LookAt>
				<styleUrl>#__managed_style_167F55D09240DE0E3590</styleUrl>
				<Point>
					<altitudeMode>relativeToGround</altitudeMode>
					<coordinates>16.5991229,43.1842839,0</coordinates>
				</Point>
			</Placemark>
			<Placemark id="0D25BBCB723F572DACE0">
				<gx:mid>/m/01r3s5</gx:mid>
				<gx:fid>0x4764a12517aabe2d:0x373c6f383dcbb670</gx:fid>
				<LookAt>
					<longitude>14.43144655</longitude>
					<latitude>45.3457449</latitude>
					<altitude>0</altitude>
					<heading>0</heading>
					<tilt>0</tilt>
					<gx:fovy>35</gx:fovy>
					<range>32677.25645862642</range>
					<altitudeMode>relativeToGround</altitudeMode>
				</LookAt>
				<styleUrl>#__managed_style_167F55D09240DE0E3590</styleUrl>
				<Point>
					<altitudeMode>relativeToGround</altitudeMode>
					<coordinates>14.442176,45.3270631,0</coordinates>
				</Point>
			</Placemark>
		</Folder>
	</Folder>
</Document>
</kml>
