<?xml version="1.0" encoding="UTF-8"?>
<kml xmlns="http://www.opengis.net/kml/2.2" xmlns:gx="http://www.google.com/kml/ext/2.2" xmlns:kml="http://www.opengis.net/kml/2.2" xmlns:atom="http://www.w3.org/2005/Atom">
<Document id="13JVyFoZMx_fBa7PsdjdFcT-91zu5FY0b">
	<name>עודד | קפריסין</name>
	<visibility>0</visibility>
	<description>הגעתם לאחת ההמלצות שלנו?
תייגו אותנו ברשתות וספרו לנו איך היה!
oded.the.mapper@gmail.com

odedthemapper.com</description>
	<StyleMap id="__managed_style_2C144D2A7D40DE0E14B7">
		<Pair>
			<key>normal</key>
			<styleUrl>#__managed_style_2C144D2A7D40DE0E14B7_normal</styleUrl>
		</Pair>
		<Pair>
			<key>highlight</key>
			<styleUrl>#__managed_style_2C144D2A7D40DE0E14B7_highlight</styleUrl>
		</Pair>
	</StyleMap>
	<gx:CascadingStyle kml:id="__managed_style_345801880040DE0E14B0_highlight">
		<Style>
			<IconStyle>
				<scale>1.2</scale>
				<Icon>
					<href>https://earth.google.com/earth/document/icon?color=1976d2&amp;id=2074&amp;scale=4</href>
				</Icon>
				<hotSpot x="64" y="128" xunits="pixels" yunits="insetPixels"/>
			</IconStyle>
			<LabelStyle>
				<scale>0</scale>
			</LabelStyle>
			<LineStyle>
				<color>ff2dc0fb</color>
				<width>4.8</width>
			</LineStyle>
			<PolyStyle>
				<color>40ffffff</color>
			</PolyStyle>
			<BalloonStyle>
				<gx:displayMode>card</gx:displayMode>
			</BalloonStyle>
		</Style>
	</gx:CascadingStyle>
	<StyleMap id="__managed_style_345801880040DE0E14B0">
		<Pair>
			<key>normal</key>
			<styleUrl>#__managed_style_345801880040DE0E14B0_normal</styleUrl>
		</Pair>
		<Pair>
			<key>highlight</key>
			<styleUrl>#__managed_style_345801880040DE0E14B0_highlight</styleUrl>
		</Pair>
	</StyleMap>
	<gx:CascadingStyle kml:id="__managed_style_1B5584559140DE0E14B1_highlight">
		<Style>
			<IconStyle>
				<scale>1.2</scale>
				<Icon>
					<href>https://earth.google.com/earth/document/icon?color=f57c00&amp;id=2034&amp;scale=4</href>
				</Icon>
				<hotSpot x="64" y="128" xunits="pixels" yunits="insetPixels"/>
			</IconStyle>
			<LabelStyle>
				<scale>0</scale>
			</LabelStyle>
			<LineStyle>
				<color>ff2dc0fb</color>
				<width>4.8</width>
			</LineStyle>
			<PolyStyle>
				<color>40ffffff</color>
			</PolyStyle>
			<BalloonStyle>
				<gx:displayMode>card</gx:displayMode>
			</BalloonStyle>
		</Style>
	</gx:CascadingStyle>
	<gx:CascadingStyle kml:id="__managed_style_1B5584559140DE0E14B1_normal">
		<Style>
			<IconStyle>
				<Icon>
					<href>https://earth.google.com/earth/document/icon?color=f57c00&amp;id=2034&amp;scale=4</href>
				</Icon>
				<hotSpot x="64" y="128" xunits="pixels" yunits="insetPixels"/>
			</IconStyle>
			<LabelStyle>
				<scale>0</scale>
			</LabelStyle>
			<LineStyle>
				<color>ff2dc0fb</color>
				<width>3.2</width>
			</LineStyle>
			<PolyStyle>
				<color>40ffffff</color>
			</PolyStyle>
			<BalloonStyle>
				<gx:displayMode>card</gx:displayMode>
			</BalloonStyle>
		</Style>
	</gx:CascadingStyle>
	<StyleMap id="__managed_style_31815B4C8740DE0E14B8">
		<Pair>
			<key>normal</key>
			<styleUrl>#__managed_style_31815B4C8740DE0E14B8_normal</styleUrl>
		</Pair>
		<Pair>
			<key>highlight</key>
			<styleUrl>#__managed_style_31815B4C8740DE0E14B8_highlight</styleUrl>
		</Pair>
	</StyleMap>
	<gx:CascadingStyle kml:id="__managed_style_25A7EA697440DE0E14B8_highlight">
		<Style>
			<IconStyle>
				<scale>1.2</scale>
				<Icon>
					<href>https://earth.google.com/earth/document/icon?color=7b1fa2&amp;id=2011&amp;scale=4</href>
				</Icon>
				<hotSpot x="64" y="128" xunits="pixels" yunits="insetPixels"/>
			</IconStyle>
			<LabelStyle>
				<scale>0</scale>
			</LabelStyle>
			<LineStyle>
				<color>ff2dc0fb</color>
				<width>4.8</width>
			</LineStyle>
			<PolyStyle>
				<color>40ffffff</color>
			</PolyStyle>
			<BalloonStyle>
				<gx:displayMode>card</gx:displayMode>
			</BalloonStyle>
		</Style>
	</gx:CascadingStyle>
	<gx:CascadingStyle kml:id="__managed_style_2C144D2A7D40DE0E14B7_normal">
		<Style>
			<IconStyle>
				<Icon>
					<href>https://earth.google.com/earth/document/icon?color=fbc02d&amp;id=2005&amp;scale=4</href>
				</Icon>
				<hotSpot x="64" y="128" xunits="pixels" yunits="insetPixels"/>
			</IconStyle>
			<LabelStyle>
				<scale>0</scale>
			</LabelStyle>
			<LineStyle>
				<color>ff2dc0fb</color>
				<width>3.2</width>
			</LineStyle>
			<PolyStyle>
				<color>40ffffff</color>
			</PolyStyle>
			<BalloonStyle>
				<gx:displayMode>card</gx:displayMode>
			</BalloonStyle>
		</Style>
	</gx:CascadingStyle>
	<StyleMap id="__managed_style_25A7EA697440DE0E14B8">
		<Pair>
			<key>normal</key>
			<styleUrl>#__managed_style_25A7EA697440DE0E14B8_normal</styleUrl>
		</Pair>
		<Pair>
			<key>highlight</key>
			<styleUrl>#__managed_style_25A7EA697440DE0E14B8_highlight</styleUrl>
		</Pair>
	</StyleMap>
	<gx:CascadingStyle kml:id="__managed_style_0A7581549D40DE0E14B6_highlight">
		<Style>
			<IconStyle>
				<scale>1.2</scale>
				<Icon>
					<href>https://earth.google.com/earth/document/icon?color=7b1fa2&amp;id=2118&amp;scale=4</href>
				</Icon>
				<hotSpot x="64" y="128" xunits="pixels" yunits="insetPixels"/>
			</IconStyle>
			<LabelStyle>
				<scale>0</scale>
			</LabelStyle>
			<LineStyle>
				<color>ff2dc0fb</color>
				<width>4.8</width>
			</LineStyle>
			<PolyStyle>
				<color>40ffffff</color>
			</PolyStyle>
			<BalloonStyle>
				<gx:displayMode>card</gx:displayMode>
			</BalloonStyle>
		</Style>
	</gx:CascadingStyle>
	<gx:CascadingStyle kml:id="__managed_style_4144B1309B40DE0E14B4_highlight">
		<Style>
			<IconStyle>
				<scale>1.2</scale>
				<Icon>
					<href>https://earth.google.com/earth/document/icon?color=7b1fa2&amp;id=2227&amp;scale=4</href>
				</Icon>
				<hotSpot x="64" y="128" xunits="pixels" yunits="insetPixels"/>
			</IconStyle>
			<LabelStyle>
				<scale>0</scale>
			</LabelStyle>
			<LineStyle>
				<color>ff2dc0fb</color>
				<width>4.8</width>
			</LineStyle>
			<PolyStyle>
				<color>40ffffff</color>
			</PolyStyle>
			<BalloonStyle>
				<gx:displayMode>card</gx:displayMode>
			</BalloonStyle>
		</Style>
	</gx:CascadingStyle>
	<gx:CascadingStyle kml:id="__managed_style_4144B1309B40DE0E14B4_normal">
		<Style>
			<IconStyle>
				<Icon>
					<href>https://earth.google.com/earth/document/icon?color=7b1fa2&amp;id=2227&amp;scale=4</href>
				</Icon>
				<hotSpot x="64" y="128" xunits="pixels" yunits="insetPixels"/>
			</IconStyle>
			<LabelStyle>
				<scale>0</scale>
			</LabelStyle>
			<LineStyle>
				<color>ff2dc0fb</color>
				<width>3.2</width>
			</LineStyle>
			<PolyStyle>
				<color>40ffffff</color>
			</PolyStyle>
			<BalloonStyle>
				<gx:displayMode>card</gx:displayMode>
			</BalloonStyle>
		</Style>
	</gx:CascadingStyle>
	<gx:CascadingStyle kml:id="__managed_style_1B7C9DE76640DE0E14B7_highlight">
		<Style>
			<IconStyle>
				<scale>1.2</scale>
				<Icon>
					<href>https://earth.google.com/earth/document/icon?color=1976d2&amp;id=2000&amp;scale=4</href>
				</Icon>
				<hotSpot x="64" y="128" xunits="pixels" yunits="insetPixels"/>
			</IconStyle>
			<LabelStyle>
				<scale>0</scale>
			</LabelStyle>
			<LineStyle>
				<color>ffa21f7b</color>
				<width>4.8</width>
			</LineStyle>
			<PolyStyle>
				<color>40a21f7b</color>
			</PolyStyle>
			<BalloonStyle>
			</BalloonStyle>
		</Style>
	</gx:CascadingStyle>
	<gx:CascadingStyle kml:id="__managed_style_2C144D2A7D40DE0E14B7_highlight">
		<Style>
			<IconStyle>
				<scale>1.2</scale>
				<Icon>
					<href>https://earth.google.com/earth/document/icon?color=fbc02d&amp;id=2005&amp;scale=4</href>
				</Icon>
				<hotSpot x="64" y="128" xunits="pixels" yunits="insetPixels"/>
			</IconStyle>
			<LabelStyle>
				<scale>0</scale>
			</LabelStyle>
			<LineStyle>
				<color>ff2dc0fb</color>
				<width>4.8</width>
			</LineStyle>
			<PolyStyle>
				<color>40ffffff</color>
			</PolyStyle>
			<BalloonStyle>
				<gx:displayMode>card</gx:displayMode>
			</BalloonStyle>
		</Style>
	</gx:CascadingStyle>
	<gx:CascadingStyle kml:id="__managed_style_1B7C9DE76640DE0E14B7_normal">
		<Style>
			<IconStyle>
				<Icon>
					<href>https://earth.google.com/earth/document/icon?color=1976d2&amp;id=2000&amp;scale=4</href>
				</Icon>
				<hotSpot x="64" y="128" xunits="pixels" yunits="insetPixels"/>
			</IconStyle>
			<LabelStyle>
				<scale>0</scale>
			</LabelStyle>
			<LineStyle>
				<color>ffa21f7b</color>
				<width>3.2</width>
			</LineStyle>
			<PolyStyle>
				<color>40a21f7b</color>
			</PolyStyle>
			<BalloonStyle>
			</BalloonStyle>
		</Style>
	</gx:CascadingStyle>
	<gx:CascadingStyle kml:id="__managed_style_01D8570B3340DE0E14B0_highlight">
		<Style>
			<IconStyle>
				<scale>1.2</scale>
				<Icon>
					<href>https://earth.google.com/earth/document/icon?color=7b1fa2&amp;id=2232&amp;scale=4</href>
				</Icon>
				<hotSpot x="64" y="128" xunits="pixels" yunits="insetPixels"/>
			</IconStyle>
			<LabelStyle>
				<scale>0</scale>
			</LabelStyle>
			<LineStyle>
				<color>ff2dc0fb</color>
				<width>4.8</width>
			</LineStyle>
			<PolyStyle>
				<color>40ffffff</color>
			</PolyStyle>
			<BalloonStyle>
				<gx:displayMode>card</gx:displayMode>
			</BalloonStyle>
		</Style>
	</gx:CascadingStyle>
	<gx:CascadingStyle kml:id="__managed_style_01D8570B3340DE0E14B0_normal">
		<Style>
			<IconStyle>
				<Icon>
					<href>https://earth.google.com/earth/document/icon?color=7b1fa2&amp;id=2232&amp;scale=4</href>
				</Icon>
				<hotSpot x="64" y="128" xunits="pixels" yunits="insetPixels"/>
			</IconStyle>
			<LabelStyle>
				<scale>0</scale>
			</LabelStyle>
			<LineStyle>
				<color>ff2dc0fb</color>
				<width>3.2</width>
			</LineStyle>
			<PolyStyle>
				<color>40ffffff</color>
			</PolyStyle>
			<BalloonStyle>
				<gx:displayMode>card</gx:displayMode>
			</BalloonStyle>
		</Style>
	</gx:CascadingStyle>
	<gx:CascadingStyle kml:id="__managed_style_133915364640DE0E14B3_normal">
		<Style>
			<IconStyle>
				<Icon>
					<href>https://earth.google.com/earth/document/icon?color=388e3c&amp;id=2370&amp;scale=4</href>
				</Icon>
				<hotSpot x="64" y="128" xunits="pixels" yunits="insetPixels"/>
			</IconStyle>
			<LabelStyle>
				<scale>0</scale>
			</LabelStyle>
			<LineStyle>
				<color>ff2dc0fb</color>
				<width>3.2</width>
			</LineStyle>
			<PolyStyle>
				<color>40ffffff</color>
			</PolyStyle>
			<BalloonStyle>
				<gx:displayMode>card</gx:displayMode>
			</BalloonStyle>
		</Style>
	</gx:CascadingStyle>
	<StyleMap id="__managed_style_1B7C9DE76640DE0E14B7">
		<Pair>
			<key>normal</key>
			<styleUrl>#__managed_style_1B7C9DE76640DE0E14B7_normal</styleUrl>
		</Pair>
		<Pair>
			<key>highlight</key>
			<styleUrl>#__managed_style_1B7C9DE76640DE0E14B7_highlight</styleUrl>
		</Pair>
	</StyleMap>
	<gx:CascadingStyle kml:id="__managed_style_2CBDB30A3440DE0E14B0_highlight">
		<Style>
			<IconStyle>
				<scale>1.2</scale>
				<Icon>
					<href>https://earth.google.com/earth/document/icon?color=f57c00&amp;id=2056&amp;scale=4</href>
				</Icon>
				<hotSpot x="64" y="128" xunits="pixels" yunits="insetPixels"/>
			</IconStyle>
			<LabelStyle>
				<scale>0</scale>
			</LabelStyle>
			<LineStyle>
				<color>ff2dc0fb</color>
				<width>4.8</width>
			</LineStyle>
			<PolyStyle>
				<color>40ffffff</color>
			</PolyStyle>
			<BalloonStyle>
				<gx:displayMode>card</gx:displayMode>
			</BalloonStyle>
		</Style>
	</gx:CascadingStyle>
	<gx:CascadingStyle kml:id="__managed_style_2CBDB30A3440DE0E14B0_normal">
		<Style>
			<IconStyle>
				<Icon>
					<href>https://earth.google.com/earth/document/icon?color=f57c00&amp;id=2056&amp;scale=4</href>
				</Icon>
				<hotSpot x="64" y="128" xunits="pixels" yunits="insetPixels"/>
			</IconStyle>
			<LabelStyle>
				<scale>0</scale>
			</LabelStyle>
			<LineStyle>
				<color>ff2dc0fb</color>
				<width>3.2</width>
			</LineStyle>
			<PolyStyle>
				<color>40ffffff</color>
			</PolyStyle>
			<BalloonStyle>
				<gx:displayMode>card</gx:displayMode>
			</BalloonStyle>
		</Style>
	</gx:CascadingStyle>
	<StyleMap id="__managed_style_2CBDB30A3440DE0E14B0">
		<Pair>
			<key>normal</key>
			<styleUrl>#__managed_style_2CBDB30A3440DE0E14B0_normal</styleUrl>
		</Pair>
		<Pair>
			<key>highlight</key>
			<styleUrl>#__managed_style_2CBDB30A3440DE0E14B0_highlight</styleUrl>
		</Pair>
	</StyleMap>
	<StyleMap id="__managed_style_0A7581549D40DE0E14B6">
		<Pair>
			<key>normal</key>
			<styleUrl>#__managed_style_0A7581549D40DE0E14B6_normal</styleUrl>
		</Pair>
		<Pair>
			<key>highlight</key>
			<styleUrl>#__managed_style_0A7581549D40DE0E14B6_highlight</styleUrl>
		</Pair>
	</StyleMap>
	<gx:CascadingStyle kml:id="__managed_style_131A847BA640DE0E14B8_highlight">
		<Style>
			<IconStyle>
				<scale>1.2</scale>
				<Icon>
					<href>https://earth.google.com/earth/document/icon?color=303f9f&amp;id=2130&amp;scale=4</href>
				</Icon>
				<hotSpot x="64" y="128" xunits="pixels" yunits="insetPixels"/>
			</IconStyle>
			<LabelStyle>
				<scale>0</scale>
			</LabelStyle>
			<LineStyle>
				<color>ff2dc0fb</color>
				<width>4.8</width>
			</LineStyle>
			<PolyStyle>
				<color>40ffffff</color>
			</PolyStyle>
			<BalloonStyle>
				<gx:displayMode>card</gx:displayMode>
			</BalloonStyle>
		</Style>
	</gx:CascadingStyle>
	<gx:CascadingStyle kml:id="__managed_style_03A9AA4C6C40DE0E14AE_highlight">
		<Style>
			<IconStyle>
				<scale>1.2</scale>
				<Icon>
					<href>https://earth.google.com/earth/document/icon?color=7b1fa2&amp;id=2156&amp;scale=4</href>
				</Icon>
				<hotSpot x="64" y="128" xunits="pixels" yunits="insetPixels"/>
			</IconStyle>
			<LabelStyle>
				<scale>0</scale>
			</LabelStyle>
			<LineStyle>
				<color>ff2dc0fb</color>
				<width>4.8</width>
			</LineStyle>
			<PolyStyle>
				<color>40ffffff</color>
			</PolyStyle>
			<BalloonStyle>
				<gx:displayMode>card</gx:displayMode>
			</BalloonStyle>
		</Style>
	</gx:CascadingStyle>
	<gx:CascadingStyle kml:id="__managed_style_1494C0B20540DE0E14B0_normal">
		<Style>
			<IconStyle>
				<Icon>
					<href>https://earth.google.com/earth/document/icon?color=303f9f&amp;id=2034&amp;scale=4</href>
				</Icon>
				<hotSpot x="64" y="128" xunits="pixels" yunits="insetPixels"/>
			</IconStyle>
			<LabelStyle>
				<scale>0</scale>
			</LabelStyle>
			<LineStyle>
				<color>ff2dc0fb</color>
				<width>3.2</width>
			</LineStyle>
			<PolyStyle>
				<color>40ffffff</color>
			</PolyStyle>
			<BalloonStyle>
				<gx:displayMode>card</gx:displayMode>
			</BalloonStyle>
		</Style>
	</gx:CascadingStyle>
	<gx:CascadingStyle kml:id="__managed_style_413B53F00D40DE0E14B0_normal">
		<Style>
			<IconStyle>
				<Icon>
					<href>https://earth.google.com/earth/document/icon?color=7b1fa2&amp;id=2039&amp;scale=4</href>
				</Icon>
				<hotSpot x="64" y="128" xunits="pixels" yunits="insetPixels"/>
			</IconStyle>
			<LabelStyle>
				<scale>0</scale>
			</LabelStyle>
			<LineStyle>
				<color>ff2dc0fb</color>
				<width>3.2</width>
			</LineStyle>
			<PolyStyle>
				<color>40ffffff</color>
			</PolyStyle>
			<BalloonStyle>
				<gx:displayMode>card</gx:displayMode>
			</BalloonStyle>
		</Style>
	</gx:CascadingStyle>
	<gx:CascadingStyle kml:id="__managed_style_03A9AA4C6C40DE0E14AE_normal">
		<Style>
			<IconStyle>
				<Icon>
					<href>https://earth.google.com/earth/document/icon?color=7b1fa2&amp;id=2156&amp;scale=4</href>
				</Icon>
				<hotSpot x="64" y="128" xunits="pixels" yunits="insetPixels"/>
			</IconStyle>
			<LabelStyle>
				<scale>0</scale>
			</LabelStyle>
			<LineStyle>
				<color>ff2dc0fb</color>
				<width>3.2</width>
			</LineStyle>
			<PolyStyle>
				<color>40ffffff</color>
			</PolyStyle>
			<BalloonStyle>
				<gx:displayMode>card</gx:displayMode>
			</BalloonStyle>
		</Style>
	</gx:CascadingStyle>
	<gx:CascadingStyle kml:id="__managed_style_0728843EB040DE0E14B8_normal">
		<Style>
			<IconStyle>
				<Icon>
					<href>https://earth.google.com/earth/document/icon?color=1976d2&amp;id=2000&amp;scale=4</href>
				</Icon>
				<hotSpot x="64" y="128" xunits="pixels" yunits="insetPixels"/>
			</IconStyle>
			<LabelStyle>
			</LabelStyle>
			<LineStyle>
				<color>ff2dc0fb</color>
				<width>3.2</width>
			</LineStyle>
			<PolyStyle>
				<color>40ffffff</color>
			</PolyStyle>
			<BalloonStyle>
			</BalloonStyle>
		</Style>
	</gx:CascadingStyle>
	<gx:CascadingStyle kml:id="__managed_style_27DE6543B840DE0E14B4_highlight">
		<Style>
			<IconStyle>
				<scale>1.2</scale>
				<Icon>
					<href>https://earth.google.com/earth/document/icon?color=303f9f&amp;id=2339&amp;scale=4</href>
				</Icon>
				<hotSpot x="64" y="128" xunits="pixels" yunits="insetPixels"/>
			</IconStyle>
			<LabelStyle>
				<scale>0</scale>
			</LabelStyle>
			<LineStyle>
				<color>ff2dc0fb</color>
				<width>4.8</width>
			</LineStyle>
			<PolyStyle>
				<color>40ffffff</color>
			</PolyStyle>
			<BalloonStyle>
			</BalloonStyle>
		</Style>
	</gx:CascadingStyle>
	<gx:CascadingStyle kml:id="__managed_style_0BD7DCC89440DE0E14B1_highlight">
		<Style>
			<IconStyle>
				<scale>1.2</scale>
				<Icon>
					<href>https://earth.google.com/earth/document/icon?color=f57c00&amp;id=2339&amp;scale=4</href>
				</Icon>
				<hotSpot x="64" y="128" xunits="pixels" yunits="insetPixels"/>
			</IconStyle>
			<LabelStyle>
				<scale>0</scale>
			</LabelStyle>
			<LineStyle>
				<color>ff2dc0fb</color>
				<width>4.8</width>
			</LineStyle>
			<PolyStyle>
				<color>40ffffff</color>
			</PolyStyle>
			<BalloonStyle>
				<gx:displayMode>card</gx:displayMode>
			</BalloonStyle>
		</Style>
	</gx:CascadingStyle>
	<gx:CascadingStyle kml:id="__managed_style_27DE6543B840DE0E14B4_normal">
		<Style>
			<IconStyle>
				<Icon>
					<href>https://earth.google.com/earth/document/icon?color=303f9f&amp;id=2339&amp;scale=4</href>
				</Icon>
				<hotSpot x="64" y="128" xunits="pixels" yunits="insetPixels"/>
			</IconStyle>
			<LabelStyle>
				<scale>0</scale>
			</LabelStyle>
			<LineStyle>
				<color>ff2dc0fb</color>
				<width>3.2</width>
			</LineStyle>
			<PolyStyle>
				<color>40ffffff</color>
			</PolyStyle>
			<BalloonStyle>
			</BalloonStyle>
		</Style>
	</gx:CascadingStyle>
	<gx:CascadingStyle kml:id="__managed_style_31815B4C8740DE0E14B8_normal">
		<Style>
			<IconStyle>
				<Icon>
					<href>https://earth.google.com/earth/document/icon?color=7b1fa2&amp;id=2163&amp;scale=4</href>
				</Icon>
				<hotSpot x="64" y="128" xunits="pixels" yunits="insetPixels"/>
			</IconStyle>
			<LabelStyle>
				<scale>0</scale>
			</LabelStyle>
			<LineStyle>
				<color>ff2dc0fb</color>
				<width>3.2</width>
			</LineStyle>
			<PolyStyle>
				<color>40ffffff</color>
			</PolyStyle>
			<BalloonStyle>
				<gx:displayMode>card</gx:displayMode>
			</BalloonStyle>
		</Style>
	</gx:CascadingStyle>
	<StyleMap id="__managed_style_3281A0A0E440DE0E14B4">
		<Pair>
			<key>normal</key>
			<styleUrl>#__managed_style_3281A0A0E440DE0E14B4_normal</styleUrl>
		</Pair>
		<Pair>
			<key>highlight</key>
			<styleUrl>#__managed_style_3281A0A0E440DE0E14B4_highlight</styleUrl>
		</Pair>
	</StyleMap>
	<StyleMap id="__managed_style_0FDC7AFA3140DE0E14B3">
		<Pair>
			<key>normal</key>
			<styleUrl>#__managed_style_0FDC7AFA3140DE0E14B3_normal</styleUrl>
		</Pair>
		<Pair>
			<key>highlight</key>
			<styleUrl>#__managed_style_0FDC7AFA3140DE0E14B3_highlight</styleUrl>
		</Pair>
	</StyleMap>
	<gx:CascadingStyle kml:id="__managed_style_133915364640DE0E14B3_highlight">
		<Style>
			<IconStyle>
				<scale>1.2</scale>
				<Icon>
					<href>https://earth.google.com/earth/document/icon?color=388e3c&amp;id=2370&amp;scale=4</href>
				</Icon>
				<hotSpot x="64" y="128" xunits="pixels" yunits="insetPixels"/>
			</IconStyle>
			<LabelStyle>
				<scale>0</scale>
			</LabelStyle>
			<LineStyle>
				<color>ff2dc0fb</color>
				<width>4.8</width>
			</LineStyle>
			<PolyStyle>
				<color>40ffffff</color>
			</PolyStyle>
			<BalloonStyle>
				<gx:displayMode>card</gx:displayMode>
			</BalloonStyle>
		</Style>
	</gx:CascadingStyle>
	<gx:CascadingStyle kml:id="__managed_style_195F6AB71E40DE0E14AE_normal">
		<Style>
			<IconStyle>
				<Icon>
					<href>https://earth.google.com/earth/document/icon?color=f57c00&amp;id=2130&amp;scale=4</href>
				</Icon>
				<hotSpot x="64" y="128" xunits="pixels" yunits="insetPixels"/>
			</IconStyle>
			<LabelStyle>
				<scale>0</scale>
			</LabelStyle>
			<LineStyle>
				<color>ff2dc0fb</color>
				<width>3.2</width>
			</LineStyle>
			<PolyStyle>
				<color>40ffffff</color>
			</PolyStyle>
			<BalloonStyle>
				<gx:displayMode>card</gx:displayMode>
			</BalloonStyle>
		</Style>
	</gx:CascadingStyle>
	<StyleMap id="__managed_style_413B53F00D40DE0E14B0">
		<Pair>
			<key>normal</key>
			<styleUrl>#__managed_style_413B53F00D40DE0E14B0_normal</styleUrl>
		</Pair>
		<Pair>
			<key>highlight</key>
			<styleUrl>#__managed_style_413B53F00D40DE0E14B0_highlight</styleUrl>
		</Pair>
	</StyleMap>
	<StyleMap id="__managed_style_195F6AB71E40DE0E14AE">
		<Pair>
			<key>normal</key>
			<styleUrl>#__managed_style_195F6AB71E40DE0E14AE_normal</styleUrl>
		</Pair>
		<Pair>
			<key>highlight</key>
			<styleUrl>#__managed_style_195F6AB71E40DE0E14AE_highlight</styleUrl>
		</Pair>
	</StyleMap>
	<StyleMap id="__managed_style_0A753D4BDC40DE0E14AF">
		<Pair>
			<key>normal</key>
			<styleUrl>#__managed_style_0A753D4BDC40DE0E14AF_normal</styleUrl>
		</Pair>
		<Pair>
			<key>highlight</key>
			<styleUrl>#__managed_style_0A753D4BDC40DE0E14AF_highlight</styleUrl>
		</Pair>
	</StyleMap>
	<gx:CascadingStyle kml:id="__managed_style_08E820B95940DE0E14B7_normal">
		<Style>
			<IconStyle>
				<Icon>
					<href>https://earth.google.com/earth/document/icon?color=1976d2&amp;id=2000&amp;scale=4</href>
				</Icon>
				<hotSpot x="64" y="128" xunits="pixels" yunits="insetPixels"/>
			</IconStyle>
			<LabelStyle>
				<scale>0</scale>
			</LabelStyle>
			<LineStyle>
				<color>ff9f3f30</color>
				<width>3.2</width>
			</LineStyle>
			<PolyStyle>
				<color>40ffffff</color>
			</PolyStyle>
			<BalloonStyle>
			</BalloonStyle>
		</Style>
	</gx:CascadingStyle>
	<gx:CascadingStyle kml:id="__managed_style_0A7581549D40DE0E14B6_normal">
		<Style>
			<IconStyle>
				<Icon>
					<href>https://earth.google.com/earth/document/icon?color=7b1fa2&amp;id=2118&amp;scale=4</href>
				</Icon>
				<hotSpot x="64" y="128" xunits="pixels" yunits="insetPixels"/>
			</IconStyle>
			<LabelStyle>
				<scale>0</scale>
			</LabelStyle>
			<LineStyle>
				<color>ff2dc0fb</color>
				<width>3.2</width>
			</LineStyle>
			<PolyStyle>
				<color>40ffffff</color>
			</PolyStyle>
			<BalloonStyle>
				<gx:displayMode>card</gx:displayMode>
			</BalloonStyle>
		</Style>
	</gx:CascadingStyle>
	<StyleMap id="__managed_style_01D8570B3340DE0E14B0">
		<Pair>
			<key>normal</key>
			<styleUrl>#__managed_style_01D8570B3340DE0E14B0_normal</styleUrl>
		</Pair>
		<Pair>
			<key>highlight</key>
			<styleUrl>#__managed_style_01D8570B3340DE0E14B0_highlight</styleUrl>
		</Pair>
	</StyleMap>
	<gx:CascadingStyle kml:id="__managed_style_195F6AB71E40DE0E14AE_highlight">
		<Style>
			<IconStyle>
				<scale>1.2</scale>
				<Icon>
					<href>https://earth.google.com/earth/document/icon?color=f57c00&amp;id=2130&amp;scale=4</href>
				</Icon>
				<hotSpot x="64" y="128" xunits="pixels" yunits="insetPixels"/>
			</IconStyle>
			<LabelStyle>
				<scale>0</scale>
			</LabelStyle>
			<LineStyle>
				<color>ff2dc0fb</color>
				<width>4.8</width>
			</LineStyle>
			<PolyStyle>
				<color>40ffffff</color>
			</PolyStyle>
			<BalloonStyle>
				<gx:displayMode>card</gx:displayMode>
			</BalloonStyle>
		</Style>
	</gx:CascadingStyle>
	<gx:CascadingStyle kml:id="__managed_style_24FE299DAA40DE0E14B6_highlight">
		<Style>
			<IconStyle>
				<scale>1.2</scale>
				<Icon>
					<href>https://earth.google.com/earth/document/icon?color=7b1fa2&amp;id=2311&amp;scale=4</href>
				</Icon>
				<hotSpot x="64" y="128" xunits="pixels" yunits="insetPixels"/>
			</IconStyle>
			<LabelStyle>
				<scale>0</scale>
			</LabelStyle>
			<LineStyle>
				<color>ff2dc0fb</color>
				<width>4.8</width>
			</LineStyle>
			<PolyStyle>
				<color>40ffffff</color>
			</PolyStyle>
			<BalloonStyle>
				<gx:displayMode>card</gx:displayMode>
			</BalloonStyle>
		</Style>
	</gx:CascadingStyle>
	<StyleMap id="__managed_style_08E820B95940DE0E14B7">
		<Pair>
			<key>normal</key>
			<styleUrl>#__managed_style_08E820B95940DE0E14B7_normal</styleUrl>
		</Pair>
		<Pair>
			<key>highlight</key>
			<styleUrl>#__managed_style_08E820B95940DE0E14B7_highlight</styleUrl>
		</Pair>
	</StyleMap>
	<StyleMap id="__managed_style_133915364640DE0E14B3">
		<Pair>
			<key>normal</key>
			<styleUrl>#__managed_style_133915364640DE0E14B3_normal</styleUrl>
		</Pair>
		<Pair>
			<key>highlight</key>
			<styleUrl>#__managed_style_133915364640DE0E14B3_highlight</styleUrl>
		</Pair>
	</StyleMap>
	<StyleMap id="__managed_style_16B116C90640DE0E14B6">
		<Pair>
			<key>normal</key>
			<styleUrl>#__managed_style_16B116C90640DE0E14B6_normal</styleUrl>
		</Pair>
		<Pair>
			<key>highlight</key>
			<styleUrl>#__managed_style_16B116C90640DE0E14B6_highlight</styleUrl>
		</Pair>
	</StyleMap>
	<StyleMap id="__managed_style_03A9AA4C6C40DE0E14AE">
		<Pair>
			<key>normal</key>
			<styleUrl>#__managed_style_03A9AA4C6C40DE0E14AE_normal</styleUrl>
		</Pair>
		<Pair>
			<key>highlight</key>
			<styleUrl>#__managed_style_03A9AA4C6C40DE0E14AE_highlight</styleUrl>
		</Pair>
	</StyleMap>
	<StyleMap id="__managed_style_0798D2818840DE0E14AC">
		<Pair>
			<key>normal</key>
			<styleUrl>#__managed_style_0798D2818840DE0E14AC_normal</styleUrl>
		</Pair>
		<Pair>
			<key>highlight</key>
			<styleUrl>#__managed_style_0798D2818840DE0E14AC_highlight</styleUrl>
		</Pair>
	</StyleMap>
	<gx:CascadingStyle kml:id="__managed_style_0FDC7AFA3140DE0E14B3_highlight">
		<Style>
			<IconStyle>
				<scale>1.2</scale>
				<Icon>
					<href>https://earth.google.com/earth/document/icon?color=1976d2&amp;id=2000&amp;scale=4</href>
				</Icon>
				<hotSpot x="64" y="128" xunits="pixels" yunits="insetPixels"/>
			</IconStyle>
			<LabelStyle>
				<scale>0</scale>
			</LabelStyle>
			<LineStyle>
				<color>ffa21f7b</color>
				<width>4.8</width>
			</LineStyle>
			<PolyStyle>
				<color>40ffffff</color>
			</PolyStyle>
			<BalloonStyle>
			</BalloonStyle>
		</Style>
	</gx:CascadingStyle>
	<gx:CascadingStyle kml:id="__managed_style_199BCE168C40DE0E14B4_highlight">
		<Style>
			<IconStyle>
				<scale>1.2</scale>
				<Icon>
					<href>https://earth.google.com/earth/document/icon?color=1976d2&amp;id=2000&amp;scale=4</href>
				</Icon>
				<hotSpot x="64" y="128" xunits="pixels" yunits="insetPixels"/>
			</IconStyle>
			<LabelStyle>
				<scale>0</scale>
			</LabelStyle>
			<LineStyle>
				<color>ffa21f7b</color>
				<width>4.8</width>
			</LineStyle>
			<PolyStyle>
				<color>40ffffff</color>
			</PolyStyle>
			<BalloonStyle>
			</BalloonStyle>
		</Style>
	</gx:CascadingStyle>
	<StyleMap id="__managed_style_199BCE168C40DE0E14B4">
		<Pair>
			<key>normal</key>
			<styleUrl>#__managed_style_199BCE168C40DE0E14B4_normal</styleUrl>
		</Pair>
		<Pair>
			<key>highlight</key>
			<styleUrl>#__managed_style_199BCE168C40DE0E14B4_highlight</styleUrl>
		</Pair>
	</StyleMap>
	<gx:CascadingStyle kml:id="__managed_style_0FDC7AFA3140DE0E14B3_normal">
		<Style>
			<IconStyle>
				<Icon>
					<href>https://earth.google.com/earth/document/icon?color=1976d2&amp;id=2000&amp;scale=4</href>
				</Icon>
				<hotSpot x="64" y="128" xunits="pixels" yunits="insetPixels"/>
			</IconStyle>
			<LabelStyle>
				<scale>0</scale>
			</LabelStyle>
			<LineStyle>
				<color>ffa21f7b</color>
				<width>3.2</width>
			</LineStyle>
			<PolyStyle>
				<color>40ffffff</color>
			</PolyStyle>
			<BalloonStyle>
			</BalloonStyle>
		</Style>
	</gx:CascadingStyle>
	<StyleMap id="__managed_style_0BD7DCC89440DE0E14B1">
		<Pair>
			<key>normal</key>
			<styleUrl>#__managed_style_0BD7DCC89440DE0E14B1_normal</styleUrl>
		</Pair>
		<Pair>
			<key>highlight</key>
			<styleUrl>#__managed_style_0BD7DCC89440DE0E14B1_highlight</styleUrl>
		</Pair>
	</StyleMap>
	<gx:CascadingStyle kml:id="__managed_style_16B116C90640DE0E14B6_normal">
		<Style>
			<IconStyle>
				<Icon>
					<href>https://earth.google.com/earth/document/icon?color=303f9f&amp;id=2090&amp;scale=4</href>
				</Icon>
				<hotSpot x="64" y="128" xunits="pixels" yunits="insetPixels"/>
			</IconStyle>
			<LabelStyle>
				<scale>0</scale>
			</LabelStyle>
			<LineStyle>
				<color>ff2dc0fb</color>
				<width>3.2</width>
			</LineStyle>
			<PolyStyle>
				<color>40ffffff</color>
			</PolyStyle>
			<BalloonStyle>
				<gx:displayMode>card</gx:displayMode>
			</BalloonStyle>
		</Style>
	</gx:CascadingStyle>
	<gx:CascadingStyle kml:id="__managed_style_24FE299DAA40DE0E14B6_normal">
		<Style>
			<IconStyle>
				<Icon>
					<href>https://earth.google.com/earth/document/icon?color=7b1fa2&amp;id=2311&amp;scale=4</href>
				</Icon>
				<hotSpot x="64" y="128" xunits="pixels" yunits="insetPixels"/>
			</IconStyle>
			<LabelStyle>
				<scale>0</scale>
			</LabelStyle>
			<LineStyle>
				<color>ff2dc0fb</color>
				<width>3.2</width>
			</LineStyle>
			<PolyStyle>
				<color>40ffffff</color>
			</PolyStyle>
			<BalloonStyle>
				<gx:displayMode>card</gx:displayMode>
			</BalloonStyle>
		</Style>
	</gx:CascadingStyle>
	<StyleMap id="__managed_style_27DE6543B840DE0E14B4">
		<Pair>
			<key>normal</key>
			<styleUrl>#__managed_style_27DE6543B840DE0E14B4_normal</styleUrl>
		</Pair>
		<Pair>
			<key>highlight</key>
			<styleUrl>#__managed_style_27DE6543B840DE0E14B4_highlight</styleUrl>
		</Pair>
	</StyleMap>
	<StyleMap id="__managed_style_1B5584559140DE0E14B1">
		<Pair>
			<key>normal</key>
			<styleUrl>#__managed_style_1B5584559140DE0E14B1_normal</styleUrl>
		</Pair>
		<Pair>
			<key>highlight</key>
			<styleUrl>#__managed_style_1B5584559140DE0E14B1_highlight</styleUrl>
		</Pair>
	</StyleMap>
	<gx:CascadingStyle kml:id="__managed_style_3281A0A0E440DE0E14B4_normal">
		<Style>
			<IconStyle>
				<Icon>
					<href>https://earth.google.com/earth/document/icon?color=7b1fa2&amp;id=2016&amp;scale=4</href>
				</Icon>
				<hotSpot x="64" y="128" xunits="pixels" yunits="insetPixels"/>
			</IconStyle>
			<LabelStyle>
				<scale>0</scale>
			</LabelStyle>
			<LineStyle>
				<color>ff2dc0fb</color>
				<width>3.2</width>
			</LineStyle>
			<PolyStyle>
				<color>40ffffff</color>
			</PolyStyle>
			<BalloonStyle>
				<gx:displayMode>card</gx:displayMode>
			</BalloonStyle>
		</Style>
	</gx:CascadingStyle>
	<gx:CascadingStyle kml:id="__managed_style_16B116C90640DE0E14B6_highlight">
		<Style>
			<IconStyle>
				<scale>1.2</scale>
				<Icon>
					<href>https://earth.google.com/earth/document/icon?color=303f9f&amp;id=2090&amp;scale=4</href>
				</Icon>
				<hotSpot x="64" y="128" xunits="pixels" yunits="insetPixels"/>
			</IconStyle>
			<LabelStyle>
				<scale>0</scale>
			</LabelStyle>
			<LineStyle>
				<color>ff2dc0fb</color>
				<width>4.8</width>
			</LineStyle>
			<PolyStyle>
				<color>40ffffff</color>
			</PolyStyle>
			<BalloonStyle>
				<gx:displayMode>card</gx:displayMode>
			</BalloonStyle>
		</Style>
	</gx:CascadingStyle>
	<StyleMap id="__managed_style_4144B1309B40DE0E14B4">
		<Pair>
			<key>normal</key>
			<styleUrl>#__managed_style_4144B1309B40DE0E14B4_normal</styleUrl>
		</Pair>
		<Pair>
			<key>highlight</key>
			<styleUrl>#__managed_style_4144B1309B40DE0E14B4_highlight</styleUrl>
		</Pair>
	</StyleMap>
	<StyleMap id="__managed_style_24FE299DAA40DE0E14B6">
		<Pair>
			<key>normal</key>
			<styleUrl>#__managed_style_24FE299DAA40DE0E14B6_normal</styleUrl>
		</Pair>
		<Pair>
			<key>highlight</key>
			<styleUrl>#__managed_style_24FE299DAA40DE0E14B6_highlight</styleUrl>
		</Pair>
	</StyleMap>
	<gx:CascadingStyle kml:id="__managed_style_413B53F00D40DE0E14B0_highlight">
		<Style>
			<IconStyle>
				<scale>1.2</scale>
				<Icon>
					<href>https://earth.google.com/earth/document/icon?color=7b1fa2&amp;id=2039&amp;scale=4</href>
				</Icon>
				<hotSpot x="64" y="128" xunits="pixels" yunits="insetPixels"/>
			</IconStyle>
			<LabelStyle>
				<scale>0</scale>
			</LabelStyle>
			<LineStyle>
				<color>ff2dc0fb</color>
				<width>4.8</width>
			</LineStyle>
			<PolyStyle>
				<color>40ffffff</color>
			</PolyStyle>
			<BalloonStyle>
				<gx:displayMode>card</gx:displayMode>
			</BalloonStyle>
		</Style>
	</gx:CascadingStyle>
	<gx:CascadingStyle kml:id="__managed_style_25A7EA697440DE0E14B8_normal">
		<Style>
			<IconStyle>
				<Icon>
					<href>https://earth.google.com/earth/document/icon?color=7b1fa2&amp;id=2011&amp;scale=4</href>
				</Icon>
				<hotSpot x="64" y="128" xunits="pixels" yunits="insetPixels"/>
			</IconStyle>
			<LabelStyle>
				<scale>0</scale>
			</LabelStyle>
			<LineStyle>
				<color>ff2dc0fb</color>
				<width>3.2</width>
			</LineStyle>
			<PolyStyle>
				<color>40ffffff</color>
			</PolyStyle>
			<BalloonStyle>
				<gx:displayMode>card</gx:displayMode>
			</BalloonStyle>
		</Style>
	</gx:CascadingStyle>
	<gx:CascadingStyle kml:id="__managed_style_0A753D4BDC40DE0E14AF_normal">
		<Style>
			<IconStyle>
				<Icon>
					<href>https://earth.google.com/earth/document/icon?color=7b1fa2&amp;id=2006&amp;scale=4</href>
				</Icon>
				<hotSpot x="64" y="128" xunits="pixels" yunits="insetPixels"/>
			</IconStyle>
			<LabelStyle>
				<scale>0</scale>
			</LabelStyle>
			<LineStyle>
				<color>ff2dc0fb</color>
				<width>3.2</width>
			</LineStyle>
			<PolyStyle>
				<color>40ffffff</color>
			</PolyStyle>
			<BalloonStyle>
				<gx:displayMode>card</gx:displayMode>
			</BalloonStyle>
		</Style>
	</gx:CascadingStyle>
	<gx:CascadingStyle kml:id="__managed_style_0BD7DCC89440DE0E14B1_normal">
		<Style>
			<IconStyle>
				<Icon>
					<href>https://earth.google.com/earth/document/icon?color=f57c00&amp;id=2339&amp;scale=4</href>
				</Icon>
				<hotSpot x="64" y="128" xunits="pixels" yunits="insetPixels"/>
			</IconStyle>
			<LabelStyle>
				<scale>0</scale>
			</LabelStyle>
			<LineStyle>
				<color>ff2dc0fb</color>
				<width>3.2</width>
			</LineStyle>
			<PolyStyle>
				<color>40ffffff</color>
			</PolyStyle>
			<BalloonStyle>
				<gx:displayMode>card</gx:displayMode>
			</BalloonStyle>
		</Style>
	</gx:CascadingStyle>
	<gx:CascadingStyle kml:id="__managed_style_1494C0B20540DE0E14B0_highlight">
		<Style>
			<IconStyle>
				<scale>1.2</scale>
				<Icon>
					<href>https://earth.google.com/earth/document/icon?color=303f9f&amp;id=2034&amp;scale=4</href>
				</Icon>
				<hotSpot x="64" y="128" xunits="pixels" yunits="insetPixels"/>
			</IconStyle>
			<LabelStyle>
				<scale>0</scale>
			</LabelStyle>
			<LineStyle>
				<color>ff2dc0fb</color>
				<width>4.8</width>
			</LineStyle>
			<PolyStyle>
				<color>40ffffff</color>
			</PolyStyle>
			<BalloonStyle>
				<gx:displayMode>card</gx:displayMode>
			</BalloonStyle>
		</Style>
	</gx:CascadingStyle>
	<gx:CascadingStyle kml:id="__managed_style_0798D2818840DE0E14AC_highlight">
		<Style>
			<IconStyle>
				<scale>1.2</scale>
				<Icon>
					<href>https://earth.google.com/earth/document/icon?color=303f9f&amp;id=2339&amp;scale=4</href>
				</Icon>
				<hotSpot x="64" y="128" xunits="pixels" yunits="insetPixels"/>
			</IconStyle>
			<LabelStyle>
				<scale>0</scale>
			</LabelStyle>
			<LineStyle>
				<color>ff2dc0fb</color>
				<width>4.8</width>
			</LineStyle>
			<PolyStyle>
				<color>40ffffff</color>
			</PolyStyle>
			<BalloonStyle>
				<gx:displayMode>card</gx:displayMode>
			</BalloonStyle>
		</Style>
	</gx:CascadingStyle>
	<StyleMap id="__managed_style_1494C0B20540DE0E14B0">
		<Pair>
			<key>normal</key>
			<styleUrl>#__managed_style_1494C0B20540DE0E14B0_normal</styleUrl>
		</Pair>
		<Pair>
			<key>highlight</key>
			<styleUrl>#__managed_style_1494C0B20540DE0E14B0_highlight</styleUrl>
		</Pair>
	</StyleMap>
	<StyleMap id="__managed_style_0D2A33EC3640DE0E14B4">
		<Pair>
			<key>normal</key>
			<styleUrl>#__managed_style_0D2A33EC3640DE0E14B4_normal</styleUrl>
		</Pair>
		<Pair>
			<key>highlight</key>
			<styleUrl>#__managed_style_0D2A33EC3640DE0E14B4_highlight</styleUrl>
		</Pair>
	</StyleMap>
	<StyleMap id="__managed_style_0728843EB040DE0E14B8">
		<Pair>
			<key>normal</key>
			<styleUrl>#__managed_style_0728843EB040DE0E14B8_normal</styleUrl>
		</Pair>
		<Pair>
			<key>highlight</key>
			<styleUrl>#__managed_style_0728843EB040DE0E14B8_highlight</styleUrl>
		</Pair>
	</StyleMap>
	<StyleMap id="__managed_style_131A847BA640DE0E14B8">
		<Pair>
			<key>normal</key>
			<styleUrl>#__managed_style_131A847BA640DE0E14B8_normal</styleUrl>
		</Pair>
		<Pair>
			<key>highlight</key>
			<styleUrl>#__managed_style_131A847BA640DE0E14B8_highlight</styleUrl>
		</Pair>
	</StyleMap>
	<gx:CascadingStyle kml:id="__managed_style_0A753D4BDC40DE0E14AF_highlight">
		<Style>
			<IconStyle>
				<scale>1.2</scale>
				<Icon>
					<href>https://earth.google.com/earth/document/icon?color=7b1fa2&amp;id=2006&amp;scale=4</href>
				</Icon>
				<hotSpot x="64" y="128" xunits="pixels" yunits="insetPixels"/>
			</IconStyle>
			<LabelStyle>
				<scale>0</scale>
			</LabelStyle>
			<LineStyle>
				<color>ff2dc0fb</color>
				<width>4.8</width>
			</LineStyle>
			<PolyStyle>
				<color>40ffffff</color>
			</PolyStyle>
			<BalloonStyle>
				<gx:displayMode>card</gx:displayMode>
			</BalloonStyle>
		</Style>
	</gx:CascadingStyle>
	<gx:CascadingStyle kml:id="__managed_style_0D2A33EC3640DE0E14B4_normal">
		<Style>
			<IconStyle>
				<Icon>
					<href>https://earth.google.com/earth/document/icon?color=388e3c&amp;id=2385&amp;scale=4</href>
				</Icon>
				<hotSpot x="64" y="128" xunits="pixels" yunits="insetPixels"/>
			</IconStyle>
			<LabelStyle>
				<scale>0</scale>
			</LabelStyle>
			<LineStyle>
				<color>ff2dc0fb</color>
				<width>3.2</width>
			</LineStyle>
			<PolyStyle>
				<color>40ffffff</color>
			</PolyStyle>
			<BalloonStyle>
				<gx:displayMode>card</gx:displayMode>
			</BalloonStyle>
		</Style>
	</gx:CascadingStyle>
	<gx:CascadingStyle kml:id="__managed_style_31815B4C8740DE0E14B8_highlight">
		<Style>
			<IconStyle>
				<scale>1.2</scale>
				<Icon>
					<href>https://earth.google.com/earth/document/icon?color=7b1fa2&amp;id=2163&amp;scale=4</href>
				</Icon>
				<hotSpot x="64" y="128" xunits="pixels" yunits="insetPixels"/>
			</IconStyle>
			<LabelStyle>
				<scale>0</scale>
			</LabelStyle>
			<LineStyle>
				<color>ff2dc0fb</color>
				<width>4.8</width>
			</LineStyle>
			<PolyStyle>
				<color>40ffffff</color>
			</PolyStyle>
			<BalloonStyle>
				<gx:displayMode>card</gx:displayMode>
			</BalloonStyle>
		</Style>
	</gx:CascadingStyle>
	<gx:CascadingStyle kml:id="__managed_style_131A847BA640DE0E14B8_normal">
		<Style>
			<IconStyle>
				<Icon>
					<href>https://earth.google.com/earth/document/icon?color=303f9f&amp;id=2130&amp;scale=4</href>
				</Icon>
				<hotSpot x="64" y="128" xunits="pixels" yunits="insetPixels"/>
			</IconStyle>
			<LabelStyle>
				<scale>0</scale>
			</LabelStyle>
			<LineStyle>
				<color>ff2dc0fb</color>
				<width>3.2</width>
			</LineStyle>
			<PolyStyle>
				<color>40ffffff</color>
			</PolyStyle>
			<BalloonStyle>
				<gx:displayMode>card</gx:displayMode>
			</BalloonStyle>
		</Style>
	</gx:CascadingStyle>
	<gx:CascadingStyle kml:id="__managed_style_3281A0A0E440DE0E14B4_highlight">
		<Style>
			<IconStyle>
				<scale>1.2</scale>
				<Icon>
					<href>https://earth.google.com/earth/document/icon?color=7b1fa2&amp;id=2016&amp;scale=4</href>
				</Icon>
				<hotSpot x="64" y="128" xunits="pixels" yunits="insetPixels"/>
			</IconStyle>
			<LabelStyle>
				<scale>0</scale>
			</LabelStyle>
			<LineStyle>
				<color>ff2dc0fb</color>
				<width>4.8</width>
			</LineStyle>
			<PolyStyle>
				<color>40ffffff</color>
			</PolyStyle>
			<BalloonStyle>
				<gx:displayMode>card</gx:displayMode>
			</BalloonStyle>
		</Style>
	</gx:CascadingStyle>
	<gx:CascadingStyle kml:id="__managed_style_199BCE168C40DE0E14B4_normal">
		<Style>
			<IconStyle>
				<Icon>
					<href>https://earth.google.com/earth/document/icon?color=1976d2&amp;id=2000&amp;scale=4</href>
				</Icon>
				<hotSpot x="64" y="128" xunits="pixels" yunits="insetPixels"/>
			</IconStyle>
			<LabelStyle>
				<scale>0</scale>
			</LabelStyle>
			<LineStyle>
				<color>ffa21f7b</color>
				<width>3.2</width>
			</LineStyle>
			<PolyStyle>
				<color>40ffffff</color>
			</PolyStyle>
			<BalloonStyle>
			</BalloonStyle>
		</Style>
	</gx:CascadingStyle>
	<gx:CascadingStyle kml:id="__managed_style_345801880040DE0E14B0_normal">
		<Style>
			<IconStyle>
				<Icon>
					<href>https://earth.google.com/earth/document/icon?color=1976d2&amp;id=2074&amp;scale=4</href>
				</Icon>
				<hotSpot x="64" y="128" xunits="pixels" yunits="insetPixels"/>
			</IconStyle>
			<LabelStyle>
				<scale>0</scale>
			</LabelStyle>
			<LineStyle>
				<color>ff2dc0fb</color>
				<width>3.2</width>
			</LineStyle>
			<PolyStyle>
				<color>40ffffff</color>
			</PolyStyle>
			<BalloonStyle>
				<gx:displayMode>card</gx:displayMode>
			</BalloonStyle>
		</Style>
	</gx:CascadingStyle>
	<gx:CascadingStyle kml:id="__managed_style_0798D2818840DE0E14AC_normal">
		<Style>
			<IconStyle>
				<Icon>
					<href>https://earth.google.com/earth/document/icon?color=303f9f&amp;id=2339&amp;scale=4</href>
				</Icon>
				<hotSpot x="64" y="128" xunits="pixels" yunits="insetPixels"/>
			</IconStyle>
			<LabelStyle>
				<scale>0</scale>
			</LabelStyle>
			<LineStyle>
				<color>ff2dc0fb</color>
				<width>3.2</width>
			</LineStyle>
			<PolyStyle>
				<color>40ffffff</color>
			</PolyStyle>
			<BalloonStyle>
				<gx:displayMode>card</gx:displayMode>
			</BalloonStyle>
		</Style>
	</gx:CascadingStyle>
	<gx:CascadingStyle kml:id="__managed_style_0D2A33EC3640DE0E14B4_highlight">
		<Style>
			<IconStyle>
				<scale>1.2</scale>
				<Icon>
					<href>https://earth.google.com/earth/document/icon?color=388e3c&amp;id=2385&amp;scale=4</href>
				</Icon>
				<hotSpot x="64" y="128" xunits="pixels" yunits="insetPixels"/>
			</IconStyle>
			<LabelStyle>
				<scale>0</scale>
			</LabelStyle>
			<LineStyle>
				<color>ff2dc0fb</color>
				<width>4.8</width>
			</LineStyle>
			<PolyStyle>
				<color>40ffffff</color>
			</PolyStyle>
			<BalloonStyle>
				<gx:displayMode>card</gx:displayMode>
			</BalloonStyle>
		</Style>
	</gx:CascadingStyle>
	<gx:CascadingStyle kml:id="__managed_style_08E820B95940DE0E14B7_highlight">
		<Style>
			<IconStyle>
				<scale>1.2</scale>
				<Icon>
					<href>https://earth.google.com/earth/document/icon?color=1976d2&amp;id=2000&amp;scale=4</href>
				</Icon>
				<hotSpot x="64" y="128" xunits="pixels" yunits="insetPixels"/>
			</IconStyle>
			<LabelStyle>
				<scale>0</scale>
			</LabelStyle>
			<LineStyle>
				<color>ff9f3f30</color>
				<width>4.8</width>
			</LineStyle>
			<PolyStyle>
				<color>40ffffff</color>
			</PolyStyle>
			<BalloonStyle>
			</BalloonStyle>
		</Style>
	</gx:CascadingStyle>
	<gx:CascadingStyle kml:id="__managed_style_0728843EB040DE0E14B8_highlight">
		<Style>
			<IconStyle>
				<scale>1.2</scale>
				<Icon>
					<href>https://earth.google.com/earth/document/icon?color=1976d2&amp;id=2000&amp;scale=4</href>
				</Icon>
				<hotSpot x="64" y="128" xunits="pixels" yunits="insetPixels"/>
			</IconStyle>
			<LabelStyle>
			</LabelStyle>
			<LineStyle>
				<color>ff2dc0fb</color>
				<width>4.8</width>
			</LineStyle>
			<PolyStyle>
				<color>40ffffff</color>
			</PolyStyle>
			<BalloonStyle>
			</BalloonStyle>
		</Style>
	</gx:CascadingStyle>
	<Folder id="062A6247E33FD150F9A1">
		<name>כללי</name>
		<styleUrl>#__managed_style_0728843EB040DE0E14B8</styleUrl>
		<Placemark id="016B92A81032E4AF48DD">
			<name>Port &amp; Marine Police Kato Paphos</name>
			<gx:mid>/g/1thvd8ds</gx:mid>
			<gx:fid>0x14e706da23a78bc3:0xcd0b8275e9298966</gx:fid>
			<LookAt>
				<longitude>32.4076134</longitude>
				<latitude>34.7553007</latitude>
				<altitude>0</altitude>
				<heading>0</heading>
				<tilt>0</tilt>
				<gx:fovy>35</gx:fovy>
				<range>849.4833254172245</range>
				<altitudeMode>relativeToGround</altitudeMode>
			</LookAt>
			<styleUrl>#__managed_style_0A753D4BDC40DE0E14AF</styleUrl>
			<Point>
				<altitudeMode>relativeToGround</altitudeMode>
				<coordinates>32.4076134,34.7553007,0</coordinates>
			</Point>
		</Placemark>
		<Placemark id="0D77763C1232E4AF7107">
			<name>Paphos Mosaics</name>
			<gx:mid>/g/1tf04q4t</gx:mid>
			<gx:fid>0x14e706d941800187:0x67537f02627c9fba</gx:fid>
			<LookAt>
				<longitude>32.4061124</longitude>
				<latitude>34.757213</latitude>
				<altitude>0</altitude>
				<heading>0</heading>
				<tilt>0</tilt>
				<gx:fovy>35</gx:fovy>
				<range>849.4616723615956</range>
				<altitudeMode>relativeToGround</altitudeMode>
			</LookAt>
			<styleUrl>#__managed_style_0A753D4BDC40DE0E14AF</styleUrl>
			<Point>
				<altitudeMode>relativeToGround</altitudeMode>
				<coordinates>32.4061124,34.757213,0</coordinates>
			</Point>
		</Placemark>
		<Placemark id="008BFDABA032E4AFA8E4">
			<name>Paphos Town Hall</name>
			<gx:mid>/g/1ts6d9zc</gx:mid>
			<gx:fid>0x14e706f4a1700591:0x448c7c847746a3c2</gx:fid>
			<LookAt>
				<longitude>32.4229248</longitude>
				<latitude>34.7741751</latitude>
				<altitude>0</altitude>
				<heading>0</heading>
				<tilt>0</tilt>
				<gx:fovy>35</gx:fovy>
				<range>849.2695681985681</range>
				<altitudeMode>relativeToGround</altitudeMode>
			</LookAt>
			<styleUrl>#__managed_style_0A753D4BDC40DE0E14AF</styleUrl>
			<Point>
				<altitudeMode>relativeToGround</altitudeMode>
				<coordinates>32.4228318,34.7742435,0</coordinates>
			</Point>
		</Placemark>
		<Placemark id="06A41FEB9932E4B74530">
			<name>Crocodile Pub</name>
			<gx:mid>/g/1hdzlc9px</gx:mid>
			<gx:fid>0x14e706b9cac22957:0xa6fad026d8cc6b1f</gx:fid>
			<LookAt>
				<longitude>32.4262297</longitude>
				<latitude>34.7481408</latitude>
				<altitude>0</altitude>
				<heading>0</heading>
				<tilt>0</tilt>
				<gx:fovy>35</gx:fovy>
				<range>849.5643888387236</range>
				<altitudeMode>relativeToGround</altitudeMode>
			</LookAt>
			<styleUrl>#__managed_style_0798D2818840DE0E14AC</styleUrl>
			<Point>
				<altitudeMode>relativeToGround</altitudeMode>
				<coordinates>32.4261728,34.748267,0</coordinates>
			</Point>
		</Placemark>
		<Placemark id="0AA1B800CA32E4B80B21">
			<name>Flintstones</name>
			<gx:mid>/g/11c3n2kh5w</gx:mid>
			<gx:fid>0x14e706c39739332b:0xa55b9da90cc21b94</gx:fid>
			<LookAt>
				<longitude>32.41639</longitude>
				<latitude>34.75718699999999</latitude>
				<altitude>0</altitude>
				<heading>0</heading>
				<tilt>0</tilt>
				<gx:fovy>35</gx:fovy>
				<range>849.4619667670895</range>
				<altitudeMode>relativeToGround</altitudeMode>
			</LookAt>
			<styleUrl>#__managed_style_0798D2818840DE0E14AC</styleUrl>
			<Point>
				<altitudeMode>relativeToGround</altitudeMode>
				<coordinates>32.41639,34.757187,0</coordinates>
			</Point>
		</Placemark>
		<Placemark id="0316D46C6132E4B8C4E4">
			<name>Selene Cocktail Bar</name>
			<gx:mid>/g/11snqsy379</gx:mid>
			<gx:fid>0x14e707152e6504c7:0x7b24209445d2ee44</gx:fid>
			<LookAt>
				<longitude>32.4218321</longitude>
				<latitude>34.75084889999999</latitude>
				<altitude>0</altitude>
				<heading>0</heading>
				<tilt>0</tilt>
				<gx:fovy>35</gx:fovy>
				<range>849.5337296617997</range>
				<altitudeMode>relativeToGround</altitudeMode>
			</LookAt>
			<styleUrl>#__managed_style_1494C0B20540DE0E14B0</styleUrl>
			<Point>
				<altitudeMode>relativeToGround</altitudeMode>
				<coordinates>32.4219202,34.7508831,0</coordinates>
			</Point>
		</Placemark>
		<Placemark id="04C5FCA08532E4B93207">
			<name>Fiesta Bar &amp; Grill</name>
			<gx:mid>/g/12hxtd5jz</gx:mid>
			<gx:fid>0x14e706b73119d685:0xedb64f865e957cd</gx:fid>
			<LookAt>
				<longitude>32.4293698</longitude>
				<latitude>34.7458073</latitude>
				<altitude>0</altitude>
				<heading>0</heading>
				<tilt>0</tilt>
				<gx:fovy>35</gx:fovy>
				<range>849.5908055335419</range>
				<altitudeMode>relativeToGround</altitudeMode>
			</LookAt>
			<styleUrl>#__managed_style_0798D2818840DE0E14AC</styleUrl>
			<Point>
				<altitudeMode>relativeToGround</altitudeMode>
				<coordinates>32.4293698,34.7458073,0</coordinates>
			</Point>
		</Placemark>
		<Placemark id="0FCFDC901A32E4B962A4">
			<name>Paphos Castle</name>
			<gx:mid>/g/11clw5sqmp</gx:mid>
			<gx:fid>0x14e706d753706843:0x9ed7adf18ca8ab0</gx:fid>
			<LookAt>
				<longitude>32.4069507</longitude>
				<latitude>34.7536368</latitude>
				<altitude>0</altitude>
				<heading>0</heading>
				<tilt>0</tilt>
				<gx:fovy>35</gx:fovy>
				<range>849.5021650561432</range>
				<altitudeMode>relativeToGround</altitudeMode>
			</LookAt>
			<styleUrl>#__managed_style_0A753D4BDC40DE0E14AF</styleUrl>
			<Point>
				<altitudeMode>relativeToGround</altitudeMode>
				<coordinates>32.4069507,34.7536368,0</coordinates>
			</Point>
		</Placemark>
		<Placemark id="0FB94C4F0232E4BA2511">
			<name>Coastal Boardwalk</name>
			<gx:mid>/g/11g9qvzbfy</gx:mid>
			<gx:fid>0x14e707281c4df413:0x6a1c58b56f357569</gx:fid>
			<LookAt>
				<longitude>32.4012344</longitude>
				<latitude>34.7549625</latitude>
				<altitude>0</altitude>
				<heading>0</heading>
				<tilt>0</tilt>
				<gx:fovy>35</gx:fovy>
				<range>849.4871547716125</range>
				<altitudeMode>relativeToGround</altitudeMode>
			</LookAt>
			<styleUrl>#__managed_style_0A753D4BDC40DE0E14AF</styleUrl>
			<Point>
				<altitudeMode>relativeToGround</altitudeMode>
				<coordinates>32.4012344,34.7549625,0</coordinates>
			</Point>
		</Placemark>
		<Placemark id="0501DC35F632E4BA64EE">
			<name>Chernobyl Cocktail Bar</name>
			<gx:mid>/g/11p0k4xbzh</gx:mid>
			<gx:fid>0x14e7073465f59c27:0x468931aa5e6a6dbe</gx:fid>
			<LookAt>
				<longitude>32.4201701</longitude>
				<latitude>34.77818329999999</latitude>
				<altitude>0</altitude>
				<heading>0</heading>
				<tilt>0</tilt>
				<gx:fovy>35</gx:fovy>
				<range>849.2241624407599</range>
				<altitudeMode>relativeToGround</altitudeMode>
			</LookAt>
			<styleUrl>#__managed_style_1494C0B20540DE0E14B0</styleUrl>
			<Point>
				<altitudeMode>relativeToGround</altitudeMode>
				<coordinates>32.4202718,34.778223,0</coordinates>
			</Point>
		</Placemark>
		<Placemark id="0225B0617632E4BB5010">
			<name>Antasia Beach Club</name>
			<gx:mid>/g/11nft5718c</gx:mid>
			<gx:fid>0x14e7074db154c5c3:0xb62f01bb8c724727</gx:fid>
			<LookAt>
				<longitude>32.4218063</longitude>
				<latitude>34.7500152</latitude>
				<altitude>0</altitude>
				<heading>0</heading>
				<tilt>0</tilt>
				<gx:fovy>35</gx:fovy>
				<range>849.5431684216131</range>
				<altitudeMode>relativeToGround</altitudeMode>
			</LookAt>
			<styleUrl>#__managed_style_0BD7DCC89440DE0E14B1</styleUrl>
			<Point>
				<altitudeMode>relativeToGround</altitudeMode>
				<coordinates>32.4218063,34.7500152,0</coordinates>
			</Point>
		</Placemark>
		<Placemark id="06D33F393832E4BC6C0F">
			<name>Kings Avenue Mall</name>
			<gx:mid>/g/1tf8jn74</gx:mid>
			<gx:fid>0x14e706fb12acdb05:0x8fc517d368aad42c</gx:fid>
			<LookAt>
				<longitude>32.4137235</longitude>
				<latitude>34.7655715</latitude>
				<altitude>0</altitude>
				<heading>0</heading>
				<tilt>0</tilt>
				<gx:fovy>35</gx:fovy>
				<range>849.3670175565413</range>
				<altitudeMode>relativeToGround</altitudeMode>
			</LookAt>
			<styleUrl>#__managed_style_24FE299DAA40DE0E14B6</styleUrl>
			<Point>
				<altitudeMode>relativeToGround</altitudeMode>
				<coordinates>32.4137235,34.7655715,0</coordinates>
			</Point>
		</Placemark>
		<Placemark id="094BE6D81132E4BCC146">
			<name>Archaeological Site of the Tombs of the Kings</name>
			<gx:mid>/m/06yjt3</gx:mid>
			<gx:fid>0x14e706fc9261fc75:0xdd4fb5099af95a51</gx:fid>
			<LookAt>
				<longitude>32.4072268</longitude>
				<latitude>34.7749506</latitude>
				<altitude>0</altitude>
				<heading>0</heading>
				<tilt>0</tilt>
				<gx:fovy>35</gx:fovy>
				<range>849.2607834920228</range>
				<altitudeMode>relativeToGround</altitudeMode>
			</LookAt>
			<styleUrl>#__managed_style_0A753D4BDC40DE0E14AF</styleUrl>
			<Point>
				<altitudeMode>relativeToGround</altitudeMode>
				<coordinates>32.40537584504403,34.77562796615003,0</coordinates>
			</Point>
		</Placemark>
		<Placemark id="0CE365703D32E4BE924F">
			<name>Paphos International Airport</name>
			<gx:mid>/m/08g373</gx:mid>
			<gx:fid>0x14e70386686ac29f:0xbfbccf7db27e7048</gx:fid>
			<LookAt>
				<longitude>32.4887171</longitude>
				<latitude>34.71218039999999</latitude>
				<altitude>0</altitude>
				<heading>0</heading>
				<tilt>0</tilt>
				<gx:fovy>35</gx:fovy>
				<range>849.9713261901408</range>
				<altitudeMode>relativeToGround</altitudeMode>
			</LookAt>
			<styleUrl>#__managed_style_0A753D4BDC40DE0E14AF</styleUrl>
			<Point>
				<altitudeMode>relativeToGround</altitudeMode>
				<coordinates>32.4887171,34.7121804,0</coordinates>
			</Point>
		</Placemark>
		<Placemark id="0F5E62EE2A32E4BEC547">
			<name>Paphos Aphrodite Waterpark</name>
			<gx:mid>/g/1tcz5c3z</gx:mid>
			<gx:fid>0x14e706a8ccd4052b:0x6331fd933c81acce</gx:fid>
			<LookAt>
				<longitude>32.4408644</longitude>
				<latitude>34.74173899999999</latitude>
				<altitude>0</altitude>
				<heading>0</heading>
				<tilt>0</tilt>
				<gx:fovy>35</gx:fovy>
				<range>849.6368578777747</range>
				<altitudeMode>relativeToGround</altitudeMode>
			</LookAt>
			<styleUrl>#__managed_style_0A753D4BDC40DE0E14AF</styleUrl>
			<Point>
				<altitudeMode>relativeToGround</altitudeMode>
				<coordinates>32.4408644,34.741739,0</coordinates>
			</Point>
		</Placemark>
		<Placemark id="0BD3DA1BE632E4BFE0D2">
			<name> טיילת</name>
			<LookAt>
				<longitude>32.42190191202445</longitude>
				<latitude>34.74997703394926</latitude>
				<altitude>8.731924950517003</altitude>
				<heading>32.34664796450206</heading>
				<tilt>0</tilt>
				<gx:fovy>56.95371160001165</gx:fovy>
				<range>423.0266036876128</range>
				<altitudeMode>absolute</altitudeMode>
			</LookAt>
			<styleUrl>#__managed_style_199BCE168C40DE0E14B4</styleUrl>
			<LineString>
				<coordinates>
					32.41183937205854,34.75556675354452,0 32.4135415113694,34.75526168654345,0 32.41543897633161,34.75578438728489,0 32.41628146329067,34.75538880133741,0 32.41644283898002,34.75482755402995,0 32.4168144011612,34.75458003533468,0 32.41748933223391,34.75447633071843,0 32.41805670555905,34.75418717856827,0 32.41821492461387,34.75390493373804,0 32.41915605844748,34.75335546889769,0 32.41938369650326,34.75283419349843,0 32.42049560741505,34.7516487159096,0 32.42120404695186,34.75069093048251,0 32.42181158002109,34.74987675283869,0 
				</coordinates>
			</LineString>
		</Placemark>
		<Placemark id="04247EF4A232E4C57CB8">
			<name>רחוב מרכזי</name>
			<LookAt>
				<longitude>32.4200067450689</longitude>
				<latitude>34.77831924437773</latitude>
				<altitude>71.54130678627374</altitude>
				<heading>53.16778705419011</heading>
				<tilt>0</tilt>
				<gx:fovy>57.19525281848305</gx:fovy>
				<range>201.0404108626972</range>
				<altitudeMode>absolute</altitudeMode>
			</LookAt>
			<styleUrl>#__managed_style_199BCE168C40DE0E14B4</styleUrl>
			<LineString>
				<coordinates>
					32.42048993464983,34.77896352599802,0 32.41998843916399,34.77877990657526,0 32.42006783706751,34.77858512498386,0 32.42027364463635,34.77832997769688,0 32.42062904856859,34.77837880661976,0 32.42092563580636,34.77820588662984,0 32.42062979637851,34.77838033013175,0 32.42120023171505,34.77862042263077,0 32.42062680165224,34.77837848792604,0 32.42027033451212,34.77832860494563,0 32.42006737983849,34.7785891556763,0 32.41998567231994,34.77878238848622,0 32.41996558302031,34.77884953479607,0 32.41965958891474,34.7791224643711,0 32.41955967210605,34.77924121333646,0 32.41952258516206,34.77935915833934,0 32.41955190667935,34.77924690643361,0 32.4196631766825,34.77911864217405,0 32.41996639190079,34.77884988525327,0 32.41998242103772,34.77877834568008,0 32.41985701583217,34.77875569932836,0 32.41972352395474,34.7786210682189,0 32.41936543302069,34.77889063375305,0 32.41955496388286,34.77923953606842,0 32.41936589728358,34.77889296701413,0 32.41914136166047,34.77877777440663,0 32.41931950607221,34.77844552341726,0 32.41953285467418,34.77828812336275,0 32.41962710131945,34.77840066645297,0 32.41972367404846,34.77862327077671,0 32.41962600815675,34.77840187375125,0 32.41953000011129,34.77829388776493,0 32.41969017319573,34.77813660321775,0 32.41958273544123,34.77794799037895,0 32.41911916405014,34.77811805589256,0 32.41893706333632,34.77821757396301,0 32.41882702259205,34.77848377648593,0 32.41880562496446,34.77866848654892,0 32.41882948240767,34.77849173540708,0 32.41894270908462,34.77822094438688,0 32.41912191233524,34.7781219977894,0 32.41957963725667,34.77794834734944,0 32.41967637615302,34.77787796765948,0 32.41978679923746,34.77766768259239,0 
				</coordinates>
			</LineString>
		</Placemark>
		<Placemark id="0DBCC7CC3432E4C6208F">
			<name>Paphos Market</name>
			<gx:mid>/g/11d_z9c9qr</gx:mid>
			<gx:fid>0x14e706f5ec803a75:0x30bb2ddd52fcace3</gx:fid>
			<LookAt>
				<longitude>32.41906540000001</longitude>
				<latitude>34.7783949</latitude>
				<altitude>0</altitude>
				<heading>0</heading>
				<tilt>0</tilt>
				<gx:fovy>35</gx:fovy>
				<range>849.2217652742177</range>
				<altitudeMode>relativeToGround</altitudeMode>
			</LookAt>
			<styleUrl>#__managed_style_0A753D4BDC40DE0E14AF</styleUrl>
			<Point>
				<altitudeMode>relativeToGround</altitudeMode>
				<coordinates>32.4190654,34.7783949,0</coordinates>
			</Point>
		</Placemark>
		<Placemark id="02036A77BF32E4C8A944">
			<name>רחוב מרכזי</name>
			<LookAt>
				<longitude>32.42382247787249</longitude>
				<latitude>34.77418357730118</latitude>
				<altitude>75.29630275082185</altitude>
				<heading>48.83401350784174</heading>
				<tilt>0</tilt>
				<gx:fovy>57.01821688187346</gx:fovy>
				<range>411.5838692388934</range>
				<altitudeMode>absolute</altitudeMode>
			</LookAt>
			<styleUrl>#__managed_style_199BCE168C40DE0E14B4</styleUrl>
			<LineString>
				<coordinates>
					32.42033775649861,34.77759461153542,0 32.42064237008794,34.77714018674432,0 32.42090030345297,34.77749438425494,0 32.42064072169382,34.77714027498855,0 32.42107589992357,34.77643819635863,0 32.42145870965803,34.77588392103169,0 32.42212879194192,34.7753413268393,0 32.42216519390629,34.77508969948715,0 32.4228115448162,34.77467308002995,0 32.42161182523916,34.77375276504279,0 32.42281206908297,34.7746793216675,0 32.42466779882321,34.77342451140138,0 
				</coordinates>
			</LineString>
		</Placemark>
		<Placemark id="0E1E0FC71232E4CF2409">
			<name>Loft Club</name>
			<gx:mid>/g/1tf20tt0</gx:mid>
			<gx:fid>0x14e706c16af5b1e3:0xdb031b6eb48ecdc7</gx:fid>
			<LookAt>
				<longitude>32.419704</longitude>
				<latitude>34.756514</latitude>
				<altitude>0</altitude>
				<heading>0</heading>
				<tilt>0</tilt>
				<gx:fovy>35</gx:fovy>
				<range>849.4695872789727</range>
				<altitudeMode>relativeToGround</altitudeMode>
			</LookAt>
			<styleUrl>#__managed_style_16B116C90640DE0E14B6</styleUrl>
			<Point>
				<altitudeMode>relativeToGround</altitudeMode>
				<coordinates>32.4197158,34.7565215,0</coordinates>
			</Point>
		</Placemark>
		<Placemark id="09282398E332E4D0954E">
			<name>רחוב ברים</name>
			<LookAt>
				<longitude>32.41902344820911</longitude>
				<latitude>34.75589020649054</latitude>
				<altitude>18.84798098644533</altitude>
				<heading>15.58873973539615</heading>
				<tilt>0</tilt>
				<gx:fovy>57.01145230977043</gx:fovy>
				<range>230.2465501711413</range>
				<altitudeMode>absolute</altitudeMode>
			</LookAt>
			<styleUrl>#__managed_style_08E820B95940DE0E14B7</styleUrl>
			<LineString>
				<coordinates>
					32.41410041728201,34.75887144040348,0 32.41460361721443,34.75853083701259,0 32.41551047338641,34.75843388428861,0 32.41563456978422,34.75822134281372,0 32.41641862026461,34.75771367935029,0 32.41805662243979,34.7571558451301,0 32.41856954031278,34.75611567621525,0 32.41952418575342,34.75524390676223,0 
				</coordinates>
			</LineString>
		</Placemark>
		<Placemark id="0C0F35300932E4ED7937">
			<name>Limassol Marina</name>
			<gx:mid>/m/011q1s_y</gx:mid>
			<gx:fid>0x14e732fe6fe3d4e1:0x1faecb9f87e8ba17</gx:fid>
			<LookAt>
				<longitude>33.04042959999999</longitude>
				<latitude>34.6701466</latitude>
				<altitude>0</altitude>
				<heading>0</heading>
				<tilt>0</tilt>
				<gx:fovy>35</gx:fovy>
				<range>850.4465655844617</range>
				<altitudeMode>relativeToGround</altitudeMode>
			</LookAt>
			<styleUrl>#__managed_style_0A753D4BDC40DE0E14AF</styleUrl>
			<Point>
				<altitudeMode>relativeToGround</altitudeMode>
				<coordinates>33.0404296,34.6701466,0</coordinates>
			</Point>
		</Placemark>
		<Placemark id="040E0861FE32E4ED9660">
			<name>Old Port</name>
			<gx:mid>/g/1tf4_3gk</gx:mid>
			<gx:fid>0x14e732fd0dde3021:0x3d61e0dd5275911e</gx:fid>
			<LookAt>
				<longitude>33.0431998</longitude>
				<latitude>34.6711452</latitude>
				<altitude>0</altitude>
				<heading>0</heading>
				<tilt>0</tilt>
				<gx:fovy>35</gx:fovy>
				<range>850.435280617502</range>
				<altitudeMode>relativeToGround</altitudeMode>
			</LookAt>
			<styleUrl>#__managed_style_0A753D4BDC40DE0E14AF</styleUrl>
			<Point>
				<altitudeMode>relativeToGround</altitudeMode>
				<coordinates>33.0431998,34.6711452,0</coordinates>
			</Point>
		</Placemark>
		<Placemark id="02CA5C8E933392E68AEB">
			<name>Venus Beach</name>
			<gx:mid>/g/11lby5y6d1</gx:mid>
			<gx:fid>0x14e707b8cf8ebbbf:0xd01534aecf92c209</gx:fid>
			<LookAt>
				<longitude>32.4032663</longitude>
				<latitude>34.7795024</latitude>
				<altitude>0</altitude>
				<heading>0</heading>
				<tilt>0</tilt>
				<gx:fovy>35</gx:fovy>
				<range>849.2092184780385</range>
				<altitudeMode>relativeToGround</altitudeMode>
			</LookAt>
			<styleUrl>#__managed_style_413B53F00D40DE0E14B0</styleUrl>
			<Point>
				<altitudeMode>relativeToGround</altitudeMode>
				<coordinates>32.4032663,34.7795024,0</coordinates>
			</Point>
		</Placemark>
		<Placemark id="0EF221C1ED3393D69B58">
			<name>Blue Lagoon</name>
			<gx:mid>/g/11stk0vt3p</gx:mid>
			<gx:fid>0x14e79f4fdaf48215:0x807b928274c2cb0f</gx:fid>
			<LookAt>
				<longitude>32.30515</longitude>
				<latitude>35.083428</latitude>
				<altitude>0</altitude>
				<heading>0</heading>
				<tilt>0</tilt>
				<gx:fovy>35</gx:fovy>
				<range>845.7540563360682</range>
				<altitudeMode>relativeToGround</altitudeMode>
			</LookAt>
			<styleUrl>#__managed_style_0A753D4BDC40DE0E14AF</styleUrl>
			<Point>
				<altitudeMode>relativeToGround</altitudeMode>
				<coordinates>32.30515,35.083428,0</coordinates>
			</Point>
		</Placemark>
		<Placemark id="0798903B6C3393E63B5A">
			<name>Ο ΓΥΡΟΣ ΤΗΣ ΚΡΗΤΗΣ/ Gyros of Crete</name>
			<gx:mid>/g/11vk160q_l</gx:mid>
			<gx:fid>0x14e707007f931167:0x785f6b1be5deaea9</gx:fid>
			<LookAt>
				<longitude>32.4103257</longitude>
				<latitude>34.77086689999999</latitude>
				<altitude>0</altitude>
				<heading>0</heading>
				<tilt>0</tilt>
				<gx:fovy>35</gx:fovy>
				<range>849.3070410626706</range>
				<altitudeMode>relativeToGround</altitudeMode>
			</LookAt>
			<styleUrl>#__managed_style_195F6AB71E40DE0E14AE</styleUrl>
			<Point>
				<altitudeMode>relativeToGround</altitudeMode>
				<coordinates>32.4102658,34.7708607,0</coordinates>
			</Point>
		</Placemark>
		<Placemark id="05C412F2073393E694A1">
			<name>Tea for Two, Tombs of the Kings Avenue 42, Paphos</name>
			<gx:mid>/g/1tf89yg7</gx:mid>
			<gx:fid>0x14e706e5a4ebcdfb:0x1054d1b0a9e2d36c</gx:fid>
			<LookAt>
				<longitude>32.4106963</longitude>
				<latitude>34.7695386</latitude>
				<altitude>0</altitude>
				<heading>0</heading>
				<tilt>0</tilt>
				<gx:fovy>35</gx:fovy>
				<range>849.3220862716513</range>
				<altitudeMode>relativeToGround</altitudeMode>
			</LookAt>
			<styleUrl>#__managed_style_195F6AB71E40DE0E14AE</styleUrl>
			<Point>
				<altitudeMode>relativeToGround</altitudeMode>
				<coordinates>32.4106963,34.7695386,0</coordinates>
			</Point>
		</Placemark>
		<Placemark id="0AD8F318E63393E6DE52">
			<name>Pit Stop Pub</name>
			<gx:mid>/g/1vttzzgv</gx:mid>
			<gx:fid>0x14e706e5d8424f55:0x59afe056121158f8</gx:fid>
			<LookAt>
				<longitude>32.4107409</longitude>
				<latitude>34.7678586</latitude>
				<altitude>0</altitude>
				<heading>0</heading>
				<tilt>0</tilt>
				<gx:fovy>35</gx:fovy>
				<range>849.3411144125251</range>
				<altitudeMode>relativeToGround</altitudeMode>
			</LookAt>
			<styleUrl>#__managed_style_0798D2818840DE0E14AC</styleUrl>
			<Point>
				<altitudeMode>relativeToGround</altitudeMode>
				<coordinates>32.4107464,34.7678585,0</coordinates>
			</Point>
		</Placemark>
		<Placemark id="00E356466D3393E93E1B">
			<name>Planeta Karaoke Club</name>
			<gx:mid>/g/11glycp8t0</gx:mid>
			<gx:fid>0x14e7079984aaa74b:0xee88a76bb4638fe8</gx:fid>
			<LookAt>
				<longitude>32.410419</longitude>
				<latitude>34.769532</latitude>
				<altitude>0</altitude>
				<heading>0</heading>
				<tilt>0</tilt>
				<gx:fovy>35</gx:fovy>
				<range>849.3221610264956</range>
				<altitudeMode>relativeToGround</altitudeMode>
			</LookAt>
			<styleUrl>#__managed_style_0A753D4BDC40DE0E14AF</styleUrl>
			<Point>
				<altitudeMode>relativeToGround</altitudeMode>
				<coordinates>32.410419,34.769532,0</coordinates>
			</Point>
		</Placemark>
		<Placemark id="088D0413733393F4EB90">
			<name>NOIR Tapas &amp; Bar</name>
			<gx:mid>/g/11b7wndb0_</gx:mid>
			<gx:fid>0x14e706f48c0ba099:0xb4c2052b34b26825</gx:fid>
			<LookAt>
				<longitude>32.4213208</longitude>
				<latitude>34.7754714</latitude>
				<altitude>0</altitude>
				<heading>0</heading>
				<tilt>0</tilt>
				<gx:fovy>35</gx:fovy>
				<range>849.2548838877244</range>
				<altitudeMode>relativeToGround</altitudeMode>
			</LookAt>
			<styleUrl>#__managed_style_0798D2818840DE0E14AC</styleUrl>
			<Point>
				<altitudeMode>relativeToGround</altitudeMode>
				<coordinates>32.4213224,34.77546,0</coordinates>
			</Point>
		</Placemark>
		<Placemark id="06329C44E13393F69CEC">
			<name>The Rose Pub</name>
			<gx:mid>/g/1hhwv7n90</gx:mid>
			<gx:fid>0x14e706c49d3e048b:0x489ecac90c33e43</gx:fid>
			<LookAt>
				<longitude>32.4148423</longitude>
				<latitude>34.7566061</latitude>
				<altitude>0</altitude>
				<heading>0</heading>
				<tilt>0</tilt>
				<gx:fovy>35</gx:fovy>
				<range>849.4685444194354</range>
				<altitudeMode>relativeToGround</altitudeMode>
			</LookAt>
			<styleUrl>#__managed_style_0798D2818840DE0E14AC</styleUrl>
			<Point>
				<altitudeMode>relativeToGround</altitudeMode>
				<coordinates>32.4148423,34.7566061,0</coordinates>
			</Point>
		</Placemark>
		<Placemark id="06812188923393F90C20">
			<name>Boogies Karaoke Club</name>
			<gx:mid>/g/1tpb8b43</gx:mid>
			<gx:fid>0x14e706c3dcdafe57:0xd330015f247d7c54</gx:fid>
			<LookAt>
				<longitude>32.4176934</longitude>
				<latitude>34.7571665</latitude>
				<altitude>0</altitude>
				<heading>0</heading>
				<tilt>0</tilt>
				<gx:fovy>35</gx:fovy>
				<range>849.4621988943743</range>
				<altitudeMode>relativeToGround</altitudeMode>
			</LookAt>
			<styleUrl>#__managed_style_0798D2818840DE0E14AC</styleUrl>
			<Point>
				<altitudeMode>relativeToGround</altitudeMode>
				<coordinates>32.42005406408253,34.75898340597665,0</coordinates>
			</Point>
		</Placemark>
		<Placemark id="076012EF1D3393FB8813">
			<name>The Wooden Pub</name>
			<gx:mid>/g/1pw3xk3zm</gx:mid>
			<gx:fid>0x14e706c4c8c08623:0xf9770b8656b0fad</gx:fid>
			<LookAt>
				<longitude>32.4134085</longitude>
				<latitude>34.7554582</latitude>
				<altitude>0</altitude>
				<heading>0</heading>
				<tilt>0</tilt>
				<gx:fovy>35</gx:fovy>
				<range>849.4815420738033</range>
				<altitudeMode>relativeToGround</altitudeMode>
			</LookAt>
			<styleUrl>#__managed_style_0798D2818840DE0E14AC</styleUrl>
			<Point>
				<altitudeMode>relativeToGround</altitudeMode>
				<coordinates>32.4134085,34.7554582,0</coordinates>
			</Point>
		</Placemark>
		<Placemark id="0CB533449B3393FE69B4">
			<name>Robin Hood Pub Paphos</name>
			<gx:mid>/g/11fmsf6zb_</gx:mid>
			<gx:fid>0x14e7073160b7d449:0x4dc71668ff4f4d42</gx:fid>
			<LookAt>
				<longitude>32.416867</longitude>
				<latitude>34.757506</latitude>
				<altitude>0</altitude>
				<heading>0</heading>
				<tilt>0</tilt>
				<gx:fovy>35</gx:fovy>
				<range>849.4583546260084</range>
				<altitudeMode>relativeToGround</altitudeMode>
			</LookAt>
			<styleUrl>#__managed_style_0798D2818840DE0E14AC</styleUrl>
			<Point>
				<altitudeMode>relativeToGround</altitudeMode>
				<coordinates>32.416867,34.757506,0</coordinates>
			</Point>
		</Placemark>
		<Placemark id="0D1DD3B8A83393FEED05">
			<name>The Bottle Bank Pub Cafe</name>
			<gx:mid>/g/11cr_pl0qm</gx:mid>
			<gx:fid>0x14e706c37d4512df:0x67be5d0847b2ca0d</gx:fid>
			<LookAt>
				<longitude>32.41492120000001</longitude>
				<latitude>34.7566838</latitude>
				<altitude>0</altitude>
				<heading>0</heading>
				<tilt>0</tilt>
				<gx:fovy>35</gx:fovy>
				<range>849.4676646111417</range>
				<altitudeMode>relativeToGround</altitudeMode>
			</LookAt>
			<styleUrl>#__managed_style_0798D2818840DE0E14AC</styleUrl>
			<Point>
				<altitudeMode>relativeToGround</altitudeMode>
				<coordinates>32.4149163,34.7566898,0</coordinates>
			</Point>
		</Placemark>
		<Placemark id="04D64E9C1A3398BD2025">
			<name>המרכז של חיי הלילה</name>
			<LookAt>
				<longitude>32.41788432788558</longitude>
				<latitude>34.75720437818857</latitude>
				<altitude>16.61815009476141</altitude>
				<heading>95.2799960771039</heading>
				<tilt>0</tilt>
				<gx:fovy>35</gx:fovy>
				<range>392.6968143622071</range>
				<altitudeMode>absolute</altitudeMode>
			</LookAt>
			<styleUrl>#__managed_style_27DE6543B840DE0E14B4</styleUrl>
			<Point>
				<coordinates>32.41788432788558,34.75720437818857,16.61815009476141</coordinates>
			</Point>
		</Placemark>
		<Placemark id="0CC8C2E47633A17A6BDD">
			<name>PizzaExpress</name>
			<gx:mid>/g/1tq2600t</gx:mid>
			<gx:fid>0x14e706c4b7eb22fb:0x9269a2c52dba2951</gx:fid>
			<LookAt>
				<longitude>32.413386</longitude>
				<latitude>34.755928</latitude>
				<altitude>0</altitude>
				<heading>0</heading>
				<tilt>0</tilt>
				<gx:fovy>35</gx:fovy>
				<range>849.4762225768682</range>
				<altitudeMode>relativeToGround</altitudeMode>
			</LookAt>
			<styleUrl>#__managed_style_195F6AB71E40DE0E14AE</styleUrl>
			<Point>
				<altitudeMode>relativeToGround</altitudeMode>
				<coordinates>32.4133784,34.7559471,0</coordinates>
			</Point>
		</Placemark>
		<Placemark id="0D8260B06C3FD153A10F">
			<name>מן טיילת</name>
			<LookAt>
				<longitude>32.40889087613031</longitude>
				<latitude>34.7628205283004</latitude>
				<altitude>12.62596723522465</altitude>
				<heading>0.2839681980545311</heading>
				<tilt>0.1646352874970247</tilt>
				<gx:fovy>35</gx:fovy>
				<range>18813.58744933969</range>
				<altitudeMode>absolute</altitudeMode>
			</LookAt>
			<styleUrl>#__managed_style_0FDC7AFA3140DE0E14B3</styleUrl>
			<LineString>
				<coordinates>
					32.4066141446072,34.75390026183167,0 32.4062749873471,34.75437020107238,0 32.40583082308641,34.75448818191782,0 32.40493792342166,34.75443238422436,0 32.40350521038383,34.75432659734728,0 32.40321462461447,34.75427212987542,0 32.40253329586903,34.75430060315473,0 32.40167123937032,34.75455568371967,0 32.40124847805265,34.75492480772093,0 32.40138803208314,34.75531568350225,0 32.40191508118988,34.75594116202259,0 32.40216586563631,34.75652722514341,0 32.40249342194057,34.75739281090762,0 32.40276186083852,34.75795421878392,0 32.40278870548465,34.758676895322,0 32.40319116216111,34.75994118686097,0 32.40397079636479,34.76090471461806,0 32.40423722186451,34.7612927818289,0 32.40447832293563,34.76173749753256,0 32.40510829835866,34.7621350799302,0 32.40557307438363,34.76273096016349,0 32.40581292750911,34.76305599161796,0 32.40661898847149,34.76336546874472,0 32.40713341698793,34.7649271567029,0 32.40728078322621,34.76641704692383,0 32.40672428573357,34.76716393358324,0 32.40635998531828,34.76758661684041,0 32.40612938186977,34.76805503795246,0 32.40591884679539,34.76838124990951,0 32.40536753374013,34.7696005084236,0 32.40470433664798,34.77033874967447,0 32.40418811735343,34.77077461440994,0 32.40410068237094,34.77114320235696,0 32.4046034913094,34.77144742561823,0 32.4049096740512,34.77191942570926,0 32.40457360100501,34.77250160382337,0 32.40412020167391,34.77289203708341,0 32.40392472155762,34.77308691180934,0 32.40339155092018,34.77377771667371,0 32.40271159015938,34.77456494259914,0 32.40211007087733,34.77474987195892,0 32.40252428277758,34.77513615375425,0 32.40290815043396,34.77540259507897,0 32.40293802887184,34.77582313308567,0 32.40300498406129,34.77728334879028,0 32.40322337563804,34.77800154057123,0 32.40333144656034,34.77903615669137,0 32.40345468876351,34.78000179244206,0 32.40319239337688,34.78059625851556,0 32.40293606803834,34.78104813491095,0 32.40307639184869,34.78152230766963,0 32.40281562799009,34.78260831385556,0 32.40206286319897,34.78376247999483,0 32.40166258465761,34.78448948679783,0 
				</coordinates>
			</LineString>
		</Placemark>
		<Placemark id="0B6CD35B8D3FD153EB21">
			<gx:mid>/g/11y48sfgp8</gx:mid>
			<gx:fid>0x14e7070016d9ab9d:0x11ddb1748b056ac3</gx:fid>
			<LookAt>
				<longitude>32.40214169999999</longitude>
				<latitude>34.7749164</latitude>
				<altitude>0</altitude>
				<heading>0</heading>
				<tilt>0</tilt>
				<gx:fovy>35</gx:fovy>
				<range>849.2611709059699</range>
				<altitudeMode>relativeToGround</altitudeMode>
			</LookAt>
			<styleUrl>#__managed_style_03A9AA4C6C40DE0E14AE</styleUrl>
			<Point>
				<altitudeMode>relativeToGround</altitudeMode>
				<coordinates>32.4021417,34.7749164,0</coordinates>
			</Point>
		</Placemark>
		<Placemark id="0BE46CF7D43FD155BB34">
			<gx:mid>/g/11bbt9x362</gx:mid>
			<gx:fid>0x14e706c3a167e431:0x227414a7b7853db0</gx:fid>
			<LookAt>
				<longitude>32.4157774</longitude>
				<latitude>34.7580578</latitude>
				<altitude>0</altitude>
				<heading>0</heading>
				<tilt>0</tilt>
				<gx:fovy>35</gx:fovy>
				<range>849.4521063521718</range>
				<altitudeMode>relativeToGround</altitudeMode>
			</LookAt>
			<styleUrl>#__managed_style_0798D2818840DE0E14AC</styleUrl>
			<Point>
				<altitudeMode>relativeToGround</altitudeMode>
				<coordinates>32.4157774,34.7580578,0</coordinates>
			</Point>
		</Placemark>
		<Placemark id="0E341646B13FD167345B">
			<gx:mid>/m/03qcbrh</gx:mid>
			<gx:fid>0x14e70817e7e9412d:0x37f3de9d54a55be5</gx:fid>
			<LookAt>
				<longitude>32.36877399999999</longitude>
				<latitude>34.85385325</latitude>
				<altitude>0</altitude>
				<heading>0</heading>
				<tilt>0</tilt>
				<gx:fovy>35</gx:fovy>
				<range>402.8594245756508</range>
				<altitudeMode>relativeToGround</altitudeMode>
			</LookAt>
			<styleUrl>#__managed_style_413B53F00D40DE0E14B0</styleUrl>
			<Point>
				<altitudeMode>relativeToGround</altitudeMode>
				<coordinates>32.3693757,34.8540839,0</coordinates>
			</Point>
		</Placemark>
		<Placemark id="0D8ACA58273FD169CFAE">
			<gx:mid>/g/1tgyn4xz</gx:mid>
			<gx:fid>0x14e706c3bd07abc9:0x1e291092aa7d6812</gx:fid>
			<LookAt>
				<longitude>32.41645119999999</longitude>
				<latitude>34.7575533</latitude>
				<altitude>0</altitude>
				<heading>0</heading>
				<tilt>0</tilt>
				<gx:fovy>35</gx:fovy>
				<range>849.4578190304255</range>
				<altitudeMode>relativeToGround</altitudeMode>
			</LookAt>
			<styleUrl>#__managed_style_131A847BA640DE0E14B8</styleUrl>
			<Point>
				<altitudeMode>relativeToGround</altitudeMode>
				<coordinates>32.4164512,34.7575533,0</coordinates>
			</Point>
		</Placemark>
		<Placemark id="0376D42FDC3FD16A5694">
			<gx:mid>/g/11h127mzq6</gx:mid>
			<gx:fid>0x14e71bfe78c322e5:0x1366e6d3928f2e5</gx:fid>
			<LookAt>
				<longitude>32.56899920000001</longitude>
				<latitude>34.75249369999999</latitude>
				<altitude>0</altitude>
				<heading>0</heading>
				<tilt>0</tilt>
				<gx:fovy>35</gx:fovy>
				<range>849.5151074792915</range>
				<altitudeMode>relativeToGround</altitudeMode>
			</LookAt>
			<styleUrl>#__managed_style_0A753D4BDC40DE0E14AF</styleUrl>
			<Point>
				<altitudeMode>relativeToGround</altitudeMode>
				<coordinates>32.5689992,34.7524937,0</coordinates>
			</Point>
		</Placemark>
		<Placemark id="06364827663FD16F2B58">
			<gx:mid>/g/11hzcy8f98</gx:mid>
			<gx:fid>0x14e709377eba04e5:0xcf299448b6843365</gx:fid>
			<LookAt>
				<longitude>32.4356592</longitude>
				<latitude>34.8711952</latitude>
				<altitude>0</altitude>
				<heading>0</heading>
				<tilt>0</tilt>
				<gx:fovy>35</gx:fovy>
				<range>848.1693328349357</range>
				<altitudeMode>relativeToGround</altitudeMode>
			</LookAt>
			<styleUrl>#__managed_style_0D2A33EC3640DE0E14B4</styleUrl>
			<Point>
				<altitudeMode>relativeToGround</altitudeMode>
				<coordinates>32.4356592,34.8711952,0</coordinates>
			</Point>
		</Placemark>
		<Placemark id="0983EDC8343FD16FBD00">
			<gx:mid>/g/11wqd0_rkb</gx:mid>
			<gx:fid>0x14e7750048946d4f:0x640f248a22c2c7d9</gx:fid>
			<LookAt>
				<longitude>32.3957523</longitude>
				<latitude>35.0420306</latitude>
				<altitude>0</altitude>
				<heading>0</heading>
				<tilt>0</tilt>
				<gx:fovy>35</gx:fovy>
				<range>846.2260856883024</range>
				<altitudeMode>relativeToGround</altitudeMode>
			</LookAt>
			<styleUrl>#__managed_style_0A753D4BDC40DE0E14AF</styleUrl>
			<Point>
				<altitudeMode>relativeToGround</altitudeMode>
				<coordinates>32.39451430688955,35.04103497671666,0</coordinates>
			</Point>
		</Placemark>
		<Placemark id="048DC8E3233FD17332C1">
			<gx:mid>/g/11j09z2h60</gx:mid>
			<gx:fid>0x14e7072f8eb1daaf:0xf0fd7b15be12bdb1</gx:fid>
			<LookAt>
				<longitude>32.4127503</longitude>
				<latitude>34.7590906</latitude>
				<altitude>0</altitude>
				<heading>0</heading>
				<tilt>0</tilt>
				<gx:fovy>35</gx:fovy>
				<range>849.4404112914812</range>
				<altitudeMode>relativeToGround</altitudeMode>
			</LookAt>
			<styleUrl>#__managed_style_195F6AB71E40DE0E14AE</styleUrl>
			<Point>
				<altitudeMode>relativeToGround</altitudeMode>
				<coordinates>32.4127494,34.7590845,0</coordinates>
			</Point>
		</Placemark>
		<Placemark id="03C65FE9E93FD173CAD8">
			<gx:mid>/g/11j6rx1qb1</gx:mid>
			<gx:fid>0x14e7074c4f56b72f:0xc2dbcc50e7d55a24</gx:fid>
			<LookAt>
				<longitude>32.405973</longitude>
				<latitude>34.7823148</latitude>
				<altitude>0</altitude>
				<heading>0</heading>
				<tilt>0</tilt>
				<gx:fovy>35</gx:fovy>
				<range>849.1773555485843</range>
				<altitudeMode>relativeToGround</altitudeMode>
			</LookAt>
			<styleUrl>#__managed_style_195F6AB71E40DE0E14AE</styleUrl>
			<Point>
				<altitudeMode>relativeToGround</altitudeMode>
				<coordinates>32.405973,34.7823148,0</coordinates>
			</Point>
		</Placemark>
		<Placemark id="0D5F0FCE4A3FD1742B88">
			<gx:mid>/g/11c529jd_9</gx:mid>
			<gx:fid>0x14e706c47f121323:0x6375c1e6a17a64b3</gx:fid>
			<LookAt>
				<longitude>32.4158877</longitude>
				<latitude>34.75634220000001</latitude>
				<altitude>0</altitude>
				<heading>0</heading>
				<tilt>0</tilt>
				<gx:fovy>35</gx:fovy>
				<range>849.4715325854465</range>
				<altitudeMode>relativeToGround</altitudeMode>
			</LookAt>
			<styleUrl>#__managed_style_195F6AB71E40DE0E14AE</styleUrl>
			<Point>
				<altitudeMode>relativeToGround</altitudeMode>
				<coordinates>32.4158877,34.7563422,0</coordinates>
			</Point>
		</Placemark>
		<Placemark id="039204DAD13FD17492B0">
			<gx:mid>/g/11c1xm7tdx</gx:mid>
			<gx:fid>0x14e706c4cd5df4e3:0x990f7dca718bddeb</gx:fid>
			<LookAt>
				<longitude>32.412835</longitude>
				<latitude>34.7554277</latitude>
				<altitude>0</altitude>
				<heading>0</heading>
				<tilt>0</tilt>
				<gx:fovy>35</gx:fovy>
				<range>849.481887420175</range>
				<altitudeMode>relativeToGround</altitudeMode>
			</LookAt>
			<styleUrl>#__managed_style_195F6AB71E40DE0E14AE</styleUrl>
			<Point>
				<altitudeMode>relativeToGround</altitudeMode>
				<coordinates>32.412835,34.7554277,0</coordinates>
			</Point>
		</Placemark>
		<Placemark id="0591CD485E3FD174ED94">
			<gx:mid>/g/11np7n55pk</gx:mid>
			<gx:fid>0x14e707fa19eb0605:0xb0f0b537db4c92db</gx:fid>
			<LookAt>
				<longitude>32.4068745</longitude>
				<latitude>34.7777073</latitude>
				<altitude>0</altitude>
				<heading>0</heading>
				<tilt>0</tilt>
				<gx:fovy>35</gx:fovy>
				<range>849.229554890118</range>
				<altitudeMode>relativeToGround</altitudeMode>
			</LookAt>
			<styleUrl>#__managed_style_195F6AB71E40DE0E14AE</styleUrl>
			<Point>
				<altitudeMode>relativeToGround</altitudeMode>
				<coordinates>32.4068745,34.7777073,0</coordinates>
			</Point>
		</Placemark>
		<Placemark id="0D5D6F30EB3FD175F1CE">
			<gx:mid>/g/1hc1kc3l_</gx:mid>
			<gx:fid>0x14e706c31a1c4031:0x4e5646a621fb6d83</gx:fid>
			<LookAt>
				<longitude>32.414672</longitude>
				<latitude>34.7587027</latitude>
				<altitude>0</altitude>
				<heading>0</heading>
				<tilt>0</tilt>
				<gx:fovy>35</gx:fovy>
				<range>849.4448037659122</range>
				<altitudeMode>relativeToGround</altitudeMode>
			</LookAt>
			<styleUrl>#__managed_style_195F6AB71E40DE0E14AE</styleUrl>
			<Point>
				<altitudeMode>relativeToGround</altitudeMode>
				<coordinates>32.414672,34.7587027,0</coordinates>
			</Point>
		</Placemark>
		<Placemark id="0CD9410C0E3FD1764C4F">
			<gx:mid>/g/11b5yqczwr</gx:mid>
			<gx:fid>0x14e706e5189329d5:0x321dec81530500a1</gx:fid>
			<LookAt>
				<longitude>32.4099336</longitude>
				<latitude>34.77159380000001</latitude>
				<altitude>0</altitude>
				<heading>0</heading>
				<tilt>0</tilt>
				<gx:fovy>35</gx:fovy>
				<range>849.2988075160082</range>
				<altitudeMode>relativeToGround</altitudeMode>
			</LookAt>
			<styleUrl>#__managed_style_195F6AB71E40DE0E14AE</styleUrl>
			<Point>
				<altitudeMode>relativeToGround</altitudeMode>
				<coordinates>32.4098866,34.7715834,0</coordinates>
			</Point>
		</Placemark>
		<Placemark id="07520DDAFB3FD176D903">
			<gx:mid>/g/11yb06t6yd</gx:mid>
			<gx:fid>0x14e7070072bdaef9:0xc993212857c312b0</gx:fid>
			<LookAt>
				<longitude>32.4384754</longitude>
				<latitude>34.7819199</latitude>
				<altitude>0</altitude>
				<heading>0</heading>
				<tilt>0</tilt>
				<gx:fovy>35</gx:fovy>
				<range>849.1818296700955</range>
				<altitudeMode>relativeToGround</altitudeMode>
			</LookAt>
			<styleUrl>#__managed_style_2CBDB30A3440DE0E14B0</styleUrl>
			<Point>
				<altitudeMode>relativeToGround</altitudeMode>
				<coordinates>32.4384754,34.7819199,0</coordinates>
			</Point>
		</Placemark>
		<Placemark id="098ED704BB3FD1773A7B">
			<gx:mid>/g/11kj_8vxzy</gx:mid>
			<gx:fid>0x14e7070a38fcc039:0x412fa64fb26cdaca</gx:fid>
			<LookAt>
				<longitude>32.4199627</longitude>
				<latitude>34.7777584</latitude>
				<altitude>0</altitude>
				<heading>0</heading>
				<tilt>0</tilt>
				<gx:fovy>35</gx:fovy>
				<range>849.2289759976378</range>
				<altitudeMode>relativeToGround</altitudeMode>
			</LookAt>
			<styleUrl>#__managed_style_2CBDB30A3440DE0E14B0</styleUrl>
			<Point>
				<altitudeMode>relativeToGround</altitudeMode>
				<coordinates>32.4199398,34.7777332,0</coordinates>
			</Point>
		</Placemark>
		<Placemark id="0180EB687E3FD17A7E69">
			<gx:mid>/g/11qb3hntj1</gx:mid>
			<gx:fid>0x14e707e60287a763:0x2ed0d2b62d59d580</gx:fid>
			<LookAt>
				<longitude>32.4174377</longitude>
				<latitude>34.7778904</latitude>
				<altitude>0</altitude>
				<heading>0</heading>
				<tilt>0</tilt>
				<gx:fovy>35</gx:fovy>
				<range>849.2274806166647</range>
				<altitudeMode>relativeToGround</altitudeMode>
			</LookAt>
			<styleUrl>#__managed_style_2CBDB30A3440DE0E14B0</styleUrl>
			<Point>
				<altitudeMode>relativeToGround</altitudeMode>
				<coordinates>32.4174377,34.7778904,0</coordinates>
			</Point>
		</Placemark>
		<Placemark id="0E8824630C3FD17ADA18">
			<gx:mid>/g/11g0kh721c</gx:mid>
			<gx:fid>0x14e707e74c49d1f1:0x600c5ff970d94bcf</gx:fid>
			<LookAt>
				<longitude>32.3979511</longitude>
				<latitude>34.804104</latitude>
				<altitude>0</altitude>
				<heading>0</heading>
				<tilt>0</tilt>
				<gx:fovy>35</gx:fovy>
				<range>848.9304264511364</range>
				<altitudeMode>relativeToGround</altitudeMode>
			</LookAt>
			<styleUrl>#__managed_style_2CBDB30A3440DE0E14B0</styleUrl>
			<Point>
				<altitudeMode>relativeToGround</altitudeMode>
				<coordinates>32.3979162,34.8040936,0</coordinates>
			</Point>
		</Placemark>
		<Placemark id="05836542353FD192F0D0">
			<gx:mid>/g/11cmbp823x</gx:mid>
			<gx:fid>0x14e706f439bbd421:0x9bff118bc7b34332</gx:fid>
			<LookAt>
				<longitude>32.41993629999999</longitude>
				<latitude>34.7771459</latitude>
				<altitude>0</altitude>
				<heading>0</heading>
				<tilt>0</tilt>
				<gx:fovy>35</gx:fovy>
				<range>849.2359147327327</range>
				<altitudeMode>relativeToGround</altitudeMode>
			</LookAt>
			<styleUrl>#__managed_style_2CBDB30A3440DE0E14B0</styleUrl>
			<Point>
				<altitudeMode>relativeToGround</altitudeMode>
				<coordinates>32.4199363,34.7771459,0</coordinates>
			</Point>
		</Placemark>
		<Placemark id="0DE2961A2E3FD194E9E4">
			<gx:mid>/g/11z58bcydy</gx:mid>
			<gx:fid>0x14e74700356ec435:0xa7e8e8a7a4255167</gx:fid>
			<LookAt>
				<longitude>32.8698972</longitude>
				<latitude>34.9030278</latitude>
				<altitude>0</altitude>
				<heading>0</heading>
				<tilt>0</tilt>
				<gx:fovy>35</gx:fovy>
				<range>847.8078105062058</range>
				<altitudeMode>relativeToGround</altitudeMode>
			</LookAt>
			<styleUrl>#__managed_style_0D2A33EC3640DE0E14B4</styleUrl>
			<Point>
				<altitudeMode>relativeToGround</altitudeMode>
				<coordinates>32.8698972,34.9030278,0</coordinates>
			</Point>
		</Placemark>
		<Placemark id="045CE5AFA33FD1955B21">
			<gx:mid>/g/11b6dnphsv</gx:mid>
			<gx:fid>0x14e7469285d66087:0xc336447303453056</gx:fid>
			<LookAt>
				<longitude>32.84064429999999</longitude>
				<latitude>34.9049431</latitude>
				<altitude>0</altitude>
				<heading>0</heading>
				<tilt>0</tilt>
				<gx:fovy>35</gx:fovy>
				<range>847.7860501043139</range>
				<altitudeMode>relativeToGround</altitudeMode>
			</LookAt>
			<styleUrl>#__managed_style_0D2A33EC3640DE0E14B4</styleUrl>
			<Point>
				<altitudeMode>relativeToGround</altitudeMode>
				<coordinates>32.8406443,34.9049431,0</coordinates>
			</Point>
		</Placemark>
		<Placemark id="0C9CEA7D813FD1970EA4">
			<gx:mid>/g/11fd14nfs8</gx:mid>
			<gx:fid>0x14e74fd477232829:0x7cb413e467d41ed1</gx:fid>
			<LookAt>
				<longitude>32.91296490000001</longitude>
				<latitude>34.9326303</latitude>
				<altitude>0</altitude>
				<heading>0</heading>
				<tilt>0</tilt>
				<gx:fovy>35</gx:fovy>
				<range>847.4713799221003</range>
				<altitudeMode>relativeToGround</altitudeMode>
			</LookAt>
			<styleUrl>#__managed_style_03A9AA4C6C40DE0E14AE</styleUrl>
			<Point>
				<altitudeMode>relativeToGround</altitudeMode>
				<coordinates>32.9129649,34.9326303,0</coordinates>
			</Point>
		</Placemark>
		<Placemark id="0106FB7C0E3FD197B613">
			<gx:mid>/g/11tnj0vcgq</gx:mid>
			<gx:fid>0x14e74f8caf161beb:0xa1c12d3ab7d1e6cf</gx:fid>
			<LookAt>
				<longitude>32.9161975</longitude>
				<latitude>34.9283479</latitude>
				<altitude>0</altitude>
				<heading>0</heading>
				<tilt>0</tilt>
				<gx:fovy>35</gx:fovy>
				<range>847.5200631670193</range>
				<altitudeMode>relativeToGround</altitudeMode>
			</LookAt>
			<styleUrl>#__managed_style_03A9AA4C6C40DE0E14AE</styleUrl>
			<Point>
				<altitudeMode>relativeToGround</altitudeMode>
				<coordinates>32.9161975,34.9283479,0</coordinates>
			</Point>
		</Placemark>
		<Placemark id="0CCCC1CA2E3FD197EA5C">
			<gx:mid>/g/11cp78cz94</gx:mid>
			<gx:fid>0x14e74f6a2a4af11d:0x26342042f5beece5</gx:fid>
			<LookAt>
				<longitude>32.9157576</longitude>
				<latitude>34.9289453</latitude>
				<altitude>0</altitude>
				<heading>0</heading>
				<tilt>0</tilt>
				<gx:fovy>35</gx:fovy>
				<range>847.5132720801013</range>
				<altitudeMode>relativeToGround</altitudeMode>
			</LookAt>
			<styleUrl>#__managed_style_133915364640DE0E14B3</styleUrl>
			<Point>
				<altitudeMode>relativeToGround</altitudeMode>
				<coordinates>32.9157576,34.9289453,0</coordinates>
			</Point>
		</Placemark>
		<Placemark id="037851C1CA3FD19A47BC">
			<gx:mid>/g/11fylzgx8x</gx:mid>
			<gx:fid>0x14e732fd541b8e93:0x5f338b478bf14649</gx:fid>
			<LookAt>
				<longitude>33.0444994</longitude>
				<latitude>34.6708175</latitude>
				<altitude>0</altitude>
				<heading>0</heading>
				<tilt>0</tilt>
				<gx:fovy>35</gx:fovy>
				<range>850.4389839143516</range>
				<altitudeMode>relativeToGround</altitudeMode>
			</LookAt>
			<styleUrl>#__managed_style_0A753D4BDC40DE0E14AF</styleUrl>
			<Point>
				<altitudeMode>relativeToGround</altitudeMode>
				<coordinates>33.0444994,34.6708175,0</coordinates>
			</Point>
		</Placemark>
		<Placemark id="0ABA77C8583FD19AA4AC">
			<gx:mid>/g/11k9f39kkb</gx:mid>
			<gx:fid>0x14e733bdc9edf799:0xffcd9f92428374b0</gx:fid>
			<LookAt>
				<longitude>33.0404636</longitude>
				<latitude>34.6705772</latitude>
				<altitude>0</altitude>
				<heading>0</heading>
				<tilt>0</tilt>
				<gx:fovy>35</gx:fovy>
				<range>850.4416994969399</range>
				<altitudeMode>relativeToGround</altitudeMode>
			</LookAt>
			<styleUrl>#__managed_style_01D8570B3340DE0E14B0</styleUrl>
			<Point>
				<altitudeMode>relativeToGround</altitudeMode>
				<coordinates>33.0404636,34.6705772,0</coordinates>
			</Point>
		</Placemark>
		<Placemark id="0EAAA493E63FD19B5F06">
			<gx:mid>/g/11zj2_0zqg</gx:mid>
			<gx:fid>0x14e733003a0a41eb:0x8e2e5939c9a1dde6</gx:fid>
			<LookAt>
				<longitude>33.0469917</longitude>
				<latitude>34.6737996</latitude>
				<altitude>0</altitude>
				<heading>0</heading>
				<tilt>0</tilt>
				<gx:fovy>35</gx:fovy>
				<range>850.4052825442465</range>
				<altitudeMode>relativeToGround</altitudeMode>
			</LookAt>
			<styleUrl>#__managed_style_0A753D4BDC40DE0E14AF</styleUrl>
			<Point>
				<altitudeMode>relativeToGround</altitudeMode>
				<coordinates>33.0469917,34.6737996,0</coordinates>
			</Point>
		</Placemark>
		<Placemark id="07718848063FD19BBAE1">
			<gx:mid>/g/11njshkqm_</gx:mid>
			<gx:fid>0x14e73300040fe969:0xb1a8998a35142681</gx:fid>
			<LookAt>
				<longitude>33.0528674</longitude>
				<latitude>34.67965709999999</latitude>
				<altitude>0</altitude>
				<heading>0</heading>
				<tilt>0</tilt>
				<gx:fovy>35</gx:fovy>
				<range>850.3390789089028</range>
				<altitudeMode>relativeToGround</altitudeMode>
			</LookAt>
			<styleUrl>#__managed_style_413B53F00D40DE0E14B0</styleUrl>
			<Point>
				<altitudeMode>relativeToGround</altitudeMode>
				<coordinates>33.0528674,34.6796571,0</coordinates>
			</Point>
		</Placemark>
		<Placemark id="09AA41B0143FD19D6ADC">
			<name>טיילת</name>
			<LookAt>
				<longitude>33.05763150588103</longitude>
				<latitude>34.67422368248229</latitude>
				<altitude>0.4047508165505009</altitude>
				<heading>-4.096194617617255e-07</heading>
				<tilt>0.06534340488735108</tilt>
				<gx:fovy>35</gx:fovy>
				<range>6273.745970445452</range>
				<altitudeMode>absolute</altitudeMode>
			</LookAt>
			<styleUrl>#__managed_style_199BCE168C40DE0E14B4</styleUrl>
			<LineString>
				<coordinates>
					33.04368718417039,34.67108687777247,0 33.04405382961993,34.67143354111082,0 33.04452022438484,34.67186770645512,0 33.04583745566681,34.67302415235608,0 33.04711983610505,34.67412533478756,0 33.04852316108311,34.67534605113973,0 33.05021654223273,34.67680947506716,0 33.05183310062525,34.67822529153066,0 33.05174520348022,34.67872324430781,0 33.05230560452944,34.67921153773864,0 
				</coordinates>
			</LineString>
		</Placemark>
		<Placemark id="0C25E7184C3FD19DF600">
			<gx:mid>/g/11xgv160m7</gx:mid>
			<gx:fid>0x14e7350001362deb:0x4404cb639c0981aa</gx:fid>
			<LookAt>
				<longitude>33.0563385</longitude>
				<latitude>34.7218307</latitude>
				<altitude>0</altitude>
				<heading>0</heading>
				<tilt>0</tilt>
				<gx:fovy>35</gx:fovy>
				<range>849.8621538475171</range>
				<altitudeMode>relativeToGround</altitudeMode>
			</LookAt>
			<styleUrl>#__managed_style_03A9AA4C6C40DE0E14AE</styleUrl>
			<Point>
				<altitudeMode>relativeToGround</altitudeMode>
				<coordinates>33.0563385,34.7218307,0</coordinates>
			</Point>
		</Placemark>
		<Placemark id="0A4BEC99743FD19E6B63">
			<gx:mid>/g/11ff1yjb6f</gx:mid>
			<gx:fid>0x14e0cb6fcec45d9f:0x5fae3adfa815efad</gx:fid>
			<LookAt>
				<longitude>33.08691520000001</longitude>
				<latitude>34.7437821</latitude>
				<altitude>0</altitude>
				<heading>0</heading>
				<tilt>0</tilt>
				<gx:fovy>35</gx:fovy>
				<range>849.6137309309206</range>
				<altitudeMode>relativeToGround</altitudeMode>
			</LookAt>
			<styleUrl>#__managed_style_03A9AA4C6C40DE0E14AE</styleUrl>
			<Point>
				<altitudeMode>relativeToGround</altitudeMode>
				<coordinates>33.0869152,34.7437821,0</coordinates>
			</Point>
		</Placemark>
		<Placemark id="0F74B476623FD19F17B1">
			<gx:mid>/g/1hc2502l4</gx:mid>
			<gx:fid>0x14e73315ee2a1765:0xbe9ce9c8c980d17</gx:fid>
			<LookAt>
				<longitude>33.0552031</longitude>
				<latitude>34.6834125</latitude>
				<altitude>0</altitude>
				<heading>0</heading>
				<tilt>0</tilt>
				<gx:fovy>35</gx:fovy>
				<range>850.2966292910469</range>
				<altitudeMode>relativeToGround</altitudeMode>
			</LookAt>
			<styleUrl>#__managed_style_3281A0A0E440DE0E14B4</styleUrl>
			<Point>
				<altitudeMode>relativeToGround</altitudeMode>
				<coordinates>33.0552031,34.6834125,0</coordinates>
			</Point>
		</Placemark>
		<Placemark id="0B87C6388E3FD1A0FB3C">
			<name>שדרה מרכזית</name>
			<LookAt>
				<longitude>33.04782199142456</longitude>
				<latitude>34.67104140531639</latitude>
				<altitude>-0.1887196509666211</altitude>
				<heading>0</heading>
				<tilt>0</tilt>
				<gx:fovy>55.59222835699597</gx:fovy>
				<range>2065.836304228578</range>
				<altitudeMode>absolute</altitudeMode>
			</LookAt>
			<styleUrl>#__managed_style_199BCE168C40DE0E14B4</styleUrl>
			<LineString>
				<coordinates>
					33.0464019584127,34.67531866248714,0 33.04581247657428,34.67473441543321,0 33.04541822203372,34.67435887949506,0 33.04469315060565,34.67411099270556,0 33.04406075955474,34.6739363058888,0 33.04342925317109,34.6737904878017,0 33.04288168724861,34.67357546137993,0 33.04209021624795,34.67325195120097,0 33.04132937790562,34.67287592161966,0 33.04025726099555,34.6726239835394,0 33.03993669735858,34.6725522014243,0 
				</coordinates>
			</LineString>
		</Placemark>
		<Placemark id="00C5FE5AF53FD1A155D6">
			<gx:mid>/m/0lqhgdn</gx:mid>
			<gx:fid>0x14e73302700d8819:0xc28f40b9e6700c66</gx:fid>
			<LookAt>
				<longitude>33.0421443</longitude>
				<latitude>34.67238510000001</latitude>
				<altitude>0</altitude>
				<heading>0</heading>
				<tilt>0</tilt>
				<gx:fovy>35</gx:fovy>
				<range>850.4212684093121</range>
				<altitudeMode>relativeToGround</altitudeMode>
			</LookAt>
			<styleUrl>#__managed_style_0A753D4BDC40DE0E14AF</styleUrl>
			<Point>
				<altitudeMode>relativeToGround</altitudeMode>
				<coordinates>33.0421443,34.6723851,0</coordinates>
			</Point>
		</Placemark>
		<Placemark id="09BAA136643FD1A28750">
			<name>מרכז העיר העתיקה</name>
			<LookAt>
				<longitude>33.04557672190877</longitude>
				<latitude>34.67221322407695</latitude>
				<altitude>0.404417822463996</altitude>
				<heading>2.844518504774438e-08</heading>
				<tilt>0.1978312477595421</tilt>
				<gx:fovy>64.24431945832632</gx:fovy>
				<range>1009.062283486856</range>
				<altitudeMode>absolute</altitudeMode>
			</LookAt>
			<styleUrl>#__managed_style_1B7C9DE76640DE0E14B7</styleUrl>
			<Polygon>
				<outerBoundaryIs>
					<LinearRing>
						<coordinates>
							33.0408276349653,34.67270765493168,0 33.04088881754307,34.67190425967762,0 33.04133914097835,34.67168276722768,0 33.04260181172927,34.67174911226277,0 33.04339875577155,34.67225050398648,0 33.04423619615923,34.67272364207247,0 33.04392453298436,34.67359466707691,0 33.0437601206112,34.67380692818858,0 33.0421130278978,34.67322651488111,0 33.0408276349653,34.67270765493168,0 
						</coordinates>
					</LinearRing>
				</outerBoundaryIs>
			</Polygon>
		</Placemark>
		<Placemark id="0A56BCC59D3FD1A36D5F">
			<gx:mid>/g/11fdxjh7md</gx:mid>
			<gx:fid>0x14e73320b762559d:0x9915abe902b57cbc</gx:fid>
			<LookAt>
				<longitude>33.0431823</longitude>
				<latitude>34.6762445</latitude>
				<altitude>0</altitude>
				<heading>0</heading>
				<tilt>0</tilt>
				<gx:fovy>35</gx:fovy>
				<range>850.3776504638463</range>
				<altitudeMode>relativeToGround</altitudeMode>
			</LookAt>
			<styleUrl>#__managed_style_195F6AB71E40DE0E14AE</styleUrl>
			<Point>
				<altitudeMode>relativeToGround</altitudeMode>
				<coordinates>33.0431823,34.6762445,0</coordinates>
			</Point>
		</Placemark>
		<Placemark id="013D804D7D3FD1A42314">
			<gx:mid>/m/0k70y3w</gx:mid>
			<gx:fid>0x14e73315089dc9bf:0xd80f501f9e8158ae</gx:fid>
			<LookAt>
				<longitude>33.0540171</longitude>
				<latitude>34.6851773</latitude>
				<altitude>0</altitude>
				<heading>0</heading>
				<tilt>0</tilt>
				<gx:fovy>35</gx:fovy>
				<range>850.2766793938597</range>
				<altitudeMode>relativeToGround</altitudeMode>
			</LookAt>
			<styleUrl>#__managed_style_01D8570B3340DE0E14B0</styleUrl>
			<Point>
				<altitudeMode>relativeToGround</altitudeMode>
				<coordinates>33.0541963,34.6852693,0</coordinates>
			</Point>
		</Placemark>
		<Placemark id="064A6C365A3FD1AA3AD3">
			<gx:mid>/g/11p4cztjf8</gx:mid>
			<gx:fid>0x14e0cbb884d743e1:0x5b53b8bc8e82729b</gx:fid>
			<LookAt>
				<longitude>33.1404125</longitude>
				<latitude>34.7117952</latitude>
				<altitude>0</altitude>
				<heading>0</heading>
				<tilt>0</tilt>
				<gx:fovy>35</gx:fovy>
				<range>849.9756833953794</range>
				<altitudeMode>relativeToGround</altitudeMode>
			</LookAt>
			<styleUrl>#__managed_style_03A9AA4C6C40DE0E14AE</styleUrl>
			<Point>
				<altitudeMode>relativeToGround</altitudeMode>
				<coordinates>33.1404125,34.7117952,0</coordinates>
			</Point>
		</Placemark>
		<Placemark id="099E48FC9B3FD1AAED10">
			<gx:mid>/g/11cs13jxd4</gx:mid>
			<gx:fid>0x14e0c842277c60d1:0x8cf32677826b7802</gx:fid>
			<LookAt>
				<longitude>33.2344251</longitude>
				<latitude>34.7064223</latitude>
				<altitude>0</altitude>
				<heading>0</heading>
				<tilt>0</tilt>
				<gx:fovy>35</gx:fovy>
				<range>850.0364551475564</range>
				<altitudeMode>relativeToGround</altitudeMode>
			</LookAt>
			<styleUrl>#__managed_style_0A753D4BDC40DE0E14AF</styleUrl>
			<Point>
				<altitudeMode>relativeToGround</altitudeMode>
				<coordinates>33.2344251,34.7064223,0</coordinates>
			</Point>
		</Placemark>
		<Placemark id="0F87A3C4533FD1AC6EAC">
			<gx:mid>/g/11q8s8slf0</gx:mid>
			<gx:fid>0x14e73381f1fa0c83:0xebef6928b817ef60</gx:fid>
			<LookAt>
				<longitude>33.0431423</longitude>
				<latitude>34.6754273</latitude>
				<altitude>0</altitude>
				<heading>0</heading>
				<tilt>0</tilt>
				<gx:fovy>35</gx:fovy>
				<range>850.3868865713104</range>
				<altitudeMode>relativeToGround</altitudeMode>
			</LookAt>
			<styleUrl>#__managed_style_195F6AB71E40DE0E14AE</styleUrl>
			<Point>
				<altitudeMode>relativeToGround</altitudeMode>
				<coordinates>33.0431299,34.6754496,0</coordinates>
			</Point>
		</Placemark>
		<Placemark id="0BCEA09EC63FD1ACE34C">
			<gx:mid>/g/1tfh1_hm</gx:mid>
			<gx:fid>0x14e7330260f35549:0xff10b8bb76cb4e01</gx:fid>
			<LookAt>
				<longitude>33.042233</longitude>
				<latitude>34.67272299999999</latitude>
				<altitude>0</altitude>
				<heading>0</heading>
				<tilt>0</tilt>
				<gx:fovy>35</gx:fovy>
				<range>850.4174497052707</range>
				<altitudeMode>relativeToGround</altitudeMode>
			</LookAt>
			<styleUrl>#__managed_style_195F6AB71E40DE0E14AE</styleUrl>
			<Point>
				<altitudeMode>relativeToGround</altitudeMode>
				<coordinates>33.042233,34.672723,0</coordinates>
			</Point>
		</Placemark>
		<Placemark id="00FC0C3C113FD1AD2D90">
			<gx:mid>/g/11hv08l9zb</gx:mid>
			<gx:fid>0x14e733484bc9ae93:0x1a7af96a461587c6</gx:fid>
			<LookAt>
				<longitude>33.0428289</longitude>
				<latitude>34.6737822</latitude>
				<altitude>0</altitude>
				<heading>0</heading>
				<tilt>0</tilt>
				<gx:fovy>35</gx:fovy>
				<range>850.4054791921961</range>
				<altitudeMode>relativeToGround</altitudeMode>
			</LookAt>
			<styleUrl>#__managed_style_195F6AB71E40DE0E14AE</styleUrl>
			<Point>
				<altitudeMode>relativeToGround</altitudeMode>
				<coordinates>33.0428289,34.6737822,0</coordinates>
			</Point>
		</Placemark>
		<Placemark id="0A13A5F77C3FD1AD70F6">
			<gx:mid>/g/11q3l5xzdn</gx:mid>
			<gx:fid>0x14e0cb5a64024979:0x997d33125432aaf1</gx:fid>
			<LookAt>
				<longitude>33.0877702</longitude>
				<latitude>34.7002252</latitude>
				<altitude>0</altitude>
				<heading>0</heading>
				<tilt>0</tilt>
				<gx:fovy>35</gx:fovy>
				<range>850.1065399332396</range>
				<altitudeMode>relativeToGround</altitudeMode>
			</LookAt>
			<styleUrl>#__managed_style_195F6AB71E40DE0E14AE</styleUrl>
			<Point>
				<altitudeMode>relativeToGround</altitudeMode>
				<coordinates>33.0877702,34.7002252,0</coordinates>
			</Point>
		</Placemark>
		<Placemark id="035141CFEE3FD1ADC527">
			<gx:mid>/g/11r8d__j3</gx:mid>
			<gx:fid>0x14e7331b0c1ce2f5:0xe74a636793954cd1</gx:fid>
			<LookAt>
				<longitude>33.0474854</longitude>
				<latitude>34.6765731</latitude>
				<altitude>0</altitude>
				<heading>0</heading>
				<tilt>0</tilt>
				<gx:fovy>35</gx:fovy>
				<range>850.3739365322069</range>
				<altitudeMode>relativeToGround</altitudeMode>
			</LookAt>
			<styleUrl>#__managed_style_195F6AB71E40DE0E14AE</styleUrl>
			<Point>
				<altitudeMode>relativeToGround</altitudeMode>
				<coordinates>33.0474854,34.6765731,0</coordinates>
			</Point>
		</Placemark>
		<Placemark id="09074724313FD1AE209B">
			<gx:mid>/g/11qmrydl49</gx:mid>
			<gx:fid>0x14e0cb4c9e653487:0x33bfa2350114523b</gx:fid>
			<LookAt>
				<longitude>33.1207444</longitude>
				<latitude>34.7074448</latitude>
				<altitude>0</altitude>
				<heading>0</heading>
				<tilt>0</tilt>
				<gx:fovy>35</gx:fovy>
				<range>850.0248904413878</range>
				<altitudeMode>relativeToGround</altitudeMode>
			</LookAt>
			<styleUrl>#__managed_style_195F6AB71E40DE0E14AE</styleUrl>
			<Point>
				<altitudeMode>relativeToGround</altitudeMode>
				<coordinates>33.1207444,34.7074448,0</coordinates>
			</Point>
		</Placemark>
		<Placemark id="0A85CAF3963FD1AE9E9F">
			<gx:mid>/g/11cmcfh57h</gx:mid>
			<gx:fid>0x14e7330427699aab:0xb96b2e2a54f46e07</gx:fid>
			<LookAt>
				<longitude>33.0395822</longitude>
				<latitude>34.67892700000001</latitude>
				<altitude>0</altitude>
				<heading>0</heading>
				<tilt>0</tilt>
				<gx:fovy>35</gx:fovy>
				<range>850.3473312565588</range>
				<altitudeMode>relativeToGround</altitudeMode>
			</LookAt>
			<styleUrl>#__managed_style_195F6AB71E40DE0E14AE</styleUrl>
			<Point>
				<altitudeMode>relativeToGround</altitudeMode>
				<coordinates>33.0395822,34.678927,0</coordinates>
			</Point>
		</Placemark>
		<Placemark id="00E361F9BC3FD1AF9E1F">
			<gx:mid>/g/11kwvwdvp5</gx:mid>
			<gx:fid>0x14e733387261171f:0x5efea3c681b8d0b8</gx:fid>
			<LookAt>
				<longitude>33.0552463</longitude>
				<latitude>34.6851906</latitude>
				<altitude>0</altitude>
				<heading>0</heading>
				<tilt>0</tilt>
				<gx:fovy>35</gx:fovy>
				<range>850.2765290430773</range>
				<altitudeMode>relativeToGround</altitudeMode>
			</LookAt>
			<styleUrl>#__managed_style_2CBDB30A3440DE0E14B0</styleUrl>
			<Point>
				<altitudeMode>relativeToGround</altitudeMode>
				<coordinates>33.0552463,34.6851906,0</coordinates>
			</Point>
		</Placemark>
		<Placemark id="0CA93AA4203FD1B05AB3">
			<gx:mid>/g/11n7wh2l5r</gx:mid>
			<gx:fid>0x14e73334ff5fc43f:0xf93675db00d519c4</gx:fid>
			<LookAt>
				<longitude>33.0446193</longitude>
				<latitude>34.67825680000001</latitude>
				<altitude>0</altitude>
				<heading>0</heading>
				<tilt>0</tilt>
				<gx:fovy>35</gx:fovy>
				<range>850.3549064302015</range>
				<altitudeMode>relativeToGround</altitudeMode>
			</LookAt>
			<styleUrl>#__managed_style_2CBDB30A3440DE0E14B0</styleUrl>
			<Point>
				<altitudeMode>relativeToGround</altitudeMode>
				<coordinates>33.0446193,34.6782568,0</coordinates>
			</Point>
		</Placemark>
		<Placemark id="0FF0CE84C73FD1B0D95C">
			<gx:mid>/g/11c547zv8k</gx:mid>
			<gx:fid>0x14e7331b606d2b6d:0xdf6d7e6ea261dd6</gx:fid>
			<LookAt>
				<longitude>33.04662</longitude>
				<latitude>34.675204</latitude>
				<altitude>0</altitude>
				<heading>0</heading>
				<tilt>0</tilt>
				<gx:fovy>35</gx:fovy>
				<range>850.3894103085821</range>
				<altitudeMode>relativeToGround</altitudeMode>
			</LookAt>
			<styleUrl>#__managed_style_2CBDB30A3440DE0E14B0</styleUrl>
			<Point>
				<altitudeMode>relativeToGround</altitudeMode>
				<coordinates>33.04662,34.675204,0</coordinates>
			</Point>
		</Placemark>
		<Placemark id="09AE86FAAF3FD1B13CF3">
			<gx:mid>/g/11dxbc3ctt</gx:mid>
			<gx:fid>0x14e0cca95e4b569b:0x25bfc418df999a16</gx:fid>
			<LookAt>
				<longitude>33.088042</longitude>
				<latitude>34.695906</latitude>
				<altitude>0</altitude>
				<heading>0</heading>
				<tilt>0</tilt>
				<gx:fovy>35</gx:fovy>
				<range>850.1553811024708</range>
				<altitudeMode>relativeToGround</altitudeMode>
			</LookAt>
			<styleUrl>#__managed_style_0798D2818840DE0E14AC</styleUrl>
			<Point>
				<altitudeMode>relativeToGround</altitudeMode>
				<coordinates>33.088042,34.695906,0</coordinates>
			</Point>
		</Placemark>
		<Placemark id="090D7ECD483FD1B19407">
			<gx:mid>/g/11h8rdws1x</gx:mid>
			<gx:fid>0x14e7336d8f3a8e9f:0x9f222ae3fbb9c053</gx:fid>
			<LookAt>
				<longitude>33.047814</longitude>
				<latitude>34.67674</latitude>
				<altitude>0</altitude>
				<heading>0</heading>
				<tilt>0</tilt>
				<gx:fovy>35</gx:fovy>
				<range>850.3720501696829</range>
				<altitudeMode>relativeToGround</altitudeMode>
			</LookAt>
			<styleUrl>#__managed_style_0798D2818840DE0E14AC</styleUrl>
			<Point>
				<altitudeMode>relativeToGround</altitudeMode>
				<coordinates>33.0478021,34.6767511,0</coordinates>
			</Point>
		</Placemark>
		<Placemark id="0B9A79FC863FD1B211DC">
			<gx:mid>/g/11s169dx4y</gx:mid>
			<gx:fid>0x14e733b95d3ca04b:0x2f6cd4eae97d4ee6</gx:fid>
			<LookAt>
				<longitude>33.0457641</longitude>
				<latitude>34.675093</latitude>
				<altitude>0</altitude>
				<heading>0</heading>
				<tilt>0</tilt>
				<gx:fovy>35</gx:fovy>
				<range>850.3906648260889</range>
				<altitudeMode>relativeToGround</altitudeMode>
			</LookAt>
			<styleUrl>#__managed_style_0798D2818840DE0E14AC</styleUrl>
			<Point>
				<altitudeMode>relativeToGround</altitudeMode>
				<coordinates>33.0457641,34.675093,0</coordinates>
			</Point>
		</Placemark>
		<Placemark id="0503C6DB6B3FD1B26588">
			<gx:mid>/g/11vdzpyljr</gx:mid>
			<gx:fid>0x14e7336a8758db19:0xc815a2021e327180</gx:fid>
			<LookAt>
				<longitude>33.0427279</longitude>
				<latitude>34.6761007</latitude>
				<altitude>0</altitude>
				<heading>0</heading>
				<tilt>0</tilt>
				<gx:fovy>35</gx:fovy>
				<range>850.379275723938</range>
				<altitudeMode>relativeToGround</altitudeMode>
			</LookAt>
			<styleUrl>#__managed_style_1494C0B20540DE0E14B0</styleUrl>
			<Point>
				<altitudeMode>relativeToGround</altitudeMode>
				<coordinates>33.0427279,34.6761007,0</coordinates>
			</Point>
		</Placemark>
		<Placemark id="0085E1446F3FD1B2EDEC">
			<gx:mid>/g/11mnd0jkkj</gx:mid>
			<gx:fid>0x14e73381ea881715:0x2041601aa7a5886a</gx:fid>
			<LookAt>
				<longitude>33.0422365</longitude>
				<latitude>34.6732603</latitude>
				<altitude>0</altitude>
				<heading>0</heading>
				<tilt>0</tilt>
				<gx:fovy>35</gx:fovy>
				<range>850.4113774639216</range>
				<altitudeMode>relativeToGround</altitudeMode>
			</LookAt>
			<styleUrl>#__managed_style_0798D2818840DE0E14AC</styleUrl>
			<Point>
				<altitudeMode>relativeToGround</altitudeMode>
				<coordinates>33.0422344,34.6732635,0</coordinates>
			</Point>
		</Placemark>
		<Placemark id="0892FC657F3FD1B3A539">
			<gx:mid>/g/11vr5532qj</gx:mid>
			<gx:fid>0x14e733006337406b:0xf55c144cedc21725</gx:fid>
			<LookAt>
				<longitude>33.04243750000001</longitude>
				<latitude>34.6733125</latitude>
				<altitude>0</altitude>
				<heading>0</heading>
				<tilt>0</tilt>
				<gx:fovy>35</gx:fovy>
				<range>850.4107875269228</range>
				<altitudeMode>relativeToGround</altitudeMode>
			</LookAt>
			<styleUrl>#__managed_style_1494C0B20540DE0E14B0</styleUrl>
			<Point>
				<altitudeMode>relativeToGround</altitudeMode>
				<coordinates>33.0424375,34.6733125,0</coordinates>
			</Point>
		</Placemark>
		<Placemark id="096E4C0A403FD1B40DFC">
			<gx:mid>/g/1tsgz1mc</gx:mid>
			<gx:fid>0x14e0cca9a784a571:0x4cee129dc0bc5c29</gx:fid>
			<LookAt>
				<longitude>33.08654629999999</longitude>
				<latitude>34.6951467</latitude>
				<altitude>0</altitude>
				<heading>0</heading>
				<tilt>0</tilt>
				<gx:fovy>35</gx:fovy>
				<range>850.1639667049519</range>
				<altitudeMode>relativeToGround</altitudeMode>
			</LookAt>
			<styleUrl>#__managed_style_0798D2818840DE0E14AC</styleUrl>
			<Point>
				<altitudeMode>relativeToGround</altitudeMode>
				<coordinates>33.0865464,34.6951468,0</coordinates>
			</Point>
		</Placemark>
		<Placemark id="0CD4EA15C33FD6D23BAF">
			<gx:mid>/g/11twh3x90b</gx:mid>
			<gx:fid>0x14e74d0bb3759e21:0x672396fced938395</gx:fid>
			<LookAt>
				<longitude>33.0210316</longitude>
				<latitude>34.9198548</latitude>
				<altitude>0</altitude>
				<heading>0</heading>
				<tilt>0</tilt>
				<gx:fovy>35</gx:fovy>
				<range>847.6166005146122</range>
				<altitudeMode>relativeToGround</altitudeMode>
			</LookAt>
			<styleUrl>#__managed_style_03A9AA4C6C40DE0E14AE</styleUrl>
			<Point>
				<altitudeMode>relativeToGround</altitudeMode>
				<coordinates>33.0210316,34.9198548,0</coordinates>
			</Point>
		</Placemark>
		<Placemark id="002D81A8E63FD6D586B1">
			<gx:mid>/g/11svzpbqfm</gx:mid>
			<gx:fid>0x14e7a11b45fb3fbf:0x8ba5f31ed0a74f74</gx:fid>
			<LookAt>
				<longitude>32.3480197</longitude>
				<latitude>34.9253636</latitude>
				<altitude>0</altitude>
				<heading>0</heading>
				<tilt>0</tilt>
				<gx:fovy>35</gx:fovy>
				<range>847.5539865255101</range>
				<altitudeMode>relativeToGround</altitudeMode>
			</LookAt>
			<styleUrl>#__managed_style_0A753D4BDC40DE0E14AF</styleUrl>
			<Point>
				<altitudeMode>relativeToGround</altitudeMode>
				<coordinates>32.3480197,34.9253636,0</coordinates>
			</Point>
		</Placemark>
		<Placemark id="0A2C7895BF3FD6D71DBE">
			<gx:mid>/g/11kbpg41my</gx:mid>
			<gx:fid>0x14e79f2dbfbef053:0x89b23a27b1eba612</gx:fid>
			<LookAt>
				<longitude>32.3261195</longitude>
				<latitude>35.0204341</latitude>
				<altitude>0</altitude>
				<heading>0</heading>
				<tilt>0</tilt>
				<gx:fovy>35</gx:fovy>
				<range>846.4721618228767</range>
				<altitudeMode>relativeToGround</altitudeMode>
			</LookAt>
			<styleUrl>#__managed_style_03A9AA4C6C40DE0E14AE</styleUrl>
			<Point>
				<altitudeMode>relativeToGround</altitudeMode>
				<coordinates>32.3261195,35.0204341,0</coordinates>
			</Point>
		</Placemark>
		<Placemark id="0BC885AFD83FD6D95849">
			<gx:mid>/g/11h6yxjpqj</gx:mid>
			<gx:fid>0x14e747509b92be9d:0x5b69a76e6d812990</gx:fid>
			<LookAt>
				<longitude>32.8299453</longitude>
				<latitude>34.9154899</latitude>
				<altitude>0</altitude>
				<heading>0</heading>
				<tilt>0</tilt>
				<gx:fovy>35</gx:fovy>
				<range>847.6662071572919</range>
				<altitudeMode>relativeToGround</altitudeMode>
			</LookAt>
			<styleUrl>#__managed_style_03A9AA4C6C40DE0E14AE</styleUrl>
			<Point>
				<altitudeMode>relativeToGround</altitudeMode>
				<coordinates>32.8299453,34.9154899,0</coordinates>
			</Point>
		</Placemark>
		<Placemark id="06CC57E60B3FD6DA3D29">
			<gx:mid>/g/11wvd6ml9g</gx:mid>
			<gx:fid>0x14e7450014ddae49:0x5d318e04fd89235b</gx:fid>
			<LookAt>
				<longitude>32.83997540000001</longitude>
				<latitude>34.9401899</latitude>
				<altitude>0</altitude>
				<heading>0</heading>
				<tilt>0</tilt>
				<gx:fovy>35</gx:fovy>
				<range>847.3854291791541</range>
				<altitudeMode>relativeToGround</altitudeMode>
			</LookAt>
			<styleUrl>#__managed_style_03A9AA4C6C40DE0E14AE</styleUrl>
			<Point>
				<altitudeMode>relativeToGround</altitudeMode>
				<coordinates>32.8399754,34.9401899,0</coordinates>
			</Point>
		</Placemark>
		<Placemark id="0A5952AAA23FD72DBAA9">
			<gx:mid>/m/05ry24</gx:mid>
			<gx:fid>0x14e745cf42e3a6b7:0xc0551e22f7f934e</gx:fid>
			<LookAt>
				<longitude>32.8639595</longitude>
				<latitude>34.9363747</latitude>
				<altitude>0</altitude>
				<heading>0</heading>
				<tilt>0</tilt>
				<gx:fovy>35</gx:fovy>
				<range>4411.196695216196</range>
				<altitudeMode>relativeToGround</altitudeMode>
			</LookAt>
			<styleUrl>#__managed_style_4144B1309B40DE0E14B4</styleUrl>
			<Point>
				<altitudeMode>relativeToGround</altitudeMode>
				<coordinates>32.8639595,34.9363752,0</coordinates>
			</Point>
		</Placemark>
		<Placemark id="01874E0F3E3FD7ECC230">
			<gx:mid>/m/0ql4w7s</gx:mid>
			<gx:fid>0x14e082a727a064e7:0x437ec0ec71cb3a4f</gx:fid>
			<LookAt>
				<longitude>33.6334909</longitude>
				<latitude>34.91914250000001</latitude>
				<altitude>0</altitude>
				<heading>0</heading>
				<tilt>0</tilt>
				<gx:fovy>35</gx:fovy>
				<range>847.6246960681071</range>
				<altitudeMode>relativeToGround</altitudeMode>
			</LookAt>
			<styleUrl>#__managed_style_01D8570B3340DE0E14B0</styleUrl>
			<Point>
				<altitudeMode>relativeToGround</altitudeMode>
				<coordinates>33.6334909,34.9191425,0</coordinates>
			</Point>
		</Placemark>
		<Placemark id="03B8373CD73FD7F01023">
			<gx:mid>/m/08cvyt</gx:mid>
			<gx:fid>0x14e08328df81f339:0x54f774f3db260cf6</gx:fid>
			<LookAt>
				<longitude>33.6076734</longitude>
				<latitude>34.8714923</latitude>
				<altitude>0</altitude>
				<heading>0</heading>
				<tilt>0</tilt>
				<gx:fovy>35</gx:fovy>
				<range>848.165959888568</range>
				<altitudeMode>relativeToGround</altitudeMode>
			</LookAt>
			<styleUrl>#__managed_style_25A7EA697440DE0E14B8</styleUrl>
			<Point>
				<altitudeMode>relativeToGround</altitudeMode>
				<coordinates>33.6076734,34.8714923,0</coordinates>
			</Point>
		</Placemark>
		<Placemark id="02DD57448B3FD7F20B98">
			<gx:mid>/g/1tf5b2_x</gx:mid>
			<gx:fid>0x14e082a26a2643fb:0x5b26a860ce798e82</gx:fid>
			<LookAt>
				<longitude>33.63875</longitude>
				<latitude>34.9134376</latitude>
				<altitude>0</altitude>
				<heading>0</heading>
				<tilt>0</tilt>
				<gx:fovy>35</gx:fovy>
				<range>847.6895296324943</range>
				<altitudeMode>relativeToGround</altitudeMode>
			</LookAt>
			<styleUrl>#__managed_style_413B53F00D40DE0E14B0</styleUrl>
			<Point>
				<altitudeMode>relativeToGround</altitudeMode>
				<coordinates>33.6383829,34.9140131,0</coordinates>
			</Point>
		</Placemark>
		<Placemark id="0AE572333F3FD7F24BEC">
			<gx:mid>/g/1tfd9t1f</gx:mid>
			<gx:fid>0x14e082bd2c938593:0x811447d1f5d741ad</gx:fid>
			<LookAt>
				<longitude>33.6376042</longitude>
				<latitude>34.910338</latitude>
				<altitude>0</altitude>
				<heading>0</heading>
				<tilt>0</tilt>
				<gx:fovy>35</gx:fovy>
				<range>847.7247516282367</range>
				<altitudeMode>relativeToGround</altitudeMode>
			</LookAt>
			<styleUrl>#__managed_style_0A753D4BDC40DE0E14AF</styleUrl>
			<Point>
				<altitudeMode>relativeToGround</altitudeMode>
				<coordinates>33.6376042,34.910338,0</coordinates>
			</Point>
		</Placemark>
		<Placemark id="0A1D51FFFB3FD7F28F6C">
			<gx:mid>/m/05m_0gj</gx:mid>
			<gx:fid>0x14e082a3526ec4a7:0xf5832e2d9a8e048a</gx:fid>
			<LookAt>
				<longitude>33.63479710000001</longitude>
				<latitude>34.9115001</latitude>
				<altitude>0</altitude>
				<heading>0</heading>
				<tilt>0</tilt>
				<gx:fovy>35</gx:fovy>
				<range>847.7115465121457</range>
				<altitudeMode>relativeToGround</altitudeMode>
			</LookAt>
			<styleUrl>#__managed_style_31815B4C8740DE0E14B8</styleUrl>
			<Point>
				<altitudeMode>relativeToGround</altitudeMode>
				<coordinates>33.6347971,34.9115001,0</coordinates>
			</Point>
		</Placemark>
		<Placemark id="0F94238F453FD7F3C51E">
			<gx:mid>/g/1tjpgzw5</gx:mid>
			<gx:fid>0x14e082a1a55447cb:0xd918f577f0c6fc44</gx:fid>
			<LookAt>
				<longitude>33.637771</longitude>
				<latitude>34.91703339999999</latitude>
				<altitude>0</altitude>
				<heading>0</heading>
				<tilt>0</tilt>
				<gx:fovy>35</gx:fovy>
				<range>847.6486660011009</range>
				<altitudeMode>relativeToGround</altitudeMode>
			</LookAt>
			<styleUrl>#__managed_style_0A753D4BDC40DE0E14AF</styleUrl>
			<Point>
				<altitudeMode>relativeToGround</altitudeMode>
				<coordinates>33.637771,34.9170334,0</coordinates>
			</Point>
		</Placemark>
		<Placemark id="01177327803FD7F45CDB">
			<gx:mid>/g/11j7xc0fdm</gx:mid>
			<gx:fid>0x14e09d1950b8806f:0x62d064b069ca1319</gx:fid>
			<LookAt>
				<longitude>33.6045388</longitude>
				<latitude>34.9247522</latitude>
				<altitude>0</altitude>
				<heading>0</heading>
				<tilt>0</tilt>
				<gx:fovy>35</gx:fovy>
				<range>847.5609361928892</range>
				<altitudeMode>relativeToGround</altitudeMode>
			</LookAt>
			<styleUrl>#__managed_style_24FE299DAA40DE0E14B6</styleUrl>
			<Point>
				<altitudeMode>relativeToGround</altitudeMode>
				<coordinates>33.6045388,34.9247522,0</coordinates>
			</Point>
		</Placemark>
		<Placemark id="006160DE403FD7F6EAC3">
			<gx:mid>/g/11scnxfg2y</gx:mid>
			<gx:fid>0x14e083aa5eedc387:0x7a8d924f64df6102</gx:fid>
			<LookAt>
				<longitude>33.6363675</longitude>
				<latitude>34.911797</latitude>
				<altitude>0</altitude>
				<heading>0</heading>
				<tilt>0</tilt>
				<gx:fovy>35</gx:fovy>
				<range>847.7081727369698</range>
				<altitudeMode>relativeToGround</altitudeMode>
			</LookAt>
			<styleUrl>#__managed_style_0A753D4BDC40DE0E14AF</styleUrl>
			<Point>
				<altitudeMode>relativeToGround</altitudeMode>
				<coordinates>33.6363675,34.911797,0</coordinates>
			</Point>
		</Placemark>
		<Placemark id="0EA82317023FD7F73163">
			<gx:mid>/g/1hf3rh3pg</gx:mid>
			<gx:fid>0x14e082a2c400e35f:0x48ae3e1d2b5fbb3d</gx:fid>
			<LookAt>
				<longitude>33.63845330000001</longitude>
				<latitude>34.9110946</latitude>
				<altitude>0</altitude>
				<heading>0</heading>
				<tilt>0</tilt>
				<gx:fovy>35</gx:fovy>
				<range>847.7161543090035</range>
				<altitudeMode>relativeToGround</altitudeMode>
			</LookAt>
			<styleUrl>#__managed_style_03A9AA4C6C40DE0E14AE</styleUrl>
			<Point>
				<altitudeMode>relativeToGround</altitudeMode>
				<coordinates>33.6384533,34.9110946,0</coordinates>
			</Point>
		</Placemark>
		<Placemark id="0D7264B1683FD7F88178">
			<name>טיילת</name>
			<LookAt>
				<longitude>33.655766527243</longitude>
				<latitude>34.90145404731093</latitude>
				<altitude>1.602303421078926</altitude>
				<heading>-1.170844257576509e-08</heading>
				<tilt>0.1364513339729652</tilt>
				<gx:fovy>59.67238031706594</gx:fovy>
				<range>7188.210921774153</range>
				<altitudeMode>absolute</altitudeMode>
			</LookAt>
			<styleUrl>#__managed_style_0FDC7AFA3140DE0E14B3</styleUrl>
			<LineString>
				<coordinates>
					33.63834238572694,34.91763959526808,0 33.63808513665621,34.91411788505419,0 33.63788083348203,34.91138757148742,0 33.63782239065591,34.91056434297632,0 33.63791528493029,34.9102874016793,0 33.63792188429352,34.91007486504598,0 33.63792022788719,34.90991773955499,0 33.63787507496091,34.90885039166206,0 33.63788350968643,34.9071862298884,0 33.637868209387,34.90648940548636,0 33.63792578849926,34.9052060945454,0 33.63794668034733,34.90480306091285,0 33.6378202219462,34.90425721971266,0 33.63779193781039,34.90366437331733,0 33.63781520161657,34.90326540883652,0 33.63786244073688,34.90293418728653,0 33.63789051093657,34.90255508761675,0 33.63804926752577,34.90122008105058,0 33.63813011800568,34.90054375059265,0 
				</coordinates>
			</LineString>
		</Placemark>
		<Placemark id="023A6B2EDB3FD7FFFC04">
			<gx:mid>/g/11ppz70ncg</gx:mid>
			<gx:fid>0x14e083edb53a1029:0x869430db834f5ee3</gx:fid>
			<LookAt>
				<longitude>33.6371389</longitude>
				<latitude>34.9161598</latitude>
				<altitude>0</altitude>
				<heading>0</heading>
				<tilt>0</tilt>
				<gx:fovy>35</gx:fovy>
				<range>847.6585941325994</range>
				<altitudeMode>relativeToGround</altitudeMode>
			</LookAt>
			<styleUrl>#__managed_style_195F6AB71E40DE0E14AE</styleUrl>
			<Point>
				<altitudeMode>relativeToGround</altitudeMode>
				<coordinates>33.6371735,34.9165123,0</coordinates>
			</Point>
		</Placemark>
		<Placemark id="06BCB3D8E83FD8006B50">
			<gx:mid>/g/11d_tkzcrq</gx:mid>
			<gx:fid>0x14e082a3b8e19453:0xf82aa9007b9a2701</gx:fid>
			<LookAt>
				<longitude>33.6363293</longitude>
				<latitude>34.9143493</latitude>
				<altitude>0</altitude>
				<heading>0</heading>
				<tilt>0</tilt>
				<gx:fovy>35</gx:fovy>
				<range>847.6791691469932</range>
				<altitudeMode>relativeToGround</altitudeMode>
			</LookAt>
			<styleUrl>#__managed_style_195F6AB71E40DE0E14AE</styleUrl>
			<Point>
				<altitudeMode>relativeToGround</altitudeMode>
				<coordinates>33.6363293,34.9143493,0</coordinates>
			</Point>
		</Placemark>
		<Placemark id="008766313E3FD800B960">
			<gx:mid>/g/11kqmj4329</gx:mid>
			<gx:fid>0x14e0834c240131cf:0x965ea87495a9d36e</gx:fid>
			<LookAt>
				<longitude>33.637004</longitude>
				<latitude>34.9122832</latitude>
				<altitude>0</altitude>
				<heading>0</heading>
				<tilt>0</tilt>
				<gx:fovy>35</gx:fovy>
				<range>847.7026478325452</range>
				<altitudeMode>relativeToGround</altitudeMode>
			</LookAt>
			<styleUrl>#__managed_style_195F6AB71E40DE0E14AE</styleUrl>
			<Point>
				<altitudeMode>relativeToGround</altitudeMode>
				<coordinates>33.637004,34.9122832,0</coordinates>
			</Point>
		</Placemark>
		<Placemark id="0C087F208A3FD800FCA7">
			<gx:mid>/g/11v14gd45s</gx:mid>
			<gx:fid>0x14e083e7a1bf4803:0x430f64930c929ce5</gx:fid>
			<LookAt>
				<longitude>33.6376426</longitude>
				<latitude>34.9021014</latitude>
				<altitude>0</altitude>
				<heading>0</heading>
				<tilt>0</tilt>
				<gx:fovy>35</gx:fovy>
				<range>847.8183353239907</range>
				<altitudeMode>relativeToGround</altitudeMode>
			</LookAt>
			<styleUrl>#__managed_style_195F6AB71E40DE0E14AE</styleUrl>
			<Point>
				<altitudeMode>relativeToGround</altitudeMode>
				<coordinates>33.637659,34.9021043,0</coordinates>
			</Point>
		</Placemark>
		<Placemark id="0ECB3770563FD8013E13">
			<gx:mid>/g/1ptwv_rvj</gx:mid>
			<gx:fid>0x14e082a228ffb899:0x2287245d6dff599c</gx:fid>
			<LookAt>
				<longitude>33.63784899999999</longitude>
				<latitude>34.915088</latitude>
				<altitude>0</altitude>
				<heading>0</heading>
				<tilt>0</tilt>
				<gx:fovy>35</gx:fovy>
				<range>847.6707744617743</range>
				<altitudeMode>relativeToGround</altitudeMode>
			</LookAt>
			<styleUrl>#__managed_style_195F6AB71E40DE0E14AE</styleUrl>
			<Point>
				<altitudeMode>relativeToGround</altitudeMode>
				<coordinates>33.637849,34.915088,0</coordinates>
			</Point>
		</Placemark>
		<Placemark id="02D66B4F5A3FD801F99E">
			<gx:mid>/g/11c5rpknv0</gx:mid>
			<gx:fid>0x14e082a32b3bb4cd:0x83bc83e6493b4224</gx:fid>
			<LookAt>
				<longitude>33.6369421</longitude>
				<latitude>34.9106065</latitude>
				<altitude>0</altitude>
				<heading>0</heading>
				<tilt>0</tilt>
				<gx:fovy>35</gx:fovy>
				<range>847.7217006536424</range>
				<altitudeMode>relativeToGround</altitudeMode>
			</LookAt>
			<styleUrl>#__managed_style_195F6AB71E40DE0E14AE</styleUrl>
			<Point>
				<altitudeMode>relativeToGround</altitudeMode>
				<coordinates>33.6369421,34.9106065,0</coordinates>
			</Point>
		</Placemark>
		<Placemark id="09F7E70B3A3FD8026F94">
			<gx:mid>/g/11p9x20_00</gx:mid>
			<gx:fid>0x14e083e70c99501d:0x6ffb600f8bee2671</gx:fid>
			<LookAt>
				<longitude>33.6352722</longitude>
				<latitude>34.9112295</latitude>
				<altitude>0</altitude>
				<heading>0</heading>
				<tilt>0</tilt>
				<gx:fovy>35</gx:fovy>
				<range>847.7146214116424</range>
				<altitudeMode>relativeToGround</altitudeMode>
			</LookAt>
			<styleUrl>#__managed_style_2CBDB30A3440DE0E14B0</styleUrl>
			<Point>
				<altitudeMode>relativeToGround</altitudeMode>
				<coordinates>33.6352722,34.9112295,0</coordinates>
			</Point>
		</Placemark>
		<Placemark id="06FFD0D9823FD802F37B">
			<gx:mid>/g/11g0q44310</gx:mid>
			<gx:fid>0x14e083c7eb80231b:0x473b3f43e680d266</gx:fid>
			<LookAt>
				<longitude>33.634976</longitude>
				<latitude>34.9143997</latitude>
				<altitude>0</altitude>
				<heading>0</heading>
				<tilt>0</tilt>
				<gx:fovy>35</gx:fovy>
				<range>847.6785963991687</range>
				<altitudeMode>relativeToGround</altitudeMode>
			</LookAt>
			<styleUrl>#__managed_style_2CBDB30A3440DE0E14B0</styleUrl>
			<Point>
				<altitudeMode>relativeToGround</altitudeMode>
				<coordinates>33.634976,34.9143997,0</coordinates>
			</Point>
		</Placemark>
		<Placemark id="09263438513FD8033A8C">
			<gx:mid>/g/11c6cqqsct</gx:mid>
			<gx:fid>0x14de175792f17123:0x8a9c1bb7f34f351c</gx:fid>
			<LookAt>
				<longitude>33.6358821</longitude>
				<latitude>34.9122715</latitude>
				<altitude>0</altitude>
				<heading>0</heading>
				<tilt>0</tilt>
				<gx:fovy>35</gx:fovy>
				<range>847.7027807855092</range>
				<altitudeMode>relativeToGround</altitudeMode>
			</LookAt>
			<styleUrl>#__managed_style_2CBDB30A3440DE0E14B0</styleUrl>
			<Point>
				<altitudeMode>relativeToGround</altitudeMode>
				<coordinates>33.6358821,34.9122715,0</coordinates>
			</Point>
		</Placemark>
		<Placemark id="015FF75B1E3FD803FA36">
			<gx:mid>/g/11vb7vf45m</gx:mid>
			<gx:fid>0x14de292af6d856a5:0x9f60c36ac96e8ffb</gx:fid>
			<LookAt>
				<longitude>33.6346936</longitude>
				<latitude>34.9306288</latitude>
				<altitude>0</altitude>
				<heading>0</heading>
				<tilt>0</tilt>
				<gx:fovy>35</gx:fovy>
				<range>847.4941339956229</range>
				<altitudeMode>relativeToGround</altitudeMode>
			</LookAt>
			<styleUrl>#__managed_style_0798D2818840DE0E14AC</styleUrl>
			<Point>
				<altitudeMode>relativeToGround</altitudeMode>
				<coordinates>33.634693,34.9305994,0</coordinates>
			</Point>
		</Placemark>
		<Placemark id="0087D8AA5C3FD8046CFB">
			<gx:mid>/g/1v8syw5_</gx:mid>
			<gx:fid>0x14e082a2e1780a4d:0x5be3b56fe0c640af</gx:fid>
			<LookAt>
				<longitude>33.6373825</longitude>
				<latitude>34.9119911</latitude>
				<altitude>0</altitude>
				<heading>0</heading>
				<tilt>0</tilt>
				<gx:fovy>35</gx:fovy>
				<range>847.7059671006461</range>
				<altitudeMode>relativeToGround</altitudeMode>
			</LookAt>
			<styleUrl>#__managed_style_0798D2818840DE0E14AC</styleUrl>
			<Point>
				<altitudeMode>relativeToGround</altitudeMode>
				<coordinates>33.6373721,34.9119898,0</coordinates>
			</Point>
		</Placemark>
		<Placemark id="0691F63F573FD804ECFF">
			<gx:mid>/g/11c1cvcwpt</gx:mid>
			<gx:fid>0x14e082a3507a17ef:0x15465f379432bf71</gx:fid>
			<LookAt>
				<longitude>33.6350309</longitude>
				<latitude>34.9118176</latitude>
				<altitude>0</altitude>
				<heading>0</heading>
				<tilt>0</tilt>
				<gx:fovy>35</gx:fovy>
				<range>847.7079386513518</range>
				<altitudeMode>relativeToGround</altitudeMode>
			</LookAt>
			<styleUrl>#__managed_style_0798D2818840DE0E14AC</styleUrl>
			<Point>
				<altitudeMode>relativeToGround</altitudeMode>
				<coordinates>33.6350309,34.9118176,0</coordinates>
			</Point>
		</Placemark>
		<Placemark id="09469CB49D3FD80535A7">
			<gx:mid>/g/11rc2q_9_x</gx:mid>
			<gx:fid>0x14e083299a1464d3:0x4b58dca8ba4d08fe</gx:fid>
			<LookAt>
				<longitude>33.6366019</longitude>
				<latitude>34.9121388</latitude>
				<altitude>0</altitude>
				<heading>0</heading>
				<tilt>0</tilt>
				<gx:fovy>35</gx:fovy>
				<range>847.7042887196393</range>
				<altitudeMode>relativeToGround</altitudeMode>
			</LookAt>
			<styleUrl>#__managed_style_1494C0B20540DE0E14B0</styleUrl>
			<Point>
				<altitudeMode>relativeToGround</altitudeMode>
				<coordinates>33.6366019,34.9121388,0</coordinates>
			</Point>
		</Placemark>
		<Placemark id="0CA0B238313FD8057DDB">
			<gx:mid>/g/11nnvfs7lg</gx:mid>
			<gx:fid>0x14e083e3f51dc93b:0xb9a19c25f0fd7689</gx:fid>
			<LookAt>
				<longitude>33.6388647</longitude>
				<latitude>34.8986001</latitude>
				<altitude>0</altitude>
				<heading>0</heading>
				<tilt>0</tilt>
				<gx:fovy>35</gx:fovy>
				<range>847.8581115383746</range>
				<altitudeMode>relativeToGround</altitudeMode>
			</LookAt>
			<styleUrl>#__managed_style_0BD7DCC89440DE0E14B1</styleUrl>
			<Point>
				<altitudeMode>relativeToGround</altitudeMode>
				<coordinates>33.6388647,34.8986001,0</coordinates>
			</Point>
		</Placemark>
		<Placemark id="050D716ADF3FD805F629">
			<gx:mid>/g/11hzwc8gw9</gx:mid>
			<gx:fid>0x14e083cb9365e88f:0xb685e9fc19998012</gx:fid>
			<LookAt>
				<longitude>33.6368022</longitude>
				<latitude>34.9127012</latitude>
				<altitude>0</altitude>
				<heading>0</heading>
				<tilt>0</tilt>
				<gx:fovy>35</gx:fovy>
				<range>847.6978978657887</range>
				<altitudeMode>relativeToGround</altitudeMode>
			</LookAt>
			<styleUrl>#__managed_style_1494C0B20540DE0E14B0</styleUrl>
			<Point>
				<altitudeMode>relativeToGround</altitudeMode>
				<coordinates>33.6368022,34.9127013,0</coordinates>
			</Point>
		</Placemark>
		<Placemark id="01B5CE49BE3FD8064AAE">
			<gx:mid>/g/11hyyghfm2</gx:mid>
			<gx:fid>0x14e083c7ee3aad5f:0x3a1ad14c6cfdb75f</gx:fid>
			<LookAt>
				<longitude>33.6334667</longitude>
				<latitude>34.9152639</latitude>
				<altitude>0</altitude>
				<heading>0</heading>
				<tilt>0</tilt>
				<gx:fovy>35</gx:fovy>
				<range>847.6687754899147</range>
				<altitudeMode>relativeToGround</altitudeMode>
			</LookAt>
			<styleUrl>#__managed_style_0798D2818840DE0E14AC</styleUrl>
			<Point>
				<altitudeMode>relativeToGround</altitudeMode>
				<coordinates>33.6334667,34.9152639,0</coordinates>
			</Point>
		</Placemark>
		<Placemark id="0EA0E37CD53FD89131E4">
			<gx:mid>/g/11dyxz0gh_</gx:mid>
			<gx:fid>0x14dfc5130b9a45a1:0xce5413107deaa1d1</gx:fid>
			<LookAt>
				<longitude>33.9997908</longitude>
				<latitude>34.98844109999999</latitude>
				<altitude>0</altitude>
				<heading>0</heading>
				<tilt>0</tilt>
				<gx:fovy>35</gx:fovy>
				<range>846.8364769265264</range>
				<altitudeMode>relativeToGround</altitudeMode>
			</LookAt>
			<styleUrl>#__managed_style_0A753D4BDC40DE0E14AF</styleUrl>
			<Point>
				<altitudeMode>relativeToGround</altitudeMode>
				<coordinates>33.9997908,34.9884411,0</coordinates>
			</Point>
		</Placemark>
		<Placemark id="0C4C9691F93FD89189B8">
			<gx:mid>/g/11c3v_q_c1</gx:mid>
			<gx:fid>0x14dfc51304b1a937:0x5162914fde90233</gx:fid>
			<LookAt>
				<longitude>33.9994415</longitude>
				<latitude>34.9893864</latitude>
				<altitude>0</altitude>
				<heading>0</heading>
				<tilt>0</tilt>
				<gx:fovy>35</gx:fovy>
				<range>846.8257162682803</range>
				<altitudeMode>relativeToGround</altitudeMode>
			</LookAt>
			<styleUrl>#__managed_style_0A753D4BDC40DE0E14AF</styleUrl>
			<Point>
				<altitudeMode>relativeToGround</altitudeMode>
				<coordinates>33.9994233,34.9893906,0</coordinates>
			</Point>
		</Placemark>
		<Placemark id="0483E095AE3FD891C810">
			<gx:mid>/g/11bc8_6fz3</gx:mid>
			<gx:fid>0x14dfc53fffa89097:0xf20a9c5dc5c983b7</gx:fid>
			<LookAt>
				<longitude>33.9974139</longitude>
				<latitude>34.98270094999999</latitude>
				<altitude>0</altitude>
				<heading>0</heading>
				<tilt>0</tilt>
				<gx:fovy>35</gx:fovy>
				<range>402.1940897563306</range>
				<altitudeMode>relativeToGround</altitudeMode>
			</LookAt>
			<styleUrl>#__managed_style_413B53F00D40DE0E14B0</styleUrl>
			<Point>
				<altitudeMode>relativeToGround</altitudeMode>
				<coordinates>33.9982527,34.9825724,0</coordinates>
			</Point>
		</Placemark>
		<Placemark id="0A7413FE893FD8925E91">
			<gx:mid>/g/11tk30hj8f</gx:mid>
			<gx:fid>0x14dfc571ef7f7677:0x2aca3f8541a98ee</gx:fid>
			<LookAt>
				<longitude>33.98184209999999</longitude>
				<latitude>34.9836994</latitude>
				<altitude>0</altitude>
				<heading>0</heading>
				<tilt>0</tilt>
				<gx:fovy>35</gx:fovy>
				<range>846.8904497590527</range>
				<altitudeMode>relativeToGround</altitudeMode>
			</LookAt>
			<styleUrl>#__managed_style_03A9AA4C6C40DE0E14AE</styleUrl>
			<Point>
				<altitudeMode>relativeToGround</altitudeMode>
				<coordinates>33.9818421,34.9836994,0</coordinates>
			</Point>
		</Placemark>
		<Placemark id="0C6D74DFAE3FD8929D24">
			<gx:mid>/g/11rs05ksm0</gx:mid>
			<gx:fid>0x14dfc59ccdef899b:0xc260b2c06a6dd902</gx:fid>
			<LookAt>
				<longitude>33.9836236</longitude>
				<latitude>34.98507229999999</latitude>
				<altitude>0</altitude>
				<heading>0</heading>
				<tilt>0</tilt>
				<gx:fovy>35</gx:fovy>
				<range>846.8748231974278</range>
				<altitudeMode>relativeToGround</altitudeMode>
			</LookAt>
			<styleUrl>#__managed_style_01D8570B3340DE0E14B0</styleUrl>
			<Point>
				<altitudeMode>relativeToGround</altitudeMode>
				<coordinates>33.9836236,34.9850723,0</coordinates>
			</Point>
		</Placemark>
		<Placemark id="0496341BD93FD8939464">
			<gx:mid>/g/1tf8jn6y</gx:mid>
			<gx:fid>0x14dfc55e684474d9:0x1e9543111f01b78f</gx:fid>
			<LookAt>
				<longitude>33.97931880000001</longitude>
				<latitude>34.9869051</latitude>
				<altitude>0</altitude>
				<heading>0</heading>
				<tilt>0</tilt>
				<gx:fovy>35</gx:fovy>
				<range>846.8539612229694</range>
				<altitudeMode>relativeToGround</altitudeMode>
			</LookAt>
			<styleUrl>#__managed_style_413B53F00D40DE0E14B0</styleUrl>
			<Point>
				<altitudeMode>relativeToGround</altitudeMode>
				<coordinates>33.9796176,34.9872553,0</coordinates>
			</Point>
		</Placemark>
		<Placemark id="0E8FFDA9233FD894ADC8">
			<gx:mid>/g/11pysc2kxj</gx:mid>
			<gx:fid>0x14dfc528cb2a02bb:0x2a23ea884df64374</gx:fid>
			<LookAt>
				<longitude>34.0164961</longitude>
				<latitude>34.98249739999999</latitude>
				<altitude>0</altitude>
				<heading>0</heading>
				<tilt>0</tilt>
				<gx:fovy>35</gx:fovy>
				<range>846.9041307102109</range>
				<altitudeMode>relativeToGround</altitudeMode>
			</LookAt>
			<styleUrl>#__managed_style_03A9AA4C6C40DE0E14AE</styleUrl>
			<Point>
				<altitudeMode>relativeToGround</altitudeMode>
				<coordinates>34.0164961,34.9824974,0</coordinates>
			</Point>
		</Placemark>
		<Placemark id="0EB52456F43FD894EB20">
			<gx:mid>/g/1tryppy9</gx:mid>
			<gx:fid>0x14dfc51743bd55e9:0x693a8f0f2e108182</gx:fid>
			<LookAt>
				<longitude>34.00751085</longitude>
				<latitude>34.9835693</latitude>
				<altitude>0</altitude>
				<heading>0</heading>
				<tilt>0</tilt>
				<gx:fovy>35</gx:fovy>
				<range>846.8919305522406</range>
				<altitudeMode>relativeToGround</altitudeMode>
			</LookAt>
			<styleUrl>#__managed_style_413B53F00D40DE0E14B0</styleUrl>
			<Point>
				<altitudeMode>relativeToGround</altitudeMode>
				<coordinates>34.0081783,34.984304,0</coordinates>
			</Point>
		</Placemark>
		<Placemark id="05B3E70D6D3FD8969F73">
			<gx:mid>/g/11sbn0nt30</gx:mid>
			<gx:fid>0x14dfc316970a1ce1:0xb9e065718af85375</gx:fid>
			<LookAt>
				<longitude>34.0653172</longitude>
				<latitude>34.9619606</latitude>
				<altitude>0</altitude>
				<heading>0</heading>
				<tilt>0</tilt>
				<gx:fovy>35</gx:fovy>
				<range>847.1378192165554</range>
				<altitudeMode>relativeToGround</altitudeMode>
			</LookAt>
			<styleUrl>#__managed_style_03A9AA4C6C40DE0E14AE</styleUrl>
			<Point>
				<altitudeMode>relativeToGround</altitudeMode>
				<coordinates>34.0653172,34.9619606,0</coordinates>
			</Point>
		</Placemark>
		<Placemark id="0FBA29E84A3FD89870A1">
			<gx:mid>/g/11f08k_r73</gx:mid>
			<gx:fid>0x14dfc5160aba8791:0x9aeb5181d4ce57c1</gx:fid>
			<LookAt>
				<longitude>34.0029216</longitude>
				<latitude>34.98234849999999</latitude>
				<altitude>0</altitude>
				<heading>0</heading>
				<tilt>0</tilt>
				<gx:fovy>35</gx:fovy>
				<range>846.9058254376446</range>
				<altitudeMode>relativeToGround</altitudeMode>
			</LookAt>
			<styleUrl>#__managed_style_0A753D4BDC40DE0E14AF</styleUrl>
			<Point>
				<altitudeMode>relativeToGround</altitudeMode>
				<coordinates>34.00187583163302,34.98220316867761,0</coordinates>
			</Point>
		</Placemark>
		<Placemark id="05D1C0C2173FD898F677">
			<gx:mid>/g/11f7btljyh</gx:mid>
			<gx:fid>0x14dfc514d6bb748b:0x1bddcde24202a4cc</gx:fid>
			<LookAt>
				<longitude>33.9976966</longitude>
				<latitude>34.9855152</latitude>
				<altitude>0</altitude>
				<heading>0</heading>
				<tilt>0</tilt>
				<gx:fovy>35</gx:fovy>
				<range>846.8697819367001</range>
				<altitudeMode>relativeToGround</altitudeMode>
			</LookAt>
			<styleUrl>#__managed_style_0A7581549D40DE0E14B6</styleUrl>
			<Point>
				<altitudeMode>relativeToGround</altitudeMode>
				<coordinates>33.9976966,34.9855152,0</coordinates>
			</Point>
		</Placemark>
		<Placemark id="019A55893F3FDB86C561">
			<gx:mid>/g/1hf0cy182</gx:mid>
			<gx:fid>0x14dfc66268ccac59:0x609205dd5cc057e8</gx:fid>
			<LookAt>
				<longitude>34.0184525</longitude>
				<latitude>35.0476462</latitude>
				<altitude>0</altitude>
				<heading>0</heading>
				<tilt>0</tilt>
				<gx:fovy>35</gx:fovy>
				<range>846.1620803521323</range>
				<altitudeMode>relativeToGround</altitudeMode>
			</LookAt>
			<styleUrl>#__managed_style_0A753D4BDC40DE0E14AF</styleUrl>
			<Point>
				<altitudeMode>relativeToGround</altitudeMode>
				<coordinates>34.0184525,35.0476462,0</coordinates>
			</Point>
		</Placemark>
		<Placemark id="00310D07633FDB876D7C">
			<gx:mid>/g/11ry2nhj31</gx:mid>
			<gx:fid>0x14dfc59ca98954c5:0x26d32d13c1292801</gx:fid>
			<LookAt>
				<longitude>34.0563667</longitude>
				<latitude>35.0149724</latitude>
				<altitude>0</altitude>
				<heading>0</heading>
				<tilt>0</tilt>
				<gx:fovy>35</gx:fovy>
				<range>846.5343747671521</range>
				<altitudeMode>relativeToGround</altitudeMode>
			</LookAt>
			<styleUrl>#__managed_style_03A9AA4C6C40DE0E14AE</styleUrl>
			<Point>
				<altitudeMode>relativeToGround</altitudeMode>
				<coordinates>34.0563667,35.0149724,0</coordinates>
			</Point>
		</Placemark>
		<Placemark id="0D74A0E54A3FDB8D8770">
			<gx:mid>/m/0t52l66</gx:mid>
			<gx:fid>0x14dfc4060782bea1:0x6496d64029ff5c18</gx:fid>
			<LookAt>
				<longitude>34.05861240000001</longitude>
				<latitude>35.01271155</latitude>
				<altitude>0</altitude>
				<heading>0</heading>
				<tilt>0</tilt>
				<gx:fovy>35</gx:fovy>
				<range>846.560125324248</range>
				<altitudeMode>relativeToGround</altitudeMode>
			</LookAt>
			<styleUrl>#__managed_style_413B53F00D40DE0E14B0</styleUrl>
			<Point>
				<altitudeMode>relativeToGround</altitudeMode>
				<coordinates>34.0587472,35.0123605,0</coordinates>
			</Point>
		</Placemark>
		<Placemark id="061DE451823FDB8F3727">
			<gx:mid>/g/11tcjch_q2</gx:mid>
			<gx:fid>0x14dfc537de4a261f:0xdf0c19ab554122d</gx:fid>
			<LookAt>
				<longitude>34.0633182</longitude>
				<latitude>35.0123058</latitude>
				<altitude>0</altitude>
				<heading>0</heading>
				<tilt>0</tilt>
				<gx:fovy>35</gx:fovy>
				<range>846.5647465828694</range>
				<altitudeMode>relativeToGround</altitudeMode>
			</LookAt>
			<styleUrl>#__managed_style_03A9AA4C6C40DE0E14AE</styleUrl>
			<Point>
				<altitudeMode>relativeToGround</altitudeMode>
				<coordinates>34.0633182,35.0123058,0</coordinates>
			</Point>
		</Placemark>
		<Placemark id="0DBCF271333FDB90D6D1">
			<name>טיילת</name>
			<LookAt>
				<longitude>34.0583039865348</longitude>
				<latitude>35.013040399577</latitude>
				<altitude>6.78105002228887</altitude>
				<heading>9.657058147135448</heading>
				<tilt>0</tilt>
				<gx:fovy>35</gx:fovy>
				<range>6145.587567124749</range>
				<altitudeMode>absolute</altitudeMode>
			</LookAt>
			<styleUrl>#__managed_style_0FDC7AFA3140DE0E14B3</styleUrl>
			<LineString>
				<coordinates>
					34.06133001283534,35.00760231638855,0 34.06118917020202,35.00817696697801,0 34.06114753493063,35.00861919226955,0 34.06126750370849,35.00894077704154,0 34.06156783904954,35.00916871484029,0 34.06186136793668,35.00921462362766,0 34.06204799258821,35.0094438035016,0 34.06233676291995,35.00950831956587,0 34.06281658693965,35.00950177352338,0 34.06303430718299,35.00951232341334,0 34.06358447524064,35.00978364753351,0 34.0641505429044,35.01049294109941,0 34.06411188519948,35.01180556285686,0 34.06408759149829,35.01229879209092,0 34.06279997933422,35.01218021783458,0 34.06209301413512,35.01240639156438,0 34.06156977141782,35.01212086787714,0 34.06152196507518,35.01206230281613,0 34.06072197360196,35.01174258527374,0 34.06019842126697,35.0117428421819,0 34.05962687927062,35.01178332460294,0 34.05935316260884,35.01195630124577,0 34.05917482505897,35.01205214098189,0 34.05882951481544,35.01209818569764,0 34.05859528114843,35.01210548409921,0 34.05832369470794,35.01247695388228,0 34.058256445139,35.01289357760262,0 34.05769028342479,35.01357161526537,0 34.05745106238985,35.01395430837827,0 34.05734567070619,35.01383214712043,0 34.05627255341287,35.01438436444283,0 34.05625107528659,35.01462983173312,0 34.05631223869533,35.01475630406784,0 34.05621409298435,35.01488676747812,0 34.05595806696353,35.01496408389538,0 34.05571183517411,35.01497506312852,0 34.05552584526447,35.01504021905517,0 34.05514363205209,35.01532659985177,0 34.05462547223434,35.01561110860352,0 34.05399730220847,35.01635769362625,0 34.05340835931549,35.0171527182088,0 34.05317247185784,35.01735295290696,0 34.05294133408472,35.01769170644578,0 34.05206116942017,35.0188069303996,0 34.05139673439645,35.01961656439408,0 34.05084324965785,35.02033790542124,0 34.05090822831512,35.02046486097566,0 34.05082362090157,35.02064953985142,0 34.05074626847003,35.0209859765852,0 34.05101522181025,35.02150803735388,0 34.05120050834774,35.02157320784632,0 34.05137813413494,35.02156691368531,0 
				</coordinates>
			</LineString>
		</Placemark>
		<Placemark id="08F9AC10F43FDB968C9C">
			<gx:mid>/g/11bbyhjzw_</gx:mid>
			<gx:fid>0x14dfc51d304becc7:0xb3f85954765515f7</gx:fid>
			<LookAt>
				<longitude>34.0167826</longitude>
				<latitude>34.98580250000001</latitude>
				<altitude>0</altitude>
				<heading>0</heading>
				<tilt>0</tilt>
				<gx:fovy>35</gx:fovy>
				<range>846.8665117488105</range>
				<altitudeMode>relativeToGround</altitudeMode>
			</LookAt>
			<styleUrl>#__managed_style_133915364640DE0E14B3</styleUrl>
			<Point>
				<altitudeMode>relativeToGround</altitudeMode>
				<coordinates>34.01824672004293,34.98536251435629,0</coordinates>
			</Point>
		</Placemark>
		<Placemark id="0943ECA1653FDB990EE4">
			<gx:mid>/g/1vfpt2jd</gx:mid>
			<gx:fid>0x14dfc419796209f5:0xb0aba6c4acd38694</gx:fid>
			<LookAt>
				<longitude>34.0476025</longitude>
				<latitude>35.0182689</latitude>
				<altitude>0</altitude>
				<heading>0</heading>
				<tilt>0</tilt>
				<gx:fovy>35</gx:fovy>
				<range>846.4968260303914</range>
				<altitudeMode>relativeToGround</altitudeMode>
			</LookAt>
			<styleUrl>#__managed_style_0A753D4BDC40DE0E14AF</styleUrl>
			<Point>
				<altitudeMode>relativeToGround</altitudeMode>
				<coordinates>34.0476025,35.0182689,0</coordinates>
			</Point>
		</Placemark>
		<Placemark id="06BA5594C23FDBA78A4C">
			<gx:mid>/g/11b90kq3hn</gx:mid>
			<gx:fid>0x14dfc514897654bb:0x633c8a71459b627</gx:fid>
			<LookAt>
				<longitude>34.0004892</longitude>
				<latitude>34.9861397</latitude>
				<altitude>0</altitude>
				<heading>0</heading>
				<tilt>0</tilt>
				<gx:fovy>35</gx:fovy>
				<range>846.8626735477104</range>
				<altitudeMode>relativeToGround</altitudeMode>
			</LookAt>
			<styleUrl>#__managed_style_195F6AB71E40DE0E14AE</styleUrl>
			<Point>
				<altitudeMode>relativeToGround</altitudeMode>
				<coordinates>34.0004892,34.9861397,0</coordinates>
			</Point>
		</Placemark>
		<Placemark id="0D139611503FDBA86BA3">
			<gx:mid>/g/11g_hsnq8</gx:mid>
			<gx:fid>0x14dfc50d85234d35:0x56f6cb18aaf31c35</gx:fid>
			<LookAt>
				<longitude>34.0006293</longitude>
				<latitude>34.9920608</latitude>
				<altitude>0</altitude>
				<heading>0</heading>
				<tilt>0</tilt>
				<gx:fovy>35</gx:fovy>
				<range>846.7952714496217</range>
				<altitudeMode>relativeToGround</altitudeMode>
			</LookAt>
			<styleUrl>#__managed_style_195F6AB71E40DE0E14AE</styleUrl>
			<Point>
				<altitudeMode>relativeToGround</altitudeMode>
				<coordinates>34.0005993,34.9920661,0</coordinates>
			</Point>
		</Placemark>
		<Placemark id="02DB9ED9203FDBA8ED6F">
			<gx:mid>/g/11bwf95j3v</gx:mid>
			<gx:fid>0x14dfc5fa1eafd2b3:0x6b8592cd1331e728</gx:fid>
			<LookAt>
				<longitude>34.0019841</longitude>
				<latitude>34.9891286</latitude>
				<altitude>0</altitude>
				<heading>0</heading>
				<tilt>0</tilt>
				<gx:fovy>35</gx:fovy>
				<range>846.8286509126783</range>
				<altitudeMode>relativeToGround</altitudeMode>
			</LookAt>
			<styleUrl>#__managed_style_195F6AB71E40DE0E14AE</styleUrl>
			<Point>
				<altitudeMode>relativeToGround</altitudeMode>
				<coordinates>34.0019841,34.9891286,0</coordinates>
			</Point>
		</Placemark>
		<Placemark id="0BD17FF5F23FDBA96763">
			<gx:mid>/g/11sz5kwgbn</gx:mid>
			<gx:fid>0x14dfc5b1ca4b4c85:0x8fe4acc7bda5a56e</gx:fid>
			<LookAt>
				<longitude>34.0043139</longitude>
				<latitude>34.9878831</latitude>
				<altitude>0</altitude>
				<heading>0</heading>
				<tilt>0</tilt>
				<gx:fovy>35</gx:fovy>
				<range>846.8428287141256</range>
				<altitudeMode>relativeToGround</altitudeMode>
			</LookAt>
			<styleUrl>#__managed_style_195F6AB71E40DE0E14AE</styleUrl>
			<Point>
				<altitudeMode>relativeToGround</altitudeMode>
				<coordinates>34.0043139,34.9878831,0</coordinates>
			</Point>
		</Placemark>
		<Placemark id="0B774887453FDBA9C1C8">
			<gx:mid>/g/11xdld84gt</gx:mid>
			<gx:fid>0x14dfc5004bac8eb1:0x119a2a8ee64185b2</gx:fid>
			<LookAt>
				<longitude>33.9798207</longitude>
				<latitude>34.9893767</latitude>
				<altitude>0</altitude>
				<heading>0</heading>
				<tilt>0</tilt>
				<gx:fovy>35</gx:fovy>
				<range>846.8258266877172</range>
				<altitudeMode>relativeToGround</altitudeMode>
			</LookAt>
			<styleUrl>#__managed_style_195F6AB71E40DE0E14AE</styleUrl>
			<Point>
				<altitudeMode>relativeToGround</altitudeMode>
				<coordinates>33.9798207,34.9893767,0</coordinates>
			</Point>
		</Placemark>
		<Placemark id="0BCCD8E4A43FDBAA38F3">
			<gx:mid>/g/11trlwgm2d</gx:mid>
			<gx:fid>0x14dfc5242e2b03f3:0xd360ce01f8d87fcd</gx:fid>
			<LookAt>
				<longitude>33.9942862</longitude>
				<latitude>34.98728239999999</latitude>
				<altitude>0</altitude>
				<heading>0</heading>
				<tilt>0</tilt>
				<gx:fovy>35</gx:fovy>
				<range>846.8496664714987</range>
				<altitudeMode>relativeToGround</altitudeMode>
			</LookAt>
			<styleUrl>#__managed_style_195F6AB71E40DE0E14AE</styleUrl>
			<Point>
				<altitudeMode>relativeToGround</altitudeMode>
				<coordinates>33.9942862,34.9872824,0</coordinates>
			</Point>
		</Placemark>
		<Placemark id="07ABE0E8C53FDBAA90B0">
			<gx:mid>/g/1tcwzklm</gx:mid>
			<gx:fid>0x14dfc513b7d137eb:0xdde67b6b8063ad67</gx:fid>
			<LookAt>
				<longitude>34.0015149</longitude>
				<latitude>34.9885088</latitude>
				<altitude>0</altitude>
				<heading>0</heading>
				<tilt>0</tilt>
				<gx:fovy>35</gx:fovy>
				<range>846.8357062830221</range>
				<altitudeMode>relativeToGround</altitudeMode>
			</LookAt>
			<styleUrl>#__managed_style_195F6AB71E40DE0E14AE</styleUrl>
			<Point>
				<altitudeMode>relativeToGround</altitudeMode>
				<coordinates>34.0015149,34.9885088,0</coordinates>
			</Point>
		</Placemark>
		<Placemark id="01192359CC3FDBAB5E47">
			<gx:mid>/g/11clw69yq6</gx:mid>
			<gx:fid>0x14dfcfd9892f6d31:0x88b8b1ccaccc0bea</gx:fid>
			<LookAt>
				<longitude>33.943439</longitude>
				<latitude>34.985092</latitude>
				<altitude>0</altitude>
				<heading>0</heading>
				<tilt>0</tilt>
				<gx:fovy>35</gx:fovy>
				<range>846.8745989654136</range>
				<altitudeMode>relativeToGround</altitudeMode>
			</LookAt>
			<styleUrl>#__managed_style_0A753D4BDC40DE0E14AF</styleUrl>
			<Point>
				<altitudeMode>relativeToGround</altitudeMode>
				<coordinates>33.943439,34.985092,0</coordinates>
			</Point>
		</Placemark>
		<Placemark id="01A1780E473FDBAC68C8">
			<gx:mid>/g/11kpysckpk</gx:mid>
			<gx:fid>0x14dfcf331430287d:0x227dccd64762bfba</gx:fid>
			<LookAt>
				<longitude>33.9896198</longitude>
				<latitude>34.9877603</latitude>
				<altitude>0</altitude>
				<heading>0</heading>
				<tilt>0</tilt>
				<gx:fovy>35</gx:fovy>
				<range>846.8442265519177</range>
				<altitudeMode>relativeToGround</altitudeMode>
			</LookAt>
			<styleUrl>#__managed_style_2CBDB30A3440DE0E14B0</styleUrl>
			<Point>
				<altitudeMode>relativeToGround</altitudeMode>
				<coordinates>33.9896198,34.9877603,0</coordinates>
			</Point>
		</Placemark>
		<Placemark id="0F67882D0D3FDBADCF38">
			<gx:mid>/g/1tgl6kwb</gx:mid>
			<gx:fid>0x14dfc513b78ab4f7:0x303ba27961df6774</gx:fid>
			<LookAt>
				<longitude>34.0013732</longitude>
				<latitude>34.9882812</latitude>
				<altitude>0</altitude>
				<heading>0</heading>
				<tilt>0</tilt>
				<gx:fovy>35</gx:fovy>
				<range>846.8382970975439</range>
				<altitudeMode>relativeToGround</altitudeMode>
			</LookAt>
			<styleUrl>#__managed_style_2CBDB30A3440DE0E14B0</styleUrl>
			<Point>
				<altitudeMode>relativeToGround</altitudeMode>
				<coordinates>34.0013732,34.9882812,0</coordinates>
			</Point>
		</Placemark>
		<Placemark id="0EE0B034E63FDBAE6844">
			<gx:mid>/g/11q2sb124x</gx:mid>
			<gx:fid>0x14dfc5ec9f0b6ae3:0x26f046019cb4ba61</gx:fid>
			<LookAt>
				<longitude>34.0019612</longitude>
				<latitude>34.984793</latitude>
				<altitude>0</altitude>
				<heading>0</heading>
				<tilt>0</tilt>
				<gx:fovy>35</gx:fovy>
				<range>846.8780022730074</range>
				<altitudeMode>relativeToGround</altitudeMode>
			</LookAt>
			<styleUrl>#__managed_style_2CBDB30A3440DE0E14B0</styleUrl>
			<Point>
				<altitudeMode>relativeToGround</altitudeMode>
				<coordinates>34.0019612,34.984793,0</coordinates>
			</Point>
		</Placemark>
		<Placemark id="0CCE8D34D63FDBAECBD8">
			<gx:mid>/g/1tfljgr4</gx:mid>
			<gx:fid>0x14dfc51a4984a54d:0xea4b5cdd2d27ab3b</gx:fid>
			<LookAt>
				<longitude>34.01056670000001</longitude>
				<latitude>34.9842606</latitude>
				<altitude>0</altitude>
				<heading>0</heading>
				<tilt>0</tilt>
				<gx:fovy>35</gx:fovy>
				<range>846.8840621521261</range>
				<altitudeMode>relativeToGround</altitudeMode>
			</LookAt>
			<styleUrl>#__managed_style_0BD7DCC89440DE0E14B1</styleUrl>
			<Point>
				<altitudeMode>relativeToGround</altitudeMode>
				<coordinates>34.0105667,34.9842606,0</coordinates>
			</Point>
		</Placemark>
		<Placemark id="09AEAA8D033FDBDD8070">
			<gx:mid>/g/1ptz0rtr8</gx:mid>
			<gx:fid>0x14dfc51598792d47:0x163f7765d6d92c58</gx:fid>
			<LookAt>
				<longitude>33.99979010000001</longitude>
				<latitude>34.9896736</latitude>
				<altitude>0</altitude>
				<heading>0</heading>
				<tilt>0</tilt>
				<gx:fovy>35</gx:fovy>
				<range>846.8224469312511</range>
				<altitudeMode>relativeToGround</altitudeMode>
			</LookAt>
			<styleUrl>#__managed_style_0798D2818840DE0E14AC</styleUrl>
			<Point>
				<altitudeMode>relativeToGround</altitudeMode>
				<coordinates>33.9997901,34.9896736,0</coordinates>
			</Point>
		</Placemark>
		<Placemark id="0BB441AC9C3FDBDDD7E8">
			<gx:mid>/g/11s_sjc9dl</gx:mid>
			<gx:fid>0x14dfc56d35286c11:0xf3758c7d3d126cc5</gx:fid>
			<LookAt>
				<longitude>33.9933021</longitude>
				<latitude>34.9898856</latitude>
				<altitude>0</altitude>
				<heading>0</heading>
				<tilt>0</tilt>
				<gx:fovy>35</gx:fovy>
				<range>846.8200336186522</range>
				<altitudeMode>relativeToGround</altitudeMode>
			</LookAt>
			<styleUrl>#__managed_style_0798D2818840DE0E14AC</styleUrl>
			<Point>
				<altitudeMode>relativeToGround</altitudeMode>
				<coordinates>33.9933021,34.9898856,0</coordinates>
			</Point>
		</Placemark>
		<Placemark id="04FBEDA6B83FDBDE53F0">
			<gx:mid>/g/11cnc5h2yz</gx:mid>
			<gx:fid>0x14dfcff17b70dc0d:0x61c1aaf295bb5190</gx:fid>
			<LookAt>
				<longitude>33.96730799999999</longitude>
				<latitude>34.9872016</latitude>
				<altitude>0</altitude>
				<heading>0</heading>
				<tilt>0</tilt>
				<gx:fovy>35</gx:fovy>
				<range>846.850586209339</range>
				<altitudeMode>relativeToGround</altitudeMode>
			</LookAt>
			<styleUrl>#__managed_style_0BD7DCC89440DE0E14B1</styleUrl>
			<Point>
				<altitudeMode>relativeToGround</altitudeMode>
				<coordinates>33.967308,34.9872016,0</coordinates>
			</Point>
		</Placemark>
		<Placemark id="031B712A5E3FDBDEF736">
			<gx:mid>/g/11h6dswy8k</gx:mid>
			<gx:fid>0x14dfc54bb879eb33:0x574c60f677a18ec5</gx:fid>
			<LookAt>
				<longitude>33.99842989999999</longitude>
				<latitude>34.9895106</latitude>
				<altitude>0</altitude>
				<heading>0</heading>
				<tilt>0</tilt>
				<gx:fovy>35</gx:fovy>
				<range>846.8243024420004</range>
				<altitudeMode>relativeToGround</altitudeMode>
			</LookAt>
			<styleUrl>#__managed_style_0798D2818840DE0E14AC</styleUrl>
			<Point>
				<altitudeMode>relativeToGround</altitudeMode>
				<coordinates>33.9984269,34.9895036,0</coordinates>
			</Point>
		</Placemark>
		<Placemark id="0FDFDD3AD63FDBDF3D21">
			<gx:mid>/g/11cn6mwvbm</gx:mid>
			<gx:fid>0x14dfc56c6fcad575:0x25df6d59b4dd33f8</gx:fid>
			<LookAt>
				<longitude>33.9935399</longitude>
				<latitude>34.9894533</latitude>
				<altitude>0</altitude>
				<heading>0</heading>
				<tilt>0</tilt>
				<gx:fovy>35</gx:fovy>
				<range>846.8249547150067</range>
				<altitudeMode>relativeToGround</altitudeMode>
			</LookAt>
			<styleUrl>#__managed_style_0798D2818840DE0E14AC</styleUrl>
			<Point>
				<altitudeMode>relativeToGround</altitudeMode>
				<coordinates>33.9935399,34.9894533,0</coordinates>
			</Point>
		</Placemark>
		<Placemark id="08496D85203FDBDF897C">
			<gx:mid>/g/11fz9y880y</gx:mid>
			<gx:fid>0x14dfcfe64f01cb03:0xeef3dde1dacfaad3</gx:fid>
			<LookAt>
				<longitude>33.9560104</longitude>
				<latitude>34.9848711</latitude>
				<altitude>0</altitude>
				<heading>0</heading>
				<tilt>0</tilt>
				<gx:fovy>35</gx:fovy>
				<range>846.877113317635</range>
				<altitudeMode>relativeToGround</altitudeMode>
			</LookAt>
			<styleUrl>#__managed_style_1B5584559140DE0E14B1</styleUrl>
			<Point>
				<altitudeMode>relativeToGround</altitudeMode>
				<coordinates>33.95590088931103,34.98476707345463,0</coordinates>
			</Point>
		</Placemark>
		<Placemark id="09E44EAD023FDBDFF119">
			<gx:mid>/g/1jkytj1_9</gx:mid>
			<gx:fid>0x14dfc56cc1b0a943:0xb576bdb1511e8d6a</gx:fid>
			<LookAt>
				<longitude>33.99600769999999</longitude>
				<latitude>34.9896506</latitude>
				<altitude>0</altitude>
				<heading>0</heading>
				<tilt>0</tilt>
				<gx:fovy>35</gx:fovy>
				<range>846.8227087522023</range>
				<altitudeMode>relativeToGround</altitudeMode>
			</LookAt>
			<styleUrl>#__managed_style_0798D2818840DE0E14AC</styleUrl>
			<Point>
				<altitudeMode>relativeToGround</altitudeMode>
				<coordinates>33.9960062,34.9896695,0</coordinates>
			</Point>
		</Placemark>
		<Placemark id="0B7E9CDAEF3FDBE05681">
			<gx:mid>/g/11g_x78v__</gx:mid>
			<gx:fid>0x14dfc52bb154d9e7:0x4d9c7f90686f1759</gx:fid>
			<LookAt>
				<longitude>34.0010269</longitude>
				<latitude>34.99000940000001</latitude>
				<altitude>0</altitude>
				<heading>0</heading>
				<tilt>0</tilt>
				<gx:fovy>35</gx:fovy>
				<range>846.8186243297899</range>
				<altitudeMode>relativeToGround</altitudeMode>
			</LookAt>
			<styleUrl>#__managed_style_0798D2818840DE0E14AC</styleUrl>
			<Point>
				<altitudeMode>relativeToGround</altitudeMode>
				<coordinates>34.0010269,34.9900094,0</coordinates>
			</Point>
		</Placemark>
		<Placemark id="00ABF41C313FDBE13F16">
			<gx:mid>/g/12jsmmpv8</gx:mid>
			<gx:fid>0x14dfc51336bd9747:0xea652a98aef98bee</gx:fid>
			<LookAt>
				<longitude>33.9979934</longitude>
				<latitude>34.9892672</latitude>
				<altitude>0</altitude>
				<heading>0</heading>
				<tilt>0</tilt>
				<gx:fovy>35</gx:fovy>
				<range>846.8270731734884</range>
				<altitudeMode>relativeToGround</altitudeMode>
			</LookAt>
			<styleUrl>#__managed_style_0798D2818840DE0E14AC</styleUrl>
			<Point>
				<altitudeMode>relativeToGround</altitudeMode>
				<coordinates>33.9979934,34.9892672,0</coordinates>
			</Point>
		</Placemark>
		<Placemark id="0A13DC79413FDBE422C1">
			<gx:mid>/m/02q6f3d</gx:mid>
			<gx:fid>0x14de1751bc94bcd9:0x6e455e53737055d9</gx:fid>
			<LookAt>
				<longitude>33.35571619999999</longitude>
				<latitude>35.1717252</latitude>
				<altitude>0</altitude>
				<heading>0</heading>
				<tilt>0</tilt>
				<gx:fovy>35</gx:fovy>
				<range>844.7457804690185</range>
				<altitudeMode>relativeToGround</altitudeMode>
			</LookAt>
			<styleUrl>#__managed_style_01D8570B3340DE0E14B0</styleUrl>
			<Point>
				<altitudeMode>relativeToGround</altitudeMode>
				<coordinates>33.3557162,35.1717252,0</coordinates>
			</Point>
		</Placemark>
		<Placemark id="0A28F83D263FDBE45EFB">
			<gx:mid>/m/03yn06f</gx:mid>
			<gx:fid>0x14de1700d6f3e9d5:0xdfea1b9984141ac5</gx:fid>
			<LookAt>
				<longitude>33.3602499</longitude>
				<latitude>35.1699953</latitude>
				<altitude>0</altitude>
				<heading>0</heading>
				<tilt>0</tilt>
				<gx:fovy>35</gx:fovy>
				<range>844.7655536885976</range>
				<altitudeMode>relativeToGround</altitudeMode>
			</LookAt>
			<styleUrl>#__managed_style_0A753D4BDC40DE0E14AF</styleUrl>
			<Point>
				<altitudeMode>relativeToGround</altitudeMode>
				<coordinates>33.3602499,35.1699953,0</coordinates>
			</Point>
		</Placemark>
		<Placemark id="0719C9ACBB3FDBE695BB">
			<name>הרחובות המרכזיים</name>
			<LookAt>
				<longitude>33.36589944646764</longitude>
				<latitude>35.17145136785786</latitude>
				<altitude>145.326448150777</altitude>
				<heading>0</heading>
				<tilt>0</tilt>
				<gx:fovy>35</gx:fovy>
				<range>1624.545381403877</range>
				<altitudeMode>absolute</altitudeMode>
			</LookAt>
			<styleUrl>#__managed_style_0FDC7AFA3140DE0E14B3</styleUrl>
			<LineString>
				<coordinates>
					33.36284342952478,35.17026676244188,0 33.36214609495183,35.17041275608204,0 33.36226449043435,35.17074710352571,0 33.36191797541166,35.1698171077363,0 33.36214655623579,35.17041392980186,0 33.36142317094102,35.17057467671131,0 33.36128425796172,35.17019660589276,0 33.36107383715912,35.1702739216248,0 33.36113588860474,35.17063196885802,0 33.36142097390658,35.17057283684692,0 33.36168646400941,35.17129864344588,0 33.36121666519268,35.17132377025869,0 33.36113571182742,35.17063233034703,0 33.36121661682753,35.17132413829881,0 33.3613481797478,35.17254662229139,0 33.36246936899685,35.17239650737703,0 33.36232286863682,35.17213632803223,0 33.36196178819266,35.17177517924878,0 33.36168833567091,35.17129813273916,0 33.36180865894575,35.1715066217877,0 33.36125521274698,35.17170919999222,0 33.36181084965038,35.17150512319185,0 33.36196329883685,35.17177744554513,0 33.36232162849451,35.17213856693085,0 33.36246885218561,35.17239725007662,0 33.36258105464299,35.17269213648145,0 33.36238226296016,35.17280667829434,0 33.36235115358775,35.17309978366055,0 33.36138155978442,35.17312710473981,0 33.36134666482993,35.17254430665462,0 33.36138203242269,35.17312781658131,0 33.36146201882005,35.17366196314485,0 33.36144077364729,35.1744304086362,0 33.36146212255751,35.17478870557941,0 
				</coordinates>
			</LineString>
		</Placemark>
		<Placemark id="0413B706BD3FDBF00734">
			<gx:mid>/g/121wyp5m</gx:mid>
			<gx:fid>0x14de1743aebd9c1b:0xef607e0e647b8509</gx:fid>
			<LookAt>
				<longitude>33.3677778</longitude>
				<latitude>35.1733333</latitude>
				<altitude>0</altitude>
				<heading>0</heading>
				<tilt>0</tilt>
				<gx:fovy>35</gx:fovy>
				<range>844.7273987648973</range>
				<altitudeMode>relativeToGround</altitudeMode>
			</LookAt>
			<styleUrl>#__managed_style_0A753D4BDC40DE0E14AF</styleUrl>
			<Point>
				<altitudeMode>relativeToGround</altitudeMode>
				<coordinates>33.3677702,35.1732633,0</coordinates>
			</Point>
		</Placemark>
		<Placemark id="029D62B7FA3FDBF1B164">
			<gx:mid>/g/1hm1q0h63</gx:mid>
			<gx:fid>0x14de10aa7b558def:0x81e4b0bcba7dc49d</gx:fid>
			<LookAt>
				<longitude>33.3454503</longitude>
				<latitude>35.1682464</latitude>
				<altitude>0</altitude>
				<heading>0</heading>
				<tilt>0</tilt>
				<gx:fovy>35</gx:fovy>
				<range>844.7855432999024</range>
				<altitudeMode>relativeToGround</altitudeMode>
			</LookAt>
			<styleUrl>#__managed_style_195F6AB71E40DE0E14AE</styleUrl>
			<Point>
				<altitudeMode>relativeToGround</altitudeMode>
				<coordinates>33.3454503,35.1682464,0</coordinates>
			</Point>
		</Placemark>
		<Placemark id="029C0752913FDBF1EC84">
			<gx:mid>/g/11x5w0p0fz</gx:mid>
			<gx:fid>0x14de17f0009291df:0xbe0d9bf910283407</gx:fid>
			<LookAt>
				<longitude>33.3622359</longitude>
				<latitude>35.16509750000001</latitude>
				<altitude>0</altitude>
				<heading>0</heading>
				<tilt>0</tilt>
				<gx:fovy>35</gx:fovy>
				<range>844.8215326726529</range>
				<altitudeMode>relativeToGround</altitudeMode>
			</LookAt>
			<styleUrl>#__managed_style_195F6AB71E40DE0E14AE</styleUrl>
			<Point>
				<altitudeMode>relativeToGround</altitudeMode>
				<coordinates>33.3622359,35.1650975,0</coordinates>
			</Point>
		</Placemark>
		<Placemark id="00160582133FDBF33F7C">
			<gx:mid>/g/119v0hdlt</gx:mid>
			<gx:fid>0x14de175a94c27f07:0x72fd1ecd848a0589</gx:fid>
			<LookAt>
				<longitude>33.3612734</longitude>
				<latitude>35.170957</latitude>
				<altitude>0</altitude>
				<heading>0</heading>
				<tilt>0</tilt>
				<gx:fovy>35</gx:fovy>
				<range>844.7545612955564</range>
				<altitudeMode>relativeToGround</altitudeMode>
			</LookAt>
			<styleUrl>#__managed_style_2CBDB30A3440DE0E14B0</styleUrl>
			<Point>
				<altitudeMode>relativeToGround</altitudeMode>
				<coordinates>33.3612734,35.170957,0</coordinates>
			</Point>
		</Placemark>
		<Placemark id="0860E1DD1F3FDBF42A28">
			<gx:mid>/g/11srh4_sb4</gx:mid>
			<gx:fid>0x14de17213a3af285:0x6e3384c6bd26a98</gx:fid>
			<LookAt>
				<longitude>33.3619271</longitude>
				<latitude>35.1672553</latitude>
				<altitude>0</altitude>
				<heading>0</heading>
				<tilt>0</tilt>
				<gx:fovy>35</gx:fovy>
				<range>844.7968710443386</range>
				<altitudeMode>relativeToGround</altitudeMode>
			</LookAt>
			<styleUrl>#__managed_style_1494C0B20540DE0E14B0</styleUrl>
			<Point>
				<altitudeMode>relativeToGround</altitudeMode>
				<coordinates>33.3619271,35.1672553,0</coordinates>
			</Point>
		</Placemark>
		<Placemark id="025EF401643FDBF48244">
			<gx:mid>/g/11jbpzskjg</gx:mid>
			<gx:fid>0x14de17695a308a1f:0x1d5c3b77e9ae4b42</gx:fid>
			<LookAt>
				<longitude>33.3668489</longitude>
				<latitude>35.1743353</latitude>
				<altitude>0</altitude>
				<heading>0</heading>
				<tilt>0</tilt>
				<gx:fovy>35</gx:fovy>
				<range>844.7159448696183</range>
				<altitudeMode>relativeToGround</altitudeMode>
			</LookAt>
			<styleUrl>#__managed_style_1494C0B20540DE0E14B0</styleUrl>
			<Point>
				<altitudeMode>relativeToGround</altitudeMode>
				<coordinates>33.3668493,35.1743364,0</coordinates>
			</Point>
		</Placemark>
		<Placemark id="0536E56C3E3FDBF53C9E">
			<gx:mid>/g/11gxr2rnzj</gx:mid>
			<gx:fid>0x14de178bad14af57:0xefac8fe71fd12bdb</gx:fid>
			<LookAt>
				<longitude>33.35856589999999</longitude>
				<latitude>35.1680223</latitude>
				<altitude>0</altitude>
				<heading>0</heading>
				<tilt>0</tilt>
				<gx:fovy>35</gx:fovy>
				<range>844.7881046655197</range>
				<altitudeMode>relativeToGround</altitudeMode>
			</LookAt>
			<styleUrl>#__managed_style_1494C0B20540DE0E14B0</styleUrl>
			<Point>
				<altitudeMode>relativeToGround</altitudeMode>
				<coordinates>33.35856589999999,35.1680223,0</coordinates>
			</Point>
		</Placemark>
		<Placemark id="0186AD2AA93FDBF5E711">
			<gx:mid>/g/11c543bv76</gx:mid>
			<gx:fid>0x14de1751eb9c4d21:0xe76d5ef24ac3d711</gx:fid>
			<LookAt>
				<longitude>33.35530019999999</longitude>
				<latitude>35.173167</latitude>
				<altitude>0</altitude>
				<heading>0</heading>
				<tilt>0</tilt>
				<gx:fovy>35</gx:fovy>
				<range>844.729299720707</range>
				<altitudeMode>relativeToGround</altitudeMode>
			</LookAt>
			<styleUrl>#__managed_style_133915364640DE0E14B3</styleUrl>
			<Point>
				<altitudeMode>relativeToGround</altitudeMode>
				<coordinates>33.3541344028431,35.17299977651476,0</coordinates>
			</Point>
		</Placemark>
		<Placemark id="0254EC9D1E3FDBF7099E">
			<gx:mid>/g/1td5cgdm</gx:mid>
			<gx:fid>0x14de19edb79afd59:0x1bff6ac01225c373</gx:fid>
			<LookAt>
				<longitude>33.3615795</longitude>
				<latitude>35.1464346</latitude>
				<altitude>0</altitude>
				<heading>0</heading>
				<tilt>0</tilt>
				<gx:fovy>35</gx:fovy>
				<range>845.0347820576129</range>
				<altitudeMode>relativeToGround</altitudeMode>
			</LookAt>
			<styleUrl>#__managed_style_133915364640DE0E14B3</styleUrl>
			<Point>
				<altitudeMode>relativeToGround</altitudeMode>
				<coordinates>33.3615795,35.1464346,0</coordinates>
			</Point>
		</Placemark>
		<Placemark id="025F002C523FDBFF62AC">
			<gx:mid>/g/11xzhy6nd4</gx:mid>
			<gx:fid>0x14e74df95cc3ffff:0xc18d34f3fbe0569b</gx:fid>
			<LookAt>
				<longitude>32.99562950000001</longitude>
				<latitude>34.95704339999999</latitude>
				<altitude>0</altitude>
				<heading>0</heading>
				<tilt>0</tilt>
				<gx:fovy>35</gx:fovy>
				<range>847.1937559139067</range>
				<altitudeMode>relativeToGround</altitudeMode>
			</LookAt>
			<styleUrl>#__managed_style_03A9AA4C6C40DE0E14AE</styleUrl>
			<Point>
				<altitudeMode>relativeToGround</altitudeMode>
				<coordinates>32.9956295,34.9570434,0</coordinates>
			</Point>
		</Placemark>
		<Placemark id="0FC8BCA1853FDC006EA7">
			<gx:mid>/g/11sk7th0vk</gx:mid>
			<gx:fid>0x14e74d4bfd5a7c5f:0x22ed163e3c81945b</gx:fid>
			<LookAt>
				<longitude>33.04497930000001</longitude>
				<latitude>34.9369214</latitude>
				<altitude>0</altitude>
				<heading>0</heading>
				<tilt>0</tilt>
				<gx:fovy>35</gx:fovy>
				<range>847.4225930133896</range>
				<altitudeMode>relativeToGround</altitudeMode>
			</LookAt>
			<styleUrl>#__managed_style_03A9AA4C6C40DE0E14AE</styleUrl>
			<Point>
				<altitudeMode>relativeToGround</altitudeMode>
				<coordinates>33.0449793,34.9369214,0</coordinates>
			</Point>
		</Placemark>
		<Placemark id="080AB17FEF3FDC050E49">
			<gx:mid>/g/11c1wqsk4r</gx:mid>
			<gx:fid>0x14e73f4ccd999ca7:0x34002649b612e</gx:fid>
			<LookAt>
				<longitude>32.80828380000001</longitude>
				<latitude>34.8478799</latitude>
				<altitude>0</altitude>
				<heading>0</heading>
				<tilt>0</tilt>
				<gx:fovy>35</gx:fovy>
				<range>848.4339577504406</range>
				<altitudeMode>relativeToGround</altitudeMode>
			</LookAt>
			<styleUrl>#__managed_style_0A753D4BDC40DE0E14AF</styleUrl>
			<Point>
				<altitudeMode>relativeToGround</altitudeMode>
				<coordinates>32.8082791,34.847875,0</coordinates>
			</Point>
		</Placemark>
		<Placemark id="02CA3066023FDC054534">
			<gx:mid>/g/11vktv463d</gx:mid>
			<gx:fid>0x14e73f78963723b1:0x7de7ecb54795bc55</gx:fid>
			<LookAt>
				<longitude>32.809484</longitude>
				<latitude>34.8489628</latitude>
				<altitude>0</altitude>
				<heading>0</heading>
				<tilt>0</tilt>
				<gx:fovy>35</gx:fovy>
				<range>848.4216701292509</range>
				<altitudeMode>relativeToGround</altitudeMode>
			</LookAt>
			<styleUrl>#__managed_style_0A753D4BDC40DE0E14AF</styleUrl>
			<Point>
				<altitudeMode>relativeToGround</altitudeMode>
				<coordinates>32.8095126,34.8489562,0</coordinates>
			</Point>
		</Placemark>
		<Placemark id="025A05C9873FDC0AE49C">
			<gx:mid>/g/11dymc1hd8</gx:mid>
			<gx:fid>0x14e748a33ac4131d:0x69ec38750346d193</gx:fid>
			<LookAt>
				<longitude>32.908989</longitude>
				<latitude>34.8921943</latitude>
				<altitude>0</altitude>
				<heading>0</heading>
				<tilt>0</tilt>
				<gx:fovy>35</gx:fovy>
				<range>847.9308758550264</range>
				<altitudeMode>relativeToGround</altitudeMode>
			</LookAt>
			<styleUrl>#__managed_style_0D2A33EC3640DE0E14B4</styleUrl>
			<Point>
				<altitudeMode>relativeToGround</altitudeMode>
				<coordinates>32.908989,34.8921943,0</coordinates>
			</Point>
		</Placemark>
		<Placemark id="0813F672433FDC0BFB9E">
			<gx:mid>/g/11g0spzf4b</gx:mid>
			<gx:fid>0x14e761a8fa2e41cb:0xac0a8d206783e332</gx:fid>
			<LookAt>
				<longitude>32.6912986</longitude>
				<latitude>35.1832367</latitude>
				<altitude>0</altitude>
				<heading>0</heading>
				<tilt>0</tilt>
				<gx:fovy>35</gx:fovy>
				<range>844.6141813219505</range>
				<altitudeMode>relativeToGround</altitudeMode>
			</LookAt>
			<styleUrl>#__managed_style_03A9AA4C6C40DE0E14AE</styleUrl>
			<Point>
				<altitudeMode>relativeToGround</altitudeMode>
				<coordinates>32.6912986,35.1832367,0</coordinates>
			</Point>
		</Placemark>
	</Folder>
	<Folder id="06935BB2023FD150903C">
		<name>ערים ועיירות</name>
		<styleUrl>#__managed_style_0728843EB040DE0E14B8</styleUrl>
		<Placemark id="0E3295E70F3FD145EE61">
			<gx:mid>/m/04hdx9</gx:mid>
			<gx:fid>0x14dfc568a7918259:0x96582c199eafaa40</gx:fid>
			<LookAt>
				<longitude>34.0096458</longitude>
				<latitude>34.98543004999999</latitude>
				<altitude>0</altitude>
				<heading>0</heading>
				<tilt>0</tilt>
				<gx:fovy>35</gx:fovy>
				<range>19046.22875948968</range>
				<altitudeMode>relativeToGround</altitudeMode>
			</LookAt>
			<styleUrl>#__managed_style_345801880040DE0E14B0</styleUrl>
			<Point>
				<altitudeMode>relativeToGround</altitudeMode>
				<coordinates>34.0002782,34.9887366,0</coordinates>
			</Point>
		</Placemark>
		<Placemark id="01688045893FD1465E07">
			<gx:mid>/m/0jl12m5</gx:mid>
			<gx:fid>0x14dfc4696337e2f7:0x1325a046b0910fac</gx:fid>
			<LookAt>
				<longitude>34.04254925000001</longitude>
				<latitude>35.00389424999999</latitude>
				<altitude>0</altitude>
				<heading>0</heading>
				<tilt>0</tilt>
				<gx:fovy>35</gx:fovy>
				<range>9520.966160780505</range>
				<altitudeMode>relativeToGround</altitudeMode>
			</LookAt>
			<styleUrl>#__managed_style_345801880040DE0E14B0</styleUrl>
			<Point>
				<altitudeMode>relativeToGround</altitudeMode>
				<coordinates>34.0562252,35.0120718,0</coordinates>
			</Point>
		</Placemark>
		<Placemark id="0227969BBC3FD146DF34">
			<gx:mid>/m/0ft08</gx:mid>
			<gx:fid>0x14e73316ac02f49d:0xdaa97f957025b012</gx:fid>
			<LookAt>
				<longitude>33.02843779999999</longitude>
				<latitude>34.69115025</latitude>
				<altitude>0</altitude>
				<heading>0</heading>
				<tilt>0</tilt>
				<gx:fovy>35</gx:fovy>
				<range>19114.43749564889</range>
				<altitudeMode>relativeToGround</altitudeMode>
			</LookAt>
			<styleUrl>#__managed_style_345801880040DE0E14B0</styleUrl>
			<Point>
				<altitudeMode>relativeToGround</altitudeMode>
				<coordinates>33.0413055,34.6786322,0</coordinates>
			</Point>
		</Placemark>
		<Placemark id="0C7DDB938E3FD1471601">
			<gx:mid>/m/0fqg8</gx:mid>
			<gx:fid>0x14de1767ca494d55:0x5b5ea49c0311c0a5</gx:fid>
			<LookAt>
				<longitude>33.40553335</longitude>
				<latitude>35.1821941</latitude>
				<altitude>0</altitude>
				<heading>0</heading>
				<tilt>0</tilt>
				<gx:fovy>35</gx:fovy>
				<range>19000.34201505424</range>
				<altitudeMode>relativeToGround</altitudeMode>
			</LookAt>
			<styleUrl>#__managed_style_345801880040DE0E14B0</styleUrl>
			<Point>
				<altitudeMode>relativeToGround</altitudeMode>
				<coordinates>33.38227639999999,35.1855659,0</coordinates>
			</Point>
		</Placemark>
		<Placemark id="0A908025CF3FD147B2B3">
			<gx:mid>/m/01q7yl</gx:mid>
			<gx:fid>0x14e082a16c40cb13:0x4fcbf0221371d0a5</gx:fid>
			<LookAt>
				<longitude>33.61909369999999</longitude>
				<latitude>34.90128235</latitude>
				<altitude>0</altitude>
				<heading>0</heading>
				<tilt>0</tilt>
				<gx:fovy>35</gx:fovy>
				<range>38131.5680955862</range>
				<altitudeMode>relativeToGround</altitudeMode>
			</LookAt>
			<styleUrl>#__managed_style_345801880040DE0E14B0</styleUrl>
			<Point>
				<altitudeMode>relativeToGround</altitudeMode>
				<coordinates>33.6200625,34.9182222,0</coordinates>
			</Point>
		</Placemark>
		<Placemark id="066EB42DEE32E4D83ADE">
			<name>Omodos</name>
			<gx:mid>/m/0cdfwj</gx:mid>
			<gx:fid>0x14e738b685884307:0xfec187edc0776f13</gx:fid>
			<LookAt>
				<longitude>32.80885379999999</longitude>
				<latitude>34.84852284999999</latitude>
				<altitude>0</altitude>
				<heading>0</heading>
				<tilt>0</tilt>
				<gx:fovy>35</gx:fovy>
				<range>1867.464730356606</range>
				<altitudeMode>relativeToGround</altitudeMode>
			</LookAt>
			<styleUrl>#__managed_style_2C144D2A7D40DE0E14B7</styleUrl>
			<Point>
				<altitudeMode>relativeToGround</altitudeMode>
				<coordinates>32.80873058102828,34.84823481941703,0</coordinates>
			</Point>
		</Placemark>
		<Placemark id="0BE30206F332E4D91C10">
			<name>Paphos</name>
			<gx:mid>/m/02tyg0</gx:mid>
			<gx:fid>0x14e70663f42de2c9:0x6c05fdff50f4b5e7</gx:fid>
			<LookAt>
				<longitude>32.4330106</longitude>
				<latitude>34.7726823</latitude>
				<altitude>0</altitude>
				<heading>0</heading>
				<tilt>0</tilt>
				<gx:fovy>35</gx:fovy>
				<range>19095.59026286257</range>
				<altitudeMode>relativeToGround</altitudeMode>
			</LookAt>
			<styleUrl>#__managed_style_345801880040DE0E14B0</styleUrl>
			<Point>
				<altitudeMode>relativeToGround</altitudeMode>
				<coordinates>32.4217786,34.77539489999999,0</coordinates>
			</Point>
		</Placemark>
	</Folder>
</Document>
</kml>
