<?xml version="1.0" encoding="UTF-8"?>
<kml xmlns="http://www.opengis.net/kml/2.2" xmlns:gx="http://www.google.com/kml/ext/2.2" xmlns:kml="http://www.opengis.net/kml/2.2" xmlns:atom="http://www.w3.org/2005/Atom">
<Document id="1aVcykz6xUaWb9tXNKiKUE97wfH0f6OmD">
	<name>עודד | איחוד האמירויות - דובאי</name>
	<visibility>0</visibility>
	<description>הגעתם לאחת ההמלצות שלנו?
תייגו אותנו ברשתות וספרו לנו איך היה!
oded.the.mapper@gmail.com

odedthemapper.com</description>
	<gx:CascadingStyle kml:id="__managed_style_383047B7B640DE0E4908_normal">
		<Style>
			<IconStyle>
				<Icon>
					<href>https://earth.google.com/earth/document/icon?color=303f9f&amp;id=2034&amp;scale=4</href>
				</Icon>
				<hotSpot x="64" y="128" xunits="pixels" yunits="insetPixels"/>
			</IconStyle>
			<LabelStyle>
				<scale>0</scale>
			</LabelStyle>
			<LineStyle>
				<color>ff2dc0fb</color>
				<width>3.2</width>
			</LineStyle>
			<PolyStyle>
				<color>40ffffff</color>
			</PolyStyle>
			<BalloonStyle>
				<gx:displayMode>card</gx:displayMode>
			</BalloonStyle>
		</Style>
	</gx:CascadingStyle>
	<StyleMap id="__managed_style_383047B7B640DE0E4908">
		<Pair>
			<key>normal</key>
			<styleUrl>#__managed_style_383047B7B640DE0E4908_normal</styleUrl>
		</Pair>
		<Pair>
			<key>highlight</key>
			<styleUrl>#__managed_style_383047B7B640DE0E4908_highlight</styleUrl>
		</Pair>
	</StyleMap>
	<gx:CascadingStyle kml:id="__managed_style_1A440C6FFC40DE0E4913_normal">
		<Style>
			<IconStyle>
				<Icon>
					<href>https://earth.google.com/earth/document/icon?color=7b1fa2&amp;id=2140&amp;scale=4</href>
				</Icon>
				<hotSpot x="64" y="128" xunits="pixels" yunits="insetPixels"/>
			</IconStyle>
			<LabelStyle>
				<scale>0</scale>
			</LabelStyle>
			<LineStyle>
				<color>ff2dc0fb</color>
				<width>3.2</width>
			</LineStyle>
			<PolyStyle>
				<color>40ffffff</color>
			</PolyStyle>
			<BalloonStyle>
				<gx:displayMode>card</gx:displayMode>
			</BalloonStyle>
		</Style>
	</gx:CascadingStyle>
	<gx:CascadingStyle kml:id="__managed_style_09BF470BE540DE0E490C_highlight">
		<Style>
			<IconStyle>
				<scale>1.2</scale>
				<Icon>
					<href>https://earth.google.com/earth/document/icon?color=1976d2&amp;id=2000&amp;scale=4</href>
				</Icon>
				<hotSpot x="64" y="128" xunits="pixels" yunits="insetPixels"/>
			</IconStyle>
			<LabelStyle>
				<scale>0</scale>
			</LabelStyle>
			<LineStyle>
				<color>ff3c8e38</color>
				<width>4.8</width>
			</LineStyle>
			<PolyStyle>
				<color>403c8e38</color>
			</PolyStyle>
			<BalloonStyle>
			</BalloonStyle>
		</Style>
	</gx:CascadingStyle>
	<gx:CascadingStyle kml:id="__managed_style_09BF470BE540DE0E490C_normal">
		<Style>
			<IconStyle>
				<Icon>
					<href>https://earth.google.com/earth/document/icon?color=1976d2&amp;id=2000&amp;scale=4</href>
				</Icon>
				<hotSpot x="64" y="128" xunits="pixels" yunits="insetPixels"/>
			</IconStyle>
			<LabelStyle>
				<scale>0</scale>
			</LabelStyle>
			<LineStyle>
				<color>ff3c8e38</color>
				<width>3.2</width>
			</LineStyle>
			<PolyStyle>
				<color>403c8e38</color>
			</PolyStyle>
			<BalloonStyle>
			</BalloonStyle>
		</Style>
	</gx:CascadingStyle>
	<gx:CascadingStyle kml:id="__managed_style_1A440C6FFC40DE0E4913_highlight">
		<Style>
			<IconStyle>
				<scale>1.2</scale>
				<Icon>
					<href>https://earth.google.com/earth/document/icon?color=7b1fa2&amp;id=2140&amp;scale=4</href>
				</Icon>
				<hotSpot x="64" y="128" xunits="pixels" yunits="insetPixels"/>
			</IconStyle>
			<LabelStyle>
				<scale>0</scale>
			</LabelStyle>
			<LineStyle>
				<color>ff2dc0fb</color>
				<width>4.8</width>
			</LineStyle>
			<PolyStyle>
				<color>40ffffff</color>
			</PolyStyle>
			<BalloonStyle>
				<gx:displayMode>card</gx:displayMode>
			</BalloonStyle>
		</Style>
	</gx:CascadingStyle>
	<StyleMap id="__managed_style_09BF470BE540DE0E490C">
		<Pair>
			<key>normal</key>
			<styleUrl>#__managed_style_09BF470BE540DE0E490C_normal</styleUrl>
		</Pair>
		<Pair>
			<key>highlight</key>
			<styleUrl>#__managed_style_09BF470BE540DE0E490C_highlight</styleUrl>
		</Pair>
	</StyleMap>
	<gx:CascadingStyle kml:id="__managed_style_000110CB4F40DE0E4913_normal">
		<Style>
			<IconStyle>
				<Icon>
					<href>https://earth.google.com/earth/document/icon?color=7b1fa2&amp;id=2098&amp;scale=4</href>
				</Icon>
				<hotSpot x="64" y="128" xunits="pixels" yunits="insetPixels"/>
			</IconStyle>
			<LabelStyle>
				<scale>0</scale>
			</LabelStyle>
			<LineStyle>
				<color>ff2dc0fb</color>
				<width>3.2</width>
			</LineStyle>
			<PolyStyle>
				<color>40ffffff</color>
			</PolyStyle>
			<BalloonStyle>
				<gx:displayMode>card</gx:displayMode>
			</BalloonStyle>
		</Style>
	</gx:CascadingStyle>
	<gx:CascadingStyle kml:id="__managed_style_074D0BC48A40DE0E490E_highlight">
		<Style>
			<IconStyle>
				<scale>1.2</scale>
				<Icon>
					<href>https://earth.google.com/earth/document/icon?color=7b1fa2&amp;id=2317&amp;scale=4</href>
				</Icon>
				<hotSpot x="64" y="128" xunits="pixels" yunits="insetPixels"/>
			</IconStyle>
			<LabelStyle>
				<scale>0</scale>
			</LabelStyle>
			<LineStyle>
				<color>ff2dc0fb</color>
				<width>4.8</width>
			</LineStyle>
			<PolyStyle>
				<color>40ffffff</color>
			</PolyStyle>
			<BalloonStyle>
				<gx:displayMode>card</gx:displayMode>
			</BalloonStyle>
		</Style>
	</gx:CascadingStyle>
	<gx:CascadingStyle kml:id="__managed_style_1B5632CF4B40DE0E490C_normal">
		<Style>
			<IconStyle>
				<Icon>
					<href>https://earth.google.com/earth/document/icon?color=7b1fa2&amp;id=2157&amp;scale=4</href>
				</Icon>
				<hotSpot x="64" y="128" xunits="pixels" yunits="insetPixels"/>
			</IconStyle>
			<LabelStyle>
				<scale>0</scale>
			</LabelStyle>
			<LineStyle>
				<color>ff2dc0fb</color>
				<width>3.2</width>
			</LineStyle>
			<PolyStyle>
				<color>40ffffff</color>
			</PolyStyle>
			<BalloonStyle>
				<gx:displayMode>card</gx:displayMode>
			</BalloonStyle>
		</Style>
	</gx:CascadingStyle>
	<StyleMap id="__managed_style_45A57A911140DE0E490C">
		<Pair>
			<key>normal</key>
			<styleUrl>#__managed_style_45A57A911140DE0E490C_normal</styleUrl>
		</Pair>
		<Pair>
			<key>highlight</key>
			<styleUrl>#__managed_style_45A57A911140DE0E490C_highlight</styleUrl>
		</Pair>
	</StyleMap>
	<StyleMap id="__managed_style_0F61CEE10640DE0E4907">
		<Pair>
			<key>normal</key>
			<styleUrl>#__managed_style_0F61CEE10640DE0E4907_normal</styleUrl>
		</Pair>
		<Pair>
			<key>highlight</key>
			<styleUrl>#__managed_style_0F61CEE10640DE0E4907_highlight</styleUrl>
		</Pair>
	</StyleMap>
	<gx:CascadingStyle kml:id="__managed_style_3CB08F8E2B40DE0E490C_highlight">
		<Style>
			<IconStyle>
				<scale>1.2</scale>
				<Icon>
					<href>https://earth.google.com/earth/document/icon?color=7b1fa2&amp;id=2332&amp;scale=4</href>
				</Icon>
				<hotSpot x="64" y="128" xunits="pixels" yunits="insetPixels"/>
			</IconStyle>
			<LabelStyle>
				<scale>0</scale>
			</LabelStyle>
			<LineStyle>
				<color>ff2dc0fb</color>
				<width>4.8</width>
			</LineStyle>
			<PolyStyle>
				<color>40ffffff</color>
			</PolyStyle>
			<BalloonStyle>
				<gx:displayMode>card</gx:displayMode>
			</BalloonStyle>
		</Style>
	</gx:CascadingStyle>
	<StyleMap id="__managed_style_3CB08F8E2B40DE0E490C">
		<Pair>
			<key>normal</key>
			<styleUrl>#__managed_style_3CB08F8E2B40DE0E490C_normal</styleUrl>
		</Pair>
		<Pair>
			<key>highlight</key>
			<styleUrl>#__managed_style_3CB08F8E2B40DE0E490C_highlight</styleUrl>
		</Pair>
	</StyleMap>
	<gx:CascadingStyle kml:id="__managed_style_3B33A9AF9A40DE0E4910_normal">
		<Style>
			<IconStyle>
				<Icon>
					<href>https://earth.google.com/earth/document/icon?color=7b1fa2&amp;id=2046&amp;scale=4</href>
				</Icon>
				<hotSpot x="64" y="128" xunits="pixels" yunits="insetPixels"/>
			</IconStyle>
			<LabelStyle>
				<scale>0</scale>
			</LabelStyle>
			<LineStyle>
				<color>ff2dc0fb</color>
				<width>3.2</width>
			</LineStyle>
			<PolyStyle>
				<color>40ffffff</color>
			</PolyStyle>
			<BalloonStyle>
				<gx:displayMode>card</gx:displayMode>
			</BalloonStyle>
		</Style>
	</gx:CascadingStyle>
	<StyleMap id="__managed_style_3B33A9AF9A40DE0E4910">
		<Pair>
			<key>normal</key>
			<styleUrl>#__managed_style_3B33A9AF9A40DE0E4910_normal</styleUrl>
		</Pair>
		<Pair>
			<key>highlight</key>
			<styleUrl>#__managed_style_3B33A9AF9A40DE0E4910_highlight</styleUrl>
		</Pair>
	</StyleMap>
	<gx:CascadingStyle kml:id="__managed_style_250A5F151840DE0E4910_highlight">
		<Style>
			<IconStyle>
				<scale>1.2</scale>
				<Icon>
					<href>https://earth.google.com/earth/document/icon?color=ab47bc&amp;id=2174&amp;scale=4</href>
				</Icon>
				<hotSpot x="64" y="128" xunits="pixels" yunits="insetPixels"/>
			</IconStyle>
			<LabelStyle>
				<scale>0</scale>
			</LabelStyle>
			<LineStyle>
				<color>ff2dc0fb</color>
				<width>4.8</width>
			</LineStyle>
			<PolyStyle>
				<color>40ffffff</color>
			</PolyStyle>
			<BalloonStyle>
				<gx:displayMode>card</gx:displayMode>
			</BalloonStyle>
		</Style>
	</gx:CascadingStyle>
	<StyleMap id="__managed_style_250A5F151840DE0E4910">
		<Pair>
			<key>normal</key>
			<styleUrl>#__managed_style_250A5F151840DE0E4910_normal</styleUrl>
		</Pair>
		<Pair>
			<key>highlight</key>
			<styleUrl>#__managed_style_250A5F151840DE0E4910_highlight</styleUrl>
		</Pair>
	</StyleMap>
	<gx:CascadingStyle kml:id="__managed_style_1B5632CF4B40DE0E490C_highlight">
		<Style>
			<IconStyle>
				<scale>1.2</scale>
				<Icon>
					<href>https://earth.google.com/earth/document/icon?color=7b1fa2&amp;id=2157&amp;scale=4</href>
				</Icon>
				<hotSpot x="64" y="128" xunits="pixels" yunits="insetPixels"/>
			</IconStyle>
			<LabelStyle>
				<scale>0</scale>
			</LabelStyle>
			<LineStyle>
				<color>ff2dc0fb</color>
				<width>4.8</width>
			</LineStyle>
			<PolyStyle>
				<color>40ffffff</color>
			</PolyStyle>
			<BalloonStyle>
				<gx:displayMode>card</gx:displayMode>
			</BalloonStyle>
		</Style>
	</gx:CascadingStyle>
	<gx:CascadingStyle kml:id="__managed_style_031B0547EE40DE0E490B_highlight">
		<Style>
			<IconStyle>
				<scale>1.8</scale>
				<Icon>
					<href>https://earth.google.com/earth/document/icon?color=7b1fa2&amp;id=2006&amp;scale=4</href>
				</Icon>
				<hotSpot x="64" y="128" xunits="pixels" yunits="insetPixels"/>
			</IconStyle>
			<LabelStyle>
				<scale>0</scale>
			</LabelStyle>
			<LineStyle>
				<color>ff2dc0fb</color>
				<width>4.8</width>
			</LineStyle>
			<PolyStyle>
				<color>40ffffff</color>
			</PolyStyle>
			<BalloonStyle>
				<gx:displayMode>card</gx:displayMode>
			</BalloonStyle>
		</Style>
	</gx:CascadingStyle>
	<gx:CascadingStyle kml:id="__managed_style_031B0547EE40DE0E490B_normal">
		<Style>
			<IconStyle>
				<scale>1.5</scale>
				<Icon>
					<href>https://earth.google.com/earth/document/icon?color=7b1fa2&amp;id=2006&amp;scale=4</href>
				</Icon>
				<hotSpot x="64" y="128" xunits="pixels" yunits="insetPixels"/>
			</IconStyle>
			<LabelStyle>
				<scale>0</scale>
			</LabelStyle>
			<LineStyle>
				<color>ff2dc0fb</color>
				<width>3.2</width>
			</LineStyle>
			<PolyStyle>
				<color>40ffffff</color>
			</PolyStyle>
			<BalloonStyle>
				<gx:displayMode>card</gx:displayMode>
			</BalloonStyle>
		</Style>
	</gx:CascadingStyle>
	<StyleMap id="__managed_style_031B0547EE40DE0E490B">
		<Pair>
			<key>normal</key>
			<styleUrl>#__managed_style_031B0547EE40DE0E490B_normal</styleUrl>
		</Pair>
		<Pair>
			<key>highlight</key>
			<styleUrl>#__managed_style_031B0547EE40DE0E490B_highlight</styleUrl>
		</Pair>
	</StyleMap>
	<gx:CascadingStyle kml:id="__managed_style_13F148F94840DE0E490F_highlight">
		<Style>
			<IconStyle>
				<scale>1.2</scale>
				<Icon>
					<href>https://earth.google.com/earth/document/icon?color=7b1fa2&amp;id=2118&amp;scale=4</href>
				</Icon>
				<hotSpot x="64" y="128" xunits="pixels" yunits="insetPixels"/>
			</IconStyle>
			<LabelStyle>
				<scale>0</scale>
			</LabelStyle>
			<LineStyle>
				<color>ff2dc0fb</color>
				<width>4.8</width>
			</LineStyle>
			<PolyStyle>
				<color>40ffffff</color>
			</PolyStyle>
			<BalloonStyle>
				<gx:displayMode>card</gx:displayMode>
			</BalloonStyle>
		</Style>
	</gx:CascadingStyle>
	<gx:CascadingStyle kml:id="__managed_style_13F148F94840DE0E490F_normal">
		<Style>
			<IconStyle>
				<Icon>
					<href>https://earth.google.com/earth/document/icon?color=7b1fa2&amp;id=2118&amp;scale=4</href>
				</Icon>
				<hotSpot x="64" y="128" xunits="pixels" yunits="insetPixels"/>
			</IconStyle>
			<LabelStyle>
				<scale>0</scale>
			</LabelStyle>
			<LineStyle>
				<color>ff2dc0fb</color>
				<width>3.2</width>
			</LineStyle>
			<PolyStyle>
				<color>40ffffff</color>
			</PolyStyle>
			<BalloonStyle>
				<gx:displayMode>card</gx:displayMode>
			</BalloonStyle>
		</Style>
	</gx:CascadingStyle>
	<gx:CascadingStyle kml:id="__managed_style_250A5F151840DE0E4910_normal">
		<Style>
			<IconStyle>
				<Icon>
					<href>https://earth.google.com/earth/document/icon?color=ab47bc&amp;id=2174&amp;scale=4</href>
				</Icon>
				<hotSpot x="64" y="128" xunits="pixels" yunits="insetPixels"/>
			</IconStyle>
			<LabelStyle>
				<scale>0</scale>
			</LabelStyle>
			<LineStyle>
				<color>ff2dc0fb</color>
				<width>3.2</width>
			</LineStyle>
			<PolyStyle>
				<color>40ffffff</color>
			</PolyStyle>
			<BalloonStyle>
				<gx:displayMode>card</gx:displayMode>
			</BalloonStyle>
		</Style>
	</gx:CascadingStyle>
	<StyleMap id="__managed_style_13F148F94840DE0E490F">
		<Pair>
			<key>normal</key>
			<styleUrl>#__managed_style_13F148F94840DE0E490F_normal</styleUrl>
		</Pair>
		<Pair>
			<key>highlight</key>
			<styleUrl>#__managed_style_13F148F94840DE0E490F_highlight</styleUrl>
		</Pair>
	</StyleMap>
	<gx:CascadingStyle kml:id="__managed_style_312CE003F040DE0E490B_normal">
		<Style>
			<IconStyle>
				<Icon>
					<href>https://earth.google.com/earth/document/icon?color=f57c00&amp;id=2056&amp;scale=4</href>
				</Icon>
				<hotSpot x="64" y="128" xunits="pixels" yunits="insetPixels"/>
			</IconStyle>
			<LabelStyle>
				<scale>0</scale>
			</LabelStyle>
			<LineStyle>
				<color>ff2dc0fb</color>
				<width>3.2</width>
			</LineStyle>
			<PolyStyle>
				<color>40ffffff</color>
			</PolyStyle>
			<BalloonStyle>
				<gx:displayMode>card</gx:displayMode>
			</BalloonStyle>
		</Style>
	</gx:CascadingStyle>
	<gx:CascadingStyle kml:id="__managed_style_1840E0FBC740DE0E4910_normal">
		<Style>
			<IconStyle>
				<Icon>
					<href>https://earth.google.com/earth/document/icon?color=7b1fa2&amp;id=2275&amp;scale=4</href>
				</Icon>
				<hotSpot x="64" y="128" xunits="pixels" yunits="insetPixels"/>
			</IconStyle>
			<LabelStyle>
				<scale>0</scale>
			</LabelStyle>
			<LineStyle>
				<color>ff2dc0fb</color>
				<width>3.2</width>
			</LineStyle>
			<PolyStyle>
				<color>40ffffff</color>
			</PolyStyle>
			<BalloonStyle>
				<gx:displayMode>card</gx:displayMode>
			</BalloonStyle>
		</Style>
	</gx:CascadingStyle>
	<gx:CascadingStyle kml:id="__managed_style_266F48A3D640DE0E490B_highlight">
		<Style>
			<IconStyle>
				<scale>1.2</scale>
				<Icon>
					<href>https://earth.google.com/earth/document/icon?color=7b1fa2&amp;id=2232&amp;scale=4</href>
				</Icon>
				<hotSpot x="64" y="128" xunits="pixels" yunits="insetPixels"/>
			</IconStyle>
			<LabelStyle>
				<scale>0</scale>
			</LabelStyle>
			<LineStyle>
				<color>ff2dc0fb</color>
				<width>4.8</width>
			</LineStyle>
			<PolyStyle>
				<color>40ffffff</color>
			</PolyStyle>
			<BalloonStyle>
				<gx:displayMode>card</gx:displayMode>
			</BalloonStyle>
		</Style>
	</gx:CascadingStyle>
	<StyleMap id="__managed_style_266F48A3D640DE0E490B">
		<Pair>
			<key>normal</key>
			<styleUrl>#__managed_style_266F48A3D640DE0E490B_normal</styleUrl>
		</Pair>
		<Pair>
			<key>highlight</key>
			<styleUrl>#__managed_style_266F48A3D640DE0E490B_highlight</styleUrl>
		</Pair>
	</StyleMap>
	<gx:CascadingStyle kml:id="__managed_style_4DFC99729C40DE0E4910_highlight">
		<Style>
			<IconStyle>
				<scale>1.2</scale>
				<Icon>
					<href>https://earth.google.com/earth/document/icon?color=1976d2&amp;id=2000&amp;scale=4</href>
				</Icon>
				<hotSpot x="64" y="128" xunits="pixels" yunits="insetPixels"/>
			</IconStyle>
			<LabelStyle>
				<scale>0</scale>
			</LabelStyle>
			<LineStyle>
				<color>ffa21f7b</color>
				<width>4.8</width>
			</LineStyle>
			<PolyStyle>
				<color>40ffffff</color>
			</PolyStyle>
			<BalloonStyle>
			</BalloonStyle>
		</Style>
	</gx:CascadingStyle>
	<gx:CascadingStyle kml:id="__managed_style_101C17094C40DE0E4909_normal">
		<Style>
			<IconStyle>
				<Icon>
					<href>https://earth.google.com/earth/document/icon?color=7b1fa2&amp;id=2311&amp;scale=4</href>
				</Icon>
				<hotSpot x="64" y="128" xunits="pixels" yunits="insetPixels"/>
			</IconStyle>
			<LabelStyle>
				<scale>0</scale>
			</LabelStyle>
			<LineStyle>
				<color>ff2dc0fb</color>
				<width>3.2</width>
			</LineStyle>
			<PolyStyle>
				<color>40ffffff</color>
			</PolyStyle>
			<BalloonStyle>
				<gx:displayMode>card</gx:displayMode>
			</BalloonStyle>
		</Style>
	</gx:CascadingStyle>
	<StyleMap id="__managed_style_000110CB4F40DE0E4913">
		<Pair>
			<key>normal</key>
			<styleUrl>#__managed_style_000110CB4F40DE0E4913_normal</styleUrl>
		</Pair>
		<Pair>
			<key>highlight</key>
			<styleUrl>#__managed_style_000110CB4F40DE0E4913_highlight</styleUrl>
		</Pair>
	</StyleMap>
	<StyleMap id="__managed_style_101C17094C40DE0E4909">
		<Pair>
			<key>normal</key>
			<styleUrl>#__managed_style_101C17094C40DE0E4909_normal</styleUrl>
		</Pair>
		<Pair>
			<key>highlight</key>
			<styleUrl>#__managed_style_101C17094C40DE0E4909_highlight</styleUrl>
		</Pair>
	</StyleMap>
	<gx:CascadingStyle kml:id="__managed_style_235BE8BB6340DE0E4908_normal">
		<Style>
			<IconStyle>
				<Icon>
					<href>https://earth.google.com/earth/document/icon?color=303f9f&amp;id=2339&amp;scale=4</href>
				</Icon>
				<hotSpot x="64" y="128" xunits="pixels" yunits="insetPixels"/>
			</IconStyle>
			<LabelStyle>
				<scale>0</scale>
			</LabelStyle>
			<LineStyle>
				<color>ff2dc0fb</color>
				<width>3.2</width>
			</LineStyle>
			<PolyStyle>
				<color>40ffffff</color>
			</PolyStyle>
			<BalloonStyle>
				<gx:displayMode>card</gx:displayMode>
			</BalloonStyle>
		</Style>
	</gx:CascadingStyle>
	<gx:CascadingStyle kml:id="__managed_style_266F48A3D640DE0E490B_normal">
		<Style>
			<IconStyle>
				<Icon>
					<href>https://earth.google.com/earth/document/icon?color=7b1fa2&amp;id=2232&amp;scale=4</href>
				</Icon>
				<hotSpot x="64" y="128" xunits="pixels" yunits="insetPixels"/>
			</IconStyle>
			<LabelStyle>
				<scale>0</scale>
			</LabelStyle>
			<LineStyle>
				<color>ff2dc0fb</color>
				<width>3.2</width>
			</LineStyle>
			<PolyStyle>
				<color>40ffffff</color>
			</PolyStyle>
			<BalloonStyle>
				<gx:displayMode>card</gx:displayMode>
			</BalloonStyle>
		</Style>
	</gx:CascadingStyle>
	<gx:CascadingStyle kml:id="__managed_style_12F72105DC40DE0E4911_highlight">
		<Style>
			<IconStyle>
				<scale>1.8</scale>
				<Icon>
					<href>https://earth.google.com/earth/document/icon?color=7b1fa2&amp;id=2359&amp;scale=4</href>
				</Icon>
				<hotSpot x="64" y="128" xunits="pixels" yunits="insetPixels"/>
			</IconStyle>
			<LabelStyle>
				<scale>0</scale>
			</LabelStyle>
			<LineStyle>
				<color>ff2dc0fb</color>
				<width>4.8</width>
			</LineStyle>
			<PolyStyle>
				<color>40ffffff</color>
			</PolyStyle>
			<BalloonStyle>
				<gx:displayMode>card</gx:displayMode>
			</BalloonStyle>
		</Style>
	</gx:CascadingStyle>
	<StyleMap id="__managed_style_1B5632CF4B40DE0E490C">
		<Pair>
			<key>normal</key>
			<styleUrl>#__managed_style_1B5632CF4B40DE0E490C_normal</styleUrl>
		</Pair>
		<Pair>
			<key>highlight</key>
			<styleUrl>#__managed_style_1B5632CF4B40DE0E490C_highlight</styleUrl>
		</Pair>
	</StyleMap>
	<gx:CascadingStyle kml:id="__managed_style_3CB08F8E2B40DE0E490C_normal">
		<Style>
			<IconStyle>
				<Icon>
					<href>https://earth.google.com/earth/document/icon?color=7b1fa2&amp;id=2332&amp;scale=4</href>
				</Icon>
				<hotSpot x="64" y="128" xunits="pixels" yunits="insetPixels"/>
			</IconStyle>
			<LabelStyle>
				<scale>0</scale>
			</LabelStyle>
			<LineStyle>
				<color>ff2dc0fb</color>
				<width>3.2</width>
			</LineStyle>
			<PolyStyle>
				<color>40ffffff</color>
			</PolyStyle>
			<BalloonStyle>
				<gx:displayMode>card</gx:displayMode>
			</BalloonStyle>
		</Style>
	</gx:CascadingStyle>
	<gx:CascadingStyle kml:id="__managed_style_202A094EB240DE0E4909_normal">
		<Style>
			<IconStyle>
				<Icon>
					<href>https://earth.google.com/earth/document/icon?color=7b1fa2&amp;id=2134&amp;scale=4</href>
				</Icon>
				<hotSpot x="64" y="128" xunits="pixels" yunits="insetPixels"/>
			</IconStyle>
			<LabelStyle>
				<scale>0</scale>
			</LabelStyle>
			<LineStyle>
				<color>ff2dc0fb</color>
				<width>3.2</width>
			</LineStyle>
			<PolyStyle>
				<color>40ffffff</color>
			</PolyStyle>
			<BalloonStyle>
				<gx:displayMode>card</gx:displayMode>
			</BalloonStyle>
		</Style>
	</gx:CascadingStyle>
	<gx:CascadingStyle kml:id="__managed_style_312CE003F040DE0E490B_highlight">
		<Style>
			<IconStyle>
				<scale>1.2</scale>
				<Icon>
					<href>https://earth.google.com/earth/document/icon?color=f57c00&amp;id=2056&amp;scale=4</href>
				</Icon>
				<hotSpot x="64" y="128" xunits="pixels" yunits="insetPixels"/>
			</IconStyle>
			<LabelStyle>
				<scale>0</scale>
			</LabelStyle>
			<LineStyle>
				<color>ff2dc0fb</color>
				<width>4.8</width>
			</LineStyle>
			<PolyStyle>
				<color>40ffffff</color>
			</PolyStyle>
			<BalloonStyle>
				<gx:displayMode>card</gx:displayMode>
			</BalloonStyle>
		</Style>
	</gx:CascadingStyle>
	<StyleMap id="__managed_style_202A094EB240DE0E4909">
		<Pair>
			<key>normal</key>
			<styleUrl>#__managed_style_202A094EB240DE0E4909_normal</styleUrl>
		</Pair>
		<Pair>
			<key>highlight</key>
			<styleUrl>#__managed_style_202A094EB240DE0E4909_highlight</styleUrl>
		</Pair>
	</StyleMap>
	<gx:CascadingStyle kml:id="__managed_style_58E5E3600A40DE0E490C_highlight">
		<Style>
			<IconStyle>
				<scale>1.2</scale>
				<Icon>
					<href>https://earth.google.com/earth/document/icon?color=7b1fa2&amp;id=2156&amp;scale=4</href>
				</Icon>
				<hotSpot x="64" y="128" xunits="pixels" yunits="insetPixels"/>
			</IconStyle>
			<LabelStyle>
				<scale>0</scale>
			</LabelStyle>
			<LineStyle>
				<color>ff2dc0fb</color>
				<width>4.8</width>
			</LineStyle>
			<PolyStyle>
				<color>40ffffff</color>
			</PolyStyle>
			<BalloonStyle>
				<gx:displayMode>card</gx:displayMode>
			</BalloonStyle>
		</Style>
	</gx:CascadingStyle>
	<StyleMap id="__managed_style_58E5E3600A40DE0E490C">
		<Pair>
			<key>normal</key>
			<styleUrl>#__managed_style_58E5E3600A40DE0E490C_normal</styleUrl>
		</Pair>
		<Pair>
			<key>highlight</key>
			<styleUrl>#__managed_style_58E5E3600A40DE0E490C_highlight</styleUrl>
		</Pair>
	</StyleMap>
	<gx:CascadingStyle kml:id="__managed_style_45A57A911140DE0E490C_highlight">
		<Style>
			<IconStyle>
				<scale>1.2</scale>
				<Icon>
					<href>https://earth.google.com/earth/document/icon?color=7b1fa2&amp;id=2016&amp;scale=4</href>
				</Icon>
				<hotSpot x="64" y="128" xunits="pixels" yunits="insetPixels"/>
			</IconStyle>
			<LabelStyle>
				<scale>0</scale>
			</LabelStyle>
			<LineStyle>
				<color>ff2dc0fb</color>
				<width>4.8</width>
			</LineStyle>
			<PolyStyle>
				<color>40ffffff</color>
			</PolyStyle>
			<BalloonStyle>
				<gx:displayMode>card</gx:displayMode>
			</BalloonStyle>
		</Style>
	</gx:CascadingStyle>
	<gx:CascadingStyle kml:id="__managed_style_202A094EB240DE0E4909_highlight">
		<Style>
			<IconStyle>
				<scale>1.2</scale>
				<Icon>
					<href>https://earth.google.com/earth/document/icon?color=7b1fa2&amp;id=2134&amp;scale=4</href>
				</Icon>
				<hotSpot x="64" y="128" xunits="pixels" yunits="insetPixels"/>
			</IconStyle>
			<LabelStyle>
				<scale>0</scale>
			</LabelStyle>
			<LineStyle>
				<color>ff2dc0fb</color>
				<width>4.8</width>
			</LineStyle>
			<PolyStyle>
				<color>40ffffff</color>
			</PolyStyle>
			<BalloonStyle>
				<gx:displayMode>card</gx:displayMode>
			</BalloonStyle>
		</Style>
	</gx:CascadingStyle>
	<StyleMap id="__managed_style_12F72105DC40DE0E4911">
		<Pair>
			<key>normal</key>
			<styleUrl>#__managed_style_12F72105DC40DE0E4911_normal</styleUrl>
		</Pair>
		<Pair>
			<key>highlight</key>
			<styleUrl>#__managed_style_12F72105DC40DE0E4911_highlight</styleUrl>
		</Pair>
	</StyleMap>
	<gx:CascadingStyle kml:id="__managed_style_58E5E3600A40DE0E490C_normal">
		<Style>
			<IconStyle>
				<Icon>
					<href>https://earth.google.com/earth/document/icon?color=7b1fa2&amp;id=2156&amp;scale=4</href>
				</Icon>
				<hotSpot x="64" y="128" xunits="pixels" yunits="insetPixels"/>
			</IconStyle>
			<LabelStyle>
				<scale>0</scale>
			</LabelStyle>
			<LineStyle>
				<color>ff2dc0fb</color>
				<width>3.2</width>
			</LineStyle>
			<PolyStyle>
				<color>40ffffff</color>
			</PolyStyle>
			<BalloonStyle>
				<gx:displayMode>card</gx:displayMode>
			</BalloonStyle>
		</Style>
	</gx:CascadingStyle>
	<StyleMap id="__managed_style_1840E0FBC740DE0E4910">
		<Pair>
			<key>normal</key>
			<styleUrl>#__managed_style_1840E0FBC740DE0E4910_normal</styleUrl>
		</Pair>
		<Pair>
			<key>highlight</key>
			<styleUrl>#__managed_style_1840E0FBC740DE0E4910_highlight</styleUrl>
		</Pair>
	</StyleMap>
	<gx:CascadingStyle kml:id="__managed_style_0937FD207040DE0E490F_highlight">
		<Style>
			<IconStyle>
				<scale>1.2</scale>
				<Icon>
					<href>https://earth.google.com/earth/document/icon?color=7b1fa2&amp;id=2359&amp;scale=4</href>
				</Icon>
				<hotSpot x="64" y="128" xunits="pixels" yunits="insetPixels"/>
			</IconStyle>
			<LabelStyle>
				<scale>0</scale>
			</LabelStyle>
			<LineStyle>
				<color>ff2dc0fb</color>
				<width>4.8</width>
			</LineStyle>
			<PolyStyle>
				<color>40ffffff</color>
			</PolyStyle>
			<BalloonStyle>
				<gx:displayMode>card</gx:displayMode>
			</BalloonStyle>
		</Style>
	</gx:CascadingStyle>
	<StyleMap id="__managed_style_4DFC99729C40DE0E4910">
		<Pair>
			<key>normal</key>
			<styleUrl>#__managed_style_4DFC99729C40DE0E4910_normal</styleUrl>
		</Pair>
		<Pair>
			<key>highlight</key>
			<styleUrl>#__managed_style_4DFC99729C40DE0E4910_highlight</styleUrl>
		</Pair>
	</StyleMap>
	<gx:CascadingStyle kml:id="__managed_style_12F72105DC40DE0E4911_normal">
		<Style>
			<IconStyle>
				<scale>1.5</scale>
				<Icon>
					<href>https://earth.google.com/earth/document/icon?color=7b1fa2&amp;id=2359&amp;scale=4</href>
				</Icon>
				<hotSpot x="64" y="128" xunits="pixels" yunits="insetPixels"/>
			</IconStyle>
			<LabelStyle>
				<scale>0</scale>
			</LabelStyle>
			<LineStyle>
				<color>ff2dc0fb</color>
				<width>3.2</width>
			</LineStyle>
			<PolyStyle>
				<color>40ffffff</color>
			</PolyStyle>
			<BalloonStyle>
				<gx:displayMode>card</gx:displayMode>
			</BalloonStyle>
		</Style>
	</gx:CascadingStyle>
	<StyleMap id="__managed_style_312CE003F040DE0E490B">
		<Pair>
			<key>normal</key>
			<styleUrl>#__managed_style_312CE003F040DE0E490B_normal</styleUrl>
		</Pair>
		<Pair>
			<key>highlight</key>
			<styleUrl>#__managed_style_312CE003F040DE0E490B_highlight</styleUrl>
		</Pair>
	</StyleMap>
	<StyleMap id="__managed_style_09360C136040DE0E4909">
		<Pair>
			<key>normal</key>
			<styleUrl>#__managed_style_09360C136040DE0E4909_normal</styleUrl>
		</Pair>
		<Pair>
			<key>highlight</key>
			<styleUrl>#__managed_style_09360C136040DE0E4909_highlight</styleUrl>
		</Pair>
	</StyleMap>
	<gx:CascadingStyle kml:id="__managed_style_2145CBC7CE40DE0E490C_highlight">
		<Style>
			<IconStyle>
				<scale>1.2</scale>
				<Icon>
					<href>https://earth.google.com/earth/document/icon?color=7b1fa2&amp;id=2039&amp;scale=4</href>
				</Icon>
				<hotSpot x="64" y="128" xunits="pixels" yunits="insetPixels"/>
			</IconStyle>
			<LabelStyle>
				<scale>0</scale>
			</LabelStyle>
			<LineStyle>
				<color>ff2dc0fb</color>
				<width>4.8</width>
			</LineStyle>
			<PolyStyle>
				<color>40ffffff</color>
			</PolyStyle>
			<BalloonStyle>
				<gx:displayMode>card</gx:displayMode>
			</BalloonStyle>
		</Style>
	</gx:CascadingStyle>
	<gx:CascadingStyle kml:id="__managed_style_383047B7B640DE0E4908_highlight">
		<Style>
			<IconStyle>
				<scale>1.2</scale>
				<Icon>
					<href>https://earth.google.com/earth/document/icon?color=303f9f&amp;id=2034&amp;scale=4</href>
				</Icon>
				<hotSpot x="64" y="128" xunits="pixels" yunits="insetPixels"/>
			</IconStyle>
			<LabelStyle>
				<scale>0</scale>
			</LabelStyle>
			<LineStyle>
				<color>ff2dc0fb</color>
				<width>4.8</width>
			</LineStyle>
			<PolyStyle>
				<color>40ffffff</color>
			</PolyStyle>
			<BalloonStyle>
				<gx:displayMode>card</gx:displayMode>
			</BalloonStyle>
		</Style>
	</gx:CascadingStyle>
	<gx:CascadingStyle kml:id="__managed_style_2145CBC7CE40DE0E490C_normal">
		<Style>
			<IconStyle>
				<Icon>
					<href>https://earth.google.com/earth/document/icon?color=7b1fa2&amp;id=2039&amp;scale=4</href>
				</Icon>
				<hotSpot x="64" y="128" xunits="pixels" yunits="insetPixels"/>
			</IconStyle>
			<LabelStyle>
				<scale>0</scale>
			</LabelStyle>
			<LineStyle>
				<color>ff2dc0fb</color>
				<width>3.2</width>
			</LineStyle>
			<PolyStyle>
				<color>40ffffff</color>
			</PolyStyle>
			<BalloonStyle>
				<gx:displayMode>card</gx:displayMode>
			</BalloonStyle>
		</Style>
	</gx:CascadingStyle>
	<gx:CascadingStyle kml:id="__managed_style_0F61CEE10640DE0E4907_highlight">
		<Style>
			<IconStyle>
				<scale>1.2</scale>
				<Icon>
					<href>https://earth.google.com/earth/document/icon?color=f57c00&amp;id=2130&amp;scale=4</href>
				</Icon>
				<hotSpot x="64" y="128" xunits="pixels" yunits="insetPixels"/>
			</IconStyle>
			<LabelStyle>
				<scale>0</scale>
			</LabelStyle>
			<LineStyle>
				<color>ff2dc0fb</color>
				<width>4.8</width>
			</LineStyle>
			<PolyStyle>
				<color>40ffffff</color>
			</PolyStyle>
			<BalloonStyle>
				<gx:displayMode>card</gx:displayMode>
			</BalloonStyle>
		</Style>
	</gx:CascadingStyle>
	<gx:CascadingStyle kml:id="__managed_style_3B33A9AF9A40DE0E4910_highlight">
		<Style>
			<IconStyle>
				<scale>1.2</scale>
				<Icon>
					<href>https://earth.google.com/earth/document/icon?color=7b1fa2&amp;id=2046&amp;scale=4</href>
				</Icon>
				<hotSpot x="64" y="128" xunits="pixels" yunits="insetPixels"/>
			</IconStyle>
			<LabelStyle>
				<scale>0</scale>
			</LabelStyle>
			<LineStyle>
				<color>ff2dc0fb</color>
				<width>4.8</width>
			</LineStyle>
			<PolyStyle>
				<color>40ffffff</color>
			</PolyStyle>
			<BalloonStyle>
				<gx:displayMode>card</gx:displayMode>
			</BalloonStyle>
		</Style>
	</gx:CascadingStyle>
	<gx:CascadingStyle kml:id="__managed_style_1EB8B3925040DE0E4908_normal">
		<Style>
			<IconStyle>
				<Icon>
					<href>https://earth.google.com/earth/document/icon?color=7b1fa2&amp;id=2006&amp;scale=4</href>
				</Icon>
				<hotSpot x="64" y="128" xunits="pixels" yunits="insetPixels"/>
			</IconStyle>
			<LabelStyle>
				<scale>0</scale>
			</LabelStyle>
			<LineStyle>
				<color>ff2dc0fb</color>
				<width>3.2</width>
			</LineStyle>
			<PolyStyle>
				<color>40ffffff</color>
			</PolyStyle>
			<BalloonStyle>
				<gx:displayMode>card</gx:displayMode>
			</BalloonStyle>
		</Style>
	</gx:CascadingStyle>
	<gx:CascadingStyle kml:id="__managed_style_09360C136040DE0E4909_normal">
		<Style>
			<IconStyle>
				<Icon>
					<href>https://earth.google.com/earth/document/icon?color=388e3c&amp;id=2370&amp;scale=4</href>
				</Icon>
				<hotSpot x="64" y="128" xunits="pixels" yunits="insetPixels"/>
			</IconStyle>
			<LabelStyle>
				<scale>0</scale>
			</LabelStyle>
			<LineStyle>
				<color>ff2dc0fb</color>
				<width>3.2</width>
			</LineStyle>
			<PolyStyle>
				<color>40ffffff</color>
			</PolyStyle>
			<BalloonStyle>
				<gx:displayMode>card</gx:displayMode>
			</BalloonStyle>
		</Style>
	</gx:CascadingStyle>
	<gx:CascadingStyle kml:id="__managed_style_0E2058BD1E40DE0E4911_highlight">
		<Style>
			<IconStyle>
				<scale>1.2</scale>
				<Icon>
					<href>https://earth.google.com/earth/document/icon?color=1976d2&amp;id=2000&amp;scale=4</href>
				</Icon>
				<hotSpot x="64" y="128" xunits="pixels" yunits="insetPixels"/>
			</IconStyle>
			<LabelStyle>
				<scale>0</scale>
			</LabelStyle>
			<LineStyle>
				<color>ffa21f7b</color>
				<width>4.8</width>
			</LineStyle>
			<PolyStyle>
				<color>40a21f7b</color>
			</PolyStyle>
			<BalloonStyle>
			</BalloonStyle>
		</Style>
	</gx:CascadingStyle>
	<gx:CascadingStyle kml:id="__managed_style_45A57A911140DE0E490C_normal">
		<Style>
			<IconStyle>
				<Icon>
					<href>https://earth.google.com/earth/document/icon?color=7b1fa2&amp;id=2016&amp;scale=4</href>
				</Icon>
				<hotSpot x="64" y="128" xunits="pixels" yunits="insetPixels"/>
			</IconStyle>
			<LabelStyle>
				<scale>0</scale>
			</LabelStyle>
			<LineStyle>
				<color>ff2dc0fb</color>
				<width>3.2</width>
			</LineStyle>
			<PolyStyle>
				<color>40ffffff</color>
			</PolyStyle>
			<BalloonStyle>
				<gx:displayMode>card</gx:displayMode>
			</BalloonStyle>
		</Style>
	</gx:CascadingStyle>
	<gx:CascadingStyle kml:id="__managed_style_0E2058BD1E40DE0E4911_normal">
		<Style>
			<IconStyle>
				<Icon>
					<href>https://earth.google.com/earth/document/icon?color=1976d2&amp;id=2000&amp;scale=4</href>
				</Icon>
				<hotSpot x="64" y="128" xunits="pixels" yunits="insetPixels"/>
			</IconStyle>
			<LabelStyle>
				<scale>0</scale>
			</LabelStyle>
			<LineStyle>
				<color>ffa21f7b</color>
				<width>3.2</width>
			</LineStyle>
			<PolyStyle>
				<color>40a21f7b</color>
			</PolyStyle>
			<BalloonStyle>
			</BalloonStyle>
		</Style>
	</gx:CascadingStyle>
	<gx:CascadingStyle kml:id="__managed_style_022663CC3A40DE0E4910_normal">
		<Style>
			<IconStyle>
				<Icon>
					<href>https://earth.google.com/earth/document/icon?color=7b1fa2&amp;id=2011&amp;scale=4</href>
				</Icon>
				<hotSpot x="64" y="128" xunits="pixels" yunits="insetPixels"/>
			</IconStyle>
			<LabelStyle>
				<scale>0</scale>
			</LabelStyle>
			<LineStyle>
				<color>ff2dc0fb</color>
				<width>3.2</width>
			</LineStyle>
			<PolyStyle>
				<color>40ffffff</color>
			</PolyStyle>
			<BalloonStyle>
				<gx:displayMode>card</gx:displayMode>
			</BalloonStyle>
		</Style>
	</gx:CascadingStyle>
	<gx:CascadingStyle kml:id="__managed_style_4DFC99729C40DE0E4910_normal">
		<Style>
			<IconStyle>
				<Icon>
					<href>https://earth.google.com/earth/document/icon?color=1976d2&amp;id=2000&amp;scale=4</href>
				</Icon>
				<hotSpot x="64" y="128" xunits="pixels" yunits="insetPixels"/>
			</IconStyle>
			<LabelStyle>
				<scale>0</scale>
			</LabelStyle>
			<LineStyle>
				<color>ffa21f7b</color>
				<width>3.2</width>
			</LineStyle>
			<PolyStyle>
				<color>40ffffff</color>
			</PolyStyle>
			<BalloonStyle>
			</BalloonStyle>
		</Style>
	</gx:CascadingStyle>
	<gx:CascadingStyle kml:id="__managed_style_09360C136040DE0E4909_highlight">
		<Style>
			<IconStyle>
				<scale>1.2</scale>
				<Icon>
					<href>https://earth.google.com/earth/document/icon?color=388e3c&amp;id=2370&amp;scale=4</href>
				</Icon>
				<hotSpot x="64" y="128" xunits="pixels" yunits="insetPixels"/>
			</IconStyle>
			<LabelStyle>
				<scale>0</scale>
			</LabelStyle>
			<LineStyle>
				<color>ff2dc0fb</color>
				<width>4.8</width>
			</LineStyle>
			<PolyStyle>
				<color>40ffffff</color>
			</PolyStyle>
			<BalloonStyle>
				<gx:displayMode>card</gx:displayMode>
			</BalloonStyle>
		</Style>
	</gx:CascadingStyle>
	<StyleMap id="__managed_style_235BE8BB6340DE0E4908">
		<Pair>
			<key>normal</key>
			<styleUrl>#__managed_style_235BE8BB6340DE0E4908_normal</styleUrl>
		</Pair>
		<Pair>
			<key>highlight</key>
			<styleUrl>#__managed_style_235BE8BB6340DE0E4908_highlight</styleUrl>
		</Pair>
	</StyleMap>
	<gx:CascadingStyle kml:id="__managed_style_1EAAA7670240DE0E4907_normal">
		<Style>
			<IconStyle>
				<Icon>
					<href>https://earth.google.com/earth/document/icon?color=1976d2&amp;id=2000&amp;scale=4</href>
				</Icon>
				<hotSpot x="64" y="128" xunits="pixels" yunits="insetPixels"/>
			</IconStyle>
			<LabelStyle>
				<scale>0</scale>
			</LabelStyle>
			<LineStyle>
				<color>ff2dc0fb</color>
				<width>3.2</width>
			</LineStyle>
			<PolyStyle>
				<color>40ffffff</color>
			</PolyStyle>
			<BalloonStyle>
			</BalloonStyle>
		</Style>
	</gx:CascadingStyle>
	<gx:CascadingStyle kml:id="__managed_style_4AC7D2142440DE0E4908_highlight">
		<Style>
			<IconStyle>
				<scale>1.2</scale>
				<Icon>
					<href>https://earth.google.com/earth/document/icon?color=1976d2&amp;id=2000&amp;scale=4</href>
				</Icon>
				<hotSpot x="64" y="128" xunits="pixels" yunits="insetPixels"/>
			</IconStyle>
			<LabelStyle>
			</LabelStyle>
			<LineStyle>
				<color>ff2dc0fb</color>
				<width>4.8</width>
			</LineStyle>
			<PolyStyle>
				<color>40ffffff</color>
			</PolyStyle>
			<BalloonStyle>
			</BalloonStyle>
		</Style>
	</gx:CascadingStyle>
	<StyleMap id="__managed_style_1EB8B3925040DE0E4908">
		<Pair>
			<key>normal</key>
			<styleUrl>#__managed_style_1EB8B3925040DE0E4908_normal</styleUrl>
		</Pair>
		<Pair>
			<key>highlight</key>
			<styleUrl>#__managed_style_1EB8B3925040DE0E4908_highlight</styleUrl>
		</Pair>
	</StyleMap>
	<gx:CascadingStyle kml:id="__managed_style_0937FD207040DE0E490F_normal">
		<Style>
			<IconStyle>
				<Icon>
					<href>https://earth.google.com/earth/document/icon?color=7b1fa2&amp;id=2359&amp;scale=4</href>
				</Icon>
				<hotSpot x="64" y="128" xunits="pixels" yunits="insetPixels"/>
			</IconStyle>
			<LabelStyle>
				<scale>0</scale>
			</LabelStyle>
			<LineStyle>
				<color>ff2dc0fb</color>
				<width>3.2</width>
			</LineStyle>
			<PolyStyle>
				<color>40ffffff</color>
			</PolyStyle>
			<BalloonStyle>
				<gx:displayMode>card</gx:displayMode>
			</BalloonStyle>
		</Style>
	</gx:CascadingStyle>
	<gx:CascadingStyle kml:id="__managed_style_235BE8BB6340DE0E4908_highlight">
		<Style>
			<IconStyle>
				<scale>1.2</scale>
				<Icon>
					<href>https://earth.google.com/earth/document/icon?color=303f9f&amp;id=2339&amp;scale=4</href>
				</Icon>
				<hotSpot x="64" y="128" xunits="pixels" yunits="insetPixels"/>
			</IconStyle>
			<LabelStyle>
				<scale>0</scale>
			</LabelStyle>
			<LineStyle>
				<color>ff2dc0fb</color>
				<width>4.8</width>
			</LineStyle>
			<PolyStyle>
				<color>40ffffff</color>
			</PolyStyle>
			<BalloonStyle>
				<gx:displayMode>card</gx:displayMode>
			</BalloonStyle>
		</Style>
	</gx:CascadingStyle>
	<gx:CascadingStyle kml:id="__managed_style_0F61CEE10640DE0E4907_normal">
		<Style>
			<IconStyle>
				<Icon>
					<href>https://earth.google.com/earth/document/icon?color=f57c00&amp;id=2130&amp;scale=4</href>
				</Icon>
				<hotSpot x="64" y="128" xunits="pixels" yunits="insetPixels"/>
			</IconStyle>
			<LabelStyle>
				<scale>0</scale>
			</LabelStyle>
			<LineStyle>
				<color>ff2dc0fb</color>
				<width>3.2</width>
			</LineStyle>
			<PolyStyle>
				<color>40ffffff</color>
			</PolyStyle>
			<BalloonStyle>
				<gx:displayMode>card</gx:displayMode>
			</BalloonStyle>
		</Style>
	</gx:CascadingStyle>
	<gx:CascadingStyle kml:id="__managed_style_022663CC3A40DE0E4910_highlight">
		<Style>
			<IconStyle>
				<scale>1.2</scale>
				<Icon>
					<href>https://earth.google.com/earth/document/icon?color=7b1fa2&amp;id=2011&amp;scale=4</href>
				</Icon>
				<hotSpot x="64" y="128" xunits="pixels" yunits="insetPixels"/>
			</IconStyle>
			<LabelStyle>
				<scale>0</scale>
			</LabelStyle>
			<LineStyle>
				<color>ff2dc0fb</color>
				<width>4.8</width>
			</LineStyle>
			<PolyStyle>
				<color>40ffffff</color>
			</PolyStyle>
			<BalloonStyle>
				<gx:displayMode>card</gx:displayMode>
			</BalloonStyle>
		</Style>
	</gx:CascadingStyle>
	<StyleMap id="__managed_style_0937FD207040DE0E490F">
		<Pair>
			<key>normal</key>
			<styleUrl>#__managed_style_0937FD207040DE0E490F_normal</styleUrl>
		</Pair>
		<Pair>
			<key>highlight</key>
			<styleUrl>#__managed_style_0937FD207040DE0E490F_highlight</styleUrl>
		</Pair>
	</StyleMap>
	<StyleMap id="__managed_style_15B97B6E7D40DE0E490B">
		<Pair>
			<key>normal</key>
			<styleUrl>#__managed_style_15B97B6E7D40DE0E490B_normal</styleUrl>
		</Pair>
		<Pair>
			<key>highlight</key>
			<styleUrl>#__managed_style_15B97B6E7D40DE0E490B_highlight</styleUrl>
		</Pair>
	</StyleMap>
	<StyleMap id="__managed_style_022663CC3A40DE0E4910">
		<Pair>
			<key>normal</key>
			<styleUrl>#__managed_style_022663CC3A40DE0E4910_normal</styleUrl>
		</Pair>
		<Pair>
			<key>highlight</key>
			<styleUrl>#__managed_style_022663CC3A40DE0E4910_highlight</styleUrl>
		</Pair>
	</StyleMap>
	<StyleMap id="__managed_style_1EAAA7670240DE0E4907">
		<Pair>
			<key>normal</key>
			<styleUrl>#__managed_style_1EAAA7670240DE0E4907_normal</styleUrl>
		</Pair>
		<Pair>
			<key>highlight</key>
			<styleUrl>#__managed_style_1EAAA7670240DE0E4907_highlight</styleUrl>
		</Pair>
	</StyleMap>
	<gx:CascadingStyle kml:id="__managed_style_000110CB4F40DE0E4913_highlight">
		<Style>
			<IconStyle>
				<scale>1.2</scale>
				<Icon>
					<href>https://earth.google.com/earth/document/icon?color=7b1fa2&amp;id=2098&amp;scale=4</href>
				</Icon>
				<hotSpot x="64" y="128" xunits="pixels" yunits="insetPixels"/>
			</IconStyle>
			<LabelStyle>
				<scale>0</scale>
			</LabelStyle>
			<LineStyle>
				<color>ff2dc0fb</color>
				<width>4.8</width>
			</LineStyle>
			<PolyStyle>
				<color>40ffffff</color>
			</PolyStyle>
			<BalloonStyle>
				<gx:displayMode>card</gx:displayMode>
			</BalloonStyle>
		</Style>
	</gx:CascadingStyle>
	<StyleMap id="__managed_style_0E2058BD1E40DE0E4911">
		<Pair>
			<key>normal</key>
			<styleUrl>#__managed_style_0E2058BD1E40DE0E4911_normal</styleUrl>
		</Pair>
		<Pair>
			<key>highlight</key>
			<styleUrl>#__managed_style_0E2058BD1E40DE0E4911_highlight</styleUrl>
		</Pair>
	</StyleMap>
	<gx:CascadingStyle kml:id="__managed_style_1EB8B3925040DE0E4908_highlight">
		<Style>
			<IconStyle>
				<scale>1.2</scale>
				<Icon>
					<href>https://earth.google.com/earth/document/icon?color=7b1fa2&amp;id=2006&amp;scale=4</href>
				</Icon>
				<hotSpot x="64" y="128" xunits="pixels" yunits="insetPixels"/>
			</IconStyle>
			<LabelStyle>
				<scale>0</scale>
			</LabelStyle>
			<LineStyle>
				<color>ff2dc0fb</color>
				<width>4.8</width>
			</LineStyle>
			<PolyStyle>
				<color>40ffffff</color>
			</PolyStyle>
			<BalloonStyle>
				<gx:displayMode>card</gx:displayMode>
			</BalloonStyle>
		</Style>
	</gx:CascadingStyle>
	<gx:CascadingStyle kml:id="__managed_style_021E76E17E40DE0E4908_normal">
		<Style>
			<IconStyle>
				<Icon>
					<href>https://earth.google.com/earth/document/icon?color=1976d2&amp;id=2000&amp;scale=4</href>
				</Icon>
				<hotSpot x="64" y="128" xunits="pixels" yunits="insetPixels"/>
			</IconStyle>
			<LabelStyle>
				<scale>0</scale>
			</LabelStyle>
			<LineStyle>
				<color>ffa21f7b</color>
				<width>3.2</width>
			</LineStyle>
			<PolyStyle>
				<color>40a21f7b</color>
			</PolyStyle>
			<BalloonStyle>
			</BalloonStyle>
		</Style>
	</gx:CascadingStyle>
	<gx:CascadingStyle kml:id="__managed_style_021E76E17E40DE0E4908_highlight">
		<Style>
			<IconStyle>
				<scale>1.2</scale>
				<Icon>
					<href>https://earth.google.com/earth/document/icon?color=1976d2&amp;id=2000&amp;scale=4</href>
				</Icon>
				<hotSpot x="64" y="128" xunits="pixels" yunits="insetPixels"/>
			</IconStyle>
			<LabelStyle>
				<scale>0</scale>
			</LabelStyle>
			<LineStyle>
				<color>ffa21f7b</color>
				<width>4.8</width>
			</LineStyle>
			<PolyStyle>
				<color>40a21f7b</color>
			</PolyStyle>
			<BalloonStyle>
			</BalloonStyle>
		</Style>
	</gx:CascadingStyle>
	<StyleMap id="__managed_style_074D0BC48A40DE0E490E">
		<Pair>
			<key>normal</key>
			<styleUrl>#__managed_style_074D0BC48A40DE0E490E_normal</styleUrl>
		</Pair>
		<Pair>
			<key>highlight</key>
			<styleUrl>#__managed_style_074D0BC48A40DE0E490E_highlight</styleUrl>
		</Pair>
	</StyleMap>
	<StyleMap id="__managed_style_2145CBC7CE40DE0E490C">
		<Pair>
			<key>normal</key>
			<styleUrl>#__managed_style_2145CBC7CE40DE0E490C_normal</styleUrl>
		</Pair>
		<Pair>
			<key>highlight</key>
			<styleUrl>#__managed_style_2145CBC7CE40DE0E490C_highlight</styleUrl>
		</Pair>
	</StyleMap>
	<StyleMap id="__managed_style_021E76E17E40DE0E4908">
		<Pair>
			<key>normal</key>
			<styleUrl>#__managed_style_021E76E17E40DE0E4908_normal</styleUrl>
		</Pair>
		<Pair>
			<key>highlight</key>
			<styleUrl>#__managed_style_021E76E17E40DE0E4908_highlight</styleUrl>
		</Pair>
	</StyleMap>
	<gx:CascadingStyle kml:id="__managed_style_1840E0FBC740DE0E4910_highlight">
		<Style>
			<IconStyle>
				<scale>1.2</scale>
				<Icon>
					<href>https://earth.google.com/earth/document/icon?color=7b1fa2&amp;id=2275&amp;scale=4</href>
				</Icon>
				<hotSpot x="64" y="128" xunits="pixels" yunits="insetPixels"/>
			</IconStyle>
			<LabelStyle>
				<scale>0</scale>
			</LabelStyle>
			<LineStyle>
				<color>ff2dc0fb</color>
				<width>4.8</width>
			</LineStyle>
			<PolyStyle>
				<color>40ffffff</color>
			</PolyStyle>
			<BalloonStyle>
				<gx:displayMode>card</gx:displayMode>
			</BalloonStyle>
		</Style>
	</gx:CascadingStyle>
	<gx:CascadingStyle kml:id="__managed_style_15B97B6E7D40DE0E490B_highlight">
		<Style>
			<IconStyle>
				<scale>1.2</scale>
				<Icon>
					<href>https://earth.google.com/earth/document/icon?color=1976d2&amp;id=2000&amp;scale=4</href>
				</Icon>
				<hotSpot x="64" y="128" xunits="pixels" yunits="insetPixels"/>
			</IconStyle>
			<LabelStyle>
				<scale>0</scale>
			</LabelStyle>
			<LineStyle>
				<color>ffa21f7b</color>
				<width>4.8</width>
			</LineStyle>
			<PolyStyle>
				<color>40ffffff</color>
			</PolyStyle>
			<BalloonStyle>
			</BalloonStyle>
		</Style>
	</gx:CascadingStyle>
	<gx:CascadingStyle kml:id="__managed_style_1EAAA7670240DE0E4907_highlight">
		<Style>
			<IconStyle>
				<scale>1.2</scale>
				<Icon>
					<href>https://earth.google.com/earth/document/icon?color=1976d2&amp;id=2000&amp;scale=4</href>
				</Icon>
				<hotSpot x="64" y="128" xunits="pixels" yunits="insetPixels"/>
			</IconStyle>
			<LabelStyle>
				<scale>0</scale>
			</LabelStyle>
			<LineStyle>
				<color>ff2dc0fb</color>
				<width>4.8</width>
			</LineStyle>
			<PolyStyle>
				<color>40ffffff</color>
			</PolyStyle>
			<BalloonStyle>
			</BalloonStyle>
		</Style>
	</gx:CascadingStyle>
	<gx:CascadingStyle kml:id="__managed_style_074D0BC48A40DE0E490E_normal">
		<Style>
			<IconStyle>
				<Icon>
					<href>https://earth.google.com/earth/document/icon?color=7b1fa2&amp;id=2317&amp;scale=4</href>
				</Icon>
				<hotSpot x="64" y="128" xunits="pixels" yunits="insetPixels"/>
			</IconStyle>
			<LabelStyle>
				<scale>0</scale>
			</LabelStyle>
			<LineStyle>
				<color>ff2dc0fb</color>
				<width>3.2</width>
			</LineStyle>
			<PolyStyle>
				<color>40ffffff</color>
			</PolyStyle>
			<BalloonStyle>
				<gx:displayMode>card</gx:displayMode>
			</BalloonStyle>
		</Style>
	</gx:CascadingStyle>
	<gx:CascadingStyle kml:id="__managed_style_4AC7D2142440DE0E4908_normal">
		<Style>
			<IconStyle>
				<Icon>
					<href>https://earth.google.com/earth/document/icon?color=1976d2&amp;id=2000&amp;scale=4</href>
				</Icon>
				<hotSpot x="64" y="128" xunits="pixels" yunits="insetPixels"/>
			</IconStyle>
			<LabelStyle>
			</LabelStyle>
			<LineStyle>
				<color>ff2dc0fb</color>
				<width>3.2</width>
			</LineStyle>
			<PolyStyle>
				<color>40ffffff</color>
			</PolyStyle>
			<BalloonStyle>
			</BalloonStyle>
		</Style>
	</gx:CascadingStyle>
	<gx:CascadingStyle kml:id="__managed_style_101C17094C40DE0E4909_highlight">
		<Style>
			<IconStyle>
				<scale>1.2</scale>
				<Icon>
					<href>https://earth.google.com/earth/document/icon?color=7b1fa2&amp;id=2311&amp;scale=4</href>
				</Icon>
				<hotSpot x="64" y="128" xunits="pixels" yunits="insetPixels"/>
			</IconStyle>
			<LabelStyle>
				<scale>0</scale>
			</LabelStyle>
			<LineStyle>
				<color>ff2dc0fb</color>
				<width>4.8</width>
			</LineStyle>
			<PolyStyle>
				<color>40ffffff</color>
			</PolyStyle>
			<BalloonStyle>
				<gx:displayMode>card</gx:displayMode>
			</BalloonStyle>
		</Style>
	</gx:CascadingStyle>
	<StyleMap id="__managed_style_1A440C6FFC40DE0E4913">
		<Pair>
			<key>normal</key>
			<styleUrl>#__managed_style_1A440C6FFC40DE0E4913_normal</styleUrl>
		</Pair>
		<Pair>
			<key>highlight</key>
			<styleUrl>#__managed_style_1A440C6FFC40DE0E4913_highlight</styleUrl>
		</Pair>
	</StyleMap>
	<gx:CascadingStyle kml:id="__managed_style_15B97B6E7D40DE0E490B_normal">
		<Style>
			<IconStyle>
				<Icon>
					<href>https://earth.google.com/earth/document/icon?color=1976d2&amp;id=2000&amp;scale=4</href>
				</Icon>
				<hotSpot x="64" y="128" xunits="pixels" yunits="insetPixels"/>
			</IconStyle>
			<LabelStyle>
				<scale>0</scale>
			</LabelStyle>
			<LineStyle>
				<color>ffa21f7b</color>
				<width>3.2</width>
			</LineStyle>
			<PolyStyle>
				<color>40ffffff</color>
			</PolyStyle>
			<BalloonStyle>
			</BalloonStyle>
		</Style>
	</gx:CascadingStyle>
	<StyleMap id="__managed_style_4AC7D2142440DE0E4908">
		<Pair>
			<key>normal</key>
			<styleUrl>#__managed_style_4AC7D2142440DE0E4908_normal</styleUrl>
		</Pair>
		<Pair>
			<key>highlight</key>
			<styleUrl>#__managed_style_4AC7D2142440DE0E4908_highlight</styleUrl>
		</Pair>
	</StyleMap>
	<Folder id="09EE2E39183F3849272E">
		<name>דובאי</name>
		<open>1</open>
		<styleUrl>#__managed_style_4AC7D2142440DE0E4908</styleUrl>
		<Folder id="097A1E329D3F38498ED8">
			<name>אטרקציות כללי</name>
			<styleUrl>#__managed_style_1EAAA7670240DE0E4907</styleUrl>
			<Placemark id="014C164FA02DAECAF258">
				<name>Dubai Marina Walk</name>
				<LookAt>
					<longitude>55.14759857951064</longitude>
					<latitude>25.08726304659472</latitude>
					<altitude>1.715853951889605</altitude>
					<heading>310.1327142229674</heading>
					<tilt>0</tilt>
					<gx:fovy>35</gx:fovy>
					<range>5050.445255692467</range>
					<altitudeMode>absolute</altitudeMode>
				</LookAt>
				<styleUrl>#__managed_style_021E76E17E40DE0E4908</styleUrl>
				<Polygon>
					<outerBoundaryIs>
						<LinearRing>
							<coordinates>
								55.14566805923313,25.08376219920313,0 55.14493666628231,25.08297686001125,0 55.14393519324922,25.08219126015903,0 55.14330549497686,25.08213982712195,0 55.14304982270726,25.08273855906185,0 55.14269752516496,25.08259879259673,0 55.14279665585109,25.08195550443654,0 55.1420595223362,25.08129501044544,0 55.14139189893189,25.08143116629962,0 55.141055464084,25.08115728845282,0 55.14125521353609,25.08064258944312,0 55.14042379755287,25.07992781265898,0 55.14005424160419,25.08001162809137,0 55.13928872165434,25.07932075206518,0 55.13854671952041,25.0794369161639,0 55.13848199856303,25.07814379426005,0 55.13719990637436,25.07805971744019,0 55.13691589732672,25.07774846554048,0 55.13718612845066,25.07745822987351,0 55.13716553922311,25.07670204116857,0 55.13618736385754,25.07553288146847,0 55.13425938895436,25.07484041098459,0 55.13341935478284,25.07417230656746,0 55.13312791414623,25.0724123207766,0 55.13178743200803,25.0711625988888,0 55.13107013308906,25.07108997902771,0 55.13051182593114,25.07056075878992,0 55.1295115344856,25.07082896322435,0 55.12881376652101,25.07013890832789,0 55.12952814702646,25.07004463889458,0 55.13026542797947,25.06937977400346,0 55.13166725630343,25.06912044619758,0 55.13198220865159,25.07024078745198,0 55.13279358907361,25.07068944529111,0 55.13375616322549,25.07186994343266,0 55.13537118918774,25.07199013952588,0 55.13659364624406,25.07310138119127,0 55.13652842835055,25.0743585389357,0 55.13727476003753,25.07537711391146,0 55.1391193213462,25.07600912811447,0 55.13888953063049,25.07627671167348,0 55.13930425201092,25.07736734094744,0 55.14126020310079,25.07780132394133,0 55.13969633635961,25.07843631940095,0 55.14053593156013,25.07906361326734,0 55.14142987768174,25.07989550963793,0 55.14240003263725,25.07959186696554,0 55.14276902323409,25.08003854092435,0 55.14361119324414,25.08089881095951,0 55.14459343920743,25.08108994571059,0 55.14465108091025,25.08173105204293,0 55.14524201218005,25.0824167973625,0 55.14592347728044,25.08243187419727,0 55.14619587490466,25.08266868163496,0 55.14689971241347,25.08363540698431,0 55.14763414377588,25.08387884857566,0 55.14796121409425,25.08469090133953,0 55.14760436691706,25.08526354889614,0 55.14802540454244,25.08649782258929,0 55.14702501483085,25.08644864467078,0 55.14640840375547,25.08706855970227,0 55.14535681981873,25.08650063514466,0 55.14464115449045,25.08599678026377,0 55.14515528319138,25.08525738942933,0 55.14520153158228,25.08430062814908,0 55.14566805923313,25.08376219920313,0 
							</coordinates>
						</LinearRing>
					</outerBoundaryIs>
				</Polygon>
			</Placemark>
			<Placemark id="0FCA7B15262DAECB48DF">
				<name>JBR Beach Dubai</name>
				<LookAt>
					<longitude>55.13200095367317</longitude>
					<latitude>25.07755545638411</latitude>
					<altitude>3.775960060729566</altitude>
					<heading>310.1327066746181</heading>
					<tilt>0</tilt>
					<gx:fovy>35</gx:fovy>
					<range>1692.99235530838</range>
					<altitudeMode>absolute</altitudeMode>
				</LookAt>
				<styleUrl>#__managed_style_15B97B6E7D40DE0E490B</styleUrl>
				<LineString>
					<coordinates>
						55.12959474709752,25.07507561302617,0 55.13324679422277,25.07888580187603,0 
					</coordinates>
				</LineString>
			</Placemark>
			<Placemark id="091F2499A92DAED48A89">
				<name>Almas lake</name>
				<LookAt>
					<longitude>55.14240013360794</longitude>
					<latitude>25.07232363052674</latitude>
					<altitude>1.715705276586876</altitude>
					<heading>40.77636726389047</heading>
					<tilt>0</tilt>
					<gx:fovy>35</gx:fovy>
					<range>3395.303218084155</range>
					<altitudeMode>absolute</altitudeMode>
				</LookAt>
				<styleUrl>#__managed_style_021E76E17E40DE0E4908</styleUrl>
				<Polygon>
					<outerBoundaryIs>
						<LinearRing>
							<coordinates>
								55.13906607959401,25.06561413422481,0 55.13986022603722,25.06568286795126,0 55.13964362303582,25.06690915148189,0 55.14018924354615,25.06745628263835,0 55.14077745003272,25.06715083300868,0 55.14087898149947,25.06779098463898,0 55.14169427772762,25.0680214857447,0 55.14214488916004,25.06874750098222,0 55.14249844343888,25.06966150690299,0 55.143001359914,25.06976769930844,0 55.14363293359304,25.06956516049155,0 55.1437425016314,25.0703063843909,0 55.14297989005171,25.07077524743466,0 55.14314278763629,25.07151618376322,0 55.14275000487902,25.07202254445514,0 55.14194427975432,25.07150034530919,0 55.14142474697822,25.07062826572244,0 55.14100016468711,25.06976592493247,0 55.13968983871764,25.06839461455866,0 55.13877769938028,25.06813551615103,0 55.13865764332059,25.06742559051944,0 55.13830453608332,25.0673170470024,0 55.1381019464678,25.06670636353842,0 55.13867810719437,25.06620565015754,0 55.13842938083606,25.0655371830651,0 55.13783858759838,25.06533392749643,0 55.13798126775202,25.06506811531219,0 55.13852764725711,25.06496838575535,0 55.13906607959401,25.06561413422481,0 
							</coordinates>
						</LinearRing>
					</outerBoundaryIs>
				</Polygon>
			</Placemark>
			<Placemark id="0DFB4C76972DAEDC96DF">
				<name>Creek Harbour Night Vision</name>
				<LookAt>
					<longitude>55.3441819844826</longitude>
					<latitude>25.20902603878713</latitude>
					<altitude>0.9423928095911105</altitude>
					<heading>292.6132212503313</heading>
					<tilt>0</tilt>
					<gx:fovy>35</gx:fovy>
					<range>1065.949476065871</range>
					<altitudeMode>absolute</altitudeMode>
				</LookAt>
				<styleUrl>#__managed_style_15B97B6E7D40DE0E490B</styleUrl>
				<LineString>
					<coordinates>
						55.34154057162852,25.2025433151763,0 55.340823710873,25.20255497907069,0 55.34059959510288,25.20338665713092,0 55.34079522931559,25.20388381097616,0 55.34128533516567,25.2043526810186,0 55.34176692211663,25.20435132494781,0 55.34298850092518,25.20460594429603,0 55.34340727338891,25.20573325394387,0 55.34288891408821,25.20628275575141,0 55.34219051095891,25.20668018139267,0 55.34170347556846,25.20666953743051,0 55.34102500176434,25.20604497358875,0 55.34088319919439,25.20569983867019,0 55.34101382990914,25.20605670767878,0 55.34169757227648,25.20665671511069,0 55.34250764205316,25.20843395115237,0 55.34305801638363,25.20916013517693,0 55.34347242939749,25.20939324819913,0 55.34375231470626,25.20991486432573,0 55.34500613761099,25.21048259841612,0 55.34603462427512,25.21049340212943,0 
					</coordinates>
				</LineString>
			</Placemark>
			<Placemark id="012BC966893856ED3FB6">
				<name>Dubai International Airport</name>
				<gx:mid>/m/0147lg</gx:mid>
				<gx:fid>0x3e5f5d0693260e69:0xe695d4007a48eee9</gx:fid>
				<LookAt>
					<longitude>55.35934425</longitude>
					<latitude>25.2568465</latitude>
					<altitude>0</altitude>
					<heading>0</heading>
					<tilt>0</tilt>
					<gx:fovy>35</gx:fovy>
					<range>10512.34793953056</range>
					<altitudeMode>relativeToGround</altitudeMode>
				</LookAt>
				<styleUrl>#__managed_style_022663CC3A40DE0E4910</styleUrl>
				<Point>
					<altitudeMode>relativeToGround</altitudeMode>
					<coordinates>55.36431779999999,25.2566932,0</coordinates>
				</Point>
			</Placemark>
			<Placemark id="09F8948D683F384840F7">
				<gx:mid>/g/11r_pxmz0c</gx:mid>
				<gx:fid>0x3e5f43ac4330594d:0x537d460e7839e48a</gx:fid>
				<LookAt>
					<longitude>55.26996339999999</longitude>
					<latitude>25.2009811</latitude>
					<altitude>0</altitude>
					<heading>0</heading>
					<tilt>0</tilt>
					<gx:fovy>35</gx:fovy>
					<range>945.0721443424967</range>
					<altitudeMode>relativeToGround</altitudeMode>
				</LookAt>
				<styleUrl>#__managed_style_0937FD207040DE0E490F</styleUrl>
				<Point>
					<altitudeMode>relativeToGround</altitudeMode>
					<coordinates>55.26996339999999,25.2009811,0</coordinates>
				</Point>
			</Placemark>
			<Placemark id="0883BCC6113F3848F949">
				<gx:mid>/g/11gxwqsm7d</gx:mid>
				<gx:fid>0x3e5f43dba3de6f11:0xaf091f7c1eac5d48</gx:fid>
				<LookAt>
					<longitude>55.2774575</longitude>
					<latitude>25.1709689</latitude>
					<altitude>0</altitude>
					<heading>0</heading>
					<tilt>0</tilt>
					<gx:fovy>35</gx:fovy>
					<range>945.3305264879831</range>
					<altitudeMode>relativeToGround</altitudeMode>
				</LookAt>
				<styleUrl>#__managed_style_1EB8B3925040DE0E4908</styleUrl>
				<Point>
					<altitudeMode>relativeToGround</altitudeMode>
					<coordinates>55.27697855735398,25.17014049276448,0</coordinates>
				</Point>
			</Placemark>
			<Placemark id="0BCF91336F3F386F5674">
				<gx:mid>/g/11zj0pmg_d</gx:mid>
				<gx:fid>0x3e5f6b44beaaaaab:0x3e06ec875a375688</gx:fid>
				<LookAt>
					<longitude>55.15310479999999</longitude>
					<latitude>25.092676</latitude>
					<altitude>0</altitude>
					<heading>0</heading>
					<tilt>0</tilt>
					<gx:fovy>35</gx:fovy>
					<range>946.003272634926</range>
					<altitudeMode>relativeToGround</altitudeMode>
				</LookAt>
				<styleUrl>#__managed_style_09360C136040DE0E4909</styleUrl>
				<Point>
					<altitudeMode>relativeToGround</altitudeMode>
					<coordinates>55.15310479999999,25.092676,0</coordinates>
				</Point>
			</Placemark>
			<Placemark id="0B6654ECEE3F3870E407">
				<gx:mid>/g/11k_4l3ttq</gx:mid>
				<gx:fid>0x3e5f6b894909eba7:0xd9968a3a50ba319d</gx:fid>
				<LookAt>
					<longitude>55.1434375</longitude>
					<latitude>25.1065625</latitude>
					<altitude>0</altitude>
					<heading>0</heading>
					<tilt>0</tilt>
					<gx:fovy>35</gx:fovy>
					<range>945.8840870827331</range>
					<altitudeMode>relativeToGround</altitudeMode>
				</LookAt>
				<styleUrl>#__managed_style_2145CBC7CE40DE0E490C</styleUrl>
				<Point>
					<altitudeMode>relativeToGround</altitudeMode>
					<coordinates>55.1434375,25.1065625,0</coordinates>
				</Point>
			</Placemark>
			<Placemark id="07444DF6743F3871434F">
				<name>Palm West Beach by Dubai Retail</name>
				<LookAt>
					<longitude>55.14627329628966</longitude>
					<latitude>25.10640755235933</latitude>
					<altitude>2.152902454657133</altitude>
					<heading>0</heading>
					<tilt>0</tilt>
					<gx:fovy>50.22543697392457</gx:fovy>
					<range>1708.800776017306</range>
					<altitudeMode>absolute</altitudeMode>
				</LookAt>
				<styleUrl>#__managed_style_4DFC99729C40DE0E4910</styleUrl>
				<LineString>
					<coordinates>
						55.14887009970414,25.10225699431635,0 55.1470048219367,25.10380083270829,0 55.14373356062944,25.10621682294045,0 55.14111869730913,25.1080813079325,0 55.13905512955434,25.10906163960953,0 55.13785640375369,25.10925137197369,0 55.13688874922739,25.10984797407882,0 55.13531633868647,25.10966284461243,0 
					</coordinates>
				</LineString>
			</Placemark>
			<Placemark id="0BCD8D8A103F3871DC2E">
				<gx:mid>/g/11b778b4xy</gx:mid>
				<gx:fid>0x3e5f135802f61e45:0x8416ce29408966fa</gx:fid>
				<LookAt>
					<longitude>55.1309365</longitude>
					<latitude>25.0775333</latitude>
					<altitude>0</altitude>
					<heading>0</heading>
					<tilt>0</tilt>
					<gx:fovy>35</gx:fovy>
					<range>946.133172703768</range>
					<altitudeMode>relativeToGround</altitudeMode>
				</LookAt>
				<styleUrl>#__managed_style_2145CBC7CE40DE0E490C</styleUrl>
				<Point>
					<altitudeMode>relativeToGround</altitudeMode>
					<coordinates>55.1309365,25.0775333,0</coordinates>
				</Point>
			</Placemark>
			<Placemark id="01D14B8B9B3F387412A8">
				<gx:mid>/g/11k9nvsks1</gx:mid>
				<gx:fid>0x3e5f1529f0651fcf:0xa05fd40e46e5076a</gx:fid>
				<LookAt>
					<longitude>55.1200862</longitude>
					<latitude>25.1318102</latitude>
					<altitude>0</altitude>
					<heading>0</heading>
					<tilt>0</tilt>
					<gx:fovy>35</gx:fovy>
					<range>945.6672391111076</range>
					<altitudeMode>relativeToGround</altitudeMode>
				</LookAt>
				<styleUrl>#__managed_style_1EB8B3925040DE0E4908</styleUrl>
				<Point>
					<altitudeMode>relativeToGround</altitudeMode>
					<coordinates>55.1200862,25.1318102,0</coordinates>
				</Point>
			</Placemark>
			<Placemark id="042F5C985C3F3874C60E">
				<gx:mid>/g/11f8p31qy5</gx:mid>
				<gx:fid>0x3e5f43496ad9c645:0xb78f1e79bffcf25d</gx:fid>
				<LookAt>
					<longitude>55.12132345</longitude>
					<latitude>25.13435015</latitude>
					<altitude>0</altitude>
					<heading>0</heading>
					<tilt>0</tilt>
					<gx:fovy>35</gx:fovy>
					<range>945.6454131439519</range>
					<altitudeMode>relativeToGround</altitudeMode>
				</LookAt>
				<styleUrl>#__managed_style_1EB8B3925040DE0E4908</styleUrl>
				<Point>
					<altitudeMode>relativeToGround</altitudeMode>
					<coordinates>55.12192678710669,25.13452698987361,0</coordinates>
				</Point>
			</Placemark>
			<Placemark id="069A711C973F38757939">
				<gx:mid>/g/12hl5tqy9</gx:mid>
				<gx:fid>0x3e5f153faa386ad1:0x17ae2b10f488e39a</gx:fid>
				<LookAt>
					<longitude>55.1170997</longitude>
					<latitude>25.1308881</latitude>
					<altitude>0</altitude>
					<heading>0</heading>
					<tilt>0</tilt>
					<gx:fovy>35</gx:fovy>
					<range>945.6751622925318</range>
					<altitudeMode>relativeToGround</altitudeMode>
				</LookAt>
				<styleUrl>#__managed_style_1EB8B3925040DE0E4908</styleUrl>
				<Point>
					<altitudeMode>relativeToGround</altitudeMode>
					<coordinates>55.1170997,25.1308881,0</coordinates>
				</Point>
			</Placemark>
			<Placemark id="0988B6D3803F38780594">
				<gx:mid>/g/11qb39qb2s</gx:mid>
				<gx:fid>0x3e5f41416c48a967:0x9235aca345ecdc37</gx:fid>
				<LookAt>
					<longitude>55.161055</longitude>
					<latitude>25.2270288</latitude>
					<altitude>0</altitude>
					<heading>0</heading>
					<tilt>0</tilt>
					<gx:fovy>35</gx:fovy>
					<range>944.8476704753626</range>
					<altitudeMode>relativeToGround</altitudeMode>
				</LookAt>
				<styleUrl>#__managed_style_1EB8B3925040DE0E4908</styleUrl>
				<Point>
					<altitudeMode>relativeToGround</altitudeMode>
					<coordinates>55.161055,25.2270288,0</coordinates>
				</Point>
			</Placemark>
			<Placemark id="0D86E46B0B3F3878930E">
				<name>The World Dubai</name>
				<LookAt>
					<longitude>55.14559273149079</longitude>
					<latitude>25.20131695288602</latitude>
					<altitude>5.547493373959275</altitude>
					<heading>-2.028920375399065</heading>
					<tilt>0.7593730721412587</tilt>
					<gx:fovy>65.61454015913456</gx:fovy>
					<range>19198.58480426017</range>
					<altitudeMode>absolute</altitudeMode>
				</LookAt>
				<styleUrl>#__managed_style_0E2058BD1E40DE0E4911</styleUrl>
				<Polygon>
					<outerBoundaryIs>
						<LinearRing>
							<coordinates>
								55.14151360780741,25.18690731379104,0 55.1472670000705,25.18477412726345,0 55.15409322730389,25.18521821152104,0 55.16315696408334,25.18486203571643,0 55.17188875963109,25.18785213052211,0 55.18510173536385,25.19455663689018,0 55.19068854310198,25.2008511640664,0 55.19481276825837,25.20603762336794,0 55.1992117623345,25.21040838259862,0 55.20004078479098,25.21609529611704,0 55.20306940633385,25.22200314251547,0 55.20357272908835,25.22796474088754,0 55.2044008021897,25.23381442456752,0 55.20299794296771,25.24195087125532,0 55.20135679011413,25.24680401475053,0 55.19756116353596,25.25048519511757,0 55.19635916460063,25.25227236662694,0 55.19335657855477,25.25526686217222,0 55.19612528987159,25.25744222693455,0 55.18963913996138,25.25965108100157,0 55.18127577264289,25.26213796973962,0 55.1717134105711,25.26291315635114,0 55.16048480200995,25.2604911387943,0 55.15021532886978,25.25603979746925,0 55.14593235039735,25.25087188695032,0 55.14084005256461,25.25186842446147,0 55.1350007649118,25.24470134339407,0 55.13025510347276,25.23411445778004,0 55.12575760886159,25.22335446478543,0 55.12449944100491,25.2137394126236,0 55.12358289250712,25.20873933308109,0 55.12497428787064,25.20429658696017,0 55.12772443921919,25.19751510481941,0 55.13216028203152,25.19152365836035,0 55.14151360780741,25.18690731379104,0 
							</coordinates>
						</LinearRing>
					</outerBoundaryIs>
				</Polygon>
			</Placemark>
			<Placemark id="0517426D3C3F3880AA34">
				<gx:mid>/g/11v5f0277y</gx:mid>
				<gx:fid>0x3e5f69490fc368e1:0x4b824c869ed8d35a</gx:fid>
				<LookAt>
					<longitude>55.270928</longitude>
					<latitude>25.1847952</latitude>
					<altitude>0</altitude>
					<heading>0</heading>
					<tilt>0</tilt>
					<gx:fovy>35</gx:fovy>
					<range>945.2115267825739</range>
					<altitudeMode>relativeToGround</altitudeMode>
				</LookAt>
				<styleUrl>#__managed_style_58E5E3600A40DE0E490C</styleUrl>
				<Point>
					<altitudeMode>relativeToGround</altitudeMode>
					<coordinates>55.270928,25.1847952,0</coordinates>
				</Point>
			</Placemark>
			<Placemark id="0D65D0FA813F38813B0C">
				<gx:mid>/m/06zn69y</gx:mid>
				<gx:fid>0x3e5f6829bbccf13f:0x3e7d654868612ec8</gx:fid>
				<LookAt>
					<longitude>55.2757728</longitude>
					<latitude>25.19534385</latitude>
					<altitude>0</altitude>
					<heading>0</heading>
					<tilt>0</tilt>
					<gx:fovy>35</gx:fovy>
					<range>446.6334845710261</range>
					<altitudeMode>relativeToGround</altitudeMode>
				</LookAt>
				<styleUrl>#__managed_style_202A094EB240DE0E4909</styleUrl>
				<Point>
					<altitudeMode>relativeToGround</altitudeMode>
					<coordinates>55.27515789999999,25.1951554,0</coordinates>
				</Point>
			</Placemark>
			<Placemark id="00E75845D53F38818EEC">
				<gx:mid>/g/11fsbd8thy</gx:mid>
				<gx:fid>0x3e5f69756979eb05:0xc3fe7113699badb2</gx:fid>
				<LookAt>
					<longitude>55.2769992</longitude>
					<latitude>25.1963301</latitude>
					<altitude>0</altitude>
					<heading>0</heading>
					<tilt>0</tilt>
					<gx:fovy>35</gx:fovy>
					<range>945.1122039236903</range>
					<altitudeMode>relativeToGround</altitudeMode>
				</LookAt>
				<styleUrl>#__managed_style_58E5E3600A40DE0E490C</styleUrl>
				<Point>
					<altitudeMode>relativeToGround</altitudeMode>
					<coordinates>55.27699919999999,25.1963301,0</coordinates>
				</Point>
			</Placemark>
			<Placemark id="0843E2F7BB3F3881B2BE">
				<gx:mid>/m/03cn0v</gx:mid>
				<gx:fid>0x3e5f43348a67e24b:0xff45e502e1ceb7e2</gx:fid>
				<LookAt>
					<longitude>55.27437639999999</longitude>
					<latitude>25.197197</latitude>
					<altitude>0</altitude>
					<heading>0</heading>
					<tilt>0</tilt>
					<gx:fovy>35</gx:fovy>
					<range>945.1047377184826</range>
					<altitudeMode>relativeToGround</altitudeMode>
				</LookAt>
				<styleUrl>#__managed_style_12F72105DC40DE0E4911</styleUrl>
				<Point>
					<altitudeMode>relativeToGround</altitudeMode>
					<coordinates>55.27437639999999,25.197197,0</coordinates>
				</Point>
			</Placemark>
			<Placemark id="06118274193F3881F634">
				<gx:mid>/g/1235wkdt</gx:mid>
				<gx:fid>0x3e5f43496ad9c645:0x230b55e177a8dd29</gx:fid>
				<LookAt>
					<longitude>55.2785005</longitude>
					<latitude>25.1975134</latitude>
					<altitude>0</altitude>
					<heading>0</heading>
					<tilt>0</tilt>
					<gx:fovy>35</gx:fovy>
					<range>945.1020126557246</range>
					<altitudeMode>relativeToGround</altitudeMode>
				</LookAt>
				<styleUrl>#__managed_style_1EB8B3925040DE0E4908</styleUrl>
				<Point>
					<altitudeMode>relativeToGround</altitudeMode>
					<coordinates>55.2785005,25.1975134,0</coordinates>
				</Point>
			</Placemark>
			<Placemark id="0BE20B701A3F38827FA0">
				<gx:mid>/m/0bxdn4</gx:mid>
				<gx:fid>0x3e5f682829c85c07:0xa5eda9fb3c93b69d</gx:fid>
				<LookAt>
					<longitude>55.2794979</longitude>
					<latitude>25.197438</latitude>
					<altitude>0</altitude>
					<heading>0</heading>
					<tilt>0</tilt>
					<gx:fovy>35</gx:fovy>
					<range>945.1026620571474</range>
					<altitudeMode>relativeToGround</altitudeMode>
				</LookAt>
				<styleUrl>#__managed_style_101C17094C40DE0E4909</styleUrl>
				<Point>
					<altitudeMode>relativeToGround</altitudeMode>
					<coordinates>55.279747,25.1972295,0</coordinates>
				</Point>
			</Placemark>
			<Placemark id="040142173B3F38843219">
				<gx:mid>/g/11bw_7qljz</gx:mid>
				<gx:fid>0x3e5f42db20d99d41:0xf93035af01a85798</gx:fid>
				<LookAt>
					<longitude>55.30034089999999</longitude>
					<latitude>25.2354522</latitude>
					<altitude>0</altitude>
					<heading>0</heading>
					<tilt>0</tilt>
					<gx:fovy>35</gx:fovy>
					<range>944.7750349610754</range>
					<altitudeMode>relativeToGround</altitudeMode>
				</LookAt>
				<styleUrl>#__managed_style_1EB8B3925040DE0E4908</styleUrl>
				<Point>
					<altitudeMode>relativeToGround</altitudeMode>
					<coordinates>55.30034089999999,25.2354522,0</coordinates>
				</Point>
			</Placemark>
			<Placemark id="05A59BF9EC3F3884C4D8">
				<gx:mid>/g/11ltxwmls5</gx:mid>
				<gx:fid>0x3e5f43c4d6ef1e4b:0xe1797fe99a69f027</gx:fid>
				<LookAt>
					<longitude>55.31023580000001</longitude>
					<latitude>25.242802</latitude>
					<altitude>0</altitude>
					<heading>0</heading>
					<tilt>0</tilt>
					<gx:fovy>35</gx:fovy>
					<range>944.7116394688742</range>
					<altitudeMode>relativeToGround</altitudeMode>
				</LookAt>
				<styleUrl>#__managed_style_266F48A3D640DE0E490B</styleUrl>
				<Point>
					<altitudeMode>relativeToGround</altitudeMode>
					<coordinates>55.3102358,25.242802,0</coordinates>
				</Point>
			</Placemark>
			<Placemark id="0086F4E07A3F388524E7">
				<gx:mid>/g/11wv_mt0s8</gx:mid>
				<gx:fid>0x3e5f670050e25721:0x7fdec746c7ebe641</gx:fid>
				<LookAt>
					<longitude>55.34189689999999</longitude>
					<latitude>25.20234959999999</latitude>
					<altitude>0</altitude>
					<heading>0</heading>
					<tilt>0</tilt>
					<gx:fovy>35</gx:fovy>
					<range>945.0603560412685</range>
					<altitudeMode>relativeToGround</altitudeMode>
				</LookAt>
				<styleUrl>#__managed_style_58E5E3600A40DE0E490C</styleUrl>
				<Point>
					<altitudeMode>relativeToGround</altitudeMode>
					<coordinates>55.3418969,25.2023496,0</coordinates>
				</Point>
			</Placemark>
			<Placemark id="02E29E71FC3F3885908B">
				<gx:mid>/g/11sf6ngs0x</gx:mid>
				<gx:fid>0x3e5f67e9d5cc8d31:0x57630056731b8331</gx:fid>
				<LookAt>
					<longitude>55.3408901</longitude>
					<latitude>25.2057026</latitude>
					<altitude>0</altitude>
					<heading>0</heading>
					<tilt>0</tilt>
					<gx:fovy>35</gx:fovy>
					<range>945.03147077779</range>
					<altitudeMode>relativeToGround</altitudeMode>
				</LookAt>
				<styleUrl>#__managed_style_58E5E3600A40DE0E490C</styleUrl>
				<Point>
					<altitudeMode>relativeToGround</altitudeMode>
					<coordinates>55.3408901,25.2057026,0</coordinates>
				</Point>
			</Placemark>
			<Placemark id="08DAABEE1F3F3885C318">
				<gx:mid>/g/11fszphm44</gx:mid>
				<gx:fid>0x3e5f67b4061ce053:0x9b6c1d3154e37f13</gx:fid>
				<LookAt>
					<longitude>55.34316560000001</longitude>
					<latitude>25.20541649999999</latitude>
					<altitude>0</altitude>
					<heading>0</heading>
					<tilt>0</tilt>
					<gx:fovy>35</gx:fovy>
					<range>945.0339355923542</range>
					<altitudeMode>relativeToGround</altitudeMode>
				</LookAt>
				<styleUrl>#__managed_style_1EB8B3925040DE0E4908</styleUrl>
				<Point>
					<altitudeMode>relativeToGround</altitudeMode>
					<coordinates>55.3431656,25.2054165,0</coordinates>
				</Point>
			</Placemark>
			<Placemark id="0163A43DD83F38860C4E">
				<gx:mid>/g/11k4xzs4j1</gx:mid>
				<gx:fid>0x3e5f6781d949fdd1:0x40e3eb4204171ab8</gx:fid>
				<LookAt>
					<longitude>55.3430804</longitude>
					<latitude>25.2095628</latitude>
					<altitude>0</altitude>
					<heading>0</heading>
					<tilt>0</tilt>
					<gx:fovy>35</gx:fovy>
					<range>944.9982118593812</range>
					<altitudeMode>relativeToGround</altitudeMode>
				</LookAt>
				<styleUrl>#__managed_style_58E5E3600A40DE0E490C</styleUrl>
				<Point>
					<altitudeMode>relativeToGround</altitudeMode>
					<coordinates>55.3430804,25.2095628,0</coordinates>
				</Point>
			</Placemark>
			<Placemark id="0AFD5BBB493F3886617C">
				<gx:mid>/g/11f53qt1dh</gx:mid>
				<gx:fid>0x3e5f5d646e292711:0x8794e479df07fac4</gx:fid>
				<LookAt>
					<longitude>55.343871</longitude>
					<latitude>25.2208674</latitude>
					<altitude>0</altitude>
					<heading>0</heading>
					<tilt>0</tilt>
					<gx:fovy>35</gx:fovy>
					<range>944.900786898942</range>
					<altitudeMode>relativeToGround</altitudeMode>
				</LookAt>
				<styleUrl>#__managed_style_1840E0FBC740DE0E4910</styleUrl>
				<Point>
					<altitudeMode>relativeToGround</altitudeMode>
					<coordinates>55.343871,25.2208674,0</coordinates>
				</Point>
			</Placemark>
			<Placemark id="0B0ABF4D4F3F38875ED0">
				<gx:mid>/g/11wxjrz_zt</gx:mid>
				<gx:fid>0x3e5f699f18a574c7:0xe39c93828818216f</gx:fid>
				<LookAt>
					<longitude>55.2814582</longitude>
					<latitude>25.1940394</latitude>
					<altitude>0</altitude>
					<heading>0</heading>
					<tilt>0</tilt>
					<gx:fovy>35</gx:fovy>
					<range>945.1319315490837</range>
					<altitudeMode>relativeToGround</altitudeMode>
				</LookAt>
				<styleUrl>#__managed_style_1EB8B3925040DE0E4908</styleUrl>
				<Point>
					<altitudeMode>relativeToGround</altitudeMode>
					<coordinates>55.2814582,25.19403939999999,0</coordinates>
				</Point>
			</Placemark>
			<Placemark id="0427F1B8873F3889626F">
				<gx:mid>/g/1hdz4czb3</gx:mid>
				<gx:fid>0x3e5f5b082b96861f:0x1401d31b640e5fea</gx:fid>
				<LookAt>
					<longitude>55.3583432</longitude>
					<latitude>25.33019089999999</latitude>
					<altitude>0</altitude>
					<heading>0</heading>
					<tilt>0</tilt>
					<gx:fovy>35</gx:fovy>
					<range>943.9566056038226</range>
					<altitudeMode>relativeToGround</altitudeMode>
				</LookAt>
				<styleUrl>#__managed_style_1EB8B3925040DE0E4908</styleUrl>
				<Point>
					<altitudeMode>relativeToGround</altitudeMode>
					<coordinates>55.3583432,25.3301909,0</coordinates>
				</Point>
			</Placemark>
			<Placemark id="0B62A4C22B3F38898E24">
				<gx:mid>/g/1hff5k8wr</gx:mid>
				<gx:fid>0x3e5f5ba78c7400e3:0x9c28bb839a247d8</gx:fid>
				<LookAt>
					<longitude>55.35863459999999</longitude>
					<latitude>25.3314632</latitude>
					<altitude>0</altitude>
					<heading>0</heading>
					<tilt>0</tilt>
					<gx:fovy>35</gx:fovy>
					<range>943.9455958164702</range>
					<altitudeMode>relativeToGround</altitudeMode>
				</LookAt>
				<styleUrl>#__managed_style_266F48A3D640DE0E490B</styleUrl>
				<Point>
					<altitudeMode>relativeToGround</altitudeMode>
					<coordinates>55.3586305,25.331465,0</coordinates>
				</Point>
			</Placemark>
			<Placemark id="08F6E6F8F23F3889DADE">
				<gx:mid>/g/11f2q04kwm</gx:mid>
				<gx:fid>0x3e5f5be9734eab43:0x6c791474b1180d5d</gx:fid>
				<LookAt>
					<longitude>55.3874036</longitude>
					<latitude>25.3274253</latitude>
					<altitude>0</altitude>
					<heading>0</heading>
					<tilt>0</tilt>
					<gx:fovy>35</gx:fovy>
					<range>943.9805358887967</range>
					<altitudeMode>relativeToGround</altitudeMode>
				</LookAt>
				<styleUrl>#__managed_style_09360C136040DE0E4909</styleUrl>
				<Point>
					<altitudeMode>relativeToGround</altitudeMode>
					<coordinates>55.3874036,25.3274253,0</coordinates>
				</Point>
			</Placemark>
			<Placemark id="0E5C42293A3F388A0534">
				<gx:mid>/g/11g4f_vng4</gx:mid>
				<gx:fid>0x3e5f5b44111ea2a5:0x5d55352e32720bab</gx:fid>
				<LookAt>
					<longitude>55.38688289999999</longitude>
					<latitude>25.3277449</latitude>
					<altitude>0</altitude>
					<heading>0</heading>
					<tilt>0</tilt>
					<gx:fovy>35</gx:fovy>
					<range>943.9777705614068</range>
					<altitudeMode>relativeToGround</altitudeMode>
				</LookAt>
				<styleUrl>#__managed_style_202A094EB240DE0E4909</styleUrl>
				<Point>
					<altitudeMode>relativeToGround</altitudeMode>
					<coordinates>55.3868829,25.3277449,0</coordinates>
				</Point>
			</Placemark>
			<Placemark id="0B1CF54A2A3F388A3944">
				<gx:mid>/g/11c3vxcfpk</gx:mid>
				<gx:fid>0x3e5f5bc135f4130f:0x2701ae8d9264178</gx:fid>
				<LookAt>
					<longitude>55.3848622</longitude>
					<latitude>25.3343834</latitude>
					<altitude>0</altitude>
					<heading>0</heading>
					<tilt>0</tilt>
					<gx:fovy>35</gx:fovy>
					<range>943.9203241384387</range>
					<altitudeMode>relativeToGround</altitudeMode>
				</LookAt>
				<styleUrl>#__managed_style_1EB8B3925040DE0E4908</styleUrl>
				<Point>
					<altitudeMode>relativeToGround</altitudeMode>
					<coordinates>55.3848622,25.3343834,0</coordinates>
				</Point>
			</Placemark>
			<Placemark id="02E3E4265E3F388A685B">
				<gx:mid>/g/11fb0k26rv</gx:mid>
				<gx:fid>0x3e5f5b73f70db2ad:0xa890236e9bdb69c0</gx:fid>
				<LookAt>
					<longitude>55.3798255</longitude>
					<latitude>25.3415126</latitude>
					<altitude>0</altitude>
					<heading>0</heading>
					<tilt>0</tilt>
					<gx:fovy>35</gx:fovy>
					<range>943.8586164664225</range>
					<altitudeMode>relativeToGround</altitudeMode>
				</LookAt>
				<styleUrl>#__managed_style_1EB8B3925040DE0E4908</styleUrl>
				<Point>
					<altitudeMode>relativeToGround</altitudeMode>
					<coordinates>55.3798255,25.3415126,0</coordinates>
				</Point>
			</Placemark>
			<Placemark id="0AB347E8913F388B4AE8">
				<gx:mid>/g/11b6jb3dmr</gx:mid>
				<gx:fid>0x3e5f5b93f528b275:0xb9dfb186e6bb5c34</gx:fid>
				<LookAt>
					<longitude>55.37626909999999</longitude>
					<latitude>25.322209</latitude>
					<altitude>0</altitude>
					<heading>0</heading>
					<tilt>0</tilt>
					<gx:fovy>35</gx:fovy>
					<range>944.0256653319009</range>
					<altitudeMode>relativeToGround</altitudeMode>
				</LookAt>
				<styleUrl>#__managed_style_1EB8B3925040DE0E4908</styleUrl>
				<Point>
					<altitudeMode>relativeToGround</altitudeMode>
					<coordinates>55.37626909999999,25.322209,0</coordinates>
				</Point>
			</Placemark>
			<Placemark id="09A64056B33F388B6DC0">
				<name>Al Qasba</name>
				<LookAt>
					<longitude>55.37635618504367</longitude>
					<latitude>25.32229811524334</latitude>
					<altitude>1.922408579537305</altitude>
					<heading>0</heading>
					<tilt>0</tilt>
					<gx:fovy>52.62729716224783</gx:fovy>
					<range>450.3888722565899</range>
					<altitudeMode>absolute</altitudeMode>
				</LookAt>
				<styleUrl>#__managed_style_15B97B6E7D40DE0E490B</styleUrl>
				<LineString>
					<coordinates>
						55.37465049126153,25.3216218421501,0 55.37813530438434,25.32297280403094,0 
					</coordinates>
				</LineString>
			</Placemark>
			<Placemark id="06DB6A8D213F388BABB3">
				<gx:mid>/g/1tjym5k0</gx:mid>
				<gx:fid>0x3e5f5b0d4a2467a1:0xfc85773f0def4882</gx:fid>
				<LookAt>
					<longitude>55.3476653</longitude>
					<latitude>25.3183741</latitude>
					<altitude>0</altitude>
					<heading>0</heading>
					<tilt>0</tilt>
					<gx:fovy>35</gx:fovy>
					<range>944.0588381348643</range>
					<altitudeMode>relativeToGround</altitudeMode>
				</LookAt>
				<styleUrl>#__managed_style_09360C136040DE0E4909</styleUrl>
				<Point>
					<altitudeMode>relativeToGround</altitudeMode>
					<coordinates>55.34766529999999,25.3183741,0</coordinates>
				</Point>
			</Placemark>
			<Placemark id="0A65C73E893F388D298F">
				<gx:mid>/g/11nn3rqztf</gx:mid>
				<gx:fid>0x3e5f72d99893b4f9:0x53ca187a1bc8bfd5</gx:fid>
				<LookAt>
					<longitude>55.15069829999999</longitude>
					<latitude>24.9609027</latitude>
					<altitude>0</altitude>
					<heading>0</heading>
					<tilt>0</tilt>
					<gx:fovy>35</gx:fovy>
					<range>947.1313236188283</range>
					<altitudeMode>relativeToGround</altitudeMode>
				</LookAt>
				<styleUrl>#__managed_style_1EB8B3925040DE0E4908</styleUrl>
				<Point>
					<altitudeMode>relativeToGround</altitudeMode>
					<coordinates>55.15069829999999,24.9609027,0</coordinates>
				</Point>
			</Placemark>
			<Placemark id="05984BF2123F388D9557">
				<gx:mid>/g/11c1_wbkyd</gx:mid>
				<gx:fid>0x3e5f0faf6319e19b:0xbed5f66b1ec7e315</gx:fid>
				<LookAt>
					<longitude>55.0120184</longitude>
					<latitude>24.9185661</latitude>
					<altitude>0</altitude>
					<heading>0</heading>
					<tilt>0</tilt>
					<gx:fovy>35</gx:fovy>
					<range>947.4926187779267</range>
					<altitudeMode>relativeToGround</altitudeMode>
				</LookAt>
				<styleUrl>#__managed_style_13F148F94840DE0E490F</styleUrl>
				<Point>
					<altitudeMode>relativeToGround</altitudeMode>
					<coordinates>55.0120184,24.9185661,0</coordinates>
				</Point>
			</Placemark>
			<Placemark id="06AEB1403D3F388E172E">
				<gx:mid>/g/11d_d0f0kf</gx:mid>
				<gx:fid>0x3e5f0f77736ed54b:0x543e42ffccccb188</gx:fid>
				<LookAt>
					<longitude>55.0082055</longitude>
					<latitude>24.9207145</latitude>
					<altitude>0</altitude>
					<heading>0</heading>
					<tilt>0</tilt>
					<gx:fovy>35</gx:fovy>
					<range>947.4742978414458</range>
					<altitudeMode>relativeToGround</altitudeMode>
				</LookAt>
				<styleUrl>#__managed_style_13F148F94840DE0E490F</styleUrl>
				<Point>
					<altitudeMode>relativeToGround</altitudeMode>
					<coordinates>55.00824453847059,24.91964634098091,0</coordinates>
				</Point>
			</Placemark>
			<Placemark id="0172562DB93F388E7AC0">
				<gx:mid>/g/11cs6jtqsz</gx:mid>
				<gx:fid>0x3e5f0fa22e45c91d:0xe68cb823ca8efc65</gx:fid>
				<LookAt>
					<longitude>55.0031268</longitude>
					<latitude>24.9215917</latitude>
					<altitude>0</altitude>
					<heading>0</heading>
					<tilt>0</tilt>
					<gx:fovy>35</gx:fovy>
					<range>947.4668169255365</range>
					<altitudeMode>relativeToGround</altitudeMode>
				</LookAt>
				<styleUrl>#__managed_style_13F148F94840DE0E490F</styleUrl>
				<Point>
					<altitudeMode>relativeToGround</altitudeMode>
					<coordinates>55.0031268,24.9215917,0</coordinates>
				</Point>
			</Placemark>
			<Placemark id="09AD61FDF43F389183A8">
				<gx:mid>/g/12hqvvdhs</gx:mid>
				<gx:fid>0x3e5f682a74fbe9d9:0x4e5ef79ab6ff2c9e</gx:fid>
				<LookAt>
					<longitude>55.2735508</longitude>
					<latitude>25.1943843</latitude>
					<altitude>0</altitude>
					<heading>0</heading>
					<tilt>0</tilt>
					<gx:fovy>35</gx:fovy>
					<range>945.1289613551828</range>
					<altitudeMode>relativeToGround</altitudeMode>
				</LookAt>
				<styleUrl>#__managed_style_09360C136040DE0E4909</styleUrl>
				<Point>
					<altitudeMode>relativeToGround</altitudeMode>
					<coordinates>55.2735508,25.1943843,0</coordinates>
				</Point>
			</Placemark>
			<Placemark id="09F29D98873F3C701D31">
				<gx:mid>/g/11l30842b4</gx:mid>
				<gx:fid>0x3e5f435030f87439:0x29d0a0308b39c03</gx:fid>
				<LookAt>
					<longitude>55.24136230000001</longitude>
					<latitude>25.2070582</latitude>
					<altitude>0</altitude>
					<heading>0</heading>
					<tilt>0</tilt>
					<gx:fovy>35</gx:fovy>
					<range>945.0197916450775</range>
					<altitudeMode>relativeToGround</altitudeMode>
				</LookAt>
				<styleUrl>#__managed_style_2145CBC7CE40DE0E490C</styleUrl>
				<Point>
					<altitudeMode>relativeToGround</altitudeMode>
					<coordinates>55.2413623,25.2070582,0</coordinates>
				</Point>
			</Placemark>
			<Placemark id="0C1FEF10EC3F3D2B94DC">
				<gx:mid>/g/11mpcsqqpf</gx:mid>
				<gx:fid>0x3e5f6baca350f505:0xc184494223b12a5a</gx:fid>
				<LookAt>
					<longitude>55.20847930000001</longitude>
					<latitude>25.1650123</latitude>
					<altitude>0</altitude>
					<heading>0</heading>
					<tilt>0</tilt>
					<gx:fovy>35</gx:fovy>
					<range>945.3817755346523</range>
					<altitudeMode>relativeToGround</altitudeMode>
				</LookAt>
				<styleUrl>#__managed_style_2145CBC7CE40DE0E490C</styleUrl>
				<Point>
					<altitudeMode>relativeToGround</altitudeMode>
					<coordinates>55.2084793,25.1650123,0</coordinates>
				</Point>
			</Placemark>
			<Placemark id="0D4637215D3F3D2C3AC0">
				<gx:mid>/m/03nyg2</gx:mid>
				<gx:fid>0x3e5f6a511ed4b287:0xe1a35f0efa60846c</gx:fid>
				<LookAt>
					<longitude>55.188844</longitude>
					<latitude>25.139409</latitude>
					<altitude>0</altitude>
					<heading>0</heading>
					<tilt>0</tilt>
					<gx:fovy>35</gx:fovy>
					<range>945.6019362169069</range>
					<altitudeMode>relativeToGround</altitudeMode>
				</LookAt>
				<styleUrl>#__managed_style_1EB8B3925040DE0E4908</styleUrl>
				<Point>
					<altitudeMode>relativeToGround</altitudeMode>
					<coordinates>55.188844,25.139409,0</coordinates>
				</Point>
			</Placemark>
			<Placemark id="00FB7779A63F3D2C7984">
				<gx:mid>/m/02mzm9</gx:mid>
				<gx:fid>0x3e5f6a576414cf2d:0xb3da71b879f0e038</gx:fid>
				<LookAt>
					<longitude>55.1849783</longitude>
					<latitude>25.14155485</latitude>
					<altitude>0</altitude>
					<heading>0</heading>
					<tilt>0</tilt>
					<gx:fovy>35</gx:fovy>
					<range>446.8419972093899</range>
					<altitudeMode>relativeToGround</altitudeMode>
				</LookAt>
				<styleUrl>#__managed_style_0937FD207040DE0E490F</styleUrl>
				<Point>
					<altitudeMode>relativeToGround</altitudeMode>
					<coordinates>55.18524679999999,25.1411914,0</coordinates>
				</Point>
			</Placemark>
			<Placemark id="008753B5AA3F3D2CF54C">
				<gx:mid>/m/059ny2n</gx:mid>
				<gx:fid>0x3e5f4200f6a91439:0x6adea5eb9fc274b6</gx:fid>
				<LookAt>
					<longitude>55.1862234</longitude>
					<latitude>25.1331644</latitude>
					<altitude>0</altitude>
					<heading>0</heading>
					<tilt>0</tilt>
					<gx:fovy>35</gx:fovy>
					<range>945.6556026217332</range>
					<altitudeMode>relativeToGround</altitudeMode>
				</LookAt>
				<styleUrl>#__managed_style_1EB8B3925040DE0E4908</styleUrl>
				<Point>
					<altitudeMode>relativeToGround</altitudeMode>
					<coordinates>55.1862234,25.1331644,0</coordinates>
				</Point>
			</Placemark>
			<Placemark id="048D0D05DB3F3D2DAD10">
				<name>Souk Madinat Jumeirah</name>
				<LookAt>
					<longitude>55.1860088896257</longitude>
					<latitude>25.13461765537319</latitude>
					<altitude>4.119410952339164</altitude>
					<heading>359.5057588638986</heading>
					<tilt>0</tilt>
					<gx:fovy>52.63503526062414</gx:fovy>
					<range>465.2042255433481</range>
					<altitudeMode>absolute</altitudeMode>
				</LookAt>
				<styleUrl>#__managed_style_0E2058BD1E40DE0E4911</styleUrl>
				<Polygon>
					<outerBoundaryIs>
						<LinearRing>
							<coordinates>
								55.18718126232258,25.13356645670205,0 55.18710359189414,25.13438408220411,0 55.18687480220839,25.13472640000063,0 55.18649840047034,25.13506147166057,0 55.18608325740569,25.13516104189551,0 55.18569196364472,25.13482206613001,0 55.18597373887637,25.13456808160783,0 55.18548336055216,25.13427243662804,0 55.18497705878143,25.1346009164111,0 55.18602731896729,25.13554573668498,0 55.18546017624784,25.13595014651468,0 55.18498692940271,25.13578289236711,0 55.1846100414556,25.13505309477417,0 55.1847154963722,25.13469286153396,0 55.18463142046744,25.13414610222758,0 55.18442890917161,25.13358866104166,0 55.18479533408804,25.13299862901757,0 55.18519758159688,25.13272187095343,0 55.18590988236509,25.13256176772187,0 55.18671298056833,25.13244307065185,0 55.18687925780061,25.13253053397308,0 55.187209348833,25.13320642065469,0 55.18718126232258,25.13356645670205,0 
							</coordinates>
						</LinearRing>
					</outerBoundaryIs>
				</Polygon>
			</Placemark>
			<Placemark id="0AA3FE4C373F3D2F55F6">
				<gx:mid>/m/08p7qx</gx:mid>
				<gx:fid>0x3e5f6bbec39f339d:0x47afe5626875154c</gx:fid>
				<LookAt>
					<longitude>55.200608</longitude>
					<latitude>25.118107</latitude>
					<altitude>0</altitude>
					<heading>0</heading>
					<tilt>0</tilt>
					<gx:fovy>35</gx:fovy>
					<range>945.7849576310102</range>
					<altitudeMode>relativeToGround</altitudeMode>
				</LookAt>
				<styleUrl>#__managed_style_101C17094C40DE0E4909</styleUrl>
				<Point>
					<altitudeMode>relativeToGround</altitudeMode>
					<coordinates>55.200608,25.118107,0</coordinates>
				</Point>
			</Placemark>
			<Placemark id="0EFF98F31B3F3D2FC52E">
				<gx:mid>/g/1hc3zpkld</gx:mid>
				<gx:fid>0x3e5f6b8d403abfeb:0x602ca9fc7d59bfdf</gx:fid>
				<LookAt>
					<longitude>55.2027209</longitude>
					<latitude>25.1027951</latitude>
					<altitude>0</altitude>
					<heading>0</heading>
					<tilt>0</tilt>
					<gx:fovy>35</gx:fovy>
					<range>945.9164278900022</range>
					<altitudeMode>relativeToGround</altitudeMode>
				</LookAt>
				<styleUrl>#__managed_style_09360C136040DE0E4909</styleUrl>
				<Point>
					<altitudeMode>relativeToGround</altitudeMode>
					<coordinates>55.2027209,25.1027951,0</coordinates>
				</Point>
			</Placemark>
			<Placemark id="0B1D39E5513F3D3162D4">
				<gx:mid>/g/11lgkdcf1w</gx:mid>
				<gx:fid>0x3e5f6faf1ee078eb:0x4df2efa6c7c45f58</gx:fid>
				<LookAt>
					<longitude>55.2450152</longitude>
					<latitude>25.0603696</latitude>
					<altitude>0</altitude>
					<heading>0</heading>
					<tilt>0</tilt>
					<gx:fovy>35</gx:fovy>
					<range>946.2803248714458</range>
					<altitudeMode>relativeToGround</altitudeMode>
				</LookAt>
				<styleUrl>#__managed_style_09360C136040DE0E4909</styleUrl>
				<Point>
					<altitudeMode>relativeToGround</altitudeMode>
					<coordinates>55.24467079949763,25.06006025439255,0</coordinates>
				</Point>
			</Placemark>
			<Placemark id="0485F067343F3D341A31">
				<gx:mid>/g/11b7jf21pp</gx:mid>
				<gx:fid>0x3e5f6e60fc383bcb:0x39aabdeed196bb1c</gx:fid>
				<LookAt>
					<longitude>55.2465608</longitude>
					<latitude>25.0618046</latitude>
					<altitude>0</altitude>
					<heading>0</heading>
					<tilt>0</tilt>
					<gx:fovy>35</gx:fovy>
					<range>946.268025420834</range>
					<altitudeMode>relativeToGround</altitudeMode>
				</LookAt>
				<styleUrl>#__managed_style_09360C136040DE0E4909</styleUrl>
				<Point>
					<altitudeMode>relativeToGround</altitudeMode>
					<coordinates>55.2465608,25.0618046,0</coordinates>
				</Point>
			</Placemark>
			<Placemark id="0BB5A514713F3D5ABD60">
				<gx:mid>/g/11b75jtlcj</gx:mid>
				<gx:fid>0x3e5f6b50bee78e5f:0x3cbe170d89506e55</gx:fid>
				<LookAt>
					<longitude>55.1478011</longitude>
					<latitude>25.085564</latitude>
					<altitude>0</altitude>
					<heading>0</heading>
					<tilt>0</tilt>
					<gx:fovy>35</gx:fovy>
					<range>946.064290920919</range>
					<altitudeMode>relativeToGround</altitudeMode>
				</LookAt>
				<styleUrl>#__managed_style_031B0547EE40DE0E490B</styleUrl>
				<Point>
					<altitudeMode>relativeToGround</altitudeMode>
					<coordinates>55.13953429434814,25.07876190508339,0</coordinates>
				</Point>
			</Placemark>
			<Placemark id="01D4C61EC43F3D6D727C">
				<gx:mid>/g/11lf35m4by</gx:mid>
				<gx:fid>0x3e5f150055ca6d81:0xcba511372aba2f34</gx:fid>
				<LookAt>
					<longitude>55.1199723</longitude>
					<latitude>25.0819854</latitude>
					<altitude>0</altitude>
					<heading>0</heading>
					<tilt>0</tilt>
					<gx:fovy>35</gx:fovy>
					<range>946.0949881108071</range>
					<altitudeMode>relativeToGround</altitudeMode>
				</LookAt>
				<styleUrl>#__managed_style_2145CBC7CE40DE0E490C</styleUrl>
				<Point>
					<altitudeMode>relativeToGround</altitudeMode>
					<coordinates>55.1199723,25.08198539999999,0</coordinates>
				</Point>
			</Placemark>
			<Placemark id="0C4F14167B3F3E1ED9B0">
				<gx:mid>/m/022p8g</gx:mid>
				<gx:fid>0x3e5f6f8fa3e0fe15:0x47d99efb4e3fa427</gx:fid>
				<LookAt>
					<longitude>55.3084347</longitude>
					<latitude>25.0716887</latitude>
					<altitude>0</altitude>
					<heading>0</heading>
					<tilt>0</tilt>
					<gx:fovy>35</gx:fovy>
					<range>946.1832912273968</range>
					<altitudeMode>relativeToGround</altitudeMode>
				</LookAt>
				<styleUrl>#__managed_style_031B0547EE40DE0E490B</styleUrl>
				<Point>
					<altitudeMode>relativeToGround</altitudeMode>
					<coordinates>55.306675582118,25.06888955752767,0</coordinates>
				</Point>
			</Placemark>
			<Placemark id="08635CEA533F3E1FD3E9">
				<gx:mid>/g/11h3c4vxpp</gx:mid>
				<gx:fid>0x3e5f6b37d09cd759:0xbe3d229c193d43e7</gx:fid>
				<LookAt>
					<longitude>55.1605216</longitude>
					<latitude>25.0941744</latitude>
					<altitude>0</altitude>
					<heading>0</heading>
					<tilt>0</tilt>
					<gx:fovy>35</gx:fovy>
					<range>945.9904149526911</range>
					<altitudeMode>relativeToGround</altitudeMode>
				</LookAt>
				<styleUrl>#__managed_style_09360C136040DE0E4909</styleUrl>
				<Point>
					<altitudeMode>relativeToGround</altitudeMode>
					<coordinates>55.1605216,25.0941744,0</coordinates>
				</Point>
			</Placemark>
			<Placemark id="00F941FCB43F3E207CAC">
				<gx:mid>/g/11bbx09r_b</gx:mid>
				<gx:fid>0x3e5f14a9d232d697:0xd67ad24d15b4376f</gx:fid>
				<LookAt>
					<longitude>55.1312332</longitude>
					<latitude>25.0758814</latitude>
					<altitude>0</altitude>
					<heading>0</heading>
					<tilt>0</tilt>
					<gx:fovy>35</gx:fovy>
					<range>946.147339110824</range>
					<altitudeMode>relativeToGround</altitudeMode>
				</LookAt>
				<styleUrl>#__managed_style_1EB8B3925040DE0E4908</styleUrl>
				<Point>
					<altitudeMode>relativeToGround</altitudeMode>
					<coordinates>55.1312332,25.0758814,0</coordinates>
				</Point>
			</Placemark>
			<Placemark id="0330B93B563F3E220739">
				<gx:mid>/g/11b8_3rm4r</gx:mid>
				<gx:fid>0x3e5f6cad99d6a37f:0x93c2a47150a13b98</gx:fid>
				<LookAt>
					<longitude>55.140671</longitude>
					<latitude>25.0691063</latitude>
					<altitude>0</altitude>
					<heading>0</heading>
					<tilt>0</tilt>
					<gx:fovy>35</gx:fovy>
					<range>946.2054324542178</range>
					<altitudeMode>relativeToGround</altitudeMode>
				</LookAt>
				<styleUrl>#__managed_style_0937FD207040DE0E490F</styleUrl>
				<Point>
					<altitudeMode>relativeToGround</altitudeMode>
					<coordinates>55.14099428792834,25.06869014130493,0</coordinates>
				</Point>
			</Placemark>
			<Placemark id="0C8A1F96493F3E22B4DE">
				<gx:mid>/g/11slwdl7z4</gx:mid>
				<gx:fid>0x3e5f15a56cb6d20d:0xcf1043f6f8e1e94f</gx:fid>
				<LookAt>
					<longitude>55.1247687</longitude>
					<latitude>25.0800328</latitude>
					<altitude>0</altitude>
					<heading>0</heading>
					<tilt>0</tilt>
					<gx:fovy>35</gx:fovy>
					<range>946.1117358389722</range>
					<altitudeMode>relativeToGround</altitudeMode>
				</LookAt>
				<styleUrl>#__managed_style_58E5E3600A40DE0E490C</styleUrl>
				<Point>
					<altitudeMode>relativeToGround</altitudeMode>
					<coordinates>55.1247687,25.0800328,0</coordinates>
				</Point>
			</Placemark>
			<Placemark id="01128B13D33F3E2326E4">
				<gx:mid>/g/11p5_vrzty</gx:mid>
				<gx:fid>0x3e5f15e1f2f66a3d:0x67e085a5b8fed426</gx:fid>
				<LookAt>
					<longitude>55.12284189999999</longitude>
					<latitude>25.0790231</latitude>
					<altitude>0</altitude>
					<heading>0</heading>
					<tilt>0</tilt>
					<gx:fovy>35</gx:fovy>
					<range>946.1203957220014</range>
					<altitudeMode>relativeToGround</altitudeMode>
				</LookAt>
				<styleUrl>#__managed_style_266F48A3D640DE0E490B</styleUrl>
				<Point>
					<altitudeMode>relativeToGround</altitudeMode>
					<coordinates>55.1228419,25.0790231,0</coordinates>
				</Point>
			</Placemark>
			<Placemark id="087575DB7A3F3E23F170">
				<gx:mid>/g/11h0h7tks</gx:mid>
				<gx:fid>0x3e5f1356e05554f1:0xb8c106f7a8a0554d</gx:fid>
				<LookAt>
					<longitude>55.1378525</longitude>
					<latitude>25.0909144</latitude>
					<altitude>0</altitude>
					<heading>0</heading>
					<tilt>0</tilt>
					<gx:fovy>35</gx:fovy>
					<range>946.0183879424081</range>
					<altitudeMode>relativeToGround</altitudeMode>
				</LookAt>
				<styleUrl>#__managed_style_1EB8B3925040DE0E4908</styleUrl>
				<Point>
					<altitudeMode>relativeToGround</altitudeMode>
					<coordinates>55.13785250000001,25.0909144,0</coordinates>
				</Point>
			</Placemark>
			<Placemark id="008562161F3F3E249168">
				<gx:mid>/m/011c66qt</gx:mid>
				<gx:fid>0x3e5f657f294183b3:0x10bf0d691ce2f9c2</gx:fid>
				<LookAt>
					<longitude>55.319675</longitude>
					<latitude>25.0823984</latitude>
					<altitude>0</altitude>
					<heading>0</heading>
					<tilt>0</tilt>
					<gx:fovy>35</gx:fovy>
					<range>946.0914456015428</range>
					<altitudeMode>relativeToGround</altitudeMode>
				</LookAt>
				<styleUrl>#__managed_style_13F148F94840DE0E490F</styleUrl>
				<Point>
					<altitudeMode>relativeToGround</altitudeMode>
					<coordinates>55.319675,25.0823984,0</coordinates>
				</Point>
			</Placemark>
			<Placemark id="06B88DC22E3F3E251266">
				<gx:mid>/m/012zbrkl</gx:mid>
				<gx:fid>0x3e5f434ba1c34fa9:0x2bfd06ff9c202fc4</gx:fid>
				<LookAt>
					<longitude>55.2819328</longitude>
					<latitude>25.2192034</latitude>
					<altitude>0</altitude>
					<heading>0</heading>
					<tilt>0</tilt>
					<gx:fovy>35</gx:fovy>
					<range>944.9151299829642</range>
					<altitudeMode>relativeToGround</altitudeMode>
				</LookAt>
				<styleUrl>#__managed_style_266F48A3D640DE0E490B</styleUrl>
				<Point>
					<altitudeMode>relativeToGround</altitudeMode>
					<coordinates>55.2819328,25.2192034,0</coordinates>
				</Point>
			</Placemark>
			<Placemark id="09AB89317F3F3E26B296">
				<gx:mid>/g/11tk9w73zm</gx:mid>
				<gx:fid>0x3e5f5dce5bea2dd1:0x88632981a972e88f</gx:fid>
				<LookAt>
					<longitude>55.31824949999999</longitude>
					<latitude>25.2295792</latitude>
					<altitude>0</altitude>
					<heading>0</heading>
					<tilt>0</tilt>
					<gx:fovy>35</gx:fovy>
					<range>944.8256805007582</range>
					<altitudeMode>relativeToGround</altitudeMode>
				</LookAt>
				<styleUrl>#__managed_style_1EB8B3925040DE0E4908</styleUrl>
				<Point>
					<altitudeMode>relativeToGround</altitudeMode>
					<coordinates>55.3182495,25.2295792,0</coordinates>
				</Point>
			</Placemark>
			<Placemark id="004451F36A3F3E28BDF0">
				<gx:mid>/g/11fcr6ll5l</gx:mid>
				<gx:fid>0x3e5f438fc7375acb:0xfeb20b377543d51b</gx:fid>
				<LookAt>
					<longitude>55.3060462</longitude>
					<latitude>25.2638684</latitude>
					<altitude>0</altitude>
					<heading>0</heading>
					<tilt>0</tilt>
					<gx:fovy>35</gx:fovy>
					<range>944.5298404538422</range>
					<altitudeMode>relativeToGround</altitudeMode>
				</LookAt>
				<styleUrl>#__managed_style_031B0547EE40DE0E490B</styleUrl>
				<Point>
					<altitudeMode>relativeToGround</altitudeMode>
					<coordinates>55.30495097633104,25.26408730089554,0</coordinates>
				</Point>
			</Placemark>
			<Placemark id="071693CFCD3F3E299F2B">
				<name>Dubai Old City</name>
				<LookAt>
					<longitude>55.30718891953226</longitude>
					<latitude>25.26379862137732</latitude>
					<altitude>-0.1888468674677946</altitude>
					<heading>1.707547292503188e-06</heading>
					<tilt>0</tilt>
					<gx:fovy>55.6050640545468</gx:fovy>
					<range>841.4684928010684</range>
					<altitudeMode>absolute</altitudeMode>
				</LookAt>
				<styleUrl>#__managed_style_021E76E17E40DE0E4908</styleUrl>
				<Polygon>
					<outerBoundaryIs>
						<LinearRing>
							<coordinates>
								55.30112181522625,25.26495772612619,0 55.30201347876399,25.26412222146604,0 55.30424295286075,25.26364932229232,0 55.30547093702039,25.26318981869121,0 55.3069691422041,25.26255469086364,0 55.30774736543503,25.26190000689531,0 55.3085700447574,25.26095495911489,0 55.30906111066047,25.26007026847544,0 55.30947490731425,25.26041945846674,0 55.30929245703038,25.26076046456145,0 55.30906214875414,25.26113709106041,0 55.30911009899791,25.26135877771071,0 55.3087305304441,25.26192308744447,0 55.30852741384614,25.26232945149195,0 55.30735793174422,25.26332310793024,0 55.3066219062588,25.2638160601362,0 55.30588496977437,25.26428880758182,0 55.30459553006264,25.2648593151685,0 55.30390929203478,25.26503348580029,0 55.30312764086902,25.26531725253092,0 55.30223494394333,25.26546195136069,0 55.30164956954957,25.26556811972306,0 55.30112384443291,25.26540031103066,0 55.30112181522625,25.26495772612619,0 
							</coordinates>
						</LinearRing>
					</outerBoundaryIs>
				</Polygon>
			</Placemark>
			<Placemark id="02967131933F3E2C3729">
				<gx:mid>/g/11v0v44w5p</gx:mid>
				<gx:fid>0x3e5f6b3b172d32ed:0x5cfd33f7d97b3d8</gx:fid>
				<LookAt>
					<longitude>55.18826469999999</longitude>
					<latitude>25.1420116</latitude>
					<altitude>0</altitude>
					<heading>0</heading>
					<tilt>0</tilt>
					<gx:fovy>35</gx:fovy>
					<range>945.579565822291</range>
					<altitudeMode>relativeToGround</altitudeMode>
				</LookAt>
				<styleUrl>#__managed_style_2145CBC7CE40DE0E490C</styleUrl>
				<Point>
					<altitudeMode>relativeToGround</altitudeMode>
					<coordinates>55.1882647,25.1420116,0</coordinates>
				</Point>
			</Placemark>
			<Placemark id="02F3960A003F3E2DF1AE">
				<gx:mid>/g/1232t9b3_</gx:mid>
				<gx:fid>0x3e5f5d778cffffff:0xf49b6296189d22d5</gx:fid>
				<LookAt>
					<longitude>55.3527947</longitude>
					<latitude>25.2220904</latitude>
					<altitude>0</altitude>
					<heading>0</heading>
					<tilt>0</tilt>
					<gx:fovy>35</gx:fovy>
					<range>944.8902445378169</range>
					<altitudeMode>relativeToGround</altitudeMode>
				</LookAt>
				<styleUrl>#__managed_style_101C17094C40DE0E4909</styleUrl>
				<Point>
					<altitudeMode>relativeToGround</altitudeMode>
					<coordinates>55.3527947,25.2220904,0</coordinates>
				</Point>
			</Placemark>
			<Placemark id="042183B4253F3E2EE648">
				<gx:mid>/g/11vby2ydm3</gx:mid>
				<gx:fid>0x3e5f03e6408df07b:0x820caf1730004017</gx:fid>
				<LookAt>
					<longitude>54.83282889999999</longitude>
					<latitude>24.8734405</latitude>
					<altitude>0</altitude>
					<heading>0</heading>
					<tilt>0</tilt>
					<gx:fovy>35</gx:fovy>
					<range>947.8771097435842</range>
					<altitudeMode>relativeToGround</altitudeMode>
				</LookAt>
				<styleUrl>#__managed_style_250A5F151840DE0E4910</styleUrl>
				<Point>
					<altitudeMode>relativeToGround</altitudeMode>
					<coordinates>54.83282889999999,24.8734405,0</coordinates>
				</Point>
			</Placemark>
			<Placemark id="0F164266583F48179571">
				<gx:mid>/g/11s4z1jh7n</gx:mid>
				<gx:fid>0x3e5f6b13906bb90b:0x20050f2f23d1482d</gx:fid>
				<LookAt>
					<longitude>55.1394238</longitude>
					<latitude>25.1141712</latitude>
					<altitude>0</altitude>
					<heading>0</heading>
					<tilt>0</tilt>
					<gx:fovy>35</gx:fovy>
					<range>945.8187578445077</range>
					<altitudeMode>relativeToGround</altitudeMode>
				</LookAt>
				<styleUrl>#__managed_style_1EB8B3925040DE0E4908</styleUrl>
				<Point>
					<altitudeMode>relativeToGround</altitudeMode>
					<coordinates>55.13969314189529,25.11387325223236,0</coordinates>
				</Point>
			</Placemark>
			<Placemark id="005ACDFB683F4819EB50">
				<gx:mid>/g/11xb5cchy</gx:mid>
				<gx:fid>0x3ef589700007d633:0xad8a4a40df56f6b1</gx:fid>
				<LookAt>
					<longitude>55.6266612</longitude>
					<latitude>25.149069</latitude>
					<altitude>0</altitude>
					<heading>0</heading>
					<tilt>0</tilt>
					<gx:fovy>35</gx:fovy>
					<range>945.518894207236</range>
					<altitudeMode>relativeToGround</altitudeMode>
				</LookAt>
				<styleUrl>#__managed_style_250A5F151840DE0E4910</styleUrl>
				<Point>
					<altitudeMode>relativeToGround</altitudeMode>
					<coordinates>55.6266612,25.149069,0</coordinates>
				</Point>
			</Placemark>
			<Placemark id="0AC717DA013F481B178B">
				<gx:mid>/m/03wfhyy</gx:mid>
				<gx:fid>0x3e5f43438edb60cd:0xbc047ee4e16b356d</gx:fid>
				<LookAt>
					<longitude>55.29813610000001</longitude>
					<latitude>25.2700235</latitude>
					<altitude>0</altitude>
					<heading>0</heading>
					<tilt>0</tilt>
					<gx:fovy>35</gx:fovy>
					<range>944.4766975427937</range>
					<altitudeMode>relativeToGround</altitudeMode>
				</LookAt>
				<styleUrl>#__managed_style_1EB8B3925040DE0E4908</styleUrl>
				<Point>
					<altitudeMode>relativeToGround</altitudeMode>
					<coordinates>55.2981361,25.2700235,0</coordinates>
				</Point>
			</Placemark>
			<Placemark id="005161A62D3F481BC184">
				<name>Dubai Gold Souk</name>
				<LookAt>
					<longitude>55.29845058940968</longitude>
					<latitude>25.2701749159649</latitude>
					<altitude>1.028623490676168</altitude>
					<heading>0</heading>
					<tilt>0</tilt>
					<gx:fovy>57.71400069434279</gx:fovy>
					<range>424.042060670763</range>
					<altitudeMode>absolute</altitudeMode>
				</LookAt>
				<styleUrl>#__managed_style_4DFC99729C40DE0E4910</styleUrl>
				<LineString>
					<coordinates>
						55.29730623808798,25.26926816236022,0 55.29818274088056,25.27003235148706,0 55.29858119755678,25.27028805559777,0 55.29830218541321,25.27078815327611,0 
					</coordinates>
				</LineString>
			</Placemark>
			<Placemark id="026A0C33933F481C74FF">
				<gx:mid>/g/11g_zlgkl0</gx:mid>
				<gx:fid>0x3e5f4382cb4fc3bf:0x4878787ac33f48ab</gx:fid>
				<LookAt>
					<longitude>55.28943020000001</longitude>
					<latitude>25.2664029</latitude>
					<altitude>0</altitude>
					<heading>0</heading>
					<tilt>0</tilt>
					<gx:fovy>35</gx:fovy>
					<range>944.5079590727568</range>
					<altitudeMode>relativeToGround</altitudeMode>
				</LookAt>
				<styleUrl>#__managed_style_266F48A3D640DE0E490B</styleUrl>
				<Point>
					<altitudeMode>relativeToGround</altitudeMode>
					<coordinates>55.28943020000001,25.2664029,0</coordinates>
				</Point>
			</Placemark>
			<Placemark id="0412FFE1763F481E1C64">
				<gx:mid>/g/11bx2ggtcs</gx:mid>
				<gx:fid>0x3e5f43401819cb91:0x588abab59bf3d329</gx:fid>
				<LookAt>
					<longitude>55.2928856</longitude>
					<latitude>25.2647292</latitude>
					<altitude>0</altitude>
					<heading>0</heading>
					<tilt>0</tilt>
					<gx:fovy>35</gx:fovy>
					<range>944.5224090332106</range>
					<altitudeMode>relativeToGround</altitudeMode>
				</LookAt>
				<styleUrl>#__managed_style_3B33A9AF9A40DE0E4910</styleUrl>
				<Point>
					<altitudeMode>relativeToGround</altitudeMode>
					<coordinates>55.29288560000001,25.2647292,0</coordinates>
				</Point>
			</Placemark>
			<Placemark id="01D602FB743F48202D4C">
				<gx:mid>/g/11csrt49x2</gx:mid>
				<gx:fid>0x3e5f42659897a4f5:0xd8d16fd51a2b9040</gx:fid>
				<LookAt>
					<longitude>55.2606317</longitude>
					<latitude>25.2063658</latitude>
					<altitude>0</altitude>
					<heading>0</heading>
					<tilt>0</tilt>
					<gx:fovy>35</gx:fovy>
					<range>945.0257570674465</range>
					<altitudeMode>relativeToGround</altitudeMode>
				</LookAt>
				<styleUrl>#__managed_style_3CB08F8E2B40DE0E490C</styleUrl>
				<Point>
					<altitudeMode>relativeToGround</altitudeMode>
					<coordinates>55.2606317,25.2063658,0</coordinates>
				</Point>
			</Placemark>
			<Placemark id="076594097D3F4820B8F1">
				<gx:mid>/m/03qj8xw</gx:mid>
				<gx:fid>0x3e5f43375d9945a5:0x54a87e0ba72657fe</gx:fid>
				<LookAt>
					<longitude>55.30026429999999</longitude>
					<latitude>25.2642363</latitude>
					<altitude>0</altitude>
					<heading>0</heading>
					<tilt>0</tilt>
					<gx:fovy>35</gx:fovy>
					<range>944.5266643434466</range>
					<altitudeMode>relativeToGround</altitudeMode>
				</LookAt>
				<styleUrl>#__managed_style_1EB8B3925040DE0E4908</styleUrl>
				<Point>
					<altitudeMode>relativeToGround</altitudeMode>
					<coordinates>55.30026429999999,25.2642363,0</coordinates>
				</Point>
			</Placemark>
			<Placemark id="019018F0483F4821210C">
				<name>Al Fahidi Historical Neighbourhood</name>
				<LookAt>
					<longitude>55.29843176471296</longitude>
					<latitude>25.26358785550276</latitude>
					<altitude>2.58149339851043</altitude>
					<heading>0</heading>
					<tilt>0</tilt>
					<gx:fovy>35</gx:fovy>
					<range>402.0517106605985</range>
					<altitudeMode>absolute</altitudeMode>
				</LookAt>
				<styleUrl>#__managed_style_021E76E17E40DE0E4908</styleUrl>
				<Polygon>
					<outerBoundaryIs>
						<LinearRing>
							<coordinates>
								55.29763250786472,25.26289584008212,0 55.29994891976481,25.26316829761923,0 55.30078223517648,25.2634604302253,0 55.30114367042449,25.26396963866848,0 55.30127805561985,25.26439018949866,0 55.30102203620861,25.26474046827197,0 55.30054096562979,25.26505093751582,0 55.29994910213171,25.26513119923857,0 55.29908276828909,25.26515653799659,0 55.29833280817462,25.26508917974862,0 55.297776714756,25.2650464184381,0 55.2978157420189,25.26438185299524,0 55.29750176628042,25.26401178816368,0 55.29763250786472,25.26289584008212,0 
							</coordinates>
						</LinearRing>
					</outerBoundaryIs>
				</Polygon>
			</Placemark>
			<Placemark id="081AFBFD663F48222476">
				<gx:mid>/g/11gf96sckx</gx:mid>
				<gx:fid>0x3e5f61df562d2fed:0x611378adf1199aa8</gx:fid>
				<LookAt>
					<longitude>55.44556799999999</longitude>
					<latitude>25.1718302</latitude>
					<altitude>0</altitude>
					<heading>0</heading>
					<tilt>0</tilt>
					<gx:fovy>35</gx:fovy>
					<range>945.323115188095</range>
					<altitudeMode>relativeToGround</altitudeMode>
				</LookAt>
				<styleUrl>#__managed_style_45A57A911140DE0E490C</styleUrl>
				<Point>
					<altitudeMode>relativeToGround</altitudeMode>
					<coordinates>55.44556799999999,25.1718302,0</coordinates>
				</Point>
			</Placemark>
			<Placemark id="0E4E28AC223F48234CA3">
				<gx:mid>/g/11dfsy43c2</gx:mid>
				<gx:fid>0x3e5f5d7faaaaaaab:0x4006bd1fe164a240</gx:fid>
				<LookAt>
					<longitude>55.1959172</longitude>
					<latitude>25.1263495</latitude>
					<altitude>0</altitude>
					<heading>0</heading>
					<tilt>0</tilt>
					<gx:fovy>35</gx:fovy>
					<range>945.7141566067775</range>
					<altitudeMode>relativeToGround</altitudeMode>
				</LookAt>
				<styleUrl>#__managed_style_1B5632CF4B40DE0E490C</styleUrl>
				<Point>
					<altitudeMode>relativeToGround</altitudeMode>
					<coordinates>55.1959172,25.1263495,0</coordinates>
				</Point>
			</Placemark>
			<Placemark id="01FBB7CB8B3F4823C354">
				<gx:mid>/m/0bsbx_</gx:mid>
				<gx:fid>0x3e5f6bbeefffffff:0x12bb675f5f36f86e</gx:fid>
				<LookAt>
					<longitude>55.1983112</longitude>
					<latitude>25.117204</latitude>
					<altitude>0</altitude>
					<heading>0</heading>
					<tilt>0</tilt>
					<gx:fovy>35</gx:fovy>
					<range>945.7927129135545</range>
					<altitudeMode>relativeToGround</altitudeMode>
				</LookAt>
				<styleUrl>#__managed_style_074D0BC48A40DE0E490E</styleUrl>
				<Point>
					<altitudeMode>relativeToGround</altitudeMode>
					<coordinates>55.1983112,25.117204,0</coordinates>
				</Point>
			</Placemark>
			<Placemark id="07DAF37AB03F4826DAB8">
				<gx:mid>/m/0n52j68</gx:mid>
				<gx:fid>0x3e5f5d39c7589645:0xe80d9e63528c655d</gx:fid>
				<LookAt>
					<longitude>55.3267789</longitude>
					<latitude>25.2346463</latitude>
					<altitude>0</altitude>
					<heading>0</heading>
					<tilt>0</tilt>
					<gx:fovy>35</gx:fovy>
					<range>944.7819852253341</range>
					<altitudeMode>relativeToGround</altitudeMode>
				</LookAt>
				<styleUrl>#__managed_style_000110CB4F40DE0E4913</styleUrl>
				<Point>
					<altitudeMode>relativeToGround</altitudeMode>
					<coordinates>55.32675871775814,25.23469384853703,0</coordinates>
				</Point>
			</Placemark>
			<Placemark id="008B72966B3F48274A48">
				<gx:mid>/g/11gcw_pv8j</gx:mid>
				<gx:fid>0x3e5f5d3bb841649b:0x6c2a611eaa611492</gx:fid>
				<LookAt>
					<longitude>55.328972</longitude>
					<latitude>25.2383171</latitude>
					<altitude>0</altitude>
					<heading>0</heading>
					<tilt>0</tilt>
					<gx:fovy>35</gx:fovy>
					<range>944.7503258086116</range>
					<altitudeMode>relativeToGround</altitudeMode>
				</LookAt>
				<styleUrl>#__managed_style_58E5E3600A40DE0E490C</styleUrl>
				<Point>
					<altitudeMode>relativeToGround</altitudeMode>
					<coordinates>55.328972,25.2383171,0</coordinates>
				</Point>
			</Placemark>
			<Placemark id="0A768AB29E3F4827F4D1">
				<gx:mid>/g/1vg_bbfx</gx:mid>
				<gx:fid>0x3e5f5d39a20d62c3:0x10804c074fd233ea</gx:fid>
				<LookAt>
					<longitude>55.3270689</longitude>
					<latitude>25.2353776</latitude>
					<altitude>0</altitude>
					<heading>0</heading>
					<tilt>0</tilt>
					<gx:fovy>35</gx:fovy>
					<range>944.7756783367125</range>
					<altitudeMode>relativeToGround</altitudeMode>
				</LookAt>
				<styleUrl>#__managed_style_09360C136040DE0E4909</styleUrl>
				<Point>
					<altitudeMode>relativeToGround</altitudeMode>
					<coordinates>55.32779237410629,25.23684619445751,0</coordinates>
				</Point>
			</Placemark>
			<Placemark id="037070D5F13F4828BD4F">
				<name>Creek Park</name>
				<LookAt>
					<longitude>55.3253933838696</longitude>
					<latitude>25.23185220601554</latitude>
					<altitude>0.6979565474700822</altitude>
					<heading>-0.7923749826617277</heading>
					<tilt>0.4083268075113123</tilt>
					<gx:fovy>35</gx:fovy>
					<range>2600.553348760586</range>
					<altitudeMode>absolute</altitudeMode>
				</LookAt>
				<styleUrl>#__managed_style_09BF470BE540DE0E490C</styleUrl>
				<Polygon>
					<outerBoundaryIs>
						<LinearRing>
							<coordinates>
								55.329475916695,25.23026445915213,0 55.33213671693084,25.23057311715822,0 55.33422627275778,25.23298191342187,0 55.33086724577878,25.2359598222524,0 55.32911348236451,25.23766004765575,0 55.32912135833674,25.23829034017688,0 55.32876284666365,25.23821546417038,0 55.3281051968835,25.23824923730605,0 55.32762095896427,25.23859484406841,0 55.32766424071692,25.23918076858886,0 55.32789884780809,25.23979158345327,0 55.32779075239811,25.24023483281399,0 55.32750129085574,25.24035428726223,0 55.32668380997374,25.24195127236112,0 55.32657175927729,25.24288060827101,0 55.32669100969127,25.24316231027488,0 55.32638679875189,25.24333169772505,0 55.32596145812557,25.24509858688924,0 55.32617786289507,25.24532704074523,0 55.32578130694458,25.24559599328759,0 55.32492007871802,25.24702796404349,0 55.32391721304192,25.24678633938923,0 55.32247451066278,25.24566778848949,0 55.32260244735324,25.24444510801896,0 55.32343707803397,25.2420402432648,0 55.32452980221073,25.23807244718727,0 55.32556790356157,25.23507029666018,0 55.32635448784572,25.23374429167997,0 55.32839515449187,25.23126882887724,0 55.329475916695,25.23026445915213,0 
							</coordinates>
						</LinearRing>
					</outerBoundaryIs>
				</Polygon>
			</Placemark>
			<Placemark id="0E4042862D3F4828FC06">
				<gx:mid>/g/11b7vx5jks</gx:mid>
				<gx:fid>0x3e5f42fc9204f497:0x7cd7ae8b53e33b68</gx:fid>
				<LookAt>
					<longitude>55.297449</longitude>
					<latitude>25.2349053</latitude>
					<altitude>0</altitude>
					<heading>0</heading>
					<tilt>0</tilt>
					<gx:fovy>35</gx:fovy>
					<range>944.7797515722566</range>
					<altitudeMode>relativeToGround</altitudeMode>
				</LookAt>
				<styleUrl>#__managed_style_09360C136040DE0E4909</styleUrl>
				<Point>
					<altitudeMode>relativeToGround</altitudeMode>
					<coordinates>55.297449,25.2349053,0</coordinates>
				</Point>
			</Placemark>
			<Placemark id="0DE3D2F64C3F482AD2A6">
				<gx:mid>/g/11ddyknq2h</gx:mid>
				<gx:fid>0x3e5f60fc2f16537b:0x6ab9955f7f54c35b</gx:fid>
				<LookAt>
					<longitude>55.44108199999999</longitude>
					<latitude>25.2027309</latitude>
					<altitude>0</altitude>
					<heading>0</heading>
					<tilt>0</tilt>
					<gx:fovy>35</gx:fovy>
					<range>945.057071409395</range>
					<altitudeMode>relativeToGround</altitudeMode>
				</LookAt>
				<styleUrl>#__managed_style_1A440C6FFC40DE0E4913</styleUrl>
				<Point>
					<altitudeMode>relativeToGround</altitudeMode>
					<coordinates>55.44109419999999,25.20277939999999,0</coordinates>
				</Point>
			</Placemark>
			<Placemark id="0C60F512BE3F482B626C">
				<gx:mid>/g/11f9xw0jw6</gx:mid>
				<gx:fid>0x3e5f43544c19b4a1:0xda309bc04dc5ffe1</gx:fid>
				<LookAt>
					<longitude>55.3037858</longitude>
					<latitude>25.2645196</latitude>
					<altitude>0</altitude>
					<heading>0</heading>
					<tilt>0</tilt>
					<gx:fovy>35</gx:fovy>
					<range>944.5242185635253</range>
					<altitudeMode>relativeToGround</altitudeMode>
				</LookAt>
				<styleUrl>#__managed_style_266F48A3D640DE0E490B</styleUrl>
				<Point>
					<altitudeMode>relativeToGround</altitudeMode>
					<coordinates>55.30379629999999,25.2645504,0</coordinates>
				</Point>
			</Placemark>
		</Folder>
		<Folder id="0BC885513B3F3849D0A0">
			<name>מסעדות</name>
			<styleUrl>#__managed_style_1EAAA7670240DE0E4907</styleUrl>
			<Placemark id="0C8955378D3F482E2D30">
				<gx:mid>/g/11wj5pmdy_</gx:mid>
				<gx:fid>0x3e5f6b1a279eb7a9:0xe5b4eb0c68e60990</gx:fid>
				<LookAt>
					<longitude>55.188545</longitude>
					<latitude>25.14478699999999</latitude>
					<altitude>0</altitude>
					<heading>0</heading>
					<tilt>0</tilt>
					<gx:fovy>35</gx:fovy>
					<range>945.5557078604458</range>
					<altitudeMode>relativeToGround</altitudeMode>
				</LookAt>
				<styleUrl>#__managed_style_0F61CEE10640DE0E4907</styleUrl>
				<Point>
					<altitudeMode>relativeToGround</altitudeMode>
					<coordinates>55.188545,25.144787,0</coordinates>
				</Point>
			</Placemark>
			<Placemark id="09E955BE8C3F482EA9A0">
				<gx:mid>/g/11x2hvnyqx</gx:mid>
				<gx:fid>0x3e5f15ac5130ebb5:0x80513043a4c10619</gx:fid>
				<LookAt>
					<longitude>55.12822669999999</longitude>
					<latitude>25.1388577</latitude>
					<altitude>0</altitude>
					<heading>0</heading>
					<tilt>0</tilt>
					<gx:fovy>35</gx:fovy>
					<range>945.6066745965204</range>
					<altitudeMode>relativeToGround</altitudeMode>
				</LookAt>
				<styleUrl>#__managed_style_0F61CEE10640DE0E4907</styleUrl>
				<Point>
					<altitudeMode>relativeToGround</altitudeMode>
					<coordinates>55.1282267,25.1388577,0</coordinates>
				</Point>
			</Placemark>
			<Placemark id="0CA915E8CB3F482F9B9B">
				<gx:mid>/g/11h4yczwt6</gx:mid>
				<gx:fid>0x3e5f43f76f2c8795:0xa087ecb2ac007687</gx:fid>
				<LookAt>
					<longitude>55.28252919999999</longitude>
					<latitude>25.215168</latitude>
					<altitude>0</altitude>
					<heading>0</heading>
					<tilt>0</tilt>
					<gx:fovy>35</gx:fovy>
					<range>944.9499101735267</range>
					<altitudeMode>relativeToGround</altitudeMode>
				</LookAt>
				<styleUrl>#__managed_style_0F61CEE10640DE0E4907</styleUrl>
				<Point>
					<altitudeMode>relativeToGround</altitudeMode>
					<coordinates>55.28252919999999,25.215168,0</coordinates>
				</Point>
			</Placemark>
			<Placemark id="0BFD3AEA6A3F482FFA91">
				<gx:mid>/g/11ln_xxz9s</gx:mid>
				<gx:fid>0x3e5f154129db325b:0x325ac3f23d733b2f</gx:fid>
				<LookAt>
					<longitude>55.12249249999999</longitude>
					<latitude>25.0826276</latitude>
					<altitude>0</altitude>
					<heading>0</heading>
					<tilt>0</tilt>
					<gx:fovy>35</gx:fovy>
					<range>946.0894796150451</range>
					<altitudeMode>relativeToGround</altitudeMode>
				</LookAt>
				<styleUrl>#__managed_style_0F61CEE10640DE0E4907</styleUrl>
				<Point>
					<altitudeMode>relativeToGround</altitudeMode>
					<coordinates>55.1224925,25.0826276,0</coordinates>
				</Point>
			</Placemark>
			<Placemark id="0F2729959B3F48305E3E">
				<gx:mid>/g/11vwzsq1s1</gx:mid>
				<gx:fid>0x3e5f4345138ce5cf:0xc0de4e1ce172b137</gx:fid>
				<LookAt>
					<longitude>55.27574869999999</longitude>
					<latitude>25.2074161</latitude>
					<altitude>0</altitude>
					<heading>0</heading>
					<tilt>0</tilt>
					<gx:fovy>35</gx:fovy>
					<range>945.0167080742841</range>
					<altitudeMode>relativeToGround</altitudeMode>
				</LookAt>
				<styleUrl>#__managed_style_0F61CEE10640DE0E4907</styleUrl>
				<Point>
					<altitudeMode>relativeToGround</altitudeMode>
					<coordinates>55.27574869999999,25.2074161,0</coordinates>
				</Point>
			</Placemark>
			<Placemark id="09FB49C9003F4830CB94">
				<gx:mid>/g/11w95t9kj8</gx:mid>
				<gx:fid>0x3e5f43e5ad42bca9:0xf4c47903f28f4384</gx:fid>
				<LookAt>
					<longitude>55.2575605</longitude>
					<latitude>25.2280904</latitude>
					<altitude>0</altitude>
					<heading>0</heading>
					<tilt>0</tilt>
					<gx:fovy>35</gx:fovy>
					<range>944.8385174242418</range>
					<altitudeMode>relativeToGround</altitudeMode>
				</LookAt>
				<styleUrl>#__managed_style_0F61CEE10640DE0E4907</styleUrl>
				<Point>
					<altitudeMode>relativeToGround</altitudeMode>
					<coordinates>55.25756049999999,25.2280904,0</coordinates>
				</Point>
			</Placemark>
			<Placemark id="04A7E1B60E3F48310FC8">
				<gx:mid>/g/12hp7x4ny</gx:mid>
				<gx:fid>0x3e5f4291891e3c65:0xb0b6e4edc706a675</gx:fid>
				<LookAt>
					<longitude>55.2833272</longitude>
					<latitude>25.213935</latitude>
					<altitude>0</altitude>
					<heading>0</heading>
					<tilt>0</tilt>
					<gx:fovy>35</gx:fovy>
					<range>944.9605361268075</range>
					<altitudeMode>relativeToGround</altitudeMode>
				</LookAt>
				<styleUrl>#__managed_style_0F61CEE10640DE0E4907</styleUrl>
				<Point>
					<altitudeMode>relativeToGround</altitudeMode>
					<coordinates>55.2833272,25.213935,0</coordinates>
				</Point>
			</Placemark>
			<Placemark id="07A8C7028D3F48317A88">
				<gx:mid>/g/11sw424bmr</gx:mid>
				<gx:fid>0x3e5f43a8b85507e5:0x4d9dd95e1cd50055</gx:fid>
				<LookAt>
					<longitude>55.2803258</longitude>
					<latitude>25.2118394</latitude>
					<altitude>0</altitude>
					<heading>0</heading>
					<tilt>0</tilt>
					<gx:fovy>35</gx:fovy>
					<range>944.9785948731504</range>
					<altitudeMode>relativeToGround</altitudeMode>
				</LookAt>
				<styleUrl>#__managed_style_0F61CEE10640DE0E4907</styleUrl>
				<Point>
					<altitudeMode>relativeToGround</altitudeMode>
					<coordinates>55.2803258,25.2118394,0</coordinates>
				</Point>
			</Placemark>
			<Placemark id="04BE118F3E3F4832A38F">
				<gx:mid>/g/1hc4b983j</gx:mid>
				<gx:fid>0x3e5f4291f1be7dd9:0xbfff708d5441e33b</gx:fid>
				<LookAt>
					<longitude>55.2820409</longitude>
					<latitude>25.212562</latitude>
					<altitude>0</altitude>
					<heading>0</heading>
					<tilt>0</tilt>
					<gx:fovy>35</gx:fovy>
					<range>944.9723680490462</range>
					<altitudeMode>relativeToGround</altitudeMode>
				</LookAt>
				<styleUrl>#__managed_style_0F61CEE10640DE0E4907</styleUrl>
				<Point>
					<altitudeMode>relativeToGround</altitudeMode>
					<coordinates>55.2820409,25.212562,0</coordinates>
				</Point>
			</Placemark>
			<Placemark id="09862A1D6B3F48333F28">
				<gx:mid>/g/1hc22lbkl</gx:mid>
				<gx:fid>0x3e5f153e489d9f59:0xe952e0dc5c5ab064</gx:fid>
				<LookAt>
					<longitude>55.1175734</longitude>
					<latitude>25.13124599999999</latitude>
					<altitude>0</altitude>
					<heading>0</heading>
					<tilt>0</tilt>
					<gx:fovy>35</gx:fovy>
					<range>945.6720870532253</range>
					<altitudeMode>relativeToGround</altitudeMode>
				</LookAt>
				<styleUrl>#__managed_style_0F61CEE10640DE0E4907</styleUrl>
				<Point>
					<altitudeMode>relativeToGround</altitudeMode>
					<coordinates>55.11757339999999,25.13124599999999,0</coordinates>
				</Point>
			</Placemark>
			<Placemark id="04026B7B603F4833CD07">
				<gx:mid>/g/1hc6mvsny</gx:mid>
				<gx:fid>0x3e5f433f372b61ff:0xb2b136e911a56bfa</gx:fid>
				<LookAt>
					<longitude>55.1179405</longitude>
					<latitude>25.1324087</latitude>
					<altitude>0</altitude>
					<heading>0</heading>
					<tilt>0</tilt>
					<gx:fovy>35</gx:fovy>
					<range>945.6620963365907</range>
					<altitudeMode>relativeToGround</altitudeMode>
				</LookAt>
				<styleUrl>#__managed_style_0F61CEE10640DE0E4907</styleUrl>
				<Point>
					<altitudeMode>relativeToGround</altitudeMode>
					<coordinates>55.11794049999999,25.1324087,0</coordinates>
				</Point>
			</Placemark>
			<Placemark id="0D87C16D223F48396667">
				<gx:mid>/g/11shnpk_kk</gx:mid>
				<gx:fid>0x3e5f69fc79e79337:0x88479c965c0e4f24</gx:fid>
				<LookAt>
					<longitude>55.27905080000001</longitude>
					<latitude>25.1937462</latitude>
					<altitude>0</altitude>
					<heading>0</heading>
					<tilt>0</tilt>
					<gx:fovy>35</gx:fovy>
					<range>945.1344564867314</range>
					<altitudeMode>relativeToGround</altitudeMode>
				</LookAt>
				<styleUrl>#__managed_style_0F61CEE10640DE0E4907</styleUrl>
				<Point>
					<altitudeMode>relativeToGround</altitudeMode>
					<coordinates>55.2790508,25.1937462,0</coordinates>
				</Point>
			</Placemark>
			<Placemark id="0746168E6D3F483B1ECE">
				<gx:mid>/g/11k9dvtzmv</gx:mid>
				<gx:fid>0x3e5f5b22ba794b65:0x712700c366305e3</gx:fid>
				<LookAt>
					<longitude>55.4181959</longitude>
					<latitude>25.3926975</latitude>
					<altitude>0</altitude>
					<heading>0</heading>
					<tilt>0</tilt>
					<gx:fovy>35</gx:fovy>
					<range>943.415124303838</range>
					<altitudeMode>relativeToGround</altitudeMode>
				</LookAt>
				<styleUrl>#__managed_style_0F61CEE10640DE0E4907</styleUrl>
				<Point>
					<altitudeMode>relativeToGround</altitudeMode>
					<coordinates>55.41819589999999,25.3926975,0</coordinates>
				</Point>
			</Placemark>
			<Placemark id="06AE4EC9753F483B7DD9">
				<gx:mid>/g/11tt5dck69</gx:mid>
				<gx:fid>0x3e5f5dcac985a455:0x5db6a4bba363c240</gx:fid>
				<LookAt>
					<longitude>55.3302513</longitude>
					<latitude>25.2562109</latitude>
					<altitude>0</altitude>
					<heading>0</heading>
					<tilt>0</tilt>
					<gx:fovy>35</gx:fovy>
					<range>944.5959388905485</range>
					<altitudeMode>relativeToGround</altitudeMode>
				</LookAt>
				<styleUrl>#__managed_style_0F61CEE10640DE0E4907</styleUrl>
				<Point>
					<altitudeMode>relativeToGround</altitudeMode>
					<coordinates>55.3302513,25.2562109,0</coordinates>
				</Point>
			</Placemark>
			<Placemark id="069A4E8B8A3F483BFA07">
				<gx:mid>/g/11t3zcw7q_</gx:mid>
				<gx:fid>0x3e5f5b077e2cc26d:0x5d8e3112d116a02d</gx:fid>
				<LookAt>
					<longitude>55.3879592</longitude>
					<latitude>25.32116079999999</latitude>
					<altitude>0</altitude>
					<heading>0</heading>
					<tilt>0</tilt>
					<gx:fovy>35</gx:fovy>
					<range>944.034732958239</range>
					<altitudeMode>relativeToGround</altitudeMode>
				</LookAt>
				<styleUrl>#__managed_style_0F61CEE10640DE0E4907</styleUrl>
				<Point>
					<altitudeMode>relativeToGround</altitudeMode>
					<coordinates>55.3879592,25.3211608,0</coordinates>
				</Point>
			</Placemark>
			<Placemark id="0B6632CA503F483C5AE4">
				<gx:mid>/g/11rdg7lxgj</gx:mid>
				<gx:fid>0x3e5f5d5815cb50c5:0xaf88c2f976a77061</gx:fid>
				<LookAt>
					<longitude>55.3154487</longitude>
					<latitude>25.2113437</latitude>
					<altitude>0</altitude>
					<heading>0</heading>
					<tilt>0</tilt>
					<gx:fovy>35</gx:fovy>
					<range>944.9828663512351</range>
					<altitudeMode>relativeToGround</altitudeMode>
				</LookAt>
				<styleUrl>#__managed_style_0F61CEE10640DE0E4907</styleUrl>
				<Point>
					<altitudeMode>relativeToGround</altitudeMode>
					<coordinates>55.3154487,25.2113437,0</coordinates>
				</Point>
			</Placemark>
			<Placemark id="0F1F02EFD53F483CD408">
				<gx:mid>/g/11k9fnchvy</gx:mid>
				<gx:fid>0x3e5f1560baef645f:0xfdfeb7cb08d6545</gx:fid>
				<LookAt>
					<longitude>55.1112976</longitude>
					<latitude>25.1198147</latitude>
					<altitude>0</altitude>
					<heading>0</heading>
					<tilt>0</tilt>
					<gx:fovy>35</gx:fovy>
					<range>945.7702906192627</range>
					<altitudeMode>relativeToGround</altitudeMode>
				</LookAt>
				<styleUrl>#__managed_style_0F61CEE10640DE0E4907</styleUrl>
				<Point>
					<altitudeMode>relativeToGround</altitudeMode>
					<coordinates>55.11129759999999,25.1198147,0</coordinates>
				</Point>
			</Placemark>
		</Folder>
		<Folder id="080CC39E423F3849E6A8">
			<name>בתי קפה / בראנץ׳</name>
			<styleUrl>#__managed_style_1EAAA7670240DE0E4907</styleUrl>
			<Placemark id="0530423F933F482F2B30">
				<gx:mid>/g/11sdkx7l9v</gx:mid>
				<gx:fid>0x3e5f6925138181b3:0x15bc7ad0aaebfb5a</gx:fid>
				<LookAt>
					<longitude>55.2268131</longitude>
					<latitude>25.13450319999999</latitude>
					<altitude>0</altitude>
					<heading>0</heading>
					<tilt>0</tilt>
					<gx:fovy>35</gx:fovy>
					<range>945.6440979116358</range>
					<altitudeMode>relativeToGround</altitudeMode>
				</LookAt>
				<styleUrl>#__managed_style_312CE003F040DE0E490B</styleUrl>
				<Point>
					<altitudeMode>relativeToGround</altitudeMode>
					<coordinates>55.22681309999999,25.1345032,0</coordinates>
				</Point>
			</Placemark>
			<Placemark id="01B0AB23B13F48785A29">
				<gx:mid>/g/11tn_6mnkj</gx:mid>
				<gx:fid>0x3e5f6bc5c2f93cdd:0x7ddba8127928c54f</gx:fid>
				<LookAt>
					<longitude>55.19738759999999</longitude>
					<latitude>25.1474301</latitude>
					<altitude>0</altitude>
					<heading>0</heading>
					<tilt>0</tilt>
					<gx:fovy>35</gx:fovy>
					<range>945.5329849899275</range>
					<altitudeMode>relativeToGround</altitudeMode>
				</LookAt>
				<styleUrl>#__managed_style_312CE003F040DE0E490B</styleUrl>
				<Point>
					<altitudeMode>relativeToGround</altitudeMode>
					<coordinates>55.1973971,25.14742339999999,0</coordinates>
				</Point>
			</Placemark>
			<Placemark id="09A9EF37F23F487FB2C3">
				<gx:mid>/g/11ltfxfmy4</gx:mid>
				<gx:fid>0x3e5f69286205ad97:0x78c953578d4d6c6c</gx:fid>
				<LookAt>
					<longitude>55.2398387</longitude>
					<latitude>25.1860034</latitude>
					<altitude>0</altitude>
					<heading>0</heading>
					<tilt>0</tilt>
					<gx:fovy>35</gx:fovy>
					<range>945.2011253146554</range>
					<altitudeMode>relativeToGround</altitudeMode>
				</LookAt>
				<styleUrl>#__managed_style_312CE003F040DE0E490B</styleUrl>
				<Point>
					<altitudeMode>relativeToGround</altitudeMode>
					<coordinates>55.23989109999999,25.1859665,0</coordinates>
				</Point>
			</Placemark>
			<Placemark id="029960A8E23F48811309">
				<gx:mid>/g/11wtll_mxx</gx:mid>
				<gx:fid>0x3e5f15217b90d369:0x59d05bac4e55c6b1</gx:fid>
				<LookAt>
					<longitude>55.13058499999999</longitude>
					<latitude>25.0764057</latitude>
					<altitude>0</altitude>
					<heading>0</heading>
					<tilt>0</tilt>
					<gx:fovy>35</gx:fovy>
					<range>950.6273513343742</range>
					<altitudeMode>relativeToGround</altitudeMode>
				</LookAt>
				<styleUrl>#__managed_style_0F61CEE10640DE0E4907</styleUrl>
				<Point>
					<altitudeMode>relativeToGround</altitudeMode>
					<coordinates>55.130585,25.0764057,0</coordinates>
				</Point>
			</Placemark>
			<Placemark id="0162F972823F4882D43F">
				<gx:mid>/g/11tf5rtf5m</gx:mid>
				<gx:fid>0x3e5f4312c16e21cd:0x19a8a91098a62b29</gx:fid>
				<LookAt>
					<longitude>55.2357981</longitude>
					<latitude>25.1950095</latitude>
					<altitude>0</altitude>
					<heading>0</heading>
					<tilt>0</tilt>
					<gx:fovy>35</gx:fovy>
					<range>945.1235771940326</range>
					<altitudeMode>relativeToGround</altitudeMode>
				</LookAt>
				<styleUrl>#__managed_style_312CE003F040DE0E490B</styleUrl>
				<Point>
					<altitudeMode>relativeToGround</altitudeMode>
					<coordinates>55.2357981,25.1950095,0</coordinates>
				</Point>
			</Placemark>
			<Placemark id="08017AE86E3F4883969C">
				<gx:mid>/g/11fygrxz5g</gx:mid>
				<gx:fid>0x3e5f69d3059d5193:0x7b06ba96a15a999d</gx:fid>
				<LookAt>
					<longitude>55.26771979999999</longitude>
					<latitude>25.1874927</latitude>
					<altitude>0</altitude>
					<heading>0</heading>
					<tilt>0</tilt>
					<gx:fovy>35</gx:fovy>
					<range>945.1883032258453</range>
					<altitudeMode>relativeToGround</altitudeMode>
				</LookAt>
				<styleUrl>#__managed_style_312CE003F040DE0E490B</styleUrl>
				<Point>
					<altitudeMode>relativeToGround</altitudeMode>
					<coordinates>55.2677198,25.1874927,0</coordinates>
				</Point>
			</Placemark>
			<Placemark id="06055882343F4883F65B">
				<gx:mid>/g/11ll_94pmc</gx:mid>
				<gx:fid>0x3e5f6b99edba5463:0x7ee64f062808068e</gx:fid>
				<LookAt>
					<longitude>55.1998943</longitude>
					<latitude>25.1531194</latitude>
					<altitude>0</altitude>
					<heading>0</heading>
					<tilt>0</tilt>
					<gx:fovy>35</gx:fovy>
					<range>945.4840665308714</range>
					<altitudeMode>relativeToGround</altitudeMode>
				</LookAt>
				<styleUrl>#__managed_style_312CE003F040DE0E490B</styleUrl>
				<Point>
					<altitudeMode>relativeToGround</altitudeMode>
					<coordinates>55.1998797,25.1531029,0</coordinates>
				</Point>
			</Placemark>
			<Placemark id="0EB8AF87213F4884B89C">
				<gx:mid>/g/11vbglwgkj</gx:mid>
				<gx:fid>0x3e5f4343e1c9fd87:0x86854a04943bf493</gx:fid>
				<LookAt>
					<longitude>55.2502556</longitude>
					<latitude>25.2024328</latitude>
					<altitude>0</altitude>
					<heading>0</heading>
					<tilt>0</tilt>
					<gx:fovy>35</gx:fovy>
					<range>945.0596393354529</range>
					<altitudeMode>relativeToGround</altitudeMode>
				</LookAt>
				<styleUrl>#__managed_style_312CE003F040DE0E490B</styleUrl>
				<Point>
					<altitudeMode>relativeToGround</altitudeMode>
					<coordinates>55.2502556,25.2024328,0</coordinates>
				</Point>
			</Placemark>
			<Placemark id="0C57F818F33F488580FF">
				<gx:mid>/g/11q1ww5tnx</gx:mid>
				<gx:fid>0x3e5f6dbbd0144dff:0xd375fc33d7cbba8a</gx:fid>
				<LookAt>
					<longitude>55.2106953</longitude>
					<latitude>25.04750229999999</latitude>
					<altitude>0</altitude>
					<heading>0</heading>
					<tilt>0</tilt>
					<gx:fovy>35</gx:fovy>
					<range>946.3905829233095</range>
					<altitudeMode>relativeToGround</altitudeMode>
				</LookAt>
				<styleUrl>#__managed_style_312CE003F040DE0E490B</styleUrl>
				<Point>
					<altitudeMode>relativeToGround</altitudeMode>
					<coordinates>55.2106953,25.0475023,0</coordinates>
				</Point>
			</Placemark>
			<Placemark id="00534B45F63F4885F036">
				<gx:mid>/g/11bv1ck2pt</gx:mid>
				<gx:fid>0x3e5f42455912fc33:0xe4720c1dd3297fbf</gx:fid>
				<LookAt>
					<longitude>55.2581581</longitude>
					<latitude>25.2231112</latitude>
					<altitude>0</altitude>
					<heading>0</heading>
					<tilt>0</tilt>
					<gx:fovy>35</gx:fovy>
					<range>944.8814448076613</range>
					<altitudeMode>relativeToGround</altitudeMode>
				</LookAt>
				<styleUrl>#__managed_style_312CE003F040DE0E490B</styleUrl>
				<Point>
					<altitudeMode>relativeToGround</altitudeMode>
					<coordinates>55.2581581,25.22311119999999,0</coordinates>
				</Point>
			</Placemark>
		</Folder>
		<Folder id="0959DCA8E63F384A0ABF">
			<name>ברים</name>
			<styleUrl>#__managed_style_1EAAA7670240DE0E4907</styleUrl>
			<Placemark id="03E8869CE13F488A0743">
				<gx:mid>/g/11q2vgh3b8</gx:mid>
				<gx:fid>0x3e5f43b7fd697a2d:0xde9c78c2a90ff574</gx:fid>
				<LookAt>
					<longitude>55.2845018</longitude>
					<latitude>25.2195009</latitude>
					<altitude>0</altitude>
					<heading>0</heading>
					<tilt>0</tilt>
					<gx:fovy>35</gx:fovy>
					<range>944.9125657015957</range>
					<altitudeMode>relativeToGround</altitudeMode>
				</LookAt>
				<styleUrl>#__managed_style_383047B7B640DE0E4908</styleUrl>
				<Point>
					<altitudeMode>relativeToGround</altitudeMode>
					<coordinates>55.2845018,25.2195009,0</coordinates>
				</Point>
			</Placemark>
			<Placemark id="06323D2D8A3F488AC973">
				<gx:mid>/g/11w8trd_dt</gx:mid>
				<gx:fid>0x3e5f430050511241:0x1422a98a7afd3a88</gx:fid>
				<LookAt>
					<longitude>55.2705354</longitude>
					<latitude>25.1960371</latitude>
					<altitude>0</altitude>
					<heading>0</heading>
					<tilt>0</tilt>
					<gx:fovy>35</gx:fovy>
					<range>945.1147273440652</range>
					<altitudeMode>relativeToGround</altitudeMode>
				</LookAt>
				<styleUrl>#__managed_style_383047B7B640DE0E4908</styleUrl>
				<Point>
					<altitudeMode>relativeToGround</altitudeMode>
					<coordinates>55.2705354,25.1960371,0</coordinates>
				</Point>
			</Placemark>
			<Placemark id="09F5FBD9A73F488BA713">
				<gx:mid>/g/11vr9pl1dt</gx:mid>
				<gx:fid>0x3e5f430049fefcd1:0x169f79a221fec1fd</gx:fid>
				<LookAt>
					<longitude>55.282445</longitude>
					<latitude>25.215329</latitude>
					<altitude>0</altitude>
					<heading>0</heading>
					<tilt>0</tilt>
					<gx:fovy>35</gx:fovy>
					<range>944.9485226465698</range>
					<altitudeMode>relativeToGround</altitudeMode>
				</LookAt>
				<styleUrl>#__managed_style_383047B7B640DE0E4908</styleUrl>
				<Point>
					<altitudeMode>relativeToGround</altitudeMode>
					<coordinates>55.28245129999999,25.2153397,0</coordinates>
				</Point>
			</Placemark>
			<Placemark id="032BB95EC73F488C669B">
				<gx:mid>/g/11b7hg9jms</gx:mid>
				<gx:fid>0x3e5f432ff5751bd9:0xa1fdb6f3bd52d495</gx:fid>
				<LookAt>
					<longitude>55.2400579</longitude>
					<latitude>25.2023054</latitude>
					<altitude>0</altitude>
					<heading>0</heading>
					<tilt>0</tilt>
					<gx:fovy>35</gx:fovy>
					<range>945.0607367903729</range>
					<altitudeMode>relativeToGround</altitudeMode>
				</LookAt>
				<styleUrl>#__managed_style_383047B7B640DE0E4908</styleUrl>
				<Point>
					<altitudeMode>relativeToGround</altitudeMode>
					<coordinates>55.24005789999999,25.2023054,0</coordinates>
				</Point>
			</Placemark>
			<Placemark id="0143F8C47A3F488CD770">
				<gx:mid>/g/11sm_qgv9k</gx:mid>
				<gx:fid>0x3e5f6bfbae5cb041:0x7c7184dd2526ab8a</gx:fid>
				<LookAt>
					<longitude>55.1853984</longitude>
					<latitude>25.1414396</latitude>
					<altitude>0</altitude>
					<heading>0</heading>
					<tilt>0</tilt>
					<gx:fovy>35</gx:fovy>
					<range>945.5844825700918</range>
					<altitudeMode>relativeToGround</altitudeMode>
				</LookAt>
				<styleUrl>#__managed_style_383047B7B640DE0E4908</styleUrl>
				<Point>
					<altitudeMode>relativeToGround</altitudeMode>
					<coordinates>55.1853984,25.1414396,0</coordinates>
				</Point>
			</Placemark>
			<Placemark id="0684C706D93F488E67FF">
				<gx:mid>/g/11l72pw_8x</gx:mid>
				<gx:fid>0x3e5f43b1c494f7eb:0x5f7ae8d1823d3a44</gx:fid>
				<LookAt>
					<longitude>55.2803526</longitude>
					<latitude>25.2140647</latitude>
					<altitude>0</altitude>
					<heading>0</heading>
					<tilt>0</tilt>
					<gx:fovy>35</gx:fovy>
					<range>944.959418398344</range>
					<altitudeMode>relativeToGround</altitudeMode>
				</LookAt>
				<styleUrl>#__managed_style_383047B7B640DE0E4908</styleUrl>
				<Point>
					<altitudeMode>relativeToGround</altitudeMode>
					<coordinates>55.2803526,25.2140647,0</coordinates>
				</Point>
			</Placemark>
			<Placemark id="0DCF14E9113F488EB5E8">
				<gx:mid>/g/11ts01l1r2</gx:mid>
				<gx:fid>0x3e5f6b77dac0d957:0xce299c27992877fa</gx:fid>
				<LookAt>
					<longitude>55.1436248</longitude>
					<latitude>25.0861054</latitude>
					<altitude>0</altitude>
					<heading>0</heading>
					<tilt>0</tilt>
					<gx:fovy>35</gx:fovy>
					<range>946.0596464566664</range>
					<altitudeMode>relativeToGround</altitudeMode>
				</LookAt>
				<styleUrl>#__managed_style_383047B7B640DE0E4908</styleUrl>
				<Point>
					<altitudeMode>relativeToGround</altitudeMode>
					<coordinates>55.1436248,25.0861054,0</coordinates>
				</Point>
			</Placemark>
			<Placemark id="09F7C00A153F488F011E">
				<gx:mid>/g/11j31yxj7l</gx:mid>
				<gx:fid>0x3e5f43f97a96d309:0x61d8d6c9ac76bbf8</gx:fid>
				<LookAt>
					<longitude>55.2825485</longitude>
					<latitude>25.2129789</latitude>
					<altitude>0</altitude>
					<heading>0</heading>
					<tilt>0</tilt>
					<gx:fovy>35</gx:fovy>
					<range>944.968775445402</range>
					<altitudeMode>relativeToGround</altitudeMode>
				</LookAt>
				<styleUrl>#__managed_style_383047B7B640DE0E4908</styleUrl>
				<Point>
					<altitudeMode>relativeToGround</altitudeMode>
					<coordinates>55.28254849999999,25.2129789,0</coordinates>
				</Point>
			</Placemark>
			<Placemark id="087A3103F03F488FBDA0">
				<gx:mid>/g/11t_wmvs7f</gx:mid>
				<gx:fid>0x3e5f6b71809a0755:0x4c81bca30b592c34</gx:fid>
				<LookAt>
					<longitude>55.128638</longitude>
					<latitude>25.0727203</latitude>
					<altitude>0</altitude>
					<heading>0</heading>
					<tilt>0</tilt>
					<gx:fovy>35</gx:fovy>
					<range>946.1744458267049</range>
					<altitudeMode>relativeToGround</altitudeMode>
				</LookAt>
				<styleUrl>#__managed_style_383047B7B640DE0E4908</styleUrl>
				<Point>
					<altitudeMode>relativeToGround</altitudeMode>
					<coordinates>55.128638,25.0727203,0</coordinates>
				</Point>
			</Placemark>
			<Placemark id="089CA50BDC3F48901D69">
				<gx:mid>/g/11ggb7cqp1</gx:mid>
				<gx:fid>0x3e5f433d48cf3833:0xb2e8ac77b1ee9451</gx:fid>
				<LookAt>
					<longitude>55.3230872</longitude>
					<latitude>25.2186515</latitude>
					<altitude>0</altitude>
					<heading>0</heading>
					<tilt>0</tilt>
					<gx:fovy>35</gx:fovy>
					<range>944.9198869765476</range>
					<altitudeMode>relativeToGround</altitudeMode>
				</LookAt>
				<styleUrl>#__managed_style_383047B7B640DE0E4908</styleUrl>
				<Point>
					<altitudeMode>relativeToGround</altitudeMode>
					<coordinates>55.3230872,25.2186515,0</coordinates>
				</Point>
			</Placemark>
			<Placemark id="067B80FD093F4890A3E0">
				<gx:mid>/g/11_qzkhz4</gx:mid>
				<gx:fid>0x3e5f6b5292e55923:0x7f6daaf9fd6bd231</gx:fid>
				<LookAt>
					<longitude>55.141425</longitude>
					<latitude>25.0859</latitude>
					<altitude>0</altitude>
					<heading>0</heading>
					<tilt>0</tilt>
					<gx:fovy>35</gx:fovy>
					<range>946.061408515539</range>
					<altitudeMode>relativeToGround</altitudeMode>
				</LookAt>
				<styleUrl>#__managed_style_235BE8BB6340DE0E4908</styleUrl>
				<Point>
					<altitudeMode>relativeToGround</altitudeMode>
					<coordinates>55.141425,25.0859,0</coordinates>
				</Point>
			</Placemark>
		</Folder>
	</Folder>
</Document>
</kml>
