<?xml version="1.0" encoding="UTF-8"?>
<kml xmlns="http://www.opengis.net/kml/2.2" xmlns:gx="http://www.google.com/kml/ext/2.2" xmlns:kml="http://www.opengis.net/kml/2.2" xmlns:atom="http://www.w3.org/2005/Atom">
<Document id="1fD2w6OBzANAAZJk2iC50XAllPiJ29AOV">
	<name>עודד | אנגליה</name>
	<visibility>0</visibility>
	<StyleMap id="__managed_style_0DF405C53040DE0E9B9C">
		<Pair>
			<key>normal</key>
			<styleUrl>#__managed_style_0DF405C53040DE0E9B9C_normal</styleUrl>
		</Pair>
		<Pair>
			<key>highlight</key>
			<styleUrl>#__managed_style_0DF405C53040DE0E9B9C_highlight</styleUrl>
		</Pair>
	</StyleMap>
	<gx:CascadingStyle kml:id="__managed_style_4B24E5B10240DE0E9B9C_highlight">
		<Style>
			<IconStyle>
				<scale>1.2</scale>
				<Icon>
					<href>https://earth.google.com/earth/document/icon?color=630a89&amp;id=2006&amp;scale=4</href>
				</Icon>
				<hotSpot x="64" y="128" xunits="pixels" yunits="insetPixels"/>
			</IconStyle>
			<LabelStyle>
				<scale>0</scale>
			</LabelStyle>
			<LineStyle>
				<color>ff2dc0fb</color>
				<width>4.8</width>
			</LineStyle>
			<PolyStyle>
				<color>40ffffff</color>
			</PolyStyle>
			<BalloonStyle>
				<gx:displayMode>card</gx:displayMode>
			</BalloonStyle>
		</Style>
	</gx:CascadingStyle>
	<StyleMap id="__managed_style_4B24E5B10240DE0E9B9C">
		<Pair>
			<key>normal</key>
			<styleUrl>#__managed_style_4B24E5B10240DE0E9B9C_normal</styleUrl>
		</Pair>
		<Pair>
			<key>highlight</key>
			<styleUrl>#__managed_style_4B24E5B10240DE0E9B9C_highlight</styleUrl>
		</Pair>
	</StyleMap>
	<gx:CascadingStyle kml:id="__managed_style_1F6904A2B540DE0E9B93_normal">
		<Style>
			<IconStyle>
				<Icon>
					<href>https://earth.google.com/earth/document/icon?color=1976d2&amp;id=2000&amp;scale=4</href>
				</Icon>
				<hotSpot x="64" y="128" xunits="pixels" yunits="insetPixels"/>
			</IconStyle>
			<LabelStyle>
				<scale>0</scale>
			</LabelStyle>
			<LineStyle>
				<color>ffbc47ab</color>
				<width>3.2</width>
			</LineStyle>
			<PolyStyle>
				<color>40ffffff</color>
			</PolyStyle>
			<BalloonStyle>
			</BalloonStyle>
		</Style>
	</gx:CascadingStyle>
	<StyleMap id="__managed_style_1F6904A2B540DE0E9B93">
		<Pair>
			<key>normal</key>
			<styleUrl>#__managed_style_1F6904A2B540DE0E9B93_normal</styleUrl>
		</Pair>
		<Pair>
			<key>highlight</key>
			<styleUrl>#__managed_style_1F6904A2B540DE0E9B93_highlight</styleUrl>
		</Pair>
	</StyleMap>
	<gx:CascadingStyle kml:id="__managed_style_0095B1A9A140DE0E9B9E_highlight">
		<Style>
			<IconStyle>
				<scale>1.2</scale>
				<Icon>
					<href>https://earth.google.com/earth/document/icon?color=7b1fa2&amp;id=2311&amp;scale=4</href>
				</Icon>
				<hotSpot x="64" y="128" xunits="pixels" yunits="insetPixels"/>
			</IconStyle>
			<LabelStyle>
				<scale>0</scale>
			</LabelStyle>
			<LineStyle>
				<color>ff2dc0fb</color>
				<width>4.8</width>
			</LineStyle>
			<PolyStyle>
				<color>40ffffff</color>
			</PolyStyle>
			<BalloonStyle>
			</BalloonStyle>
		</Style>
	</gx:CascadingStyle>
	<StyleMap id="__managed_style_0095B1A9A140DE0E9B9E">
		<Pair>
			<key>normal</key>
			<styleUrl>#__managed_style_0095B1A9A140DE0E9B9E_normal</styleUrl>
		</Pair>
		<Pair>
			<key>highlight</key>
			<styleUrl>#__managed_style_0095B1A9A140DE0E9B9E_highlight</styleUrl>
		</Pair>
	</StyleMap>
	<gx:CascadingStyle kml:id="__managed_style_1F25C3ADDD40DE0E9B98_normal">
		<Style>
			<IconStyle>
				<Icon>
					<href>https://earth.google.com/earth/document/icon?color=1976d2&amp;id=2000&amp;scale=4</href>
				</Icon>
				<hotSpot x="64" y="128" xunits="pixels" yunits="insetPixels"/>
			</IconStyle>
			<LabelStyle>
				<scale>0</scale>
			</LabelStyle>
			<LineStyle>
				<color>ff860c61</color>
				<width>3.2</width>
			</LineStyle>
			<PolyStyle>
				<color>40ffffff</color>
			</PolyStyle>
			<BalloonStyle>
			</BalloonStyle>
		</Style>
	</gx:CascadingStyle>
	<StyleMap id="__managed_style_1F25C3ADDD40DE0E9B98">
		<Pair>
			<key>normal</key>
			<styleUrl>#__managed_style_1F25C3ADDD40DE0E9B98_normal</styleUrl>
		</Pair>
		<Pair>
			<key>highlight</key>
			<styleUrl>#__managed_style_1F25C3ADDD40DE0E9B98_highlight</styleUrl>
		</Pair>
	</StyleMap>
	<gx:CascadingStyle kml:id="__managed_style_189DF2219940DE0E9B97_normal">
		<Style>
			<IconStyle>
				<Icon>
					<href>https://earth.google.com/earth/document/icon?color=5c0681&amp;id=2163&amp;scale=4</href>
				</Icon>
				<hotSpot x="64" y="128" xunits="pixels" yunits="insetPixels"/>
			</IconStyle>
			<LabelStyle>
				<scale>0</scale>
			</LabelStyle>
			<LineStyle>
				<color>ff2dc0fb</color>
				<width>3.2</width>
			</LineStyle>
			<PolyStyle>
				<color>40ffffff</color>
			</PolyStyle>
			<BalloonStyle>
				<gx:displayMode>card</gx:displayMode>
			</BalloonStyle>
		</Style>
	</gx:CascadingStyle>
	<StyleMap id="__managed_style_189DF2219940DE0E9B97">
		<Pair>
			<key>normal</key>
			<styleUrl>#__managed_style_189DF2219940DE0E9B97_normal</styleUrl>
		</Pair>
		<Pair>
			<key>highlight</key>
			<styleUrl>#__managed_style_189DF2219940DE0E9B97_highlight</styleUrl>
		</Pair>
	</StyleMap>
	<StyleMap id="__managed_style_2389673E6240DE0E9B96">
		<Pair>
			<key>normal</key>
			<styleUrl>#__managed_style_2389673E6240DE0E9B96_normal</styleUrl>
		</Pair>
		<Pair>
			<key>highlight</key>
			<styleUrl>#__managed_style_2389673E6240DE0E9B96_highlight</styleUrl>
		</Pair>
	</StyleMap>
	<gx:CascadingStyle kml:id="__managed_style_26AB9E41D140DE0E9B9B_highlight">
		<Style>
			<IconStyle>
				<scale>1.2</scale>
				<Icon>
					<href>https://earth.google.com/earth/document/icon?color=7b1fa2&amp;id=2163&amp;scale=4</href>
				</Icon>
				<hotSpot x="64" y="128" xunits="pixels" yunits="insetPixels"/>
			</IconStyle>
			<LabelStyle>
				<scale>0</scale>
			</LabelStyle>
			<LineStyle>
				<color>ff2dc0fb</color>
				<width>4.8</width>
			</LineStyle>
			<PolyStyle>
				<color>40ffffff</color>
			</PolyStyle>
			<BalloonStyle>
			</BalloonStyle>
		</Style>
	</gx:CascadingStyle>
	<gx:CascadingStyle kml:id="__managed_style_26AB9E41D140DE0E9B9B_normal">
		<Style>
			<IconStyle>
				<Icon>
					<href>https://earth.google.com/earth/document/icon?color=7b1fa2&amp;id=2163&amp;scale=4</href>
				</Icon>
				<hotSpot x="64" y="128" xunits="pixels" yunits="insetPixels"/>
			</IconStyle>
			<LabelStyle>
				<scale>0</scale>
			</LabelStyle>
			<LineStyle>
				<color>ff2dc0fb</color>
				<width>3.2</width>
			</LineStyle>
			<PolyStyle>
				<color>40ffffff</color>
			</PolyStyle>
			<BalloonStyle>
			</BalloonStyle>
		</Style>
	</gx:CascadingStyle>
	<gx:CascadingStyle kml:id="__managed_style_372859DF0B40DE0E9B9C_highlight">
		<Style>
			<IconStyle>
				<scale>1.2</scale>
				<Icon>
					<href>https://earth.google.com/earth/document/icon?color=42a5f5&amp;id=2074&amp;scale=4</href>
				</Icon>
				<hotSpot x="64" y="128" xunits="pixels" yunits="insetPixels"/>
			</IconStyle>
			<LabelStyle>
				<scale>0</scale>
			</LabelStyle>
			<LineStyle>
				<color>ff2dc0fb</color>
				<width>4.8</width>
			</LineStyle>
			<PolyStyle>
				<color>40ffffff</color>
			</PolyStyle>
			<BalloonStyle>
				<gx:displayMode>card</gx:displayMode>
			</BalloonStyle>
		</Style>
	</gx:CascadingStyle>
	<StyleMap id="__managed_style_372859DF0B40DE0E9B9C">
		<Pair>
			<key>normal</key>
			<styleUrl>#__managed_style_372859DF0B40DE0E9B9C_normal</styleUrl>
		</Pair>
		<Pair>
			<key>highlight</key>
			<styleUrl>#__managed_style_372859DF0B40DE0E9B9C_highlight</styleUrl>
		</Pair>
	</StyleMap>
	<gx:CascadingStyle kml:id="__managed_style_3BC637697D40DE0E9B96_highlight">
		<Style>
			<IconStyle>
				<scale>1.2</scale>
				<Icon>
					<href>https://earth.google.com/earth/document/icon?color=303f9f&amp;id=2074&amp;scale=4</href>
				</Icon>
				<hotSpot x="64" y="128" xunits="pixels" yunits="insetPixels"/>
			</IconStyle>
			<LabelStyle>
				<scale>0</scale>
			</LabelStyle>
			<LineStyle>
				<color>ff2dc0fb</color>
				<width>4.8</width>
			</LineStyle>
			<PolyStyle>
				<color>40ffffff</color>
			</PolyStyle>
			<BalloonStyle>
				<gx:displayMode>card</gx:displayMode>
			</BalloonStyle>
		</Style>
	</gx:CascadingStyle>
	<gx:CascadingStyle kml:id="__managed_style_1ECBEE996740DE0E9B94_highlight">
		<Style>
			<IconStyle>
				<scale>1.2</scale>
				<Icon>
					<href>https://earth.google.com/earth/document/icon?color=1976d2&amp;id=2074&amp;scale=4</href>
				</Icon>
				<hotSpot x="64" y="128" xunits="pixels" yunits="insetPixels"/>
			</IconStyle>
			<LabelStyle>
				<scale>0</scale>
			</LabelStyle>
			<LineStyle>
				<color>ff2dc0fb</color>
				<width>4.8</width>
			</LineStyle>
			<PolyStyle>
				<color>40ffffff</color>
			</PolyStyle>
			<BalloonStyle>
			</BalloonStyle>
		</Style>
	</gx:CascadingStyle>
	<gx:CascadingStyle kml:id="__managed_style_1ECBEE996740DE0E9B94_normal">
		<Style>
			<IconStyle>
				<Icon>
					<href>https://earth.google.com/earth/document/icon?color=1976d2&amp;id=2074&amp;scale=4</href>
				</Icon>
				<hotSpot x="64" y="128" xunits="pixels" yunits="insetPixels"/>
			</IconStyle>
			<LabelStyle>
				<scale>0</scale>
			</LabelStyle>
			<LineStyle>
				<color>ff2dc0fb</color>
				<width>3.2</width>
			</LineStyle>
			<PolyStyle>
				<color>40ffffff</color>
			</PolyStyle>
			<BalloonStyle>
			</BalloonStyle>
		</Style>
	</gx:CascadingStyle>
	<gx:CascadingStyle kml:id="__managed_style_1B0A0C453640DE0E9B96_normal">
		<Style>
			<IconStyle>
				<Icon>
					<href>https://earth.google.com/earth/document/icon?color=303f9f&amp;id=2074&amp;scale=4</href>
				</Icon>
				<hotSpot x="64" y="128" xunits="pixels" yunits="insetPixels"/>
			</IconStyle>
			<LabelStyle>
				<scale>0</scale>
			</LabelStyle>
			<LineStyle>
				<color>ff2dc0fb</color>
				<width>3.2</width>
			</LineStyle>
			<PolyStyle>
				<color>40ffffff</color>
			</PolyStyle>
			<BalloonStyle>
			</BalloonStyle>
		</Style>
	</gx:CascadingStyle>
	<StyleMap id="__managed_style_1B0A0C453640DE0E9B96">
		<Pair>
			<key>normal</key>
			<styleUrl>#__managed_style_1B0A0C453640DE0E9B96_normal</styleUrl>
		</Pair>
		<Pair>
			<key>highlight</key>
			<styleUrl>#__managed_style_1B0A0C453640DE0E9B96_highlight</styleUrl>
		</Pair>
	</StyleMap>
	<gx:CascadingStyle kml:id="__managed_style_04A08031C840DE0E9B99_normal">
		<Style>
			<IconStyle>
				<Icon>
					<href>https://earth.google.com/earth/document/icon?color=1976d2&amp;id=2074&amp;scale=4</href>
				</Icon>
				<hotSpot x="64" y="128" xunits="pixels" yunits="insetPixels"/>
			</IconStyle>
			<LabelStyle>
				<scale>0</scale>
			</LabelStyle>
			<LineStyle>
				<color>ff2dc0fb</color>
				<width>3.2</width>
			</LineStyle>
			<PolyStyle>
				<color>40ffffff</color>
			</PolyStyle>
			<BalloonStyle>
			</BalloonStyle>
		</Style>
	</gx:CascadingStyle>
	<gx:CascadingStyle kml:id="__managed_style_4B24E5B10240DE0E9B9C_normal">
		<Style>
			<IconStyle>
				<Icon>
					<href>https://earth.google.com/earth/document/icon?color=630a89&amp;id=2006&amp;scale=4</href>
				</Icon>
				<hotSpot x="64" y="128" xunits="pixels" yunits="insetPixels"/>
			</IconStyle>
			<LabelStyle>
				<scale>0</scale>
			</LabelStyle>
			<LineStyle>
				<color>ff2dc0fb</color>
				<width>3.2</width>
			</LineStyle>
			<PolyStyle>
				<color>40ffffff</color>
			</PolyStyle>
			<BalloonStyle>
				<gx:displayMode>card</gx:displayMode>
			</BalloonStyle>
		</Style>
	</gx:CascadingStyle>
	<gx:CascadingStyle kml:id="__managed_style_3BC637697D40DE0E9B96_normal">
		<Style>
			<IconStyle>
				<Icon>
					<href>https://earth.google.com/earth/document/icon?color=303f9f&amp;id=2074&amp;scale=4</href>
				</Icon>
				<hotSpot x="64" y="128" xunits="pixels" yunits="insetPixels"/>
			</IconStyle>
			<LabelStyle>
				<scale>0</scale>
			</LabelStyle>
			<LineStyle>
				<color>ff2dc0fb</color>
				<width>3.2</width>
			</LineStyle>
			<PolyStyle>
				<color>40ffffff</color>
			</PolyStyle>
			<BalloonStyle>
				<gx:displayMode>card</gx:displayMode>
			</BalloonStyle>
		</Style>
	</gx:CascadingStyle>
	<StyleMap id="__managed_style_04A08031C840DE0E9B99">
		<Pair>
			<key>normal</key>
			<styleUrl>#__managed_style_04A08031C840DE0E9B99_normal</styleUrl>
		</Pair>
		<Pair>
			<key>highlight</key>
			<styleUrl>#__managed_style_04A08031C840DE0E9B99_highlight</styleUrl>
		</Pair>
	</StyleMap>
	<gx:CascadingStyle kml:id="__managed_style_0DF405C53040DE0E9B9C_highlight">
		<Style>
			<IconStyle>
				<scale>1.2</scale>
				<Icon>
					<href>https://earth.google.com/earth/document/icon?color=5f0c82&amp;id=2163&amp;scale=4</href>
				</Icon>
				<hotSpot x="64" y="128" xunits="pixels" yunits="insetPixels"/>
			</IconStyle>
			<LabelStyle>
				<scale>0</scale>
			</LabelStyle>
			<LineStyle>
				<color>ff2dc0fb</color>
				<width>4.8</width>
			</LineStyle>
			<PolyStyle>
				<color>40ffffff</color>
			</PolyStyle>
			<BalloonStyle>
				<gx:displayMode>card</gx:displayMode>
			</BalloonStyle>
		</Style>
	</gx:CascadingStyle>
	<gx:CascadingStyle kml:id="__managed_style_1D970C001440DE0E9B90_normal">
		<Style>
			<IconStyle>
				<Icon>
					<href>https://earth.google.com/earth/document/icon?color=303f9f&amp;id=2090&amp;scale=4</href>
				</Icon>
				<hotSpot x="64" y="128" xunits="pixels" yunits="insetPixels"/>
			</IconStyle>
			<LabelStyle>
				<scale>0</scale>
			</LabelStyle>
			<LineStyle>
				<color>ff2dc0fb</color>
				<width>3.2</width>
			</LineStyle>
			<PolyStyle>
				<color>40ffffff</color>
			</PolyStyle>
			<BalloonStyle>
				<gx:displayMode>card</gx:displayMode>
			</BalloonStyle>
		</Style>
	</gx:CascadingStyle>
	<StyleMap id="__managed_style_1D970C001440DE0E9B90">
		<Pair>
			<key>normal</key>
			<styleUrl>#__managed_style_1D970C001440DE0E9B90_normal</styleUrl>
		</Pair>
		<Pair>
			<key>highlight</key>
			<styleUrl>#__managed_style_1D970C001440DE0E9B90_highlight</styleUrl>
		</Pair>
	</StyleMap>
	<gx:CascadingStyle kml:id="__managed_style_17EDAD3E9740DE0E9B8E_highlight">
		<Style>
			<IconStyle>
				<scale>1.2</scale>
				<Icon>
					<href>https://earth.google.com/earth/document/icon?color=303f9f&amp;id=2034&amp;scale=4</href>
				</Icon>
				<hotSpot x="64" y="128" xunits="pixels" yunits="insetPixels"/>
			</IconStyle>
			<LabelStyle>
				<scale>0</scale>
			</LabelStyle>
			<LineStyle>
				<color>ff2dc0fb</color>
				<width>4.8</width>
			</LineStyle>
			<PolyStyle>
				<color>40ffffff</color>
			</PolyStyle>
			<BalloonStyle>
				<gx:displayMode>card</gx:displayMode>
			</BalloonStyle>
		</Style>
	</gx:CascadingStyle>
	<gx:CascadingStyle kml:id="__managed_style_17EDAD3E9740DE0E9B8E_normal">
		<Style>
			<IconStyle>
				<Icon>
					<href>https://earth.google.com/earth/document/icon?color=303f9f&amp;id=2034&amp;scale=4</href>
				</Icon>
				<hotSpot x="64" y="128" xunits="pixels" yunits="insetPixels"/>
			</IconStyle>
			<LabelStyle>
				<scale>0</scale>
			</LabelStyle>
			<LineStyle>
				<color>ff2dc0fb</color>
				<width>3.2</width>
			</LineStyle>
			<PolyStyle>
				<color>40ffffff</color>
			</PolyStyle>
			<BalloonStyle>
				<gx:displayMode>card</gx:displayMode>
			</BalloonStyle>
		</Style>
	</gx:CascadingStyle>
	<StyleMap id="__managed_style_2D73DCE7C040DE0E9B8F">
		<Pair>
			<key>normal</key>
			<styleUrl>#__managed_style_2D73DCE7C040DE0E9B8F_normal</styleUrl>
		</Pair>
		<Pair>
			<key>highlight</key>
			<styleUrl>#__managed_style_2D73DCE7C040DE0E9B8F_highlight</styleUrl>
		</Pair>
	</StyleMap>
	<gx:CascadingStyle kml:id="__managed_style_0095B1A9A140DE0E9B9E_normal">
		<Style>
			<IconStyle>
				<Icon>
					<href>https://earth.google.com/earth/document/icon?color=7b1fa2&amp;id=2311&amp;scale=4</href>
				</Icon>
				<hotSpot x="64" y="128" xunits="pixels" yunits="insetPixels"/>
			</IconStyle>
			<LabelStyle>
				<scale>0</scale>
			</LabelStyle>
			<LineStyle>
				<color>ff2dc0fb</color>
				<width>3.2</width>
			</LineStyle>
			<PolyStyle>
				<color>40ffffff</color>
			</PolyStyle>
			<BalloonStyle>
			</BalloonStyle>
		</Style>
	</gx:CascadingStyle>
	<StyleMap id="__managed_style_3BC637697D40DE0E9B96">
		<Pair>
			<key>normal</key>
			<styleUrl>#__managed_style_3BC637697D40DE0E9B96_normal</styleUrl>
		</Pair>
		<Pair>
			<key>highlight</key>
			<styleUrl>#__managed_style_3BC637697D40DE0E9B96_highlight</styleUrl>
		</Pair>
	</StyleMap>
	<StyleMap id="__managed_style_17EDAD3E9740DE0E9B8E">
		<Pair>
			<key>normal</key>
			<styleUrl>#__managed_style_17EDAD3E9740DE0E9B8E_normal</styleUrl>
		</Pair>
		<Pair>
			<key>highlight</key>
			<styleUrl>#__managed_style_17EDAD3E9740DE0E9B8E_highlight</styleUrl>
		</Pair>
	</StyleMap>
	<gx:CascadingStyle kml:id="__managed_style_0F3455054A40DE0E9BA0_highlight">
		<styleUrl>https://earth.google.com/balloon_components/base/1.1.0.0/none_template.kml#main</styleUrl>
		<Style>
			<IconStyle>
				<scale>1.2</scale>
				<Icon>
					<href>https://earth.google.com/earth/document/icon?color=f57c00&amp;id=2130&amp;scale=4</href>
				</Icon>
				<hotSpot x="64" y="128" xunits="pixels" yunits="insetPixels"/>
			</IconStyle>
			<LabelStyle>
				<scale>0</scale>
			</LabelStyle>
			<LineStyle>
				<color>ff2dc0fb</color>
				<width>4.8</width>
			</LineStyle>
			<PolyStyle>
				<color>40ffffff</color>
			</PolyStyle>
			<BalloonStyle>
				<displayMode>hide</displayMode>
			</BalloonStyle>
		</Style>
	</gx:CascadingStyle>
	<gx:CascadingStyle kml:id="__managed_style_0835F0D2EB40DE0E9B98_normal">
		<Style>
			<IconStyle>
				<Icon>
					<href>https://earth.google.com/earth/document/icon?color=7b1fa2&amp;id=2336&amp;scale=4</href>
				</Icon>
				<hotSpot x="64" y="128" xunits="pixels" yunits="insetPixels"/>
			</IconStyle>
			<LabelStyle>
				<scale>0</scale>
			</LabelStyle>
			<LineStyle>
				<color>ff2dc0fb</color>
				<width>3.2</width>
			</LineStyle>
			<PolyStyle>
				<color>40ffffff</color>
			</PolyStyle>
			<BalloonStyle>
				<gx:displayMode>card</gx:displayMode>
			</BalloonStyle>
		</Style>
	</gx:CascadingStyle>
	<gx:CascadingStyle kml:id="__managed_style_2D73DCE7C040DE0E9B8F_highlight">
		<Style>
			<IconStyle>
				<scale>1.2</scale>
				<Icon>
					<href>https://earth.google.com/earth/document/icon?color=303f9f&amp;id=2339&amp;scale=4</href>
				</Icon>
				<hotSpot x="64" y="128" xunits="pixels" yunits="insetPixels"/>
			</IconStyle>
			<LabelStyle>
				<scale>0</scale>
			</LabelStyle>
			<LineStyle>
				<color>ff2dc0fb</color>
				<width>4.8</width>
			</LineStyle>
			<PolyStyle>
				<color>40ffffff</color>
			</PolyStyle>
			<BalloonStyle>
				<gx:displayMode>card</gx:displayMode>
			</BalloonStyle>
		</Style>
	</gx:CascadingStyle>
	<gx:CascadingStyle kml:id="__managed_style_0DF405C53040DE0E9B9C_normal">
		<Style>
			<IconStyle>
				<Icon>
					<href>https://earth.google.com/earth/document/icon?color=5f0c82&amp;id=2163&amp;scale=4</href>
				</Icon>
				<hotSpot x="64" y="128" xunits="pixels" yunits="insetPixels"/>
			</IconStyle>
			<LabelStyle>
				<scale>0</scale>
			</LabelStyle>
			<LineStyle>
				<color>ff2dc0fb</color>
				<width>3.2</width>
			</LineStyle>
			<PolyStyle>
				<color>40ffffff</color>
			</PolyStyle>
			<BalloonStyle>
				<gx:displayMode>card</gx:displayMode>
			</BalloonStyle>
		</Style>
	</gx:CascadingStyle>
	<gx:CascadingStyle kml:id="__managed_style_01903091BB40DE0E9B94_highlight">
		<Style>
			<IconStyle>
				<scale>1.2</scale>
				<Icon>
					<href>https://earth.google.com/earth/document/icon?color=1976d2&amp;id=2000&amp;scale=4</href>
				</Icon>
				<hotSpot x="64" y="128" xunits="pixels" yunits="insetPixels"/>
			</IconStyle>
			<LabelStyle>
			</LabelStyle>
			<LineStyle>
				<color>ff2dc0fb</color>
				<width>4.8</width>
			</LineStyle>
			<PolyStyle>
				<color>40ffffff</color>
			</PolyStyle>
			<BalloonStyle>
			</BalloonStyle>
		</Style>
	</gx:CascadingStyle>
	<gx:CascadingStyle kml:id="__managed_style_2AABF2DAA440DE0E9B93_highlight">
		<Style>
			<IconStyle>
				<scale>1.2</scale>
				<Icon>
					<href>https://earth.google.com/earth/document/icon?color=7b1fa2&amp;id=2232&amp;scale=4</href>
				</Icon>
				<hotSpot x="64" y="128" xunits="pixels" yunits="insetPixels"/>
			</IconStyle>
			<LabelStyle>
				<scale>0</scale>
			</LabelStyle>
			<LineStyle>
				<color>ff2dc0fb</color>
				<width>4.8</width>
			</LineStyle>
			<PolyStyle>
				<color>40ffffff</color>
			</PolyStyle>
			<BalloonStyle>
				<gx:displayMode>card</gx:displayMode>
			</BalloonStyle>
		</Style>
	</gx:CascadingStyle>
	<gx:CascadingStyle kml:id="__managed_style_1EC7086C7240DE0E9B8F_normal">
		<Style>
			<IconStyle>
				<Icon>
					<href>https://earth.google.com/earth/document/icon?color=f57c00&amp;id=2130&amp;scale=4</href>
				</Icon>
				<hotSpot x="64" y="128" xunits="pixels" yunits="insetPixels"/>
			</IconStyle>
			<LabelStyle>
				<scale>0</scale>
			</LabelStyle>
			<LineStyle>
				<color>ff2dc0fb</color>
				<width>3.2</width>
			</LineStyle>
			<PolyStyle>
				<color>40ffffff</color>
			</PolyStyle>
			<BalloonStyle>
				<gx:displayMode>card</gx:displayMode>
			</BalloonStyle>
		</Style>
	</gx:CascadingStyle>
	<gx:CascadingStyle kml:id="__managed_style_372859DF0B40DE0E9B9C_normal">
		<Style>
			<IconStyle>
				<Icon>
					<href>https://earth.google.com/earth/document/icon?color=42a5f5&amp;id=2074&amp;scale=4</href>
				</Icon>
				<hotSpot x="64" y="128" xunits="pixels" yunits="insetPixels"/>
			</IconStyle>
			<LabelStyle>
				<scale>0</scale>
			</LabelStyle>
			<LineStyle>
				<color>ff2dc0fb</color>
				<width>3.2</width>
			</LineStyle>
			<PolyStyle>
				<color>40ffffff</color>
			</PolyStyle>
			<BalloonStyle>
				<gx:displayMode>card</gx:displayMode>
			</BalloonStyle>
		</Style>
	</gx:CascadingStyle>
	<StyleMap id="__managed_style_1EC7086C7240DE0E9B8F">
		<Pair>
			<key>normal</key>
			<styleUrl>#__managed_style_1EC7086C7240DE0E9B8F_normal</styleUrl>
		</Pair>
		<Pair>
			<key>highlight</key>
			<styleUrl>#__managed_style_1EC7086C7240DE0E9B8F_highlight</styleUrl>
		</Pair>
	</StyleMap>
	<gx:CascadingStyle kml:id="__managed_style_0F3455054A40DE0E9BA0_normal">
		<styleUrl>https://earth.google.com/balloon_components/base/1.1.0.0/none_template.kml#main</styleUrl>
		<Style>
			<IconStyle>
				<Icon>
					<href>https://earth.google.com/earth/document/icon?color=f57c00&amp;id=2130&amp;scale=4</href>
				</Icon>
				<hotSpot x="64" y="128" xunits="pixels" yunits="insetPixels"/>
			</IconStyle>
			<LabelStyle>
				<scale>0</scale>
			</LabelStyle>
			<LineStyle>
				<color>ff2dc0fb</color>
				<width>3.2</width>
			</LineStyle>
			<PolyStyle>
				<color>40ffffff</color>
			</PolyStyle>
			<BalloonStyle>
				<displayMode>hide</displayMode>
			</BalloonStyle>
		</Style>
	</gx:CascadingStyle>
	<gx:CascadingStyle kml:id="__managed_style_0DB866B5C440DE0E9B93_highlight">
		<Style>
			<IconStyle>
				<scale>1.2</scale>
				<Icon>
					<href>https://earth.google.com/earth/document/icon?color=f57c00&amp;id=2056&amp;scale=4</href>
				</Icon>
				<hotSpot x="64" y="128" xunits="pixels" yunits="insetPixels"/>
			</IconStyle>
			<LabelStyle>
				<scale>0</scale>
			</LabelStyle>
			<LineStyle>
				<color>ff2dc0fb</color>
				<width>4.8</width>
			</LineStyle>
			<PolyStyle>
				<color>40ffffff</color>
			</PolyStyle>
			<BalloonStyle>
				<gx:displayMode>card</gx:displayMode>
			</BalloonStyle>
		</Style>
	</gx:CascadingStyle>
	<StyleMap id="__managed_style_1BC46C6F5D40DE0E9B9C">
		<Pair>
			<key>normal</key>
			<styleUrl>#__managed_style_1BC46C6F5D40DE0E9B9C_normal</styleUrl>
		</Pair>
		<Pair>
			<key>highlight</key>
			<styleUrl>#__managed_style_1BC46C6F5D40DE0E9B9C_highlight</styleUrl>
		</Pair>
	</StyleMap>
	<gx:CascadingStyle kml:id="__managed_style_0DB866B5C440DE0E9B93_normal">
		<Style>
			<IconStyle>
				<Icon>
					<href>https://earth.google.com/earth/document/icon?color=f57c00&amp;id=2056&amp;scale=4</href>
				</Icon>
				<hotSpot x="64" y="128" xunits="pixels" yunits="insetPixels"/>
			</IconStyle>
			<LabelStyle>
				<scale>0</scale>
			</LabelStyle>
			<LineStyle>
				<color>ff2dc0fb</color>
				<width>3.2</width>
			</LineStyle>
			<PolyStyle>
				<color>40ffffff</color>
			</PolyStyle>
			<BalloonStyle>
				<gx:displayMode>card</gx:displayMode>
			</BalloonStyle>
		</Style>
	</gx:CascadingStyle>
	<StyleMap id="__managed_style_0C146D054640DE0E9B8C">
		<Pair>
			<key>normal</key>
			<styleUrl>#__managed_style_0C146D054640DE0E9B8C_normal</styleUrl>
		</Pair>
		<Pair>
			<key>highlight</key>
			<styleUrl>#__managed_style_0C146D054640DE0E9B8C_highlight</styleUrl>
		</Pair>
	</StyleMap>
	<gx:CascadingStyle kml:id="__managed_style_4B25EC2B2040DE0E9B90_normal">
		<Style>
			<IconStyle>
				<Icon>
					<href>https://earth.google.com/earth/document/icon?color=206823&amp;id=2370&amp;scale=4</href>
				</Icon>
				<hotSpot x="64" y="128" xunits="pixels" yunits="insetPixels"/>
			</IconStyle>
			<LabelStyle>
				<scale>0</scale>
			</LabelStyle>
			<LineStyle>
				<color>ff2dc0fb</color>
				<width>3.2</width>
			</LineStyle>
			<PolyStyle>
				<color>40ffffff</color>
			</PolyStyle>
			<BalloonStyle>
				<gx:displayMode>card</gx:displayMode>
			</BalloonStyle>
		</Style>
	</gx:CascadingStyle>
	<gx:CascadingStyle kml:id="__managed_style_4B25EC2B2040DE0E9B90_highlight">
		<Style>
			<IconStyle>
				<scale>1.2</scale>
				<Icon>
					<href>https://earth.google.com/earth/document/icon?color=206823&amp;id=2370&amp;scale=4</href>
				</Icon>
				<hotSpot x="64" y="128" xunits="pixels" yunits="insetPixels"/>
			</IconStyle>
			<LabelStyle>
				<scale>0</scale>
			</LabelStyle>
			<LineStyle>
				<color>ff2dc0fb</color>
				<width>4.8</width>
			</LineStyle>
			<PolyStyle>
				<color>40ffffff</color>
			</PolyStyle>
			<BalloonStyle>
				<gx:displayMode>card</gx:displayMode>
			</BalloonStyle>
		</Style>
	</gx:CascadingStyle>
	<gx:CascadingStyle kml:id="__managed_style_2D9E05F9AE40DE0E9B97_highlight">
		<Style>
			<IconStyle>
				<scale>1.2</scale>
				<Icon>
					<href>https://earth.google.com/earth/document/icon?color=7b1fa2&amp;id=2056&amp;scale=4</href>
				</Icon>
				<hotSpot x="64" y="128" xunits="pixels" yunits="insetPixels"/>
			</IconStyle>
			<LabelStyle>
				<scale>0</scale>
			</LabelStyle>
			<LineStyle>
				<color>ff2dc0fb</color>
				<width>4.8</width>
			</LineStyle>
			<PolyStyle>
				<color>40ffffff</color>
			</PolyStyle>
			<BalloonStyle>
				<gx:displayMode>card</gx:displayMode>
			</BalloonStyle>
		</Style>
	</gx:CascadingStyle>
	<StyleMap id="__managed_style_4B25EC2B2040DE0E9B90">
		<Pair>
			<key>normal</key>
			<styleUrl>#__managed_style_4B25EC2B2040DE0E9B90_normal</styleUrl>
		</Pair>
		<Pair>
			<key>highlight</key>
			<styleUrl>#__managed_style_4B25EC2B2040DE0E9B90_highlight</styleUrl>
		</Pair>
	</StyleMap>
	<gx:CascadingStyle kml:id="__managed_style_1F6904A2B540DE0E9B93_highlight">
		<Style>
			<IconStyle>
				<scale>1.2</scale>
				<Icon>
					<href>https://earth.google.com/earth/document/icon?color=1976d2&amp;id=2000&amp;scale=4</href>
				</Icon>
				<hotSpot x="64" y="128" xunits="pixels" yunits="insetPixels"/>
			</IconStyle>
			<LabelStyle>
				<scale>0</scale>
			</LabelStyle>
			<LineStyle>
				<color>ffbc47ab</color>
				<width>4.8</width>
			</LineStyle>
			<PolyStyle>
				<color>40ffffff</color>
			</PolyStyle>
			<BalloonStyle>
			</BalloonStyle>
		</Style>
	</gx:CascadingStyle>
	<StyleMap id="__managed_style_4F899DCAC940DE0E9B94">
		<Pair>
			<key>normal</key>
			<styleUrl>#__managed_style_4F899DCAC940DE0E9B94_normal</styleUrl>
		</Pair>
		<Pair>
			<key>highlight</key>
			<styleUrl>#__managed_style_4F899DCAC940DE0E9B94_highlight</styleUrl>
		</Pair>
	</StyleMap>
	<gx:CascadingStyle kml:id="__managed_style_2AABF2DAA440DE0E9B93_normal">
		<Style>
			<IconStyle>
				<Icon>
					<href>https://earth.google.com/earth/document/icon?color=7b1fa2&amp;id=2232&amp;scale=4</href>
				</Icon>
				<hotSpot x="64" y="128" xunits="pixels" yunits="insetPixels"/>
			</IconStyle>
			<LabelStyle>
				<scale>0</scale>
			</LabelStyle>
			<LineStyle>
				<color>ff2dc0fb</color>
				<width>3.2</width>
			</LineStyle>
			<PolyStyle>
				<color>40ffffff</color>
			</PolyStyle>
			<BalloonStyle>
				<gx:displayMode>card</gx:displayMode>
			</BalloonStyle>
		</Style>
	</gx:CascadingStyle>
	<gx:CascadingStyle kml:id="__managed_style_2D73DCE7C040DE0E9B8F_normal">
		<Style>
			<IconStyle>
				<Icon>
					<href>https://earth.google.com/earth/document/icon?color=303f9f&amp;id=2339&amp;scale=4</href>
				</Icon>
				<hotSpot x="64" y="128" xunits="pixels" yunits="insetPixels"/>
			</IconStyle>
			<LabelStyle>
				<scale>0</scale>
			</LabelStyle>
			<LineStyle>
				<color>ff2dc0fb</color>
				<width>3.2</width>
			</LineStyle>
			<PolyStyle>
				<color>40ffffff</color>
			</PolyStyle>
			<BalloonStyle>
				<gx:displayMode>card</gx:displayMode>
			</BalloonStyle>
		</Style>
	</gx:CascadingStyle>
	<gx:CascadingStyle kml:id="__managed_style_1689C368BB40DE0E9B8C_normal">
		<Style>
			<IconStyle>
				<Icon>
					<href>https://earth.google.com/earth/document/icon?color=388e3c&amp;id=2370&amp;scale=4</href>
				</Icon>
				<hotSpot x="64" y="128" xunits="pixels" yunits="insetPixels"/>
			</IconStyle>
			<LabelStyle>
				<scale>0</scale>
			</LabelStyle>
			<LineStyle>
				<color>ff2dc0fb</color>
				<width>3.2</width>
			</LineStyle>
			<PolyStyle>
				<color>40ffffff</color>
			</PolyStyle>
			<BalloonStyle>
				<gx:displayMode>card</gx:displayMode>
			</BalloonStyle>
		</Style>
	</gx:CascadingStyle>
	<StyleMap id="__managed_style_221E0E5A0E40DE0E9B90">
		<Pair>
			<key>normal</key>
			<styleUrl>#__managed_style_221E0E5A0E40DE0E9B90_normal</styleUrl>
		</Pair>
		<Pair>
			<key>highlight</key>
			<styleUrl>#__managed_style_221E0E5A0E40DE0E9B90_highlight</styleUrl>
		</Pair>
	</StyleMap>
	<StyleMap id="__managed_style_0DB866B5C440DE0E9B93">
		<Pair>
			<key>normal</key>
			<styleUrl>#__managed_style_0DB866B5C440DE0E9B93_normal</styleUrl>
		</Pair>
		<Pair>
			<key>highlight</key>
			<styleUrl>#__managed_style_0DB866B5C440DE0E9B93_highlight</styleUrl>
		</Pair>
	</StyleMap>
	<StyleMap id="__managed_style_3EAD8AA57B40DE0E9B90">
		<Pair>
			<key>normal</key>
			<styleUrl>#__managed_style_3EAD8AA57B40DE0E9B90_normal</styleUrl>
		</Pair>
		<Pair>
			<key>highlight</key>
			<styleUrl>#__managed_style_3EAD8AA57B40DE0E9B90_highlight</styleUrl>
		</Pair>
	</StyleMap>
	<StyleMap id="__managed_style_35066AAFA540DE0E9B98">
		<Pair>
			<key>normal</key>
			<styleUrl>#__managed_style_35066AAFA540DE0E9B98_normal</styleUrl>
		</Pair>
		<Pair>
			<key>highlight</key>
			<styleUrl>#__managed_style_35066AAFA540DE0E9B98_highlight</styleUrl>
		</Pair>
	</StyleMap>
	<gx:CascadingStyle kml:id="__managed_style_2D5FC89F8140DE0E9B98_highlight">
		<Style>
			<IconStyle>
				<scale>1.8</scale>
				<Icon>
					<href>https://earth.google.com/earth/document/icon?color=7b1fa2&amp;id=2163&amp;scale=4</href>
				</Icon>
				<hotSpot x="64" y="128" xunits="pixels" yunits="insetPixels"/>
			</IconStyle>
			<LabelStyle>
				<scale>0</scale>
			</LabelStyle>
			<LineStyle>
				<color>ff2dc0fb</color>
				<width>4.8</width>
			</LineStyle>
			<PolyStyle>
				<color>40ffffff</color>
			</PolyStyle>
			<BalloonStyle>
				<gx:displayMode>card</gx:displayMode>
			</BalloonStyle>
		</Style>
	</gx:CascadingStyle>
	<gx:CascadingStyle kml:id="__managed_style_4F899DCAC940DE0E9B94_normal">
		<Style>
			<IconStyle>
				<Icon>
					<href>https://earth.google.com/earth/document/icon?color=7b1fa2&amp;id=2156&amp;scale=4</href>
				</Icon>
				<hotSpot x="64" y="128" xunits="pixels" yunits="insetPixels"/>
			</IconStyle>
			<LabelStyle>
				<scale>0</scale>
			</LabelStyle>
			<LineStyle>
				<color>ff2dc0fb</color>
				<width>3.2</width>
			</LineStyle>
			<PolyStyle>
				<color>40ffffff</color>
			</PolyStyle>
			<BalloonStyle>
				<gx:displayMode>card</gx:displayMode>
			</BalloonStyle>
		</Style>
	</gx:CascadingStyle>
	<StyleMap id="__managed_style_2D5FC89F8140DE0E9B98">
		<Pair>
			<key>normal</key>
			<styleUrl>#__managed_style_2D5FC89F8140DE0E9B98_normal</styleUrl>
		</Pair>
		<Pair>
			<key>highlight</key>
			<styleUrl>#__managed_style_2D5FC89F8140DE0E9B98_highlight</styleUrl>
		</Pair>
	</StyleMap>
	<gx:CascadingStyle kml:id="__managed_style_221E0E5A0E40DE0E9B90_highlight">
		<Style>
			<IconStyle>
				<scale>1.2</scale>
				<Icon>
					<href>https://earth.google.com/earth/document/icon?color=1976d2&amp;id=2074&amp;scale=4</href>
				</Icon>
				<hotSpot x="64" y="128" xunits="pixels" yunits="insetPixels"/>
			</IconStyle>
			<LabelStyle>
				<scale>0</scale>
			</LabelStyle>
			<LineStyle>
				<color>ff2dc0fb</color>
				<width>4.8</width>
			</LineStyle>
			<PolyStyle>
				<color>40ffffff</color>
			</PolyStyle>
			<BalloonStyle>
				<gx:displayMode>card</gx:displayMode>
			</BalloonStyle>
		</Style>
	</gx:CascadingStyle>
	<gx:CascadingStyle kml:id="__managed_style_026F1E2D1940DE0E9B9F_normal">
		<Style>
			<IconStyle>
				<Icon>
					<href>https://earth.google.com/earth/document/icon?color=5c0a7e&amp;id=2163&amp;scale=4</href>
				</Icon>
				<hotSpot x="64" y="128" xunits="pixels" yunits="insetPixels"/>
			</IconStyle>
			<LabelStyle>
				<scale>0</scale>
			</LabelStyle>
			<LineStyle>
				<color>ff2dc0fb</color>
				<width>3.2</width>
			</LineStyle>
			<PolyStyle>
				<color>40ffffff</color>
			</PolyStyle>
			<BalloonStyle>
				<gx:displayMode>card</gx:displayMode>
			</BalloonStyle>
		</Style>
	</gx:CascadingStyle>
	<gx:CascadingStyle kml:id="__managed_style_29C8F4CFBA40DE0E9B94_normal">
		<Style>
			<IconStyle>
				<Icon>
					<href>https://earth.google.com/earth/document/icon?color=7b1fa2&amp;id=2311&amp;scale=4</href>
				</Icon>
				<hotSpot x="64" y="128" xunits="pixels" yunits="insetPixels"/>
			</IconStyle>
			<LabelStyle>
				<scale>0</scale>
			</LabelStyle>
			<LineStyle>
				<color>ff2dc0fb</color>
				<width>3.2</width>
			</LineStyle>
			<PolyStyle>
				<color>40ffffff</color>
			</PolyStyle>
			<BalloonStyle>
				<gx:displayMode>card</gx:displayMode>
			</BalloonStyle>
		</Style>
	</gx:CascadingStyle>
	<gx:CascadingStyle kml:id="__managed_style_005DAA5B0940DE0E9B97_highlight">
		<Style>
			<IconStyle>
				<scale>1.2</scale>
				<Icon>
					<href>https://earth.google.com/earth/document/icon?color=4f096d&amp;id=2006&amp;scale=4</href>
				</Icon>
				<hotSpot x="64" y="128" xunits="pixels" yunits="insetPixels"/>
			</IconStyle>
			<LabelStyle>
				<scale>0</scale>
			</LabelStyle>
			<LineStyle>
				<color>ff2dc0fb</color>
				<width>4.8</width>
			</LineStyle>
			<PolyStyle>
				<color>40ffffff</color>
			</PolyStyle>
			<BalloonStyle>
			</BalloonStyle>
		</Style>
	</gx:CascadingStyle>
	<gx:CascadingStyle kml:id="__managed_style_14F0F6BFCD40DE0E9B99_highlight">
		<Style>
			<IconStyle>
				<scale>1.2</scale>
				<Icon>
					<href>https://earth.google.com/earth/document/icon?color=550677&amp;id=2163&amp;scale=4</href>
				</Icon>
				<hotSpot x="64" y="128" xunits="pixels" yunits="insetPixels"/>
			</IconStyle>
			<LabelStyle>
				<scale>0</scale>
			</LabelStyle>
			<LineStyle>
				<color>ff2dc0fb</color>
				<width>4.8</width>
			</LineStyle>
			<PolyStyle>
				<color>40ffffff</color>
			</PolyStyle>
			<BalloonStyle>
				<gx:displayMode>card</gx:displayMode>
			</BalloonStyle>
		</Style>
	</gx:CascadingStyle>
	<gx:CascadingStyle kml:id="__managed_style_3C198504B140DE0E9B94_normal">
		<Style>
			<IconStyle>
				<Icon>
					<href>https://earth.google.com/earth/document/icon?color=7b1fa2&amp;id=2359&amp;scale=4</href>
				</Icon>
				<hotSpot x="64" y="128" xunits="pixels" yunits="insetPixels"/>
			</IconStyle>
			<LabelStyle>
				<scale>0</scale>
			</LabelStyle>
			<LineStyle>
				<color>ff2dc0fb</color>
				<width>3.2</width>
			</LineStyle>
			<PolyStyle>
				<color>40ffffff</color>
			</PolyStyle>
			<BalloonStyle>
				<gx:displayMode>card</gx:displayMode>
			</BalloonStyle>
		</Style>
	</gx:CascadingStyle>
	<gx:CascadingStyle kml:id="__managed_style_2D9E05F9AE40DE0E9B97_normal">
		<Style>
			<IconStyle>
				<Icon>
					<href>https://earth.google.com/earth/document/icon?color=7b1fa2&amp;id=2056&amp;scale=4</href>
				</Icon>
				<hotSpot x="64" y="128" xunits="pixels" yunits="insetPixels"/>
			</IconStyle>
			<LabelStyle>
				<scale>0</scale>
			</LabelStyle>
			<LineStyle>
				<color>ff2dc0fb</color>
				<width>3.2</width>
			</LineStyle>
			<PolyStyle>
				<color>40ffffff</color>
			</PolyStyle>
			<BalloonStyle>
				<gx:displayMode>card</gx:displayMode>
			</BalloonStyle>
		</Style>
	</gx:CascadingStyle>
	<StyleMap id="__managed_style_2D9E05F9AE40DE0E9B97">
		<Pair>
			<key>normal</key>
			<styleUrl>#__managed_style_2D9E05F9AE40DE0E9B97_normal</styleUrl>
		</Pair>
		<Pair>
			<key>highlight</key>
			<styleUrl>#__managed_style_2D9E05F9AE40DE0E9B97_highlight</styleUrl>
		</Pair>
	</StyleMap>
	<gx:CascadingStyle kml:id="__managed_style_0E195CB97740DE0E9B91_highlight">
		<Style>
			<IconStyle>
				<scale>1.8</scale>
				<Icon>
					<href>https://earth.google.com/earth/document/icon?color=7b1fa2&amp;id=2006&amp;scale=4</href>
				</Icon>
				<hotSpot x="64" y="128" xunits="pixels" yunits="insetPixels"/>
			</IconStyle>
			<LabelStyle>
				<scale>0</scale>
			</LabelStyle>
			<LineStyle>
				<color>ff2dc0fb</color>
				<width>4.8</width>
			</LineStyle>
			<PolyStyle>
				<color>40ffffff</color>
			</PolyStyle>
			<BalloonStyle>
				<gx:displayMode>card</gx:displayMode>
			</BalloonStyle>
		</Style>
	</gx:CascadingStyle>
	<StyleMap id="__managed_style_06A0D8702840DE0E9B90">
		<Pair>
			<key>normal</key>
			<styleUrl>#__managed_style_06A0D8702840DE0E9B90_normal</styleUrl>
		</Pair>
		<Pair>
			<key>highlight</key>
			<styleUrl>#__managed_style_06A0D8702840DE0E9B90_highlight</styleUrl>
		</Pair>
	</StyleMap>
	<StyleMap id="__managed_style_0E195CB97740DE0E9B91">
		<Pair>
			<key>normal</key>
			<styleUrl>#__managed_style_0E195CB97740DE0E9B91_normal</styleUrl>
		</Pair>
		<Pair>
			<key>highlight</key>
			<styleUrl>#__managed_style_0E195CB97740DE0E9B91_highlight</styleUrl>
		</Pair>
	</StyleMap>
	<gx:CascadingStyle kml:id="__managed_style_3EAD8AA57B40DE0E9B90_highlight">
		<Style>
			<IconStyle>
				<scale>1.2</scale>
				<Icon>
					<href>https://earth.google.com/earth/document/icon?color=1976d2&amp;id=2000&amp;scale=4</href>
				</Icon>
				<hotSpot x="64" y="128" xunits="pixels" yunits="insetPixels"/>
			</IconStyle>
			<LabelStyle>
				<scale>0</scale>
			</LabelStyle>
			<LineStyle>
				<color>ff2dc0fb</color>
				<width>4.8</width>
			</LineStyle>
			<PolyStyle>
				<color>40ffffff</color>
			</PolyStyle>
			<BalloonStyle>
			</BalloonStyle>
		</Style>
	</gx:CascadingStyle>
	<gx:CascadingStyle kml:id="__managed_style_1BC46C6F5D40DE0E9B9C_normal">
		<Style>
			<IconStyle>
				<Icon>
					<href>https://earth.google.com/earth/document/icon?color=1976d2&amp;id=2000&amp;scale=4</href>
				</Icon>
				<hotSpot x="64" y="128" xunits="pixels" yunits="insetPixels"/>
			</IconStyle>
			<LabelStyle>
				<scale>0</scale>
			</LabelStyle>
			<LineStyle>
				<color>ffa21f7b</color>
				<width>3.2</width>
			</LineStyle>
			<PolyStyle>
				<color>40a21f7b</color>
			</PolyStyle>
			<BalloonStyle>
			</BalloonStyle>
		</Style>
	</gx:CascadingStyle>
	<gx:CascadingStyle kml:id="__managed_style_22477D9F5840DE0E9BA0_normal">
		<Style>
			<IconStyle>
				<Icon>
					<href>https://earth.google.com/earth/document/icon?color=ab47bc&amp;id=2006&amp;scale=4</href>
				</Icon>
				<hotSpot x="64" y="128" xunits="pixels" yunits="insetPixels"/>
			</IconStyle>
			<LabelStyle>
				<scale>0</scale>
			</LabelStyle>
			<LineStyle>
				<color>ff2dc0fb</color>
				<width>3.2</width>
			</LineStyle>
			<PolyStyle>
				<color>40ffffff</color>
			</PolyStyle>
			<BalloonStyle>
			</BalloonStyle>
		</Style>
	</gx:CascadingStyle>
	<StyleMap id="__managed_style_1689C368BB40DE0E9B8C">
		<Pair>
			<key>normal</key>
			<styleUrl>#__managed_style_1689C368BB40DE0E9B8C_normal</styleUrl>
		</Pair>
		<Pair>
			<key>highlight</key>
			<styleUrl>#__managed_style_1689C368BB40DE0E9B8C_highlight</styleUrl>
		</Pair>
	</StyleMap>
	<StyleMap id="__managed_style_22477D9F5840DE0E9BA0">
		<Pair>
			<key>normal</key>
			<styleUrl>#__managed_style_22477D9F5840DE0E9BA0_normal</styleUrl>
		</Pair>
		<Pair>
			<key>highlight</key>
			<styleUrl>#__managed_style_22477D9F5840DE0E9BA0_highlight</styleUrl>
		</Pair>
	</StyleMap>
	<StyleMap id="__managed_style_026F1E2D1940DE0E9B9F">
		<Pair>
			<key>normal</key>
			<styleUrl>#__managed_style_026F1E2D1940DE0E9B9F_normal</styleUrl>
		</Pair>
		<Pair>
			<key>highlight</key>
			<styleUrl>#__managed_style_026F1E2D1940DE0E9B9F_highlight</styleUrl>
		</Pair>
	</StyleMap>
	<gx:CascadingStyle kml:id="__managed_style_1EC7086C7240DE0E9B8F_highlight">
		<Style>
			<IconStyle>
				<scale>1.2</scale>
				<Icon>
					<href>https://earth.google.com/earth/document/icon?color=f57c00&amp;id=2130&amp;scale=4</href>
				</Icon>
				<hotSpot x="64" y="128" xunits="pixels" yunits="insetPixels"/>
			</IconStyle>
			<LabelStyle>
				<scale>0</scale>
			</LabelStyle>
			<LineStyle>
				<color>ff2dc0fb</color>
				<width>4.8</width>
			</LineStyle>
			<PolyStyle>
				<color>40ffffff</color>
			</PolyStyle>
			<BalloonStyle>
				<gx:displayMode>card</gx:displayMode>
			</BalloonStyle>
		</Style>
	</gx:CascadingStyle>
	<gx:CascadingStyle kml:id="__managed_style_2658D24B9040DE0E9B9C_highlight">
		<Style>
			<IconStyle>
				<scale>1.2</scale>
				<Icon>
					<href>https://earth.google.com/earth/document/icon?color=7b1fa2&amp;id=2339&amp;scale=4</href>
				</Icon>
				<hotSpot x="64" y="128" xunits="pixels" yunits="insetPixels"/>
			</IconStyle>
			<LabelStyle>
				<scale>0</scale>
			</LabelStyle>
			<LineStyle>
				<color>ff2dc0fb</color>
				<width>4.8</width>
			</LineStyle>
			<PolyStyle>
				<color>40ffffff</color>
			</PolyStyle>
			<BalloonStyle>
				<gx:displayMode>card</gx:displayMode>
			</BalloonStyle>
		</Style>
	</gx:CascadingStyle>
	<gx:CascadingStyle kml:id="__managed_style_04A08031C840DE0E9B99_highlight">
		<Style>
			<IconStyle>
				<scale>1.2</scale>
				<Icon>
					<href>https://earth.google.com/earth/document/icon?color=1976d2&amp;id=2074&amp;scale=4</href>
				</Icon>
				<hotSpot x="64" y="128" xunits="pixels" yunits="insetPixels"/>
			</IconStyle>
			<LabelStyle>
				<scale>0</scale>
			</LabelStyle>
			<LineStyle>
				<color>ff2dc0fb</color>
				<width>4.8</width>
			</LineStyle>
			<PolyStyle>
				<color>40ffffff</color>
			</PolyStyle>
			<BalloonStyle>
			</BalloonStyle>
		</Style>
	</gx:CascadingStyle>
	<gx:CascadingStyle kml:id="__managed_style_1949305F2340DE0E9B9B_highlight">
		<Style>
			<IconStyle>
				<scale>1.2</scale>
				<Icon>
					<href>https://earth.google.com/earth/document/icon?color=7b1fa2&amp;id=2130&amp;scale=4</href>
				</Icon>
				<hotSpot x="64" y="128" xunits="pixels" yunits="insetPixels"/>
			</IconStyle>
			<LabelStyle>
				<scale>0</scale>
			</LabelStyle>
			<LineStyle>
				<color>ff2dc0fb</color>
				<width>4.8</width>
			</LineStyle>
			<PolyStyle>
				<color>40ffffff</color>
			</PolyStyle>
			<BalloonStyle>
				<gx:displayMode>card</gx:displayMode>
			</BalloonStyle>
		</Style>
	</gx:CascadingStyle>
	<StyleMap id="__managed_style_1E4A9FF1F240DE0E9B91">
		<Pair>
			<key>normal</key>
			<styleUrl>#__managed_style_1E4A9FF1F240DE0E9B91_normal</styleUrl>
		</Pair>
		<Pair>
			<key>highlight</key>
			<styleUrl>#__managed_style_1E4A9FF1F240DE0E9B91_highlight</styleUrl>
		</Pair>
	</StyleMap>
	<gx:CascadingStyle kml:id="__managed_style_0C146D054640DE0E9B8C_highlight">
		<Style>
			<IconStyle>
				<scale>1.2</scale>
				<Icon>
					<href>https://earth.google.com/earth/document/icon?color=fbc02d&amp;id=2005&amp;scale=4</href>
				</Icon>
				<hotSpot x="64" y="128" xunits="pixels" yunits="insetPixels"/>
			</IconStyle>
			<LabelStyle>
				<scale>0</scale>
			</LabelStyle>
			<LineStyle>
				<color>ff2dc0fb</color>
				<width>4.8</width>
			</LineStyle>
			<PolyStyle>
				<color>40ffffff</color>
			</PolyStyle>
			<BalloonStyle>
				<gx:displayMode>card</gx:displayMode>
			</BalloonStyle>
		</Style>
	</gx:CascadingStyle>
	<gx:CascadingStyle kml:id="__managed_style_4F899DCAC940DE0E9B94_highlight">
		<Style>
			<IconStyle>
				<scale>1.2</scale>
				<Icon>
					<href>https://earth.google.com/earth/document/icon?color=7b1fa2&amp;id=2156&amp;scale=4</href>
				</Icon>
				<hotSpot x="64" y="128" xunits="pixels" yunits="insetPixels"/>
			</IconStyle>
			<LabelStyle>
				<scale>0</scale>
			</LabelStyle>
			<LineStyle>
				<color>ff2dc0fb</color>
				<width>4.8</width>
			</LineStyle>
			<PolyStyle>
				<color>40ffffff</color>
			</PolyStyle>
			<BalloonStyle>
				<gx:displayMode>card</gx:displayMode>
			</BalloonStyle>
		</Style>
	</gx:CascadingStyle>
	<gx:CascadingStyle kml:id="__managed_style_14F0F6BFCD40DE0E9B99_normal">
		<Style>
			<IconStyle>
				<Icon>
					<href>https://earth.google.com/earth/document/icon?color=550677&amp;id=2163&amp;scale=4</href>
				</Icon>
				<hotSpot x="64" y="128" xunits="pixels" yunits="insetPixels"/>
			</IconStyle>
			<LabelStyle>
				<scale>0</scale>
			</LabelStyle>
			<LineStyle>
				<color>ff2dc0fb</color>
				<width>3.2</width>
			</LineStyle>
			<PolyStyle>
				<color>40ffffff</color>
			</PolyStyle>
			<BalloonStyle>
				<gx:displayMode>card</gx:displayMode>
			</BalloonStyle>
		</Style>
	</gx:CascadingStyle>
	<gx:CascadingStyle kml:id="__managed_style_22477D9F5840DE0E9BA0_highlight">
		<Style>
			<IconStyle>
				<scale>1.2</scale>
				<Icon>
					<href>https://earth.google.com/earth/document/icon?color=ab47bc&amp;id=2006&amp;scale=4</href>
				</Icon>
				<hotSpot x="64" y="128" xunits="pixels" yunits="insetPixels"/>
			</IconStyle>
			<LabelStyle>
				<scale>0</scale>
			</LabelStyle>
			<LineStyle>
				<color>ff2dc0fb</color>
				<width>4.8</width>
			</LineStyle>
			<PolyStyle>
				<color>40ffffff</color>
			</PolyStyle>
			<BalloonStyle>
			</BalloonStyle>
		</Style>
	</gx:CascadingStyle>
	<StyleMap id="__managed_style_14F0F6BFCD40DE0E9B99">
		<Pair>
			<key>normal</key>
			<styleUrl>#__managed_style_14F0F6BFCD40DE0E9B99_normal</styleUrl>
		</Pair>
		<Pair>
			<key>highlight</key>
			<styleUrl>#__managed_style_14F0F6BFCD40DE0E9B99_highlight</styleUrl>
		</Pair>
	</StyleMap>
	<gx:CascadingStyle kml:id="__managed_style_1EA2B701DF40DE0E9BA0_normal">
		<Style>
			<IconStyle>
				<Icon>
					<href>https://earth.google.com/earth/document/icon?color=7b1fa2&amp;id=2011&amp;scale=4</href>
				</Icon>
				<hotSpot x="64" y="128" xunits="pixels" yunits="insetPixels"/>
			</IconStyle>
			<LabelStyle>
				<scale>0</scale>
			</LabelStyle>
			<LineStyle>
				<color>ff2dc0fb</color>
				<width>3.2</width>
			</LineStyle>
			<PolyStyle>
				<color>40ffffff</color>
			</PolyStyle>
			<BalloonStyle>
				<gx:displayMode>card</gx:displayMode>
			</BalloonStyle>
		</Style>
	</gx:CascadingStyle>
	<gx:CascadingStyle kml:id="__managed_style_1EA2B701DF40DE0E9BA0_highlight">
		<Style>
			<IconStyle>
				<scale>1.2</scale>
				<Icon>
					<href>https://earth.google.com/earth/document/icon?color=7b1fa2&amp;id=2011&amp;scale=4</href>
				</Icon>
				<hotSpot x="64" y="128" xunits="pixels" yunits="insetPixels"/>
			</IconStyle>
			<LabelStyle>
				<scale>0</scale>
			</LabelStyle>
			<LineStyle>
				<color>ff2dc0fb</color>
				<width>4.8</width>
			</LineStyle>
			<PolyStyle>
				<color>40ffffff</color>
			</PolyStyle>
			<BalloonStyle>
				<gx:displayMode>card</gx:displayMode>
			</BalloonStyle>
		</Style>
	</gx:CascadingStyle>
	<gx:CascadingStyle kml:id="__managed_style_026F1E2D1940DE0E9B9F_highlight">
		<Style>
			<IconStyle>
				<scale>1.2</scale>
				<Icon>
					<href>https://earth.google.com/earth/document/icon?color=5c0a7e&amp;id=2163&amp;scale=4</href>
				</Icon>
				<hotSpot x="64" y="128" xunits="pixels" yunits="insetPixels"/>
			</IconStyle>
			<LabelStyle>
				<scale>0</scale>
			</LabelStyle>
			<LineStyle>
				<color>ff2dc0fb</color>
				<width>4.8</width>
			</LineStyle>
			<PolyStyle>
				<color>40ffffff</color>
			</PolyStyle>
			<BalloonStyle>
				<gx:displayMode>card</gx:displayMode>
			</BalloonStyle>
		</Style>
	</gx:CascadingStyle>
	<StyleMap id="__managed_style_1EA2B701DF40DE0E9BA0">
		<Pair>
			<key>normal</key>
			<styleUrl>#__managed_style_1EA2B701DF40DE0E9BA0_normal</styleUrl>
		</Pair>
		<Pair>
			<key>highlight</key>
			<styleUrl>#__managed_style_1EA2B701DF40DE0E9BA0_highlight</styleUrl>
		</Pair>
	</StyleMap>
	<StyleMap id="__managed_style_29C8F4CFBA40DE0E9B94">
		<Pair>
			<key>normal</key>
			<styleUrl>#__managed_style_29C8F4CFBA40DE0E9B94_normal</styleUrl>
		</Pair>
		<Pair>
			<key>highlight</key>
			<styleUrl>#__managed_style_29C8F4CFBA40DE0E9B94_highlight</styleUrl>
		</Pair>
	</StyleMap>
	<StyleMap id="__managed_style_1ECBEE996740DE0E9B94">
		<Pair>
			<key>normal</key>
			<styleUrl>#__managed_style_1ECBEE996740DE0E9B94_normal</styleUrl>
		</Pair>
		<Pair>
			<key>highlight</key>
			<styleUrl>#__managed_style_1ECBEE996740DE0E9B94_highlight</styleUrl>
		</Pair>
	</StyleMap>
	<StyleMap id="__managed_style_005DAA5B0940DE0E9B97">
		<Pair>
			<key>normal</key>
			<styleUrl>#__managed_style_005DAA5B0940DE0E9B97_normal</styleUrl>
		</Pair>
		<Pair>
			<key>highlight</key>
			<styleUrl>#__managed_style_005DAA5B0940DE0E9B97_highlight</styleUrl>
		</Pair>
	</StyleMap>
	<gx:CascadingStyle kml:id="__managed_style_09C79760CD40DE0E9B8E_highlight">
		<Style>
			<IconStyle>
				<scale>1.2</scale>
				<Icon>
					<href>https://earth.google.com/earth/document/icon?color=7b1fa2&amp;id=2006&amp;scale=4</href>
				</Icon>
				<hotSpot x="64" y="128" xunits="pixels" yunits="insetPixels"/>
			</IconStyle>
			<LabelStyle>
				<scale>0</scale>
			</LabelStyle>
			<LineStyle>
				<color>ff2dc0fb</color>
				<width>4.8</width>
			</LineStyle>
			<PolyStyle>
				<color>40ffffff</color>
			</PolyStyle>
			<BalloonStyle>
				<gx:displayMode>card</gx:displayMode>
			</BalloonStyle>
		</Style>
	</gx:CascadingStyle>
	<gx:CascadingStyle kml:id="__managed_style_1E4A9FF1F240DE0E9B91_highlight">
		<Style>
			<IconStyle>
				<scale>1.2</scale>
				<Icon>
					<href>https://earth.google.com/earth/document/icon?color=1976d2&amp;id=2000&amp;scale=4</href>
				</Icon>
				<hotSpot x="64" y="128" xunits="pixels" yunits="insetPixels"/>
			</IconStyle>
			<LabelStyle>
				<scale>0</scale>
			</LabelStyle>
			<LineStyle>
				<color>ffa21f7b</color>
				<width>4.8</width>
			</LineStyle>
			<PolyStyle>
				<color>40ffffff</color>
			</PolyStyle>
			<BalloonStyle>
			</BalloonStyle>
		</Style>
	</gx:CascadingStyle>
	<gx:CascadingStyle kml:id="__managed_style_1949305F2340DE0E9B9B_normal">
		<Style>
			<IconStyle>
				<Icon>
					<href>https://earth.google.com/earth/document/icon?color=7b1fa2&amp;id=2130&amp;scale=4</href>
				</Icon>
				<hotSpot x="64" y="128" xunits="pixels" yunits="insetPixels"/>
			</IconStyle>
			<LabelStyle>
				<scale>0</scale>
			</LabelStyle>
			<LineStyle>
				<color>ff2dc0fb</color>
				<width>3.2</width>
			</LineStyle>
			<PolyStyle>
				<color>40ffffff</color>
			</PolyStyle>
			<BalloonStyle>
				<gx:displayMode>card</gx:displayMode>
			</BalloonStyle>
		</Style>
	</gx:CascadingStyle>
	<gx:CascadingStyle kml:id="__managed_style_0D3323EABF40DE0E9B9B_highlight">
		<Style>
			<IconStyle>
				<scale>1.2</scale>
				<Icon>
					<href>https://earth.google.com/earth/document/icon?color=7b1fa2&amp;id=2364&amp;scale=4</href>
				</Icon>
				<hotSpot x="64" y="128" xunits="pixels" yunits="insetPixels"/>
			</IconStyle>
			<LabelStyle>
				<scale>0</scale>
			</LabelStyle>
			<LineStyle>
				<color>ff2dc0fb</color>
				<width>4.8</width>
			</LineStyle>
			<PolyStyle>
				<color>40ffffff</color>
			</PolyStyle>
			<BalloonStyle>
				<gx:displayMode>card</gx:displayMode>
			</BalloonStyle>
		</Style>
	</gx:CascadingStyle>
	<StyleMap id="__managed_style_2AABF2DAA440DE0E9B93">
		<Pair>
			<key>normal</key>
			<styleUrl>#__managed_style_2AABF2DAA440DE0E9B93_normal</styleUrl>
		</Pair>
		<Pair>
			<key>highlight</key>
			<styleUrl>#__managed_style_2AABF2DAA440DE0E9B93_highlight</styleUrl>
		</Pair>
	</StyleMap>
	<gx:CascadingStyle kml:id="__managed_style_2389673E6240DE0E9B96_highlight">
		<Style>
			<IconStyle>
				<scale>1.2</scale>
				<Icon>
					<href>https://earth.google.com/earth/document/icon?color=388e3c&amp;id=2370&amp;scale=4</href>
				</Icon>
				<hotSpot x="64" y="128" xunits="pixels" yunits="insetPixels"/>
			</IconStyle>
			<LabelStyle>
				<scale>0</scale>
			</LabelStyle>
			<LineStyle>
				<color>ff2dc0fb</color>
				<width>4.8</width>
			</LineStyle>
			<PolyStyle>
				<color>40ffffff</color>
			</PolyStyle>
			<BalloonStyle>
			</BalloonStyle>
		</Style>
	</gx:CascadingStyle>
	<StyleMap id="__managed_style_0D3323EABF40DE0E9B9B">
		<Pair>
			<key>normal</key>
			<styleUrl>#__managed_style_0D3323EABF40DE0E9B9B_normal</styleUrl>
		</Pair>
		<Pair>
			<key>highlight</key>
			<styleUrl>#__managed_style_0D3323EABF40DE0E9B9B_highlight</styleUrl>
		</Pair>
	</StyleMap>
	<gx:CascadingStyle kml:id="__managed_style_0835F0D2EB40DE0E9B98_highlight">
		<Style>
			<IconStyle>
				<scale>1.2</scale>
				<Icon>
					<href>https://earth.google.com/earth/document/icon?color=7b1fa2&amp;id=2336&amp;scale=4</href>
				</Icon>
				<hotSpot x="64" y="128" xunits="pixels" yunits="insetPixels"/>
			</IconStyle>
			<LabelStyle>
				<scale>0</scale>
			</LabelStyle>
			<LineStyle>
				<color>ff2dc0fb</color>
				<width>4.8</width>
			</LineStyle>
			<PolyStyle>
				<color>40ffffff</color>
			</PolyStyle>
			<BalloonStyle>
				<gx:displayMode>card</gx:displayMode>
			</BalloonStyle>
		</Style>
	</gx:CascadingStyle>
	<StyleMap id="__managed_style_0835F0D2EB40DE0E9B98">
		<Pair>
			<key>normal</key>
			<styleUrl>#__managed_style_0835F0D2EB40DE0E9B98_normal</styleUrl>
		</Pair>
		<Pair>
			<key>highlight</key>
			<styleUrl>#__managed_style_0835F0D2EB40DE0E9B98_highlight</styleUrl>
		</Pair>
	</StyleMap>
	<gx:CascadingStyle kml:id="__managed_style_189DF2219940DE0E9B97_highlight">
		<Style>
			<IconStyle>
				<scale>1.2</scale>
				<Icon>
					<href>https://earth.google.com/earth/document/icon?color=5c0681&amp;id=2163&amp;scale=4</href>
				</Icon>
				<hotSpot x="64" y="128" xunits="pixels" yunits="insetPixels"/>
			</IconStyle>
			<LabelStyle>
				<scale>0</scale>
			</LabelStyle>
			<LineStyle>
				<color>ff2dc0fb</color>
				<width>4.8</width>
			</LineStyle>
			<PolyStyle>
				<color>40ffffff</color>
			</PolyStyle>
			<BalloonStyle>
				<gx:displayMode>card</gx:displayMode>
			</BalloonStyle>
		</Style>
	</gx:CascadingStyle>
	<StyleMap id="__managed_style_073DEF400240DE0E9B96">
		<Pair>
			<key>normal</key>
			<styleUrl>#__managed_style_073DEF400240DE0E9B96_normal</styleUrl>
		</Pair>
		<Pair>
			<key>highlight</key>
			<styleUrl>#__managed_style_073DEF400240DE0E9B96_highlight</styleUrl>
		</Pair>
	</StyleMap>
	<gx:CascadingStyle kml:id="__managed_style_06A0D8702840DE0E9B90_highlight">
		<Style>
			<IconStyle>
				<scale>1.2</scale>
				<Icon>
					<href>https://earth.google.com/earth/document/icon?color=7b1fa2&amp;id=2006&amp;scale=4</href>
				</Icon>
				<hotSpot x="64" y="128" xunits="pixels" yunits="insetPixels"/>
			</IconStyle>
			<LabelStyle>
				<scale>0</scale>
			</LabelStyle>
			<LineStyle>
				<color>ff2dc0fb</color>
				<width>4.8</width>
			</LineStyle>
			<PolyStyle>
				<color>40ffffff</color>
			</PolyStyle>
			<BalloonStyle>
			</BalloonStyle>
		</Style>
	</gx:CascadingStyle>
	<gx:CascadingStyle kml:id="__managed_style_1F25C3ADDD40DE0E9B98_highlight">
		<Style>
			<IconStyle>
				<scale>1.2</scale>
				<Icon>
					<href>https://earth.google.com/earth/document/icon?color=1976d2&amp;id=2000&amp;scale=4</href>
				</Icon>
				<hotSpot x="64" y="128" xunits="pixels" yunits="insetPixels"/>
			</IconStyle>
			<LabelStyle>
				<scale>0</scale>
			</LabelStyle>
			<LineStyle>
				<color>ff860c61</color>
				<width>4.8</width>
			</LineStyle>
			<PolyStyle>
				<color>40ffffff</color>
			</PolyStyle>
			<BalloonStyle>
			</BalloonStyle>
		</Style>
	</gx:CascadingStyle>
	<gx:CascadingStyle kml:id="__managed_style_06A0D8702840DE0E9B90_normal">
		<Style>
			<IconStyle>
				<Icon>
					<href>https://earth.google.com/earth/document/icon?color=7b1fa2&amp;id=2006&amp;scale=4</href>
				</Icon>
				<hotSpot x="64" y="128" xunits="pixels" yunits="insetPixels"/>
			</IconStyle>
			<LabelStyle>
				<scale>0</scale>
			</LabelStyle>
			<LineStyle>
				<color>ff2dc0fb</color>
				<width>3.2</width>
			</LineStyle>
			<PolyStyle>
				<color>40ffffff</color>
			</PolyStyle>
			<BalloonStyle>
			</BalloonStyle>
		</Style>
	</gx:CascadingStyle>
	<gx:CascadingStyle kml:id="__managed_style_29C8F4CFBA40DE0E9B94_highlight">
		<Style>
			<IconStyle>
				<scale>1.2</scale>
				<Icon>
					<href>https://earth.google.com/earth/document/icon?color=7b1fa2&amp;id=2311&amp;scale=4</href>
				</Icon>
				<hotSpot x="64" y="128" xunits="pixels" yunits="insetPixels"/>
			</IconStyle>
			<LabelStyle>
				<scale>0</scale>
			</LabelStyle>
			<LineStyle>
				<color>ff2dc0fb</color>
				<width>4.8</width>
			</LineStyle>
			<PolyStyle>
				<color>40ffffff</color>
			</PolyStyle>
			<BalloonStyle>
				<gx:displayMode>card</gx:displayMode>
			</BalloonStyle>
		</Style>
	</gx:CascadingStyle>
	<StyleMap id="__managed_style_0F3455054A40DE0E9BA0">
		<Pair>
			<key>normal</key>
			<styleUrl>#__managed_style_0F3455054A40DE0E9BA0_normal</styleUrl>
		</Pair>
		<Pair>
			<key>highlight</key>
			<styleUrl>#__managed_style_0F3455054A40DE0E9BA0_highlight</styleUrl>
		</Pair>
	</StyleMap>
	<gx:CascadingStyle kml:id="__managed_style_078D864D6F40DE0E9B8F_normal">
		<Style>
			<IconStyle>
				<Icon>
					<href>https://earth.google.com/earth/document/icon?color=7b1fa2&amp;id=2163&amp;scale=4</href>
				</Icon>
				<hotSpot x="64" y="128" xunits="pixels" yunits="insetPixels"/>
			</IconStyle>
			<LabelStyle>
				<scale>0</scale>
			</LabelStyle>
			<LineStyle>
				<color>ff2dc0fb</color>
				<width>3.2</width>
			</LineStyle>
			<PolyStyle>
				<color>40ffffff</color>
			</PolyStyle>
			<BalloonStyle>
				<gx:displayMode>card</gx:displayMode>
			</BalloonStyle>
		</Style>
	</gx:CascadingStyle>
	<gx:CascadingStyle kml:id="__managed_style_1D970C001440DE0E9B90_highlight">
		<Style>
			<IconStyle>
				<scale>1.2</scale>
				<Icon>
					<href>https://earth.google.com/earth/document/icon?color=303f9f&amp;id=2090&amp;scale=4</href>
				</Icon>
				<hotSpot x="64" y="128" xunits="pixels" yunits="insetPixels"/>
			</IconStyle>
			<LabelStyle>
				<scale>0</scale>
			</LabelStyle>
			<LineStyle>
				<color>ff2dc0fb</color>
				<width>4.8</width>
			</LineStyle>
			<PolyStyle>
				<color>40ffffff</color>
			</PolyStyle>
			<BalloonStyle>
				<gx:displayMode>card</gx:displayMode>
			</BalloonStyle>
		</Style>
	</gx:CascadingStyle>
	<gx:CascadingStyle kml:id="__managed_style_1E4A9FF1F240DE0E9B91_normal">
		<Style>
			<IconStyle>
				<Icon>
					<href>https://earth.google.com/earth/document/icon?color=1976d2&amp;id=2000&amp;scale=4</href>
				</Icon>
				<hotSpot x="64" y="128" xunits="pixels" yunits="insetPixels"/>
			</IconStyle>
			<LabelStyle>
				<scale>0</scale>
			</LabelStyle>
			<LineStyle>
				<color>ffa21f7b</color>
				<width>3.2</width>
			</LineStyle>
			<PolyStyle>
				<color>40ffffff</color>
			</PolyStyle>
			<BalloonStyle>
			</BalloonStyle>
		</Style>
	</gx:CascadingStyle>
	<gx:CascadingStyle kml:id="__managed_style_073DEF400240DE0E9B96_highlight">
		<Style>
			<IconStyle>
				<scale>1.2</scale>
				<Icon>
					<href>https://earth.google.com/earth/document/icon?color=560696&amp;id=2006&amp;scale=4</href>
				</Icon>
				<hotSpot x="64" y="128" xunits="pixels" yunits="insetPixels"/>
			</IconStyle>
			<LabelStyle>
				<scale>0</scale>
			</LabelStyle>
			<LineStyle>
				<color>ff2dc0fb</color>
				<width>4.8</width>
			</LineStyle>
			<PolyStyle>
				<color>40ffffff</color>
			</PolyStyle>
			<BalloonStyle>
				<gx:displayMode>card</gx:displayMode>
			</BalloonStyle>
		</Style>
	</gx:CascadingStyle>
	<gx:CascadingStyle kml:id="__managed_style_2389673E6240DE0E9B96_normal">
		<Style>
			<IconStyle>
				<Icon>
					<href>https://earth.google.com/earth/document/icon?color=388e3c&amp;id=2370&amp;scale=4</href>
				</Icon>
				<hotSpot x="64" y="128" xunits="pixels" yunits="insetPixels"/>
			</IconStyle>
			<LabelStyle>
				<scale>0</scale>
			</LabelStyle>
			<LineStyle>
				<color>ff2dc0fb</color>
				<width>3.2</width>
			</LineStyle>
			<PolyStyle>
				<color>40ffffff</color>
			</PolyStyle>
			<BalloonStyle>
			</BalloonStyle>
		</Style>
	</gx:CascadingStyle>
	<gx:CascadingStyle kml:id="__managed_style_1B0A0C453640DE0E9B96_highlight">
		<Style>
			<IconStyle>
				<scale>1.2</scale>
				<Icon>
					<href>https://earth.google.com/earth/document/icon?color=303f9f&amp;id=2074&amp;scale=4</href>
				</Icon>
				<hotSpot x="64" y="128" xunits="pixels" yunits="insetPixels"/>
			</IconStyle>
			<LabelStyle>
				<scale>0</scale>
			</LabelStyle>
			<LineStyle>
				<color>ff2dc0fb</color>
				<width>4.8</width>
			</LineStyle>
			<PolyStyle>
				<color>40ffffff</color>
			</PolyStyle>
			<BalloonStyle>
			</BalloonStyle>
		</Style>
	</gx:CascadingStyle>
	<gx:CascadingStyle kml:id="__managed_style_005DAA5B0940DE0E9B97_normal">
		<Style>
			<IconStyle>
				<Icon>
					<href>https://earth.google.com/earth/document/icon?color=4f096d&amp;id=2006&amp;scale=4</href>
				</Icon>
				<hotSpot x="64" y="128" xunits="pixels" yunits="insetPixels"/>
			</IconStyle>
			<LabelStyle>
				<scale>0</scale>
			</LabelStyle>
			<LineStyle>
				<color>ff2dc0fb</color>
				<width>3.2</width>
			</LineStyle>
			<PolyStyle>
				<color>40ffffff</color>
			</PolyStyle>
			<BalloonStyle>
			</BalloonStyle>
		</Style>
	</gx:CascadingStyle>
	<gx:CascadingStyle kml:id="__managed_style_09C79760CD40DE0E9B8E_normal">
		<Style>
			<IconStyle>
				<Icon>
					<href>https://earth.google.com/earth/document/icon?color=7b1fa2&amp;id=2006&amp;scale=4</href>
				</Icon>
				<hotSpot x="64" y="128" xunits="pixels" yunits="insetPixels"/>
			</IconStyle>
			<LabelStyle>
				<scale>0</scale>
			</LabelStyle>
			<LineStyle>
				<color>ff2dc0fb</color>
				<width>3.2</width>
			</LineStyle>
			<PolyStyle>
				<color>40ffffff</color>
			</PolyStyle>
			<BalloonStyle>
				<gx:displayMode>card</gx:displayMode>
			</BalloonStyle>
		</Style>
	</gx:CascadingStyle>
	<StyleMap id="__managed_style_01903091BB40DE0E9B94">
		<Pair>
			<key>normal</key>
			<styleUrl>#__managed_style_01903091BB40DE0E9B94_normal</styleUrl>
		</Pair>
		<Pair>
			<key>highlight</key>
			<styleUrl>#__managed_style_01903091BB40DE0E9B94_highlight</styleUrl>
		</Pair>
	</StyleMap>
	<gx:CascadingStyle kml:id="__managed_style_078D864D6F40DE0E9B8F_highlight">
		<Style>
			<IconStyle>
				<scale>1.2</scale>
				<Icon>
					<href>https://earth.google.com/earth/document/icon?color=7b1fa2&amp;id=2163&amp;scale=4</href>
				</Icon>
				<hotSpot x="64" y="128" xunits="pixels" yunits="insetPixels"/>
			</IconStyle>
			<LabelStyle>
				<scale>0</scale>
			</LabelStyle>
			<LineStyle>
				<color>ff2dc0fb</color>
				<width>4.8</width>
			</LineStyle>
			<PolyStyle>
				<color>40ffffff</color>
			</PolyStyle>
			<BalloonStyle>
				<gx:displayMode>card</gx:displayMode>
			</BalloonStyle>
		</Style>
	</gx:CascadingStyle>
	<StyleMap id="__managed_style_078D864D6F40DE0E9B8F">
		<Pair>
			<key>normal</key>
			<styleUrl>#__managed_style_078D864D6F40DE0E9B8F_normal</styleUrl>
		</Pair>
		<Pair>
			<key>highlight</key>
			<styleUrl>#__managed_style_078D864D6F40DE0E9B8F_highlight</styleUrl>
		</Pair>
	</StyleMap>
	<gx:CascadingStyle kml:id="__managed_style_1BC46C6F5D40DE0E9B9C_highlight">
		<Style>
			<IconStyle>
				<scale>1.2</scale>
				<Icon>
					<href>https://earth.google.com/earth/document/icon?color=1976d2&amp;id=2000&amp;scale=4</href>
				</Icon>
				<hotSpot x="64" y="128" xunits="pixels" yunits="insetPixels"/>
			</IconStyle>
			<LabelStyle>
				<scale>0</scale>
			</LabelStyle>
			<LineStyle>
				<color>ffa21f7b</color>
				<width>4.8</width>
			</LineStyle>
			<PolyStyle>
				<color>40a21f7b</color>
			</PolyStyle>
			<BalloonStyle>
			</BalloonStyle>
		</Style>
	</gx:CascadingStyle>
	<gx:CascadingStyle kml:id="__managed_style_0C146D054640DE0E9B8C_normal">
		<Style>
			<IconStyle>
				<Icon>
					<href>https://earth.google.com/earth/document/icon?color=fbc02d&amp;id=2005&amp;scale=4</href>
				</Icon>
				<hotSpot x="64" y="128" xunits="pixels" yunits="insetPixels"/>
			</IconStyle>
			<LabelStyle>
				<scale>0</scale>
			</LabelStyle>
			<LineStyle>
				<color>ff2dc0fb</color>
				<width>3.2</width>
			</LineStyle>
			<PolyStyle>
				<color>40ffffff</color>
			</PolyStyle>
			<BalloonStyle>
				<gx:displayMode>card</gx:displayMode>
			</BalloonStyle>
		</Style>
	</gx:CascadingStyle>
	<gx:CascadingStyle kml:id="__managed_style_1689C368BB40DE0E9B8C_highlight">
		<Style>
			<IconStyle>
				<scale>1.2</scale>
				<Icon>
					<href>https://earth.google.com/earth/document/icon?color=388e3c&amp;id=2370&amp;scale=4</href>
				</Icon>
				<hotSpot x="64" y="128" xunits="pixels" yunits="insetPixels"/>
			</IconStyle>
			<LabelStyle>
				<scale>0</scale>
			</LabelStyle>
			<LineStyle>
				<color>ff2dc0fb</color>
				<width>4.8</width>
			</LineStyle>
			<PolyStyle>
				<color>40ffffff</color>
			</PolyStyle>
			<BalloonStyle>
				<gx:displayMode>card</gx:displayMode>
			</BalloonStyle>
		</Style>
	</gx:CascadingStyle>
	<gx:CascadingStyle kml:id="__managed_style_35066AAFA540DE0E9B98_normal">
		<Style>
			<IconStyle>
				<Icon>
					<href>https://earth.google.com/earth/document/icon?color=7b1fa2&amp;id=2352&amp;scale=4</href>
				</Icon>
				<hotSpot x="64" y="128" xunits="pixels" yunits="insetPixels"/>
			</IconStyle>
			<LabelStyle>
				<scale>0</scale>
			</LabelStyle>
			<LineStyle>
				<color>ff2dc0fb</color>
				<width>3.2</width>
			</LineStyle>
			<PolyStyle>
				<color>40ffffff</color>
			</PolyStyle>
			<BalloonStyle>
				<gx:displayMode>card</gx:displayMode>
			</BalloonStyle>
		</Style>
	</gx:CascadingStyle>
	<gx:CascadingStyle kml:id="__managed_style_073DEF400240DE0E9B96_normal">
		<Style>
			<IconStyle>
				<Icon>
					<href>https://earth.google.com/earth/document/icon?color=560696&amp;id=2006&amp;scale=4</href>
				</Icon>
				<hotSpot x="64" y="128" xunits="pixels" yunits="insetPixels"/>
			</IconStyle>
			<LabelStyle>
				<scale>0</scale>
			</LabelStyle>
			<LineStyle>
				<color>ff2dc0fb</color>
				<width>3.2</width>
			</LineStyle>
			<PolyStyle>
				<color>40ffffff</color>
			</PolyStyle>
			<BalloonStyle>
				<gx:displayMode>card</gx:displayMode>
			</BalloonStyle>
		</Style>
	</gx:CascadingStyle>
	<gx:CascadingStyle kml:id="__managed_style_3EAD8AA57B40DE0E9B90_normal">
		<Style>
			<IconStyle>
				<Icon>
					<href>https://earth.google.com/earth/document/icon?color=1976d2&amp;id=2000&amp;scale=4</href>
				</Icon>
				<hotSpot x="64" y="128" xunits="pixels" yunits="insetPixels"/>
			</IconStyle>
			<LabelStyle>
				<scale>0</scale>
			</LabelStyle>
			<LineStyle>
				<color>ff2dc0fb</color>
				<width>3.2</width>
			</LineStyle>
			<PolyStyle>
				<color>40ffffff</color>
			</PolyStyle>
			<BalloonStyle>
			</BalloonStyle>
		</Style>
	</gx:CascadingStyle>
	<StyleMap id="__managed_style_2658D24B9040DE0E9B9C">
		<Pair>
			<key>normal</key>
			<styleUrl>#__managed_style_2658D24B9040DE0E9B9C_normal</styleUrl>
		</Pair>
		<Pair>
			<key>highlight</key>
			<styleUrl>#__managed_style_2658D24B9040DE0E9B9C_highlight</styleUrl>
		</Pair>
	</StyleMap>
	<StyleMap id="__managed_style_3C198504B140DE0E9B94">
		<Pair>
			<key>normal</key>
			<styleUrl>#__managed_style_3C198504B140DE0E9B94_normal</styleUrl>
		</Pair>
		<Pair>
			<key>highlight</key>
			<styleUrl>#__managed_style_3C198504B140DE0E9B94_highlight</styleUrl>
		</Pair>
	</StyleMap>
	<StyleMap id="__managed_style_09C79760CD40DE0E9B8E">
		<Pair>
			<key>normal</key>
			<styleUrl>#__managed_style_09C79760CD40DE0E9B8E_normal</styleUrl>
		</Pair>
		<Pair>
			<key>highlight</key>
			<styleUrl>#__managed_style_09C79760CD40DE0E9B8E_highlight</styleUrl>
		</Pair>
	</StyleMap>
	<gx:CascadingStyle kml:id="__managed_style_0E195CB97740DE0E9B91_normal">
		<Style>
			<IconStyle>
				<scale>1.5</scale>
				<Icon>
					<href>https://earth.google.com/earth/document/icon?color=7b1fa2&amp;id=2006&amp;scale=4</href>
				</Icon>
				<hotSpot x="64" y="128" xunits="pixels" yunits="insetPixels"/>
			</IconStyle>
			<LabelStyle>
				<scale>0</scale>
			</LabelStyle>
			<LineStyle>
				<color>ff2dc0fb</color>
				<width>3.2</width>
			</LineStyle>
			<PolyStyle>
				<color>40ffffff</color>
			</PolyStyle>
			<BalloonStyle>
				<gx:displayMode>card</gx:displayMode>
			</BalloonStyle>
		</Style>
	</gx:CascadingStyle>
	<StyleMap id="__managed_style_26AB9E41D140DE0E9B9B">
		<Pair>
			<key>normal</key>
			<styleUrl>#__managed_style_26AB9E41D140DE0E9B9B_normal</styleUrl>
		</Pair>
		<Pair>
			<key>highlight</key>
			<styleUrl>#__managed_style_26AB9E41D140DE0E9B9B_highlight</styleUrl>
		</Pair>
	</StyleMap>
	<gx:CascadingStyle kml:id="__managed_style_2658D24B9040DE0E9B9C_normal">
		<Style>
			<IconStyle>
				<Icon>
					<href>https://earth.google.com/earth/document/icon?color=7b1fa2&amp;id=2339&amp;scale=4</href>
				</Icon>
				<hotSpot x="64" y="128" xunits="pixels" yunits="insetPixels"/>
			</IconStyle>
			<LabelStyle>
				<scale>0</scale>
			</LabelStyle>
			<LineStyle>
				<color>ff2dc0fb</color>
				<width>3.2</width>
			</LineStyle>
			<PolyStyle>
				<color>40ffffff</color>
			</PolyStyle>
			<BalloonStyle>
				<gx:displayMode>card</gx:displayMode>
			</BalloonStyle>
		</Style>
	</gx:CascadingStyle>
	<StyleMap id="__managed_style_1949305F2340DE0E9B9B">
		<Pair>
			<key>normal</key>
			<styleUrl>#__managed_style_1949305F2340DE0E9B9B_normal</styleUrl>
		</Pair>
		<Pair>
			<key>highlight</key>
			<styleUrl>#__managed_style_1949305F2340DE0E9B9B_highlight</styleUrl>
		</Pair>
	</StyleMap>
	<gx:CascadingStyle kml:id="__managed_style_01903091BB40DE0E9B94_normal">
		<Style>
			<IconStyle>
				<Icon>
					<href>https://earth.google.com/earth/document/icon?color=1976d2&amp;id=2000&amp;scale=4</href>
				</Icon>
				<hotSpot x="64" y="128" xunits="pixels" yunits="insetPixels"/>
			</IconStyle>
			<LabelStyle>
			</LabelStyle>
			<LineStyle>
				<color>ff2dc0fb</color>
				<width>3.2</width>
			</LineStyle>
			<PolyStyle>
				<color>40ffffff</color>
			</PolyStyle>
			<BalloonStyle>
			</BalloonStyle>
		</Style>
	</gx:CascadingStyle>
	<gx:CascadingStyle kml:id="__managed_style_0D3323EABF40DE0E9B9B_normal">
		<Style>
			<IconStyle>
				<Icon>
					<href>https://earth.google.com/earth/document/icon?color=7b1fa2&amp;id=2364&amp;scale=4</href>
				</Icon>
				<hotSpot x="64" y="128" xunits="pixels" yunits="insetPixels"/>
			</IconStyle>
			<LabelStyle>
				<scale>0</scale>
			</LabelStyle>
			<LineStyle>
				<color>ff2dc0fb</color>
				<width>3.2</width>
			</LineStyle>
			<PolyStyle>
				<color>40ffffff</color>
			</PolyStyle>
			<BalloonStyle>
				<gx:displayMode>card</gx:displayMode>
			</BalloonStyle>
		</Style>
	</gx:CascadingStyle>
	<gx:CascadingStyle kml:id="__managed_style_221E0E5A0E40DE0E9B90_normal">
		<Style>
			<IconStyle>
				<Icon>
					<href>https://earth.google.com/earth/document/icon?color=1976d2&amp;id=2074&amp;scale=4</href>
				</Icon>
				<hotSpot x="64" y="128" xunits="pixels" yunits="insetPixels"/>
			</IconStyle>
			<LabelStyle>
				<scale>0</scale>
			</LabelStyle>
			<LineStyle>
				<color>ff2dc0fb</color>
				<width>3.2</width>
			</LineStyle>
			<PolyStyle>
				<color>40ffffff</color>
			</PolyStyle>
			<BalloonStyle>
				<gx:displayMode>card</gx:displayMode>
			</BalloonStyle>
		</Style>
	</gx:CascadingStyle>
	<gx:CascadingStyle kml:id="__managed_style_2D5FC89F8140DE0E9B98_normal">
		<Style>
			<IconStyle>
				<scale>1.5</scale>
				<Icon>
					<href>https://earth.google.com/earth/document/icon?color=7b1fa2&amp;id=2163&amp;scale=4</href>
				</Icon>
				<hotSpot x="64" y="128" xunits="pixels" yunits="insetPixels"/>
			</IconStyle>
			<LabelStyle>
				<scale>0</scale>
			</LabelStyle>
			<LineStyle>
				<color>ff2dc0fb</color>
				<width>3.2</width>
			</LineStyle>
			<PolyStyle>
				<color>40ffffff</color>
			</PolyStyle>
			<BalloonStyle>
				<gx:displayMode>card</gx:displayMode>
			</BalloonStyle>
		</Style>
	</gx:CascadingStyle>
	<gx:CascadingStyle kml:id="__managed_style_3C198504B140DE0E9B94_highlight">
		<Style>
			<IconStyle>
				<scale>1.2</scale>
				<Icon>
					<href>https://earth.google.com/earth/document/icon?color=7b1fa2&amp;id=2359&amp;scale=4</href>
				</Icon>
				<hotSpot x="64" y="128" xunits="pixels" yunits="insetPixels"/>
			</IconStyle>
			<LabelStyle>
				<scale>0</scale>
			</LabelStyle>
			<LineStyle>
				<color>ff2dc0fb</color>
				<width>4.8</width>
			</LineStyle>
			<PolyStyle>
				<color>40ffffff</color>
			</PolyStyle>
			<BalloonStyle>
				<gx:displayMode>card</gx:displayMode>
			</BalloonStyle>
		</Style>
	</gx:CascadingStyle>
	<gx:CascadingStyle kml:id="__managed_style_35066AAFA540DE0E9B98_highlight">
		<Style>
			<IconStyle>
				<scale>1.2</scale>
				<Icon>
					<href>https://earth.google.com/earth/document/icon?color=7b1fa2&amp;id=2352&amp;scale=4</href>
				</Icon>
				<hotSpot x="64" y="128" xunits="pixels" yunits="insetPixels"/>
			</IconStyle>
			<LabelStyle>
				<scale>0</scale>
			</LabelStyle>
			<LineStyle>
				<color>ff2dc0fb</color>
				<width>4.8</width>
			</LineStyle>
			<PolyStyle>
				<color>40ffffff</color>
			</PolyStyle>
			<BalloonStyle>
				<gx:displayMode>card</gx:displayMode>
			</BalloonStyle>
		</Style>
	</gx:CascadingStyle>
	<Folder id="0D6FE301C6321B9B3257">
		<name>כללי</name>
		<open>1</open>
		<styleUrl>#__managed_style_01903091BB40DE0E9B94</styleUrl>
		<Folder id="08554DB179391BCFD0AF">
			<name>אטרקציות כללי</name>
			<styleUrl>#__managed_style_01903091BB40DE0E9B94</styleUrl>
			<Placemark id="037758AED7362FFA9164">
				<name>Main St</name>
				<LookAt>
					<longitude>-0.1379643193506497</longitude>
					<latitude>51.51191741068757</latitude>
					<altitude>23.3175844901188</altitude>
					<heading>4.143816159116032</heading>
					<tilt>0</tilt>
					<gx:fovy>34.99999855653049</gx:fovy>
					<range>327.9565875681146</range>
					<altitudeMode>absolute</altitudeMode>
				</LookAt>
				<styleUrl>#__managed_style_1E4A9FF1F240DE0E9B91</styleUrl>
				<LineString>
					<coordinates>
						-0.1394063661445355,51.51418646882507,0 -0.1394950484387736,51.51380276646776,0 -0.1387749839173646,51.5131068545871,0 -0.137916176982158,51.51229326168674,0 
					</coordinates>
				</LineString>
			</Placemark>
			<Placemark id="0BD5F09F0638494E9414">
				<name>רכבל</name>
				<LookAt>
					<longitude>0.01557430719385966</longitude>
					<latitude>51.50538930825727</latitude>
					<altitude>4.858789878978715</altitude>
					<heading>340.6274576783255</heading>
					<tilt>0</tilt>
					<gx:fovy>35</gx:fovy>
					<range>937.8960209150684</range>
					<altitudeMode>absolute</altitudeMode>
				</LookAt>
				<styleUrl>#__managed_style_1E4A9FF1F240DE0E9B91</styleUrl>
				<LineString>
					<coordinates>
						0.008558046776261374,51.4998543121313,0 0.01005264331773059,51.50101727903098,0 0.01264524182303051,51.50358133453057,0 0.01531537832321517,51.50563159942948,0 0.01801310364470732,51.50769584750631,0 
					</coordinates>
				</LineString>
			</Placemark>
			<Placemark id="03132B6ED038494EF530">
				<name>IFS Cloud Cable Car</name>
				<gx:mid>/g/11ksppljtc</gx:mid>
				<gx:fid>0x47d8a96d1968cbcd:0x238ccfc9705e943d</gx:fid>
				<LookAt>
					<longitude>0.0082743</longitude>
					<latitude>51.49987249999999</latitude>
					<altitude>0</altitude>
					<heading>0</heading>
					<tilt>0</tilt>
					<gx:fovy>35</gx:fovy>
					<range>627.9506841383717</range>
					<altitudeMode>relativeToGround</altitudeMode>
				</LookAt>
				<styleUrl>#__managed_style_0D3323EABF40DE0E9B9B</styleUrl>
				<Point>
					<altitudeMode>relativeToGround</altitudeMode>
					<coordinates>0.0082743,51.4998725,0</coordinates>
				</Point>
			</Placemark>
			<Placemark id="031AF6C38138494F4B6B">
				<name>IFS Cloud Royal Docks</name>
				<gx:mid>/m/0ch5x9n</gx:mid>
				<gx:fid>0x47d8a80c3784788f:0x3ed1b8236589ff17</gx:fid>
				<LookAt>
					<longitude>0.0179906</longitude>
					<latitude>51.50771389999999</latitude>
					<altitude>0</altitude>
					<heading>0</heading>
					<tilt>0</tilt>
					<gx:fovy>35</gx:fovy>
					<range>627.8341928475998</range>
					<altitudeMode>relativeToGround</altitudeMode>
				</LookAt>
				<styleUrl>#__managed_style_0D3323EABF40DE0E9B9B</styleUrl>
				<Point>
					<altitudeMode>relativeToGround</altitudeMode>
					<coordinates>0.0179906,51.5077139,0</coordinates>
				</Point>
			</Placemark>
			<Placemark id="0B044D6A943849552184">
				<name>Oxford ST</name>
				<LookAt>
					<longitude>-0.1360012881849704</longitude>
					<latitude>51.51605037580237</latitude>
					<altitude>25.64120356449034</altitude>
					<heading>344.7885384693423</heading>
					<tilt>0</tilt>
					<gx:fovy>35</gx:fovy>
					<range>2818.119063480408</range>
					<altitudeMode>absolute</altitudeMode>
				</LookAt>
				<styleUrl>#__managed_style_1E4A9FF1F240DE0E9B91</styleUrl>
				<LineString>
					<coordinates>
						-0.1533344788334035,51.51388226717923,0 -0.1457320906985637,51.51479088423489,0 -0.1404175204509406,51.51549215398124,0 -0.1303105916534886,51.51648148105465,0 
					</coordinates>
				</LineString>
			</Placemark>
			<Placemark id="0FCE272A863849559B01">
				<name>Main ST</name>
				<LookAt>
					<longitude>-0.1385241595226505</longitude>
					<latitude>51.51025965808316</latitude>
					<altitude>47.07848506717321</altitude>
					<heading>344.7885364497533</heading>
					<tilt>0</tilt>
					<gx:fovy>35</gx:fovy>
					<range>1934.115225755086</range>
					<altitudeMode>absolute</altitudeMode>
				</LookAt>
				<styleUrl>#__managed_style_1E4A9FF1F240DE0E9B91</styleUrl>
				<LineString>
					<coordinates>
						-0.1428332816208655,51.51744295148058,0 -0.1419244407494247,51.51516504566544,0 -0.1415010114308468,51.51411917499377,0 -0.1402905879045069,51.51273685334825,0 -0.138543453099137,51.5107217330845,0 -0.1376715038929388,51.50998314938455,0 -0.1360518194687277,51.50986007078737,0 -0.1347208431828828,51.51006501785101,0 -0.1348174807006408,51.50970411555816,0 -0.1398708656659819,51.50808927576858,0 -0.1425812824907224,51.50685639341189,0 
					</coordinates>
				</LineString>
			</Placemark>
			<Placemark id="024588AB4E38495612B4">
				<name>London Zoo</name>
				<gx:mid>/m/0j53x</gx:mid>
				<gx:fid>0x48761ad73297f857:0xb1723f26e03c12a8</gx:fid>
				<LookAt>
					<longitude>-0.1534303</longitude>
					<latitude>51.5352875</latitude>
					<altitude>0</altitude>
					<heading>0</heading>
					<tilt>0</tilt>
					<gx:fovy>35</gx:fovy>
					<range>627.4244837967304</range>
					<altitudeMode>relativeToGround</altitudeMode>
				</LookAt>
				<styleUrl>#__managed_style_09C79760CD40DE0E9B8E</styleUrl>
				<Point>
					<altitudeMode>relativeToGround</altitudeMode>
					<coordinates>-0.1539646205598721,51.53500235572553,0</coordinates>
				</Point>
			</Placemark>
			<Placemark id="0934384FF83849584344">
				<name>Main St</name>
				<LookAt>
					<longitude>-0.1310694717351535</longitude>
					<latitude>51.51131166871063</latitude>
					<altitude>27.60486109154741</altitude>
					<heading>330.5910375620346</heading>
					<tilt>0</tilt>
					<gx:fovy>35</gx:fovy>
					<range>926.6142780715018</range>
					<altitudeMode>absolute</altitudeMode>
				</LookAt>
				<styleUrl>#__managed_style_1E4A9FF1F240DE0E9B91</styleUrl>
				<LineString>
					<coordinates>
						-0.1347503922497062,51.51002357776525,0 -0.1344554290268896,51.51012045268229,0 -0.1337496817480222,51.51091676523887,0 -0.132988595188287,51.51153264694736,0 
					</coordinates>
				</LineString>
			</Placemark>
			<Placemark id="00189204923849590DF0">
				<name>Main St</name>
				<LookAt>
					<longitude>-0.1300742444961334</longitude>
					<latitude>51.51055098433543</latitude>
					<altitude>19.38870367486431</altitude>
					<heading>330.5908824030486</heading>
					<tilt>0</tilt>
					<gx:fovy>35</gx:fovy>
					<range>465.0707225710357</range>
					<altitudeMode>absolute</altitudeMode>
				</LookAt>
				<styleUrl>#__managed_style_1E4A9FF1F240DE0E9B91</styleUrl>
				<LineString>
					<coordinates>
						-0.1343967845734162,51.51011873233671,0 -0.1339898525963412,51.5100663805063,0 -0.1333337543543556,51.51012326409111,0 -0.1314485441839741,51.51044223883692,0 -0.1318371186824618,51.5110140013953,0 -0.1314374033257781,51.51043189403352,0 -0.1308585406781526,51.51055469573635,0 -0.1293295196974142,51.51111748830589,0 -0.1285113830984164,51.51131839923698,0 -0.1293365665142143,51.51110177353046,0 -0.1304013876201737,51.51151105792682,0 -0.1298577704390635,51.51092209553618,0 -0.1297001988117374,51.51098821496132,0 -0.1295279112926062,51.51005930283148,0 -0.1284062023420218,51.5098617315812,0 -0.1295951509365989,51.51006895601592,0 -0.1309640718931293,51.50984608810169,0 -0.1301129145921587,51.50998311225594,0 -0.1299703309115963,51.50952296098255,0 -0.1301106416253339,51.50998057481257,0 -0.1304099406394665,51.50993499518354,0 -0.1313117499359751,51.51115170034815,0 
					</coordinates>
				</LineString>
			</Placemark>
			<Placemark id="0707AC49E93849599B28">
				<name>China Town</name>
				<LookAt>
					<longitude>-0.1312266814605811</longitude>
					<latitude>51.51143065691355</latitude>
					<altitude>48.97374158560213</altitude>
					<heading>330.5908745935952</heading>
					<tilt>0</tilt>
					<gx:fovy>35</gx:fovy>
					<range>762.3738224610861</range>
					<altitudeMode>absolute</altitudeMode>
				</LookAt>
				<styleUrl>#__managed_style_1BC46C6F5D40DE0E9B9C</styleUrl>
				<Polygon>
					<outerBoundaryIs>
						<LinearRing>
							<coordinates>
								-0.1324823810372899,51.51171415800004,0 -0.1318833735621083,51.51095362114916,0 -0.1303087747813658,51.51150923787556,0 -0.1293561776863805,51.51169798376726,0 -0.1284435965500019,51.51163039906593,0 -0.128492352617855,51.51205673736917,0 -0.1291391685101118,51.51314871748066,0 -0.1302430404689325,51.51258211606699,0 -0.131389310831741,51.5121747859339,0 -0.1324823810372899,51.51171415800004,0 
							</coordinates>
						</LinearRing>
					</outerBoundaryIs>
				</Polygon>
			</Placemark>
			<Placemark id="03E9725BD038495C3A18">
				<name>Main St</name>
				<LookAt>
					<longitude>-0.1329981962660498</longitude>
					<latitude>51.50789623651187</latitude>
					<altitude>11.75488169359</altitude>
					<heading>329.0966833306649</heading>
					<tilt>0</tilt>
					<gx:fovy>35</gx:fovy>
					<range>2065.215515407326</range>
					<altitudeMode>absolute</altitudeMode>
				</LookAt>
				<styleUrl>#__managed_style_1E4A9FF1F240DE0E9B91</styleUrl>
				<LineString>
					<coordinates>
						-0.1347620710254827,51.5097426454976,0 -0.1311937789824791,51.50582080742794,0 
					</coordinates>
				</LineString>
			</Placemark>
			<Placemark id="08D3953A2F38495C9914">
				<name>Palace of Westminster</name>
				<gx:mid>/m/060yf</gx:mid>
				<gx:fid>0x487604c40c8d9b99:0x7797a8ef74e1f7c</gx:fid>
				<LookAt>
					<longitude>-0.1248092</longitude>
					<latitude>51.4994794</latitude>
					<altitude>0</altitude>
					<heading>0</heading>
					<tilt>0</tilt>
					<gx:fovy>35</gx:fovy>
					<range>627.9565237472458</range>
					<altitudeMode>relativeToGround</altitudeMode>
				</LookAt>
				<styleUrl>#__managed_style_078D864D6F40DE0E9B8F</styleUrl>
				<Point>
					<altitudeMode>relativeToGround</altitudeMode>
					<coordinates>-0.1248092,51.4994794,0</coordinates>
				</Point>
			</Placemark>
			<Placemark id="0DC974849E384CC0CE93">
				<name>אזור מסעדות בין המבנים - מעולה</name>
				<LookAt>
					<longitude>-0.1389029783513063</longitude>
					<latitude>51.5125829223971</latitude>
					<altitude>36.03632095942407</altitude>
					<heading>139.1778200956416</heading>
					<tilt>0.06178227099602785</tilt>
					<gx:fovy>35</gx:fovy>
					<range>109.7867487209805</range>
					<altitudeMode>absolute</altitudeMode>
				</LookAt>
				<styleUrl>#__managed_style_06A0D8702840DE0E9B90</styleUrl>
				<Point>
					<coordinates>-0.1388140742850075,51.5126629247081,27.52548956946839</coordinates>
				</Point>
			</Placemark>
			<Placemark id="0A9C14FC8B384E198ADC">
				<name>Between the Bridges</name>
				<gx:mid>/g/11rfn33mx1</gx:mid>
				<gx:fid>0x4876059793a2c47d:0x32af8590349f4c5f</gx:fid>
				<LookAt>
					<longitude>-0.1183631</longitude>
					<latitude>51.5050063</latitude>
					<altitude>0</altitude>
					<heading>0</heading>
					<tilt>0</tilt>
					<gx:fovy>35</gx:fovy>
					<range>627.8744178688037</range>
					<altitudeMode>relativeToGround</altitudeMode>
				</LookAt>
				<styleUrl>#__managed_style_09C79760CD40DE0E9B8E</styleUrl>
				<Point>
					<altitudeMode>relativeToGround</altitudeMode>
					<coordinates>-0.1182054194828774,51.5048075106309,0</coordinates>
				</Point>
			</Placemark>
			<Placemark id="0BE8850FFD384E1A40DC">
				<name>Royal Festival Hall</name>
				<gx:mid>/m/022v5q</gx:mid>
				<gx:fid>0x487604b7e7756df1:0x7d8029b7b218a368</gx:fid>
				<LookAt>
					<longitude>-0.1166288</longitude>
					<latitude>51.50580619999999</latitude>
					<altitude>0</altitude>
					<heading>0</heading>
					<tilt>0</tilt>
					<gx:fovy>35</gx:fovy>
					<range>627.8625344051725</range>
					<altitudeMode>relativeToGround</altitudeMode>
				</LookAt>
				<styleUrl>#__managed_style_09C79760CD40DE0E9B8E</styleUrl>
				<Point>
					<altitudeMode>relativeToGround</altitudeMode>
					<coordinates>-0.1166288,51.50580619999999,0</coordinates>
				</Point>
			</Placemark>
			<Placemark id="09B7EAE079384E1BD126">
				<name>Gabriel&apos;s Wharf</name>
				<gx:mid>/g/11fxy1f2j7</gx:mid>
				<gx:fid>0x487604b13eb95555:0xa7d7ac31779a7bf6</gx:fid>
				<LookAt>
					<longitude>-0.1102514</longitude>
					<latitude>51.50802739999999</latitude>
					<altitude>0</altitude>
					<heading>0</heading>
					<tilt>0</tilt>
					<gx:fovy>35</gx:fovy>
					<range>627.8295353103244</range>
					<altitudeMode>relativeToGround</altitudeMode>
				</LookAt>
				<styleUrl>#__managed_style_073DEF400240DE0E9B96</styleUrl>
				<Point>
					<altitudeMode>relativeToGround</altitudeMode>
					<coordinates>-0.1101647007552953,51.50787671995601,0</coordinates>
				</Point>
			</Placemark>
			<Placemark id="0F438F0029384E1D2BE1">
				<name>BFI IMAX</name>
				<gx:mid>/m/04rqhd</gx:mid>
				<gx:fid>0x487604b77b9ef99b:0x6879c6c12e1b4b33</gx:fid>
				<LookAt>
					<longitude>-0.1136318</longitude>
					<latitude>51.50487889999999</latitude>
					<altitude>0</altitude>
					<heading>0</heading>
					<tilt>0</tilt>
					<gx:fovy>35</gx:fovy>
					<range>627.8763105375834</range>
					<altitudeMode>relativeToGround</altitudeMode>
				</LookAt>
				<styleUrl>#__managed_style_09C79760CD40DE0E9B8E</styleUrl>
				<Point>
					<altitudeMode>relativeToGround</altitudeMode>
					<coordinates>-0.1136318,51.50487889999999,0</coordinates>
				</Point>
			</Placemark>
			<Placemark id="0F0FDA316A384CBF134C">
				<name>Main St</name>
				<LookAt>
					<longitude>-0.1388195204524045</longitude>
					<latitude>51.51360390257795</latitude>
					<altitude>26.63444415235482</altitude>
					<heading>329.8007523465805</heading>
					<tilt>0</tilt>
					<gx:fovy>35</gx:fovy>
					<range>415.7730812575755</range>
					<altitudeMode>absolute</altitudeMode>
				</LookAt>
				<styleUrl>#__managed_style_1E4A9FF1F240DE0E9B91</styleUrl>
				<LineString>
					<coordinates>
						-0.1407078455928978,51.51375920923954,0 -0.1384398120883834,51.51198825674528,0 -0.1394719505671982,51.51280140563663,0 -0.1387797328488227,51.51311773704193,0 -0.138001231924737,51.51341800703114,0 -0.1383842215878206,51.51326622605866,0 -0.1389381907082365,51.51384861289355,0 -0.1383606230298029,51.51396206911851,0 -0.139009458441901,51.51383774054927,0 -0.1401770694161575,51.51333813591378,0 
					</coordinates>
				</LineString>
			</Placemark>
			<Placemark id="0A47234D59384E1FCEDF">
				<name>NCP London Soho Brewer Street</name>
				<gx:mid>/g/1tff72dz</gx:mid>
				<gx:fid>0x487604d380d73c3f:0xe3ef7fdb7f4607c2</gx:fid>
				<LookAt>
					<longitude>-0.1349719</longitude>
					<latitude>51.51215639999999</latitude>
					<altitude>0</altitude>
					<heading>0</heading>
					<tilt>0</tilt>
					<gx:fovy>35</gx:fovy>
					<range>627.7681910413351</range>
					<altitudeMode>relativeToGround</altitudeMode>
				</LookAt>
				<styleUrl>#__managed_style_09C79760CD40DE0E9B8E</styleUrl>
				<Point>
					<altitudeMode>relativeToGround</altitudeMode>
					<coordinates>-0.1351189033562061,51.51239671807816,0</coordinates>
				</Point>
			</Placemark>
			<Placemark id="0C120C85B5384E8C1F9C">
				<name>Liquid Leisure Wake Park</name>
				<gx:mid>/g/1th5z8yq</gx:mid>
				<gx:fid>0x4876707e9433b007:0x510f2e2876a4f4fd</gx:fid>
				<LookAt>
					<longitude>-0.5570587</longitude>
					<latitude>51.47379129999999</latitude>
					<altitude>0</altitude>
					<heading>0</heading>
					<tilt>0</tilt>
					<gx:fovy>35</gx:fovy>
					<range>628.3380742810559</range>
					<altitudeMode>relativeToGround</altitudeMode>
				</LookAt>
				<styleUrl>#__managed_style_09C79760CD40DE0E9B8E</styleUrl>
				<Point>
					<altitudeMode>relativeToGround</altitudeMode>
					<coordinates>-0.5569801,51.47385749999999,0</coordinates>
				</Point>
			</Placemark>
			<Placemark id="0A77B857B6384E8DDDF6">
				<name>Thorpe Park Resort</name>
				<gx:mid>/m/033l55</gx:mid>
				<gx:fid>0x48767778e8450561:0x72f8e255f2176e29</gx:fid>
				<LookAt>
					<longitude>-0.5123911999999999</longitude>
					<latitude>51.4051002</latitude>
					<altitude>0</altitude>
					<heading>0</heading>
					<tilt>0</tilt>
					<gx:fovy>35</gx:fovy>
					<range>629.3578408865633</range>
					<altitudeMode>relativeToGround</altitudeMode>
				</LookAt>
				<styleUrl>#__managed_style_09C79760CD40DE0E9B8E</styleUrl>
				<Point>
					<altitudeMode>relativeToGround</altitudeMode>
					<coordinates>-0.5139959184098741,51.40405231686028,0</coordinates>
				</Point>
			</Placemark>
			<Placemark id="0FAFCBB836391B979D6C">
				<name>London Stadium</name>
				<gx:mid>/m/06stlq</gx:mid>
				<gx:fid>0x48761d6975e8b559:0xe7fca44605b6ce94</gx:fid>
				<LookAt>
					<longitude>-0.0164597</longitude>
					<latitude>51.5386745</latitude>
					<altitude>0</altitude>
					<heading>0</heading>
					<tilt>0</tilt>
					<gx:fovy>35</gx:fovy>
					<range>627.3741489063741</range>
					<altitudeMode>relativeToGround</altitudeMode>
				</LookAt>
				<styleUrl>#__managed_style_0835F0D2EB40DE0E9B98</styleUrl>
				<Point>
					<altitudeMode>relativeToGround</altitudeMode>
					<coordinates>-0.0164597,51.5386745,0</coordinates>
				</Point>
			</Placemark>
			<Placemark id="0FAD52D1BB391B97F394">
				<name>ICC Auditorium</name>
				<gx:mid>/g/11b7hf9cm9</gx:mid>
				<gx:fid>0x487bb1ec10a842a1:0x67067eb517da8c1e</gx:fid>
				<LookAt>
					<longitude>0.0340907</longitude>
					<latitude>51.5075864</latitude>
					<altitude>0</altitude>
					<heading>0</heading>
					<tilt>0</tilt>
					<gx:fovy>35</gx:fovy>
					<range>627.8360870568559</range>
					<altitudeMode>relativeToGround</altitudeMode>
				</LookAt>
				<styleUrl>#__managed_style_09C79760CD40DE0E9B8E</styleUrl>
				<Point>
					<altitudeMode>relativeToGround</altitudeMode>
					<coordinates>0.03012085490238237,51.5079710609261,0</coordinates>
				</Point>
			</Placemark>
			<Placemark id="032795AF6F391B9863A8">
				<name>Cineworld The O2 Greenwich</name>
				<gx:mid>/g/12hlyx0qh</gx:mid>
				<gx:fid>0x47d8a81dcaaaaaab:0xb3ca4f4fde6ca073</gx:fid>
				<LookAt>
					<longitude>0.0044716</longitude>
					<latitude>51.5031924</latitude>
					<altitude>0</altitude>
					<heading>0</heading>
					<tilt>0</tilt>
					<gx:fovy>35</gx:fovy>
					<range>627.901365128821</range>
					<altitudeMode>relativeToGround</altitudeMode>
				</LookAt>
				<styleUrl>#__managed_style_0835F0D2EB40DE0E9B98</styleUrl>
				<Point>
					<altitudeMode>relativeToGround</altitudeMode>
					<coordinates>0.003448540571684422,51.50306020387781,0</coordinates>
				</Point>
			</Placemark>
			<Placemark id="0CA3BCA823391B990446">
				<name>Crossrail Place Roof Garden</name>
				<gx:mid>/g/11b809pcgj</gx:mid>
				<gx:fid>0x487602b0e66f3113:0x96d1ee3d829f0d2c</gx:fid>
				<LookAt>
					<longitude>-0.0174685</longitude>
					<latitude>51.506121</latitude>
					<altitude>0</altitude>
					<heading>0</heading>
					<tilt>0</tilt>
					<gx:fovy>35</gx:fovy>
					<range>627.8578576497567</range>
					<altitudeMode>relativeToGround</altitudeMode>
				</LookAt>
				<styleUrl>#__managed_style_09C79760CD40DE0E9B8E</styleUrl>
				<Point>
					<altitudeMode>relativeToGround</altitudeMode>
					<coordinates>-0.0174685,51.50612099999999,0</coordinates>
				</Point>
			</Placemark>
			<Placemark id="081FA82AE2391B997E8C">
				<name>Eden Dock</name>
				<gx:mid>/g/11wj4sg1n3</gx:mid>
				<gx:fid>0x4876030001fef2af:0xd45f1ff0112a9274</gx:fid>
				<LookAt>
					<longitude>-0.0200063</longitude>
					<latitude>51.5037286</latitude>
					<altitude>0</altitude>
					<heading>0</heading>
					<tilt>0</tilt>
					<gx:fovy>35</gx:fovy>
					<range>627.8933994074147</range>
					<altitudeMode>relativeToGround</altitudeMode>
				</LookAt>
				<styleUrl>#__managed_style_4F899DCAC940DE0E9B94</styleUrl>
				<Point>
					<altitudeMode>relativeToGround</altitudeMode>
					<coordinates>-0.0200063,51.5037286,0</coordinates>
				</Point>
			</Placemark>
			<Placemark id="07453B705B391B99DDDB">
				<name>Phantom Peak London</name>
				<gx:mid>/g/11t04b2bcv</gx:mid>
				<gx:fid>0x48760337913fabc5:0x5560eca173a4ff88</gx:fid>
				<LookAt>
					<longitude>-0.0455395</longitude>
					<latitude>51.4973711</latitude>
					<altitude>0</altitude>
					<heading>0</heading>
					<tilt>0</tilt>
					<gx:fovy>35</gx:fovy>
					<range>627.9878427057791</range>
					<altitudeMode>relativeToGround</altitudeMode>
				</LookAt>
				<styleUrl>#__managed_style_09C79760CD40DE0E9B8E</styleUrl>
				<Point>
					<altitudeMode>relativeToGround</altitudeMode>
					<coordinates>-0.0455395,51.4973711,0</coordinates>
				</Point>
			</Placemark>
			<Placemark id="0235D20D22391B9A7214">
				<name>Skylight Tobacco Dock</name>
				<gx:mid>/g/11g86nsxkx</gx:mid>
				<gx:fid>0x48760331935aeebb:0x80e93a23c836f6f3</gx:fid>
				<LookAt>
					<longitude>-0.060316</longitude>
					<latitude>51.508796</latitude>
					<altitude>0</altitude>
					<heading>0</heading>
					<tilt>0</tilt>
					<gx:fovy>35</gx:fovy>
					<range>627.8181164782096</range>
					<altitudeMode>relativeToGround</altitudeMode>
				</LookAt>
				<styleUrl>#__managed_style_09C79760CD40DE0E9B8E</styleUrl>
				<Point>
					<altitudeMode>relativeToGround</altitudeMode>
					<coordinates>-0.06031599999999999,51.508796,0</coordinates>
				</Point>
			</Placemark>
			<Placemark id="067CB1F647391B9AA8E7">
				<name>South Tower</name>
				<gx:mid>/g/11fkw9d4qg</gx:mid>
				<gx:fid>0x487603a7a0e342d3:0x389452a3a4fbe286</gx:fid>
				<LookAt>
					<longitude>-0.07556249999999999</longitude>
					<latitude>51.505256</latitude>
					<altitude>0</altitude>
					<heading>0</heading>
					<tilt>0</tilt>
					<gx:fovy>35</gx:fovy>
					<range>627.8707082899371</range>
					<altitudeMode>relativeToGround</altitudeMode>
				</LookAt>
				<styleUrl>#__managed_style_078D864D6F40DE0E9B8F</styleUrl>
				<Point>
					<altitudeMode>relativeToGround</altitudeMode>
					<coordinates>-0.07556249999999999,51.505256,0</coordinates>
				</Point>
			</Placemark>
			<Placemark id="07839EFCFB391B9B1350">
				<name>The Scoop</name>
				<gx:mid>/m/04cvr5b</gx:mid>
				<gx:fid>0x4876034f82be49af:0x4261a549f1e13457</gx:fid>
				<LookAt>
					<longitude>-0.07929310000000001</longitude>
					<latitude>51.5050494</latitude>
					<altitude>0</altitude>
					<heading>0</heading>
					<tilt>0</tilt>
					<gx:fovy>35</gx:fovy>
					<range>627.8737775697549</range>
					<altitudeMode>relativeToGround</altitudeMode>
				</LookAt>
				<styleUrl>#__managed_style_09C79760CD40DE0E9B8E</styleUrl>
				<Point>
					<altitudeMode>relativeToGround</altitudeMode>
					<coordinates>-0.07929309999999999,51.5050494,0</coordinates>
				</Point>
			</Placemark>
			<Placemark id="06A12B629E391B9B4654">
				<name>The Golden Hinde</name>
				<gx:mid>/m/023rdn</gx:mid>
				<gx:fid>0x4876035654d1377b:0x8e99031073f2f63e</gx:fid>
				<LookAt>
					<longitude>-0.09032479999999998</longitude>
					<latitude>51.5069501</latitude>
					<altitude>0</altitude>
					<heading>0</heading>
					<tilt>0</tilt>
					<gx:fovy>35</gx:fovy>
					<range>627.8455402366671</range>
					<altitudeMode>relativeToGround</altitudeMode>
				</LookAt>
				<styleUrl>#__managed_style_09C79760CD40DE0E9B8E</styleUrl>
				<Point>
					<altitudeMode>relativeToGround</altitudeMode>
					<coordinates>-0.09032480000000001,51.5069501,0</coordinates>
				</Point>
			</Placemark>
			<Placemark id="0A70672BD7391B9B6D50">
				<name>רחוב מסעדות</name>
				<LookAt>
					<longitude>-0.090603123394567</longitude>
					<latitude>51.50699459549491</latitude>
					<altitude>1.102746534220087</altitude>
					<heading>27.46767837676258</heading>
					<tilt>0</tilt>
					<gx:fovy>34.99999999999802</gx:fovy>
					<range>128.2254213492524</range>
					<altitudeMode>absolute</altitudeMode>
				</LookAt>
				<styleUrl>#__managed_style_06A0D8702840DE0E9B90</styleUrl>
				<Point>
					<coordinates>-0.09049283174894063,51.50691922025045,1.205328107693135</coordinates>
				</Point>
			</Placemark>
			<Placemark id="01C81D8F52391B9BDFA6">
				<name>טיילת</name>
				<LookAt>
					<longitude>-0.08041517037341461</longitude>
					<latitude>51.50549636051233</latitude>
					<altitude>0.3119818399358931</altitude>
					<heading>27.47279582184082</heading>
					<tilt>0</tilt>
					<gx:fovy>34.99999999999802</gx:fovy>
					<range>614.3524946202524</range>
					<altitudeMode>absolute</altitudeMode>
				</LookAt>
				<styleUrl>#__managed_style_1E4A9FF1F240DE0E9B91</styleUrl>
				<LineString>
					<coordinates>
						-0.08131285544574096,51.50592577289827,0 -0.07952217921296745,51.5054317075686,0 -0.07632177283943165,51.50440817500489,0 -0.07952179240212409,51.50543158203953,0 -0.07996351920869671,51.5050195134767,0 -0.07916047049607911,51.5047684271347,0 
					</coordinates>
				</LineString>
			</Placemark>
			<Placemark id="04C770A2C9391B9CBCCE">
				<name>אזור מסעדות </name>
				<LookAt>
					<longitude>-0.09287036488928369</longitude>
					<latitude>51.50742362458259</latitude>
					<altitude>9.969927441246643</altitude>
					<heading>20.23501479408883</heading>
					<tilt>0</tilt>
					<gx:fovy>35</gx:fovy>
					<range>135.7709235872244</range>
					<altitudeMode>absolute</altitudeMode>
				</LookAt>
				<styleUrl>#__managed_style_06A0D8702840DE0E9B90</styleUrl>
				<Point>
					<coordinates>-0.09276111095328554,51.50738023999229,9.877756521388951</coordinates>
				</Point>
			</Placemark>
			<Placemark id="0D7AFA210A391B9D5DA3">
				<name>אזור מסעדות</name>
				<LookAt>
					<longitude>-0.09062949864259262</longitude>
					<latitude>51.50653959599746</latitude>
					<altitude>2.67341598391502</altitude>
					<heading>20.23501170812098</heading>
					<tilt>0</tilt>
					<gx:fovy>35</gx:fovy>
					<range>98.27703101011139</range>
					<altitudeMode>absolute</altitudeMode>
				</LookAt>
				<styleUrl>#__managed_style_1E4A9FF1F240DE0E9B91</styleUrl>
				<LineString>
					<coordinates>
						-0.09311054749258973,51.50762075314198,0 -0.09306707483964227,51.50748226151835,0 -0.09271564320816661,51.50734135919051,0 -0.09268688643802148,51.50690720100376,0 -0.0927034002430549,51.50711785518286,0 -0.09208628224827931,51.5071049795038,0 -0.09174170969415973,51.50711575106108,0 -0.09136423453644849,51.50702892983228,0 -0.09048586000103165,51.50688105185112,0 -0.09035571842279766,51.50713693069164,0 -0.0904863613034812,51.50688396258531,0 -0.09050093386344993,51.50663941780622,0 -0.09040320477798569,51.50659721141307,0 
					</coordinates>
				</LineString>
			</Placemark>
			<Placemark id="03F3753F3D391B9DD5DC">
				<name>St. Paul&apos;s Cathedral</name>
				<gx:mid>/m/0pwzt</gx:mid>
				<gx:fid>0x487604aca207bc87:0x3a1d3501a9af5fde</gx:fid>
				<LookAt>
					<longitude>-0.0983506</longitude>
					<latitude>51.5138453</latitude>
					<altitude>0</altitude>
					<heading>0</heading>
					<tilt>0</tilt>
					<gx:fovy>35</gx:fovy>
					<range>627.7430983895422</range>
					<altitudeMode>relativeToGround</altitudeMode>
				</LookAt>
				<styleUrl>#__managed_style_078D864D6F40DE0E9B8F</styleUrl>
				<Point>
					<altitudeMode>relativeToGround</altitudeMode>
					<coordinates>-0.0983506,51.5138453,0</coordinates>
				</Point>
			</Placemark>
			<Placemark id="0CEE4424C8391B9E5073">
				<name>Lakeside Terrace</name>
				<gx:mid>/g/11fnrz96jr</gx:mid>
				<gx:fid>0x48761bf5cddfceb3:0x86ef5c3ae01d29ff</gx:fid>
				<LookAt>
					<longitude>-0.0941439</longitude>
					<latitude>51.5196371</latitude>
					<altitude>0</altitude>
					<heading>0</heading>
					<tilt>0</tilt>
					<gx:fovy>35</gx:fovy>
					<range>627.6570438964184</range>
					<altitudeMode>relativeToGround</altitudeMode>
				</LookAt>
				<styleUrl>#__managed_style_09C79760CD40DE0E9B8E</styleUrl>
				<Point>
					<altitudeMode>relativeToGround</altitudeMode>
					<coordinates>-0.09390066030725452,51.51937106602732,0</coordinates>
				</Point>
			</Placemark>
			<Placemark id="0CA998383E391B9ED354">
				<name>Sky Garden</name>
				<gx:mid>/g/1q4knz5th</gx:mid>
				<gx:fid>0x487603526c3ca281:0xd5156ccc2c6a9284</gx:fid>
				<LookAt>
					<longitude>-0.08354929999999999</longitude>
					<latitude>51.5112422</latitude>
					<altitude>0</altitude>
					<heading>0</heading>
					<tilt>0</tilt>
					<gx:fovy>35</gx:fovy>
					<range>627.7817734813613</range>
					<altitudeMode>relativeToGround</altitudeMode>
				</LookAt>
				<styleUrl>#__managed_style_09C79760CD40DE0E9B8E</styleUrl>
				<Point>
					<altitudeMode>relativeToGround</altitudeMode>
					<coordinates>-0.08354929999999999,51.5112422,0</coordinates>
				</Point>
			</Placemark>
			<Placemark id="04E706675C391B9EF31C">
				<name>Leadenhall Market</name>
				<gx:mid>/m/03wdyh</gx:mid>
				<gx:fid>0x487603528c761b51:0x2ab521a67e1111b3</gx:fid>
				<LookAt>
					<longitude>-0.0835289</longitude>
					<latitude>51.512766</latitude>
					<altitude>0</altitude>
					<heading>0</heading>
					<tilt>0</tilt>
					<gx:fovy>35</gx:fovy>
					<range>627.7591340265597</range>
					<altitudeMode>relativeToGround</altitudeMode>
				</LookAt>
				<styleUrl>#__managed_style_09C79760CD40DE0E9B8E</styleUrl>
				<Point>
					<altitudeMode>relativeToGround</altitudeMode>
					<coordinates>-0.0835289,51.51276599999999,0</coordinates>
				</Point>
			</Placemark>
			<Placemark id="032F5DA728391B9F274E">
				<name>Horizon 22</name>
				<gx:mid>/g/11vd3k_z2s</gx:mid>
				<gx:fid>0x487603b5fb8b1701:0x2a47575cd35c544f</gx:fid>
				<LookAt>
					<longitude>-0.08297109999999999</longitude>
					<latitude>51.5145301</latitude>
					<altitude>0</altitude>
					<heading>0</heading>
					<tilt>0</tilt>
					<gx:fovy>35</gx:fovy>
					<range>627.7329239173745</range>
					<altitudeMode>relativeToGround</altitudeMode>
				</LookAt>
				<styleUrl>#__managed_style_4F899DCAC940DE0E9B94</styleUrl>
				<Point>
					<altitudeMode>relativeToGround</altitudeMode>
					<coordinates>-0.08297109999999999,51.51453009999999,0</coordinates>
				</Point>
			</Placemark>
			<Placemark id="0BEA76F5B5391B9F5256">
				<name>The Lookout</name>
				<gx:mid>/g/11v0nst5fg</gx:mid>
				<gx:fid>0x48760358484cb53b:0x3e059476a8fd8a9b</gx:fid>
				<LookAt>
					<longitude>-0.0832058</longitude>
					<latitude>51.514013</latitude>
					<altitude>0</altitude>
					<heading>0</heading>
					<tilt>0</tilt>
					<gx:fovy>35</gx:fovy>
					<range>627.7406067799263</range>
					<altitudeMode>relativeToGround</altitudeMode>
				</LookAt>
				<styleUrl>#__managed_style_4F899DCAC940DE0E9B94</styleUrl>
				<Point>
					<altitudeMode>relativeToGround</altitudeMode>
					<coordinates>-0.0832058,51.514013,0</coordinates>
				</Point>
			</Placemark>
			<Placemark id="0C6250C46E391BA11191">
				<name>Emirates Stadium</name>
				<gx:mid>/m/035zmm</gx:mid>
				<gx:fid>0x48761b7645295e3b:0x3600713c8382cf90</gx:fid>
				<LookAt>
					<longitude>-0.1083998</longitude>
					<latitude>51.5550821</latitude>
					<altitude>0</altitude>
					<heading>0</heading>
					<tilt>0</tilt>
					<gx:fovy>35</gx:fovy>
					<range>627.1302864819278</range>
					<altitudeMode>relativeToGround</altitudeMode>
				</LookAt>
				<styleUrl>#__managed_style_0835F0D2EB40DE0E9B98</styleUrl>
				<Point>
					<altitudeMode>relativeToGround</altitudeMode>
					<coordinates>-0.1083998,51.55508209999999,0</coordinates>
				</Point>
			</Placemark>
			<Placemark id="0882B8D7CA391BA207CF">
				<name>The Post Building Roof Garden</name>
				<gx:mid>/g/11tfsyw389</gx:mid>
				<gx:fid>0x48761bd2ec8b271f:0x41617c633058e991</gx:fid>
				<LookAt>
					<longitude>-0.1240783</longitude>
					<latitude>51.5171535</latitude>
					<altitude>0</altitude>
					<heading>0</heading>
					<tilt>0</tilt>
					<gx:fovy>35</gx:fovy>
					<range>627.6939458472859</range>
					<altitudeMode>relativeToGround</altitudeMode>
				</LookAt>
				<styleUrl>#__managed_style_4F899DCAC940DE0E9B94</styleUrl>
				<Point>
					<altitudeMode>relativeToGround</altitudeMode>
					<coordinates>-0.1243447082171734,51.51694364307778,0</coordinates>
				</Point>
			</Placemark>
			<Placemark id="00DA552AB8391BA29BDF">
				<name>Monopoly Lifesized</name>
				<gx:mid>/g/11rc74s7h4</gx:mid>
				<gx:fid>0x48761b7da8fb5099:0xc3cb77e6a7dfdb73</gx:fid>
				<LookAt>
					<longitude>-0.1334032</longitude>
					<latitude>51.52006790000001</latitude>
					<altitude>0</altitude>
					<heading>0</heading>
					<tilt>0</tilt>
					<gx:fovy>35</gx:fovy>
					<range>627.6506428623954</range>
					<altitudeMode>relativeToGround</altitudeMode>
				</LookAt>
				<styleUrl>#__managed_style_09C79760CD40DE0E9B8E</styleUrl>
				<Point>
					<altitudeMode>relativeToGround</altitudeMode>
					<coordinates>-0.1335453,51.5200241,0</coordinates>
				</Point>
			</Placemark>
			<Placemark id="0882A56C9F391BA331DC">
				<name>Outernet London</name>
				<gx:mid>/g/11hg4hjkg2</gx:mid>
				<gx:fid>0x48761ba9f01c88a5:0x2affd7865896a096</gx:fid>
				<LookAt>
					<longitude>-0.1299262</longitude>
					<latitude>51.51561270000001</latitude>
					<altitude>0</altitude>
					<heading>0</heading>
					<tilt>0</tilt>
					<gx:fovy>35</gx:fovy>
					<range>627.7168389470813</range>
					<altitudeMode>relativeToGround</altitudeMode>
				</LookAt>
				<styleUrl>#__managed_style_09C79760CD40DE0E9B8E</styleUrl>
				<Point>
					<altitudeMode>relativeToGround</altitudeMode>
					<coordinates>-0.1299505,51.5156089,0</coordinates>
				</Point>
			</Placemark>
			<Placemark id="012F84C5AA391BA46AE4">
				<name>Grosvenor Square</name>
				<gx:mid>/m/04qx1n</gx:mid>
				<gx:fid>0x4876052d96e1f5fb:0xf098c2bedacc86c1</gx:fid>
				<LookAt>
					<longitude>-0.1513882</longitude>
					<latitude>51.5115253</latitude>
					<altitude>0</altitude>
					<heading>0</heading>
					<tilt>0</tilt>
					<gx:fovy>35</gx:fovy>
					<range>627.7775674260183</range>
					<altitudeMode>relativeToGround</altitudeMode>
				</LookAt>
				<styleUrl>#__managed_style_09C79760CD40DE0E9B8E</styleUrl>
				<Point>
					<altitudeMode>relativeToGround</altitudeMode>
					<coordinates>-0.1513882,51.5115253,0</coordinates>
				</Point>
			</Placemark>
			<Placemark id="0FAFEBA260391BA537AC">
				<name>Kensington Palace</name>
				<gx:mid>/m/022smk</gx:mid>
				<gx:fid>0x48760dcae7950fef:0x89e65c2abc2c3f87</gx:fid>
				<LookAt>
					<longitude>-0.187681</longitude>
					<latitude>51.5049757</latitude>
					<altitude>0</altitude>
					<heading>0</heading>
					<tilt>0</tilt>
					<gx:fovy>35</gx:fovy>
					<range>627.8748724660931</range>
					<altitudeMode>relativeToGround</altitudeMode>
				</LookAt>
				<styleUrl>#__managed_style_078D864D6F40DE0E9B8F</styleUrl>
				<Point>
					<altitudeMode>relativeToGround</altitudeMode>
					<coordinates>-0.187681,51.5049757,0</coordinates>
				</Point>
			</Placemark>
			<Placemark id="0E2468BEAA391BA72ED8">
				<name>Portobello Road Market</name>
				<gx:mid>/g/11b5pjhx51</gx:mid>
				<gx:fid>0x4876116eda01561b:0x6634343ef46febb1</gx:fid>
				<LookAt>
					<longitude>-0.205847</longitude>
					<latitude>51.5170002</latitude>
					<altitude>0</altitude>
					<heading>0</heading>
					<tilt>0</tilt>
					<gx:fovy>35</gx:fovy>
					<range>627.6962235849751</range>
					<altitudeMode>relativeToGround</altitudeMode>
				</LookAt>
				<styleUrl>#__managed_style_1949305F2340DE0E9B9B</styleUrl>
				<Point>
					<altitudeMode>relativeToGround</altitudeMode>
					<coordinates>-0.205847,51.5170002,0</coordinates>
				</Point>
			</Placemark>
			<Placemark id="0473AD9386391BA7DD81">
				<name>Shri Sanatan Hindu Mandir</name>
				<gx:mid>/g/1tfg74cn</gx:mid>
				<gx:fid>0x4876123baad46731:0xf8640a3aea0c7a77</gx:fid>
				<LookAt>
					<longitude>-0.2980906999999999</longitude>
					<latitude>51.54346269999999</latitude>
					<altitude>0</altitude>
					<heading>0</heading>
					<tilt>0</tilt>
					<gx:fovy>35</gx:fovy>
					<range>627.3029873936231</range>
					<altitudeMode>relativeToGround</altitudeMode>
				</LookAt>
				<styleUrl>#__managed_style_078D864D6F40DE0E9B8F</styleUrl>
				<Point>
					<altitudeMode>relativeToGround</altitudeMode>
					<coordinates>-0.2981563,51.54330959999999,0</coordinates>
				</Point>
			</Placemark>
			<Placemark id="0B57F15DF4391BA89B93">
				<name>Bubble Planet London</name>
				<gx:mid>/g/11xf6pb49s</gx:mid>
				<gx:fid>0x487611000ff8ba3f:0xa076064125ee0b8e</gx:fid>
				<LookAt>
					<longitude>-0.2749984</longitude>
					<latitude>51.5596831</latitude>
					<altitude>0</altitude>
					<heading>0</heading>
					<tilt>0</tilt>
					<gx:fovy>35</gx:fovy>
					<range>627.0618951989358</range>
					<altitudeMode>relativeToGround</altitudeMode>
				</LookAt>
				<styleUrl>#__managed_style_09C79760CD40DE0E9B8E</styleUrl>
				<Point>
					<altitudeMode>relativeToGround</altitudeMode>
					<coordinates>-0.2749984,51.5596831,0</coordinates>
				</Point>
			</Placemark>
			<Placemark id="03A6F5FB6F391BA8CF68">
				<name>The Venue</name>
				<gx:mid>/g/119ww__1h</gx:mid>
				<gx:fid>0x487611802009bebb:0x87e7a828a869dc4c</gx:fid>
				<LookAt>
					<longitude>-0.2811781</longitude>
					<latitude>51.5567578</latitude>
					<altitude>0</altitude>
					<heading>0</heading>
					<tilt>0</tilt>
					<gx:fovy>35</gx:fovy>
					<range>627.1053785305317</range>
					<altitudeMode>relativeToGround</altitudeMode>
				</LookAt>
				<styleUrl>#__managed_style_0835F0D2EB40DE0E9B98</styleUrl>
				<Point>
					<altitudeMode>relativeToGround</altitudeMode>
					<coordinates>-0.2793944896000256,51.55596087220228,0</coordinates>
				</Point>
			</Placemark>
			<Placemark id="02A7919F6C391BA9423E">
				<name>Heathrow Airport</name>
				<gx:mid>/m/03jn4</gx:mid>
				<gx:fid>0x48767234cdc56de9:0x8fe7535543f64167</gx:fid>
				<LookAt>
					<longitude>-0.4660432499999999</longitude>
					<latitude>51.471023</latitude>
					<altitude>0</altitude>
					<heading>0</heading>
					<tilt>0</tilt>
					<gx:fovy>35</gx:fovy>
					<range>7240.402735572848</range>
					<altitudeMode>relativeToGround</altitudeMode>
				</LookAt>
				<styleUrl>#__managed_style_1EA2B701DF40DE0E9BA0</styleUrl>
				<Point>
					<altitudeMode>relativeToGround</altitudeMode>
					<coordinates>-0.455051,51.4679914,0</coordinates>
				</Point>
			</Placemark>
			<Placemark id="020DE42085391BA9AC1F">
				<name>Windsor Castle</name>
				<gx:mid>/m/0chgsm</gx:mid>
				<gx:fid>0x4876113b36b5e89b:0xce2f4846c5f7e1e5</gx:fid>
				<LookAt>
					<longitude>-0.6044026999999998</longitude>
					<latitude>51.48389399999999</latitude>
					<altitude>0</altitude>
					<heading>0</heading>
					<tilt>0</tilt>
					<gx:fovy>35</gx:fovy>
					<range>628.1880293618212</range>
					<altitudeMode>relativeToGround</altitudeMode>
				</LookAt>
				<styleUrl>#__managed_style_14F0F6BFCD40DE0E9B99</styleUrl>
				<Point>
					<altitudeMode>relativeToGround</altitudeMode>
					<coordinates>-0.6044027,51.48389399999999,0</coordinates>
				</Point>
			</Placemark>
			<Placemark id="0A6F85B302391BAA0C89">
				<name>Frogmore House and Gardens</name>
				<gx:mid>/m/022sp4</gx:mid>
				<gx:fid>0x48767af6850bbffd:0xcc26cb4698a2434d</gx:fid>
				<LookAt>
					<longitude>-0.5943684</longitude>
					<latitude>51.4742977</latitude>
					<altitude>0</altitude>
					<heading>0</heading>
					<tilt>0</tilt>
					<gx:fovy>35</gx:fovy>
					<range>628.3305536339903</range>
					<altitudeMode>relativeToGround</altitudeMode>
				</LookAt>
				<styleUrl>#__managed_style_09C79760CD40DE0E9B8E</styleUrl>
				<Point>
					<altitudeMode>relativeToGround</altitudeMode>
					<coordinates>-0.5964931177566357,51.47389866800664,0</coordinates>
				</Point>
			</Placemark>
			<Placemark id="08DAE9BB96391BAA3DE4">
				<name>LEGOLAND® Windsor Resort</name>
				<gx:mid>/m/05p8n5</gx:mid>
				<gx:fid>0x48767b9ee7e8d33f:0x821725df6cb417bf</gx:fid>
				<LookAt>
					<longitude>-0.6500275000000001</longitude>
					<latitude>51.4638338</latitude>
					<altitude>0</altitude>
					<heading>0</heading>
					<tilt>0</tilt>
					<gx:fovy>35</gx:fovy>
					<range>628.4859468009811</range>
					<altitudeMode>relativeToGround</altitudeMode>
				</LookAt>
				<styleUrl>#__managed_style_09C79760CD40DE0E9B8E</styleUrl>
				<Point>
					<altitudeMode>relativeToGround</altitudeMode>
					<coordinates>-0.6500275,51.4638338,0</coordinates>
				</Point>
			</Placemark>
			<Placemark id="0B880162A6391BAAC918">
				<name>Chessington World of Adventures Resort</name>
				<gx:mid>/m/04mmgh</gx:mid>
				<gx:fid>0x48760a79b30bdf09:0xd4b0f2618c8e5071</gx:fid>
				<LookAt>
					<longitude>-0.3190086</longitude>
					<latitude>51.3485016</latitude>
					<altitude>0</altitude>
					<heading>0</heading>
					<tilt>0</tilt>
					<gx:fovy>35</gx:fovy>
					<range>630.197520266427</range>
					<altitudeMode>relativeToGround</altitudeMode>
				</LookAt>
				<styleUrl>#__managed_style_09C79760CD40DE0E9B8E</styleUrl>
				<Point>
					<altitudeMode>relativeToGround</altitudeMode>
					<coordinates>-0.3190086,51.3485016,0</coordinates>
				</Point>
			</Placemark>
			<Placemark id="0F3BA900F8391BAB0C66">
				<name>Hampton Court Palace</name>
				<gx:mid>/m/0dx9r</gx:mid>
				<gx:fid>0x48760b0e0e308247:0xe51344c894b5a35</gx:fid>
				<LookAt>
					<longitude>-0.3377623</longitude>
					<latitude>51.4036128</latitude>
					<altitude>0</altitude>
					<heading>0</heading>
					<tilt>0</tilt>
					<gx:fovy>35</gx:fovy>
					<range>629.3799140405047</range>
					<altitudeMode>relativeToGround</altitudeMode>
				</LookAt>
				<styleUrl>#__managed_style_078D864D6F40DE0E9B8F</styleUrl>
				<Point>
					<altitudeMode>relativeToGround</altitudeMode>
					<coordinates>-0.3377623,51.4036128,0</coordinates>
				</Point>
			</Placemark>
			<Placemark id="031D570151391BABE714">
				<name>No.1 Court | Wimbledon</name>
				<gx:mid>/m/02vq1hf</gx:mid>
				<gx:fid>0x48760f343ae9ce8d:0xc61ee7b2c31484b6</gx:fid>
				<LookAt>
					<longitude>-0.2147903</longitude>
					<latitude>51.43532190000001</latitude>
					<altitude>0</altitude>
					<heading>0</heading>
					<tilt>0</tilt>
					<gx:fovy>35</gx:fovy>
					<range>628.9092716180659</range>
					<altitudeMode>relativeToGround</altitudeMode>
				</LookAt>
				<styleUrl>#__managed_style_0835F0D2EB40DE0E9B98</styleUrl>
				<Point>
					<altitudeMode>relativeToGround</altitudeMode>
					<coordinates>-0.2147903,51.4353219,0</coordinates>
				</Point>
			</Placemark>
			<Placemark id="00264E519C391BAC93E1">
				<name>Wimbledon Windmill Museum</name>
				<gx:mid>/m/08sjqk</gx:mid>
				<gx:fid>0x48760f2909a5e30f:0x37d6b6df604024bd</gx:fid>
				<LookAt>
					<longitude>-0.2315987</longitude>
					<latitude>51.4376647</latitude>
					<altitude>0</altitude>
					<heading>0</heading>
					<tilt>0</tilt>
					<gx:fovy>35</gx:fovy>
					<range>628.8744922407791</range>
					<altitudeMode>relativeToGround</altitudeMode>
				</LookAt>
				<styleUrl>#__managed_style_2AABF2DAA440DE0E9B93</styleUrl>
				<Point>
					<altitudeMode>relativeToGround</altitudeMode>
					<coordinates>-0.2315617,51.4376918,0</coordinates>
				</Point>
			</Placemark>
			<Placemark id="0C168A987E391BACFE68">
				<name>Allianz Stadium</name>
				<gx:mid>/m/03kc10</gx:mid>
				<gx:fid>0x48760cedef6feaf3:0xa90e68c86cf99ca4</gx:fid>
				<LookAt>
					<longitude>-0.3415051</longitude>
					<latitude>51.4559558</latitude>
					<altitude>0</altitude>
					<heading>0</heading>
					<tilt>0</tilt>
					<gx:fovy>35</gx:fovy>
					<range>628.602926800006</range>
					<altitudeMode>relativeToGround</altitudeMode>
				</LookAt>
				<styleUrl>#__managed_style_0835F0D2EB40DE0E9B98</styleUrl>
				<Point>
					<altitudeMode>relativeToGround</altitudeMode>
					<coordinates>-0.3415051,51.4559558,0</coordinates>
				</Point>
			</Placemark>
			<Placemark id="0E4CE6533F391BAD3ABF">
				<name>Treetop Walkway</name>
				<gx:mid>/m/0bnlz5f</gx:mid>
				<gx:fid>0x48760dcc52571389:0xd5c545234259f4c6</gx:fid>
				<LookAt>
					<longitude>-0.2977159</longitude>
					<latitude>51.4756174</latitude>
					<altitude>0</altitude>
					<heading>0</heading>
					<tilt>0</tilt>
					<gx:fovy>35</gx:fovy>
					<range>628.3109543151977</range>
					<altitudeMode>relativeToGround</altitudeMode>
				</LookAt>
				<styleUrl>#__managed_style_4F899DCAC940DE0E9B94</styleUrl>
				<Point>
					<altitudeMode>relativeToGround</altitudeMode>
					<coordinates>-0.2977159,51.4756174,0</coordinates>
				</Point>
			</Placemark>
			<Placemark id="07DABC1437391BAE0BF3">
				<name>Princess of Wales Conservatory</name>
				<gx:mid>/m/0bnlz4z</gx:mid>
				<gx:fid>0x48760dd0f4155555:0x9808785b7d8d2251</gx:fid>
				<LookAt>
					<longitude>-0.290572</longitude>
					<latitude>51.4815578</latitude>
					<altitude>0</altitude>
					<heading>0</heading>
					<tilt>0</tilt>
					<gx:fovy>35</gx:fovy>
					<range>628.2227279594857</range>
					<altitudeMode>relativeToGround</altitudeMode>
				</LookAt>
				<styleUrl>#__managed_style_09C79760CD40DE0E9B8E</styleUrl>
				<Point>
					<altitudeMode>relativeToGround</altitudeMode>
					<coordinates>-0.290572,51.4815578,0</coordinates>
				</Point>
			</Placemark>
			<Placemark id="09AC40E41C391BAF6769">
				<name>Queen&apos;s House</name>
				<gx:mid>/m/01xzg6</gx:mid>
				<gx:fid>0x486b1647af26fcb3:0x74795114112a9166</gx:fid>
				<LookAt>
					<longitude>-0.003701299999999999</longitude>
					<latitude>51.4811073</latitude>
					<altitude>0</altitude>
					<heading>0</heading>
					<tilt>0</tilt>
					<gx:fovy>35</gx:fovy>
					<range>628.2294189469668</range>
					<altitudeMode>relativeToGround</altitudeMode>
				</LookAt>
				<styleUrl>#__managed_style_078D864D6F40DE0E9B8F</styleUrl>
				<Point>
					<altitudeMode>relativeToGround</altitudeMode>
					<coordinates>-0.0037013,51.4811073,0</coordinates>
				</Point>
			</Placemark>
			<Placemark id="07485358D4391BAF87A4">
				<name>Cutty Sark</name>
				<gx:mid>/m/017__v</gx:mid>
				<gx:fid>0x4876028530615901:0xae4ec8561d209108</gx:fid>
				<LookAt>
					<longitude>-0.009591699999999998</longitude>
					<latitude>51.4828646</latitude>
					<altitude>0</altitude>
					<heading>0</heading>
					<tilt>0</tilt>
					<gx:fovy>35</gx:fovy>
					<range>628.2033187147939</range>
					<altitudeMode>relativeToGround</altitudeMode>
				</LookAt>
				<styleUrl>#__managed_style_09C79760CD40DE0E9B8E</styleUrl>
				<Point>
					<altitudeMode>relativeToGround</altitudeMode>
					<coordinates>-0.0095917,51.48286460000001,0</coordinates>
				</Point>
			</Placemark>
			<Placemark id="07A222909D391BAFD249">
				<name>Royal Observatory Greenwich</name>
				<gx:mid>/m/0c005</gx:mid>
				<gx:fid>0x47d8a82a8ca9dca7:0x31abb25f451c8402</gx:fid>
				<LookAt>
					<longitude>-0.0005001999999999999</longitude>
					<latitude>51.476853</latitude>
					<altitude>0</altitude>
					<heading>0</heading>
					<tilt>0</tilt>
					<gx:fovy>35</gx:fovy>
					<range>628.2926037432269</range>
					<altitudeMode>relativeToGround</altitudeMode>
				</LookAt>
				<styleUrl>#__managed_style_09C79760CD40DE0E9B8E</styleUrl>
				<Point>
					<altitudeMode>relativeToGround</altitudeMode>
					<coordinates>-0.0005002,51.47685299999999,0</coordinates>
				</Point>
			</Placemark>
			<Placemark id="0CEE86EAB9391BB04AF8">
				<name>שכונה עם אדריכלות מעניינת</name>
				<LookAt>
					<longitude>0.003870791012197117</longitude>
					<latitude>51.51276473288917</latitude>
					<altitude>1.705086772926283</altitude>
					<heading>1.058937136198161</heading>
					<tilt>0</tilt>
					<gx:fovy>35</gx:fovy>
					<range>1116.997675103776</range>
					<altitudeMode>absolute</altitudeMode>
				</LookAt>
				<styleUrl>#__managed_style_22477D9F5840DE0E9BA0</styleUrl>
				<Point>
					<coordinates>0.006398916017518186,51.51323316444667,6.805863231053655</coordinates>
				</Point>
			</Placemark>
			<Placemark id="0CC4F8732C391BB16001">
				<name>The Royal Mews, Buckingham Palace</name>
				<gx:mid>/m/022qcm</gx:mid>
				<gx:fid>0x487605277115cf53:0x83b8560c1c4f72de</gx:fid>
				<LookAt>
					<longitude>-0.143629</longitude>
					<latitude>51.4987317</latitude>
					<altitude>0</altitude>
					<heading>0</heading>
					<tilt>0</tilt>
					<gx:fovy>35</gx:fovy>
					<range>627.9676309690786</range>
					<altitudeMode>relativeToGround</altitudeMode>
				</LookAt>
				<styleUrl>#__managed_style_2AABF2DAA440DE0E9B93</styleUrl>
				<Point>
					<altitudeMode>relativeToGround</altitudeMode>
					<coordinates>-0.143629,51.4987317,0</coordinates>
				</Point>
			</Placemark>
			<Placemark id="0A316B53A9391BB182C7">
				<name>The Guards Museum</name>
				<gx:mid>/m/08bn28</gx:mid>
				<gx:fid>0x487604d9265c0595:0x6ee0a37c3a29c99e</gx:fid>
				<LookAt>
					<longitude>-0.1361609</longitude>
					<latitude>51.5001244</latitude>
					<altitude>0</altitude>
					<heading>0</heading>
					<tilt>0</tilt>
					<gx:fovy>35</gx:fovy>
					<range>627.94694208151</range>
					<altitudeMode>relativeToGround</altitudeMode>
				</LookAt>
				<styleUrl>#__managed_style_2AABF2DAA440DE0E9B93</styleUrl>
				<Point>
					<altitudeMode>relativeToGround</altitudeMode>
					<coordinates>-0.1361609,51.5001244,0</coordinates>
				</Point>
			</Placemark>
			<Placemark id="04E3F8CD43391BB21DD0">
				<name>Diana Princess of Wales Memorial Walk</name>
				<gx:mid>/m/03hj1ry</gx:mid>
				<gx:fid>0x487604d9e8ca1bbf:0x83fb630b68261673</gx:fid>
				<LookAt>
					<longitude>-0.1359578</longitude>
					<latitude>51.5035645</latitude>
					<altitude>0</altitude>
					<heading>0</heading>
					<tilt>0</tilt>
					<gx:fovy>35</gx:fovy>
					<range>627.8958372617318</range>
					<altitudeMode>relativeToGround</altitudeMode>
				</LookAt>
				<styleUrl>#__managed_style_09C79760CD40DE0E9B8E</styleUrl>
				<Point>
					<altitudeMode>relativeToGround</altitudeMode>
					<coordinates>-0.1359578,51.5035645,0</coordinates>
				</Point>
			</Placemark>
			<Placemark id="0641313421391BB269A0">
				<name>The American Bar</name>
				<gx:mid>/g/1tcy8c8n</gx:mid>
				<gx:fid>0x487604d790b333ff:0xccde8c481bc894e0</gx:fid>
				<LookAt>
					<longitude>-0.1400649</longitude>
					<latitude>51.5059792</latitude>
					<altitude>0</altitude>
					<heading>0</heading>
					<tilt>0</tilt>
					<gx:fovy>35</gx:fovy>
					<range>627.8599642715218</range>
					<altitudeMode>relativeToGround</altitudeMode>
				</LookAt>
				<styleUrl>#__managed_style_2658D24B9040DE0E9B9C</styleUrl>
				<Point>
					<altitudeMode>relativeToGround</altitudeMode>
					<coordinates>-0.1403019,51.5058847,0</coordinates>
				</Point>
			</Placemark>
			<Placemark id="0124F4A964391BB2A5AB">
				<name>Spencer House</name>
				<gx:mid>/m/0405_9</gx:mid>
				<gx:fid>0x487604d7eed9c4dd:0x971a10d59681b808</gx:fid>
				<LookAt>
					<longitude>-0.1402694</longitude>
					<latitude>51.5051673</latitude>
					<altitude>0</altitude>
					<heading>0</heading>
					<tilt>0</tilt>
					<gx:fovy>35</gx:fovy>
					<range>627.8720260309417</range>
					<altitudeMode>relativeToGround</altitudeMode>
				</LookAt>
				<styleUrl>#__managed_style_09C79760CD40DE0E9B8E</styleUrl>
				<Point>
					<altitudeMode>relativeToGround</altitudeMode>
					<coordinates>-0.140343,51.5052374,0</coordinates>
				</Point>
			</Placemark>
			<Placemark id="0F40C77682391BB31548">
				<name>Westminster Abbey</name>
				<gx:mid>/m/0bvqq</gx:mid>
				<gx:fid>0x487604c4ba43352f:0xda8effa2059b537a</gx:fid>
				<LookAt>
					<longitude>-0.1275749</longitude>
					<latitude>51.49938155</latitude>
					<altitude>0</altitude>
					<heading>0</heading>
					<tilt>0</tilt>
					<gx:fovy>35</gx:fovy>
					<range>301.707519784828</range>
					<altitudeMode>relativeToGround</altitudeMode>
				</LookAt>
				<styleUrl>#__managed_style_078D864D6F40DE0E9B8F</styleUrl>
				<Point>
					<altitudeMode>relativeToGround</altitudeMode>
					<coordinates>-0.1272993,51.4993695,0</coordinates>
				</Point>
			</Placemark>
			<Placemark id="07FC2C0CD5391BB34F2F">
				<name>Jewel Tower</name>
				<gx:mid>/m/08xkj_</gx:mid>
				<gx:fid>0x487604c37a259617:0x1abcfe3bdfe8874f</gx:fid>
				<LookAt>
					<longitude>-0.1264205</longitude>
					<latitude>51.49845759999999</latitude>
					<altitude>0</altitude>
					<heading>0</heading>
					<tilt>0</tilt>
					<gx:fovy>35</gx:fovy>
					<range>627.971702753027</range>
					<altitudeMode>relativeToGround</altitudeMode>
				</LookAt>
				<styleUrl>#__managed_style_078D864D6F40DE0E9B8F</styleUrl>
				<Point>
					<altitudeMode>relativeToGround</altitudeMode>
					<coordinates>-0.1264205,51.49845759999999,0</coordinates>
				</Point>
			</Placemark>
			<Placemark id="0996AFB77E391BB3898C">
				<name>Big Ben</name>
				<gx:mid>/m/026ydc</gx:mid>
				<gx:fid>0x487604c38c8cd1d9:0xb78f2474b9a45aa9</gx:fid>
				<LookAt>
					<longitude>-0.1246254</longitude>
					<latitude>51.50072919999999</latitude>
					<altitude>0</altitude>
					<heading>0</heading>
					<tilt>0</tilt>
					<gx:fovy>35</gx:fovy>
					<range>627.9379575385799</range>
					<altitudeMode>relativeToGround</altitudeMode>
				</LookAt>
				<styleUrl>#__managed_style_0E195CB97740DE0E9B91</styleUrl>
				<Point>
					<altitudeMode>relativeToGround</altitudeMode>
					<coordinates>-0.1246254,51.5007292,0</coordinates>
				</Point>
			</Placemark>
			<Placemark id="0800EF92CF391BB3AFC1">
				<name>lastminute.com London Eye</name>
				<gx:mid>/m/07gyc</gx:mid>
				<gx:fid>0x487604b900d26973:0x4291f3172409ea92</gx:fid>
				<LookAt>
					<longitude>-0.1195192</longitude>
					<latitude>51.5031864</latitude>
					<altitude>0</altitude>
					<heading>0</heading>
					<tilt>0</tilt>
					<gx:fovy>35</gx:fovy>
					<range>627.9014542638259</range>
					<altitudeMode>relativeToGround</altitudeMode>
				</LookAt>
				<styleUrl>#__managed_style_0E195CB97740DE0E9B91</styleUrl>
				<Point>
					<altitudeMode>relativeToGround</altitudeMode>
					<coordinates>-0.1195192,51.5031864,0</coordinates>
				</Point>
			</Placemark>
			<Placemark id="0FBC3E1602391BB470AC">
				<name>Trafalgar Square</name>
				<gx:mid>/m/0gsxw</gx:mid>
				<gx:fid>0x487604ce3941eb1f:0x1a5342fdf089c627</gx:fid>
				<LookAt>
					<longitude>-0.12804355</longitude>
					<latitude>51.50809004999999</latitude>
					<altitude>0</altitude>
					<heading>0</heading>
					<tilt>0</tilt>
					<gx:fovy>35</gx:fovy>
					<range>301.6475227898728</range>
					<altitudeMode>relativeToGround</altitudeMode>
				</LookAt>
				<styleUrl>#__managed_style_09C79760CD40DE0E9B8E</styleUrl>
				<Point>
					<altitudeMode>relativeToGround</altitudeMode>
					<coordinates>-0.128069,51.508039,0</coordinates>
				</Point>
			</Placemark>
			<Placemark id="057007C102391BB4A461">
				<name>Chinatown</name>
				<gx:mid>/g/11cm106ctl</gx:mid>
				<gx:fid>0x487604d25b6edd61:0x1de8837c56aea317</gx:fid>
				<LookAt>
					<longitude>-0.1311148</longitude>
					<latitude>51.5117912</latitude>
					<altitude>0</altitude>
					<heading>0</heading>
					<tilt>0</tilt>
					<gx:fovy>35</gx:fovy>
					<range>627.773616901825</range>
					<altitudeMode>relativeToGround</altitudeMode>
				</LookAt>
				<styleUrl>#__managed_style_09C79760CD40DE0E9B8E</styleUrl>
				<Point>
					<altitudeMode>relativeToGround</altitudeMode>
					<coordinates>-0.1311148,51.5117912,0</coordinates>
				</Point>
			</Placemark>
			<Placemark id="0FEACE37CF391BB5115C">
				<name>Hidden London - Piccadilly Circus: The Heart of London</name>
				<gx:mid>/g/11ssq91g6r</gx:mid>
				<gx:fid>0x4876059394bfda97:0x237d8d28f2eb5702</gx:fid>
				<LookAt>
					<longitude>-0.1341201</longitude>
					<latitude>51.50994519999999</latitude>
					<altitude>0</altitude>
					<heading>0</heading>
					<tilt>0</tilt>
					<gx:fovy>35</gx:fovy>
					<range>627.8010430245753</range>
					<altitudeMode>relativeToGround</altitudeMode>
				</LookAt>
				<styleUrl>#__managed_style_09C79760CD40DE0E9B8E</styleUrl>
				<Point>
					<altitudeMode>relativeToGround</altitudeMode>
					<coordinates>-0.1346098371258764,51.51004757778731,0</coordinates>
				</Point>
			</Placemark>
			<Placemark id="0CDF507BF1391BB62758">
				<name>Piccadilly Theatre</name>
				<gx:mid>/m/090zlj</gx:mid>
				<gx:fid>0x487604d40c2fdf67:0xa14df20866754e24</gx:fid>
				<LookAt>
					<longitude>-0.135575</longitude>
					<latitude>51.5109508</latitude>
					<altitude>0</altitude>
					<heading>0</heading>
					<tilt>0</tilt>
					<gx:fovy>35</gx:fovy>
					<range>627.7861028376369</range>
					<altitudeMode>relativeToGround</altitudeMode>
				</LookAt>
				<styleUrl>#__managed_style_09C79760CD40DE0E9B8E</styleUrl>
				<Point>
					<altitudeMode>relativeToGround</altitudeMode>
					<coordinates>-0.135575,51.5109508,0</coordinates>
				</Point>
			</Placemark>
			<Placemark id="0B92001943391BB85039">
				<name>Cahoots Underground</name>
				<gx:mid>/g/11b77qh39v</gx:mid>
				<gx:fid>0x487604d507ab69fb:0xbbfbc270f421a878</gx:fid>
				<LookAt>
					<longitude>-0.1385496</longitude>
					<latitude>51.51248239999999</latitude>
					<altitude>0</altitude>
					<heading>0</heading>
					<tilt>0</tilt>
					<gx:fovy>35</gx:fovy>
					<range>627.7633475663691</range>
					<altitudeMode>relativeToGround</altitudeMode>
				</LookAt>
				<styleUrl>#__managed_style_1949305F2340DE0E9B9B</styleUrl>
				<Point>
					<altitudeMode>relativeToGround</altitudeMode>
					<coordinates>-0.1385496,51.51248239999999,0</coordinates>
				</Point>
			</Placemark>
			<Placemark id="091CCCF497391BB8ECD1">
				<name>Carnaby Street</name>
				<gx:mid>/m/027g2z</gx:mid>
				<gx:fid>0x487604d511378c85:0xda5fe61b4e8aa161</gx:fid>
				<LookAt>
					<longitude>-0.1388548</longitude>
					<latitude>51.51318620000001</latitude>
					<altitude>0</altitude>
					<heading>0</heading>
					<tilt>0</tilt>
					<gx:fovy>35</gx:fovy>
					<range>627.7528909514853</range>
					<altitudeMode>relativeToGround</altitudeMode>
				</LookAt>
				<styleUrl>#__managed_style_09C79760CD40DE0E9B8E</styleUrl>
				<Point>
					<altitudeMode>relativeToGround</altitudeMode>
					<coordinates>-0.1388548,51.5131862,0</coordinates>
				</Point>
			</Placemark>
			<Placemark id="05EC5B88F6391BB9267E">
				<name>Liberty London</name>
				<gx:mid>/m/079g6c</gx:mid>
				<gx:fid>0x487604d530f2fdeb:0xaaaa02d0c2588181</gx:fid>
				<LookAt>
					<longitude>-0.1400263</longitude>
					<latitude>51.5138717</latitude>
					<altitude>0</altitude>
					<heading>0</heading>
					<tilt>0</tilt>
					<gx:fovy>35</gx:fovy>
					<range>627.7427061507577</range>
					<altitudeMode>relativeToGround</altitudeMode>
				</LookAt>
				<styleUrl>#__managed_style_09C79760CD40DE0E9B8E</styleUrl>
				<Point>
					<altitudeMode>relativeToGround</altitudeMode>
					<coordinates>-0.1400263,51.5138717,0</coordinates>
				</Point>
			</Placemark>
			<Placemark id="0259B528EF391BB9AC98">
				<name>Street Performers Covent Garden</name>
				<gx:mid>/g/11h030fb3g</gx:mid>
				<gx:fid>0x4876058bfe4782af:0xefb21ad176be5f83</gx:fid>
				<LookAt>
					<longitude>-0.1233867</longitude>
					<latitude>51.51168059999999</latitude>
					<altitude>0</altitude>
					<heading>0</heading>
					<tilt>0</tilt>
					<gx:fovy>35</gx:fovy>
					<range>627.7752601073107</range>
					<altitudeMode>relativeToGround</altitudeMode>
				</LookAt>
				<styleUrl>#__managed_style_09C79760CD40DE0E9B8E</styleUrl>
				<Point>
					<altitudeMode>relativeToGround</altitudeMode>
					<coordinates>-0.1233077387872095,51.51172983795719,0</coordinates>
				</Point>
			</Placemark>
			<Placemark id="0492B132F9391BB9FFB6">
				<name>Strathberry Covent Garden</name>
				<gx:mid>/g/11rxnjs1f8</gx:mid>
				<gx:fid>0x48760575b6132217:0xe1d8ef3f25007d98</gx:fid>
				<LookAt>
					<longitude>-0.1231014</longitude>
					<latitude>51.5121742</latitude>
					<altitude>0</altitude>
					<heading>0</heading>
					<tilt>0</tilt>
					<gx:fovy>35</gx:fovy>
					<range>627.7679265820948</range>
					<altitudeMode>relativeToGround</altitudeMode>
				</LookAt>
				<styleUrl>#__managed_style_09C79760CD40DE0E9B8E</styleUrl>
				<Point>
					<altitudeMode>relativeToGround</altitudeMode>
					<coordinates>-0.1227887274837547,51.51197015827523,0</coordinates>
				</Point>
			</Placemark>
			<Placemark id="0812843C5F391BBA4869">
				<name>Royal Ballet and Opera</name>
				<gx:mid>/m/01pky_</gx:mid>
				<gx:fid>0x487604cb87a023c9:0x582a37df62d31c08</gx:fid>
				<LookAt>
					<longitude>-0.1221976</longitude>
					<latitude>51.51292109999999</latitude>
					<altitude>0</altitude>
					<heading>0</heading>
					<tilt>0</tilt>
					<gx:fovy>35</gx:fovy>
					<range>627.7568296487124</range>
					<altitudeMode>relativeToGround</altitudeMode>
				</LookAt>
				<styleUrl>#__managed_style_09C79760CD40DE0E9B8E</styleUrl>
				<Point>
					<altitudeMode>relativeToGround</altitudeMode>
					<coordinates>-0.1221976,51.5129211,0</coordinates>
				</Point>
			</Placemark>
			<Placemark id="09663E2333391BBAE4F4">
				<name>Main St</name>
				<LookAt>
					<longitude>-0.1237137133653743</longitude>
					<latitude>51.51198147104308</latitude>
					<altitude>24.4377094706401</altitude>
					<heading>354.3748217797155</heading>
					<tilt>0</tilt>
					<gx:fovy>35</gx:fovy>
					<range>78.13058071141313</range>
					<altitudeMode>absolute</altitudeMode>
				</LookAt>
				<styleUrl>#__managed_style_1E4A9FF1F240DE0E9B91</styleUrl>
				<LineString>
					<coordinates>
						-0.1251999687272265,51.51139602243001,0 -0.1230720179702238,51.5122898056291,0 -0.1241812303457535,51.51323050952159,0 -0.1230830119420168,51.51228994964014,0 -0.122368981144928,51.5125494512032,0 -0.1217321047756059,51.51197925579478,0 -0.1244486054422567,51.51078904169909,0 -0.1229408248856179,51.51144508502691,0 -0.1236694097821522,51.51203848028369,0 
					</coordinates>
				</LineString>
			</Placemark>
			<Placemark id="013A492B82391BBB5DE3">
				<name>Historic Seven Dials</name>
				<gx:mid>/g/11j386xn21</gx:mid>
				<gx:fid>0x4876057c15d35eaf:0xfa6cac4f37bd3baf</gx:fid>
				<LookAt>
					<longitude>-0.1269989</longitude>
					<latitude>51.5137764</latitude>
					<altitude>0</altitude>
					<heading>0</heading>
					<tilt>0</tilt>
					<gx:fovy>35</gx:fovy>
					<range>627.744122072818</range>
					<altitudeMode>relativeToGround</altitudeMode>
				</LookAt>
				<styleUrl>#__managed_style_09C79760CD40DE0E9B8E</styleUrl>
				<Point>
					<altitudeMode>relativeToGround</altitudeMode>
					<coordinates>-0.1269989,51.51377639999999,0</coordinates>
				</Point>
			</Placemark>
			<Placemark id="00EDB6A711391BBC3763">
				<name>Main St</name>
				<LookAt>
					<longitude>-0.1275028464482331</longitude>
					<latitude>51.51381561389833</latitude>
					<altitude>24.44067109647743</altitude>
					<heading>317.5627589366389</heading>
					<tilt>0</tilt>
					<gx:fovy>35</gx:fovy>
					<range>390.4832609129517</range>
					<altitudeMode>absolute</altitudeMode>
				</LookAt>
				<styleUrl>#__managed_style_1E4A9FF1F240DE0E9B91</styleUrl>
				<LineString>
					<coordinates>
						-0.1279456563440939,51.51363067798953,0 -0.1270079286410664,51.5137778140957,0 -0.1261524609521991,51.51422355231198,0 -0.1270087699391276,51.51377838794139,0 -0.1269237589591421,51.51428992924135,0 -0.1270075756757394,51.51377780227697,0 -0.1273335719184199,51.51397884168793,0 -0.1270080801265006,51.51377814677569,0 -0.1271169821184748,51.51324535589283,0 -0.1270082484722279,51.51377826153433,0 -0.1266043877981549,51.5135034800144,0 -0.1270077101212741,51.51377835293067,0 -0.126320227813802,51.51383113613728,0 
					</coordinates>
				</LineString>
			</Placemark>
			<Placemark id="01C01B1C66391BBCD997">
				<name>Italian Bear Chocolate - Soho</name>
				<gx:mid>/g/11j23wnm1_</gx:mid>
				<gx:fid>0x4876054846a5cdf1:0xf0baa6fb2f3e7575</gx:fid>
				<LookAt>
					<longitude>-0.1367447</longitude>
					<latitude>51.5132112</latitude>
					<altitude>0</altitude>
					<heading>0</heading>
					<tilt>0</tilt>
					<gx:fovy>35</gx:fovy>
					<range>627.7525195158632</range>
					<altitudeMode>relativeToGround</altitudeMode>
				</LookAt>
				<styleUrl>#__managed_style_2D9E05F9AE40DE0E9B97</styleUrl>
				<Point>
					<altitudeMode>relativeToGround</altitudeMode>
					<coordinates>-0.1367447,51.5132112,0</coordinates>
				</Point>
			</Placemark>
			<Placemark id="054B619DFF391BBD3ABC">
				<name>Tower of London</name>
				<gx:mid>/m/07nqn</gx:mid>
				<gx:fid>0x48760349331f38dd:0xa8bf49dde1d56467</gx:fid>
				<LookAt>
					<longitude>-0.0759493</longitude>
					<latitude>51.50811239999999</latitude>
					<altitude>0</altitude>
					<heading>0</heading>
					<tilt>0</tilt>
					<gx:fovy>35</gx:fovy>
					<range>627.8282724984832</range>
					<altitudeMode>relativeToGround</altitudeMode>
				</LookAt>
				<styleUrl>#__managed_style_026F1E2D1940DE0E9B9F</styleUrl>
				<Point>
					<altitudeMode>relativeToGround</altitudeMode>
					<coordinates>-0.0759493,51.50811239999999,0</coordinates>
				</Point>
			</Placemark>
			<Placemark id="08A575D946391BBD7F6F">
				<name>The Shard</name>
				<gx:mid>/m/03byd0</gx:mid>
				<gx:fid>0x4876035a0a9271d3:0xbdf26ba73efb7b</gx:fid>
				<LookAt>
					<longitude>-0.08649999999999999</longitude>
					<latitude>51.5045</latitude>
					<altitude>0</altitude>
					<heading>0</heading>
					<tilt>0</tilt>
					<gx:fovy>35</gx:fovy>
					<range>627.8819395035043</range>
					<altitudeMode>relativeToGround</altitudeMode>
				</LookAt>
				<styleUrl>#__managed_style_3C198504B140DE0E9B94</styleUrl>
				<Point>
					<altitudeMode>relativeToGround</altitudeMode>
					<coordinates>-0.08649999999999999,51.50449999999999,0</coordinates>
				</Point>
			</Placemark>
			<Placemark id="09B99021BC391BBEFC61">
				<name>Camden town</name>
				<gx:mid>/g/11rzhfvbsr</gx:mid>
				<gx:fid>0x48761b7ffc805805:0x37b7408ac9bf6908</gx:fid>
				<LookAt>
					<longitude>-0.1424977</longitude>
					<latitude>51.5389654</latitude>
					<altitude>0</altitude>
					<heading>0</heading>
					<tilt>0</tilt>
					<gx:fovy>35</gx:fovy>
					<range>627.3698256978706</range>
					<altitudeMode>relativeToGround</altitudeMode>
				</LookAt>
				<styleUrl>#__managed_style_09C79760CD40DE0E9B8E</styleUrl>
				<Point>
					<altitudeMode>relativeToGround</altitudeMode>
					<coordinates>-0.1424977,51.5389654,0</coordinates>
				</Point>
			</Placemark>
			<Placemark id="0EAA803B46391BC096C8">
				<name>Camden Market - אזור מסעדות עם בנייה ישנה ומיוחדת מאוד</name>
				<LookAt>
					<longitude>-0.1458668864641632</longitude>
					<latitude>51.54185559685851</latitude>
					<altitude>29.15073354859215</altitude>
					<heading>327.9585213244861</heading>
					<tilt>0</tilt>
					<gx:fovy>35</gx:fovy>
					<range>209.7250341652035</range>
					<altitudeMode>absolute</altitudeMode>
				</LookAt>
				<styleUrl>#__managed_style_005DAA5B0940DE0E9B97</styleUrl>
				<Point>
					<coordinates>-0.1476180153825435,51.54219998365642,30.71603123031476</coordinates>
				</Point>
			</Placemark>
			<Placemark id="0C7DD5924E391BC159D8">
				<name>שוק אוכל</name>
				<LookAt>
					<longitude>-0.1460346729904261</longitude>
					<latitude>51.54128959988906</latitude>
					<altitude>31.22297203434444</altitude>
					<heading>327.9581926917239</heading>
					<tilt>0</tilt>
					<gx:fovy>35</gx:fovy>
					<range>314.8150046191222</range>
					<altitudeMode>absolute</altitudeMode>
				</LookAt>
				<styleUrl>#__managed_style_06A0D8702840DE0E9B90</styleUrl>
				<Point>
					<coordinates>-0.1463642481420058,51.54117391408744,31.13861298967643</coordinates>
				</Point>
			</Placemark>
			<Placemark id="057275C164391BC2EE8E">
				<name>אזור עם בנייה מיוחדת, המון אוכל וחנויות</name>
				<LookAt>
					<longitude>-0.146770885523283</longitude>
					<latitude>51.54234865809588</latitude>
					<altitude>29.1403482808423</altitude>
					<heading>341.2390208053272</heading>
					<tilt>0</tilt>
					<gx:fovy>35</gx:fovy>
					<range>569.5955304421659</range>
					<altitudeMode>absolute</altitudeMode>
				</LookAt>
				<styleUrl>#__managed_style_1BC46C6F5D40DE0E9B9C</styleUrl>
				<Polygon>
					<outerBoundaryIs>
						<LinearRing>
							<coordinates>
								-0.1491062612143146,51.54288225820242,0 -0.1493759958090246,51.54246991058803,0 -0.1480912167454873,51.54202777144594,0 -0.1473032677810115,51.54177120967182,0 -0.1472763635977603,51.54168595142015,0 -0.1471053747652573,51.54148133442859,0 -0.1466171334195943,51.54086005913754,0 -0.1462450905712553,51.54094983060693,0 -0.1459436883214971,51.54089523526022,0 -0.145917774304235,51.54068736395828,0 -0.1457734921975229,51.54078998734892,0 -0.1451884708455808,51.54104122523142,0 -0.1450043040319515,51.54123011936679,0 -0.1461896888866854,51.54199459163312,0 -0.1474513190759552,51.5425003759324,0 -0.1484942718022675,51.54277842596368,0 -0.1491062612143146,51.54288225820242,0 
							</coordinates>
						</LinearRing>
					</outerBoundaryIs>
				</Polygon>
			</Placemark>
			<Placemark id="067F065066391BC3D028">
				<name>Main St</name>
				<LookAt>
					<longitude>-0.142230240416823</longitude>
					<latitude>51.53766523165731</latitude>
					<altitude>31.12461837244172</altitude>
					<heading>341.239009584152</heading>
					<tilt>0</tilt>
					<gx:fovy>35</gx:fovy>
					<range>737.330333642458</range>
					<altitudeMode>absolute</altitudeMode>
				</LookAt>
				<styleUrl>#__managed_style_1E4A9FF1F240DE0E9B91</styleUrl>
				<LineString>
					<coordinates>
						-0.1450746717704376,51.54130794618457,0 -0.1442354191566031,51.540758016114,0 -0.1433238526287517,51.5397876232464,0 -0.1445381375772936,51.53935726837528,0 -0.1433197058050273,51.53978001594609,0 -0.14251606860612,51.53895181551059,0 -0.1422387340188047,51.53942150924562,0 -0.1425180730833042,51.53895552270977,0 -0.1409945395475043,51.53702045362001,0 
					</coordinates>
				</LineString>
			</Placemark>
			<Placemark id="0A4EEF44D3391BC58214">
				<name>Natural History Museum</name>
				<gx:mid>/m/01t372</gx:mid>
				<gx:fid>0x48760542e6182f3f:0x7bb7e385c39764c4</gx:fid>
				<LookAt>
					<longitude>-0.1763672</longitude>
					<latitude>51.49671499999999</latitude>
					<altitude>0</altitude>
					<heading>0</heading>
					<tilt>0</tilt>
					<gx:fovy>35</gx:fovy>
					<range>627.9975889775242</range>
					<altitudeMode>relativeToGround</altitudeMode>
				</LookAt>
				<styleUrl>#__managed_style_2AABF2DAA440DE0E9B93</styleUrl>
				<Point>
					<altitudeMode>relativeToGround</altitudeMode>
					<coordinates>-0.1763672,51.49671499999999,0</coordinates>
				</Point>
			</Placemark>
			<Placemark id="093A0D6C34391BC5C011">
				<name>Imperial War Museum</name>
				<gx:mid>/m/0j2g8sh</gx:mid>
				<gx:fid>0x4876012c1f3ceed3:0xfed51d88d007b387</gx:fid>
				<LookAt>
					<longitude>-0.1086584</longitude>
					<latitude>51.4958366</latitude>
					<altitude>0</altitude>
					<heading>0</heading>
					<tilt>0</tilt>
					<gx:fovy>35</gx:fovy>
					<range>628.0106373768477</range>
					<altitudeMode>relativeToGround</altitudeMode>
				</LookAt>
				<styleUrl>#__managed_style_2AABF2DAA440DE0E9B93</styleUrl>
				<Point>
					<altitudeMode>relativeToGround</altitudeMode>
					<coordinates>-0.1086584,51.4958366,0</coordinates>
				</Point>
			</Placemark>
			<Placemark id="01D37A522B391BC61FF0">
				<name>Royal Hospital Chelsea</name>
				<gx:mid>/g/1tdwddqs</gx:mid>
				<gx:fid>0x487605115fab77fb:0x65f9b4beafbc0b31</gx:fid>
				<LookAt>
					<longitude>-0.1584374</longitude>
					<latitude>51.4871375</latitude>
					<altitude>0</altitude>
					<heading>0</heading>
					<tilt>0</tilt>
					<gx:fovy>35</gx:fovy>
					<range>628.1398535787587</range>
					<altitudeMode>relativeToGround</altitudeMode>
				</LookAt>
				<styleUrl>#__managed_style_078D864D6F40DE0E9B8F</styleUrl>
				<Point>
					<altitudeMode>relativeToGround</altitudeMode>
					<coordinates>-0.1584374,51.4871375,0</coordinates>
				</Point>
			</Placemark>
			<Placemark id="007367ABE0391BC66961">
				<name>Stamford Bridge</name>
				<gx:mid>/m/0314gb</gx:mid>
				<gx:fid>0x48760f864b976f3d:0x48aa38781ea565f8</gx:fid>
				<LookAt>
					<longitude>-0.1909471</longitude>
					<latitude>51.4817241</latitude>
					<altitude>0</altitude>
					<heading>0</heading>
					<tilt>0</tilt>
					<gx:fovy>35</gx:fovy>
					<range>628.2202580041164</range>
					<altitudeMode>relativeToGround</altitudeMode>
				</LookAt>
				<styleUrl>#__managed_style_0835F0D2EB40DE0E9B98</styleUrl>
				<Point>
					<altitudeMode>relativeToGround</altitudeMode>
					<coordinates>-0.1909471,51.4817241,0</coordinates>
				</Point>
			</Placemark>
			<Placemark id="0A9A9AE87C391BC6AB16">
				<name>Tottenham Hotspur Stadium</name>
				<gx:mid>/g/11bc58b617</gx:mid>
				<gx:fid>0x48761e98d5d88ec3:0x572dd66a0e5f79bf</gx:fid>
				<LookAt>
					<longitude>-0.06622309999999998</longitude>
					<latitude>51.60422049999999</latitude>
					<altitude>0</altitude>
					<heading>0</heading>
					<tilt>0</tilt>
					<gx:fovy>35</gx:fovy>
					<range>626.399698304036</range>
					<altitudeMode>relativeToGround</altitudeMode>
				</LookAt>
				<styleUrl>#__managed_style_0835F0D2EB40DE0E9B98</styleUrl>
				<Point>
					<altitudeMode>relativeToGround</altitudeMode>
					<coordinates>-0.06622309999999999,51.6042205,0</coordinates>
				</Point>
			</Placemark>
			<Placemark id="07E7668AB3391BC87A14">
				<name>Great Exhibition Memorial</name>
				<gx:mid>/m/011x5z32</gx:mid>
				<gx:fid>0x4876059534d9c007:0xb9eb100a8e7b01b8</gx:fid>
				<LookAt>
					<longitude>-0.1772914</longitude>
					<latitude>51.5003986</latitude>
					<altitude>0</altitude>
					<heading>0</heading>
					<tilt>0</tilt>
					<gx:fovy>35</gx:fovy>
					<range>627.9428687393909</range>
					<altitudeMode>relativeToGround</altitudeMode>
				</LookAt>
				<styleUrl>#__managed_style_078D864D6F40DE0E9B8F</styleUrl>
				<Point>
					<altitudeMode>relativeToGround</altitudeMode>
					<coordinates>-0.1773920581024135,51.50098618840009,0</coordinates>
				</Point>
			</Placemark>
			<Placemark id="075C7B7306396198F488">
				<name>Warner Bros. Studio Tour London</name>
				<gx:mid>/g/11cp5z3_3v</gx:mid>
				<gx:fid>0x487641b54856da0b:0x37abae1f5500e30</gx:fid>
				<LookAt>
					<longitude>-0.4181598</longitude>
					<latitude>51.6903385</latitude>
					<altitude>0</altitude>
					<heading>0</heading>
					<tilt>0</tilt>
					<gx:fovy>35</gx:fovy>
					<range>625.1183771494981</range>
					<altitudeMode>relativeToGround</altitudeMode>
				</LookAt>
				<styleUrl>#__managed_style_0E195CB97740DE0E9B91</styleUrl>
				<Point>
					<altitudeMode>relativeToGround</altitudeMode>
					<coordinates>-0.4181598,51.6903385,0</coordinates>
				</Point>
			</Placemark>
			<Placemark id="047EF561D739619A3EC9">
				<name>Electric Cinema</name>
				<gx:mid>/m/080ncf5</gx:mid>
				<gx:fid>0x4876101df02076a1:0x1d56559b309dd183</gx:fid>
				<LookAt>
					<longitude>-0.2048903</longitude>
					<latitude>51.5155712</latitude>
					<altitude>0</altitude>
					<heading>0</heading>
					<tilt>0</tilt>
					<gx:fovy>35</gx:fovy>
					<range>627.7174555459942</range>
					<altitudeMode>relativeToGround</altitudeMode>
				</LookAt>
				<styleUrl>#__managed_style_09C79760CD40DE0E9B8E</styleUrl>
				<Point>
					<altitudeMode>relativeToGround</altitudeMode>
					<coordinates>-0.2048903,51.5155712,0</coordinates>
				</Point>
			</Placemark>
			<Placemark id="0BD449673939619BB6DB">
				<name>Westfield London</name>
				<gx:mid>/m/026w4pn</gx:mid>
				<gx:fid>0x48760fd9a17c9f4d:0xe252903445e7660c</gx:fid>
				<LookAt>
					<longitude>-0.2212054</longitude>
					<latitude>51.50757249999999</latitude>
					<altitude>0</altitude>
					<heading>0</heading>
					<tilt>0</tilt>
					<gx:fovy>35</gx:fovy>
					<range>627.8362935626501</range>
					<altitudeMode>relativeToGround</altitudeMode>
				</LookAt>
				<styleUrl>#__managed_style_29C8F4CFBA40DE0E9B94</styleUrl>
				<Point>
					<altitudeMode>relativeToGround</altitudeMode>
					<coordinates>-0.2212054,51.5075725,0</coordinates>
				</Point>
			</Placemark>
			<Placemark id="08B7CF452D3961D20C37">
				<name>Maltby Street Market</name>
				<gx:mid>/g/11h32ydwd3</gx:mid>
				<gx:fid>0x4876034154d4d867:0x4ff7ff324437b937</gx:fid>
				<LookAt>
					<longitude>-0.07592989999999999</longitude>
					<latitude>51.4994579</latitude>
					<altitude>0</altitude>
					<heading>0</heading>
					<tilt>0</tilt>
					<gx:fovy>35</gx:fovy>
					<range>627.9568431349647</range>
					<altitudeMode>relativeToGround</altitudeMode>
				</LookAt>
				<styleUrl>#__managed_style_09C79760CD40DE0E9B8E</styleUrl>
				<Point>
					<altitudeMode>relativeToGround</altitudeMode>
					<coordinates>-0.07601685144452808,51.49954576820766,0</coordinates>
				</Point>
			</Placemark>
			<Placemark id="048637B6B13961D2730C">
				<name>Maltby Street Market</name>
				<LookAt>
					<longitude>-0.07539720287822016</longitude>
					<latitude>51.49918443220249</latitude>
					<altitude>7.133236770933527</altitude>
					<heading>6.857860720727923</heading>
					<tilt>0</tilt>
					<gx:fovy>35</gx:fovy>
					<range>125.1553165380574</range>
					<altitudeMode>absolute</altitudeMode>
				</LookAt>
				<styleUrl>#__managed_style_1E4A9FF1F240DE0E9B91</styleUrl>
				<LineString>
					<coordinates>
						-0.07602810584724784,51.49955896934894,0 -0.07500146142961905,51.49901021033217,0 
					</coordinates>
				</LineString>
			</Placemark>
			<Placemark id="0E038FA7A93961DE7286">
				<name>Buckingham Palace</name>
				<gx:mid>/m/0198g</gx:mid>
				<gx:fid>0x48760520cd5b5eb5:0xa26abf514d902a7</gx:fid>
				<LookAt>
					<longitude>-0.14189</longitude>
					<latitude>51.501364</latitude>
					<altitude>0</altitude>
					<heading>0</heading>
					<tilt>0</tilt>
					<gx:fovy>35</gx:fovy>
					<range>627.9285272712517</range>
					<altitudeMode>relativeToGround</altitudeMode>
				</LookAt>
				<styleUrl>#__managed_style_2D5FC89F8140DE0E9B98</styleUrl>
				<Point>
					<altitudeMode>relativeToGround</altitudeMode>
					<coordinates>-0.1412475785821499,51.50152107266542,0</coordinates>
				</Point>
			</Placemark>
			<Placemark id="020C56CC453ED2534A1B">
				<gx:mid>/g/11hzchrkd2</gx:mid>
				<gx:fid>0x487605e161234b5b:0x9b801ce3cbad0077</gx:fid>
				<LookAt>
					<longitude>-0.1034012</longitude>
					<latitude>51.50425380000001</latitude>
					<altitude>0</altitude>
					<heading>0</heading>
					<tilt>0</tilt>
					<gx:fovy>35</gx:fovy>
					<range>627.8855970563558</range>
					<altitudeMode>relativeToGround</altitudeMode>
				</LookAt>
				<styleUrl>#__managed_style_09C79760CD40DE0E9B8E</styleUrl>
				<Point>
					<altitudeMode>relativeToGround</altitudeMode>
					<coordinates>-0.1034012,51.5042538,0</coordinates>
				</Point>
			</Placemark>
			<Placemark id="09B48FAB683ED2610021">
				<gx:mid>/m/043536</gx:mid>
				<gx:fid>0x487604d1a21e9f5b:0x24a8a42d999cafaf</gx:fid>
				<LookAt>
					<longitude>-0.131863</longitude>
					<latitude>51.5082429</latitude>
					<altitude>0</altitude>
					<heading>0</heading>
					<tilt>0</tilt>
					<gx:fovy>35</gx:fovy>
					<range>627.8263337086572</range>
					<altitudeMode>relativeToGround</altitudeMode>
				</LookAt>
				<styleUrl>#__managed_style_35066AAFA540DE0E9B98</styleUrl>
				<Point>
					<altitudeMode>relativeToGround</altitudeMode>
					<coordinates>-0.131863,51.50824290000001,0</coordinates>
				</Point>
			</Placemark>
			<Placemark id="07EE43AC283ED26383CE">
				<gx:mid>/m/03dzfk</gx:mid>
				<gx:fid>0x487604d3a6facc3f:0x97a51a83feb3ee7f</gx:fid>
				<LookAt>
					<longitude>-0.132601</longitude>
					<latitude>51.5118687</latitude>
					<altitude>0</altitude>
					<heading>0</heading>
					<tilt>0</tilt>
					<gx:fovy>35</gx:fovy>
					<range>627.7724654682513</range>
					<altitudeMode>relativeToGround</altitudeMode>
				</LookAt>
				<styleUrl>#__managed_style_35066AAFA540DE0E9B98</styleUrl>
				<Point>
					<altitudeMode>relativeToGround</altitudeMode>
					<coordinates>-0.1325785,51.51187839999999,0</coordinates>
				</Point>
			</Placemark>
			<Placemark id="00CFCE8DE93ED26476FC">
				<gx:mid>/g/11gnnmb8x9</gx:mid>
				<gx:fid>0x487604caf56f8f2f:0x45184f98ce42180</gx:fid>
				<LookAt>
					<longitude>-0.1191853</longitude>
					<latitude>51.51229009999999</latitude>
					<altitude>0</altitude>
					<heading>0</heading>
					<tilt>0</tilt>
					<gx:fovy>35</gx:fovy>
					<range>627.7662046243501</range>
					<altitudeMode>relativeToGround</altitudeMode>
				</LookAt>
				<styleUrl>#__managed_style_35066AAFA540DE0E9B98</styleUrl>
				<Point>
					<altitudeMode>relativeToGround</altitudeMode>
					<coordinates>-0.1191853,51.5122901,0</coordinates>
				</Point>
			</Placemark>
			<Placemark id="045606EDE53ED26500C6">
				<gx:mid>/m/01zp6v</gx:mid>
				<gx:fid>0x4876035775cf660f:0x3128e7e59ca044b9</gx:fid>
				<LookAt>
					<longitude>-0.09048080000000001</longitude>
					<latitude>51.5055826</latitude>
					<altitude>0</altitude>
					<heading>0</heading>
					<tilt>0</tilt>
					<gx:fovy>35</gx:fovy>
					<range>627.8658562587281</range>
					<altitudeMode>relativeToGround</altitudeMode>
				</LookAt>
				<styleUrl>#__managed_style_09C79760CD40DE0E9B8E</styleUrl>
				<Point>
					<altitudeMode>relativeToGround</altitudeMode>
					<coordinates>-0.0904808,51.50558259999999,0</coordinates>
				</Point>
			</Placemark>
		</Folder>
		<Folder id="0A332FAA77391BCFFA1E">
			<name>פארקים</name>
			<styleUrl>#__managed_style_3EAD8AA57B40DE0E9B90</styleUrl>
			<Placemark id="0A67D0EF9F391B9743B6">
				<name>Stanstead Mill Walking Trail</name>
				<gx:mid>/g/11vprq1yqv</gx:mid>
				<gx:fid>0x48761d004fa07e75:0x91079ca4efb61680</gx:fid>
				<LookAt>
					<longitude>-0.02485369999999999</longitude>
					<latitude>51.55695989999999</latitude>
					<altitude>0</altitude>
					<heading>0</heading>
					<tilt>0</tilt>
					<gx:fovy>35</gx:fovy>
					<range>627.1023744442339</range>
					<altitudeMode>relativeToGround</altitudeMode>
				</LookAt>
				<styleUrl>#__managed_style_1689C368BB40DE0E9B8C</styleUrl>
				<Point>
					<altitudeMode>relativeToGround</altitudeMode>
					<coordinates>-0.0248537,51.5569599,0</coordinates>
				</Point>
			</Placemark>
			<Placemark id="08E3E23E69391B9779B6">
				<name>Olympic Park Splash Fountain</name>
				<gx:mid>/g/11fn22jk7y</gx:mid>
				<gx:fid>0x48761df1d9e66939:0xc5248bc899b13f1</gx:fid>
				<LookAt>
					<longitude>-0.0129899</longitude>
					<latitude>51.53968649999999</latitude>
					<altitude>0</altitude>
					<heading>0</heading>
					<tilt>0</tilt>
					<gx:fovy>35</gx:fovy>
					<range>627.3591090168844</range>
					<altitudeMode>relativeToGround</altitudeMode>
				</LookAt>
				<styleUrl>#__managed_style_1689C368BB40DE0E9B8C</styleUrl>
				<Point>
					<altitudeMode>relativeToGround</altitudeMode>
					<coordinates>-0.01273042994524687,51.54005758175155,0</coordinates>
				</Point>
			</Placemark>
			<Placemark id="0EA5E12E303849527708">
				<name>Greenwich Park</name>
				<gx:mid>/m/01x6t2</gx:mid>
				<gx:fid>0x487602849e18e569:0xe0b4893b3675cd0</gx:fid>
				<LookAt>
					<longitude>0.0014643</longitude>
					<latitude>51.4769095</latitude>
					<altitude>0</altitude>
					<heading>0</heading>
					<tilt>0</tilt>
					<gx:fovy>35</gx:fovy>
					<range>628.2917646249902</range>
					<altitudeMode>relativeToGround</altitudeMode>
				</LookAt>
				<styleUrl>#__managed_style_1689C368BB40DE0E9B8C</styleUrl>
				<Point>
					<altitudeMode>relativeToGround</altitudeMode>
					<coordinates>0.0014643,51.4769095,0</coordinates>
				</Point>
			</Placemark>
			<Placemark id="084F41681E384E9EA5D6">
				<name>Hoe Park</name>
				<gx:mid>/m/0692x</gx:mid>
				<gx:fid>0x486c9352265f8d59:0xb9dfa47dd716e80f</gx:fid>
				<LookAt>
					<longitude>-4.1423333</longitude>
					<latitude>50.3656167</latitude>
					<altitude>0</altitude>
					<heading>0</heading>
					<tilt>0</tilt>
					<gx:fovy>35</gx:fovy>
					<range>644.6965621490157</range>
					<altitudeMode>relativeToGround</altitudeMode>
				</LookAt>
				<styleUrl>#__managed_style_1689C368BB40DE0E9B8C</styleUrl>
				<Point>
					<altitudeMode>relativeToGround</altitudeMode>
					<coordinates>-4.142465945965138,50.36503063142025,0</coordinates>
				</Point>
			</Placemark>
			<Placemark id="00200F8AD4391BA49FD1">
				<name>Hyde Park</name>
				<gx:mid>/m/01d_0p</gx:mid>
				<gx:fid>0x4876054929181a85:0xd1af6c4f49b4bd0c</gx:fid>
				<LookAt>
					<longitude>-0.1641135</longitude>
					<latitude>51.5073638</latitude>
					<altitude>0</altitude>
					<heading>0</heading>
					<tilt>0</tilt>
					<gx:fovy>35</gx:fovy>
					<range>627.8393941171769</range>
					<altitudeMode>relativeToGround</altitudeMode>
				</LookAt>
				<styleUrl>#__managed_style_1689C368BB40DE0E9B8C</styleUrl>
				<Point>
					<altitudeMode>relativeToGround</altitudeMode>
					<coordinates>-0.1641760896936917,51.50705608647851,0</coordinates>
				</Point>
			</Placemark>
			<Placemark id="0C0046867F391BA4D029">
				<name>Italian Gardens</name>
				<gx:mid>/g/1tj1rk82</gx:mid>
				<gx:fid>0x48760549cbcba1eb:0x5731790295b25896</gx:fid>
				<LookAt>
					<longitude>-0.1755901</longitude>
					<latitude>51.5107271</latitude>
					<altitude>0</altitude>
					<heading>0</heading>
					<tilt>0</tilt>
					<gx:fovy>35</gx:fovy>
					<range>627.789426359706</range>
					<altitudeMode>relativeToGround</altitudeMode>
				</LookAt>
				<styleUrl>#__managed_style_1689C368BB40DE0E9B8C</styleUrl>
				<Point>
					<altitudeMode>relativeToGround</altitudeMode>
					<coordinates>-0.1755901,51.5107271,0</coordinates>
				</Point>
			</Placemark>
			<Placemark id="025408D250391BA56860">
				<name>Kensington Gardens</name>
				<gx:mid>/m/01jcdm</gx:mid>
				<gx:fid>0x48760550e0a7a33d:0x62eea98228b6b77c</gx:fid>
				<LookAt>
					<longitude>-0.179165</longitude>
					<latitude>51.506987</latitude>
					<altitude>0</altitude>
					<heading>0</heading>
					<tilt>0</tilt>
					<gx:fovy>35</gx:fovy>
					<range>627.8449920342208</range>
					<altitudeMode>relativeToGround</altitudeMode>
				</LookAt>
				<styleUrl>#__managed_style_1689C368BB40DE0E9B8C</styleUrl>
				<Point>
					<altitudeMode>relativeToGround</altitudeMode>
					<coordinates>-0.179165,51.506987,0</coordinates>
				</Point>
			</Placemark>
			<Placemark id="0DC63647C4391BA5E9E8">
				<name>Holland Park</name>
				<gx:mid>/m/02tfx6</gx:mid>
				<gx:fid>0x48760fefa6be6ee7:0x6a59f820ac676c4d</gx:fid>
				<LookAt>
					<longitude>-0.2036668</longitude>
					<latitude>51.50322519999999</latitude>
					<altitude>0</altitude>
					<heading>0</heading>
					<tilt>0</tilt>
					<gx:fovy>35</gx:fovy>
					<range>627.900877857358</range>
					<altitudeMode>relativeToGround</altitudeMode>
				</LookAt>
				<styleUrl>#__managed_style_4B25EC2B2040DE0E9B90</styleUrl>
				<Point>
					<altitudeMode>relativeToGround</altitudeMode>
					<coordinates>-0.2042359187884224,51.50346574048244,0</coordinates>
				</Point>
			</Placemark>
			<Placemark id="0AF12ABF53391BAB8D1C">
				<name>Hampton Court Park (Home Park)</name>
				<gx:mid>/m/06_8t6</gx:mid>
				<gx:fid>0x48760ba14a5280d3:0xb03d32684c87648</gx:fid>
				<LookAt>
					<longitude>-0.3209247</longitude>
					<latitude>51.40558840000001</latitude>
					<altitude>0</altitude>
					<heading>0</heading>
					<tilt>0</tilt>
					<gx:fovy>35</gx:fovy>
					<range>629.3505958763257</range>
					<altitudeMode>relativeToGround</altitudeMode>
				</LookAt>
				<styleUrl>#__managed_style_1689C368BB40DE0E9B8C</styleUrl>
				<Point>
					<altitudeMode>relativeToGround</altitudeMode>
					<coordinates>-0.3360713417335937,51.40983096165206,0</coordinates>
				</Point>
			</Placemark>
			<Placemark id="003C9F5097391BB12F28">
				<name>Buckingham Palace Garden</name>
				<gx:mid>/m/022q8b</gx:mid>
				<gx:fid>0x48760526be03d8d9:0xb2f6de4d52b68d21</gx:fid>
				<LookAt>
					<longitude>-0.1460413</longitude>
					<latitude>51.5011202</latitude>
					<altitude>0</altitude>
					<heading>0</heading>
					<tilt>0</tilt>
					<gx:fovy>35</gx:fovy>
					<range>627.9321490481648</range>
					<altitudeMode>relativeToGround</altitudeMode>
				</LookAt>
				<styleUrl>#__managed_style_1689C368BB40DE0E9B8C</styleUrl>
				<Point>
					<altitudeMode>relativeToGround</altitudeMode>
					<coordinates>-0.1460413,51.5011202,0</coordinates>
				</Point>
			</Placemark>
			<Placemark id="0C5C817224391BB1FA0C">
				<name>London Parks &amp; Gardens Trust</name>
				<gx:mid>/m/05p526_</gx:mid>
				<gx:fid>0x487604dac0b1e013:0xce2e26790c9a86a7</gx:fid>
				<LookAt>
					<longitude>-0.1306315</longitude>
					<latitude>51.5031723</latitude>
					<altitude>0</altitude>
					<heading>0</heading>
					<tilt>0</tilt>
					<gx:fovy>35</gx:fovy>
					<range>627.9016637310656</range>
					<altitudeMode>relativeToGround</altitudeMode>
				</LookAt>
				<styleUrl>#__managed_style_1689C368BB40DE0E9B8C</styleUrl>
				<Point>
					<altitudeMode>relativeToGround</altitudeMode>
					<coordinates>-0.1306315,51.5031723,0</coordinates>
				</Point>
			</Placemark>
			<Placemark id="0FC8FB6EB7391BBEC436">
				<name>Queen Mary&apos;s Rose Gardens</name>
				<gx:mid>/g/11bw3df24_</gx:mid>
				<gx:fid>0x48761ac525aae5e3:0x5c055c06706d9354</gx:fid>
				<LookAt>
					<longitude>-0.1517503</longitude>
					<latitude>51.52754350000001</latitude>
					<altitude>0</altitude>
					<heading>0</heading>
					<tilt>0</tilt>
					<gx:fovy>35</gx:fovy>
					<range>627.5395621009877</range>
					<altitudeMode>relativeToGround</altitudeMode>
				</LookAt>
				<styleUrl>#__managed_style_1689C368BB40DE0E9B8C</styleUrl>
				<Point>
					<altitudeMode>relativeToGround</altitudeMode>
					<coordinates>-0.1573529790550243,51.52833008384827,0</coordinates>
				</Point>
			</Placemark>
			<Placemark id="035FFE1AFC391BC7099E">
				<name>Victoria Park</name>
				<gx:mid>/m/029bs7</gx:mid>
				<gx:fid>0x48761d18d943431d:0xe0bcb0765fbb76a</gx:fid>
				<LookAt>
					<longitude>-0.03863539999999999</longitude>
					<latitude>51.53679759999999</latitude>
					<altitude>0</altitude>
					<heading>0</heading>
					<tilt>0</tilt>
					<gx:fovy>35</gx:fovy>
					<range>627.4020421209048</range>
					<altitudeMode>relativeToGround</altitudeMode>
				</LookAt>
				<styleUrl>#__managed_style_1689C368BB40DE0E9B8C</styleUrl>
				<Point>
					<altitudeMode>relativeToGround</altitudeMode>
					<coordinates>-0.0386354,51.5367976,0</coordinates>
				</Point>
			</Placemark>
			<Placemark id="08CA682A5B39619C712B">
				<name>Primrose Hill</name>
				<gx:mid>/g/11b6jkb7nw</gx:mid>
				<gx:fid>0x48761aebb1f426db:0xb5c48caa13b20321</gx:fid>
				<LookAt>
					<longitude>-0.1606499</longitude>
					<latitude>51.5395226</latitude>
					<altitude>0</altitude>
					<heading>0</heading>
					<tilt>0</tilt>
					<gx:fovy>35</gx:fovy>
					<range>627.3615448361048</range>
					<altitudeMode>relativeToGround</altitudeMode>
				</LookAt>
				<styleUrl>#__managed_style_1689C368BB40DE0E9B8C</styleUrl>
				<Point>
					<altitudeMode>relativeToGround</altitudeMode>
					<coordinates>-0.1606499,51.5395226,0</coordinates>
				</Point>
			</Placemark>
			<Placemark id="09C5C9919F391BC758F4">
				<name>Battersea Park</name>
				<gx:mid>/m/03b3k6</gx:mid>
				<gx:fid>0x4876050ebc506039:0xfed645816162fe41</gx:fid>
				<LookAt>
					<longitude>-0.1564981</longitude>
					<latitude>51.4791075</latitude>
					<altitude>0</altitude>
					<heading>0</heading>
					<tilt>0</tilt>
					<gx:fovy>35</gx:fovy>
					<range>628.2591203035893</range>
					<altitudeMode>relativeToGround</altitudeMode>
				</LookAt>
				<styleUrl>#__managed_style_1689C368BB40DE0E9B8C</styleUrl>
				<Point>
					<altitudeMode>relativeToGround</altitudeMode>
					<coordinates>-0.1564981,51.4791075,0</coordinates>
				</Point>
			</Placemark>
			<Placemark id="0C918634D93ED261E0C8">
				<gx:mid>/m/06k9r</gx:mid>
				<gx:fid>0x48760dc5605b3443:0xd16f914f6291fb7e</gx:fid>
				<LookAt>
					<longitude>-0.295573</longitude>
					<latitude>51.4787438</latitude>
					<altitude>0</altitude>
					<heading>0</heading>
					<tilt>0</tilt>
					<gx:fovy>35</gx:fovy>
					<range>628.2645219670803</range>
					<altitudeMode>relativeToGround</altitudeMode>
				</LookAt>
				<styleUrl>#__managed_style_1689C368BB40DE0E9B8C</styleUrl>
				<Point>
					<altitudeMode>relativeToGround</altitudeMode>
					<coordinates>-0.295573,51.4787438,0</coordinates>
				</Point>
			</Placemark>
		</Folder>
		<Folder id="0B07E1520C391BD01B7E">
			<name>מוזיאונים</name>
			<styleUrl>#__managed_style_3EAD8AA57B40DE0E9B90</styleUrl>
			<Placemark id="00C2EC099238495E942B">
				<name>The British Museum</name>
				<gx:mid>/m/01hb3</gx:mid>
				<gx:fid>0x48761b323093d307:0x2fb199016d5642a7</gx:fid>
				<LookAt>
					<longitude>-0.1269566</longitude>
					<latitude>51.5194133</latitude>
					<altitude>0</altitude>
					<heading>0</heading>
					<tilt>0</tilt>
					<gx:fovy>35</gx:fovy>
					<range>627.6603692130427</range>
					<altitudeMode>relativeToGround</altitudeMode>
				</LookAt>
				<styleUrl>#__managed_style_2AABF2DAA440DE0E9B93</styleUrl>
				<Point>
					<altitudeMode>relativeToGround</altitudeMode>
					<coordinates>-0.1269566,51.5194133,0</coordinates>
				</Point>
			</Placemark>
			<Placemark id="04C6F53AE1391B9AD766">
				<name>HMS Belfast</name>
				<gx:mid>/m/01dswg</gx:mid>
				<gx:fid>0x4876034fcfd170e7:0xb5fcfd348020fae</gx:fid>
				<LookAt>
					<longitude>-0.08138899999999999</longitude>
					<latitude>51.506579</latitude>
					<altitude>0</altitude>
					<heading>0</heading>
					<tilt>0</tilt>
					<gx:fovy>35</gx:fovy>
					<range>627.8510534476134</range>
					<altitudeMode>relativeToGround</altitudeMode>
				</LookAt>
				<styleUrl>#__managed_style_2AABF2DAA440DE0E9B93</styleUrl>
				<Point>
					<altitudeMode>relativeToGround</altitudeMode>
					<coordinates>-0.081389,51.50657899999999,0</coordinates>
				</Point>
			</Placemark>
			<Placemark id="06D81CF22C391B9C804C">
				<name>Hello, Delight! : Media Art Exhibition</name>
				<gx:mid>/g/11y1k5k_wb</gx:mid>
				<gx:fid>0x48760358f3268ead:0x56f8b4fe338b1abc</gx:fid>
				<LookAt>
					<longitude>-0.09220210000000001</longitude>
					<latitude>51.50702460000001</latitude>
					<altitude>0</altitude>
					<heading>0</heading>
					<tilt>0</tilt>
					<gx:fovy>35</gx:fovy>
					<range>627.8444334320468</range>
					<altitudeMode>relativeToGround</altitudeMode>
				</LookAt>
				<styleUrl>#__managed_style_2AABF2DAA440DE0E9B93</styleUrl>
				<Point>
					<altitudeMode>relativeToGround</altitudeMode>
					<coordinates>-0.0922021,51.5070246,0</coordinates>
				</Point>
			</Placemark>
			<Placemark id="0E7DF0D28E391BA42F13">
				<name>Frameless Immersive Art Experience</name>
				<gx:mid>/g/11sz5g225k</gx:mid>
				<gx:fid>0x487605ba36a8dd21:0x469ec68a5cd7a779</gx:fid>
				<LookAt>
					<longitude>-0.1603609</longitude>
					<latitude>51.51367550000001</latitude>
					<altitude>0</altitude>
					<heading>0</heading>
					<tilt>0</tilt>
					<gx:fovy>35</gx:fovy>
					<range>627.7456211954413</range>
					<altitudeMode>relativeToGround</altitudeMode>
				</LookAt>
				<styleUrl>#__managed_style_2AABF2DAA440DE0E9B93</styleUrl>
				<Point>
					<altitudeMode>relativeToGround</altitudeMode>
					<coordinates>-0.1603609,51.5136755,0</coordinates>
				</Point>
			</Placemark>
			<Placemark id="0DE122A8C2396222A321">
				<name>Dopamine Land London: A Multisensory Experience</name>
				<gx:mid>/g/11sqq5w1g9</gx:mid>
				<gx:fid>0x487605eb16fab1e5:0xccff0c28617872d4</gx:fid>
				<LookAt>
					<longitude>-0.1765491</longitude>
					<latitude>51.4927261</latitude>
					<altitude>0</altitude>
					<heading>0</heading>
					<tilt>0</tilt>
					<gx:fovy>35</gx:fovy>
					<range>628.0568420439917</range>
					<altitudeMode>relativeToGround</altitudeMode>
				</LookAt>
				<styleUrl>#__managed_style_2AABF2DAA440DE0E9B93</styleUrl>
				<Point>
					<altitudeMode>relativeToGround</altitudeMode>
					<coordinates>-0.1765491,51.4927261,0</coordinates>
				</Point>
			</Placemark>
			<Placemark id="07F774BCBE3962FC69EF">
				<name>Shrek&apos;s Adventure London</name>
				<gx:mid>/g/11ckqrbfhz</gx:mid>
				<gx:fid>0x487604c708e7329f:0xa0fdd3ca9bc4828a</gx:fid>
				<LookAt>
					<longitude>-0.1193734</longitude>
					<latitude>51.5018817</latitude>
					<altitude>0</altitude>
					<heading>0</heading>
					<tilt>0</tilt>
					<gx:fovy>35</gx:fovy>
					<range>627.9208365347995</range>
					<altitudeMode>relativeToGround</altitudeMode>
				</LookAt>
				<styleUrl>#__managed_style_2AABF2DAA440DE0E9B93</styleUrl>
				<Point>
					<altitudeMode>relativeToGround</altitudeMode>
					<coordinates>-0.1193734,51.50188169999999,0</coordinates>
				</Point>
			</Placemark>
			<Placemark id="04CDD3A2DC3ED251F024">
				<gx:mid>/g/1hd_pw47c</gx:mid>
				<gx:fid>0x48761b4ac9f595a1:0xeea4b606cd807220</gx:fid>
				<LookAt>
					<longitude>-0.1159625</longitude>
					<latitude>51.5153551</latitude>
					<altitude>0</altitude>
					<heading>0</heading>
					<tilt>0</tilt>
					<gx:fovy>35</gx:fovy>
					<range>627.7206663132592</range>
					<altitudeMode>relativeToGround</altitudeMode>
				</LookAt>
				<styleUrl>#__managed_style_2AABF2DAA440DE0E9B93</styleUrl>
				<Point>
					<altitudeMode>relativeToGround</altitudeMode>
					<coordinates>-0.1159625,51.5153551,0</coordinates>
				</Point>
			</Placemark>
			<Placemark id="09330D1E2E3ED25232D0">
				<gx:mid>/m/01w0yg</gx:mid>
				<gx:fid>0x48761b4a94370469:0xdb8be3c9759aab99</gx:fid>
				<LookAt>
					<longitude>-0.1174699</longitude>
					<latitude>51.51703819999999</latitude>
					<altitude>0</altitude>
					<heading>0</heading>
					<tilt>0</tilt>
					<gx:fovy>35</gx:fovy>
					<range>627.6956589797644</range>
					<altitudeMode>relativeToGround</altitudeMode>
				</LookAt>
				<styleUrl>#__managed_style_2AABF2DAA440DE0E9B93</styleUrl>
				<Point>
					<altitudeMode>relativeToGround</altitudeMode>
					<coordinates>-0.1174283,51.5169837,0</coordinates>
				</Point>
			</Placemark>
			<Placemark id="0EF73538063ED2528E99">
				<gx:mid>/m/02qt4cf</gx:mid>
				<gx:fid>0x48761b48c0e9d009:0x2c035afa3c3306f0</gx:fid>
				<LookAt>
					<longitude>-0.113926</longitude>
					<latitude>51.524751</latitude>
					<altitude>0</altitude>
					<heading>0</heading>
					<tilt>0</tilt>
					<gx:fovy>35</gx:fovy>
					<range>627.5810572036416</range>
					<altitudeMode>relativeToGround</altitudeMode>
				</LookAt>
				<styleUrl>#__managed_style_2AABF2DAA440DE0E9B93</styleUrl>
				<Point>
					<altitudeMode>relativeToGround</altitudeMode>
					<coordinates>-0.1139044,51.5247586,0</coordinates>
				</Point>
			</Placemark>
			<Placemark id="04560B314B3ED253EC20">
				<gx:mid>/m/05r48r</gx:mid>
				<gx:fid>0x487604dad55789ab:0xcd8d10d8b2cf95e4</gx:fid>
				<LookAt>
					<longitude>-0.1293572</longitude>
					<latitude>51.5021585</latitude>
					<altitude>0</altitude>
					<heading>0</heading>
					<tilt>0</tilt>
					<gx:fovy>35</gx:fovy>
					<range>627.9167244913402</range>
					<altitudeMode>relativeToGround</altitudeMode>
				</LookAt>
				<styleUrl>#__managed_style_2AABF2DAA440DE0E9B93</styleUrl>
				<Point>
					<altitudeMode>relativeToGround</altitudeMode>
					<coordinates>-0.1293572,51.50215850000001,0</coordinates>
				</Point>
			</Placemark>
			<Placemark id="09982E00D73ED25F37E9">
				<gx:mid>/m/0p88j</gx:mid>
				<gx:fid>0x487604ce176ac979:0x42af85654e23a0b4</gx:fid>
				<LookAt>
					<longitude>-0.128299</longitude>
					<latitude>51.50892899999999</latitude>
					<altitude>0</altitude>
					<heading>0</heading>
					<tilt>0</tilt>
					<gx:fovy>35</gx:fovy>
					<range>627.8161405323409</range>
					<altitudeMode>relativeToGround</altitudeMode>
				</LookAt>
				<styleUrl>#__managed_style_2AABF2DAA440DE0E9B93</styleUrl>
				<Point>
					<altitudeMode>relativeToGround</altitudeMode>
					<coordinates>-0.128299,51.50892899999999,0</coordinates>
				</Point>
			</Placemark>
			<Placemark id="0DFCF06F343ED2695BF3">
				<gx:mid>/m/0p1tx</gx:mid>
				<gx:fid>0x48760543b17e57c3:0x9eb7094dfdcd651f</gx:fid>
				<LookAt>
					<longitude>-0.17218</longitude>
					<latitude>51.4966392</latitude>
					<altitude>0</altitude>
					<heading>0</heading>
					<tilt>0</tilt>
					<gx:fovy>35</gx:fovy>
					<range>627.9987149712822</range>
					<altitudeMode>relativeToGround</altitudeMode>
				</LookAt>
				<styleUrl>#__managed_style_2AABF2DAA440DE0E9B93</styleUrl>
				<Point>
					<altitudeMode>relativeToGround</altitudeMode>
					<coordinates>-0.17218,51.4966392,0</coordinates>
				</Point>
			</Placemark>
		</Folder>
		<Folder id="0D7ADC1511391BD03A40">
			<name>בתי קפה / בראנץ׳</name>
			<styleUrl>#__managed_style_3EAD8AA57B40DE0E9B90</styleUrl>
			<Placemark id="01DC3AC7ED391BA2D3F7">
				<name>Italian Bear Chocolate - Fitzrovia</name>
				<gx:mid>/g/11hbgf34f7</gx:mid>
				<gx:fid>0x48761b2c7cbeded1:0x83eb3d4c84ecc1e6</gx:fid>
				<LookAt>
					<longitude>-0.1344784</longitude>
					<latitude>51.5178196</latitude>
					<altitude>0</altitude>
					<heading>0</heading>
					<tilt>0</tilt>
					<gx:fovy>35</gx:fovy>
					<range>627.6840488628059</range>
					<altitudeMode>relativeToGround</altitudeMode>
				</LookAt>
				<styleUrl>#__managed_style_0DB866B5C440DE0E9B93</styleUrl>
				<Point>
					<altitudeMode>relativeToGround</altitudeMode>
					<coordinates>-0.1344784,51.5178196,0</coordinates>
				</Point>
			</Placemark>
			<Placemark id="0AD30706C63ED2685900">
				<gx:mid>/g/11w879l_jq</gx:mid>
				<gx:fid>0x48760583fd6f0e73:0x9d08e9bb6c46852b</gx:fid>
				<LookAt>
					<longitude>-0.1120692</longitude>
					<latitude>51.50125209999999</latitude>
					<altitude>0</altitude>
					<heading>0</heading>
					<tilt>0</tilt>
					<gx:fovy>35</gx:fovy>
					<range>627.930189605635</range>
					<altitudeMode>relativeToGround</altitudeMode>
				</LookAt>
				<styleUrl>#__managed_style_0DB866B5C440DE0E9B93</styleUrl>
				<Point>
					<altitudeMode>relativeToGround</altitudeMode>
					<coordinates>-0.1120707,51.50125360000001,0</coordinates>
				</Point>
			</Placemark>
			<Placemark id="0B86B96FF23ED2690A20">
				<gx:mid>/g/1td1_r7c</gx:mid>
				<gx:fid>0x4876055e12958739:0xc2fa7d3d21a20b9c</gx:fid>
				<LookAt>
					<longitude>-0.1724351999999999</longitude>
					<latitude>51.4973733</latitude>
					<altitude>0</altitude>
					<heading>0</heading>
					<tilt>0</tilt>
					<gx:fovy>35</gx:fovy>
					<range>627.9878100249783</range>
					<altitudeMode>relativeToGround</altitudeMode>
				</LookAt>
				<styleUrl>#__managed_style_0DB866B5C440DE0E9B93</styleUrl>
				<Point>
					<altitudeMode>relativeToGround</altitudeMode>
					<coordinates>-0.1724352,51.4973733,0</coordinates>
				</Point>
			</Placemark>
			<Placemark id="0A7B27606D3ED26C5A98">
				<gx:mid>/g/11s2nhy8n_</gx:mid>
				<gx:fid>0x4876054bbfb95767:0x6e3004996ab8c3a6</gx:fid>
				<LookAt>
					<longitude>-0.1363055</longitude>
					<latitude>51.5136761</latitude>
					<altitude>0</altitude>
					<heading>0</heading>
					<tilt>0</tilt>
					<gx:fovy>35</gx:fovy>
					<range>627.7456122809409</range>
					<altitudeMode>relativeToGround</altitudeMode>
				</LookAt>
				<styleUrl>#__managed_style_0DB866B5C440DE0E9B93</styleUrl>
				<Point>
					<altitudeMode>relativeToGround</altitudeMode>
					<coordinates>-0.1363055,51.5136761,0</coordinates>
				</Point>
			</Placemark>
			<Placemark id="0673F45DF83ED26D36A7">
				<gx:mid>/g/11h2fgnftb</gx:mid>
				<gx:fid>0x48760382043a0291:0x4238b26a11a81e4e</gx:fid>
				<LookAt>
					<longitude>-0.0883144</longitude>
					<latitude>51.4966182</latitude>
					<altitude>0</altitude>
					<heading>0</heading>
					<tilt>0</tilt>
					<gx:fovy>35</gx:fovy>
					<range>627.9990269218978</range>
					<altitudeMode>relativeToGround</altitudeMode>
				</LookAt>
				<styleUrl>#__managed_style_0DB866B5C440DE0E9B93</styleUrl>
				<Point>
					<altitudeMode>relativeToGround</altitudeMode>
					<coordinates>-0.0883642,51.4965941,0</coordinates>
				</Point>
			</Placemark>
			<Placemark id="0D42BACFBB3ED26DE690">
				<gx:mid>/g/1wk7qbc3</gx:mid>
				<gx:fid>0x4876052123652107:0x7903cbb3b0f1c52e</gx:fid>
				<LookAt>
					<longitude>-0.1444755</longitude>
					<latitude>51.4980729</latitude>
					<altitude>0</altitude>
					<heading>0</heading>
					<tilt>0</tilt>
					<gx:fovy>35</gx:fovy>
					<range>627.9774174913075</range>
					<altitudeMode>relativeToGround</altitudeMode>
				</LookAt>
				<styleUrl>#__managed_style_0DB866B5C440DE0E9B93</styleUrl>
				<Point>
					<altitudeMode>relativeToGround</altitudeMode>
					<coordinates>-0.1444755,51.4980729,0</coordinates>
				</Point>
			</Placemark>
			<Placemark id="00AE4F05683ED26E5E4B">
				<gx:mid>/g/11pcs0k687</gx:mid>
				<gx:fid>0x487605c31575e855:0x20bb1148309bc17</gx:fid>
				<LookAt>
					<longitude>-0.1261034</longitude>
					<latitude>51.51247989999999</latitude>
					<altitude>0</altitude>
					<heading>0</heading>
					<tilt>0</tilt>
					<gx:fovy>35</gx:fovy>
					<range>627.7633847096463</range>
					<altitudeMode>relativeToGround</altitudeMode>
				</LookAt>
				<styleUrl>#__managed_style_0DB866B5C440DE0E9B93</styleUrl>
				<Point>
					<altitudeMode>relativeToGround</altitudeMode>
					<coordinates>-0.1261034,51.5124799,0</coordinates>
				</Point>
			</Placemark>
			<Placemark id="032D653FF83ED26EE6E1">
				<gx:mid>/g/11bc7l638b</gx:mid>
				<gx:fid>0x48761b58468bb6b5:0x74767633fa9129e3</gx:fid>
				<LookAt>
					<longitude>-0.09588390000000002</longitude>
					<latitude>51.5270678</latitude>
					<altitude>0</altitude>
					<heading>0</heading>
					<tilt>0</tilt>
					<gx:fovy>35</gx:fovy>
					<range>627.5466308439416</range>
					<altitudeMode>relativeToGround</altitudeMode>
				</LookAt>
				<styleUrl>#__managed_style_0DB866B5C440DE0E9B93</styleUrl>
				<Point>
					<altitudeMode>relativeToGround</altitudeMode>
					<coordinates>-0.09588389999999999,51.5270678,0</coordinates>
				</Point>
			</Placemark>
			<Placemark id="0249898AC23ED26F5C28">
				<gx:mid>/g/11s61vg066</gx:mid>
				<gx:fid>0x48761dda21207b15:0xd1e359ee0f6f2b8f</gx:fid>
				<LookAt>
					<longitude>-0.0821916</longitude>
					<latitude>51.5248258</latitude>
					<altitude>0</altitude>
					<heading>0</heading>
					<tilt>0</tilt>
					<gx:fovy>35</gx:fovy>
					<range>627.5799457305516</range>
					<altitudeMode>relativeToGround</altitudeMode>
				</LookAt>
				<styleUrl>#__managed_style_0DB866B5C440DE0E9B93</styleUrl>
				<Point>
					<altitudeMode>relativeToGround</altitudeMode>
					<coordinates>-0.08215399999999999,51.5248218,0</coordinates>
				</Point>
			</Placemark>
			<Placemark id="0FBDC4C0973ED26FEFA9">
				<gx:mid>/g/11cjng4tvn</gx:mid>
				<gx:fid>0x487604a30e8bae35:0x350482ef1ed09f24</gx:fid>
				<LookAt>
					<longitude>-0.1035319</longitude>
					<latitude>51.4974626</latitude>
					<altitude>0</altitude>
					<heading>0</heading>
					<tilt>0</tilt>
					<gx:fovy>35</gx:fovy>
					<range>627.9864834809163</range>
					<altitudeMode>relativeToGround</altitudeMode>
				</LookAt>
				<styleUrl>#__managed_style_0DB866B5C440DE0E9B93</styleUrl>
				<Point>
					<altitudeMode>relativeToGround</altitudeMode>
					<coordinates>-0.10354,51.4974593,0</coordinates>
				</Point>
			</Placemark>
			<Placemark id="007A6FB3F83ED27052CB">
				<gx:mid>/g/11gy3dwys4</gx:mid>
				<gx:fid>0x487605c1dfd048bd:0xce8fc4c2ea3f044e</gx:fid>
				<LookAt>
					<longitude>-0.1782962</longitude>
					<latitude>51.5125987</latitude>
					<altitude>0</altitude>
					<heading>0</heading>
					<tilt>0</tilt>
					<gx:fovy>35</gx:fovy>
					<range>627.7616196600169</range>
					<altitudeMode>relativeToGround</altitudeMode>
				</LookAt>
				<styleUrl>#__managed_style_0DB866B5C440DE0E9B93</styleUrl>
				<Point>
					<altitudeMode>relativeToGround</altitudeMode>
					<coordinates>-0.1782962,51.51259870000001,0</coordinates>
				</Point>
			</Placemark>
			<Placemark id="00FA93BB3F3ED270E5C8">
				<gx:mid>/g/1tdk9kll</gx:mid>
				<gx:fid>0x48761b511a7ecba1:0xab1094d5ac041c52</gx:fid>
				<LookAt>
					<longitude>-0.1018889</longitude>
					<latitude>51.5223652</latitude>
					<altitude>0</altitude>
					<heading>0</heading>
					<tilt>0</tilt>
					<gx:fovy>35</gx:fovy>
					<range>627.6165079740761</range>
					<altitudeMode>relativeToGround</altitudeMode>
				</LookAt>
				<styleUrl>#__managed_style_0DB866B5C440DE0E9B93</styleUrl>
				<Point>
					<altitudeMode>relativeToGround</altitudeMode>
					<coordinates>-0.1018658,51.5223701,0</coordinates>
				</Point>
			</Placemark>
		</Folder>
		<Folder id="0F1B789DA6391BD05B49">
			<name>מסעדות</name>
			<styleUrl>#__managed_style_3EAD8AA57B40DE0E9B90</styleUrl>
			<Placemark id="062CAD7BC0391BA170BE">
				<name>Karens Diner</name>
				<gx:mid>/g/11tsn1n5jg</gx:mid>
				<gx:fid>0x48761b433cb263c1:0x168c2aca71315a64</gx:fid>
				<LookAt>
					<longitude>-0.1069757</longitude>
					<latitude>51.5327084</latitude>
					<altitude>0</altitude>
					<heading>0</heading>
					<tilt>0</tilt>
					<gx:fovy>35</gx:fovy>
					<range>627.4628111008873</range>
					<altitudeMode>relativeToGround</altitudeMode>
				</LookAt>
				<styleUrl>#__managed_style_1EC7086C7240DE0E9B8F</styleUrl>
				<Point>
					<altitudeMode>relativeToGround</altitudeMode>
					<coordinates>-0.1069731,51.53272369999999,0</coordinates>
				</Point>
			</Placemark>
			<Placemark id="0C696C610C391B9E9DC3">
				<name>Coq d&apos;Argent</name>
				<gx:mid>/g/12vs_pqw_</gx:mid>
				<gx:fid>0x48760354e080fd91:0x2cd3a178b562cec5</gx:fid>
				<LookAt>
					<longitude>-0.09118339999999998</longitude>
					<latitude>51.5134888</latitude>
					<altitude>0</altitude>
					<heading>0</heading>
					<tilt>0</tilt>
					<gx:fovy>35</gx:fovy>
					<range>627.748395088042</range>
					<altitudeMode>relativeToGround</altitudeMode>
				</LookAt>
				<styleUrl>#__managed_style_1EC7086C7240DE0E9B8F</styleUrl>
				<Point>
					<altitudeMode>relativeToGround</altitudeMode>
					<coordinates>-0.0911834,51.5134888,0</coordinates>
				</Point>
			</Placemark>
			<Placemark id="0316F9357C391BBE793C">
				<name>Old Bank of England</name>
				<gx:mid>/g/1w0p52rc</gx:mid>
				<gx:fid>0x487604b35f4b6b53:0x8f58bf84a7687a7e</gx:fid>
				<LookAt>
					<longitude>-0.1114799</longitude>
					<latitude>51.5138974</latitude>
					<altitude>0</altitude>
					<heading>0</heading>
					<tilt>0</tilt>
					<gx:fovy>35</gx:fovy>
					<range>627.7423243121376</range>
					<altitudeMode>relativeToGround</altitudeMode>
				</LookAt>
				<styleUrl>#__managed_style_1EC7086C7240DE0E9B8F</styleUrl>
				<Point>
					<altitudeMode>relativeToGround</altitudeMode>
					<coordinates>-0.1114665,51.5138591,0</coordinates>
				</Point>
			</Placemark>
			<Placemark id="09AD52594C394390B231">
				<name>Trafalgar Tavern</name>
				<gx:mid>/m/010lt6z3</gx:mid>
				<gx:fid>0x48760282e79d80b9:0x5430eeab9f7f1199</gx:fid>
				<LookAt>
					<longitude>-0.0041613</longitude>
					<latitude>51.4846176</latitude>
					<altitude>0</altitude>
					<heading>0</heading>
					<tilt>0</tilt>
					<gx:fovy>35</gx:fovy>
					<range>628.177281858741</range>
					<altitudeMode>relativeToGround</altitudeMode>
				</LookAt>
				<styleUrl>#__managed_style_1EC7086C7240DE0E9B8F</styleUrl>
				<Point>
					<altitudeMode>relativeToGround</altitudeMode>
					<coordinates>-0.0041613,51.4846176,0</coordinates>
				</Point>
			</Placemark>
			<Placemark id="01C60A567D396196CF48">
				<name>EVE</name>
				<gx:mid>/g/11vblw96w8</gx:mid>
				<gx:fid>0x48760fe43f63d479:0x3b3dc85e2119a5ac</gx:fid>
				<LookAt>
					<longitude>-0.1944178</longitude>
					<latitude>51.4949597</latitude>
					<altitude>0</altitude>
					<heading>0</heading>
					<tilt>0</tilt>
					<gx:fovy>35</gx:fovy>
					<range>628.0236633717004</range>
					<altitudeMode>relativeToGround</altitudeMode>
				</LookAt>
				<styleUrl>#__managed_style_1EC7086C7240DE0E9B8F</styleUrl>
				<Point>
					<altitudeMode>relativeToGround</altitudeMode>
					<coordinates>-0.1944178,51.4949597,0</coordinates>
				</Point>
			</Placemark>
			<Placemark id="02309CEA253961D0248F">
				<name>Seven Dials Market - שוק אוכל</name>
				<gx:mid>/g/11gy6hbgw8</gx:mid>
				<gx:fid>0x487605b86141870f:0x8c91ef556e54dfbf</gx:fid>
				<LookAt>
					<longitude>-0.1260421</longitude>
					<latitude>51.51396319999999</latitude>
					<altitude>0</altitude>
					<heading>0</heading>
					<tilt>0</tilt>
					<gx:fovy>35</gx:fovy>
					<range>627.7413466859316</range>
					<altitudeMode>relativeToGround</altitudeMode>
				</LookAt>
				<styleUrl>#__managed_style_0F3455054A40DE0E9BA0</styleUrl>
				<Point>
					<altitudeMode>relativeToGround</altitudeMode>
					<coordinates>-0.1260421,51.5139632,0</coordinates>
				</Point>
			</Placemark>
			<Placemark id="009DA1ADFC396201F89C">
				<name>Los Mochis London City</name>
				<gx:mid>/g/11l6mdhlc9</gx:mid>
				<gx:fid>0x48761db8fa1dda59:0xf6eb3b316e5cdba</gx:fid>
				<LookAt>
					<longitude>-0.08377699999999998</longitude>
					<latitude>51.51780819999999</latitude>
					<altitude>0</altitude>
					<heading>0</heading>
					<tilt>0</tilt>
					<gx:fovy>35</gx:fovy>
					<range>627.6842182458084</range>
					<altitudeMode>relativeToGround</altitudeMode>
				</LookAt>
				<styleUrl>#__managed_style_1EC7086C7240DE0E9B8F</styleUrl>
				<Point>
					<altitudeMode>relativeToGround</altitudeMode>
					<coordinates>-0.08377699999999999,51.51780819999999,0</coordinates>
				</Point>
			</Placemark>
			<Placemark id="0EAF16937D39620311C8">
				<name>Decimo</name>
				<gx:mid>/g/11fpklrv8b</gx:mid>
				<gx:fid>0x48761b30e47950fd:0x28b58b3d36401ad3</gx:fid>
				<LookAt>
					<longitude>-0.1243018</longitude>
					<latitude>51.5294876</latitude>
					<altitude>0</altitude>
					<heading>0</heading>
					<tilt>0</tilt>
					<gx:fovy>35</gx:fovy>
					<range>627.5106730514784</range>
					<altitudeMode>relativeToGround</altitudeMode>
				</LookAt>
				<styleUrl>#__managed_style_1EC7086C7240DE0E9B8F</styleUrl>
				<Point>
					<altitudeMode>relativeToGround</altitudeMode>
					<coordinates>-0.1241945281301371,51.52943469528459,0</coordinates>
				</Point>
			</Placemark>
			<Placemark id="0BF663A4183962042EE3">
				<name>Circolo Popolare</name>
				<gx:mid>/g/11fl0qrq97</gx:mid>
				<gx:fid>0x48761ba809fd882b:0x817eee82a924ec96</gx:fid>
				<LookAt>
					<longitude>-0.1338679</longitude>
					<latitude>51.5171895</latitude>
					<altitude>0</altitude>
					<heading>0</heading>
					<tilt>0</tilt>
					<gx:fovy>35</gx:fovy>
					<range>627.6934109572679</range>
					<altitudeMode>relativeToGround</altitudeMode>
				</LookAt>
				<styleUrl>#__managed_style_1EC7086C7240DE0E9B8F</styleUrl>
				<Point>
					<altitudeMode>relativeToGround</altitudeMode>
					<coordinates>-0.1338576,51.5171872,0</coordinates>
				</Point>
			</Placemark>
			<Placemark id="0CC87C5C1B396204A556">
				<name>Amazónico</name>
				<gx:mid>/g/11h80bnr12</gx:mid>
				<gx:fid>0x4876057bf8742e61:0x4984222f24a4718</gx:fid>
				<LookAt>
					<longitude>-0.1447093</longitude>
					<latitude>51.5095799</latitude>
					<altitude>0</altitude>
					<heading>0</heading>
					<tilt>0</tilt>
					<gx:fovy>35</gx:fovy>
					<range>627.8064702424313</range>
					<altitudeMode>relativeToGround</altitudeMode>
				</LookAt>
				<styleUrl>#__managed_style_1EC7086C7240DE0E9B8F</styleUrl>
				<Point>
					<altitudeMode>relativeToGround</altitudeMode>
					<coordinates>-0.1447093,51.5095799,0</coordinates>
				</Point>
			</Placemark>
			<Placemark id="0A5D1A09B33962059797">
				<name>Carlotta</name>
				<gx:mid>/g/11srz58zxr</gx:mid>
				<gx:fid>0x48761b6285fef479:0xa8d2880bd4ae6100</gx:fid>
				<LookAt>
					<longitude>-0.1521323</longitude>
					<latitude>51.5209688</latitude>
					<altitude>0</altitude>
					<heading>0</heading>
					<tilt>0</tilt>
					<gx:fovy>35</gx:fovy>
					<range>627.637256760726</range>
					<altitudeMode>relativeToGround</altitudeMode>
				</LookAt>
				<styleUrl>#__managed_style_1EC7086C7240DE0E9B8F</styleUrl>
				<Point>
					<altitudeMode>relativeToGround</altitudeMode>
					<coordinates>-0.1520603,51.52095979999999,0</coordinates>
				</Point>
			</Placemark>
			<Placemark id="09DF33A2B03962061CDC">
				<name>Oblix</name>
				<gx:mid>/g/12hq82gxn</gx:mid>
				<gx:fid>0x48760350a048139f:0xc74f2c56c76f16a0</gx:fid>
				<LookAt>
					<longitude>-0.0865519</longitude>
					<latitude>51.5042557</latitude>
					<altitude>0</altitude>
					<heading>0</heading>
					<tilt>0</tilt>
					<gx:fovy>35</gx:fovy>
					<range>627.8855688299494</range>
					<altitudeMode>relativeToGround</altitudeMode>
				</LookAt>
				<styleUrl>#__managed_style_1EC7086C7240DE0E9B8F</styleUrl>
				<Point>
					<altitudeMode>relativeToGround</altitudeMode>
					<coordinates>-0.0865519,51.50425569999999,0</coordinates>
				</Point>
			</Placemark>
			<Placemark id="05CD90041E3962EEB85C">
				<name>Butlers Wharf Chop House</name>
				<gx:mid>/g/11b6y6jdq0</gx:mid>
				<gx:fid>0x48760346330b524f:0x3db10e2aec57f908</gx:fid>
				<LookAt>
					<longitude>-0.0741845</longitude>
					<latitude>51.5037895</latitude>
					<altitude>0</altitude>
					<heading>0</heading>
					<tilt>0</tilt>
					<gx:fovy>35</gx:fovy>
					<range>627.8924946815974</range>
					<altitudeMode>relativeToGround</altitudeMode>
				</LookAt>
				<styleUrl>#__managed_style_1EC7086C7240DE0E9B8F</styleUrl>
				<Point>
					<altitudeMode>relativeToGround</altitudeMode>
					<coordinates>-0.0741845,51.50378949999999,0</coordinates>
				</Point>
			</Placemark>
			<Placemark id="0CDB1AD2DC3962F08360">
				<name>sketch</name>
				<gx:mid>/m/098mtc</gx:mid>
				<gx:fid>0x4876052a8fed866b:0xb07500db019d0324</gx:fid>
				<LookAt>
					<longitude>-0.141529</longitude>
					<latitude>51.512693</latitude>
					<altitude>0</altitude>
					<heading>0</heading>
					<tilt>0</tilt>
					<gx:fovy>35</gx:fovy>
					<range>627.760218613134</range>
					<altitudeMode>relativeToGround</altitudeMode>
				</LookAt>
				<styleUrl>#__managed_style_1EC7086C7240DE0E9B8F</styleUrl>
				<Point>
					<altitudeMode>relativeToGround</altitudeMode>
					<coordinates>-0.141529,51.512693,0</coordinates>
				</Point>
			</Placemark>
			<Placemark id="0CDBBE43933962F1AA9C">
				<name>Wingmans</name>
				<gx:mid>/g/11jdk7n649</gx:mid>
				<gx:fid>0x487605ee87767b31:0xf7238734f88d7c2b</gx:fid>
				<LookAt>
					<longitude>-0.1314572</longitude>
					<latitude>51.5129939</latitude>
					<altitude>0</altitude>
					<heading>0</heading>
					<tilt>0</tilt>
					<gx:fovy>35</gx:fovy>
					<range>627.7557480309707</range>
					<altitudeMode>relativeToGround</altitudeMode>
				</LookAt>
				<styleUrl>#__managed_style_1EC7086C7240DE0E9B8F</styleUrl>
				<Point>
					<altitudeMode>relativeToGround</altitudeMode>
					<coordinates>-0.1314888,51.51302819999999,0</coordinates>
				</Point>
			</Placemark>
			<Placemark id="06276FBBA53962F2A05C">
				<name>Benny The butcher - Phillycheesesteak</name>
				<gx:mid>/g/11wh6029g9</gx:mid>
				<gx:fid>0x48761b0010d70555:0xb6679c19b1fbd1ef</gx:fid>
				<LookAt>
					<longitude>-0.1432796</longitude>
					<latitude>51.5400611</latitude>
					<altitude>0</altitude>
					<heading>0</heading>
					<tilt>0</tilt>
					<gx:fovy>35</gx:fovy>
					<range>627.3535418387046</range>
					<altitudeMode>relativeToGround</altitudeMode>
				</LookAt>
				<styleUrl>#__managed_style_1EC7086C7240DE0E9B8F</styleUrl>
				<Point>
					<altitudeMode>relativeToGround</altitudeMode>
					<coordinates>-0.1432796,51.5400611,0</coordinates>
				</Point>
			</Placemark>
		</Folder>
		<Folder id="01F1610B4C391BD071D0">
			<name>ברים</name>
			<styleUrl>#__managed_style_3EAD8AA57B40DE0E9B90</styleUrl>
			<Placemark id="040E3B53BA384E19CF77">
				<name>The Thirsty Farrier Cocktail Bar</name>
				<gx:mid>/g/11kjqvcvl8</gx:mid>
				<gx:fid>0x4876052804a13053:0xa30b3f5fa5f0d19b</gx:fid>
				<LookAt>
					<longitude>-0.1188198</longitude>
					<latitude>51.5050419</latitude>
					<altitude>0</altitude>
					<heading>0</heading>
					<tilt>0</tilt>
					<gx:fovy>35</gx:fovy>
					<range>627.8738889907243</range>
					<altitudeMode>relativeToGround</altitudeMode>
				</LookAt>
				<styleUrl>#__managed_style_2D73DCE7C040DE0E9B8F</styleUrl>
				<Point>
					<altitudeMode>relativeToGround</altitudeMode>
					<coordinates>-0.1188198,51.5050419,0</coordinates>
				</Point>
			</Placemark>
			<Placemark id="088565DD34391B9FF706">
				<name>The Glitch Bar</name>
				<gx:mid>/g/11jxd7hdq3</gx:mid>
				<gx:fid>0x48761d5f54b7fcf1:0x1a7cbba9161ac61c</gx:fid>
				<LookAt>
					<longitude>-0.084365</longitude>
					<latitude>51.5222961</latitude>
					<altitude>0</altitude>
					<heading>0</heading>
					<tilt>0</tilt>
					<gx:fovy>35</gx:fovy>
					<range>627.6175347223776</range>
					<altitudeMode>relativeToGround</altitudeMode>
				</LookAt>
				<styleUrl>#__managed_style_2D73DCE7C040DE0E9B8F</styleUrl>
				<Point>
					<altitudeMode>relativeToGround</altitudeMode>
					<coordinates>-0.084365,51.5222961,0</coordinates>
				</Point>
			</Placemark>
			<Placemark id="058C795468391BA08434">
				<name>Avora London: A New-World Cocktail Experience</name>
				<gx:mid>/g/11tdchplpy</gx:mid>
				<gx:fid>0x48761d46435f950f:0x7af73c4c71eb18b3</gx:fid>
				<LookAt>
					<longitude>-0.07417710000000001</longitude>
					<latitude>51.53032209999999</latitude>
					<altitude>0</altitude>
					<heading>0</heading>
					<tilt>0</tilt>
					<gx:fovy>35</gx:fovy>
					<range>627.4982723160715</range>
					<altitudeMode>relativeToGround</altitudeMode>
				</LookAt>
				<styleUrl>#__managed_style_2D73DCE7C040DE0E9B8F</styleUrl>
				<Point>
					<altitudeMode>relativeToGround</altitudeMode>
					<coordinates>-0.0741771,51.53032209999999,0</coordinates>
				</Point>
			</Placemark>
			<Placemark id="06210EF2D0391BA0518C">
				<name>Alcotraz London: Cell Block Two-One-Two</name>
				<gx:mid>/g/11g9s_9swd</gx:mid>
				<gx:fid>0x48761cb7e9a64177:0x53e9ffa1876a9621</gx:fid>
				<LookAt>
					<longitude>-0.07437299999999999</longitude>
					<latitude>51.5301085</latitude>
					<altitude>0</altitude>
					<heading>0</heading>
					<tilt>0</tilt>
					<gx:fovy>35</gx:fovy>
					<range>627.501446439342</range>
					<altitudeMode>relativeToGround</altitudeMode>
				</LookAt>
				<styleUrl>#__managed_style_17EDAD3E9740DE0E9B8E</styleUrl>
				<Point>
					<altitudeMode>relativeToGround</altitudeMode>
					<coordinates>-0.07437299999999999,51.5301085,0</coordinates>
				</Point>
			</Placemark>
			<Placemark id="08C1C042B73943496194">
				<name>The Nest</name>
				<gx:mid>/g/11h8d11s4q</gx:mid>
				<gx:fid>0x48761bc32c245427:0xd11f66c402503236</gx:fid>
				<LookAt>
					<longitude>-0.1425518</longitude>
					<latitude>51.5179469</latitude>
					<altitude>0</altitude>
					<heading>0</heading>
					<tilt>0</tilt>
					<gx:fovy>35</gx:fovy>
					<range>627.6821574178757</range>
					<altitudeMode>relativeToGround</altitudeMode>
				</LookAt>
				<styleUrl>#__managed_style_17EDAD3E9740DE0E9B8E</styleUrl>
				<Point>
					<altitudeMode>relativeToGround</altitudeMode>
					<coordinates>-0.1425518,51.5179469,0</coordinates>
				</Point>
			</Placemark>
			<Placemark id="055EE77F0439434A1100">
				<name>Wagtail</name>
				<gx:mid>/g/11q99g7b2g</gx:mid>
				<gx:fid>0x48760344a3155ddd:0xb47b5b74f9989aa0</gx:fid>
				<LookAt>
					<longitude>-0.0866166</longitude>
					<latitude>51.5110508</latitude>
					<altitude>0</altitude>
					<heading>0</heading>
					<tilt>0</tilt>
					<gx:fovy>35</gx:fovy>
					<range>627.7846171300718</range>
					<altitudeMode>relativeToGround</altitudeMode>
				</LookAt>
				<styleUrl>#__managed_style_17EDAD3E9740DE0E9B8E</styleUrl>
				<Point>
					<altitudeMode>relativeToGround</altitudeMode>
					<coordinates>-0.08663409999999999,51.5110086,0</coordinates>
				</Point>
			</Placemark>
			<Placemark id="0419A1E30A39434D74AF">
				<name>Florattica Rooftop London</name>
				<gx:mid>/g/11s642d4p3</gx:mid>
				<gx:fid>0x48760394b04f30b5:0x4e929911ca6d1646</gx:fid>
				<LookAt>
					<longitude>-0.07529129999999998</longitude>
					<latitude>51.5129534</latitude>
					<altitude>0</altitude>
					<heading>0</heading>
					<tilt>0</tilt>
					<gx:fovy>35</gx:fovy>
					<range>627.7563497552303</range>
					<altitudeMode>relativeToGround</altitudeMode>
				</LookAt>
				<styleUrl>#__managed_style_17EDAD3E9740DE0E9B8E</styleUrl>
				<Point>
					<altitudeMode>relativeToGround</altitudeMode>
					<coordinates>-0.07529129999999999,51.5129534,0</coordinates>
				</Point>
			</Placemark>
			<Placemark id="0EA8040C0B39434E3A66">
				<name>JOIA Rooftop Bar</name>
				<gx:mid>/g/11ty0vzybm</gx:mid>
				<gx:fid>0x4876057a1441e48d:0x9fad263c0e3e1b44</gx:fid>
				<LookAt>
					<longitude>-0.1451913</longitude>
					<latitude>51.48078199999999</latitude>
					<altitude>0</altitude>
					<heading>0</heading>
					<tilt>0</tilt>
					<gx:fovy>35</gx:fovy>
					<range>628.2342503990947</range>
					<altitudeMode>relativeToGround</altitudeMode>
				</LookAt>
				<styleUrl>#__managed_style_17EDAD3E9740DE0E9B8E</styleUrl>
				<Point>
					<altitudeMode>relativeToGround</altitudeMode>
					<coordinates>-0.1451913,51.480782,0</coordinates>
				</Point>
			</Placemark>
			<Placemark id="09B279F04239434F37EC">
				<name>Bussey Rooftop Bar</name>
				<gx:mid>/g/11bw63bfkn</gx:mid>
				<gx:fid>0x487603a1040a4353:0x7a1ce614bb70ee97</gx:fid>
				<LookAt>
					<longitude>-0.06694259999999999</longitude>
					<latitude>51.4699894</latitude>
					<altitude>0</altitude>
					<heading>0</heading>
					<tilt>0</tilt>
					<gx:fovy>35</gx:fovy>
					<range>628.3945357502997</range>
					<altitudeMode>relativeToGround</altitudeMode>
				</LookAt>
				<styleUrl>#__managed_style_2D73DCE7C040DE0E9B8F</styleUrl>
				<Point>
					<altitudeMode>relativeToGround</altitudeMode>
					<coordinates>-0.06694259999999999,51.4699894,0</coordinates>
				</Point>
			</Placemark>
			<Placemark id="0424E4C484394350BB46">
				<name>Simmons Bar | Oxford Street</name>
				<gx:mid>/g/11h7kd422j</gx:mid>
				<gx:fid>0x48761b273dc9ddf9:0x8191518fc0144356</gx:fid>
				<LookAt>
					<longitude>-0.1359222</longitude>
					<latitude>51.5156782</latitude>
					<altitude>0</altitude>
					<heading>0</heading>
					<tilt>0</tilt>
					<gx:fovy>35</gx:fovy>
					<range>627.715865760289</range>
					<altitudeMode>relativeToGround</altitudeMode>
				</LookAt>
				<styleUrl>#__managed_style_17EDAD3E9740DE0E9B8E</styleUrl>
				<Point>
					<altitudeMode>relativeToGround</altitudeMode>
					<coordinates>-0.1359222,51.5156782,0</coordinates>
				</Point>
			</Placemark>
			<Placemark id="0D4A07560E394351894C">
				<name>Barrio - Shoreditch</name>
				<gx:mid>/m/0k9m3rg</gx:mid>
				<gx:fid>0x48761cba7392d025:0xba621056c1feaa8</gx:fid>
				<LookAt>
					<longitude>-0.0782091</longitude>
					<latitude>51.5260601</latitude>
					<altitude>0</altitude>
					<heading>0</heading>
					<tilt>0</tilt>
					<gx:fovy>35</gx:fovy>
					<range>627.5616048103371</range>
					<altitudeMode>relativeToGround</altitudeMode>
				</LookAt>
				<styleUrl>#__managed_style_2D73DCE7C040DE0E9B8F</styleUrl>
				<Point>
					<altitudeMode>relativeToGround</altitudeMode>
					<coordinates>-0.078181,51.5260611,0</coordinates>
				</Point>
			</Placemark>
			<Placemark id="0FD8CEF2D139435283AF">
				<name>Netil360 Rooftop Bar - Restaurant</name>
				<gx:mid>/g/11bbrhlscg</gx:mid>
				<gx:fid>0x48761ce7c43b76ef:0x2d76281b26623eac</gx:fid>
				<LookAt>
					<longitude>-0.0578584</longitude>
					<latitude>51.5377591</latitude>
					<altitude>0</altitude>
					<heading>0</heading>
					<tilt>0</tilt>
					<gx:fovy>35</gx:fovy>
					<range>627.3877530300293</range>
					<altitudeMode>relativeToGround</altitudeMode>
				</LookAt>
				<styleUrl>#__managed_style_2D73DCE7C040DE0E9B8F</styleUrl>
				<Point>
					<altitudeMode>relativeToGround</altitudeMode>
					<coordinates>-0.0578584,51.5377591,0</coordinates>
				</Point>
			</Placemark>
			<Placemark id="0294E0C13D3943580460">
				<name>Nightjar Carnaby</name>
				<gx:mid>/g/11rr29c2zl</gx:mid>
				<gx:fid>0x487605d4b69aa489:0x2b08826ca6a00944</gx:fid>
				<LookAt>
					<longitude>-0.1385105</longitude>
					<latitude>51.51274739999999</latitude>
					<altitude>0</altitude>
					<heading>0</heading>
					<tilt>0</tilt>
					<gx:fovy>35</gx:fovy>
					<range>627.7594103733561</range>
					<altitudeMode>relativeToGround</altitudeMode>
				</LookAt>
				<styleUrl>#__managed_style_17EDAD3E9740DE0E9B8E</styleUrl>
				<Point>
					<altitudeMode>relativeToGround</altitudeMode>
					<coordinates>-0.1385105,51.51274739999999,0</coordinates>
				</Point>
			</Placemark>
			<Placemark id="09D5D6B2B339436A31E4">
				<name>Ministry of Sound</name>
				<gx:mid>/m/044xwr</gx:mid>
				<gx:fid>0x487604a166f4538b:0xe79897128a5db636</gx:fid>
				<LookAt>
					<longitude>-0.09946859999999999</longitude>
					<latitude>51.4977929</latitude>
					<altitude>0</altitude>
					<heading>0</heading>
					<tilt>0</tilt>
					<gx:fovy>35</gx:fovy>
					<range>627.98157689091</range>
					<altitudeMode>relativeToGround</altitudeMode>
				</LookAt>
				<styleUrl>#__managed_style_1D970C001440DE0E9B90</styleUrl>
				<Point>
					<altitudeMode>relativeToGround</altitudeMode>
					<coordinates>-0.09946859999999999,51.49779290000001,0</coordinates>
				</Point>
			</Placemark>
			<Placemark id="035DA29C0D39436BF774">
				<name>Ye Olde Mitre, Holborn</name>
				<gx:mid>/m/051tvvs</gx:mid>
				<gx:fid>0x48761b4dbb5e07b3:0x3b9df1788edd0878</gx:fid>
				<LookAt>
					<longitude>-0.1073928</longitude>
					<latitude>51.51843679999999</latitude>
					<altitude>0</altitude>
					<heading>0</heading>
					<tilt>0</tilt>
					<gx:fovy>35</gx:fovy>
					<range>627.6748783768027</range>
					<altitudeMode>relativeToGround</altitudeMode>
				</LookAt>
				<styleUrl>#__managed_style_2D73DCE7C040DE0E9B8F</styleUrl>
				<Point>
					<altitudeMode>relativeToGround</altitudeMode>
					<coordinates>-0.1073928,51.5184368,0</coordinates>
				</Point>
			</Placemark>
			<Placemark id="03754E3D0A39439295B0">
				<name>Anchor Bankside</name>
				<gx:mid>/m/026xx_t</gx:mid>
				<gx:fid>0x487603563190160d:0xd57076474a98e953</gx:fid>
				<LookAt>
					<longitude>-0.0928389</longitude>
					<latitude>51.5072874</latitude>
					<altitude>0</altitude>
					<heading>0</heading>
					<tilt>0</tilt>
					<gx:fovy>35</gx:fovy>
					<range>627.8405291531359</range>
					<altitudeMode>relativeToGround</altitudeMode>
				</LookAt>
				<styleUrl>#__managed_style_2D73DCE7C040DE0E9B8F</styleUrl>
				<Point>
					<altitudeMode>relativeToGround</altitudeMode>
					<coordinates>-0.0928389,51.50728739999999,0</coordinates>
				</Point>
			</Placemark>
			<Placemark id="0A12EE24A23943952B39">
				<name>Bacchanalia Mayfair</name>
				<gx:mid>/g/11t55wcbvn</gx:mid>
				<gx:fid>0x48760534c2ce9d7f:0x68a30e971e5c59fc</gx:fid>
				<LookAt>
					<longitude>-0.1477327</longitude>
					<latitude>51.51057369999999</latitude>
					<altitude>0</altitude>
					<heading>0</heading>
					<tilt>0</tilt>
					<gx:fovy>35</gx:fovy>
					<range>627.7917054265697</range>
					<altitudeMode>relativeToGround</altitudeMode>
				</LookAt>
				<styleUrl>#__managed_style_17EDAD3E9740DE0E9B8E</styleUrl>
				<Point>
					<altitudeMode>relativeToGround</altitudeMode>
					<coordinates>-0.1477327,51.5105737,0</coordinates>
				</Point>
			</Placemark>
			<Placemark id="0E55C110E83943971538">
				<name>Tape London</name>
				<gx:mid>/g/11bw2g8_7_</gx:mid>
				<gx:fid>0x4876052b26020a8f:0xa90c26993490766c</gx:fid>
				<LookAt>
					<longitude>-0.1446868</longitude>
					<latitude>51.5143309</latitude>
					<altitude>0</altitude>
					<heading>0</heading>
					<tilt>0</tilt>
					<gx:fovy>35</gx:fovy>
					<range>627.7358835553974</range>
					<altitudeMode>relativeToGround</altitudeMode>
				</LookAt>
				<styleUrl>#__managed_style_1D970C001440DE0E9B90</styleUrl>
				<Point>
					<altitudeMode>relativeToGround</altitudeMode>
					<coordinates>-0.1446868,51.5143309,0</coordinates>
				</Point>
			</Placemark>
			<Placemark id="01C4E6220B394399D8C3">
				<name>NQ64 Arcade Bar - Soho</name>
				<gx:mid>/g/11rvc4_vk9</gx:mid>
				<gx:fid>0x48761bcb9ef186c1:0xf43930de520db804</gx:fid>
				<LookAt>
					<longitude>-0.1364362</longitude>
					<latitude>51.51554460000001</latitude>
					<altitude>0</altitude>
					<heading>0</heading>
					<tilt>0</tilt>
					<gx:fovy>35</gx:fovy>
					<range>627.7178507634663</range>
					<altitudeMode>relativeToGround</altitudeMode>
				</LookAt>
				<styleUrl>#__managed_style_2D73DCE7C040DE0E9B8F</styleUrl>
				<Point>
					<altitudeMode>relativeToGround</altitudeMode>
					<coordinates>-0.1364313,51.51554609999999,0</coordinates>
				</Point>
			</Placemark>
			<Placemark id="0F096BEFC539619258E4">
				<name>Flute</name>
				<gx:mid>/g/11vhw5wb1n</gx:mid>
				<gx:fid>0x487605e1a3ac371d:0xa04bf77719a750a</gx:fid>
				<LookAt>
					<longitude>-0.1354024</longitude>
					<latitude>51.5138366</latitude>
					<altitude>0</altitude>
					<heading>0</heading>
					<tilt>0</tilt>
					<gx:fovy>35</gx:fovy>
					<range>627.7432276500265</range>
					<altitudeMode>relativeToGround</altitudeMode>
				</LookAt>
				<styleUrl>#__managed_style_17EDAD3E9740DE0E9B8E</styleUrl>
				<Point>
					<altitudeMode>relativeToGround</altitudeMode>
					<coordinates>-0.1354111,51.51384799999999,0</coordinates>
				</Point>
			</Placemark>
			<Placemark id="00577CE94B396193EF3C">
				<name>Mr Fogg&apos;s Tavern</name>
				<gx:mid>/g/11bwc59tk8</gx:mid>
				<gx:fid>0x487604cdb7dffb37:0x269b4fa6aab89592</gx:fid>
				<LookAt>
					<longitude>-0.126887</longitude>
					<latitude>51.511</latitude>
					<altitude>0</altitude>
					<heading>0</heading>
					<tilt>0</tilt>
					<gx:fovy>35</gx:fovy>
					<range>627.7853718697131</range>
					<altitudeMode>relativeToGround</altitudeMode>
				</LookAt>
				<styleUrl>#__managed_style_2D73DCE7C040DE0E9B8F</styleUrl>
				<Point>
					<altitudeMode>relativeToGround</altitudeMode>
					<coordinates>-0.1269087,51.5110041,0</coordinates>
				</Point>
			</Placemark>
			<Placemark id="02B3BC9EDE3961C8BC36">
				<name>Mr Fogg&apos;s Hat Tavern</name>
				<gx:mid>/g/11l24c1n44</gx:mid>
				<gx:fid>0x48761bc7bedd28f7:0xec7ce49ff685af01</gx:fid>
				<LookAt>
					<longitude>-0.1345901</longitude>
					<latitude>51.51550220000001</latitude>
					<altitude>0</altitude>
					<heading>0</heading>
					<tilt>0</tilt>
					<gx:fovy>35</gx:fovy>
					<range>627.7184807339418</range>
					<altitudeMode>relativeToGround</altitudeMode>
				</LookAt>
				<styleUrl>#__managed_style_2D73DCE7C040DE0E9B8F</styleUrl>
				<Point>
					<altitudeMode>relativeToGround</altitudeMode>
					<coordinates>-0.1345886,51.5154994,0</coordinates>
				</Point>
			</Placemark>
			<Placemark id="03C0BB2CB43961CC6B34">
				<name>The Rooftop at The Standard, London</name>
				<gx:mid>/g/11r7v25mmt</gx:mid>
				<gx:fid>0x48761bef06880d4f:0xc9390d8f320dd554</gx:fid>
				<LookAt>
					<longitude>-0.1243707</longitude>
					<latitude>51.5295318</latitude>
					<altitude>0</altitude>
					<heading>0</heading>
					<tilt>0</tilt>
					<gx:fovy>35</gx:fovy>
					<range>627.5100162387872</range>
					<altitudeMode>relativeToGround</altitudeMode>
				</LookAt>
				<styleUrl>#__managed_style_17EDAD3E9740DE0E9B8E</styleUrl>
				<Point>
					<altitudeMode>relativeToGround</altitudeMode>
					<coordinates>-0.124344711756742,51.52956392568921,0</coordinates>
				</Point>
			</Placemark>
			<Placemark id="01DF34486D3961D3FB13">
				<name>Ye Olde Cheshire Cheese</name>
				<gx:mid>/m/051tc76</gx:mid>
				<gx:fid>0x487604b2c7fd4933:0x84453ae77f4e5966</gx:fid>
				<LookAt>
					<longitude>-0.1071699</longitude>
					<latitude>51.5143677</latitude>
					<altitude>0</altitude>
					<heading>0</heading>
					<tilt>0</tilt>
					<gx:fovy>35</gx:fovy>
					<range>627.7353367954343</range>
					<altitudeMode>relativeToGround</altitudeMode>
				</LookAt>
				<styleUrl>#__managed_style_2D73DCE7C040DE0E9B8F</styleUrl>
				<Point>
					<altitudeMode>relativeToGround</altitudeMode>
					<coordinates>-0.1071699,51.51436769999999,0</coordinates>
				</Point>
			</Placemark>
		</Folder>
	</Folder>
	<Folder id="04F15C52E5321B9B56B0">
		<name>Road Trip</name>
		<open>1</open>
		<styleUrl>#__managed_style_3EAD8AA57B40DE0E9B90</styleUrl>
		<Folder id="039B3A5A4E391BD206A3">
			<name>ערים ועיירות</name>
			<styleUrl>#__managed_style_3EAD8AA57B40DE0E9B90</styleUrl>
			<Placemark id="0B570CF37731FBF7F287">
				<name>Worocester - נייס שטרסבורגי אך קטן</name>
				<LookAt>
					<longitude>-2.222339761854379</longitude>
					<latitude>52.19522450835444</latitude>
					<altitude>32.27959291352342</altitude>
					<heading>254.7947097015678</heading>
					<tilt>0</tilt>
					<gx:fovy>56.80913841455861</gx:fovy>
					<range>3474.617704776466</range>
					<altitudeMode>absolute</altitudeMode>
				</LookAt>
				<styleUrl>#__managed_style_04A08031C840DE0E9B99</styleUrl>
				<Point>
					<coordinates>-2.219394493152413,52.19399539482227,22.60108492102668</coordinates>
				</Point>
			</Placemark>
			<Placemark id="0B66959C563207C895F5">
				<name> - Stornoway וויב מגניב וטירה נייס</name>
				<LookAt>
					<longitude>-6.389151204492755</longitude>
					<latitude>58.21303692394473</latitude>
					<altitude>17.52178831440155</altitude>
					<heading>317.7789768770408</heading>
					<tilt>0</tilt>
					<gx:fovy>83.55866074048282</gx:fovy>
					<range>971.7138071681256</range>
					<altitudeMode>absolute</altitudeMode>
				</LookAt>
				<styleUrl>#__managed_style_04A08031C840DE0E9B99</styleUrl>
				<Point>
					<coordinates>-6.3926462331893,58.210824608555,13.26750751986036</coordinates>
				</Point>
			</Placemark>
			<Placemark id="0A7A19DC3C321B9F5E87">
				<name>Edinburgh</name>
				<LookAt>
					<longitude>-3.221136575045092</longitude>
					<latitude>55.96897395666249</latitude>
					<altitude>36.70918591371498</altitude>
					<heading>345.6990971350575</heading>
					<tilt>0</tilt>
					<gx:fovy>83.5586423728931</gx:fovy>
					<range>6088.216889823088</range>
					<altitudeMode>absolute</altitudeMode>
				</LookAt>
				<styleUrl>#__managed_style_1B0A0C453640DE0E9B96</styleUrl>
				<Point>
					<coordinates>-3.200417657448347,55.94959618152529,73.594273323642</coordinates>
				</Point>
			</Placemark>
			<Placemark id="0C9DCA048A321BA00ED8">
				<name>Lincoln</name>
				<LookAt>
					<longitude>-0.5377001776062351</longitude>
					<latitude>53.23279076875638</latitude>
					<altitude>40.17873549805281</altitude>
					<heading>345.8140373171121</heading>
					<tilt>0</tilt>
					<gx:fovy>83.5586423728931</gx:fovy>
					<range>1218.494607749744</range>
					<altitudeMode>absolute</altitudeMode>
				</LookAt>
				<styleUrl>#__managed_style_1ECBEE996740DE0E9B94</styleUrl>
				<Point>
					<coordinates>-0.5405756353022062,53.23068773713839,18.32507853270885</coordinates>
				</Point>
			</Placemark>
			<Placemark id="0B34CEF09D321BA0583F">
				<name>Oxford</name>
				<LookAt>
					<longitude>-1.250377725649144</longitude>
					<latitude>51.751717730328</latitude>
					<altitude>64.67821845425843</altitude>
					<heading>345.8024008513415</heading>
					<tilt>0</tilt>
					<gx:fovy>83.5586423728931</gx:fovy>
					<range>2188.857253585593</range>
					<altitudeMode>absolute</altitudeMode>
				</LookAt>
				<styleUrl>#__managed_style_1B0A0C453640DE0E9B96</styleUrl>
				<Point>
					<coordinates>-1.25540739676667,51.75248788787682,66.84916788721472</coordinates>
				</Point>
			</Placemark>
			<Placemark id="0D7CCF512632392ECAA1">
				<name>Glasgow</name>
				<gx:mid>/m/0hyxv</gx:mid>
				<gx:fid>0x488815562056ceeb:0x71e683b805ef511e</gx:fid>
				<LookAt>
					<longitude>-4.232458500000001</longitude>
					<latitude>55.85546009999999</latitude>
					<altitude>0</altitude>
					<heading>0</heading>
					<tilt>0</tilt>
					<gx:fovy>35</gx:fovy>
					<range>52192.57047434201</range>
					<altitudeMode>relativeToGround</altitudeMode>
				</LookAt>
				<styleUrl>#__managed_style_221E0E5A0E40DE0E9B90</styleUrl>
				<Point>
					<altitudeMode>relativeToGround</altitudeMode>
					<coordinates>-4.2583345,55.86167039999999,0</coordinates>
				</Point>
			</Placemark>
			<Placemark id="0B9062DEC23239300C43">
				<name>Dunfermline</name>
				<gx:mid>/m/01b1nk</gx:mid>
				<gx:fid>0x4887cc2c81d50c1f:0x541d50a1e83ddece</gx:fid>
				<LookAt>
					<longitude>-3.43852425</longitude>
					<latitude>56.06594085</latitude>
					<altitude>0</altitude>
					<heading>0</heading>
					<tilt>0</tilt>
					<gx:fovy>35</gx:fovy>
					<range>12977.37577703996</range>
					<altitudeMode>relativeToGround</altitudeMode>
				</LookAt>
				<styleUrl>#__managed_style_221E0E5A0E40DE0E9B90</styleUrl>
				<Point>
					<altitudeMode>relativeToGround</altitudeMode>
					<coordinates>-3.452151,56.071741,0</coordinates>
				</Point>
			</Placemark>
			<Placemark id="0A50630DEA32394D6039">
				<name>Douglas</name>
				<gx:mid>/m/02075l</gx:mid>
				<gx:fid>0x48638530442e81d5:0xe6c868a076745485</gx:fid>
				<LookAt>
					<longitude>-4.4909903</longitude>
					<latitude>54.162633</latitude>
					<altitude>0</altitude>
					<heading>0</heading>
					<tilt>0</tilt>
					<gx:fovy>35</gx:fovy>
					<range>13610.81275788669</range>
					<altitudeMode>relativeToGround</altitudeMode>
				</LookAt>
				<styleUrl>#__managed_style_221E0E5A0E40DE0E9B90</styleUrl>
				<Point>
					<altitudeMode>relativeToGround</altitudeMode>
					<coordinates>-4.4861228,54.1523372,0</coordinates>
				</Point>
			</Placemark>
			<Placemark id="073D3490763339AEEF28">
				<name>Bibury</name>
				<gx:mid>/m/050p57</gx:mid>
				<gx:fid>0x48713c0f0f8c3f59:0xf2cbb2d020e0df9e</gx:fid>
				<LookAt>
					<longitude>-1.8317537</longitude>
					<latitude>51.75936705</latitude>
					<altitude>0</altitude>
					<heading>0</heading>
					<tilt>0</tilt>
					<gx:fovy>35</gx:fovy>
					<range>1345.233872177813</range>
					<altitudeMode>relativeToGround</altitudeMode>
				</LookAt>
				<styleUrl>#__managed_style_221E0E5A0E40DE0E9B90</styleUrl>
				<Point>
					<altitudeMode>relativeToGround</altitudeMode>
					<coordinates>-1.8307755,51.75880759999999,0</coordinates>
				</Point>
			</Placemark>
			<Placemark id="0285325E8F33DF303129">
				<name>Cirencester</name>
				<gx:mid>/m/014_wn</gx:mid>
				<gx:fid>0x48711100b7a975e9:0x34b6b38422d604bb</gx:fid>
				<LookAt>
					<longitude>-1.9663071</longitude>
					<latitude>51.71497965</latitude>
					<altitude>0</altitude>
					<heading>0</heading>
					<tilt>0</tilt>
					<gx:fovy>35</gx:fovy>
					<range>7201.620660517232</range>
					<altitudeMode>relativeToGround</altitudeMode>
				</LookAt>
				<styleUrl>#__managed_style_221E0E5A0E40DE0E9B90</styleUrl>
				<Point>
					<altitudeMode>relativeToGround</altitudeMode>
					<coordinates>-1.968759076294414,51.7168576556363,0</coordinates>
				</Point>
			</Placemark>
			<Placemark id="05422DC215340D2D52BA">
				<name>Scarborough</name>
				<gx:mid>/m/021npd</gx:mid>
				<gx:fid>0x487f254b19e38abb:0x69546c0179a47ac7</gx:fid>
				<LookAt>
					<longitude>-0.41277225</longitude>
					<latitude>54.2755532</latitude>
					<altitude>0</altitude>
					<heading>0</heading>
					<tilt>0</tilt>
					<gx:fovy>35</gx:fovy>
					<range>13573.64422035838</range>
					<altitudeMode>relativeToGround</altitudeMode>
				</LookAt>
				<styleUrl>#__managed_style_221E0E5A0E40DE0E9B90</styleUrl>
				<Point>
					<altitudeMode>relativeToGround</altitudeMode>
					<coordinates>-0.3921564866592708,54.28441049943247,0</coordinates>
				</Point>
			</Placemark>
			<Placemark id="0DCC445A3D34150269E5">
				<name>Stamford</name>
				<gx:mid>/m/022j8j</gx:mid>
				<gx:fid>0x487785fc67c4818b:0xa6e04cac47eb8a1b</gx:fid>
				<LookAt>
					<longitude>-0.4840221</longitude>
					<latitude>52.65173154999999</latitude>
					<altitude>0</altitude>
					<heading>0</heading>
					<tilt>0</tilt>
					<gx:fovy>35</gx:fovy>
					<range>7051.497156033381</range>
					<altitudeMode>relativeToGround</altitudeMode>
				</LookAt>
				<styleUrl>#__managed_style_221E0E5A0E40DE0E9B90</styleUrl>
				<Point>
					<altitudeMode>relativeToGround</altitudeMode>
					<coordinates>-0.480216,52.65128199999999,0</coordinates>
				</Point>
			</Placemark>
			<Placemark id="0E93C2974134177FC340">
				<name>Whitby</name>
				<gx:mid>/m/016n7v</gx:mid>
				<gx:fid>0x487f1779f21902d7:0xa0fd139f12932a0</gx:fid>
				<LookAt>
					<longitude>-0.6193044999999999</longitude>
					<latitude>54.48057545</latitude>
					<altitude>0</altitude>
					<heading>0</heading>
					<tilt>0</tilt>
					<gx:fovy>35</gx:fovy>
					<range>6753.012467129253</range>
					<altitudeMode>relativeToGround</altitudeMode>
				</LookAt>
				<styleUrl>#__managed_style_221E0E5A0E40DE0E9B90</styleUrl>
				<Point>
					<altitudeMode>relativeToGround</altitudeMode>
					<coordinates>-0.613347,54.486335,0</coordinates>
				</Point>
			</Placemark>
			<Placemark id="0A87DF02E33418589BF2">
				<name>Bowness-on-Windermere</name>
				<gx:mid>/m/051ql4</gx:mid>
				<gx:fid>0x487c944c0c66adc5:0x72afaa086cb12bf4</gx:fid>
				<LookAt>
					<longitude>-2.9208637</longitude>
					<latitude>54.3573497</latitude>
					<altitude>0</altitude>
					<heading>0</heading>
					<tilt>0</tilt>
					<gx:fovy>35</gx:fovy>
					<range>6773.343674088648</range>
					<altitudeMode>relativeToGround</altitudeMode>
				</LookAt>
				<styleUrl>#__managed_style_221E0E5A0E40DE0E9B90</styleUrl>
				<Point>
					<altitudeMode>relativeToGround</altitudeMode>
					<coordinates>-2.919627,54.364703,0</coordinates>
				</Point>
			</Placemark>
			<Placemark id="0DCE46EB7E34186683F9">
				<name>Inveraray</name>
				<gx:mid>/m/024qkh</gx:mid>
				<gx:fid>0x48890cb1c22a7ecd:0x6205e858db5cca57</gx:fid>
				<LookAt>
					<longitude>-5.0773869</longitude>
					<latitude>56.23170035</latitude>
					<altitude>0</altitude>
					<heading>0</heading>
					<tilt>0</tilt>
					<gx:fovy>35</gx:fovy>
					<range>6460.76079277183</range>
					<altitudeMode>relativeToGround</altitudeMode>
				</LookAt>
				<styleUrl>#__managed_style_0C146D054640DE0E9B8C</styleUrl>
				<Point>
					<altitudeMode>relativeToGround</altitudeMode>
					<coordinates>-5.072584411520831,56.23082855488217,0</coordinates>
				</Point>
			</Placemark>
			<Placemark id="0994754AE53429CE15D1">
				<name>Caernarfon</name>
				<gx:mid>/m/0ct24</gx:mid>
				<gx:fid>0x486507d8cbc40c9b:0x5290354d5ab04139</gx:fid>
				<LookAt>
					<longitude>-4.2661327</longitude>
					<latitude>53.13807425</latitude>
					<altitude>0</altitude>
					<heading>0</heading>
					<tilt>0</tilt>
					<gx:fovy>35</gx:fovy>
					<range>6972.8101883134</range>
					<altitudeMode>relativeToGround</altitudeMode>
				</LookAt>
				<styleUrl>#__managed_style_221E0E5A0E40DE0E9B90</styleUrl>
				<Point>
					<altitudeMode>relativeToGround</altitudeMode>
					<coordinates>-4.273911,53.139551,0</coordinates>
				</Point>
			</Placemark>
			<Placemark id="045F3015053429D2F57A">
				<name>Conwy</name>
				<gx:mid>/m/02__d3</gx:mid>
				<gx:fid>0x486519600a1fb91f:0xd5a8bcb170626580</gx:fid>
				<LookAt>
					<longitude>-3.84052555</longitude>
					<latitude>53.2741377</latitude>
					<altitude>0</altitude>
					<heading>0</heading>
					<tilt>0</tilt>
					<gx:fovy>35</gx:fovy>
					<range>6950.705857074064</range>
					<altitudeMode>relativeToGround</altitudeMode>
				</LookAt>
				<styleUrl>#__managed_style_221E0E5A0E40DE0E9B90</styleUrl>
				<Point>
					<altitudeMode>relativeToGround</altitudeMode>
					<coordinates>-3.828855861343914,53.28102126024964,0</coordinates>
				</Point>
			</Placemark>
			<Placemark id="04815073653429D45D8D">
				<name>Llandudno</name>
				<gx:mid>/m/01zkg4</gx:mid>
				<gx:fid>0x4864e1e2afa75737:0x6c919e5e368577e0</gx:fid>
				<LookAt>
					<longitude>-3.8239764</longitude>
					<latitude>53.3193766</latitude>
					<altitude>0</altitude>
					<heading>0</heading>
					<tilt>0</tilt>
					<gx:fovy>35</gx:fovy>
					<range>6943.347834740494</range>
					<altitudeMode>relativeToGround</altitudeMode>
				</LookAt>
				<styleUrl>#__managed_style_221E0E5A0E40DE0E9B90</styleUrl>
				<Point>
					<altitudeMode>relativeToGround</altitudeMode>
					<coordinates>-3.831108992569797,53.3257893338693,0</coordinates>
				</Point>
			</Placemark>
			<Placemark id="00A65242363436FEF4FB">
				<name>Sherborne</name>
				<gx:mid>/m/01ns3f</gx:mid>
				<gx:fid>0x487237f056bf8c69:0x96c680de6a9df4e9</gx:fid>
				<LookAt>
					<longitude>-2.51933615</longitude>
					<latitude>50.9503497</latitude>
					<altitude>0</altitude>
					<heading>0</heading>
					<tilt>0</tilt>
					<gx:fovy>35</gx:fovy>
					<range>7322.734855986224</range>
					<altitudeMode>relativeToGround</altitudeMode>
				</LookAt>
				<styleUrl>#__managed_style_0C146D054640DE0E9B8C</styleUrl>
				<Point>
					<altitudeMode>relativeToGround</altitudeMode>
					<coordinates>-2.516092314289069,50.94865451970424,0</coordinates>
				</Point>
			</Placemark>
			<Placemark id="02822DC8BC3439034F52">
				<name>Ludlow</name>
				<gx:mid>/m/0g2_z</gx:mid>
				<gx:fid>0x487014b7c3592b4b:0x7c19d03f187c190e</gx:fid>
				<LookAt>
					<longitude>-2.7097508</longitude>
					<latitude>52.3719837</latitude>
					<altitude>0</altitude>
					<heading>0</heading>
					<tilt>0</tilt>
					<gx:fovy>35</gx:fovy>
					<range>7096.528662153405</range>
					<altitudeMode>relativeToGround</altitudeMode>
				</LookAt>
				<styleUrl>#__managed_style_221E0E5A0E40DE0E9B90</styleUrl>
				<Point>
					<altitudeMode>relativeToGround</altitudeMode>
					<coordinates>-2.717622535398435,52.36800320963093,0</coordinates>
				</Point>
			</Placemark>
			<Placemark id="06460BE9F2343905943C">
				<name>Rye</name>
				<gx:mid>/m/021qh9</gx:mid>
				<gx:fid>0x47dee0253a3551b9:0x1d196c33cfd9fa40</gx:fid>
				<LookAt>
					<longitude>0.7293912</longitude>
					<latitude>50.9508374</latitude>
					<altitude>0</altitude>
					<heading>0</heading>
					<tilt>0</tilt>
					<gx:fovy>35</gx:fovy>
					<range>7322.658019700485</range>
					<altitudeMode>relativeToGround</altitudeMode>
				</LookAt>
				<styleUrl>#__managed_style_221E0E5A0E40DE0E9B90</styleUrl>
				<Point>
					<altitudeMode>relativeToGround</altitudeMode>
					<coordinates>0.7334805670007194,50.95004077808983,0</coordinates>
				</Point>
			</Placemark>
			<Placemark id="0979798BB334390A2852">
				<name>Stratford-upon-Avon</name>
				<gx:mid>/m/0g251</gx:mid>
				<gx:fid>0x4870c523f8188037:0xaf31886dcf419977</gx:fid>
				<LookAt>
					<longitude>-1.7129966</longitude>
					<latitude>52.19664585</latitude>
					<altitude>0</altitude>
					<heading>0</heading>
					<tilt>0</tilt>
					<gx:fovy>35</gx:fovy>
					<range>14249.33385581091</range>
					<altitudeMode>relativeToGround</altitudeMode>
				</LookAt>
				<styleUrl>#__managed_style_221E0E5A0E40DE0E9B90</styleUrl>
				<Point>
					<altitudeMode>relativeToGround</altitudeMode>
					<coordinates>-1.707540020573151,52.19306612082404,0</coordinates>
				</Point>
			</Placemark>
			<Placemark id="02A750A26C34390DE347">
				<name>Wells</name>
				<gx:mid>/m/0fl09</gx:mid>
				<gx:fid>0x4872185191009fcf:0x5143d917ea215432</gx:fid>
				<LookAt>
					<longitude>-2.64773455</longitude>
					<latitude>51.2089822</latitude>
					<altitude>0</altitude>
					<heading>0</heading>
					<tilt>0</tilt>
					<gx:fovy>35</gx:fovy>
					<range>7281.913430800881</range>
					<altitudeMode>relativeToGround</altitudeMode>
				</LookAt>
				<styleUrl>#__managed_style_0C146D054640DE0E9B8C</styleUrl>
				<Point>
					<altitudeMode>relativeToGround</altitudeMode>
					<coordinates>-2.646776,51.2104986,0</coordinates>
				</Point>
			</Placemark>
			<Placemark id="0ABAB1FDDA34390E3CB8">
				<name>Salisbury</name>
				<gx:mid>/m/0jgvy</gx:mid>
				<gx:fid>0x48738c5536009bb7:0xda3e080f25eaa06</gx:fid>
				<LookAt>
					<longitude>-1.8083435</longitude>
					<latitude>51.07971105</latitude>
					<altitude>0</altitude>
					<heading>0</heading>
					<tilt>0</tilt>
					<gx:fovy>35</gx:fovy>
					<range>14604.67124828545</range>
					<altitudeMode>relativeToGround</altitudeMode>
				</LookAt>
				<styleUrl>#__managed_style_221E0E5A0E40DE0E9B90</styleUrl>
				<Point>
					<altitudeMode>relativeToGround</altitudeMode>
					<coordinates>-1.794472,51.068785,0</coordinates>
				</Point>
			</Placemark>
			<Placemark id="053DA8FB03344391B59E">
				<name>Lavenham</name>
				<gx:mid>/m/05lg_g</gx:mid>
				<gx:fid>0x47d9aca079484581:0xfee9771e59ae2609</gx:fid>
				<LookAt>
					<longitude>0.7945049</longitude>
					<latitude>52.1060449</latitude>
					<altitude>0</altitude>
					<heading>0</heading>
					<tilt>0</tilt>
					<gx:fovy>35</gx:fovy>
					<range>7139.180463669371</range>
					<altitudeMode>relativeToGround</altitudeMode>
				</LookAt>
				<styleUrl>#__managed_style_0C146D054640DE0E9B8C</styleUrl>
				<Point>
					<altitudeMode>relativeToGround</altitudeMode>
					<coordinates>0.7963067254684231,52.10875922837035,0</coordinates>
				</Point>
			</Placemark>
			<Placemark id="0DFC75A21634439483CD">
				<name>Fowey</name>
				<gx:mid>/m/020r5l</gx:mid>
				<gx:fid>0x486b61524fbefeb7:0x47b8af07aeac1f78</gx:fid>
				<LookAt>
					<longitude>-4.64285305</longitude>
					<latitude>50.33627575</latitude>
					<altitude>0</altitude>
					<heading>0</heading>
					<tilt>0</tilt>
					<gx:fovy>35</gx:fovy>
					<range>3199.735092607757</range>
					<altitudeMode>relativeToGround</altitudeMode>
				</LookAt>
				<styleUrl>#__managed_style_221E0E5A0E40DE0E9B90</styleUrl>
				<Point>
					<altitudeMode>relativeToGround</altitudeMode>
					<coordinates>-4.635016409861889,50.33512803080198,0</coordinates>
				</Point>
			</Placemark>
			<Placemark id="0B82779F253443958813">
				<name>Edensor</name>
				<gx:mid>/g/1tl0wwdb</gx:mid>
				<gx:fid>0x487a281bcf46a7b5:0xb5dfa77e7ff7883e</gx:fid>
				<LookAt>
					<longitude>-1.622423</longitude>
					<latitude>53.22856944999999</latitude>
					<altitude>0</altitude>
					<heading>0</heading>
					<tilt>0</tilt>
					<gx:fovy>35</gx:fovy>
					<range>2952.826243201611</range>
					<altitudeMode>relativeToGround</altitudeMode>
				</LookAt>
				<styleUrl>#__managed_style_221E0E5A0E40DE0E9B90</styleUrl>
				<Point>
					<altitudeMode>relativeToGround</altitudeMode>
					<coordinates>-1.613535312802381,53.22658480067545,0</coordinates>
				</Point>
			</Placemark>
			<Placemark id="03D8E85DE2344396D99A">
				<name>Bakewell</name>
				<gx:mid>/m/01x00h</gx:mid>
				<gx:fid>0x487987749f9846c1:0x474111f1604dd076</gx:fid>
				<LookAt>
					<longitude>-1.6790718</longitude>
					<latitude>53.21374590000001</latitude>
					<altitude>0</altitude>
					<heading>0</heading>
					<tilt>0</tilt>
					<gx:fovy>35</gx:fovy>
					<range>6960.521716018186</range>
					<altitudeMode>relativeToGround</altitudeMode>
				</LookAt>
				<styleUrl>#__managed_style_0C146D054640DE0E9B8C</styleUrl>
				<Point>
					<altitudeMode>relativeToGround</altitudeMode>
					<coordinates>-1.674061112845719,53.21268229504413,0</coordinates>
				</Point>
			</Placemark>
			<Placemark id="05FEAB49FB344399109D">
				<name>Clovelly</name>
				<gx:mid>/m/035bk8</gx:mid>
				<gx:fid>0x486c1222b461e15d:0x356e12ce295074f6</gx:fid>
				<LookAt>
					<longitude>-4.4040909</longitude>
					<latitude>50.99903015</latitude>
					<altitude>0</altitude>
					<heading>0</heading>
					<tilt>0</tilt>
					<gx:fovy>35</gx:fovy>
					<range>1371.073069983657</range>
					<altitudeMode>relativeToGround</altitudeMode>
				</LookAt>
				<styleUrl>#__managed_style_221E0E5A0E40DE0E9B90</styleUrl>
				<Point>
					<altitudeMode>relativeToGround</altitudeMode>
					<coordinates>-4.3991182,50.99812759999999,0</coordinates>
				</Point>
			</Placemark>
			<Placemark id="0DB963D71534439B87AE">
				<name>Durham</name>
				<gx:mid>/m/0hx5f</gx:mid>
				<gx:fid>0x487c2aa525d8b1c1:0x678a46d5f522452b</gx:fid>
				<LookAt>
					<longitude>-1.552237</longitude>
					<latitude>54.78175494999999</latitude>
					<altitude>0</altitude>
					<heading>0</heading>
					<tilt>0</tilt>
					<gx:fovy>35</gx:fovy>
					<range>26812.75646508491</range>
					<altitudeMode>relativeToGround</altitudeMode>
				</LookAt>
				<styleUrl>#__managed_style_0C146D054640DE0E9B8C</styleUrl>
				<Point>
					<altitudeMode>relativeToGround</altitudeMode>
					<coordinates>-1.578494684634372,54.77572441246801,0</coordinates>
				</Point>
			</Placemark>
			<Placemark id="01678A403A34439FC36F">
				<name>Shaftesbury</name>
				<gx:mid>/m/01dm2j</gx:mid>
				<gx:fid>0x48724aabde09cb03:0x807a5f074dac44c3</gx:fid>
				<LookAt>
					<longitude>-2.191559949999999</longitude>
					<latitude>51.0075113</latitude>
					<altitude>0</altitude>
					<heading>0</heading>
					<tilt>0</tilt>
					<gx:fovy>35</gx:fovy>
					<range>7313.725533793059</range>
					<altitudeMode>relativeToGround</altitudeMode>
				</LookAt>
				<styleUrl>#__managed_style_0C146D054640DE0E9B8C</styleUrl>
				<Point>
					<altitudeMode>relativeToGround</altitudeMode>
					<coordinates>-2.197204475213455,51.00559235622327,0</coordinates>
				</Point>
			</Placemark>
			<Placemark id="07F7F4583E3443A0ECFE">
				<name>Broadway</name>
				<gx:mid>/m/04dzgh</gx:mid>
				<gx:fid>0x4870d894e3cd159b:0x7e69525fcca010ad</gx:fid>
				<LookAt>
					<longitude>-1.8624682</longitude>
					<latitude>52.0396946</latitude>
					<altitude>0</altitude>
					<heading>0</heading>
					<tilt>0</tilt>
					<gx:fovy>35</gx:fovy>
					<range>14299.59584194128</range>
					<altitudeMode>relativeToGround</altitudeMode>
				</LookAt>
				<styleUrl>#__managed_style_0C146D054640DE0E9B8C</styleUrl>
				<Point>
					<altitudeMode>relativeToGround</altitudeMode>
					<coordinates>-1.860716360044279,52.03599937786842,0</coordinates>
				</Point>
			</Placemark>
			<Placemark id="0C7688FD993443A2C825">
				<name>Alnwick</name>
				<gx:mid>/m/0jt78_s</gx:mid>
				<gx:fid>0x487df0ad52acc475:0x8eb5199fa5e06b68</gx:fid>
				<LookAt>
					<longitude>-1.7079208</longitude>
					<latitude>55.4093048</latitude>
					<altitude>0</altitude>
					<heading>0</heading>
					<tilt>0</tilt>
					<gx:fovy>35</gx:fovy>
					<range>6598.781725451</range>
					<altitudeMode>relativeToGround</altitudeMode>
				</LookAt>
				<styleUrl>#__managed_style_0C146D054640DE0E9B8C</styleUrl>
				<Point>
					<altitudeMode>relativeToGround</altitudeMode>
					<coordinates>-1.706299,55.412744,0</coordinates>
				</Point>
			</Placemark>
			<Placemark id="0C1FD1FA2B360B10C96B">
				<name>Shrewsbury</name>
				<gx:mid>/m/0235n9</gx:mid>
				<gx:fid>0x486f7655f4dc15c3:0x6ed7820778d6cdc4</gx:fid>
				<LookAt>
					<longitude>-2.749686899999999</longitude>
					<latitude>52.71470225</latitude>
					<altitude>0</altitude>
					<heading>0</heading>
					<tilt>0</tilt>
					<gx:fovy>35</gx:fovy>
					<range>14082.67486899356</range>
					<altitudeMode>relativeToGround</altitudeMode>
				</LookAt>
				<styleUrl>#__managed_style_221E0E5A0E40DE0E9B90</styleUrl>
				<Point>
					<altitudeMode>relativeToGround</altitudeMode>
					<coordinates>-2.751715025002204,52.70675561087663,0</coordinates>
				</Point>
			</Placemark>
			<Placemark id="049AC8CFBC384E87FD2C">
				<name>Cambridge</name>
				<gx:mid>/m/0978r</gx:mid>
				<gx:fid>0x47d85d89f32a012d:0x63a320e1a35e3d21</gx:fid>
				<LookAt>
					<longitude>0.11998715</longitude>
					<latitude>52.19884209999999</latitude>
					<altitude>0</altitude>
					<heading>0</heading>
					<tilt>0</tilt>
					<gx:fovy>35</gx:fovy>
					<range>14248.62977040168</range>
					<altitudeMode>relativeToGround</altitudeMode>
				</LookAt>
				<styleUrl>#__managed_style_221E0E5A0E40DE0E9B90</styleUrl>
				<Point>
					<altitudeMode>relativeToGround</altitudeMode>
					<coordinates>0.1312729,52.1950788,0</coordinates>
				</Point>
			</Placemark>
			<Placemark id="09413DC200384E8AE71F">
				<name>Old Windsor</name>
				<gx:mid>/m/05xb2s</gx:mid>
				<gx:fid>0x48767a68d210af59:0xcfe20353fe00711d</gx:fid>
				<LookAt>
					<longitude>-0.58330715</longitude>
					<latitude>51.45898855</latitude>
					<altitude>0</altitude>
					<heading>0</heading>
					<tilt>0</tilt>
					<gx:fovy>35</gx:fovy>
					<range>7242.312474642887</range>
					<altitudeMode>relativeToGround</altitudeMode>
				</LookAt>
				<styleUrl>#__managed_style_221E0E5A0E40DE0E9B90</styleUrl>
				<Point>
					<altitudeMode>relativeToGround</altitudeMode>
					<coordinates>-0.5739220949712354,51.4570002638289,0</coordinates>
				</Point>
			</Placemark>
			<Placemark id="05B6392BFE384E9812A6">
				<name>Winchester</name>
				<gx:mid>/m/0bwtj</gx:mid>
				<gx:fid>0x487405528df97463:0x67a4865d66a8eda1</gx:fid>
				<LookAt>
					<longitude>-1.32079165</longitude>
					<latitude>51.0641436</latitude>
					<altitude>0</altitude>
					<heading>0</heading>
					<tilt>0</tilt>
					<gx:fovy>35</gx:fovy>
					<range>14609.58491319305</range>
					<altitudeMode>relativeToGround</altitudeMode>
				</LookAt>
				<styleUrl>#__managed_style_221E0E5A0E40DE0E9B90</styleUrl>
				<Point>
					<altitudeMode>relativeToGround</altitudeMode>
					<coordinates>-1.314994458602621,51.06251822979522,0</coordinates>
				</Point>
			</Placemark>
			<Placemark id="002F663A65387A8DBFE4">
				<name>Skipton</name>
				<gx:mid>/m/01kx2z</gx:mid>
				<gx:fid>0x487b860649cad907:0x4c7a8de6468c2ec8</gx:fid>
				<LookAt>
					<longitude>-2.02199375</longitude>
					<latitude>53.9552364</latitude>
					<altitude>0</altitude>
					<heading>0</heading>
					<tilt>0</tilt>
					<gx:fovy>35</gx:fovy>
					<range>6839.47054710738</range>
					<altitudeMode>relativeToGround</altitudeMode>
				</LookAt>
				<styleUrl>#__managed_style_221E0E5A0E40DE0E9B90</styleUrl>
				<Point>
					<altitudeMode>relativeToGround</altitudeMode>
					<coordinates>-2.017885903835545,53.9600863323673,0</coordinates>
				</Point>
			</Placemark>
			<Placemark id="0F4E43EC113907BEF6EC">
				<name>Chester</name>
				<gx:mid>/m/01423b</gx:mid>
				<gx:fid>0x487ac1d9629cf569:0x49626cb38dd8f89f</gx:fid>
				<LookAt>
					<longitude>-2.88788175</longitude>
					<latitude>53.19248895</latitude>
					<altitude>0</altitude>
					<heading>0</heading>
					<tilt>0</tilt>
					<gx:fovy>35</gx:fovy>
					<range>13927.94980462069</range>
					<altitudeMode>relativeToGround</altitudeMode>
				</LookAt>
				<styleUrl>#__managed_style_3BC637697D40DE0E9B96</styleUrl>
				<Point>
					<altitudeMode>relativeToGround</altitudeMode>
					<coordinates>-2.89144367029142,53.19033684490042,0</coordinates>
				</Point>
			</Placemark>
			<Placemark id="0BF1034CF43907C4DDB9">
				<name>Tenby</name>
				<gx:mid>/m/02z1c5</gx:mid>
				<gx:fid>0x486933067fa2a7c5:0x64baa8e24098ac0e</gx:fid>
				<LookAt>
					<longitude>-4.7089611</longitude>
					<latitude>51.67613485</latitude>
					<altitude>0</altitude>
					<heading>0</heading>
					<tilt>0</tilt>
					<gx:fovy>35</gx:fovy>
					<range>3085.784190815058</range>
					<altitudeMode>relativeToGround</altitudeMode>
				</LookAt>
				<styleUrl>#__managed_style_221E0E5A0E40DE0E9B90</styleUrl>
				<Point>
					<altitudeMode>relativeToGround</altitudeMode>
					<coordinates>-4.69731784884435,51.6712258555269,0</coordinates>
				</Point>
			</Placemark>
			<Placemark id="045EBC99DA3907D01380">
				<name>Weymouth</name>
				<gx:mid>/m/01rt22</gx:mid>
				<gx:fid>0x487257fd62333533:0xebeb17fada5f4737</gx:fid>
				<LookAt>
					<longitude>-2.45782455</longitude>
					<latitude>50.62672404999999</latitude>
					<altitude>0</altitude>
					<heading>0</heading>
					<tilt>0</tilt>
					<gx:fovy>35</gx:fovy>
					<range>29494.41702286774</range>
					<altitudeMode>relativeToGround</altitudeMode>
				</LookAt>
				<styleUrl>#__managed_style_221E0E5A0E40DE0E9B90</styleUrl>
				<Point>
					<altitudeMode>relativeToGround</altitudeMode>
					<coordinates>-2.4546253,50.6099306,0</coordinates>
				</Point>
			</Placemark>
			<Placemark id="087C2B3F343907D3BF43">
				<name>Portsmouth</name>
				<gx:mid>/m/0619_</gx:mid>
				<gx:fid>0x487442a41814f1e9:0x45b683ea03373b79</gx:fid>
				<LookAt>
					<longitude>-1.0967302</longitude>
					<latitude>50.80473575</latitude>
					<altitude>0</altitude>
					<heading>0</heading>
					<tilt>0</tilt>
					<gx:fovy>35</gx:fovy>
					<range>29382.60931132771</range>
					<altitudeMode>relativeToGround</altitudeMode>
				</LookAt>
				<styleUrl>#__managed_style_221E0E5A0E40DE0E9B90</styleUrl>
				<Point>
					<altitudeMode>relativeToGround</altitudeMode>
					<coordinates>-1.115913834369856,50.79158125255368,0</coordinates>
				</Point>
			</Placemark>
			<Placemark id="0B77F129BA391BCA8770">
				<name>Bath</name>
				<gx:mid>/m/0bdg5</gx:mid>
				<gx:fid>0x487178a6743ee12d:0x138b27d0d66d9a09</gx:fid>
				<LookAt>
					<longitude>-2.36453</longitude>
					<latitude>51.38012645</latitude>
					<altitude>0</altitude>
					<heading>0</heading>
					<tilt>0</tilt>
					<gx:fovy>35</gx:fovy>
					<range>14509.63827841607</range>
					<altitudeMode>relativeToGround</altitudeMode>
				</LookAt>
				<styleUrl>#__managed_style_3BC637697D40DE0E9B96</styleUrl>
				<Point>
					<altitudeMode>relativeToGround</altitudeMode>
					<coordinates>-2.3596827,51.3781018,0</coordinates>
				</Point>
			</Placemark>
			<Placemark id="067BFC6CD2391BCB4A4C">
				<name>Yeovil</name>
				<gx:mid>/m/0206lp</gx:mid>
				<gx:fid>0x487214c92446a7b5:0x9d6e9767b709360d</gx:fid>
				<LookAt>
					<longitude>-2.64236405</longitude>
					<latitude>50.94218660000001</latitude>
					<altitude>0</altitude>
					<heading>0</heading>
					<tilt>0</tilt>
					<gx:fovy>35</gx:fovy>
					<range>14648.04171882265</range>
					<altitudeMode>relativeToGround</altitudeMode>
				</LookAt>
				<styleUrl>#__managed_style_372859DF0B40DE0E9B9C</styleUrl>
				<Point>
					<altitudeMode>relativeToGround</altitudeMode>
					<coordinates>-2.633308,50.942061,0</coordinates>
				</Point>
			</Placemark>
			<Placemark id="0798826829391BCCF594">
				<name>Arundel</name>
				<gx:mid>/m/011xqj</gx:mid>
				<gx:fid>0x4875a4d10c96d8bf:0xe9a76e70e6b7cc5a</gx:fid>
				<LookAt>
					<longitude>-0.5752947</longitude>
					<latitude>50.8590152</latitude>
					<altitude>0</altitude>
					<heading>0</heading>
					<tilt>0</tilt>
					<gx:fovy>35</gx:fovy>
					<range>7337.115087684148</range>
					<altitudeMode>relativeToGround</altitudeMode>
				</LookAt>
				<styleUrl>#__managed_style_221E0E5A0E40DE0E9B90</styleUrl>
				<Point>
					<altitudeMode>relativeToGround</altitudeMode>
					<coordinates>-0.555119,50.855171,0</coordinates>
				</Point>
			</Placemark>
			<Placemark id="0368421AB4391BCE68E8">
				<name>Canterbury</name>
				<gx:mid>/m/0cy07</gx:mid>
				<gx:fid>0x47d94ac50d832c89:0x9ef1e5533783f98a</gx:fid>
				<LookAt>
					<longitude>1.08385085</longitude>
					<latitude>51.2785439</latitude>
					<altitude>0</altitude>
					<heading>0</heading>
					<tilt>0</tilt>
					<gx:fovy>35</gx:fovy>
					<range>14541.81752112444</range>
					<altitudeMode>relativeToGround</altitudeMode>
				</LookAt>
				<styleUrl>#__managed_style_221E0E5A0E40DE0E9B90</styleUrl>
				<Point>
					<altitudeMode>relativeToGround</altitudeMode>
					<coordinates>1.0837855,51.2770331,0</coordinates>
				</Point>
			</Placemark>
		</Folder>
		<Folder id="0571D92736391BD24980">
			<name>אטרקציות כללי</name>
			<styleUrl>#__managed_style_3EAD8AA57B40DE0E9B90</styleUrl>
			<Placemark id="0F809A22DB2DCD7704C2">
				<name>Oxford Street</name>
				<LookAt>
					<longitude>-0.1420449065355212</longitude>
					<latitude>51.51532325311414</latitude>
					<altitude>25.97579820965688</altitude>
					<heading>172.8412849251216</heading>
					<tilt>0</tilt>
					<gx:fovy>35</gx:fovy>
					<range>500.1813089611824</range>
					<altitudeMode>absolute</altitudeMode>
				</LookAt>
				<styleUrl>#__managed_style_06A0D8702840DE0E9B90</styleUrl>
				<Point>
					<coordinates>-0.1419842594462306,51.51527044301736,26.00494941771034</coordinates>
				</Point>
			</Placemark>
			<Placemark id="00A12E89782DD0E104D7">
				<name>שכונה מרשימה מאוד </name>
				<LookAt>
					<longitude>-0.01937283145981961</longitude>
					<latitude>51.50503352683987</latitude>
					<altitude>234.1194276634992</altitude>
					<heading>13.62774938755767</heading>
					<tilt>0</tilt>
					<gx:fovy>35</gx:fovy>
					<range>1352.293418940244</range>
					<altitudeMode>absolute</altitudeMode>
				</LookAt>
				<styleUrl>#__managed_style_06A0D8702840DE0E9B90</styleUrl>
				<Point>
					<coordinates>-0.01814018501029804,51.50334450499486,26.57057319609228</coordinates>
				</Point>
			</Placemark>
			<Placemark id="07F1BA8A7A2DF62DFE87">
				<name>Neasden temple</name>
				<LookAt>
					<longitude>-0.2606888644279648</longitude>
					<latitude>51.54777873785318</latitude>
					<altitude>29.04828195018465</altitude>
					<heading>220.8617329477171</heading>
					<tilt>0</tilt>
					<gx:fovy>35</gx:fovy>
					<range>499.5100856837234</range>
					<altitudeMode>absolute</altitudeMode>
				</LookAt>
				<styleUrl>#__managed_style_06A0D8702840DE0E9B90</styleUrl>
				<Point>
					<coordinates>-0.2607382387896939,51.54761094012427,44.11952159864526</coordinates>
				</Point>
			</Placemark>
			<Placemark id="00B3BC4C102DF62EF36C">
				<name>strawberry hill house</name>
				<LookAt>
					<longitude>-0.3350707896301242</longitude>
					<latitude>51.43812911249283</latitude>
					<altitude>17.39911147369531</altitude>
					<heading>-174.9008598823128</heading>
					<tilt>49.52967954947348</tilt>
					<gx:fovy>35</gx:fovy>
					<range>166.6942216994358</range>
					<altitudeMode>absolute</altitudeMode>
				</LookAt>
				<styleUrl>#__managed_style_26AB9E41D140DE0E9B9B</styleUrl>
				<Point>
					<coordinates>-0.3349391950725433,51.43817052552191,11.58776943894551</coordinates>
				</Point>
			</Placemark>
			<Placemark id="0A14D0E4F82E0E974F40">
				<name>bond street</name>
				<LookAt>
					<longitude>-0.1448077475546872</longitude>
					<latitude>51.51301592990191</latitude>
					<altitude>38.23388879265445</altitude>
					<heading>348.9889084575497</heading>
					<tilt>0</tilt>
					<gx:fovy>35</gx:fovy>
					<range>581.4225031330716</range>
					<altitudeMode>absolute</altitudeMode>
				</LookAt>
				<styleUrl>#__managed_style_1E4A9FF1F240DE0E9B91</styleUrl>
				<LineString>
					<coordinates>
						-0.1426099875290787,51.51049034301806,0 -0.1453845031867806,51.51321536974919,0 
					</coordinates>
				</LineString>
			</Placemark>
			<Placemark id="0A1FFBEAEA2FC44AF578">
				<name>אחלה טירה רצח ביותר</name>
				<LookAt>
					<longitude>-3.198779777999718</longitude>
					<latitude>55.94804818328739</latitude>
					<altitude>94.45847791329645</altitude>
					<heading>339.7594371986152</heading>
					<tilt>0</tilt>
					<gx:fovy>84.35022373923529</gx:fovy>
					<range>433.2726786813873</range>
					<altitudeMode>absolute</altitudeMode>
				</LookAt>
				<styleUrl>#__managed_style_06A0D8702840DE0E9B90</styleUrl>
				<Point>
					<coordinates>-3.200318885536597,55.94857445834177,130.8583157347691</coordinates>
				</Point>
			</Placemark>
			<Placemark id="0FC1DA360F2FC44BA511">
				<name>סטרוגט 1930 וייבס</name>
				<LookAt>
					<longitude>-3.192075187720488</longitude>
					<latitude>55.94932719000654</latitude>
					<altitude>101.6779873110547</altitude>
					<heading>338.5418074547212</heading>
					<tilt>0</tilt>
					<gx:fovy>57.27724970577845</gx:fovy>
					<range>625.7226368277771</range>
					<altitudeMode>absolute</altitudeMode>
				</LookAt>
				<styleUrl>#__managed_style_1E4A9FF1F240DE0E9B91</styleUrl>
				<LineString>
					<coordinates>
						-3.194481749225593,55.94906365522969,0 -3.193573670950668,55.9493227303601,0 -3.190533664987446,55.94979550602103,0 -3.183964275577755,55.95068092001996,0 
					</coordinates>
				</LineString>
			</Placemark>
			<Placemark id="01A26752F52FC44CA3C5">
				<name>כיכר חביבה וייבס של 1930</name>
				<LookAt>
					<longitude>-3.194745613043708</longitude>
					<latitude>55.94806669681376</latitude>
					<altitude>86.43967478157086</altitude>
					<heading>330.8295293376669</heading>
					<tilt>0</tilt>
					<gx:fovy>57.48896404619319</gx:fovy>
					<range>270.5450945139819</range>
					<altitudeMode>absolute</altitudeMode>
				</LookAt>
				<styleUrl>#__managed_style_06A0D8702840DE0E9B90</styleUrl>
				<Point>
					<coordinates>-3.194988279285958,55.94771204425923,68.27588194125667</coordinates>
				</Point>
			</Placemark>
			<Placemark id="0136FFA2DC2FC44E8187">
				<name>מבנה נייס</name>
				<LookAt>
					<longitude>-3.188387959389756</longitude>
					<latitude>55.94527636193016</latitude>
					<altitude>81.69923190631096</altitude>
					<heading>192.4552033745444</heading>
					<tilt>0</tilt>
					<gx:fovy>57.0721185185234</gx:fovy>
					<range>251.0869435890709</range>
					<altitudeMode>absolute</altitudeMode>
				</LookAt>
				<styleUrl>#__managed_style_06A0D8702840DE0E9B90</styleUrl>
				<Point>
					<coordinates>-3.188646135650866,55.94505354477855,82.89034794035757</coordinates>
				</Point>
			</Placemark>
			<Placemark id="0224E4ABD02FC450358F">
				<name>טירה ושכונה נייס מסביב בנייתית</name>
				<LookAt>
					<longitude>-3.212896592596755</longitude>
					<latitude>55.94980228179147</latitude>
					<altitude>73.66461098254378</altitude>
					<heading>300.1417669795392</heading>
					<tilt>0</tilt>
					<gx:fovy>57.21830882286915</gx:fovy>
					<range>1155.101648451237</range>
					<altitudeMode>absolute</altitudeMode>
				</LookAt>
				<styleUrl>#__managed_style_06A0D8702840DE0E9B90</styleUrl>
				<Point>
					<coordinates>-3.216149760949747,55.94855362904675,82.61008318211329</coordinates>
				</Point>
			</Placemark>
			<Placemark id="0FAD9E476F2FC450CF3A">
				<name>אחלה נקודה ביותר</name>
				<LookAt>
					<longitude>-3.218063371318002</longitude>
					<latitude>55.95184287107944</latitude>
					<altitude>28.03062806616973</altitude>
					<heading>269.8734396575035</heading>
					<tilt>0</tilt>
					<gx:fovy>57.2248810657707</gx:fovy>
					<range>43.77659228596713</range>
					<altitudeMode>absolute</altitudeMode>
				</LookAt>
				<styleUrl>#__managed_style_06A0D8702840DE0E9B90</styleUrl>
				<Point>
					<coordinates>-3.218050366458223,55.95183398577331,27.95688924359004</coordinates>
				</Point>
			</Placemark>
			<Placemark id="0946B17B842FC451B637">
				<name>טירה נייס</name>
				<LookAt>
					<longitude>-3.224801703592361</longitude>
					<latitude>55.94756741601994</latitude>
					<altitude>60.34747202191104</altitude>
					<heading>354.2480820932974</heading>
					<tilt>0</tilt>
					<gx:fovy>57.28051240009083</gx:fovy>
					<range>483.2204980120879</range>
					<altitudeMode>absolute</altitudeMode>
				</LookAt>
				<styleUrl>#__managed_style_06A0D8702840DE0E9B90</styleUrl>
				<Point>
					<coordinates>-3.225943634170797,55.94754697491701,62.07598633149283</coordinates>
				</Point>
			</Placemark>
			<Placemark id="0348405A792FC4528778">
				<name>פארק אגם נפלא</name>
				<LookAt>
					<longitude>-3.227720933212586</longitude>
					<latitude>55.95110877445556</latitude>
					<altitude>61.41589679240028</altitude>
					<heading>319.7287925432389</heading>
					<tilt>0</tilt>
					<gx:fovy>56.96053427374628</gx:fovy>
					<range>325.7203664266854</range>
					<altitudeMode>absolute</altitudeMode>
				</LookAt>
				<styleUrl>#__managed_style_2389673E6240DE0E9B96</styleUrl>
				<Point>
					<coordinates>-3.226986668835805,55.95121549345132,56.56751814033818</coordinates>
				</Point>
			</Placemark>
			<Placemark id="02F3F9A2EF2FC4532EBD">
				<name>טירה חביבה</name>
				<LookAt>
					<longitude>-3.225907222168084</longitude>
					<latitude>55.96309125345536</latitude>
					<altitude>28.84936496397129</altitude>
					<heading>341.6064133105339</heading>
					<tilt>0</tilt>
					<gx:fovy>57.41917430096693</gx:fovy>
					<range>308.7800212978254</range>
					<altitudeMode>absolute</altitudeMode>
				</LookAt>
				<styleUrl>#__managed_style_06A0D8702840DE0E9B90</styleUrl>
				<Point>
					<coordinates>-3.226004580059293,55.96365526718529,70.00682222914985</coordinates>
				</Point>
			</Placemark>
			<Placemark id="0CD6391E1F2FC56F3F6E">
				<name>טיילת מבנים מרשימים</name>
				<LookAt>
					<longitude>-3.194965315239214</longitude>
					<latitude>55.95057250584281</latitude>
					<altitude>64.71731301109786</altitude>
					<heading>250.6483018394167</heading>
					<tilt>0</tilt>
					<gx:fovy>57.20169738090573</gx:fovy>
					<range>397.7932903302282</range>
					<altitudeMode>absolute</altitudeMode>
				</LookAt>
				<styleUrl>#__managed_style_1E4A9FF1F240DE0E9B91</styleUrl>
				<LineString>
					<coordinates>
						-3.195271623915008,55.94995865984822,0 -3.19466221487151,55.95007069948102,0 -3.19576301182554,55.95203097875431,0 
					</coordinates>
				</LineString>
			</Placemark>
			<Placemark id="08431A13172FC5759BA7">
				<name>חתכת פאלאס ופארקים מסביב</name>
				<LookAt>
					<longitude>-3.17336322943878</longitude>
					<latitude>55.95271115163374</latitude>
					<altitude>34.87422112719172</altitude>
					<heading>69.78287407931545</heading>
					<tilt>0</tilt>
					<gx:fovy>57.15887047667105</gx:fovy>
					<range>585.3200018862118</range>
					<altitudeMode>absolute</altitudeMode>
				</LookAt>
				<styleUrl>#__managed_style_06A0D8702840DE0E9B90</styleUrl>
				<Point>
					<coordinates>-3.172956751112262,55.95253560256457,34.91333943057653</coordinates>
				</Point>
			</Placemark>
			<Placemark id="078FCCB3A52FC577D5AB">
				<name>פארק חביב ביותר</name>
				<LookAt>
					<longitude>-3.198267446794389</longitude>
					<latitude>55.95113651660518</latitude>
					<altitude>47.07231154297714</altitude>
					<heading>177.0092880418069</heading>
					<tilt>0</tilt>
					<gx:fovy>57.34536305716852</gx:fovy>
					<range>910.429360438575</range>
					<altitudeMode>absolute</altitudeMode>
				</LookAt>
				<styleUrl>#__managed_style_2389673E6240DE0E9B96</styleUrl>
				<Point>
					<coordinates>-3.199015221191591,55.95100339490376,54.97861640189597</coordinates>
				</Point>
			</Placemark>
			<Placemark id="01EF5ECE612FC578E625">
				<name>כל המבנים בגבעה הזאת אחלה</name>
				<LookAt>
					<longitude>-3.183644778347543</longitude>
					<latitude>55.95450932710258</latitude>
					<altitude>96.26097802284713</altitude>
					<heading>-172.608421457294</heading>
					<tilt>15.25983030915955</tilt>
					<gx:fovy>57.3903912328509</gx:fovy>
					<range>344.089541023277</range>
					<altitudeMode>absolute</altitudeMode>
				</LookAt>
				<styleUrl>#__managed_style_06A0D8702840DE0E9B90</styleUrl>
				<Point>
					<coordinates>-3.182849535492745,55.95490073683245,101.6048890995907</coordinates>
				</Point>
			</Placemark>
			<Placemark id="0B41B1F68D2FC5799CB6">
				<name>קניון גדול</name>
				<LookAt>
					<longitude>-3.189224916344068</longitude>
					<latitude>55.95563918323511</latitude>
					<altitude>91.23404314981833</altitude>
					<heading>162.3791351118047</heading>
					<tilt>0</tilt>
					<gx:fovy>57.12229278518506</gx:fovy>
					<range>605.3924055493553</range>
					<altitudeMode>absolute</altitudeMode>
				</LookAt>
				<styleUrl>#__managed_style_06A0D8702840DE0E9B90</styleUrl>
				<Point>
					<coordinates>-3.188652587822852,55.95512402191827,86.87145020677821</coordinates>
				</Point>
			</Placemark>
			<Placemark id="0F5D341CE9305AB81FF5">
				<name>מבנה שטרסבורגי עתיק יומין אך בדד באזורו</name>
				<LookAt>
					<longitude>-1.590352040146149</longitude>
					<latitude>52.27998150826125</latitude>
					<altitude>66.93273038693654</altitude>
					<heading>325.8347508646889</heading>
					<tilt>0</tilt>
					<gx:fovy>57.10894184274702</gx:fovy>
					<range>87.6124496934972</range>
					<altitudeMode>absolute</altitudeMode>
				</LookAt>
				<styleUrl>#__managed_style_06A0D8702840DE0E9B90</styleUrl>
				<Point>
					<coordinates>-1.590235531250298,52.28014244774985,74.03230645030419</coordinates>
				</Point>
			</Placemark>
			<Placemark id="03B97782E4305ABA3EF5">
				<name>שאטו חביב</name>
				<LookAt>
					<longitude>-1.587200129122639</longitude>
					<latitude>52.28041843158692</latitude>
					<altitude>65.77845679564838</altitude>
					<heading>-38.73341244819553</heading>
					<tilt>0.1011926928587585</tilt>
					<gx:fovy>57.25439080010091</gx:fovy>
					<range>985.5933880583325</range>
					<altitudeMode>absolute</altitudeMode>
				</LookAt>
				<styleUrl>#__managed_style_06A0D8702840DE0E9B90</styleUrl>
				<Point>
					<coordinates>-1.585085517567639,52.27951413697281,63.24320848732744</coordinates>
				</Point>
			</Placemark>
			<Placemark id="0F7F5394E3305AC0A19D">
				<name>חביב העיירה והמבנה ומבצר ליד לאדע</name>
				<LookAt>
					<longitude>-0.5395839339513764</longitude>
					<latitude>53.2340283697295</latitude>
					<altitude>62.11664156518026</altitude>
					<heading>359.0762303360834</heading>
					<tilt>0</tilt>
					<gx:fovy>82.32729515404409</gx:fovy>
					<range>561.9378833896917</range>
					<altitudeMode>absolute</altitudeMode>
				</LookAt>
				<styleUrl>#__managed_style_06A0D8702840DE0E9B90</styleUrl>
				<Point>
					<coordinates>-0.5363867700675673,53.23422967606137,85.65105254429129</coordinates>
				</Point>
			</Placemark>
			<Placemark id="099DC7CAC5305AC29BE1">
				<name>חביב מאוד המבצר</name>
				<LookAt>
					<longitude>-1.298176301635101</longitude>
					<latitude>53.23239646479543</latitude>
					<altitude>134.670094147733</altitude>
					<heading>34.08293851270544</heading>
					<tilt>0</tilt>
					<gx:fovy>57.25400536968269</gx:fovy>
					<range>543.6316591529612</range>
					<altitudeMode>absolute</altitudeMode>
				</LookAt>
				<styleUrl>#__managed_style_06A0D8702840DE0E9B90</styleUrl>
				<Point>
					<coordinates>-1.296807689873161,53.23120983393006,165.1611597094948</coordinates>
				</Point>
			</Placemark>
			<Placemark id="09DAE28D17305AC8D507">
				<name>אחלה שאטו ביותר</name>
				<LookAt>
					<longitude>-1.711993292929096</longitude>
					<latitude>55.60933790479553</latitude>
					<altitude>25.49384474912194</altitude>
					<heading>14.68164742507511</heading>
					<tilt>0</tilt>
					<gx:fovy>57.28376553767784</gx:fovy>
					<range>449.834325014308</range>
					<altitudeMode>absolute</altitudeMode>
				</LookAt>
				<styleUrl>#__managed_style_06A0D8702840DE0E9B90</styleUrl>
				<Point>
					<coordinates>-1.710054472297944,55.60895577629593,33.89012151870687</coordinates>
				</Point>
			</Placemark>
			<Placemark id="09D9DD3005305AC9F7E7">
				<name>אחלה שאטו ביותר</name>
				<LookAt>
					<longitude>-3.943481284440264</longitude>
					<latitude>56.12154520532656</latitude>
					<altitude>66.96154567280134</altitude>
					<heading>234.6274272562534</heading>
					<tilt>0</tilt>
					<gx:fovy>57.4700099782411</gx:fovy>
					<range>1105.772207471455</range>
					<altitudeMode>absolute</altitudeMode>
				</LookAt>
				<styleUrl>#__managed_style_06A0D8702840DE0E9B90</styleUrl>
				<Point>
					<coordinates>-3.94797677223951,56.12428207915536,90.36609567697083</coordinates>
				</Point>
			</Placemark>
			<Placemark id="065124A81B305ACBDB53">
				<name>אחלה קאסטל</name>
				<LookAt>
					<longitude>-4.788038139751229</longitude>
					<latitude>55.35491113123992</latitude>
					<altitude>18.56018552315423</altitude>
					<heading>333.0819095473066</heading>
					<tilt>0</tilt>
					<gx:fovy>57.49527615299944</gx:fovy>
					<range>453.1292061840941</range>
					<altitudeMode>absolute</altitudeMode>
				</LookAt>
				<styleUrl>#__managed_style_06A0D8702840DE0E9B90</styleUrl>
				<Point>
					<coordinates>-4.788876306422828,55.35468266605548,24.38564937185962</coordinates>
				</Point>
			</Placemark>
			<Placemark id="02DAC2FA7830EED5C7EB">
				<name>Castle Combe, England</name>
				<LookAt>
					<longitude>-2.226092975582767</longitude>
					<latitude>51.4952979963694</latitude>
					<altitude>109.6281457553069</altitude>
					<heading>29.54553685017788</heading>
					<tilt>0.06941259487090569</tilt>
					<gx:fovy>57.33891517861437</gx:fovy>
					<range>2327.911539075722</range>
					<altitudeMode>absolute</altitudeMode>
				</LookAt>
				<styleUrl>#__managed_style_06A0D8702840DE0E9B90</styleUrl>
				<Point>
					<coordinates>-2.228932797481045,51.49289457818451,80.80075047424319</coordinates>
				</Point>
			</Placemark>
			<Placemark id="0C0B11349734151095EA">
				<name>The Royal Lancers &amp; Nottinghamshire Yeomanry Museum</name>
				<gx:mid>/m/0j7mn1k</gx:mid>
				<gx:fid>0x4879a517e1ea4e8b:0x3877b9f1e913511c</gx:fid>
				<LookAt>
					<longitude>-1.044747</longitude>
					<latitude>53.235173</latitude>
					<altitude>0</altitude>
					<heading>0</heading>
					<tilt>0</tilt>
					<gx:fovy>35</gx:fovy>
					<range>601.9385727048633</range>
					<altitudeMode>relativeToGround</altitudeMode>
				</LookAt>
				<styleUrl>#__managed_style_09C79760CD40DE0E9B8E</styleUrl>
				<Point>
					<altitudeMode>relativeToGround</altitudeMode>
					<coordinates>-1.044747,53.235173,0</coordinates>
				</Point>
			</Placemark>
			<Placemark id="02031D9C7B34150173D3">
				<name>מבנה נהדר ואזור מרשים</name>
				<LookAt>
					<longitude>-0.4541184052140201</longitude>
					<latitude>52.64212915180136</latitude>
					<altitude>47.06854761769107</altitude>
					<heading>12.77528198975513</heading>
					<tilt>0</tilt>
					<gx:fovy>83.7786654340795</gx:fovy>
					<range>699.5943278624328</range>
					<altitudeMode>absolute</altitudeMode>
				</LookAt>
				<styleUrl>#__managed_style_06A0D8702840DE0E9B90</styleUrl>
				<Point>
					<coordinates>-0.4519739930092725,52.64234157560105,50.51685778839078</coordinates>
				</Point>
			</Placemark>
			<Placemark id="0DCDAEA0263418663D13">
				<name>Inveraray Castle</name>
				<gx:mid>/m/02fwbd</gx:mid>
				<gx:fid>0x48890d03af79634f:0xce5fed1d0a6fd8b1</gx:fid>
				<LookAt>
					<longitude>-5.073593100000001</longitude>
					<latitude>56.2376038</latitude>
					<altitude>0</altitude>
					<heading>0</heading>
					<tilt>0</tilt>
					<gx:fovy>35</gx:fovy>
					<range>555.9017454908605</range>
					<altitudeMode>relativeToGround</altitudeMode>
				</LookAt>
				<styleUrl>#__managed_style_09C79760CD40DE0E9B8E</styleUrl>
				<Point>
					<altitudeMode>relativeToGround</altitudeMode>
					<coordinates>-5.0735931,56.2376038,0</coordinates>
				</Point>
			</Placemark>
			<Placemark id="03E4938F993437023404">
				<name>Longleat Guest Services</name>
				<gx:mid>/g/11hsy2qrw5</gx:mid>
				<gx:fid>0x4873d302611e9e5b:0xa0733353b9847ff3</gx:fid>
				<LookAt>
					<longitude>-2.2763164</longitude>
					<latitude>51.1872572</latitude>
					<altitude>0</altitude>
					<heading>0</heading>
					<tilt>0</tilt>
					<gx:fovy>35</gx:fovy>
					<range>632.586879179787</range>
					<altitudeMode>relativeToGround</altitudeMode>
				</LookAt>
				<styleUrl>#__managed_style_09C79760CD40DE0E9B8E</styleUrl>
				<Point>
					<altitudeMode>relativeToGround</altitudeMode>
					<coordinates>-2.2763525,51.1873192,0</coordinates>
				</Point>
			</Placemark>
			<Placemark id="0E187C4A873443A306DE">
				<name>Alnwick Castle</name>
				<gx:mid>/m/011xs4</gx:mid>
				<gx:fid>0x487e00e0ed23bc0d:0x8783a98b290f641</gx:fid>
				<LookAt>
					<longitude>-1.7059204</longitude>
					<latitude>55.4155828</latitude>
					<altitude>0</altitude>
					<heading>0</heading>
					<tilt>0</tilt>
					<gx:fovy>35</gx:fovy>
					<range>568.628110568083</range>
					<altitudeMode>relativeToGround</altitudeMode>
				</LookAt>
				<styleUrl>#__managed_style_078D864D6F40DE0E9B8F</styleUrl>
				<Point>
					<altitudeMode>relativeToGround</altitudeMode>
					<coordinates>-1.7059204,55.4155828,0</coordinates>
				</Point>
			</Placemark>
			<Placemark id="0544D5F7DF360B1514F2">
				<name>אזור נהדר ליסוע בו אחלה גבעות ירוקות</name>
				<LookAt>
					<longitude>-2.935535792159243</longitude>
					<latitude>52.61824436135365</latitude>
					<altitude>218.9777822719026</altitude>
					<heading>358.3021623715372</heading>
					<tilt>0</tilt>
					<gx:fovy>35</gx:fovy>
					<range>86492.46386957355</range>
					<altitudeMode>absolute</altitudeMode>
				</LookAt>
				<styleUrl>#__managed_style_06A0D8702840DE0E9B90</styleUrl>
				<Point>
					<coordinates>-3.1687450343183,52.50619512973648,234.3906837876745</coordinates>
				</Point>
			</Placemark>
			<Placemark id="07736AC24B360B1B6C86">
				<name>נהר ארוך מאוד לשוט בו</name>
				<LookAt>
					<longitude>-2.305594284142549</longitude>
					<latitude>52.80318762820158</latitude>
					<altitude>100.9050064065213</altitude>
					<heading>46.96437247455292</heading>
					<tilt>0</tilt>
					<gx:fovy>35</gx:fovy>
					<range>1347.648998870136</range>
					<altitudeMode>absolute</altitudeMode>
				</LookAt>
				<styleUrl>#__managed_style_06A0D8702840DE0E9B90</styleUrl>
				<Point>
					<coordinates>-2.307729774613075,52.80268845249876,103.8953806536298</coordinates>
				</Point>
			</Placemark>
			<Placemark id="0FF007D2503921467F3B">
				<name>סטונהנג&apos;</name>
				<gx:mid>/m/06wfg</gx:mid>
				<gx:fid>0x4873e63b850af611:0x979170e2bcd3d2dd</gx:fid>
				<LookAt>
					<longitude>-1.826215</longitude>
					<latitude>51.17888199999999</latitude>
					<altitude>0</altitude>
					<heading>0</heading>
					<tilt>0</tilt>
					<gx:fovy>35</gx:fovy>
					<range>632.710870814268</range>
					<altitudeMode>relativeToGround</altitudeMode>
				</LookAt>
				<styleUrl>#__managed_style_09C79760CD40DE0E9B8E</styleUrl>
				<Point>
					<altitudeMode>relativeToGround</altitudeMode>
					<coordinates>-1.826215,51.17888199999999,0</coordinates>
				</Point>
			</Placemark>
			<Placemark id="0CE326F5523926DB4861">
				<name>Royal Pavilion</name>
				<gx:mid>/m/0pqnq</gx:mid>
				<gx:fid>0x487585a0796af357:0xd2c862bdabac1121</gx:fid>
				<LookAt>
					<longitude>-0.1376855</longitude>
					<latitude>50.8223517</latitude>
					<altitude>0</altitude>
					<heading>0</heading>
					<tilt>0</tilt>
					<gx:fovy>35</gx:fovy>
					<range>637.9786399590768</range>
					<altitudeMode>relativeToGround</altitudeMode>
				</LookAt>
				<styleUrl>#__managed_style_189DF2219940DE0E9B97</styleUrl>
				<Point>
					<altitudeMode>relativeToGround</altitudeMode>
					<coordinates>-0.1376855,50.82235169999999,0</coordinates>
				</Point>
			</Placemark>
			<Placemark id="00509E13823926DB7D63">
				<name>Royal Pavilion Gardens</name>
				<gx:mid>/g/11j3vl_xtf</gx:mid>
				<gx:fid>0x48758525b24948b5:0x5dc02d8331c44d12</gx:fid>
				<LookAt>
					<longitude>-0.1380154</longitude>
					<latitude>50.82259570000001</latitude>
					<altitude>0</altitude>
					<heading>0</heading>
					<tilt>0</tilt>
					<gx:fovy>35</gx:fovy>
					<range>637.9750419033909</range>
					<altitudeMode>relativeToGround</altitudeMode>
				</LookAt>
				<styleUrl>#__managed_style_1689C368BB40DE0E9B8C</styleUrl>
				<Point>
					<altitudeMode>relativeToGround</altitudeMode>
					<coordinates>-0.1385796165306463,50.82279668908382,0</coordinates>
				</Point>
			</Placemark>
			<Placemark id="04D3CF6E533926DBC20C">
				<name>Brighton Palace Pier</name>
				<gx:mid>/m/08kf6r</gx:mid>
				<gx:fid>0x4875850af723317f:0x5256b3d81576e2d5</gx:fid>
				<LookAt>
					<longitude>-0.136738</longitude>
					<latitude>50.8168555</latitude>
					<altitude>0</altitude>
					<heading>0</heading>
					<tilt>0</tilt>
					<gx:fovy>35</gx:fovy>
					<range>638.0596850607859</range>
					<altitudeMode>relativeToGround</altitudeMode>
				</LookAt>
				<styleUrl>#__managed_style_09C79760CD40DE0E9B8E</styleUrl>
				<Point>
					<altitudeMode>relativeToGround</altitudeMode>
					<coordinates>-0.1370977578746535,50.81523746159889,0</coordinates>
				</Point>
			</Placemark>
			<Placemark id="032FE3D59F3926DC333F">
				<name>Brighton City Center</name>
				<LookAt>
					<longitude>-0.1387864423086604</longitude>
					<latitude>50.82225828868204</latitude>
					<altitude>11.08861510504358</altitude>
					<heading>15.64200771453286</heading>
					<tilt>0</tilt>
					<gx:fovy>35</gx:fovy>
					<range>1434.33915394111</range>
					<altitudeMode>absolute</altitudeMode>
				</LookAt>
				<styleUrl>#__managed_style_06A0D8702840DE0E9B90</styleUrl>
				<Point>
					<coordinates>-0.1403947410246054,50.82166888850885,18.08088472358781</coordinates>
				</Point>
			</Placemark>
			<Placemark id="00DF1E91F13926DD3E93">
				<name>רחוב מרכזי</name>
				<LookAt>
					<longitude>-0.1398401537773697</longitude>
					<latitude>50.8214407979559</latitude>
					<altitude>14.2808550088528</altitude>
					<heading>24.38637375891921</heading>
					<tilt>0</tilt>
					<gx:fovy>35</gx:fovy>
					<range>247.4201778375573</range>
					<altitudeMode>absolute</altitudeMode>
				</LookAt>
				<styleUrl>#__managed_style_1E4A9FF1F240DE0E9B91</styleUrl>
				<LineString>
					<coordinates>
						-0.1414535168034958,50.82232100160697,0 -0.1408820713737502,50.82214834068285,0 -0.1409168660818949,50.82206656181318,0 -0.1407632658725433,50.8220205666475,0 -0.1410397503392447,50.82145586602547,0 -0.1412271411710164,50.82080839716346,0 -0.1410386578410028,50.82145236105744,0 -0.1405202178962783,50.82248464335954,0 -0.1398552196352809,50.82216169166072,0 -0.1399187411710923,50.82188232066001,0 -0.1393680795132701,50.82174485661923,0 -0.1391081829428853,50.82175966421668,0 -0.1393643825720869,50.82174514616299,0 -0.1399851620196835,50.82143752904719,0 -0.1396393936100293,50.8213420207522,0 -0.1395777534020015,50.82129850946055,0 -0.1392704299489755,50.82124024588246,0 -0.1391590136824727,50.82137025308542,0 -0.1392727160620744,50.82123675106308,0 -0.139564864101035,50.82128525941039,0 -0.1396380049485335,50.82134274037312,0 -0.1399855677821571,50.82143936401553,0 -0.1400698803234257,50.82158738947961,0 -0.1399197259660978,50.82187789899649,0 -0.1400753884366213,50.82159061086076,0 -0.1400189618584813,50.82149123179037,0 -0.1401389591936697,50.82140242032594,0 -0.140263502258321,50.82105705496151,0 
					</coordinates>
				</LineString>
			</Placemark>
			<Placemark id="077119A18F3926E0D774">
				<name>רחוב מרכזי</name>
				<LookAt>
					<longitude>-0.1435177930066589</longitude>
					<latitude>50.82095380169171</latitude>
					<altitude>14.85678883913354</altitude>
					<heading>15.38601956256153</heading>
					<tilt>0</tilt>
					<gx:fovy>35</gx:fovy>
					<range>688.2516279325502</range>
					<altitudeMode>absolute</altitudeMode>
				</LookAt>
				<styleUrl>#__managed_style_1E4A9FF1F240DE0E9B91</styleUrl>
				<LineString>
					<coordinates>
						-0.139267967901,50.82124287023967,0 -0.1390660340675953,50.82116698742954,0 -0.1393119260779685,50.82083111095389,0 -0.1392544479775892,50.82039736012788,0 -0.1391442450495661,50.81992717590943,0 
					</coordinates>
				</LineString>
			</Placemark>
			<Placemark id="057E4CE34D3926E167CC">
				<name>טיילת</name>
				<LookAt>
					<longitude>-0.1554453703037428</longitude>
					<latitude>50.82276237471637</latitude>
					<altitude>11.4673945458441</altitude>
					<heading>15.38610709129617</heading>
					<tilt>0</tilt>
					<gx:fovy>35</gx:fovy>
					<range>923.8012591924053</range>
					<altitudeMode>absolute</altitudeMode>
				</LookAt>
				<styleUrl>#__managed_style_1E4A9FF1F240DE0E9B91</styleUrl>
				<LineString>
					<coordinates>
						-0.1330957921192788,50.81902423530265,0 -0.1364436113804313,50.81934310334011,0 -0.1370667411328785,50.81533704064871,0 -0.1364566325528616,50.81935748150181,0 -0.1391428779812276,50.8192222436814,0 -0.1415590054766325,50.8197902324516,0 -0.1444885725756206,50.82026461413113,0 -0.1451400209327891,50.8201334071191,0 -0.1458460264261963,50.82047460079092,0 -0.1483463650786387,50.82080458984639,0 -0.1515175838908966,50.82129419844151,0 -0.1567726158490312,50.82226019129967,0 
					</coordinates>
				</LineString>
			</Placemark>
			<Placemark id="0D201C30C23926E1CFBE">
				<name>Yellowave Beach Sports Venue &amp; Beach Cafe</name>
				<gx:mid>/g/1wz525bz</gx:mid>
				<gx:fid>0x487585ba4d32c031:0x9c19e062a9b8ef9a</gx:fid>
				<LookAt>
					<longitude>-0.1225255</longitude>
					<latitude>50.8168804</latitude>
					<altitude>0</altitude>
					<heading>0</heading>
					<tilt>0</tilt>
					<gx:fovy>35</gx:fovy>
					<range>638.059317904958</range>
					<altitudeMode>relativeToGround</altitudeMode>
				</LookAt>
				<styleUrl>#__managed_style_09C79760CD40DE0E9B8E</styleUrl>
				<Point>
					<altitudeMode>relativeToGround</altitudeMode>
					<coordinates>-0.1224279,50.8168604,0</coordinates>
				</Point>
			</Placemark>
			<Placemark id="0F627743E43926E2524E">
				<name>Old Steine Gardens</name>
				<gx:mid>/m/0j66klz</gx:mid>
				<gx:fid>0x487585a0a05712c3:0x75415922382f4edb</gx:fid>
				<LookAt>
					<longitude>-0.1373332</longitude>
					<latitude>50.8206828</latitude>
					<altitude>0</altitude>
					<heading>0</heading>
					<tilt>0</tilt>
					<gx:fovy>35</gx:fovy>
					<range>638.003249514425</range>
					<altitudeMode>relativeToGround</altitudeMode>
				</LookAt>
				<styleUrl>#__managed_style_09C79760CD40DE0E9B8E</styleUrl>
				<Point>
					<altitudeMode>relativeToGround</altitudeMode>
					<coordinates>-0.1373332,50.8206828,0</coordinates>
				</Point>
			</Placemark>
			<Placemark id="02645DFA933926E2B7BF">
				<name>SEA LIFE Brighton</name>
				<gx:mid>/g/11h4zr0g7b</gx:mid>
				<gx:fid>0x487585a0d2ac2965:0x664cd269d4c2db39</gx:fid>
				<LookAt>
					<longitude>-0.1357524</longitude>
					<latitude>50.81960559999999</latitude>
					<altitude>0</altitude>
					<heading>0</heading>
					<tilt>0</tilt>
					<gx:fovy>35</gx:fovy>
					<range>638.019133635551</range>
					<altitudeMode>relativeToGround</altitudeMode>
				</LookAt>
				<styleUrl>#__managed_style_09C79760CD40DE0E9B8E</styleUrl>
				<Point>
					<altitudeMode>relativeToGround</altitudeMode>
					<coordinates>-0.1357524,50.8196056,0</coordinates>
				</Point>
			</Placemark>
			<Placemark id="0453350C003926E30EC7">
				<name>Queen&apos;s Park</name>
				<gx:mid>/m/0g077s</gx:mid>
				<gx:fid>0x487585bd39b89399:0xf8515e26b682b8a6</gx:fid>
				<LookAt>
					<longitude>-0.1254101</longitude>
					<latitude>50.824765</latitude>
					<altitude>0</altitude>
					<heading>0</heading>
					<tilt>0</tilt>
					<gx:fovy>35</gx:fovy>
					<range>637.9430526962791</range>
					<altitudeMode>relativeToGround</altitudeMode>
				</LookAt>
				<styleUrl>#__managed_style_1689C368BB40DE0E9B8C</styleUrl>
				<Point>
					<altitudeMode>relativeToGround</altitudeMode>
					<coordinates>-0.1254101,50.824765,0</coordinates>
				</Point>
			</Placemark>
			<Placemark id="02A0991A103926E35540">
				<name>Brighton Toy and Model Museum</name>
				<gx:mid>/m/03d1x0b</gx:mid>
				<gx:fid>0x487585744a06ffdb:0xca68d2fbcbbdacef</gx:fid>
				<LookAt>
					<longitude>-0.140752</longitude>
					<latitude>50.8286934</latitude>
					<altitude>0</altitude>
					<heading>0</heading>
					<tilt>0</tilt>
					<gx:fovy>35</gx:fovy>
					<range>637.8851212689605</range>
					<altitudeMode>relativeToGround</altitudeMode>
				</LookAt>
				<styleUrl>#__managed_style_09C79760CD40DE0E9B8E</styleUrl>
				<Point>
					<altitudeMode>relativeToGround</altitudeMode>
					<coordinates>-0.140752,50.8286934,0</coordinates>
				</Point>
			</Placemark>
			<Placemark id="0F6B8BCB023926E471A4">
				<name>רחוב מרכזי</name>
				<LookAt>
					<longitude>-0.1422241191386886</longitude>
					<latitude>50.82246857386492</latitude>
					<altitude>18.03551578236544</altitude>
					<heading>14.11461397300675</heading>
					<tilt>0.07739589891066692</tilt>
					<gx:fovy>35</gx:fovy>
					<range>231.1132764991999</range>
					<altitudeMode>absolute</altitudeMode>
				</LookAt>
				<styleUrl>#__managed_style_1E4A9FF1F240DE0E9B91</styleUrl>
				<LineString>
					<coordinates>
						-0.1437227270678099,50.82296569685389,0 -0.1425209860354537,50.82275170157515,0 
					</coordinates>
				</LineString>
			</Placemark>
			<Placemark id="01FAE9DD5D3926E4E694">
				<name>רחוב מרכזי</name>
				<LookAt>
					<longitude>-0.1420295908821756</longitude>
					<latitude>50.82232057857865</latitude>
					<altitude>18.0716072853892</altitude>
					<heading>17.97822204450836</heading>
					<tilt>0</tilt>
					<gx:fovy>35</gx:fovy>
					<range>172.2918900760124</range>
					<altitudeMode>absolute</altitudeMode>
				</LookAt>
				<styleUrl>#__managed_style_1E4A9FF1F240DE0E9B91</styleUrl>
				<LineString>
					<coordinates>
						-0.142594706957041,50.82247385621894,0 -0.1425368728476895,50.82234472616744,0 -0.1423486753222158,50.82226801033027,0 -0.1416776944653397,50.8221852414853,0 
					</coordinates>
				</LineString>
			</Placemark>
			<Placemark id="0B1EB49CF03926E5818F">
				<name>Victoria Gardens</name>
				<gx:mid>/g/12hrrjqrz</gx:mid>
				<gx:fid>0x487585a0197b11cf:0xeacbd8c7862032fc</gx:fid>
				<LookAt>
					<longitude>-0.1362747</longitude>
					<latitude>50.8242594</latitude>
					<altitude>0</altitude>
					<heading>0</heading>
					<tilt>0</tilt>
					<gx:fovy>35</gx:fovy>
					<range>637.9505085079038</range>
					<altitudeMode>relativeToGround</altitudeMode>
				</LookAt>
				<styleUrl>#__managed_style_1689C368BB40DE0E9B8C</styleUrl>
				<Point>
					<altitudeMode>relativeToGround</altitudeMode>
					<coordinates>-0.1362747,50.8242594,0</coordinates>
				</Point>
			</Placemark>
			<Placemark id="0438C618D43926E65874">
				<name>רחוב מרכזי</name>
				<LookAt>
					<longitude>-0.1378710231023328</longitude>
					<latitude>50.82692752675019</latitude>
					<altitude>16.28507491636638</altitude>
					<heading>15.71514942269283</heading>
					<tilt>0</tilt>
					<gx:fovy>35</gx:fovy>
					<range>111.3955058925421</range>
					<altitudeMode>absolute</altitudeMode>
				</LookAt>
				<styleUrl>#__managed_style_1F25C3ADDD40DE0E9B98</styleUrl>
				<LineString>
					<coordinates>
						-0.1390514194430048,50.82414120604074,0 -0.1398547989502141,50.82269204715349,0 -0.1405302805915853,50.82297074342448,0 -0.1402399765086626,50.82344799952708,0 -0.1398749633610852,50.82426485250378,0 -0.1391897287053778,50.82567981683513,0 -0.1389041927414447,50.82565891948828,0 -0.1384259127032605,50.82691369921285,0 -0.138139794305816,50.82686934169351,0 
					</coordinates>
				</LineString>
			</Placemark>
			<Placemark id="0BCD53FA553926E7F2EB">
				<name>Brighton Centre</name>
				<gx:mid>/m/0fh5_t</gx:mid>
				<gx:fid>0x4875850db52cc47b:0xe598787cd9ba9b99</gx:fid>
				<LookAt>
					<longitude>-0.1464735</longitude>
					<latitude>50.8212322</latitude>
					<altitude>0</altitude>
					<heading>0</heading>
					<tilt>0</tilt>
					<gx:fovy>35</gx:fovy>
					<range>637.9951481267678</range>
					<altitudeMode>relativeToGround</altitudeMode>
				</LookAt>
				<styleUrl>#__managed_style_09C79760CD40DE0E9B8E</styleUrl>
				<Point>
					<altitudeMode>relativeToGround</altitudeMode>
					<coordinates>-0.1464735,50.82123219999999,0</coordinates>
				</Point>
			</Placemark>
			<Placemark id="08BA1A37CF3926E83E4B">
				<name>קניון</name>
				<LookAt>
					<longitude>-0.1455523210458598</longitude>
					<latitude>50.82285627063516</latitude>
					<altitude>23.32065357547777</altitude>
					<heading>12.87693434828141</heading>
					<tilt>0</tilt>
					<gx:fovy>35</gx:fovy>
					<range>462.8385343318951</range>
					<altitudeMode>absolute</altitudeMode>
				</LookAt>
				<styleUrl>#__managed_style_0095B1A9A140DE0E9B9E</styleUrl>
				<Point>
					<coordinates>-0.1459009891157759,50.82261377381059,21.34808847287515</coordinates>
				</Point>
			</Placemark>
			<Placemark id="0E946EDB5C3926E93FC3">
				<name>Hove Beach Huts</name>
				<gx:mid>/g/11c6_chbw2</gx:mid>
				<gx:fid>0x487585c3dd892d35:0x444f51ed899fdfe6</gx:fid>
				<LookAt>
					<longitude>-0.1688815</longitude>
					<latitude>50.82382150000001</latitude>
					<altitude>0</altitude>
					<heading>0</heading>
					<tilt>0</tilt>
					<gx:fovy>35</gx:fovy>
					<range>637.9569659502467</range>
					<altitudeMode>relativeToGround</altitudeMode>
				</LookAt>
				<styleUrl>#__managed_style_4F899DCAC940DE0E9B94</styleUrl>
				<Point>
					<altitudeMode>relativeToGround</altitudeMode>
					<coordinates>-0.1693149442782149,50.82423067487232,0</coordinates>
				</Point>
			</Placemark>
			<Placemark id="0927F26CE43926ED4193">
				<name>אזור מיוחד ליד המרינה</name>
				<LookAt>
					<longitude>-0.1018752883002016</longitude>
					<latitude>50.81332346962485</latitude>
					<altitude>3.291977847267855</altitude>
					<heading>14.80866355941447</heading>
					<tilt>0</tilt>
					<gx:fovy>35</gx:fovy>
					<range>204.9382109246289</range>
					<altitudeMode>absolute</altitudeMode>
				</LookAt>
				<styleUrl>#__managed_style_06A0D8702840DE0E9B90</styleUrl>
				<Point>
					<coordinates>-0.1016322691910154,50.81318367836505,2.392040098859876</coordinates>
				</Point>
			</Placemark>
			<Placemark id="0A43E5D2E63926EE8170">
				<name>מרינה</name>
				<LookAt>
					<longitude>-0.1026819613893482</longitude>
					<latitude>50.81136393169817</latitude>
					<altitude>0.1195801767767413</altitude>
					<heading>13.75686262032812</heading>
					<tilt>0</tilt>
					<gx:fovy>35</gx:fovy>
					<range>680.1650562263239</range>
					<altitudeMode>absolute</altitudeMode>
				</LookAt>
				<styleUrl>#__managed_style_1E4A9FF1F240DE0E9B91</styleUrl>
				<LineString>
					<coordinates>
						-0.104021468484482,50.81051893024487,0 -0.1032506655646004,50.81218205713516,0 -0.1012959029147931,50.81184970928967,0 
					</coordinates>
				</LineString>
			</Placemark>
			<Placemark id="029ACF5E513926EEFFFC">
				<name>Cineworld - Brighton</name>
				<gx:mid>/g/11cly5_yyy</gx:mid>
				<gx:fid>0x487585cfa701f78b:0xf40492893046ffe5</gx:fid>
				<LookAt>
					<longitude>-0.1057367</longitude>
					<latitude>50.81266429999999</latitude>
					<altitude>0</altitude>
					<heading>0</heading>
					<tilt>0</tilt>
					<gx:fovy>35</gx:fovy>
					<range>638.1214837578106</range>
					<altitudeMode>relativeToGround</altitudeMode>
				</LookAt>
				<styleUrl>#__managed_style_09C79760CD40DE0E9B8E</styleUrl>
				<Point>
					<altitudeMode>relativeToGround</altitudeMode>
					<coordinates>-0.1057367,50.81266429999999,0</coordinates>
				</Point>
			</Placemark>
			<Placemark id="016EBF93F33926EF1FD8">
				<name>Brighton Marina</name>
				<gx:mid>/g/11k9x99hhn</gx:mid>
				<gx:fid>0x487585121bee8d7b:0xa02265f357b7b921</gx:fid>
				<LookAt>
					<longitude>-0.09854489999999999</longitude>
					<latitude>50.8120712</latitude>
					<altitude>0</altitude>
					<heading>0</heading>
					<tilt>0</tilt>
					<gx:fovy>35</gx:fovy>
					<range>638.1302287080484</range>
					<altitudeMode>relativeToGround</altitudeMode>
				</LookAt>
				<styleUrl>#__managed_style_09C79760CD40DE0E9B8E</styleUrl>
				<Point>
					<altitudeMode>relativeToGround</altitudeMode>
					<coordinates>-0.1027643185050253,50.81133234304795,0</coordinates>
				</Point>
			</Placemark>
			<Placemark id="0FD58103A33926F289FB">
				<name>רחוב מרכזי </name>
				<LookAt>
					<longitude>-0.1467733149153805</longitude>
					<latitude>50.82405299415088</latitude>
					<altitude>31.54834340254095</altitude>
					<heading>19.37106892685556</heading>
					<tilt>0</tilt>
					<gx:fovy>35</gx:fovy>
					<range>661.9599326780008</range>
					<altitudeMode>absolute</altitudeMode>
				</LookAt>
				<styleUrl>#__managed_style_1F6904A2B540DE0E9B93</styleUrl>
				<LineString>
					<coordinates>
						-0.1524485494757688,50.82487230577151,0 -0.1508954002412755,50.82466481145335,0 -0.1488920002112448,50.82426888771556,0 -0.146312985415662,50.82388633309338,0 -0.1447439601467815,50.82370290916516,0 -0.144276906538563,50.82379780066947,0 -0.143664842596094,50.82367070684315,0 
					</coordinates>
				</LineString>
			</Placemark>
			<Placemark id="0D1592515C3926F81B06">
				<name>Bistro du Vin Brighton</name>
				<gx:mid>/g/11gnpr5xh_</gx:mid>
				<gx:fid>0x4875856d21f5eeb7:0x1df7b9408a1a8192</gx:fid>
				<LookAt>
					<longitude>-0.14238</longitude>
					<latitude>50.8205609</latitude>
					<altitude>0</altitude>
					<heading>0</heading>
					<tilt>0</tilt>
					<gx:fovy>35</gx:fovy>
					<range>638.0050470307751</range>
					<altitudeMode>relativeToGround</altitudeMode>
				</LookAt>
				<styleUrl>#__managed_style_4F899DCAC940DE0E9B94</styleUrl>
				<Point>
					<altitudeMode>relativeToGround</altitudeMode>
					<coordinates>-0.142349,50.82055630000001,0</coordinates>
				</Point>
			</Placemark>
			<Placemark id="0B0322FEAA3926FB5029">
				<name>Lancing College Chapel</name>
				<gx:mid>/g/11bwfm895g</gx:mid>
				<gx:fid>0x48759707b4aacbfb:0x1c0ca16d115d2a3e</gx:fid>
				<LookAt>
					<longitude>-0.3027959</longitude>
					<latitude>50.8467438</latitude>
					<altitude>0</altitude>
					<heading>0</heading>
					<tilt>0</tilt>
					<gx:fovy>35</gx:fovy>
					<range>637.6189027874196</range>
					<altitudeMode>relativeToGround</altitudeMode>
				</LookAt>
				<styleUrl>#__managed_style_078D864D6F40DE0E9B8F</styleUrl>
				<Point>
					<altitudeMode>relativeToGround</altitudeMode>
					<coordinates>-0.3024962894605177,50.84663105490462,0</coordinates>
				</Point>
			</Placemark>
			<Placemark id="022DC087D83926FE7521">
				<name>Weald &amp; Downland Living Museum</name>
				<gx:mid>/m/09xq45</gx:mid>
				<gx:fid>0x48744cb8d93ce0a5:0xce50d52d14aff162</gx:fid>
				<LookAt>
					<longitude>-0.7567786</longitude>
					<latitude>50.9084493</latitude>
					<altitude>0</altitude>
					<heading>0</heading>
					<tilt>0</tilt>
					<gx:fovy>35</gx:fovy>
					<range>636.7084304735047</range>
					<altitudeMode>relativeToGround</altitudeMode>
				</LookAt>
				<styleUrl>#__managed_style_4B24E5B10240DE0E9B9C</styleUrl>
				<Point>
					<altitudeMode>relativeToGround</altitudeMode>
					<coordinates>-0.7567803,50.90844969999999,0</coordinates>
				</Point>
			</Placemark>
			<Placemark id="04A8CFF3CD392700FB0C">
				<name>Butser Ancient Farm</name>
				<gx:mid>/m/05t9vs</gx:mid>
				<gx:fid>0x4874466fa117527b:0x1cf53410928ab161</gx:fid>
				<LookAt>
					<longitude>-0.9774587</longitude>
					<latitude>50.9430336</latitude>
					<altitude>0</altitude>
					<heading>0</heading>
					<tilt>0</tilt>
					<gx:fovy>35</gx:fovy>
					<range>636.1978636494266</range>
					<altitudeMode>relativeToGround</altitudeMode>
				</LookAt>
				<styleUrl>#__managed_style_09C79760CD40DE0E9B8E</styleUrl>
				<Point>
					<altitudeMode>relativeToGround</altitudeMode>
					<coordinates>-0.9774972999999999,50.9430375,0</coordinates>
				</Point>
			</Placemark>
			<Placemark id="0054787519391BCB0367">
				<name>Longleat House</name>
				<gx:mid>/m/03cb7v</gx:mid>
				<gx:fid>0x4873d3018e18f239:0x341d9dd8183d93df</gx:fid>
				<LookAt>
					<longitude>-2.2743144</longitude>
					<latitude>51.185613</latitude>
					<altitude>0</altitude>
					<heading>0</heading>
					<tilt>0</tilt>
					<gx:fovy>35</gx:fovy>
					<range>632.6112218233088</range>
					<altitudeMode>relativeToGround</altitudeMode>
				</LookAt>
				<styleUrl>#__managed_style_078D864D6F40DE0E9B8F</styleUrl>
				<Point>
					<altitudeMode>relativeToGround</altitudeMode>
					<coordinates>-2.2744975,51.18601229999999,0</coordinates>
				</Point>
			</Placemark>
			<Placemark id="07471D3632391BCBA2A7">
				<name>Royal William Yard</name>
				<gx:mid>/m/0b_z7x</gx:mid>
				<gx:fid>0x486c93676b94cdbf:0x68ad962e248deacb</gx:fid>
				<LookAt>
					<longitude>-4.1629153</longitude>
					<latitude>50.3624356</latitude>
					<altitude>0</altitude>
					<heading>0</heading>
					<tilt>0</tilt>
					<gx:fovy>35</gx:fovy>
					<range>644.7432306548444</range>
					<altitudeMode>relativeToGround</altitudeMode>
				</LookAt>
				<styleUrl>#__managed_style_078D864D6F40DE0E9B8F</styleUrl>
				<Point>
					<altitudeMode>relativeToGround</altitudeMode>
					<coordinates>-4.164330593793661,50.36146285574187,0</coordinates>
				</Point>
			</Placemark>
			<Placemark id="08CEFB6ED2391BCBEA37">
				<name>Pendennis Castle</name>
				<gx:mid>/m/04ws9n</gx:mid>
				<gx:fid>0x486ac0a5af8c5011:0x1f59413e256da7aa</gx:fid>
				<LookAt>
					<longitude>-5.0466304</longitude>
					<latitude>50.14610940000001</latitude>
					<altitude>0</altitude>
					<heading>0</heading>
					<tilt>0</tilt>
					<gx:fovy>35</gx:fovy>
					<range>647.9128961133378</range>
					<altitudeMode>relativeToGround</altitudeMode>
				</LookAt>
				<styleUrl>#__managed_style_078D864D6F40DE0E9B8F</styleUrl>
				<Point>
					<altitudeMode>relativeToGround</altitudeMode>
					<coordinates>-5.0466304,50.1461094,0</coordinates>
				</Point>
			</Placemark>
			<Placemark id="0D21EB3C86391BCC1D8C">
				<name>Carisbrooke Castle</name>
				<gx:mid>/m/01tccv</gx:mid>
				<gx:fid>0x48747d4222df70b1:0xb03f9c53393bd0fa</gx:fid>
				<LookAt>
					<longitude>-1.313459</longitude>
					<latitude>50.687345</latitude>
					<altitude>0</altitude>
					<heading>0</heading>
					<tilt>0</tilt>
					<gx:fovy>35</gx:fovy>
					<range>639.9679721238784</range>
					<altitudeMode>relativeToGround</altitudeMode>
				</LookAt>
				<styleUrl>#__managed_style_078D864D6F40DE0E9B8F</styleUrl>
				<Point>
					<altitudeMode>relativeToGround</altitudeMode>
					<coordinates>-1.313459,50.68734500000001,0</coordinates>
				</Point>
			</Placemark>
			<Placemark id="06ACA1504E391BCC4814">
				<name>Goodwood House</name>
				<gx:mid>/m/081p95</gx:mid>
				<gx:fid>0x48744d32d45dde09:0xa33361d7e006c60f</gx:fid>
				<LookAt>
					<longitude>-0.7388659999999999</longitude>
					<latitude>50.872389</latitude>
					<altitude>0</altitude>
					<heading>0</heading>
					<tilt>0</tilt>
					<gx:fovy>35</gx:fovy>
					<range>637.2405800554889</range>
					<altitudeMode>relativeToGround</altitudeMode>
				</LookAt>
				<styleUrl>#__managed_style_078D864D6F40DE0E9B8F</styleUrl>
				<Point>
					<altitudeMode>relativeToGround</altitudeMode>
					<coordinates>-0.7389768,50.8724207,0</coordinates>
				</Point>
			</Placemark>
			<Placemark id="0F650B7CBE391BCC7130">
				<name>Arundel Castle</name>
				<gx:mid>/m/0symw</gx:mid>
				<gx:fid>0x4875b008220c7ad1:0x6e18c6b8d4774618</gx:fid>
				<LookAt>
					<longitude>-0.5539037999999999</longitude>
					<latitude>50.85629110000001</latitude>
					<altitude>0</altitude>
					<heading>0</heading>
					<tilt>0</tilt>
					<gx:fovy>35</gx:fovy>
					<range>637.4780717886472</range>
					<altitudeMode>relativeToGround</altitudeMode>
				</LookAt>
				<styleUrl>#__managed_style_078D864D6F40DE0E9B8F</styleUrl>
				<Point>
					<altitudeMode>relativeToGround</altitudeMode>
					<coordinates>-0.5539037999999999,50.8562911,0</coordinates>
				</Point>
			</Placemark>
			<Placemark id="085EA25F0B391BCD363F">
				<name>Herstmonceux Castle</name>
				<gx:mid>/m/042cv7</gx:mid>
				<gx:fid>0x47df6d138e05f89f:0xa79f89f578620ab0</gx:fid>
				<LookAt>
					<longitude>0.3385105</longitude>
					<latitude>50.8694724</latitude>
					<altitude>0</altitude>
					<heading>0</heading>
					<tilt>0</tilt>
					<gx:fovy>35</gx:fovy>
					<range>637.2836116840353</range>
					<altitudeMode>relativeToGround</altitudeMode>
				</LookAt>
				<styleUrl>#__managed_style_078D864D6F40DE0E9B8F</styleUrl>
				<Point>
					<altitudeMode>relativeToGround</altitudeMode>
					<coordinates>0.3385105,50.8694724,0</coordinates>
				</Point>
			</Placemark>
			<Placemark id="0BAB4E7811391BCD82F6">
				<name>Bodiam Castle</name>
				<gx:mid>/m/01m5d3</gx:mid>
				<gx:fid>0x47df17e53b1fc91f:0xa49a1915dff0aeb</gx:fid>
				<LookAt>
					<longitude>0.5435489999999998</longitude>
					<latitude>51.00226599999999</latitude>
					<altitude>0</altitude>
					<heading>0</heading>
					<tilt>0</tilt>
					<gx:fovy>35</gx:fovy>
					<range>635.322966184529</range>
					<altitudeMode>relativeToGround</altitudeMode>
				</LookAt>
				<styleUrl>#__managed_style_078D864D6F40DE0E9B8F</styleUrl>
				<Point>
					<altitudeMode>relativeToGround</altitudeMode>
					<coordinates>0.5435489999999999,51.002266,0</coordinates>
				</Point>
			</Placemark>
			<Placemark id="0BC046A69A391BCE319E">
				<name>Dover Castle</name>
				<gx:mid>/m/01m4n9</gx:mid>
				<gx:fid>0x47dea4d6248656bf:0xd37270e9b0838a2c</gx:fid>
				<LookAt>
					<longitude>1.323391</longitude>
					<latitude>51.12877100000001</latitude>
					<altitude>0</altitude>
					<heading>0</heading>
					<tilt>0</tilt>
					<gx:fovy>35</gx:fovy>
					<range>633.4525088686423</range>
					<altitudeMode>relativeToGround</altitudeMode>
				</LookAt>
				<styleUrl>#__managed_style_078D864D6F40DE0E9B8F</styleUrl>
				<Point>
					<altitudeMode>relativeToGround</altitudeMode>
					<coordinates>1.323391,51.128771,0</coordinates>
				</Point>
			</Placemark>
			<Placemark id="0FDFB1FF1B391BCEAA86">
				<name>The Loggia</name>
				<gx:mid>/g/11ddwsr1t4</gx:mid>
				<gx:fid>0x47df5098ff94d151:0x22a0af1f29d30b93</gx:fid>
				<LookAt>
					<longitude>0.1188872</longitude>
					<latitude>51.187169</latitude>
					<altitude>0</altitude>
					<heading>0</heading>
					<tilt>0</tilt>
					<gx:fovy>35</gx:fovy>
					<range>632.5881850059176</range>
					<altitudeMode>relativeToGround</altitudeMode>
				</LookAt>
				<styleUrl>#__managed_style_4F899DCAC940DE0E9B94</styleUrl>
				<Point>
					<altitudeMode>relativeToGround</altitudeMode>
					<coordinates>0.1188872,51.187169,0</coordinates>
				</Point>
			</Placemark>
			<Placemark id="0AF1D6F245391BCED7C6">
				<name>Hever Castle &amp; Gardens</name>
				<gx:mid>/m/0jtcm</gx:mid>
				<gx:fid>0x47df50a256246be7:0x6a396a957542976c</gx:fid>
				<LookAt>
					<longitude>0.1138679</longitude>
					<latitude>51.1868837</latitude>
					<altitude>0</altitude>
					<heading>0</heading>
					<tilt>0</tilt>
					<gx:fovy>35</gx:fovy>
					<range>632.5924089451296</range>
					<altitudeMode>relativeToGround</altitudeMode>
				</LookAt>
				<styleUrl>#__managed_style_0DF405C53040DE0E9B9C</styleUrl>
				<Point>
					<altitudeMode>relativeToGround</altitudeMode>
					<coordinates>0.1138679,51.1868837,0</coordinates>
				</Point>
			</Placemark>
			<Placemark id="03A03FBB25384E87C618">
				<name>University of Cambridge</name>
				<gx:mid>/m/07tg4</gx:mid>
				<gx:fid>0x47d8774ed42712a9:0x21ca80abf36db5bb</gx:fid>
				<LookAt>
					<longitude>0.113168</longitude>
					<latitude>52.205356</latitude>
					<altitude>0</altitude>
					<heading>0</heading>
					<tilt>0</tilt>
					<gx:fovy>35</gx:fovy>
					<range>617.4313292603297</range>
					<altitudeMode>relativeToGround</altitudeMode>
				</LookAt>
				<styleUrl>#__managed_style_078D864D6F40DE0E9B8F</styleUrl>
				<Point>
					<altitudeMode>relativeToGround</altitudeMode>
					<coordinates>0.113168,52.20535599999999,0</coordinates>
				</Point>
			</Placemark>
		</Folder>
	</Folder>
</Document>
</kml>
