<?xml version="1.0" encoding="UTF-8"?>
<kml xmlns="http://www.opengis.net/kml/2.2" xmlns:gx="http://www.google.com/kml/ext/2.2" xmlns:kml="http://www.opengis.net/kml/2.2" xmlns:atom="http://www.w3.org/2005/Atom">
<Document id="1jfmFdwNFOUWhznke5AmD8FDYK75MV9hc">
	<name>עודד - הפיליפינים</name>
	<visibility>0</visibility>
	<description>El Nido - Haqqy life - דרכם ניתן לסגור סיורים לאיים בסביבה

Coron - JY Travel &amp; Tours - דרכם ניתן לסגור סיורים לאיים בסביבה</description>
	<StyleMap id="__managed_style_20B7ABBCFA40DE0E6C30">
		<Pair>
			<key>normal</key>
			<styleUrl>#__managed_style_20B7ABBCFA40DE0E6C30_normal</styleUrl>
		</Pair>
		<Pair>
			<key>highlight</key>
			<styleUrl>#__managed_style_20B7ABBCFA40DE0E6C30_highlight</styleUrl>
		</Pair>
	</StyleMap>
	<gx:CascadingStyle kml:id="__managed_style_1D20F7844D40DE0E6C24_highlight">
		<Style>
			<IconStyle>
				<scale>1.2</scale>
				<Icon>
					<href>https://earth.google.com/earth/document/icon?color=1976d2&amp;id=2074&amp;scale=4</href>
				</Icon>
				<hotSpot x="64" y="128" xunits="pixels" yunits="insetPixels"/>
			</IconStyle>
			<LabelStyle>
				<scale>0</scale>
			</LabelStyle>
			<LineStyle>
				<color>ff2dc0fb</color>
				<width>4.8</width>
			</LineStyle>
			<PolyStyle>
				<color>40ffffff</color>
			</PolyStyle>
			<BalloonStyle>
				<gx:displayMode>card</gx:displayMode>
			</BalloonStyle>
		</Style>
	</gx:CascadingStyle>
	<gx:CascadingStyle kml:id="__managed_style_3322770BD840DE0E6C30_normal">
		<styleUrl>https://earth.google.com/balloon_components/base/1.1.0.0/none_template.kml#main</styleUrl>
		<Style>
			<IconStyle>
				<Icon>
					<href>https://earth.google.com/earth/document/icon?color=388e3c&amp;id=2370&amp;scale=4</href>
				</Icon>
				<hotSpot x="64" y="128" xunits="pixels" yunits="insetPixels"/>
			</IconStyle>
			<LabelStyle>
				<scale>0</scale>
			</LabelStyle>
			<LineStyle>
				<color>ff2dc0fb</color>
				<width>3.2</width>
			</LineStyle>
			<PolyStyle>
				<color>40ffffff</color>
			</PolyStyle>
			<BalloonStyle>
				<displayMode>hide</displayMode>
			</BalloonStyle>
		</Style>
	</gx:CascadingStyle>
	<StyleMap id="__managed_style_3322770BD840DE0E6C30">
		<Pair>
			<key>normal</key>
			<styleUrl>#__managed_style_3322770BD840DE0E6C30_normal</styleUrl>
		</Pair>
		<Pair>
			<key>highlight</key>
			<styleUrl>#__managed_style_3322770BD840DE0E6C30_highlight</styleUrl>
		</Pair>
	</StyleMap>
	<gx:CascadingStyle kml:id="__managed_style_0A9D5EF50B40DE0E6C34_highlight">
		<Style>
			<IconStyle>
				<scale>1.2</scale>
				<Icon>
					<href>https://earth.google.com/earth/document/icon?color=7b1fa2&amp;id=2118&amp;scale=4</href>
				</Icon>
				<hotSpot x="64" y="128" xunits="pixels" yunits="insetPixels"/>
			</IconStyle>
			<LabelStyle>
				<scale>0</scale>
			</LabelStyle>
			<LineStyle>
				<color>ff2dc0fb</color>
				<width>4.8</width>
			</LineStyle>
			<PolyStyle>
				<color>40ffffff</color>
			</PolyStyle>
			<BalloonStyle>
				<gx:displayMode>card</gx:displayMode>
			</BalloonStyle>
		</Style>
	</gx:CascadingStyle>
	<gx:CascadingStyle kml:id="__managed_style_0A9D5EF50B40DE0E6C34_normal">
		<Style>
			<IconStyle>
				<Icon>
					<href>https://earth.google.com/earth/document/icon?color=7b1fa2&amp;id=2118&amp;scale=4</href>
				</Icon>
				<hotSpot x="64" y="128" xunits="pixels" yunits="insetPixels"/>
			</IconStyle>
			<LabelStyle>
				<scale>0</scale>
			</LabelStyle>
			<LineStyle>
				<color>ff2dc0fb</color>
				<width>3.2</width>
			</LineStyle>
			<PolyStyle>
				<color>40ffffff</color>
			</PolyStyle>
			<BalloonStyle>
				<gx:displayMode>card</gx:displayMode>
			</BalloonStyle>
		</Style>
	</gx:CascadingStyle>
	<StyleMap id="__managed_style_0A9D5EF50B40DE0E6C34">
		<Pair>
			<key>normal</key>
			<styleUrl>#__managed_style_0A9D5EF50B40DE0E6C34_normal</styleUrl>
		</Pair>
		<Pair>
			<key>highlight</key>
			<styleUrl>#__managed_style_0A9D5EF50B40DE0E6C34_highlight</styleUrl>
		</Pair>
	</StyleMap>
	<gx:CascadingStyle kml:id="__managed_style_2BD7A1BC9440DE0E6C31_normal">
		<styleUrl>https://earth.google.com/balloon_components/base/1.1.0.0/none_template.kml#main</styleUrl>
		<Style>
			<IconStyle>
				<Icon>
					<href>https://earth.google.com/earth/document/icon?color=7b1fa2&amp;id=2342&amp;scale=4</href>
				</Icon>
				<hotSpot x="64" y="128" xunits="pixels" yunits="insetPixels"/>
			</IconStyle>
			<LabelStyle>
				<scale>0</scale>
			</LabelStyle>
			<LineStyle>
				<color>ff2dc0fb</color>
				<width>3.2</width>
			</LineStyle>
			<PolyStyle>
				<color>40ffffff</color>
			</PolyStyle>
			<BalloonStyle>
				<displayMode>hide</displayMode>
			</BalloonStyle>
		</Style>
	</gx:CascadingStyle>
	<gx:CascadingStyle kml:id="__managed_style_20B7ABBCFA40DE0E6C30_normal">
		<Style>
			<IconStyle>
				<Icon>
					<href>https://earth.google.com/earth/document/icon?color=1976d2&amp;id=2074&amp;scale=4</href>
				</Icon>
				<hotSpot x="64" y="128" xunits="pixels" yunits="insetPixels"/>
			</IconStyle>
			<LabelStyle>
				<scale>0</scale>
			</LabelStyle>
			<LineStyle>
				<color>ff2dc0fb</color>
				<width>3.2</width>
			</LineStyle>
			<PolyStyle>
				<color>40ffffff</color>
			</PolyStyle>
			<BalloonStyle>
			</BalloonStyle>
		</Style>
	</gx:CascadingStyle>
	<gx:CascadingStyle kml:id="__managed_style_0EEE821F1F40DE0E6C33_normal">
		<Style>
			<IconStyle>
				<Icon>
					<href>https://earth.google.com/earth/document/icon?color=7b1fa2&amp;id=2187&amp;scale=4</href>
				</Icon>
				<hotSpot x="64" y="128" xunits="pixels" yunits="insetPixels"/>
			</IconStyle>
			<LabelStyle>
				<scale>0</scale>
			</LabelStyle>
			<LineStyle>
				<color>ff2dc0fb</color>
				<width>3.2</width>
			</LineStyle>
			<PolyStyle>
				<color>40ffffff</color>
			</PolyStyle>
			<BalloonStyle>
				<gx:displayMode>card</gx:displayMode>
			</BalloonStyle>
		</Style>
	</gx:CascadingStyle>
	<gx:CascadingStyle kml:id="__managed_style_2E56BD065040DE0E6C2C_highlight">
		<Style>
			<IconStyle>
				<scale>1.2</scale>
				<Icon>
					<href>https://earth.google.com/earth/document/icon?color=7b1fa2&amp;id=2349&amp;scale=4</href>
				</Icon>
				<hotSpot x="64" y="128" xunits="pixels" yunits="insetPixels"/>
			</IconStyle>
			<LabelStyle>
				<scale>0</scale>
			</LabelStyle>
			<LineStyle>
				<color>ff2dc0fb</color>
				<width>4.8</width>
			</LineStyle>
			<PolyStyle>
				<color>40ffffff</color>
			</PolyStyle>
			<BalloonStyle>
				<gx:displayMode>card</gx:displayMode>
			</BalloonStyle>
		</Style>
	</gx:CascadingStyle>
	<gx:CascadingStyle kml:id="__managed_style_0151D78F8840DE0E6C31_normal">
		<Style>
			<IconStyle>
				<Icon>
					<href>https://earth.google.com/earth/document/icon?color=7b1fa2&amp;id=2016&amp;scale=4</href>
				</Icon>
				<hotSpot x="64" y="128" xunits="pixels" yunits="insetPixels"/>
			</IconStyle>
			<LabelStyle>
				<scale>0</scale>
			</LabelStyle>
			<LineStyle>
				<color>ff2dc0fb</color>
				<width>3.2</width>
			</LineStyle>
			<PolyStyle>
				<color>40ffffff</color>
			</PolyStyle>
			<BalloonStyle>
				<gx:displayMode>card</gx:displayMode>
			</BalloonStyle>
		</Style>
	</gx:CascadingStyle>
	<gx:CascadingStyle kml:id="__managed_style_155A60138D40DE0E6C31_highlight">
		<Style>
			<IconStyle>
				<scale>1.2</scale>
				<Icon>
					<href>https://earth.google.com/earth/document/icon?color=7b1fa2&amp;id=2146&amp;scale=4</href>
				</Icon>
				<hotSpot x="64" y="128" xunits="pixels" yunits="insetPixels"/>
			</IconStyle>
			<LabelStyle>
				<scale>0</scale>
			</LabelStyle>
			<LineStyle>
				<color>ff2dc0fb</color>
				<width>4.8</width>
			</LineStyle>
			<PolyStyle>
				<color>40ffffff</color>
			</PolyStyle>
			<BalloonStyle>
				<gx:displayMode>card</gx:displayMode>
			</BalloonStyle>
		</Style>
	</gx:CascadingStyle>
	<gx:CascadingStyle kml:id="__managed_style_155A60138D40DE0E6C31_normal">
		<Style>
			<IconStyle>
				<Icon>
					<href>https://earth.google.com/earth/document/icon?color=7b1fa2&amp;id=2146&amp;scale=4</href>
				</Icon>
				<hotSpot x="64" y="128" xunits="pixels" yunits="insetPixels"/>
			</IconStyle>
			<LabelStyle>
				<scale>0</scale>
			</LabelStyle>
			<LineStyle>
				<color>ff2dc0fb</color>
				<width>3.2</width>
			</LineStyle>
			<PolyStyle>
				<color>40ffffff</color>
			</PolyStyle>
			<BalloonStyle>
				<gx:displayMode>card</gx:displayMode>
			</BalloonStyle>
		</Style>
	</gx:CascadingStyle>
	<gx:CascadingStyle kml:id="__managed_style_3FFEF5CA9940DE0E6C26_highlight">
		<Style>
			<IconStyle>
				<scale>1.2</scale>
				<Icon>
					<href>https://earth.google.com/earth/document/icon?color=1976d2&amp;id=2000&amp;scale=4</href>
				</Icon>
				<hotSpot x="64" y="128" xunits="pixels" yunits="insetPixels"/>
			</IconStyle>
			<LabelStyle>
				<scale>0</scale>
			</LabelStyle>
			<LineStyle>
				<color>ff9f3f30</color>
				<width>4.8</width>
			</LineStyle>
			<PolyStyle>
				<color>40ffffff</color>
			</PolyStyle>
			<BalloonStyle>
			</BalloonStyle>
		</Style>
	</gx:CascadingStyle>
	<gx:CascadingStyle kml:id="__managed_style_2BD7A1BC9440DE0E6C31_highlight">
		<styleUrl>https://earth.google.com/balloon_components/base/1.1.0.0/none_template.kml#main</styleUrl>
		<Style>
			<IconStyle>
				<scale>1.2</scale>
				<Icon>
					<href>https://earth.google.com/earth/document/icon?color=7b1fa2&amp;id=2342&amp;scale=4</href>
				</Icon>
				<hotSpot x="64" y="128" xunits="pixels" yunits="insetPixels"/>
			</IconStyle>
			<LabelStyle>
				<scale>0</scale>
			</LabelStyle>
			<LineStyle>
				<color>ff2dc0fb</color>
				<width>4.8</width>
			</LineStyle>
			<PolyStyle>
				<color>40ffffff</color>
			</PolyStyle>
			<BalloonStyle>
				<displayMode>hide</displayMode>
			</BalloonStyle>
		</Style>
	</gx:CascadingStyle>
	<gx:CascadingStyle kml:id="__managed_style_3FFEF5CA9940DE0E6C26_normal">
		<Style>
			<IconStyle>
				<Icon>
					<href>https://earth.google.com/earth/document/icon?color=1976d2&amp;id=2000&amp;scale=4</href>
				</Icon>
				<hotSpot x="64" y="128" xunits="pixels" yunits="insetPixels"/>
			</IconStyle>
			<LabelStyle>
				<scale>0</scale>
			</LabelStyle>
			<LineStyle>
				<color>ff9f3f30</color>
				<width>3.2</width>
			</LineStyle>
			<PolyStyle>
				<color>40ffffff</color>
			</PolyStyle>
			<BalloonStyle>
			</BalloonStyle>
		</Style>
	</gx:CascadingStyle>
	<StyleMap id="__managed_style_3FFEF5CA9940DE0E6C26">
		<Pair>
			<key>normal</key>
			<styleUrl>#__managed_style_3FFEF5CA9940DE0E6C26_normal</styleUrl>
		</Pair>
		<Pair>
			<key>highlight</key>
			<styleUrl>#__managed_style_3FFEF5CA9940DE0E6C26_highlight</styleUrl>
		</Pair>
	</StyleMap>
	<gx:CascadingStyle kml:id="__managed_style_1FBD7A58C740DE0E6C27_highlight">
		<Style>
			<IconStyle>
				<scale>1.2</scale>
				<Icon>
					<href>https://earth.google.com/earth/document/icon?color=388e3c&amp;id=2175&amp;scale=4</href>
				</Icon>
				<hotSpot x="64" y="128" xunits="pixels" yunits="insetPixels"/>
			</IconStyle>
			<LabelStyle>
				<scale>0</scale>
			</LabelStyle>
			<LineStyle>
				<color>ff2dc0fb</color>
				<width>4.8</width>
			</LineStyle>
			<PolyStyle>
				<color>40ffffff</color>
			</PolyStyle>
			<BalloonStyle>
				<gx:displayMode>card</gx:displayMode>
			</BalloonStyle>
		</Style>
	</gx:CascadingStyle>
	<gx:CascadingStyle kml:id="__managed_style_1FBD7A58C740DE0E6C27_normal">
		<Style>
			<IconStyle>
				<Icon>
					<href>https://earth.google.com/earth/document/icon?color=388e3c&amp;id=2175&amp;scale=4</href>
				</Icon>
				<hotSpot x="64" y="128" xunits="pixels" yunits="insetPixels"/>
			</IconStyle>
			<LabelStyle>
				<scale>0</scale>
			</LabelStyle>
			<LineStyle>
				<color>ff2dc0fb</color>
				<width>3.2</width>
			</LineStyle>
			<PolyStyle>
				<color>40ffffff</color>
			</PolyStyle>
			<BalloonStyle>
				<gx:displayMode>card</gx:displayMode>
			</BalloonStyle>
		</Style>
	</gx:CascadingStyle>
	<StyleMap id="__managed_style_1FBD7A58C740DE0E6C27">
		<Pair>
			<key>normal</key>
			<styleUrl>#__managed_style_1FBD7A58C740DE0E6C27_normal</styleUrl>
		</Pair>
		<Pair>
			<key>highlight</key>
			<styleUrl>#__managed_style_1FBD7A58C740DE0E6C27_highlight</styleUrl>
		</Pair>
	</StyleMap>
	<gx:CascadingStyle kml:id="__managed_style_11DF4C637540DE0E6C2C_highlight">
		<Style>
			<IconStyle>
				<scale>1.2</scale>
				<Icon>
					<href>https://earth.google.com/earth/document/icon?color=f57c00&amp;id=2034&amp;scale=4</href>
				</Icon>
				<hotSpot x="64" y="128" xunits="pixels" yunits="insetPixels"/>
			</IconStyle>
			<LabelStyle>
				<scale>0</scale>
			</LabelStyle>
			<LineStyle>
				<color>ff2dc0fb</color>
				<width>4.8</width>
			</LineStyle>
			<PolyStyle>
				<color>40ffffff</color>
			</PolyStyle>
			<BalloonStyle>
				<gx:displayMode>card</gx:displayMode>
			</BalloonStyle>
		</Style>
	</gx:CascadingStyle>
	<gx:CascadingStyle kml:id="__managed_style_11DF4C637540DE0E6C2C_normal">
		<Style>
			<IconStyle>
				<Icon>
					<href>https://earth.google.com/earth/document/icon?color=f57c00&amp;id=2034&amp;scale=4</href>
				</Icon>
				<hotSpot x="64" y="128" xunits="pixels" yunits="insetPixels"/>
			</IconStyle>
			<LabelStyle>
				<scale>0</scale>
			</LabelStyle>
			<LineStyle>
				<color>ff2dc0fb</color>
				<width>3.2</width>
			</LineStyle>
			<PolyStyle>
				<color>40ffffff</color>
			</PolyStyle>
			<BalloonStyle>
				<gx:displayMode>card</gx:displayMode>
			</BalloonStyle>
		</Style>
	</gx:CascadingStyle>
	<StyleMap id="__managed_style_0208B7EC6B40DE0E6C2B">
		<Pair>
			<key>normal</key>
			<styleUrl>#__managed_style_0208B7EC6B40DE0E6C2B_normal</styleUrl>
		</Pair>
		<Pair>
			<key>highlight</key>
			<styleUrl>#__managed_style_0208B7EC6B40DE0E6C2B_highlight</styleUrl>
		</Pair>
	</StyleMap>
	<StyleMap id="__managed_style_11DF4C637540DE0E6C2C">
		<Pair>
			<key>normal</key>
			<styleUrl>#__managed_style_11DF4C637540DE0E6C2C_normal</styleUrl>
		</Pair>
		<Pair>
			<key>highlight</key>
			<styleUrl>#__managed_style_11DF4C637540DE0E6C2C_highlight</styleUrl>
		</Pair>
	</StyleMap>
	<StyleMap id="__managed_style_1D057C1E9840DE0E6C29">
		<Pair>
			<key>normal</key>
			<styleUrl>#__managed_style_1D057C1E9840DE0E6C29_normal</styleUrl>
		</Pair>
		<Pair>
			<key>highlight</key>
			<styleUrl>#__managed_style_1D057C1E9840DE0E6C29_highlight</styleUrl>
		</Pair>
	</StyleMap>
	<StyleMap id="__managed_style_087E8D0BB840DE0E6C27">
		<Pair>
			<key>normal</key>
			<styleUrl>#__managed_style_087E8D0BB840DE0E6C27_normal</styleUrl>
		</Pair>
		<Pair>
			<key>highlight</key>
			<styleUrl>#__managed_style_087E8D0BB840DE0E6C27_highlight</styleUrl>
		</Pair>
	</StyleMap>
	<StyleMap id="__managed_style_5FDD0598BF40DE0E6C28">
		<Pair>
			<key>normal</key>
			<styleUrl>#__managed_style_5FDD0598BF40DE0E6C28_normal</styleUrl>
		</Pair>
		<Pair>
			<key>highlight</key>
			<styleUrl>#__managed_style_5FDD0598BF40DE0E6C28_highlight</styleUrl>
		</Pair>
	</StyleMap>
	<gx:CascadingStyle kml:id="__managed_style_08A1330A8A40DE0E6C2F_normal">
		<Style>
			<IconStyle>
				<Icon>
					<href>https://earth.google.com/earth/document/icon?color=f57c00&amp;id=2339&amp;scale=4</href>
				</Icon>
				<hotSpot x="64" y="128" xunits="pixels" yunits="insetPixels"/>
			</IconStyle>
			<LabelStyle>
				<scale>0</scale>
			</LabelStyle>
			<LineStyle>
				<color>ff2dc0fb</color>
				<width>3.2</width>
			</LineStyle>
			<PolyStyle>
				<color>40ffffff</color>
			</PolyStyle>
			<BalloonStyle>
				<gx:displayMode>card</gx:displayMode>
			</BalloonStyle>
		</Style>
	</gx:CascadingStyle>
	<StyleMap id="__managed_style_08A1330A8A40DE0E6C2F">
		<Pair>
			<key>normal</key>
			<styleUrl>#__managed_style_08A1330A8A40DE0E6C2F_normal</styleUrl>
		</Pair>
		<Pair>
			<key>highlight</key>
			<styleUrl>#__managed_style_08A1330A8A40DE0E6C2F_highlight</styleUrl>
		</Pair>
	</StyleMap>
	<gx:CascadingStyle kml:id="__managed_style_5FDD0598BF40DE0E6C28_highlight">
		<Style>
			<IconStyle>
				<scale>1.2</scale>
				<Icon>
					<href>https://earth.google.com/earth/document/icon?color=7b1fa2&amp;id=2070&amp;scale=4</href>
				</Icon>
				<hotSpot x="64" y="128" xunits="pixels" yunits="insetPixels"/>
			</IconStyle>
			<LabelStyle>
				<scale>0</scale>
			</LabelStyle>
			<LineStyle>
				<color>ff2dc0fb</color>
				<width>4.8</width>
			</LineStyle>
			<PolyStyle>
				<color>40ffffff</color>
			</PolyStyle>
			<BalloonStyle>
				<gx:displayMode>card</gx:displayMode>
			</BalloonStyle>
		</Style>
	</gx:CascadingStyle>
	<gx:CascadingStyle kml:id="__managed_style_24AE5C8F5640DE0E6C29_normal">
		<Style>
			<IconStyle>
				<Icon>
					<href>https://earth.google.com/earth/document/icon?color=388e3c&amp;id=2385&amp;scale=4</href>
				</Icon>
				<hotSpot x="64" y="128" xunits="pixels" yunits="insetPixels"/>
			</IconStyle>
			<LabelStyle>
				<scale>0</scale>
			</LabelStyle>
			<LineStyle>
				<color>ff2dc0fb</color>
				<width>3.2</width>
			</LineStyle>
			<PolyStyle>
				<color>40ffffff</color>
			</PolyStyle>
			<BalloonStyle>
				<gx:displayMode>card</gx:displayMode>
			</BalloonStyle>
		</Style>
	</gx:CascadingStyle>
	<gx:CascadingStyle kml:id="__managed_style_20B7ABBCFA40DE0E6C30_highlight">
		<Style>
			<IconStyle>
				<scale>1.2</scale>
				<Icon>
					<href>https://earth.google.com/earth/document/icon?color=1976d2&amp;id=2074&amp;scale=4</href>
				</Icon>
				<hotSpot x="64" y="128" xunits="pixels" yunits="insetPixels"/>
			</IconStyle>
			<LabelStyle>
				<scale>0</scale>
			</LabelStyle>
			<LineStyle>
				<color>ff2dc0fb</color>
				<width>4.8</width>
			</LineStyle>
			<PolyStyle>
				<color>40ffffff</color>
			</PolyStyle>
			<BalloonStyle>
			</BalloonStyle>
		</Style>
	</gx:CascadingStyle>
	<gx:CascadingStyle kml:id="__managed_style_0E81E0E64040DE0E6C29_normal">
		<Style>
			<IconStyle>
				<Icon>
					<href>https://earth.google.com/earth/document/icon?color=303f9f&amp;id=2339&amp;scale=4</href>
				</Icon>
				<hotSpot x="64" y="128" xunits="pixels" yunits="insetPixels"/>
			</IconStyle>
			<LabelStyle>
				<scale>0</scale>
			</LabelStyle>
			<LineStyle>
				<color>ff2dc0fb</color>
				<width>3.2</width>
			</LineStyle>
			<PolyStyle>
				<color>40ffffff</color>
			</PolyStyle>
			<BalloonStyle>
				<gx:displayMode>card</gx:displayMode>
			</BalloonStyle>
		</Style>
	</gx:CascadingStyle>
	<StyleMap id="__managed_style_24AE5C8F5640DE0E6C29">
		<Pair>
			<key>normal</key>
			<styleUrl>#__managed_style_24AE5C8F5640DE0E6C29_normal</styleUrl>
		</Pair>
		<Pair>
			<key>highlight</key>
			<styleUrl>#__managed_style_24AE5C8F5640DE0E6C29_highlight</styleUrl>
		</Pair>
	</StyleMap>
	<gx:CascadingStyle kml:id="__managed_style_2E56BD065040DE0E6C2C_normal">
		<Style>
			<IconStyle>
				<Icon>
					<href>https://earth.google.com/earth/document/icon?color=7b1fa2&amp;id=2349&amp;scale=4</href>
				</Icon>
				<hotSpot x="64" y="128" xunits="pixels" yunits="insetPixels"/>
			</IconStyle>
			<LabelStyle>
				<scale>0</scale>
			</LabelStyle>
			<LineStyle>
				<color>ff2dc0fb</color>
				<width>3.2</width>
			</LineStyle>
			<PolyStyle>
				<color>40ffffff</color>
			</PolyStyle>
			<BalloonStyle>
				<gx:displayMode>card</gx:displayMode>
			</BalloonStyle>
		</Style>
	</gx:CascadingStyle>
	<gx:CascadingStyle kml:id="__managed_style_10AC113AF440DE0E6C30_highlight">
		<styleUrl>https://earth.google.com/balloon_components/base/1.1.0.0/none_template.kml#main</styleUrl>
		<Style>
			<IconStyle>
				<scale>1.2</scale>
				<Icon>
					<href>https://earth.google.com/earth/document/icon?color=7b1fa2&amp;id=2006&amp;scale=4</href>
				</Icon>
				<hotSpot x="64" y="128" xunits="pixels" yunits="insetPixels"/>
			</IconStyle>
			<LabelStyle>
				<scale>0</scale>
			</LabelStyle>
			<LineStyle>
				<color>ff2dc0fb</color>
				<width>4.8</width>
			</LineStyle>
			<PolyStyle>
				<color>40ffffff</color>
			</PolyStyle>
			<BalloonStyle>
				<displayMode>hide</displayMode>
			</BalloonStyle>
		</Style>
	</gx:CascadingStyle>
	<gx:CascadingStyle kml:id="__managed_style_2649CAD44540DE0E6C28_highlight">
		<Style>
			<IconStyle>
				<scale>1.2</scale>
				<Icon>
					<href>https://earth.google.com/earth/document/icon?color=7b1fa2&amp;id=2156&amp;scale=4</href>
				</Icon>
				<hotSpot x="64" y="128" xunits="pixels" yunits="insetPixels"/>
			</IconStyle>
			<LabelStyle>
				<scale>0</scale>
			</LabelStyle>
			<LineStyle>
				<color>ff2dc0fb</color>
				<width>4.8</width>
			</LineStyle>
			<PolyStyle>
				<color>40ffffff</color>
			</PolyStyle>
			<BalloonStyle>
				<gx:displayMode>card</gx:displayMode>
			</BalloonStyle>
		</Style>
	</gx:CascadingStyle>
	<gx:CascadingStyle kml:id="__managed_style_2FACC6067D40DE0E6C27_normal">
		<Style>
			<IconStyle>
				<Icon>
					<href>https://earth.google.com/earth/document/icon?color=303f9f&amp;id=2130&amp;scale=4</href>
				</Icon>
				<hotSpot x="64" y="128" xunits="pixels" yunits="insetPixels"/>
			</IconStyle>
			<LabelStyle>
				<scale>0</scale>
			</LabelStyle>
			<LineStyle>
				<color>ff2dc0fb</color>
				<width>3.2</width>
			</LineStyle>
			<PolyStyle>
				<color>40ffffff</color>
			</PolyStyle>
			<BalloonStyle>
				<gx:displayMode>card</gx:displayMode>
			</BalloonStyle>
		</Style>
	</gx:CascadingStyle>
	<gx:CascadingStyle kml:id="__managed_style_2649CAD44540DE0E6C28_normal">
		<Style>
			<IconStyle>
				<Icon>
					<href>https://earth.google.com/earth/document/icon?color=7b1fa2&amp;id=2156&amp;scale=4</href>
				</Icon>
				<hotSpot x="64" y="128" xunits="pixels" yunits="insetPixels"/>
			</IconStyle>
			<LabelStyle>
				<scale>0</scale>
			</LabelStyle>
			<LineStyle>
				<color>ff2dc0fb</color>
				<width>3.2</width>
			</LineStyle>
			<PolyStyle>
				<color>40ffffff</color>
			</PolyStyle>
			<BalloonStyle>
				<gx:displayMode>card</gx:displayMode>
			</BalloonStyle>
		</Style>
	</gx:CascadingStyle>
	<gx:CascadingStyle kml:id="__managed_style_0C1282655C40DE0E6C30_highlight">
		<Style>
			<IconStyle>
				<scale>1.2</scale>
				<Icon>
					<href>https://earth.google.com/earth/document/icon?color=1976d2&amp;id=2000&amp;scale=4</href>
				</Icon>
				<hotSpot x="64" y="128" xunits="pixels" yunits="insetPixels"/>
			</IconStyle>
			<LabelStyle>
				<scale>0</scale>
			</LabelStyle>
			<LineStyle>
				<color>ffa21f7b</color>
				<width>4.8</width>
			</LineStyle>
			<PolyStyle>
				<color>40ffffff</color>
			</PolyStyle>
			<BalloonStyle>
			</BalloonStyle>
		</Style>
	</gx:CascadingStyle>
	<StyleMap id="__managed_style_2649CAD44540DE0E6C28">
		<Pair>
			<key>normal</key>
			<styleUrl>#__managed_style_2649CAD44540DE0E6C28_normal</styleUrl>
		</Pair>
		<Pair>
			<key>highlight</key>
			<styleUrl>#__managed_style_2649CAD44540DE0E6C28_highlight</styleUrl>
		</Pair>
	</StyleMap>
	<gx:CascadingStyle kml:id="__managed_style_1E4EC6447D40DE0E6C33_normal">
		<Style>
			<IconStyle>
				<scale>1.5</scale>
				<Icon>
					<href>https://earth.google.com/earth/document/icon?color=388e3c&amp;id=2370&amp;scale=4</href>
				</Icon>
				<hotSpot x="64" y="128" xunits="pixels" yunits="insetPixels"/>
			</IconStyle>
			<LabelStyle>
				<scale>0</scale>
			</LabelStyle>
			<LineStyle>
				<color>ff2dc0fb</color>
				<width>3.2</width>
			</LineStyle>
			<PolyStyle>
				<color>40ffffff</color>
			</PolyStyle>
			<BalloonStyle>
				<gx:displayMode>card</gx:displayMode>
			</BalloonStyle>
		</Style>
	</gx:CascadingStyle>
	<gx:CascadingStyle kml:id="__managed_style_0E2BBF56DE40DE0E6C28_normal">
		<Style>
			<IconStyle>
				<Icon>
					<href>https://earth.google.com/earth/document/icon?color=303f9f&amp;id=2034&amp;scale=4</href>
				</Icon>
				<hotSpot x="64" y="128" xunits="pixels" yunits="insetPixels"/>
			</IconStyle>
			<LabelStyle>
				<scale>0</scale>
			</LabelStyle>
			<LineStyle>
				<color>ff2dc0fb</color>
				<width>3.2</width>
			</LineStyle>
			<PolyStyle>
				<color>40ffffff</color>
			</PolyStyle>
			<BalloonStyle>
				<gx:displayMode>card</gx:displayMode>
			</BalloonStyle>
		</Style>
	</gx:CascadingStyle>
	<gx:CascadingStyle kml:id="__managed_style_139647CBCF40DE0E6C2E_normal">
		<Style>
			<IconStyle>
				<Icon>
					<href>https://earth.google.com/earth/document/icon?color=7b1fa2&amp;id=2046&amp;scale=4</href>
				</Icon>
				<hotSpot x="64" y="128" xunits="pixels" yunits="insetPixels"/>
			</IconStyle>
			<LabelStyle>
				<scale>0</scale>
			</LabelStyle>
			<LineStyle>
				<color>ff2dc0fb</color>
				<width>3.2</width>
			</LineStyle>
			<PolyStyle>
				<color>40ffffff</color>
			</PolyStyle>
			<BalloonStyle>
				<gx:displayMode>card</gx:displayMode>
			</BalloonStyle>
		</Style>
	</gx:CascadingStyle>
	<gx:CascadingStyle kml:id="__managed_style_1FEF85BF6940DE0E6C26_highlight">
		<Style>
			<IconStyle>
				<scale>1.2</scale>
				<Icon>
					<href>https://earth.google.com/earth/document/icon?color=7b1fa2&amp;id=2311&amp;scale=4</href>
				</Icon>
				<hotSpot x="64" y="128" xunits="pixels" yunits="insetPixels"/>
			</IconStyle>
			<LabelStyle>
				<scale>0</scale>
			</LabelStyle>
			<LineStyle>
				<color>ff2dc0fb</color>
				<width>4.8</width>
			</LineStyle>
			<PolyStyle>
				<color>40ffffff</color>
			</PolyStyle>
			<BalloonStyle>
				<gx:displayMode>card</gx:displayMode>
			</BalloonStyle>
		</Style>
	</gx:CascadingStyle>
	<gx:CascadingStyle kml:id="__managed_style_1E4EC6447D40DE0E6C33_highlight">
		<Style>
			<IconStyle>
				<scale>1.8</scale>
				<Icon>
					<href>https://earth.google.com/earth/document/icon?color=388e3c&amp;id=2370&amp;scale=4</href>
				</Icon>
				<hotSpot x="64" y="128" xunits="pixels" yunits="insetPixels"/>
			</IconStyle>
			<LabelStyle>
				<scale>0</scale>
			</LabelStyle>
			<LineStyle>
				<color>ff2dc0fb</color>
				<width>4.8</width>
			</LineStyle>
			<PolyStyle>
				<color>40ffffff</color>
			</PolyStyle>
			<BalloonStyle>
				<gx:displayMode>card</gx:displayMode>
			</BalloonStyle>
		</Style>
	</gx:CascadingStyle>
	<StyleMap id="__managed_style_1D20F7844D40DE0E6C24">
		<Pair>
			<key>normal</key>
			<styleUrl>#__managed_style_1D20F7844D40DE0E6C24_normal</styleUrl>
		</Pair>
		<Pair>
			<key>highlight</key>
			<styleUrl>#__managed_style_1D20F7844D40DE0E6C24_highlight</styleUrl>
		</Pair>
	</StyleMap>
	<gx:CascadingStyle kml:id="__managed_style_4AA6BAC7FC40DE0E6C2C_normal">
		<Style>
			<IconStyle>
				<Icon>
					<href>https://earth.google.com/earth/document/icon?color=7b1fa2&amp;id=2282&amp;scale=4</href>
				</Icon>
				<hotSpot x="64" y="128" xunits="pixels" yunits="insetPixels"/>
			</IconStyle>
			<LabelStyle>
				<scale>0</scale>
			</LabelStyle>
			<LineStyle>
				<color>ff2dc0fb</color>
				<width>3.2</width>
			</LineStyle>
			<PolyStyle>
				<color>40ffffff</color>
			</PolyStyle>
			<BalloonStyle>
				<gx:displayMode>card</gx:displayMode>
			</BalloonStyle>
		</Style>
	</gx:CascadingStyle>
	<StyleMap id="__managed_style_139647CBCF40DE0E6C2E">
		<Pair>
			<key>normal</key>
			<styleUrl>#__managed_style_139647CBCF40DE0E6C2E_normal</styleUrl>
		</Pair>
		<Pair>
			<key>highlight</key>
			<styleUrl>#__managed_style_139647CBCF40DE0E6C2E_highlight</styleUrl>
		</Pair>
	</StyleMap>
	<gx:CascadingStyle kml:id="__managed_style_0F9033FB4840DE0E6C26_highlight">
		<Style>
			<IconStyle>
				<scale>1.2</scale>
				<Icon>
					<href>https://earth.google.com/earth/document/icon?color=7b1fa2&amp;id=2006&amp;scale=4</href>
				</Icon>
				<hotSpot x="64" y="128" xunits="pixels" yunits="insetPixels"/>
			</IconStyle>
			<LabelStyle>
				<scale>0</scale>
			</LabelStyle>
			<LineStyle>
				<color>ff2dc0fb</color>
				<width>4.8</width>
			</LineStyle>
			<PolyStyle>
				<color>40ffffff</color>
			</PolyStyle>
			<BalloonStyle>
				<gx:displayMode>card</gx:displayMode>
			</BalloonStyle>
		</Style>
	</gx:CascadingStyle>
	<gx:CascadingStyle kml:id="__managed_style_2C4FABA94940DE0E6C2E_highlight">
		<Style>
			<IconStyle>
				<scale>1.2</scale>
				<Icon>
					<href>https://earth.google.com/earth/document/icon?color=1976d2&amp;id=2000&amp;scale=4</href>
				</Icon>
				<hotSpot x="64" y="128" xunits="pixels" yunits="insetPixels"/>
			</IconStyle>
			<LabelStyle>
				<scale>0</scale>
			</LabelStyle>
			<LineStyle>
				<color>ff3c8e38</color>
				<width>4.8</width>
			</LineStyle>
			<PolyStyle>
				<color>403c8e38</color>
			</PolyStyle>
			<BalloonStyle>
			</BalloonStyle>
		</Style>
	</gx:CascadingStyle>
	<gx:CascadingStyle kml:id="__managed_style_24AE5C8F5640DE0E6C29_highlight">
		<Style>
			<IconStyle>
				<scale>1.2</scale>
				<Icon>
					<href>https://earth.google.com/earth/document/icon?color=388e3c&amp;id=2385&amp;scale=4</href>
				</Icon>
				<hotSpot x="64" y="128" xunits="pixels" yunits="insetPixels"/>
			</IconStyle>
			<LabelStyle>
				<scale>0</scale>
			</LabelStyle>
			<LineStyle>
				<color>ff2dc0fb</color>
				<width>4.8</width>
			</LineStyle>
			<PolyStyle>
				<color>40ffffff</color>
			</PolyStyle>
			<BalloonStyle>
				<gx:displayMode>card</gx:displayMode>
			</BalloonStyle>
		</Style>
	</gx:CascadingStyle>
	<gx:CascadingStyle kml:id="__managed_style_1D057C1E9840DE0E6C29_highlight">
		<Style>
			<IconStyle>
				<scale>1.2</scale>
				<Icon>
					<href>https://earth.google.com/earth/document/icon?color=7b1fa2&amp;id=2095&amp;scale=4</href>
				</Icon>
				<hotSpot x="64" y="128" xunits="pixels" yunits="insetPixels"/>
			</IconStyle>
			<LabelStyle>
				<scale>0</scale>
			</LabelStyle>
			<LineStyle>
				<color>ff2dc0fb</color>
				<width>4.8</width>
			</LineStyle>
			<PolyStyle>
				<color>40ffffff</color>
			</PolyStyle>
			<BalloonStyle>
				<gx:displayMode>card</gx:displayMode>
			</BalloonStyle>
		</Style>
	</gx:CascadingStyle>
	<gx:CascadingStyle kml:id="__managed_style_0E81E0E64040DE0E6C29_highlight">
		<Style>
			<IconStyle>
				<scale>1.2</scale>
				<Icon>
					<href>https://earth.google.com/earth/document/icon?color=303f9f&amp;id=2339&amp;scale=4</href>
				</Icon>
				<hotSpot x="64" y="128" xunits="pixels" yunits="insetPixels"/>
			</IconStyle>
			<LabelStyle>
				<scale>0</scale>
			</LabelStyle>
			<LineStyle>
				<color>ff2dc0fb</color>
				<width>4.8</width>
			</LineStyle>
			<PolyStyle>
				<color>40ffffff</color>
			</PolyStyle>
			<BalloonStyle>
				<gx:displayMode>card</gx:displayMode>
			</BalloonStyle>
		</Style>
	</gx:CascadingStyle>
	<StyleMap id="__managed_style_0E81E0E64040DE0E6C29">
		<Pair>
			<key>normal</key>
			<styleUrl>#__managed_style_0E81E0E64040DE0E6C29_normal</styleUrl>
		</Pair>
		<Pair>
			<key>highlight</key>
			<styleUrl>#__managed_style_0E81E0E64040DE0E6C29_highlight</styleUrl>
		</Pair>
	</StyleMap>
	<StyleMap id="__managed_style_1EFD963F7340DE0E6C28">
		<Pair>
			<key>normal</key>
			<styleUrl>#__managed_style_1EFD963F7340DE0E6C28_normal</styleUrl>
		</Pair>
		<Pair>
			<key>highlight</key>
			<styleUrl>#__managed_style_1EFD963F7340DE0E6C28_highlight</styleUrl>
		</Pair>
	</StyleMap>
	<StyleMap id="__managed_style_1E4EC6447D40DE0E6C33">
		<Pair>
			<key>normal</key>
			<styleUrl>#__managed_style_1E4EC6447D40DE0E6C33_normal</styleUrl>
		</Pair>
		<Pair>
			<key>highlight</key>
			<styleUrl>#__managed_style_1E4EC6447D40DE0E6C33_highlight</styleUrl>
		</Pair>
	</StyleMap>
	<StyleMap id="__managed_style_3CFDBA907B40DE0E6C2C">
		<Pair>
			<key>normal</key>
			<styleUrl>#__managed_style_3CFDBA907B40DE0E6C2C_normal</styleUrl>
		</Pair>
		<Pair>
			<key>highlight</key>
			<styleUrl>#__managed_style_3CFDBA907B40DE0E6C2C_highlight</styleUrl>
		</Pair>
	</StyleMap>
	<gx:CascadingStyle kml:id="__managed_style_199C13430A40DE0E6C2B_highlight">
		<Style>
			<IconStyle>
				<scale>1.2</scale>
				<Icon>
					<href>https://earth.google.com/earth/document/icon?color=1976d2&amp;id=2000&amp;scale=4</href>
				</Icon>
				<hotSpot x="64" y="128" xunits="pixels" yunits="insetPixels"/>
			</IconStyle>
			<LabelStyle>
				<scale>0</scale>
			</LabelStyle>
			<LineStyle>
				<color>ff9f3f30</color>
				<width>4.8</width>
			</LineStyle>
			<PolyStyle>
				<color>40ffffff</color>
			</PolyStyle>
			<BalloonStyle>
			</BalloonStyle>
		</Style>
	</gx:CascadingStyle>
	<gx:CascadingStyle kml:id="__managed_style_2FACC6067D40DE0E6C27_highlight">
		<Style>
			<IconStyle>
				<scale>1.2</scale>
				<Icon>
					<href>https://earth.google.com/earth/document/icon?color=303f9f&amp;id=2130&amp;scale=4</href>
				</Icon>
				<hotSpot x="64" y="128" xunits="pixels" yunits="insetPixels"/>
			</IconStyle>
			<LabelStyle>
				<scale>0</scale>
			</LabelStyle>
			<LineStyle>
				<color>ff2dc0fb</color>
				<width>4.8</width>
			</LineStyle>
			<PolyStyle>
				<color>40ffffff</color>
			</PolyStyle>
			<BalloonStyle>
				<gx:displayMode>card</gx:displayMode>
			</BalloonStyle>
		</Style>
	</gx:CascadingStyle>
	<gx:CascadingStyle kml:id="__managed_style_210298C5CD40DE0E6C24_highlight">
		<Style>
			<IconStyle>
				<scale>1.2</scale>
				<Icon>
					<href>https://earth.google.com/earth/document/icon?color=f57c00&amp;id=2056&amp;scale=4</href>
				</Icon>
				<hotSpot x="64" y="128" xunits="pixels" yunits="insetPixels"/>
			</IconStyle>
			<LabelStyle>
				<scale>0</scale>
			</LabelStyle>
			<LineStyle>
				<color>ff2dc0fb</color>
				<width>4.8</width>
			</LineStyle>
			<PolyStyle>
				<color>40ffffff</color>
			</PolyStyle>
			<BalloonStyle>
				<gx:displayMode>card</gx:displayMode>
			</BalloonStyle>
		</Style>
	</gx:CascadingStyle>
	<StyleMap id="__managed_style_210298C5CD40DE0E6C24">
		<Pair>
			<key>normal</key>
			<styleUrl>#__managed_style_210298C5CD40DE0E6C24_normal</styleUrl>
		</Pair>
		<Pair>
			<key>highlight</key>
			<styleUrl>#__managed_style_210298C5CD40DE0E6C24_highlight</styleUrl>
		</Pair>
	</StyleMap>
	<gx:CascadingStyle kml:id="__managed_style_0151D78F8840DE0E6C31_highlight">
		<Style>
			<IconStyle>
				<scale>1.2</scale>
				<Icon>
					<href>https://earth.google.com/earth/document/icon?color=7b1fa2&amp;id=2016&amp;scale=4</href>
				</Icon>
				<hotSpot x="64" y="128" xunits="pixels" yunits="insetPixels"/>
			</IconStyle>
			<LabelStyle>
				<scale>0</scale>
			</LabelStyle>
			<LineStyle>
				<color>ff2dc0fb</color>
				<width>4.8</width>
			</LineStyle>
			<PolyStyle>
				<color>40ffffff</color>
			</PolyStyle>
			<BalloonStyle>
				<gx:displayMode>card</gx:displayMode>
			</BalloonStyle>
		</Style>
	</gx:CascadingStyle>
	<gx:CascadingStyle kml:id="__managed_style_0C4DD4FFF840DE0E6C24_highlight">
		<Style>
			<IconStyle>
				<scale>1.2</scale>
				<Icon>
					<href>https://earth.google.com/earth/document/icon?color=f57c00&amp;id=2130&amp;scale=4</href>
				</Icon>
				<hotSpot x="64" y="128" xunits="pixels" yunits="insetPixels"/>
			</IconStyle>
			<LabelStyle>
				<scale>0</scale>
			</LabelStyle>
			<LineStyle>
				<color>ff2dc0fb</color>
				<width>4.8</width>
			</LineStyle>
			<PolyStyle>
				<color>40ffffff</color>
			</PolyStyle>
			<BalloonStyle>
				<gx:displayMode>card</gx:displayMode>
			</BalloonStyle>
		</Style>
	</gx:CascadingStyle>
	<gx:CascadingStyle kml:id="__managed_style_0E2BBF56DE40DE0E6C28_highlight">
		<Style>
			<IconStyle>
				<scale>1.2</scale>
				<Icon>
					<href>https://earth.google.com/earth/document/icon?color=303f9f&amp;id=2034&amp;scale=4</href>
				</Icon>
				<hotSpot x="64" y="128" xunits="pixels" yunits="insetPixels"/>
			</IconStyle>
			<LabelStyle>
				<scale>0</scale>
			</LabelStyle>
			<LineStyle>
				<color>ff2dc0fb</color>
				<width>4.8</width>
			</LineStyle>
			<PolyStyle>
				<color>40ffffff</color>
			</PolyStyle>
			<BalloonStyle>
				<gx:displayMode>card</gx:displayMode>
			</BalloonStyle>
		</Style>
	</gx:CascadingStyle>
	<gx:CascadingStyle kml:id="__managed_style_0C4DD4FFF840DE0E6C24_normal">
		<Style>
			<IconStyle>
				<Icon>
					<href>https://earth.google.com/earth/document/icon?color=f57c00&amp;id=2130&amp;scale=4</href>
				</Icon>
				<hotSpot x="64" y="128" xunits="pixels" yunits="insetPixels"/>
			</IconStyle>
			<LabelStyle>
				<scale>0</scale>
			</LabelStyle>
			<LineStyle>
				<color>ff2dc0fb</color>
				<width>3.2</width>
			</LineStyle>
			<PolyStyle>
				<color>40ffffff</color>
			</PolyStyle>
			<BalloonStyle>
				<gx:displayMode>card</gx:displayMode>
			</BalloonStyle>
		</Style>
	</gx:CascadingStyle>
	<gx:CascadingStyle kml:id="__managed_style_29837486F840DE0E6C2F_highlight">
		<Style>
			<IconStyle>
				<scale>1.2</scale>
				<Icon>
					<href>https://earth.google.com/earth/document/icon?color=1976d2&amp;id=2000&amp;scale=4</href>
				</Icon>
				<hotSpot x="64" y="128" xunits="pixels" yunits="insetPixels"/>
			</IconStyle>
			<LabelStyle>
				<scale>0</scale>
			</LabelStyle>
			<LineStyle>
				<color>ffa21f7b</color>
				<width>4.8</width>
			</LineStyle>
			<PolyStyle>
				<color>40ffffff</color>
			</PolyStyle>
			<BalloonStyle>
			</BalloonStyle>
		</Style>
	</gx:CascadingStyle>
	<StyleMap id="__managed_style_19E330729040DE0E6C34">
		<Pair>
			<key>normal</key>
			<styleUrl>#__managed_style_19E330729040DE0E6C34_normal</styleUrl>
		</Pair>
		<Pair>
			<key>highlight</key>
			<styleUrl>#__managed_style_19E330729040DE0E6C34_highlight</styleUrl>
		</Pair>
	</StyleMap>
	<StyleMap id="__managed_style_0C4DD4FFF840DE0E6C24">
		<Pair>
			<key>normal</key>
			<styleUrl>#__managed_style_0C4DD4FFF840DE0E6C24_normal</styleUrl>
		</Pair>
		<Pair>
			<key>highlight</key>
			<styleUrl>#__managed_style_0C4DD4FFF840DE0E6C24_highlight</styleUrl>
		</Pair>
	</StyleMap>
	<gx:CascadingStyle kml:id="__managed_style_3CFDBA907B40DE0E6C2C_normal">
		<Style>
			<IconStyle>
				<Icon>
					<href>https://earth.google.com/earth/document/icon?color=303f9f&amp;id=2006&amp;scale=4</href>
				</Icon>
				<hotSpot x="64" y="128" xunits="pixels" yunits="insetPixels"/>
			</IconStyle>
			<LabelStyle>
				<scale>0</scale>
			</LabelStyle>
			<LineStyle>
				<color>ff2dc0fb</color>
				<width>3.2</width>
			</LineStyle>
			<PolyStyle>
				<color>40ffffff</color>
			</PolyStyle>
			<BalloonStyle>
				<gx:displayMode>card</gx:displayMode>
			</BalloonStyle>
		</Style>
	</gx:CascadingStyle>
	<gx:CascadingStyle kml:id="__managed_style_1B6402F0C140DE0E6C2F_highlight">
		<Style>
			<IconStyle>
				<scale>1.2</scale>
				<Icon>
					<href>https://earth.google.com/earth/document/icon?color=1976d2&amp;id=2000&amp;scale=4</href>
				</Icon>
				<hotSpot x="64" y="128" xunits="pixels" yunits="insetPixels"/>
			</IconStyle>
			<LabelStyle>
				<scale>0</scale>
			</LabelStyle>
			<LineStyle>
				<color>ff2dc0fb</color>
				<width>4.8</width>
			</LineStyle>
			<PolyStyle>
				<color>40ffffff</color>
			</PolyStyle>
			<BalloonStyle>
			</BalloonStyle>
		</Style>
	</gx:CascadingStyle>
	<gx:CascadingStyle kml:id="__managed_style_1D20F7844D40DE0E6C24_normal">
		<Style>
			<IconStyle>
				<Icon>
					<href>https://earth.google.com/earth/document/icon?color=1976d2&amp;id=2074&amp;scale=4</href>
				</Icon>
				<hotSpot x="64" y="128" xunits="pixels" yunits="insetPixels"/>
			</IconStyle>
			<LabelStyle>
				<scale>0</scale>
			</LabelStyle>
			<LineStyle>
				<color>ff2dc0fb</color>
				<width>3.2</width>
			</LineStyle>
			<PolyStyle>
				<color>40ffffff</color>
			</PolyStyle>
			<BalloonStyle>
				<gx:displayMode>card</gx:displayMode>
			</BalloonStyle>
		</Style>
	</gx:CascadingStyle>
	<gx:CascadingStyle kml:id="__managed_style_210298C5CD40DE0E6C24_normal">
		<Style>
			<IconStyle>
				<Icon>
					<href>https://earth.google.com/earth/document/icon?color=f57c00&amp;id=2056&amp;scale=4</href>
				</Icon>
				<hotSpot x="64" y="128" xunits="pixels" yunits="insetPixels"/>
			</IconStyle>
			<LabelStyle>
				<scale>0</scale>
			</LabelStyle>
			<LineStyle>
				<color>ff2dc0fb</color>
				<width>3.2</width>
			</LineStyle>
			<PolyStyle>
				<color>40ffffff</color>
			</PolyStyle>
			<BalloonStyle>
				<gx:displayMode>card</gx:displayMode>
			</BalloonStyle>
		</Style>
	</gx:CascadingStyle>
	<gx:CascadingStyle kml:id="__managed_style_589E6DBD0A40DE0E6C2C_normal">
		<Style>
			<IconStyle>
				<Icon>
					<href>https://earth.google.com/earth/document/icon?color=7b1fa2&amp;id=2232&amp;scale=4</href>
				</Icon>
				<hotSpot x="64" y="128" xunits="pixels" yunits="insetPixels"/>
			</IconStyle>
			<LabelStyle>
				<scale>0</scale>
			</LabelStyle>
			<LineStyle>
				<color>ff2dc0fb</color>
				<width>3.2</width>
			</LineStyle>
			<PolyStyle>
				<color>40ffffff</color>
			</PolyStyle>
			<BalloonStyle>
				<gx:displayMode>card</gx:displayMode>
			</BalloonStyle>
		</Style>
	</gx:CascadingStyle>
	<gx:CascadingStyle kml:id="__managed_style_10AC113AF440DE0E6C30_normal">
		<styleUrl>https://earth.google.com/balloon_components/base/1.1.0.0/none_template.kml#main</styleUrl>
		<Style>
			<IconStyle>
				<Icon>
					<href>https://earth.google.com/earth/document/icon?color=7b1fa2&amp;id=2006&amp;scale=4</href>
				</Icon>
				<hotSpot x="64" y="128" xunits="pixels" yunits="insetPixels"/>
			</IconStyle>
			<LabelStyle>
				<scale>0</scale>
			</LabelStyle>
			<LineStyle>
				<color>ff2dc0fb</color>
				<width>3.2</width>
			</LineStyle>
			<PolyStyle>
				<color>40ffffff</color>
			</PolyStyle>
			<BalloonStyle>
				<displayMode>hide</displayMode>
			</BalloonStyle>
		</Style>
	</gx:CascadingStyle>
	<StyleMap id="__managed_style_10AC113AF440DE0E6C30">
		<Pair>
			<key>normal</key>
			<styleUrl>#__managed_style_10AC113AF440DE0E6C30_normal</styleUrl>
		</Pair>
		<Pair>
			<key>highlight</key>
			<styleUrl>#__managed_style_10AC113AF440DE0E6C30_highlight</styleUrl>
		</Pair>
	</StyleMap>
	<gx:CascadingStyle kml:id="__managed_style_33FF29916140DE0E6C28_normal">
		<Style>
			<IconStyle>
				<Icon>
					<href>https://earth.google.com/earth/document/icon?color=7b1fa2&amp;id=2039&amp;scale=4</href>
				</Icon>
				<hotSpot x="64" y="128" xunits="pixels" yunits="insetPixels"/>
			</IconStyle>
			<LabelStyle>
				<scale>0</scale>
			</LabelStyle>
			<LineStyle>
				<color>ff2dc0fb</color>
				<width>3.2</width>
			</LineStyle>
			<PolyStyle>
				<color>40ffffff</color>
			</PolyStyle>
			<BalloonStyle>
				<gx:displayMode>card</gx:displayMode>
			</BalloonStyle>
		</Style>
	</gx:CascadingStyle>
	<gx:CascadingStyle kml:id="__managed_style_0208B7EC6B40DE0E6C2B_normal">
		<Style>
			<IconStyle>
				<Icon>
					<href>https://earth.google.com/earth/document/icon?color=7b1fa2&amp;id=2011&amp;scale=4</href>
				</Icon>
				<hotSpot x="64" y="128" xunits="pixels" yunits="insetPixels"/>
			</IconStyle>
			<LabelStyle>
				<scale>0</scale>
			</LabelStyle>
			<LineStyle>
				<color>ff2dc0fb</color>
				<width>3.2</width>
			</LineStyle>
			<PolyStyle>
				<color>40ffffff</color>
			</PolyStyle>
			<BalloonStyle>
				<gx:displayMode>card</gx:displayMode>
			</BalloonStyle>
		</Style>
	</gx:CascadingStyle>
	<StyleMap id="__managed_style_0EEE821F1F40DE0E6C33">
		<Pair>
			<key>normal</key>
			<styleUrl>#__managed_style_0EEE821F1F40DE0E6C33_normal</styleUrl>
		</Pair>
		<Pair>
			<key>highlight</key>
			<styleUrl>#__managed_style_0EEE821F1F40DE0E6C33_highlight</styleUrl>
		</Pair>
	</StyleMap>
	<gx:CascadingStyle kml:id="__managed_style_2E7CC5F72F40DE0E6C26_normal">
		<Style>
			<IconStyle>
				<Icon>
					<href>https://earth.google.com/earth/document/icon?color=7b1fa2&amp;id=2163&amp;scale=4</href>
				</Icon>
				<hotSpot x="64" y="128" xunits="pixels" yunits="insetPixels"/>
			</IconStyle>
			<LabelStyle>
				<scale>0</scale>
			</LabelStyle>
			<LineStyle>
				<color>ff2dc0fb</color>
				<width>3.2</width>
			</LineStyle>
			<PolyStyle>
				<color>40ffffff</color>
			</PolyStyle>
			<BalloonStyle>
				<gx:displayMode>card</gx:displayMode>
			</BalloonStyle>
		</Style>
	</gx:CascadingStyle>
	<StyleMap id="__managed_style_33FF29916140DE0E6C28">
		<Pair>
			<key>normal</key>
			<styleUrl>#__managed_style_33FF29916140DE0E6C28_normal</styleUrl>
		</Pair>
		<Pair>
			<key>highlight</key>
			<styleUrl>#__managed_style_33FF29916140DE0E6C28_highlight</styleUrl>
		</Pair>
	</StyleMap>
	<StyleMap id="__managed_style_589E6DBD0A40DE0E6C2C">
		<Pair>
			<key>normal</key>
			<styleUrl>#__managed_style_589E6DBD0A40DE0E6C2C_normal</styleUrl>
		</Pair>
		<Pair>
			<key>highlight</key>
			<styleUrl>#__managed_style_589E6DBD0A40DE0E6C2C_highlight</styleUrl>
		</Pair>
	</StyleMap>
	<gx:CascadingStyle kml:id="__managed_style_0C1282655C40DE0E6C30_normal">
		<Style>
			<IconStyle>
				<Icon>
					<href>https://earth.google.com/earth/document/icon?color=1976d2&amp;id=2000&amp;scale=4</href>
				</Icon>
				<hotSpot x="64" y="128" xunits="pixels" yunits="insetPixels"/>
			</IconStyle>
			<LabelStyle>
				<scale>0</scale>
			</LabelStyle>
			<LineStyle>
				<color>ffa21f7b</color>
				<width>3.2</width>
			</LineStyle>
			<PolyStyle>
				<color>40ffffff</color>
			</PolyStyle>
			<BalloonStyle>
			</BalloonStyle>
		</Style>
	</gx:CascadingStyle>
	<gx:CascadingStyle kml:id="__managed_style_1EFD963F7340DE0E6C28_normal">
		<Style>
			<IconStyle>
				<Icon>
					<href>https://earth.google.com/earth/document/icon?color=303f9f&amp;id=2090&amp;scale=4</href>
				</Icon>
				<hotSpot x="64" y="128" xunits="pixels" yunits="insetPixels"/>
			</IconStyle>
			<LabelStyle>
				<scale>0</scale>
			</LabelStyle>
			<LineStyle>
				<color>ff2dc0fb</color>
				<width>3.2</width>
			</LineStyle>
			<PolyStyle>
				<color>40ffffff</color>
			</PolyStyle>
			<BalloonStyle>
				<gx:displayMode>card</gx:displayMode>
			</BalloonStyle>
		</Style>
	</gx:CascadingStyle>
	<StyleMap id="__managed_style_155A60138D40DE0E6C31">
		<Pair>
			<key>normal</key>
			<styleUrl>#__managed_style_155A60138D40DE0E6C31_normal</styleUrl>
		</Pair>
		<Pair>
			<key>highlight</key>
			<styleUrl>#__managed_style_155A60138D40DE0E6C31_highlight</styleUrl>
		</Pair>
	</StyleMap>
	<gx:CascadingStyle kml:id="__managed_style_087E8D0BB840DE0E6C27_highlight">
		<Style>
			<IconStyle>
				<scale>1.2</scale>
				<Icon>
					<href>https://earth.google.com/earth/document/icon?color=388e3c&amp;id=2370&amp;scale=4</href>
				</Icon>
				<hotSpot x="64" y="128" xunits="pixels" yunits="insetPixels"/>
			</IconStyle>
			<LabelStyle>
				<scale>0</scale>
			</LabelStyle>
			<LineStyle>
				<color>ff2dc0fb</color>
				<width>4.8</width>
			</LineStyle>
			<PolyStyle>
				<color>40ffffff</color>
			</PolyStyle>
			<BalloonStyle>
				<gx:displayMode>card</gx:displayMode>
			</BalloonStyle>
		</Style>
	</gx:CascadingStyle>
	<StyleMap id="__managed_style_2E7CC5F72F40DE0E6C26">
		<Pair>
			<key>normal</key>
			<styleUrl>#__managed_style_2E7CC5F72F40DE0E6C26_normal</styleUrl>
		</Pair>
		<Pair>
			<key>highlight</key>
			<styleUrl>#__managed_style_2E7CC5F72F40DE0E6C26_highlight</styleUrl>
		</Pair>
	</StyleMap>
	<gx:CascadingStyle kml:id="__managed_style_09AE1AE39E40DE0E6C2C_normal">
		<Style>
			<IconStyle>
				<Icon>
					<href>https://earth.google.com/earth/document/icon?color=1976d2&amp;id=2000&amp;scale=4</href>
				</Icon>
				<hotSpot x="64" y="128" xunits="pixels" yunits="insetPixels"/>
			</IconStyle>
			<LabelStyle>
				<scale>0</scale>
			</LabelStyle>
			<LineStyle>
				<color>ffa21f7b</color>
				<width>3.2</width>
			</LineStyle>
			<PolyStyle>
				<color>40ffffff</color>
			</PolyStyle>
			<BalloonStyle>
			</BalloonStyle>
		</Style>
	</gx:CascadingStyle>
	<gx:CascadingStyle kml:id="__managed_style_2C4FABA94940DE0E6C2E_normal">
		<Style>
			<IconStyle>
				<Icon>
					<href>https://earth.google.com/earth/document/icon?color=1976d2&amp;id=2000&amp;scale=4</href>
				</Icon>
				<hotSpot x="64" y="128" xunits="pixels" yunits="insetPixels"/>
			</IconStyle>
			<LabelStyle>
				<scale>0</scale>
			</LabelStyle>
			<LineStyle>
				<color>ff3c8e38</color>
				<width>3.2</width>
			</LineStyle>
			<PolyStyle>
				<color>403c8e38</color>
			</PolyStyle>
			<BalloonStyle>
			</BalloonStyle>
		</Style>
	</gx:CascadingStyle>
	<StyleMap id="__managed_style_2BD7A1BC9440DE0E6C31">
		<Pair>
			<key>normal</key>
			<styleUrl>#__managed_style_2BD7A1BC9440DE0E6C31_normal</styleUrl>
		</Pair>
		<Pair>
			<key>highlight</key>
			<styleUrl>#__managed_style_2BD7A1BC9440DE0E6C31_highlight</styleUrl>
		</Pair>
	</StyleMap>
	<gx:CascadingStyle kml:id="__managed_style_4AA6BAC7FC40DE0E6C2C_highlight">
		<Style>
			<IconStyle>
				<scale>1.2</scale>
				<Icon>
					<href>https://earth.google.com/earth/document/icon?color=7b1fa2&amp;id=2282&amp;scale=4</href>
				</Icon>
				<hotSpot x="64" y="128" xunits="pixels" yunits="insetPixels"/>
			</IconStyle>
			<LabelStyle>
				<scale>0</scale>
			</LabelStyle>
			<LineStyle>
				<color>ff2dc0fb</color>
				<width>4.8</width>
			</LineStyle>
			<PolyStyle>
				<color>40ffffff</color>
			</PolyStyle>
			<BalloonStyle>
				<gx:displayMode>card</gx:displayMode>
			</BalloonStyle>
		</Style>
	</gx:CascadingStyle>
	<gx:CascadingStyle kml:id="__managed_style_0208B7EC6B40DE0E6C2B_highlight">
		<Style>
			<IconStyle>
				<scale>1.2</scale>
				<Icon>
					<href>https://earth.google.com/earth/document/icon?color=7b1fa2&amp;id=2011&amp;scale=4</href>
				</Icon>
				<hotSpot x="64" y="128" xunits="pixels" yunits="insetPixels"/>
			</IconStyle>
			<LabelStyle>
				<scale>0</scale>
			</LabelStyle>
			<LineStyle>
				<color>ff2dc0fb</color>
				<width>4.8</width>
			</LineStyle>
			<PolyStyle>
				<color>40ffffff</color>
			</PolyStyle>
			<BalloonStyle>
				<gx:displayMode>card</gx:displayMode>
			</BalloonStyle>
		</Style>
	</gx:CascadingStyle>
	<gx:CascadingStyle kml:id="__managed_style_33FF29916140DE0E6C28_highlight">
		<Style>
			<IconStyle>
				<scale>1.2</scale>
				<Icon>
					<href>https://earth.google.com/earth/document/icon?color=7b1fa2&amp;id=2039&amp;scale=4</href>
				</Icon>
				<hotSpot x="64" y="128" xunits="pixels" yunits="insetPixels"/>
			</IconStyle>
			<LabelStyle>
				<scale>0</scale>
			</LabelStyle>
			<LineStyle>
				<color>ff2dc0fb</color>
				<width>4.8</width>
			</LineStyle>
			<PolyStyle>
				<color>40ffffff</color>
			</PolyStyle>
			<BalloonStyle>
				<gx:displayMode>card</gx:displayMode>
			</BalloonStyle>
		</Style>
	</gx:CascadingStyle>
	<gx:CascadingStyle kml:id="__managed_style_5FDD0598BF40DE0E6C28_normal">
		<Style>
			<IconStyle>
				<Icon>
					<href>https://earth.google.com/earth/document/icon?color=7b1fa2&amp;id=2070&amp;scale=4</href>
				</Icon>
				<hotSpot x="64" y="128" xunits="pixels" yunits="insetPixels"/>
			</IconStyle>
			<LabelStyle>
				<scale>0</scale>
			</LabelStyle>
			<LineStyle>
				<color>ff2dc0fb</color>
				<width>3.2</width>
			</LineStyle>
			<PolyStyle>
				<color>40ffffff</color>
			</PolyStyle>
			<BalloonStyle>
				<gx:displayMode>card</gx:displayMode>
			</BalloonStyle>
		</Style>
	</gx:CascadingStyle>
	<StyleMap id="__managed_style_2E56BD065040DE0E6C2C">
		<Pair>
			<key>normal</key>
			<styleUrl>#__managed_style_2E56BD065040DE0E6C2C_normal</styleUrl>
		</Pair>
		<Pair>
			<key>highlight</key>
			<styleUrl>#__managed_style_2E56BD065040DE0E6C2C_highlight</styleUrl>
		</Pair>
	</StyleMap>
	<gx:CascadingStyle kml:id="__managed_style_19E330729040DE0E6C34_normal">
		<Style>
			<IconStyle>
				<Icon>
					<href>https://earth.google.com/earth/document/icon?color=1976d2&amp;id=2000&amp;scale=4</href>
				</Icon>
				<hotSpot x="64" y="128" xunits="pixels" yunits="insetPixels"/>
			</IconStyle>
			<LabelStyle>
				<scale>0</scale>
			</LabelStyle>
			<LineStyle>
				<color>ffa21f7b</color>
				<width>3.2</width>
			</LineStyle>
			<PolyStyle>
				<color>40a21f7b</color>
			</PolyStyle>
			<BalloonStyle>
			</BalloonStyle>
		</Style>
	</gx:CascadingStyle>
	<StyleMap id="__managed_style_4AA6BAC7FC40DE0E6C2C">
		<Pair>
			<key>normal</key>
			<styleUrl>#__managed_style_4AA6BAC7FC40DE0E6C2C_normal</styleUrl>
		</Pair>
		<Pair>
			<key>highlight</key>
			<styleUrl>#__managed_style_4AA6BAC7FC40DE0E6C2C_highlight</styleUrl>
		</Pair>
	</StyleMap>
	<gx:CascadingStyle kml:id="__managed_style_3CFDBA907B40DE0E6C2C_highlight">
		<Style>
			<IconStyle>
				<scale>1.2</scale>
				<Icon>
					<href>https://earth.google.com/earth/document/icon?color=303f9f&amp;id=2006&amp;scale=4</href>
				</Icon>
				<hotSpot x="64" y="128" xunits="pixels" yunits="insetPixels"/>
			</IconStyle>
			<LabelStyle>
				<scale>0</scale>
			</LabelStyle>
			<LineStyle>
				<color>ff2dc0fb</color>
				<width>4.8</width>
			</LineStyle>
			<PolyStyle>
				<color>40ffffff</color>
			</PolyStyle>
			<BalloonStyle>
				<gx:displayMode>card</gx:displayMode>
			</BalloonStyle>
		</Style>
	</gx:CascadingStyle>
	<StyleMap id="__managed_style_199C13430A40DE0E6C2B">
		<Pair>
			<key>normal</key>
			<styleUrl>#__managed_style_199C13430A40DE0E6C2B_normal</styleUrl>
		</Pair>
		<Pair>
			<key>highlight</key>
			<styleUrl>#__managed_style_199C13430A40DE0E6C2B_highlight</styleUrl>
		</Pair>
	</StyleMap>
	<StyleMap id="__managed_style_4B6D5A988340DE0E6C28">
		<Pair>
			<key>normal</key>
			<styleUrl>#__managed_style_4B6D5A988340DE0E6C28_normal</styleUrl>
		</Pair>
		<Pair>
			<key>highlight</key>
			<styleUrl>#__managed_style_4B6D5A988340DE0E6C28_highlight</styleUrl>
		</Pair>
	</StyleMap>
	<gx:CascadingStyle kml:id="__managed_style_08A1330A8A40DE0E6C2F_highlight">
		<Style>
			<IconStyle>
				<scale>1.2</scale>
				<Icon>
					<href>https://earth.google.com/earth/document/icon?color=f57c00&amp;id=2339&amp;scale=4</href>
				</Icon>
				<hotSpot x="64" y="128" xunits="pixels" yunits="insetPixels"/>
			</IconStyle>
			<LabelStyle>
				<scale>0</scale>
			</LabelStyle>
			<LineStyle>
				<color>ff2dc0fb</color>
				<width>4.8</width>
			</LineStyle>
			<PolyStyle>
				<color>40ffffff</color>
			</PolyStyle>
			<BalloonStyle>
				<gx:displayMode>card</gx:displayMode>
			</BalloonStyle>
		</Style>
	</gx:CascadingStyle>
	<gx:CascadingStyle kml:id="__managed_style_0F9033FB4840DE0E6C26_normal">
		<Style>
			<IconStyle>
				<Icon>
					<href>https://earth.google.com/earth/document/icon?color=7b1fa2&amp;id=2006&amp;scale=4</href>
				</Icon>
				<hotSpot x="64" y="128" xunits="pixels" yunits="insetPixels"/>
			</IconStyle>
			<LabelStyle>
				<scale>0</scale>
			</LabelStyle>
			<LineStyle>
				<color>ff2dc0fb</color>
				<width>3.2</width>
			</LineStyle>
			<PolyStyle>
				<color>40ffffff</color>
			</PolyStyle>
			<BalloonStyle>
				<gx:displayMode>card</gx:displayMode>
			</BalloonStyle>
		</Style>
	</gx:CascadingStyle>
	<gx:CascadingStyle kml:id="__managed_style_3322770BD840DE0E6C30_highlight">
		<styleUrl>https://earth.google.com/balloon_components/base/1.1.0.0/none_template.kml#main</styleUrl>
		<Style>
			<IconStyle>
				<scale>1.2</scale>
				<Icon>
					<href>https://earth.google.com/earth/document/icon?color=388e3c&amp;id=2370&amp;scale=4</href>
				</Icon>
				<hotSpot x="64" y="128" xunits="pixels" yunits="insetPixels"/>
			</IconStyle>
			<LabelStyle>
				<scale>0</scale>
			</LabelStyle>
			<LineStyle>
				<color>ff2dc0fb</color>
				<width>4.8</width>
			</LineStyle>
			<PolyStyle>
				<color>40ffffff</color>
			</PolyStyle>
			<BalloonStyle>
				<displayMode>hide</displayMode>
			</BalloonStyle>
		</Style>
	</gx:CascadingStyle>
	<gx:CascadingStyle kml:id="__managed_style_1B6402F0C140DE0E6C2F_normal">
		<Style>
			<IconStyle>
				<Icon>
					<href>https://earth.google.com/earth/document/icon?color=1976d2&amp;id=2000&amp;scale=4</href>
				</Icon>
				<hotSpot x="64" y="128" xunits="pixels" yunits="insetPixels"/>
			</IconStyle>
			<LabelStyle>
				<scale>0</scale>
			</LabelStyle>
			<LineStyle>
				<color>ff2dc0fb</color>
				<width>3.2</width>
			</LineStyle>
			<PolyStyle>
				<color>40ffffff</color>
			</PolyStyle>
			<BalloonStyle>
			</BalloonStyle>
		</Style>
	</gx:CascadingStyle>
	<gx:CascadingStyle kml:id="__managed_style_0256005E3040DE0E6C2E_normal">
		<Style>
			<IconStyle>
				<Icon>
					<href>https://earth.google.com/earth/document/icon?color=1976d2&amp;id=2000&amp;scale=4</href>
				</Icon>
				<hotSpot x="64" y="128" xunits="pixels" yunits="insetPixels"/>
			</IconStyle>
			<LabelStyle>
			</LabelStyle>
			<LineStyle>
				<color>ff2dc0fb</color>
				<width>3.2</width>
			</LineStyle>
			<PolyStyle>
				<color>40ffffff</color>
			</PolyStyle>
			<BalloonStyle>
			</BalloonStyle>
		</Style>
	</gx:CascadingStyle>
	<gx:CascadingStyle kml:id="__managed_style_1FEF85BF6940DE0E6C26_normal">
		<Style>
			<IconStyle>
				<Icon>
					<href>https://earth.google.com/earth/document/icon?color=7b1fa2&amp;id=2311&amp;scale=4</href>
				</Icon>
				<hotSpot x="64" y="128" xunits="pixels" yunits="insetPixels"/>
			</IconStyle>
			<LabelStyle>
				<scale>0</scale>
			</LabelStyle>
			<LineStyle>
				<color>ff2dc0fb</color>
				<width>3.2</width>
			</LineStyle>
			<PolyStyle>
				<color>40ffffff</color>
			</PolyStyle>
			<BalloonStyle>
				<gx:displayMode>card</gx:displayMode>
			</BalloonStyle>
		</Style>
	</gx:CascadingStyle>
	<gx:CascadingStyle kml:id="__managed_style_2E7CC5F72F40DE0E6C26_highlight">
		<Style>
			<IconStyle>
				<scale>1.2</scale>
				<Icon>
					<href>https://earth.google.com/earth/document/icon?color=7b1fa2&amp;id=2163&amp;scale=4</href>
				</Icon>
				<hotSpot x="64" y="128" xunits="pixels" yunits="insetPixels"/>
			</IconStyle>
			<LabelStyle>
				<scale>0</scale>
			</LabelStyle>
			<LineStyle>
				<color>ff2dc0fb</color>
				<width>4.8</width>
			</LineStyle>
			<PolyStyle>
				<color>40ffffff</color>
			</PolyStyle>
			<BalloonStyle>
				<gx:displayMode>card</gx:displayMode>
			</BalloonStyle>
		</Style>
	</gx:CascadingStyle>
	<gx:CascadingStyle kml:id="__managed_style_1D057C1E9840DE0E6C29_normal">
		<Style>
			<IconStyle>
				<Icon>
					<href>https://earth.google.com/earth/document/icon?color=7b1fa2&amp;id=2095&amp;scale=4</href>
				</Icon>
				<hotSpot x="64" y="128" xunits="pixels" yunits="insetPixels"/>
			</IconStyle>
			<LabelStyle>
				<scale>0</scale>
			</LabelStyle>
			<LineStyle>
				<color>ff2dc0fb</color>
				<width>3.2</width>
			</LineStyle>
			<PolyStyle>
				<color>40ffffff</color>
			</PolyStyle>
			<BalloonStyle>
				<gx:displayMode>card</gx:displayMode>
			</BalloonStyle>
		</Style>
	</gx:CascadingStyle>
	<StyleMap id="__managed_style_09AE1AE39E40DE0E6C2C">
		<Pair>
			<key>normal</key>
			<styleUrl>#__managed_style_09AE1AE39E40DE0E6C2C_normal</styleUrl>
		</Pair>
		<Pair>
			<key>highlight</key>
			<styleUrl>#__managed_style_09AE1AE39E40DE0E6C2C_highlight</styleUrl>
		</Pair>
	</StyleMap>
	<gx:CascadingStyle kml:id="__managed_style_4B6D5A988340DE0E6C28_highlight">
		<Style>
			<IconStyle>
				<scale>1.8</scale>
				<Icon>
					<href>https://earth.google.com/earth/document/icon?color=7b1fa2&amp;id=2006&amp;scale=4</href>
				</Icon>
				<hotSpot x="64" y="128" xunits="pixels" yunits="insetPixels"/>
			</IconStyle>
			<LabelStyle>
				<scale>0</scale>
			</LabelStyle>
			<LineStyle>
				<color>ff2dc0fb</color>
				<width>4.8</width>
			</LineStyle>
			<PolyStyle>
				<color>40ffffff</color>
			</PolyStyle>
			<BalloonStyle>
				<gx:displayMode>card</gx:displayMode>
			</BalloonStyle>
		</Style>
	</gx:CascadingStyle>
	<StyleMap id="__managed_style_0151D78F8840DE0E6C31">
		<Pair>
			<key>normal</key>
			<styleUrl>#__managed_style_0151D78F8840DE0E6C31_normal</styleUrl>
		</Pair>
		<Pair>
			<key>highlight</key>
			<styleUrl>#__managed_style_0151D78F8840DE0E6C31_highlight</styleUrl>
		</Pair>
	</StyleMap>
	<gx:CascadingStyle kml:id="__managed_style_09AE1AE39E40DE0E6C2C_highlight">
		<Style>
			<IconStyle>
				<scale>1.2</scale>
				<Icon>
					<href>https://earth.google.com/earth/document/icon?color=1976d2&amp;id=2000&amp;scale=4</href>
				</Icon>
				<hotSpot x="64" y="128" xunits="pixels" yunits="insetPixels"/>
			</IconStyle>
			<LabelStyle>
				<scale>0</scale>
			</LabelStyle>
			<LineStyle>
				<color>ffa21f7b</color>
				<width>4.8</width>
			</LineStyle>
			<PolyStyle>
				<color>40ffffff</color>
			</PolyStyle>
			<BalloonStyle>
			</BalloonStyle>
		</Style>
	</gx:CascadingStyle>
	<StyleMap id="__managed_style_0F9033FB4840DE0E6C26">
		<Pair>
			<key>normal</key>
			<styleUrl>#__managed_style_0F9033FB4840DE0E6C26_normal</styleUrl>
		</Pair>
		<Pair>
			<key>highlight</key>
			<styleUrl>#__managed_style_0F9033FB4840DE0E6C26_highlight</styleUrl>
		</Pair>
	</StyleMap>
	<StyleMap id="__managed_style_1FEF85BF6940DE0E6C26">
		<Pair>
			<key>normal</key>
			<styleUrl>#__managed_style_1FEF85BF6940DE0E6C26_normal</styleUrl>
		</Pair>
		<Pair>
			<key>highlight</key>
			<styleUrl>#__managed_style_1FEF85BF6940DE0E6C26_highlight</styleUrl>
		</Pair>
	</StyleMap>
	<gx:CascadingStyle kml:id="__managed_style_087E8D0BB840DE0E6C27_normal">
		<Style>
			<IconStyle>
				<Icon>
					<href>https://earth.google.com/earth/document/icon?color=388e3c&amp;id=2370&amp;scale=4</href>
				</Icon>
				<hotSpot x="64" y="128" xunits="pixels" yunits="insetPixels"/>
			</IconStyle>
			<LabelStyle>
				<scale>0</scale>
			</LabelStyle>
			<LineStyle>
				<color>ff2dc0fb</color>
				<width>3.2</width>
			</LineStyle>
			<PolyStyle>
				<color>40ffffff</color>
			</PolyStyle>
			<BalloonStyle>
				<gx:displayMode>card</gx:displayMode>
			</BalloonStyle>
		</Style>
	</gx:CascadingStyle>
	<StyleMap id="__managed_style_0C1282655C40DE0E6C30">
		<Pair>
			<key>normal</key>
			<styleUrl>#__managed_style_0C1282655C40DE0E6C30_normal</styleUrl>
		</Pair>
		<Pair>
			<key>highlight</key>
			<styleUrl>#__managed_style_0C1282655C40DE0E6C30_highlight</styleUrl>
		</Pair>
	</StyleMap>
	<StyleMap id="__managed_style_0256005E3040DE0E6C2E">
		<Pair>
			<key>normal</key>
			<styleUrl>#__managed_style_0256005E3040DE0E6C2E_normal</styleUrl>
		</Pair>
		<Pair>
			<key>highlight</key>
			<styleUrl>#__managed_style_0256005E3040DE0E6C2E_highlight</styleUrl>
		</Pair>
	</StyleMap>
	<gx:CascadingStyle kml:id="__managed_style_589E6DBD0A40DE0E6C2C_highlight">
		<Style>
			<IconStyle>
				<scale>1.2</scale>
				<Icon>
					<href>https://earth.google.com/earth/document/icon?color=7b1fa2&amp;id=2232&amp;scale=4</href>
				</Icon>
				<hotSpot x="64" y="128" xunits="pixels" yunits="insetPixels"/>
			</IconStyle>
			<LabelStyle>
				<scale>0</scale>
			</LabelStyle>
			<LineStyle>
				<color>ff2dc0fb</color>
				<width>4.8</width>
			</LineStyle>
			<PolyStyle>
				<color>40ffffff</color>
			</PolyStyle>
			<BalloonStyle>
				<gx:displayMode>card</gx:displayMode>
			</BalloonStyle>
		</Style>
	</gx:CascadingStyle>
	<gx:CascadingStyle kml:id="__managed_style_1EFD963F7340DE0E6C28_highlight">
		<Style>
			<IconStyle>
				<scale>1.2</scale>
				<Icon>
					<href>https://earth.google.com/earth/document/icon?color=303f9f&amp;id=2090&amp;scale=4</href>
				</Icon>
				<hotSpot x="64" y="128" xunits="pixels" yunits="insetPixels"/>
			</IconStyle>
			<LabelStyle>
				<scale>0</scale>
			</LabelStyle>
			<LineStyle>
				<color>ff2dc0fb</color>
				<width>4.8</width>
			</LineStyle>
			<PolyStyle>
				<color>40ffffff</color>
			</PolyStyle>
			<BalloonStyle>
				<gx:displayMode>card</gx:displayMode>
			</BalloonStyle>
		</Style>
	</gx:CascadingStyle>
	<gx:CascadingStyle kml:id="__managed_style_29837486F840DE0E6C2F_normal">
		<Style>
			<IconStyle>
				<Icon>
					<href>https://earth.google.com/earth/document/icon?color=1976d2&amp;id=2000&amp;scale=4</href>
				</Icon>
				<hotSpot x="64" y="128" xunits="pixels" yunits="insetPixels"/>
			</IconStyle>
			<LabelStyle>
				<scale>0</scale>
			</LabelStyle>
			<LineStyle>
				<color>ffa21f7b</color>
				<width>3.2</width>
			</LineStyle>
			<PolyStyle>
				<color>40ffffff</color>
			</PolyStyle>
			<BalloonStyle>
			</BalloonStyle>
		</Style>
	</gx:CascadingStyle>
	<StyleMap id="__managed_style_29837486F840DE0E6C2F">
		<Pair>
			<key>normal</key>
			<styleUrl>#__managed_style_29837486F840DE0E6C2F_normal</styleUrl>
		</Pair>
		<Pair>
			<key>highlight</key>
			<styleUrl>#__managed_style_29837486F840DE0E6C2F_highlight</styleUrl>
		</Pair>
	</StyleMap>
	<gx:CascadingStyle kml:id="__managed_style_199C13430A40DE0E6C2B_normal">
		<Style>
			<IconStyle>
				<Icon>
					<href>https://earth.google.com/earth/document/icon?color=1976d2&amp;id=2000&amp;scale=4</href>
				</Icon>
				<hotSpot x="64" y="128" xunits="pixels" yunits="insetPixels"/>
			</IconStyle>
			<LabelStyle>
				<scale>0</scale>
			</LabelStyle>
			<LineStyle>
				<color>ff9f3f30</color>
				<width>3.2</width>
			</LineStyle>
			<PolyStyle>
				<color>40ffffff</color>
			</PolyStyle>
			<BalloonStyle>
			</BalloonStyle>
		</Style>
	</gx:CascadingStyle>
	<StyleMap id="__managed_style_1B6402F0C140DE0E6C2F">
		<Pair>
			<key>normal</key>
			<styleUrl>#__managed_style_1B6402F0C140DE0E6C2F_normal</styleUrl>
		</Pair>
		<Pair>
			<key>highlight</key>
			<styleUrl>#__managed_style_1B6402F0C140DE0E6C2F_highlight</styleUrl>
		</Pair>
	</StyleMap>
	<StyleMap id="__managed_style_2C4FABA94940DE0E6C2E">
		<Pair>
			<key>normal</key>
			<styleUrl>#__managed_style_2C4FABA94940DE0E6C2E_normal</styleUrl>
		</Pair>
		<Pair>
			<key>highlight</key>
			<styleUrl>#__managed_style_2C4FABA94940DE0E6C2E_highlight</styleUrl>
		</Pair>
	</StyleMap>
	<StyleMap id="__managed_style_2FACC6067D40DE0E6C27">
		<Pair>
			<key>normal</key>
			<styleUrl>#__managed_style_2FACC6067D40DE0E6C27_normal</styleUrl>
		</Pair>
		<Pair>
			<key>highlight</key>
			<styleUrl>#__managed_style_2FACC6067D40DE0E6C27_highlight</styleUrl>
		</Pair>
	</StyleMap>
	<gx:CascadingStyle kml:id="__managed_style_4B6D5A988340DE0E6C28_normal">
		<Style>
			<IconStyle>
				<scale>1.5</scale>
				<Icon>
					<href>https://earth.google.com/earth/document/icon?color=7b1fa2&amp;id=2006&amp;scale=4</href>
				</Icon>
				<hotSpot x="64" y="128" xunits="pixels" yunits="insetPixels"/>
			</IconStyle>
			<LabelStyle>
				<scale>0</scale>
			</LabelStyle>
			<LineStyle>
				<color>ff2dc0fb</color>
				<width>3.2</width>
			</LineStyle>
			<PolyStyle>
				<color>40ffffff</color>
			</PolyStyle>
			<BalloonStyle>
				<gx:displayMode>card</gx:displayMode>
			</BalloonStyle>
		</Style>
	</gx:CascadingStyle>
	<StyleMap id="__managed_style_0E2BBF56DE40DE0E6C28">
		<Pair>
			<key>normal</key>
			<styleUrl>#__managed_style_0E2BBF56DE40DE0E6C28_normal</styleUrl>
		</Pair>
		<Pair>
			<key>highlight</key>
			<styleUrl>#__managed_style_0E2BBF56DE40DE0E6C28_highlight</styleUrl>
		</Pair>
	</StyleMap>
	<gx:CascadingStyle kml:id="__managed_style_139647CBCF40DE0E6C2E_highlight">
		<Style>
			<IconStyle>
				<scale>1.2</scale>
				<Icon>
					<href>https://earth.google.com/earth/document/icon?color=7b1fa2&amp;id=2046&amp;scale=4</href>
				</Icon>
				<hotSpot x="64" y="128" xunits="pixels" yunits="insetPixels"/>
			</IconStyle>
			<LabelStyle>
				<scale>0</scale>
			</LabelStyle>
			<LineStyle>
				<color>ff2dc0fb</color>
				<width>4.8</width>
			</LineStyle>
			<PolyStyle>
				<color>40ffffff</color>
			</PolyStyle>
			<BalloonStyle>
				<gx:displayMode>card</gx:displayMode>
			</BalloonStyle>
		</Style>
	</gx:CascadingStyle>
	<gx:CascadingStyle kml:id="__managed_style_0EEE821F1F40DE0E6C33_highlight">
		<Style>
			<IconStyle>
				<scale>1.2</scale>
				<Icon>
					<href>https://earth.google.com/earth/document/icon?color=7b1fa2&amp;id=2187&amp;scale=4</href>
				</Icon>
				<hotSpot x="64" y="128" xunits="pixels" yunits="insetPixels"/>
			</IconStyle>
			<LabelStyle>
				<scale>0</scale>
			</LabelStyle>
			<LineStyle>
				<color>ff2dc0fb</color>
				<width>4.8</width>
			</LineStyle>
			<PolyStyle>
				<color>40ffffff</color>
			</PolyStyle>
			<BalloonStyle>
				<gx:displayMode>card</gx:displayMode>
			</BalloonStyle>
		</Style>
	</gx:CascadingStyle>
	<gx:CascadingStyle kml:id="__managed_style_19E330729040DE0E6C34_highlight">
		<Style>
			<IconStyle>
				<scale>1.2</scale>
				<Icon>
					<href>https://earth.google.com/earth/document/icon?color=1976d2&amp;id=2000&amp;scale=4</href>
				</Icon>
				<hotSpot x="64" y="128" xunits="pixels" yunits="insetPixels"/>
			</IconStyle>
			<LabelStyle>
				<scale>0</scale>
			</LabelStyle>
			<LineStyle>
				<color>ffa21f7b</color>
				<width>4.8</width>
			</LineStyle>
			<PolyStyle>
				<color>40a21f7b</color>
			</PolyStyle>
			<BalloonStyle>
			</BalloonStyle>
		</Style>
	</gx:CascadingStyle>
	<gx:CascadingStyle kml:id="__managed_style_0256005E3040DE0E6C2E_highlight">
		<Style>
			<IconStyle>
				<scale>1.2</scale>
				<Icon>
					<href>https://earth.google.com/earth/document/icon?color=1976d2&amp;id=2000&amp;scale=4</href>
				</Icon>
				<hotSpot x="64" y="128" xunits="pixels" yunits="insetPixels"/>
			</IconStyle>
			<LabelStyle>
			</LabelStyle>
			<LineStyle>
				<color>ff2dc0fb</color>
				<width>4.8</width>
			</LineStyle>
			<PolyStyle>
				<color>40ffffff</color>
			</PolyStyle>
			<BalloonStyle>
			</BalloonStyle>
		</Style>
	</gx:CascadingStyle>
	<Folder id="0FA8DC57FB3C48E6B261">
		<name>מנילה</name>
		<open>1</open>
		<styleUrl>#__managed_style_0256005E3040DE0E6C2E</styleUrl>
		<Folder id="00955DDC043C65FAB21F">
			<name>אטרקציות כללי</name>
			<styleUrl>#__managed_style_0256005E3040DE0E6C2E</styleUrl>
			<Placemark id="0A7EF914503BEF1E482B">
				<gx:mid>/g/11c541bxtg</gx:mid>
				<gx:fid>0x3397ca0525ca0375:0x1552c3b519d9a547</gx:fid>
				<LookAt>
					<longitude>120.9785532</longitude>
					<latitude>14.6016138</latitude>
					<altitude>0</altitude>
					<heading>0</heading>
					<tilt>0</tilt>
					<gx:fovy>35</gx:fovy>
					<range>1018.459414843721</range>
					<altitudeMode>relativeToGround</altitudeMode>
				</LookAt>
				<styleUrl>#__managed_style_0F9033FB4840DE0E6C26</styleUrl>
				<Point>
					<altitudeMode>relativeToGround</altitudeMode>
					<coordinates>120.9785371,14.6015442,0</coordinates>
				</Point>
			</Placemark>
			<Placemark id="0BC538B04D3322164DAB">
				<name>טיילת</name>
				<LookAt>
					<longitude>120.9792839998348</longitude>
					<latitude>14.52939938123897</latitude>
					<altitude>3.913908261484478</altitude>
					<heading>0</heading>
					<tilt>0</tilt>
					<gx:fovy>35</gx:fovy>
					<range>2012.832472067094</range>
					<altitudeMode>absolute</altitudeMode>
				</LookAt>
				<styleUrl>#__managed_style_29837486F840DE0E6C2F</styleUrl>
				<LineString>
					<coordinates>
						120.9792687792688,14.53033533853544,0 120.9789271107536,14.54135860658638,0 120.9821947132841,14.54223168895299,0 
					</coordinates>
				</LineString>
			</Placemark>
			<Placemark id="052C066A9939884FC019">
				<name>TLC Park</name>
				<gx:mid>/g/11byyq_5p5</gx:mid>
				<gx:fid>0x3397cf6eabc2cb1f:0xdea84b6ae99c05c7</gx:fid>
				<LookAt>
					<longitude>121.0632798</longitude>
					<latitude>14.4887894</latitude>
					<altitude>0</altitude>
					<heading>0</heading>
					<tilt>0</tilt>
					<gx:fovy>35</gx:fovy>
					<range>1019.040542975963</range>
					<altitudeMode>relativeToGround</altitudeMode>
				</LookAt>
				<styleUrl>#__managed_style_0F9033FB4840DE0E6C26</styleUrl>
				<Point>
					<altitudeMode>relativeToGround</altitudeMode>
					<coordinates>121.0632798,14.4887894,0</coordinates>
				</Point>
			</Placemark>
			<Placemark id="06F37663B23BEF189588">
				<gx:mid>/m/04110jp</gx:mid>
				<gx:fid>0x3397ca17d22e6779:0x6a3a0ef7daa839d</gx:fid>
				<LookAt>
					<longitude>120.9733921</longitude>
					<latitude>14.5917422</latitude>
					<altitude>0</altitude>
					<heading>0</heading>
					<tilt>0</tilt>
					<gx:fovy>35</gx:fovy>
					<range>1018.510434371059</range>
					<altitudeMode>relativeToGround</altitudeMode>
				</LookAt>
				<styleUrl>#__managed_style_4AA6BAC7FC40DE0E6C2C</styleUrl>
				<Point>
					<altitudeMode>relativeToGround</altitudeMode>
					<coordinates>120.9733921,14.5917422,0</coordinates>
				</Point>
			</Placemark>
			<Placemark id="0F20EE39423BEF19FB8F">
				<gx:mid>/m/03zfg5</gx:mid>
				<gx:fid>0x3397ca16780c9ebd:0xcd430ec6788bb043</gx:fid>
				<LookAt>
					<longitude>120.970412</longitude>
					<latitude>14.5942337</latitude>
					<altitude>0</altitude>
					<heading>0</heading>
					<tilt>0</tilt>
					<gx:fovy>35</gx:fovy>
					<range>1018.497560656523</range>
					<altitudeMode>relativeToGround</altitudeMode>
				</LookAt>
				<styleUrl>#__managed_style_2E7CC5F72F40DE0E6C26</styleUrl>
				<Point>
					<altitudeMode>relativeToGround</altitudeMode>
					<coordinates>120.970412,14.5942337,0</coordinates>
				</Point>
			</Placemark>
			<Placemark id="05D65C7E713BEF1A6E78">
				<gx:mid>/m/03cp2bg</gx:mid>
				<gx:fid>0x3397ca03f50c750d:0x84128778afa3e60c</gx:fid>
				<LookAt>
					<longitude>120.9724475</longitude>
					<latitude>14.5793088</latitude>
					<altitude>0</altitude>
					<heading>0</heading>
					<tilt>0</tilt>
					<gx:fovy>35</gx:fovy>
					<range>1018.574646732003</range>
					<altitudeMode>relativeToGround</altitudeMode>
				</LookAt>
				<styleUrl>#__managed_style_0F9033FB4840DE0E6C26</styleUrl>
				<Point>
					<altitudeMode>relativeToGround</altitudeMode>
					<coordinates>120.9724475,14.5793088,0</coordinates>
				</Point>
			</Placemark>
			<Placemark id="03CE818D733BEF203A01">
				<gx:mid>/m/04csh3r</gx:mid>
				<gx:fid>0x3397ca291d37a877:0x521822decfe229a6</gx:fid>
				<LookAt>
					<longitude>120.9839388</longitude>
					<latitude>14.5758375</latitude>
					<altitude>0</altitude>
					<heading>0</heading>
					<tilt>0</tilt>
					<gx:fovy>35</gx:fovy>
					<range>1018.592564851883</range>
					<altitudeMode>relativeToGround</altitudeMode>
				</LookAt>
				<styleUrl>#__managed_style_1FEF85BF6940DE0E6C26</styleUrl>
				<Point>
					<altitudeMode>relativeToGround</altitudeMode>
					<coordinates>120.9839388,14.5758375,0</coordinates>
				</Point>
			</Placemark>
			<Placemark id="0F961B85323E6FE45D7E">
				<gx:mid>/g/11by_f42q6</gx:mid>
				<gx:fid>0x3397c8c15145d3b3:0x8e08f0fb05c8e635</gx:fid>
				<LookAt>
					<longitude>121.0517966</longitude>
					<latitude>14.5341112</latitude>
					<altitude>0</altitude>
					<heading>0</heading>
					<tilt>0</tilt>
					<gx:fovy>35</gx:fovy>
					<range>1018.807625144276</range>
					<altitudeMode>relativeToGround</altitudeMode>
				</LookAt>
				<styleUrl>#__managed_style_4B6D5A988340DE0E6C28</styleUrl>
				<Point>
					<altitudeMode>relativeToGround</altitudeMode>
					<coordinates>121.0517966,14.5341112,0</coordinates>
				</Point>
			</Placemark>
			<Placemark id="0C421C63753E7038798B">
				<gx:mid>/m/03b5jl</gx:mid>
				<gx:fid>0x3397ca3d1375e1fb:0x49ebfa658c0ba08</gx:fid>
				<LookAt>
					<longitude>120.9743965</longitude>
					<latitude>14.5891954</latitude>
					<altitude>0</altitude>
					<heading>0</heading>
					<tilt>0</tilt>
					<gx:fovy>35</gx:fovy>
					<range>2274.298143540614</range>
					<altitudeMode>relativeToGround</altitudeMode>
				</LookAt>
				<styleUrl>#__managed_style_0F9033FB4840DE0E6C26</styleUrl>
				<Point>
					<altitudeMode>relativeToGround</altitudeMode>
					<coordinates>120.9755073288051,14.59010655799888,0</coordinates>
				</Point>
			</Placemark>
			<Placemark id="0FBE0B3DF73E703A4C8C">
				<name>Intramuros - עיר עתיקה</name>
				<LookAt>
					<longitude>120.9749231815088</longitude>
					<latitude>14.59056828516054</latitude>
					<altitude>4.193162130087886</altitude>
					<heading>0</heading>
					<tilt>0</tilt>
					<gx:fovy>35</gx:fovy>
					<range>4321.461546421051</range>
					<altitudeMode>absolute</altitudeMode>
				</LookAt>
				<styleUrl>#__managed_style_19E330729040DE0E6C34</styleUrl>
				<Polygon>
					<outerBoundaryIs>
						<LinearRing>
							<coordinates>
								120.9680777887344,14.59503682820523,0 120.9701859926053,14.59196631033853,0 120.9725597432208,14.58836651143388,0 120.9747821488586,14.58465497449115,0 120.9756099474702,14.58328201454883,0 120.980137867052,14.58600765027129,0 120.9808046955189,14.58862856468463,0 120.9798866307139,14.59219208023438,0 120.9779462373112,14.59456832262085,0 120.9753350303109,14.59423446273909,0 120.9740828670217,14.59418605807287,0 120.9738615427567,14.59399848493323,0 120.9727711572423,14.59426262398963,0 120.9721874410107,14.59453242485233,0 120.971713204285,14.59471938572108,0 120.9712610579294,14.59459622006555,0 120.9696203344134,14.59528040118982,0 120.9690430838368,14.59535973872728,0 120.9688282008465,14.59519662146606,0 120.9680597504703,14.59526948537965,0 120.9680777887344,14.59503682820523,0 
							</coordinates>
						</LinearRing>
					</outerBoundaryIs>
				</Polygon>
			</Placemark>
			<Placemark id="0F33C025783E703B2BB3">
				<gx:mid>/g/11r91902z</gx:mid>
				<gx:fid>0x3397cbf9793f7d7d:0x874901fcd688c81c</gx:fid>
				<LookAt>
					<longitude>120.9793082</longitude>
					<latitude>14.5328904</latitude>
					<altitude>0</altitude>
					<heading>0</heading>
					<tilt>0</tilt>
					<gx:fovy>35</gx:fovy>
					<range>1018.813908278395</range>
					<altitudeMode>relativeToGround</altitudeMode>
				</LookAt>
				<styleUrl>#__managed_style_0F9033FB4840DE0E6C26</styleUrl>
				<Point>
					<altitudeMode>relativeToGround</altitudeMode>
					<coordinates>120.9793082,14.5328904,0</coordinates>
				</Point>
			</Placemark>
			<Placemark id="069765A9D13E70423454">
				<gx:mid>/m/09n6ty</gx:mid>
				<gx:fid>0x3397cbfc84288ed7:0xe842057d2e701f9b</gx:fid>
				<LookAt>
					<longitude>120.980416</longitude>
					<latitude>14.5358397</latitude>
					<altitude>0</altitude>
					<heading>0</heading>
					<tilt>0</tilt>
					<gx:fovy>35</gx:fovy>
					<range>1018.798728141968</range>
					<altitudeMode>relativeToGround</altitudeMode>
				</LookAt>
				<styleUrl>#__managed_style_1FEF85BF6940DE0E6C26</styleUrl>
				<Point>
					<altitudeMode>relativeToGround</altitudeMode>
					<coordinates>120.9814867435323,14.53513792937863,0</coordinates>
				</Point>
			</Placemark>
			<Placemark id="0CF54A75993E70437828">
				<name>Rizal Park</name>
				<LookAt>
					<longitude>120.9864706692716</longitude>
					<latitude>14.58082300942434</latitude>
					<altitude>3.56008171324625</altitude>
					<heading>4.495199202862183e-08</heading>
					<tilt>0.6408225889154239</tilt>
					<gx:fovy>35</gx:fovy>
					<range>3084.8372350313</range>
					<altitudeMode>absolute</altitudeMode>
				</LookAt>
				<styleUrl>#__managed_style_2C4FABA94940DE0E6C2E</styleUrl>
				<Polygon>
					<outerBoundaryIs>
						<LinearRing>
							<coordinates>
								120.9736536460587,14.58167671094997,0 120.9751230230495,14.5790904292997,0 120.9753640797394,14.57904308301175,0 120.9838367066291,14.58366364856444,0 120.9824332778678,14.5859916783511,0 120.9815772541914,14.58614961472906,0 120.9797933579633,14.58524062643498,0 120.9780336574201,14.58426969641843,0 120.9736536460587,14.58167671094997,0 
							</coordinates>
						</LinearRing>
					</outerBoundaryIs>
				</Polygon>
			</Placemark>
			<Placemark id="06822B8CC03E70469720">
				<gx:mid>/g/11bw88s9bf</gx:mid>
				<gx:fid>0x3397ca0fabe4b78d:0xa160154e70b4be21</gx:fid>
				<LookAt>
					<longitude>120.9734598</longitude>
					<latitude>14.6036255</latitude>
					<altitude>0</altitude>
					<heading>0</heading>
					<tilt>0</tilt>
					<gx:fovy>35</gx:fovy>
					<range>1018.4490136651</range>
					<altitudeMode>relativeToGround</altitudeMode>
				</LookAt>
				<styleUrl>#__managed_style_0F9033FB4840DE0E6C26</styleUrl>
				<Point>
					<altitudeMode>relativeToGround</altitudeMode>
					<coordinates>120.9734598,14.6036255,0</coordinates>
				</Point>
			</Placemark>
			<Placemark id="0A6DB1DD463E7046D296">
				<name>ChinaTown Walk</name>
				<LookAt>
					<longitude>120.9736034256662</longitude>
					<latitude>14.60358318676357</latitude>
					<altitude>3.81035135584384</altitude>
					<heading>0</heading>
					<tilt>0</tilt>
					<gx:fovy>35</gx:fovy>
					<range>378.1752139697346</range>
					<altitudeMode>absolute</altitudeMode>
				</LookAt>
				<styleUrl>#__managed_style_0C1282655C40DE0E6C30</styleUrl>
				<LineString>
					<coordinates>
						120.9730331457395,14.60367007485733,0 120.9739955032037,14.60352178092109,0 
					</coordinates>
				</LineString>
			</Placemark>
			<Placemark id="0ACB93A8813E705405B0">
				<gx:mid>/g/11h2635kd4</gx:mid>
				<gx:fid>0x3397cdfeb71a29c7:0x3dfe4af8244790ba</gx:fid>
				<LookAt>
					<longitude>120.9813853</longitude>
					<latitude>14.5136482</latitude>
					<altitude>0</altitude>
					<heading>0</heading>
					<tilt>0</tilt>
					<gx:fovy>35</gx:fovy>
					<range>1018.912875518549</range>
					<altitudeMode>relativeToGround</altitudeMode>
				</LookAt>
				<styleUrl>#__managed_style_3CFDBA907B40DE0E6C2C</styleUrl>
				<Point>
					<altitudeMode>relativeToGround</altitudeMode>
					<coordinates>120.9813853,14.5136482,0</coordinates>
				</Point>
			</Placemark>
			<Placemark id="0E8593B0D43E7054D497">
				<gx:mid>/g/11dxb0wwtw</gx:mid>
				<gx:fid>0x3397b81d8a03f6c5:0x2c718a49bf834007</gx:fid>
				<LookAt>
					<longitude>121.0799139</longitude>
					<latitude>14.6105509</latitude>
					<altitude>0</altitude>
					<heading>0</heading>
					<tilt>0</tilt>
					<gx:fovy>35</gx:fovy>
					<range>1018.413196406101</range>
					<altitudeMode>relativeToGround</altitudeMode>
				</LookAt>
				<styleUrl>#__managed_style_1FEF85BF6940DE0E6C26</styleUrl>
				<Point>
					<altitudeMode>relativeToGround</altitudeMode>
					<coordinates>121.0798110831734,14.6101228361048,0</coordinates>
				</Point>
			</Placemark>
			<Placemark id="0DD4FFCD4A3E70558C50">
				<gx:mid>/g/12qftbsf9</gx:mid>
				<gx:fid>0x3397b72fc9abf57f:0x4e4b621f8332f843</gx:fid>
				<LookAt>
					<longitude>121.0811545</longitude>
					<latitude>14.6095995</latitude>
					<altitude>0</altitude>
					<heading>0</heading>
					<tilt>0</tilt>
					<gx:fovy>35</gx:fovy>
					<range>1018.418117892262</range>
					<altitudeMode>relativeToGround</altitudeMode>
				</LookAt>
				<styleUrl>#__managed_style_1FEF85BF6940DE0E6C26</styleUrl>
				<Point>
					<altitudeMode>relativeToGround</altitudeMode>
					<coordinates>121.0811545,14.6095995,0</coordinates>
				</Point>
			</Placemark>
			<Placemark id="0A9EC555123E7062FE20">
				<gx:mid>/g/11lthxsrg7</gx:mid>
				<gx:fid>0x3397cb007cb6c2eb:0xfc3ab92720bdc47c</gx:fid>
				<LookAt>
					<longitude>120.983918</longitude>
					<latitude>14.55905</latitude>
					<altitude>0</altitude>
					<heading>0</heading>
					<tilt>0</tilt>
					<gx:fovy>35</gx:fovy>
					<range>1018.67916031427</range>
					<altitudeMode>relativeToGround</altitudeMode>
				</LookAt>
				<styleUrl>#__managed_style_0F9033FB4840DE0E6C26</styleUrl>
				<Point>
					<altitudeMode>relativeToGround</altitudeMode>
					<coordinates>120.983918,14.55905,0</coordinates>
				</Point>
			</Placemark>
			<Placemark id="0B7EF1DE173E7063306C">
				<name>מיני מרינה / טיילת</name>
				<LookAt>
					<longitude>120.9852463952739</longitude>
					<latitude>14.55966602373919</latitude>
					<altitude>5.105069197375201</altitude>
					<heading>0</heading>
					<tilt>0</tilt>
					<gx:fovy>35</gx:fovy>
					<range>493.1483909218514</range>
					<altitudeMode>absolute</altitudeMode>
				</LookAt>
				<styleUrl>#__managed_style_09AE1AE39E40DE0E6C2C</styleUrl>
				<LineString>
					<coordinates>
						120.9836212178652,14.55885550651989,0 120.9853790223764,14.55979360472484,0 
					</coordinates>
				</LineString>
			</Placemark>
			<Placemark id="0F50213B6D3E707167F6">
				<gx:mid>/g/11kl2tgp1f</gx:mid>
				<gx:fid>0x3397cbea72489475:0x40b495dcf0280403</gx:fid>
				<LookAt>
					<longitude>120.9795612</longitude>
					<latitude>14.5749729</latitude>
					<altitude>0</altitude>
					<heading>0</heading>
					<tilt>0</tilt>
					<gx:fovy>35</gx:fovy>
					<range>1018.597027094913</range>
					<altitudeMode>relativeToGround</altitudeMode>
				</LookAt>
				<styleUrl>#__managed_style_33FF29916140DE0E6C28</styleUrl>
				<Point>
					<altitudeMode>relativeToGround</altitudeMode>
					<coordinates>120.9795612,14.5749729,0</coordinates>
				</Point>
			</Placemark>
			<Placemark id="0A1DBFFCFB3E7071C21C">
				<gx:mid>/m/04n24b8</gx:mid>
				<gx:fid>0x3397c90e326fed61:0xfe05b1b630f67427</gx:fid>
				<LookAt>
					<longitude>121.0218716</longitude>
					<latitude>14.5527542</latitude>
					<altitude>0</altitude>
					<heading>0</heading>
					<tilt>0</tilt>
					<gx:fovy>35</gx:fovy>
					<range>1018.711611307714</range>
					<altitudeMode>relativeToGround</altitudeMode>
				</LookAt>
				<styleUrl>#__managed_style_1FEF85BF6940DE0E6C26</styleUrl>
				<Point>
					<altitudeMode>relativeToGround</altitudeMode>
					<coordinates>121.0218716,14.5527542,0</coordinates>
				</Point>
			</Placemark>
			<Placemark id="032AE2403C3E70721858">
				<gx:mid>/g/11c3q1c3z1</gx:mid>
				<gx:fid>0x3397c8f288ebf387:0x9db19e3db524b3b7</gx:fid>
				<LookAt>
					<longitude>121.05379255</longitude>
					<latitude>14.5489788</latitude>
					<altitude>0</altitude>
					<heading>0</heading>
					<tilt>0</tilt>
					<gx:fovy>35</gx:fovy>
					<range>1018.731064688542</range>
					<altitudeMode>relativeToGround</altitudeMode>
				</LookAt>
				<styleUrl>#__managed_style_1FEF85BF6940DE0E6C26</styleUrl>
				<Point>
					<altitudeMode>relativeToGround</altitudeMode>
					<coordinates>121.0539344,14.5492284,0</coordinates>
				</Point>
			</Placemark>
			<Placemark id="0E617D355B3E707638D0">
				<name>Uptown Tempur Cinema - קולנוע עם מיטות</name>
				<LookAt>
					<longitude>121.0548045</longitude>
					<latitude>14.5562238</latitude>
					<altitude>0</altitude>
					<heading>0</heading>
					<tilt>0</tilt>
					<gx:fovy>35</gx:fovy>
					<range>1018.693729319252</range>
					<altitudeMode>relativeToGround</altitudeMode>
				</LookAt>
				<styleUrl>#__managed_style_10AC113AF440DE0E6C30</styleUrl>
				<Point>
					<altitudeMode>relativeToGround</altitudeMode>
					<coordinates>121.0548045,14.5562238,0</coordinates>
				</Point>
			</Placemark>
			<Placemark id="0B9229B0C43E7076E7C7">
				<gx:mid>/g/11ltls6pb1</gx:mid>
				<gx:fid>0x3397cb0041f53b1b:0x7a96326bf5ebff6a</gx:fid>
				<LookAt>
					<longitude>120.9804342</longitude>
					<latitude>14.5312754</latitude>
					<altitude>0</altitude>
					<heading>0</heading>
					<tilt>0</tilt>
					<gx:fovy>35</gx:fovy>
					<range>1018.82221947313</range>
					<altitudeMode>relativeToGround</altitudeMode>
				</LookAt>
				<styleUrl>#__managed_style_589E6DBD0A40DE0E6C2C</styleUrl>
				<Point>
					<altitudeMode>relativeToGround</altitudeMode>
					<coordinates>120.9804342,14.5312754,0</coordinates>
				</Point>
			</Placemark>
			<Placemark id="06AC96C24C3E707BF5B4">
				<gx:mid>/m/01snst</gx:mid>
				<gx:fid>0x3397cec5d2bb4d77:0x8a24fa628a114411</gx:fid>
				<LookAt>
					<longitude>121.00853525</longitude>
					<latitude>14.5145245</latitude>
					<altitude>0</altitude>
					<heading>0</heading>
					<tilt>0</tilt>
					<gx:fovy>35</gx:fovy>
					<range>5500.102725118228</range>
					<altitudeMode>relativeToGround</altitudeMode>
				</LookAt>
				<styleUrl>#__managed_style_0208B7EC6B40DE0E6C2B</styleUrl>
				<Point>
					<altitudeMode>relativeToGround</altitudeMode>
					<coordinates>121.016508,14.5122739,0</coordinates>
				</Point>
			</Placemark>
		</Folder>
		<Folder id="00D6450A8C3C65FAF967">
			<name>מסעדות</name>
			<styleUrl>#__managed_style_1B6402F0C140DE0E6C2F</styleUrl>
			<Placemark id="0948DB566C3BEF2587FE">
				<gx:mid>/g/1tm85yyt</gx:mid>
				<gx:fid>0x3397ca2286c06275:0x1abff22220e47bdc</gx:fid>
				<LookAt>
					<longitude>120.978795</longitude>
					<latitude>14.5900225</latitude>
					<altitude>0</altitude>
					<heading>0</heading>
					<tilt>0</tilt>
					<gx:fovy>35</gx:fovy>
					<range>1018.51931891693</range>
					<altitudeMode>relativeToGround</altitudeMode>
				</LookAt>
				<styleUrl>#__managed_style_2FACC6067D40DE0E6C27</styleUrl>
				<Point>
					<altitudeMode>relativeToGround</altitudeMode>
					<coordinates>120.9788152,14.5900386,0</coordinates>
				</Point>
			</Placemark>
			<Placemark id="02604D86603C660450D4">
				<gx:mid>/g/11h597kx3q</gx:mid>
				<gx:fid>0x3397c9998c56a5a5:0x7077d7fc4f4e0c85</gx:fid>
				<LookAt>
					<longitude>120.9962442</longitude>
					<latitude>14.5653404</latitude>
					<altitude>0</altitude>
					<heading>0</heading>
					<tilt>0</tilt>
					<gx:fovy>35</gx:fovy>
					<range>1018.646723632832</range>
					<altitudeMode>relativeToGround</altitudeMode>
				</LookAt>
				<styleUrl>#__managed_style_0C4DD4FFF840DE0E6C24</styleUrl>
				<Point>
					<altitudeMode>relativeToGround</altitudeMode>
					<coordinates>120.9962442,14.5653404,0</coordinates>
				</Point>
			</Placemark>
			<Placemark id="0F4A899AFD3C66052704">
				<gx:mid>/g/11k3h0m68c</gx:mid>
				<gx:fid>0x3397c9f9c6ef9b25:0x4e5ec6e12c371af0</gx:fid>
				<LookAt>
					<longitude>121.0315858</longitude>
					<latitude>14.5640912</latitude>
					<altitude>0</altitude>
					<heading>0</heading>
					<tilt>0</tilt>
					<gx:fovy>35</gx:fovy>
					<range>1018.653166254572</range>
					<altitudeMode>relativeToGround</altitudeMode>
				</LookAt>
				<styleUrl>#__managed_style_0C4DD4FFF840DE0E6C24</styleUrl>
				<Point>
					<altitudeMode>relativeToGround</altitudeMode>
					<coordinates>121.031561,14.5641042,0</coordinates>
				</Point>
			</Placemark>
			<Placemark id="0889D4640E3C6605B190">
				<gx:mid>/g/11l32_9hf9</gx:mid>
				<gx:fid>0x3397c97c25079ca9:0x45eef7e1845780ec</gx:fid>
				<LookAt>
					<longitude>121.0482783</longitude>
					<latitude>14.5522349</latitude>
					<altitude>0</altitude>
					<heading>0</heading>
					<tilt>0</tilt>
					<gx:fovy>35</gx:fovy>
					<range>1018.714287376741</range>
					<altitudeMode>relativeToGround</altitudeMode>
				</LookAt>
				<styleUrl>#__managed_style_0C4DD4FFF840DE0E6C24</styleUrl>
				<Point>
					<altitudeMode>relativeToGround</altitudeMode>
					<coordinates>121.0482689,14.5522059,0</coordinates>
				</Point>
			</Placemark>
			<Placemark id="0B5EDD07543C660647E3">
				<gx:mid>/g/11t7p397p_</gx:mid>
				<gx:fid>0x3397c93b4fcdb347:0x5074362905d6456d</gx:fid>
				<LookAt>
					<longitude>121.0471875</longitude>
					<latitude>14.5521875</latitude>
					<altitude>0</altitude>
					<heading>0</heading>
					<tilt>0</tilt>
					<gx:fovy>35</gx:fovy>
					<range>1018.714531634953</range>
					<altitudeMode>relativeToGround</altitudeMode>
				</LookAt>
				<styleUrl>#__managed_style_0C4DD4FFF840DE0E6C24</styleUrl>
				<Point>
					<altitudeMode>relativeToGround</altitudeMode>
					<coordinates>121.0471875,14.5521875,0</coordinates>
				</Point>
			</Placemark>
			<Placemark id="021D8131943C6606F93B">
				<gx:mid>/g/11y43xnxxn</gx:mid>
				<gx:fid>0x3397c900257ce0ad:0x1f45c1e627a041bc</gx:fid>
				<LookAt>
					<longitude>121.0323994</longitude>
					<latitude>14.5636135</latitude>
					<altitude>0</altitude>
					<heading>0</heading>
					<tilt>0</tilt>
					<gx:fovy>35</gx:fovy>
					<range>1018.655629802773</range>
					<altitudeMode>relativeToGround</altitudeMode>
				</LookAt>
				<styleUrl>#__managed_style_0C4DD4FFF840DE0E6C24</styleUrl>
				<Point>
					<altitudeMode>relativeToGround</altitudeMode>
					<coordinates>121.0323994,14.5636135,0</coordinates>
				</Point>
			</Placemark>
			<Placemark id="01E682909D3C6607F0A0">
				<gx:mid>/g/11d_d1zr6y</gx:mid>
				<gx:fid>0x3397c82e45a0bea7:0x93c85b4b52088daa</gx:fid>
				<LookAt>
					<longitude>121.0411315</longitude>
					<latitude>14.5929755</latitude>
					<altitude>0</altitude>
					<heading>0</heading>
					<tilt>0</tilt>
					<gx:fovy>35</gx:fovy>
					<range>1018.504062108562</range>
					<altitudeMode>relativeToGround</altitudeMode>
				</LookAt>
				<styleUrl>#__managed_style_0C4DD4FFF840DE0E6C24</styleUrl>
				<Point>
					<altitudeMode>relativeToGround</altitudeMode>
					<coordinates>121.0411697,14.5929884,0</coordinates>
				</Point>
			</Placemark>
			<Placemark id="02B6FC29383C66091AF1">
				<gx:mid>/g/11rqh2h3tb</gx:mid>
				<gx:fid>0x3397c9db8376036b:0x8070e8276756c42e</gx:fid>
				<LookAt>
					<longitude>120.9972885</longitude>
					<latitude>14.5618598</latitude>
					<altitude>0</altitude>
					<heading>0</heading>
					<tilt>0</tilt>
					<gx:fovy>35</gx:fovy>
					<range>1018.664673146354</range>
					<altitudeMode>relativeToGround</altitudeMode>
				</LookAt>
				<styleUrl>#__managed_style_0C4DD4FFF840DE0E6C24</styleUrl>
				<Point>
					<altitudeMode>relativeToGround</altitudeMode>
					<coordinates>120.9972885,14.5618598,0</coordinates>
				</Point>
			</Placemark>
			<Placemark id="0230F8ACC33E707D854C">
				<gx:mid>/g/12qg460sc</gx:mid>
				<gx:fid>0x3397c9aa4258a30d:0xeeea7eb2c350fcc3</gx:fid>
				<LookAt>
					<longitude>121.0296742</longitude>
					<latitude>14.5634525</latitude>
					<altitude>0</altitude>
					<heading>0</heading>
					<tilt>0</tilt>
					<gx:fovy>35</gx:fovy>
					<range>1018.656460078828</range>
					<altitudeMode>relativeToGround</altitudeMode>
				</LookAt>
				<styleUrl>#__managed_style_2FACC6067D40DE0E6C27</styleUrl>
				<Point>
					<altitudeMode>relativeToGround</altitudeMode>
					<coordinates>121.0296742,14.5634525,0</coordinates>
				</Point>
			</Placemark>
			<Placemark id="00DD4B84273E70D75723">
				<gx:mid>/g/11fy_5mrr4</gx:mid>
				<gx:fid>0x3397c9aa4aec6d4f:0x930f119944a2d6a</gx:fid>
				<LookAt>
					<longitude>121.0292562</longitude>
					<latitude>14.5647566</latitude>
					<altitude>0</altitude>
					<heading>0</heading>
					<tilt>0</tilt>
					<gx:fovy>35</gx:fovy>
					<range>1018.6497345882</range>
					<altitudeMode>relativeToGround</altitudeMode>
				</LookAt>
				<styleUrl>#__managed_style_2FACC6067D40DE0E6C27</styleUrl>
				<Point>
					<altitudeMode>relativeToGround</altitudeMode>
					<coordinates>121.0292562,14.5647566,0</coordinates>
				</Point>
			</Placemark>
			<Placemark id="0183B6A65E3E70DBDA90">
				<gx:mid>/g/11wmpvgrbj</gx:mid>
				<gx:fid>0x3397c90004d9aef1:0x5f5ff340b6cd7596</gx:fid>
				<LookAt>
					<longitude>120.9905048</longitude>
					<latitude>14.5328299</latitude>
					<altitude>0</altitude>
					<heading>0</heading>
					<tilt>0</tilt>
					<gx:fovy>35</gx:fovy>
					<range>1018.814219642623</range>
					<altitudeMode>relativeToGround</altitudeMode>
				</LookAt>
				<styleUrl>#__managed_style_0C4DD4FFF840DE0E6C24</styleUrl>
				<Point>
					<altitudeMode>relativeToGround</altitudeMode>
					<coordinates>120.9905048,14.5328299,0</coordinates>
				</Point>
			</Placemark>
		</Folder>
		<Folder id="0E69B9FB163C65FB1AFE">
			<name>בתי קפה</name>
			<styleUrl>#__managed_style_1B6402F0C140DE0E6C2F</styleUrl>
			<Placemark id="0E465525E73327DD64AC">
				<name>White Banana Manila</name>
				<gx:mid>/g/11rv604tmj</gx:mid>
				<gx:fid>0x3397c9bf3d1d8c33:0x4498af8c3eb6eff8</gx:fid>
				<LookAt>
					<longitude>121.0311088</longitude>
					<latitude>14.5634515</latitude>
					<altitude>0</altitude>
					<heading>0</heading>
					<tilt>0</tilt>
					<gx:fovy>35</gx:fovy>
					<range>1018.656465235794</range>
					<altitudeMode>relativeToGround</altitudeMode>
				</LookAt>
				<styleUrl>#__managed_style_210298C5CD40DE0E6C24</styleUrl>
				<Point>
					<altitudeMode>relativeToGround</altitudeMode>
					<coordinates>121.0311503,14.563411,0</coordinates>
				</Point>
			</Placemark>
			<Placemark id="07020FE9273C660B15F8">
				<gx:mid>/g/11t0mck4pq</gx:mid>
				<gx:fid>0x3397cbb64df598b7:0x14530b6a83e53a54</gx:fid>
				<LookAt>
					<longitude>120.975085</longitude>
					<latitude>14.5896006</latitude>
					<altitude>0</altitude>
					<heading>0</heading>
					<tilt>0</tilt>
					<gx:fovy>35</gx:fovy>
					<range>1018.521498439284</range>
					<altitudeMode>relativeToGround</altitudeMode>
				</LookAt>
				<styleUrl>#__managed_style_210298C5CD40DE0E6C24</styleUrl>
				<Point>
					<altitudeMode>relativeToGround</altitudeMode>
					<coordinates>120.975085,14.5896006,0</coordinates>
				</Point>
			</Placemark>
			<Placemark id="040591B4A63C660B8D5F">
				<gx:mid>/g/11lvkjldy7</gx:mid>
				<gx:fid>0x3397c9000e08237d:0x2cd58974310cbd7a</gx:fid>
				<LookAt>
					<longitude>120.9947421</longitude>
					<latitude>14.5641195</latitude>
					<altitude>0</altitude>
					<heading>0</heading>
					<tilt>0</tilt>
					<gx:fovy>35</gx:fovy>
					<range>1018.653020306106</range>
					<altitudeMode>relativeToGround</altitudeMode>
				</LookAt>
				<styleUrl>#__managed_style_210298C5CD40DE0E6C24</styleUrl>
				<Point>
					<altitudeMode>relativeToGround</altitudeMode>
					<coordinates>120.9946712,14.5640886,0</coordinates>
				</Point>
			</Placemark>
			<Placemark id="02A226F4D53C660C0A70">
				<gx:mid>/g/11xdf1ph4_</gx:mid>
				<gx:fid>0x3397c97f6a94a80d:0xcd588c59e5a4e227</gx:fid>
				<LookAt>
					<longitude>121.0320772</longitude>
					<latitude>14.5630284</latitude>
					<altitude>0</altitude>
					<heading>0</heading>
					<tilt>0</tilt>
					<gx:fovy>35</gx:fovy>
					<range>1018.658647117658</range>
					<altitudeMode>relativeToGround</altitudeMode>
				</LookAt>
				<styleUrl>#__managed_style_210298C5CD40DE0E6C24</styleUrl>
				<Point>
					<altitudeMode>relativeToGround</altitudeMode>
					<coordinates>121.0320772,14.5630284,0</coordinates>
				</Point>
			</Placemark>
			<Placemark id="0107357B6B3C660D2581">
				<gx:mid>/g/11xl_b74l5</gx:mid>
				<gx:fid>0x3397c9007c51da5b:0x35701c7ba221562d</gx:fid>
				<LookAt>
					<longitude>121.0066819</longitude>
					<latitude>14.5663292</latitude>
					<altitude>0</altitude>
					<heading>0</heading>
					<tilt>0</tilt>
					<gx:fovy>35</gx:fovy>
					<range>1018.641623619638</range>
					<altitudeMode>relativeToGround</altitudeMode>
				</LookAt>
				<styleUrl>#__managed_style_210298C5CD40DE0E6C24</styleUrl>
				<Point>
					<altitudeMode>relativeToGround</altitudeMode>
					<coordinates>121.0066834,14.5663515,0</coordinates>
				</Point>
			</Placemark>
			<Placemark id="00DA4A77523C660DFFDC">
				<gx:mid>/g/11w3507207</gx:mid>
				<gx:fid>0x3397c90005eb0a75:0x6cb4f1fc384783aa</gx:fid>
				<LookAt>
					<longitude>121.0137254</longitude>
					<latitude>14.5645587</latitude>
					<altitude>0</altitude>
					<heading>0</heading>
					<tilt>0</tilt>
					<gx:fovy>35</gx:fovy>
					<range>1018.650755233359</range>
					<altitudeMode>relativeToGround</altitudeMode>
				</LookAt>
				<styleUrl>#__managed_style_210298C5CD40DE0E6C24</styleUrl>
				<Point>
					<altitudeMode>relativeToGround</altitudeMode>
					<coordinates>121.013749,14.5645408,0</coordinates>
				</Point>
			</Placemark>
			<Placemark id="02ADA668A73C660E8B73">
				<gx:mid>/g/11h045tf35</gx:mid>
				<gx:fid>0x3397cb4388d9a055:0x142863562afc151c</gx:fid>
				<LookAt>
					<longitude>120.9741772</longitude>
					<latitude>14.5912993</latitude>
					<altitude>0</altitude>
					<heading>0</heading>
					<tilt>0</tilt>
					<gx:fovy>35</gx:fovy>
					<range>1018.512722637277</range>
					<altitudeMode>relativeToGround</altitudeMode>
				</LookAt>
				<styleUrl>#__managed_style_210298C5CD40DE0E6C24</styleUrl>
				<Point>
					<altitudeMode>relativeToGround</altitudeMode>
					<coordinates>120.9742363,14.591356,0</coordinates>
				</Point>
			</Placemark>
			<Placemark id="0ADA4653233C661049CE">
				<gx:mid>/g/11wfybp6rw</gx:mid>
				<gx:fid>0x3397cb08e6f04667:0xc726c0f0956b2b87</gx:fid>
				<LookAt>
					<longitude>120.9741058</longitude>
					<latitude>14.6009489</latitude>
					<altitude>0</altitude>
					<heading>0</heading>
					<tilt>0</tilt>
					<gx:fovy>35</gx:fovy>
					<range>1018.462852300803</range>
					<altitudeMode>relativeToGround</altitudeMode>
				</LookAt>
				<styleUrl>#__managed_style_210298C5CD40DE0E6C24</styleUrl>
				<Point>
					<altitudeMode>relativeToGround</altitudeMode>
					<coordinates>120.9741841,14.6008138,0</coordinates>
				</Point>
			</Placemark>
			<Placemark id="0E079506A73C66112CC3">
				<gx:mid>/g/11whwcvsy1</gx:mid>
				<gx:fid>0x3397cb0066953e71:0x4541c229b75a7f1f</gx:fid>
				<LookAt>
					<longitude>120.9748335</longitude>
					<latitude>14.5893389</latitude>
					<altitude>0</altitude>
					<heading>0</heading>
					<tilt>0</tilt>
					<gx:fovy>35</gx:fovy>
					<range>1018.522850342844</range>
					<altitudeMode>relativeToGround</altitudeMode>
				</LookAt>
				<styleUrl>#__managed_style_210298C5CD40DE0E6C24</styleUrl>
				<Point>
					<altitudeMode>relativeToGround</altitudeMode>
					<coordinates>120.9748335,14.5893389,0</coordinates>
				</Point>
			</Placemark>
		</Folder>
		<Folder id="0C2297D9523C65FB3B5F">
			<name>ברים</name>
			<styleUrl>#__managed_style_1B6402F0C140DE0E6C2F</styleUrl>
			<Placemark id="096EAD7E15331BBD5D13">
				<name>רחוב ברים וחיי לילה</name>
				<LookAt>
					<longitude>121.0306451348867</longitude>
					<latitude>14.56463753630131</latitude>
					<altitude>12.83360451734069</altitude>
					<heading>0</heading>
					<tilt>0</tilt>
					<gx:fovy>84.23063731107392</gx:fovy>
					<range>220.0734382601513</range>
					<altitudeMode>absolute</altitudeMode>
				</LookAt>
				<styleUrl>#__managed_style_199C13430A40DE0E6C2B</styleUrl>
				<LineString>
					<coordinates>
						121.0307065359553,14.56722992887198,0 121.0310025744358,14.5661057135575,0 121.0310248285961,14.56527870372913,0 121.0310121363957,14.56478547304289,0 121.0308421893071,14.56412978329665,0 121.0304854946686,14.56366901703479,0 121.0296914593822,14.56339165549396,0 
					</coordinates>
				</LineString>
			</Placemark>
			<Placemark id="0BF2CCA178331D98A33D">
				<name>Neon Nights Bar Club</name>
				<gx:mid>/g/11s2ltm5bn</gx:mid>
				<gx:fid>0x3397c92919fd2a61:0xb5dad23545aa9277</gx:fid>
				<LookAt>
					<longitude>121.030209</longitude>
					<latitude>14.563446</latitude>
					<altitude>0</altitude>
					<heading>0</heading>
					<tilt>0</tilt>
					<gx:fovy>35</gx:fovy>
					<range>1018.656493599103</range>
					<altitudeMode>relativeToGround</altitudeMode>
				</LookAt>
				<styleUrl>#__managed_style_1EFD963F7340DE0E6C28</styleUrl>
				<Point>
					<altitudeMode>relativeToGround</altitudeMode>
					<coordinates>121.0301655275396,14.56343149325084,0</coordinates>
				</Point>
			</Placemark>
			<Placemark id="0E66CDED373E707E2A0F">
				<gx:mid>/g/11l36k2s_5</gx:mid>
				<gx:fid>0x3397c9be7f2237b5:0x81c0c54cedc4fd6d</gx:fid>
				<LookAt>
					<longitude>121.0318526</longitude>
					<latitude>14.564784</latitude>
					<altitude>0</altitude>
					<heading>0</heading>
					<tilt>0</tilt>
					<gx:fovy>35</gx:fovy>
					<range>1018.649593274982</range>
					<altitudeMode>relativeToGround</altitudeMode>
				</LookAt>
				<styleUrl>#__managed_style_0E2BBF56DE40DE0E6C28</styleUrl>
				<Point>
					<altitudeMode>relativeToGround</altitudeMode>
					<coordinates>121.0318526,14.564784,0</coordinates>
				</Point>
			</Placemark>
			<Placemark id="0C6BDE62EE3E70D4055F">
				<gx:mid>/g/11c59_ns9r</gx:mid>
				<gx:fid>0x3397c9aaf1efb045:0x2f85434d6af87ce0</gx:fid>
				<LookAt>
					<longitude>121.0312883</longitude>
					<latitude>14.5635985</latitude>
					<altitude>0</altitude>
					<heading>0</heading>
					<tilt>0</tilt>
					<gx:fovy>35</gx:fovy>
					<range>1018.655707158059</range>
					<altitudeMode>relativeToGround</altitudeMode>
				</LookAt>
				<styleUrl>#__managed_style_0E81E0E64040DE0E6C29</styleUrl>
				<Point>
					<altitudeMode>relativeToGround</altitudeMode>
					<coordinates>121.0312883,14.5635985,0</coordinates>
				</Point>
			</Placemark>
			<Placemark id="0CF70B73D93E70D51D1C">
				<gx:mid>/g/11trdhrw2_</gx:mid>
				<gx:fid>0x3397cbf2a1af7c03:0xa5954aaa8bc99d89</gx:fid>
				<LookAt>
					<longitude>120.9849961</longitude>
					<latitude>14.5654235</latitude>
					<altitude>0</altitude>
					<heading>0</heading>
					<tilt>0</tilt>
					<gx:fovy>35</gx:fovy>
					<range>1018.64629503414</range>
					<altitudeMode>relativeToGround</altitudeMode>
				</LookAt>
				<styleUrl>#__managed_style_0E2BBF56DE40DE0E6C28</styleUrl>
				<Point>
					<altitudeMode>relativeToGround</altitudeMode>
					<coordinates>120.9849629,14.565498,0</coordinates>
				</Point>
			</Placemark>
			<Placemark id="00AB32B7713E70D66FD7">
				<gx:mid>/g/11cmzlr30q</gx:mid>
				<gx:fid>0x3397c9067937035b:0x7d2492f503477437</gx:fid>
				<LookAt>
					<longitude>121.024242</longitude>
					<latitude>14.558085</latitude>
					<altitude>0</altitude>
					<heading>0</heading>
					<tilt>0</tilt>
					<gx:fovy>35</gx:fovy>
					<range>1018.684135176891</range>
					<altitudeMode>relativeToGround</altitudeMode>
				</LookAt>
				<styleUrl>#__managed_style_0E2BBF56DE40DE0E6C28</styleUrl>
				<Point>
					<altitudeMode>relativeToGround</altitudeMode>
					<coordinates>121.024242,14.558085,0</coordinates>
				</Point>
			</Placemark>
			<Placemark id="06E963C96A3E70D6D263">
				<gx:mid>/g/11t187tbvc</gx:mid>
				<gx:fid>0x3397c93fefd98639:0x4ed3607ccde2ff5a</gx:fid>
				<LookAt>
					<longitude>121.0528177</longitude>
					<latitude>14.5451533</latitude>
					<altitude>0</altitude>
					<heading>0</heading>
					<tilt>0</tilt>
					<gx:fovy>35</gx:fovy>
					<range>1018.750771251585</range>
					<altitudeMode>relativeToGround</altitudeMode>
				</LookAt>
				<styleUrl>#__managed_style_0E2BBF56DE40DE0E6C28</styleUrl>
				<Point>
					<altitudeMode>relativeToGround</altitudeMode>
					<coordinates>121.0527717,14.5451192,0</coordinates>
				</Point>
			</Placemark>
		</Folder>
		<Folder id="09B01A66BA3C65FBA0B8">
			<name>פארקים</name>
			<styleUrl>#__managed_style_1B6402F0C140DE0E6C2F</styleUrl>
			<Placemark id="0A1C73A94B3BEF1FA9D8">
				<gx:mid>/m/05pz51</gx:mid>
				<gx:fid>0x3397ca255e7e133f:0xb72a3487b6759a32</gx:fid>
				<LookAt>
					<longitude>120.9786887</longitude>
					<latitude>14.5826446</latitude>
					<altitude>0</altitude>
					<heading>0</heading>
					<tilt>0</tilt>
					<gx:fovy>35</gx:fovy>
					<range>1018.557424157076</range>
					<altitudeMode>relativeToGround</altitudeMode>
				</LookAt>
				<styleUrl>#__managed_style_087E8D0BB840DE0E6C27</styleUrl>
				<Point>
					<altitudeMode>relativeToGround</altitudeMode>
					<coordinates>120.9786887,14.5826446,0</coordinates>
				</Point>
			</Placemark>
			<Placemark id="0EAC53867A3E707E9AEF">
				<gx:mid>/m/05sxpms</gx:mid>
				<gx:fid>0x3397b7059eefe101:0x5271f95cbf47428a</gx:fid>
				<LookAt>
					<longitude>121.0452732</longitude>
					<latitude>14.6520871</latitude>
					<altitude>0</altitude>
					<heading>0</heading>
					<tilt>0</tilt>
					<gx:fovy>35</gx:fovy>
					<range>1018.198033017259</range>
					<altitudeMode>relativeToGround</altitudeMode>
				</LookAt>
				<styleUrl>#__managed_style_087E8D0BB840DE0E6C27</styleUrl>
				<Point>
					<altitudeMode>relativeToGround</altitudeMode>
					<coordinates>121.0452732,14.6520871,0</coordinates>
				</Point>
			</Placemark>
			<Placemark id="0E79C1AA423E707F082C">
				<gx:mid>/g/11h6v3b120</gx:mid>
				<gx:fid>0x3397c90e1c06fac7:0xf81b630bd1f18</gx:fid>
				<LookAt>
					<longitude>121.016831</longitude>
					<latitude>14.554124</latitude>
					<altitude>0</altitude>
					<heading>0</heading>
					<tilt>0</tilt>
					<gx:fovy>35</gx:fovy>
					<range>1018.70455198003</range>
					<altitudeMode>relativeToGround</altitudeMode>
				</LookAt>
				<styleUrl>#__managed_style_087E8D0BB840DE0E6C27</styleUrl>
				<Point>
					<altitudeMode>relativeToGround</altitudeMode>
					<coordinates>121.016831,14.554124,0</coordinates>
				</Point>
			</Placemark>
		</Folder>
	</Folder>
	<Folder id="067A61FE7E3C51455168">
		<name>שאר הפיליפינים</name>
		<open>1</open>
		<styleUrl>#__managed_style_1B6402F0C140DE0E6C2F</styleUrl>
		<Folder id="036131B15032D87C0F54">
			<name>כללי</name>
			<styleUrl>#__managed_style_1B6402F0C140DE0E6C2F</styleUrl>
			<Placemark id="033372243132F88287C1">
				<name>Utopia Bar &amp; Cafe</name>
				<gx:mid>/g/11k3ngq2yx</gx:mid>
				<gx:fid>0x33a99f3ca8a687e9:0x6b1ee1708b92a175</gx:fid>
				<LookAt>
					<longitude>123.8732891</longitude>
					<latitude>10.3708991</latitude>
					<altitude>0</altitude>
					<heading>0</heading>
					<tilt>0</tilt>
					<gx:fovy>35</gx:fovy>
					<range>1037.246166643437</range>
					<altitudeMode>relativeToGround</altitudeMode>
				</LookAt>
				<styleUrl>#__managed_style_0E81E0E64040DE0E6C29</styleUrl>
				<Point>
					<altitudeMode>relativeToGround</altitudeMode>
					<coordinates>123.8732891,10.3708991,0</coordinates>
				</Point>
			</Placemark>
			<Placemark id="0D10BF1D3C340295D053">
				<name>Kubo Resto Bar &amp; Grill Boracay</name>
				<gx:mid>/g/11cky6_3d7</gx:mid>
				<gx:fid>0x33a53c17fd483035:0xd5f64bfc303e74cb</gx:fid>
				<LookAt>
					<longitude>121.9244698</longitude>
					<latitude>11.9652912</latitude>
					<altitude>0</altitude>
					<heading>0</heading>
					<tilt>0</tilt>
					<gx:fovy>35</gx:fovy>
					<range>1030.895083123597</range>
					<altitudeMode>relativeToGround</altitudeMode>
				</LookAt>
				<styleUrl>#__managed_style_0C4DD4FFF840DE0E6C24</styleUrl>
				<Point>
					<altitudeMode>relativeToGround</altitudeMode>
					<coordinates>121.9244698,11.9652912,0</coordinates>
				</Point>
			</Placemark>
			<Placemark id="0BB2FC03EA39924EE230">
				<name>Godofredo P. Ramos Airport</name>
				<gx:mid>/m/0d9pft</gx:mid>
				<gx:fid>0x33a53e5b9226e211:0x22aa959bff32943f</gx:fid>
				<LookAt>
					<longitude>121.9576445</longitude>
					<latitude>11.9261388</latitude>
					<altitude>0</altitude>
					<heading>0</heading>
					<tilt>0</tilt>
					<gx:fovy>35</gx:fovy>
					<range>1031.061660370974</range>
					<altitudeMode>relativeToGround</altitudeMode>
				</LookAt>
				<styleUrl>#__managed_style_0208B7EC6B40DE0E6C2B</styleUrl>
				<Point>
					<altitudeMode>relativeToGround</altitudeMode>
					<coordinates>121.9576445,11.9261388,0</coordinates>
				</Point>
			</Placemark>
			<Placemark id="07E2ED929339924F103F">
				<name>Caticlan Jetty Port</name>
				<gx:mid>/g/1tfzd8z_</gx:mid>
				<gx:fid>0x33a53e5ee8c57859:0x7ec97d4a453a9b2f</gx:fid>
				<LookAt>
					<longitude>121.9503702</longitude>
					<latitude>11.9280025</latitude>
					<altitude>0</altitude>
					<heading>0</heading>
					<tilt>0</tilt>
					<gx:fovy>35</gx:fovy>
					<range>1031.053743180687</range>
					<altitudeMode>relativeToGround</altitudeMode>
				</LookAt>
				<styleUrl>#__managed_style_139647CBCF40DE0E6C2E</styleUrl>
				<Point>
					<altitudeMode>relativeToGround</altitudeMode>
					<coordinates>121.9503702,11.9280025,0</coordinates>
				</Point>
			</Placemark>
			<Placemark id="020C6F4F5739924FAA20">
				<name>Boracay Jetty Port</name>
				<gx:mid>/g/1tj7blbz</gx:mid>
				<gx:fid>0x33a53e88ec0fad21:0x437f9f3d6b79258a</gx:fid>
				<LookAt>
					<longitude>121.9391803</longitude>
					<latitude>11.9406658</latitude>
					<altitude>0</altitude>
					<heading>0</heading>
					<tilt>0</tilt>
					<gx:fovy>35</gx:fovy>
					<range>1030.999916190877</range>
					<altitudeMode>relativeToGround</altitudeMode>
				</LookAt>
				<styleUrl>#__managed_style_139647CBCF40DE0E6C2E</styleUrl>
				<Point>
					<altitudeMode>relativeToGround</altitudeMode>
					<coordinates>121.9391803,11.9406658,0</coordinates>
				</Point>
			</Placemark>
			<Placemark id="0802EF664C3992504DD0">
				<name>Magic Island Boracay</name>
				<gx:mid>/g/11dd_ln0gg</gx:mid>
				<gx:fid>0x33a53e7aeb71628d:0x1ee2c37c6c876bce</gx:fid>
				<LookAt>
					<longitude>121.9571173</longitude>
					<latitude>11.9420484</latitude>
					<altitude>0</altitude>
					<heading>0</heading>
					<tilt>0</tilt>
					<gx:fovy>35</gx:fovy>
					<range>1030.994035895153</range>
					<altitudeMode>relativeToGround</altitudeMode>
				</LookAt>
				<styleUrl>#__managed_style_0F9033FB4840DE0E6C26</styleUrl>
				<Point>
					<altitudeMode>relativeToGround</altitudeMode>
					<coordinates>121.9571173,11.9420484,0</coordinates>
				</Point>
			</Placemark>
			<Placemark id="08406D9AE039925109DC">
				<name>Crystal Cove Beach</name>
				<gx:mid>/g/11l1mplptw</gx:mid>
				<gx:fid>0x33a53f0bd73f89a5:0x19f084a63bb21fbd</gx:fid>
				<LookAt>
					<longitude>121.9579783</longitude>
					<latitude>11.9443366</latitude>
					<altitude>0</altitude>
					<heading>0</heading>
					<tilt>0</tilt>
					<gx:fovy>35</gx:fovy>
					<range>1030.984302558292</range>
					<altitudeMode>relativeToGround</altitudeMode>
				</LookAt>
				<styleUrl>#__managed_style_0F9033FB4840DE0E6C26</styleUrl>
				<Point>
					<altitudeMode>relativeToGround</altitudeMode>
					<coordinates>121.9579783,11.9443366,0</coordinates>
				</Point>
			</Placemark>
			<Placemark id="0EFF86752B399253A45E">
				<name>Igorot Stone Kingdom Inc.</name>
				<gx:mid>/g/11rc9lm0kg</gx:mid>
				<gx:fid>0x3391a3e931948e1f:0x992084ab1a61b3ff</gx:fid>
				<LookAt>
					<longitude>120.5750854</longitude>
					<latitude>16.4315659</latitude>
					<altitude>0</altitude>
					<heading>0</heading>
					<tilt>0</tilt>
					<gx:fovy>35</gx:fovy>
					<range>1008.429515350265</range>
					<altitudeMode>relativeToGround</altitudeMode>
				</LookAt>
				<styleUrl>#__managed_style_0F9033FB4840DE0E6C26</styleUrl>
				<Point>
					<altitudeMode>relativeToGround</altitudeMode>
					<coordinates>120.5750572289226,16.43191771799157,0</coordinates>
				</Point>
			</Placemark>
			<Placemark id="0B2AB11CA7399520D8A0">
				<name>El Nido Airport</name>
				<gx:mid>/m/02pn_ky</gx:mid>
				<gx:fid>0x33b7aaaa56cc4f0f:0x6702c107e035f70</gx:fid>
				<LookAt>
					<longitude>119.4152941</longitude>
					<latitude>11.2027165</latitude>
					<altitude>0</altitude>
					<heading>0</heading>
					<tilt>0</tilt>
					<gx:fovy>35</gx:fovy>
					<range>1034.043479665015</range>
					<altitudeMode>relativeToGround</altitudeMode>
				</LookAt>
				<styleUrl>#__managed_style_0208B7EC6B40DE0E6C2B</styleUrl>
				<Point>
					<altitudeMode>relativeToGround</altitudeMode>
					<coordinates>119.4152941,11.2027165,0</coordinates>
				</Point>
			</Placemark>
			<Placemark id="0A06CDAA0039C35EF5E1">
				<name>רחוב ברים וחיי לילה</name>
				<LookAt>
					<longitude>126.1606380684014</longitude>
					<latitude>9.792216603383997</latitude>
					<altitude>10.53157977632929</altitude>
					<heading>0</heading>
					<tilt>0</tilt>
					<gx:fovy>35</gx:fovy>
					<range>702.1340828450775</range>
					<altitudeMode>absolute</altitudeMode>
				</LookAt>
				<styleUrl>#__managed_style_199C13430A40DE0E6C2B</styleUrl>
				<LineString>
					<coordinates>
						126.1613072889252,9.785687609415234,0 126.1616692073094,9.786028745431617,0 126.1620541257069,9.786748520326643,0 126.1624344172358,9.787606435151487,0 126.1624312706602,9.787918266856488,0 126.1620343550461,9.789342609409145,0 126.1618640895424,9.789854559094596,0 126.1618581373064,9.790350057545282,0 126.1617035280177,9.791216299065091,0 126.1615388646886,9.791915659234338,0 126.1614160756794,9.792677904733853,0 
					</coordinates>
				</LineString>
			</Placemark>
			<Placemark id="0CC3C840C139C362C5A3">
				<name>Naked Island</name>
				<gx:mid>/g/11g6twcctq</gx:mid>
				<gx:fid>0x3303f725e486864d:0xfed1580ca1d75fe</gx:fid>
				<LookAt>
					<longitude>126.1260153</longitude>
					<latitude>9.7348585</latitude>
					<altitude>0</altitude>
					<heading>0</heading>
					<tilt>0</tilt>
					<gx:fovy>35</gx:fovy>
					<range>1039.531373831487</range>
					<altitudeMode>relativeToGround</altitudeMode>
				</LookAt>
				<styleUrl>#__managed_style_33FF29916140DE0E6C28</styleUrl>
				<Point>
					<altitudeMode>relativeToGround</altitudeMode>
					<coordinates>126.1260153,9.7348585,0</coordinates>
				</Point>
			</Placemark>
			<Placemark id="0D625FA6F639C364CBFE">
				<name>Siargao Beach Club</name>
				<gx:mid>/g/11k4qhtk6v</gx:mid>
				<gx:fid>0x3303f784dd4a6029:0xb2f1fc06e871a567</gx:fid>
				<LookAt>
					<longitude>126.1610946</longitude>
					<latitude>9.7855507</latitude>
					<altitude>0</altitude>
					<heading>0</heading>
					<tilt>0</tilt>
					<gx:fovy>35</gx:fovy>
					<range>1039.354459071572</range>
					<altitudeMode>relativeToGround</altitudeMode>
				</LookAt>
				<styleUrl>#__managed_style_1EFD963F7340DE0E6C28</styleUrl>
				<Point>
					<altitudeMode>relativeToGround</altitudeMode>
					<coordinates>126.1611317637516,9.785438288691561,0</coordinates>
				</Point>
			</Placemark>
			<Placemark id="062DBCEF9D3BEF8167C8">
				<gx:mid>/g/11hzklw21t</gx:mid>
				<gx:fid>0x33a9a1ed20a55d31:0x866a10213e3e4131</gx:fid>
				<LookAt>
					<longitude>123.8667904</longitude>
					<latitude>10.4067392</latitude>
					<altitude>0</altitude>
					<heading>0</heading>
					<tilt>0</tilt>
					<gx:fovy>35</gx:fovy>
					<range>1037.113170047957</range>
					<altitudeMode>relativeToGround</altitudeMode>
				</LookAt>
				<styleUrl>#__managed_style_087E8D0BB840DE0E6C27</styleUrl>
				<Point>
					<altitudeMode>relativeToGround</altitudeMode>
					<coordinates>123.8667904,10.4067392,0</coordinates>
				</Point>
			</Placemark>
			<Placemark id="018A2614BC3BEF81BD18">
				<gx:mid>/g/11hzhqfsvj</gx:mid>
				<gx:fid>0x33a9a10fae85bf1f:0x5a929fb7b99e1f71</gx:fid>
				<LookAt>
					<longitude>123.8658416</longitude>
					<latitude>10.4061578</latitude>
					<altitude>0</altitude>
					<heading>0</heading>
					<tilt>0</tilt>
					<gx:fovy>35</gx:fovy>
					<range>1037.115331120873</range>
					<altitudeMode>relativeToGround</altitudeMode>
				</LookAt>
				<styleUrl>#__managed_style_1E4EC6447D40DE0E6C33</styleUrl>
				<Point>
					<altitudeMode>relativeToGround</altitudeMode>
					<coordinates>123.8658416,10.4061578,0</coordinates>
				</Point>
			</Placemark>
			<Placemark id="0E5DCD08D03BEF861D24">
				<gx:mid>/g/11fy4gms8m</gx:mid>
				<gx:fid>0x33b6551681e629d1:0xb43db151994522d3</gx:fid>
				<LookAt>
					<longitude>119.3888629</longitude>
					<latitude>11.1790798</latitude>
					<altitude>0</altitude>
					<heading>0</heading>
					<tilt>0</tilt>
					<gx:fovy>35</gx:fovy>
					<range>1034.137827028841</range>
					<altitudeMode>relativeToGround</altitudeMode>
				</LookAt>
				<styleUrl>#__managed_style_2649CAD44540DE0E6C28</styleUrl>
				<Point>
					<altitudeMode>relativeToGround</altitudeMode>
					<coordinates>119.3888629,11.1790798,0</coordinates>
				</Point>
			</Placemark>
			<Placemark id="039E2BEB483BEF870FF0">
				<gx:mid>/g/11gmvwhk9b</gx:mid>
				<gx:fid>0x33b655108d3d5111:0x5e9058a600616229</gx:fid>
				<LookAt>
					<longitude>119.3904002</longitude>
					<latitude>11.1811279</latitude>
					<altitude>0</altitude>
					<heading>0</heading>
					<tilt>0</tilt>
					<gx:fovy>35</gx:fovy>
					<range>1034.129659630569</range>
					<altitudeMode>relativeToGround</altitudeMode>
				</LookAt>
				<styleUrl>#__managed_style_33FF29916140DE0E6C28</styleUrl>
				<Point>
					<altitudeMode>relativeToGround</altitudeMode>
					<coordinates>119.3904002,11.1811279,0</coordinates>
				</Point>
			</Placemark>
			<Placemark id="0AAA4B49BF3C48DF51BB">
				<gx:mid>/g/11b6gglb2s</gx:mid>
				<gx:fid>0x33ba1d10a26849a5:0x61e8f7826371788f</gx:fid>
				<LookAt>
					<longitude>120.1930797</longitude>
					<latitude>11.9502607</latitude>
					<altitude>0</altitude>
					<heading>0</heading>
					<tilt>0</tilt>
					<gx:fovy>35</gx:fovy>
					<range>5578.610571186484</range>
					<altitudeMode>relativeToGround</altitudeMode>
				</LookAt>
				<styleUrl>#__managed_style_33FF29916140DE0E6C28</styleUrl>
				<Point>
					<altitudeMode>relativeToGround</altitudeMode>
					<coordinates>120.1930797,11.9502609,0</coordinates>
				</Point>
			</Placemark>
			<Placemark id="08FC15C9703C48F21037">
				<gx:mid>/g/119w9251y</gx:mid>
				<gx:fid>0x33abaca3a0c470a5:0xf5bb73c3f1d4cf9e</gx:fid>
				<LookAt>
					<longitude>123.7722784</longitude>
					<latitude>9.548143600000001</latitude>
					<altitude>0</altitude>
					<heading>0</heading>
					<tilt>0</tilt>
					<gx:fovy>35</gx:fovy>
					<range>1040.175203197014</range>
					<altitudeMode>relativeToGround</altitudeMode>
				</LookAt>
				<styleUrl>#__managed_style_33FF29916140DE0E6C28</styleUrl>
				<Point>
					<altitudeMode>relativeToGround</altitudeMode>
					<coordinates>123.7722784,9.5481436,0</coordinates>
				</Point>
			</Placemark>
			<Placemark id="0E776198803C48F9E246">
				<gx:mid>/g/11bwzypscm</gx:mid>
				<gx:fid>0x33ab2328a2cb5c9f:0xbded64825d8d42e3</gx:fid>
				<LookAt>
					<longitude>123.6266693</longitude>
					<latitude>9.139896499999999</latitude>
					<altitude>0</altitude>
					<heading>0</heading>
					<tilt>0</tilt>
					<gx:fovy>35</gx:fovy>
					<range>1041.540123972685</range>
					<altitudeMode>relativeToGround</altitudeMode>
				</LookAt>
				<styleUrl>#__managed_style_24AE5C8F5640DE0E6C29</styleUrl>
				<Point>
					<altitudeMode>relativeToGround</altitudeMode>
					<coordinates>123.6266693,9.139896499999999,0</coordinates>
				</Point>
			</Placemark>
			<Placemark id="01D6FC2C3A3C48FA94DB">
				<gx:mid>/g/11sgyx3yxd</gx:mid>
				<gx:fid>0x33ab3fa1d3363b45:0x10cbf1f3e36774b5</gx:fid>
				<LookAt>
					<longitude>123.5238371</longitude>
					<latitude>9.1344744</latitude>
					<altitude>0</altitude>
					<heading>0</heading>
					<tilt>0</tilt>
					<gx:fovy>35</gx:fovy>
					<range>1041.557856495191</range>
					<altitudeMode>relativeToGround</altitudeMode>
				</LookAt>
				<styleUrl>#__managed_style_0F9033FB4840DE0E6C26</styleUrl>
				<Point>
					<altitudeMode>relativeToGround</altitudeMode>
					<coordinates>123.5238371,9.1344744,0</coordinates>
				</Point>
			</Placemark>
			<Placemark id="0267B7B3283C48FED989">
				<gx:mid>/g/11y575r6pc</gx:mid>
				<gx:fid>0x33ab3f0023fa00cf:0x12431b3b4d3a2096</gx:fid>
				<LookAt>
					<longitude>123.5235521</longitude>
					<latitude>9.176224600000001</latitude>
					<altitude>0</altitude>
					<heading>0</heading>
					<tilt>0</tilt>
					<gx:fovy>35</gx:fovy>
					<range>1041.421048338027</range>
					<altitudeMode>relativeToGround</altitudeMode>
				</LookAt>
				<styleUrl>#__managed_style_08A1330A8A40DE0E6C2F</styleUrl>
				<Point>
					<altitudeMode>relativeToGround</altitudeMode>
					<coordinates>123.5235521,9.176224599999999,0</coordinates>
				</Point>
			</Placemark>
			<Placemark id="0571981A3A3C4901235C">
				<gx:mid>/g/11bzv6p3qs</gx:mid>
				<gx:fid>0x33ab3dd3a4b7fe6b:0x45d3bf956a22d26e</gx:fid>
				<LookAt>
					<longitude>123.5337612</longitude>
					<latitude>9.1485494</latitude>
					<altitude>0</altitude>
					<heading>0</heading>
					<tilt>0</tilt>
					<gx:fovy>35</gx:fovy>
					<range>1041.511803898481</range>
					<altitudeMode>relativeToGround</altitudeMode>
				</LookAt>
				<styleUrl>#__managed_style_24AE5C8F5640DE0E6C29</styleUrl>
				<Point>
					<altitudeMode>relativeToGround</altitudeMode>
					<coordinates>123.5337612,9.1485494,0</coordinates>
				</Point>
			</Placemark>
			<Placemark id="0DDADEB8963C49025C0E">
				<gx:mid>/g/11k4lcy6x2</gx:mid>
				<gx:fid>0x33ab17b74fd5fef1:0xb427c6c720b442f5</gx:fid>
				<LookAt>
					<longitude>123.5493168</longitude>
					<latitude>9.185744999999999</latitude>
					<altitude>0</altitude>
					<heading>0</heading>
					<tilt>0</tilt>
					<gx:fovy>35</gx:fovy>
					<range>1041.389765513766</range>
					<altitudeMode>relativeToGround</altitudeMode>
				</LookAt>
				<styleUrl>#__managed_style_087E8D0BB840DE0E6C27</styleUrl>
				<Point>
					<altitudeMode>relativeToGround</altitudeMode>
					<coordinates>123.5492912,9.18573,0</coordinates>
				</Point>
			</Placemark>
			<Placemark id="02D90809C03C4904A1E0">
				<gx:mid>/g/11ssdq26vg</gx:mid>
				<gx:fid>0x33ab3f39ea97e76d:0xc1fab95ddc6755c5</gx:fid>
				<LookAt>
					<longitude>123.4897379</longitude>
					<latitude>9.160947699999999</latitude>
					<altitude>0</altitude>
					<heading>0</heading>
					<tilt>0</tilt>
					<gx:fovy>35</gx:fovy>
					<range>1041.471179449946</range>
					<altitudeMode>relativeToGround</altitudeMode>
				</LookAt>
				<styleUrl>#__managed_style_210298C5CD40DE0E6C24</styleUrl>
				<Point>
					<altitudeMode>relativeToGround</altitudeMode>
					<coordinates>123.4897156,9.1609243,0</coordinates>
				</Point>
			</Placemark>
			<Placemark id="0360635D043C490513DB">
				<gx:mid>/g/1tflpjyb</gx:mid>
				<gx:fid>0x33ab3fc061fc2391:0x7758b0e3fe14a20a</gx:fid>
				<LookAt>
					<longitude>123.4614256</longitude>
					<latitude>9.178005199999999</latitude>
					<altitude>0</altitude>
					<heading>0</heading>
					<tilt>0</tilt>
					<gx:fovy>35</gx:fovy>
					<range>1041.415199944286</range>
					<altitudeMode>relativeToGround</altitudeMode>
				</LookAt>
				<styleUrl>#__managed_style_33FF29916140DE0E6C28</styleUrl>
				<Point>
					<altitudeMode>relativeToGround</altitudeMode>
					<coordinates>123.4615956,9.177915499999999,0</coordinates>
				</Point>
			</Placemark>
			<Placemark id="0EB6BA6CF23C4905EFAC">
				<gx:mid>/g/11kzs_rl6f</gx:mid>
				<gx:fid>0x33ab23fea1b14dd3:0x6e167f7089bfa74e</gx:fid>
				<LookAt>
					<longitude>123.6227671</longitude>
					<latitude>9.147334799999999</latitude>
					<altitude>0</altitude>
					<heading>0</heading>
					<tilt>0</tilt>
					<gx:fovy>35</gx:fovy>
					<range>1041.515780756774</range>
					<altitudeMode>relativeToGround</altitudeMode>
				</LookAt>
				<styleUrl>#__managed_style_087E8D0BB840DE0E6C27</styleUrl>
				<Point>
					<altitudeMode>relativeToGround</altitudeMode>
					<coordinates>123.6227671,9.147334799999999,0</coordinates>
				</Point>
			</Placemark>
			<Placemark id="0FD78C753D3C49068066">
				<gx:mid>/g/11gd4k77q8</gx:mid>
				<gx:fid>0x33ab1627dc6a9993:0xde72d8a5fffca256</gx:fid>
				<LookAt>
					<longitude>123.5641383</longitude>
					<latitude>9.186331200000001</latitude>
					<altitude>0</altitude>
					<heading>0</heading>
					<tilt>0</tilt>
					<gx:fovy>35</gx:fovy>
					<range>1041.387838289809</range>
					<altitudeMode>relativeToGround</altitudeMode>
				</LookAt>
				<styleUrl>#__managed_style_5FDD0598BF40DE0E6C28</styleUrl>
				<Point>
					<altitudeMode>relativeToGround</altitudeMode>
					<coordinates>123.5641383,9.1863312,0</coordinates>
				</Point>
			</Placemark>
			<Placemark id="0A03E71B343C4906FF56">
				<gx:mid>/g/11s49pwzs3</gx:mid>
				<gx:fid>0x33ab3febd927bf6b:0xd04c12d21832d903</gx:fid>
				<LookAt>
					<longitude>123.5234473</longitude>
					<latitude>9.165903699999999</latitude>
					<altitude>0</altitude>
					<heading>0</heading>
					<tilt>0</tilt>
					<gx:fovy>35</gx:fovy>
					<range>1041.454925372635</range>
					<altitudeMode>relativeToGround</altitudeMode>
				</LookAt>
				<styleUrl>#__managed_style_210298C5CD40DE0E6C24</styleUrl>
				<Point>
					<altitudeMode>relativeToGround</altitudeMode>
					<coordinates>123.5234473,9.165903699999999,0</coordinates>
				</Point>
			</Placemark>
			<Placemark id="069975B7E83C49076E67">
				<gx:mid>/g/11x8_p8y7f</gx:mid>
				<gx:fid>0x33ab3d829eee9bdb:0xe16a5a7500bd2640</gx:fid>
				<LookAt>
					<longitude>123.6119506</longitude>
					<latitude>9.133098900000002</latitude>
					<altitude>0</altitude>
					<heading>0</heading>
					<tilt>0</tilt>
					<gx:fovy>35</gx:fovy>
					<range>1041.562353302362</range>
					<altitudeMode>relativeToGround</altitudeMode>
				</LookAt>
				<styleUrl>#__managed_style_24AE5C8F5640DE0E6C29</styleUrl>
				<Point>
					<altitudeMode>relativeToGround</altitudeMode>
					<coordinates>123.6119506,9.1330989,0</coordinates>
				</Point>
			</Placemark>
			<Placemark id="07F643A4A53C4907EBA6">
				<gx:mid>/g/12xpq4g_f</gx:mid>
				<gx:fid>0x33ab3e9f3409ba07:0xc7f96b91e582b619</gx:fid>
				<LookAt>
					<longitude>123.5224199</longitude>
					<latitude>9.133001049999999</latitude>
					<altitude>0</altitude>
					<heading>0</heading>
					<tilt>0</tilt>
					<gx:fovy>35</gx:fovy>
					<range>11476.15030067296</range>
					<altitudeMode>relativeToGround</altitudeMode>
				</LookAt>
				<styleUrl>#__managed_style_1D057C1E9840DE0E6C29</styleUrl>
				<Point>
					<altitudeMode>relativeToGround</altitudeMode>
					<coordinates>123.5091028,9.1415965,0</coordinates>
				</Point>
			</Placemark>
			<Placemark id="0167F574FF3C490A2173">
				<gx:mid>/g/1tff546m</gx:mid>
				<gx:fid>0x33ab191780d70a35:0xa408fb0fef4fe0e4</gx:fid>
				<LookAt>
					<longitude>123.68221515</longitude>
					<latitude>9.219434699999999</latitude>
					<altitude>0</altitude>
					<heading>0</heading>
					<tilt>0</tilt>
					<gx:fovy>35</gx:fovy>
					<range>2329.378590750364</range>
					<altitudeMode>relativeToGround</altitudeMode>
				</LookAt>
				<styleUrl>#__managed_style_33FF29916140DE0E6C28</styleUrl>
				<Point>
					<altitudeMode>relativeToGround</altitudeMode>
					<coordinates>123.6815554,9.213135599999999,0</coordinates>
				</Point>
			</Placemark>
			<Placemark id="060AC677623C490D08D6">
				<gx:mid>/g/1hc6wg8x0</gx:mid>
				<gx:fid>0x33ab23c91b1d8a05:0x72383a6ea49757e8</gx:fid>
				<LookAt>
					<longitude>123.6883092</longitude>
					<latitude>9.12635545</latitude>
					<altitude>0</altitude>
					<heading>0</heading>
					<tilt>0</tilt>
					<gx:fovy>35</gx:fovy>
					<range>5648.040583497066</range>
					<altitudeMode>relativeToGround</altitudeMode>
				</LookAt>
				<styleUrl>#__managed_style_33FF29916140DE0E6C28</styleUrl>
				<Point>
					<altitudeMode>relativeToGround</altitudeMode>
					<coordinates>123.6883092,9.1263556,0</coordinates>
				</Point>
			</Placemark>
			<Placemark id="03EB5ECF183C490DB8D8">
				<gx:mid>/g/1hc25hddd</gx:mid>
				<gx:fid>0x33ab1a5d08b0deb9:0x6abd68039b17f127</gx:fid>
				<LookAt>
					<longitude>123.6411734</longitude>
					<latitude>9.284431699999999</latitude>
					<altitude>0</altitude>
					<heading>0</heading>
					<tilt>0</tilt>
					<gx:fovy>35</gx:fovy>
					<range>1041.063609801276</range>
					<altitudeMode>relativeToGround</altitudeMode>
				</LookAt>
				<styleUrl>#__managed_style_1D057C1E9840DE0E6C29</styleUrl>
				<Point>
					<altitudeMode>relativeToGround</altitudeMode>
					<coordinates>123.6411734,9.284431699999999,0</coordinates>
				</Point>
			</Placemark>
			<Placemark id="08404DE4A33C490E3B5C">
				<gx:mid>/g/11fhyxqrp5</gx:mid>
				<gx:fid>0x33ab3f31bec40959:0x8f879ceb08ab82e0</gx:fid>
				<LookAt>
					<longitude>123.4708111</longitude>
					<latitude>9.178508200000001</latitude>
					<altitude>0</altitude>
					<heading>0</heading>
					<tilt>0</tilt>
					<gx:fovy>35</gx:fovy>
					<range>1041.413547634438</range>
					<altitudeMode>relativeToGround</altitudeMode>
				</LookAt>
				<styleUrl>#__managed_style_0C4DD4FFF840DE0E6C24</styleUrl>
				<Point>
					<altitudeMode>relativeToGround</altitudeMode>
					<coordinates>123.4708065,9.1785,0</coordinates>
				</Point>
			</Placemark>
			<Placemark id="003E6FD0DE3C490F0864">
				<gx:mid>/g/11j4xs5c6d</gx:mid>
				<gx:fid>0x33ab3fdc70902b0b:0x3f2d1e393b233c7c</gx:fid>
				<LookAt>
					<longitude>123.4892217</longitude>
					<latitude>9.161697199999999</latitude>
					<altitude>0</altitude>
					<heading>0</heading>
					<tilt>0</tilt>
					<gx:fovy>35</gx:fovy>
					<range>1041.468721888624</range>
					<altitudeMode>relativeToGround</altitudeMode>
				</LookAt>
				<styleUrl>#__managed_style_210298C5CD40DE0E6C24</styleUrl>
				<Point>
					<altitudeMode>relativeToGround</altitudeMode>
					<coordinates>123.4892217,9.161697199999999,0</coordinates>
				</Point>
			</Placemark>
			<Placemark id="0856319B923C490FF56E">
				<gx:mid>/g/11js831775</gx:mid>
				<gx:fid>0x33ab3fd522a41af3:0xa41def9dcef5c036</gx:fid>
				<LookAt>
					<longitude>123.4764373</longitude>
					<latitude>9.173168900000002</latitude>
					<altitude>0</altitude>
					<heading>0</heading>
					<tilt>0</tilt>
					<gx:fovy>35</gx:fovy>
					<range>1041.43108219961</range>
					<altitudeMode>relativeToGround</altitudeMode>
				</LookAt>
				<styleUrl>#__managed_style_210298C5CD40DE0E6C24</styleUrl>
				<Point>
					<altitudeMode>relativeToGround</altitudeMode>
					<coordinates>123.4764276,9.173157099999999,0</coordinates>
				</Point>
			</Placemark>
			<Placemark id="0ABF8912653C49126CF1">
				<gx:mid>/g/11t7kz34_s</gx:mid>
				<gx:fid>0x33ab238e7aefe003:0xb98f5d30236ce3cf</gx:fid>
				<LookAt>
					<longitude>123.618173</longitude>
					<latitude>9.1290192</latitude>
					<altitude>0</altitude>
					<heading>0</heading>
					<tilt>0</tilt>
					<gx:fovy>35</gx:fovy>
					<range>1041.575686797031</range>
					<altitudeMode>relativeToGround</altitudeMode>
				</LookAt>
				<styleUrl>#__managed_style_24AE5C8F5640DE0E6C29</styleUrl>
				<Point>
					<altitudeMode>relativeToGround</altitudeMode>
					<coordinates>123.618173,9.1290192,0</coordinates>
				</Point>
			</Placemark>
			<Placemark id="01A52EAFCD3C4914A81E">
				<gx:mid>/g/11s7kqtm87</gx:mid>
				<gx:fid>0x33ab3fb6a70e1255:0x2b73bcca4c67b1c7</gx:fid>
				<LookAt>
					<longitude>123.513339</longitude>
					<latitude>9.139659999999999</latitude>
					<altitude>0</altitude>
					<heading>0</heading>
					<tilt>0</tilt>
					<gx:fovy>35</gx:fovy>
					<range>1041.540897642485</range>
					<altitudeMode>relativeToGround</altitudeMode>
				</LookAt>
				<styleUrl>#__managed_style_08A1330A8A40DE0E6C2F</styleUrl>
				<Point>
					<altitudeMode>relativeToGround</altitudeMode>
					<coordinates>123.513339,9.139659999999999,0</coordinates>
				</Point>
			</Placemark>
			<Placemark id="038B4D6D4B3C4915434E">
				<gx:mid>/g/11sm9cfgwf</gx:mid>
				<gx:fid>0x33ab3f0d0323d2e9:0x289ab755ebcc0ca5</gx:fid>
				<LookAt>
					<longitude>123.4864361</longitude>
					<latitude>9.164141499999999</latitude>
					<altitude>0</altitude>
					<heading>0</heading>
					<tilt>0</tilt>
					<gx:fovy>35</gx:fovy>
					<range>1041.460705811836</range>
					<altitudeMode>relativeToGround</altitudeMode>
				</LookAt>
				<styleUrl>#__managed_style_0C4DD4FFF840DE0E6C24</styleUrl>
				<Point>
					<altitudeMode>relativeToGround</altitudeMode>
					<coordinates>123.4864359,9.164141299999999,0</coordinates>
				</Point>
			</Placemark>
			<Placemark id="0F657A27563C49165129">
				<gx:mid>/g/1hc2w4g17</gx:mid>
				<gx:fid>0x33ab3c88f8bf37af:0x7356e5334aa89e0a</gx:fid>
				<LookAt>
					<longitude>123.5753902</longitude>
					<latitude>9.120915</latitude>
					<altitude>0</altitude>
					<heading>0</heading>
					<tilt>0</tilt>
					<gx:fovy>35</gx:fovy>
					<range>1041.602155953292</range>
					<altitudeMode>relativeToGround</altitudeMode>
				</LookAt>
				<styleUrl>#__managed_style_0F9033FB4840DE0E6C26</styleUrl>
				<Point>
					<altitudeMode>relativeToGround</altitudeMode>
					<coordinates>123.5753902,9.120915,0</coordinates>
				</Point>
			</Placemark>
			<Placemark id="065E71330F3C491735AC">
				<gx:mid>/g/11lywgs0wf</gx:mid>
				<gx:fid>0x33ab3f004568c8a7:0x47c5f6e337009ec3</gx:fid>
				<LookAt>
					<longitude>123.4917174</longitude>
					<latitude>9.1588121</latitude>
					<altitude>0</altitude>
					<heading>0</heading>
					<tilt>0</tilt>
					<gx:fovy>35</gx:fovy>
					<range>1041.478180855039</range>
					<altitudeMode>relativeToGround</altitudeMode>
				</LookAt>
				<styleUrl>#__managed_style_33FF29916140DE0E6C28</styleUrl>
				<Point>
					<altitudeMode>relativeToGround</altitudeMode>
					<coordinates>123.4917174,9.1588121,0</coordinates>
				</Point>
			</Placemark>
			<Placemark id="0F77B810BE3C49179BFE">
				<gx:mid>/g/11tcb6522t</gx:mid>
				<gx:fid>0x33ab4511f1a452f7:0x6f5bb947898f2b6f</gx:fid>
				<LookAt>
					<longitude>123.2705605</longitude>
					<latitude>9.074249</latitude>
					<altitude>0</altitude>
					<heading>0</heading>
					<tilt>0</tilt>
					<gx:fovy>35</gx:fovy>
					<range>1041.754120841462</range>
					<altitudeMode>relativeToGround</altitudeMode>
				</LookAt>
				<styleUrl>#__managed_style_1D057C1E9840DE0E6C29</styleUrl>
				<Point>
					<altitudeMode>relativeToGround</altitudeMode>
					<coordinates>123.2705605,9.074249,0</coordinates>
				</Point>
			</Placemark>
			<Placemark id="0B6443210E3C4917FBB8">
				<gx:mid>/g/11g8wcv_wc</gx:mid>
				<gx:fid>0x33ab4550248bfcf3:0xc98352fe3762230e</gx:fid>
				<LookAt>
					<longitude>123.2682035</longitude>
					<latitude>9.0712431</latitude>
					<altitude>0</altitude>
					<heading>0</heading>
					<tilt>0</tilt>
					<gx:fovy>35</gx:fovy>
					<range>1041.76388301111</range>
					<altitudeMode>relativeToGround</altitudeMode>
				</LookAt>
				<styleUrl>#__managed_style_2649CAD44540DE0E6C28</styleUrl>
				<Point>
					<altitudeMode>relativeToGround</altitudeMode>
					<coordinates>123.2682035,9.0712431,0</coordinates>
				</Point>
			</Placemark>
			<Placemark id="02269BBA103C491A5363">
				<gx:mid>/g/11rygz4807</gx:mid>
				<gx:fid>0x33ab3f84cbb99369:0x989843e655e8fbae</gx:fid>
				<LookAt>
					<longitude>123.4780914</longitude>
					<latitude>9.170285399999999</latitude>
					<altitude>0</altitude>
					<heading>0</heading>
					<tilt>0</tilt>
					<gx:fovy>35</gx:fovy>
					<range>1041.440547594319</range>
					<altitudeMode>relativeToGround</altitudeMode>
				</LookAt>
				<styleUrl>#__managed_style_33FF29916140DE0E6C28</styleUrl>
				<Point>
					<altitudeMode>relativeToGround</altitudeMode>
					<coordinates>123.4780914,9.170285399999999,0</coordinates>
				</Point>
			</Placemark>
			<Placemark id="08878C61C33C491C08CC">
				<gx:mid>/g/11cs1wb50y</gx:mid>
				<gx:fid>0x33ab3e59cf90ff7b:0xecf6a567a35195e7</gx:fid>
				<LookAt>
					<longitude>123.4952011</longitude>
					<latitude>9.156111599999999</latitude>
					<altitude>0</altitude>
					<heading>0</heading>
					<tilt>0</tilt>
					<gx:fovy>35</gx:fovy>
					<range>1041.487031938149</range>
					<altitudeMode>relativeToGround</altitudeMode>
				</LookAt>
				<styleUrl>#__managed_style_0C4DD4FFF840DE0E6C24</styleUrl>
				<Point>
					<altitudeMode>relativeToGround</altitudeMode>
					<coordinates>123.4952011,9.156111599999999,0</coordinates>
				</Point>
			</Placemark>
			<Placemark id="0282A0AB563C491C66D0">
				<gx:mid>/g/11c48myzp5</gx:mid>
				<gx:fid>0x33ab3ef60e894cef:0x17bd6d96f5fbc879</gx:fid>
				<LookAt>
					<longitude>123.4994715</longitude>
					<latitude>9.151964600000001</latitude>
					<altitude>0</altitude>
					<heading>0</heading>
					<tilt>0</tilt>
					<gx:fovy>35</gx:fovy>
					<range>1041.50061901842</range>
					<altitudeMode>relativeToGround</altitudeMode>
				</LookAt>
				<styleUrl>#__managed_style_0C4DD4FFF840DE0E6C24</styleUrl>
				<Point>
					<altitudeMode>relativeToGround</altitudeMode>
					<coordinates>123.4994715,9.151964599999999,0</coordinates>
				</Point>
			</Placemark>
			<Placemark id="04942DE0493C491CF547">
				<gx:mid>/g/11f3jv2kx4</gx:mid>
				<gx:fid>0x33ab3e585f6482b3:0x59494518cce51505</gx:fid>
				<LookAt>
					<longitude>123.4972914</longitude>
					<latitude>9.154217200000001</latitude>
					<altitude>0</altitude>
					<heading>0</heading>
					<tilt>0</tilt>
					<gx:fovy>35</gx:fovy>
					<range>1041.493239434538</range>
					<altitudeMode>relativeToGround</altitudeMode>
				</LookAt>
				<styleUrl>#__managed_style_0C4DD4FFF840DE0E6C24</styleUrl>
				<Point>
					<altitudeMode>relativeToGround</altitudeMode>
					<coordinates>123.4973107,9.154251499999999,0</coordinates>
				</Point>
			</Placemark>
			<Placemark id="0D614313DD3C491D648E">
				<gx:mid>/g/11j24kwhgs</gx:mid>
				<gx:fid>0x33ab3f0ee3bb4135:0xf366f8e735e9910</gx:fid>
				<LookAt>
					<longitude>123.4637875</longitude>
					<latitude>9.183074999999999</latitude>
					<altitude>0</altitude>
					<heading>0</heading>
					<tilt>0</tilt>
					<gx:fovy>35</gx:fovy>
					<range>1041.39854202144</range>
					<altitudeMode>relativeToGround</altitudeMode>
				</LookAt>
				<styleUrl>#__managed_style_0C4DD4FFF840DE0E6C24</styleUrl>
				<Point>
					<altitudeMode>relativeToGround</altitudeMode>
					<coordinates>123.4637875,9.183074999999999,0</coordinates>
				</Point>
			</Placemark>
			<Placemark id="03000D0DA63C4921CC50">
				<gx:mid>/g/11xtdzm7_v</gx:mid>
				<gx:fid>0x33ab3f4c0af0f2b7:0x30c68447fc468618</gx:fid>
				<LookAt>
					<longitude>123.4766066</longitude>
					<latitude>9.1726753</latitude>
					<altitude>0</altitude>
					<heading>0</heading>
					<tilt>0</tilt>
					<gx:fovy>35</gx:fovy>
					<range>1041.432702702123</range>
					<altitudeMode>relativeToGround</altitudeMode>
				</LookAt>
				<styleUrl>#__managed_style_11DF4C637540DE0E6C2C</styleUrl>
				<Point>
					<altitudeMode>relativeToGround</altitudeMode>
					<coordinates>123.4766066,9.1726753,0</coordinates>
				</Point>
			</Placemark>
			<Placemark id="09FB4FA6C63C4923D16E">
				<gx:mid>/g/11j8pdl3t7</gx:mid>
				<gx:fid>0x33ab23eda89da187:0x9d307f914a1f3131</gx:fid>
				<LookAt>
					<longitude>123.6946285</longitude>
					<latitude>9.132342200000002</latitude>
					<altitude>0</altitude>
					<heading>0</heading>
					<tilt>0</tilt>
					<gx:fovy>35</gx:fovy>
					<range>1041.564826833692</range>
					<altitudeMode>relativeToGround</altitudeMode>
				</LookAt>
				<styleUrl>#__managed_style_33FF29916140DE0E6C28</styleUrl>
				<Point>
					<altitudeMode>relativeToGround</altitudeMode>
					<coordinates>123.6946285,9.1323422,0</coordinates>
				</Point>
			</Placemark>
			<Placemark id="0B7ECF5BB73C49246551">
				<gx:mid>/g/11fl9qqhtk</gx:mid>
				<gx:fid>0x33ab23461fd9330b:0x1c75aae719dd50cf</gx:fid>
				<LookAt>
					<longitude>123.6998464</longitude>
					<latitude>9.153751099999997</latitude>
					<altitude>0</altitude>
					<heading>0</heading>
					<tilt>0</tilt>
					<gx:fovy>35</gx:fovy>
					<range>1041.494766538786</range>
					<altitudeMode>relativeToGround</altitudeMode>
				</LookAt>
				<styleUrl>#__managed_style_33FF29916140DE0E6C28</styleUrl>
				<Point>
					<altitudeMode>relativeToGround</altitudeMode>
					<coordinates>123.6998464,9.153751099999999,0</coordinates>
				</Point>
			</Placemark>
			<Placemark id="0FFC86B0C63C50D5AED0">
				<gx:mid>/g/11dxx328gj</gx:mid>
				<gx:fid>0x33b654773f54e75f:0xc15927c258056569</gx:fid>
				<LookAt>
					<longitude>119.322386</longitude>
					<latitude>11.1554774</latitude>
					<altitude>0</altitude>
					<heading>0</heading>
					<tilt>0</tilt>
					<gx:fovy>35</gx:fovy>
					<range>1034.231842783451</range>
					<altitudeMode>relativeToGround</altitudeMode>
				</LookAt>
				<styleUrl>#__managed_style_0F9033FB4840DE0E6C26</styleUrl>
				<Point>
					<altitudeMode>relativeToGround</altitudeMode>
					<coordinates>119.322386,11.1554774,0</coordinates>
				</Point>
			</Placemark>
			<Placemark id="00EB80508C3C50EBF304">
				<gx:mid>/g/11d_dj6v3h</gx:mid>
				<gx:fid>0x33b6551414a44709:0xd8086f513f9e7606</gx:fid>
				<LookAt>
					<longitude>119.3903238</longitude>
					<latitude>11.1777107</latitude>
					<altitude>0</altitude>
					<heading>0</heading>
					<tilt>0</tilt>
					<gx:fovy>35</gx:fovy>
					<range>1034.143285898877</range>
					<altitudeMode>relativeToGround</altitudeMode>
				</LookAt>
				<styleUrl>#__managed_style_0F9033FB4840DE0E6C26</styleUrl>
				<Point>
					<altitudeMode>relativeToGround</altitudeMode>
					<coordinates>119.3898245472575,11.17767340667741,0</coordinates>
				</Point>
			</Placemark>
			<Placemark id="08C6A6D11A3C50EDDC74">
				<gx:mid>/g/11cjnnw9wh</gx:mid>
				<gx:fid>0x33b655be1e99de95:0x314adfe0f19d76c5</gx:fid>
				<LookAt>
					<longitude>119.3944573</longitude>
					<latitude>11.144803</latitude>
					<altitude>0</altitude>
					<heading>0</heading>
					<tilt>0</tilt>
					<gx:fovy>35</gx:fovy>
					<range>5600.252549684891</range>
					<altitudeMode>relativeToGround</altitudeMode>
				</LookAt>
				<styleUrl>#__managed_style_33FF29916140DE0E6C28</styleUrl>
				<Point>
					<altitudeMode>relativeToGround</altitudeMode>
					<coordinates>119.3944573,11.1448032,0</coordinates>
				</Point>
			</Placemark>
			<Placemark id="012C47CB2A3C50EE655F">
				<gx:mid>/g/12vt97dc3</gx:mid>
				<gx:fid>0x33b70778b8e77e77:0x1ca10e91bef9c5e0</gx:fid>
				<LookAt>
					<longitude>119.42200255</longitude>
					<latitude>11.31973595</latitude>
					<altitude>0</altitude>
					<heading>0</heading>
					<tilt>0</tilt>
					<gx:fovy>35</gx:fovy>
					<range>5595.676188617463</range>
					<altitudeMode>relativeToGround</altitudeMode>
				</LookAt>
				<styleUrl>#__managed_style_33FF29916140DE0E6C28</styleUrl>
				<Point>
					<altitudeMode>relativeToGround</altitudeMode>
					<coordinates>119.427758,11.3211895,0</coordinates>
				</Point>
			</Placemark>
			<Placemark id="094E950E763C50EEDEBB">
				<gx:mid>/g/11dxkl68ww</gx:mid>
				<gx:fid>0x33b65594f8a21cd1:0x753b395ed2a3bb83</gx:fid>
				<LookAt>
					<longitude>119.3968286</longitude>
					<latitude>11.1440792</latitude>
					<altitude>0</altitude>
					<heading>0</heading>
					<tilt>0</tilt>
					<gx:fovy>35</gx:fovy>
					<range>1034.2771757124</range>
					<altitudeMode>relativeToGround</altitudeMode>
				</LookAt>
				<styleUrl>#__managed_style_0F9033FB4840DE0E6C26</styleUrl>
				<Point>
					<altitudeMode>relativeToGround</altitudeMode>
					<coordinates>119.3968286,11.1440792,0</coordinates>
				</Point>
			</Placemark>
			<Placemark id="02A6D7D9CF3C50EFB9A1">
				<gx:mid>/g/12vrjv_ns</gx:mid>
				<gx:fid>0x33b70f3ffbd16a31:0xba2bd0acdfe481d</gx:fid>
				<LookAt>
					<longitude>119.53380355</longitude>
					<latitude>11.36966705</latitude>
					<altitude>0</altitude>
					<heading>0</heading>
					<tilt>0</tilt>
					<gx:fovy>35</gx:fovy>
					<range>2310.221595977892</range>
					<altitudeMode>relativeToGround</altitudeMode>
				</LookAt>
				<styleUrl>#__managed_style_0F9033FB4840DE0E6C26</styleUrl>
				<Point>
					<altitudeMode>relativeToGround</altitudeMode>
					<coordinates>119.535421,11.3726471,0</coordinates>
				</Point>
			</Placemark>
			<Placemark id="04A3E83AF83C50F1883B">
				<name>Haqqy Life El Nido (סוכנות סיורים לאיים)</name>
				<LookAt>
					<longitude>119.3918843</longitude>
					<latitude>11.1811869</latitude>
					<altitude>0</altitude>
					<heading>0</heading>
					<tilt>0</tilt>
					<gx:fovy>35</gx:fovy>
					<range>1034.129424329089</range>
					<altitudeMode>relativeToGround</altitudeMode>
				</LookAt>
				<styleUrl>#__managed_style_10AC113AF440DE0E6C30</styleUrl>
				<Point>
					<altitudeMode>relativeToGround</altitudeMode>
					<coordinates>119.3918843,11.1811869,0</coordinates>
				</Point>
			</Placemark>
			<Placemark id="0D687CF6553C50F35DF4">
				<gx:mid>/g/11gdt_gfjv</gx:mid>
				<gx:fid>0x33b7aaa86995c247:0x6ef654479d4ccef2</gx:fid>
				<LookAt>
					<longitude>119.4163346</longitude>
					<latitude>11.2086985</latitude>
					<altitude>0</altitude>
					<heading>0</heading>
					<tilt>0</tilt>
					<gx:fovy>35</gx:fovy>
					<range>5598.588991749762</range>
					<altitudeMode>relativeToGround</altitudeMode>
				</LookAt>
				<styleUrl>#__managed_style_33FF29916140DE0E6C28</styleUrl>
				<Point>
					<altitudeMode>relativeToGround</altitudeMode>
					<coordinates>119.4163346,11.2086987,0</coordinates>
				</Point>
			</Placemark>
			<Placemark id="02C78DC2A43C50F49A08">
				<gx:mid>/g/1jkwj2696</gx:mid>
				<gx:fid>0x33b652d9b662f181:0x578ef0e5f6ae0363</gx:fid>
				<LookAt>
					<longitude>119.2752761</longitude>
					<latitude>11.202688</latitude>
					<altitude>0</altitude>
					<heading>0</heading>
					<tilt>0</tilt>
					<gx:fovy>35</gx:fovy>
					<range>1034.043593542027</range>
					<altitudeMode>relativeToGround</altitudeMode>
				</LookAt>
				<styleUrl>#__managed_style_0F9033FB4840DE0E6C26</styleUrl>
				<Point>
					<altitudeMode>relativeToGround</altitudeMode>
					<coordinates>119.2752761,11.202688,0</coordinates>
				</Point>
			</Placemark>
			<Placemark id="0BD533CA2F3C50F598A7">
				<gx:mid>/g/11j8gv7zg1</gx:mid>
				<gx:fid>0x33b7ab2ccfd72eab:0x495d7297f93549c0</gx:fid>
				<LookAt>
					<longitude>119.3454484</longitude>
					<latitude>11.2146796</latitude>
					<altitude>0</altitude>
					<heading>0</heading>
					<tilt>0</tilt>
					<gx:fovy>35</gx:fovy>
					<range>1033.995653843017</range>
					<altitudeMode>relativeToGround</altitudeMode>
				</LookAt>
				<styleUrl>#__managed_style_0F9033FB4840DE0E6C26</styleUrl>
				<Point>
					<altitudeMode>relativeToGround</altitudeMode>
					<coordinates>119.3454484,11.2146796,0</coordinates>
				</Point>
			</Placemark>
			<Placemark id="01433390C53C50FDC440">
				<gx:mid>/g/12vqr80jn</gx:mid>
				<gx:fid>0x33b707d499db6fa9:0xbd47b43b593e8eaf</gx:fid>
				<LookAt>
					<longitude>119.46228505</longitude>
					<latitude>11.35306875</latitude>
					<altitude>0</altitude>
					<heading>0</heading>
					<tilt>0</tilt>
					<gx:fovy>35</gx:fovy>
					<range>2310.384424774382</range>
					<altitudeMode>relativeToGround</altitudeMode>
				</LookAt>
				<styleUrl>#__managed_style_33FF29916140DE0E6C28</styleUrl>
				<Point>
					<altitudeMode>relativeToGround</altitudeMode>
					<coordinates>119.4610951,11.3506359,0</coordinates>
				</Point>
			</Placemark>
			<Placemark id="0A9E46A3B23C50FF15CC">
				<gx:mid>/g/11c5h0jlb4</gx:mid>
				<gx:fid>0x33b6550d12ffffff:0x83bda899eaf91d05</gx:fid>
				<LookAt>
					<longitude>119.3969</longitude>
					<latitude>11.1657156</latitude>
					<altitude>0</altitude>
					<heading>0</heading>
					<tilt>0</tilt>
					<gx:fovy>35</gx:fovy>
					<range>1034.191084719613</range>
					<altitudeMode>relativeToGround</altitudeMode>
				</LookAt>
				<styleUrl>#__managed_style_0C4DD4FFF840DE0E6C24</styleUrl>
				<Point>
					<altitudeMode>relativeToGround</altitudeMode>
					<coordinates>119.3969,11.1657156,0</coordinates>
				</Point>
			</Placemark>
			<Placemark id="0632B0CAC03C50FF9D48">
				<gx:mid>/g/11kh_vzw_v</gx:mid>
				<gx:fid>0x33b6559407ec4fef:0x9d7453062399c166</gx:fid>
				<LookAt>
					<longitude>119.3971382</longitude>
					<latitude>11.1647157</latitude>
					<altitude>0</altitude>
					<heading>0</heading>
					<tilt>0</tilt>
					<gx:fovy>35</gx:fovy>
					<range>1034.195066914197</range>
					<altitudeMode>relativeToGround</altitudeMode>
				</LookAt>
				<styleUrl>#__managed_style_0C4DD4FFF840DE0E6C24</styleUrl>
				<Point>
					<altitudeMode>relativeToGround</altitudeMode>
					<coordinates>119.3971382,11.1647157,0</coordinates>
				</Point>
			</Placemark>
			<Placemark id="0305E99C393C5100451C">
				<gx:mid>/g/11k52p9f01</gx:mid>
				<gx:fid>0x33b6556752264135:0x42e487ece487136d</gx:fid>
				<LookAt>
					<longitude>119.3894111</longitude>
					<latitude>11.1799674</latitude>
					<altitude>0</altitude>
					<heading>0</heading>
					<tilt>0</tilt>
					<gx:fovy>35</gx:fovy>
					<range>1034.134287643895</range>
					<altitudeMode>relativeToGround</altitudeMode>
				</LookAt>
				<styleUrl>#__managed_style_11DF4C637540DE0E6C2C</styleUrl>
				<Point>
					<altitudeMode>relativeToGround</altitudeMode>
					<coordinates>119.3894111,11.1799674,0</coordinates>
				</Point>
			</Placemark>
			<Placemark id="0C51B3DC1D3C5100EFD3">
				<gx:mid>/g/11f2b0kj1b</gx:mid>
				<gx:fid>0x33b655158f61eb8f:0xf11be65e79146b76</gx:fid>
				<LookAt>
					<longitude>119.3910862</longitude>
					<latitude>11.1812208</latitude>
					<altitude>0</altitude>
					<heading>0</heading>
					<tilt>0</tilt>
					<gx:fovy>35</gx:fovy>
					<range>1034.129289129893</range>
					<altitudeMode>relativeToGround</altitudeMode>
				</LookAt>
				<styleUrl>#__managed_style_0C4DD4FFF840DE0E6C24</styleUrl>
				<Point>
					<altitudeMode>relativeToGround</altitudeMode>
					<coordinates>119.3910862,11.1812208,0</coordinates>
				</Point>
			</Placemark>
			<Placemark id="09AD3F5E9A3C51044129">
				<gx:mid>/g/11scfm64y5</gx:mid>
				<gx:fid>0x33b655b2a40e8ae7:0x2339c0dd72681047</gx:fid>
				<LookAt>
					<longitude>119.3963299</longitude>
					<latitude>11.1676379</latitude>
					<altitude>0</altitude>
					<heading>0</heading>
					<tilt>0</tilt>
					<gx:fovy>35</gx:fovy>
					<range>1034.183428000391</range>
					<altitudeMode>relativeToGround</altitudeMode>
				</LookAt>
				<styleUrl>#__managed_style_0E2BBF56DE40DE0E6C28</styleUrl>
				<Point>
					<altitudeMode>relativeToGround</altitudeMode>
					<coordinates>119.3963299,11.1676379,0</coordinates>
				</Point>
			</Placemark>
			<Placemark id="0D76F20DDC3C51084D48">
				<gx:mid>/g/11csc9dtk5</gx:mid>
				<gx:fid>0x33b652ddf2fb5a41:0xfc06424c8ff80385</gx:fid>
				<LookAt>
					<longitude>119.2714408</longitude>
					<latitude>11.1949183</latitude>
					<altitude>0</altitude>
					<heading>0</heading>
					<tilt>0</tilt>
					<gx:fovy>35</gx:fovy>
					<range>5598.948545646123</range>
					<altitudeMode>relativeToGround</altitudeMode>
				</LookAt>
				<styleUrl>#__managed_style_33FF29916140DE0E6C28</styleUrl>
				<Point>
					<altitudeMode>relativeToGround</altitudeMode>
					<coordinates>119.2714408,11.1949185,0</coordinates>
				</Point>
			</Placemark>
			<Placemark id="007AA040DC3C510C2F4C">
				<gx:mid>/g/11y30zv16y</gx:mid>
				<gx:fid>0x33b6552df322f63d:0x77e64c2bc311df9c</gx:fid>
				<LookAt>
					<longitude>119.388804</longitude>
					<latitude>11.1802859</latitude>
					<altitude>0</altitude>
					<heading>0</heading>
					<tilt>0</tilt>
					<gx:fovy>35</gx:fovy>
					<range>1034.133017529377</range>
					<altitudeMode>relativeToGround</altitudeMode>
				</LookAt>
				<styleUrl>#__managed_style_0C4DD4FFF840DE0E6C24</styleUrl>
				<Point>
					<altitudeMode>relativeToGround</altitudeMode>
					<coordinates>119.388804,11.1802859,0</coordinates>
				</Point>
			</Placemark>
			<Placemark id="031F66E5213C510F6B5C">
				<gx:mid>/g/11c20bkm6k</gx:mid>
				<gx:fid>0x33b655960a5212cf:0x163a6380a73ade28</gx:fid>
				<LookAt>
					<longitude>119.3961203</longitude>
					<latitude>11.1458374</latitude>
					<altitude>0</altitude>
					<heading>0</heading>
					<tilt>0</tilt>
					<gx:fovy>35</gx:fovy>
					<range>1034.270185958373</range>
					<altitudeMode>relativeToGround</altitudeMode>
				</LookAt>
				<styleUrl>#__managed_style_11DF4C637540DE0E6C2C</styleUrl>
				<Point>
					<altitudeMode>relativeToGround</altitudeMode>
					<coordinates>119.3961203,11.1458374,0</coordinates>
				</Point>
			</Placemark>
			<Placemark id="09D1B5AA3A3C51278F99">
				<gx:mid>/g/1232kj92w</gx:mid>
				<gx:fid>0x33ba1cf072263e0f:0x8b6d8e63f8314a74</gx:fid>
				<LookAt>
					<longitude>120.2170393</longitude>
					<latitude>11.952664</latitude>
					<altitude>0</altitude>
					<heading>0</heading>
					<tilt>0</tilt>
					<gx:fovy>35</gx:fovy>
					<range>1030.948864854849</range>
					<altitudeMode>relativeToGround</altitudeMode>
				</LookAt>
				<styleUrl>#__managed_style_0F9033FB4840DE0E6C26</styleUrl>
				<Point>
					<altitudeMode>relativeToGround</altitudeMode>
					<coordinates>120.216697,11.9550501,0</coordinates>
				</Point>
			</Placemark>
			<Placemark id="0296D82E733C5127FB71">
				<gx:mid>/g/11sgcr70rg</gx:mid>
				<gx:fid>0x33ba1d0cd171fadb:0x5d982357f5ef1b21</gx:fid>
				<LookAt>
					<longitude>120.2096798</longitude>
					<latitude>11.9476028</latitude>
					<altitude>0</altitude>
					<heading>0</heading>
					<tilt>0</tilt>
					<gx:fovy>35</gx:fovy>
					<range>1030.970405940288</range>
					<altitudeMode>relativeToGround</altitudeMode>
				</LookAt>
				<styleUrl>#__managed_style_0F9033FB4840DE0E6C26</styleUrl>
				<Point>
					<altitudeMode>relativeToGround</altitudeMode>
					<coordinates>120.2096798,11.9476028,0</coordinates>
				</Point>
			</Placemark>
			<Placemark id="0889220BEA3C512855F0">
				<gx:mid>/g/124t01xth</gx:mid>
				<gx:fid>0x33ba1cf30a2f9543:0x11a507bdcd7187ee</gx:fid>
				<LookAt>
					<longitude>120.22486725</longitude>
					<latitude>11.95374095</latitude>
					<altitude>0</altitude>
					<heading>0</heading>
					<tilt>0</tilt>
					<gx:fovy>35</gx:fovy>
					<range>2304.344690513198</range>
					<altitudeMode>relativeToGround</altitudeMode>
				</LookAt>
				<styleUrl>#__managed_style_0F9033FB4840DE0E6C26</styleUrl>
				<Point>
					<altitudeMode>relativeToGround</altitudeMode>
					<coordinates>120.2235047,11.9534132,0</coordinates>
				</Point>
			</Placemark>
			<Placemark id="064652B27D3C51294DA8">
				<gx:mid>/g/11y3wxg6y1</gx:mid>
				<gx:fid>0x33ba1d003a221e35:0x461b83a751ff8840</gx:fid>
				<LookAt>
					<longitude>120.1971882</longitude>
					<latitude>11.965223</latitude>
					<altitude>0</altitude>
					<heading>0</heading>
					<tilt>0</tilt>
					<gx:fovy>35</gx:fovy>
					<range>1030.895373749711</range>
					<altitudeMode>relativeToGround</altitudeMode>
				</LookAt>
				<styleUrl>#__managed_style_1D057C1E9840DE0E6C29</styleUrl>
				<Point>
					<altitudeMode>relativeToGround</altitudeMode>
					<coordinates>120.1971882,11.965223,0</coordinates>
				</Point>
			</Placemark>
			<Placemark id="0A06F5ED613C5129BEAB">
				<gx:mid>/g/11cfdmgr8</gx:mid>
				<gx:fid>0x33ba1c169fdb7339:0x7a4364fdf40171fd</gx:fid>
				<LookAt>
					<longitude>120.2306276</longitude>
					<latitude>11.9831304</latitude>
					<altitude>0</altitude>
					<heading>0</heading>
					<tilt>0</tilt>
					<gx:fovy>35</gx:fovy>
					<range>1030.819007989372</range>
					<altitudeMode>relativeToGround</altitudeMode>
				</LookAt>
				<styleUrl>#__managed_style_1D057C1E9840DE0E6C29</styleUrl>
				<Point>
					<altitudeMode>relativeToGround</altitudeMode>
					<coordinates>120.2306276,11.9831304,0</coordinates>
				</Point>
			</Placemark>
			<Placemark id="0E3B572AE13C512B2C33">
				<gx:mid>/g/11sx3rw1dg</gx:mid>
				<gx:fid>0x33ba1f0900f1b3e7:0x2f4bd548ede5d20c</gx:fid>
				<LookAt>
					<longitude>120.2048704</longitude>
					<latitude>12.0045971</latitude>
					<altitude>0</altitude>
					<heading>0</heading>
					<tilt>0</tilt>
					<gx:fovy>35</gx:fovy>
					<range>1030.727316763269</range>
					<altitudeMode>relativeToGround</altitudeMode>
				</LookAt>
				<styleUrl>#__managed_style_2649CAD44540DE0E6C28</styleUrl>
				<Point>
					<altitudeMode>relativeToGround</altitudeMode>
					<coordinates>120.2048704,12.0045971,0</coordinates>
				</Point>
			</Placemark>
			<Placemark id="07C92672513C512D44E0">
				<gx:mid>/g/11vz8bgmb0</gx:mid>
				<gx:fid>0x33ba1d006bca1d8f:0xa871791ab7a78c3d</gx:fid>
				<LookAt>
					<longitude>120.2019987</longitude>
					<latitude>12.0018828</latitude>
					<altitude>0</altitude>
					<heading>0</heading>
					<tilt>0</tilt>
					<gx:fovy>35</gx:fovy>
					<range>1030.738919263005</range>
					<altitudeMode>relativeToGround</altitudeMode>
				</LookAt>
				<styleUrl>#__managed_style_210298C5CD40DE0E6C24</styleUrl>
				<Point>
					<altitudeMode>relativeToGround</altitudeMode>
					<coordinates>120.2020069,12.0018851,0</coordinates>
				</Point>
			</Placemark>
			<Placemark id="0A608E8EA13C512DAEC4">
				<gx:mid>/g/11cn35kvp1</gx:mid>
				<gx:fid>0x33ba1dd47b1893e1:0x2bdd2d1ff68ccf7b</gx:fid>
				<LookAt>
					<longitude>120.2009705</longitude>
					<latitude>12.0005068</latitude>
					<altitude>0</altitude>
					<heading>0</heading>
					<tilt>0</tilt>
					<gx:fovy>35</gx:fovy>
					<range>1030.744800110683</range>
					<altitudeMode>relativeToGround</altitudeMode>
				</LookAt>
				<styleUrl>#__managed_style_210298C5CD40DE0E6C24</styleUrl>
				<Point>
					<altitudeMode>relativeToGround</altitudeMode>
					<coordinates>120.2009555,12.0005274,0</coordinates>
				</Point>
			</Placemark>
			<Placemark id="0609A2C5843C512E3B18">
				<gx:mid>/g/11q_mm2rg6</gx:mid>
				<gx:fid>0x33ba1da6a32663f7:0x96c9678f1f611cef</gx:fid>
				<LookAt>
					<longitude>120.2016639</longitude>
					<latitude>11.9994354</latitude>
					<altitude>0</altitude>
					<heading>0</heading>
					<tilt>0</tilt>
					<gx:fovy>35</gx:fovy>
					<range>1030.749378681314</range>
					<altitudeMode>relativeToGround</altitudeMode>
				</LookAt>
				<styleUrl>#__managed_style_210298C5CD40DE0E6C24</styleUrl>
				<Point>
					<altitudeMode>relativeToGround</altitudeMode>
					<coordinates>120.2016608,11.9994337,0</coordinates>
				</Point>
			</Placemark>
			<Placemark id="0CEBB30CF83C512EA7DC">
				<gx:mid>/g/11fp1qw8hs</gx:mid>
				<gx:fid>0x33ba1da66b147075:0xe651466b1caa05a5</gx:fid>
				<LookAt>
					<longitude>120.2013811</longitude>
					<latitude>11.9999447</latitude>
					<altitude>0</altitude>
					<heading>0</heading>
					<tilt>0</tilt>
					<gx:fovy>35</gx:fovy>
					<range>1030.747202264737</range>
					<altitudeMode>relativeToGround</altitudeMode>
				</LookAt>
				<styleUrl>#__managed_style_0C4DD4FFF840DE0E6C24</styleUrl>
				<Point>
					<altitudeMode>relativeToGround</altitudeMode>
					<coordinates>120.2013457,11.9999194,0</coordinates>
				</Point>
			</Placemark>
			<Placemark id="0B74072D703C512F3E0C">
				<gx:mid>/g/11cs0f11jf</gx:mid>
				<gx:fid>0x33ba1dd45f49eccf:0x3a6f79af2128ef55</gx:fid>
				<LookAt>
					<longitude>120.2018869</longitude>
					<latitude>12.0011638</latitude>
					<altitude>0</altitude>
					<heading>0</heading>
					<tilt>0</tilt>
					<gx:fovy>35</gx:fovy>
					<range>1030.741992258962</range>
					<altitudeMode>relativeToGround</altitudeMode>
				</LookAt>
				<styleUrl>#__managed_style_08A1330A8A40DE0E6C2F</styleUrl>
				<Point>
					<altitudeMode>relativeToGround</altitudeMode>
					<coordinates>120.2018652,12.0011526,0</coordinates>
				</Point>
			</Placemark>
			<Placemark id="0D546DC9C93C512F9EDC">
				<gx:mid>/g/11tjq_kztx</gx:mid>
				<gx:fid>0x33ba1d8c44ba9721:0xbe1c40e3a8dddd84</gx:fid>
				<LookAt>
					<longitude>120.2018637</longitude>
					<latitude>11.9989211</latitude>
					<altitude>0</altitude>
					<heading>0</heading>
					<tilt>0</tilt>
					<gx:fovy>35</gx:fovy>
					<range>1030.751576373149</range>
					<altitudeMode>relativeToGround</altitudeMode>
				</LookAt>
				<styleUrl>#__managed_style_0C4DD4FFF840DE0E6C24</styleUrl>
				<Point>
					<altitudeMode>relativeToGround</altitudeMode>
					<coordinates>120.2018637,11.9989211,0</coordinates>
				</Point>
			</Placemark>
			<Placemark id="052F23FEAC3C513014F9">
				<gx:mid>/g/11rjjw6_s9</gx:mid>
				<gx:fid>0x33ba1d0c890ac919:0x571cd50e6893f7ff</gx:fid>
				<LookAt>
					<longitude>120.2044982</longitude>
					<latitude>11.9982452</latitude>
					<altitude>0</altitude>
					<heading>0</heading>
					<tilt>0</tilt>
					<gx:fovy>35</gx:fovy>
					<range>1030.754464469615</range>
					<altitudeMode>relativeToGround</altitudeMode>
				</LookAt>
				<styleUrl>#__managed_style_0E81E0E64040DE0E6C29</styleUrl>
				<Point>
					<altitudeMode>relativeToGround</altitudeMode>
					<coordinates>120.2044982,11.9982452,0</coordinates>
				</Point>
			</Placemark>
			<Placemark id="00D95111013C513092A8">
				<gx:mid>/g/11f3pfq93y</gx:mid>
				<gx:fid>0x33ba1c2cba38909b:0xf30b5a873eba282b</gx:fid>
				<LookAt>
					<longitude>120.2054859</longitude>
					<latitude>11.9976765</latitude>
					<altitude>0</altitude>
					<heading>0</heading>
					<tilt>0</tilt>
					<gx:fovy>35</gx:fovy>
					<range>1030.756894381319</range>
					<altitudeMode>relativeToGround</altitudeMode>
				</LookAt>
				<styleUrl>#__managed_style_0C4DD4FFF840DE0E6C24</styleUrl>
				<Point>
					<altitudeMode>relativeToGround</altitudeMode>
					<coordinates>120.2054859,11.9976765,0</coordinates>
				</Point>
			</Placemark>
			<Placemark id="0ADE3822053C51318290">
				<gx:mid>/m/0dd2n7</gx:mid>
				<gx:fid>0x33b98b170fc9cc85:0xfd55c02977e8845a</gx:fid>
				<LookAt>
					<longitude>120.0987196</longitude>
					<latitude>12.1198332</latitude>
					<altitude>0</altitude>
					<heading>0</heading>
					<tilt>0</tilt>
					<gx:fovy>35</gx:fovy>
					<range>1030.232369071301</range>
					<altitudeMode>relativeToGround</altitudeMode>
				</LookAt>
				<styleUrl>#__managed_style_0208B7EC6B40DE0E6C2B</styleUrl>
				<Point>
					<altitudeMode>relativeToGround</altitudeMode>
					<coordinates>120.0987196,12.1198332,0</coordinates>
				</Point>
			</Placemark>
			<Placemark id="03DF06E94E3C5133B268">
				<gx:mid>/g/11c6sz_s_6</gx:mid>
				<gx:fid>0x33b9f0f7f9b88555:0xd19de4ac0ca8ca33</gx:fid>
				<LookAt>
					<longitude>120.0197141</longitude>
					<latitude>11.9755404</latitude>
					<altitude>0</altitude>
					<heading>0</heading>
					<tilt>0</tilt>
					<gx:fovy>35</gx:fovy>
					<range>1030.851389008099</range>
					<altitudeMode>relativeToGround</altitudeMode>
				</LookAt>
				<styleUrl>#__managed_style_1D057C1E9840DE0E6C29</styleUrl>
				<Point>
					<altitudeMode>relativeToGround</altitudeMode>
					<coordinates>120.0197141,11.9755404,0</coordinates>
				</Point>
			</Placemark>
			<Placemark id="0948B57DE83C5135ED70">
				<gx:mid>/g/1trtrvph</gx:mid>
				<gx:fid>0x33ba1dd39fe93a63:0x65d584471b99c32d</gx:fid>
				<LookAt>
					<longitude>120.2281506</longitude>
					<latitude>11.9915909</latitude>
					<altitude>0</altitude>
					<heading>0</heading>
					<tilt>0</tilt>
					<gx:fovy>35</gx:fovy>
					<range>1030.782889578121</range>
					<altitudeMode>relativeToGround</altitudeMode>
				</LookAt>
				<styleUrl>#__managed_style_1FBD7A58C740DE0E6C27</styleUrl>
				<Point>
					<altitudeMode>relativeToGround</altitudeMode>
					<coordinates>120.2281506,11.9915909,0</coordinates>
				</Point>
			</Placemark>
			<Placemark id="0E33BA6DB23C5137BBF1">
				<gx:mid>/g/11g__209x</gx:mid>
				<gx:fid>0x33ba1c03339c1373:0xd96012b4ecdb2c80</gx:fid>
				<LookAt>
					<longitude>120.239975</longitude>
					<latitude>11.9959707</latitude>
					<altitude>0</altitude>
					<heading>0</heading>
					<tilt>0</tilt>
					<gx:fovy>35</gx:fovy>
					<range>1030.764182160352</range>
					<altitudeMode>relativeToGround</altitudeMode>
				</LookAt>
				<styleUrl>#__managed_style_33FF29916140DE0E6C28</styleUrl>
				<Point>
					<altitudeMode>relativeToGround</altitudeMode>
					<coordinates>120.239975,11.9959707,0</coordinates>
				</Point>
			</Placemark>
			<Placemark id="024727CF013C513D69F0">
				<name>JY Travel and Tours - (סוכנות סיורים לאיים)</name>
				<LookAt>
					<longitude>120.2036842</longitude>
					<latitude>11.9981802</latitude>
					<altitude>0</altitude>
					<heading>0</heading>
					<tilt>0</tilt>
					<gx:fovy>35</gx:fovy>
					<range>1030.754742203915</range>
					<altitudeMode>relativeToGround</altitudeMode>
				</LookAt>
				<styleUrl>#__managed_style_10AC113AF440DE0E6C30</styleUrl>
				<Point>
					<altitudeMode>relativeToGround</altitudeMode>
					<coordinates>120.203689,11.9981536,0</coordinates>
				</Point>
			</Placemark>
			<Placemark id="0F9A8572383C513FD1B0">
				<gx:mid>/g/1thl2z52</gx:mid>
				<gx:fid>0x33b9ffcaa862239d:0x3517940650026965</gx:fid>
				<LookAt>
					<longitude>120.11346625</longitude>
					<latitude>11.79071995</latitude>
					<altitude>0</altitude>
					<heading>0</heading>
					<tilt>0</tilt>
					<gx:fovy>35</gx:fovy>
					<range>1031.633700608984</range>
					<altitudeMode>relativeToGround</altitudeMode>
				</LookAt>
				<styleUrl>#__managed_style_0F9033FB4840DE0E6C26</styleUrl>
				<Point>
					<altitudeMode>relativeToGround</altitudeMode>
					<coordinates>120.1149007,11.7912844,0</coordinates>
				</Point>
			</Placemark>
			<Placemark id="0AFD97BA393C514019F6">
				<gx:mid>/g/1ydp4xpy9</gx:mid>
				<gx:fid>0x33b75452c4d53e79:0xa12abef17b671a6c</gx:fid>
				<LookAt>
					<longitude>120.1038909</longitude>
					<latitude>11.7309489</latitude>
					<altitude>0</altitude>
					<heading>0</heading>
					<tilt>0</tilt>
					<gx:fovy>35</gx:fovy>
					<range>5584.647561291931</range>
					<altitudeMode>relativeToGround</altitudeMode>
				</LookAt>
				<styleUrl>#__managed_style_0F9033FB4840DE0E6C26</styleUrl>
				<Point>
					<altitudeMode>relativeToGround</altitudeMode>
					<coordinates>120.1055155,11.7295903,0</coordinates>
				</Point>
			</Placemark>
			<Placemark id="07D9A98C983C51405B11">
				<gx:mid>/g/11f__269wr</gx:mid>
				<gx:fid>0x33b9ffc266761133:0xef0b273dee8f1cfa</gx:fid>
				<LookAt>
					<longitude>120.1347482</longitude>
					<latitude>11.7812678</latitude>
					<altitude>0</altitude>
					<heading>0</heading>
					<tilt>0</tilt>
					<gx:fovy>35</gx:fovy>
					<range>1031.67339044734</range>
					<altitudeMode>relativeToGround</altitudeMode>
				</LookAt>
				<styleUrl>#__managed_style_0F9033FB4840DE0E6C26</styleUrl>
				<Point>
					<altitudeMode>relativeToGround</altitudeMode>
					<coordinates>120.1347482,11.7812678,0</coordinates>
				</Point>
			</Placemark>
			<Placemark id="01E5DC867D3C51422201">
				<gx:mid>/g/11cs39164n</gx:mid>
				<gx:fid>0x33ba1c2cffffffff:0xc7863c7225fc75a0</gx:fid>
				<LookAt>
					<longitude>120.2017667</longitude>
					<latitude>11.995936</latitude>
					<altitude>0</altitude>
					<heading>0</heading>
					<tilt>0</tilt>
					<gx:fovy>35</gx:fovy>
					<range>1030.764330400491</range>
					<altitudeMode>relativeToGround</altitudeMode>
				</LookAt>
				<styleUrl>#__managed_style_0F9033FB4840DE0E6C26</styleUrl>
				<Point>
					<altitudeMode>relativeToGround</altitudeMode>
					<coordinates>120.2017667,11.995936,0</coordinates>
				</Point>
			</Placemark>
			<Placemark id="01A5D9AAD83C5142D750">
				<gx:mid>/g/11s65fhgj5</gx:mid>
				<gx:fid>0x33ba1d72fd5c6c49:0xc30e80fd2aba42ee</gx:fid>
				<LookAt>
					<longitude>120.2039946</longitude>
					<latitude>11.9979942</latitude>
					<altitude>0</altitude>
					<heading>0</heading>
					<tilt>0</tilt>
					<gx:fovy>35</gx:fovy>
					<range>1030.755536943184</range>
					<altitudeMode>relativeToGround</altitudeMode>
				</LookAt>
				<styleUrl>#__managed_style_0C4DD4FFF840DE0E6C24</styleUrl>
				<Point>
					<altitudeMode>relativeToGround</altitudeMode>
					<coordinates>120.2040042,11.9979949,0</coordinates>
				</Point>
			</Placemark>
			<Placemark id="071D0BA2673C5143C12C">
				<gx:mid>/g/11lf3df200</gx:mid>
				<gx:fid>0x33ba1d22e53c2793:0xf3ba874aa434df0</gx:fid>
				<LookAt>
					<longitude>120.2038878</longitude>
					<latitude>11.9982884</latitude>
					<altitude>0</altitude>
					<heading>0</heading>
					<tilt>0</tilt>
					<gx:fovy>35</gx:fovy>
					<range>1030.754279882314</range>
					<altitudeMode>relativeToGround</altitudeMode>
				</LookAt>
				<styleUrl>#__managed_style_0C4DD4FFF840DE0E6C24</styleUrl>
				<Point>
					<altitudeMode>relativeToGround</altitudeMode>
					<coordinates>120.2038878,11.9982884,0</coordinates>
				</Point>
			</Placemark>
			<Placemark id="0D1DC7B0533C5162B754">
				<gx:mid>/g/11s3wt0g78</gx:mid>
				<gx:fid>0x33b655bb8d050cd9:0xc7e6d51eecb574d9</gx:fid>
				<LookAt>
					<longitude>119.3908073</longitude>
					<latitude>11.1810162</latitude>
					<altitude>0</altitude>
					<heading>0</heading>
					<tilt>0</tilt>
					<gx:fovy>35</gx:fovy>
					<range>1034.130105104786</range>
					<altitudeMode>relativeToGround</altitudeMode>
				</LookAt>
				<styleUrl>#__managed_style_1EFD963F7340DE0E6C28</styleUrl>
				<Point>
					<altitudeMode>relativeToGround</altitudeMode>
					<coordinates>119.3908014,11.1810257,0</coordinates>
				</Point>
			</Placemark>
			<Placemark id="02A1146A513C5163B1B0">
				<gx:mid>/g/11fkf07jcc</gx:mid>
				<gx:fid>0x33b6557d0ea13315:0x22f4f1e838d0df6f</gx:fid>
				<LookAt>
					<longitude>119.391117</longitude>
					<latitude>11.1809948</latitude>
					<altitude>0</altitude>
					<heading>0</heading>
					<tilt>0</tilt>
					<gx:fovy>35</gx:fovy>
					<range>1034.130190450289</range>
					<altitudeMode>relativeToGround</altitudeMode>
				</LookAt>
				<styleUrl>#__managed_style_0E81E0E64040DE0E6C29</styleUrl>
				<Point>
					<altitudeMode>relativeToGround</altitudeMode>
					<coordinates>119.391132,11.1809681,0</coordinates>
				</Point>
			</Placemark>
			<Placemark id="008C3FBEC13C5164347E">
				<gx:mid>/g/11sc4gpk7h</gx:mid>
				<gx:fid>0x33b65553ddb7504d:0x4cb70b80261ecdc0</gx:fid>
				<LookAt>
					<longitude>119.3905258</longitude>
					<latitude>11.1805962</latitude>
					<altitude>0</altitude>
					<heading>0</heading>
					<tilt>0</tilt>
					<gx:fovy>35</gx:fovy>
					<range>1034.131780080752</range>
					<altitudeMode>relativeToGround</altitudeMode>
				</LookAt>
				<styleUrl>#__managed_style_0E81E0E64040DE0E6C29</styleUrl>
				<Point>
					<altitudeMode>relativeToGround</altitudeMode>
					<coordinates>119.3905264,11.1805919,0</coordinates>
				</Point>
			</Placemark>
			<Placemark id="0C15A861A43C5164C198">
				<gx:mid>/g/11xvdy4x2n</gx:mid>
				<gx:fid>0x33b655006a00e4a7:0x44e61a1265c5c470</gx:fid>
				<LookAt>
					<longitude>119.3907354</longitude>
					<latitude>11.1809148</latitude>
					<altitude>0</altitude>
					<heading>0</heading>
					<tilt>0</tilt>
					<gx:fovy>35</gx:fovy>
					<range>1034.130509497482</range>
					<altitudeMode>relativeToGround</altitudeMode>
				</LookAt>
				<styleUrl>#__managed_style_3CFDBA907B40DE0E6C2C</styleUrl>
				<Point>
					<altitudeMode>relativeToGround</altitudeMode>
					<coordinates>119.3907354,11.1809148,0</coordinates>
				</Point>
			</Placemark>
			<Placemark id="006A4EBB4C3C5164F8AF">
				<name>Hama Walking Street</name>
				<LookAt>
					<longitude>119.3908419302506</longitude>
					<latitude>11.18100924328775</latitude>
					<altitude>5.722582195136696</altitude>
					<heading>358.990710473733</heading>
					<tilt>0</tilt>
					<gx:fovy>35</gx:fovy>
					<range>683.8746773590539</range>
					<altitudeMode>absolute</altitudeMode>
				</LookAt>
				<styleUrl>#__managed_style_3FFEF5CA9940DE0E6C26</styleUrl>
				<LineString>
					<coordinates>
						119.3893390009729,11.18025444868876,0 119.3905483440973,11.18077300179298,0 119.3915279689702,11.18144778034918,0 119.3917384920403,11.18162773290396,0 
					</coordinates>
				</LineString>
			</Placemark>
			<Placemark id="0E0E7889F53C516603C8">
				<gx:mid>/g/11txzzv5d8</gx:mid>
				<gx:fid>0x33aed17287ffd467:0x12fa9b8003cb02d7</gx:fid>
				<LookAt>
					<longitude>119.3905147</longitude>
					<latitude>11.1806806</latitude>
					<altitude>0</altitude>
					<heading>0</heading>
					<tilt>0</tilt>
					<gx:fovy>35</gx:fovy>
					<range>1034.13144349529</range>
					<altitudeMode>relativeToGround</altitudeMode>
				</LookAt>
				<styleUrl>#__managed_style_0E2BBF56DE40DE0E6C28</styleUrl>
				<Point>
					<altitudeMode>relativeToGround</altitudeMode>
					<coordinates>119.3905147,11.1806806,0</coordinates>
				</Point>
			</Placemark>
			<Placemark id="0A04CD79AD3C516704C4">
				<gx:mid>/g/11byxgffc5</gx:mid>
				<gx:fid>0x33b65515924f34f3:0x6aadc26f218305f2</gx:fid>
				<LookAt>
					<longitude>119.3906084</longitude>
					<latitude>11.1809181</latitude>
					<altitude>0</altitude>
					<heading>0</heading>
					<tilt>0</tilt>
					<gx:fovy>35</gx:fovy>
					<range>1034.13049633683</range>
					<altitudeMode>relativeToGround</altitudeMode>
				</LookAt>
				<styleUrl>#__managed_style_11DF4C637540DE0E6C2C</styleUrl>
				<Point>
					<altitudeMode>relativeToGround</altitudeMode>
					<coordinates>119.3906084,11.1809181,0</coordinates>
				</Point>
			</Placemark>
			<Placemark id="01E65F27723C516885EC">
				<gx:mid>/g/11vjc2rsjw</gx:mid>
				<gx:fid>0x33b6557e57f03189:0x38f8906847bc3d7e</gx:fid>
				<LookAt>
					<longitude>119.3928057</longitude>
					<latitude>11.1838006</latitude>
					<altitude>0</altitude>
					<heading>0</heading>
					<tilt>0</tilt>
					<gx:fovy>35</gx:fovy>
					<range>1034.118999253705</range>
					<altitudeMode>relativeToGround</altitudeMode>
				</LookAt>
				<styleUrl>#__managed_style_210298C5CD40DE0E6C24</styleUrl>
				<Point>
					<altitudeMode>relativeToGround</altitudeMode>
					<coordinates>119.3928057,11.1838006,0</coordinates>
				</Point>
			</Placemark>
			<Placemark id="080E9AF7823C516911E9">
				<gx:mid>/g/11c2jv1dlt</gx:mid>
				<gx:fid>0x33b655160d6faaaf:0xd6568403a1d122cc</gx:fid>
				<LookAt>
					<longitude>119.3882846</longitude>
					<latitude>11.1802984</latitude>
					<altitude>0</altitude>
					<heading>0</heading>
					<tilt>0</tilt>
					<gx:fovy>35</gx:fovy>
					<range>1034.132967681145</range>
					<altitudeMode>relativeToGround</altitudeMode>
				</LookAt>
				<styleUrl>#__managed_style_210298C5CD40DE0E6C24</styleUrl>
				<Point>
					<altitudeMode>relativeToGround</altitudeMode>
					<coordinates>119.3882846,11.1802984,0</coordinates>
				</Point>
			</Placemark>
			<Placemark id="0852393C4C3C5169B88E">
				<gx:mid>/g/11t27j882v</gx:mid>
				<gx:fid>0x33b65586c7983f59:0xd4dc7800de1c03c</gx:fid>
				<LookAt>
					<longitude>119.389547</longitude>
					<latitude>11.1796505</latitude>
					<altitude>0</altitude>
					<heading>0</heading>
					<tilt>0</tilt>
					<gx:fovy>35</gx:fovy>
					<range>1034.135551342769</range>
					<altitudeMode>relativeToGround</altitudeMode>
				</LookAt>
				<styleUrl>#__managed_style_210298C5CD40DE0E6C24</styleUrl>
				<Point>
					<altitudeMode>relativeToGround</altitudeMode>
					<coordinates>119.389547,11.1796505,0</coordinates>
				</Point>
			</Placemark>
			<Placemark id="007489D3B73C516A4EF0">
				<gx:mid>/g/12qgp7l0l</gx:mid>
				<gx:fid>0x33b655166f0af4e1:0x6e9609ba3a4efec8</gx:fid>
				<LookAt>
					<longitude>119.3879394</longitude>
					<latitude>11.1801397</latitude>
					<altitude>0</altitude>
					<heading>0</heading>
					<tilt>0</tilt>
					<gx:fovy>35</gx:fovy>
					<range>1034.133600550235</range>
					<altitudeMode>relativeToGround</altitudeMode>
				</LookAt>
				<styleUrl>#__managed_style_210298C5CD40DE0E6C24</styleUrl>
				<Point>
					<altitudeMode>relativeToGround</altitudeMode>
					<coordinates>119.3879433,11.1801008,0</coordinates>
				</Point>
			</Placemark>
			<Placemark id="0972D8A7A33C516AD107">
				<gx:mid>/g/11tk9wcd3h</gx:mid>
				<gx:fid>0x33b655fecf7a27af:0x6b111a0709850746</gx:fid>
				<LookAt>
					<longitude>119.3922543</longitude>
					<latitude>11.1827629</latitude>
					<altitude>0</altitude>
					<heading>0</heading>
					<tilt>0</tilt>
					<gx:fovy>35</gx:fovy>
					<range>1034.123138537916</range>
					<altitudeMode>relativeToGround</altitudeMode>
				</LookAt>
				<styleUrl>#__managed_style_210298C5CD40DE0E6C24</styleUrl>
				<Point>
					<altitudeMode>relativeToGround</altitudeMode>
					<coordinates>119.3922308,11.1827761,0</coordinates>
				</Point>
			</Placemark>
			<Placemark id="0F0C71DBAC3C516B9D69">
				<gx:mid>/g/11ld99tp1l</gx:mid>
				<gx:fid>0x33b655fe3a8a18a1:0x6e898505f81df79e</gx:fid>
				<LookAt>
					<longitude>119.3932183</longitude>
					<latitude>11.1836798</latitude>
					<altitude>0</altitude>
					<heading>0</heading>
					<tilt>0</tilt>
					<gx:fovy>35</gx:fovy>
					<range>1034.119481132479</range>
					<altitudeMode>relativeToGround</altitudeMode>
				</LookAt>
				<styleUrl>#__managed_style_0C4DD4FFF840DE0E6C24</styleUrl>
				<Point>
					<altitudeMode>relativeToGround</altitudeMode>
					<coordinates>119.3932183,11.1836798,0</coordinates>
				</Point>
			</Placemark>
			<Placemark id="08D27353D53C5185DC5C">
				<name>D&apos;mall</name>
				<LookAt>
					<longitude>121.9268693093351</longitude>
					<latitude>11.96327305797878</latitude>
					<altitude>7.560042088992398</altitude>
					<heading>353.9853306944844</heading>
					<tilt>0</tilt>
					<gx:fovy>35</gx:fovy>
					<range>916.2117079268503</range>
					<altitudeMode>absolute</altitudeMode>
				</LookAt>
				<styleUrl>#__managed_style_09AE1AE39E40DE0E6C2C</styleUrl>
				<LineString>
					<coordinates>
						121.9264246510233,11.96318271105946,0 121.9261663027768,11.96301599344848,0 121.9261091398381,11.9629326197239,0 121.9257798673659,11.96272581063221,0 121.9253936104343,11.96247433129201,0 121.9251464641925,11.9622765745159,0 121.9249445911919,11.96210389253486,0 
					</coordinates>
				</LineString>
			</Placemark>
			<Placemark id="099346DCBB3C51880E19">
				<gx:mid>/g/11by_z8cky</gx:mid>
				<gx:fid>0x33a53c411f6501b3:0x2fed452a7ac9366d</gx:fid>
				<LookAt>
					<longitude>121.9287888</longitude>
					<latitude>11.9768779</latitude>
					<altitude>0</altitude>
					<heading>0</heading>
					<tilt>0</tilt>
					<gx:fovy>35</gx:fovy>
					<range>1030.845684320266</range>
					<altitudeMode>relativeToGround</altitudeMode>
				</LookAt>
				<styleUrl>#__managed_style_2649CAD44540DE0E6C28</styleUrl>
				<Point>
					<altitudeMode>relativeToGround</altitudeMode>
					<coordinates>121.9287888,11.9768779,0</coordinates>
				</Point>
			</Placemark>
			<Placemark id="00F70CC99B3C51886A2E">
				<gx:mid>/g/11yj74c_xz</gx:mid>
				<gx:fid>0x33a53d004fe1377b:0x6dcadd7ba836065d</gx:fid>
				<LookAt>
					<longitude>121.9296897</longitude>
					<latitude>11.981991</latitude>
					<altitude>0</altitude>
					<heading>0</heading>
					<tilt>0</tilt>
					<gx:fovy>35</gx:fovy>
					<range>1030.823870259244</range>
					<altitudeMode>relativeToGround</altitudeMode>
				</LookAt>
				<styleUrl>#__managed_style_0F9033FB4840DE0E6C26</styleUrl>
				<Point>
					<altitudeMode>relativeToGround</altitudeMode>
					<coordinates>121.9296897,11.981991,0</coordinates>
				</Point>
			</Placemark>
			<Placemark id="0C927AF7ED3C51EAE044">
				<name>D&apos;mall</name>
				<LookAt>
					<longitude>121.9254006771964</longitude>
					<latitude>11.96264374517343</latitude>
					<altitude>10.34826582721345</altitude>
					<heading>0</heading>
					<tilt>0</tilt>
					<gx:fovy>35</gx:fovy>
					<range>974.642714044021</range>
					<altitudeMode>absolute</altitudeMode>
				</LookAt>
				<styleUrl>#__managed_style_09AE1AE39E40DE0E6C2C</styleUrl>
				<LineString>
					<coordinates>
						121.9268631610886,11.96245014841593,0 121.9265481053179,11.96230612684464,0 121.9261476254497,11.96198621081569,0 121.925851732348,11.96184284354737,0 121.9252425535042,11.96157403091943,0 
					</coordinates>
				</LineString>
			</Placemark>
			<Placemark id="017943B0303C5711F15C">
				<gx:mid>/g/11cfhpdfv</gx:mid>
				<gx:fid>0x33a53c1291734c89:0x9d59764264cb4756</gx:fid>
				<LookAt>
					<longitude>121.9116677</longitude>
					<latitude>11.9762953</latitude>
					<altitude>0</altitude>
					<heading>0</heading>
					<tilt>0</tilt>
					<gx:fovy>35</gx:fovy>
					<range>1030.848169294749</range>
					<altitudeMode>relativeToGround</altitudeMode>
				</LookAt>
				<styleUrl>#__managed_style_33FF29916140DE0E6C28</styleUrl>
				<Point>
					<altitudeMode>relativeToGround</altitudeMode>
					<coordinates>121.9116677,11.9762953,0</coordinates>
				</Point>
			</Placemark>
			<Placemark id="04005569743C571272FB">
				<gx:mid>/g/11vc5c87rg</gx:mid>
				<gx:fid>0x33a53d4797df59ff:0xde192304fa8a5b46</gx:fid>
				<LookAt>
					<longitude>121.9097599</longitude>
					<latitude>11.9772705</latitude>
					<altitude>0</altitude>
					<heading>0</heading>
					<tilt>0</tilt>
					<gx:fovy>35</gx:fovy>
					<range>1030.844009689729</range>
					<altitudeMode>relativeToGround</altitudeMode>
				</LookAt>
				<styleUrl>#__managed_style_2649CAD44540DE0E6C28</styleUrl>
				<Point>
					<altitudeMode>relativeToGround</altitudeMode>
					<coordinates>121.9097599,11.9772705,0</coordinates>
				</Point>
			</Placemark>
			<Placemark id="0B61E0827E3C57155DDB">
				<gx:mid>/g/1hm4913kq</gx:mid>
				<gx:fid>0x33a53c22c3a8466b:0x443e5166ae9cf4b2</gx:fid>
				<LookAt>
					<longitude>121.929614</longitude>
					<latitude>11.9524438</latitude>
					<altitude>0</altitude>
					<heading>0</heading>
					<tilt>0</tilt>
					<gx:fovy>35</gx:fovy>
					<range>5578.549935763724</range>
					<altitudeMode>relativeToGround</altitudeMode>
				</LookAt>
				<styleUrl>#__managed_style_33FF29916140DE0E6C28</styleUrl>
				<Point>
					<altitudeMode>relativeToGround</altitudeMode>
					<coordinates>121.929614,11.952444,0</coordinates>
				</Point>
			</Placemark>
			<Placemark id="0A46115D2B3C571676F9">
				<gx:mid>/g/11v9kd5gc0</gx:mid>
				<gx:fid>0x33a53d4451f0875f:0x528f7a6c6b80d1fa</gx:fid>
				<LookAt>
					<longitude>121.9253643</longitude>
					<latitude>11.9961492</latitude>
					<altitude>0</altitude>
					<heading>0</heading>
					<tilt>0</tilt>
					<gx:fovy>35</gx:fovy>
					<range>1030.763419592794</range>
					<altitudeMode>relativeToGround</altitudeMode>
				</LookAt>
				<styleUrl>#__managed_style_0F9033FB4840DE0E6C26</styleUrl>
				<Point>
					<altitudeMode>relativeToGround</altitudeMode>
					<coordinates>121.9253643,11.9961492,0</coordinates>
				</Point>
			</Placemark>
			<Placemark id="04C94B0FBF3C57189A08">
				<gx:mid>/g/11ny0cvbxs</gx:mid>
				<gx:fid>0x33a53dbd996349ef:0x673fb02a778b9158</gx:fid>
				<LookAt>
					<longitude>121.9257323</longitude>
					<latitude>11.9836273</latitude>
					<altitude>0</altitude>
					<heading>0</heading>
					<tilt>0</tilt>
					<gx:fovy>35</gx:fovy>
					<range>1030.816887379479</range>
					<altitudeMode>relativeToGround</altitudeMode>
				</LookAt>
				<styleUrl>#__managed_style_33FF29916140DE0E6C28</styleUrl>
				<Point>
					<altitudeMode>relativeToGround</altitudeMode>
					<coordinates>121.9257323,11.9836273,0</coordinates>
				</Point>
			</Placemark>
			<Placemark id="0DA50E0A353C57193933">
				<gx:mid>/g/11hf89hjy0</gx:mid>
				<gx:fid>0x33a53d72b7acfaa3:0xc9809eafc9563a5b</gx:fid>
				<LookAt>
					<longitude>121.9123934</longitude>
					<latitude>11.9948637</latitude>
					<altitude>0</altitude>
					<heading>0</heading>
					<tilt>0</tilt>
					<gx:fovy>35</gx:fovy>
					<range>1030.768911113531</range>
					<altitudeMode>relativeToGround</altitudeMode>
				</LookAt>
				<styleUrl>#__managed_style_33FF29916140DE0E6C28</styleUrl>
				<Point>
					<altitudeMode>relativeToGround</altitudeMode>
					<coordinates>121.9123934,11.9948637,0</coordinates>
				</Point>
			</Placemark>
			<Placemark id="0695F833BD3C5719999E">
				<gx:mid>/g/1pycgl_1w</gx:mid>
				<gx:fid>0x33a53c3b63779a11:0x2a8767be81fd4d46</gx:fid>
				<LookAt>
					<longitude>121.9303202</longitude>
					<latitude>11.96559975</latitude>
					<altitude>0</altitude>
					<heading>0</heading>
					<tilt>0</tilt>
					<gx:fovy>35</gx:fovy>
					<range>2304.222408440788</range>
					<altitudeMode>relativeToGround</altitudeMode>
				</LookAt>
				<styleUrl>#__managed_style_33FF29916140DE0E6C28</styleUrl>
				<Point>
					<altitudeMode>relativeToGround</altitudeMode>
					<coordinates>121.9273114,11.9692679,0</coordinates>
				</Point>
			</Placemark>
			<Placemark id="013FDFC2913C571B364F">
				<gx:mid>/g/11hbfjhb31</gx:mid>
				<gx:fid>0x33a53c0d644cc5c7:0xffef6d4cc807c0c1</gx:fid>
				<LookAt>
					<longitude>121.9126459</longitude>
					<latitude>11.9745397</latitude>
					<altitude>0</altitude>
					<heading>0</heading>
					<tilt>0</tilt>
					<gx:fovy>35</gx:fovy>
					<range>1030.855656774214</range>
					<altitudeMode>relativeToGround</altitudeMode>
				</LookAt>
				<styleUrl>#__managed_style_2649CAD44540DE0E6C28</styleUrl>
				<Point>
					<altitudeMode>relativeToGround</altitudeMode>
					<coordinates>121.9126459,11.9745397,0</coordinates>
				</Point>
			</Placemark>
			<Placemark id="07ABC1B2193C571C174F">
				<gx:mid>/g/11xtznkkmn</gx:mid>
				<gx:fid>0x33a53f003025843f:0x89f522c647fb9f97</gx:fid>
				<LookAt>
					<longitude>121.9310177</longitude>
					<latitude>11.9489912</latitude>
					<altitude>0</altitude>
					<heading>0</heading>
					<tilt>0</tilt>
					<gx:fovy>35</gx:fovy>
					<range>1030.96449762673</range>
					<altitudeMode>relativeToGround</altitudeMode>
				</LookAt>
				<styleUrl>#__managed_style_33FF29916140DE0E6C28</styleUrl>
				<Point>
					<altitudeMode>relativeToGround</altitudeMode>
					<coordinates>121.9310177,11.9489912,0</coordinates>
				</Point>
			</Placemark>
			<Placemark id="0B65A66FDD3C571D4A24">
				<gx:mid>/g/12qfp6vwf</gx:mid>
				<gx:fid>0x33a53c229b50986f:0x7bde5179d66ada66</gx:fid>
				<LookAt>
					<longitude>121.9247587</longitude>
					<latitude>11.9614236</latitude>
					<altitude>0</altitude>
					<heading>0</heading>
					<tilt>0</tilt>
					<gx:fovy>35</gx:fovy>
					<range>1030.911561882504</range>
					<altitudeMode>relativeToGround</altitudeMode>
				</LookAt>
				<styleUrl>#__managed_style_0C4DD4FFF840DE0E6C24</styleUrl>
				<Point>
					<altitudeMode>relativeToGround</altitudeMode>
					<coordinates>121.9247587,11.9614236,0</coordinates>
				</Point>
			</Placemark>
			<Placemark id="0C4FD7AADD3C571DE0EC">
				<gx:mid>/g/11c30_vc8j</gx:mid>
				<gx:fid>0x33a53c21938d182d:0x3a94e58480737baf</gx:fid>
				<LookAt>
					<longitude>121.9262307</longitude>
					<latitude>11.9588572</latitude>
					<altitude>0</altitude>
					<heading>0</heading>
					<tilt>0</tilt>
					<gx:fovy>35</gx:fovy>
					<range>1030.922493722952</range>
					<altitudeMode>relativeToGround</altitudeMode>
				</LookAt>
				<styleUrl>#__managed_style_0E81E0E64040DE0E6C29</styleUrl>
				<Point>
					<altitudeMode>relativeToGround</altitudeMode>
					<coordinates>121.9262307,11.9588572,0</coordinates>
				</Point>
			</Placemark>
			<Placemark id="0892873D833C571E52A8">
				<gx:mid>/g/11csbfcvyc</gx:mid>
				<gx:fid>0x33a53c6955555555:0xb706f4997d0db8c2</gx:fid>
				<LookAt>
					<longitude>121.9242003</longitude>
					<latitude>11.962015</latitude>
					<altitude>0</altitude>
					<heading>0</heading>
					<tilt>0</tilt>
					<gx:fovy>35</gx:fovy>
					<range>1030.909042429751</range>
					<altitudeMode>relativeToGround</altitudeMode>
				</LookAt>
				<styleUrl>#__managed_style_0E81E0E64040DE0E6C29</styleUrl>
				<Point>
					<altitudeMode>relativeToGround</altitudeMode>
					<coordinates>121.9242003,11.962015,0</coordinates>
				</Point>
			</Placemark>
			<Placemark id="00802257A53C57216591">
				<gx:mid>/g/11xz0sx4h0</gx:mid>
				<gx:fid>0x33a53d0012f43dc5:0x787b14ab8ae63746</gx:fid>
				<LookAt>
					<longitude>121.9146244</longitude>
					<latitude>11.9740792</latitude>
					<altitude>0</altitude>
					<heading>0</heading>
					<tilt>0</tilt>
					<gx:fovy>35</gx:fovy>
					<range>1030.857620588805</range>
					<altitudeMode>relativeToGround</altitudeMode>
				</LookAt>
				<styleUrl>#__managed_style_33FF29916140DE0E6C28</styleUrl>
				<Point>
					<altitudeMode>relativeToGround</altitudeMode>
					<coordinates>121.9146244,11.9740792,0</coordinates>
				</Point>
			</Placemark>
			<Placemark id="093E61707A3C57225631">
				<gx:mid>/g/11c0vytj5g</gx:mid>
				<gx:fid>0x33a53c112b9a189f:0xa3279f46bdb39e64</gx:fid>
				<LookAt>
					<longitude>121.9187134</longitude>
					<latitude>11.9682252</latitude>
					<altitude>0</altitude>
					<heading>0</heading>
					<tilt>0</tilt>
					<gx:fovy>35</gx:fovy>
					<range>1030.882578703748</range>
					<altitudeMode>relativeToGround</altitudeMode>
				</LookAt>
				<styleUrl>#__managed_style_0F9033FB4840DE0E6C26</styleUrl>
				<Point>
					<altitudeMode>relativeToGround</altitudeMode>
					<coordinates>121.9187134,11.9682252,0</coordinates>
				</Point>
			</Placemark>
			<Placemark id="087D2D344C3C572485C4">
				<gx:mid>/g/11vjnlbw8q</gx:mid>
				<gx:fid>0x33a53d8b14a11e0f:0x207412ed31b245</gx:fid>
				<LookAt>
					<longitude>121.9325972</longitude>
					<latitude>11.9603339</latitude>
					<altitude>0</altitude>
					<heading>0</heading>
					<tilt>0</tilt>
					<gx:fovy>35</gx:fovy>
					<range>1030.916203849611</range>
					<altitudeMode>relativeToGround</altitudeMode>
				</LookAt>
				<styleUrl>#__managed_style_210298C5CD40DE0E6C24</styleUrl>
				<Point>
					<altitudeMode>relativeToGround</altitudeMode>
					<coordinates>121.9325972,11.9603339,0</coordinates>
				</Point>
			</Placemark>
			<Placemark id="01802090253C57254A61">
				<gx:mid>/g/11pcf54vkv</gx:mid>
				<gx:fid>0x33a53d20d68972b9:0x602e77076d3543c</gx:fid>
				<LookAt>
					<longitude>121.9226407</longitude>
					<latitude>11.964692</latitude>
					<altitude>0</altitude>
					<heading>0</heading>
					<tilt>0</tilt>
					<gx:fovy>35</gx:fovy>
					<range>1030.897636487162</range>
					<altitudeMode>relativeToGround</altitudeMode>
				</LookAt>
				<styleUrl>#__managed_style_210298C5CD40DE0E6C24</styleUrl>
				<Point>
					<altitudeMode>relativeToGround</altitudeMode>
					<coordinates>121.9226407,11.964692,0</coordinates>
				</Point>
			</Placemark>
			<Placemark id="07E0A8D42F3C57265F44">
				<gx:mid>/g/11x7zs1zb8</gx:mid>
				<gx:fid>0x33a53d49e63eb75b:0x67e0d57cb72ad89a</gx:fid>
				<LookAt>
					<longitude>121.9205351</longitude>
					<latitude>11.9671231</latitude>
					<altitude>0</altitude>
					<heading>0</heading>
					<tilt>0</tilt>
					<gx:fovy>35</gx:fovy>
					<range>1030.887276096635</range>
					<altitudeMode>relativeToGround</altitudeMode>
				</LookAt>
				<styleUrl>#__managed_style_210298C5CD40DE0E6C24</styleUrl>
				<Point>
					<altitudeMode>relativeToGround</altitudeMode>
					<coordinates>121.9205351,11.9671231,0</coordinates>
				</Point>
			</Placemark>
			<Placemark id="022A84D14B3C57270804">
				<gx:mid>/g/11vm6jxhf9</gx:mid>
				<gx:fid>0x33a53d0035405b53:0xbeb458cde48ec1e1</gx:fid>
				<LookAt>
					<longitude>121.9267396</longitude>
					<latitude>11.9649038</latitude>
					<altitude>0</altitude>
					<heading>0</heading>
					<tilt>0</tilt>
					<gx:fovy>35</gx:fovy>
					<range>1030.896733960698</range>
					<altitudeMode>relativeToGround</altitudeMode>
				</LookAt>
				<styleUrl>#__managed_style_0C4DD4FFF840DE0E6C24</styleUrl>
				<Point>
					<altitudeMode>relativeToGround</altitudeMode>
					<coordinates>121.9267287,11.9648998,0</coordinates>
				</Point>
			</Placemark>
			<Placemark id="04807E65993C5727B871">
				<gx:mid>/g/11gtggkptc</gx:mid>
				<gx:fid>0x33a53d9b592ec999:0xc2ba5563e3d5ccb9</gx:fid>
				<LookAt>
					<longitude>121.9266609</longitude>
					<latitude>11.9622443</latitude>
					<altitude>0</altitude>
					<heading>0</heading>
					<tilt>0</tilt>
					<gx:fovy>35</gx:fovy>
					<range>1030.908065544629</range>
					<altitudeMode>relativeToGround</altitudeMode>
				</LookAt>
				<styleUrl>#__managed_style_0F9033FB4840DE0E6C26</styleUrl>
				<Point>
					<altitudeMode>relativeToGround</altitudeMode>
					<coordinates>121.9266609,11.9622443,0</coordinates>
				</Point>
			</Placemark>
			<Placemark id="093A9A33743C572830D3">
				<gx:mid>/g/1tfrpg11</gx:mid>
				<gx:fid>0x33a53c22921b3e9f:0x9860a57e23049ec7</gx:fid>
				<LookAt>
					<longitude>121.9249614</longitude>
					<latitude>11.9629831</latitude>
					<altitude>0</altitude>
					<heading>0</heading>
					<tilt>0</tilt>
					<gx:fovy>35</gx:fovy>
					<range>1030.90491791604</range>
					<altitudeMode>relativeToGround</altitudeMode>
				</LookAt>
				<styleUrl>#__managed_style_0F9033FB4840DE0E6C26</styleUrl>
				<Point>
					<altitudeMode>relativeToGround</altitudeMode>
					<coordinates>121.9258347239855,11.96268614405457,0</coordinates>
				</Point>
			</Placemark>
			<Placemark id="09BB48EB9C3C572AE040">
				<gx:mid>/g/11lcj857vm</gx:mid>
				<gx:fid>0x33a53d005639df11:0xd590cbc73cce3bf3</gx:fid>
				<LookAt>
					<longitude>121.9312422</longitude>
					<latitude>11.9622291</latitude>
					<altitude>0</altitude>
					<heading>0</heading>
					<tilt>0</tilt>
					<gx:fovy>35</gx:fovy>
					<range>1030.908130301644</range>
					<altitudeMode>relativeToGround</altitudeMode>
				</LookAt>
				<styleUrl>#__managed_style_210298C5CD40DE0E6C24</styleUrl>
				<Point>
					<altitudeMode>relativeToGround</altitudeMode>
					<coordinates>121.9312422,11.9622291,0</coordinates>
				</Point>
			</Placemark>
			<Placemark id="000F8714E93C572BB0FB">
				<gx:mid>/g/11x0zjfm_c</gx:mid>
				<gx:fid>0x33a53d4743499ad7:0xc7a751fa23307859</gx:fid>
				<LookAt>
					<longitude>121.9243307</longitude>
					<latitude>11.961646</latitude>
					<altitude>0</altitude>
					<heading>0</heading>
					<tilt>0</tilt>
					<gx:fovy>35</gx:fovy>
					<range>1030.910614439393</range>
					<altitudeMode>relativeToGround</altitudeMode>
				</LookAt>
				<styleUrl>#__managed_style_210298C5CD40DE0E6C24</styleUrl>
				<Point>
					<altitudeMode>relativeToGround</altitudeMode>
					<coordinates>121.9243307,11.961646,0</coordinates>
				</Point>
			</Placemark>
			<Placemark id="055AAF84853C572CEB2C">
				<gx:mid>/g/11sy3z6wrc</gx:mid>
				<gx:fid>0x33a53dcef59680f1:0x9e0361fec4517633</gx:fid>
				<LookAt>
					<longitude>121.9208779</longitude>
					<latitude>11.96662</latitude>
					<altitude>0</altitude>
					<heading>0</heading>
					<tilt>0</tilt>
					<gx:fovy>35</gx:fovy>
					<range>1030.88942027925</range>
					<altitudeMode>relativeToGround</altitudeMode>
				</LookAt>
				<styleUrl>#__managed_style_0E2BBF56DE40DE0E6C28</styleUrl>
				<Point>
					<altitudeMode>relativeToGround</altitudeMode>
					<coordinates>121.9208779,11.96662,0</coordinates>
				</Point>
			</Placemark>
			<Placemark id="057285187E3C572DF891">
				<gx:mid>/g/11c32b4ffp</gx:mid>
				<gx:fid>0x33a53c7769f9f21b:0x3efc65c0cf30fbe2</gx:fid>
				<LookAt>
					<longitude>121.9062566</longitude>
					<latitude>11.9870131</latitude>
					<altitude>0</altitude>
					<heading>0</heading>
					<tilt>0</tilt>
					<gx:fovy>35</gx:fovy>
					<range>1030.80243558582</range>
					<altitudeMode>relativeToGround</altitudeMode>
				</LookAt>
				<styleUrl>#__managed_style_0C4DD4FFF840DE0E6C24</styleUrl>
				<Point>
					<altitudeMode>relativeToGround</altitudeMode>
					<coordinates>121.9062566,11.9870131,0</coordinates>
				</Point>
			</Placemark>
			<Placemark id="00A88491123C572ECF38">
				<gx:mid>/g/11bzvwz8b1</gx:mid>
				<gx:fid>0x33a53c3dd143dda3:0xfa4aabe87f66c245</gx:fid>
				<LookAt>
					<longitude>121.9230194</longitude>
					<latitude>11.964081</latitude>
					<altitude>0</altitude>
					<heading>0</heading>
					<tilt>0</tilt>
					<gx:fovy>35</gx:fovy>
					<range>1030.900240005393</range>
					<altitudeMode>relativeToGround</altitudeMode>
				</LookAt>
				<styleUrl>#__managed_style_0C4DD4FFF840DE0E6C24</styleUrl>
				<Point>
					<altitudeMode>relativeToGround</altitudeMode>
					<coordinates>121.9230194,11.964081,0</coordinates>
				</Point>
			</Placemark>
			<Placemark id="01C339CBC33C5741F497">
				<gx:mid>/g/120pnp7w</gx:mid>
				<gx:fid>0x33abc071985da1cd:0x357899ef7e6324cf</gx:fid>
				<LookAt>
					<longitude>123.3743315</longitude>
					<latitude>9.803500700000001</latitude>
					<altitude>0</altitude>
					<heading>0</heading>
					<tilt>0</tilt>
					<gx:fovy>35</gx:fovy>
					<range>1039.291597161293</range>
					<altitudeMode>relativeToGround</altitudeMode>
				</LookAt>
				<styleUrl>#__managed_style_24AE5C8F5640DE0E6C29</styleUrl>
				<Point>
					<altitudeMode>relativeToGround</altitudeMode>
					<coordinates>123.3743315,9.803500699999999,0</coordinates>
				</Point>
			</Placemark>
			<Placemark id="012FA8589D3C57439F14">
				<gx:mid>/g/11shy65y0m</gx:mid>
				<gx:fid>0x33abe905869877e5:0x68286c34c8f8d838</gx:fid>
				<LookAt>
					<longitude>123.3653626</longitude>
					<latitude>9.948965899999999</latitude>
					<altitude>0</altitude>
					<heading>0</heading>
					<tilt>0</tilt>
					<gx:fovy>35</gx:fovy>
					<range>1038.777989205075</range>
					<altitudeMode>relativeToGround</altitudeMode>
				</LookAt>
				<styleUrl>#__managed_style_1D057C1E9840DE0E6C29</styleUrl>
				<Point>
					<altitudeMode>relativeToGround</altitudeMode>
					<coordinates>123.3653626,9.948965899999999,0</coordinates>
				</Point>
			</Placemark>
			<Placemark id="0D8962048C32F89CAA8A">
				<name>White Beach Moalboal</name>
				<gx:mid>/g/11td8p861t</gx:mid>
				<gx:fid>0x33abe79194673ae3:0xedc13d2920664ffe</gx:fid>
				<LookAt>
					<longitude>123.3685503</longitude>
					<latitude>9.983859199999999</latitude>
					<altitude>0</altitude>
					<heading>0</heading>
					<tilt>0</tilt>
					<gx:fovy>35</gx:fovy>
					<range>1038.653681643038</range>
					<altitudeMode>relativeToGround</altitudeMode>
				</LookAt>
				<styleUrl>#__managed_style_33FF29916140DE0E6C28</styleUrl>
				<Point>
					<altitudeMode>relativeToGround</altitudeMode>
					<coordinates>123.3685503,9.983859199999999,0</coordinates>
				</Point>
			</Placemark>
			<Placemark id="0B01D01E373C5744E937">
				<gx:mid>/g/11s765thh7</gx:mid>
				<gx:fid>0x33abc10be450164d:0x150d967c77921692</gx:fid>
				<LookAt>
					<longitude>123.4422634</longitude>
					<latitude>9.820175000000001</latitude>
					<altitude>0</altitude>
					<heading>0</heading>
					<tilt>0</tilt>
					<gx:fovy>35</gx:fovy>
					<range>1039.23310126659</range>
					<altitudeMode>relativeToGround</altitudeMode>
				</LookAt>
				<styleUrl>#__managed_style_0F9033FB4840DE0E6C26</styleUrl>
				<Point>
					<altitudeMode>relativeToGround</altitudeMode>
					<coordinates>123.4422634,9.820174999999999,0</coordinates>
				</Point>
			</Placemark>
			<Placemark id="036D7E7BEF3C5745ACA7">
				<gx:mid>/g/11h22l7tm3</gx:mid>
				<gx:fid>0x33abe9b0c6f57d81:0xa1ef5200d5deb2e6</gx:fid>
				<LookAt>
					<longitude>123.367125</longitude>
					<latitude>9.950094200000001</latitude>
					<altitude>0</altitude>
					<heading>0</heading>
					<tilt>0</tilt>
					<gx:fovy>35</gx:fovy>
					<range>1038.773976326738</range>
					<altitudeMode>relativeToGround</altitudeMode>
				</LookAt>
				<styleUrl>#__managed_style_210298C5CD40DE0E6C24</styleUrl>
				<Point>
					<altitudeMode>relativeToGround</altitudeMode>
					<coordinates>123.367122,9.950070799999999,0</coordinates>
				</Point>
			</Placemark>
			<Placemark id="02C3E6C1EB3C57467EBE">
				<gx:mid>/g/11twxh1s6y</gx:mid>
				<gx:fid>0x33abe9e4f632615b:0x63a67b6e16c7c505</gx:fid>
				<LookAt>
					<longitude>123.3678081</longitude>
					<latitude>9.9498459</latitude>
					<altitude>0</altitude>
					<heading>0</heading>
					<tilt>0</tilt>
					<gx:fovy>35</gx:fovy>
					<range>1038.774859461566</range>
					<altitudeMode>relativeToGround</altitudeMode>
				</LookAt>
				<styleUrl>#__managed_style_0C4DD4FFF840DE0E6C24</styleUrl>
				<Point>
					<altitudeMode>relativeToGround</altitudeMode>
					<coordinates>123.3678157,9.949882199999999,0</coordinates>
				</Point>
			</Placemark>
			<Placemark id="019BE35C933C57473910">
				<gx:mid>/g/11f3227qk4</gx:mid>
				<gx:fid>0x33abe8c1e95de407:0x9ee0ead1e426728a</gx:fid>
				<LookAt>
					<longitude>123.3700389</longitude>
					<latitude>9.9489471</latitude>
					<altitude>0</altitude>
					<heading>0</heading>
					<tilt>0</tilt>
					<gx:fovy>35</gx:fovy>
					<range>1038.778056064807</range>
					<altitudeMode>relativeToGround</altitudeMode>
				</LookAt>
				<styleUrl>#__managed_style_0C4DD4FFF840DE0E6C24</styleUrl>
				<Point>
					<altitudeMode>relativeToGround</altitudeMode>
					<coordinates>123.3700389,9.9489471,0</coordinates>
				</Point>
			</Placemark>
			<Placemark id="0E246461603C5747AF5B">
				<gx:mid>/g/11h028_556</gx:mid>
				<gx:fid>0x33abe9c84bf21f2d:0x33856aea6bc626c5</gx:fid>
				<LookAt>
					<longitude>123.3659479</longitude>
					<latitude>9.950624600000001</latitude>
					<altitude>0</altitude>
					<heading>0</heading>
					<tilt>0</tilt>
					<gx:fovy>35</gx:fovy>
					<range>1038.772089767173</range>
					<altitudeMode>relativeToGround</altitudeMode>
				</LookAt>
				<styleUrl>#__managed_style_210298C5CD40DE0E6C24</styleUrl>
				<Point>
					<altitudeMode>relativeToGround</altitudeMode>
					<coordinates>123.3659479,9.950624599999999,0</coordinates>
				</Point>
			</Placemark>
			<Placemark id="06B57A91663C57482128">
				<gx:mid>/g/11l59jlr2b</gx:mid>
				<gx:fid>0x33abe99110be16a7:0xeb2e405247103a3d</gx:fid>
				<LookAt>
					<longitude>123.3711531</longitude>
					<latitude>9.948578299999999</latitude>
					<altitude>0</altitude>
					<heading>0</heading>
					<tilt>0</tilt>
					<gx:fovy>35</gx:fovy>
					<range>1038.779367628465</range>
					<altitudeMode>relativeToGround</altitudeMode>
				</LookAt>
				<styleUrl>#__managed_style_0C4DD4FFF840DE0E6C24</styleUrl>
				<Point>
					<altitudeMode>relativeToGround</altitudeMode>
					<coordinates>123.3711531,9.948578299999999,0</coordinates>
				</Point>
			</Placemark>
			<Placemark id="0B39026E2D3C574C3930">
				<gx:mid>/g/11pcsdbbgf</gx:mid>
				<gx:fid>0x33abe9803da22523:0x1ee4caec590e5842</gx:fid>
				<LookAt>
					<longitude>123.3670207</longitude>
					<latitude>9.9501364</latitude>
					<altitude>0</altitude>
					<heading>0</heading>
					<tilt>0</tilt>
					<gx:fovy>35</gx:fovy>
					<range>1038.773826230786</range>
					<altitudeMode>relativeToGround</altitudeMode>
				</LookAt>
				<styleUrl>#__managed_style_0C4DD4FFF840DE0E6C24</styleUrl>
				<Point>
					<altitudeMode>relativeToGround</altitudeMode>
					<coordinates>123.3670207,9.9501364,0</coordinates>
				</Point>
			</Placemark>
			<Placemark id="0F20B11E353C574CE34C">
				<gx:mid>/g/11rs9j73n_</gx:mid>
				<gx:fid>0x33abe9c71c4d7b9d:0x78ed381f15883e81</gx:fid>
				<LookAt>
					<longitude>123.3662071</longitude>
					<latitude>9.9504869</latitude>
					<altitude>0</altitude>
					<heading>0</heading>
					<tilt>0</tilt>
					<gx:fovy>35</gx:fovy>
					<range>1038.772579556565</range>
					<altitudeMode>relativeToGround</altitudeMode>
				</LookAt>
				<styleUrl>#__managed_style_0C4DD4FFF840DE0E6C24</styleUrl>
				<Point>
					<altitudeMode>relativeToGround</altitudeMode>
					<coordinates>123.3661998,9.9504524,0</coordinates>
				</Point>
			</Placemark>
			<Placemark id="07EEF2A3723C574DBC38">
				<gx:mid>/g/124sqj9l0</gx:mid>
				<gx:fid>0x33abe8a270011c99:0xe2ae3f6824fa4320</gx:fid>
				<LookAt>
					<longitude>123.3657406</longitude>
					<latitude>9.948627399999999</latitude>
					<altitude>0</altitude>
					<heading>0</heading>
					<tilt>0</tilt>
					<gx:fovy>35</gx:fovy>
					<range>1038.779193016865</range>
					<altitudeMode>relativeToGround</altitudeMode>
				</LookAt>
				<styleUrl>#__managed_style_0C4DD4FFF840DE0E6C24</styleUrl>
				<Point>
					<altitudeMode>relativeToGround</altitudeMode>
					<coordinates>123.3657406,9.948627399999999,0</coordinates>
				</Point>
			</Placemark>
			<Placemark id="0E10EA18053C574E1AC0">
				<gx:mid>/g/12qf5s3h9</gx:mid>
				<gx:fid>0x33abe8669b37c773:0xd8143c590aa1027b</gx:fid>
				<LookAt>
					<longitude>123.3665141</longitude>
					<latitude>9.946713799999998</latitude>
					<altitude>0</altitude>
					<heading>0</heading>
					<tilt>0</tilt>
					<gx:fovy>35</gx:fovy>
					<range>1038.785997618974</range>
					<altitudeMode>relativeToGround</altitudeMode>
				</LookAt>
				<styleUrl>#__managed_style_0C4DD4FFF840DE0E6C24</styleUrl>
				<Point>
					<altitudeMode>relativeToGround</altitudeMode>
					<coordinates>123.3664701,9.9467091,0</coordinates>
				</Point>
			</Placemark>
			<Placemark id="019C8186573C575135FB">
				<gx:mid>/g/11mcbmqnx5</gx:mid>
				<gx:fid>0x33abe98f82bc0aa9:0x8e5353c544550e37</gx:fid>
				<LookAt>
					<longitude>123.3680848</longitude>
					<latitude>9.949445599999999</latitude>
					<altitude>0</altitude>
					<heading>0</heading>
					<tilt>0</tilt>
					<gx:fovy>35</gx:fovy>
					<range>1038.776283172964</range>
					<altitudeMode>relativeToGround</altitudeMode>
				</LookAt>
				<styleUrl>#__managed_style_0C4DD4FFF840DE0E6C24</styleUrl>
				<Point>
					<altitudeMode>relativeToGround</altitudeMode>
					<coordinates>123.3680848,9.949445599999999,0</coordinates>
				</Point>
			</Placemark>
			<Placemark id="009F8E36543C57524A68">
				<gx:mid>/g/11kk71jhst</gx:mid>
				<gx:fid>0x33abe92d577ac32b:0x785688037eb8dbd1</gx:fid>
				<LookAt>
					<longitude>123.3782729</longitude>
					<latitude>9.9435708</latitude>
					<altitude>0</altitude>
					<heading>0</heading>
					<tilt>0</tilt>
					<gx:fovy>35</gx:fovy>
					<range>1038.797171071342</range>
					<altitudeMode>relativeToGround</altitudeMode>
				</LookAt>
				<styleUrl>#__managed_style_155A60138D40DE0E6C31</styleUrl>
				<Point>
					<altitudeMode>relativeToGround</altitudeMode>
					<coordinates>123.3782729,9.9435708,0</coordinates>
				</Point>
			</Placemark>
			<Placemark id="02DB6FCDF63C5753A180">
				<gx:mid>/g/11hzv0yng_</gx:mid>
				<gx:fid>0x33ab95248c3a6f53:0x804a1e06be22d5ce</gx:fid>
				<LookAt>
					<longitude>123.3879432</longitude>
					<latitude>9.796984399999999</latitude>
					<altitude>0</altitude>
					<heading>0</heading>
					<tilt>0</tilt>
					<gx:fovy>35</gx:fovy>
					<range>1039.314430717202</range>
					<altitudeMode>relativeToGround</altitudeMode>
				</LookAt>
				<styleUrl>#__managed_style_0F9033FB4840DE0E6C26</styleUrl>
				<Point>
					<altitudeMode>relativeToGround</altitudeMode>
					<coordinates>123.3879432,9.796984399999999,0</coordinates>
				</Point>
			</Placemark>
			<Placemark id="0C443B78CA3C575937E7">
				<gx:mid>/g/11vz6197m2</gx:mid>
				<gx:fid>0x33abeb00139ab533:0xc46bc23b860b130b</gx:fid>
				<LookAt>
					<longitude>123.4091738</longitude>
					<latitude>9.843378299999998</latitude>
					<altitude>0</altitude>
					<heading>0</heading>
					<tilt>0</tilt>
					<gx:fovy>35</gx:fovy>
					<range>1039.151537930402</range>
					<altitudeMode>relativeToGround</altitudeMode>
				</LookAt>
				<styleUrl>#__managed_style_24AE5C8F5640DE0E6C29</styleUrl>
				<Point>
					<altitudeMode>relativeToGround</altitudeMode>
					<coordinates>123.4091738,9.843378299999999,0</coordinates>
				</Point>
			</Placemark>
			<Placemark id="0472E90BEA3C575A0F90">
				<gx:mid>/g/11c6dxw72_</gx:mid>
				<gx:fid>0x33abebae75da2cd3:0xfc77f528abfe9547</gx:fid>
				<LookAt>
					<longitude>123.3874572</longitude>
					<latitude>9.8625618</latitude>
					<altitude>0</altitude>
					<heading>0</heading>
					<tilt>0</tilt>
					<gx:fovy>35</gx:fovy>
					<range>1039.083961831248</range>
					<altitudeMode>relativeToGround</altitudeMode>
				</LookAt>
				<styleUrl>#__managed_style_1FBD7A58C740DE0E6C27</styleUrl>
				<Point>
					<altitudeMode>relativeToGround</altitudeMode>
					<coordinates>123.3874442,9.8625124,0</coordinates>
				</Point>
			</Placemark>
			<Placemark id="0C8CDF13383C575ABCAE">
				<gx:mid>/g/11y32c0c1f</gx:mid>
				<gx:fid>0x33ab95005866e339:0x7a8e66bcc783e56</gx:fid>
				<LookAt>
					<longitude>123.3794391</longitude>
					<latitude>9.786672399999999</latitude>
					<altitude>0</altitude>
					<heading>0</heading>
					<tilt>0</tilt>
					<gx:fovy>35</gx:fovy>
					<range>1039.350534135704</range>
					<altitudeMode>relativeToGround</altitudeMode>
				</LookAt>
				<styleUrl>#__managed_style_24AE5C8F5640DE0E6C29</styleUrl>
				<Point>
					<altitudeMode>relativeToGround</altitudeMode>
					<coordinates>123.3794391,9.786672399999999,0</coordinates>
				</Point>
			</Placemark>
			<Placemark id="019842A14C3C575B5A39">
				<gx:mid>/g/11ng26ps35</gx:mid>
				<gx:fid>0x33ab95926a8a4bad:0xa76a2a445051fc42</gx:fid>
				<LookAt>
					<longitude>123.3806219</longitude>
					<latitude>9.772500400000002</latitude>
					<altitude>0</altitude>
					<heading>0</heading>
					<tilt>0</tilt>
					<gx:fovy>35</gx:fovy>
					<range>1039.400090785442</range>
					<altitudeMode>relativeToGround</altitudeMode>
				</LookAt>
				<styleUrl>#__managed_style_24AE5C8F5640DE0E6C29</styleUrl>
				<Point>
					<altitudeMode>relativeToGround</altitudeMode>
					<coordinates>123.3806219,9.7725004,0</coordinates>
				</Point>
			</Placemark>
			<Placemark id="00B142D11D3C575C9830">
				<gx:mid>/g/11l6v5ll7h</gx:mid>
				<gx:fid>0x33abe9679171e3f9:0x3e4231f71a085c0e</gx:fid>
				<LookAt>
					<longitude>123.371197</longitude>
					<latitude>9.9481749</latitude>
					<altitude>0</altitude>
					<heading>0</heading>
					<tilt>0</tilt>
					<gx:fovy>35</gx:fovy>
					<range>1038.780802185368</range>
					<altitudeMode>relativeToGround</altitudeMode>
				</LookAt>
				<styleUrl>#__managed_style_0E2BBF56DE40DE0E6C28</styleUrl>
				<Point>
					<altitudeMode>relativeToGround</altitudeMode>
					<coordinates>123.371197,9.9481749,0</coordinates>
				</Point>
			</Placemark>
			<Placemark id="0C5104DB103C575E4519">
				<gx:mid>/g/11n2v6j1pg</gx:mid>
				<gx:fid>0x33abe946e0d13719:0xfcd221c92a533a13</gx:fid>
				<LookAt>
					<longitude>123.3673808</longitude>
					<latitude>9.950158099999998</latitude>
					<altitude>0</altitude>
					<heading>0</heading>
					<tilt>0</tilt>
					<gx:fovy>35</gx:fovy>
					<range>1038.7737490485</range>
					<altitudeMode>relativeToGround</altitudeMode>
				</LookAt>
				<styleUrl>#__managed_style_0E81E0E64040DE0E6C29</styleUrl>
				<Point>
					<altitudeMode>relativeToGround</altitudeMode>
					<coordinates>123.3673865,9.950197899999999,0</coordinates>
				</Point>
			</Placemark>
			<Placemark id="0CE087D3253C585D8C31">
				<gx:mid>/g/11fhxwhm_7</gx:mid>
				<gx:fid>0x33040753d25f230f:0x69f6af07d07b34e8</gx:fid>
				<LookAt>
					<longitude>126.0596118</longitude>
					<latitude>9.8123234</latitude>
					<altitude>0</altitude>
					<heading>0</heading>
					<tilt>0</tilt>
					<gx:fovy>35</gx:fovy>
					<range>1039.260658018157</range>
					<altitudeMode>relativeToGround</altitudeMode>
				</LookAt>
				<styleUrl>#__managed_style_2649CAD44540DE0E6C28</styleUrl>
				<Point>
					<altitudeMode>relativeToGround</altitudeMode>
					<coordinates>126.0596118,9.8123234,0</coordinates>
				</Point>
			</Placemark>
			<Placemark id="09720B33313C585ED54C">
				<gx:mid>/g/11thg09qg_</gx:mid>
				<gx:fid>0x330409f02c067a5f:0xacd5df58626bd21d</gx:fid>
				<LookAt>
					<longitude>126.0909713</longitude>
					<latitude>9.828927800000001</latitude>
					<altitude>0</altitude>
					<heading>0</heading>
					<tilt>0</tilt>
					<gx:fovy>35</gx:fovy>
					<range>1039.20235601113</range>
					<altitudeMode>relativeToGround</altitudeMode>
				</LookAt>
				<styleUrl>#__managed_style_1FBD7A58C740DE0E6C27</styleUrl>
				<Point>
					<altitudeMode>relativeToGround</altitudeMode>
					<coordinates>126.0909713,9.828927799999999,0</coordinates>
				</Point>
			</Placemark>
			<Placemark id="0E7D340FDE3C585FBC80">
				<gx:mid>/m/0f283d</gx:mid>
				<gx:fid>0x330406da7cad4d5b:0x85711d19a145d9d</gx:fid>
				<LookAt>
					<longitude>126.0159734</longitude>
					<latitude>9.856727100000001</latitude>
					<altitude>0</altitude>
					<heading>0</heading>
					<tilt>0</tilt>
					<gx:fovy>35</gx:fovy>
					<range>1039.104528934613</range>
					<altitudeMode>relativeToGround</altitudeMode>
				</LookAt>
				<styleUrl>#__managed_style_0208B7EC6B40DE0E6C2B</styleUrl>
				<Point>
					<altitudeMode>relativeToGround</altitudeMode>
					<coordinates>126.0159734,9.856727099999999,0</coordinates>
				</Point>
			</Placemark>
			<Placemark id="094492CE073C5860E6AC">
				<gx:mid>/g/1pv0bcv5z</gx:mid>
				<gx:fid>0x3306a9f6f2859a41:0x95b6130663b3c3c0</gx:fid>
				<LookAt>
					<longitude>125.9003021</longitude>
					<latitude>9.906526399999999</latitude>
					<altitude>0</altitude>
					<heading>0</heading>
					<tilt>0</tilt>
					<gx:fovy>35</gx:fovy>
					<range>5630.668341551749</range>
					<altitudeMode>relativeToGround</altitudeMode>
				</LookAt>
				<styleUrl>#__managed_style_0F9033FB4840DE0E6C26</styleUrl>
				<Point>
					<altitudeMode>relativeToGround</altitudeMode>
					<coordinates>125.9003021,9.906526599999999,0</coordinates>
				</Point>
			</Placemark>
			<Placemark id="0F457B58053C5B77D0AC">
				<gx:mid>/g/11mts49qw3</gx:mid>
				<gx:fid>0x33abad2cfa74a0e3:0xfd46659fd89d5c7c</gx:fid>
				<LookAt>
					<longitude>123.7739435</longitude>
					<latitude>9.6182155</latitude>
					<altitude>0</altitude>
					<heading>0</heading>
					<tilt>0</tilt>
					<gx:fovy>35</gx:fovy>
					<range>1039.935020586595</range>
					<altitudeMode>relativeToGround</altitudeMode>
				</LookAt>
				<styleUrl>#__managed_style_1D057C1E9840DE0E6C29</styleUrl>
				<Point>
					<altitudeMode>relativeToGround</altitudeMode>
					<coordinates>123.7739435,9.6182155,0</coordinates>
				</Point>
			</Placemark>
			<Placemark id="0BDFC3E6A03C5B791D08">
				<gx:mid>/g/11gfn9xjpb</gx:mid>
				<gx:fid>0x33aba90ad5f1cd35:0x8a1880e571666673</gx:fid>
				<LookAt>
					<longitude>123.6844356</longitude>
					<latitude>9.51712695</latitude>
					<altitude>0</altitude>
					<heading>0</heading>
					<tilt>0</tilt>
					<gx:fovy>35</gx:fovy>
					<range>1040.280965511809</range>
					<altitudeMode>relativeToGround</altitudeMode>
				</LookAt>
				<styleUrl>#__managed_style_1D057C1E9840DE0E6C29</styleUrl>
				<Point>
					<altitudeMode>relativeToGround</altitudeMode>
					<coordinates>123.6833008,9.5161073,0</coordinates>
				</Point>
			</Placemark>
			<Placemark id="06F302FE683C5B7A8457">
				<gx:mid>/g/12hmv3dp6</gx:mid>
				<gx:fid>0x33aa534c72155fd7:0xe6c8e996612468ab</gx:fid>
				<LookAt>
					<longitude>123.7983056</longitude>
					<latitude>9.552536000000002</latitude>
					<altitude>0</altitude>
					<heading>0</heading>
					<tilt>0</tilt>
					<gx:fovy>35</gx:fovy>
					<range>1040.160198350523</range>
					<altitudeMode>relativeToGround</altitudeMode>
				</LookAt>
				<styleUrl>#__managed_style_33FF29916140DE0E6C28</styleUrl>
				<Point>
					<altitudeMode>relativeToGround</altitudeMode>
					<coordinates>123.7983056,9.552536,0</coordinates>
				</Point>
			</Placemark>
			<Placemark id="080572C7643C5B7B165F">
				<gx:mid>/g/11xmf225fk</gx:mid>
				<gx:fid>0x33aa53a210c461df:0x7c96b8dabc6e3842</gx:fid>
				<LookAt>
					<longitude>123.7982212</longitude>
					<latitude>9.5523405</latitude>
					<altitude>0</altitude>
					<heading>0</heading>
					<tilt>0</tilt>
					<gx:fovy>35</gx:fovy>
					<range>1040.160866341196</range>
					<altitudeMode>relativeToGround</altitudeMode>
				</LookAt>
				<styleUrl>#__managed_style_0C4DD4FFF840DE0E6C24</styleUrl>
				<Point>
					<altitudeMode>relativeToGround</altitudeMode>
					<coordinates>123.7982212,9.5523405,0</coordinates>
				</Point>
			</Placemark>
			<Placemark id="0B069ECFB03C5B7BCF54">
				<gx:mid>/g/11b6ydptwn</gx:mid>
				<gx:fid>0x33aa53488bcc55d1:0xf1c779319af6519f</gx:fid>
				<LookAt>
					<longitude>123.80377925</longitude>
					<latitude>9.556035499999998</latitude>
					<altitude>0</altitude>
					<heading>0</heading>
					<tilt>0</tilt>
					<gx:fovy>35</gx:fovy>
					<range>1040.148238869263</range>
					<altitudeMode>relativeToGround</altitudeMode>
				</LookAt>
				<styleUrl>#__managed_style_33FF29916140DE0E6C28</styleUrl>
				<Point>
					<altitudeMode>relativeToGround</altitudeMode>
					<coordinates>123.805318,9.556588,0</coordinates>
				</Point>
			</Placemark>
			<Placemark id="0E6423CDAA3C5B7C8AF6">
				<gx:mid>/g/11mtd53n4g</gx:mid>
				<gx:fid>0x33abad30766e011d:0xf29dd9ccab410b9e</gx:fid>
				<LookAt>
					<longitude>123.726117</longitude>
					<latitude>9.588493</latitude>
					<altitude>0</altitude>
					<heading>0</heading>
					<tilt>0</tilt>
					<gx:fovy>35</gx:fovy>
					<range>1040.037110383539</range>
					<altitudeMode>relativeToGround</altitudeMode>
				</LookAt>
				<styleUrl>#__managed_style_33FF29916140DE0E6C28</styleUrl>
				<Point>
					<altitudeMode>relativeToGround</altitudeMode>
					<coordinates>123.726117,9.588493,0</coordinates>
				</Point>
			</Placemark>
			<Placemark id="0421BE7AEF3C5B7D951C">
				<gx:mid>/m/026qv9w</gx:mid>
				<gx:fid>0x33aa4d5215feeb35:0x2e1e84ae8d284ea6</gx:fid>
				<LookAt>
					<longitude>123.8009056</longitude>
					<latitude>9.6252806</latitude>
					<altitude>0</altitude>
					<heading>0</heading>
					<tilt>0</tilt>
					<gx:fovy>35</gx:fovy>
					<range>1039.910707866801</range>
					<altitudeMode>relativeToGround</altitudeMode>
				</LookAt>
				<styleUrl>#__managed_style_5FDD0598BF40DE0E6C28</styleUrl>
				<Point>
					<altitudeMode>relativeToGround</altitudeMode>
					<coordinates>123.8009056,9.6252806,0</coordinates>
				</Point>
			</Placemark>
			<Placemark id="0265B5C0003C5B80DF09">
				<gx:mid>/m/01v7gc</gx:mid>
				<gx:fid>0x33aa3da1a65d72f7:0xd89c856a3307dd67</gx:fid>
				<LookAt>
					<longitude>124.1396756</longitude>
					<latitude>9.8297078</latitude>
					<altitude>0</altitude>
					<heading>0</heading>
					<tilt>0</tilt>
					<gx:fovy>35</gx:fovy>
					<range>5632.440548076502</range>
					<altitudeMode>relativeToGround</altitudeMode>
				</LookAt>
				<styleUrl>#__managed_style_087E8D0BB840DE0E6C27</styleUrl>
				<Point>
					<altitudeMode>relativeToGround</altitudeMode>
					<coordinates>124.1396756,9.829708,0</coordinates>
				</Point>
			</Placemark>
			<Placemark id="0130FC60003C5B833C60">
				<gx:mid>/g/1tcypcfx</gx:mid>
				<gx:fid>0x33abac0e2c870e6f:0xf664ca3b4d3796de</gx:fid>
				<LookAt>
					<longitude>123.7210688</longitude>
					<latitude>9.557968649999999</latitude>
					<altitude>0</altitude>
					<heading>0</heading>
					<tilt>0</tilt>
					<gx:fovy>35</gx:fovy>
					<range>1040.141630512634</range>
					<altitudeMode>relativeToGround</altitudeMode>
				</LookAt>
				<styleUrl>#__managed_style_33FF29916140DE0E6C28</styleUrl>
				<Point>
					<altitudeMode>relativeToGround</altitudeMode>
					<coordinates>123.7212108,9.5596338,0</coordinates>
				</Point>
			</Placemark>
			<Placemark id="053E664ECC3C5B858B44">
				<gx:mid>/g/11ydgk4dml</gx:mid>
				<gx:fid>0x33abad67ead3b573:0x897c63cce9bf2680</gx:fid>
				<LookAt>
					<longitude>123.7562394</longitude>
					<latitude>9.5503806</latitude>
					<altitude>0</altitude>
					<heading>0</heading>
					<tilt>0</tilt>
					<gx:fovy>35</gx:fovy>
					<range>1040.167562246388</range>
					<altitudeMode>relativeToGround</altitudeMode>
				</LookAt>
				<styleUrl>#__managed_style_210298C5CD40DE0E6C24</styleUrl>
				<Point>
					<altitudeMode>relativeToGround</altitudeMode>
					<coordinates>123.7562394,9.5503806,0</coordinates>
				</Point>
			</Placemark>
			<Placemark id="06A2676AAC3C5B875E43">
				<gx:mid>/g/11j3rch3_2</gx:mid>
				<gx:fid>0x33abad1cafceebb9:0xdf01c676dff454f8</gx:fid>
				<LookAt>
					<longitude>123.7580258</longitude>
					<latitude>9.5574431</latitude>
					<altitude>0</altitude>
					<heading>0</heading>
					<tilt>0</tilt>
					<gx:fovy>35</gx:fovy>
					<range>1040.143427203884</range>
					<altitudeMode>relativeToGround</altitudeMode>
				</LookAt>
				<styleUrl>#__managed_style_0C4DD4FFF840DE0E6C24</styleUrl>
				<Point>
					<altitudeMode>relativeToGround</altitudeMode>
					<coordinates>123.7580258,9.5574431,0</coordinates>
				</Point>
			</Placemark>
			<Placemark id="06DD401EA43C5B881BF9">
				<gx:mid>/g/11qldvmx_p</gx:mid>
				<gx:fid>0x33aa01cbc9aa1f33:0xa810b809b49da640</gx:fid>
				<LookAt>
					<longitude>124.4577944</longitude>
					<latitude>9.928198999999999</latitude>
					<altitude>0</altitude>
					<heading>0</heading>
					<tilt>0</tilt>
					<gx:fovy>35</gx:fovy>
					<range>1038.851768217512</range>
					<altitudeMode>relativeToGround</altitudeMode>
				</LookAt>
				<styleUrl>#__managed_style_087E8D0BB840DE0E6C27</styleUrl>
				<Point>
					<altitudeMode>relativeToGround</altitudeMode>
					<coordinates>124.4577944,9.928198999999999,0</coordinates>
				</Point>
			</Placemark>
			<Placemark id="0B1ADC4FF83C5B88CE29">
				<gx:mid>/g/1hg4ysqxt</gx:mid>
				<gx:fid>0x33aa452feca4325b:0x8f393f7347fb9ef6</gx:fid>
				<LookAt>
					<longitude>124.0099029</longitude>
					<latitude>9.6029825</latitude>
					<altitude>0</altitude>
					<heading>0</heading>
					<tilt>0</tilt>
					<gx:fovy>35</gx:fovy>
					<range>1039.98738122301</range>
					<altitudeMode>relativeToGround</altitudeMode>
				</LookAt>
				<styleUrl>#__managed_style_0C4DD4FFF840DE0E6C24</styleUrl>
				<Point>
					<altitudeMode>relativeToGround</altitudeMode>
					<coordinates>124.0099029,9.6029825,0</coordinates>
				</Point>
			</Placemark>
			<Placemark id="073F7609BB3C5B89A7F0">
				<gx:mid>/g/1hhhmr7pp</gx:mid>
				<gx:fid>0x33aa4925ec11288b:0xbf9bd933c18ea237</gx:fid>
				<LookAt>
					<longitude>123.9526892</longitude>
					<latitude>9.690782700000002</latitude>
					<altitude>0</altitude>
					<heading>0</heading>
					<tilt>0</tilt>
					<gx:fovy>35</gx:fovy>
					<range>1039.68446248791</range>
					<altitudeMode>relativeToGround</altitudeMode>
				</LookAt>
				<styleUrl>#__managed_style_0151D78F8840DE0E6C31</styleUrl>
				<Point>
					<altitudeMode>relativeToGround</altitudeMode>
					<coordinates>123.9526892,9.6907827,0</coordinates>
				</Point>
			</Placemark>
			<Placemark id="01435F790C3C5B8B5070">
				<gx:mid>/g/11fwthjngc</gx:mid>
				<gx:fid>0x33abaddfb0cb123d:0xe0c12c5c0dc3925a</gx:fid>
				<LookAt>
					<longitude>123.7640609</longitude>
					<latitude>9.550673400000001</latitude>
					<altitude>0</altitude>
					<heading>0</heading>
					<tilt>0</tilt>
					<gx:fovy>35</gx:fovy>
					<range>1040.166561995077</range>
					<altitudeMode>relativeToGround</altitudeMode>
				</LookAt>
				<styleUrl>#__managed_style_0C4DD4FFF840DE0E6C24</styleUrl>
				<Point>
					<altitudeMode>relativeToGround</altitudeMode>
					<coordinates>123.7640609,9.550673399999999,0</coordinates>
				</Point>
			</Placemark>
			<Placemark id="0DE14E42C93C5B90E610">
				<gx:mid>/g/1tcytz7v</gx:mid>
				<gx:fid>0x33aa4d4e2352fb79:0x82e067ad3175b2bb</gx:fid>
				<LookAt>
					<longitude>123.8055489</longitude>
					<latitude>9.6270518</latitude>
					<altitude>0</altitude>
					<heading>0</heading>
					<tilt>0</tilt>
					<gx:fovy>35</gx:fovy>
					<range>489.172454493811</range>
					<altitudeMode>relativeToGround</altitudeMode>
				</LookAt>
				<styleUrl>#__managed_style_33FF29916140DE0E6C28</styleUrl>
				<Point>
					<altitudeMode>relativeToGround</altitudeMode>
					<coordinates>123.8056251,9.6267704,0</coordinates>
				</Point>
			</Placemark>
			<Placemark id="07DCE04FB33C5B92037B">
				<gx:mid>/g/11xfry0l4v</gx:mid>
				<gx:fid>0x33abad34fed8c27f:0x363c02661c8f6b64</gx:fid>
				<LookAt>
					<longitude>123.7309143</longitude>
					<latitude>9.587960299999997</latitude>
					<altitude>0</altitude>
					<heading>0</heading>
					<tilt>0</tilt>
					<gx:fovy>35</gx:fovy>
					<range>1040.03893724481</range>
					<altitudeMode>relativeToGround</altitudeMode>
				</LookAt>
				<styleUrl>#__managed_style_210298C5CD40DE0E6C24</styleUrl>
				<Point>
					<altitudeMode>relativeToGround</altitudeMode>
					<coordinates>123.7309143,9.587960299999999,0</coordinates>
				</Point>
			</Placemark>
			<Placemark id="0E207F5AD33C5B94411C">
				<gx:mid>/g/11hbv9y_9f</gx:mid>
				<gx:fid>0x33abac9daecb541d:0x8cc23da6681d8c37</gx:fid>
				<LookAt>
					<longitude>123.7660902</longitude>
					<latitude>9.546120999999998</latitude>
					<altitude>0</altitude>
					<heading>0</heading>
					<tilt>0</tilt>
					<gx:fovy>35</gx:fovy>
					<range>1040.182110301295</range>
					<altitudeMode>relativeToGround</altitudeMode>
				</LookAt>
				<styleUrl>#__managed_style_0C4DD4FFF840DE0E6C24</styleUrl>
				<Point>
					<altitudeMode>relativeToGround</altitudeMode>
					<coordinates>123.7660902,9.546120999999999,0</coordinates>
				</Point>
			</Placemark>
			<Placemark id="0DDB4FCB7A3C5BA02076">
				<gx:mid>/g/11c6plly9h</gx:mid>
				<gx:fid>0x33a99a55a4bd6625:0xb4a331a34ca666f3</gx:fid>
				<LookAt>
					<longitude>123.9323597</longitude>
					<latitude>10.2566558</latitude>
					<altitude>0</altitude>
					<heading>0</heading>
					<tilt>0</tilt>
					<gx:fovy>35</gx:fovy>
					<range>1037.667096568584</range>
					<altitudeMode>relativeToGround</altitudeMode>
				</LookAt>
				<styleUrl>#__managed_style_210298C5CD40DE0E6C24</styleUrl>
				<Point>
					<altitudeMode>relativeToGround</altitudeMode>
					<coordinates>123.9323653,10.2566749,0</coordinates>
				</Point>
			</Placemark>
			<Placemark id="049BE2F20F3C5BA50C7F">
				<gx:mid>/g/1hc2lm01v</gx:mid>
				<gx:fid>0x33a999a9157c578d:0xfa1c67d1f808f5e1</gx:fid>
				<LookAt>
					<longitude>123.934568</longitude>
					<latitude>10.325295</latitude>
					<altitude>0</altitude>
					<heading>0</heading>
					<tilt>0</tilt>
					<gx:fovy>35</gx:fovy>
					<range>1037.414744332465</range>
					<altitudeMode>relativeToGround</altitudeMode>
				</LookAt>
				<styleUrl>#__managed_style_1EFD963F7340DE0E6C28</styleUrl>
				<Point>
					<altitudeMode>relativeToGround</altitudeMode>
					<coordinates>123.934568,10.325295,0</coordinates>
				</Point>
			</Placemark>
			<Placemark id="0EC72C5BA83C5BA5A8E0">
				<gx:mid>/g/11cny30f3r</gx:mid>
				<gx:fid>0x33a99921c900ebc3:0x66f02283ad1bcaf4</gx:fid>
				<LookAt>
					<longitude>123.9056224</longitude>
					<latitude>10.3322208</latitude>
					<altitude>0</altitude>
					<heading>0</heading>
					<tilt>0</tilt>
					<gx:fovy>35</gx:fovy>
					<range>1037.389189780932</range>
					<altitudeMode>relativeToGround</altitudeMode>
				</LookAt>
				<styleUrl>#__managed_style_0C4DD4FFF840DE0E6C24</styleUrl>
				<Point>
					<altitudeMode>relativeToGround</altitudeMode>
					<coordinates>123.9056044,10.3321802,0</coordinates>
				</Point>
			</Placemark>
			<Placemark id="0AC340890C3C5BA74591">
				<gx:mid>/g/11p5qqk_zl</gx:mid>
				<gx:fid>0x33abda8c0e6d8379:0x62bd6146c93b1c42</gx:fid>
				<LookAt>
					<longitude>123.6011511</longitude>
					<latitude>9.979267399999999</latitude>
					<altitude>0</altitude>
					<heading>0</heading>
					<tilt>0</tilt>
					<gx:fovy>35</gx:fovy>
					<range>1038.670064409272</range>
					<altitudeMode>relativeToGround</altitudeMode>
				</LookAt>
				<styleUrl>#__managed_style_0F9033FB4840DE0E6C26</styleUrl>
				<Point>
					<altitudeMode>relativeToGround</altitudeMode>
					<coordinates>123.6011511,9.979267399999999,0</coordinates>
				</Point>
			</Placemark>
			<Placemark id="07BC84C15D3C5BA80784">
				<gx:mid>/g/11csrrhtjn</gx:mid>
				<gx:fid>0x33a88815fa2d9767:0xf4b260bb39a54a78</gx:fid>
				<LookAt>
					<longitude>123.779168</longitude>
					<latitude>11.1465554</latitude>
					<altitude>0</altitude>
					<heading>0</heading>
					<tilt>0</tilt>
					<gx:fovy>35</gx:fovy>
					<range>5600.207047602363</range>
					<altitudeMode>relativeToGround</altitudeMode>
				</LookAt>
				<styleUrl>#__managed_style_33FF29916140DE0E6C28</styleUrl>
				<Point>
					<altitudeMode>relativeToGround</altitudeMode>
					<coordinates>123.779168,11.1465556,0</coordinates>
				</Point>
			</Placemark>
			<Placemark id="003204A3D73C5BA8AD88">
				<gx:mid>/g/11skg6fvn2</gx:mid>
				<gx:fid>0x33a863fe98bc91fd:0x462c8aba198aad8b</gx:fid>
				<LookAt>
					<longitude>123.8079987</longitude>
					<latitude>11.1518898</latitude>
					<altitude>0</altitude>
					<heading>0</heading>
					<tilt>0</tilt>
					<gx:fovy>35</gx:fovy>
					<range>1034.246116282661</range>
					<altitudeMode>relativeToGround</altitudeMode>
				</LookAt>
				<styleUrl>#__managed_style_33FF29916140DE0E6C28</styleUrl>
				<Point>
					<altitudeMode>relativeToGround</altitudeMode>
					<coordinates>123.8079987,11.1518898,0</coordinates>
				</Point>
			</Placemark>
			<Placemark id="0ED56F19513C5BA94C40">
				<gx:mid>/g/11ddzx3zmq</gx:mid>
				<gx:fid>0x33aed150d6aa49e1:0x479285d8b2b5242f</gx:fid>
				<LookAt>
					<longitude>122.9825657</longitude>
					<latitude>10.7092769</latitude>
					<altitude>0</altitude>
					<heading>0</heading>
					<tilt>0</tilt>
					<gx:fovy>35</gx:fovy>
					<range>1035.972559464023</range>
					<altitudeMode>relativeToGround</altitudeMode>
				</LookAt>
				<styleUrl>#__managed_style_0F9033FB4840DE0E6C26</styleUrl>
				<Point>
					<altitudeMode>relativeToGround</altitudeMode>
					<coordinates>122.9825657,10.7092769,0</coordinates>
				</Point>
			</Placemark>
			<Placemark id="0763016C733C5BAB049E">
				<gx:mid>/g/1tm0qpxv</gx:mid>
				<gx:fid>0x33a9995ef4609575:0xf5ead112acc44e6d</gx:fid>
				<LookAt>
					<longitude>123.9048616</longitude>
					<latitude>10.299913</latitude>
					<altitude>0</altitude>
					<heading>0</heading>
					<tilt>0</tilt>
					<gx:fovy>35</gx:fovy>
					<range>1037.508253992141</range>
					<altitudeMode>relativeToGround</altitudeMode>
				</LookAt>
				<styleUrl>#__managed_style_589E6DBD0A40DE0E6C2C</styleUrl>
				<Point>
					<altitudeMode>relativeToGround</altitudeMode>
					<coordinates>123.9048616,10.299913,0</coordinates>
				</Point>
			</Placemark>
			<Placemark id="0D8B35B8163C5BAC0244">
				<gx:mid>/g/11f669pmc3</gx:mid>
				<gx:fid>0x33a9a1a217d80687:0xaa6ebd174f4ab99d</gx:fid>
				<LookAt>
					<longitude>123.9035745</longitude>
					<latitude>10.2988468</latitude>
					<altitude>0</altitude>
					<heading>0</heading>
					<tilt>0</tilt>
					<gx:fovy>35</gx:fovy>
					<range>1037.512177024883</range>
					<altitudeMode>relativeToGround</altitudeMode>
				</LookAt>
				<styleUrl>#__managed_style_0F9033FB4840DE0E6C26</styleUrl>
				<Point>
					<altitudeMode>relativeToGround</altitudeMode>
					<coordinates>123.9035745,10.2988468,0</coordinates>
				</Point>
			</Placemark>
			<Placemark id="06D92184F43C5BACE0CB">
				<gx:mid>/g/11t0607gsj</gx:mid>
				<gx:fid>0x33a99de4ec6a5697:0xd3786b85c56ff88a</gx:fid>
				<LookAt>
					<longitude>123.8807319</longitude>
					<latitude>10.2715074</latitude>
					<altitude>0</altitude>
					<heading>0</heading>
					<tilt>0</tilt>
					<gx:fovy>35</gx:fovy>
					<range>1037.612634790869</range>
					<altitudeMode>relativeToGround</altitudeMode>
				</LookAt>
				<styleUrl>#__managed_style_1FEF85BF6940DE0E6C26</styleUrl>
				<Point>
					<altitudeMode>relativeToGround</altitudeMode>
					<coordinates>123.8807319,10.2715074,0</coordinates>
				</Point>
			</Placemark>
			<Placemark id="07107D8CA53C5BADE5CB">
				<gx:mid>/m/094mbh</gx:mid>
				<gx:fid>0x33a886e327a8c905:0x9420bd2b1f535656</gx:fid>
				<LookAt>
					<longitude>123.7485345</longitude>
					<latitude>11.21884045</latitude>
					<altitude>0</altitude>
					<heading>0</heading>
					<tilt>0</tilt>
					<gx:fovy>35</gx:fovy>
					<range>45605.58347312927</range>
					<altitudeMode>relativeToGround</altitudeMode>
				</LookAt>
				<styleUrl>#__managed_style_0F9033FB4840DE0E6C26</styleUrl>
				<Point>
					<altitudeMode>relativeToGround</altitudeMode>
					<coordinates>123.7405967,11.1999448,0</coordinates>
				</Point>
			</Placemark>
			<Placemark id="078BC9B4173C5BAEFA6B">
				<gx:mid>/m/0412z9w</gx:mid>
				<gx:fid>0x33a9992b1b0c97f1:0xfabf520844014987</gx:fid>
				<LookAt>
					<longitude>123.8879843</longitude>
					<latitude>10.3342483</latitude>
					<altitude>0</altitude>
					<heading>0</heading>
					<tilt>0</tilt>
					<gx:fovy>35</gx:fovy>
					<range>1037.381705604463</range>
					<altitudeMode>relativeToGround</altitudeMode>
				</LookAt>
				<styleUrl>#__managed_style_2E56BD065040DE0E6C2C</styleUrl>
				<Point>
					<altitudeMode>relativeToGround</altitudeMode>
					<coordinates>123.8879843,10.3342483,0</coordinates>
				</Point>
			</Placemark>
			<Placemark id="0617AACC253C5BB1F8D4">
				<gx:mid>/g/11j4xnglwc</gx:mid>
				<gx:fid>0x33a99915ef5db22b:0x688b79eacf6159bf</gx:fid>
				<LookAt>
					<longitude>123.9063254</longitude>
					<latitude>10.3252187</latitude>
					<altitude>0</altitude>
					<heading>0</heading>
					<tilt>0</tilt>
					<gx:fovy>35</gx:fovy>
					<range>1037.415025767553</range>
					<altitudeMode>relativeToGround</altitudeMode>
				</LookAt>
				<styleUrl>#__managed_style_0E2BBF56DE40DE0E6C28</styleUrl>
				<Point>
					<altitudeMode>relativeToGround</altitudeMode>
					<coordinates>123.9063254,10.3252187,0</coordinates>
				</Point>
			</Placemark>
			<Placemark id="03651CF2773C5BB2B590">
				<gx:mid>/g/11j36m_bs4</gx:mid>
				<gx:fid>0x33a9990e27de4e49:0xaf5e2d343dd69500</gx:fid>
				<LookAt>
					<longitude>123.9072412</longitude>
					<latitude>10.3303318</latitude>
					<altitude>0</altitude>
					<heading>0</heading>
					<tilt>0</tilt>
					<gx:fovy>35</gx:fovy>
					<range>1037.396161409959</range>
					<altitudeMode>relativeToGround</altitudeMode>
				</LookAt>
				<styleUrl>#__managed_style_0E2BBF56DE40DE0E6C28</styleUrl>
				<Point>
					<altitudeMode>relativeToGround</altitudeMode>
					<coordinates>123.9072377,10.3303262,0</coordinates>
				</Point>
			</Placemark>
			<Placemark id="0930585AAD3C5BB3B519">
				<gx:mid>/g/11svb2nzwm</gx:mid>
				<gx:fid>0x33a999fefdefd681:0x38c523ca0ac4b1e4</gx:fid>
				<LookAt>
					<longitude>123.9108693</longitude>
					<latitude>10.3266316</latitude>
					<altitude>0</altitude>
					<heading>0</heading>
					<tilt>0</tilt>
					<gx:fovy>35</gx:fovy>
					<range>1037.409813907594</range>
					<altitudeMode>relativeToGround</altitudeMode>
				</LookAt>
				<styleUrl>#__managed_style_2FACC6067D40DE0E6C27</styleUrl>
				<Point>
					<altitudeMode>relativeToGround</altitudeMode>
					<coordinates>123.9108693,10.3266316,0</coordinates>
				</Point>
			</Placemark>
			<Placemark id="0F45E8F2993C5BB4C818">
				<gx:mid>/g/11bwfvcr5x</gx:mid>
				<gx:fid>0x33a999254ae3e869:0x63bfa697c164fc78</gx:fid>
				<LookAt>
					<longitude>123.8981652</longitude>
					<latitude>10.3262134</latitude>
					<altitude>0</altitude>
					<heading>0</heading>
					<tilt>0</tilt>
					<gx:fovy>35</gx:fovy>
					<range>1037.411356623248</range>
					<altitudeMode>relativeToGround</altitudeMode>
				</LookAt>
				<styleUrl>#__managed_style_210298C5CD40DE0E6C24</styleUrl>
				<Point>
					<altitudeMode>relativeToGround</altitudeMode>
					<coordinates>123.8981652,10.3262134,0</coordinates>
				</Point>
			</Placemark>
			<Placemark id="0CE3270B0E3C5BB56E1C">
				<gx:mid>/g/11f08_vtdy</gx:mid>
				<gx:fid>0x33a99f5bbab492d3:0x4ff9354680c8a40f</gx:fid>
				<LookAt>
					<longitude>123.8708577</longitude>
					<latitude>10.3706646</latitude>
					<altitude>0</altitude>
					<heading>0</heading>
					<tilt>0</tilt>
					<gx:fovy>35</gx:fovy>
					<range>1037.247035349894</range>
					<altitudeMode>relativeToGround</altitudeMode>
				</LookAt>
				<styleUrl>#__managed_style_0F9033FB4840DE0E6C26</styleUrl>
				<Point>
					<altitudeMode>relativeToGround</altitudeMode>
					<coordinates>123.8708577,10.3706646,0</coordinates>
				</Point>
			</Placemark>
			<Placemark id="0E8613803C3C5BB647E3">
				<gx:mid>/g/11bwprt8m4</gx:mid>
				<gx:fid>0x33a99f5abe55053f:0xea2ebb4f5b184ff2</gx:fid>
				<LookAt>
					<longitude>123.8732522</longitude>
					<latitude>10.3688727</latitude>
					<altitude>0</altitude>
					<heading>0</heading>
					<tilt>0</tilt>
					<gx:fovy>35</gx:fovy>
					<range>1037.253672815773</range>
					<altitudeMode>relativeToGround</altitudeMode>
				</LookAt>
				<styleUrl>#__managed_style_2E56BD065040DE0E6C2C</styleUrl>
				<Point>
					<altitudeMode>relativeToGround</altitudeMode>
					<coordinates>123.8733401,10.3689412,0</coordinates>
				</Point>
			</Placemark>
			<Placemark id="06DAAE507A3C5BBC6191">
				<gx:mid>/g/11j237pq1y</gx:mid>
				<gx:fid>0x33a999ce5dc3348b:0xd4bedda8010a37b6</gx:fid>
				<LookAt>
					<longitude>123.9048047</longitude>
					<latitude>10.3244658</latitude>
					<altitude>0</altitude>
					<heading>0</heading>
					<tilt>0</tilt>
					<gx:fovy>35</gx:fovy>
					<range>1037.417802754717</range>
					<altitudeMode>relativeToGround</altitudeMode>
				</LookAt>
				<styleUrl>#__managed_style_1EFD963F7340DE0E6C28</styleUrl>
				<Point>
					<altitudeMode>relativeToGround</altitudeMode>
					<coordinates>123.9048047,10.3244658,0</coordinates>
				</Point>
			</Placemark>
			<Placemark id="0E94B5A4633C5BBF0344">
				<gx:mid>/g/11rr0_hj84</gx:mid>
				<gx:fid>0x33a999c20f0f8333:0xfa8b1533972bd342</gx:fid>
				<LookAt>
					<longitude>123.8961681</longitude>
					<latitude>10.3110288</latitude>
					<altitude>0</altitude>
					<heading>0</heading>
					<tilt>0</tilt>
					<gx:fovy>35</gx:fovy>
					<range>1037.467330169481</range>
					<altitudeMode>relativeToGround</altitudeMode>
				</LookAt>
				<styleUrl>#__managed_style_1EFD963F7340DE0E6C28</styleUrl>
				<Point>
					<altitudeMode>relativeToGround</altitudeMode>
					<coordinates>123.8961681,10.3110288,0</coordinates>
				</Point>
			</Placemark>
			<Placemark id="09C436CEB43C5BBF970F">
				<gx:mid>/g/11wbyg27rk</gx:mid>
				<gx:fid>0x33a999001bcd6139:0xfe7e10372c6c6cb2</gx:fid>
				<LookAt>
					<longitude>123.9218549</longitude>
					<latitude>10.3119831</latitude>
					<altitude>0</altitude>
					<heading>0</heading>
					<tilt>0</tilt>
					<gx:fovy>35</gx:fovy>
					<range>1037.463814806766</range>
					<altitudeMode>relativeToGround</altitudeMode>
				</LookAt>
				<styleUrl>#__managed_style_1EFD963F7340DE0E6C28</styleUrl>
				<Point>
					<altitudeMode>relativeToGround</altitudeMode>
					<coordinates>123.9218711,10.3119966,0</coordinates>
				</Point>
			</Placemark>
			<Placemark id="0B01E141CB3C5BC370CE">
				<gx:mid>/g/11dxrwy0qh</gx:mid>
				<gx:fid>0x33a9a1e203c4aebd:0xf8903f2b2832fd5e</gx:fid>
				<LookAt>
					<longitude>123.8687375</longitude>
					<latitude>10.3790026</latitude>
					<altitude>0</altitude>
					<heading>0</heading>
					<tilt>0</tilt>
					<gx:fovy>35</gx:fovy>
					<range>1037.21613533506</range>
					<altitudeMode>relativeToGround</altitudeMode>
				</LookAt>
				<styleUrl>#__managed_style_210298C5CD40DE0E6C24</styleUrl>
				<Point>
					<altitudeMode>relativeToGround</altitudeMode>
					<coordinates>123.8687375,10.3790026,0</coordinates>
				</Point>
			</Placemark>
			<Placemark id="02670DC42A3C5BC90A68">
				<gx:mid>/g/11svchdg7d</gx:mid>
				<gx:fid>0x33a99940080b887b:0x675c500dc4389b9</gx:fid>
				<LookAt>
					<longitude>123.9180548</longitude>
					<latitude>10.3272396</latitude>
					<altitude>0</altitude>
					<heading>0</heading>
					<tilt>0</tilt>
					<gx:fovy>35</gx:fovy>
					<range>1037.407570921237</range>
					<altitudeMode>relativeToGround</altitudeMode>
				</LookAt>
				<styleUrl>#__managed_style_0C4DD4FFF840DE0E6C24</styleUrl>
				<Point>
					<altitudeMode>relativeToGround</altitudeMode>
					<coordinates>123.9180548,10.3272396,0</coordinates>
				</Point>
			</Placemark>
			<Placemark id="0069C464C03C5BCA3D0C">
				<gx:mid>/g/11xg8rz_k7</gx:mid>
				<gx:fid>0x33a9a1c4f3c9df1b:0xb1363771e2d9727f</gx:fid>
				<LookAt>
					<longitude>123.9089412</longitude>
					<latitude>10.3280289</latitude>
					<altitude>0</altitude>
					<heading>0</heading>
					<tilt>0</tilt>
					<gx:fovy>35</gx:fovy>
					<range>1037.404658903519</range>
					<altitudeMode>relativeToGround</altitudeMode>
				</LookAt>
				<styleUrl>#__managed_style_0C4DD4FFF840DE0E6C24</styleUrl>
				<Point>
					<altitudeMode>relativeToGround</altitudeMode>
					<coordinates>123.9089412,10.3280289,0</coordinates>
				</Point>
			</Placemark>
			<Placemark id="03926AAEFA3C5BCB09F0">
				<gx:mid>/g/11yhwdghdd</gx:mid>
				<gx:fid>0x33a9990325382b5f:0x512ed147e071e269</gx:fid>
				<LookAt>
					<longitude>123.9379695</longitude>
					<latitude>10.3199107</latitude>
					<altitude>0</altitude>
					<heading>0</heading>
					<tilt>0</tilt>
					<gx:fovy>35</gx:fovy>
					<range>1037.434599488012</range>
					<altitudeMode>relativeToGround</altitudeMode>
				</LookAt>
				<styleUrl>#__managed_style_0C4DD4FFF840DE0E6C24</styleUrl>
				<Point>
					<altitudeMode>relativeToGround</altitudeMode>
					<coordinates>123.9379695,10.3199107,0</coordinates>
				</Point>
			</Placemark>
			<Placemark id="008CAF77383C5BCE9CE9">
				<gx:mid>/g/11l5xdw02p</gx:mid>
				<gx:fid>0x33a99962ee1c3525:0x14ceed3009400b30</gx:fid>
				<LookAt>
					<longitude>123.9111409</longitude>
					<latitude>10.3375125</latitude>
					<altitude>0</altitude>
					<heading>0</heading>
					<tilt>0</tilt>
					<gx:fovy>35</gx:fovy>
					<range>1037.369653326947</range>
					<altitudeMode>relativeToGround</altitudeMode>
				</LookAt>
				<styleUrl>#__managed_style_210298C5CD40DE0E6C24</styleUrl>
				<Point>
					<altitudeMode>relativeToGround</altitudeMode>
					<coordinates>123.9111398,10.3375127,0</coordinates>
				</Point>
			</Placemark>
			<Placemark id="0DCD5DDB433C5BCF72E8">
				<gx:mid>/g/11kk_b2t96</gx:mid>
				<gx:fid>0x33a9999ab7c5ff21:0xd35d9f7acadfab52</gx:fid>
				<LookAt>
					<longitude>123.9092514</longitude>
					<latitude>10.3453607</latitude>
					<altitude>0</altitude>
					<heading>0</heading>
					<tilt>0</tilt>
					<gx:fovy>35</gx:fovy>
					<range>1037.340660426781</range>
					<altitudeMode>relativeToGround</altitudeMode>
				</LookAt>
				<styleUrl>#__managed_style_210298C5CD40DE0E6C24</styleUrl>
				<Point>
					<altitudeMode>relativeToGround</altitudeMode>
					<coordinates>123.9092514,10.3453607,0</coordinates>
				</Point>
			</Placemark>
			<Placemark id="09C58C7C263C5CF5E93B">
				<gx:mid>/g/11wq9_p3pf</gx:mid>
				<gx:fid>0x3391a132c2a2d035:0x6b244b2e68d39f7d</gx:fid>
				<LookAt>
					<longitude>120.5665042</longitude>
					<latitude>16.4219167</latitude>
					<altitude>0</altitude>
					<heading>0</heading>
					<tilt>0</tilt>
					<gx:fovy>35</gx:fovy>
					<range>1008.485372540211</range>
					<altitudeMode>relativeToGround</altitudeMode>
				</LookAt>
				<styleUrl>#__managed_style_2E7CC5F72F40DE0E6C26</styleUrl>
				<Point>
					<altitudeMode>relativeToGround</altitudeMode>
					<coordinates>120.5665042,16.4219167,0</coordinates>
				</Point>
			</Placemark>
			<Placemark id="033D5BF3653C5D6D1D0C">
				<gx:mid>/g/11dfr7x1kz</gx:mid>
				<gx:fid>0x33041bd5b0bf6d2b:0xc6267632e0e7227a</gx:fid>
				<LookAt>
					<longitude>126.0434309</longitude>
					<latitude>10.034199</latitude>
					<altitude>0</altitude>
					<heading>0</heading>
					<tilt>0</tilt>
					<gx:fovy>35</gx:fovy>
					<range>1038.473591796501</range>
					<altitudeMode>relativeToGround</altitudeMode>
				</LookAt>
				<styleUrl>#__managed_style_24AE5C8F5640DE0E6C29</styleUrl>
				<Point>
					<altitudeMode>relativeToGround</altitudeMode>
					<coordinates>126.0434309,10.034199,0</coordinates>
				</Point>
			</Placemark>
			<Placemark id="0D71DAC3873C5D712C83">
				<gx:mid>/g/11c57yj65j</gx:mid>
				<gx:fid>0x3303e1fd70157031:0x3e8afdb3f340ad8a</gx:fid>
				<LookAt>
					<longitude>125.9159838</longitude>
					<latitude>9.593704799999998</latitude>
					<altitude>0</altitude>
					<heading>0</heading>
					<tilt>0</tilt>
					<gx:fovy>35</gx:fovy>
					<range>1040.019231569979</range>
					<altitudeMode>relativeToGround</altitudeMode>
				</LookAt>
				<styleUrl>#__managed_style_0EEE821F1F40DE0E6C33</styleUrl>
				<Point>
					<altitudeMode>relativeToGround</altitudeMode>
					<coordinates>125.9159838,9.593704799999999,0</coordinates>
				</Point>
			</Placemark>
			<Placemark id="0FECFEB77D3C5D71E920">
				<gx:mid>/g/11b6_cy60_</gx:mid>
				<gx:fid>0x3303e1fb7f4a485b:0x5b425b9f99abd0ec</gx:fid>
				<LookAt>
					<longitude>125.9165119</longitude>
					<latitude>9.599470199999997</latitude>
					<altitude>0</altitude>
					<heading>0</heading>
					<tilt>0</tilt>
					<gx:fovy>35</gx:fovy>
					<range>1039.999442515662</range>
					<altitudeMode>relativeToGround</altitudeMode>
				</LookAt>
				<styleUrl>#__managed_style_0F9033FB4840DE0E6C26</styleUrl>
				<Point>
					<altitudeMode>relativeToGround</altitudeMode>
					<coordinates>125.9165119,9.599470199999999,0</coordinates>
				</Point>
			</Placemark>
			<Placemark id="032CF6E6533C5D72608C">
				<gx:mid>/g/11fy4swyg7</gx:mid>
				<gx:fid>0x33015f57b8c2c6db:0x29547dd74c80104e</gx:fid>
				<LookAt>
					<longitude>125.9095759</longitude>
					<latitude>9.614718</latitude>
					<altitude>0</altitude>
					<heading>0</heading>
					<tilt>0</tilt>
					<gx:fovy>35</gx:fovy>
					<range>1039.947049826597</range>
					<altitudeMode>relativeToGround</altitudeMode>
				</LookAt>
				<styleUrl>#__managed_style_5FDD0598BF40DE0E6C28</styleUrl>
				<Point>
					<altitudeMode>relativeToGround</altitudeMode>
					<coordinates>125.9095759,9.614718,0</coordinates>
				</Point>
			</Placemark>
			<Placemark id="0ACFB880183C6592C240">
				<gx:mid>/g/11b6ggf055</gx:mid>
				<gx:fid>0x330409ed71c75ca3:0xe105ac071c3e2f4d</gx:fid>
				<LookAt>
					<longitude>126.164265</longitude>
					<latitude>9.813303100000001</latitude>
					<altitude>0</altitude>
					<heading>0</heading>
					<tilt>0</tilt>
					<gx:fovy>35</gx:fovy>
					<range>1039.257220750391</range>
					<altitudeMode>relativeToGround</altitudeMode>
				</LookAt>
				<styleUrl>#__managed_style_0F9033FB4840DE0E6C26</styleUrl>
				<Point>
					<altitudeMode>relativeToGround</altitudeMode>
					<coordinates>126.164265,9.813303099999999,0</coordinates>
				</Point>
			</Placemark>
			<Placemark id="0C4044D1BA3C65958A8F">
				<gx:mid>/g/11gj71rz21</gx:mid>
				<gx:fid>0x3303f740f0320e65:0xdaa405b912c4948b</gx:fid>
				<LookAt>
					<longitude>126.1132557</longitude>
					<latitude>9.8013324</latitude>
					<altitude>0</altitude>
					<heading>0</heading>
					<tilt>0</tilt>
					<gx:fovy>35</gx:fovy>
					<range>1039.299196689573</range>
					<altitudeMode>relativeToGround</altitudeMode>
				</LookAt>
				<styleUrl>#__managed_style_0F9033FB4840DE0E6C26</styleUrl>
				<Point>
					<altitudeMode>relativeToGround</altitudeMode>
					<coordinates>126.1132557,9.8013324,0</coordinates>
				</Point>
			</Placemark>
			<Placemark id="0E7CF733943C6596B8C4">
				<gx:mid>/g/11j0w6z0y0</gx:mid>
				<gx:fid>0x33041be3b4505925:0x85956051cf504fac</gx:fid>
				<LookAt>
					<longitude>126.0714562</longitude>
					<latitude>10.0340686</latitude>
					<altitude>0</altitude>
					<heading>0</heading>
					<tilt>0</tilt>
					<gx:fovy>35</gx:fovy>
					<range>1038.474059450941</range>
					<altitudeMode>relativeToGround</altitudeMode>
				</LookAt>
				<styleUrl>#__managed_style_2649CAD44540DE0E6C28</styleUrl>
				<Point>
					<altitudeMode>relativeToGround</altitudeMode>
					<coordinates>126.0714562,10.0340686,0</coordinates>
				</Point>
			</Placemark>
			<Placemark id="08BDB9C11A3C65974831">
				<gx:mid>/g/11w203q78_</gx:mid>
				<gx:fid>0x33040f000acfb17b:0xe159b0561e6c5286</gx:fid>
				<LookAt>
					<longitude>126.1031935</longitude>
					<latitude>9.9440671</latitude>
					<altitude>0</altitude>
					<heading>0</heading>
					<tilt>0</tilt>
					<gx:fovy>35</gx:fovy>
					<range>1038.795406941947</range>
					<altitudeMode>relativeToGround</altitudeMode>
				</LookAt>
				<styleUrl>#__managed_style_33FF29916140DE0E6C28</styleUrl>
				<Point>
					<altitudeMode>relativeToGround</altitudeMode>
					<coordinates>126.1031935,9.9440671,0</coordinates>
				</Point>
			</Placemark>
			<Placemark id="0F9F4F56683C6598993E">
				<gx:mid>/g/11qb7110zx</gx:mid>
				<gx:fid>0x3304093cd343fec3:0x35f459459679b397</gx:fid>
				<LookAt>
					<longitude>126.1528996</longitude>
					<latitude>9.8121253</latitude>
					<altitude>0</altitude>
					<heading>0</heading>
					<tilt>0</tilt>
					<gx:fovy>35</gx:fovy>
					<range>1039.261353009008</range>
					<altitudeMode>relativeToGround</altitudeMode>
				</LookAt>
				<styleUrl>#__managed_style_2649CAD44540DE0E6C28</styleUrl>
				<Point>
					<altitudeMode>relativeToGround</altitudeMode>
					<coordinates>126.1528996,9.8121253,0</coordinates>
				</Point>
			</Placemark>
			<Placemark id="0F3478A7D33C65994FBB">
				<gx:mid>/g/11ks1mxvq4</gx:mid>
				<gx:fid>0x3303f79914353697:0xfee18a8d5b82cea9</gx:fid>
				<LookAt>
					<longitude>126.127548</longitude>
					<latitude>9.7653</latitude>
					<altitude>0</altitude>
					<heading>0</heading>
					<tilt>0</tilt>
					<gx:fovy>35</gx:fovy>
					<range>1039.425242070095</range>
					<altitudeMode>relativeToGround</altitudeMode>
				</LookAt>
				<styleUrl>#__managed_style_33FF29916140DE0E6C28</styleUrl>
				<Point>
					<altitudeMode>relativeToGround</altitudeMode>
					<coordinates>126.127548,9.7653,0</coordinates>
				</Point>
			</Placemark>
			<Placemark id="0B431683EC3C659A9776">
				<gx:mid>/g/11y1xjx7mv</gx:mid>
				<gx:fid>0x3304099cfac99f87:0x9f96a701b9aa5820</gx:fid>
				<LookAt>
					<longitude>126.1618983</longitude>
					<latitude>9.812826599999999</latitude>
					<altitude>0</altitude>
					<heading>0</heading>
					<tilt>0</tilt>
					<gx:fovy>35</gx:fovy>
					<range>1039.258892588107</range>
					<altitudeMode>relativeToGround</altitudeMode>
				</LookAt>
				<styleUrl>#__managed_style_210298C5CD40DE0E6C24</styleUrl>
				<Point>
					<altitudeMode>relativeToGround</altitudeMode>
					<coordinates>126.1618983,9.812826599999999,0</coordinates>
				</Point>
			</Placemark>
			<Placemark id="0A2600ABD03C659E9369">
				<gx:mid>/g/11kq3cmkb2</gx:mid>
				<gx:fid>0x3303f7b698a06fa9:0x3da2c49aa2353468</gx:fid>
				<LookAt>
					<longitude>126.1167504</longitude>
					<latitude>9.7564043</latitude>
					<altitude>0</altitude>
					<heading>0</heading>
					<tilt>0</tilt>
					<gx:fovy>35</gx:fovy>
					<range>1039.456289913065</range>
					<altitudeMode>relativeToGround</altitudeMode>
				</LookAt>
				<styleUrl>#__managed_style_33FF29916140DE0E6C28</styleUrl>
				<Point>
					<altitudeMode>relativeToGround</altitudeMode>
					<coordinates>126.1167504,9.7564043,0</coordinates>
				</Point>
			</Placemark>
			<Placemark id="0012F152383C65A17BF1">
				<gx:mid>/g/11gv0qmgg7</gx:mid>
				<gx:fid>0x3303f7499e0bd939:0xbc70acf641df928a</gx:fid>
				<LookAt>
					<longitude>126.1618549</longitude>
					<latitude>9.7896047</latitude>
					<altitude>0</altitude>
					<heading>0</heading>
					<tilt>0</tilt>
					<gx:fovy>35</gx:fovy>
					<range>1039.340271645533</range>
					<altitudeMode>relativeToGround</altitudeMode>
				</LookAt>
				<styleUrl>#__managed_style_1EFD963F7340DE0E6C28</styleUrl>
				<Point>
					<altitudeMode>relativeToGround</altitudeMode>
					<coordinates>126.1618549,9.7896047,0</coordinates>
				</Point>
			</Placemark>
			<Placemark id="0765E10EC23C65A2F7F4">
				<gx:mid>/g/11sgw9kdkf</gx:mid>
				<gx:fid>0x3303f7fd34d62a11:0x8bbe2babbe7944c5</gx:fid>
				<LookAt>
					<longitude>126.1610192</longitude>
					<latitude>9.785688799999999</latitude>
					<altitude>0</altitude>
					<heading>0</heading>
					<tilt>0</tilt>
					<gx:fovy>35</gx:fovy>
					<range>1039.353975870325</range>
					<altitudeMode>relativeToGround</altitudeMode>
				</LookAt>
				<styleUrl>#__managed_style_0E81E0E64040DE0E6C29</styleUrl>
				<Point>
					<altitudeMode>relativeToGround</altitudeMode>
					<coordinates>126.1610192,9.785688799999999,0</coordinates>
				</Point>
			</Placemark>
			<Placemark id="025D3B59C33C65A39AB8">
				<gx:mid>/g/11w1qbhj6l</gx:mid>
				<gx:fid>0x330409002e60da53:0x54e737c219e318b3</gx:fid>
				<LookAt>
					<longitude>126.1560991</longitude>
					<latitude>9.8097452</latitude>
					<altitude>0</altitude>
					<heading>0</heading>
					<tilt>0</tilt>
					<gx:fovy>35</gx:fovy>
					<range>1039.269701993848</range>
					<altitudeMode>relativeToGround</altitudeMode>
				</LookAt>
				<styleUrl>#__managed_style_210298C5CD40DE0E6C24</styleUrl>
				<Point>
					<altitudeMode>relativeToGround</altitudeMode>
					<coordinates>126.1560991,9.8097452,0</coordinates>
				</Point>
			</Placemark>
			<Placemark id="09DA1E5CB83C65A3FA9C">
				<gx:mid>/g/11fn4nprjw</gx:mid>
				<gx:fid>0x3304093985538e9d:0x1ddceb55945c532c</gx:fid>
				<LookAt>
					<longitude>126.1596888</longitude>
					<latitude>9.8019664</latitude>
					<altitude>0</altitude>
					<heading>0</heading>
					<tilt>0</tilt>
					<gx:fovy>35</gx:fovy>
					<range>1039.296974796891</range>
					<altitudeMode>relativeToGround</altitudeMode>
				</LookAt>
				<styleUrl>#__managed_style_210298C5CD40DE0E6C24</styleUrl>
				<Point>
					<altitudeMode>relativeToGround</altitudeMode>
					<coordinates>126.1596888,9.8019664,0</coordinates>
				</Point>
			</Placemark>
			<Placemark id="050EC7024C3C65A45753">
				<gx:mid>/g/11ksb4248j</gx:mid>
				<gx:fid>0x3304098d9895433b:0x56aa90c1e070772a</gx:fid>
				<LookAt>
					<longitude>126.1579375</longitude>
					<latitude>9.8031875</latitude>
					<altitude>0</altitude>
					<heading>0</heading>
					<tilt>0</tilt>
					<gx:fovy>35</gx:fovy>
					<range>1039.292694977033</range>
					<altitudeMode>relativeToGround</altitudeMode>
				</LookAt>
				<styleUrl>#__managed_style_210298C5CD40DE0E6C24</styleUrl>
				<Point>
					<altitudeMode>relativeToGround</altitudeMode>
					<coordinates>126.1579375,9.8031875,0</coordinates>
				</Point>
			</Placemark>
			<Placemark id="043790D1F93C65A4DB9C">
				<gx:mid>/g/11t_lrt351</gx:mid>
				<gx:fid>0x3303f72260a54439:0x7280f2fdde7457af</gx:fid>
				<LookAt>
					<longitude>126.1506912</longitude>
					<latitude>9.790548299999998</latitude>
					<altitude>0</altitude>
					<heading>0</heading>
					<tilt>0</tilt>
					<gx:fovy>35</gx:fovy>
					<range>1039.336968582292</range>
					<altitudeMode>relativeToGround</altitudeMode>
				</LookAt>
				<styleUrl>#__managed_style_210298C5CD40DE0E6C24</styleUrl>
				<Point>
					<altitudeMode>relativeToGround</altitudeMode>
					<coordinates>126.1506912,9.790548299999999,0</coordinates>
				</Point>
			</Placemark>
			<Placemark id="02B8F50E3F3C65A5C031">
				<gx:mid>/g/11vq2qyf6v</gx:mid>
				<gx:fid>0x330409af5aa8a775:0x35e2370417b94d65</gx:fid>
				<LookAt>
					<longitude>126.1631026</longitude>
					<latitude>9.811548100000001</latitude>
					<altitude>0</altitude>
					<heading>0</heading>
					<tilt>0</tilt>
					<gx:fovy>35</gx:fovy>
					<range>1039.263377911206</range>
					<altitudeMode>relativeToGround</altitudeMode>
				</LookAt>
				<styleUrl>#__managed_style_210298C5CD40DE0E6C24</styleUrl>
				<Point>
					<altitudeMode>relativeToGround</altitudeMode>
					<coordinates>126.1631026,9.8115481,0</coordinates>
				</Point>
			</Placemark>
			<Placemark id="0367D62D983C65A65D18">
				<gx:mid>/g/11whpwv2fm</gx:mid>
				<gx:fid>0x3303f700724a56a9:0xbab2e0bcf641ea1c</gx:fid>
				<LookAt>
					<longitude>126.1599812</longitude>
					<latitude>9.795144499999999</latitude>
					<altitude>0</altitude>
					<heading>0</heading>
					<tilt>0</tilt>
					<gx:fovy>35</gx:fovy>
					<range>1039.320875146676</range>
					<altitudeMode>relativeToGround</altitudeMode>
				</LookAt>
				<styleUrl>#__managed_style_0E2BBF56DE40DE0E6C28</styleUrl>
				<Point>
					<altitudeMode>relativeToGround</altitudeMode>
					<coordinates>126.1599793,9.7951503,0</coordinates>
				</Point>
			</Placemark>
			<Placemark id="08B6848FA63C65A72C86">
				<gx:mid>/g/11qmm23p1y</gx:mid>
				<gx:fid>0x3303f7be94d97215:0x4f031fdcee67ccb6</gx:fid>
				<LookAt>
					<longitude>126.1548806</longitude>
					<latitude>9.7829151</latitude>
					<altitude>0</altitude>
					<heading>0</heading>
					<tilt>0</tilt>
					<gx:fovy>35</gx:fovy>
					<range>1039.3636795466</range>
					<altitudeMode>relativeToGround</altitudeMode>
				</LookAt>
				<styleUrl>#__managed_style_0E2BBF56DE40DE0E6C28</styleUrl>
				<Point>
					<altitudeMode>relativeToGround</altitudeMode>
					<coordinates>126.1548849,9.782895199999999,0</coordinates>
				</Point>
			</Placemark>
			<Placemark id="0FB3A361163C65A8881C">
				<gx:mid>/g/11ff22y31x</gx:mid>
				<gx:fid>0x3303f739bed20023:0xcb411dafd273e80a</gx:fid>
				<LookAt>
					<longitude>126.1606475</longitude>
					<latitude>9.8039158</latitude>
					<altitude>0</altitude>
					<heading>0</heading>
					<tilt>0</tilt>
					<gx:fovy>35</gx:fovy>
					<range>1039.290142116691</range>
					<altitudeMode>relativeToGround</altitudeMode>
				</LookAt>
				<styleUrl>#__managed_style_0C4DD4FFF840DE0E6C24</styleUrl>
				<Point>
					<altitudeMode>relativeToGround</altitudeMode>
					<coordinates>126.1606715,9.8039112,0</coordinates>
				</Point>
			</Placemark>
			<Placemark id="080C018C763C65A9088F">
				<gx:mid>/g/11k4139q_s</gx:mid>
				<gx:fid>0x3303f765a72347cf:0x992550a4830a8756</gx:fid>
				<LookAt>
					<longitude>126.1603145</longitude>
					<latitude>9.795855699999999</latitude>
					<altitude>0</altitude>
					<heading>0</heading>
					<tilt>0</tilt>
					<gx:fovy>35</gx:fovy>
					<range>1039.318384240416</range>
					<altitudeMode>relativeToGround</altitudeMode>
				</LookAt>
				<styleUrl>#__managed_style_0C4DD4FFF840DE0E6C24</styleUrl>
				<Point>
					<altitudeMode>relativeToGround</altitudeMode>
					<coordinates>126.1603145,9.795855699999999,0</coordinates>
				</Point>
			</Placemark>
			<Placemark id="0D4BE2CFED3C65AA3CA0">
				<gx:mid>/g/11q92jrgcj</gx:mid>
				<gx:fid>0x330409d02b728d6d:0xbcd39056eaff7a76</gx:fid>
				<LookAt>
					<longitude>126.1597967</longitude>
					<latitude>9.809545099999998</latitude>
					<altitude>0</altitude>
					<heading>0</heading>
					<tilt>0</tilt>
					<gx:fovy>35</gx:fovy>
					<range>1039.270403819701</range>
					<altitudeMode>relativeToGround</altitudeMode>
				</LookAt>
				<styleUrl>#__managed_style_0C4DD4FFF840DE0E6C24</styleUrl>
				<Point>
					<altitudeMode>relativeToGround</altitudeMode>
					<coordinates>126.1598308,9.809556799999999,0</coordinates>
				</Point>
			</Placemark>
			<Placemark id="088DE026333C65AB0376">
				<gx:mid>/g/11gzmqfrq</gx:mid>
				<gx:fid>0x3303f61a697d50eb:0xd08fd29137b9c117</gx:fid>
				<LookAt>
					<longitude>126.1605177</longitude>
					<latitude>9.787910699999999</latitude>
					<altitude>0</altitude>
					<heading>0</heading>
					<tilt>0</tilt>
					<gx:fovy>35</gx:fovy>
					<range>1039.346200691142</range>
					<altitudeMode>relativeToGround</altitudeMode>
				</LookAt>
				<styleUrl>#__managed_style_0C4DD4FFF840DE0E6C24</styleUrl>
				<Point>
					<altitudeMode>relativeToGround</altitudeMode>
					<coordinates>126.160532,9.7878741,0</coordinates>
				</Point>
			</Placemark>
			<Placemark id="0F5F94944C3C65AB81F4">
				<gx:mid>/g/11fkyxg525</gx:mid>
				<gx:fid>0x3303f714ba0fe7bd:0x8460265a23cde1e9</gx:fid>
				<LookAt>
					<longitude>126.1616449</longitude>
					<latitude>9.792102</latitude>
					<altitude>0</altitude>
					<heading>0</heading>
					<tilt>0</tilt>
					<gx:fovy>35</gx:fovy>
					<range>1039.331529186964</range>
					<altitudeMode>relativeToGround</altitudeMode>
				</LookAt>
				<styleUrl>#__managed_style_0C4DD4FFF840DE0E6C24</styleUrl>
				<Point>
					<altitudeMode>relativeToGround</altitudeMode>
					<coordinates>126.1616449,9.792102,0</coordinates>
				</Point>
			</Placemark>
			<Placemark id="0BB770CF9E3C65AC094F">
				<gx:mid>/g/11j3lfmz1r</gx:mid>
				<gx:fid>0x33040901f2e931a3:0x875be3fb94a52ba8</gx:fid>
				<LookAt>
					<longitude>126.1586747</longitude>
					<latitude>9.803410699999999</latitude>
					<altitude>0</altitude>
					<heading>0</heading>
					<tilt>0</tilt>
					<gx:fovy>35</gx:fovy>
					<range>1039.29191262912</range>
					<altitudeMode>relativeToGround</altitudeMode>
				</LookAt>
				<styleUrl>#__managed_style_0C4DD4FFF840DE0E6C24</styleUrl>
				<Point>
					<altitudeMode>relativeToGround</altitudeMode>
					<coordinates>126.1587081,9.803415099999999,0</coordinates>
				</Point>
			</Placemark>
			<Placemark id="0F0427592F3C65ACC417">
				<gx:mid>/g/11vzg0hf49</gx:mid>
				<gx:fid>0x3303f77374709a99:0xa68a9ec5c5ef97a8</gx:fid>
				<LookAt>
					<longitude>126.1611012</longitude>
					<latitude>9.787800200000001</latitude>
					<altitude>0</altitude>
					<heading>0</heading>
					<tilt>0</tilt>
					<gx:fovy>35</gx:fovy>
					<range>1039.346587409039</range>
					<altitudeMode>relativeToGround</altitudeMode>
				</LookAt>
				<styleUrl>#__managed_style_0C4DD4FFF840DE0E6C24</styleUrl>
				<Point>
					<altitudeMode>relativeToGround</altitudeMode>
					<coordinates>126.1611012,9.7878002,0</coordinates>
				</Point>
			</Placemark>
			<Placemark id="050BC70F7D3C65AD1E31">
				<gx:mid>/g/11lm_7h_fv</gx:mid>
				<gx:fid>0x3303f70c48d65799:0xcbbc0ac9101c0775</gx:fid>
				<LookAt>
					<longitude>126.1602268</longitude>
					<latitude>9.796729600000001</latitude>
					<altitude>0</altitude>
					<heading>0</heading>
					<tilt>0</tilt>
					<gx:fovy>35</gx:fovy>
					<range>1039.315323250139</range>
					<altitudeMode>relativeToGround</altitudeMode>
				</LookAt>
				<styleUrl>#__managed_style_0C4DD4FFF840DE0E6C24</styleUrl>
				<Point>
					<altitudeMode>relativeToGround</altitudeMode>
					<coordinates>126.1602268,9.796729599999999,0</coordinates>
				</Point>
			</Placemark>
			<Placemark id="002183502C3C65AF71D4">
				<gx:mid>/g/11n5rflphq</gx:mid>
				<gx:fid>0x3303f70a53770743:0x24fe4ae69677032a</gx:fid>
				<LookAt>
					<longitude>126.1067566</longitude>
					<latitude>9.771596499999999</latitude>
					<altitude>0</altitude>
					<heading>0</heading>
					<tilt>0</tilt>
					<gx:fovy>35</gx:fovy>
					<range>1039.403249145553</range>
					<altitudeMode>relativeToGround</altitudeMode>
				</LookAt>
				<styleUrl>#__managed_style_0F9033FB4840DE0E6C26</styleUrl>
				<Point>
					<altitudeMode>relativeToGround</altitudeMode>
					<coordinates>126.1067566,9.771596499999999,0</coordinates>
				</Point>
			</Placemark>
			<Placemark id="058696D46D3C65B4E8E0">
				<name>Coconut road</name>
				<LookAt>
					<longitude>126.0642214788532</longitude>
					<latitude>9.817614909384451</latitude>
					<altitude>6.534049081841811</altitude>
					<heading>0</heading>
					<tilt>0</tilt>
					<gx:fovy>35</gx:fovy>
					<range>5863.680836582207</range>
					<altitudeMode>absolute</altitudeMode>
				</LookAt>
				<styleUrl>#__managed_style_09AE1AE39E40DE0E6C2C</styleUrl>
				<LineString>
					<coordinates>
						126.0641514329777,9.804062558915211,0 126.0637888458415,9.80521042189593,0 126.0633967699122,9.805881773351883,0 126.063210300533,9.806288749679123,0 126.0630869188981,9.806912689506492,0 126.0627071395308,9.80792277564449,0 126.0622093404139,9.808994928485962,0 126.0616752950896,9.809754884882429,0 126.0614338060831,9.81022485263893,0 126.0606895325691,9.811091170866234,0 126.0603108965162,9.811965711576986,0 126.0600217576647,9.812220509065899,0 126.0598241360915,9.812272504782815,0 126.0593735732277,9.812277432572873,0 126.0589233783599,9.812192781123789,0 126.0582338228125,9.812098075451706,0 126.0572687315989,9.811739956454584,0 126.0564364876854,9.811658711214209,0 126.0560348880893,9.811730488378387,0 126.0552635600433,9.812076530521638,0 126.0544175188279,9.812476456322402,0 126.0542913921317,9.813069732384998,0 126.0546546872304,9.815818612076868,0 126.0549357692026,9.817994731757347,0 
					</coordinates>
				</LineString>
			</Placemark>
			<Placemark id="08CC236B8D3C65B7A008">
				<gx:mid>/g/1n36gkb08</gx:mid>
				<gx:fid>0x3303edd5f15e47f5:0x748c050a31f0ea03</gx:fid>
				<LookAt>
					<longitude>126.1766803</longitude>
					<latitude>9.611391749999999</latitude>
					<altitude>0</altitude>
					<heading>0</heading>
					<tilt>0</tilt>
					<gx:fovy>35</gx:fovy>
					<range>2326.178590154923</range>
					<altitudeMode>relativeToGround</altitudeMode>
				</LookAt>
				<styleUrl>#__managed_style_0F9033FB4840DE0E6C26</styleUrl>
				<Point>
					<altitudeMode>relativeToGround</altitudeMode>
					<coordinates>126.1749041,9.608966799999999,0</coordinates>
				</Point>
			</Placemark>
			<Placemark id="06D5D348EF3C65B893C7">
				<gx:mid>/g/11fyxc17hf</gx:mid>
				<gx:fid>0x3303fa87737a8c27:0x7e4a8baa4c0b963e</gx:fid>
				<LookAt>
					<longitude>126.08172115</longitude>
					<latitude>9.692812050000001</latitude>
					<altitude>0</altitude>
					<heading>0</heading>
					<tilt>0</tilt>
					<gx:fovy>35</gx:fovy>
					<range>2325.497470451822</range>
					<altitudeMode>relativeToGround</altitudeMode>
				</LookAt>
				<styleUrl>#__managed_style_0F9033FB4840DE0E6C26</styleUrl>
				<Point>
					<altitudeMode>relativeToGround</altitudeMode>
					<coordinates>126.0825458,9.692577499999999,0</coordinates>
				</Point>
			</Placemark>
			<Placemark id="0CD25677CF3C65B92CE7">
				<gx:mid>/g/11tcc4w9_s</gx:mid>
				<gx:fid>0x330419718c6e68e3:0x20f7fdd460e31d01</gx:fid>
				<LookAt>
					<longitude>126.0710457</longitude>
					<latitude>10.054659</latitude>
					<altitude>0</altitude>
					<heading>0</heading>
					<tilt>0</tilt>
					<gx:fovy>35</gx:fovy>
					<range>1038.400141936459</range>
					<altitudeMode>relativeToGround</altitudeMode>
				</LookAt>
				<styleUrl>#__managed_style_33FF29916140DE0E6C28</styleUrl>
				<Point>
					<altitudeMode>relativeToGround</altitudeMode>
					<coordinates>126.0710457,10.054659,0</coordinates>
				</Point>
			</Placemark>
			<Placemark id="08446EE3BE3C65BA76E8">
				<gx:mid>/g/11svv6y1xk</gx:mid>
				<gx:fid>0x3304090c9e2779d9:0x6b158a5816ad122a</gx:fid>
				<LookAt>
					<longitude>126.1199161</longitude>
					<latitude>9.875508</latitude>
					<altitude>0</altitude>
					<heading>0</heading>
					<tilt>0</tilt>
					<gx:fovy>35</gx:fovy>
					<range>1039.038284194209</range>
					<altitudeMode>relativeToGround</altitudeMode>
				</LookAt>
				<styleUrl>#__managed_style_0F9033FB4840DE0E6C26</styleUrl>
				<Point>
					<altitudeMode>relativeToGround</altitudeMode>
					<coordinates>126.1199161,9.875508,0</coordinates>
				</Point>
			</Placemark>
			<Placemark id="08FD3D74CE3C65BC1D60">
				<gx:mid>/g/11vq9mb9pj</gx:mid>
				<gx:fid>0x33040f0027ee3133:0xda8ddb700f838b4a</gx:fid>
				<LookAt>
					<longitude>126.1089147</longitude>
					<latitude>9.931837099999999</latitude>
					<altitude>0</altitude>
					<heading>0</heading>
					<tilt>0</tilt>
					<gx:fovy>35</gx:fovy>
					<range>1038.838854015962</range>
					<altitudeMode>relativeToGround</altitudeMode>
				</LookAt>
				<styleUrl>#__managed_style_0F9033FB4840DE0E6C26</styleUrl>
				<Point>
					<altitudeMode>relativeToGround</altitudeMode>
					<coordinates>126.1089147,9.931837099999999,0</coordinates>
				</Point>
			</Placemark>
			<Placemark id="00756383733C65BD0B21">
				<gx:mid>/g/11gv0p3hr8</gx:mid>
				<gx:fid>0x330407e6508efaaf:0x83a1c2c16ab34118</gx:fid>
				<LookAt>
					<longitude>126.0562069</longitude>
					<latitude>9.821490800000001</latitude>
					<altitude>0</altitude>
					<heading>0</heading>
					<tilt>0</tilt>
					<gx:fovy>35</gx:fovy>
					<range>1039.228481083112</range>
					<altitudeMode>relativeToGround</altitudeMode>
				</LookAt>
				<styleUrl>#__managed_style_0F9033FB4840DE0E6C26</styleUrl>
				<Point>
					<altitudeMode>relativeToGround</altitudeMode>
					<coordinates>126.0562069,9.821490799999999,0</coordinates>
				</Point>
			</Placemark>
			<Placemark id="025E35D1693C65BF7823">
				<gx:mid>/g/11vsvmb8n9</gx:mid>
				<gx:fid>0x330419002d8fbaf5:0xc5d94012f4f8ebe2</gx:fid>
				<LookAt>
					<longitude>126.0513156</longitude>
					<latitude>10.0552776</latitude>
					<altitude>0</altitude>
					<heading>0</heading>
					<tilt>0</tilt>
					<gx:fovy>35</gx:fovy>
					<range>1038.397918918147</range>
					<altitudeMode>relativeToGround</altitudeMode>
				</LookAt>
				<styleUrl>#__managed_style_0F9033FB4840DE0E6C26</styleUrl>
				<Point>
					<altitudeMode>relativeToGround</altitudeMode>
					<coordinates>126.0513156,10.0552776,0</coordinates>
				</Point>
			</Placemark>
			<Placemark id="08B8ED72C53C65C1A39C">
				<gx:mid>/m/0120xmch</gx:mid>
				<gx:fid>0x3303f67b01d381f1:0x2a814bf5ecff40e0</gx:fid>
				<LookAt>
					<longitude>126.16793635</longitude>
					<latitude>9.765262</latitude>
					<altitude>0</altitude>
					<heading>0</heading>
					<tilt>0</tilt>
					<gx:fovy>35</gx:fovy>
					<range>1039.425374757218</range>
					<altitudeMode>relativeToGround</altitudeMode>
				</LookAt>
				<styleUrl>#__managed_style_0F9033FB4840DE0E6C26</styleUrl>
				<Point>
					<altitudeMode>relativeToGround</altitudeMode>
					<coordinates>126.1679471,9.7651337,0</coordinates>
				</Point>
			</Placemark>
			<Placemark id="092B4AB58B3C65C2C30B">
				<gx:mid>/g/1n36g4vyn</gx:mid>
				<gx:fid>0x3303f697b5f20bcd:0x4639357c1f512aaa</gx:fid>
				<LookAt>
					<longitude>126.1629582</longitude>
					<latitude>9.741351999999999</latitude>
					<altitude>0</altitude>
					<heading>0</heading>
					<tilt>0</tilt>
					<gx:fovy>35</gx:fovy>
					<range>2325.088730664932</range>
					<altitudeMode>relativeToGround</altitudeMode>
				</LookAt>
				<styleUrl>#__managed_style_0F9033FB4840DE0E6C26</styleUrl>
				<Point>
					<altitudeMode>relativeToGround</altitudeMode>
					<coordinates>126.1640441,9.741183699999999,0</coordinates>
				</Point>
			</Placemark>
			<Placemark id="0A56DE85093C65C93E7F">
				<name>Tuason Surf Spot</name>
				<LookAt>
					<longitude>126.1696516</longitude>
					<latitude>9.8090802</latitude>
					<altitude>0</altitude>
					<heading>0</heading>
					<tilt>0</tilt>
					<gx:fovy>35</gx:fovy>
					<range>1039.272034344225</range>
					<altitudeMode>relativeToGround</altitudeMode>
				</LookAt>
				<styleUrl>#__managed_style_2BD7A1BC9440DE0E6C31</styleUrl>
				<Point>
					<altitudeMode>relativeToGround</altitudeMode>
					<coordinates>126.1696516,9.8090802,0</coordinates>
				</Point>
			</Placemark>
			<Placemark id="085D9FDDDE3C65CD0ECC">
				<gx:mid>/g/11c80b4jr4</gx:mid>
				<gx:fid>0x3303f61c7fdfbe31:0x1a736b6221e36109</gx:fid>
				<LookAt>
					<longitude>126.1624663</longitude>
					<latitude>9.791804799999998</latitude>
					<altitude>0</altitude>
					<heading>0</heading>
					<tilt>0</tilt>
					<gx:fovy>35</gx:fovy>
					<range>1039.332569729127</range>
					<altitudeMode>relativeToGround</altitudeMode>
				</LookAt>
				<styleUrl>#__managed_style_0C4DD4FFF840DE0E6C24</styleUrl>
				<Point>
					<altitudeMode>relativeToGround</altitudeMode>
					<coordinates>126.1624663,9.7918048,0</coordinates>
				</Point>
			</Placemark>
			<Placemark id="052D8491043C65CED770">
				<gx:mid>/g/11lct9n4q3</gx:mid>
				<gx:fid>0x33041b0063f87c23:0x829324740405b9e3</gx:fid>
				<LookAt>
					<longitude>126.0234112</longitude>
					<latitude>9.9776471</latitude>
					<altitude>0</altitude>
					<heading>0</heading>
					<tilt>0</tilt>
					<gx:fovy>35</gx:fovy>
					<range>1038.675843596769</range>
					<altitudeMode>relativeToGround</altitudeMode>
				</LookAt>
				<styleUrl>#__managed_style_1FBD7A58C740DE0E6C27</styleUrl>
				<Point>
					<altitudeMode>relativeToGround</altitudeMode>
					<coordinates>126.0234112,9.9776471,0</coordinates>
				</Point>
			</Placemark>
			<Placemark id="097980D5463C65D179FC">
				<gx:mid>/g/11kjpqkxcq</gx:mid>
				<gx:fid>0x3303f7437e20f80d:0xe626ab8a2efaac10</gx:fid>
				<LookAt>
					<longitude>126.1094152</longitude>
					<latitude>9.772173600000002</latitude>
					<altitude>0</altitude>
					<heading>0</heading>
					<tilt>0</tilt>
					<gx:fovy>35</gx:fovy>
					<range>1039.401232706093</range>
					<altitudeMode>relativeToGround</altitudeMode>
				</LookAt>
				<styleUrl>#__managed_style_0F9033FB4840DE0E6C26</styleUrl>
				<Point>
					<altitudeMode>relativeToGround</altitudeMode>
					<coordinates>126.1094152,9.7721736,0</coordinates>
				</Point>
			</Placemark>
			<Placemark id="01E633BD923C65D6F11B">
				<gx:mid>/g/1tk6mvym</gx:mid>
				<gx:fid>0x3391a6aab90f501d:0xd60c1ab088f168b0</gx:fid>
				<LookAt>
					<longitude>120.6172233</longitude>
					<latitude>16.4156997</latitude>
					<altitude>0</altitude>
					<heading>0</heading>
					<tilt>0</tilt>
					<gx:fovy>35</gx:fovy>
					<range>1008.521344848275</range>
					<altitudeMode>relativeToGround</altitudeMode>
				</LookAt>
				<styleUrl>#__managed_style_087E8D0BB840DE0E6C27</styleUrl>
				<Point>
					<altitudeMode>relativeToGround</altitudeMode>
					<coordinates>120.6172233,16.4156997,0</coordinates>
				</Point>
			</Placemark>
			<Placemark id="04B1309CF83C65D7A104">
				<gx:mid>/m/02vp1xs</gx:mid>
				<gx:fid>0x3391a6aceaecb5a1:0xe3a511b7e6cbe196</gx:fid>
				<LookAt>
					<longitude>120.6214727</longitude>
					<latitude>16.4123678</latitude>
					<altitude>0</altitude>
					<heading>0</heading>
					<tilt>0</tilt>
					<gx:fovy>35</gx:fovy>
					<range>1008.540618267691</range>
					<altitudeMode>relativeToGround</altitudeMode>
				</LookAt>
				<styleUrl>#__managed_style_087E8D0BB840DE0E6C27</styleUrl>
				<Point>
					<altitudeMode>relativeToGround</altitudeMode>
					<coordinates>120.6214727,16.4123678,0</coordinates>
				</Point>
			</Placemark>
			<Placemark id="0385047DB93C65D83F59">
				<gx:mid>/g/1tfqcb4z</gx:mid>
				<gx:fid>0x3391a1541c0c7227:0x673a805fba2868d2</gx:fid>
				<LookAt>
					<longitude>120.6129064</longitude>
					<latitude>16.4150118</latitude>
					<altitude>0</altitude>
					<heading>0</heading>
					<tilt>0</tilt>
					<gx:fovy>35</gx:fovy>
					<range>1008.525324320947</range>
					<altitudeMode>relativeToGround</altitudeMode>
				</LookAt>
				<styleUrl>#__managed_style_087E8D0BB840DE0E6C27</styleUrl>
				<Point>
					<altitudeMode>relativeToGround</altitudeMode>
					<coordinates>120.6129064,16.4150118,0</coordinates>
				</Point>
			</Placemark>
			<Placemark id="0FD2894AD83C65D91E77">
				<gx:mid>/g/11c2qs9nn_</gx:mid>
				<gx:fid>0x3391a4023e5648b3:0xbb0a2d38acae6ba0</gx:fid>
				<LookAt>
					<longitude>120.6269696</longitude>
					<latitude>16.4196515</latitude>
					<altitude>0</altitude>
					<heading>0</heading>
					<tilt>0</tilt>
					<gx:fovy>35</gx:fovy>
					<range>1008.498480765544</range>
					<altitudeMode>relativeToGround</altitudeMode>
				</LookAt>
				<styleUrl>#__managed_style_087E8D0BB840DE0E6C27</styleUrl>
				<Point>
					<altitudeMode>relativeToGround</altitudeMode>
					<coordinates>120.6269696,16.4196515,0</coordinates>
				</Point>
			</Placemark>
			<Placemark id="0E3B11254B3C65D9A140">
				<gx:mid>/m/026_zlb</gx:mid>
				<gx:fid>0x3391a16998ef8289:0xd18a33a9e621bcf2</gx:fid>
				<LookAt>
					<longitude>120.5929704</longitude>
					<latitude>16.4123795</latitude>
					<altitude>0</altitude>
					<heading>0</heading>
					<tilt>0</tilt>
					<gx:fovy>35</gx:fovy>
					<range>1008.540550595424</range>
					<altitudeMode>relativeToGround</altitudeMode>
				</LookAt>
				<styleUrl>#__managed_style_087E8D0BB840DE0E6C27</styleUrl>
				<Point>
					<altitudeMode>relativeToGround</altitudeMode>
					<coordinates>120.5945725193427,16.41087226237394,0</coordinates>
				</Point>
			</Placemark>
			<Placemark id="084A44BA673C65DB6524">
				<gx:mid>/g/11f3w6vs2r</gx:mid>
				<gx:fid>0x3391a11a5c879621:0xbb89ee0cd6f852d7</gx:fid>
				<LookAt>
					<longitude>120.6113599</longitude>
					<latitude>16.397029</latitude>
					<altitude>0</altitude>
					<heading>0</heading>
					<tilt>0</tilt>
					<gx:fovy>35</gx:fovy>
					<range>1008.6292975633</range>
					<altitudeMode>relativeToGround</altitudeMode>
				</LookAt>
				<styleUrl>#__managed_style_087E8D0BB840DE0E6C27</styleUrl>
				<Point>
					<altitudeMode>relativeToGround</altitudeMode>
					<coordinates>120.6113599,16.397029,0</coordinates>
				</Point>
			</Placemark>
			<Placemark id="09A0E7DA293C65DC04E8">
				<gx:mid>/m/02z3g56</gx:mid>
				<gx:fid>0x3391a142502e9c77:0x557fb6c39765cdd8</gx:fid>
				<LookAt>
					<longitude>120.5998022</longitude>
					<latitude>16.4088516</latitude>
					<altitude>0</altitude>
					<heading>0</heading>
					<tilt>0</tilt>
					<gx:fovy>35</gx:fovy>
					<range>1008.560953720799</range>
					<altitudeMode>relativeToGround</altitudeMode>
				</LookAt>
				<styleUrl>#__managed_style_1FEF85BF6940DE0E6C26</styleUrl>
				<Point>
					<altitudeMode>relativeToGround</altitudeMode>
					<coordinates>120.5998022,16.4088516,0</coordinates>
				</Point>
			</Placemark>
			<Placemark id="0EAD1552B03C65DCD187">
				<gx:mid>/g/1ptzx9v2h</gx:mid>
				<gx:fid>0x3391a167deb9b7bd:0x897d2729a3e23ff1</gx:fid>
				<LookAt>
					<longitude>120.5948565</longitude>
					<latitude>16.412585</latitude>
					<altitude>0</altitude>
					<heading>0</heading>
					<tilt>0</tilt>
					<gx:fovy>35</gx:fovy>
					<range>1008.539361985274</range>
					<altitudeMode>relativeToGround</altitudeMode>
				</LookAt>
				<styleUrl>#__managed_style_3CFDBA907B40DE0E6C2C</styleUrl>
				<Point>
					<altitudeMode>relativeToGround</altitudeMode>
					<coordinates>120.5948565,16.412585,0</coordinates>
				</Point>
			</Placemark>
			<Placemark id="0F4A29F8233C65DD54C7">
				<gx:mid>/g/11pkfzg28w</gx:mid>
				<gx:fid>0x3391a1403364695b:0x9241e889d54200f4</gx:fid>
				<LookAt>
					<longitude>120.6035197</longitude>
					<latitude>16.4012924</latitude>
					<altitude>0</altitude>
					<heading>0</heading>
					<tilt>0</tilt>
					<gx:fovy>35</gx:fovy>
					<range>1008.604657212214</range>
					<altitudeMode>relativeToGround</altitudeMode>
				</LookAt>
				<styleUrl>#__managed_style_0C4DD4FFF840DE0E6C24</styleUrl>
				<Point>
					<altitudeMode>relativeToGround</altitudeMode>
					<coordinates>120.6035197,16.4012924,0</coordinates>
				</Point>
			</Placemark>
			<Placemark id="058A7E88E63C65DE5933">
				<gx:mid>/g/1tk_ltf2</gx:mid>
				<gx:fid>0x3391a14c5b8d4a27:0x8d2482850f8f10d5</gx:fid>
				<LookAt>
					<longitude>120.6165801</longitude>
					<latitude>16.4055894</latitude>
					<altitude>0</altitude>
					<heading>0</heading>
					<tilt>0</tilt>
					<gx:fovy>35</gx:fovy>
					<range>1008.579816479055</range>
					<altitudeMode>relativeToGround</altitudeMode>
				</LookAt>
				<styleUrl>#__managed_style_210298C5CD40DE0E6C24</styleUrl>
				<Point>
					<altitudeMode>relativeToGround</altitudeMode>
					<coordinates>120.6165801,16.4055894,0</coordinates>
				</Point>
			</Placemark>
			<Placemark id="08DE119D503C65DEB84F">
				<gx:mid>/g/11fq16rw91</gx:mid>
				<gx:fid>0x3391a730f2146be9:0x1fd5bd864d84e0dd</gx:fid>
				<LookAt>
					<longitude>120.6314512</longitude>
					<latitude>16.4150719</latitude>
					<altitude>0</altitude>
					<heading>0</heading>
					<tilt>0</tilt>
					<gx:fovy>35</gx:fovy>
					<range>1008.524976651315</range>
					<altitudeMode>relativeToGround</altitudeMode>
				</LookAt>
				<styleUrl>#__managed_style_0C4DD4FFF840DE0E6C24</styleUrl>
				<Point>
					<altitudeMode>relativeToGround</altitudeMode>
					<coordinates>120.6314512,16.4150719,0</coordinates>
				</Point>
			</Placemark>
			<Placemark id="014F403AC33C65DF5E00">
				<gx:mid>/g/12hmtp1k8</gx:mid>
				<gx:fid>0x3391a168c625a37d:0x198f476f87d2c588</gx:fid>
				<LookAt>
					<longitude>120.592025</longitude>
					<latitude>16.4117429</latitude>
					<altitude>0</altitude>
					<heading>0</heading>
					<tilt>0</tilt>
					<gx:fovy>35</gx:fovy>
					<range>1008.544232593879</range>
					<altitudeMode>relativeToGround</altitudeMode>
				</LookAt>
				<styleUrl>#__managed_style_0C4DD4FFF840DE0E6C24</styleUrl>
				<Point>
					<altitudeMode>relativeToGround</altitudeMode>
					<coordinates>120.592025,16.4117429,0</coordinates>
				</Point>
			</Placemark>
			<Placemark id="0FD92112273C65E061F4">
				<gx:mid>/g/12qgh71b3</gx:mid>
				<gx:fid>0x3391a3d4fa86463f:0x37af405696889eaf</gx:fid>
				<LookAt>
					<longitude>120.5763849</longitude>
					<latitude>16.4296517</latitude>
					<altitude>0</altitude>
					<heading>0</heading>
					<tilt>0</tilt>
					<gx:fovy>35</gx:fovy>
					<range>1008.44059874288</range>
					<altitudeMode>relativeToGround</altitudeMode>
				</LookAt>
				<styleUrl>#__managed_style_0F9033FB4840DE0E6C26</styleUrl>
				<Point>
					<altitudeMode>relativeToGround</altitudeMode>
					<coordinates>120.5763849,16.4296517,0</coordinates>
				</Point>
			</Placemark>
			<Placemark id="087DE4EB963C65E0F780">
				<gx:mid>/g/11bz07j6p3</gx:mid>
				<gx:fid>0x3391a3d4f2fd208b:0xcced133c39c0a70c</gx:fid>
				<LookAt>
					<longitude>120.5764546</longitude>
					<latitude>16.4299721</latitude>
					<altitude>0</altitude>
					<heading>0</heading>
					<tilt>0</tilt>
					<gx:fovy>35</gx:fovy>
					<range>1008.438743683573</range>
					<altitudeMode>relativeToGround</altitudeMode>
				</LookAt>
				<styleUrl>#__managed_style_0C4DD4FFF840DE0E6C24</styleUrl>
				<Point>
					<altitudeMode>relativeToGround</altitudeMode>
					<coordinates>120.5764612,16.4299779,0</coordinates>
				</Point>
			</Placemark>
			<Placemark id="0ADD0C77903C65E1B0DB">
				<gx:mid>/g/11frncq8v2</gx:mid>
				<gx:fid>0x3391a1d191e5b149:0x4132f3282962729</gx:fid>
				<LookAt>
					<longitude>120.5809878</longitude>
					<latitude>16.410109</latitude>
					<altitude>0</altitude>
					<heading>0</heading>
					<tilt>0</tilt>
					<gx:fovy>35</gx:fovy>
					<range>1008.553682200939</range>
					<altitudeMode>relativeToGround</altitudeMode>
				</LookAt>
				<styleUrl>#__managed_style_0F9033FB4840DE0E6C26</styleUrl>
				<Point>
					<altitudeMode>relativeToGround</altitudeMode>
					<coordinates>120.5809878,16.410109,0</coordinates>
				</Point>
			</Placemark>
			<Placemark id="002256B1643C65E21669">
				<gx:mid>/g/11n023_6rf</gx:mid>
				<gx:fid>0x3391a1085e3766e3:0x25773eeb4b976f39</gx:fid>
				<LookAt>
					<longitude>120.57952</longitude>
					<latitude>16.409856</latitude>
					<altitude>0</altitude>
					<heading>0</heading>
					<tilt>0</tilt>
					<gx:fovy>35</gx:fovy>
					<range>1008.555145337805</range>
					<altitudeMode>relativeToGround</altitudeMode>
				</LookAt>
				<styleUrl>#__managed_style_2649CAD44540DE0E6C28</styleUrl>
				<Point>
					<altitudeMode>relativeToGround</altitudeMode>
					<coordinates>120.57952,16.409856,0</coordinates>
				</Point>
			</Placemark>
			<Placemark id="0C0D038A7B3C65E2BA27">
				<gx:mid>/g/11mncg8brx</gx:mid>
				<gx:fid>0x3391a3432dd16a6f:0xb964ddeec5a6d418</gx:fid>
				<LookAt>
					<longitude>120.614449</longitude>
					<latitude>16.4217054</latitude>
					<altitude>0</altitude>
					<heading>0</heading>
					<tilt>0</tilt>
					<gx:fovy>35</gx:fovy>
					<range>1008.486595360904</range>
					<altitudeMode>relativeToGround</altitudeMode>
				</LookAt>
				<styleUrl>#__managed_style_087E8D0BB840DE0E6C27</styleUrl>
				<Point>
					<altitudeMode>relativeToGround</altitudeMode>
					<coordinates>120.614449,16.4217054,0</coordinates>
				</Point>
			</Placemark>
			<Placemark id="0897F1B4D53C65E487BC">
				<gx:mid>/g/11j8v995n2</gx:mid>
				<gx:fid>0x3391a38a35bc320f:0x2ca5456fc98d2720</gx:fid>
				<LookAt>
					<longitude>120.5861849</longitude>
					<latitude>16.4575176</latitude>
					<altitude>0</altitude>
					<heading>0</heading>
					<tilt>0</tilt>
					<gx:fovy>35</gx:fovy>
					<range>1008.279130972822</range>
					<altitudeMode>relativeToGround</altitudeMode>
				</LookAt>
				<styleUrl>#__managed_style_0F9033FB4840DE0E6C26</styleUrl>
				<Point>
					<altitudeMode>relativeToGround</altitudeMode>
					<coordinates>120.5861849,16.4575176,0</coordinates>
				</Point>
			</Placemark>
			<Placemark id="0911AAEBAA3C65E598A7">
				<gx:mid>/g/1hc2kv8zk</gx:mid>
				<gx:fid>0x3391a3e790307453:0x55bc9719090d0a0d</gx:fid>
				<LookAt>
					<longitude>120.5980053</longitude>
					<latitude>16.4316335</latitude>
					<altitude>0</altitude>
					<heading>0</heading>
					<tilt>0</tilt>
					<gx:fovy>35</gx:fovy>
					<range>1008.429123917557</range>
					<altitudeMode>relativeToGround</altitudeMode>
				</LookAt>
				<styleUrl>#__managed_style_0F9033FB4840DE0E6C26</styleUrl>
				<Point>
					<altitudeMode>relativeToGround</altitudeMode>
					<coordinates>120.5980053,16.4316335,0</coordinates>
				</Point>
			</Placemark>
			<Placemark id="00CC7AD11F3C65E6080B">
				<gx:mid>/g/11bvt840fc</gx:mid>
				<gx:fid>0x3391a15d67140ddb:0xf57fc150d9f999a4</gx:fid>
				<LookAt>
					<longitude>120.5974442</longitude>
					<latitude>16.4138348</latitude>
					<altitude>0</altitude>
					<heading>0</heading>
					<tilt>0</tilt>
					<gx:fovy>35</gx:fovy>
					<range>1008.532132847255</range>
					<altitudeMode>relativeToGround</altitudeMode>
				</LookAt>
				<styleUrl>#__managed_style_0F9033FB4840DE0E6C26</styleUrl>
				<Point>
					<altitudeMode>relativeToGround</altitudeMode>
					<coordinates>120.5974218,16.4138335,0</coordinates>
				</Point>
			</Placemark>
			<Placemark id="0144F3C15A3C65E7909F">
				<gx:mid>/g/11dztwsjgc</gx:mid>
				<gx:fid>0x3391a169837fcf8b:0x284f821f9541f63b</gx:fid>
				<LookAt>
					<longitude>120.5946473</longitude>
					<latitude>16.4079298</latitude>
					<altitude>0</altitude>
					<heading>0</heading>
					<tilt>0</tilt>
					<gx:fovy>35</gx:fovy>
					<range>1008.566284134304</range>
					<altitudeMode>relativeToGround</altitudeMode>
				</LookAt>
				<styleUrl>#__managed_style_0C4DD4FFF840DE0E6C24</styleUrl>
				<Point>
					<altitudeMode>relativeToGround</altitudeMode>
					<coordinates>120.5946473,16.4079298,0</coordinates>
				</Point>
			</Placemark>
			<Placemark id="05892B88B63C65E7E4FE">
				<gx:mid>/g/1tgxflnk</gx:mid>
				<gx:fid>0x3391a14307b509f9:0x91222ea8dd57af6d</gx:fid>
				<LookAt>
					<longitude>120.6004298</longitude>
					<latitude>16.4095621</latitude>
					<altitude>0</altitude>
					<heading>0</heading>
					<tilt>0</tilt>
					<gx:fovy>35</gx:fovy>
					<range>1008.556844978444</range>
					<altitudeMode>relativeToGround</altitudeMode>
				</LookAt>
				<styleUrl>#__managed_style_0C4DD4FFF840DE0E6C24</styleUrl>
				<Point>
					<altitudeMode>relativeToGround</altitudeMode>
					<coordinates>120.6004516,16.4095654,0</coordinates>
				</Point>
			</Placemark>
			<Placemark id="0EDAFE9B9F3C65E8763C">
				<gx:mid>/g/11bzwrgqgy</gx:mid>
				<gx:fid>0x3391a6adaa7be3e5:0x8765227708ca1ea0</gx:fid>
				<LookAt>
					<longitude>120.6231565</longitude>
					<latitude>16.4108855</latitude>
					<altitude>0</altitude>
					<heading>0</heading>
					<tilt>0</tilt>
					<gx:fovy>35</gx:fovy>
					<range>1008.549191450696</range>
					<altitudeMode>relativeToGround</altitudeMode>
				</LookAt>
				<styleUrl>#__managed_style_0C4DD4FFF840DE0E6C24</styleUrl>
				<Point>
					<altitudeMode>relativeToGround</altitudeMode>
					<coordinates>120.6231565,16.4108855,0</coordinates>
				</Point>
			</Placemark>
			<Placemark id="0784B1CF393C65E9912E">
				<gx:mid>/g/11skt1xjqv</gx:mid>
				<gx:fid>0x3391a1736daf45a7:0xcf4a0a2023ff0622</gx:fid>
				<LookAt>
					<longitude>120.6042111</longitude>
					<latitude>16.4043367</latitude>
					<altitude>0</altitude>
					<heading>0</heading>
					<tilt>0</tilt>
					<gx:fovy>35</gx:fovy>
					<range>1008.587058914301</range>
					<altitudeMode>relativeToGround</altitudeMode>
				</LookAt>
				<styleUrl>#__managed_style_0C4DD4FFF840DE0E6C24</styleUrl>
				<Point>
					<altitudeMode>relativeToGround</altitudeMode>
					<coordinates>120.6042111,16.4043367,0</coordinates>
				</Point>
			</Placemark>
			<Placemark id="0DB789BE223C65E9FE28">
				<gx:mid>/g/11j8xjl9jp</gx:mid>
				<gx:fid>0x3391a1b8dbd9cfc1:0x9237a1c334de7351</gx:fid>
				<LookAt>
					<longitude>120.5946754</longitude>
					<latitude>16.4044699</latitude>
					<altitude>0</altitude>
					<heading>0</heading>
					<tilt>0</tilt>
					<gx:fovy>35</gx:fovy>
					<range>1008.586288848892</range>
					<altitudeMode>relativeToGround</altitudeMode>
				</LookAt>
				<styleUrl>#__managed_style_0C4DD4FFF840DE0E6C24</styleUrl>
				<Point>
					<altitudeMode>relativeToGround</altitudeMode>
					<coordinates>120.5946754,16.4044699,0</coordinates>
				</Point>
			</Placemark>
			<Placemark id="024FFF9C693C65EBADAC">
				<gx:mid>/g/11sdy_zxty</gx:mid>
				<gx:fid>0x3391a16cbc64c955:0x28d54aa2d75a5190</gx:fid>
				<LookAt>
					<longitude>120.5991688</longitude>
					<latitude>16.4078858</latitude>
					<altitude>0</altitude>
					<heading>0</heading>
					<tilt>0</tilt>
					<gx:fovy>35</gx:fovy>
					<range>1008.566538562165</range>
					<altitudeMode>relativeToGround</altitudeMode>
				</LookAt>
				<styleUrl>#__managed_style_0C4DD4FFF840DE0E6C24</styleUrl>
				<Point>
					<altitudeMode>relativeToGround</altitudeMode>
					<coordinates>120.5991688,16.4078858,0</coordinates>
				</Point>
			</Placemark>
			<Placemark id="00F10FE4283C65EC585B">
				<gx:mid>/g/1tcvlt54</gx:mid>
				<gx:fid>0x3391a142b0b1cf97:0x32ecb60a558500e2</gx:fid>
				<LookAt>
					<longitude>120.5981474</longitude>
					<latitude>16.4117572</latitude>
					<altitude>0</altitude>
					<heading>0</heading>
					<tilt>0</tilt>
					<gx:fovy>35</gx:fovy>
					<range>1008.544149886332</range>
					<altitudeMode>relativeToGround</altitudeMode>
				</LookAt>
				<styleUrl>#__managed_style_0C4DD4FFF840DE0E6C24</styleUrl>
				<Point>
					<altitudeMode>relativeToGround</altitudeMode>
					<coordinates>120.5981718,16.4117863,0</coordinates>
				</Point>
			</Placemark>
			<Placemark id="0FEDF318E53C65EE4DFC">
				<gx:mid>/g/11kq20r65t</gx:mid>
				<gx:fid>0x3391a54620becb4d:0xfcdc67bd5510ea6a</gx:fid>
				<LookAt>
					<longitude>120.6863239</longitude>
					<latitude>16.4163311</latitude>
					<altitude>0</altitude>
					<heading>0</heading>
					<tilt>0</tilt>
					<gx:fovy>35</gx:fovy>
					<range>1008.51769208556</range>
					<altitudeMode>relativeToGround</altitudeMode>
				</LookAt>
				<styleUrl>#__managed_style_087E8D0BB840DE0E6C27</styleUrl>
				<Point>
					<altitudeMode>relativeToGround</altitudeMode>
					<coordinates>120.6863239,16.4163311,0</coordinates>
				</Point>
			</Placemark>
			<Placemark id="082AB52A6A3C65F1B064">
				<gx:mid>/g/11p02qxppt</gx:mid>
				<gx:fid>0x3391a155a6d6f3bf:0xa943dca3f8a0358b</gx:fid>
				<LookAt>
					<longitude>120.6020905</longitude>
					<latitude>16.4028562</latitude>
					<altitude>0</altitude>
					<heading>0</heading>
					<tilt>0</tilt>
					<gx:fovy>35</gx:fovy>
					<range>1008.595617685194</range>
					<altitudeMode>relativeToGround</altitudeMode>
				</LookAt>
				<styleUrl>#__managed_style_210298C5CD40DE0E6C24</styleUrl>
				<Point>
					<altitudeMode>relativeToGround</altitudeMode>
					<coordinates>120.6020905,16.4028562,0</coordinates>
				</Point>
			</Placemark>
			<Placemark id="0780D343C03C65F277AE">
				<gx:mid>/g/11g6lvwvsl</gx:mid>
				<gx:fid>0x3391a1615fd8be33:0x320779d8f6a580c6</gx:fid>
				<LookAt>
					<longitude>120.6036555</longitude>
					<latitude>16.4135945</latitude>
					<altitude>0</altitude>
					<heading>0</heading>
					<tilt>0</tilt>
					<gx:fovy>35</gx:fovy>
					<range>1008.533522839962</range>
					<altitudeMode>relativeToGround</altitudeMode>
				</LookAt>
				<styleUrl>#__managed_style_210298C5CD40DE0E6C24</styleUrl>
				<Point>
					<altitudeMode>relativeToGround</altitudeMode>
					<coordinates>120.6036555,16.4135945,0</coordinates>
				</Point>
			</Placemark>
			<Placemark id="0E6CD2F09C3C65F3139B">
				<gx:mid>/g/11svml3ttz</gx:mid>
				<gx:fid>0x3391a1a2e7e6793b:0x38d045a43089a667</gx:fid>
				<LookAt>
					<longitude>120.611251</longitude>
					<latitude>16.3646711</latitude>
					<altitude>0</altitude>
					<heading>0</heading>
					<tilt>0</tilt>
					<gx:fovy>35</gx:fovy>
					<range>1008.816110827391</range>
					<altitudeMode>relativeToGround</altitudeMode>
				</LookAt>
				<styleUrl>#__managed_style_210298C5CD40DE0E6C24</styleUrl>
				<Point>
					<altitudeMode>relativeToGround</altitudeMode>
					<coordinates>120.611251,16.3646711,0</coordinates>
				</Point>
			</Placemark>
			<Placemark id="00B852EE6E3C65F3FF9C">
				<gx:mid>/g/11pdk3tv8x</gx:mid>
				<gx:fid>0x3391a1e45a5c8a5d:0xb86142dd367d12b8</gx:fid>
				<LookAt>
					<longitude>120.5873401</longitude>
					<latitude>16.3948941</latitude>
					<altitude>0</altitude>
					<heading>0</heading>
					<tilt>0</tilt>
					<gx:fovy>35</gx:fovy>
					<range>1008.64163393431</range>
					<altitudeMode>relativeToGround</altitudeMode>
				</LookAt>
				<styleUrl>#__managed_style_210298C5CD40DE0E6C24</styleUrl>
				<Point>
					<altitudeMode>relativeToGround</altitudeMode>
					<coordinates>120.5873402,16.394893,0</coordinates>
				</Point>
			</Placemark>
			<Placemark id="0EC22B12EE3C65F47AA7">
				<gx:mid>/g/11fmdxwrb4</gx:mid>
				<gx:fid>0x3391a13b9a62aad3:0x49a4f0d68b55ce68</gx:fid>
				<LookAt>
					<longitude>120.5898238</longitude>
					<latitude>16.4237983</latitude>
					<altitude>0</altitude>
					<heading>0</heading>
					<tilt>0</tilt>
					<gx:fovy>35</gx:fovy>
					<range>1008.474482812671</range>
					<altitudeMode>relativeToGround</altitudeMode>
				</LookAt>
				<styleUrl>#__managed_style_210298C5CD40DE0E6C24</styleUrl>
				<Point>
					<altitudeMode>relativeToGround</altitudeMode>
					<coordinates>120.5898238,16.4237983,0</coordinates>
				</Point>
			</Placemark>
			<Placemark id="08BCAC577B3C65F4E7C4">
				<gx:mid>/g/11rk35pkbg</gx:mid>
				<gx:fid>0x3391a1bec1224ab1:0xd38b6d96848ed98d</gx:fid>
				<LookAt>
					<longitude>120.5736789</longitude>
					<latitude>16.3769951</latitude>
					<altitude>0</altitude>
					<heading>0</heading>
					<tilt>0</tilt>
					<gx:fovy>35</gx:fovy>
					<range>1008.745001704695</range>
					<altitudeMode>relativeToGround</altitudeMode>
				</LookAt>
				<styleUrl>#__managed_style_210298C5CD40DE0E6C24</styleUrl>
				<Point>
					<altitudeMode>relativeToGround</altitudeMode>
					<coordinates>120.5736789,16.3769951,0</coordinates>
				</Point>
			</Placemark>
			<Placemark id="06DB7D387B3C65F56538">
				<gx:mid>/g/11ltwvpkxx</gx:mid>
				<gx:fid>0x3391a11bee8ee085:0x721135e6492a2af7</gx:fid>
				<LookAt>
					<longitude>120.6000213</longitude>
					<latitude>16.4105404</latitude>
					<altitude>0</altitude>
					<heading>0</heading>
					<tilt>0</tilt>
					<gx:fovy>35</gx:fovy>
					<range>1008.551187300487</range>
					<altitudeMode>relativeToGround</altitudeMode>
				</LookAt>
				<styleUrl>#__managed_style_210298C5CD40DE0E6C24</styleUrl>
				<Point>
					<altitudeMode>relativeToGround</altitudeMode>
					<coordinates>120.6000012,16.4105413,0</coordinates>
				</Point>
			</Placemark>
			<Placemark id="0E813995113C65F5F2A0">
				<gx:mid>/g/11qvdp80r6</gx:mid>
				<gx:fid>0x3391a13d03bb4093:0x79265e30418db03d</gx:fid>
				<LookAt>
					<longitude>120.5456765</longitude>
					<latitude>16.3781589</latitude>
					<altitude>0</altitude>
					<heading>0</heading>
					<tilt>0</tilt>
					<gx:fovy>35</gx:fovy>
					<range>1008.738283970039</range>
					<altitudeMode>relativeToGround</altitudeMode>
				</LookAt>
				<styleUrl>#__managed_style_210298C5CD40DE0E6C24</styleUrl>
				<Point>
					<altitudeMode>relativeToGround</altitudeMode>
					<coordinates>120.5456749,16.3781587,0</coordinates>
				</Point>
			</Placemark>
			<Placemark id="05BB8415503C65F66663">
				<gx:mid>/g/11kb7twhms</gx:mid>
				<gx:fid>0x3391a1124fe68dad:0x4c78f9c9555abfa2</gx:fid>
				<LookAt>
					<longitude>120.5712663</longitude>
					<latitude>16.3945209</latitude>
					<altitude>0</altitude>
					<heading>0</heading>
					<tilt>0</tilt>
					<gx:fovy>35</gx:fovy>
					<range>1008.643790286989</range>
					<altitudeMode>relativeToGround</altitudeMode>
				</LookAt>
				<styleUrl>#__managed_style_210298C5CD40DE0E6C24</styleUrl>
				<Point>
					<altitudeMode>relativeToGround</altitudeMode>
					<coordinates>120.5712723,16.3945294,0</coordinates>
				</Point>
			</Placemark>
			<Placemark id="027C1D113D3E70E02CF0">
				<gx:mid>/m/0411fcg</gx:mid>
				<gx:fid>0x33a99940ee6ed46b:0xbd7dddf03bef15c7</gx:fid>
				<LookAt>
					<longitude>123.9052295</longitude>
					<latitude>10.318237</latitude>
					<altitude>0</altitude>
					<heading>0</heading>
					<tilt>0</tilt>
					<gx:fovy>35</gx:fovy>
					<range>1037.440769355</range>
					<altitudeMode>relativeToGround</altitudeMode>
				</LookAt>
				<styleUrl>#__managed_style_1FEF85BF6940DE0E6C26</styleUrl>
				<Point>
					<altitudeMode>relativeToGround</altitudeMode>
					<coordinates>123.9052295,10.318237,0</coordinates>
				</Point>
			</Placemark>
			<Placemark id="075C82E67D3E70E06E68">
				<gx:mid>/m/0411d96</gx:mid>
				<gx:fid>0x33a9996cf04797bb:0xb91b3e68c6622f48</gx:fid>
				<LookAt>
					<longitude>123.9178164</longitude>
					<latitude>10.3114191</latitude>
					<altitude>0</altitude>
					<heading>0</heading>
					<tilt>0</tilt>
					<gx:fovy>35</gx:fovy>
					<range>1037.465892456801</range>
					<altitudeMode>relativeToGround</altitudeMode>
				</LookAt>
				<styleUrl>#__managed_style_1FEF85BF6940DE0E6C26</styleUrl>
				<Point>
					<altitudeMode>relativeToGround</altitudeMode>
					<coordinates>123.9178164,10.3114191,0</coordinates>
				</Point>
			</Placemark>
			<Placemark id="05DC7D42853E70E2696F">
				<gx:mid>/g/11hz_kvytc</gx:mid>
				<gx:fid>0x33a99b2a45f6a8df:0x81e80e50f54d1c0f</gx:fid>
				<LookAt>
					<longitude>123.9017527</longitude>
					<latitude>10.2931939</latitude>
					<altitude>0</altitude>
					<heading>0</heading>
					<tilt>0</tilt>
					<gx:fovy>35</gx:fovy>
					<range>1037.532969939899</range>
					<altitudeMode>relativeToGround</altitudeMode>
				</LookAt>
				<styleUrl>#__managed_style_0F9033FB4840DE0E6C26</styleUrl>
				<Point>
					<altitudeMode>relativeToGround</altitudeMode>
					<coordinates>123.9017527,10.2931939,0</coordinates>
				</Point>
			</Placemark>
			<Placemark id="08D5B5FE793E70E2E630">
				<gx:mid>/g/11c6_h1l40</gx:mid>
				<gx:fid>0x3391a3e7fe5db0a3:0x9b94d583eb7d3645</gx:fid>
				<LookAt>
					<longitude>120.5970208</longitude>
					<latitude>16.4338195</latitude>
					<altitude>0</altitude>
					<heading>0</heading>
					<tilt>0</tilt>
					<gx:fovy>35</gx:fovy>
					<range>1008.416465220361</range>
					<altitudeMode>relativeToGround</altitudeMode>
				</LookAt>
				<styleUrl>#__managed_style_4B6D5A988340DE0E6C28</styleUrl>
				<Point>
					<altitudeMode>relativeToGround</altitudeMode>
					<coordinates>120.5970208,16.4338195,0</coordinates>
				</Point>
			</Placemark>
			<Placemark id="0A403ADABD3E70E38083">
				<gx:mid>/m/02ry_th</gx:mid>
				<gx:fid>0x3391a4023f012055:0xf140829651b320cb</gx:fid>
				<LookAt>
					<longitude>120.6278588</longitude>
					<latitude>16.4195651</latitude>
					<altitude>0</altitude>
					<heading>0</heading>
					<tilt>0</tilt>
					<gx:fovy>35</gx:fovy>
					<range>1008.498980709577</range>
					<altitudeMode>relativeToGround</altitudeMode>
				</LookAt>
				<styleUrl>#__managed_style_2649CAD44540DE0E6C28</styleUrl>
				<Point>
					<altitudeMode>relativeToGround</altitudeMode>
					<coordinates>120.6278588,16.4195651,0</coordinates>
				</Point>
			</Placemark>
			<Placemark id="0FC189A6C93E70E3CFF4">
				<gx:mid>/m/0415dnn</gx:mid>
				<gx:fid>0x3391a15d384fb9c1:0x80bb1da1f22e438</gx:fid>
				<LookAt>
					<longitude>120.5986241</longitude>
					<latitude>16.4125469</latitude>
					<altitude>0</altitude>
					<heading>0</heading>
					<tilt>0</tilt>
					<gx:fovy>35</gx:fovy>
					<range>1008.539582356405</range>
					<altitudeMode>relativeToGround</altitudeMode>
				</LookAt>
				<styleUrl>#__managed_style_4AA6BAC7FC40DE0E6C2C</styleUrl>
				<Point>
					<altitudeMode>relativeToGround</altitudeMode>
					<coordinates>120.5986241,16.4125469,0</coordinates>
				</Point>
			</Placemark>
			<Placemark id="0A5CEC5BB43E70E497B1">
				<gx:mid>/m/0j9lr_p</gx:mid>
				<gx:fid>0x3391a0c51f44d661:0x60f32b786f8acaed</gx:fid>
				<LookAt>
					<longitude>120.6060086</longitude>
					<latitude>16.3675066</latitude>
					<altitude>0</altitude>
					<heading>0</heading>
					<tilt>0</tilt>
					<gx:fovy>35</gx:fovy>
					<range>1008.799754603772</range>
					<altitudeMode>relativeToGround</altitudeMode>
				</LookAt>
				<styleUrl>#__managed_style_0F9033FB4840DE0E6C26</styleUrl>
				<Point>
					<altitudeMode>relativeToGround</altitudeMode>
					<coordinates>120.6060086,16.3675066,0</coordinates>
				</Point>
			</Placemark>
			<Placemark id="04744C87403E70E50198">
				<gx:mid>/g/11grv45_q6</gx:mid>
				<gx:fid>0x3391a1cf33b30465:0xba3fc0094e4412c9</gx:fid>
				<LookAt>
					<longitude>120.5999014</longitude>
					<latitude>16.4063661</latitude>
					<altitude>0</altitude>
					<heading>0</heading>
					<tilt>0</tilt>
					<gx:fovy>35</gx:fovy>
					<range>1008.575325753619</range>
					<altitudeMode>relativeToGround</altitudeMode>
				</LookAt>
				<styleUrl>#__managed_style_0A9D5EF50B40DE0E6C34</styleUrl>
				<Point>
					<altitudeMode>relativeToGround</altitudeMode>
					<coordinates>120.5999014,16.4063661,0</coordinates>
				</Point>
			</Placemark>
			<Placemark id="0B2598F2303E70E5CE1E">
				<name>Christmas Lights and Shows at The Manor - פארק מגניב סביב זמני כריסמס</name>
				<LookAt>
					<longitude>120.618295</longitude>
					<latitude>16.4006537</latitude>
					<altitude>0</altitude>
					<heading>0</heading>
					<tilt>0</tilt>
					<gx:fovy>35</gx:fovy>
					<range>1008.608348973104</range>
					<altitudeMode>relativeToGround</altitudeMode>
				</LookAt>
				<styleUrl>#__managed_style_3322770BD840DE0E6C30</styleUrl>
				<Point>
					<altitudeMode>relativeToGround</altitudeMode>
					<coordinates>120.618295,16.4006537,0</coordinates>
				</Point>
			</Placemark>
			<Placemark id="090E61327D3E70E6DD0C">
				<gx:mid>/g/11jny6x9x_</gx:mid>
				<gx:fid>0x3391a16b484c7b23:0xf00dd015ba4499dc</gx:fid>
				<LookAt>
					<longitude>120.5810978</longitude>
					<latitude>16.4091761</latitude>
					<altitude>0</altitude>
					<heading>0</heading>
					<tilt>0</tilt>
					<gx:fovy>35</gx:fovy>
					<range>1008.559077194525</range>
					<altitudeMode>relativeToGround</altitudeMode>
				</LookAt>
				<styleUrl>#__managed_style_2649CAD44540DE0E6C28</styleUrl>
				<Point>
					<altitudeMode>relativeToGround</altitudeMode>
					<coordinates>120.5810951,16.4091764,0</coordinates>
				</Point>
			</Placemark>
			<Placemark id="011B0673043E70E711B7">
				<gx:mid>/g/11fhxxv0s4</gx:mid>
				<gx:fid>0x33a99fd821bfb9e1:0xa99593ac15a515b9</gx:fid>
				<LookAt>
					<longitude>123.8708464</longitude>
					<latitude>10.3726654</latitude>
					<altitude>0</altitude>
					<heading>0</heading>
					<tilt>0</tilt>
					<gx:fovy>35</gx:fovy>
					<range>1037.239622756143</range>
					<altitudeMode>relativeToGround</altitudeMode>
				</LookAt>
				<styleUrl>#__managed_style_0C4DD4FFF840DE0E6C24</styleUrl>
				<Point>
					<altitudeMode>relativeToGround</altitudeMode>
					<coordinates>123.8708464,10.3726654,0</coordinates>
				</Point>
			</Placemark>
			<Placemark id="069A665A123E70E74244">
				<gx:mid>/g/11ckvb50c9</gx:mid>
				<gx:fid>0x33a99f5975811991:0x9e264bf6abd8d1f6</gx:fid>
				<LookAt>
					<longitude>123.8718216</longitude>
					<latitude>10.3737204</latitude>
					<altitude>0</altitude>
					<heading>0</heading>
					<tilt>0</tilt>
					<gx:fovy>35</gx:fovy>
					<range>1037.235713610916</range>
					<altitudeMode>relativeToGround</altitudeMode>
				</LookAt>
				<styleUrl>#__managed_style_0C4DD4FFF840DE0E6C24</styleUrl>
				<Point>
					<altitudeMode>relativeToGround</altitudeMode>
					<coordinates>123.8718216,10.3737204,0</coordinates>
				</Point>
			</Placemark>
			<Placemark id="054B5446283E70E78E84">
				<gx:mid>/g/11n15gycqn</gx:mid>
				<gx:fid>0x33a99f7e293c1f81:0x7f2e8dc23d664bed</gx:fid>
				<LookAt>
					<longitude>123.8739375</longitude>
					<latitude>10.3748125</latitude>
					<altitude>0</altitude>
					<heading>0</heading>
					<tilt>0</tilt>
					<gx:fovy>35</gx:fovy>
					<range>1037.231666585896</range>
					<altitudeMode>relativeToGround</altitudeMode>
				</LookAt>
				<styleUrl>#__managed_style_0C4DD4FFF840DE0E6C24</styleUrl>
				<Point>
					<altitudeMode>relativeToGround</altitudeMode>
					<coordinates>123.8739375,10.3748125,0</coordinates>
				</Point>
			</Placemark>
			<Placemark id="09E10F7A823E70E7D1DB">
				<gx:mid>/g/11kr6qs2j6</gx:mid>
				<gx:fid>0x33a99f37a47dfad7:0xb7ec323c455eca81</gx:fid>
				<LookAt>
					<longitude>123.8732997</longitude>
					<latitude>10.3705118</latitude>
					<altitude>0</altitude>
					<heading>0</heading>
					<tilt>0</tilt>
					<gx:fovy>35</gx:fovy>
					<range>1037.2476013879</range>
					<altitudeMode>relativeToGround</altitudeMode>
				</LookAt>
				<styleUrl>#__managed_style_0C4DD4FFF840DE0E6C24</styleUrl>
				<Point>
					<altitudeMode>relativeToGround</altitudeMode>
					<coordinates>123.8732808,10.3705172,0</coordinates>
				</Point>
			</Placemark>
			<Placemark id="06EC5DA25E3E70E815E4">
				<gx:mid>/g/11qnvngc43</gx:mid>
				<gx:fid>0x33a99fcbeb9b9c7d:0x17c968e7d5c85d36</gx:fid>
				<LookAt>
					<longitude>123.8729066</longitude>
					<latitude>10.3672869</latitude>
					<altitude>0</altitude>
					<heading>0</heading>
					<tilt>0</tilt>
					<gx:fovy>35</gx:fovy>
					<range>1037.259545916892</range>
					<altitudeMode>relativeToGround</altitudeMode>
				</LookAt>
				<styleUrl>#__managed_style_0C4DD4FFF840DE0E6C24</styleUrl>
				<Point>
					<altitudeMode>relativeToGround</altitudeMode>
					<coordinates>123.8728233,10.3672982,0</coordinates>
				</Point>
			</Placemark>
			<Placemark id="032FE4634F3E70E854C0">
				<gx:mid>/g/11b70cbwwn</gx:mid>
				<gx:fid>0x33a9a1e2996792af:0x91213ec8bc999ed4</gx:fid>
				<LookAt>
					<longitude>123.8730653</longitude>
					<latitude>10.3777445</latitude>
					<altitude>0</altitude>
					<heading>0</heading>
					<tilt>0</tilt>
					<gx:fovy>35</gx:fovy>
					<range>1037.220799323408</range>
					<altitudeMode>relativeToGround</altitudeMode>
				</LookAt>
				<styleUrl>#__managed_style_0C4DD4FFF840DE0E6C24</styleUrl>
				<Point>
					<altitudeMode>relativeToGround</altitudeMode>
					<coordinates>123.8730688,10.3777441,0</coordinates>
				</Point>
			</Placemark>
			<Placemark id="019EA123E23E70E8B06C">
				<gx:mid>/g/11j8hwxs6p</gx:mid>
				<gx:fid>0x33a53d29c28e8a81:0xb54290e8856ea42f</gx:fid>
				<LookAt>
					<longitude>121.9249425</longitude>
					<latitude>11.9663299</latitude>
					<altitude>0</altitude>
					<heading>0</heading>
					<tilt>0</tilt>
					<gx:fovy>35</gx:fovy>
					<range>1030.890656628394</range>
					<altitudeMode>relativeToGround</altitudeMode>
				</LookAt>
				<styleUrl>#__managed_style_087E8D0BB840DE0E6C27</styleUrl>
				<Point>
					<altitudeMode>relativeToGround</altitudeMode>
					<coordinates>121.9249425,11.9663299,0</coordinates>
				</Point>
			</Placemark>
		</Folder>
		<Folder id="0B47B0E99C32D87C2F8C">
			<name>איים ערים וכו</name>
			<styleUrl>#__managed_style_1B6402F0C140DE0E6C2F</styleUrl>
			<Placemark id="059EBAF62432D87E232C">
				<name>Manila</name>
				<gx:mid>/m/0195pd</gx:mid>
				<gx:fid>0x3397ca03571ec38b:0x69d1d5751069c11f</gx:fid>
				<LookAt>
					<longitude>120.9795598</longitude>
					<latitude>14.5964983</latitude>
					<altitude>0</altitude>
					<heading>0</heading>
					<tilt>0</tilt>
					<gx:fovy>35</gx:fovy>
					<range>22496.70624968981</range>
					<altitudeMode>relativeToGround</altitudeMode>
				</LookAt>
				<styleUrl>#__managed_style_1D20F7844D40DE0E6C24</styleUrl>
				<Point>
					<altitudeMode>relativeToGround</altitudeMode>
					<coordinates>120.9842195,14.5995124,0</coordinates>
				</Point>
			</Placemark>
			<Placemark id="07E32E665732D87F78AF">
				<name>Baguio</name>
				<gx:mid>/m/015l1_</gx:mid>
				<gx:fid>0x3391a16879def13f:0x8edef534be3a75c0</gx:fid>
				<LookAt>
					<longitude>120.5887752</longitude>
					<latitude>16.3994753</latitude>
					<altitude>0</altitude>
					<heading>0</heading>
					<tilt>0</tilt>
					<gx:fovy>35</gx:fovy>
					<range>22301.24503268329</range>
					<altitudeMode>relativeToGround</altitudeMode>
				</LookAt>
				<styleUrl>#__managed_style_1D20F7844D40DE0E6C24</styleUrl>
				<Point>
					<altitudeMode>relativeToGround</altitudeMode>
					<coordinates>120.5960071,16.4023332,0</coordinates>
				</Point>
			</Placemark>
			<Placemark id="0B6385943F32D881A3D6">
				<name>Boracay</name>
				<LookAt>
					<longitude>121.9220704130648</longitude>
					<latitude>11.96370019789737</latitude>
					<altitude>3.007965715409555</altitude>
					<heading>0</heading>
					<tilt>0</tilt>
					<gx:fovy>83.40284652729186</gx:fovy>
					<range>8447.777348114178</range>
					<altitudeMode>absolute</altitudeMode>
				</LookAt>
				<styleUrl>#__managed_style_20B7ABBCFA40DE0E6C30</styleUrl>
				<Point>
					<coordinates>121.924815418956,11.967364876727,34.72165173562319</coordinates>
				</Point>
			</Placemark>
			<Placemark id="02AD16096632D882B99F">
				<name>Cebu City</name>
				<gx:mid>/m/01p_ly</gx:mid>
				<gx:fid>0x33a999258dcd2dfd:0x4c34030cdbd33507</gx:fid>
				<LookAt>
					<longitude>123.8462947</longitude>
					<latitude>10.37876445</latitude>
					<altitude>0</altitude>
					<heading>0</heading>
					<tilt>0</tilt>
					<gx:fovy>35</gx:fovy>
					<range>45733.30612076993</range>
					<altitudeMode>relativeToGround</altitudeMode>
				</LookAt>
				<styleUrl>#__managed_style_1D20F7844D40DE0E6C24</styleUrl>
				<Point>
					<altitudeMode>relativeToGround</altitudeMode>
					<coordinates>123.8854366,10.3156992,0</coordinates>
				</Point>
			</Placemark>
			<Placemark id="0E347B0BBD32DEAAAC59">
				<name>Siargao Island</name>
				<gx:mid>/m/0872_5</gx:mid>
				<gx:fid>0x3304043652d9e9b3:0xd4c56a60c9a11b84</gx:fid>
				<LookAt>
					<longitude>126.05936055</longitude>
					<latitude>9.904094049999999</latitude>
					<altitude>0</altitude>
					<heading>0</heading>
					<tilt>0</tilt>
					<gx:fovy>35</gx:fovy>
					<range>91602.25664890226</range>
					<altitudeMode>relativeToGround</altitudeMode>
				</LookAt>
				<styleUrl>#__managed_style_1D20F7844D40DE0E6C24</styleUrl>
				<Point>
					<altitudeMode>relativeToGround</altitudeMode>
					<coordinates>126.0458437,9.8481883,0</coordinates>
				</Point>
			</Placemark>
			<Placemark id="08F4FB00F9399520ACF4">
				<name>El Nido</name>
				<gx:mid>/m/02hv5k</gx:mid>
				<gx:fid>0x33b65515ef5c9e0f:0xfc4e665b599b0455</gx:fid>
				<LookAt>
					<longitude>119.3965971</longitude>
					<latitude>11.2053975</latitude>
					<altitude>0</altitude>
					<heading>0</heading>
					<tilt>0</tilt>
					<gx:fovy>35</gx:fovy>
					<range>91215.40912359364</range>
					<altitudeMode>relativeToGround</altitudeMode>
				</LookAt>
				<styleUrl>#__managed_style_1D20F7844D40DE0E6C24</styleUrl>
				<Point>
					<altitudeMode>relativeToGround</altitudeMode>
					<coordinates>119.3949461020308,11.17623212216092,0</coordinates>
				</Point>
			</Placemark>
			<Placemark id="01046FA86339C35C7A7C">
				<name>General Luna</name>
				<gx:mid>/m/06p1js</gx:mid>
				<gx:fid>0x3303f6166cdeb5c3:0xfc31fd20a784309e</gx:fid>
				<LookAt>
					<longitude>126.1428345</longitude>
					<latitude>9.725831049999998</latitude>
					<altitude>0</altitude>
					<heading>0</heading>
					<tilt>0</tilt>
					<gx:fovy>35</gx:fovy>
					<range>45825.78732374978</range>
					<altitudeMode>relativeToGround</altitudeMode>
				</LookAt>
				<styleUrl>#__managed_style_1D20F7844D40DE0E6C24</styleUrl>
				<Point>
					<altitudeMode>relativeToGround</altitudeMode>
					<coordinates>126.1565715,9.783752699999999,0</coordinates>
				</Point>
			</Placemark>
			<Placemark id="013B1FA9083C48DED6A3">
				<gx:mid>/m/02hqnd</gx:mid>
				<gx:fid>0x33ba1ef225b0d675:0x68841ab9a85e968e</gx:fid>
				<LookAt>
					<longitude>120.20276725</longitude>
					<latitude>12.00045075</latitude>
					<altitude>0</altitude>
					<heading>0</heading>
					<tilt>0</tilt>
					<gx:fovy>35</gx:fovy>
					<range>181911.7797090535</range>
					<altitudeMode>relativeToGround</altitudeMode>
				</LookAt>
				<styleUrl>#__managed_style_1D20F7844D40DE0E6C24</styleUrl>
				<Point>
					<altitudeMode>relativeToGround</altitudeMode>
					<coordinates>120.2046888,11.9989958,0</coordinates>
				</Point>
			</Placemark>
			<Placemark id="0E5E46168A3C48E19003">
				<gx:mid>/m/06h4jd</gx:mid>
				<gx:fid>0x33abe8630166d475:0x20ac43b5c4d02c78</gx:fid>
				<LookAt>
					<longitude>123.42927495</longitude>
					<latitude>9.947489299999999</latitude>
					<altitude>0</altitude>
					<heading>0</heading>
					<tilt>0</tilt>
					<gx:fovy>35</gx:fovy>
					<range>22897.52918962567</range>
					<altitudeMode>relativeToGround</altitudeMode>
				</LookAt>
				<styleUrl>#__managed_style_1D20F7844D40DE0E6C24</styleUrl>
				<Point>
					<altitudeMode>relativeToGround</altitudeMode>
					<coordinates>123.3809869919327,9.946910427168646,0</coordinates>
				</Point>
			</Placemark>
			<Placemark id="0F3EAC1E4D3C48E25248">
				<gx:mid>/g/120kn4s5</gx:mid>
				<gx:fid>0x33ab17cb6e359825:0x4408a8be27aeca0c</gx:fid>
				<LookAt>
					<longitude>123.57719945</longitude>
					<latitude>9.197805799999999</latitude>
					<altitude>0</altitude>
					<heading>0</heading>
					<tilt>0</tilt>
					<gx:fovy>35</gx:fovy>
					<range>45896.22482010548</range>
					<altitudeMode>relativeToGround</altitudeMode>
				</LookAt>
				<styleUrl>#__managed_style_1D20F7844D40DE0E6C24</styleUrl>
				<Point>
					<altitudeMode>relativeToGround</altitudeMode>
					<coordinates>123.5951925,9.199877899999999,0</coordinates>
				</Point>
			</Placemark>
			<Placemark id="06D32CEFCC3C48F174B9">
				<gx:mid>/m/06lgxt</gx:mid>
				<gx:fid>0x33abace2adb22c61:0xbf332f18bfdc0d41</gx:fid>
				<LookAt>
					<longitude>123.7493606</longitude>
					<latitude>9.568996149999998</latitude>
					<altitude>0</altitude>
					<heading>0</heading>
					<tilt>0</tilt>
					<gx:fovy>35</gx:fovy>
					<range>22923.55768999388</range>
					<altitudeMode>relativeToGround</altitudeMode>
				</LookAt>
				<styleUrl>#__managed_style_1D20F7844D40DE0E6C24</styleUrl>
				<Point>
					<altitudeMode>relativeToGround</altitudeMode>
					<coordinates>123.787211,9.5694655,0</coordinates>
				</Point>
			</Placemark>
		</Folder>
	</Folder>
</Document>
</kml>
