<?xml version="1.0" encoding="UTF-8"?>
<kml xmlns="http://www.opengis.net/kml/2.2" xmlns:gx="http://www.google.com/kml/ext/2.2" xmlns:kml="http://www.opengis.net/kml/2.2" xmlns:atom="http://www.w3.org/2005/Atom">
<Document id="13a_tnFVbzqnCIH3qUQ8039SlugRNusbO">
	<name>עודד | פורטוגל</name>
	<visibility>0</visibility>
	<gx:CascadingStyle kml:id="__managed_style_155D79E4F940DE0E8CDE_normal">
		<Style>
			<IconStyle>
				<Icon>
					<href>https://earth.google.com/earth/document/icon?color=303f9f&amp;id=2339&amp;scale=4</href>
				</Icon>
				<hotSpot x="64" y="128" xunits="pixels" yunits="insetPixels"/>
			</IconStyle>
			<LabelStyle>
				<scale>0</scale>
			</LabelStyle>
			<LineStyle>
				<color>ff2dc0fb</color>
				<width>3.2</width>
			</LineStyle>
			<PolyStyle>
				<color>40ffffff</color>
			</PolyStyle>
			<BalloonStyle>
			</BalloonStyle>
		</Style>
	</gx:CascadingStyle>
	<StyleMap id="__managed_style_155D79E4F940DE0E8CDE">
		<Pair>
			<key>normal</key>
			<styleUrl>#__managed_style_155D79E4F940DE0E8CDE_normal</styleUrl>
		</Pair>
		<Pair>
			<key>highlight</key>
			<styleUrl>#__managed_style_155D79E4F940DE0E8CDE_highlight</styleUrl>
		</Pair>
	</StyleMap>
	<gx:CascadingStyle kml:id="__managed_style_10C2AAF9D240DE0E8CDF_normal">
		<Style>
			<IconStyle>
				<Icon>
					<href>https://earth.google.com/earth/document/icon?color=1976d2&amp;id=2000&amp;scale=4</href>
				</Icon>
				<hotSpot x="64" y="128" xunits="pixels" yunits="insetPixels"/>
			</IconStyle>
			<LabelStyle>
				<scale>0</scale>
			</LabelStyle>
			<LineStyle>
				<color>ff9f3f30</color>
				<width>3.2</width>
			</LineStyle>
			<PolyStyle>
				<color>40ffffff</color>
			</PolyStyle>
			<BalloonStyle>
			</BalloonStyle>
		</Style>
	</gx:CascadingStyle>
	<StyleMap id="__managed_style_10C2AAF9D240DE0E8CDF">
		<Pair>
			<key>normal</key>
			<styleUrl>#__managed_style_10C2AAF9D240DE0E8CDF_normal</styleUrl>
		</Pair>
		<Pair>
			<key>highlight</key>
			<styleUrl>#__managed_style_10C2AAF9D240DE0E8CDF_highlight</styleUrl>
		</Pair>
	</StyleMap>
	<gx:CascadingStyle kml:id="__managed_style_1955EF0D6C40DE0E8CD4_normal">
		<Style>
			<IconStyle>
				<Icon>
					<href>https://earth.google.com/earth/document/icon?color=7b1fa2&amp;id=2070&amp;scale=4</href>
				</Icon>
				<hotSpot x="64" y="128" xunits="pixels" yunits="insetPixels"/>
			</IconStyle>
			<LabelStyle>
				<scale>0</scale>
			</LabelStyle>
			<LineStyle>
				<color>ff2dc0fb</color>
				<width>3.2</width>
			</LineStyle>
			<PolyStyle>
				<color>40ffffff</color>
			</PolyStyle>
			<BalloonStyle>
				<gx:displayMode>card</gx:displayMode>
			</BalloonStyle>
		</Style>
	</gx:CascadingStyle>
	<StyleMap id="__managed_style_1955EF0D6C40DE0E8CD4">
		<Pair>
			<key>normal</key>
			<styleUrl>#__managed_style_1955EF0D6C40DE0E8CD4_normal</styleUrl>
		</Pair>
		<Pair>
			<key>highlight</key>
			<styleUrl>#__managed_style_1955EF0D6C40DE0E8CD4_highlight</styleUrl>
		</Pair>
	</StyleMap>
	<gx:CascadingStyle kml:id="__managed_style_23DA9A690040DE0E8CD9_highlight">
		<Style>
			<IconStyle>
				<scale>1.2</scale>
				<Icon>
					<href>https://earth.google.com/earth/document/icon?color=7b1fa2&amp;id=2046&amp;scale=4</href>
				</Icon>
				<hotSpot x="64" y="128" xunits="pixels" yunits="insetPixels"/>
			</IconStyle>
			<LabelStyle>
				<scale>0</scale>
			</LabelStyle>
			<LineStyle>
				<color>ff2dc0fb</color>
				<width>4.8</width>
			</LineStyle>
			<PolyStyle>
				<color>40ffffff</color>
			</PolyStyle>
			<BalloonStyle>
				<gx:displayMode>card</gx:displayMode>
			</BalloonStyle>
		</Style>
	</gx:CascadingStyle>
	<gx:CascadingStyle kml:id="__managed_style_23DA9A690040DE0E8CD9_normal">
		<Style>
			<IconStyle>
				<Icon>
					<href>https://earth.google.com/earth/document/icon?color=7b1fa2&amp;id=2046&amp;scale=4</href>
				</Icon>
				<hotSpot x="64" y="128" xunits="pixels" yunits="insetPixels"/>
			</IconStyle>
			<LabelStyle>
				<scale>0</scale>
			</LabelStyle>
			<LineStyle>
				<color>ff2dc0fb</color>
				<width>3.2</width>
			</LineStyle>
			<PolyStyle>
				<color>40ffffff</color>
			</PolyStyle>
			<BalloonStyle>
				<gx:displayMode>card</gx:displayMode>
			</BalloonStyle>
		</Style>
	</gx:CascadingStyle>
	<gx:CascadingStyle kml:id="__managed_style_1955EF0D6C40DE0E8CD4_highlight">
		<Style>
			<IconStyle>
				<scale>1.2</scale>
				<Icon>
					<href>https://earth.google.com/earth/document/icon?color=7b1fa2&amp;id=2070&amp;scale=4</href>
				</Icon>
				<hotSpot x="64" y="128" xunits="pixels" yunits="insetPixels"/>
			</IconStyle>
			<LabelStyle>
				<scale>0</scale>
			</LabelStyle>
			<LineStyle>
				<color>ff2dc0fb</color>
				<width>4.8</width>
			</LineStyle>
			<PolyStyle>
				<color>40ffffff</color>
			</PolyStyle>
			<BalloonStyle>
				<gx:displayMode>card</gx:displayMode>
			</BalloonStyle>
		</Style>
	</gx:CascadingStyle>
	<StyleMap id="__managed_style_23DA9A690040DE0E8CD9">
		<Pair>
			<key>normal</key>
			<styleUrl>#__managed_style_23DA9A690040DE0E8CD9_normal</styleUrl>
		</Pair>
		<Pair>
			<key>highlight</key>
			<styleUrl>#__managed_style_23DA9A690040DE0E8CD9_highlight</styleUrl>
		</Pair>
	</StyleMap>
	<gx:CascadingStyle kml:id="__managed_style_2E52B486DC40DE0E8CDC_highlight">
		<Style>
			<IconStyle>
				<scale>1.2</scale>
				<Icon>
					<href>https://earth.google.com/earth/document/icon?color=7b1fa2&amp;id=2050&amp;scale=4</href>
				</Icon>
				<hotSpot x="64" y="128" xunits="pixels" yunits="insetPixels"/>
			</IconStyle>
			<LabelStyle>
				<scale>0</scale>
			</LabelStyle>
			<LineStyle>
				<color>ff2dc0fb</color>
				<width>4.8</width>
			</LineStyle>
			<PolyStyle>
				<color>40ffffff</color>
			</PolyStyle>
			<BalloonStyle>
				<gx:displayMode>card</gx:displayMode>
			</BalloonStyle>
		</Style>
	</gx:CascadingStyle>
	<gx:CascadingStyle kml:id="__managed_style_04D9D7348440DE0E8CD8_highlight">
		<Style>
			<IconStyle>
				<scale>1.2</scale>
				<Icon>
					<href>https://earth.google.com/earth/document/icon?color=7b1fa2&amp;id=2146&amp;scale=4</href>
				</Icon>
				<hotSpot x="64" y="128" xunits="pixels" yunits="insetPixels"/>
			</IconStyle>
			<LabelStyle>
				<scale>0</scale>
			</LabelStyle>
			<LineStyle>
				<color>ff2dc0fb</color>
				<width>4.8</width>
			</LineStyle>
			<PolyStyle>
				<color>40ffffff</color>
			</PolyStyle>
			<BalloonStyle>
				<gx:displayMode>card</gx:displayMode>
			</BalloonStyle>
		</Style>
	</gx:CascadingStyle>
	<gx:CascadingStyle kml:id="__managed_style_23F81D139C40DE0E8CD8_highlight">
		<Style>
			<IconStyle>
				<scale>1.2</scale>
				<Icon>
					<href>https://earth.google.com/earth/document/icon?color=fbc02d&amp;id=2005&amp;scale=4</href>
				</Icon>
				<hotSpot x="64" y="128" xunits="pixels" yunits="insetPixels"/>
			</IconStyle>
			<LabelStyle>
				<scale>0</scale>
			</LabelStyle>
			<LineStyle>
				<color>ff2dc0fb</color>
				<width>4.8</width>
			</LineStyle>
			<PolyStyle>
				<color>40ffffff</color>
			</PolyStyle>
			<BalloonStyle>
				<gx:displayMode>card</gx:displayMode>
			</BalloonStyle>
		</Style>
	</gx:CascadingStyle>
	<StyleMap id="__managed_style_23F81D139C40DE0E8CD8">
		<Pair>
			<key>normal</key>
			<styleUrl>#__managed_style_23F81D139C40DE0E8CD8_normal</styleUrl>
		</Pair>
		<Pair>
			<key>highlight</key>
			<styleUrl>#__managed_style_23F81D139C40DE0E8CD8_highlight</styleUrl>
		</Pair>
	</StyleMap>
	<gx:CascadingStyle kml:id="__managed_style_32B5D6A93140DE0E8CD0_highlight">
		<Style>
			<IconStyle>
				<scale>1.2</scale>
				<Icon>
					<href>https://earth.google.com/earth/document/icon?color=1976d2&amp;id=2074&amp;scale=4</href>
				</Icon>
				<hotSpot x="64" y="128" xunits="pixels" yunits="insetPixels"/>
			</IconStyle>
			<LabelStyle>
				<scale>0</scale>
			</LabelStyle>
			<LineStyle>
				<color>ff2dc0fb</color>
				<width>4.8</width>
			</LineStyle>
			<PolyStyle>
				<color>40ffffff</color>
			</PolyStyle>
			<BalloonStyle>
				<gx:displayMode>card</gx:displayMode>
			</BalloonStyle>
		</Style>
	</gx:CascadingStyle>
	<StyleMap id="__managed_style_32B5D6A93140DE0E8CD0">
		<Pair>
			<key>normal</key>
			<styleUrl>#__managed_style_32B5D6A93140DE0E8CD0_normal</styleUrl>
		</Pair>
		<Pair>
			<key>highlight</key>
			<styleUrl>#__managed_style_32B5D6A93140DE0E8CD0_highlight</styleUrl>
		</Pair>
	</StyleMap>
	<gx:CascadingStyle kml:id="__managed_style_0ACC5B696240DE0E8CE0_normal">
		<Style>
			<IconStyle>
				<Icon>
					<href>https://earth.google.com/earth/document/icon?color=7b1fa2&amp;id=2162&amp;scale=4</href>
				</Icon>
				<hotSpot x="64" y="128" xunits="pixels" yunits="insetPixels"/>
			</IconStyle>
			<LabelStyle>
				<scale>0</scale>
			</LabelStyle>
			<LineStyle>
				<color>ff2dc0fb</color>
				<width>3.2</width>
			</LineStyle>
			<PolyStyle>
				<color>40ffffff</color>
			</PolyStyle>
			<BalloonStyle>
				<gx:displayMode>card</gx:displayMode>
			</BalloonStyle>
		</Style>
	</gx:CascadingStyle>
	<StyleMap id="__managed_style_0ACC5B696240DE0E8CE0">
		<Pair>
			<key>normal</key>
			<styleUrl>#__managed_style_0ACC5B696240DE0E8CE0_normal</styleUrl>
		</Pair>
		<Pair>
			<key>highlight</key>
			<styleUrl>#__managed_style_0ACC5B696240DE0E8CE0_highlight</styleUrl>
		</Pair>
	</StyleMap>
	<gx:CascadingStyle kml:id="__managed_style_225D3BBA1940DE0E8CCF_highlight">
		<Style>
			<IconStyle>
				<scale>1.2</scale>
				<Icon>
					<href>https://earth.google.com/earth/document/icon?color=388e3c&amp;id=2385&amp;scale=4</href>
				</Icon>
				<hotSpot x="64" y="128" xunits="pixels" yunits="insetPixels"/>
			</IconStyle>
			<LabelStyle>
				<scale>0</scale>
			</LabelStyle>
			<LineStyle>
				<color>ff2dc0fb</color>
				<width>4.8</width>
			</LineStyle>
			<PolyStyle>
				<color>40ffffff</color>
			</PolyStyle>
			<BalloonStyle>
				<gx:displayMode>card</gx:displayMode>
			</BalloonStyle>
		</Style>
	</gx:CascadingStyle>
	<gx:CascadingStyle kml:id="__managed_style_225D3BBA1940DE0E8CCF_normal">
		<Style>
			<IconStyle>
				<Icon>
					<href>https://earth.google.com/earth/document/icon?color=388e3c&amp;id=2385&amp;scale=4</href>
				</Icon>
				<hotSpot x="64" y="128" xunits="pixels" yunits="insetPixels"/>
			</IconStyle>
			<LabelStyle>
				<scale>0</scale>
			</LabelStyle>
			<LineStyle>
				<color>ff2dc0fb</color>
				<width>3.2</width>
			</LineStyle>
			<PolyStyle>
				<color>40ffffff</color>
			</PolyStyle>
			<BalloonStyle>
				<gx:displayMode>card</gx:displayMode>
			</BalloonStyle>
		</Style>
	</gx:CascadingStyle>
	<StyleMap id="__managed_style_225D3BBA1940DE0E8CCF">
		<Pair>
			<key>normal</key>
			<styleUrl>#__managed_style_225D3BBA1940DE0E8CCF_normal</styleUrl>
		</Pair>
		<Pair>
			<key>highlight</key>
			<styleUrl>#__managed_style_225D3BBA1940DE0E8CCF_highlight</styleUrl>
		</Pair>
	</StyleMap>
	<gx:CascadingStyle kml:id="__managed_style_38E5500E4640DE0E8CD4_normal">
		<Style>
			<IconStyle>
				<Icon>
					<href>https://earth.google.com/earth/document/icon?color=7b1fa2&amp;id=2156&amp;scale=4</href>
				</Icon>
				<hotSpot x="64" y="128" xunits="pixels" yunits="insetPixels"/>
			</IconStyle>
			<LabelStyle>
				<scale>0</scale>
			</LabelStyle>
			<LineStyle>
				<color>ff2dc0fb</color>
				<width>3.2</width>
			</LineStyle>
			<PolyStyle>
				<color>40ffffff</color>
			</PolyStyle>
			<BalloonStyle>
			</BalloonStyle>
		</Style>
	</gx:CascadingStyle>
	<gx:CascadingStyle kml:id="__managed_style_0C8573492840DE0E8CDF_highlight">
		<Style>
			<IconStyle>
				<scale>1.2</scale>
				<Icon>
					<href>https://earth.google.com/earth/document/icon?color=7b1fa2&amp;id=2047&amp;scale=4</href>
				</Icon>
				<hotSpot x="64" y="128" xunits="pixels" yunits="insetPixels"/>
			</IconStyle>
			<LabelStyle>
				<scale>0</scale>
			</LabelStyle>
			<LineStyle>
				<color>ff2dc0fb</color>
				<width>4.8</width>
			</LineStyle>
			<PolyStyle>
				<color>40ffffff</color>
			</PolyStyle>
			<BalloonStyle>
				<gx:displayMode>card</gx:displayMode>
			</BalloonStyle>
		</Style>
	</gx:CascadingStyle>
	<StyleMap id="__managed_style_0C8573492840DE0E8CDF">
		<Pair>
			<key>normal</key>
			<styleUrl>#__managed_style_0C8573492840DE0E8CDF_normal</styleUrl>
		</Pair>
		<Pair>
			<key>highlight</key>
			<styleUrl>#__managed_style_0C8573492840DE0E8CDF_highlight</styleUrl>
		</Pair>
	</StyleMap>
	<gx:CascadingStyle kml:id="__managed_style_102844EAAF40DE0E8CDC_highlight">
		<Style>
			<IconStyle>
				<scale>1.2</scale>
				<Icon>
					<href>https://earth.google.com/earth/document/icon?color=7b1fa2&amp;id=2144&amp;scale=4</href>
				</Icon>
				<hotSpot x="64" y="128" xunits="pixels" yunits="insetPixels"/>
			</IconStyle>
			<LabelStyle>
				<scale>0</scale>
			</LabelStyle>
			<LineStyle>
				<color>ff2dc0fb</color>
				<width>4.8</width>
			</LineStyle>
			<PolyStyle>
				<color>40ffffff</color>
			</PolyStyle>
			<BalloonStyle>
				<gx:displayMode>card</gx:displayMode>
			</BalloonStyle>
		</Style>
	</gx:CascadingStyle>
	<gx:CascadingStyle kml:id="__managed_style_102844EAAF40DE0E8CDC_normal">
		<Style>
			<IconStyle>
				<Icon>
					<href>https://earth.google.com/earth/document/icon?color=7b1fa2&amp;id=2144&amp;scale=4</href>
				</Icon>
				<hotSpot x="64" y="128" xunits="pixels" yunits="insetPixels"/>
			</IconStyle>
			<LabelStyle>
				<scale>0</scale>
			</LabelStyle>
			<LineStyle>
				<color>ff2dc0fb</color>
				<width>3.2</width>
			</LineStyle>
			<PolyStyle>
				<color>40ffffff</color>
			</PolyStyle>
			<BalloonStyle>
				<gx:displayMode>card</gx:displayMode>
			</BalloonStyle>
		</Style>
	</gx:CascadingStyle>
	<StyleMap id="__managed_style_102844EAAF40DE0E8CDC">
		<Pair>
			<key>normal</key>
			<styleUrl>#__managed_style_102844EAAF40DE0E8CDC_normal</styleUrl>
		</Pair>
		<Pair>
			<key>highlight</key>
			<styleUrl>#__managed_style_102844EAAF40DE0E8CDC_highlight</styleUrl>
		</Pair>
	</StyleMap>
	<gx:CascadingStyle kml:id="__managed_style_027B842C3B40DE0E8CD3_highlight">
		<Style>
			<IconStyle>
				<scale>1.2</scale>
				<Icon>
					<href>https://earth.google.com/earth/document/icon?color=f57c00&amp;id=2034&amp;scale=4</href>
				</Icon>
				<hotSpot x="64" y="128" xunits="pixels" yunits="insetPixels"/>
			</IconStyle>
			<LabelStyle>
				<scale>0</scale>
			</LabelStyle>
			<LineStyle>
				<color>ff2dc0fb</color>
				<width>4.8</width>
			</LineStyle>
			<PolyStyle>
				<color>40ffffff</color>
			</PolyStyle>
			<BalloonStyle>
				<gx:displayMode>card</gx:displayMode>
			</BalloonStyle>
		</Style>
	</gx:CascadingStyle>
	<gx:CascadingStyle kml:id="__managed_style_0A509F92FF40DE0E8CD4_highlight">
		<Style>
			<IconStyle>
				<scale>1.2</scale>
				<Icon>
					<href>https://earth.google.com/earth/document/icon?color=303f9f&amp;id=2339&amp;scale=4</href>
				</Icon>
				<hotSpot x="64" y="128" xunits="pixels" yunits="insetPixels"/>
			</IconStyle>
			<LabelStyle>
				<scale>0</scale>
			</LabelStyle>
			<LineStyle>
				<color>ff2dc0fb</color>
				<width>4.8</width>
			</LineStyle>
			<PolyStyle>
				<color>40ffffff</color>
			</PolyStyle>
			<BalloonStyle>
				<gx:displayMode>card</gx:displayMode>
			</BalloonStyle>
		</Style>
	</gx:CascadingStyle>
	<StyleMap id="__managed_style_246825998340DE0E8CD0">
		<Pair>
			<key>normal</key>
			<styleUrl>#__managed_style_246825998340DE0E8CD0_normal</styleUrl>
		</Pair>
		<Pair>
			<key>highlight</key>
			<styleUrl>#__managed_style_246825998340DE0E8CD0_highlight</styleUrl>
		</Pair>
	</StyleMap>
	<StyleMap id="__managed_style_0A509F92FF40DE0E8CD4">
		<Pair>
			<key>normal</key>
			<styleUrl>#__managed_style_0A509F92FF40DE0E8CD4_normal</styleUrl>
		</Pair>
		<Pair>
			<key>highlight</key>
			<styleUrl>#__managed_style_0A509F92FF40DE0E8CD4_highlight</styleUrl>
		</Pair>
	</StyleMap>
	<gx:CascadingStyle kml:id="__managed_style_166B6ABDD140DE0E8CD8_highlight">
		<Style>
			<IconStyle>
				<scale>1.2</scale>
				<Icon>
					<href>https://earth.google.com/earth/document/icon?color=303f9f&amp;id=2034&amp;scale=4</href>
				</Icon>
				<hotSpot x="64" y="128" xunits="pixels" yunits="insetPixels"/>
			</IconStyle>
			<LabelStyle>
				<scale>0</scale>
			</LabelStyle>
			<LineStyle>
				<color>ff2dc0fb</color>
				<width>4.8</width>
			</LineStyle>
			<PolyStyle>
				<color>40ffffff</color>
			</PolyStyle>
			<BalloonStyle>
				<gx:displayMode>card</gx:displayMode>
			</BalloonStyle>
		</Style>
	</gx:CascadingStyle>
	<gx:CascadingStyle kml:id="__managed_style_4922F858E640DE0E8CD4_highlight">
		<Style>
			<IconStyle>
				<scale>1.2</scale>
				<Icon>
					<href>https://earth.google.com/earth/document/icon?color=f57c00&amp;id=2339&amp;scale=4</href>
				</Icon>
				<hotSpot x="64" y="128" xunits="pixels" yunits="insetPixels"/>
			</IconStyle>
			<LabelStyle>
				<scale>0</scale>
			</LabelStyle>
			<LineStyle>
				<color>ff2dc0fb</color>
				<width>4.8</width>
			</LineStyle>
			<PolyStyle>
				<color>40ffffff</color>
			</PolyStyle>
			<BalloonStyle>
				<gx:displayMode>card</gx:displayMode>
			</BalloonStyle>
		</Style>
	</gx:CascadingStyle>
	<gx:CascadingStyle kml:id="__managed_style_1606F1E02140DE0E8CD9_normal">
		<Style>
			<IconStyle>
				<Icon>
					<href>https://earth.google.com/earth/document/icon?color=7b1fa2&amp;id=2282&amp;scale=4</href>
				</Icon>
				<hotSpot x="64" y="128" xunits="pixels" yunits="insetPixels"/>
			</IconStyle>
			<LabelStyle>
				<scale>0</scale>
			</LabelStyle>
			<LineStyle>
				<color>ff2dc0fb</color>
				<width>3.2</width>
			</LineStyle>
			<PolyStyle>
				<color>40ffffff</color>
			</PolyStyle>
			<BalloonStyle>
				<gx:displayMode>card</gx:displayMode>
			</BalloonStyle>
		</Style>
	</gx:CascadingStyle>
	<StyleMap id="__managed_style_4922F858E640DE0E8CD4">
		<Pair>
			<key>normal</key>
			<styleUrl>#__managed_style_4922F858E640DE0E8CD4_normal</styleUrl>
		</Pair>
		<Pair>
			<key>highlight</key>
			<styleUrl>#__managed_style_4922F858E640DE0E8CD4_highlight</styleUrl>
		</Pair>
	</StyleMap>
	<gx:CascadingStyle kml:id="__managed_style_3CD3AF55EB40DE0E8CDC_normal">
		<Style>
			<IconStyle>
				<Icon>
					<href>https://earth.google.com/earth/document/icon?color=303f9f&amp;id=2130&amp;scale=4</href>
				</Icon>
				<hotSpot x="64" y="128" xunits="pixels" yunits="insetPixels"/>
			</IconStyle>
			<LabelStyle>
				<scale>0</scale>
			</LabelStyle>
			<LineStyle>
				<color>ff2dc0fb</color>
				<width>3.2</width>
			</LineStyle>
			<PolyStyle>
				<color>40ffffff</color>
			</PolyStyle>
			<BalloonStyle>
				<gx:displayMode>card</gx:displayMode>
			</BalloonStyle>
		</Style>
	</gx:CascadingStyle>
	<gx:CascadingStyle kml:id="__managed_style_246825998340DE0E8CD0_normal">
		<Style>
			<IconStyle>
				<Icon>
					<href>https://earth.google.com/earth/document/icon?color=1976d2&amp;id=2000&amp;scale=4</href>
				</Icon>
				<hotSpot x="64" y="128" xunits="pixels" yunits="insetPixels"/>
			</IconStyle>
			<LabelStyle>
				<scale>0</scale>
			</LabelStyle>
			<LineStyle>
				<color>ffa21f7b</color>
				<width>3.2</width>
			</LineStyle>
			<PolyStyle>
				<color>40ffffff</color>
			</PolyStyle>
			<BalloonStyle>
			</BalloonStyle>
		</Style>
	</gx:CascadingStyle>
	<gx:CascadingStyle kml:id="__managed_style_0435F0FB1E40DE0E8CDE_highlight">
		<Style>
			<IconStyle>
				<scale>1.2</scale>
				<Icon>
					<href>https://earth.google.com/earth/document/icon?color=1976d2&amp;id=2000&amp;scale=4</href>
				</Icon>
				<hotSpot x="64" y="128" xunits="pixels" yunits="insetPixels"/>
			</IconStyle>
			<LabelStyle>
				<scale>0</scale>
			</LabelStyle>
			<LineStyle>
				<color>ffa21f7b</color>
				<width>4.8</width>
			</LineStyle>
			<PolyStyle>
				<color>40ffffff</color>
			</PolyStyle>
			<BalloonStyle>
			</BalloonStyle>
		</Style>
	</gx:CascadingStyle>
	<gx:CascadingStyle kml:id="__managed_style_5073EF457A40DE0E8CD4_normal">
		<styleUrl>https://earth.google.com/balloon_components/base/1.1.0.0/none_template.kml#main</styleUrl>
		<Style>
			<IconStyle>
				<Icon>
					<href>https://earth.google.com/earth/document/icon?color=7b1fa2&amp;id=2006&amp;scale=4</href>
				</Icon>
				<hotSpot x="64" y="128" xunits="pixels" yunits="insetPixels"/>
			</IconStyle>
			<LabelStyle>
				<scale>0</scale>
			</LabelStyle>
			<LineStyle>
				<color>ff2dc0fb</color>
				<width>3.2</width>
			</LineStyle>
			<PolyStyle>
				<color>40ffffff</color>
			</PolyStyle>
			<BalloonStyle>
				<displayMode>hide</displayMode>
			</BalloonStyle>
		</Style>
	</gx:CascadingStyle>
	<gx:CascadingStyle kml:id="__managed_style_063D7E0BBD40DE0E8CCE_normal">
		<Style>
			<IconStyle>
				<Icon>
					<href>https://earth.google.com/earth/document/icon?color=7b1fa2&amp;id=2232&amp;scale=4</href>
				</Icon>
				<hotSpot x="64" y="128" xunits="pixels" yunits="insetPixels"/>
			</IconStyle>
			<LabelStyle>
				<scale>0</scale>
			</LabelStyle>
			<LineStyle>
				<color>ff2dc0fb</color>
				<width>3.2</width>
			</LineStyle>
			<PolyStyle>
				<color>40ffffff</color>
			</PolyStyle>
			<BalloonStyle>
				<gx:displayMode>card</gx:displayMode>
			</BalloonStyle>
		</Style>
	</gx:CascadingStyle>
	<gx:CascadingStyle kml:id="__managed_style_0435F0FB1E40DE0E8CDE_normal">
		<Style>
			<IconStyle>
				<Icon>
					<href>https://earth.google.com/earth/document/icon?color=1976d2&amp;id=2000&amp;scale=4</href>
				</Icon>
				<hotSpot x="64" y="128" xunits="pixels" yunits="insetPixels"/>
			</IconStyle>
			<LabelStyle>
				<scale>0</scale>
			</LabelStyle>
			<LineStyle>
				<color>ffa21f7b</color>
				<width>3.2</width>
			</LineStyle>
			<PolyStyle>
				<color>40ffffff</color>
			</PolyStyle>
			<BalloonStyle>
			</BalloonStyle>
		</Style>
	</gx:CascadingStyle>
	<StyleMap id="__managed_style_0435F0FB1E40DE0E8CDE">
		<Pair>
			<key>normal</key>
			<styleUrl>#__managed_style_0435F0FB1E40DE0E8CDE_normal</styleUrl>
		</Pair>
		<Pair>
			<key>highlight</key>
			<styleUrl>#__managed_style_0435F0FB1E40DE0E8CDE_highlight</styleUrl>
		</Pair>
	</StyleMap>
	<StyleMap id="__managed_style_1606F1E02140DE0E8CD9">
		<Pair>
			<key>normal</key>
			<styleUrl>#__managed_style_1606F1E02140DE0E8CD9_normal</styleUrl>
		</Pair>
		<Pair>
			<key>highlight</key>
			<styleUrl>#__managed_style_1606F1E02140DE0E8CD9_highlight</styleUrl>
		</Pair>
	</StyleMap>
	<StyleMap id="__managed_style_027B842C3B40DE0E8CD3">
		<Pair>
			<key>normal</key>
			<styleUrl>#__managed_style_027B842C3B40DE0E8CD3_normal</styleUrl>
		</Pair>
		<Pair>
			<key>highlight</key>
			<styleUrl>#__managed_style_027B842C3B40DE0E8CD3_highlight</styleUrl>
		</Pair>
	</StyleMap>
	<gx:CascadingStyle kml:id="__managed_style_079576BE0C40DE0E8CD0_normal">
		<Style>
			<IconStyle>
				<Icon>
					<href>https://earth.google.com/earth/document/icon?color=f57c00&amp;id=2056&amp;scale=4</href>
				</Icon>
				<hotSpot x="64" y="128" xunits="pixels" yunits="insetPixels"/>
			</IconStyle>
			<LabelStyle>
				<scale>0</scale>
			</LabelStyle>
			<LineStyle>
				<color>ff2dc0fb</color>
				<width>3.2</width>
			</LineStyle>
			<PolyStyle>
				<color>40ffffff</color>
			</PolyStyle>
			<BalloonStyle>
				<gx:displayMode>card</gx:displayMode>
			</BalloonStyle>
		</Style>
	</gx:CascadingStyle>
	<gx:CascadingStyle kml:id="__managed_style_08841FB19840DE0E8CDB_normal">
		<Style>
			<IconStyle>
				<Icon>
					<href>https://earth.google.com/earth/document/icon?color=7b1fa2&amp;id=2016&amp;scale=4</href>
				</Icon>
				<hotSpot x="64" y="128" xunits="pixels" yunits="insetPixels"/>
			</IconStyle>
			<LabelStyle>
				<scale>0</scale>
			</LabelStyle>
			<LineStyle>
				<color>ff2dc0fb</color>
				<width>3.2</width>
			</LineStyle>
			<PolyStyle>
				<color>40ffffff</color>
			</PolyStyle>
			<BalloonStyle>
				<gx:displayMode>card</gx:displayMode>
			</BalloonStyle>
		</Style>
	</gx:CascadingStyle>
	<gx:CascadingStyle kml:id="__managed_style_4792A42E2A40DE0E8CD0_normal">
		<Style>
			<IconStyle>
				<Icon>
					<href>https://earth.google.com/earth/document/icon?color=7b1fa2&amp;id=2039&amp;scale=4</href>
				</Icon>
				<hotSpot x="64" y="128" xunits="pixels" yunits="insetPixels"/>
			</IconStyle>
			<LabelStyle>
				<scale>0</scale>
			</LabelStyle>
			<LineStyle>
				<color>ff2dc0fb</color>
				<width>3.2</width>
			</LineStyle>
			<PolyStyle>
				<color>40ffffff</color>
			</PolyStyle>
			<BalloonStyle>
				<gx:displayMode>card</gx:displayMode>
			</BalloonStyle>
		</Style>
	</gx:CascadingStyle>
	<gx:CascadingStyle kml:id="__managed_style_4C5478F9F240DE0E8CD8_highlight">
		<Style>
			<IconStyle>
				<scale>1.2</scale>
				<Icon>
					<href>https://earth.google.com/earth/document/icon?color=1976d2&amp;id=2000&amp;scale=4</href>
				</Icon>
				<hotSpot x="64" y="128" xunits="pixels" yunits="insetPixels"/>
			</IconStyle>
			<LabelStyle>
				<scale>0</scale>
			</LabelStyle>
			<LineStyle>
				<color>ffa21f7b</color>
				<width>4.8</width>
			</LineStyle>
			<PolyStyle>
				<color>40ffffff</color>
			</PolyStyle>
			<BalloonStyle>
			</BalloonStyle>
		</Style>
	</gx:CascadingStyle>
	<StyleMap id="__managed_style_3CD3AF55EB40DE0E8CDC">
		<Pair>
			<key>normal</key>
			<styleUrl>#__managed_style_3CD3AF55EB40DE0E8CDC_normal</styleUrl>
		</Pair>
		<Pair>
			<key>highlight</key>
			<styleUrl>#__managed_style_3CD3AF55EB40DE0E8CDC_highlight</styleUrl>
		</Pair>
	</StyleMap>
	<StyleMap id="__managed_style_15548F284F40DE0E8CE0">
		<Pair>
			<key>normal</key>
			<styleUrl>#__managed_style_15548F284F40DE0E8CE0_normal</styleUrl>
		</Pair>
		<Pair>
			<key>highlight</key>
			<styleUrl>#__managed_style_15548F284F40DE0E8CE0_highlight</styleUrl>
		</Pair>
	</StyleMap>
	<StyleMap id="__managed_style_4792A42E2A40DE0E8CD0">
		<Pair>
			<key>normal</key>
			<styleUrl>#__managed_style_4792A42E2A40DE0E8CD0_normal</styleUrl>
		</Pair>
		<Pair>
			<key>highlight</key>
			<styleUrl>#__managed_style_4792A42E2A40DE0E8CD0_highlight</styleUrl>
		</Pair>
	</StyleMap>
	<StyleMap id="__managed_style_04D9D7348440DE0E8CD8">
		<Pair>
			<key>normal</key>
			<styleUrl>#__managed_style_04D9D7348440DE0E8CD8_normal</styleUrl>
		</Pair>
		<Pair>
			<key>highlight</key>
			<styleUrl>#__managed_style_04D9D7348440DE0E8CD8_highlight</styleUrl>
		</Pair>
	</StyleMap>
	<gx:CascadingStyle kml:id="__managed_style_26596D72BD40DE0E8CD3_highlight">
		<Style>
			<IconStyle>
				<scale>1.2</scale>
				<Icon>
					<href>https://earth.google.com/earth/document/icon?color=7b1fa2&amp;id=2006&amp;scale=4</href>
				</Icon>
				<hotSpot x="64" y="128" xunits="pixels" yunits="insetPixels"/>
			</IconStyle>
			<LabelStyle>
				<scale>0</scale>
			</LabelStyle>
			<LineStyle>
				<color>ff2dc0fb</color>
				<width>4.8</width>
			</LineStyle>
			<PolyStyle>
				<color>40ffffff</color>
			</PolyStyle>
			<BalloonStyle>
			</BalloonStyle>
		</Style>
	</gx:CascadingStyle>
	<gx:CascadingStyle kml:id="__managed_style_04D9D7348440DE0E8CD8_normal">
		<Style>
			<IconStyle>
				<Icon>
					<href>https://earth.google.com/earth/document/icon?color=7b1fa2&amp;id=2146&amp;scale=4</href>
				</Icon>
				<hotSpot x="64" y="128" xunits="pixels" yunits="insetPixels"/>
			</IconStyle>
			<LabelStyle>
				<scale>0</scale>
			</LabelStyle>
			<LineStyle>
				<color>ff2dc0fb</color>
				<width>3.2</width>
			</LineStyle>
			<PolyStyle>
				<color>40ffffff</color>
			</PolyStyle>
			<BalloonStyle>
				<gx:displayMode>card</gx:displayMode>
			</BalloonStyle>
		</Style>
	</gx:CascadingStyle>
	<gx:CascadingStyle kml:id="__managed_style_0A509F92FF40DE0E8CD4_normal">
		<Style>
			<IconStyle>
				<Icon>
					<href>https://earth.google.com/earth/document/icon?color=303f9f&amp;id=2339&amp;scale=4</href>
				</Icon>
				<hotSpot x="64" y="128" xunits="pixels" yunits="insetPixels"/>
			</IconStyle>
			<LabelStyle>
				<scale>0</scale>
			</LabelStyle>
			<LineStyle>
				<color>ff2dc0fb</color>
				<width>3.2</width>
			</LineStyle>
			<PolyStyle>
				<color>40ffffff</color>
			</PolyStyle>
			<BalloonStyle>
				<gx:displayMode>card</gx:displayMode>
			</BalloonStyle>
		</Style>
	</gx:CascadingStyle>
	<gx:CascadingStyle kml:id="__managed_style_139576202640DE0E8CD6_highlight">
		<Style>
			<IconStyle>
				<scale>1.2</scale>
				<Icon>
					<href>https://earth.google.com/earth/document/icon?color=7b1fa2&amp;id=2067&amp;scale=4</href>
				</Icon>
				<hotSpot x="64" y="128" xunits="pixels" yunits="insetPixels"/>
			</IconStyle>
			<LabelStyle>
				<scale>0</scale>
			</LabelStyle>
			<LineStyle>
				<color>ff2dc0fb</color>
				<width>4.8</width>
			</LineStyle>
			<PolyStyle>
				<color>40ffffff</color>
			</PolyStyle>
			<BalloonStyle>
				<gx:displayMode>card</gx:displayMode>
			</BalloonStyle>
		</Style>
	</gx:CascadingStyle>
	<StyleMap id="__managed_style_1842B1047040DE0E8CD0">
		<Pair>
			<key>normal</key>
			<styleUrl>#__managed_style_1842B1047040DE0E8CD0_normal</styleUrl>
		</Pair>
		<Pair>
			<key>highlight</key>
			<styleUrl>#__managed_style_1842B1047040DE0E8CD0_highlight</styleUrl>
		</Pair>
	</StyleMap>
	<gx:CascadingStyle kml:id="__managed_style_139576202640DE0E8CD6_normal">
		<Style>
			<IconStyle>
				<Icon>
					<href>https://earth.google.com/earth/document/icon?color=7b1fa2&amp;id=2067&amp;scale=4</href>
				</Icon>
				<hotSpot x="64" y="128" xunits="pixels" yunits="insetPixels"/>
			</IconStyle>
			<LabelStyle>
				<scale>0</scale>
			</LabelStyle>
			<LineStyle>
				<color>ff2dc0fb</color>
				<width>3.2</width>
			</LineStyle>
			<PolyStyle>
				<color>40ffffff</color>
			</PolyStyle>
			<BalloonStyle>
				<gx:displayMode>card</gx:displayMode>
			</BalloonStyle>
		</Style>
	</gx:CascadingStyle>
	<StyleMap id="__managed_style_139576202640DE0E8CD6">
		<Pair>
			<key>normal</key>
			<styleUrl>#__managed_style_139576202640DE0E8CD6_normal</styleUrl>
		</Pair>
		<Pair>
			<key>highlight</key>
			<styleUrl>#__managed_style_139576202640DE0E8CD6_highlight</styleUrl>
		</Pair>
	</StyleMap>
	<gx:CascadingStyle kml:id="__managed_style_33CE49620440DE0E8CD8_highlight">
		<Style>
			<IconStyle>
				<scale>1.2</scale>
				<Icon>
					<href>https://earth.google.com/earth/document/icon?color=7b1fa2&amp;id=2055&amp;scale=4</href>
				</Icon>
				<hotSpot x="64" y="128" xunits="pixels" yunits="insetPixels"/>
			</IconStyle>
			<LabelStyle>
				<scale>0</scale>
			</LabelStyle>
			<LineStyle>
				<color>ff2dc0fb</color>
				<width>4.8</width>
			</LineStyle>
			<PolyStyle>
				<color>40ffffff</color>
			</PolyStyle>
			<BalloonStyle>
				<gx:displayMode>card</gx:displayMode>
			</BalloonStyle>
		</Style>
	</gx:CascadingStyle>
	<StyleMap id="__managed_style_2B0749E93D40DE0E8CD4">
		<Pair>
			<key>normal</key>
			<styleUrl>#__managed_style_2B0749E93D40DE0E8CD4_normal</styleUrl>
		</Pair>
		<Pair>
			<key>highlight</key>
			<styleUrl>#__managed_style_2B0749E93D40DE0E8CD4_highlight</styleUrl>
		</Pair>
	</StyleMap>
	<gx:CascadingStyle kml:id="__managed_style_33CE49620440DE0E8CD8_normal">
		<Style>
			<IconStyle>
				<Icon>
					<href>https://earth.google.com/earth/document/icon?color=7b1fa2&amp;id=2055&amp;scale=4</href>
				</Icon>
				<hotSpot x="64" y="128" xunits="pixels" yunits="insetPixels"/>
			</IconStyle>
			<LabelStyle>
				<scale>0</scale>
			</LabelStyle>
			<LineStyle>
				<color>ff2dc0fb</color>
				<width>3.2</width>
			</LineStyle>
			<PolyStyle>
				<color>40ffffff</color>
			</PolyStyle>
			<BalloonStyle>
				<gx:displayMode>card</gx:displayMode>
			</BalloonStyle>
		</Style>
	</gx:CascadingStyle>
	<gx:CascadingStyle kml:id="__managed_style_56582F500D40DE0E8CD0_normal">
		<Style>
			<IconStyle>
				<Icon>
					<href>https://earth.google.com/earth/document/icon?color=f57c00&amp;id=2130&amp;scale=4</href>
				</Icon>
				<hotSpot x="64" y="128" xunits="pixels" yunits="insetPixels"/>
			</IconStyle>
			<LabelStyle>
				<scale>0</scale>
			</LabelStyle>
			<LineStyle>
				<color>ff2dc0fb</color>
				<width>3.2</width>
			</LineStyle>
			<PolyStyle>
				<color>40ffffff</color>
			</PolyStyle>
			<BalloonStyle>
				<gx:displayMode>card</gx:displayMode>
			</BalloonStyle>
		</Style>
	</gx:CascadingStyle>
	<gx:CascadingStyle kml:id="__managed_style_060639676540DE0E8CD6_normal">
		<Style>
			<IconStyle>
				<Icon>
					<href>https://earth.google.com/earth/document/icon?color=7b1fa2&amp;id=2311&amp;scale=4</href>
				</Icon>
				<hotSpot x="64" y="128" xunits="pixels" yunits="insetPixels"/>
			</IconStyle>
			<LabelStyle>
				<scale>0</scale>
			</LabelStyle>
			<LineStyle>
				<color>ff2dc0fb</color>
				<width>3.2</width>
			</LineStyle>
			<PolyStyle>
				<color>40ffffff</color>
			</PolyStyle>
			<BalloonStyle>
				<gx:displayMode>card</gx:displayMode>
			</BalloonStyle>
		</Style>
	</gx:CascadingStyle>
	<gx:CascadingStyle kml:id="__managed_style_24C2DC8AB340DE0E8CE0_highlight">
		<Style>
			<IconStyle>
				<scale>1.2</scale>
				<Icon>
					<href>https://earth.google.com/earth/document/icon?color=1976d2&amp;id=2000&amp;scale=4</href>
				</Icon>
				<hotSpot x="64" y="128" xunits="pixels" yunits="insetPixels"/>
			</IconStyle>
			<LabelStyle>
				<scale>0</scale>
			</LabelStyle>
			<LineStyle>
				<color>ff3c8e38</color>
				<width>4.8</width>
			</LineStyle>
			<PolyStyle>
				<color>403c8e38</color>
			</PolyStyle>
			<BalloonStyle>
			</BalloonStyle>
		</Style>
	</gx:CascadingStyle>
	<gx:CascadingStyle kml:id="__managed_style_24C2DC8AB340DE0E8CE0_normal">
		<Style>
			<IconStyle>
				<Icon>
					<href>https://earth.google.com/earth/document/icon?color=1976d2&amp;id=2000&amp;scale=4</href>
				</Icon>
				<hotSpot x="64" y="128" xunits="pixels" yunits="insetPixels"/>
			</IconStyle>
			<LabelStyle>
				<scale>0</scale>
			</LabelStyle>
			<LineStyle>
				<color>ff3c8e38</color>
				<width>3.2</width>
			</LineStyle>
			<PolyStyle>
				<color>403c8e38</color>
			</PolyStyle>
			<BalloonStyle>
			</BalloonStyle>
		</Style>
	</gx:CascadingStyle>
	<StyleMap id="__managed_style_24C2DC8AB340DE0E8CE0">
		<Pair>
			<key>normal</key>
			<styleUrl>#__managed_style_24C2DC8AB340DE0E8CE0_normal</styleUrl>
		</Pair>
		<Pair>
			<key>highlight</key>
			<styleUrl>#__managed_style_24C2DC8AB340DE0E8CE0_highlight</styleUrl>
		</Pair>
	</StyleMap>
	<gx:CascadingStyle kml:id="__managed_style_060639676540DE0E8CD6_highlight">
		<Style>
			<IconStyle>
				<scale>1.2</scale>
				<Icon>
					<href>https://earth.google.com/earth/document/icon?color=7b1fa2&amp;id=2311&amp;scale=4</href>
				</Icon>
				<hotSpot x="64" y="128" xunits="pixels" yunits="insetPixels"/>
			</IconStyle>
			<LabelStyle>
				<scale>0</scale>
			</LabelStyle>
			<LineStyle>
				<color>ff2dc0fb</color>
				<width>4.8</width>
			</LineStyle>
			<PolyStyle>
				<color>40ffffff</color>
			</PolyStyle>
			<BalloonStyle>
				<gx:displayMode>card</gx:displayMode>
			</BalloonStyle>
		</Style>
	</gx:CascadingStyle>
	<gx:CascadingStyle kml:id="__managed_style_0C8573492840DE0E8CDF_normal">
		<Style>
			<IconStyle>
				<Icon>
					<href>https://earth.google.com/earth/document/icon?color=7b1fa2&amp;id=2047&amp;scale=4</href>
				</Icon>
				<hotSpot x="64" y="128" xunits="pixels" yunits="insetPixels"/>
			</IconStyle>
			<LabelStyle>
				<scale>0</scale>
			</LabelStyle>
			<LineStyle>
				<color>ff2dc0fb</color>
				<width>3.2</width>
			</LineStyle>
			<PolyStyle>
				<color>40ffffff</color>
			</PolyStyle>
			<BalloonStyle>
				<gx:displayMode>card</gx:displayMode>
			</BalloonStyle>
		</Style>
	</gx:CascadingStyle>
	<gx:CascadingStyle kml:id="__managed_style_56582F500D40DE0E8CD0_highlight">
		<Style>
			<IconStyle>
				<scale>1.2</scale>
				<Icon>
					<href>https://earth.google.com/earth/document/icon?color=f57c00&amp;id=2130&amp;scale=4</href>
				</Icon>
				<hotSpot x="64" y="128" xunits="pixels" yunits="insetPixels"/>
			</IconStyle>
			<LabelStyle>
				<scale>0</scale>
			</LabelStyle>
			<LineStyle>
				<color>ff2dc0fb</color>
				<width>4.8</width>
			</LineStyle>
			<PolyStyle>
				<color>40ffffff</color>
			</PolyStyle>
			<BalloonStyle>
				<gx:displayMode>card</gx:displayMode>
			</BalloonStyle>
		</Style>
	</gx:CascadingStyle>
	<gx:CascadingStyle kml:id="__managed_style_15A58CEEBD40DE0E8CD1_highlight">
		<Style>
			<IconStyle>
				<scale>1.2</scale>
				<Icon>
					<href>https://earth.google.com/earth/document/icon?color=7b1fa2&amp;id=2336&amp;scale=4</href>
				</Icon>
				<hotSpot x="64" y="128" xunits="pixels" yunits="insetPixels"/>
			</IconStyle>
			<LabelStyle>
				<scale>0</scale>
			</LabelStyle>
			<LineStyle>
				<color>ff2dc0fb</color>
				<width>4.8</width>
			</LineStyle>
			<PolyStyle>
				<color>40ffffff</color>
			</PolyStyle>
			<BalloonStyle>
				<gx:displayMode>card</gx:displayMode>
			</BalloonStyle>
		</Style>
	</gx:CascadingStyle>
	<gx:CascadingStyle kml:id="__managed_style_23F81D139C40DE0E8CD8_normal">
		<Style>
			<IconStyle>
				<Icon>
					<href>https://earth.google.com/earth/document/icon?color=fbc02d&amp;id=2005&amp;scale=4</href>
				</Icon>
				<hotSpot x="64" y="128" xunits="pixels" yunits="insetPixels"/>
			</IconStyle>
			<LabelStyle>
				<scale>0</scale>
			</LabelStyle>
			<LineStyle>
				<color>ff2dc0fb</color>
				<width>3.2</width>
			</LineStyle>
			<PolyStyle>
				<color>40ffffff</color>
			</PolyStyle>
			<BalloonStyle>
				<gx:displayMode>card</gx:displayMode>
			</BalloonStyle>
		</Style>
	</gx:CascadingStyle>
	<StyleMap id="__managed_style_15A58CEEBD40DE0E8CD1">
		<Pair>
			<key>normal</key>
			<styleUrl>#__managed_style_15A58CEEBD40DE0E8CD1_normal</styleUrl>
		</Pair>
		<Pair>
			<key>highlight</key>
			<styleUrl>#__managed_style_15A58CEEBD40DE0E8CD1_highlight</styleUrl>
		</Pair>
	</StyleMap>
	<gx:CascadingStyle kml:id="__managed_style_0BFA07C14140DE0E8CD7_highlight">
		<Style>
			<IconStyle>
				<scale>1.2</scale>
				<Icon>
					<href>https://earth.google.com/earth/document/icon?color=7b1fa2&amp;id=2011&amp;scale=4</href>
				</Icon>
				<hotSpot x="64" y="128" xunits="pixels" yunits="insetPixels"/>
			</IconStyle>
			<LabelStyle>
				<scale>0</scale>
			</LabelStyle>
			<LineStyle>
				<color>ff2dc0fb</color>
				<width>4.8</width>
			</LineStyle>
			<PolyStyle>
				<color>40ffffff</color>
			</PolyStyle>
			<BalloonStyle>
				<gx:displayMode>card</gx:displayMode>
			</BalloonStyle>
		</Style>
	</gx:CascadingStyle>
	<gx:CascadingStyle kml:id="__managed_style_0BFA07C14140DE0E8CD7_normal">
		<Style>
			<IconStyle>
				<Icon>
					<href>https://earth.google.com/earth/document/icon?color=7b1fa2&amp;id=2011&amp;scale=4</href>
				</Icon>
				<hotSpot x="64" y="128" xunits="pixels" yunits="insetPixels"/>
			</IconStyle>
			<LabelStyle>
				<scale>0</scale>
			</LabelStyle>
			<LineStyle>
				<color>ff2dc0fb</color>
				<width>3.2</width>
			</LineStyle>
			<PolyStyle>
				<color>40ffffff</color>
			</PolyStyle>
			<BalloonStyle>
				<gx:displayMode>card</gx:displayMode>
			</BalloonStyle>
		</Style>
	</gx:CascadingStyle>
	<StyleMap id="__managed_style_0BFA07C14140DE0E8CD7">
		<Pair>
			<key>normal</key>
			<styleUrl>#__managed_style_0BFA07C14140DE0E8CD7_normal</styleUrl>
		</Pair>
		<Pair>
			<key>highlight</key>
			<styleUrl>#__managed_style_0BFA07C14140DE0E8CD7_highlight</styleUrl>
		</Pair>
	</StyleMap>
	<gx:CascadingStyle kml:id="__managed_style_09B5FBA38B40DE0E8CCF_highlight">
		<Style>
			<IconStyle>
				<scale>1.2</scale>
				<Icon>
					<href>https://earth.google.com/earth/document/icon?color=7b1fa2&amp;id=2006&amp;scale=4</href>
				</Icon>
				<hotSpot x="64" y="128" xunits="pixels" yunits="insetPixels"/>
			</IconStyle>
			<LabelStyle>
				<scale>0</scale>
			</LabelStyle>
			<LineStyle>
				<color>ff2dc0fb</color>
				<width>4.8</width>
			</LineStyle>
			<PolyStyle>
				<color>40ffffff</color>
			</PolyStyle>
			<BalloonStyle>
				<gx:displayMode>card</gx:displayMode>
			</BalloonStyle>
		</Style>
	</gx:CascadingStyle>
	<gx:CascadingStyle kml:id="__managed_style_246825998340DE0E8CD0_highlight">
		<Style>
			<IconStyle>
				<scale>1.2</scale>
				<Icon>
					<href>https://earth.google.com/earth/document/icon?color=1976d2&amp;id=2000&amp;scale=4</href>
				</Icon>
				<hotSpot x="64" y="128" xunits="pixels" yunits="insetPixels"/>
			</IconStyle>
			<LabelStyle>
				<scale>0</scale>
			</LabelStyle>
			<LineStyle>
				<color>ffa21f7b</color>
				<width>4.8</width>
			</LineStyle>
			<PolyStyle>
				<color>40ffffff</color>
			</PolyStyle>
			<BalloonStyle>
			</BalloonStyle>
		</Style>
	</gx:CascadingStyle>
	<StyleMap id="__managed_style_16147CE44F40DE0E8CCF">
		<Pair>
			<key>normal</key>
			<styleUrl>#__managed_style_16147CE44F40DE0E8CCF_normal</styleUrl>
		</Pair>
		<Pair>
			<key>highlight</key>
			<styleUrl>#__managed_style_16147CE44F40DE0E8CCF_highlight</styleUrl>
		</Pair>
	</StyleMap>
	<gx:CascadingStyle kml:id="__managed_style_1B69A1D70540DE0E8CD3_highlight">
		<Style>
			<IconStyle>
				<scale>1.2</scale>
				<Icon>
					<href>https://earth.google.com/earth/document/icon?color=7b1fa2&amp;id=2163&amp;scale=4</href>
				</Icon>
				<hotSpot x="64" y="128" xunits="pixels" yunits="insetPixels"/>
			</IconStyle>
			<LabelStyle>
				<scale>0</scale>
			</LabelStyle>
			<LineStyle>
				<color>ff2dc0fb</color>
				<width>4.8</width>
			</LineStyle>
			<PolyStyle>
				<color>40ffffff</color>
			</PolyStyle>
			<BalloonStyle>
				<gx:displayMode>card</gx:displayMode>
			</BalloonStyle>
		</Style>
	</gx:CascadingStyle>
	<StyleMap id="__managed_style_26B7ACFB5540DE0E8CD6">
		<Pair>
			<key>normal</key>
			<styleUrl>#__managed_style_26B7ACFB5540DE0E8CD6_normal</styleUrl>
		</Pair>
		<Pair>
			<key>highlight</key>
			<styleUrl>#__managed_style_26B7ACFB5540DE0E8CD6_highlight</styleUrl>
		</Pair>
	</StyleMap>
	<StyleMap id="__managed_style_56582F500D40DE0E8CD0">
		<Pair>
			<key>normal</key>
			<styleUrl>#__managed_style_56582F500D40DE0E8CD0_normal</styleUrl>
		</Pair>
		<Pair>
			<key>highlight</key>
			<styleUrl>#__managed_style_56582F500D40DE0E8CD0_highlight</styleUrl>
		</Pair>
	</StyleMap>
	<gx:CascadingStyle kml:id="__managed_style_1B69A1D70540DE0E8CD3_normal">
		<Style>
			<IconStyle>
				<Icon>
					<href>https://earth.google.com/earth/document/icon?color=7b1fa2&amp;id=2163&amp;scale=4</href>
				</Icon>
				<hotSpot x="64" y="128" xunits="pixels" yunits="insetPixels"/>
			</IconStyle>
			<LabelStyle>
				<scale>0</scale>
			</LabelStyle>
			<LineStyle>
				<color>ff2dc0fb</color>
				<width>3.2</width>
			</LineStyle>
			<PolyStyle>
				<color>40ffffff</color>
			</PolyStyle>
			<BalloonStyle>
				<gx:displayMode>card</gx:displayMode>
			</BalloonStyle>
		</Style>
	</gx:CascadingStyle>
	<gx:CascadingStyle kml:id="__managed_style_5073EF457A40DE0E8CD4_highlight">
		<styleUrl>https://earth.google.com/balloon_components/base/1.1.0.0/none_template.kml#main</styleUrl>
		<Style>
			<IconStyle>
				<scale>1.2</scale>
				<Icon>
					<href>https://earth.google.com/earth/document/icon?color=7b1fa2&amp;id=2006&amp;scale=4</href>
				</Icon>
				<hotSpot x="64" y="128" xunits="pixels" yunits="insetPixels"/>
			</IconStyle>
			<LabelStyle>
				<scale>0</scale>
			</LabelStyle>
			<LineStyle>
				<color>ff2dc0fb</color>
				<width>4.8</width>
			</LineStyle>
			<PolyStyle>
				<color>40ffffff</color>
			</PolyStyle>
			<BalloonStyle>
				<displayMode>hide</displayMode>
			</BalloonStyle>
		</Style>
	</gx:CascadingStyle>
	<StyleMap id="__managed_style_5073EF457A40DE0E8CD4">
		<Pair>
			<key>normal</key>
			<styleUrl>#__managed_style_5073EF457A40DE0E8CD4_normal</styleUrl>
		</Pair>
		<Pair>
			<key>highlight</key>
			<styleUrl>#__managed_style_5073EF457A40DE0E8CD4_highlight</styleUrl>
		</Pair>
	</StyleMap>
	<gx:CascadingStyle kml:id="__managed_style_1842B1047040DE0E8CD0_highlight">
		<Style>
			<IconStyle>
				<scale>1.2</scale>
				<Icon>
					<href>https://earth.google.com/earth/document/icon?color=7b1fa2&amp;id=2156&amp;scale=4</href>
				</Icon>
				<hotSpot x="64" y="128" xunits="pixels" yunits="insetPixels"/>
			</IconStyle>
			<LabelStyle>
				<scale>0</scale>
			</LabelStyle>
			<LineStyle>
				<color>ff2dc0fb</color>
				<width>4.8</width>
			</LineStyle>
			<PolyStyle>
				<color>40ffffff</color>
			</PolyStyle>
			<BalloonStyle>
				<gx:displayMode>card</gx:displayMode>
			</BalloonStyle>
		</Style>
	</gx:CascadingStyle>
	<StyleMap id="__managed_style_480131FD5D40DE0E8CDC">
		<Pair>
			<key>normal</key>
			<styleUrl>#__managed_style_480131FD5D40DE0E8CDC_normal</styleUrl>
		</Pair>
		<Pair>
			<key>highlight</key>
			<styleUrl>#__managed_style_480131FD5D40DE0E8CDC_highlight</styleUrl>
		</Pair>
	</StyleMap>
	<gx:CascadingStyle kml:id="__managed_style_15548F284F40DE0E8CE0_highlight">
		<Style>
			<IconStyle>
				<scale>1.2</scale>
				<Icon>
					<href>https://earth.google.com/earth/document/icon?color=1976d2&amp;id=2000&amp;scale=4</href>
				</Icon>
				<hotSpot x="64" y="128" xunits="pixels" yunits="insetPixels"/>
			</IconStyle>
			<LabelStyle>
				<scale>0</scale>
			</LabelStyle>
			<LineStyle>
				<color>ffa21f7b</color>
				<width>4.8</width>
			</LineStyle>
			<PolyStyle>
				<color>40a21f7b</color>
			</PolyStyle>
			<BalloonStyle>
			</BalloonStyle>
		</Style>
	</gx:CascadingStyle>
	<StyleMap id="__managed_style_079576BE0C40DE0E8CD0">
		<Pair>
			<key>normal</key>
			<styleUrl>#__managed_style_079576BE0C40DE0E8CD0_normal</styleUrl>
		</Pair>
		<Pair>
			<key>highlight</key>
			<styleUrl>#__managed_style_079576BE0C40DE0E8CD0_highlight</styleUrl>
		</Pair>
	</StyleMap>
	<gx:CascadingStyle kml:id="__managed_style_1606F1E02140DE0E8CD9_highlight">
		<Style>
			<IconStyle>
				<scale>1.2</scale>
				<Icon>
					<href>https://earth.google.com/earth/document/icon?color=7b1fa2&amp;id=2282&amp;scale=4</href>
				</Icon>
				<hotSpot x="64" y="128" xunits="pixels" yunits="insetPixels"/>
			</IconStyle>
			<LabelStyle>
				<scale>0</scale>
			</LabelStyle>
			<LineStyle>
				<color>ff2dc0fb</color>
				<width>4.8</width>
			</LineStyle>
			<PolyStyle>
				<color>40ffffff</color>
			</PolyStyle>
			<BalloonStyle>
				<gx:displayMode>card</gx:displayMode>
			</BalloonStyle>
		</Style>
	</gx:CascadingStyle>
	<StyleMap id="__managed_style_063D7E0BBD40DE0E8CCE">
		<Pair>
			<key>normal</key>
			<styleUrl>#__managed_style_063D7E0BBD40DE0E8CCE_normal</styleUrl>
		</Pair>
		<Pair>
			<key>highlight</key>
			<styleUrl>#__managed_style_063D7E0BBD40DE0E8CCE_highlight</styleUrl>
		</Pair>
	</StyleMap>
	<gx:CascadingStyle kml:id="__managed_style_16147CE44F40DE0E8CCF_normal">
		<Style>
			<IconStyle>
				<Icon>
					<href>https://earth.google.com/earth/document/icon?color=388e3c&amp;id=2370&amp;scale=4</href>
				</Icon>
				<hotSpot x="64" y="128" xunits="pixels" yunits="insetPixels"/>
			</IconStyle>
			<LabelStyle>
				<scale>0</scale>
			</LabelStyle>
			<LineStyle>
				<color>ff2dc0fb</color>
				<width>3.2</width>
			</LineStyle>
			<PolyStyle>
				<color>40ffffff</color>
			</PolyStyle>
			<BalloonStyle>
				<gx:displayMode>card</gx:displayMode>
			</BalloonStyle>
		</Style>
	</gx:CascadingStyle>
	<gx:CascadingStyle kml:id="__managed_style_16147CE44F40DE0E8CCF_highlight">
		<Style>
			<IconStyle>
				<scale>1.2</scale>
				<Icon>
					<href>https://earth.google.com/earth/document/icon?color=388e3c&amp;id=2370&amp;scale=4</href>
				</Icon>
				<hotSpot x="64" y="128" xunits="pixels" yunits="insetPixels"/>
			</IconStyle>
			<LabelStyle>
				<scale>0</scale>
			</LabelStyle>
			<LineStyle>
				<color>ff2dc0fb</color>
				<width>4.8</width>
			</LineStyle>
			<PolyStyle>
				<color>40ffffff</color>
			</PolyStyle>
			<BalloonStyle>
				<gx:displayMode>card</gx:displayMode>
			</BalloonStyle>
		</Style>
	</gx:CascadingStyle>
	<gx:CascadingStyle kml:id="__managed_style_4922F858E640DE0E8CD4_normal">
		<Style>
			<IconStyle>
				<Icon>
					<href>https://earth.google.com/earth/document/icon?color=f57c00&amp;id=2339&amp;scale=4</href>
				</Icon>
				<hotSpot x="64" y="128" xunits="pixels" yunits="insetPixels"/>
			</IconStyle>
			<LabelStyle>
				<scale>0</scale>
			</LabelStyle>
			<LineStyle>
				<color>ff2dc0fb</color>
				<width>3.2</width>
			</LineStyle>
			<PolyStyle>
				<color>40ffffff</color>
			</PolyStyle>
			<BalloonStyle>
				<gx:displayMode>card</gx:displayMode>
			</BalloonStyle>
		</Style>
	</gx:CascadingStyle>
	<gx:CascadingStyle kml:id="__managed_style_0DE11304F440DE0E8CD9_highlight">
		<Style>
			<IconStyle>
				<scale>1.2</scale>
				<Icon>
					<href>https://earth.google.com/earth/document/icon?color=42a5f5&amp;id=2119&amp;scale=4</href>
				</Icon>
				<hotSpot x="64" y="128" xunits="pixels" yunits="insetPixels"/>
			</IconStyle>
			<LabelStyle>
				<scale>0</scale>
			</LabelStyle>
			<LineStyle>
				<color>ff2dc0fb</color>
				<width>4.8</width>
			</LineStyle>
			<PolyStyle>
				<color>40ffffff</color>
			</PolyStyle>
			<BalloonStyle>
			</BalloonStyle>
		</Style>
	</gx:CascadingStyle>
	<gx:CascadingStyle kml:id="__managed_style_040AB8F62740DE0E8CD1_normal">
		<Style>
			<IconStyle>
				<scale>1.5</scale>
				<Icon>
					<href>https://earth.google.com/earth/document/icon?color=7b1fa2&amp;id=2006&amp;scale=4</href>
				</Icon>
				<hotSpot x="64" y="128" xunits="pixels" yunits="insetPixels"/>
			</IconStyle>
			<LabelStyle>
				<scale>0</scale>
			</LabelStyle>
			<LineStyle>
				<color>ff2dc0fb</color>
				<width>3.2</width>
			</LineStyle>
			<PolyStyle>
				<color>40ffffff</color>
			</PolyStyle>
			<BalloonStyle>
				<gx:displayMode>card</gx:displayMode>
			</BalloonStyle>
		</Style>
	</gx:CascadingStyle>
	<gx:CascadingStyle kml:id="__managed_style_480131FD5D40DE0E8CDC_normal">
		<Style>
			<IconStyle>
				<Icon>
					<href>https://earth.google.com/earth/document/icon?color=7b1fa2&amp;id=2359&amp;scale=4</href>
				</Icon>
				<hotSpot x="64" y="128" xunits="pixels" yunits="insetPixels"/>
			</IconStyle>
			<LabelStyle>
				<scale>0</scale>
			</LabelStyle>
			<LineStyle>
				<color>ff2dc0fb</color>
				<width>3.2</width>
			</LineStyle>
			<PolyStyle>
				<color>40ffffff</color>
			</PolyStyle>
			<BalloonStyle>
				<gx:displayMode>card</gx:displayMode>
			</BalloonStyle>
		</Style>
	</gx:CascadingStyle>
	<gx:CascadingStyle kml:id="__managed_style_4C5478F9F240DE0E8CD8_normal">
		<Style>
			<IconStyle>
				<Icon>
					<href>https://earth.google.com/earth/document/icon?color=1976d2&amp;id=2000&amp;scale=4</href>
				</Icon>
				<hotSpot x="64" y="128" xunits="pixels" yunits="insetPixels"/>
			</IconStyle>
			<LabelStyle>
				<scale>0</scale>
			</LabelStyle>
			<LineStyle>
				<color>ffa21f7b</color>
				<width>3.2</width>
			</LineStyle>
			<PolyStyle>
				<color>40ffffff</color>
			</PolyStyle>
			<BalloonStyle>
			</BalloonStyle>
		</Style>
	</gx:CascadingStyle>
	<gx:CascadingStyle kml:id="__managed_style_09B5FBA38B40DE0E8CCF_normal">
		<Style>
			<IconStyle>
				<Icon>
					<href>https://earth.google.com/earth/document/icon?color=7b1fa2&amp;id=2006&amp;scale=4</href>
				</Icon>
				<hotSpot x="64" y="128" xunits="pixels" yunits="insetPixels"/>
			</IconStyle>
			<LabelStyle>
				<scale>0</scale>
			</LabelStyle>
			<LineStyle>
				<color>ff2dc0fb</color>
				<width>3.2</width>
			</LineStyle>
			<PolyStyle>
				<color>40ffffff</color>
			</PolyStyle>
			<BalloonStyle>
				<gx:displayMode>card</gx:displayMode>
			</BalloonStyle>
		</Style>
	</gx:CascadingStyle>
	<StyleMap id="__managed_style_166B6ABDD140DE0E8CD8">
		<Pair>
			<key>normal</key>
			<styleUrl>#__managed_style_166B6ABDD140DE0E8CD8_normal</styleUrl>
		</Pair>
		<Pair>
			<key>highlight</key>
			<styleUrl>#__managed_style_166B6ABDD140DE0E8CD8_highlight</styleUrl>
		</Pair>
	</StyleMap>
	<gx:CascadingStyle kml:id="__managed_style_040AB8F62740DE0E8CD1_highlight">
		<Style>
			<IconStyle>
				<scale>1.8</scale>
				<Icon>
					<href>https://earth.google.com/earth/document/icon?color=7b1fa2&amp;id=2006&amp;scale=4</href>
				</Icon>
				<hotSpot x="64" y="128" xunits="pixels" yunits="insetPixels"/>
			</IconStyle>
			<LabelStyle>
				<scale>0</scale>
			</LabelStyle>
			<LineStyle>
				<color>ff2dc0fb</color>
				<width>4.8</width>
			</LineStyle>
			<PolyStyle>
				<color>40ffffff</color>
			</PolyStyle>
			<BalloonStyle>
				<gx:displayMode>card</gx:displayMode>
			</BalloonStyle>
		</Style>
	</gx:CascadingStyle>
	<gx:CascadingStyle kml:id="__managed_style_38E5500E4640DE0E8CD4_highlight">
		<Style>
			<IconStyle>
				<scale>1.2</scale>
				<Icon>
					<href>https://earth.google.com/earth/document/icon?color=7b1fa2&amp;id=2156&amp;scale=4</href>
				</Icon>
				<hotSpot x="64" y="128" xunits="pixels" yunits="insetPixels"/>
			</IconStyle>
			<LabelStyle>
				<scale>0</scale>
			</LabelStyle>
			<LineStyle>
				<color>ff2dc0fb</color>
				<width>4.8</width>
			</LineStyle>
			<PolyStyle>
				<color>40ffffff</color>
			</PolyStyle>
			<BalloonStyle>
			</BalloonStyle>
		</Style>
	</gx:CascadingStyle>
	<gx:CascadingStyle kml:id="__managed_style_027B842C3B40DE0E8CD3_normal">
		<Style>
			<IconStyle>
				<Icon>
					<href>https://earth.google.com/earth/document/icon?color=f57c00&amp;id=2034&amp;scale=4</href>
				</Icon>
				<hotSpot x="64" y="128" xunits="pixels" yunits="insetPixels"/>
			</IconStyle>
			<LabelStyle>
				<scale>0</scale>
			</LabelStyle>
			<LineStyle>
				<color>ff2dc0fb</color>
				<width>3.2</width>
			</LineStyle>
			<PolyStyle>
				<color>40ffffff</color>
			</PolyStyle>
			<BalloonStyle>
				<gx:displayMode>card</gx:displayMode>
			</BalloonStyle>
		</Style>
	</gx:CascadingStyle>
	<gx:CascadingStyle kml:id="__managed_style_480131FD5D40DE0E8CDC_highlight">
		<Style>
			<IconStyle>
				<scale>1.2</scale>
				<Icon>
					<href>https://earth.google.com/earth/document/icon?color=7b1fa2&amp;id=2359&amp;scale=4</href>
				</Icon>
				<hotSpot x="64" y="128" xunits="pixels" yunits="insetPixels"/>
			</IconStyle>
			<LabelStyle>
				<scale>0</scale>
			</LabelStyle>
			<LineStyle>
				<color>ff2dc0fb</color>
				<width>4.8</width>
			</LineStyle>
			<PolyStyle>
				<color>40ffffff</color>
			</PolyStyle>
			<BalloonStyle>
				<gx:displayMode>card</gx:displayMode>
			</BalloonStyle>
		</Style>
	</gx:CascadingStyle>
	<StyleMap id="__managed_style_09B5FBA38B40DE0E8CCF">
		<Pair>
			<key>normal</key>
			<styleUrl>#__managed_style_09B5FBA38B40DE0E8CCF_normal</styleUrl>
		</Pair>
		<Pair>
			<key>highlight</key>
			<styleUrl>#__managed_style_09B5FBA38B40DE0E8CCF_highlight</styleUrl>
		</Pair>
	</StyleMap>
	<StyleMap id="__managed_style_33CE49620440DE0E8CD8">
		<Pair>
			<key>normal</key>
			<styleUrl>#__managed_style_33CE49620440DE0E8CD8_normal</styleUrl>
		</Pair>
		<Pair>
			<key>highlight</key>
			<styleUrl>#__managed_style_33CE49620440DE0E8CD8_highlight</styleUrl>
		</Pair>
	</StyleMap>
	<gx:CascadingStyle kml:id="__managed_style_4792A42E2A40DE0E8CD0_highlight">
		<Style>
			<IconStyle>
				<scale>1.2</scale>
				<Icon>
					<href>https://earth.google.com/earth/document/icon?color=7b1fa2&amp;id=2039&amp;scale=4</href>
				</Icon>
				<hotSpot x="64" y="128" xunits="pixels" yunits="insetPixels"/>
			</IconStyle>
			<LabelStyle>
				<scale>0</scale>
			</LabelStyle>
			<LineStyle>
				<color>ff2dc0fb</color>
				<width>4.8</width>
			</LineStyle>
			<PolyStyle>
				<color>40ffffff</color>
			</PolyStyle>
			<BalloonStyle>
				<gx:displayMode>card</gx:displayMode>
			</BalloonStyle>
		</Style>
	</gx:CascadingStyle>
	<gx:CascadingStyle kml:id="__managed_style_26B7ACFB5540DE0E8CD6_normal">
		<Style>
			<IconStyle>
				<Icon>
					<href>https://earth.google.com/earth/document/icon?color=7b1fa2&amp;id=2156&amp;scale=4</href>
				</Icon>
				<hotSpot x="64" y="128" xunits="pixels" yunits="insetPixels"/>
			</IconStyle>
			<LabelStyle>
				<scale>0</scale>
			</LabelStyle>
			<LineStyle>
				<color>ff2dc0fb</color>
				<width>3.2</width>
			</LineStyle>
			<PolyStyle>
				<color>40ffffff</color>
			</PolyStyle>
			<BalloonStyle>
			</BalloonStyle>
		</Style>
	</gx:CascadingStyle>
	<gx:CascadingStyle kml:id="__managed_style_26596D72BD40DE0E8CD3_normal">
		<Style>
			<IconStyle>
				<Icon>
					<href>https://earth.google.com/earth/document/icon?color=7b1fa2&amp;id=2006&amp;scale=4</href>
				</Icon>
				<hotSpot x="64" y="128" xunits="pixels" yunits="insetPixels"/>
			</IconStyle>
			<LabelStyle>
				<scale>0</scale>
			</LabelStyle>
			<LineStyle>
				<color>ff2dc0fb</color>
				<width>3.2</width>
			</LineStyle>
			<PolyStyle>
				<color>40ffffff</color>
			</PolyStyle>
			<BalloonStyle>
			</BalloonStyle>
		</Style>
	</gx:CascadingStyle>
	<gx:CascadingStyle kml:id="__managed_style_32B5D6A93140DE0E8CD0_normal">
		<Style>
			<IconStyle>
				<Icon>
					<href>https://earth.google.com/earth/document/icon?color=1976d2&amp;id=2074&amp;scale=4</href>
				</Icon>
				<hotSpot x="64" y="128" xunits="pixels" yunits="insetPixels"/>
			</IconStyle>
			<LabelStyle>
				<scale>0</scale>
			</LabelStyle>
			<LineStyle>
				<color>ff2dc0fb</color>
				<width>3.2</width>
			</LineStyle>
			<PolyStyle>
				<color>40ffffff</color>
			</PolyStyle>
			<BalloonStyle>
				<gx:displayMode>card</gx:displayMode>
			</BalloonStyle>
		</Style>
	</gx:CascadingStyle>
	<gx:CascadingStyle kml:id="__managed_style_1842B1047040DE0E8CD0_normal">
		<Style>
			<IconStyle>
				<Icon>
					<href>https://earth.google.com/earth/document/icon?color=7b1fa2&amp;id=2156&amp;scale=4</href>
				</Icon>
				<hotSpot x="64" y="128" xunits="pixels" yunits="insetPixels"/>
			</IconStyle>
			<LabelStyle>
				<scale>0</scale>
			</LabelStyle>
			<LineStyle>
				<color>ff2dc0fb</color>
				<width>3.2</width>
			</LineStyle>
			<PolyStyle>
				<color>40ffffff</color>
			</PolyStyle>
			<BalloonStyle>
				<gx:displayMode>card</gx:displayMode>
			</BalloonStyle>
		</Style>
	</gx:CascadingStyle>
	<gx:CascadingStyle kml:id="__managed_style_0DE11304F440DE0E8CD9_normal">
		<Style>
			<IconStyle>
				<Icon>
					<href>https://earth.google.com/earth/document/icon?color=42a5f5&amp;id=2119&amp;scale=4</href>
				</Icon>
				<hotSpot x="64" y="128" xunits="pixels" yunits="insetPixels"/>
			</IconStyle>
			<LabelStyle>
				<scale>0</scale>
			</LabelStyle>
			<LineStyle>
				<color>ff2dc0fb</color>
				<width>3.2</width>
			</LineStyle>
			<PolyStyle>
				<color>40ffffff</color>
			</PolyStyle>
			<BalloonStyle>
			</BalloonStyle>
		</Style>
	</gx:CascadingStyle>
	<gx:CascadingStyle kml:id="__managed_style_0ACC5B696240DE0E8CE0_highlight">
		<Style>
			<IconStyle>
				<scale>1.2</scale>
				<Icon>
					<href>https://earth.google.com/earth/document/icon?color=7b1fa2&amp;id=2162&amp;scale=4</href>
				</Icon>
				<hotSpot x="64" y="128" xunits="pixels" yunits="insetPixels"/>
			</IconStyle>
			<LabelStyle>
				<scale>0</scale>
			</LabelStyle>
			<LineStyle>
				<color>ff2dc0fb</color>
				<width>4.8</width>
			</LineStyle>
			<PolyStyle>
				<color>40ffffff</color>
			</PolyStyle>
			<BalloonStyle>
				<gx:displayMode>card</gx:displayMode>
			</BalloonStyle>
		</Style>
	</gx:CascadingStyle>
	<gx:CascadingStyle kml:id="__managed_style_2B0749E93D40DE0E8CD4_normal">
		<Style>
			<IconStyle>
				<Icon>
					<href>https://earth.google.com/earth/document/icon?color=1976d2&amp;id=2000&amp;scale=4</href>
				</Icon>
				<hotSpot x="64" y="128" xunits="pixels" yunits="insetPixels"/>
			</IconStyle>
			<LabelStyle>
				<scale>0</scale>
			</LabelStyle>
			<LineStyle>
				<color>ff2dc0fb</color>
				<width>3.2</width>
			</LineStyle>
			<PolyStyle>
				<color>40ffffff</color>
			</PolyStyle>
			<BalloonStyle>
			</BalloonStyle>
		</Style>
	</gx:CascadingStyle>
	<StyleMap id="__managed_style_0DE11304F440DE0E8CD9">
		<Pair>
			<key>normal</key>
			<styleUrl>#__managed_style_0DE11304F440DE0E8CD9_normal</styleUrl>
		</Pair>
		<Pair>
			<key>highlight</key>
			<styleUrl>#__managed_style_0DE11304F440DE0E8CD9_highlight</styleUrl>
		</Pair>
	</StyleMap>
	<gx:CascadingStyle kml:id="__managed_style_15A58CEEBD40DE0E8CD1_normal">
		<Style>
			<IconStyle>
				<Icon>
					<href>https://earth.google.com/earth/document/icon?color=7b1fa2&amp;id=2336&amp;scale=4</href>
				</Icon>
				<hotSpot x="64" y="128" xunits="pixels" yunits="insetPixels"/>
			</IconStyle>
			<LabelStyle>
				<scale>0</scale>
			</LabelStyle>
			<LineStyle>
				<color>ff2dc0fb</color>
				<width>3.2</width>
			</LineStyle>
			<PolyStyle>
				<color>40ffffff</color>
			</PolyStyle>
			<BalloonStyle>
				<gx:displayMode>card</gx:displayMode>
			</BalloonStyle>
		</Style>
	</gx:CascadingStyle>
	<gx:CascadingStyle kml:id="__managed_style_089F69BFAE40DE0E8CDC_highlight">
		<Style>
			<IconStyle>
				<scale>1.2</scale>
				<Icon>
					<href>https://earth.google.com/earth/document/icon?color=7b1fa2&amp;id=2006&amp;scale=4</href>
				</Icon>
				<hotSpot x="64" y="128" xunits="pixels" yunits="insetPixels"/>
			</IconStyle>
			<LabelStyle>
				<scale>0</scale>
			</LabelStyle>
			<LineStyle>
				<color>ff2dc0fb</color>
				<width>4.8</width>
			</LineStyle>
			<PolyStyle>
				<color>40ffffff</color>
			</PolyStyle>
			<BalloonStyle>
			</BalloonStyle>
		</Style>
	</gx:CascadingStyle>
	<gx:CascadingStyle kml:id="__managed_style_063D7E0BBD40DE0E8CCE_highlight">
		<Style>
			<IconStyle>
				<scale>1.2</scale>
				<Icon>
					<href>https://earth.google.com/earth/document/icon?color=7b1fa2&amp;id=2232&amp;scale=4</href>
				</Icon>
				<hotSpot x="64" y="128" xunits="pixels" yunits="insetPixels"/>
			</IconStyle>
			<LabelStyle>
				<scale>0</scale>
			</LabelStyle>
			<LineStyle>
				<color>ff2dc0fb</color>
				<width>4.8</width>
			</LineStyle>
			<PolyStyle>
				<color>40ffffff</color>
			</PolyStyle>
			<BalloonStyle>
				<gx:displayMode>card</gx:displayMode>
			</BalloonStyle>
		</Style>
	</gx:CascadingStyle>
	<gx:CascadingStyle kml:id="__managed_style_3CD3AF55EB40DE0E8CDC_highlight">
		<Style>
			<IconStyle>
				<scale>1.2</scale>
				<Icon>
					<href>https://earth.google.com/earth/document/icon?color=303f9f&amp;id=2130&amp;scale=4</href>
				</Icon>
				<hotSpot x="64" y="128" xunits="pixels" yunits="insetPixels"/>
			</IconStyle>
			<LabelStyle>
				<scale>0</scale>
			</LabelStyle>
			<LineStyle>
				<color>ff2dc0fb</color>
				<width>4.8</width>
			</LineStyle>
			<PolyStyle>
				<color>40ffffff</color>
			</PolyStyle>
			<BalloonStyle>
				<gx:displayMode>card</gx:displayMode>
			</BalloonStyle>
		</Style>
	</gx:CascadingStyle>
	<StyleMap id="__managed_style_060639676540DE0E8CD6">
		<Pair>
			<key>normal</key>
			<styleUrl>#__managed_style_060639676540DE0E8CD6_normal</styleUrl>
		</Pair>
		<Pair>
			<key>highlight</key>
			<styleUrl>#__managed_style_060639676540DE0E8CD6_highlight</styleUrl>
		</Pair>
	</StyleMap>
	<StyleMap id="__managed_style_26596D72BD40DE0E8CD3">
		<Pair>
			<key>normal</key>
			<styleUrl>#__managed_style_26596D72BD40DE0E8CD3_normal</styleUrl>
		</Pair>
		<Pair>
			<key>highlight</key>
			<styleUrl>#__managed_style_26596D72BD40DE0E8CD3_highlight</styleUrl>
		</Pair>
	</StyleMap>
	<gx:CascadingStyle kml:id="__managed_style_26B7ACFB5540DE0E8CD6_highlight">
		<Style>
			<IconStyle>
				<scale>1.2</scale>
				<Icon>
					<href>https://earth.google.com/earth/document/icon?color=7b1fa2&amp;id=2156&amp;scale=4</href>
				</Icon>
				<hotSpot x="64" y="128" xunits="pixels" yunits="insetPixels"/>
			</IconStyle>
			<LabelStyle>
				<scale>0</scale>
			</LabelStyle>
			<LineStyle>
				<color>ff2dc0fb</color>
				<width>4.8</width>
			</LineStyle>
			<PolyStyle>
				<color>40ffffff</color>
			</PolyStyle>
			<BalloonStyle>
			</BalloonStyle>
		</Style>
	</gx:CascadingStyle>
	<StyleMap id="__managed_style_1B69A1D70540DE0E8CD3">
		<Pair>
			<key>normal</key>
			<styleUrl>#__managed_style_1B69A1D70540DE0E8CD3_normal</styleUrl>
		</Pair>
		<Pair>
			<key>highlight</key>
			<styleUrl>#__managed_style_1B69A1D70540DE0E8CD3_highlight</styleUrl>
		</Pair>
	</StyleMap>
	<StyleMap id="__managed_style_38E5500E4640DE0E8CD4">
		<Pair>
			<key>normal</key>
			<styleUrl>#__managed_style_38E5500E4640DE0E8CD4_normal</styleUrl>
		</Pair>
		<Pair>
			<key>highlight</key>
			<styleUrl>#__managed_style_38E5500E4640DE0E8CD4_highlight</styleUrl>
		</Pair>
	</StyleMap>
	<gx:CascadingStyle kml:id="__managed_style_089F69BFAE40DE0E8CDC_normal">
		<Style>
			<IconStyle>
				<Icon>
					<href>https://earth.google.com/earth/document/icon?color=7b1fa2&amp;id=2006&amp;scale=4</href>
				</Icon>
				<hotSpot x="64" y="128" xunits="pixels" yunits="insetPixels"/>
			</IconStyle>
			<LabelStyle>
				<scale>0</scale>
			</LabelStyle>
			<LineStyle>
				<color>ff2dc0fb</color>
				<width>3.2</width>
			</LineStyle>
			<PolyStyle>
				<color>40ffffff</color>
			</PolyStyle>
			<BalloonStyle>
			</BalloonStyle>
		</Style>
	</gx:CascadingStyle>
	<gx:CascadingStyle kml:id="__managed_style_10C2AAF9D240DE0E8CDF_highlight">
		<Style>
			<IconStyle>
				<scale>1.2</scale>
				<Icon>
					<href>https://earth.google.com/earth/document/icon?color=1976d2&amp;id=2000&amp;scale=4</href>
				</Icon>
				<hotSpot x="64" y="128" xunits="pixels" yunits="insetPixels"/>
			</IconStyle>
			<LabelStyle>
				<scale>0</scale>
			</LabelStyle>
			<LineStyle>
				<color>ff9f3f30</color>
				<width>4.8</width>
			</LineStyle>
			<PolyStyle>
				<color>40ffffff</color>
			</PolyStyle>
			<BalloonStyle>
			</BalloonStyle>
		</Style>
	</gx:CascadingStyle>
	<gx:CascadingStyle kml:id="__managed_style_08841FB19840DE0E8CDB_highlight">
		<Style>
			<IconStyle>
				<scale>1.2</scale>
				<Icon>
					<href>https://earth.google.com/earth/document/icon?color=7b1fa2&amp;id=2016&amp;scale=4</href>
				</Icon>
				<hotSpot x="64" y="128" xunits="pixels" yunits="insetPixels"/>
			</IconStyle>
			<LabelStyle>
				<scale>0</scale>
			</LabelStyle>
			<LineStyle>
				<color>ff2dc0fb</color>
				<width>4.8</width>
			</LineStyle>
			<PolyStyle>
				<color>40ffffff</color>
			</PolyStyle>
			<BalloonStyle>
				<gx:displayMode>card</gx:displayMode>
			</BalloonStyle>
		</Style>
	</gx:CascadingStyle>
	<gx:CascadingStyle kml:id="__managed_style_166B6ABDD140DE0E8CD8_normal">
		<Style>
			<IconStyle>
				<Icon>
					<href>https://earth.google.com/earth/document/icon?color=303f9f&amp;id=2034&amp;scale=4</href>
				</Icon>
				<hotSpot x="64" y="128" xunits="pixels" yunits="insetPixels"/>
			</IconStyle>
			<LabelStyle>
				<scale>0</scale>
			</LabelStyle>
			<LineStyle>
				<color>ff2dc0fb</color>
				<width>3.2</width>
			</LineStyle>
			<PolyStyle>
				<color>40ffffff</color>
			</PolyStyle>
			<BalloonStyle>
				<gx:displayMode>card</gx:displayMode>
			</BalloonStyle>
		</Style>
	</gx:CascadingStyle>
	<gx:CascadingStyle kml:id="__managed_style_15548F284F40DE0E8CE0_normal">
		<Style>
			<IconStyle>
				<Icon>
					<href>https://earth.google.com/earth/document/icon?color=1976d2&amp;id=2000&amp;scale=4</href>
				</Icon>
				<hotSpot x="64" y="128" xunits="pixels" yunits="insetPixels"/>
			</IconStyle>
			<LabelStyle>
				<scale>0</scale>
			</LabelStyle>
			<LineStyle>
				<color>ffa21f7b</color>
				<width>3.2</width>
			</LineStyle>
			<PolyStyle>
				<color>40a21f7b</color>
			</PolyStyle>
			<BalloonStyle>
			</BalloonStyle>
		</Style>
	</gx:CascadingStyle>
	<StyleMap id="__managed_style_08841FB19840DE0E8CDB">
		<Pair>
			<key>normal</key>
			<styleUrl>#__managed_style_08841FB19840DE0E8CDB_normal</styleUrl>
		</Pair>
		<Pair>
			<key>highlight</key>
			<styleUrl>#__managed_style_08841FB19840DE0E8CDB_highlight</styleUrl>
		</Pair>
	</StyleMap>
	<gx:CascadingStyle kml:id="__managed_style_079576BE0C40DE0E8CD0_highlight">
		<Style>
			<IconStyle>
				<scale>1.2</scale>
				<Icon>
					<href>https://earth.google.com/earth/document/icon?color=f57c00&amp;id=2056&amp;scale=4</href>
				</Icon>
				<hotSpot x="64" y="128" xunits="pixels" yunits="insetPixels"/>
			</IconStyle>
			<LabelStyle>
				<scale>0</scale>
			</LabelStyle>
			<LineStyle>
				<color>ff2dc0fb</color>
				<width>4.8</width>
			</LineStyle>
			<PolyStyle>
				<color>40ffffff</color>
			</PolyStyle>
			<BalloonStyle>
				<gx:displayMode>card</gx:displayMode>
			</BalloonStyle>
		</Style>
	</gx:CascadingStyle>
	<StyleMap id="__managed_style_089F69BFAE40DE0E8CDC">
		<Pair>
			<key>normal</key>
			<styleUrl>#__managed_style_089F69BFAE40DE0E8CDC_normal</styleUrl>
		</Pair>
		<Pair>
			<key>highlight</key>
			<styleUrl>#__managed_style_089F69BFAE40DE0E8CDC_highlight</styleUrl>
		</Pair>
	</StyleMap>
	<StyleMap id="__managed_style_4C5478F9F240DE0E8CD8">
		<Pair>
			<key>normal</key>
			<styleUrl>#__managed_style_4C5478F9F240DE0E8CD8_normal</styleUrl>
		</Pair>
		<Pair>
			<key>highlight</key>
			<styleUrl>#__managed_style_4C5478F9F240DE0E8CD8_highlight</styleUrl>
		</Pair>
	</StyleMap>
	<gx:CascadingStyle kml:id="__managed_style_155D79E4F940DE0E8CDE_highlight">
		<Style>
			<IconStyle>
				<scale>1.2</scale>
				<Icon>
					<href>https://earth.google.com/earth/document/icon?color=303f9f&amp;id=2339&amp;scale=4</href>
				</Icon>
				<hotSpot x="64" y="128" xunits="pixels" yunits="insetPixels"/>
			</IconStyle>
			<LabelStyle>
				<scale>0</scale>
			</LabelStyle>
			<LineStyle>
				<color>ff2dc0fb</color>
				<width>4.8</width>
			</LineStyle>
			<PolyStyle>
				<color>40ffffff</color>
			</PolyStyle>
			<BalloonStyle>
			</BalloonStyle>
		</Style>
	</gx:CascadingStyle>
	<gx:CascadingStyle kml:id="__managed_style_2E52B486DC40DE0E8CDC_normal">
		<Style>
			<IconStyle>
				<Icon>
					<href>https://earth.google.com/earth/document/icon?color=7b1fa2&amp;id=2050&amp;scale=4</href>
				</Icon>
				<hotSpot x="64" y="128" xunits="pixels" yunits="insetPixels"/>
			</IconStyle>
			<LabelStyle>
				<scale>0</scale>
			</LabelStyle>
			<LineStyle>
				<color>ff2dc0fb</color>
				<width>3.2</width>
			</LineStyle>
			<PolyStyle>
				<color>40ffffff</color>
			</PolyStyle>
			<BalloonStyle>
				<gx:displayMode>card</gx:displayMode>
			</BalloonStyle>
		</Style>
	</gx:CascadingStyle>
	<StyleMap id="__managed_style_2E52B486DC40DE0E8CDC">
		<Pair>
			<key>normal</key>
			<styleUrl>#__managed_style_2E52B486DC40DE0E8CDC_normal</styleUrl>
		</Pair>
		<Pair>
			<key>highlight</key>
			<styleUrl>#__managed_style_2E52B486DC40DE0E8CDC_highlight</styleUrl>
		</Pair>
	</StyleMap>
	<StyleMap id="__managed_style_040AB8F62740DE0E8CD1">
		<Pair>
			<key>normal</key>
			<styleUrl>#__managed_style_040AB8F62740DE0E8CD1_normal</styleUrl>
		</Pair>
		<Pair>
			<key>highlight</key>
			<styleUrl>#__managed_style_040AB8F62740DE0E8CD1_highlight</styleUrl>
		</Pair>
	</StyleMap>
	<gx:CascadingStyle kml:id="__managed_style_2B0749E93D40DE0E8CD4_highlight">
		<Style>
			<IconStyle>
				<scale>1.2</scale>
				<Icon>
					<href>https://earth.google.com/earth/document/icon?color=1976d2&amp;id=2000&amp;scale=4</href>
				</Icon>
				<hotSpot x="64" y="128" xunits="pixels" yunits="insetPixels"/>
			</IconStyle>
			<LabelStyle>
				<scale>0</scale>
			</LabelStyle>
			<LineStyle>
				<color>ff2dc0fb</color>
				<width>4.8</width>
			</LineStyle>
			<PolyStyle>
				<color>40ffffff</color>
			</PolyStyle>
			<BalloonStyle>
			</BalloonStyle>
		</Style>
	</gx:CascadingStyle>
	<Folder id="037C3E4F4A386FCB0030">
		<name>ליסבון</name>
		<styleUrl>#__managed_style_2B0749E93D40DE0E8CD4</styleUrl>
		<Folder id="07CB9709EF386FCB9EB0">
			<name>אטרקציות כללי</name>
			<styleUrl>#__managed_style_2B0749E93D40DE0E8CD4</styleUrl>
			<Placemark id="0831E9243E386FBB2390">
				<name> נק תצפית</name>
				<LookAt>
					<longitude>-9.133959781845629</longitude>
					<latitude>38.71379265332468</latitude>
					<altitude>99.61229589589597</altitude>
					<heading>0</heading>
					<tilt>0</tilt>
					<gx:fovy>35</gx:fovy>
					<range>173.2809014182931</range>
					<altitudeMode>absolute</altitudeMode>
				</LookAt>
				<styleUrl>#__managed_style_26B7ACFB5540DE0E8CD6</styleUrl>
				<Point>
					<coordinates>-9.134125706845669,38.71364322527581,91.58629736728905</coordinates>
				</Point>
			</Placemark>
			<Placemark id="01651E266E2DD17D2015">
				<name>Rua Augusta - הרחוב המרכזי</name>
				<LookAt>
					<longitude>-9.135991051385231</longitude>
					<latitude>38.71120089266273</latitude>
					<altitude>39.42090655582856</altitude>
					<heading>345.6650692827662</heading>
					<tilt>0</tilt>
					<gx:fovy>35</gx:fovy>
					<range>1341.78052342264</range>
					<altitudeMode>absolute</altitudeMode>
				</LookAt>
				<styleUrl>#__managed_style_4C5478F9F240DE0E8CD8</styleUrl>
				<LineString>
					<coordinates>
						-9.1368113460305,38.70843387246697,0 -9.138611562852383,38.71303999978323,0 
					</coordinates>
				</LineString>
			</Placemark>
			<Placemark id="026EEAC6542DD1886A1F">
				<name>Rua Augusta - הרחוב המרכזי</name>
				<LookAt>
					<longitude>-9.136724379611683</longitude>
					<latitude>38.71143670927425</latitude>
					<altitude>29.16050985123128</altitude>
					<heading>337.8960018490447</heading>
					<tilt>0</tilt>
					<gx:fovy>35</gx:fovy>
					<range>1783.292282414041</range>
					<altitudeMode>absolute</altitudeMode>
				</LookAt>
				<styleUrl>#__managed_style_15548F284F40DE0E8CE0</styleUrl>
				<Polygon>
					<outerBoundaryIs>
						<LinearRing>
							<coordinates>
								-9.136529961330041,38.71354068034181,0 -9.13986762113057,38.71280943672722,0 -9.139673605281283,38.71100782658692,0 -9.138825370709421,38.70797048276541,0 -9.134653794007809,38.70882263830232,0 -9.136529961330041,38.71354068034181,0 
							</coordinates>
						</LinearRing>
					</outerBoundaryIs>
				</Polygon>
			</Placemark>
			<Placemark id="011EE8FE182DD1903F3E">
				<name>טיילת</name>
				<snippet></snippet>
				<LookAt>
					<longitude>-9.127077395962969</longitude>
					<latitude>38.71046901849959</latitude>
					<altitude>2.910335156694277</altitude>
					<heading>314.652493194516</heading>
					<tilt>0</tilt>
					<gx:fovy>35</gx:fovy>
					<range>500.0784467752237</range>
					<altitudeMode>absolute</altitudeMode>
				</LookAt>
				<styleUrl>#__managed_style_089F69BFAE40DE0E8CDC</styleUrl>
				<Point>
					<coordinates>-9.127391824999457,38.7100867449281,2.911031045721674</coordinates>
				</Point>
			</Placemark>
			<Placemark id="034A356D212DD191D647">
				<name>טיילת</name>
				<LookAt>
					<longitude>-9.125322500288892</longitude>
					<latitude>38.71335362237058</latitude>
					<altitude>21.84609861854137</altitude>
					<heading>324.457828388872</heading>
					<tilt>0</tilt>
					<gx:fovy>35</gx:fovy>
					<range>2108.450082149066</range>
					<altitudeMode>absolute</altitudeMode>
				</LookAt>
				<styleUrl>#__managed_style_4C5478F9F240DE0E8CD8</styleUrl>
				<LineString>
					<coordinates>
						-9.132561512856444,38.70753792892538,0 -9.128874362653058,38.70917138481394,0 -9.125694911507624,38.71118544865006,0 -9.124017059946956,38.7121535730792,0 -9.121173647305925,38.71457781043709,0 
					</coordinates>
				</LineString>
			</Placemark>
			<Placemark id="0B229E85082DD195E094">
				<name>Avenida Ribeira das Naus - טיילת</name>
				<LookAt>
					<longitude>-9.13929051573241</longitude>
					<latitude>38.7063985708681</latitude>
					<altitude>4.898268439296604</altitude>
					<heading>340.5712686052187</heading>
					<tilt>0</tilt>
					<gx:fovy>35</gx:fovy>
					<range>1055.560905191232</range>
					<altitudeMode>absolute</altitudeMode>
				</LookAt>
				<styleUrl>#__managed_style_4C5478F9F240DE0E8CD8</styleUrl>
				<LineString>
					<coordinates>
						-9.144537527664532,38.70510064577889,0 -9.143866108024456,38.70522160840614,0 -9.14376530449635,38.70499383011352,0 -9.143118064669457,38.70518292663424,0 -9.141854994236043,38.70546703006733,0 -9.141490380714227,38.70554086211283,0 -9.140912441936173,38.70566749842911,0 -9.138497324449805,38.70623177512155,0 -9.138441123144634,38.70631838383702,0 -9.135325366933749,38.7070576302968,0 
					</coordinates>
				</LineString>
			</Placemark>
			<Placemark id="06F938F9582E0E87BF6F">
				<name>R. da Bica de Duarte Belo - רחוב צילומי מפורסם</name>
				<LookAt>
					<longitude>-9.146135930983554</longitude>
					<latitude>38.71012994074204</latitude>
					<altitude>52.12185359376526</altitude>
					<heading>7.515912354697515</heading>
					<tilt>0</tilt>
					<gx:fovy>35</gx:fovy>
					<range>483.5066486537835</range>
					<altitudeMode>absolute</altitudeMode>
				</LookAt>
				<styleUrl>#__managed_style_089F69BFAE40DE0E8CDC</styleUrl>
				<Point>
					<coordinates>-9.146020070741095,38.71023061570404,40.03875257759149</coordinates>
				</Point>
			</Placemark>
			<Placemark id="0046E1D1C23216047E42">
				<name>Rua Candido dos Reis - מדרחוב חביב</name>
				<LookAt>
					<longitude>-9.148561996501105</longitude>
					<latitude>38.68626783137645</latitude>
					<altitude>16.94991515737213</altitude>
					<heading>0</heading>
					<tilt>0</tilt>
					<gx:fovy>61.10704227176023</gx:fovy>
					<range>243.1934644631111</range>
					<altitudeMode>absolute</altitudeMode>
				</LookAt>
				<styleUrl>#__managed_style_4C5478F9F240DE0E8CD8</styleUrl>
				<LineString>
					<coordinates>
						-9.148025147165448,38.68714010618699,0 -9.148698216459318,38.686730071369,0 -9.149119462300996,38.68638102682463,0 -9.149440441147888,38.68591038884,0 -9.149689452436437,38.6856786954814,0 
					</coordinates>
				</LineString>
			</Placemark>
			<Placemark id="0BDF4B3AAF3216054E7E">
				<name>Cacilhas Ferry</name>
				<LookAt>
					<longitude>-9.14764734865792</longitude>
					<latitude>38.68806900554374</latitude>
					<altitude>7.403777814392452</altitude>
					<heading>357.0267959789997</heading>
					<tilt>0</tilt>
					<gx:fovy>35</gx:fovy>
					<range>239.4181580137956</range>
					<altitudeMode>absolute</altitudeMode>
				</LookAt>
				<styleUrl>#__managed_style_0DE11304F440DE0E8CD9</styleUrl>
				<Point>
					<coordinates>-9.147961443636257,38.68803292254331,3.047041020255587</coordinates>
				</Point>
			</Placemark>
			<Placemark id="08B918D43A321605DBEE">
				<name>Cais do Sodre Ferry</name>
				<LookAt>
					<longitude>-9.145503701333581</longitude>
					<latitude>38.70483870692287</latitude>
					<altitude>-0.3561983166207594</altitude>
					<heading>357.0267931914873</heading>
					<tilt>0</tilt>
					<gx:fovy>35</gx:fovy>
					<range>193.4142737565526</range>
					<altitudeMode>absolute</altitudeMode>
				</LookAt>
				<styleUrl>#__managed_style_0DE11304F440DE0E8CD9</styleUrl>
				<Point>
					<coordinates>-9.145604125581249,38.70507211096299,11.36401821953323</coordinates>
				</Point>
			</Placemark>
			<Placemark id="0E98817F6D3EC7FCE7A1">
				<gx:mid>/g/1ym82kwzq</gx:mid>
				<gx:fid>0xd1eca92a0c91947:0x184ffbe2753faccd</gx:fid>
				<LookAt>
					<longitude>-9.222925999999999</longitude>
					<latitude>38.64339239999999</latitude>
					<altitude>0</altitude>
					<heading>0</heading>
					<tilt>0</tilt>
					<gx:fovy>35</gx:fovy>
					<range>803.5493136934519</range>
					<altitudeMode>relativeToGround</altitudeMode>
				</LookAt>
				<styleUrl>#__managed_style_1842B1047040DE0E8CD0</styleUrl>
				<Point>
					<altitudeMode>relativeToGround</altitudeMode>
					<coordinates>-9.222925999999999,38.6433924,0</coordinates>
				</Point>
			</Placemark>
			<Placemark id="01D655DB303EC7FF1DB7">
				<gx:mid>/m/0gnqtl</gx:mid>
				<gx:fid>0xd1934e79edcc73d:0x640bf28fe6e9ea81</gx:fid>
				<LookAt>
					<longitude>-9.1713326</longitude>
					<latitude>38.67863190000001</latitude>
					<altitude>0</altitude>
					<heading>0</heading>
					<tilt>0</tilt>
					<gx:fovy>35</gx:fovy>
					<range>803.1160261765933</range>
					<altitudeMode>relativeToGround</altitudeMode>
				</LookAt>
				<styleUrl>#__managed_style_040AB8F62740DE0E8CD1</styleUrl>
				<Point>
					<altitudeMode>relativeToGround</altitudeMode>
					<coordinates>-9.1713326,38.6786319,0</coordinates>
				</Point>
			</Placemark>
			<Placemark id="06543F530F3EC800D4D7">
				<gx:mid>/g/11g72mrhmb</gx:mid>
				<gx:fid>0xd1934ee6f82f83f:0x4d3b15efc797bcac</gx:fid>
				<LookAt>
					<longitude>-9.1587896</longitude>
					<latitude>38.6846314</latitude>
					<altitude>0</altitude>
					<heading>0</heading>
					<tilt>0</tilt>
					<gx:fovy>35</gx:fovy>
					<range>803.0422298313099</range>
					<altitudeMode>relativeToGround</altitudeMode>
				</LookAt>
				<styleUrl>#__managed_style_09B5FBA38B40DE0E8CCF</styleUrl>
				<Point>
					<altitudeMode>relativeToGround</altitudeMode>
					<coordinates>-9.1587896,38.6846314,0</coordinates>
				</Point>
			</Placemark>
			<Placemark id="035B02D7F93EC802F818">
				<gx:mid>/g/11xt31dz_g</gx:mid>
				<gx:fid>0xd1935001aead20d:0xce2455cf6a9526f9</gx:fid>
				<LookAt>
					<longitude>-9.158853300000001</longitude>
					<latitude>38.6842755</latitude>
					<altitude>0</altitude>
					<heading>0</heading>
					<tilt>0</tilt>
					<gx:fovy>35</gx:fovy>
					<range>803.0466077883489</range>
					<altitudeMode>relativeToGround</altitudeMode>
				</LookAt>
				<styleUrl>#__managed_style_1842B1047040DE0E8CD0</styleUrl>
				<Point>
					<altitudeMode>relativeToGround</altitudeMode>
					<coordinates>-9.158853299999999,38.6842755,0</coordinates>
				</Point>
			</Placemark>
			<Placemark id="03F19757443EC80667AE">
				<gx:mid>/m/06cq8v</gx:mid>
				<gx:fid>0xd193183750e5809:0x983f2e673a62e130</gx:fid>
				<LookAt>
					<longitude>-9.093741500000002</longitude>
					<latitude>38.7635435</latitude>
					<altitude>0</altitude>
					<heading>0</heading>
					<tilt>0</tilt>
					<gx:fovy>35</gx:fovy>
					<range>802.0707813331195</range>
					<altitudeMode>relativeToGround</altitudeMode>
				</LookAt>
				<styleUrl>#__managed_style_09B5FBA38B40DE0E8CCF</styleUrl>
				<Point>
					<altitudeMode>relativeToGround</altitudeMode>
					<coordinates>-9.0937415,38.7635435,0</coordinates>
				</Point>
			</Placemark>
			<Placemark id="03632061FD3EC806C4F4">
				<gx:mid>/g/121fqp35</gx:mid>
				<gx:fid>0xd19318919abdcad:0x168901727e8b67c8</gx:fid>
				<LookAt>
					<longitude>-9.095871999999998</longitude>
					<latitude>38.7622587</latitude>
					<altitude>0</altitude>
					<heading>0</heading>
					<tilt>0</tilt>
					<gx:fovy>35</gx:fovy>
					<range>802.086609734147</range>
					<altitudeMode>relativeToGround</altitudeMode>
				</LookAt>
				<styleUrl>#__managed_style_063D7E0BBD40DE0E8CCE</styleUrl>
				<Point>
					<altitudeMode>relativeToGround</altitudeMode>
					<coordinates>-9.095872,38.7622587,0</coordinates>
				</Point>
			</Placemark>
			<Placemark id="0301930DB53ECA4B01A8">
				<gx:mid>/m/082l2p</gx:mid>
				<gx:fid>0xd193477b40ec39b:0xb4c0704199e433d7</gx:fid>
				<LookAt>
					<longitude>-9.1334762</longitude>
					<latitude>38.7139092</latitude>
					<altitude>0</altitude>
					<heading>0</heading>
					<tilt>0</tilt>
					<gx:fovy>35</gx:fovy>
					<range>802.6819778370775</range>
					<altitudeMode>relativeToGround</altitudeMode>
				</LookAt>
				<styleUrl>#__managed_style_09B5FBA38B40DE0E8CCF</styleUrl>
				<Point>
					<altitudeMode>relativeToGround</altitudeMode>
					<coordinates>-9.133476199999999,38.7139092,0</coordinates>
				</Point>
			</Placemark>
			<Placemark id="08780F8C993ECA4BDF90">
				<gx:mid>/m/0298f1</gx:mid>
				<gx:fid>0xd1edabff29c5a67:0x77271a7dcb673b58</gx:fid>
				<LookAt>
					<longitude>-9.3906089</longitude>
					<latitude>38.7875851</latitude>
					<altitude>0</altitude>
					<heading>0</heading>
					<tilt>0</tilt>
					<gx:fovy>35</gx:fovy>
					<range>801.7745227871255</range>
					<altitudeMode>relativeToGround</altitudeMode>
				</LookAt>
				<styleUrl>#__managed_style_040AB8F62740DE0E8CD1</styleUrl>
				<Point>
					<altitudeMode>relativeToGround</altitudeMode>
					<coordinates>-9.3906089,38.7875851,0</coordinates>
				</Point>
			</Placemark>
			<Placemark id="0050406F5E3ECA4C6A01">
				<gx:mid>/g/11lrtljw43</gx:mid>
				<gx:fid>0xd1edba138d2a5df:0x3f86cc78d2056d50</gx:fid>
				<LookAt>
					<longitude>-9.390844999999999</longitude>
					<latitude>38.7971145</latitude>
					<altitude>0</altitude>
					<heading>0</heading>
					<tilt>0</tilt>
					<gx:fovy>35</gx:fovy>
					<range>801.6570564280033</range>
					<altitudeMode>relativeToGround</altitudeMode>
				</LookAt>
				<styleUrl>#__managed_style_09B5FBA38B40DE0E8CCF</styleUrl>
				<Point>
					<altitudeMode>relativeToGround</altitudeMode>
					<coordinates>-9.390548623036306,38.79727843416816,0</coordinates>
				</Point>
			</Placemark>
			<Placemark id="0CE7BAEEFA3ECA4CC881">
				<gx:mid>/m/0gbc6r</gx:mid>
				<gx:fid>0xd1edac0235d438d:0x74c0a6e0c1a71680</gx:fid>
				<LookAt>
					<longitude>-9.390655399999998</longitude>
					<latitude>38.7976627</latitude>
					<altitude>0</altitude>
					<heading>0</heading>
					<tilt>0</tilt>
					<gx:fovy>35</gx:fovy>
					<range>801.6502982579208</range>
					<altitudeMode>relativeToGround</altitudeMode>
				</LookAt>
				<styleUrl>#__managed_style_063D7E0BBD40DE0E8CCE</styleUrl>
				<Point>
					<altitudeMode>relativeToGround</altitudeMode>
					<coordinates>-9.3906554,38.7976627,0</coordinates>
				</Point>
			</Placemark>
			<Placemark id="000DC3C14F3ECA50D04C">
				<gx:mid>/g/11y34lsjz2</gx:mid>
				<gx:fid>0xd1ecb00421d0c07:0xee80578598cb4be2</gx:fid>
				<LookAt>
					<longitude>-9.207435</longitude>
					<latitude>38.69824439999999</latitude>
					<altitude>0</altitude>
					<heading>0</heading>
					<tilt>0</tilt>
					<gx:fovy>35</gx:fovy>
					<range>802.8747525022762</range>
					<altitudeMode>relativeToGround</altitudeMode>
				</LookAt>
				<styleUrl>#__managed_style_063D7E0BBD40DE0E8CCE</styleUrl>
				<Point>
					<altitudeMode>relativeToGround</altitudeMode>
					<coordinates>-9.207435,38.6982444,0</coordinates>
				</Point>
			</Placemark>
			<Placemark id="0449AF381E3ECA50FC41">
				<gx:mid>/m/0509kv</gx:mid>
				<gx:fid>0xd1ecb42c3c29c4b:0x87755d348e96ebed</gx:fid>
				<LookAt>
					<longitude>-9.206703899999999</longitude>
					<latitude>38.6978909</latitude>
					<altitude>0</altitude>
					<heading>0</heading>
					<tilt>0</tilt>
					<gx:fovy>35</gx:fovy>
					<range>802.8791020818506</range>
					<altitudeMode>relativeToGround</altitudeMode>
				</LookAt>
				<styleUrl>#__managed_style_1606F1E02140DE0E8CD9</styleUrl>
				<Point>
					<altitudeMode>relativeToGround</altitudeMode>
					<coordinates>-9.207236679231089,38.6978322613249,0</coordinates>
				</Point>
			</Placemark>
			<Placemark id="07F5E148373ECA51DDF8">
				<gx:mid>/g/120kt1m0</gx:mid>
				<gx:fid>0xd19347f3734eb7f:0x37aec238f4e2dad</gx:fid>
				<LookAt>
					<longitude>-9.140831499999999</longitude>
					<latitude>38.711922</latitude>
					<altitude>0</altitude>
					<heading>0</heading>
					<tilt>0</tilt>
					<gx:fovy>35</gx:fovy>
					<range>802.7064360139861</range>
					<altitudeMode>relativeToGround</altitudeMode>
				</LookAt>
				<styleUrl>#__managed_style_09B5FBA38B40DE0E8CCF</styleUrl>
				<Point>
					<altitudeMode>relativeToGround</altitudeMode>
					<coordinates>-9.140831499999999,38.711922,0</coordinates>
				</Point>
			</Placemark>
			<Placemark id="0BA37812683ECA52AB30">
				<gx:mid>/g/11_p4_gll</gx:mid>
				<gx:fid>0xd193389ab8d3963:0x46c80fef319cf9f0</gx:fid>
				<LookAt>
					<longitude>-9.1315937</longitude>
					<latitude>38.7164509</latitude>
					<altitude>0</altitude>
					<heading>0</heading>
					<tilt>0</tilt>
					<gx:fovy>35</gx:fovy>
					<range>802.6506935837307</range>
					<altitudeMode>relativeToGround</altitudeMode>
				</LookAt>
				<styleUrl>#__managed_style_1842B1047040DE0E8CD0</styleUrl>
				<Point>
					<altitudeMode>relativeToGround</altitudeMode>
					<coordinates>-9.1315937,38.7164509,0</coordinates>
				</Point>
			</Placemark>
			<Placemark id="0CFB603EC03ECA52FE2C">
				<gx:mid>/g/11b7xnt015</gx:mid>
				<gx:fid>0xd193388e3e452e3:0x8f42d3c7b452afb3</gx:fid>
				<LookAt>
					<longitude>-9.132069399999999</longitude>
					<latitude>38.71746350000001</latitude>
					<altitude>0</altitude>
					<heading>0</heading>
					<tilt>0</tilt>
					<gx:fovy>35</gx:fovy>
					<range>802.6382296727119</range>
					<altitudeMode>relativeToGround</altitudeMode>
				</LookAt>
				<styleUrl>#__managed_style_16147CE44F40DE0E8CCF</styleUrl>
				<Point>
					<altitudeMode>relativeToGround</altitudeMode>
					<coordinates>-9.132069399999999,38.7174635,0</coordinates>
				</Point>
			</Placemark>
			<Placemark id="08455796F33ECA536B98">
				<gx:mid>/g/120zpds0</gx:mid>
				<gx:fid>0xd19338f34837d57:0x611f8deb59a26af4</gx:fid>
				<LookAt>
					<longitude>-9.1327772</longitude>
					<latitude>38.7192091</latitude>
					<altitude>0</altitude>
					<heading>0</heading>
					<tilt>0</tilt>
					<gx:fovy>35</gx:fovy>
					<range>802.6167428242582</range>
					<altitudeMode>relativeToGround</altitudeMode>
				</LookAt>
				<styleUrl>#__managed_style_1842B1047040DE0E8CD0</styleUrl>
				<Point>
					<altitudeMode>relativeToGround</altitudeMode>
					<coordinates>-9.1327772,38.7192091,0</coordinates>
				</Point>
			</Placemark>
			<Placemark id="0A05018BAB3ECA540A88">
				<gx:mid>/g/1238y1th</gx:mid>
				<gx:fid>0xd19337bfed8e03f:0x68bd099f68ac6d06</gx:fid>
				<LookAt>
					<longitude>-9.1487544</longitude>
					<latitude>38.71843920000001</latitude>
					<altitude>0</altitude>
					<heading>0</heading>
					<tilt>0</tilt>
					<gx:fovy>35</gx:fovy>
					<range>802.6262197264866</range>
					<altitudeMode>relativeToGround</altitudeMode>
				</LookAt>
				<styleUrl>#__managed_style_16147CE44F40DE0E8CCF</styleUrl>
				<Point>
					<altitudeMode>relativeToGround</altitudeMode>
					<coordinates>-9.1487544,38.7184392,0</coordinates>
				</Point>
			</Placemark>
			<Placemark id="03391799173ECA544249">
				<gx:mid>/g/12353r8b</gx:mid>
				<gx:fid>0xd193363534236ab:0x2bd79101bf03e891</gx:fid>
				<LookAt>
					<longitude>-9.159257499999999</longitude>
					<latitude>38.714765</latitude>
					<altitude>0</altitude>
					<heading>0</heading>
					<tilt>0</tilt>
					<gx:fovy>35</gx:fovy>
					<range>802.6714444822475</range>
					<altitudeMode>relativeToGround</altitudeMode>
				</LookAt>
				<styleUrl>#__managed_style_16147CE44F40DE0E8CCF</styleUrl>
				<Point>
					<altitudeMode>relativeToGround</altitudeMode>
					<coordinates>-9.159257499999999,38.714765,0</coordinates>
				</Point>
			</Placemark>
			<Placemark id="036B266B5E3ECA551A40">
				<gx:mid>/m/06w4xjy</gx:mid>
				<gx:fid>0xd1933303c3fd91f:0xc48004e78b093c48</gx:fid>
				<LookAt>
					<longitude>-9.180357399999998</longitude>
					<latitude>38.7401303</latitude>
					<altitude>0</altitude>
					<heading>0</heading>
					<tilt>0</tilt>
					<gx:fovy>35</gx:fovy>
					<range>802.3591643081597</range>
					<altitudeMode>relativeToGround</altitudeMode>
				</LookAt>
				<styleUrl>#__managed_style_09B5FBA38B40DE0E8CCF</styleUrl>
				<Point>
					<altitudeMode>relativeToGround</altitudeMode>
					<coordinates>-9.1803574,38.7401303,0</coordinates>
				</Point>
			</Placemark>
			<Placemark id="0402E776873ECA5535B6">
				<gx:mid>/g/11zj0c1fql</gx:mid>
				<gx:fid>0xd1933306ceaaaab:0xa7ee50496d9608b1</gx:fid>
				<LookAt>
					<longitude>-9.179782100000001</longitude>
					<latitude>38.73995230000001</latitude>
					<altitude>0</altitude>
					<heading>0</heading>
					<tilt>0</tilt>
					<gx:fovy>35</gx:fovy>
					<range>802.3613562549389</range>
					<altitudeMode>relativeToGround</altitudeMode>
				</LookAt>
				<styleUrl>#__managed_style_16147CE44F40DE0E8CCF</styleUrl>
				<Point>
					<altitudeMode>relativeToGround</altitudeMode>
					<coordinates>-9.179782099999999,38.7399523,0</coordinates>
				</Point>
			</Placemark>
			<Placemark id="079C54742C3ECA557680">
				<gx:mid>/m/02x6wp2</gx:mid>
				<gx:fid>0xd1edac264c6d47b:0xbfe1c516d48a6523</gx:fid>
				<LookAt>
					<longitude>-9.3960244</longitude>
					<latitude>38.79630689999999</latitude>
					<altitude>0</altitude>
					<heading>0</heading>
					<tilt>0</tilt>
					<gx:fovy>35</gx:fovy>
					<range>801.6670123326494</range>
					<altitudeMode>relativeToGround</altitudeMode>
				</LookAt>
				<styleUrl>#__managed_style_09B5FBA38B40DE0E8CCF</styleUrl>
				<Point>
					<altitudeMode>relativeToGround</altitudeMode>
					<coordinates>-9.3960244,38.7963069,0</coordinates>
				</Point>
			</Placemark>
			<Placemark id="0F8B2EBFC03ECA55F8C0">
				<gx:mid>/g/11s5jwnfbz</gx:mid>
				<gx:fid>0xd1edb4a4c686a93:0x2f77ef6bb7d11f22</gx:fid>
				<LookAt>
					<longitude>-9.395944099999999</longitude>
					<latitude>38.7953868</latitude>
					<altitude>0</altitude>
					<heading>0</heading>
					<tilt>0</tilt>
					<gx:fovy>35</gx:fovy>
					<range>801.6783549224361</range>
					<altitudeMode>relativeToGround</altitudeMode>
				</LookAt>
				<styleUrl>#__managed_style_09B5FBA38B40DE0E8CCF</styleUrl>
				<Point>
					<altitudeMode>relativeToGround</altitudeMode>
					<coordinates>-9.395944099999999,38.7953868,0</coordinates>
				</Point>
			</Placemark>
			<Placemark id="026493B33A3ECA5679F3">
				<gx:mid>/m/0grhhn</gx:mid>
				<gx:fid>0xd1edb224d1e1573:0x360982d2f826a336</gx:fid>
				<LookAt>
					<longitude>-9.420635699999998</longitude>
					<latitude>38.7942297</latitude>
					<altitude>0</altitude>
					<heading>0</heading>
					<tilt>0</tilt>
					<gx:fovy>35</gx:fovy>
					<range>801.6926188591748</range>
					<altitudeMode>relativeToGround</altitudeMode>
				</LookAt>
				<styleUrl>#__managed_style_09B5FBA38B40DE0E8CCF</styleUrl>
				<Point>
					<altitudeMode>relativeToGround</altitudeMode>
					<coordinates>-9.4206357,38.7942297,0</coordinates>
				</Point>
			</Placemark>
			<Placemark id="01DD0B2B283ECA56C720">
				<gx:mid>/g/113jxtkrt</gx:mid>
				<gx:fid>0xd1edac146d2f9bb:0x29ae0ed1cf433729</gx:fid>
				<LookAt>
					<longitude>-9.399132999999999</longitude>
					<latitude>38.785101</latitude>
					<altitude>0</altitude>
					<heading>0</heading>
					<tilt>0</tilt>
					<gx:fovy>35</gx:fovy>
					<range>801.8051400798195</range>
					<altitudeMode>relativeToGround</altitudeMode>
				</LookAt>
				<styleUrl>#__managed_style_09B5FBA38B40DE0E8CCF</styleUrl>
				<Point>
					<altitudeMode>relativeToGround</altitudeMode>
					<coordinates>-9.399132999999999,38.785101,0</coordinates>
				</Point>
			</Placemark>
			<Placemark id="0BAD56A69C3ECA5711A0">
				<gx:mid>/g/11smmhybl4</gx:mid>
				<gx:fid>0xd1edbaff3873745:0x5a71767a7eec60e6</gx:fid>
				<LookAt>
					<longitude>-9.394277300000001</longitude>
					<latitude>38.793834</latitude>
					<altitude>0</altitude>
					<heading>0</heading>
					<tilt>0</tilt>
					<gx:fovy>35</gx:fovy>
					<range>801.6974967049881</range>
					<altitudeMode>relativeToGround</altitudeMode>
				</LookAt>
				<styleUrl>#__managed_style_09B5FBA38B40DE0E8CCF</styleUrl>
				<Point>
					<altitudeMode>relativeToGround</altitudeMode>
					<coordinates>-9.394277299999999,38.793834,0</coordinates>
				</Point>
			</Placemark>
			<Placemark id="0C02CC76023ECA575430">
				<gx:mid>/m/05rxz8</gx:mid>
				<gx:fid>0xd1edac752cb070d:0x24f7fbfe228323e0</gx:fid>
				<LookAt>
					<longitude>-9.389337599999999</longitude>
					<latitude>38.79255599999999</latitude>
					<altitude>0</altitude>
					<heading>0</heading>
					<tilt>0</tilt>
					<gx:fovy>35</gx:fovy>
					<range>801.7132505247984</range>
					<altitudeMode>relativeToGround</altitudeMode>
				</LookAt>
				<styleUrl>#__managed_style_09B5FBA38B40DE0E8CCF</styleUrl>
				<Point>
					<altitudeMode>relativeToGround</altitudeMode>
					<coordinates>-9.389337599999999,38.792556,0</coordinates>
				</Point>
			</Placemark>
			<Placemark id="0F0E9CD7AD3ECA5A3CD0">
				<gx:mid>/m/05rcgf</gx:mid>
				<gx:fid>0xd19318ddd417947:0x57a4360707cf1cdb</gx:fid>
				<LookAt>
					<longitude>-9.091452400000001</longitude>
					<latitude>38.77494069999999</latitude>
					<altitude>0</altitude>
					<heading>0</heading>
					<tilt>0</tilt>
					<gx:fovy>35</gx:fovy>
					<range>801.9303536355777</range>
					<altitudeMode>relativeToGround</altitudeMode>
				</LookAt>
				<styleUrl>#__managed_style_480131FD5D40DE0E8CDC</styleUrl>
				<Point>
					<altitudeMode>relativeToGround</altitudeMode>
					<coordinates>-9.0914524,38.77494069999999,0</coordinates>
				</Point>
			</Placemark>
			<Placemark id="0862EC0B703ECA5ABFA0">
				<name>Rua Augusta - שדרה מרכזית</name>
				<LookAt>
					<longitude>-9.137672199999999</longitude>
					<latitude>38.7106557</latitude>
					<altitude>0</altitude>
					<heading>0</heading>
					<tilt>0</tilt>
					<gx:fovy>35</gx:fovy>
					<range>802.7220209656093</range>
					<altitudeMode>relativeToGround</altitudeMode>
				</LookAt>
				<styleUrl>#__managed_style_5073EF457A40DE0E8CD4</styleUrl>
				<Point>
					<altitudeMode>relativeToGround</altitudeMode>
					<coordinates>-9.137672199999999,38.7106557,0</coordinates>
				</Point>
			</Placemark>
			<Placemark id="0C34507CF83ECA5BAD30">
				<gx:mid>/m/0fqm77x</gx:mid>
				<gx:fid>0xd193479870cf7e5:0xc4e62457fc6249b0</gx:fid>
				<LookAt>
					<longitude>-9.136824300000001</longitude>
					<latitude>38.7084447</latitude>
					<altitude>0</altitude>
					<heading>0</heading>
					<tilt>0</tilt>
					<gx:fovy>35</gx:fovy>
					<range>802.7492318716207</range>
					<altitudeMode>relativeToGround</altitudeMode>
				</LookAt>
				<styleUrl>#__managed_style_1B69A1D70540DE0E8CD3</styleUrl>
				<Point>
					<altitudeMode>relativeToGround</altitudeMode>
					<coordinates>-9.136824299999999,38.7084447,0</coordinates>
				</Point>
			</Placemark>
			<Placemark id="07FFB87A203ECA5C2953">
				<gx:mid>/m/0g3l3s</gx:mid>
				<gx:fid>0xd19347a30a54b63:0x30532f5f6b28e044</gx:fid>
				<LookAt>
					<longitude>-9.136361300000001</longitude>
					<latitude>38.70728280000001</latitude>
					<altitude>0</altitude>
					<heading>0</heading>
					<tilt>0</tilt>
					<gx:fovy>35</gx:fovy>
					<range>802.7635309766608</range>
					<altitudeMode>relativeToGround</altitudeMode>
				</LookAt>
				<styleUrl>#__managed_style_09B5FBA38B40DE0E8CCF</styleUrl>
				<Point>
					<altitudeMode>relativeToGround</altitudeMode>
					<coordinates>-9.136469878233202,38.70753204832271,0</coordinates>
				</Point>
			</Placemark>
			<Placemark id="04CCC8A4533ECA5CE868">
				<name>Avenida Ribeira das Naus - טיילת</name>
				<LookAt>
					<longitude>-9.1403231</longitude>
					<latitude>38.7058732</latitude>
					<altitude>0</altitude>
					<heading>0</heading>
					<tilt>0</tilt>
					<gx:fovy>35</gx:fovy>
					<range>802.7808780096109</range>
					<altitudeMode>relativeToGround</altitudeMode>
				</LookAt>
				<styleUrl>#__managed_style_5073EF457A40DE0E8CD4</styleUrl>
				<Point>
					<altitudeMode>relativeToGround</altitudeMode>
					<coordinates>-9.140423885225626,38.70575822852251,0</coordinates>
				</Point>
			</Placemark>
			<Placemark id="0CB45987E23ECA5ECDC8">
				<gx:mid>/g/12z65blkt</gx:mid>
				<gx:fid>0xd19347a43adcb77:0x99fd4fbe812cd646</gx:fid>
				<LookAt>
					<longitude>-9.136118600000001</longitude>
					<latitude>38.7066677</latitude>
					<altitude>0</altitude>
					<heading>0</heading>
					<tilt>0</tilt>
					<gx:fovy>35</gx:fovy>
					<range>802.7711006715348</range>
					<altitudeMode>relativeToGround</altitudeMode>
				</LookAt>
				<styleUrl>#__managed_style_1842B1047040DE0E8CD0</styleUrl>
				<Point>
					<altitudeMode>relativeToGround</altitudeMode>
					<coordinates>-9.1361186,38.7066677,0</coordinates>
				</Point>
			</Placemark>
			<Placemark id="0974892B413ECA6F7A60">
				<gx:mid>/g/11b6r_k56p</gx:mid>
				<gx:fid>0xd193475d9328547:0x97ffd02714f88766</gx:fid>
				<LookAt>
					<longitude>-9.136315</longitude>
					<latitude>38.7160271</latitude>
					<altitude>0</altitude>
					<heading>0</heading>
					<tilt>0</tilt>
					<gx:fovy>35</gx:fovy>
					<range>802.6559099892188</range>
					<altitudeMode>relativeToGround</altitudeMode>
				</LookAt>
				<styleUrl>#__managed_style_09B5FBA38B40DE0E8CCF</styleUrl>
				<Point>
					<altitudeMode>relativeToGround</altitudeMode>
					<coordinates>-9.136315,38.7160271,0</coordinates>
				</Point>
			</Placemark>
			<Placemark id="025D84D3563ECA700358">
				<gx:mid>/g/11cjhj0td1</gx:mid>
				<gx:fid>0xd1933877c8d1371:0x8fabf5bc2d89955c</gx:fid>
				<LookAt>
					<longitude>-9.137866700000002</longitude>
					<latitude>38.71374640000001</latitude>
					<altitude>0</altitude>
					<heading>0</heading>
					<tilt>0</tilt>
					<gx:fovy>35</gx:fovy>
					<range>802.6839815917999</range>
					<altitudeMode>relativeToGround</altitudeMode>
				</LookAt>
				<styleUrl>#__managed_style_09B5FBA38B40DE0E8CCF</styleUrl>
				<Point>
					<altitudeMode>relativeToGround</altitudeMode>
					<coordinates>-9.1378667,38.7137464,0</coordinates>
				</Point>
			</Placemark>
			<Placemark id="0F3CAFD9123ECA704E6C">
				<gx:mid>/m/0jwry97</gx:mid>
				<gx:fid>0xd1933875bacdc99:0xc4a171783faa2e98</gx:fid>
				<LookAt>
					<longitude>-9.1393681</longitude>
					<latitude>38.7138036</latitude>
					<altitude>0</altitude>
					<heading>0</heading>
					<tilt>0</tilt>
					<gx:fovy>35</gx:fovy>
					<range>802.6832775705886</range>
					<altitudeMode>relativeToGround</altitudeMode>
				</LookAt>
				<styleUrl>#__managed_style_09B5FBA38B40DE0E8CCF</styleUrl>
				<Point>
					<altitudeMode>relativeToGround</altitudeMode>
					<coordinates>-9.1393513,38.7138077,0</coordinates>
				</Point>
			</Placemark>
			<Placemark id="01B1AC3F5A3ECA70AFF8">
				<gx:mid>/m/062tl5</gx:mid>
				<gx:fid>0xd193478b78a8d2f:0xe1147c62e070697c</gx:fid>
				<LookAt>
					<longitude>-9.1394375</longitude>
					<latitude>38.71210229999999</latitude>
					<altitude>0</altitude>
					<heading>0</heading>
					<tilt>0</tilt>
					<gx:fovy>35</gx:fovy>
					<range>802.7042169457931</range>
					<altitudeMode>relativeToGround</altitudeMode>
				</LookAt>
				<styleUrl>#__managed_style_09B5FBA38B40DE0E8CCF</styleUrl>
				<Point>
					<altitudeMode>relativeToGround</altitudeMode>
					<coordinates>-9.139429699999999,38.7121301,0</coordinates>
				</Point>
			</Placemark>
			<Placemark id="0097E671EE3ECA7112D0">
				<gx:mid>/m/02w3jhp</gx:mid>
				<gx:fid>0xd193380df7aca9f:0x213be273dddd64f</gx:fid>
				<LookAt>
					<longitude>-9.141238699999997</longitude>
					<latitude>38.7157819</latitude>
					<altitude>0</altitude>
					<heading>0</heading>
					<tilt>0</tilt>
					<gx:fovy>35</gx:fovy>
					<range>802.6589280504733</range>
					<altitudeMode>relativeToGround</altitudeMode>
				</LookAt>
				<styleUrl>#__managed_style_09B5FBA38B40DE0E8CCF</styleUrl>
				<Point>
					<altitudeMode>relativeToGround</altitudeMode>
					<coordinates>-9.141628622077974,38.7156811559671,0</coordinates>
				</Point>
			</Placemark>
			<Placemark id="0E4048A2AA3ECA7161B7">
				<gx:mid>/g/1tkkw45b</gx:mid>
				<gx:fid>0xd1933812a5dc399:0x68472d15a1f4739d</gx:fid>
				<LookAt>
					<longitude>-9.1404563</longitude>
					<latitude>38.716216</latitude>
					<altitude>0</altitude>
					<heading>0</heading>
					<tilt>0</tilt>
					<gx:fovy>35</gx:fovy>
					<range>802.65358489068</range>
					<altitudeMode>relativeToGround</altitudeMode>
				</LookAt>
				<styleUrl>#__managed_style_09B5FBA38B40DE0E8CCF</styleUrl>
				<Point>
					<altitudeMode>relativeToGround</altitudeMode>
					<coordinates>-9.1404563,38.716216,0</coordinates>
				</Point>
			</Placemark>
			<Placemark id="02B9DD40AA3ECA71A7FC">
				<name>Rua das Portas de Santo Antão</name>
				<LookAt>
					<longitude>-9.139518579298272</longitude>
					<latitude>38.71565498546871</latitude>
					<altitude>18.91440212532211</altitude>
					<heading>355.1479169055239</heading>
					<tilt>0</tilt>
					<gx:fovy>35</gx:fovy>
					<range>287.065090700853</range>
					<altitudeMode>absolute</altitudeMode>
				</LookAt>
				<styleUrl>#__managed_style_246825998340DE0E8CD0</styleUrl>
				<LineString>
					<coordinates>
						-9.141093823166948,38.71684903198339,0 -9.140174174507523,38.71585416265788,0 -9.139736227350683,38.7154171612431,0 -9.139472637037887,38.71503090671201,0 
					</coordinates>
				</LineString>
			</Placemark>
			<Placemark id="0C6A419BBA3ECA71E863">
				<gx:mid>/g/11f3vk7hmk</gx:mid>
				<gx:fid>0xd1933873945f67b:0x98a8bc5b83d4bed6</gx:fid>
				<LookAt>
					<longitude>-9.1391635</longitude>
					<latitude>38.7149414</latitude>
					<altitude>0</altitude>
					<heading>0</heading>
					<tilt>0</tilt>
					<gx:fovy>35</gx:fovy>
					<range>802.6692732946797</range>
					<altitudeMode>relativeToGround</altitudeMode>
				</LookAt>
				<styleUrl>#__managed_style_09B5FBA38B40DE0E8CCF</styleUrl>
				<Point>
					<altitudeMode>relativeToGround</altitudeMode>
					<coordinates>-9.1391635,38.7149414,0</coordinates>
				</Point>
			</Placemark>
			<Placemark id="0CBBB2D4813ECA723889">
				<gx:mid>/g/1224hf85</gx:mid>
				<gx:fid>0xd19338037000861:0x1beb7972336de3a1</gx:fid>
				<LookAt>
					<longitude>-9.1441702</longitude>
					<latitude>38.7153042</latitude>
					<altitude>0</altitude>
					<heading>0</heading>
					<tilt>0</tilt>
					<gx:fovy>35</gx:fovy>
					<range>802.6648078130881</range>
					<altitudeMode>relativeToGround</altitudeMode>
				</LookAt>
				<styleUrl>#__managed_style_09B5FBA38B40DE0E8CCF</styleUrl>
				<Point>
					<altitudeMode>relativeToGround</altitudeMode>
					<coordinates>-9.144201237460228,38.71526373886488,0</coordinates>
				</Point>
			</Placemark>
			<Placemark id="03230895B23ECA72F5B0">
				<gx:mid>/m/04g1pyq</gx:mid>
				<gx:fid>0xd1933714bb401f5:0xa9b00861ee1aa2c2</gx:fid>
				<LookAt>
					<longitude>-9.152682799999999</longitude>
					<latitude>38.7283001</latitude>
					<altitude>0</altitude>
					<heading>0</heading>
					<tilt>0</tilt>
					<gx:fovy>35</gx:fovy>
					<range>802.5048286491825</range>
					<altitudeMode>relativeToGround</altitudeMode>
				</LookAt>
				<styleUrl>#__managed_style_16147CE44F40DE0E8CCF</styleUrl>
				<Point>
					<altitudeMode>relativeToGround</altitudeMode>
					<coordinates>-9.152682799999999,38.7283001,0</coordinates>
				</Point>
			</Placemark>
			<Placemark id="0C54CEE22D3ECA732B34">
				<gx:mid>/g/119vlzczk</gx:mid>
				<gx:fid>0xd193377223c84a9:0x3bba35625fa2ed11</gx:fid>
				<LookAt>
					<longitude>-9.150029199999999</longitude>
					<latitude>38.7252549</latitude>
					<altitude>0</altitude>
					<heading>0</heading>
					<tilt>0</tilt>
					<gx:fovy>35</gx:fovy>
					<range>802.5423185779973</range>
					<altitudeMode>relativeToGround</altitudeMode>
				</LookAt>
				<styleUrl>#__managed_style_1B69A1D70540DE0E8CD3</styleUrl>
				<Point>
					<altitudeMode>relativeToGround</altitudeMode>
					<coordinates>-9.150029199999999,38.7252549,0</coordinates>
				</Point>
			</Placemark>
			<Placemark id="0AEC4F59223ECA73AFA0">
				<gx:mid>/g/1tddtg9x</gx:mid>
				<gx:fid>0xd193372562d7779:0xee8c93d4a955f335</gx:fid>
				<LookAt>
					<longitude>-9.154429799999999</longitude>
					<latitude>38.73029940000001</latitude>
					<altitude>0</altitude>
					<heading>0</heading>
					<tilt>0</tilt>
					<gx:fovy>35</gx:fovy>
					<range>802.4802137584057</range>
					<altitudeMode>relativeToGround</altitudeMode>
				</LookAt>
				<styleUrl>#__managed_style_1842B1047040DE0E8CD0</styleUrl>
				<Point>
					<altitudeMode>relativeToGround</altitudeMode>
					<coordinates>-9.154429799999999,38.7302994,0</coordinates>
				</Point>
			</Placemark>
			<Placemark id="06B3F591A23ECA73FFFC">
				<gx:mid>/g/121v2h23</gx:mid>
				<gx:fid>0xd193372ecee7721:0x2e753d8239e52d2</gx:fid>
				<LookAt>
					<longitude>-9.1549497</longitude>
					<latitude>38.7309493</latitude>
					<altitude>0</altitude>
					<heading>0</heading>
					<tilt>0</tilt>
					<gx:fovy>35</gx:fovy>
					<range>802.4722121445066</range>
					<altitudeMode>relativeToGround</altitudeMode>
				</LookAt>
				<styleUrl>#__managed_style_16147CE44F40DE0E8CCF</styleUrl>
				<Point>
					<altitudeMode>relativeToGround</altitudeMode>
					<coordinates>-9.1549497,38.7309493,0</coordinates>
				</Point>
			</Placemark>
			<Placemark id="043ED0CA6A3ECA746FC8">
				<gx:mid>/m/037309</gx:mid>
				<gx:fid>0xd19324616d90183:0xa66a53e58036d46</gx:fid>
				<LookAt>
					<longitude>-9.132012700000001</longitude>
					<latitude>38.7705118</latitude>
					<altitude>0</altitude>
					<heading>0</heading>
					<tilt>0</tilt>
					<gx:fovy>35</gx:fovy>
					<range>4131.866940046157</range>
					<altitudeMode>relativeToGround</altitudeMode>
				</LookAt>
				<styleUrl>#__managed_style_0BFA07C14140DE0E8CD7</styleUrl>
				<Point>
					<altitudeMode>relativeToGround</altitudeMode>
					<coordinates>-9.131975799999999,38.7788454,0</coordinates>
				</Point>
			</Placemark>
			<Placemark id="037A1561423ECA750207">
				<gx:mid>/g/122j3d1_</gx:mid>
				<gx:fid>0xd1933bdb56436f3:0xfa981028a48006f4</gx:fid>
				<LookAt>
					<longitude>-9.130442700000001</longitude>
					<latitude>38.7372693</latitude>
					<altitude>0</altitude>
					<heading>0</heading>
					<tilt>0</tilt>
					<gx:fovy>35</gx:fovy>
					<range>802.3943946304345</range>
					<altitudeMode>relativeToGround</altitudeMode>
				</LookAt>
				<styleUrl>#__managed_style_09B5FBA38B40DE0E8CCF</styleUrl>
				<Point>
					<altitudeMode>relativeToGround</altitudeMode>
					<coordinates>-9.1304427,38.7372693,0</coordinates>
				</Point>
			</Placemark>
			<Placemark id="09DDF6BF8D3ECA7544F1">
				<gx:mid>/g/11t6lt2j3w</gx:mid>
				<gx:fid>0xd1933e055ee4b5f:0x2ea776e4c4073ebf</gx:fid>
				<LookAt>
					<longitude>-9.132882199999999</longitude>
					<latitude>38.7371183</latitude>
					<altitude>0</altitude>
					<heading>0</heading>
					<tilt>0</tilt>
					<gx:fovy>35</gx:fovy>
					<range>802.3962539887108</range>
					<altitudeMode>relativeToGround</altitudeMode>
				</LookAt>
				<styleUrl>#__managed_style_16147CE44F40DE0E8CCF</styleUrl>
				<Point>
					<altitudeMode>relativeToGround</altitudeMode>
					<coordinates>-9.132882199999999,38.7371183,0</coordinates>
				</Point>
			</Placemark>
			<Placemark id="02BCB023EB3ECA765768">
				<gx:mid>/m/03bhvr</gx:mid>
				<gx:fid>0xd1932e5b5aa2a9b:0xc4fe8035597d8f22</gx:fid>
				<LookAt>
					<longitude>-9.161789999999998</longitude>
					<latitude>38.76122159999999</latitude>
					<altitude>0</altitude>
					<heading>0</heading>
					<tilt>0</tilt>
					<gx:fovy>35</gx:fovy>
					<range>802.0993862497519</range>
					<altitudeMode>relativeToGround</altitudeMode>
				</LookAt>
				<styleUrl>#__managed_style_15A58CEEBD40DE0E8CD1</styleUrl>
				<Point>
					<altitudeMode>relativeToGround</altitudeMode>
					<coordinates>-9.16179,38.7612216,0</coordinates>
				</Point>
			</Placemark>
			<Placemark id="0B739A7B9A3ECA76A13E">
				<gx:mid>/g/11kbz8xq67</gx:mid>
				<gx:fid>0xd19352efae3f381:0x98d83ac3037bab1e</gx:fid>
				<LookAt>
					<longitude>-9.143784699999999</longitude>
					<latitude>38.7072464</latitude>
					<altitude>0</altitude>
					<heading>0</heading>
					<tilt>0</tilt>
					<gx:fovy>35</gx:fovy>
					<range>802.763978933797</range>
					<altitudeMode>relativeToGround</altitudeMode>
				</LookAt>
				<styleUrl>#__managed_style_09B5FBA38B40DE0E8CCF</styleUrl>
				<Point>
					<altitudeMode>relativeToGround</altitudeMode>
					<coordinates>-9.143784699999999,38.7072464,0</coordinates>
				</Point>
			</Placemark>
			<Placemark id="0FABC28D4B3ECA76FA10">
				<name>Pink Street</name>
				<LookAt>
					<longitude>-9.144107158394061</longitude>
					<latitude>38.70723565315586</latitude>
					<altitude>4.472701094197678</altitude>
					<heading>290.8524831884804</heading>
					<tilt>0</tilt>
					<gx:fovy>35</gx:fovy>
					<range>493.3393279853772</range>
					<altitudeMode>absolute</altitudeMode>
				</LookAt>
				<styleUrl>#__managed_style_246825998340DE0E8CD0</styleUrl>
				<LineString>
					<coordinates>
						-9.14405536387129,38.70732553414917,0 -9.14352139751306,38.70713407995135,0 -9.143393906735016,38.70712039367032,0 -9.142914269102025,38.70724617547773,0 
					</coordinates>
				</LineString>
			</Placemark>
			<Placemark id="02493F54533ECA789299">
				<gx:mid>/g/12195wrq</gx:mid>
				<gx:fid>0xd1934f58d5421f5:0xe9ec962c8163396d</gx:fid>
				<LookAt>
					<longitude>-9.1463678</longitude>
					<latitude>38.6880848</latitude>
					<altitude>0</altitude>
					<heading>0</heading>
					<tilt>0</tilt>
					<gx:fovy>35</gx:fovy>
					<range>802.9997476904521</range>
					<altitudeMode>relativeToGround</altitudeMode>
				</LookAt>
				<styleUrl>#__managed_style_1842B1047040DE0E8CD0</styleUrl>
				<Point>
					<altitudeMode>relativeToGround</altitudeMode>
					<coordinates>-9.1463678,38.6880848,0</coordinates>
				</Point>
			</Placemark>
			<Placemark id="01EC6FD90B3ECA79FBFE">
				<gx:mid>/g/120rsg7l</gx:mid>
				<gx:fid>0xd193474f03e1a87:0xd6abc4a72ca26307</gx:fid>
				<LookAt>
					<longitude>-9.1246317</longitude>
					<latitude>38.7126973</latitude>
					<altitude>0</altitude>
					<heading>0</heading>
					<tilt>0</tilt>
					<gx:fovy>35</gx:fovy>
					<range>802.6968938428245</range>
					<altitudeMode>relativeToGround</altitudeMode>
				</LookAt>
				<styleUrl>#__managed_style_063D7E0BBD40DE0E8CCE</styleUrl>
				<Point>
					<altitudeMode>relativeToGround</altitudeMode>
					<coordinates>-9.124699399999999,38.7127411,0</coordinates>
				</Point>
			</Placemark>
			<Placemark id="077B0EBB403ECA7A7994">
				<gx:mid>/g/1219h4xl</gx:mid>
				<gx:fid>0xd1933f412e19125:0xd74e1d8611dd7e72</gx:fid>
				<LookAt>
					<longitude>-9.119935</longitude>
					<latitude>38.71982500000001</latitude>
					<altitude>0</altitude>
					<heading>0</heading>
					<tilt>0</tilt>
					<gx:fovy>35</gx:fovy>
					<range>802.6091614471834</range>
					<altitudeMode>relativeToGround</altitudeMode>
				</LookAt>
				<styleUrl>#__managed_style_063D7E0BBD40DE0E8CCE</styleUrl>
				<Point>
					<altitudeMode>relativeToGround</altitudeMode>
					<coordinates>-9.119935,38.719825,0</coordinates>
				</Point>
			</Placemark>
			<Placemark id="0C9568BD973ECB5B7A71">
				<gx:mid>/g/122z7qfs</gx:mid>
				<gx:fid>0xd193480f080edb3:0xa95bd7c381178a34</gx:fid>
				<LookAt>
					<longitude>-9.147676499999999</longitude>
					<latitude>38.709615</latitude>
					<altitude>0</altitude>
					<heading>0</heading>
					<tilt>0</tilt>
					<gx:fovy>35</gx:fovy>
					<range>802.7348290660713</range>
					<altitudeMode>relativeToGround</altitudeMode>
				</LookAt>
				<styleUrl>#__managed_style_1842B1047040DE0E8CD0</styleUrl>
				<Point>
					<altitudeMode>relativeToGround</altitudeMode>
					<coordinates>-9.147676499999999,38.709615,0</coordinates>
				</Point>
			</Placemark>
			<Placemark id="0390F1E47C3ECB8C76AE">
				<gx:mid>/m/05yxq2h</gx:mid>
				<gx:fid>0xd19332a00f06e5f:0xc67774b005d8ab1c</gx:fid>
				<LookAt>
					<longitude>-9.188258299999999</longitude>
					<latitude>38.7536613</latitude>
					<altitude>0</altitude>
					<heading>0</heading>
					<tilt>0</tilt>
					<gx:fovy>35</gx:fovy>
					<range>802.1925173691927</range>
					<altitudeMode>relativeToGround</altitudeMode>
				</LookAt>
				<styleUrl>#__managed_style_060639676540DE0E8CD6</styleUrl>
				<Point>
					<altitudeMode>relativeToGround</altitudeMode>
					<coordinates>-9.188258299999999,38.7536613,0</coordinates>
				</Point>
			</Placemark>
			<Placemark id="02919A97693ECBBD94EB">
				<gx:mid>/g/11cjkw4kvs</gx:mid>
				<gx:fid>0xd193475c9f02e6d:0x7201bbde3e4fd658</gx:fid>
				<LookAt>
					<longitude>-9.1278966</longitude>
					<latitude>38.7120328</latitude>
					<altitude>0</altitude>
					<heading>0</heading>
					<tilt>0</tilt>
					<gx:fovy>35</gx:fovy>
					<range>802.705072327959</range>
					<altitudeMode>relativeToGround</altitudeMode>
				</LookAt>
				<styleUrl>#__managed_style_1842B1047040DE0E8CD0</styleUrl>
				<Point>
					<altitudeMode>relativeToGround</altitudeMode>
					<coordinates>-9.1278966,38.7120328,0</coordinates>
				</Point>
			</Placemark>
			<Placemark id="0B3E66A9183ECBC326E9">
				<gx:mid>/g/11c584ygtp</gx:mid>
				<gx:fid>0xd1934f5e006d3e7:0x47e769d16a938b14</gx:fid>
				<LookAt>
					<longitude>-9.146590399999999</longitude>
					<latitude>38.686832</latitude>
					<altitude>0</altitude>
					<heading>0</heading>
					<tilt>0</tilt>
					<gx:fovy>35</gx:fovy>
					<range>803.0151593887513</range>
					<altitudeMode>relativeToGround</altitudeMode>
				</LookAt>
				<styleUrl>#__managed_style_063D7E0BBD40DE0E8CCE</styleUrl>
				<Point>
					<altitudeMode>relativeToGround</altitudeMode>
					<coordinates>-9.146590399999999,38.686832,0</coordinates>
				</Point>
			</Placemark>
			<Placemark id="0E0B0CCFAE3ECBD01529">
				<gx:mid>/g/11yq2wp4bp</gx:mid>
				<gx:fid>0xd193500305e9a1b:0x1adf15b4eace13</gx:fid>
				<LookAt>
					<longitude>-9.1797708</longitude>
					<latitude>38.69820139999999</latitude>
					<altitude>0</altitude>
					<heading>0</heading>
					<tilt>0</tilt>
					<gx:fovy>35</gx:fovy>
					<range>802.8752815899231</range>
					<altitudeMode>relativeToGround</altitudeMode>
				</LookAt>
				<styleUrl>#__managed_style_1842B1047040DE0E8CD0</styleUrl>
				<Point>
					<altitudeMode>relativeToGround</altitudeMode>
					<coordinates>-9.1797708,38.69820139999999,0</coordinates>
				</Point>
			</Placemark>
			<Placemark id="027CE40E213ECBD083F0">
				<gx:mid>/g/11cs3vkn8z</gx:mid>
				<gx:fid>0xd1ecb4dd3e5f491:0xcb13504c19595bc4</gx:fid>
				<LookAt>
					<longitude>-9.193311999999999</longitude>
					<latitude>38.6958561</latitude>
					<altitude>0</altitude>
					<heading>0</heading>
					<tilt>0</tilt>
					<gx:fovy>35</gx:fovy>
					<range>802.9041383482243</range>
					<altitudeMode>relativeToGround</altitudeMode>
				</LookAt>
				<styleUrl>#__managed_style_063D7E0BBD40DE0E8CCE</styleUrl>
				<Point>
					<altitudeMode>relativeToGround</altitudeMode>
					<coordinates>-9.193311999999999,38.6958561,0</coordinates>
				</Point>
			</Placemark>
			<Placemark id="0EC7A2DD673ECBD0CD70">
				<gx:mid>/m/0gff5dg</gx:mid>
				<gx:fid>0xd1ecb4e7d891069:0x156e2dabbb5ea454</gx:fid>
				<LookAt>
					<longitude>-9.1953114</longitude>
					<latitude>38.6956678</latitude>
					<altitude>0</altitude>
					<heading>0</heading>
					<tilt>0</tilt>
					<gx:fovy>35</gx:fovy>
					<range>802.9064551496942</range>
					<altitudeMode>relativeToGround</altitudeMode>
				</LookAt>
				<styleUrl>#__managed_style_063D7E0BBD40DE0E8CCE</styleUrl>
				<Point>
					<altitudeMode>relativeToGround</altitudeMode>
					<coordinates>-9.1953114,38.6956678,0</coordinates>
				</Point>
			</Placemark>
			<Placemark id="05DC54F8653ECBD3E203">
				<gx:mid>/g/11t9cpjp7f</gx:mid>
				<gx:fid>0xd1ecb5600c2e655:0x8e2567f82228bd4d</gx:fid>
				<LookAt>
					<longitude>-9.196552400000002</longitude>
					<latitude>38.6949185</latitude>
					<altitude>0</altitude>
					<heading>0</heading>
					<tilt>0</tilt>
					<gx:fovy>35</gx:fovy>
					<range>802.9156742872625</range>
					<altitudeMode>relativeToGround</altitudeMode>
				</LookAt>
				<styleUrl>#__managed_style_1842B1047040DE0E8CD0</styleUrl>
				<Point>
					<altitudeMode>relativeToGround</altitudeMode>
					<coordinates>-9.1965524,38.6949185,0</coordinates>
				</Point>
			</Placemark>
			<Placemark id="0DB039C8153ECBD44509">
				<gx:mid>/m/07cbm7</gx:mid>
				<gx:fid>0xd1ecb440d5eca49:0x7f48f00e8bf9e619</gx:fid>
				<LookAt>
					<longitude>-9.2057115</longitude>
					<latitude>38.6935973</latitude>
					<altitude>0</altitude>
					<heading>0</heading>
					<tilt>0</tilt>
					<gx:fovy>35</gx:fovy>
					<range>802.9319295664717</range>
					<altitudeMode>relativeToGround</altitudeMode>
				</LookAt>
				<styleUrl>#__managed_style_09B5FBA38B40DE0E8CCF</styleUrl>
				<Point>
					<altitudeMode>relativeToGround</altitudeMode>
					<coordinates>-9.2057115,38.6935973,0</coordinates>
				</Point>
			</Placemark>
			<Placemark id="077A22AE3E3ECBD4D324">
				<gx:mid>/m/02w78ms</gx:mid>
				<gx:fid>0xd1ecb432766b9b9:0x60942ea3f8998033</gx:fid>
				<LookAt>
					<longitude>-9.209155400000002</longitude>
					<latitude>38.6969438</latitude>
					<altitude>0</altitude>
					<heading>0</heading>
					<tilt>0</tilt>
					<gx:fovy>35</gx:fovy>
					<range>802.8907553633705</range>
					<altitudeMode>relativeToGround</altitudeMode>
				</LookAt>
				<styleUrl>#__managed_style_063D7E0BBD40DE0E8CCE</styleUrl>
				<Point>
					<altitudeMode>relativeToGround</altitudeMode>
					<coordinates>-9.2091554,38.6969438,0</coordinates>
				</Point>
			</Placemark>
			<Placemark id="0D004484413ECBD518E3">
				<gx:mid>/m/05gbx6</gx:mid>
				<gx:fid>0xd1ecb42c3c29c4b:0x3002dcadcf52513f</gx:fid>
				<LookAt>
					<longitude>-9.215977299999999</longitude>
					<latitude>38.6915837</latitude>
					<altitude>0</altitude>
					<heading>0</heading>
					<tilt>0</tilt>
					<gx:fovy>35</gx:fovy>
					<range>802.956702935199</range>
					<altitudeMode>relativeToGround</altitudeMode>
				</LookAt>
				<styleUrl>#__managed_style_09B5FBA38B40DE0E8CCF</styleUrl>
				<Point>
					<altitudeMode>relativeToGround</altitudeMode>
					<coordinates>-9.215977299999999,38.6915837,0</coordinates>
				</Point>
			</Placemark>
			<Placemark id="018674F60F3ECBD5A64C">
				<gx:mid>/g/11t86p9tql</gx:mid>
				<gx:fid>0xd1ecb740112782f:0x6e2bc39140b508d8</gx:fid>
				<LookAt>
					<longitude>-9.214671100000002</longitude>
					<latitude>38.6918021</latitude>
					<altitude>0</altitude>
					<heading>0</heading>
					<tilt>0</tilt>
					<gx:fovy>35</gx:fovy>
					<range>802.9540160014456</range>
					<altitudeMode>relativeToGround</altitudeMode>
				</LookAt>
				<styleUrl>#__managed_style_1842B1047040DE0E8CD0</styleUrl>
				<Point>
					<altitudeMode>relativeToGround</altitudeMode>
					<coordinates>-9.2146711,38.6918021,0</coordinates>
				</Point>
			</Placemark>
			<Placemark id="0408E275243ECBD6B1C0">
				<gx:mid>/g/122_sjk3</gx:mid>
				<gx:fid>0xd1ecb4f92456485:0xe5ad17ca79d001f9</gx:fid>
				<LookAt>
					<longitude>-9.200222499999999</longitude>
					<latitude>38.69656519999999</latitude>
					<altitude>0</altitude>
					<heading>0</heading>
					<tilt>0</tilt>
					<gx:fovy>35</gx:fovy>
					<range>802.8954136632721</range>
					<altitudeMode>relativeToGround</altitudeMode>
				</LookAt>
				<styleUrl>#__managed_style_16147CE44F40DE0E8CCF</styleUrl>
				<Point>
					<altitudeMode>relativeToGround</altitudeMode>
					<coordinates>-9.200222499999999,38.69656519999999,0</coordinates>
				</Point>
			</Placemark>
			<Placemark id="07CFDB61A03ECBD77551">
				<gx:mid>/g/122zkgs7</gx:mid>
				<gx:fid>0xd1934802499309b:0xc3a1177ea814b53b</gx:fid>
				<LookAt>
					<longitude>-9.2170886</longitude>
					<latitude>38.69219729999999</latitude>
					<altitude>0</altitude>
					<heading>0</heading>
					<tilt>0</tilt>
					<gx:fovy>35</gx:fovy>
					<range>802.949153901994</range>
					<altitudeMode>relativeToGround</altitudeMode>
				</LookAt>
				<styleUrl>#__managed_style_063D7E0BBD40DE0E8CCE</styleUrl>
				<Point>
					<altitudeMode>relativeToGround</altitudeMode>
					<coordinates>-9.2170886,38.6921973,0</coordinates>
				</Point>
			</Placemark>
			<Placemark id="0B7F1E748F3ECBF5DFAC">
				<gx:mid>/g/122kzhrt</gx:mid>
				<gx:fid>0xd1ecb50c9ef94b7:0xfbf99f6e000954f6</gx:fid>
				<LookAt>
					<longitude>-9.200908999999999</longitude>
					<latitude>38.7062026</latitude>
					<altitude>0</altitude>
					<heading>0</heading>
					<tilt>0</tilt>
					<gx:fovy>35</gx:fovy>
					<range>802.7768243397734</range>
					<altitudeMode>relativeToGround</altitudeMode>
				</LookAt>
				<styleUrl>#__managed_style_16147CE44F40DE0E8CCF</styleUrl>
				<Point>
					<altitudeMode>relativeToGround</altitudeMode>
					<coordinates>-9.200908999999999,38.7062026,0</coordinates>
				</Point>
			</Placemark>
			<Placemark id="01263B8E133ECBF716B8">
				<gx:mid>/g/11x90rbbb7</gx:mid>
				<gx:fid>0xd1ecb001a33aecf:0xbb5e06da4c6d3184</gx:fid>
				<LookAt>
					<longitude>-9.2058225</longitude>
					<latitude>38.6955418</latitude>
					<altitude>0</altitude>
					<heading>0</heading>
					<tilt>0</tilt>
					<gx:fovy>35</gx:fovy>
					<range>802.9080054210596</range>
					<altitudeMode>relativeToGround</altitudeMode>
				</LookAt>
				<styleUrl>#__managed_style_16147CE44F40DE0E8CCF</styleUrl>
				<Point>
					<altitudeMode>relativeToGround</altitudeMode>
					<coordinates>-9.2058225,38.6955418,0</coordinates>
				</Point>
			</Placemark>
			<Placemark id="0942653DEF3ECC02A7F0">
				<gx:mid>/m/03kttn</gx:mid>
				<gx:fid>0xd1ecb4fc285f763:0x58dc2bef37f5302f</gx:fid>
				<LookAt>
					<longitude>-9.2005493</longitude>
					<latitude>38.6979905</latitude>
					<altitude>0</altitude>
					<heading>0</heading>
					<tilt>0</tilt>
					<gx:fovy>35</gx:fovy>
					<range>802.8778765738953</range>
					<altitudeMode>relativeToGround</altitudeMode>
				</LookAt>
				<styleUrl>#__managed_style_09B5FBA38B40DE0E8CCF</styleUrl>
				<Point>
					<altitudeMode>relativeToGround</altitudeMode>
					<coordinates>-9.200549299999999,38.6979905,0</coordinates>
				</Point>
			</Placemark>
			<Placemark id="0C66CA26DF3ECC02DEEC">
				<gx:mid>/g/120mj0zg</gx:mid>
				<gx:fid>0xd1ecb5ac6cde49d:0x175cfb4aa382c47e</gx:fid>
				<LookAt>
					<longitude>-9.203774299999999</longitude>
					<latitude>38.6981989</latitude>
					<altitude>0</altitude>
					<heading>0</heading>
					<tilt>0</tilt>
					<gx:fovy>35</gx:fovy>
					<range>802.8753123508194</range>
					<altitudeMode>relativeToGround</altitudeMode>
				</LookAt>
				<styleUrl>#__managed_style_16147CE44F40DE0E8CCF</styleUrl>
				<Point>
					<altitudeMode>relativeToGround</altitudeMode>
					<coordinates>-9.203774299999999,38.6981989,0</coordinates>
				</Point>
			</Placemark>
			<Placemark id="02F797AC8A3ECC0A726E">
				<gx:mid>/g/119vvmys9</gx:mid>
				<gx:fid>0xd1ecb8a893245e5:0x44d15016667e396c</gx:fid>
				<LookAt>
					<longitude>-9.254158900000002</longitude>
					<latitude>38.703315</latitude>
					<altitude>0</altitude>
					<heading>0</heading>
					<tilt>0</tilt>
					<gx:fovy>35</gx:fovy>
					<range>802.812358910577</range>
					<altitudeMode>relativeToGround</altitudeMode>
				</LookAt>
				<styleUrl>#__managed_style_16147CE44F40DE0E8CCF</styleUrl>
				<Point>
					<altitudeMode>relativeToGround</altitudeMode>
					<coordinates>-9.2541589,38.703315,0</coordinates>
				</Point>
			</Placemark>
			<Placemark id="0C080A83AC3ECC0CF751">
				<gx:mid>/m/0cwddg</gx:mid>
				<gx:fid>0xd19318570a93b63:0x1c465f5bdc842e42</gx:fid>
				<LookAt>
					<longitude>-9.0940297</longitude>
					<latitude>38.7685312</latitude>
					<altitude>0</altitude>
					<heading>0</heading>
					<tilt>0</tilt>
					<gx:fovy>35</gx:fovy>
					<range>802.0093304539731</range>
					<altitudeMode>relativeToGround</altitudeMode>
				</LookAt>
				<styleUrl>#__managed_style_15A58CEEBD40DE0E8CD1</styleUrl>
				<Point>
					<altitudeMode>relativeToGround</altitudeMode>
					<coordinates>-9.0940297,38.7685312,0</coordinates>
				</Point>
			</Placemark>
			<Placemark id="0A55FAB79F3ECC1402F4">
				<gx:mid>/g/1210rydt</gx:mid>
				<gx:fid>0xd19318e35de34e7:0xec6b9c4921a922fd</gx:fid>
				<LookAt>
					<longitude>-9.092066599999999</longitude>
					<latitude>38.77001990000001</latitude>
					<altitude>0</altitude>
					<heading>0</heading>
					<tilt>0</tilt>
					<gx:fovy>35</gx:fovy>
					<range>801.9909878041434</range>
					<altitudeMode>relativeToGround</altitudeMode>
				</LookAt>
				<styleUrl>#__managed_style_16147CE44F40DE0E8CCF</styleUrl>
				<Point>
					<altitudeMode>relativeToGround</altitudeMode>
					<coordinates>-9.091949740270262,38.77164930627163,0</coordinates>
				</Point>
			</Placemark>
			<Placemark id="00357D68E73ECC149580">
				<name>Garcia de Orta Garden</name>
				<LookAt>
					<longitude>-9.091337822868274</longitude>
					<latitude>38.77009626005179</latitude>
					<altitude>-0.1885765423053398</altitude>
					<heading>0</heading>
					<tilt>0</tilt>
					<gx:fovy>35</gx:fovy>
					<range>868.9193925099971</range>
					<altitudeMode>absolute</altitudeMode>
				</LookAt>
				<styleUrl>#__managed_style_24C2DC8AB340DE0E8CE0</styleUrl>
				<Polygon>
					<outerBoundaryIs>
						<LinearRing>
							<coordinates>
								-9.092406665377993,38.76942720656886,0 -9.091862024193031,38.76941520886484,0 -9.091718041485745,38.77147832752657,0 -9.091353633666344,38.77646554537525,0 -9.092039920211658,38.77644459690978,0 -9.092149113759751,38.77469143141414,0 -9.092076960066201,38.77349885240268,0 -9.092266055741669,38.77115025586821,0 -9.092406665377993,38.76942720656886,0 
							</coordinates>
						</LinearRing>
					</outerBoundaryIs>
				</Polygon>
			</Placemark>
			<Placemark id="04DBAB98C83ECC15B5E8">
				<gx:mid>/g/121d1wp6</gx:mid>
				<gx:fid>0xd19323affffffff:0xb56b5d8978c23d37</gx:fid>
				<LookAt>
					<longitude>-9.091383699999998</longitude>
					<latitude>38.7734836</latitude>
					<altitude>0</altitude>
					<heading>0</heading>
					<tilt>0</tilt>
					<gx:fovy>35</gx:fovy>
					<range>801.9483086420662</range>
					<altitudeMode>relativeToGround</altitudeMode>
				</LookAt>
				<styleUrl>#__managed_style_33CE49620440DE0E8CD8</styleUrl>
				<Point>
					<altitudeMode>relativeToGround</altitudeMode>
					<coordinates>-9.0913837,38.7734836,0</coordinates>
				</Point>
			</Placemark>
			<Placemark id="0864011FDB3ECC1A3ADF">
				<gx:mid>/g/11q2rxy5fn</gx:mid>
				<gx:fid>0xd1931bf097c339f:0xc44f9632b36080b9</gx:fid>
				<LookAt>
					<longitude>-9.090342</longitude>
					<latitude>38.78079839999999</latitude>
					<altitude>0</altitude>
					<heading>0</heading>
					<tilt>0</tilt>
					<gx:fovy>35</gx:fovy>
					<range>801.8581674752371</range>
					<altitudeMode>relativeToGround</altitudeMode>
				</LookAt>
				<styleUrl>#__managed_style_1842B1047040DE0E8CD0</styleUrl>
				<Point>
					<altitudeMode>relativeToGround</altitudeMode>
					<coordinates>-9.090342,38.78079839999999,0</coordinates>
				</Point>
			</Placemark>
			<Placemark id="0B77B8E8653ECC1A5687">
				<gx:mid>/g/11j6qvc497</gx:mid>
				<gx:fid>0xd1931c5b57b63a3:0x309e14c2d6ee52ff</gx:fid>
				<LookAt>
					<longitude>-9.0897062</longitude>
					<latitude>38.7835105</latitude>
					<altitude>0</altitude>
					<heading>0</heading>
					<tilt>0</tilt>
					<gx:fovy>35</gx:fovy>
					<range>801.8247427097724</range>
					<altitudeMode>relativeToGround</altitudeMode>
				</LookAt>
				<styleUrl>#__managed_style_1842B1047040DE0E8CD0</styleUrl>
				<Point>
					<altitudeMode>relativeToGround</altitudeMode>
					<coordinates>-9.0897062,38.7835105,0</coordinates>
				</Point>
			</Placemark>
			<Placemark id="0B96CFCE583ECC1E0296">
				<gx:mid>/g/11c3k6grvw</gx:mid>
				<gx:fid>0xd1931837b6427bd:0x37f799d199b61e1</gx:fid>
				<LookAt>
					<longitude>-9.092288099999999</longitude>
					<latitude>38.7623875</latitude>
					<altitude>0</altitude>
					<heading>0</heading>
					<tilt>0</tilt>
					<gx:fovy>35</gx:fovy>
					<range>802.0850229694115</range>
					<altitudeMode>relativeToGround</altitudeMode>
				</LookAt>
				<styleUrl>#__managed_style_33CE49620440DE0E8CD8</styleUrl>
				<Point>
					<altitudeMode>relativeToGround</altitudeMode>
					<coordinates>-9.092288099999999,38.7623875,0</coordinates>
				</Point>
			</Placemark>
			<Placemark id="0DF5FBE3003ECC233C2C">
				<gx:mid>/g/1215jv5w</gx:mid>
				<gx:fid>0xd193183bef56745:0xe93d98dfd4b68624</gx:fid>
				<LookAt>
					<longitude>-9.0943351</longitude>
					<latitude>38.7615126</latitude>
					<altitude>0</altitude>
					<heading>0</heading>
					<tilt>0</tilt>
					<gx:fovy>35</gx:fovy>
					<range>802.0958013116581</range>
					<altitudeMode>relativeToGround</altitudeMode>
				</LookAt>
				<styleUrl>#__managed_style_16147CE44F40DE0E8CCF</styleUrl>
				<Point>
					<altitudeMode>relativeToGround</altitudeMode>
					<coordinates>-9.0943351,38.7615126,0</coordinates>
				</Point>
			</Placemark>
			<Placemark id="0DED6EEC4B3ECC243ADC">
				<name>טיילת ורכבל</name>
				<LookAt>
					<longitude>-9.09070675335189</longitude>
					<latitude>38.77490120609995</latitude>
					<altitude>-0.2075918386582087</altitude>
					<heading>1.120157509395908</heading>
					<tilt>0</tilt>
					<gx:fovy>35.00001045991137</gx:fovy>
					<range>789.5864564485964</range>
					<altitudeMode>absolute</altitudeMode>
				</LookAt>
				<styleUrl>#__managed_style_246825998340DE0E8CD0</styleUrl>
				<LineString>
					<coordinates>
						-9.091756350449826,38.76337400754018,0 -9.091899425653441,38.76406029306121,0 -9.091979181273619,38.76469134116257,0 -9.091975270096057,38.76510767850792,0 -9.091954786365285,38.7659502676928,0 -9.092224731385143,38.76598121414385,0 -9.091974597487757,38.76824439744127,0 -9.091811128171393,38.77016875265016,0 -9.091646888312031,38.77215253000885,0 -9.091495489113154,38.77369156948704,0 
					</coordinates>
				</LineString>
			</Placemark>
			<Placemark id="07171398A13ECC250834">
				<gx:mid>/g/1211qn7k</gx:mid>
				<gx:fid>0xd1931863c67addd:0xeb43ed74add185b5</gx:fid>
				<LookAt>
					<longitude>-9.097126600000001</longitude>
					<latitude>38.76851080000001</latitude>
					<altitude>0</altitude>
					<heading>0</heading>
					<tilt>0</tilt>
					<gx:fovy>35</gx:fovy>
					<range>802.0095818038853</range>
					<altitudeMode>relativeToGround</altitudeMode>
				</LookAt>
				<styleUrl>#__managed_style_060639676540DE0E8CD6</styleUrl>
				<Point>
					<altitudeMode>relativeToGround</altitudeMode>
					<coordinates>-9.096684615675448,38.76767924849377,0</coordinates>
				</Point>
			</Placemark>
			<Placemark id="0C466021523ECC25FEE8">
				<gx:mid>/m/09sdg1</gx:mid>
				<gx:fid>0xd19318c8bd920f1:0x29f4b8fde74936a0</gx:fid>
				<LookAt>
					<longitude>-9.096602799999999</longitude>
					<latitude>38.76464069999999</latitude>
					<altitude>0</altitude>
					<heading>0</heading>
					<tilt>0</tilt>
					<gx:fovy>35</gx:fovy>
					<range>802.057263804781</range>
					<altitudeMode>relativeToGround</altitudeMode>
				</LookAt>
				<styleUrl>#__managed_style_139576202640DE0E8CD6</styleUrl>
				<Point>
					<altitudeMode>relativeToGround</altitudeMode>
					<coordinates>-9.096602799999999,38.7646407,0</coordinates>
				</Point>
			</Placemark>
			<Placemark id="0D0C18E77B3ECC288811">
				<gx:mid>/g/1232pmg4</gx:mid>
				<gx:fid>0xd19359b87b81db9:0x4f3e5f13a9aba4ac</gx:fid>
				<LookAt>
					<longitude>-9.1392013</longitude>
					<latitude>38.7080362</latitude>
					<altitude>0</altitude>
					<heading>0</heading>
					<tilt>0</tilt>
					<gx:fovy>35</gx:fovy>
					<range>802.7542591777017</range>
					<altitudeMode>relativeToGround</altitudeMode>
				</LookAt>
				<styleUrl>#__managed_style_09B5FBA38B40DE0E8CCF</styleUrl>
				<Point>
					<altitudeMode>relativeToGround</altitudeMode>
					<coordinates>-9.1392013,38.7080362,0</coordinates>
				</Point>
			</Placemark>
			<Placemark id="0197EF224D3ECC28C7A4">
				<gx:mid>/g/11bccjdmgz</gx:mid>
				<gx:fid>0xd193476669b0c97:0xbb86a342b289f3c2</gx:fid>
				<LookAt>
					<longitude>-9.1299568</longitude>
					<latitude>38.7119253</latitude>
					<altitude>0</altitude>
					<heading>0</heading>
					<tilt>0</tilt>
					<gx:fovy>35</gx:fovy>
					<range>802.7063953988308</range>
					<altitudeMode>relativeToGround</altitudeMode>
				</LookAt>
				<styleUrl>#__managed_style_1842B1047040DE0E8CD0</styleUrl>
				<Point>
					<altitudeMode>relativeToGround</altitudeMode>
					<coordinates>-9.1299568,38.7119253,0</coordinates>
				</Point>
			</Placemark>
			<Placemark id="0377BC6F013ECC293833">
				<gx:mid>/g/1216ftv9</gx:mid>
				<gx:fid>0xd1933849770e4c7:0x41203b21edcd2769</gx:fid>
				<LookAt>
					<longitude>-9.1301972</longitude>
					<latitude>38.7116956</latitude>
					<altitude>0</altitude>
					<heading>0</heading>
					<tilt>0</tilt>
					<gx:fovy>35</gx:fovy>
					<range>802.7092224536131</range>
					<altitudeMode>relativeToGround</altitudeMode>
				</LookAt>
				<styleUrl>#__managed_style_1842B1047040DE0E8CD0</styleUrl>
				<Point>
					<altitudeMode>relativeToGround</altitudeMode>
					<coordinates>-9.1301972,38.7116956,0</coordinates>
				</Point>
			</Placemark>
			<Placemark id="0EB5CE27663ECC2AA24C">
				<gx:mid>/g/11jblyxrv7</gx:mid>
				<gx:fid>0xd1935cbc9e7b0c5:0xb6e6072aee17ef92</gx:fid>
				<LookAt>
					<longitude>-9.15227</longitude>
					<latitude>38.7089286</latitude>
					<altitude>0</altitude>
					<heading>0</heading>
					<tilt>0</tilt>
					<gx:fovy>35</gx:fovy>
					<range>802.7432765854729</range>
					<altitudeMode>relativeToGround</altitudeMode>
				</LookAt>
				<styleUrl>#__managed_style_09B5FBA38B40DE0E8CCF</styleUrl>
				<Point>
					<altitudeMode>relativeToGround</altitudeMode>
					<coordinates>-9.15227,38.7089286,0</coordinates>
				</Point>
			</Placemark>
			<Placemark id="035E7EFF503ECC2C08B0">
				<name>R. da Bica de Duarte Belo - רחוב צילומי מפורסם</name>
				<LookAt>
					<longitude>-9.145932919365718</longitude>
					<latitude>38.71041094201179</latitude>
					<altitude>42.54435911194668</altitude>
					<heading>359.9999841131626</heading>
					<tilt>0</tilt>
					<gx:fovy>35</gx:fovy>
					<range>86.28326651981298</range>
					<altitudeMode>absolute</altitudeMode>
				</LookAt>
				<styleUrl>#__managed_style_246825998340DE0E8CD0</styleUrl>
				<LineString>
					<coordinates>
						-9.146675308484468,38.70882609853122,0 -9.146474743058121,38.70923229983228,0 -9.146253429698183,38.70971140159511,0 -9.145995114024192,38.7103145789711,0 -9.145796588748603,38.71078709745766,0 
					</coordinates>
				</LineString>
			</Placemark>
			<Placemark id="02F45C8BC73ECC2D3B0B">
				<name>Mercado de Santa Clara - פתוח בשלישי ובשבת</name>
				<LookAt>
					<longitude>-9.1254624</longitude>
					<latitude>38.71559209999999</latitude>
					<altitude>0</altitude>
					<heading>0</heading>
					<tilt>0</tilt>
					<gx:fovy>35</gx:fovy>
					<range>802.6612642071577</range>
					<altitudeMode>relativeToGround</altitudeMode>
				</LookAt>
				<styleUrl>#__managed_style_5073EF457A40DE0E8CD4</styleUrl>
				<Point>
					<altitudeMode>relativeToGround</altitudeMode>
					<coordinates>-9.1254624,38.71559209999999,0</coordinates>
				</Point>
			</Placemark>
			<Placemark id="0AFA8118973ECC2DCD17">
				<gx:mid>/g/121lbcnr</gx:mid>
				<gx:fid>0xd193383e8c294a9:0x7b94f9431fcc2058</gx:fid>
				<LookAt>
					<longitude>-9.1411617</longitude>
					<latitude>38.7191743</latitude>
					<altitude>0</altitude>
					<heading>0</heading>
					<tilt>0</tilt>
					<gx:fovy>35</gx:fovy>
					<range>802.6171711896811</range>
					<altitudeMode>relativeToGround</altitudeMode>
				</LookAt>
				<styleUrl>#__managed_style_16147CE44F40DE0E8CCF</styleUrl>
				<Point>
					<altitudeMode>relativeToGround</altitudeMode>
					<coordinates>-9.1411617,38.7191743,0</coordinates>
				</Point>
			</Placemark>
			<Placemark id="0A3233533F3ECC2EE778">
				<gx:mid>/g/1hc0yz30f</gx:mid>
				<gx:fid>0xd19330daa5d4e55:0xc13adbfa1c4bbfb0</gx:fid>
				<LookAt>
					<longitude>-9.153741500000001</longitude>
					<latitude>38.7357516</latitude>
					<altitude>0</altitude>
					<heading>0</heading>
					<tilt>0</tilt>
					<gx:fovy>35</gx:fovy>
					<range>802.4130827816454</range>
					<altitudeMode>relativeToGround</altitudeMode>
				</LookAt>
				<styleUrl>#__managed_style_063D7E0BBD40DE0E8CCE</styleUrl>
				<Point>
					<altitudeMode>relativeToGround</altitudeMode>
					<coordinates>-9.153741499999999,38.7357516,0</coordinates>
				</Point>
			</Placemark>
			<Placemark id="03CF00339E3ECC2F16BC">
				<gx:mid>/g/121s933r</gx:mid>
				<gx:fid>0xd19330de7a11925:0x4e42d73416daf7a2</gx:fid>
				<LookAt>
					<longitude>-9.154188</longitude>
					<latitude>38.7374065</latitude>
					<altitude>0</altitude>
					<heading>0</heading>
					<tilt>0</tilt>
					<gx:fovy>35</gx:fovy>
					<range>802.3927051955665</range>
					<altitudeMode>relativeToGround</altitudeMode>
				</LookAt>
				<styleUrl>#__managed_style_16147CE44F40DE0E8CCF</styleUrl>
				<Point>
					<altitudeMode>relativeToGround</altitudeMode>
					<coordinates>-9.154188,38.7374065,0</coordinates>
				</Point>
			</Placemark>
			<Placemark id="046DCA43693ECC319890">
				<name>Rua Candido dos Reis - מדרחוב חביב</name>
				<LookAt>
					<longitude>-9.149154274973331</longitude>
					<latitude>38.68622500397358</latitude>
					<altitude>6.675980782533952</altitude>
					<heading>0</heading>
					<tilt>0</tilt>
					<gx:fovy>61.10719520677932</gx:fovy>
					<range>141.652054003971</range>
					<altitudeMode>absolute</altitudeMode>
				</LookAt>
				<styleUrl>#__managed_style_26596D72BD40DE0E8CD3</styleUrl>
				<Point>
					<coordinates>-9.149002919469241,38.6864294591359,5.434963349283493</coordinates>
				</Point>
			</Placemark>
			<Placemark id="0161565D2A3ECC3225A6">
				<gx:mid>/g/122nnzr8</gx:mid>
				<gx:fid>0xd19347fadaa5d5d:0x1567d31205cbe5e</gx:fid>
				<LookAt>
					<longitude>-9.143476399999999</longitude>
					<latitude>38.7105849</latitude>
					<altitude>0</altitude>
					<heading>0</heading>
					<tilt>0</tilt>
					<gx:fovy>35</gx:fovy>
					<range>802.7228923233598</range>
					<altitudeMode>relativeToGround</altitudeMode>
				</LookAt>
				<styleUrl>#__managed_style_09B5FBA38B40DE0E8CCF</styleUrl>
				<Point>
					<altitudeMode>relativeToGround</altitudeMode>
					<coordinates>-9.143476399999999,38.7105849,0</coordinates>
				</Point>
			</Placemark>
			<Placemark id="08359C9D323ECC32B0CB">
				<gx:mid>/g/122gl96q</gx:mid>
				<gx:fid>0xd1ec78e770f93f7:0xcd1ef23562401d42</gx:fid>
				<LookAt>
					<longitude>-9.4211961</longitude>
					<latitude>38.6906851</latitude>
					<altitude>0</altitude>
					<heading>0</heading>
					<tilt>0</tilt>
					<gx:fovy>35</gx:fovy>
					<range>802.9677581210515</range>
					<altitudeMode>relativeToGround</altitudeMode>
				</LookAt>
				<styleUrl>#__managed_style_09B5FBA38B40DE0E8CCF</styleUrl>
				<Point>
					<altitudeMode>relativeToGround</altitudeMode>
					<coordinates>-9.4211961,38.6906851,0</coordinates>
				</Point>
			</Placemark>
			<Placemark id="0005EE5D7C3ECC32D568">
				<gx:mid>/g/11g6xrzw61</gx:mid>
				<gx:fid>0xd1ec4283c15993d:0x3b3e86394b5e5795</gx:fid>
				<LookAt>
					<longitude>-9.421173</longitude>
					<latitude>38.69178379999999</latitude>
					<altitude>0</altitude>
					<heading>0</heading>
					<tilt>0</tilt>
					<gx:fovy>35</gx:fovy>
					<range>802.9542411433083</range>
					<altitudeMode>relativeToGround</altitudeMode>
				</LookAt>
				<styleUrl>#__managed_style_1842B1047040DE0E8CD0</styleUrl>
				<Point>
					<altitudeMode>relativeToGround</altitudeMode>
					<coordinates>-9.421173,38.6917838,0</coordinates>
				</Point>
			</Placemark>
			<Placemark id="0C1DBC6F703ECC331C8B">
				<gx:mid>/g/122sxhrg</gx:mid>
				<gx:fid>0xd1ec42095a24c15:0xf3035d8104171669</gx:fid>
				<LookAt>
					<longitude>-9.4216236</longitude>
					<latitude>38.69208440000001</latitude>
					<altitude>0</altitude>
					<heading>0</heading>
					<tilt>0</tilt>
					<gx:fovy>35</gx:fovy>
					<range>802.9505429013021</range>
					<altitudeMode>relativeToGround</altitudeMode>
				</LookAt>
				<styleUrl>#__managed_style_1B69A1D70540DE0E8CD3</styleUrl>
				<Point>
					<altitudeMode>relativeToGround</altitudeMode>
					<coordinates>-9.4216236,38.6920844,0</coordinates>
				</Point>
			</Placemark>
			<Placemark id="0F32FD84F53ECC3349BE">
				<gx:mid>/g/11b6_x5q_p</gx:mid>
				<gx:fid>0xd1ec4280d850be3:0x84441ac80066c97f</gx:fid>
				<LookAt>
					<longitude>-9.422165699999999</longitude>
					<latitude>38.6919009</latitude>
					<altitude>0</altitude>
					<heading>0</heading>
					<tilt>0</tilt>
					<gx:fovy>35</gx:fovy>
					<range>802.9528004800666</range>
					<altitudeMode>relativeToGround</altitudeMode>
				</LookAt>
				<styleUrl>#__managed_style_09B5FBA38B40DE0E8CCF</styleUrl>
				<Point>
					<altitudeMode>relativeToGround</altitudeMode>
					<coordinates>-9.422165699999999,38.6919009,0</coordinates>
				</Point>
			</Placemark>
			<Placemark id="0801FCFFBB3ECD06D328">
				<gx:mid>/g/11b6_9p9yw</gx:mid>
				<gx:fid>0xd1eb57d5877b461:0x1ac254c2cc7a91b4</gx:fid>
				<LookAt>
					<longitude>-9.223951</longitude>
					<latitude>38.623501</latitude>
					<altitude>0</altitude>
					<heading>0</heading>
					<tilt>0</tilt>
					<gx:fovy>35</gx:fovy>
					<range>803.7937579365321</range>
					<altitudeMode>relativeToGround</altitudeMode>
				</LookAt>
				<styleUrl>#__managed_style_4792A42E2A40DE0E8CD0</styleUrl>
				<Point>
					<altitudeMode>relativeToGround</altitudeMode>
					<coordinates>-9.223951,38.623501,0</coordinates>
				</Point>
			</Placemark>
			<Placemark id="0729D9800F3ECD25D677">
				<gx:mid>/m/03jl9f</gx:mid>
				<gx:fid>0xd1edac0235d438d:0x953ad8a898fcb3af</gx:fid>
				<LookAt>
					<longitude>-9.49791965</longitude>
					<latitude>38.78013705</latitude>
					<altitude>0</altitude>
					<heading>0</heading>
					<tilt>0</tilt>
					<gx:fovy>35</gx:fovy>
					<range>1757.678952105283</range>
					<altitudeMode>relativeToGround</altitudeMode>
				</LookAt>
				<styleUrl>#__managed_style_1842B1047040DE0E8CD0</styleUrl>
				<Point>
					<altitudeMode>relativeToGround</altitudeMode>
					<coordinates>-9.4989171,38.7804282,0</coordinates>
				</Point>
			</Placemark>
			<Placemark id="00FB9BB8A83ECD26B99B">
				<gx:mid>/g/11h597mznf</gx:mid>
				<gx:fid>0xd1edd93537cb805:0x89e4cc0856c64fee</gx:fid>
				<LookAt>
					<longitude>-9.4924198</longitude>
					<latitude>38.7903059</latitude>
					<altitude>0</altitude>
					<heading>0</heading>
					<tilt>0</tilt>
					<gx:fovy>35</gx:fovy>
					<range>801.7409864135644</range>
					<altitudeMode>relativeToGround</altitudeMode>
				</LookAt>
				<styleUrl>#__managed_style_4792A42E2A40DE0E8CD0</styleUrl>
				<Point>
					<altitudeMode>relativeToGround</altitudeMode>
					<coordinates>-9.4924198,38.7903059,0</coordinates>
				</Point>
			</Placemark>
			<Placemark id="0A38B8F3C73ECD2745B4">
				<gx:mid>/g/11b72r_gbd</gx:mid>
				<gx:fid>0xd1edcef88e73b19:0x4ea02001cdbe0094</gx:fid>
				<LookAt>
					<longitude>-9.489244399999999</longitude>
					<latitude>38.79771</latitude>
					<altitude>0</altitude>
					<heading>0</heading>
					<tilt>0</tilt>
					<gx:fovy>35</gx:fovy>
					<range>801.649715143588</range>
					<altitudeMode>relativeToGround</altitudeMode>
				</LookAt>
				<styleUrl>#__managed_style_1842B1047040DE0E8CD0</styleUrl>
				<Point>
					<altitudeMode>relativeToGround</altitudeMode>
					<coordinates>-9.489244399999999,38.79771,0</coordinates>
				</Point>
			</Placemark>
			<Placemark id="062F7517333ECD27BE20">
				<gx:mid>/m/0f3xwl</gx:mid>
				<gx:fid>0xd1edcf16a295a93:0x4ceff31ab0f4857e</gx:fid>
				<LookAt>
					<longitude>-9.484854100000002</longitude>
					<latitude>38.80459424999999</latitude>
					<altitude>0</altitude>
					<heading>0</heading>
					<tilt>0</tilt>
					<gx:fovy>35</gx:fovy>
					<range>801.5648404569761</range>
					<altitudeMode>relativeToGround</altitudeMode>
				</LookAt>
				<styleUrl>#__managed_style_4792A42E2A40DE0E8CD0</styleUrl>
				<Point>
					<altitudeMode>relativeToGround</altitudeMode>
					<coordinates>-9.4848076,38.8042525,0</coordinates>
				</Point>
			</Placemark>
			<Placemark id="00952C9EB53ECD282141">
				<gx:mid>/g/11f34tzjvf</gx:mid>
				<gx:fid>0xd1edcf03e9f818d:0x7d8ff5d20063fb10</gx:fid>
				<LookAt>
					<longitude>-9.487848399999999</longitude>
					<latitude>38.8006117</latitude>
					<altitude>0</altitude>
					<heading>0</heading>
					<tilt>0</tilt>
					<gx:fovy>35</gx:fovy>
					<range>801.6139419746671</range>
					<altitudeMode>relativeToGround</altitudeMode>
				</LookAt>
				<styleUrl>#__managed_style_09B5FBA38B40DE0E8CCF</styleUrl>
				<Point>
					<altitudeMode>relativeToGround</altitudeMode>
					<coordinates>-9.487848399999999,38.8006117,0</coordinates>
				</Point>
			</Placemark>
			<Placemark id="02BB601A273ECD2877F9">
				<gx:mid>/g/1225km2f</gx:mid>
				<gx:fid>0xd1edb21650cb401:0xe5ebfeb1a33b956e</gx:fid>
				<LookAt>
					<longitude>-9.460520299999999</longitude>
					<latitude>38.7685347</latitude>
					<altitude>0</altitude>
					<heading>0</heading>
					<tilt>0</tilt>
					<gx:fovy>35</gx:fovy>
					<range>802.0092873302038</range>
					<altitudeMode>relativeToGround</altitudeMode>
				</LookAt>
				<styleUrl>#__managed_style_09B5FBA38B40DE0E8CCF</styleUrl>
				<Point>
					<altitudeMode>relativeToGround</altitudeMode>
					<coordinates>-9.460520299999999,38.7685347,0</coordinates>
				</Point>
			</Placemark>
			<Placemark id="0688457F693ECD2974D8">
				<gx:mid>/m/01f2zz</gx:mid>
				<gx:fid>0xd1934773e51dc9b:0x926e1d1ce1b76219</gx:fid>
				<LookAt>
					<longitude>-9.132953499999999</longitude>
					<latitude>38.7098339</latitude>
					<altitude>0</altitude>
					<heading>0</heading>
					<tilt>0</tilt>
					<gx:fovy>35</gx:fovy>
					<range>802.7321350419262</range>
					<altitudeMode>relativeToGround</altitudeMode>
				</LookAt>
				<styleUrl>#__managed_style_1606F1E02140DE0E8CD9</styleUrl>
				<Point>
					<altitudeMode>relativeToGround</altitudeMode>
					<coordinates>-9.132953499999999,38.7098339,0</coordinates>
				</Point>
			</Placemark>
			<Placemark id="0D73B66CF33ECD29AE19">
				<gx:mid>/g/12135z7d</gx:mid>
				<gx:fid>0xd193477184e1559:0x7b12b94564509ce9</gx:fid>
				<LookAt>
					<longitude>-9.132356</longitude>
					<latitude>38.71045900000001</latitude>
					<altitude>0</altitude>
					<heading>0</heading>
					<tilt>0</tilt>
					<gx:fovy>35</gx:fovy>
					<range>802.7244418111043</range>
					<altitudeMode>relativeToGround</altitudeMode>
				</LookAt>
				<styleUrl>#__managed_style_063D7E0BBD40DE0E8CCE</styleUrl>
				<Point>
					<altitudeMode>relativeToGround</altitudeMode>
					<coordinates>-9.1323366,38.7104236,0</coordinates>
				</Point>
			</Placemark>
			<Placemark id="0EA10F5F3C3ECD2A4D50">
				<gx:mid>/g/11frpv0ngf</gx:mid>
				<gx:fid>0xd1931cf88df58a7:0xa79f9226ca5e8379</gx:fid>
				<LookAt>
					<longitude>-9.092342199999999</longitude>
					<latitude>38.76738029999999</latitude>
					<altitude>0</altitude>
					<heading>0</heading>
					<tilt>0</tilt>
					<gx:fovy>35</gx:fovy>
					<range>802.0235106236707</range>
					<altitudeMode>relativeToGround</altitudeMode>
				</LookAt>
				<styleUrl>#__managed_style_09B5FBA38B40DE0E8CCF</styleUrl>
				<Point>
					<altitudeMode>relativeToGround</altitudeMode>
					<coordinates>-9.092342199999999,38.7673803,0</coordinates>
				</Point>
			</Placemark>
			<Placemark id="095C2F4F843ECD2DBD88">
				<gx:mid>/m/04lhwq_</gx:mid>
				<gx:fid>0xd193323a502a477:0x44abde7aadf0d25d</gx:fid>
				<LookAt>
					<longitude>-9.169203900000001</longitude>
					<latitude>38.7430914</latitude>
					<altitude>0</altitude>
					<heading>0</heading>
					<tilt>0</tilt>
					<gx:fovy>35</gx:fovy>
					<range>802.3226993069297</range>
					<altitudeMode>relativeToGround</altitudeMode>
				</LookAt>
				<styleUrl>#__managed_style_08841FB19840DE0E8CDB</styleUrl>
				<Point>
					<altitudeMode>relativeToGround</altitudeMode>
					<coordinates>-9.169203899999999,38.7430914,0</coordinates>
				</Point>
			</Placemark>
			<Placemark id="063F216D763ECD2F1C08">
				<gx:mid>/m/02w7hk5</gx:mid>
				<gx:fid>0xd1ecb456222654f:0x1b76d724a27a8bd</gx:fid>
				<LookAt>
					<longitude>-9.197484999999999</longitude>
					<latitude>38.6965545</latitude>
					<altitude>0</altitude>
					<heading>0</heading>
					<tilt>0</tilt>
					<gx:fovy>35</gx:fovy>
					<range>802.8955453157317</range>
					<altitudeMode>relativeToGround</altitudeMode>
				</LookAt>
				<styleUrl>#__managed_style_063D7E0BBD40DE0E8CCE</styleUrl>
				<Point>
					<altitudeMode>relativeToGround</altitudeMode>
					<coordinates>-9.197485,38.6965545,0</coordinates>
				</Point>
			</Placemark>
			<Placemark id="0FD3DB3FCF3ECD2FAEEF">
				<gx:mid>/m/0g1vn_</gx:mid>
				<gx:fid>0xd1ec4208881a141:0x1a9184730531673b</gx:fid>
				<LookAt>
					<longitude>-9.430687499999998</longitude>
					<latitude>38.6913127</latitude>
					<altitude>0</altitude>
					<heading>0</heading>
					<tilt>0</tilt>
					<gx:fovy>35</gx:fovy>
					<range>802.9600369809915</range>
					<altitudeMode>relativeToGround</altitudeMode>
				</LookAt>
				<styleUrl>#__managed_style_09B5FBA38B40DE0E8CCF</styleUrl>
				<Point>
					<altitudeMode>relativeToGround</altitudeMode>
					<coordinates>-9.430687499999999,38.6913127,0</coordinates>
				</Point>
			</Placemark>
			<Placemark id="0DB74DD4EE3ECD2FF3B8">
				<gx:mid>/g/121m88n2</gx:mid>
				<gx:fid>0xd1ec4299f09d451:0x707a4a60d4a40776</gx:fid>
				<LookAt>
					<longitude>-9.4193804</longitude>
					<latitude>38.6939198</latitude>
					<altitude>0</altitude>
					<heading>0</heading>
					<tilt>0</tilt>
					<gx:fovy>35</gx:fovy>
					<range>802.9279617516656</range>
					<altitudeMode>relativeToGround</altitudeMode>
				</LookAt>
				<styleUrl>#__managed_style_09B5FBA38B40DE0E8CCF</styleUrl>
				<Point>
					<altitudeMode>relativeToGround</altitudeMode>
					<coordinates>-9.4193804,38.6939198,0</coordinates>
				</Point>
			</Placemark>
			<Placemark id="0C390B985A3ECD307ABF">
				<gx:mid>/g/11xw3q163r</gx:mid>
				<gx:fid>0xd1ec50062de1f31:0x22439f66b0ee1e26</gx:fid>
				<LookAt>
					<longitude>-9.420453200000001</longitude>
					<latitude>38.69707940000001</latitude>
					<altitude>0</altitude>
					<heading>0</heading>
					<tilt>0</tilt>
					<gx:fovy>35</gx:fovy>
					<range>802.8890869307058</range>
					<altitudeMode>relativeToGround</altitudeMode>
				</LookAt>
				<styleUrl>#__managed_style_09B5FBA38B40DE0E8CCF</styleUrl>
				<Point>
					<altitudeMode>relativeToGround</altitudeMode>
					<coordinates>-9.420453199999999,38.6970794,0</coordinates>
				</Point>
			</Placemark>
			<Placemark id="09C2E5B27D3ECF98836C">
				<gx:mid>/g/11y0zjgrwn</gx:mid>
				<gx:fid>0xd1ec50041aa33ed:0x6976ad537a27dc25</gx:fid>
				<LookAt>
					<longitude>-9.4137386</longitude>
					<latitude>38.7008</latitude>
					<altitude>0</altitude>
					<heading>0</heading>
					<tilt>0</tilt>
					<gx:fovy>35</gx:fovy>
					<range>802.8433066799978</range>
					<altitudeMode>relativeToGround</altitudeMode>
				</LookAt>
				<styleUrl>#__managed_style_1842B1047040DE0E8CD0</styleUrl>
				<Point>
					<altitudeMode>relativeToGround</altitudeMode>
					<coordinates>-9.4137386,38.7008,0</coordinates>
				</Point>
			</Placemark>
			<Placemark id="03A89506BC3ECF98ED59">
				<gx:mid>/g/11vb1211mc</gx:mid>
				<gx:fid>0xd1ec54b45ebfca5:0x70b7c7e0fabb3b95</gx:fid>
				<LookAt>
					<longitude>-9.417941899999997</longitude>
					<latitude>38.69933100000001</latitude>
					<altitude>0</altitude>
					<heading>0</heading>
					<tilt>0</tilt>
					<gx:fovy>35</gx:fovy>
					<range>802.8613824344808</range>
					<altitudeMode>relativeToGround</altitudeMode>
				</LookAt>
				<styleUrl>#__managed_style_1842B1047040DE0E8CD0</styleUrl>
				<Point>
					<altitudeMode>relativeToGround</altitudeMode>
					<coordinates>-9.417941899999999,38.699331,0</coordinates>
				</Point>
			</Placemark>
			<Placemark id="05C70927163ECF991570">
				<gx:mid>/g/11bw3g2mdy</gx:mid>
				<gx:fid>0xd1ec42e62f1d325:0xc2cd84c3a544d1b8</gx:fid>
				<LookAt>
					<longitude>-9.418112950000001</longitude>
					<latitude>38.69907305</latitude>
					<altitude>0</altitude>
					<heading>0</heading>
					<tilt>0</tilt>
					<gx:fovy>35</gx:fovy>
					<range>802.8645564052297</range>
					<altitudeMode>relativeToGround</altitudeMode>
				</LookAt>
				<styleUrl>#__managed_style_4792A42E2A40DE0E8CD0</styleUrl>
				<Point>
					<altitudeMode>relativeToGround</altitudeMode>
					<coordinates>-9.4181551,38.6991402,0</coordinates>
				</Point>
			</Placemark>
			<Placemark id="016BBDF9293ECF993A3F">
				<gx:mid>/g/11bw4vw4rn</gx:mid>
				<gx:fid>0xd1ec42dc2cfe4db:0xd6d0d927bdf91f05</gx:fid>
				<LookAt>
					<longitude>-9.41648335</longitude>
					<latitude>38.7002238</latitude>
					<altitude>0</altitude>
					<heading>0</heading>
					<tilt>0</tilt>
					<gx:fovy>35</gx:fovy>
					<range>802.850396768236</range>
					<altitudeMode>relativeToGround</altitudeMode>
				</LookAt>
				<styleUrl>#__managed_style_4792A42E2A40DE0E8CD0</styleUrl>
				<Point>
					<altitudeMode>relativeToGround</altitudeMode>
					<coordinates>-9.416752199999999,38.70016409999999,0</coordinates>
				</Point>
			</Placemark>
			<Placemark id="0C44B012AD3ECF9AD20C">
				<name>טיילת</name>
				<LookAt>
					<longitude>-9.399392650503057</longitude>
					<latitude>38.69961880741349</latitude>
					<altitude>1.723589221039217</altitude>
					<heading>0</heading>
					<tilt>0</tilt>
					<gx:fovy>35</gx:fovy>
					<range>8599.2817128764</range>
					<altitudeMode>absolute</altitudeMode>
				</LookAt>
				<styleUrl>#__managed_style_0435F0FB1E40DE0E8CDE</styleUrl>
				<LineString>
					<coordinates>
						-9.417233680173583,38.70017431705126,0 -9.416407171760483,38.7007110147615,0 -9.415931530415703,38.70061086318769,0 -9.415695413438813,38.70086167677731,0 -9.415107305621618,38.7009612256191,0 -9.415084380712296,38.70101735131662,0 -9.41461385569321,38.70100281704715,0 -9.414306918109,38.70103264774188,0 -9.41390106352555,38.7010737809988,0 -9.413652057218625,38.70079391149766,0 -9.41342490650004,38.70073100071413,0 -9.413247845450588,38.7008160552186,0 -9.413146720602732,38.70103295601741,0 -9.413001240170132,38.7013576817487,0 -9.41277948741936,38.70146860568103,0 -9.412502529246126,38.70150157981866,0 -9.412249349525936,38.70160262874523,0 -9.411797082800936,38.70167012872889,0 -9.411084524970555,38.70168903086836,0 -9.410585360320402,38.7018197400652,0 -9.410135240211057,38.70197483566212,0 -9.409616034380356,38.70211289233296,0 -9.409581824117385,38.70207862985708,0 -9.409139716772222,38.70212859842897,0 -9.408546419895044,38.70223666697261,0 -9.407719158095681,38.70269070862164,0 -9.407230109723082,38.70307711885439,0 -9.405754292699564,38.70367951445631,0 -9.404969812251792,38.70375372133019,0 -9.404446084297147,38.70376030924076,0 -9.403644194348095,38.70364283486379,0 -9.403407057813766,38.70346406075259,0 -9.402508248981485,38.70345300832119,0 -9.401875632093001,38.70335915059282,0 -9.401007293497482,38.70318041526863,0 -9.400565743149009,38.70303302489273,0 -9.400294498294901,38.7029505428186,0 -9.399815654740554,38.70303972845404,0 -9.398961758618302,38.70296741854894,0 -9.398272498206357,38.7028892858383,0 -9.398135126082101,38.70263523500903,0 -9.3973384972009,38.70223592679623,0 
					</coordinates>
				</LineString>
			</Placemark>
			<Placemark id="04219DAE8B3ECF9BD084">
				<name>Rua Amarela - מדרחוב קטן עם מסעדות</name>
				<LookAt>
					<longitude>-9.4219159</longitude>
					<latitude>38.69835760000001</latitude>
					<altitude>0</altitude>
					<heading>0</heading>
					<tilt>0</tilt>
					<gx:fovy>35</gx:fovy>
					<range>802.8733596461817</range>
					<altitudeMode>relativeToGround</altitudeMode>
				</LookAt>
				<styleUrl>#__managed_style_5073EF457A40DE0E8CD4</styleUrl>
				<Point>
					<altitudeMode>relativeToGround</altitudeMode>
					<coordinates>-9.4219159,38.6983576,0</coordinates>
				</Point>
			</Placemark>
			<Placemark id="015ECCF9193ECF9C7FF7">
				<name>Rua Amarela - רחוב מרכזי</name>
				<LookAt>
					<longitude>-9.421143289856838</longitude>
					<latitude>38.69811354800938</latitude>
					<altitude>11.52963530250745</altitude>
					<heading>351.9473091129421</heading>
					<tilt>0</tilt>
					<gx:fovy>35</gx:fovy>
					<range>630.1101563865814</range>
					<altitudeMode>absolute</altitudeMode>
				</LookAt>
				<styleUrl>#__managed_style_246825998340DE0E8CD0</styleUrl>
				<LineString>
					<coordinates>
						-9.421762192926222,38.69815988405718,0 -9.422234508662013,38.69875510914412,0 -9.421961199230728,38.69840963570453,0 -9.422192709807026,38.69830878952227,0 -9.421960268577942,38.69840947601861,0 -9.421614489916708,38.69859570467931,0 -9.42185824762047,38.69887324107774,0 
					</coordinates>
				</LineString>
			</Placemark>
			<Placemark id="01AE1F151F3ECFB22534">
				<name>הרחוב המרכזי</name>
				<LookAt>
					<longitude>-9.420060917141953</longitude>
					<latitude>38.69700950024463</latitude>
					<altitude>6.603171705447293</altitude>
					<heading>1.927155590100118e-10</heading>
					<tilt>0.1205644377421721</tilt>
					<gx:fovy>59.01039313989856</gx:fovy>
					<range>218.8068288103386</range>
					<altitudeMode>absolute</altitudeMode>
				</LookAt>
				<styleUrl>#__managed_style_246825998340DE0E8CD0</styleUrl>
				<LineString>
					<coordinates>
						-9.418564152007487,38.69999545030683,0 -9.418344492267021,38.69942764757369,0 -9.418780926723676,38.69914355503863,0 -9.419398704307824,38.69880993681785,0 -9.420095219037027,38.6983583540342,0 -9.420317392852551,38.69825690301048,0 -9.420753054600988,38.69877166998758,0 -9.420810543258064,38.69886997444151,0 -9.420973332100161,38.69883628178556,0 -9.420841669297779,38.69843587970549,0 -9.420678313659284,38.6980450446031,0 -9.420611496606742,38.69785807524033,0 -9.420562636013761,38.69753954529808,0 -9.421045559474642,38.69730570397247,0 -9.420817482334577,38.69710907294937,0 -9.420308441353241,38.69679139223474,0 
					</coordinates>
				</LineString>
			</Placemark>
			<Placemark id="02BC4CD3793ED1C043F8">
				<gx:mid>/g/11b7f09rms</gx:mid>
				<gx:fid>0xd1934798513cc35:0xd0a1912819fec71e</gx:fid>
				<LookAt>
					<longitude>-9.138915599999999</longitude>
					<latitude>38.70860440000001</latitude>
					<altitude>0</altitude>
					<heading>0</heading>
					<tilt>0</tilt>
					<gx:fovy>35</gx:fovy>
					<range>802.7472664733599</range>
					<altitudeMode>relativeToGround</altitudeMode>
				</LookAt>
				<styleUrl>#__managed_style_063D7E0BBD40DE0E8CCE</styleUrl>
				<Point>
					<altitudeMode>relativeToGround</altitudeMode>
					<coordinates>-9.138915599999999,38.7086044,0</coordinates>
				</Point>
			</Placemark>
		</Folder>
		<Folder id="07B29013D1386FCBA6C7">
			<name>מסעדות</name>
			<styleUrl>#__managed_style_2B0749E93D40DE0E8CD4</styleUrl>
			<Placemark id="0D5A06E6C832E3D604B1">
				<name>Restaurante Ponto Final</name>
				<gx:mid>/g/1tdq__5j</gx:mid>
				<gx:fid>0xd1ecad6ef88dbb1:0xb810f2f1726bd837</gx:fid>
				<LookAt>
					<longitude>-9.157701699999999</longitude>
					<latitude>38.6849737</latitude>
					<altitude>0</altitude>
					<heading>0</heading>
					<tilt>0</tilt>
					<gx:fovy>35</gx:fovy>
					<range>803.0380191406223</range>
					<altitudeMode>relativeToGround</altitudeMode>
				</LookAt>
				<styleUrl>#__managed_style_56582F500D40DE0E8CD0</styleUrl>
				<Point>
					<altitudeMode>relativeToGround</altitudeMode>
					<coordinates>-9.157701699999999,38.6849737,0</coordinates>
				</Point>
			</Placemark>
			<Placemark id="0B43AA29AC3ECAECA2DE">
				<gx:mid>/g/11v9lh30gx</gx:mid>
				<gx:fid>0xd1935515e740639:0xeaedd971328b8171</gx:fid>
				<LookAt>
					<longitude>-9.144608200000002</longitude>
					<latitude>38.70513789999999</latitude>
					<altitude>0</altitude>
					<heading>0</heading>
					<tilt>0</tilt>
					<gx:fovy>35</gx:fovy>
					<range>802.7899266822329</range>
					<altitudeMode>relativeToGround</altitudeMode>
				</LookAt>
				<styleUrl>#__managed_style_56582F500D40DE0E8CD0</styleUrl>
				<Point>
					<altitudeMode>relativeToGround</altitudeMode>
					<coordinates>-9.1446082,38.7051379,0</coordinates>
				</Point>
			</Placemark>
			<Placemark id="0EFDBA632E3ECAECE54C">
				<gx:mid>/g/11y30_35lx</gx:mid>
				<gx:fid>0xd19351c016f168d:0xd682f7ea79e02455</gx:fid>
				<LookAt>
					<longitude>-9.144089599999999</longitude>
					<latitude>38.7053261</latitude>
					<altitude>0</altitude>
					<heading>0</heading>
					<tilt>0</tilt>
					<gx:fovy>35</gx:fovy>
					<range>802.7876106871519</range>
					<altitudeMode>relativeToGround</altitudeMode>
				</LookAt>
				<styleUrl>#__managed_style_56582F500D40DE0E8CD0</styleUrl>
				<Point>
					<altitudeMode>relativeToGround</altitudeMode>
					<coordinates>-9.144089599999999,38.7053261,0</coordinates>
				</Point>
			</Placemark>
			<Placemark id="0677DA5CCB3ECB559958">
				<gx:mid>/g/11xcv1lx_6</gx:mid>
				<gx:fid>0xd1935004cb036b5:0xe9b7065e8fbb367b</gx:fid>
				<LookAt>
					<longitude>-9.145732299999999</longitude>
					<latitude>38.7067166</latitude>
					<altitude>0</altitude>
					<heading>0</heading>
					<tilt>0</tilt>
					<gx:fovy>35</gx:fovy>
					<range>802.7704988896229</range>
					<altitudeMode>relativeToGround</altitudeMode>
				</LookAt>
				<styleUrl>#__managed_style_56582F500D40DE0E8CD0</styleUrl>
				<Point>
					<altitudeMode>relativeToGround</altitudeMode>
					<coordinates>-9.145732299999999,38.7067166,0</coordinates>
				</Point>
			</Placemark>
			<Placemark id="05FC6B71563ECB90811C">
				<gx:mid>/g/1v9ld15_</gx:mid>
				<gx:fid>0xd1934a402ca0f93:0xaa65329d35966ee1</gx:fid>
				<LookAt>
					<longitude>-9.177854</longitude>
					<latitude>38.700014</latitude>
					<altitude>0</altitude>
					<heading>0</heading>
					<tilt>0</tilt>
					<gx:fovy>35</gx:fovy>
					<range>802.8529783184105</range>
					<altitudeMode>relativeToGround</altitudeMode>
				</LookAt>
				<styleUrl>#__managed_style_56582F500D40DE0E8CD0</styleUrl>
				<Point>
					<altitudeMode>relativeToGround</altitudeMode>
					<coordinates>-9.177854,38.700014,0</coordinates>
				</Point>
			</Placemark>
			<Placemark id="0F44E2AA2B3ECB9174E3">
				<gx:mid>/g/11jj_n18rl</gx:mid>
				<gx:fid>0xd1935d2cffb11cb:0xd9548e7d4fa58559</gx:fid>
				<LookAt>
					<longitude>-9.176125499999999</longitude>
					<latitude>38.700772</latitude>
					<altitude>0</altitude>
					<heading>0</heading>
					<tilt>0</tilt>
					<gx:fovy>35</gx:fovy>
					<range>802.8436512192595</range>
					<altitudeMode>relativeToGround</altitudeMode>
				</LookAt>
				<styleUrl>#__managed_style_56582F500D40DE0E8CD0</styleUrl>
				<Point>
					<altitudeMode>relativeToGround</altitudeMode>
					<coordinates>-9.176125499999999,38.700772,0</coordinates>
				</Point>
			</Placemark>
			<Placemark id="066E34477E3ECB91B334">
				<gx:mid>/g/1tkbzgz_</gx:mid>
				<gx:fid>0xd1934a527c0ac33:0xc845d6b994a6cbb7</gx:fid>
				<LookAt>
					<longitude>-9.1762187</longitude>
					<latitude>38.7006319</latitude>
					<altitude>0</altitude>
					<heading>0</heading>
					<tilt>0</tilt>
					<gx:fovy>35</gx:fovy>
					<range>802.845375143265</range>
					<altitudeMode>relativeToGround</altitudeMode>
				</LookAt>
				<styleUrl>#__managed_style_56582F500D40DE0E8CD0</styleUrl>
				<Point>
					<altitudeMode>relativeToGround</altitudeMode>
					<coordinates>-9.1762187,38.7006319,0</coordinates>
				</Point>
			</Placemark>
			<Placemark id="0FF6A9F0CD3ECC1790F9">
				<gx:mid>/g/11vwm7zy0c</gx:mid>
				<gx:fid>0xd1931bed3671c65:0x40949416bdf60097</gx:fid>
				<LookAt>
					<longitude>-9.093979399999998</longitude>
					<latitude>38.75717879999999</latitude>
					<altitude>0</altitude>
					<heading>0</heading>
					<tilt>0</tilt>
					<gx:fovy>35</gx:fovy>
					<range>802.1491889375218</range>
					<altitudeMode>relativeToGround</altitudeMode>
				</LookAt>
				<styleUrl>#__managed_style_56582F500D40DE0E8CD0</styleUrl>
				<Point>
					<altitudeMode>relativeToGround</altitudeMode>
					<coordinates>-9.0939794,38.7571788,0</coordinates>
				</Point>
			</Placemark>
			<Placemark id="07478AF7B83ECC280F91">
				<gx:mid>/g/11sk1g1fsz</gx:mid>
				<gx:fid>0xd1933b37f86b4ed:0x719e9ad80033198e</gx:fid>
				<LookAt>
					<longitude>-9.100895999999999</longitude>
					<latitude>38.7436933</latitude>
					<altitude>0</altitude>
					<heading>0</heading>
					<tilt>0</tilt>
					<gx:fovy>35</gx:fovy>
					<range>802.315286845741</range>
					<altitudeMode>relativeToGround</altitudeMode>
				</LookAt>
				<styleUrl>#__managed_style_56582F500D40DE0E8CD0</styleUrl>
				<Point>
					<altitudeMode>relativeToGround</altitudeMode>
					<coordinates>-9.100895999999999,38.7436933,0</coordinates>
				</Point>
			</Placemark>
			<Placemark id="045D22E4B63ECC84E2A3">
				<gx:mid>/g/11bwm2zn0b</gx:mid>
				<gx:fid>0xd19348736d8920d:0xc15c9083073bbd28</gx:fid>
				<LookAt>
					<longitude>-9.147287999999998</longitude>
					<latitude>38.7070488</latitude>
					<altitude>0</altitude>
					<heading>0</heading>
					<tilt>0</tilt>
					<gx:fovy>35</gx:fovy>
					<range>802.7664106956074</range>
					<altitudeMode>relativeToGround</altitudeMode>
				</LookAt>
				<styleUrl>#__managed_style_56582F500D40DE0E8CD0</styleUrl>
				<Point>
					<altitudeMode>relativeToGround</altitudeMode>
					<coordinates>-9.1473,38.7070508,0</coordinates>
				</Point>
			</Placemark>
			<Placemark id="01D0BAE93F3ECC85E16C">
				<gx:mid>/g/11q1s6fn2r</gx:mid>
				<gx:fid>0xd1933eeb6614bdb:0x97ed1ad71b49ec8d</gx:fid>
				<LookAt>
					<longitude>-9.1462494</longitude>
					<latitude>38.7155296</latitude>
					<altitude>0</altitude>
					<heading>0</heading>
					<tilt>0</tilt>
					<gx:fovy>35</gx:fovy>
					<range>802.662033487647</range>
					<altitudeMode>relativeToGround</altitudeMode>
				</LookAt>
				<styleUrl>#__managed_style_56582F500D40DE0E8CD0</styleUrl>
				<Point>
					<altitudeMode>relativeToGround</altitudeMode>
					<coordinates>-9.1462494,38.7155296,0</coordinates>
				</Point>
			</Placemark>
			<Placemark id="0881D442183ECC86499C">
				<gx:mid>/g/11dftlzbp2</gx:mid>
				<gx:fid>0xd193386d55361b1:0xc9e1963712eabb53</gx:fid>
				<LookAt>
					<longitude>-9.140089399999999</longitude>
					<latitude>38.7158971</latitude>
					<altitude>0</altitude>
					<heading>0</heading>
					<tilt>0</tilt>
					<gx:fovy>35</gx:fovy>
					<range>802.6575101050415</range>
					<altitudeMode>relativeToGround</altitudeMode>
				</LookAt>
				<styleUrl>#__managed_style_56582F500D40DE0E8CD0</styleUrl>
				<Point>
					<altitudeMode>relativeToGround</altitudeMode>
					<coordinates>-9.140089399999999,38.7158971,0</coordinates>
				</Point>
			</Placemark>
			<Placemark id="07429F94FA3ECCE64C96">
				<gx:mid>/g/11gzn1_wd1</gx:mid>
				<gx:fid>0xd193340a02eaeed:0xeb2fad319929ea05</gx:fid>
				<LookAt>
					<longitude>-9.1463754</longitude>
					<latitude>38.7156866</latitude>
					<altitude>0</altitude>
					<heading>0</heading>
					<tilt>0</tilt>
					<gx:fovy>35</gx:fovy>
					<range>802.6601010532933</range>
					<altitudeMode>relativeToGround</altitudeMode>
				</LookAt>
				<styleUrl>#__managed_style_56582F500D40DE0E8CD0</styleUrl>
				<Point>
					<altitudeMode>relativeToGround</altitudeMode>
					<coordinates>-9.146377599999999,38.7156887,0</coordinates>
				</Point>
			</Placemark>
			<Placemark id="05786407B13ECCE75193">
				<gx:mid>/g/11ssx9nyyq</gx:mid>
				<gx:fid>0xd1933d2cf023213:0xa200ff7a0adc275d</gx:fid>
				<LookAt>
					<longitude>-9.149148800000001</longitude>
					<latitude>38.7203755</latitude>
					<altitude>0</altitude>
					<heading>0</heading>
					<tilt>0</tilt>
					<gx:fovy>35</gx:fovy>
					<range>802.6023850303984</range>
					<altitudeMode>relativeToGround</altitudeMode>
				</LookAt>
				<styleUrl>#__managed_style_56582F500D40DE0E8CD0</styleUrl>
				<Point>
					<altitudeMode>relativeToGround</altitudeMode>
					<coordinates>-9.149148799999999,38.7203755,0</coordinates>
				</Point>
			</Placemark>
			<Placemark id="06D27946D532E3D3D31E">
				<name>Javá Rooftop</name>
				<gx:mid>/g/11ppmpscr7</gx:mid>
				<gx:fid>0xd1935ec2756417f:0xe4d9c3821957d4bd</gx:fid>
				<LookAt>
					<longitude>-9.1468819</longitude>
					<latitude>38.70766209999999</latitude>
					<altitude>0</altitude>
					<heading>0</heading>
					<tilt>0</tilt>
					<gx:fovy>35</gx:fovy>
					<range>802.7588630968739</range>
					<altitudeMode>relativeToGround</altitudeMode>
				</LookAt>
				<styleUrl>#__managed_style_3CD3AF55EB40DE0E8CDC</styleUrl>
				<Point>
					<altitudeMode>relativeToGround</altitudeMode>
					<coordinates>-9.1468819,38.7076621,0</coordinates>
				</Point>
			</Placemark>
			<Placemark id="000914D59E3ECCEA9BAB">
				<gx:mid>/g/11gpnc8qnh</gx:mid>
				<gx:fid>0xd1933d2b18b4937:0x6484fe39998d51c5</gx:fid>
				<LookAt>
					<longitude>-9.1472844</longitude>
					<latitude>38.7210514</latitude>
					<altitude>0</altitude>
					<heading>0</heading>
					<tilt>0</tilt>
					<gx:fovy>35</gx:fovy>
					<range>802.5940648953265</range>
					<altitudeMode>relativeToGround</altitudeMode>
				</LookAt>
				<styleUrl>#__managed_style_3CD3AF55EB40DE0E8CDC</styleUrl>
				<Point>
					<altitudeMode>relativeToGround</altitudeMode>
					<coordinates>-9.1472844,38.7210514,0</coordinates>
				</Point>
			</Placemark>
		</Folder>
		<Folder id="08844FB731386FCBAC47">
			<name>בתי קפה / בראנץ׳</name>
			<styleUrl>#__managed_style_2B0749E93D40DE0E8CD4</styleUrl>
			<Placemark id="0C78FC497532E3CF6A99">
				<name>Augusto Lisboa</name>
				<gx:mid>/g/11clswhyyx</gx:mid>
				<gx:fid>0xd193389e1321eb7:0x17eb750a56e10024</gx:fid>
				<LookAt>
					<longitude>-9.1302073</longitude>
					<latitude>38.71442529999999</latitude>
					<altitude>0</altitude>
					<heading>0</heading>
					<tilt>0</tilt>
					<gx:fovy>35</gx:fovy>
					<range>802.6756255975506</range>
					<altitudeMode>relativeToGround</altitudeMode>
				</LookAt>
				<styleUrl>#__managed_style_079576BE0C40DE0E8CD0</styleUrl>
				<Point>
					<altitudeMode>relativeToGround</altitudeMode>
					<coordinates>-9.130232299999999,38.7144063,0</coordinates>
				</Point>
			</Placemark>
			<Placemark id="0ED2F92EAC32E3D01F83">
				<name>Dear Breakfast</name>
				<gx:mid>/g/11hdxnvnw_</gx:mid>
				<gx:fid>0xd193521f7d2f86d:0x62723308dd205061</gx:fid>
				<LookAt>
					<longitude>-9.139506000000001</longitude>
					<latitude>38.709007</latitude>
					<altitude>0</altitude>
					<heading>0</heading>
					<tilt>0</tilt>
					<gx:fovy>35</gx:fovy>
					<range>802.7423117229583</range>
					<altitudeMode>relativeToGround</altitudeMode>
				</LookAt>
				<styleUrl>#__managed_style_079576BE0C40DE0E8CD0</styleUrl>
				<Point>
					<altitudeMode>relativeToGround</altitudeMode>
					<coordinates>-9.139505999999999,38.709007,0</coordinates>
				</Point>
			</Placemark>
			<Placemark id="04B67D519B32E3D0C066">
				<name>Tomorrow at 9 Cafe</name>
				<gx:mid>/g/11trv90b2_</gx:mid>
				<gx:fid>0xd1933142b18c691:0x553908f080476e4a</gx:fid>
				<LookAt>
					<longitude>-9.1485194</longitude>
					<latitude>38.7301076</latitude>
					<altitude>0</altitude>
					<heading>0</heading>
					<tilt>0</tilt>
					<gx:fovy>35</gx:fovy>
					<range>802.4825751941269</range>
					<altitudeMode>relativeToGround</altitudeMode>
				</LookAt>
				<styleUrl>#__managed_style_079576BE0C40DE0E8CD0</styleUrl>
				<Point>
					<altitudeMode>relativeToGround</altitudeMode>
					<coordinates>-9.1485194,38.7301076,0</coordinates>
				</Point>
			</Placemark>
			<Placemark id="0763CF4A8D32E3CA0F32">
				<name>Pastéis de Belém</name>
				<gx:mid>/g/1q5bm9555</gx:mid>
				<gx:fid>0xd1ecb452efd715b:0xffeff6c6b46d9665</gx:fid>
				<LookAt>
					<longitude>-9.203227600000002</longitude>
					<latitude>38.6975105</latitude>
					<altitude>0</altitude>
					<heading>0</heading>
					<tilt>0</tilt>
					<gx:fovy>35</gx:fovy>
					<range>802.8837826146109</range>
					<altitudeMode>relativeToGround</altitudeMode>
				</LookAt>
				<styleUrl>#__managed_style_079576BE0C40DE0E8CD0</styleUrl>
				<Point>
					<altitudeMode>relativeToGround</altitudeMode>
					<coordinates>-9.2032276,38.6975105,0</coordinates>
				</Point>
			</Placemark>
			<Placemark id="0CC932802C3ECA5D7E14">
				<gx:mid>/g/11b7sx_vjn</gx:mid>
				<gx:fid>0xd19347c5fd4e537:0x9e636ba7f6f4947f</gx:fid>
				<LookAt>
					<longitude>-9.1415828</longitude>
					<latitude>38.7056446</latitude>
					<altitude>0</altitude>
					<heading>0</heading>
					<tilt>0</tilt>
					<gx:fovy>35</gx:fovy>
					<range>802.7836911970051</range>
					<altitudeMode>relativeToGround</altitudeMode>
				</LookAt>
				<styleUrl>#__managed_style_079576BE0C40DE0E8CD0</styleUrl>
				<Point>
					<altitudeMode>relativeToGround</altitudeMode>
					<coordinates>-9.141302258822563,38.7054669921344,0</coordinates>
				</Point>
			</Placemark>
			<Placemark id="061354771C32E3D95582">
				<name>Café da Garagem</name>
				<gx:mid>/g/11b6_jhsx6</gx:mid>
				<gx:fid>0xd1933883ea42839:0x9d49eb4269c0b28d</gx:fid>
				<LookAt>
					<longitude>-9.1328792</longitude>
					<latitude>38.7148373</latitude>
					<altitude>0</altitude>
					<heading>0</heading>
					<tilt>0</tilt>
					<gx:fovy>35</gx:fovy>
					<range>802.6705545916393</range>
					<altitudeMode>relativeToGround</altitudeMode>
				</LookAt>
				<styleUrl>#__managed_style_079576BE0C40DE0E8CD0</styleUrl>
				<Point>
					<altitudeMode>relativeToGround</altitudeMode>
					<coordinates>-9.1328792,38.7148373,0</coordinates>
				</Point>
			</Placemark>
			<Placemark id="0A1E560F343ECD0023F6">
				<gx:mid>/g/11y5ft_tpm</gx:mid>
				<gx:fid>0xd1933ac48c66649:0xafba1c8e4fcced7d</gx:fid>
				<LookAt>
					<longitude>-9.129794799999999</longitude>
					<latitude>38.7182127</latitude>
					<altitude>0</altitude>
					<heading>0</heading>
					<tilt>0</tilt>
					<gx:fovy>35</gx:fovy>
					<range>802.6290077479133</range>
					<altitudeMode>relativeToGround</altitudeMode>
				</LookAt>
				<styleUrl>#__managed_style_079576BE0C40DE0E8CD0</styleUrl>
				<Point>
					<altitudeMode>relativeToGround</altitudeMode>
					<coordinates>-9.1297996,38.7182126,0</coordinates>
				</Point>
			</Placemark>
			<Placemark id="0DF1A6B18F3ECD00A91C">
				<gx:mid>/g/11f5v0hb59</gx:mid>
				<gx:fid>0xd1935bfc23ed0b3:0x75b5d95f89f7ef40</gx:fid>
				<LookAt>
					<longitude>-9.149011899999998</longitude>
					<latitude>38.70886369999999</latitude>
					<altitude>0</altitude>
					<heading>0</heading>
					<tilt>0</tilt>
					<gx:fovy>35</gx:fovy>
					<range>802.7440753034642</range>
					<altitudeMode>relativeToGround</altitudeMode>
				</LookAt>
				<styleUrl>#__managed_style_079576BE0C40DE0E8CD0</styleUrl>
				<Point>
					<altitudeMode>relativeToGround</altitudeMode>
					<coordinates>-9.1490119,38.70886369999999,0</coordinates>
				</Point>
			</Placemark>
			<Placemark id="0D6E94031E3ECD0150A4">
				<gx:mid>/g/11v5y2vk45</gx:mid>
				<gx:fid>0xd19353eef3ccc07:0x8a38ad879d9a05fe</gx:fid>
				<LookAt>
					<longitude>-9.1527479</longitude>
					<latitude>38.7111368</latitude>
					<altitude>0</altitude>
					<heading>0</heading>
					<tilt>0</tilt>
					<gx:fovy>35</gx:fovy>
					<range>802.7160998858166</range>
					<altitudeMode>relativeToGround</altitudeMode>
				</LookAt>
				<styleUrl>#__managed_style_079576BE0C40DE0E8CD0</styleUrl>
				<Point>
					<altitudeMode>relativeToGround</altitudeMode>
					<coordinates>-9.1527479,38.7111368,0</coordinates>
				</Point>
			</Placemark>
			<Placemark id="0F032404E43ECD02C511">
				<gx:mid>/g/1q5bmg1bj</gx:mid>
				<gx:fid>0xd1934789c7f87bd:0xcefed3286a39bde3</gx:fid>
				<LookAt>
					<longitude>-9.1379474</longitude>
					<latitude>38.71318610000001</latitude>
					<altitude>0</altitude>
					<heading>0</heading>
					<tilt>0</tilt>
					<gx:fovy>35</gx:fovy>
					<range>802.6908777584329</range>
					<altitudeMode>relativeToGround</altitudeMode>
				</LookAt>
				<styleUrl>#__managed_style_079576BE0C40DE0E8CD0</styleUrl>
				<Point>
					<altitudeMode>relativeToGround</altitudeMode>
					<coordinates>-9.1379474,38.7131861,0</coordinates>
				</Point>
			</Placemark>
			<Placemark id="06E3D60E8F3ECD0353C0">
				<gx:mid>/g/11mlxrc1qb</gx:mid>
				<gx:fid>0xd19352942b8b753:0xa2024b4c27569aa9</gx:fid>
				<LookAt>
					<longitude>-9.1287976</longitude>
					<latitude>38.7133861</latitude>
					<altitude>0</altitude>
					<heading>0</heading>
					<tilt>0</tilt>
					<gx:fovy>35</gx:fovy>
					<range>802.6884161690601</range>
					<altitudeMode>relativeToGround</altitudeMode>
				</LookAt>
				<styleUrl>#__managed_style_079576BE0C40DE0E8CD0</styleUrl>
				<Point>
					<altitudeMode>relativeToGround</altitudeMode>
					<coordinates>-9.1287976,38.7133861,0</coordinates>
				</Point>
			</Placemark>
			<Placemark id="0564F18D223ECD048CB0">
				<gx:mid>/g/11wp74bs0m</gx:mid>
				<gx:fid>0xd1933352db0454f:0xc67e4f124cf48fb1</gx:fid>
				<LookAt>
					<longitude>-9.1576722</longitude>
					<latitude>38.7288974</latitude>
					<altitude>0</altitude>
					<heading>0</heading>
					<tilt>0</tilt>
					<gx:fovy>35</gx:fovy>
					<range>802.4974749377574</range>
					<altitudeMode>relativeToGround</altitudeMode>
				</LookAt>
				<styleUrl>#__managed_style_079576BE0C40DE0E8CD0</styleUrl>
				<Point>
					<altitudeMode>relativeToGround</altitudeMode>
					<coordinates>-9.1576722,38.7288974,0</coordinates>
				</Point>
			</Placemark>
			<Placemark id="0E789C67A83ECD05680F">
				<gx:mid>/g/11vynznn1k</gx:mid>
				<gx:fid>0xd1ecb8adf324cdd:0xad339d47a872a7c5</gx:fid>
				<LookAt>
					<longitude>-9.1933612</longitude>
					<latitude>38.7025859</latitude>
					<altitude>0</altitude>
					<heading>0</heading>
					<tilt>0</tilt>
					<gx:fovy>35</gx:fovy>
					<range>802.8213308422642</range>
					<altitudeMode>relativeToGround</altitudeMode>
				</LookAt>
				<styleUrl>#__managed_style_079576BE0C40DE0E8CD0</styleUrl>
				<Point>
					<altitudeMode>relativeToGround</altitudeMode>
					<coordinates>-9.1933612,38.7025859,0</coordinates>
				</Point>
			</Placemark>
			<Placemark id="01C0A8CB1B3ECD0609C4">
				<gx:mid>/g/11ghfmfs7m</gx:mid>
				<gx:fid>0xd19331b67ac7289:0x92333793495d9a53</gx:fid>
				<LookAt>
					<longitude>-9.165721599999999</longitude>
					<latitude>38.71219399999999</latitude>
					<altitude>0</altitude>
					<heading>0</heading>
					<tilt>0</tilt>
					<gx:fovy>35</gx:fovy>
					<range>802.7030883318827</range>
					<altitudeMode>relativeToGround</altitudeMode>
				</LookAt>
				<styleUrl>#__managed_style_079576BE0C40DE0E8CD0</styleUrl>
				<Point>
					<altitudeMode>relativeToGround</altitudeMode>
					<coordinates>-9.165721599999999,38.712194,0</coordinates>
				</Point>
			</Placemark>
			<Placemark id="0AD76D19823ECD06757B">
				<gx:mid>/g/11rq9ny6k5</gx:mid>
				<gx:fid>0xd1933fda4b55d3b:0x120b9440db085ed1</gx:fid>
				<LookAt>
					<longitude>-9.147446800000001</longitude>
					<latitude>38.7176058</latitude>
					<altitude>0</altitude>
					<heading>0</heading>
					<tilt>0</tilt>
					<gx:fovy>35</gx:fovy>
					<range>802.636478108102</range>
					<altitudeMode>relativeToGround</altitudeMode>
				</LookAt>
				<styleUrl>#__managed_style_079576BE0C40DE0E8CD0</styleUrl>
				<Point>
					<altitudeMode>relativeToGround</altitudeMode>
					<coordinates>-9.147458199999999,38.7175952,0</coordinates>
				</Point>
			</Placemark>
			<Placemark id="0CDBF5F6993ECD0770E4">
				<gx:mid>/g/11vwkcrxvb</gx:mid>
				<gx:fid>0xd193100442b2ebb:0x57cf185ac67b2e14</gx:fid>
				<LookAt>
					<longitude>-9.092786799999999</longitude>
					<latitude>38.775051</latitude>
					<altitude>0</altitude>
					<heading>0</heading>
					<tilt>0</tilt>
					<gx:fovy>35</gx:fovy>
					<range>801.9289944514954</range>
					<altitudeMode>relativeToGround</altitudeMode>
				</LookAt>
				<styleUrl>#__managed_style_079576BE0C40DE0E8CD0</styleUrl>
				<Point>
					<altitudeMode>relativeToGround</altitudeMode>
					<coordinates>-9.092786799999999,38.775051,0</coordinates>
				</Point>
			</Placemark>
		</Folder>
		<Folder id="064C39EE8E386FCBB154">
			<name>ברים</name>
			<styleUrl>#__managed_style_2B0749E93D40DE0E8CD4</styleUrl>
			<Placemark id="0AA73CC04E32E3D67C0C">
				<name>Irmão</name>
				<gx:mid>/g/11cr_dm5df</gx:mid>
				<gx:fid>0xd1eb566116dad47:0xec67332c103e8499</gx:fid>
				<LookAt>
					<longitude>-9.2166861</longitude>
					<latitude>38.61467440000001</latitude>
					<altitude>0</altitude>
					<heading>0</heading>
					<tilt>0</tilt>
					<gx:fovy>35</gx:fovy>
					<range>803.9021973000631</range>
					<altitudeMode>relativeToGround</altitudeMode>
				</LookAt>
				<styleUrl>#__managed_style_4922F858E640DE0E8CD4</styleUrl>
				<Point>
					<altitudeMode>relativeToGround</altitudeMode>
					<coordinates>-9.2166861,38.6146744,0</coordinates>
				</Point>
			</Placemark>
			<Placemark id="08332A1BB63ECB5CEBF8">
				<gx:mid>/g/11vl7snd1v</gx:mid>
				<gx:fid>0xd193555558a7bbd:0xb7585e93290bacb7</gx:fid>
				<LookAt>
					<longitude>-9.1488953</longitude>
					<latitude>38.7097601</latitude>
					<altitude>0</altitude>
					<heading>0</heading>
					<tilt>0</tilt>
					<gx:fovy>35</gx:fovy>
					<range>802.7330433071646</range>
					<altitudeMode>relativeToGround</altitudeMode>
				</LookAt>
				<styleUrl>#__managed_style_166B6ABDD140DE0E8CD8</styleUrl>
				<Point>
					<altitudeMode>relativeToGround</altitudeMode>
					<coordinates>-9.1488952,38.709757,0</coordinates>
				</Point>
			</Placemark>
			<Placemark id="0CB8F2DE3E3ECBBB3620">
				<gx:mid>/g/11f66yt9r1</gx:mid>
				<gx:fid>0xd1935ca7cecd503:0xe2aa87d000eaa4a</gx:fid>
				<LookAt>
					<longitude>-9.1419303</longitude>
					<latitude>38.7131175</latitude>
					<altitude>0</altitude>
					<heading>0</heading>
					<tilt>0</tilt>
					<gx:fovy>35</gx:fovy>
					<range>802.6917220813968</range>
					<altitudeMode>relativeToGround</altitudeMode>
				</LookAt>
				<styleUrl>#__managed_style_166B6ABDD140DE0E8CD8</styleUrl>
				<Point>
					<altitudeMode>relativeToGround</altitudeMode>
					<coordinates>-9.1419303,38.7131175,0</coordinates>
				</Point>
			</Placemark>
			<Placemark id="0B2EF1A6E93ECD08AF21">
				<gx:mid>/g/11rrppxxp1</gx:mid>
				<gx:fid>0xd193565e23a1a4d:0x77d7d673d624467c</gx:fid>
				<LookAt>
					<longitude>-9.147734000000002</longitude>
					<latitude>38.7111904</latitude>
					<altitude>0</altitude>
					<heading>0</heading>
					<tilt>0</tilt>
					<gx:fovy>35</gx:fovy>
					<range>802.7154402069214</range>
					<altitudeMode>relativeToGround</altitudeMode>
				</LookAt>
				<styleUrl>#__managed_style_0A509F92FF40DE0E8CD4</styleUrl>
				<Point>
					<altitudeMode>relativeToGround</altitudeMode>
					<coordinates>-9.147734,38.7111904,0</coordinates>
				</Point>
			</Placemark>
			<Placemark id="05F20F59623ECD095CA9">
				<gx:mid>/g/11svnlv525</gx:mid>
				<gx:fid>0xd1935e960d80373:0x268c91a15261191c</gx:fid>
				<LookAt>
					<longitude>-9.1867208</longitude>
					<latitude>38.6985047</latitude>
					<altitude>0</altitude>
					<heading>0</heading>
					<tilt>0</tilt>
					<gx:fovy>35</gx:fovy>
					<range>802.8715496669673</range>
					<altitudeMode>relativeToGround</altitudeMode>
				</LookAt>
				<styleUrl>#__managed_style_027B842C3B40DE0E8CD3</styleUrl>
				<Point>
					<altitudeMode>relativeToGround</altitudeMode>
					<coordinates>-9.1867208,38.6985047,0</coordinates>
				</Point>
			</Placemark>
			<Placemark id="0E6BF219AA3ECD0AF256">
				<gx:mid>/g/11cs6cc9cz</gx:mid>
				<gx:fid>0xd193387a16d6ecd:0x3253a2b503cf2ed8</gx:fid>
				<LookAt>
					<longitude>-9.1370474</longitude>
					<latitude>38.7150364</latitude>
					<altitude>0</altitude>
					<heading>0</heading>
					<tilt>0</tilt>
					<gx:fovy>35</gx:fovy>
					<range>802.6681040012572</range>
					<altitudeMode>relativeToGround</altitudeMode>
				</LookAt>
				<styleUrl>#__managed_style_027B842C3B40DE0E8CD3</styleUrl>
				<Point>
					<altitudeMode>relativeToGround</altitudeMode>
					<coordinates>-9.1370474,38.7150364,0</coordinates>
				</Point>
			</Placemark>
			<Placemark id="0A2E365FB63ECD0C63F8">
				<gx:mid>/g/11b77d52dk</gx:mid>
				<gx:fid>0xd193476ea4118f7:0xab7d455e66b70aed</gx:fid>
				<LookAt>
					<longitude>-9.1305785</longitude>
					<latitude>38.7102204</latitude>
					<altitude>0</altitude>
					<heading>0</heading>
					<tilt>0</tilt>
					<gx:fovy>35</gx:fovy>
					<range>802.7273783200301</range>
					<altitudeMode>relativeToGround</altitudeMode>
				</LookAt>
				<styleUrl>#__managed_style_027B842C3B40DE0E8CD3</styleUrl>
				<Point>
					<altitudeMode>relativeToGround</altitudeMode>
					<coordinates>-9.130595,38.7102195,0</coordinates>
				</Point>
			</Placemark>
			<Placemark id="006C3657723ECD0CFC70">
				<gx:mid>/g/1vm7cq_5</gx:mid>
				<gx:fid>0xd193480e4e19303:0xb293053b1a398f17</gx:fid>
				<LookAt>
					<longitude>-9.148030799999999</longitude>
					<latitude>38.70967479999999</latitude>
					<altitude>0</altitude>
					<heading>0</heading>
					<tilt>0</tilt>
					<gx:fovy>35</gx:fovy>
					<range>802.7340931026349</range>
					<altitudeMode>relativeToGround</altitudeMode>
				</LookAt>
				<styleUrl>#__managed_style_027B842C3B40DE0E8CD3</styleUrl>
				<Point>
					<altitudeMode>relativeToGround</altitudeMode>
					<coordinates>-9.148030799999999,38.70967479999999,0</coordinates>
				</Point>
			</Placemark>
			<Placemark id="0EDDC6146E3ECD0DD784">
				<gx:mid>/g/1yfh_j3cq</gx:mid>
				<gx:fid>0xd193380a6da81ef:0x11655e1f45527ef8</gx:fid>
				<LookAt>
					<longitude>-9.141105000000001</longitude>
					<latitude>38.71347600000001</latitude>
					<altitude>0</altitude>
					<heading>0</heading>
					<tilt>0</tilt>
					<gx:fovy>35</gx:fovy>
					<range>802.6873096815378</range>
					<altitudeMode>relativeToGround</altitudeMode>
				</LookAt>
				<styleUrl>#__managed_style_0A509F92FF40DE0E8CD4</styleUrl>
				<Point>
					<altitudeMode>relativeToGround</altitudeMode>
					<coordinates>-9.141105,38.713476,0</coordinates>
				</Point>
			</Placemark>
			<Placemark id="0840A67B6E3ECD0E6760">
				<gx:mid>/g/11stgrd1gg</gx:mid>
				<gx:fid>0xd193526a72e2983:0x63965333bb7aa26c</gx:fid>
				<LookAt>
					<longitude>-9.1475867</longitude>
					<latitude>38.7086221</latitude>
					<altitude>0</altitude>
					<heading>0</heading>
					<tilt>0</tilt>
					<gx:fovy>35</gx:fovy>
					<range>802.7470486423717</range>
					<altitudeMode>relativeToGround</altitudeMode>
				</LookAt>
				<styleUrl>#__managed_style_166B6ABDD140DE0E8CD8</styleUrl>
				<Point>
					<altitudeMode>relativeToGround</altitudeMode>
					<coordinates>-9.1475867,38.7086221,0</coordinates>
				</Point>
			</Placemark>
			<Placemark id="0175342B9F3ECD0ECCE8">
				<gx:mid>/g/11h0mfg6s0</gx:mid>
				<gx:fid>0xd1935afdf4f1a4f:0x44ac9db6779ccdce</gx:fid>
				<LookAt>
					<longitude>-9.1437238</longitude>
					<latitude>38.712549</latitude>
					<altitude>0</altitude>
					<heading>0</heading>
					<tilt>0</tilt>
					<gx:fovy>35</gx:fovy>
					<range>802.6987190879629</range>
					<altitudeMode>relativeToGround</altitudeMode>
				</LookAt>
				<styleUrl>#__managed_style_0A509F92FF40DE0E8CD4</styleUrl>
				<Point>
					<altitudeMode>relativeToGround</altitudeMode>
					<coordinates>-9.1437238,38.712549,0</coordinates>
				</Point>
			</Placemark>
			<Placemark id="0B074B48D43ECD0F6977">
				<gx:mid>/g/11j4n6zxh3</gx:mid>
				<gx:fid>0xd1933fed6ad456d:0x7433d7721d0f4f7d</gx:fid>
				<LookAt>
					<longitude>-9.132680799999999</longitude>
					<latitude>38.7202256</latitude>
					<altitude>0</altitude>
					<heading>0</heading>
					<tilt>0</tilt>
					<gx:fovy>35</gx:fovy>
					<range>802.6042302416721</range>
					<altitudeMode>relativeToGround</altitudeMode>
				</LookAt>
				<styleUrl>#__managed_style_166B6ABDD140DE0E8CD8</styleUrl>
				<Point>
					<altitudeMode>relativeToGround</altitudeMode>
					<coordinates>-9.132680799999999,38.7202256,0</coordinates>
				</Point>
			</Placemark>
			<Placemark id="0F49A229EE3ECD100910">
				<gx:mid>/g/11v0y0x854</gx:mid>
				<gx:fid>0xd193379f5dfedcb:0xe36deb11d9ccd673</gx:fid>
				<LookAt>
					<longitude>-9.149895900000001</longitude>
					<latitude>38.7143939</latitude>
					<altitude>0</altitude>
					<heading>0</heading>
					<tilt>0</tilt>
					<gx:fovy>35</gx:fovy>
					<range>802.6760120754718</range>
					<altitudeMode>relativeToGround</altitudeMode>
				</LookAt>
				<styleUrl>#__managed_style_166B6ABDD140DE0E8CD8</styleUrl>
				<Point>
					<altitudeMode>relativeToGround</altitudeMode>
					<coordinates>-9.149895899999999,38.7143939,0</coordinates>
				</Point>
			</Placemark>
			<Placemark id="091687B9A53ECD10D9FC">
				<gx:mid>/g/11j4v03x00</gx:mid>
				<gx:fid>0xd19354e63fe1397:0x5eb5a78f3addc408</gx:fid>
				<LookAt>
					<longitude>-9.1463017</longitude>
					<latitude>38.70974520000001</latitude>
					<altitude>0</altitude>
					<heading>0</heading>
					<tilt>0</tilt>
					<gx:fovy>35</gx:fovy>
					<range>802.7332266830512</range>
					<altitudeMode>relativeToGround</altitudeMode>
				</LookAt>
				<styleUrl>#__managed_style_0A509F92FF40DE0E8CD4</styleUrl>
				<Point>
					<altitudeMode>relativeToGround</altitudeMode>
					<coordinates>-9.1463017,38.7097452,0</coordinates>
				</Point>
			</Placemark>
			<Placemark id="01DABDA1613ECD1191D7">
				<gx:mid>/g/11bccf5dng</gx:mid>
				<gx:fid>0xd1933789edeb53d:0xd844784c537c16a6</gx:fid>
				<LookAt>
					<longitude>-9.144731999999999</longitude>
					<latitude>38.7181791</latitude>
					<altitude>0</altitude>
					<heading>0</heading>
					<tilt>0</tilt>
					<gx:fovy>35</gx:fovy>
					<range>802.6294213341585</range>
					<altitudeMode>relativeToGround</altitudeMode>
				</LookAt>
				<styleUrl>#__managed_style_166B6ABDD140DE0E8CD8</styleUrl>
				<Point>
					<altitudeMode>relativeToGround</altitudeMode>
					<coordinates>-9.144731999999999,38.7181791,0</coordinates>
				</Point>
			</Placemark>
			<Placemark id="04D83AFFDF3ECD122B70">
				<gx:mid>/g/11vqn8g7fy</gx:mid>
				<gx:fid>0xd193570acf4704f:0x44877174a4d5ca9d</gx:fid>
				<LookAt>
					<longitude>-9.142807900000001</longitude>
					<latitude>38.7073226</latitude>
					<altitude>0</altitude>
					<heading>0</heading>
					<tilt>0</tilt>
					<gx:fovy>35</gx:fovy>
					<range>802.7630411770143</range>
					<altitudeMode>relativeToGround</altitudeMode>
				</LookAt>
				<styleUrl>#__managed_style_0A509F92FF40DE0E8CD4</styleUrl>
				<Point>
					<altitudeMode>relativeToGround</altitudeMode>
					<coordinates>-9.142807899999999,38.7073226,0</coordinates>
				</Point>
			</Placemark>
		</Folder>
	</Folder>
	<Folder id="0B9DC7A2C1386FCB15F4">
		<name>פורטו</name>
		<styleUrl>#__managed_style_2B0749E93D40DE0E8CD4</styleUrl>
		<Placemark id="054AB886C735A1F47BBC">
			<name>Miradouro da Vitória</name>
			<gx:mid>/g/11b7c4ky1h</gx:mid>
			<gx:fid>0xd2464e1fb67ccaf:0x83772eddb20da5</gx:fid>
			<LookAt>
				<longitude>-8.6158324</longitude>
				<latitude>41.1430829</latitude>
				<altitude>0</altitude>
				<heading>0</heading>
				<tilt>0</tilt>
				<gx:fovy>35</gx:fovy>
				<range>772.0956043848358</range>
				<altitudeMode>relativeToGround</altitudeMode>
			</LookAt>
			<styleUrl>#__managed_style_1842B1047040DE0E8CD0</styleUrl>
			<Point>
				<altitudeMode>relativeToGround</altitudeMode>
				<coordinates>-8.6158324,41.1430829,0</coordinates>
			</Point>
		</Placemark>
		<Placemark id="0389FB1BC335A20EDDEB">
			<name>Jardín del Infante Dom Henrique</name>
			<gx:mid>/g/11clgb_0vm</gx:mid>
			<gx:fid>0xd2464e034555555:0x4791b88be277fa47</gx:fid>
			<LookAt>
				<longitude>-8.615000699999998</longitude>
				<latitude>41.1412639</latitude>
				<altitude>0</altitude>
				<heading>0</heading>
				<tilt>0</tilt>
				<gx:fovy>35</gx:fovy>
				<range>772.1190121986326</range>
				<altitudeMode>relativeToGround</altitudeMode>
			</LookAt>
			<styleUrl>#__managed_style_09B5FBA38B40DE0E8CCF</styleUrl>
			<Point>
				<altitudeMode>relativeToGround</altitudeMode>
				<coordinates>-8.6150007,41.1412639,0</coordinates>
			</Point>
		</Placemark>
		<Placemark id="097CA092EB35A211E5CB">
			<name>Pillory of Porto</name>
			<gx:mid>/g/11bwqbst_z</gx:mid>
			<gx:fid>0xd2464e1161cb11d:0x1f83459b299c00b5</gx:fid>
			<LookAt>
				<longitude>-8.611996599999999</longitude>
				<latitude>41.1425959</latitude>
				<altitude>0</altitude>
				<heading>0</heading>
				<tilt>0</tilt>
				<gx:fovy>35</gx:fovy>
				<range>772.1018714201753</range>
				<altitudeMode>relativeToGround</altitudeMode>
			</LookAt>
			<styleUrl>#__managed_style_1842B1047040DE0E8CD0</styleUrl>
			<Point>
				<altitudeMode>relativeToGround</altitudeMode>
				<coordinates>-8.612049683654764,41.14259315255695,0</coordinates>
			</Point>
		</Placemark>
		<Placemark id="0A3B79A66C35A2124170">
			<name>Miradouro da Rua das Aldas</name>
			<gx:mid>/g/11g2xdl88h</gx:mid>
			<gx:fid>0xd2465076cb1ac05:0x7abf7459b6594ee5</gx:fid>
			<LookAt>
				<longitude>-8.6125828</longitude>
				<latitude>41.1424459</latitude>
				<altitude>0</altitude>
				<heading>0</heading>
				<tilt>0</tilt>
				<gx:fovy>35</gx:fovy>
				<range>772.1038017078484</range>
				<altitudeMode>relativeToGround</altitudeMode>
			</LookAt>
			<styleUrl>#__managed_style_1842B1047040DE0E8CD0</styleUrl>
			<Point>
				<altitudeMode>relativeToGround</altitudeMode>
				<coordinates>-8.612534799999999,41.1424701,0</coordinates>
			</Point>
		</Placemark>
		<Placemark id="058AE066AB35A212D5DA">
			<name>Jardim do Morro</name>
			<gx:mid>/g/1229l2gt</gx:mid>
			<gx:fid>0xd2464ddb5fa061f:0x2939ca79bfea34e7</gx:fid>
			<LookAt>
				<longitude>-8.6092935</longitude>
				<latitude>41.1371459</latitude>
				<altitude>0</altitude>
				<heading>0</heading>
				<tilt>0</tilt>
				<gx:fovy>35</gx:fovy>
				<range>772.1720019750733</range>
				<altitudeMode>relativeToGround</altitudeMode>
			</LookAt>
			<styleUrl>#__managed_style_16147CE44F40DE0E8CCF</styleUrl>
			<Point>
				<altitudeMode>relativeToGround</altitudeMode>
				<coordinates>-8.6092935,41.1371459,0</coordinates>
			</Point>
		</Placemark>
		<Placemark id="0C92AF678135A212F627">
			<name>Miradouro do Chrissy</name>
			<gx:mid>/g/11s4g98k0h</gx:mid>
			<gx:fid>0xd2465c832794eed:0xffb19f082f104be3</gx:fid>
			<LookAt>
				<longitude>-8.609891900000001</longitude>
				<latitude>41.13744680000001</latitude>
				<altitude>0</altitude>
				<heading>0</heading>
				<tilt>0</tilt>
				<gx:fovy>35</gx:fovy>
				<range>772.1681301696551</range>
				<altitudeMode>relativeToGround</altitudeMode>
			</LookAt>
			<styleUrl>#__managed_style_1842B1047040DE0E8CD0</styleUrl>
			<Point>
				<altitudeMode>relativeToGround</altitudeMode>
				<coordinates>-8.609891899999999,41.1374468,0</coordinates>
			</Point>
		</Placemark>
		<Placemark id="0EC74F4E4435A213533C">
			<name>Miradouro da Serra do Pilar</name>
			<gx:mid>/g/11c6vgn90z</gx:mid>
			<gx:fid>0xd2464dda3e4811d:0x421958cdfe9d9360</gx:fid>
			<LookAt>
				<longitude>-8.608614899999999</longitude>
				<latitude>41.1383528</latitude>
				<altitude>0</altitude>
				<heading>0</heading>
				<tilt>0</tilt>
				<gx:fovy>35</gx:fovy>
				<range>772.1564721686252</range>
				<altitudeMode>relativeToGround</altitudeMode>
			</LookAt>
			<styleUrl>#__managed_style_1842B1047040DE0E8CD0</styleUrl>
			<Point>
				<altitudeMode>relativeToGround</altitudeMode>
				<coordinates>-8.608544280849848,41.13825318302443,0</coordinates>
			</Point>
		</Placemark>
		<Placemark id="0217E81C6235A2150618">
			<name>Cais da Ribeira - טיילת לצד הנהר</name>
			<LookAt>
				<longitude>-8.615163607593676</longitude>
				<latitude>41.14021459332913</latitude>
				<altitude>26.75230318584043</altitude>
				<heading>-2.04288094668429</heading>
				<tilt>32.74779701531116</tilt>
				<gx:fovy>35</gx:fovy>
				<range>383.6001165206836</range>
				<altitudeMode>absolute</altitudeMode>
			</LookAt>
			<styleUrl>#__managed_style_4C5478F9F240DE0E8CD8</styleUrl>
			<LineString>
				<coordinates>
					-8.607064092842226,41.14136879516767,0 -8.609017337219825,41.14089519730873,0 -8.609769132063333,41.14073294616368,0 -8.610469043699291,41.14064807183716,0 -8.61162310337998,41.14050412202292,0 -8.61234740772794,41.14043030856028,0 -8.612352435732133,41.14035901974536,0 -8.613522147376557,41.14023492028682,0 -8.61361010852646,41.1402538880781,0 -8.613664125210725,41.140126481234,0 -8.614623095396327,41.140115516543,0 -8.615196887923878,41.13997827965365,0 
				</coordinates>
			</LineString>
		</Placemark>
		<Placemark id="006774781435A2187DD5">
			<name>טיילת</name>
			<LookAt>
				<longitude>-8.609420220157846</longitude>
				<latitude>41.13960221053195</latitude>
				<altitude>0.7199008379656768</altitude>
				<heading>163.9286906246367</heading>
				<tilt>0</tilt>
				<gx:fovy>35</gx:fovy>
				<range>2927.544218473777</range>
				<altitudeMode>absolute</altitudeMode>
			</LookAt>
			<styleUrl>#__managed_style_4C5478F9F240DE0E8CD8</styleUrl>
			<LineString>
				<coordinates>
					-8.615416974596185,41.13733837515318,0 -8.613258059155715,41.13781869361442,0 -8.611297025843548,41.13828033404182,0 -8.610812147321255,41.13839196870006,0 -8.610023889156844,41.13877124914314,0 -8.609557767933474,41.13902387030149,0 
				</coordinates>
			</LineString>
		</Placemark>
		<Placemark id="025D1383B635A2191467">
			<name>Praça da Ribeira</name>
			<gx:mid>/g/11q4dxd0g4</gx:mid>
			<gx:fid>0xd2465d2a9be66f5:0xd101b2269aa526cd</gx:fid>
			<LookAt>
				<longitude>-8.6129411</longitude>
				<latitude>41.1404838</latitude>
				<altitude>0</altitude>
				<heading>0</heading>
				<tilt>0</tilt>
				<gx:fovy>35</gx:fovy>
				<range>772.1290506939947</range>
				<altitudeMode>relativeToGround</altitudeMode>
			</LookAt>
			<styleUrl>#__managed_style_09B5FBA38B40DE0E8CCF</styleUrl>
			<Point>
				<altitudeMode>relativeToGround</altitudeMode>
				<coordinates>-8.6129411,41.1404838,0</coordinates>
			</Point>
		</Placemark>
		<Placemark id="0351B16CB935A2199565">
			<name>Elevador da Ribeira</name>
			<gx:mid>/g/122dm3mh</gx:mid>
			<gx:fid>0xd2464e0c5de7631:0xab6a9aeba9b251d4</gx:fid>
			<LookAt>
				<longitude>-8.6111503</longitude>
				<latitude>41.1410477</latitude>
				<altitude>0</altitude>
				<heading>0</heading>
				<tilt>0</tilt>
				<gx:fovy>35</gx:fovy>
				<range>772.1217943205837</range>
				<altitudeMode>relativeToGround</altitudeMode>
			</LookAt>
			<styleUrl>#__managed_style_1842B1047040DE0E8CD0</styleUrl>
			<Point>
				<altitudeMode>relativeToGround</altitudeMode>
				<coordinates>-8.61115136616564,41.14103697849561,0</coordinates>
			</Point>
		</Placemark>
		<Placemark id="0C2C28404135A692EC89">
			<name>Rua de Santa Catarina - מדרחוב מרכזי</name>
			<LookAt>
				<longitude>-8.605730524627289</longitude>
				<latitude>41.14884467404904</latitude>
				<altitude>89.95292109511337</altitude>
				<heading>9.454248760200729</heading>
				<tilt>0</tilt>
				<gx:fovy>34.99999988355032</gx:fovy>
				<range>1613.42625259742</range>
				<altitudeMode>absolute</altitudeMode>
			</LookAt>
			<styleUrl>#__managed_style_4C5478F9F240DE0E8CD8</styleUrl>
			<LineString>
				<coordinates>
					-8.606797865544488,41.14705709710745,0 -8.606314999181434,41.14832966478815,0 -8.605771092990247,41.14980022898133,0 -8.605363586241742,41.15091964829787,0 -8.605038797821884,41.15179888053564,0 
				</coordinates>
			</LineString>
		</Placemark>
		<Placemark id="0322958B1135A698551B">
			<name>Rua das Flores - שדרה מרכזית</name>
			<LookAt>
				<longitude>-8.614437011317781</longitude>
				<latitude>41.14315749519071</latitude>
				<altitude>60.88966721218935</altitude>
				<heading>356.2831179684355</heading>
				<tilt>0</tilt>
				<gx:fovy>35</gx:fovy>
				<range>159.1835785709009</range>
				<altitudeMode>absolute</altitudeMode>
			</LookAt>
			<styleUrl>#__managed_style_4C5478F9F240DE0E8CD8</styleUrl>
			<LineString>
				<coordinates>
					-8.611041430851618,41.14548306439229,0 -8.611219978587183,41.14512602446467,0 -8.611832724753199,41.14483511678681,0 -8.612276333441324,41.14462585261218,0 -8.612862249453642,41.14434819792029,0 -8.61330551411104,41.14412591979178,0 -8.61436663319488,41.14353139798322,0 -8.614582358003528,41.14340044862646,0 -8.6147325889009,41.14311448976859,0 -8.614759128179445,41.1428632853037,0 
				</coordinates>
			</LineString>
		</Placemark>
		<Placemark id="048700260230CCF7F6E8">
			<name>סטרוגט</name>
			<LookAt>
				<longitude>-8.616360801677565</longitude>
				<latitude>41.14909813273029</latitude>
				<altitude>88.33608809336138</altitude>
				<heading>1.379705482719877</heading>
				<tilt>0</tilt>
				<gx:fovy>84.15270787114552</gx:fovy>
				<range>105.4716359825761</range>
				<altitudeMode>absolute</altitudeMode>
			</LookAt>
			<styleUrl>#__managed_style_4C5478F9F240DE0E8CD8</styleUrl>
			<LineString>
				<coordinates>
					-8.6175974456745,41.1515569154512,0 -8.616889614893072,41.15016442377069,0 -8.616260614347393,41.14889352346322,0 
				</coordinates>
			</LineString>
		</Placemark>
		<Placemark id="073184BE403ECCED9D07">
			<gx:mid>/g/119wckfmd</gx:mid>
			<gx:fid>0xd2464e0c8cbfb51:0xdffdd074ee6ba7be</gx:fid>
			<LookAt>
				<longitude>-8.611185799999998</longitude>
				<latitude>41.1406471</latitude>
				<altitude>0</altitude>
				<heading>0</heading>
				<tilt>0</tilt>
				<gx:fovy>35</gx:fovy>
				<range>772.1269493255744</range>
				<altitudeMode>relativeToGround</altitudeMode>
			</LookAt>
			<styleUrl>#__managed_style_09B5FBA38B40DE0E8CCF</styleUrl>
			<Point>
				<altitudeMode>relativeToGround</altitudeMode>
				<coordinates>-8.611175920407579,41.14057694555767,0</coordinates>
			</Point>
		</Placemark>
		<Placemark id="0FED9ECA773ECCEEB7E4">
			<gx:mid>/g/119thhkqj</gx:mid>
			<gx:fid>0xd2464de47c4fab9:0x340a52b5ff6a66b7</gx:fid>
			<LookAt>
				<longitude>-8.612346799999999</longitude>
				<latitude>41.137701</latitude>
				<altitude>0</altitude>
				<heading>0</heading>
				<tilt>0</tilt>
				<gx:fovy>35</gx:fovy>
				<range>772.1648592567727</range>
				<altitudeMode>relativeToGround</altitudeMode>
			</LookAt>
			<styleUrl>#__managed_style_09B5FBA38B40DE0E8CCF</styleUrl>
			<Point>
				<altitudeMode>relativeToGround</altitudeMode>
				<coordinates>-8.612569705729516,41.1377061745475,0</coordinates>
			</Point>
		</Placemark>
		<Placemark id="02481BC45B3ECCF03DE8">
			<name>Rua de Santa Catarina - מדרחוב מרכזי</name>
			<LookAt>
				<longitude>-8.605819791960535</longitude>
				<latitude>41.14967634569098</latitude>
				<altitude>90.93621201517749</altitude>
				<heading>9.460684593075667</heading>
				<tilt>0</tilt>
				<gx:fovy>34.99999988356354</gx:fovy>
				<range>251.6467753240067</range>
				<altitudeMode>absolute</altitudeMode>
			</LookAt>
			<styleUrl>#__managed_style_26596D72BD40DE0E8CD3</styleUrl>
			<Point>
				<coordinates>-8.6058196930426,41.14968089889394,90.95649007478883</coordinates>
			</Point>
		</Placemark>
		<Placemark id="024A115AD93ECCF09543">
			<gx:mid>/g/1230jz3x</gx:mid>
			<gx:fid>0xd2464e3eec3e963:0x4d9777c324b29cc3</gx:fid>
			<LookAt>
				<longitude>-8.612830799999999</longitude>
				<latitude>41.144409</latitude>
				<altitude>0</altitude>
				<heading>0</heading>
				<tilt>0</tilt>
				<gx:fovy>35</gx:fovy>
				<range>772.0785389915864</range>
				<altitudeMode>relativeToGround</altitudeMode>
			</LookAt>
			<styleUrl>#__managed_style_09B5FBA38B40DE0E8CCF</styleUrl>
			<Point>
				<altitudeMode>relativeToGround</altitudeMode>
				<coordinates>-8.612830799999999,41.144409,0</coordinates>
			</Point>
		</Placemark>
		<Placemark id="0536E97A233ECCF12693">
			<gx:mid>/g/11h565rrnp</gx:mid>
			<gx:fid>0xd2465f44ab072f5:0xe3377319d0d1de5c</gx:fid>
			<LookAt>
				<longitude>-8.6136517</longitude>
				<latitude>41.1350083</latitude>
				<altitude>0</altitude>
				<heading>0</heading>
				<tilt>0</tilt>
				<gx:fovy>35</gx:fovy>
				<range>772.1995067800681</range>
				<altitudeMode>relativeToGround</altitudeMode>
			</LookAt>
			<styleUrl>#__managed_style_09B5FBA38B40DE0E8CCF</styleUrl>
			<Point>
				<altitudeMode>relativeToGround</altitudeMode>
				<coordinates>-8.6136517,41.1350083,0</coordinates>
			</Point>
		</Placemark>
		<Placemark id="0A472CFBAE3ECCF15028">
			<gx:mid>/g/11jj_sxwrl</gx:mid>
			<gx:fid>0xd246544efa0485d:0xfa3f81d94dc124cc</gx:fid>
			<LookAt>
				<longitude>-8.6134263</longitude>
				<latitude>41.1351941</latitude>
				<altitude>0</altitude>
				<heading>0</heading>
				<tilt>0</tilt>
				<gx:fovy>35</gx:fovy>
				<range>772.1971161054527</range>
				<altitudeMode>relativeToGround</altitudeMode>
			</LookAt>
			<styleUrl>#__managed_style_063D7E0BBD40DE0E8CCE</styleUrl>
			<Point>
				<altitudeMode>relativeToGround</altitudeMode>
				<coordinates>-8.613446099999999,41.135212,0</coordinates>
			</Point>
		</Placemark>
		<Placemark id="0CCE3202A93ECCF16E76">
			<gx:mid>/g/11q8wy_xs_</gx:mid>
			<gx:fid>0xd24656da32ca683:0x1383df858618e5d9</gx:fid>
			<LookAt>
				<longitude>-8.615006599999999</longitude>
				<latitude>41.13451839999999</latitude>
				<altitude>0</altitude>
				<heading>0</heading>
				<tilt>0</tilt>
				<gx:fovy>35</gx:fovy>
				<range>772.2058102494664</range>
				<altitudeMode>relativeToGround</altitudeMode>
			</LookAt>
			<styleUrl>#__managed_style_063D7E0BBD40DE0E8CCE</styleUrl>
			<Point>
				<altitudeMode>relativeToGround</altitudeMode>
				<coordinates>-8.615006599999999,41.1345184,0</coordinates>
			</Point>
		</Placemark>
		<Placemark id="023478DEA83ECCF1D300">
			<gx:mid>/g/12hkf5m6v</gx:mid>
			<gx:fid>0xd246520d2b824a3:0xe5019341caefb9df</gx:fid>
			<LookAt>
				<longitude>-8.618147799999999</longitude>
				<latitude>41.133527</latitude>
				<altitude>0</altitude>
				<heading>0</heading>
				<tilt>0</tilt>
				<gx:fovy>35</gx:fovy>
				<range>772.2185662794384</range>
				<altitudeMode>relativeToGround</altitudeMode>
			</LookAt>
			<styleUrl>#__managed_style_102844EAAF40DE0E8CDC</styleUrl>
			<Point>
				<altitudeMode>relativeToGround</altitudeMode>
				<coordinates>-8.618147799999999,41.133527,0</coordinates>
			</Point>
		</Placemark>
		<Placemark id="0AA12734763ECFB661B0">
			<gx:mid>/g/11z13_h86_</gx:mid>
			<gx:fid>0xd2465005b90df25:0xd3c6b50864846a05</gx:fid>
			<LookAt>
				<longitude>-8.6049516</longitude>
				<latitude>41.1396168</latitude>
				<altitude>0</altitude>
				<heading>0</heading>
				<tilt>0</tilt>
				<gx:fovy>35</gx:fovy>
				<range>772.1402072776187</range>
				<altitudeMode>relativeToGround</altitudeMode>
			</LookAt>
			<styleUrl>#__managed_style_1842B1047040DE0E8CD0</styleUrl>
			<Point>
				<altitudeMode>relativeToGround</altitudeMode>
				<coordinates>-8.6049516,41.1396168,0</coordinates>
			</Point>
		</Placemark>
		<Placemark id="0FC94923D53ECFB6B028">
			<gx:mid>/g/11f5hkhc94</gx:mid>
			<gx:fid>0xd2464c280ae65e5:0x86ee1e3edb885586</gx:fid>
			<LookAt>
				<longitude>-8.602360100000002</longitude>
				<latitude>41.1395699</latitude>
				<altitude>0</altitude>
				<heading>0</heading>
				<tilt>0</tilt>
				<gx:fovy>35</gx:fovy>
				<range>772.1408107835191</range>
				<altitudeMode>relativeToGround</altitudeMode>
			</LookAt>
			<styleUrl>#__managed_style_1842B1047040DE0E8CD0</styleUrl>
			<Point>
				<altitudeMode>relativeToGround</altitudeMode>
				<coordinates>-8.6023601,41.1395699,0</coordinates>
			</Point>
		</Placemark>
		<Placemark id="07859985F13ECFB994C6">
			<gx:mid>/g/11k5wchx6k</gx:mid>
			<gx:fid>0xd2465297f1fef87:0x16177088a54185a5</gx:fid>
			<LookAt>
				<longitude>-8.613571800000001</longitude>
				<latitude>41.136198</latitude>
				<altitude>0</altitude>
				<heading>0</heading>
				<tilt>0</tilt>
				<gx:fovy>35</gx:fovy>
				<range>772.1841988661167</range>
				<altitudeMode>relativeToGround</altitudeMode>
			</LookAt>
			<styleUrl>#__managed_style_09B5FBA38B40DE0E8CCF</styleUrl>
			<Point>
				<altitudeMode>relativeToGround</altitudeMode>
				<coordinates>-8.613571799999999,41.136198,0</coordinates>
			</Point>
		</Placemark>
		<Placemark id="04FD41D5113ECFBA7ADC">
			<gx:mid>/g/11g4ccmk7r</gx:mid>
			<gx:fid>0xd24650815d434e5:0xea07adb2be422ec3</gx:fid>
			<LookAt>
				<longitude>-8.6129473</longitude>
				<latitude>41.1420739</latitude>
				<altitude>0</altitude>
				<heading>0</heading>
				<tilt>0</tilt>
				<gx:fovy>35</gx:fovy>
				<range>772.1085887995608</range>
				<altitudeMode>relativeToGround</altitudeMode>
			</LookAt>
			<styleUrl>#__managed_style_1842B1047040DE0E8CD0</styleUrl>
			<Point>
				<altitudeMode>relativeToGround</altitudeMode>
				<coordinates>-8.6129473,41.1420739,0</coordinates>
			</Point>
		</Placemark>
		<Placemark id="0D9C2F06813ECFC0C25E">
			<gx:mid>/g/11b6p6nxb8</gx:mid>
			<gx:fid>0x4066364b633a963d:0xe0683571c888cca1</gx:fid>
			<LookAt>
				<longitude>-8.610837399999999</longitude>
				<latitude>41.1466697</latitude>
				<altitude>0</altitude>
				<heading>0</heading>
				<tilt>0</tilt>
				<gx:fovy>35</gx:fovy>
				<range>772.0494454563916</range>
				<altitudeMode>relativeToGround</altitudeMode>
			</LookAt>
			<styleUrl>#__managed_style_56582F500D40DE0E8CD0</styleUrl>
			<Point>
				<altitudeMode>relativeToGround</altitudeMode>
				<coordinates>-8.610837399999999,41.1466697,0</coordinates>
			</Point>
		</Placemark>
		<Placemark id="0C2773F02E3ECFC3C939">
			<gx:mid>/g/1tk1_9xk</gx:mid>
			<gx:fid>0xd2464dfb7625aa5:0x309fce5fc580e887</gx:fid>
			<LookAt>
				<longitude>-8.6109182</longitude>
				<latitude>41.1381447</latitude>
				<altitude>0</altitude>
				<heading>0</heading>
				<tilt>0</tilt>
				<gx:fovy>35</gx:fovy>
				<range>772.1591499221922</range>
				<altitudeMode>relativeToGround</altitudeMode>
			</LookAt>
			<styleUrl>#__managed_style_102844EAAF40DE0E8CDC</styleUrl>
			<Point>
				<altitudeMode>relativeToGround</altitudeMode>
				<coordinates>-8.6109182,41.1381447,0</coordinates>
			</Point>
		</Placemark>
		<Placemark id="0ABCFD9CEE3ECFC5D056">
			<gx:mid>/m/0glq9bd</gx:mid>
			<gx:fid>0xd2464e28c5e9a77:0x7f08405ee8a1e44f</gx:fid>
			<LookAt>
				<longitude>-8.614774599999999</longitude>
				<latitude>41.14690549999999</latitude>
				<altitude>0</altitude>
				<heading>0</heading>
				<tilt>0</tilt>
				<gx:fovy>35</gx:fovy>
				<range>772.0464108191468</range>
				<altitudeMode>relativeToGround</altitudeMode>
			</LookAt>
			<styleUrl>#__managed_style_0C8573492840DE0E8CDF</styleUrl>
			<Point>
				<altitudeMode>relativeToGround</altitudeMode>
				<coordinates>-8.6148718,41.1468104,0</coordinates>
			</Point>
		</Placemark>
		<Placemark id="0CDC7D3C6E3ECFC65D00">
			<gx:mid>/m/0fhdsp</gx:mid>
			<gx:fid>0xd2464e13991ebb9:0x4a1cccaea07537e9</gx:fid>
			<LookAt>
				<longitude>-8.6111165</longitude>
				<latitude>41.1428531</latitude>
				<altitude>0</altitude>
				<heading>0</heading>
				<tilt>0</tilt>
				<gx:fovy>35</gx:fovy>
				<range>772.098561608532</range>
				<altitudeMode>relativeToGround</altitudeMode>
			</LookAt>
			<styleUrl>#__managed_style_1B69A1D70540DE0E8CD3</styleUrl>
			<Point>
				<altitudeMode>relativeToGround</altitudeMode>
				<coordinates>-8.6111165,41.1428531,0</coordinates>
			</Point>
		</Placemark>
		<Placemark id="0CCD18F0CC3ECFC6DAE4">
			<gx:mid>/g/120l7r57</gx:mid>
			<gx:fid>0xd2464e251ced649:0x425ec51327127c21</gx:fid>
			<LookAt>
				<longitude>-8.614597699999997</longitude>
				<latitude>41.1456705</latitude>
				<altitude>0</altitude>
				<heading>0</heading>
				<tilt>0</tilt>
				<gx:fovy>35</gx:fovy>
				<range>772.0623045615492</range>
				<altitudeMode>relativeToGround</altitudeMode>
			</LookAt>
			<styleUrl>#__managed_style_480131FD5D40DE0E8CDC</styleUrl>
			<Point>
				<altitudeMode>relativeToGround</altitudeMode>
				<coordinates>-8.614597699999999,41.1456705,0</coordinates>
			</Point>
		</Placemark>
		<Placemark id="047FB4FC2D3ECFC928E9">
			<gx:mid>/g/11c1_vk09t</gx:mid>
			<gx:fid>0xd2465106ce723db:0x881708c02c6194c</gx:fid>
			<LookAt>
				<longitude>-8.628140899999998</longitude>
				<latitude>41.1471575</latitude>
				<altitude>0</altitude>
				<heading>0</heading>
				<tilt>0</tilt>
				<gx:fovy>35</gx:fovy>
				<range>772.0431676816274</range>
				<altitudeMode>relativeToGround</altitudeMode>
			</LookAt>
			<styleUrl>#__managed_style_16147CE44F40DE0E8CCF</styleUrl>
			<Point>
				<altitudeMode>relativeToGround</altitudeMode>
				<coordinates>-8.6281409,41.1471575,0</coordinates>
			</Point>
		</Placemark>
		<Placemark id="0EA3FE0F933ECFC96DFC">
			<gx:mid>/m/027lb9h</gx:mid>
			<gx:fid>0xd24658056b12071:0xa3802128e21bd014</gx:fid>
			<LookAt>
				<longitude>-8.657312149999999</longitude>
				<latitude>41.1573814</latitude>
				<altitude>0</altitude>
				<heading>0</heading>
				<tilt>0</tilt>
				<gx:fovy>35</gx:fovy>
				<range>1687.423534657982</range>
				<altitudeMode>relativeToGround</altitudeMode>
			</LookAt>
			<styleUrl>#__managed_style_16147CE44F40DE0E8CCF</styleUrl>
			<Point>
				<altitudeMode>relativeToGround</altitudeMode>
				<coordinates>-8.658111399999999,41.1590347,0</coordinates>
			</Point>
		</Placemark>
		<Placemark id="0E342BCFC43ECFC99699">
			<gx:mid>/g/122njf8t</gx:mid>
			<gx:fid>0xd246f6c77964f03:0x88f6f84b4820910c</gx:fid>
			<LookAt>
				<longitude>-8.6788358</longitude>
				<latitude>41.16867389999999</latitude>
				<altitude>0</altitude>
				<heading>0</heading>
				<tilt>0</tilt>
				<gx:fovy>35</gx:fovy>
				<range>771.7662079980788</range>
				<altitudeMode>relativeToGround</altitudeMode>
			</LookAt>
			<styleUrl>#__managed_style_16147CE44F40DE0E8CCF</styleUrl>
			<Point>
				<altitudeMode>relativeToGround</altitudeMode>
				<coordinates>-8.6788358,41.16867389999999,0</coordinates>
			</Point>
		</Placemark>
		<Placemark id="09B72655C73ECFC9FB18">
			<gx:mid>/g/121c09cs</gx:mid>
			<gx:fid>0xd246f868ff6becf:0x3cde9d194b57422</gx:fid>
			<LookAt>
				<longitude>-8.6708015</longitude>
				<latitude>41.14820609999999</latitude>
				<altitude>0</altitude>
				<heading>0</heading>
				<tilt>0</tilt>
				<gx:fovy>35</gx:fovy>
				<range>772.0296724735568</range>
				<altitudeMode>relativeToGround</altitudeMode>
			</LookAt>
			<styleUrl>#__managed_style_16147CE44F40DE0E8CCF</styleUrl>
			<Point>
				<altitudeMode>relativeToGround</altitudeMode>
				<coordinates>-8.6708015,41.1482061,0</coordinates>
			</Point>
		</Placemark>
		<Placemark id="0C2C7629BF3ECFCA2DEC">
			<gx:mid>/g/1225381y</gx:mid>
			<gx:fid>0xd246f848c77057b:0xd7292728dae58fb</gx:fid>
			<LookAt>
				<longitude>-8.674492300000001</longitude>
				<latitude>41.14901010000001</latitude>
				<altitude>0</altitude>
				<heading>0</heading>
				<tilt>0</tilt>
				<gx:fovy>35</gx:fovy>
				<range>772.0193250370335</range>
				<altitudeMode>relativeToGround</altitudeMode>
			</LookAt>
			<styleUrl>#__managed_style_09B5FBA38B40DE0E8CCF</styleUrl>
			<Point>
				<altitudeMode>relativeToGround</altitudeMode>
				<coordinates>-8.674492299999999,41.1490101,0</coordinates>
			</Point>
		</Placemark>
		<Placemark id="0AEB67EE973ECFCA9407">
			<gx:mid>/g/122p7y52</gx:mid>
			<gx:fid>0xd246f9977f0ed3d:0x24453ceb9735fa6e</gx:fid>
			<LookAt>
				<longitude>-8.6773054</longitude>
				<latitude>41.14675949999999</latitude>
				<altitude>0</altitude>
				<heading>0</heading>
				<tilt>0</tilt>
				<gx:fovy>35</gx:fovy>
				<range>772.048289773275</range>
				<altitudeMode>relativeToGround</altitudeMode>
			</LookAt>
			<styleUrl>#__managed_style_1842B1047040DE0E8CD0</styleUrl>
			<Point>
				<altitudeMode>relativeToGround</altitudeMode>
				<coordinates>-8.6773054,41.14675949999999,0</coordinates>
			</Point>
		</Placemark>
		<Placemark id="0F8517F99D3ECFCAD99C">
			<gx:mid>/g/11f0ksjzy6</gx:mid>
			<gx:fid>0xd246f9a0a397b43:0xac8a604bd77d150f</gx:fid>
			<LookAt>
				<longitude>-8.675464200000002</longitude>
				<latitude>41.1444521</latitude>
				<altitude>0</altitude>
				<heading>0</heading>
				<tilt>0</tilt>
				<gx:fovy>35</gx:fovy>
				<range>772.0779843371856</range>
				<altitudeMode>relativeToGround</altitudeMode>
			</LookAt>
			<styleUrl>#__managed_style_1842B1047040DE0E8CD0</styleUrl>
			<Point>
				<altitudeMode>relativeToGround</altitudeMode>
				<coordinates>-8.6754642,41.1444521,0</coordinates>
			</Point>
		</Placemark>
		<Placemark id="0E4A7703863ECFCB1DBC">
			<gx:mid>/g/11c6sqyxlj</gx:mid>
			<gx:fid>0xd246f85c0fb70b7:0x3f1c93b35c4281e2</gx:fid>
			<LookAt>
				<longitude>-8.666798699999999</longitude>
				<latitude>41.1464567</latitude>
				<altitude>0</altitude>
				<heading>0</heading>
				<tilt>0</tilt>
				<gx:fovy>35</gx:fovy>
				<range>772.0521866574624</range>
				<altitudeMode>relativeToGround</altitudeMode>
			</LookAt>
			<styleUrl>#__managed_style_1842B1047040DE0E8CD0</styleUrl>
			<Point>
				<altitudeMode>relativeToGround</altitudeMode>
				<coordinates>-8.666798699999999,41.1464567,0</coordinates>
			</Point>
		</Placemark>
		<Placemark id="04CD500D6E3ECFCB7420">
			<gx:mid>/g/11vjrmj8h8</gx:mid>
			<gx:fid>0xd246f005217812f:0x76e2e2afefa704bd</gx:fid>
			<LookAt>
				<longitude>-8.6705465</longitude>
				<latitude>41.1476037</latitude>
				<altitude>0</altitude>
				<heading>0</heading>
				<tilt>0</tilt>
				<gx:fovy>35</gx:fovy>
				<range>772.0374252342463</range>
				<altitudeMode>relativeToGround</altitudeMode>
			</LookAt>
			<styleUrl>#__managed_style_1842B1047040DE0E8CD0</styleUrl>
			<Point>
				<altitudeMode>relativeToGround</altitudeMode>
				<coordinates>-8.670624425977659,41.14731331991611,0</coordinates>
			</Point>
		</Placemark>
		<Placemark id="0D92CD71453ECFCBE3AF">
			<gx:mid>/m/011qffrf</gx:mid>
			<gx:fid>0xd2465743913a96b:0xb2f1a75a110f445c</gx:fid>
			<LookAt>
				<longitude>-8.6425514</longitude>
				<latitude>41.1537575</latitude>
				<altitude>0</altitude>
				<heading>0</heading>
				<tilt>0</tilt>
				<gx:fovy>35</gx:fovy>
				<range>771.9582233089312</range>
				<altitudeMode>relativeToGround</altitudeMode>
			</LookAt>
			<styleUrl>#__managed_style_16147CE44F40DE0E8CCF</styleUrl>
			<Point>
				<altitudeMode>relativeToGround</altitudeMode>
				<coordinates>-8.6425514,41.1537575,0</coordinates>
			</Point>
		</Placemark>
		<Placemark id="04EBAB4F713ECFCC206C">
			<gx:mid>/g/122vkwkb</gx:mid>
			<gx:fid>0xd24650d6e5d4f6d:0xb0933e834cc8bbfc</gx:fid>
			<LookAt>
				<longitude>-8.632932799999999</longitude>
				<latitude>41.1475668</latitude>
				<altitude>0</altitude>
				<heading>0</heading>
				<tilt>0</tilt>
				<gx:fovy>35</gx:fovy>
				<range>772.03790012681</range>
				<altitudeMode>relativeToGround</altitudeMode>
			</LookAt>
			<styleUrl>#__managed_style_063D7E0BBD40DE0E8CCE</styleUrl>
			<Point>
				<altitudeMode>relativeToGround</altitudeMode>
				<coordinates>-8.6329297,41.1475709,0</coordinates>
			</Point>
		</Placemark>
		<Placemark id="09787BFC3E3ECFD9562B">
			<gx:mid>/g/11b7kjp4ck</gx:mid>
			<gx:fid>0xd24651ea811eee9:0x18e670ff4ea5cebe</gx:fid>
			<LookAt>
				<longitude>-8.620800899999999</longitude>
				<latitude>41.1434829</latitude>
				<altitude>0</altitude>
				<heading>0</heading>
				<tilt>0</tilt>
				<gx:fovy>35</gx:fovy>
				<range>772.0904568828655</range>
				<altitudeMode>relativeToGround</altitudeMode>
			</LookAt>
			<styleUrl>#__managed_style_09B5FBA38B40DE0E8CCF</styleUrl>
			<Point>
				<altitudeMode>relativeToGround</altitudeMode>
				<coordinates>-8.620800899999999,41.1434829,0</coordinates>
			</Point>
		</Placemark>
		<Placemark id="019694E0C53ECFD987CE">
			<gx:mid>/g/11yqykldv1</gx:mid>
			<gx:fid>0xd2465615adae3dd:0x8d25ae899ac13e92</gx:fid>
			<LookAt>
				<longitude>-8.622550499999999</longitude>
				<latitude>41.1436216</latitude>
				<altitude>0</altitude>
				<heading>0</heading>
				<tilt>0</tilt>
				<gx:fovy>35</gx:fovy>
				<range>772.0886719782013</range>
				<altitudeMode>relativeToGround</altitudeMode>
			</LookAt>
			<styleUrl>#__managed_style_09B5FBA38B40DE0E8CCF</styleUrl>
			<Point>
				<altitudeMode>relativeToGround</altitudeMode>
				<coordinates>-8.622550499999999,41.1436216,0</coordinates>
			</Point>
		</Placemark>
		<Placemark id="0E0DD25C923ECFDE31AE">
			<gx:mid>/g/11h07lqc24</gx:mid>
			<gx:fid>0xd246f0639d3f147:0xd6c8046be9a04e58</gx:fid>
			<LookAt>
				<longitude>-8.6620826</longitude>
				<latitude>41.15164559999999</latitude>
				<altitude>0</altitude>
				<heading>0</heading>
				<tilt>0</tilt>
				<gx:fovy>35</gx:fovy>
				<range>771.9854052809607</range>
				<altitudeMode>relativeToGround</altitudeMode>
			</LookAt>
			<styleUrl>#__managed_style_063D7E0BBD40DE0E8CCE</styleUrl>
			<Point>
				<altitudeMode>relativeToGround</altitudeMode>
				<coordinates>-8.662018811744954,41.15193304974099,0</coordinates>
			</Point>
		</Placemark>
		<Placemark id="09CB3CCA373ECFDC9758">
			<gx:mid>/g/11b740rm5y</gx:mid>
			<gx:fid>0xd2464e18eed5df1:0x7660f4ee7aab2ecc</gx:fid>
			<LookAt>
				<longitude>-8.614210500000002</longitude>
				<latitude>41.14353730000001</latitude>
				<altitude>0</altitude>
				<heading>0</heading>
				<tilt>0</tilt>
				<gx:fovy>35</gx:fovy>
				<range>772.089756819833</range>
				<altitudeMode>relativeToGround</altitudeMode>
			</LookAt>
			<styleUrl>#__managed_style_56582F500D40DE0E8CD0</styleUrl>
			<Point>
				<altitudeMode>relativeToGround</altitudeMode>
				<coordinates>-8.6142105,41.1435373,0</coordinates>
			</Point>
		</Placemark>
		<Placemark id="0A465A5FB23ECFDD3B78">
			<gx:mid>/g/11rwmp030g</gx:mid>
			<gx:fid>0xd2469beced80f77:0xff3d711fb8aebe71</gx:fid>
			<LookAt>
				<longitude>-8.719529999999997</longitude>
				<latitude>41.2271142</latitude>
				<altitude>0</altitude>
				<heading>0</heading>
				<tilt>0</tilt>
				<gx:fovy>35</gx:fovy>
				<range>771.0134408266199</range>
				<altitudeMode>relativeToGround</altitudeMode>
			</LookAt>
			<styleUrl>#__managed_style_56582F500D40DE0E8CD0</styleUrl>
			<Point>
				<altitudeMode>relativeToGround</altitudeMode>
				<coordinates>-8.719538099999999,41.2271203,0</coordinates>
			</Point>
		</Placemark>
		<Placemark id="0772A2B59E3ECFDDBA14">
			<gx:mid>/g/1tfffgnp</gx:mid>
			<gx:fid>0xd246f9de6fcae75:0x71d3fcf42962eed</gx:fid>
			<LookAt>
				<longitude>-8.679277299999999</longitude>
				<latitude>41.1534726</latitude>
				<altitude>0</altitude>
				<heading>0</heading>
				<tilt>0</tilt>
				<gx:fovy>35</gx:fovy>
				<range>771.9618902755187</range>
				<altitudeMode>relativeToGround</altitudeMode>
			</LookAt>
			<styleUrl>#__managed_style_56582F500D40DE0E8CD0</styleUrl>
			<Point>
				<altitudeMode>relativeToGround</altitudeMode>
				<coordinates>-8.6792195,41.1534961,0</coordinates>
			</Point>
		</Placemark>
		<Placemark id="08C25A06B63ECFDEF8E1">
			<gx:mid>/g/11b_3g4kzk</gx:mid>
			<gx:fid>0xd2464e1de8cd947:0x27589735036fd820</gx:fid>
			<LookAt>
				<longitude>-8.6158059</longitude>
				<latitude>41.1424129</latitude>
				<altitude>0</altitude>
				<heading>0</heading>
				<tilt>0</tilt>
				<gx:fovy>35</gx:fovy>
				<range>772.104226370461</range>
				<altitudeMode>relativeToGround</altitudeMode>
			</LookAt>
			<styleUrl>#__managed_style_56582F500D40DE0E8CD0</styleUrl>
			<Point>
				<altitudeMode>relativeToGround</altitudeMode>
				<coordinates>-8.6158059,41.1424129,0</coordinates>
			</Point>
		</Placemark>
		<Placemark id="04114EDFC73ECFDF4660">
			<gx:mid>/g/11f__rsq36</gx:mid>
			<gx:fid>0xd24651e20cb5a6f:0x3908e8e25acf32b5</gx:fid>
			<LookAt>
				<longitude>-8.616173</longitude>
				<latitude>41.1422602</latitude>
				<altitude>0</altitude>
				<heading>0</heading>
				<tilt>0</tilt>
				<gx:fovy>35</gx:fovy>
				<range>772.1061913970158</range>
				<altitudeMode>relativeToGround</altitudeMode>
			</LookAt>
			<styleUrl>#__managed_style_56582F500D40DE0E8CD0</styleUrl>
			<Point>
				<altitudeMode>relativeToGround</altitudeMode>
				<coordinates>-8.616172499999999,41.1422596,0</coordinates>
			</Point>
		</Placemark>
		<Placemark id="05A7BE82683ECFDFC699">
			<gx:mid>/g/11tck94wxv</gx:mid>
			<gx:fid>0xd24657dc1818093:0x66a99c82cbac12dd</gx:fid>
			<LookAt>
				<longitude>-8.619020799999999</longitude>
				<latitude>41.1419459</latitude>
				<altitude>0</altitude>
				<heading>0</heading>
				<tilt>0</tilt>
				<gx:fovy>35</gx:fovy>
				<range>772.1102359637451</range>
				<altitudeMode>relativeToGround</altitudeMode>
			</LookAt>
			<styleUrl>#__managed_style_56582F500D40DE0E8CD0</styleUrl>
			<Point>
				<altitudeMode>relativeToGround</altitudeMode>
				<coordinates>-8.619020799999999,41.1419459,0</coordinates>
			</Point>
		</Placemark>
		<Placemark id="04AC8236DE3ECFE00303">
			<gx:mid>/g/11p5sdr8vz</gx:mid>
			<gx:fid>0xd2465055db9648f:0x1cc14f2a3dbdcfbb</gx:fid>
			<LookAt>
				<longitude>-8.615679999999999</longitude>
				<latitude>41.1423658</latitude>
				<altitude>0</altitude>
				<heading>0</heading>
				<tilt>0</tilt>
				<gx:fovy>35</gx:fovy>
				<range>772.1048324794046</range>
				<altitudeMode>relativeToGround</altitudeMode>
			</LookAt>
			<styleUrl>#__managed_style_56582F500D40DE0E8CD0</styleUrl>
			<Point>
				<altitudeMode>relativeToGround</altitudeMode>
				<coordinates>-8.615679999999999,41.1423658,0</coordinates>
			</Point>
		</Placemark>
		<Placemark id="0581F6482F3ECFE114B4">
			<gx:mid>/g/11vzfrl2hp</gx:mid>
			<gx:fid>0xd246567064fc26b:0xf486f8fab9bcefa0</gx:fid>
			<LookAt>
				<longitude>-8.609295699999999</longitude>
				<latitude>41.14741799999999</latitude>
				<altitude>0</altitude>
				<heading>0</heading>
				<tilt>0</tilt>
				<gx:fovy>35</gx:fovy>
				<range>772.0398151376359</range>
				<altitudeMode>relativeToGround</altitudeMode>
			</LookAt>
			<styleUrl>#__managed_style_079576BE0C40DE0E8CD0</styleUrl>
			<Point>
				<altitudeMode>relativeToGround</altitudeMode>
				<coordinates>-8.609295699999999,41.14741799999999,0</coordinates>
			</Point>
		</Placemark>
		<Placemark id="02921D6D5C3ECFE175B9">
			<gx:mid>/g/11w1k76n7w</gx:mid>
			<gx:fid>0xd2465fea2f2f9f3:0x161aeb2374569202</gx:fid>
			<LookAt>
				<longitude>-8.618573599999998</longitude>
				<latitude>41.15344839999999</latitude>
				<altitude>0</altitude>
				<heading>0</heading>
				<tilt>0</tilt>
				<gx:fovy>35</gx:fovy>
				<range>771.9622017544697</range>
				<altitudeMode>relativeToGround</altitudeMode>
			</LookAt>
			<styleUrl>#__managed_style_079576BE0C40DE0E8CD0</styleUrl>
			<Point>
				<altitudeMode>relativeToGround</altitudeMode>
				<coordinates>-8.6185727,41.1534485,0</coordinates>
			</Point>
		</Placemark>
		<Placemark id="0D53E537F73ECFE1E09C">
			<gx:mid>/g/11kph6mscx</gx:mid>
			<gx:fid>0xd24658555a1c91b:0x52189cc7e3b29513</gx:fid>
			<LookAt>
				<longitude>-8.6098053</longitude>
				<latitude>41.1487933</latitude>
				<altitude>0</altitude>
				<heading>0</heading>
				<tilt>0</tilt>
				<gx:fovy>35</gx:fovy>
				<range>772.022115255545</range>
				<altitudeMode>relativeToGround</altitudeMode>
			</LookAt>
			<styleUrl>#__managed_style_079576BE0C40DE0E8CD0</styleUrl>
			<Point>
				<altitudeMode>relativeToGround</altitudeMode>
				<coordinates>-8.6097871,41.1487921,0</coordinates>
			</Point>
		</Placemark>
		<Placemark id="0EE616278B3ECFE242E0">
			<gx:mid>/g/11w4t30m2z</gx:mid>
			<gx:fid>0xd246585dac8b467:0x7c1d45d11e152c8</gx:fid>
			<LookAt>
				<longitude>-8.618505600000001</longitude>
				<latitude>41.1514207</latitude>
				<altitude>0</altitude>
				<heading>0</heading>
				<tilt>0</tilt>
				<gx:fovy>35</gx:fovy>
				<range>771.9882998789119</range>
				<altitudeMode>relativeToGround</altitudeMode>
			</LookAt>
			<styleUrl>#__managed_style_079576BE0C40DE0E8CD0</styleUrl>
			<Point>
				<altitudeMode>relativeToGround</altitudeMode>
				<coordinates>-8.6185007,41.1514219,0</coordinates>
			</Point>
		</Placemark>
		<Placemark id="0C54DD21CD3ECFE2984B">
			<gx:mid>/g/11bwpzf3b_</gx:mid>
			<gx:fid>0xd24645b34f4ddbd:0x37ebbb52dc200226</gx:fid>
			<LookAt>
				<longitude>-8.601490999999999</longitude>
				<latitude>41.14662599999999</latitude>
				<altitude>0</altitude>
				<heading>0</heading>
				<tilt>0</tilt>
				<gx:fovy>35</gx:fovy>
				<range>772.0500078538706</range>
				<altitudeMode>relativeToGround</altitudeMode>
			</LookAt>
			<styleUrl>#__managed_style_079576BE0C40DE0E8CD0</styleUrl>
			<Point>
				<altitudeMode>relativeToGround</altitudeMode>
				<coordinates>-8.601496299999999,41.1466396,0</coordinates>
			</Point>
		</Placemark>
		<Placemark id="0E0566A7363ECFE2E7A7">
			<gx:mid>/g/11w21gp2gk</gx:mid>
			<gx:fid>0xd24650024e56519:0xdfa95c91e4a66ebf</gx:fid>
			<LookAt>
				<longitude>-8.620528200000001</longitude>
				<latitude>41.1526339</latitude>
				<altitude>0</altitude>
				<heading>0</heading>
				<tilt>0</tilt>
				<gx:fovy>35</gx:fovy>
				<range>771.9726851328707</range>
				<altitudeMode>relativeToGround</altitudeMode>
			</LookAt>
			<styleUrl>#__managed_style_079576BE0C40DE0E8CD0</styleUrl>
			<Point>
				<altitudeMode>relativeToGround</altitudeMode>
				<coordinates>-8.620532599999999,41.1526224,0</coordinates>
			</Point>
		</Placemark>
		<Placemark id="0432B92A5C3ECFE5C154">
			<gx:mid>/g/1yj2pchyf</gx:mid>
			<gx:fid>0xd2464fd4b56988f:0x17d511024aadfced</gx:fid>
			<LookAt>
				<longitude>-8.6150208</longitude>
				<latitude>41.1489126</latitude>
				<altitude>0</altitude>
				<heading>0</heading>
				<tilt>0</tilt>
				<gx:fovy>35</gx:fovy>
				<range>772.0205798644636</range>
				<altitudeMode>relativeToGround</altitudeMode>
			</LookAt>
			<styleUrl>#__managed_style_0A509F92FF40DE0E8CD4</styleUrl>
			<Point>
				<altitudeMode>relativeToGround</altitudeMode>
				<coordinates>-8.6150216,41.1489003,0</coordinates>
			</Point>
		</Placemark>
		<Placemark id="0E185425273ECFE644DB">
			<gx:mid>/g/11y49509ry</gx:mid>
			<gx:fid>0xd24651cea0ce073:0x357f00b41ec95cf7</gx:fid>
			<LookAt>
				<longitude>-8.6184081</longitude>
				<latitude>41.1448021</latitude>
				<altitude>0</altitude>
				<heading>0</heading>
				<tilt>0</tilt>
				<gx:fovy>35</gx:fovy>
				<range>772.0734801677339</range>
				<altitudeMode>relativeToGround</altitudeMode>
			</LookAt>
			<styleUrl>#__managed_style_4922F858E640DE0E8CD4</styleUrl>
			<Point>
				<altitudeMode>relativeToGround</altitudeMode>
				<coordinates>-8.6184081,41.1448021,0</coordinates>
			</Point>
		</Placemark>
		<Placemark id="0A7638B55E3ECFE919E8">
			<gx:mid>/g/11c463kpgj</gx:mid>
			<gx:fid>0xd2464e2609a5835:0xa9356c751ba163fe</gx:fid>
			<LookAt>
				<longitude>-8.614851499999999</longitude>
				<latitude>41.146154</latitude>
				<altitude>0</altitude>
				<heading>0</heading>
				<tilt>0</tilt>
				<gx:fovy>35</gx:fovy>
				<range>772.0560822342043</range>
				<altitudeMode>relativeToGround</altitudeMode>
			</LookAt>
			<styleUrl>#__managed_style_4922F858E640DE0E8CD4</styleUrl>
			<Point>
				<altitudeMode>relativeToGround</altitudeMode>
				<coordinates>-8.6148515,41.146154,0</coordinates>
			</Point>
		</Placemark>
		<Placemark id="0D0229BF083ECFE9CA0C">
			<gx:mid>/g/11pzkmncwc</gx:mid>
			<gx:fid>0xd24651de561663d:0x9471090177e40065</gx:fid>
			<LookAt>
				<longitude>-8.6121423</longitude>
				<latitude>41.1503915</latitude>
				<altitude>0</altitude>
				<heading>0</heading>
				<tilt>0</tilt>
				<gx:fovy>35</gx:fovy>
				<range>772.0015461561674</range>
				<altitudeMode>relativeToGround</altitudeMode>
			</LookAt>
			<styleUrl>#__managed_style_0A509F92FF40DE0E8CD4</styleUrl>
			<Point>
				<altitudeMode>relativeToGround</altitudeMode>
				<coordinates>-8.6121423,41.1503915,0</coordinates>
			</Point>
		</Placemark>
		<Placemark id="0243B5535B3ECFEA3441">
			<gx:mid>/g/11s45rhd47</gx:mid>
			<gx:fid>0xd2465de0fe80331:0x5fe495cfc55b3d8</gx:fid>
			<LookAt>
				<longitude>-8.615151500000001</longitude>
				<latitude>41.142259</latitude>
				<altitude>0</altitude>
				<heading>0</heading>
				<tilt>0</tilt>
				<gx:fovy>35</gx:fovy>
				<range>772.1062068392473</range>
				<altitudeMode>relativeToGround</altitudeMode>
			</LookAt>
			<styleUrl>#__managed_style_166B6ABDD140DE0E8CD8</styleUrl>
			<Point>
				<altitudeMode>relativeToGround</altitudeMode>
				<coordinates>-8.6151608,41.1422589,0</coordinates>
			</Point>
		</Placemark>
		<Placemark id="079DFA11BD3ECFEB1C56">
			<gx:mid>/g/11clw251v5</gx:mid>
			<gx:fid>0xd2464e2eadcc1ab:0x4004a006bd1fae9f</gx:fid>
			<LookAt>
				<longitude>-8.614595899999999</longitude>
				<latitude>41.1475812</latitude>
				<altitude>0</altitude>
				<heading>0</heading>
				<tilt>0</tilt>
				<gx:fovy>35</gx:fovy>
				<range>772.037714802919</range>
				<altitudeMode>relativeToGround</altitudeMode>
			</LookAt>
			<styleUrl>#__managed_style_0A509F92FF40DE0E8CD4</styleUrl>
			<Point>
				<altitudeMode>relativeToGround</altitudeMode>
				<coordinates>-8.614570199999999,41.1475685,0</coordinates>
			</Point>
		</Placemark>
	</Folder>
	<Folder id="0C6F3564003ED152ABDC">
		<name>מאדיירה</name>
		<styleUrl>#__managed_style_2B0749E93D40DE0E8CD4</styleUrl>
		<Placemark id="0F39F441AE3ED1115D00">
			<gx:mid>/g/11h3vbhc00</gx:mid>
			<gx:fid>0xc6061bfb207b4b9:0x8ab9dc85fceaf850</gx:fid>
			<LookAt>
				<longitude>-16.9117313</longitude>
				<latitude>32.6491945</latitude>
				<altitude>0</altitude>
				<heading>0</heading>
				<tilt>0</tilt>
				<gx:fovy>35</gx:fovy>
				<range>872.7460548276565</range>
				<altitudeMode>relativeToGround</altitudeMode>
			</LookAt>
			<styleUrl>#__managed_style_063D7E0BBD40DE0E8CCE</styleUrl>
			<Point>
				<altitudeMode>relativeToGround</altitudeMode>
				<coordinates>-16.9117313,32.6491945,0</coordinates>
			</Point>
		</Placemark>
		<Placemark id="0A661E8EE83ED1120A4F">
			<gx:mid>/g/11yqq_4pjk</gx:mid>
			<gx:fid>0xc606100608cf74d:0x9267845a3f6710c0</gx:fid>
			<LookAt>
				<longitude>-16.9070277</longitude>
				<latitude>32.6479801</latitude>
				<altitude>0</altitude>
				<heading>0</heading>
				<tilt>0</tilt>
				<gx:fovy>35</gx:fovy>
				<range>872.7591265337179</range>
				<altitudeMode>relativeToGround</altitudeMode>
			</LookAt>
			<styleUrl>#__managed_style_09B5FBA38B40DE0E8CCF</styleUrl>
			<Point>
				<altitudeMode>relativeToGround</altitudeMode>
				<coordinates>-16.9070277,32.6479801,0</coordinates>
			</Point>
		</Placemark>
		<Placemark id="02F5F8A27A3ED1127087">
			<gx:mid>/g/1q62l81fb</gx:mid>
			<gx:fid>0xc606009615a2597:0xfc6c2f13a5cf6700</gx:fid>
			<LookAt>
				<longitude>-16.9118572</longitude>
				<latitude>32.6458567</latitude>
				<altitude>0</altitude>
				<heading>0</heading>
				<tilt>0</tilt>
				<gx:fovy>35</gx:fovy>
				<range>872.7819816847801</range>
				<altitudeMode>relativeToGround</altitudeMode>
			</LookAt>
			<styleUrl>#__managed_style_4922F858E640DE0E8CD4</styleUrl>
			<Point>
				<altitudeMode>relativeToGround</altitudeMode>
				<coordinates>-16.9118572,32.6458567,0</coordinates>
			</Point>
		</Placemark>
		<Placemark id="03944ADE553ED11321FB">
			<gx:mid>/g/119tlwh1y</gx:mid>
			<gx:fid>0xc6060062d7ba9f7:0x3796ee70384f632e</gx:fid>
			<LookAt>
				<longitude>-16.9090335</longitude>
				<latitude>32.6468186</latitude>
				<altitude>0</altitude>
				<heading>0</heading>
				<tilt>0</tilt>
				<gx:fovy>35</gx:fovy>
				<range>872.7716284547541</range>
				<altitudeMode>relativeToGround</altitudeMode>
			</LookAt>
			<styleUrl>#__managed_style_16147CE44F40DE0E8CCF</styleUrl>
			<Point>
				<altitudeMode>relativeToGround</altitudeMode>
				<coordinates>-16.90846044183727,32.64645879930467,0</coordinates>
			</Point>
		</Placemark>
		<Placemark id="01596736043ED1138BD8">
			<gx:mid>/g/11ts4854kv</gx:mid>
			<gx:fid>0xc60617dafad2fe7:0x5307e0fa0f0920b5</gx:fid>
			<LookAt>
				<longitude>-16.9090755</longitude>
				<latitude>32.6454312</latitude>
				<altitude>0</altitude>
				<heading>0</heading>
				<tilt>0</tilt>
				<gx:fovy>35</gx:fovy>
				<range>872.7865613942091</range>
				<altitudeMode>relativeToGround</altitudeMode>
			</LookAt>
			<styleUrl>#__managed_style_1842B1047040DE0E8CD0</styleUrl>
			<Point>
				<altitudeMode>relativeToGround</altitudeMode>
				<coordinates>-16.9090755,32.6454312,0</coordinates>
			</Point>
		</Placemark>
		<Placemark id="04CC2B939E3ED113F9DB">
			<gx:mid>/g/1q5bprx89</gx:mid>
			<gx:fid>0xc6060086c82670f:0xc55073cc6045c67</gx:fid>
			<LookAt>
				<longitude>-16.9106236</longitude>
				<latitude>32.6478698</latitude>
				<altitude>0</altitude>
				<heading>0</heading>
				<tilt>0</tilt>
				<gx:fovy>35</gx:fovy>
				<range>872.7603137744601</range>
				<altitudeMode>relativeToGround</altitudeMode>
			</LookAt>
			<styleUrl>#__managed_style_102844EAAF40DE0E8CDC</styleUrl>
			<Point>
				<altitudeMode>relativeToGround</altitudeMode>
				<coordinates>-16.9106236,32.6478698,0</coordinates>
			</Point>
		</Placemark>
		<Placemark id="08065B5A2A3ED1146B1C">
			<gx:mid>/g/11f3n1d3__</gx:mid>
			<gx:fid>0xc606008700bd59d:0x66ea31bc6dd3f0d4</gx:fid>
			<LookAt>
				<longitude>-16.9100501</longitude>
				<latitude>32.64754649999999</latitude>
				<altitude>0</altitude>
				<heading>0</heading>
				<tilt>0</tilt>
				<gx:fovy>35</gx:fovy>
				<range>872.76379367327</range>
				<altitudeMode>relativeToGround</altitudeMode>
			</LookAt>
			<styleUrl>#__managed_style_063D7E0BBD40DE0E8CCE</styleUrl>
			<Point>
				<altitudeMode>relativeToGround</altitudeMode>
				<coordinates>-16.9100501,32.6475465,0</coordinates>
			</Point>
		</Placemark>
		<Placemark id="0950FCFA483ED11B2CDC">
			<gx:mid>/g/11fk40c498</gx:mid>
			<gx:fid>0xc605f112857a95d:0xcf8936ccf25eca61</gx:fid>
			<LookAt>
				<longitude>-16.9749509</longitude>
				<latitude>32.6474228</latitude>
				<altitude>0</altitude>
				<heading>0</heading>
				<tilt>0</tilt>
				<gx:fovy>35</gx:fovy>
				<range>872.7651251334079</range>
				<altitudeMode>relativeToGround</altitudeMode>
			</LookAt>
			<styleUrl>#__managed_style_09B5FBA38B40DE0E8CCF</styleUrl>
			<Point>
				<altitudeMode>relativeToGround</altitudeMode>
				<coordinates>-16.9749509,32.6474228,0</coordinates>
			</Point>
		</Placemark>
		<Placemark id="0565B4BC9F3ED11B6F44">
			<gx:mid>/g/11jsxtj132</gx:mid>
			<gx:fid>0xc605fb59f6970ff:0xd05767fde98327f3</gx:fid>
			<LookAt>
				<longitude>-16.9743457</longitude>
				<latitude>32.647157</latitude>
				<altitude>0</altitude>
				<heading>0</heading>
				<tilt>0</tilt>
				<gx:fovy>35</gx:fovy>
				<range>872.767986090328</range>
				<altitudeMode>relativeToGround</altitudeMode>
			</LookAt>
			<styleUrl>#__managed_style_1842B1047040DE0E8CD0</styleUrl>
			<Point>
				<altitudeMode>relativeToGround</altitudeMode>
				<coordinates>-16.9743457,32.647157,0</coordinates>
			</Point>
		</Placemark>
		<Placemark id="0DCE6D96003ED11C40F4">
			<name>נק תצפית</name>
			<LookAt>
				<longitude>-16.97521628718767</longitude>
				<latitude>32.64641494404601</latitude>
				<altitude>1.176264354398302</altitude>
				<heading>0</heading>
				<tilt>0</tilt>
				<gx:fovy>41.97057033126823</gx:fovy>
				<range>206.9137767836583</range>
				<altitudeMode>absolute</altitudeMode>
			</LookAt>
			<styleUrl>#__managed_style_38E5500E4640DE0E8CD4</styleUrl>
			<Point>
				<coordinates>-16.97529824204828,32.64641568416802,4.125361358189837</coordinates>
			</Point>
		</Placemark>
		<Placemark id="026519E5343ED11D00EE">
			<gx:mid>/g/11gy4_kw9s</gx:mid>
			<gx:fid>0xc605f06376e1ac7:0xfa2ddbc5885cb44</gx:fid>
			<LookAt>
				<longitude>-16.9777316</longitude>
				<latitude>32.6482133</latitude>
				<altitude>0</altitude>
				<heading>0</heading>
				<tilt>0</tilt>
				<gx:fovy>35</gx:fovy>
				<range>872.7566164182402</range>
				<altitudeMode>relativeToGround</altitudeMode>
			</LookAt>
			<styleUrl>#__managed_style_1842B1047040DE0E8CD0</styleUrl>
			<Point>
				<altitudeMode>relativeToGround</altitudeMode>
				<coordinates>-16.9778390069955,32.64830780876432,0</coordinates>
			</Point>
		</Placemark>
		<Placemark id="08EDD6F2BD3ED11D5749">
			<name>נק תצפית</name>
			<LookAt>
				<longitude>-16.97700675631366</longitude>
				<latitude>32.64846343580084</latitude>
				<altitude>40.26953546092786</altitude>
				<heading>0</heading>
				<tilt>0</tilt>
				<gx:fovy>56.2528216734274</gx:fovy>
				<range>145.0268863027486</range>
				<altitudeMode>absolute</altitudeMode>
			</LookAt>
			<styleUrl>#__managed_style_38E5500E4640DE0E8CD4</styleUrl>
			<Point>
				<coordinates>-16.976920805817,32.64851662706617,40.04233868136657</coordinates>
			</Point>
		</Placemark>
		<Placemark id="09DCBDE8823ED11D8FEB">
			<gx:mid>/g/11gy7kljpf</gx:mid>
			<gx:fid>0xc605f85a8d5b3bf:0xec3120c181bd190a</gx:fid>
			<LookAt>
				<longitude>-16.9774711</longitude>
				<latitude>32.6482187</latitude>
				<altitude>0</altitude>
				<heading>0</heading>
				<tilt>0</tilt>
				<gx:fovy>35</gx:fovy>
				<range>872.7565582936077</range>
				<altitudeMode>relativeToGround</altitudeMode>
			</LookAt>
			<styleUrl>#__managed_style_16147CE44F40DE0E8CCF</styleUrl>
			<Point>
				<altitudeMode>relativeToGround</altitudeMode>
				<coordinates>-16.9774711,32.6482187,0</coordinates>
			</Point>
		</Placemark>
		<Placemark id="0E139DA1233ED11DED8C">
			<gx:mid>/g/11fsjb8vkq</gx:mid>
			<gx:fid>0xc605f6199aaf185:0x5163c66f217ff420</gx:fid>
			<LookAt>
				<longitude>-16.9826082</longitude>
				<latitude>32.6500971</latitude>
				<altitude>0</altitude>
				<heading>0</heading>
				<tilt>0</tilt>
				<gx:fovy>35</gx:fovy>
				<range>872.7363390535922</range>
				<altitudeMode>relativeToGround</altitudeMode>
			</LookAt>
			<styleUrl>#__managed_style_1842B1047040DE0E8CD0</styleUrl>
			<Point>
				<altitudeMode>relativeToGround</altitudeMode>
				<coordinates>-16.9826082,32.6500971,0</coordinates>
			</Point>
		</Placemark>
		<Placemark id="0E1E5F82A83ED11F0D61">
			<gx:mid>/g/1t_wqlzq</gx:mid>
			<gx:fid>0xc6067ffbfffffff:0xfb729344003add7a</gx:fid>
			<LookAt>
				<longitude>-17.0217725</longitude>
				<latitude>32.6569092</latitude>
				<altitude>0</altitude>
				<heading>0</heading>
				<tilt>0</tilt>
				<gx:fovy>35</gx:fovy>
				<range>872.6630050788989</range>
				<altitudeMode>relativeToGround</altitudeMode>
			</LookAt>
			<styleUrl>#__managed_style_1842B1047040DE0E8CD0</styleUrl>
			<Point>
				<altitudeMode>relativeToGround</altitudeMode>
				<coordinates>-17.0217725,32.6569092,0</coordinates>
			</Point>
		</Placemark>
		<Placemark id="0B234F92BB3ED11F7A68">
			<gx:mid>/g/11k6bl4rh6</gx:mid>
			<gx:fid>0xc60593646c4e165:0x99394653e9d5c978</gx:fid>
			<LookAt>
				<longitude>-17.0308575</longitude>
				<latitude>32.6610789</latitude>
				<altitude>0</altitude>
				<heading>0</heading>
				<tilt>0</tilt>
				<gx:fovy>35</gx:fovy>
				<range>872.6181110086152</range>
				<altitudeMode>relativeToGround</altitudeMode>
			</LookAt>
			<styleUrl>#__managed_style_1842B1047040DE0E8CD0</styleUrl>
			<Point>
				<altitudeMode>relativeToGround</altitudeMode>
				<coordinates>-17.03069437990227,32.66102695554324,0</coordinates>
			</Point>
		</Placemark>
		<Placemark id="03909406DD3ED1205083">
			<gx:mid>/g/11d_d4jcdt</gx:mid>
			<gx:fid>0xc6058e20ba16e3f:0x6508d7cbf4b01ad2</gx:fid>
			<LookAt>
				<longitude>-17.0372814</longitude>
				<latitude>32.66198639999999</latitude>
				<altitude>0</altitude>
				<heading>0</heading>
				<tilt>0</tilt>
				<gx:fovy>35</gx:fovy>
				<range>872.6083395696456</range>
				<altitudeMode>relativeToGround</altitudeMode>
			</LookAt>
			<styleUrl>#__managed_style_1842B1047040DE0E8CD0</styleUrl>
			<Point>
				<altitudeMode>relativeToGround</altitudeMode>
				<coordinates>-17.0375045682189,32.66171897792648,0</coordinates>
			</Point>
		</Placemark>
		<Placemark id="04BB83A3F13ED1223108">
			<gx:mid>/g/11g6rkg60x</gx:mid>
			<gx:fid>0xc60591ed4eb8589:0xd5891a7000197d6e</gx:fid>
			<LookAt>
				<longitude>-17.0335994</longitude>
				<latitude>32.6680022</latitude>
				<altitude>0</altitude>
				<heading>0</heading>
				<tilt>0</tilt>
				<gx:fovy>35</gx:fovy>
				<range>872.5435592524827</range>
				<altitudeMode>relativeToGround</altitudeMode>
			</LookAt>
			<styleUrl>#__managed_style_1842B1047040DE0E8CD0</styleUrl>
			<Point>
				<altitudeMode>relativeToGround</altitudeMode>
				<coordinates>-17.0335994,32.6680022,0</coordinates>
			</Point>
		</Placemark>
		<Placemark id="03D20BCE4A3ED1229D40">
			<gx:mid>/g/11dxd42kr0</gx:mid>
			<gx:fid>0xc6059a5803a4fd5:0xccc163139c515d7f</gx:fid>
			<LookAt>
				<longitude>-17.0628857</longitude>
				<latitude>32.6695486</latitude>
				<altitude>0</altitude>
				<heading>0</heading>
				<tilt>0</tilt>
				<gx:fovy>35</gx:fovy>
				<range>872.5269054736216</range>
				<altitudeMode>relativeToGround</altitudeMode>
			</LookAt>
			<styleUrl>#__managed_style_1842B1047040DE0E8CD0</styleUrl>
			<Point>
				<altitudeMode>relativeToGround</altitudeMode>
				<coordinates>-17.0628857,32.6695486,0</coordinates>
			</Point>
		</Placemark>
		<Placemark id="016BB512983ED123B717">
			<gx:mid>/g/11l2ggby8c</gx:mid>
			<gx:fid>0xc605774ee341433:0x203bc407e471c5a</gx:fid>
			<LookAt>
				<longitude>-17.1079033</longitude>
				<latitude>32.6813175</latitude>
				<altitude>0</altitude>
				<heading>0</heading>
				<tilt>0</tilt>
				<gx:fovy>35</gx:fovy>
				<range>872.4001404396411</range>
				<altitudeMode>relativeToGround</altitudeMode>
			</LookAt>
			<styleUrl>#__managed_style_1842B1047040DE0E8CD0</styleUrl>
			<Point>
				<altitudeMode>relativeToGround</altitudeMode>
				<coordinates>-17.1079033,32.6813175,0</coordinates>
			</Point>
		</Placemark>
		<Placemark id="074AE5ED013ED12403A6">
			<gx:mid>/g/11csptdjqt</gx:mid>
			<gx:fid>0xc60574fce91656b:0x9bc2d7ccb68faba2</gx:fid>
			<LookAt>
				<longitude>-17.1138232</longitude>
				<latitude>32.6866399</latitude>
				<altitude>0</altitude>
				<heading>0</heading>
				<tilt>0</tilt>
				<gx:fovy>35</gx:fovy>
				<range>872.3427995613089</range>
				<altitudeMode>relativeToGround</altitudeMode>
			</LookAt>
			<styleUrl>#__managed_style_225D3BBA1940DE0E8CCF</styleUrl>
			<Point>
				<altitudeMode>relativeToGround</altitudeMode>
				<coordinates>-17.1138232,32.6866399,0</coordinates>
			</Point>
		</Placemark>
		<Placemark id="0B15DC507A3ED1248471">
			<gx:mid>/g/11h2lqrhg7</gx:mid>
			<gx:fid>0xc605b8d06d26121:0x14df9ab9ee9008a5</gx:fid>
			<LookAt>
				<longitude>-17.0242163</longitude>
				<latitude>32.73079560000001</latitude>
				<altitude>0</altitude>
				<heading>0</heading>
				<tilt>0</tilt>
				<gx:fovy>35</gx:fovy>
				<range>871.8667926365113</range>
				<altitudeMode>relativeToGround</altitudeMode>
			</LookAt>
			<styleUrl>#__managed_style_1842B1047040DE0E8CD0</styleUrl>
			<Point>
				<altitudeMode>relativeToGround</altitudeMode>
				<coordinates>-17.0242163,32.7307956,0</coordinates>
			</Point>
		</Placemark>
		<Placemark id="022F625CFC3ED124C71B">
			<gx:mid>/g/11ldy7slhx</gx:mid>
			<gx:fid>0xc605b007e76becb:0x41608f23732f06c2</gx:fid>
			<LookAt>
				<longitude>-17.0255668</longitude>
				<latitude>32.7317681</latitude>
				<altitude>0</altitude>
				<heading>0</heading>
				<tilt>0</tilt>
				<gx:fovy>35</gx:fovy>
				<range>871.8563029661473</range>
				<altitudeMode>relativeToGround</altitudeMode>
			</LookAt>
			<styleUrl>#__managed_style_1842B1047040DE0E8CD0</styleUrl>
			<Point>
				<altitudeMode>relativeToGround</altitudeMode>
				<coordinates>-17.0255668,32.7317681,0</coordinates>
			</Point>
		</Placemark>
		<Placemark id="0A9E6858723ED1250801">
			<gx:mid>/g/11ln_8lkgk</gx:mid>
			<gx:fid>0xc605b005e7e430d:0x51ebdbfcbae371e6</gx:fid>
			<LookAt>
				<longitude>-17.0230898</longitude>
				<latitude>32.733556</latitude>
				<altitude>0</altitude>
				<heading>0</heading>
				<tilt>0</tilt>
				<gx:fovy>35</gx:fovy>
				<range>871.8370174850519</range>
				<altitudeMode>relativeToGround</altitudeMode>
			</LookAt>
			<styleUrl>#__managed_style_1842B1047040DE0E8CD0</styleUrl>
			<Point>
				<altitudeMode>relativeToGround</altitudeMode>
				<coordinates>-17.0230898,32.733556,0</coordinates>
			</Point>
		</Placemark>
		<Placemark id="04733C2B223ED12551E8">
			<gx:mid>/g/11rrpyhb0r</gx:mid>
			<gx:fid>0xc605b92e3059f49:0xaf4008b02f9a5d92</gx:fid>
			<LookAt>
				<longitude>-17.0248903</longitude>
				<latitude>32.7347038</latitude>
				<altitude>0</altitude>
				<heading>0</heading>
				<tilt>0</tilt>
				<gx:fovy>35</gx:fovy>
				<range>871.8246360937753</range>
				<altitudeMode>relativeToGround</altitudeMode>
			</LookAt>
			<styleUrl>#__managed_style_1842B1047040DE0E8CD0</styleUrl>
			<Point>
				<altitudeMode>relativeToGround</altitudeMode>
				<coordinates>-17.02399179443285,32.73475918477617,0</coordinates>
			</Point>
		</Placemark>
		<Placemark id="0C06D021433ED125FCF3">
			<gx:mid>/g/11qg5blrmh</gx:mid>
			<gx:fid>0xc6051a98429090f:0xabfa08a4f9eb4656</gx:fid>
			<LookAt>
				<longitude>-17.2231404</longitude>
				<latitude>32.75921290000001</latitude>
				<altitude>0</altitude>
				<heading>0</heading>
				<tilt>0</tilt>
				<gx:fovy>35</gx:fovy>
				<range>871.5601699036291</range>
				<altitudeMode>relativeToGround</altitudeMode>
			</LookAt>
			<styleUrl>#__managed_style_1842B1047040DE0E8CD0</styleUrl>
			<Point>
				<altitudeMode>relativeToGround</altitudeMode>
				<coordinates>-17.2231404,32.7592129,0</coordinates>
			</Point>
		</Placemark>
		<Placemark id="00C33BB8903ED129D640">
			<gx:mid>/g/11fr7784k4</gx:mid>
			<gx:fid>0xc604d2633475ca9:0xa9e2fd1baaf42088</gx:fid>
			<LookAt>
				<longitude>-17.2335356</longitude>
				<latitude>32.7665259</latitude>
				<altitude>0</altitude>
				<heading>0</heading>
				<tilt>0</tilt>
				<gx:fovy>35</gx:fovy>
				<range>871.4812273129836</range>
				<altitudeMode>relativeToGround</altitudeMode>
			</LookAt>
			<styleUrl>#__managed_style_1842B1047040DE0E8CD0</styleUrl>
			<Point>
				<altitudeMode>relativeToGround</altitudeMode>
				<coordinates>-17.2335356,32.7665259,0</coordinates>
			</Point>
		</Placemark>
		<Placemark id="0E813C496F3ED12A30B4">
			<gx:mid>/g/11c6tyypg4</gx:mid>
			<gx:fid>0xc604d815e66c369:0xcfe3a666c0f9ba8b</gx:fid>
			<LookAt>
				<longitude>-17.2383097</longitude>
				<latitude>32.77064480000001</latitude>
				<altitude>0</altitude>
				<heading>0</heading>
				<tilt>0</tilt>
				<gx:fovy>35</gx:fovy>
				<range>871.4367581280338</range>
				<altitudeMode>relativeToGround</altitudeMode>
			</LookAt>
			<styleUrl>#__managed_style_1842B1047040DE0E8CD0</styleUrl>
			<Point>
				<altitudeMode>relativeToGround</altitudeMode>
				<coordinates>-17.2383626,32.7706206,0</coordinates>
			</Point>
		</Placemark>
		<Placemark id="0C9C124AEC3ED12A6DDC">
			<gx:mid>/g/11rc3_vjd0</gx:mid>
			<gx:fid>0xc604dc9aae99d11:0x31be448774784e9b</gx:fid>
			<LookAt>
				<longitude>-17.2364935</longitude>
				<latitude>32.7696416</latitude>
				<altitude>0</altitude>
				<heading>0</heading>
				<tilt>0</tilt>
				<gx:fovy>35</gx:fovy>
				<range>871.447589472626</range>
				<altitudeMode>relativeToGround</altitudeMode>
			</LookAt>
			<styleUrl>#__managed_style_1842B1047040DE0E8CD0</styleUrl>
			<Point>
				<altitudeMode>relativeToGround</altitudeMode>
				<coordinates>-17.2364935,32.7696416,0</coordinates>
			</Point>
		</Placemark>
		<Placemark id="045255DD0F3ED12AE858">
			<gx:mid>/g/11w9lktgh_</gx:mid>
			<gx:fid>0xc604f003115bce1:0x28d95be058814d54</gx:fid>
			<LookAt>
				<longitude>-17.179072</longitude>
				<latitude>32.794748</latitude>
				<altitude>0</altitude>
				<heading>0</heading>
				<tilt>0</tilt>
				<gx:fovy>35</gx:fovy>
				<range>871.1764391018785</range>
				<altitudeMode>relativeToGround</altitudeMode>
			</LookAt>
			<styleUrl>#__managed_style_1842B1047040DE0E8CD0</styleUrl>
			<Point>
				<altitudeMode>relativeToGround</altitudeMode>
				<coordinates>-17.179072,32.794748,0</coordinates>
			</Point>
		</Placemark>
		<Placemark id="0089CB7D513ED12B50AC">
			<gx:mid>/g/11vsrz2786</gx:mid>
			<gx:fid>0xc604f003c5dac7b:0xe51ea6999bb7a1e0</gx:fid>
			<LookAt>
				<longitude>-17.1445657</longitude>
				<latitude>32.8115655</latitude>
				<altitude>0</altitude>
				<heading>0</heading>
				<tilt>0</tilt>
				<gx:fovy>35</gx:fovy>
				<range>870.9947140759363</range>
				<altitudeMode>relativeToGround</altitudeMode>
			</LookAt>
			<styleUrl>#__managed_style_16147CE44F40DE0E8CCF</styleUrl>
			<Point>
				<altitudeMode>relativeToGround</altitudeMode>
				<coordinates>-17.1445657,32.8115655,0</coordinates>
			</Point>
		</Placemark>
		<Placemark id="0B773E361D3ED12BAF2C">
			<gx:mid>/g/11c2qbgfwy</gx:mid>
			<gx:fid>0xc604565bf7c8d19:0x7db154da8e526250</gx:fid>
			<LookAt>
				<longitude>-17.0951768</longitude>
				<latitude>32.8161303</latitude>
				<altitude>0</altitude>
				<heading>0</heading>
				<tilt>0</tilt>
				<gx:fovy>35</gx:fovy>
				<range>870.9453749977612</range>
				<altitudeMode>relativeToGround</altitudeMode>
			</LookAt>
			<styleUrl>#__managed_style_1842B1047040DE0E8CD0</styleUrl>
			<Point>
				<altitudeMode>relativeToGround</altitudeMode>
				<coordinates>-17.0951768,32.8161303,0</coordinates>
			</Point>
		</Placemark>
		<Placemark id="0E052312593ED12C0718">
			<gx:mid>/g/11hyl6jhy6</gx:mid>
			<gx:fid>0xc604f91f5db1a67:0xbe7b15c672cf9eab</gx:fid>
			<LookAt>
				<longitude>-17.1031012</longitude>
				<latitude>32.82228440000001</latitude>
				<altitude>0</altitude>
				<heading>0</heading>
				<tilt>0</tilt>
				<gx:fovy>35</gx:fovy>
				<range>870.8788489166025</range>
				<altitudeMode>relativeToGround</altitudeMode>
			</LookAt>
			<styleUrl>#__managed_style_4792A42E2A40DE0E8CD0</styleUrl>
			<Point>
				<altitudeMode>relativeToGround</altitudeMode>
				<coordinates>-17.1031012,32.8222844,0</coordinates>
			</Point>
		</Placemark>
		<Placemark id="07A4704B7B3ED12C75F1">
			<gx:mid>/g/11ff0rjp8l</gx:mid>
			<gx:fid>0xc604f1c803af2b5:0xb089de623a98aa15</gx:fid>
			<LookAt>
				<longitude>-17.1529908</longitude>
				<latitude>32.8554097</latitude>
				<altitude>0</altitude>
				<heading>0</heading>
				<tilt>0</tilt>
				<gx:fovy>35</gx:fovy>
				<range>870.5205874898127</range>
				<altitudeMode>relativeToGround</altitudeMode>
			</LookAt>
			<styleUrl>#__managed_style_1842B1047040DE0E8CD0</styleUrl>
			<Point>
				<altitudeMode>relativeToGround</altitudeMode>
				<coordinates>-17.1529908,32.8554097,0</coordinates>
			</Point>
		</Placemark>
		<Placemark id="03B774952A3ED12CEEFB">
			<name>נק תצפית</name>
			<LookAt>
				<longitude>-17.15458732372131</longitude>
				<latitude>32.85618226762814</latitude>
				<altitude>26.10851666040683</altitude>
				<heading>0</heading>
				<tilt>0</tilt>
				<gx:fovy>36.77570359784571</gx:fovy>
				<range>544.9132413319603</range>
				<altitudeMode>absolute</altitudeMode>
			</LookAt>
			<styleUrl>#__managed_style_38E5500E4640DE0E8CD4</styleUrl>
			<Point>
				<coordinates>-17.15490787991435,32.85614122119811,39.74164312845309</coordinates>
			</Point>
		</Placemark>
		<Placemark id="01ED1F0FA23ED12EBC14">
			<gx:mid>/g/11g6rh8kt5</gx:mid>
			<gx:fid>0xc604ecb2f3955e7:0xbf96d8cf720fba3a</gx:fid>
			<LookAt>
				<longitude>-17.1686936</longitude>
				<latitude>32.8622744</latitude>
				<altitude>0</altitude>
				<heading>0</heading>
				<tilt>0</tilt>
				<gx:fovy>35</gx:fovy>
				<range>870.4463063922507</range>
				<altitudeMode>relativeToGround</altitudeMode>
			</LookAt>
			<styleUrl>#__managed_style_1842B1047040DE0E8CD0</styleUrl>
			<Point>
				<altitudeMode>relativeToGround</altitudeMode>
				<coordinates>-17.1686936,32.8622744,0</coordinates>
			</Point>
		</Placemark>
		<Placemark id="023FADAC8E3ED12EF2BC">
			<gx:mid>/g/1q5bpkbn3</gx:mid>
			<gx:fid>0xc604ecf2b27e1bf:0x593a87d31bc1a7ca</gx:fid>
			<LookAt>
				<longitude>-17.1653645</longitude>
				<latitude>32.8672496</latitude>
				<altitude>0</altitude>
				<heading>0</heading>
				<tilt>0</tilt>
				<gx:fovy>35</gx:fovy>
				<range>870.3924631306891</range>
				<altitudeMode>relativeToGround</altitudeMode>
			</LookAt>
			<styleUrl>#__managed_style_09B5FBA38B40DE0E8CCF</styleUrl>
			<Point>
				<altitudeMode>relativeToGround</altitudeMode>
				<coordinates>-17.1653645,32.8672496,0</coordinates>
			</Point>
		</Placemark>
		<Placemark id="05EE56339F3ED12F1830">
			<gx:mid>/g/11z0vqhjr1</gx:mid>
			<gx:fid>0xc60490042a554dd:0x50c3043acffac230</gx:fid>
			<LookAt>
				<longitude>-17.1651926</longitude>
				<latitude>32.8673582</latitude>
				<altitude>0</altitude>
				<heading>0</heading>
				<tilt>0</tilt>
				<gx:fovy>35</gx:fovy>
				<range>870.391287751101</range>
				<altitudeMode>relativeToGround</altitudeMode>
			</LookAt>
			<styleUrl>#__managed_style_1842B1047040DE0E8CD0</styleUrl>
			<Point>
				<altitudeMode>relativeToGround</altitudeMode>
				<coordinates>-17.1651926,32.8673582,0</coordinates>
			</Point>
		</Placemark>
		<Placemark id="04E27092DF3ED12F6CCC">
			<gx:mid>/g/11c6vzl514</gx:mid>
			<gx:fid>0xc60493385c1ec35:0x4d4ff659e786217</gx:fid>
			<LookAt>
				<longitude>-17.1657344</longitude>
				<latitude>32.8665972</latitude>
				<altitude>0</altitude>
				<heading>0</heading>
				<tilt>0</tilt>
				<gx:fovy>35</gx:fovy>
				<range>870.3995239996999</range>
				<altitudeMode>relativeToGround</altitudeMode>
			</LookAt>
			<styleUrl>#__managed_style_1842B1047040DE0E8CD0</styleUrl>
			<Point>
				<altitudeMode>relativeToGround</altitudeMode>
				<coordinates>-17.1657344,32.8665972,0</coordinates>
			</Point>
		</Placemark>
		<Placemark id="0EAC4F126F3ED12FD411">
			<gx:mid>/g/1213_d75</gx:mid>
			<gx:fid>0xc60493408a1b219:0x150378a12b958caa</gx:fid>
			<LookAt>
				<longitude>-17.166252</longitude>
				<latitude>32.8679092</latitude>
				<altitude>0</altitude>
				<heading>0</heading>
				<tilt>0</tilt>
				<gx:fovy>35</gx:fovy>
				<range>870.3853242200306</range>
				<altitudeMode>relativeToGround</altitudeMode>
			</LookAt>
			<styleUrl>#__managed_style_09B5FBA38B40DE0E8CCF</styleUrl>
			<Point>
				<altitudeMode>relativeToGround</altitudeMode>
				<coordinates>-17.166252,32.8679092,0</coordinates>
			</Point>
		</Placemark>
		<Placemark id="07E4605E263ED1300ED0">
			<gx:mid>/g/1262_8x3l</gx:mid>
			<gx:fid>0xc6049366d780f27:0x653564cc8337f97c</gx:fid>
			<LookAt>
				<longitude>-17.170627</longitude>
				<latitude>32.8685878</latitude>
				<altitude>0</altitude>
				<heading>0</heading>
				<tilt>0</tilt>
				<gx:fovy>35</gx:fovy>
				<range>870.3779795482236</range>
				<altitudeMode>relativeToGround</altitudeMode>
			</LookAt>
			<styleUrl>#__managed_style_4792A42E2A40DE0E8CD0</styleUrl>
			<Point>
				<altitudeMode>relativeToGround</altitudeMode>
				<coordinates>-17.170627,32.8685878,0</coordinates>
			</Point>
		</Placemark>
		<Placemark id="00061F695B3ED1307090">
			<gx:mid>/g/11xsgr9g44</gx:mid>
			<gx:fid>0xc6049006583aa69:0xb4fa8c962a7dac3a</gx:fid>
			<LookAt>
				<longitude>-17.167311</longitude>
				<latitude>32.867717</latitude>
				<altitude>0</altitude>
				<heading>0</heading>
				<tilt>0</tilt>
				<gx:fovy>35</gx:fovy>
				<range>870.3874044301838</range>
				<altitudeMode>relativeToGround</altitudeMode>
			</LookAt>
			<styleUrl>#__managed_style_1842B1047040DE0E8CD0</styleUrl>
			<Point>
				<altitudeMode>relativeToGround</altitudeMode>
				<coordinates>-17.167311,32.867717,0</coordinates>
			</Point>
		</Placemark>
		<Placemark id="02DB9E938E3ED130D77C">
			<gx:mid>/g/11jwhlqpx4</gx:mid>
			<gx:fid>0xc6049675818b9e1:0xe7cf69adf50d1a60</gx:fid>
			<LookAt>
				<longitude>-17.1759273</longitude>
				<latitude>32.8664687</latitude>
				<altitude>0</altitude>
				<heading>0</heading>
				<tilt>0</tilt>
				<gx:fovy>35</gx:fovy>
				<range>870.4009147306044</range>
				<altitudeMode>relativeToGround</altitudeMode>
			</LookAt>
			<styleUrl>#__managed_style_1842B1047040DE0E8CD0</styleUrl>
			<Point>
				<altitudeMode>relativeToGround</altitudeMode>
				<coordinates>-17.1759273,32.8664687,0</coordinates>
			</Point>
		</Placemark>
		<Placemark id="0A608F2E653ED1311F60">
			<gx:mid>/g/11c5_2xmtn</gx:mid>
			<gx:fid>0xc60494ab4205697:0xa90ee7bdd7d52ef</gx:fid>
			<LookAt>
				<longitude>-17.1726125</longitude>
				<latitude>32.8622036</latitude>
				<altitude>0</altitude>
				<heading>0</heading>
				<tilt>0</tilt>
				<gx:fovy>35</gx:fovy>
				<range>870.4470725651242</range>
				<altitudeMode>relativeToGround</altitudeMode>
			</LookAt>
			<styleUrl>#__managed_style_1842B1047040DE0E8CD0</styleUrl>
			<Point>
				<altitudeMode>relativeToGround</altitudeMode>
				<coordinates>-17.1726125,32.8622036,0</coordinates>
			</Point>
		</Placemark>
		<Placemark id="0511A7B6DE3ED1316240">
			<gx:mid>/g/11kh6n3tf7</gx:mid>
			<gx:fid>0xc60494ae28a258b:0x788392ccdb09f7fa</gx:fid>
			<LookAt>
				<longitude>-17.1793482</longitude>
				<latitude>32.86436619999999</latitude>
				<altitude>0</altitude>
				<heading>0</heading>
				<tilt>0</tilt>
				<gx:fovy>35</gx:fovy>
				<range>870.4236690532852</range>
				<altitudeMode>relativeToGround</altitudeMode>
			</LookAt>
			<styleUrl>#__managed_style_1842B1047040DE0E8CD0</styleUrl>
			<Point>
				<altitudeMode>relativeToGround</altitudeMode>
				<coordinates>-17.1793482,32.8643662,0</coordinates>
			</Point>
		</Placemark>
		<Placemark id="096F3F691D3ED134D9AE">
			<gx:mid>/g/11j7vfbf9q</gx:mid>
			<gx:fid>0xc604b2d21482cd3:0x28e1238d81c8bebc</gx:fid>
			<LookAt>
				<longitude>-17.2034402</longitude>
				<latitude>32.85950590000001</latitude>
				<altitude>0</altitude>
				<heading>0</heading>
				<tilt>0</tilt>
				<gx:fovy>35</gx:fovy>
				<range>870.4762651253777</range>
				<altitudeMode>relativeToGround</altitudeMode>
			</LookAt>
			<styleUrl>#__managed_style_1842B1047040DE0E8CD0</styleUrl>
			<Point>
				<altitudeMode>relativeToGround</altitudeMode>
				<coordinates>-17.2034402,32.8595059,0</coordinates>
			</Point>
		</Placemark>
		<Placemark id="073F6936793ED135B2B0">
			<gx:mid>/g/11dxs4_vsc</gx:mid>
			<gx:fid>0xc604c08dd99d301:0x96fc14a5959abf00</gx:fid>
			<LookAt>
				<longitude>-17.2098913</longitude>
				<latitude>32.8528489</latitude>
				<altitude>0</altitude>
				<heading>0</heading>
				<tilt>0</tilt>
				<gx:fovy>35</gx:fovy>
				<range>870.5482939726107</range>
				<altitudeMode>relativeToGround</altitudeMode>
			</LookAt>
			<styleUrl>#__managed_style_1842B1047040DE0E8CD0</styleUrl>
			<Point>
				<altitudeMode>relativeToGround</altitudeMode>
				<coordinates>-17.2098913,32.8528489,0</coordinates>
			</Point>
		</Placemark>
		<Placemark id="000BD8E9753ED13622D9">
			<gx:mid>/g/11flbpxsqg</gx:mid>
			<gx:fid>0xc604df315fc3997:0xa41187ea79277fd9</gx:fid>
			<LookAt>
				<longitude>-17.2511614</longitude>
				<latitude>32.82006029999999</latitude>
				<altitude>0</altitude>
				<heading>0</heading>
				<tilt>0</tilt>
				<gx:fovy>35</gx:fovy>
				<range>870.9028927110738</range>
				<altitudeMode>relativeToGround</altitudeMode>
			</LookAt>
			<styleUrl>#__managed_style_1842B1047040DE0E8CD0</styleUrl>
			<Point>
				<altitudeMode>relativeToGround</altitudeMode>
				<coordinates>-17.2511614,32.8200603,0</coordinates>
			</Point>
		</Placemark>
		<Placemark id="066114787E3ED13682FC">
			<gx:mid>/g/121_p9h7</gx:mid>
			<gx:fid>0xc604ce6f8691ed1:0x8a4fc7b8d60bea61</gx:fid>
			<LookAt>
				<longitude>-17.2629651</longitude>
				<latitude>32.8141632</latitude>
				<altitude>0</altitude>
				<heading>0</heading>
				<tilt>0</tilt>
				<gx:fovy>35</gx:fovy>
				<range>870.9666372761828</range>
				<altitudeMode>relativeToGround</altitudeMode>
			</LookAt>
			<styleUrl>#__managed_style_1842B1047040DE0E8CD0</styleUrl>
			<Point>
				<altitudeMode>relativeToGround</altitudeMode>
				<coordinates>-17.2629651,32.8141632,0</coordinates>
			</Point>
		</Placemark>
		<Placemark id="0EC1283C713ED137D849">
			<gx:mid>/m/0ddc31v</gx:mid>
			<gx:fid>0xc60510dd642ea67:0x1af8575b31249c87</gx:fid>
			<LookAt>
				<longitude>-17.1783139</longitude>
				<latitude>32.7203488</latitude>
				<altitude>0</altitude>
				<heading>0</heading>
				<tilt>0</tilt>
				<gx:fovy>35</gx:fovy>
				<range>871.9794587612674</range>
				<altitudeMode>relativeToGround</altitudeMode>
			</LookAt>
			<styleUrl>#__managed_style_4792A42E2A40DE0E8CD0</styleUrl>
			<Point>
				<altitudeMode>relativeToGround</altitudeMode>
				<coordinates>-17.1783139,32.7203488,0</coordinates>
			</Point>
		</Placemark>
		<Placemark id="09702824F53ED13911CB">
			<gx:mid>/g/11dylz0v_3</gx:mid>
			<gx:fid>0xc6050dba60a73c9:0x1325bb63dd784d00</gx:fid>
			<LookAt>
				<longitude>-17.1399575</longitude>
				<latitude>32.7061507</latitude>
				<altitude>0</altitude>
				<heading>0</heading>
				<tilt>0</tilt>
				<gx:fovy>35</gx:fovy>
				<range>872.1325344120048</range>
				<altitudeMode>relativeToGround</altitudeMode>
			</LookAt>
			<styleUrl>#__managed_style_1842B1047040DE0E8CD0</styleUrl>
			<Point>
				<altitudeMode>relativeToGround</altitudeMode>
				<coordinates>-17.1399575,32.7061507,0</coordinates>
			</Point>
		</Placemark>
		<Placemark id="0B483FCAEF3ED13A2A56">
			<gx:mid>/g/11rz7xrsd3</gx:mid>
			<gx:fid>0xc6059e3cd6d808d:0xe66f945a08afcd71</gx:fid>
			<LookAt>
				<longitude>-17.0867963</longitude>
				<latitude>32.680012</latitude>
				<altitude>0</altitude>
				<heading>0</heading>
				<tilt>0</tilt>
				<gx:fovy>35</gx:fovy>
				<range>872.4142040737538</range>
				<altitudeMode>relativeToGround</altitudeMode>
			</LookAt>
			<styleUrl>#__managed_style_063D7E0BBD40DE0E8CCE</styleUrl>
			<Point>
				<altitudeMode>relativeToGround</altitudeMode>
				<coordinates>-17.0867963,32.680012,0</coordinates>
			</Point>
		</Placemark>
		<Placemark id="04EF389CB93ED13AE6AB">
			<gx:mid>/g/11c2q3dx4v</gx:mid>
			<gx:fid>0xc605e598a97546d:0xac349573aff5a192</gx:fid>
			<LookAt>
				<longitude>-16.9657381</longitude>
				<latitude>32.7101123</latitude>
				<altitude>0</altitude>
				<heading>0</heading>
				<tilt>0</tilt>
				<gx:fovy>35</gx:fovy>
				<range>872.0898282297658</range>
				<altitudeMode>relativeToGround</altitudeMode>
			</LookAt>
			<styleUrl>#__managed_style_1842B1047040DE0E8CD0</styleUrl>
			<Point>
				<altitudeMode>relativeToGround</altitudeMode>
				<coordinates>-16.9657381,32.7101123,0</coordinates>
			</Point>
		</Placemark>
		<Placemark id="0B67C76AC03ED13B3FA6">
			<gx:mid>/g/11xv8fl1rw</gx:mid>
			<gx:fid>0xc605f002b368d5b:0xbbb632237dbc3049</gx:fid>
			<LookAt>
				<longitude>-16.9637047</longitude>
				<latitude>32.7133144</latitude>
				<altitude>0</altitude>
				<heading>0</heading>
				<tilt>0</tilt>
				<gx:fovy>35</gx:fovy>
				<range>872.0553063814999</range>
				<altitudeMode>relativeToGround</altitudeMode>
			</LookAt>
			<styleUrl>#__managed_style_1842B1047040DE0E8CD0</styleUrl>
			<Point>
				<altitudeMode>relativeToGround</altitudeMode>
				<coordinates>-16.9637047,32.7133144,0</coordinates>
			</Point>
		</Placemark>
		<Placemark id="08B531738D3ED13B854F">
			<gx:mid>/g/11ybnl9fwm</gx:mid>
			<gx:fid>0xc605f0072969073:0xdded7f3af51410df</gx:fid>
			<LookAt>
				<longitude>-16.9548323</longitude>
				<latitude>32.713917</latitude>
				<altitude>0</altitude>
				<heading>0</heading>
				<tilt>0</tilt>
				<gx:fovy>35</gx:fovy>
				<range>872.0488094393613</range>
				<altitudeMode>relativeToGround</altitudeMode>
			</LookAt>
			<styleUrl>#__managed_style_1842B1047040DE0E8CD0</styleUrl>
			<Point>
				<altitudeMode>relativeToGround</altitudeMode>
				<coordinates>-16.9548323,32.713917,0</coordinates>
			</Point>
		</Placemark>
		<Placemark id="00B12CACC03ED13BF1D4">
			<gx:mid>/g/11g6xm67nn</gx:mid>
			<gx:fid>0xc605e7ec314cfab:0xb8ce337d7f9e6233</gx:fid>
			<LookAt>
				<longitude>-16.9554592</longitude>
				<latitude>32.7160196</latitude>
				<altitude>0</altitude>
				<heading>0</heading>
				<tilt>0</tilt>
				<gx:fovy>35</gx:fovy>
				<range>872.026139452686</range>
				<altitudeMode>relativeToGround</altitudeMode>
			</LookAt>
			<styleUrl>#__managed_style_1842B1047040DE0E8CD0</styleUrl>
			<Point>
				<altitudeMode>relativeToGround</altitudeMode>
				<coordinates>-16.9554592,32.7160196,0</coordinates>
			</Point>
		</Placemark>
		<Placemark id="0364916C623ED13C9354">
			<gx:mid>/g/11qm0d53r0</gx:mid>
			<gx:fid>0xc605d3bfb37f2c3:0x805039330b51db8</gx:fid>
			<LookAt>
				<longitude>-16.9334386</longitude>
				<latitude>32.7227374</latitude>
				<altitude>0</altitude>
				<heading>0</heading>
				<tilt>0</tilt>
				<gx:fovy>35</gx:fovy>
				<range>871.9537009097039</range>
				<altitudeMode>relativeToGround</altitudeMode>
			</LookAt>
			<styleUrl>#__managed_style_1842B1047040DE0E8CD0</styleUrl>
			<Point>
				<altitudeMode>relativeToGround</altitudeMode>
				<coordinates>-16.9334386,32.7227374,0</coordinates>
			</Point>
		</Placemark>
		<Placemark id="0D853265013ED13D08A8">
			<gx:mid>/g/11c708mlx5</gx:mid>
			<gx:fid>0xc605de3383af5c9:0x350a4ca4dbfbb78c</gx:fid>
			<LookAt>
				<longitude>-16.9248503</longitude>
				<latitude>32.7256484</latitude>
				<altitude>0</altitude>
				<heading>0</heading>
				<tilt>0</tilt>
				<gx:fovy>35</gx:fovy>
				<range>871.922307588356</range>
				<altitudeMode>relativeToGround</altitudeMode>
			</LookAt>
			<styleUrl>#__managed_style_1842B1047040DE0E8CD0</styleUrl>
			<Point>
				<altitudeMode>relativeToGround</altitudeMode>
				<coordinates>-16.9248503,32.7256484,0</coordinates>
			</Point>
		</Placemark>
		<Placemark id="0EF9E72FA83ED13D79EC">
			<gx:mid>/g/11g6xl7ylt</gx:mid>
			<gx:fid>0xc605dee24adda81:0x79715241a73e7bb9</gx:fid>
			<LookAt>
				<longitude>-16.9247724</longitude>
				<latitude>32.7363672</latitude>
				<altitude>0</altitude>
				<heading>0</heading>
				<tilt>0</tilt>
				<gx:fovy>35</gx:fovy>
				<range>871.8066922606492</range>
				<altitudeMode>relativeToGround</altitudeMode>
			</LookAt>
			<styleUrl>#__managed_style_1842B1047040DE0E8CD0</styleUrl>
			<Point>
				<altitudeMode>relativeToGround</altitudeMode>
				<coordinates>-16.9247724,32.7363672,0</coordinates>
			</Point>
		</Placemark>
		<Placemark id="0696E296433ED13E7598">
			<gx:mid>/m/0f3928</gx:mid>
			<gx:fid>0xc606254055119eb:0x56c1fb168c86c9ed</gx:fid>
			<LookAt>
				<longitude>-16.774145</longitude>
				<latitude>32.69751549999999</latitude>
				<altitude>0</altitude>
				<heading>0</heading>
				<tilt>0</tilt>
				<gx:fovy>35</gx:fovy>
				<range>872.2256074506269</range>
				<altitudeMode>relativeToGround</altitudeMode>
			</LookAt>
			<styleUrl>#__managed_style_0BFA07C14140DE0E8CD7</styleUrl>
			<Point>
				<altitudeMode>relativeToGround</altitudeMode>
				<coordinates>-16.774145,32.6975155,0</coordinates>
			</Point>
		</Placemark>
		<Placemark id="0702AD74713ED13F38F3">
			<gx:mid>/g/11jrt7qzwy</gx:mid>
			<gx:fid>0xc60437e5dc4bb71:0x8c82f7f4d0656059</gx:fid>
			<LookAt>
				<longitude>-16.9771849</longitude>
				<latitude>32.827564</latitude>
				<altitude>0</altitude>
				<heading>0</heading>
				<tilt>0</tilt>
				<gx:fovy>35</gx:fovy>
				<range>870.8217680722503</range>
				<altitudeMode>relativeToGround</altitudeMode>
			</LookAt>
			<styleUrl>#__managed_style_1842B1047040DE0E8CD0</styleUrl>
			<Point>
				<altitudeMode>relativeToGround</altitudeMode>
				<coordinates>-16.9771849,32.827564,0</coordinates>
			</Point>
		</Placemark>
		<Placemark id="0FEB7880F73ED13F7F74">
			<gx:mid>/g/11dxd_dx54</gx:mid>
			<gx:fid>0xc604317a2348dd3:0xcd4a652bee25d463</gx:fid>
			<LookAt>
				<longitude>-16.9730354</longitude>
				<latitude>32.8270527</latitude>
				<altitude>0</altitude>
				<heading>0</heading>
				<tilt>0</tilt>
				<gx:fovy>35</gx:fovy>
				<range>870.8272963646223</range>
				<altitudeMode>relativeToGround</altitudeMode>
			</LookAt>
			<styleUrl>#__managed_style_1842B1047040DE0E8CD0</styleUrl>
			<Point>
				<altitudeMode>relativeToGround</altitudeMode>
				<coordinates>-16.9730354,32.8270527,0</coordinates>
			</Point>
		</Placemark>
		<Placemark id="07570471EF3ED14049E7">
			<gx:mid>/g/11dxd1q16x</gx:mid>
			<gx:fid>0xc6042c0ffd42435:0x4beeec91fe43a925</gx:fid>
			<LookAt>
				<longitude>-16.9389774</longitude>
				<latitude>32.8265862</latitude>
				<altitude>0</altitude>
				<heading>0</heading>
				<tilt>0</tilt>
				<gx:fovy>35</gx:fovy>
				<range>870.8323402076205</range>
				<altitudeMode>relativeToGround</altitudeMode>
			</LookAt>
			<styleUrl>#__managed_style_1842B1047040DE0E8CD0</styleUrl>
			<Point>
				<altitudeMode>relativeToGround</altitudeMode>
				<coordinates>-16.9389774,32.8265862,0</coordinates>
			</Point>
		</Placemark>
		<Placemark id="0B1836233E3ED1424B0C">
			<gx:mid>/g/11dxf0d6mh</gx:mid>
			<gx:fid>0xc60664a8cf909eb:0x156e71b248008987</gx:fid>
			<LookAt>
				<longitude>-16.8626682</longitude>
				<latitude>32.7946999</latitude>
				<altitude>0</altitude>
				<heading>0</heading>
				<tilt>0</tilt>
				<gx:fovy>35</gx:fovy>
				<range>871.1769587470177</range>
				<altitudeMode>relativeToGround</altitudeMode>
			</LookAt>
			<styleUrl>#__managed_style_1842B1047040DE0E8CD0</styleUrl>
			<Point>
				<altitudeMode>relativeToGround</altitudeMode>
				<coordinates>-16.8626682,32.7946999,0</coordinates>
			</Point>
		</Placemark>
		<Placemark id="0F7A1DD5A33ED14290CC">
			<gx:mid>/g/11c6vtsr6n</gx:mid>
			<gx:fid>0xc60664c08df12fb:0xd43a44780c681d22</gx:fid>
			<LookAt>
				<longitude>-16.8600544</longitude>
				<latitude>32.79063239999999</latitude>
				<altitude>0</altitude>
				<heading>0</heading>
				<tilt>0</tilt>
				<gx:fovy>35</gx:fovy>
				<range>871.2208994517654</range>
				<altitudeMode>relativeToGround</altitudeMode>
			</LookAt>
			<styleUrl>#__managed_style_1842B1047040DE0E8CD0</styleUrl>
			<Point>
				<altitudeMode>relativeToGround</altitudeMode>
				<coordinates>-16.8600544,32.7906324,0</coordinates>
			</Point>
		</Placemark>
		<Placemark id="0172CB8F973ED1435990">
			<gx:mid>/g/11xktxnj5w</gx:mid>
			<gx:fid>0xc606700564927a1:0xd03b3e354ff94c55</gx:fid>
			<LookAt>
				<longitude>-16.8556944</longitude>
				<latitude>32.7917222</latitude>
				<altitude>0</altitude>
				<heading>0</heading>
				<tilt>0</tilt>
				<gx:fovy>35</gx:fovy>
				<range>871.2091269138389</range>
				<altitudeMode>relativeToGround</altitudeMode>
			</LookAt>
			<styleUrl>#__managed_style_1842B1047040DE0E8CD0</styleUrl>
			<Point>
				<altitudeMode>relativeToGround</altitudeMode>
				<coordinates>-16.85509156193002,32.79177222898099,0</coordinates>
			</Point>
		</Placemark>
		<Placemark id="039D29C5923ED143D16B">
			<gx:mid>/g/11t7_cb6hh</gx:mid>
			<gx:fid>0xc6067a65ba4c8b3:0x4e49c4f4358008b</gx:fid>
			<LookAt>
				<longitude>-16.8492582</longitude>
				<latitude>32.7941616</latitude>
				<altitude>0</altitude>
				<heading>0</heading>
				<tilt>0</tilt>
				<gx:fovy>35</gx:fovy>
				<range>871.1827741925227</range>
				<altitudeMode>relativeToGround</altitudeMode>
			</LookAt>
			<styleUrl>#__managed_style_1842B1047040DE0E8CD0</styleUrl>
			<Point>
				<altitudeMode>relativeToGround</altitudeMode>
				<coordinates>-16.8492582,32.7941616,0</coordinates>
			</Point>
		</Placemark>
		<Placemark id="08FE3586CB3ED1445BCC">
			<gx:mid>/g/11c6w0chfy</gx:mid>
			<gx:fid>0xc6066f62ab7dd19:0xda00e87be91bd394</gx:fid>
			<LookAt>
				<longitude>-16.8502503</longitude>
				<latitude>32.77558860000001</latitude>
				<altitude>0</altitude>
				<heading>0</heading>
				<tilt>0</tilt>
				<gx:fovy>35</gx:fovy>
				<range>871.3833769628097</range>
				<altitudeMode>relativeToGround</altitudeMode>
			</LookAt>
			<styleUrl>#__managed_style_1842B1047040DE0E8CD0</styleUrl>
			<Point>
				<altitudeMode>relativeToGround</altitudeMode>
				<coordinates>-16.8502503,32.7755886,0</coordinates>
			</Point>
		</Placemark>
		<Placemark id="03ADAE67693ED144EBD6">
			<gx:mid>/g/11c6w0hh1q</gx:mid>
			<gx:fid>0xc606686664c2745:0x7e3671e7ba771b76</gx:fid>
			<LookAt>
				<longitude>-16.8273021</longitude>
				<latitude>32.77467259999999</latitude>
				<altitude>0</altitude>
				<heading>0</heading>
				<tilt>0</tilt>
				<gx:fovy>35</gx:fovy>
				<range>871.3932680609022</range>
				<altitudeMode>relativeToGround</altitudeMode>
			</LookAt>
			<styleUrl>#__managed_style_1842B1047040DE0E8CD0</styleUrl>
			<Point>
				<altitudeMode>relativeToGround</altitudeMode>
				<coordinates>-16.8273021,32.7746726,0</coordinates>
			</Point>
		</Placemark>
		<Placemark id="0EF29597B63ED1460654">
			<gx:mid>/g/11rb5928lv</gx:mid>
			<gx:fid>0xc6067fcd94c2781:0x94912d3b0a197f91</gx:fid>
			<LookAt>
				<longitude>-16.8301924</longitude>
				<latitude>32.7747048</latitude>
				<altitude>0</altitude>
				<heading>0</heading>
				<tilt>0</tilt>
				<gx:fovy>35</gx:fovy>
				<range>871.3929203645722</range>
				<altitudeMode>relativeToGround</altitudeMode>
			</LookAt>
			<styleUrl>#__managed_style_1842B1047040DE0E8CD0</styleUrl>
			<Point>
				<altitudeMode>relativeToGround</altitudeMode>
				<coordinates>-16.8301924,32.77470479999999,0</coordinates>
			</Point>
		</Placemark>
		<Placemark id="033808A14C3ED1465CC0">
			<gx:mid>/g/11sz0qd5h8</gx:mid>
			<gx:fid>0xc6067765ba2fd47:0x8586bef62b3ef7ca</gx:fid>
			<LookAt>
				<longitude>-16.8265271</longitude>
				<latitude>32.7696183</latitude>
				<altitude>0</altitude>
				<heading>0</heading>
				<tilt>0</tilt>
				<gx:fovy>35</gx:fovy>
				<range>871.4478410347155</range>
				<altitudeMode>relativeToGround</altitudeMode>
			</LookAt>
			<styleUrl>#__managed_style_1842B1047040DE0E8CD0</styleUrl>
			<Point>
				<altitudeMode>relativeToGround</altitudeMode>
				<coordinates>-16.8265271,32.7696183,0</coordinates>
			</Point>
		</Placemark>
		<Placemark id="0F68EE55213ED148AED4">
			<gx:mid>/g/11krfrl4t_</gx:mid>
			<gx:fid>0xc60638e0d1c69cb:0xdb354c4b1758de46</gx:fid>
			<LookAt>
				<longitude>-16.767543</longitude>
				<latitude>32.7257659</latitude>
				<altitude>0</altitude>
				<heading>0</heading>
				<tilt>0</tilt>
				<gx:fovy>35</gx:fovy>
				<range>871.9210403759587</range>
				<altitudeMode>relativeToGround</altitudeMode>
			</LookAt>
			<styleUrl>#__managed_style_1842B1047040DE0E8CD0</styleUrl>
			<Point>
				<altitudeMode>relativeToGround</altitudeMode>
				<coordinates>-16.767543,32.7257659,0</coordinates>
			</Point>
		</Placemark>
		<Placemark id="0740A0ED123ED1496110">
			<gx:mid>/g/11dxt01llf</gx:mid>
			<gx:fid>0xc6063a0d60ba3d5:0xc9e386c720fa49d3</gx:fid>
			<LookAt>
				<longitude>-16.7735159</longitude>
				<latitude>32.7154405</latitude>
				<altitude>0</altitude>
				<heading>0</heading>
				<tilt>0</tilt>
				<gx:fovy>35</gx:fovy>
				<range>872.0323833602739</range>
				<altitudeMode>relativeToGround</altitudeMode>
			</LookAt>
			<styleUrl>#__managed_style_1842B1047040DE0E8CD0</styleUrl>
			<Point>
				<altitudeMode>relativeToGround</altitudeMode>
				<coordinates>-16.7735159,32.7154405,0</coordinates>
			</Point>
		</Placemark>
		<Placemark id="01EB8527D93ED14B468C">
			<gx:mid>/g/120yxpjt</gx:mid>
			<gx:fid>0xc608a70d3559ff1:0x429cb19ab04e4980</gx:fid>
			<LookAt>
				<longitude>-16.8505668</longitude>
				<latitude>32.63851119999999</latitude>
				<altitude>0</altitude>
				<heading>0</heading>
				<tilt>0</tilt>
				<gx:fovy>35</gx:fovy>
				<range>872.8610353330721</range>
				<altitudeMode>relativeToGround</altitudeMode>
			</LookAt>
			<styleUrl>#__managed_style_1842B1047040DE0E8CD0</styleUrl>
			<Point>
				<altitudeMode>relativeToGround</altitudeMode>
				<coordinates>-16.8506573,32.6384926,0</coordinates>
			</Point>
		</Placemark>
		<Placemark id="07BEDCE1FF3ED14BA060">
			<gx:mid>/g/11c6f4dpny</gx:mid>
			<gx:fid>0xc608a70e194d84f:0x8e24daa25091f5aa</gx:fid>
			<LookAt>
				<longitude>-16.8501135</longitude>
				<latitude>32.6371625</latitude>
				<altitude>0</altitude>
				<heading>0</heading>
				<tilt>0</tilt>
				<gx:fovy>35</gx:fovy>
				<range>872.87554870772</range>
				<altitudeMode>relativeToGround</altitudeMode>
			</LookAt>
			<styleUrl>#__managed_style_1842B1047040DE0E8CD0</styleUrl>
			<Point>
				<altitudeMode>relativeToGround</altitudeMode>
				<coordinates>-16.8501135,32.6371625,0</coordinates>
			</Point>
		</Placemark>
		<Placemark id="071C59BF063ED14BF684">
			<gx:mid>/g/11c6txr2dq</gx:mid>
			<gx:fid>0xc60602bdc27f945:0x3cf75be9b2c75311</gx:fid>
			<LookAt>
				<longitude>-16.8705704</longitude>
				<latitude>32.6452959</latitude>
				<altitude>0</altitude>
				<heading>0</heading>
				<tilt>0</tilt>
				<gx:fovy>35</gx:fovy>
				<range>872.7880176346671</range>
				<altitudeMode>relativeToGround</altitudeMode>
			</LookAt>
			<styleUrl>#__managed_style_1842B1047040DE0E8CD0</styleUrl>
			<Point>
				<altitudeMode>relativeToGround</altitudeMode>
				<coordinates>-16.8705704,32.6452959,0</coordinates>
			</Point>
		</Placemark>
		<Placemark id="0A4FA283F33ED14E7CD8">
			<gx:mid>/g/11mld9w6n7</gx:mid>
			<gx:fid>0xc605fd549b7114f:0x731be0b122c83f6</gx:fid>
			<LookAt>
				<longitude>-16.9132921</longitude>
				<latitude>32.6485066</latitude>
				<altitude>0</altitude>
				<heading>0</heading>
				<tilt>0</tilt>
				<gx:fovy>35</gx:fovy>
				<range>872.7534593781687</range>
				<altitudeMode>relativeToGround</altitudeMode>
			</LookAt>
			<styleUrl>#__managed_style_063D7E0BBD40DE0E8CCE</styleUrl>
			<Point>
				<altitudeMode>relativeToGround</altitudeMode>
				<coordinates>-16.9132921,32.6485066,0</coordinates>
			</Point>
		</Placemark>
		<Placemark id="0A8AD0AC7B3ED14F5258">
			<gx:mid>/g/11cs6jwzwy</gx:mid>
			<gx:fid>0xc605fbed04b568b:0x5707edeb3a5f2350</gx:fid>
			<LookAt>
				<longitude>-16.9394961</longitude>
				<latitude>32.65872340000001</latitude>
				<altitude>0</altitude>
				<heading>0</heading>
				<tilt>0</tilt>
				<gx:fovy>35</gx:fovy>
				<range>872.6434726399746</range>
				<altitudeMode>relativeToGround</altitudeMode>
			</LookAt>
			<styleUrl>#__managed_style_1842B1047040DE0E8CD0</styleUrl>
			<Point>
				<altitudeMode>relativeToGround</altitudeMode>
				<coordinates>-16.9394961,32.6587234,0</coordinates>
			</Point>
		</Placemark>
		<Placemark id="01B99DE6583ED1507FD4">
			<gx:mid>/g/11wwtrgrdy</gx:mid>
			<gx:fid>0xc605f0074624909:0x399d29ae8965f485</gx:fid>
			<LookAt>
				<longitude>-16.9928793</longitude>
				<latitude>32.6608389</latitude>
				<altitude>0</altitude>
				<heading>0</heading>
				<tilt>0</tilt>
				<gx:fovy>35</gx:fovy>
				<range>872.6206951535485</range>
				<altitudeMode>relativeToGround</altitudeMode>
			</LookAt>
			<styleUrl>#__managed_style_1842B1047040DE0E8CD0</styleUrl>
			<Point>
				<altitudeMode>relativeToGround</altitudeMode>
				<coordinates>-16.9928793,32.6608389,0</coordinates>
			</Point>
		</Placemark>
		<Placemark id="0F2B4F917A3ED150E8C7">
			<gx:mid>/g/11jz6j_mkr</gx:mid>
			<gx:fid>0xc6067be7149a0a1:0xe1a2be98d1fa9c7d</gx:fid>
			<LookAt>
				<longitude>-16.8902812</longitude>
				<latitude>32.7415585</latitude>
				<altitude>0</altitude>
				<heading>0</heading>
				<tilt>0</tilt>
				<gx:fovy>35</gx:fovy>
				<range>871.7506865972289</range>
				<altitudeMode>relativeToGround</altitudeMode>
			</LookAt>
			<styleUrl>#__managed_style_1842B1047040DE0E8CD0</styleUrl>
			<Point>
				<altitudeMode>relativeToGround</altitudeMode>
				<coordinates>-16.8902812,32.7415585,0</coordinates>
			</Point>
		</Placemark>
		<Placemark id="085A83FA153ED1514771">
			<gx:mid>/g/11n0ykqh1y</gx:mid>
			<gx:fid>0xc606755aaadcd67:0x38847b7703406633</gx:fid>
			<LookAt>
				<longitude>-16.8786599</longitude>
				<latitude>32.7426228</latitude>
				<altitude>0</altitude>
				<heading>0</heading>
				<tilt>0</tilt>
				<gx:fovy>35</gx:fovy>
				<range>871.7392036356534</range>
				<altitudeMode>relativeToGround</altitudeMode>
			</LookAt>
			<styleUrl>#__managed_style_1842B1047040DE0E8CD0</styleUrl>
			<Point>
				<altitudeMode>relativeToGround</altitudeMode>
				<coordinates>-16.8786599,32.7426228,0</coordinates>
			</Point>
		</Placemark>
		<Placemark id="0E3A39CCD03ED151F629">
			<gx:mid>/g/11c74xx22v</gx:mid>
			<gx:fid>0xc6066a5847f65b7:0xc8615cd8407ff70a</gx:fid>
			<LookAt>
				<longitude>-16.8259209</longitude>
				<latitude>32.7471903</latitude>
				<altitude>0</altitude>
				<heading>0</heading>
				<tilt>0</tilt>
				<gx:fovy>35</gx:fovy>
				<range>871.689920419898</range>
				<altitudeMode>relativeToGround</altitudeMode>
			</LookAt>
			<styleUrl>#__managed_style_1842B1047040DE0E8CD0</styleUrl>
			<Point>
				<altitudeMode>relativeToGround</altitudeMode>
				<coordinates>-16.8259209,32.7471903,0</coordinates>
			</Point>
		</Placemark>
		<Placemark id="0BA60CC39D3ED15276C6">
			<gx:mid>/g/11c5s8b3vj</gx:mid>
			<gx:fid>0xc60636d5fd37463:0x940d331e5659decd</gx:fid>
			<LookAt>
				<longitude>-16.7586754</longitude>
				<latitude>32.72394620000001</latitude>
				<altitude>0</altitude>
				<heading>0</heading>
				<tilt>0</tilt>
				<gx:fovy>35</gx:fovy>
				<range>871.9406650329805</range>
				<altitudeMode>relativeToGround</altitudeMode>
			</LookAt>
			<styleUrl>#__managed_style_1842B1047040DE0E8CD0</styleUrl>
			<Point>
				<altitudeMode>relativeToGround</altitudeMode>
				<coordinates>-16.7586754,32.7239462,0</coordinates>
			</Point>
		</Placemark>
		<Placemark id="07167E88F23EC7DE983F">
			<gx:mid>/g/12257vjx</gx:mid>
			<gx:fid>0xc60601aeec52fb5:0xf872c35303fe2978</gx:fid>
			<LookAt>
				<longitude>-16.8985478</longitude>
				<latitude>32.64667189999999</latitude>
				<altitude>0</altitude>
				<heading>0</heading>
				<tilt>0</tilt>
				<gx:fovy>35</gx:fovy>
				<range>872.7732074488472</range>
				<altitudeMode>relativeToGround</altitudeMode>
			</LookAt>
			<styleUrl>#__managed_style_09B5FBA38B40DE0E8CCF</styleUrl>
			<Point>
				<altitudeMode>relativeToGround</altitudeMode>
				<coordinates>-16.8985478,32.6466719,0</coordinates>
			</Point>
		</Placemark>
		<Placemark id="065F21D0D13EC7DEDE90">
			<gx:mid>/g/120w8g8t</gx:mid>
			<gx:fid>0xc605f950386359d:0x699d10e73616ed14</gx:fid>
			<LookAt>
				<longitude>-16.9163732</longitude>
				<latitude>32.65092539999999</latitude>
				<altitude>0</altitude>
				<heading>0</heading>
				<tilt>0</tilt>
				<gx:fovy>35</gx:fovy>
				<range>872.7274228660932</range>
				<altitudeMode>relativeToGround</altitudeMode>
			</LookAt>
			<styleUrl>#__managed_style_09B5FBA38B40DE0E8CCF</styleUrl>
			<Point>
				<altitudeMode>relativeToGround</altitudeMode>
				<coordinates>-16.9163732,32.6509254,0</coordinates>
			</Point>
		</Placemark>
		<Placemark id="0AEFD8E84E3EC7DF05D4">
			<gx:mid>/g/1ywpnlsxn</gx:mid>
			<gx:fid>0xc605ffc80a1cba9:0x1f1465bc3cd07cee</gx:fid>
			<LookAt>
				<longitude>-16.9139167</longitude>
				<latitude>32.6441738</latitude>
				<altitude>0</altitude>
				<heading>0</heading>
				<tilt>0</tilt>
				<gx:fovy>35</gx:fovy>
				<range>872.8000946603372</range>
				<altitudeMode>relativeToGround</altitudeMode>
			</LookAt>
			<styleUrl>#__managed_style_063D7E0BBD40DE0E8CCE</styleUrl>
			<Point>
				<altitudeMode>relativeToGround</altitudeMode>
				<coordinates>-16.9139167,32.6441738,0</coordinates>
			</Point>
		</Placemark>
		<Placemark id="0640EBE1AE3EC7DF34DC">
			<gx:mid>/g/1217cq_t</gx:mid>
			<gx:fid>0xc6061b0a9d4468d:0x239c84d1539105dc</gx:fid>
			<LookAt>
				<longitude>-16.9140526</longitude>
				<latitude>32.64553339999999</latitude>
				<altitude>0</altitude>
				<heading>0</heading>
				<tilt>0</tilt>
				<gx:fovy>35</gx:fovy>
				<range>872.7854614073696</range>
				<altitudeMode>relativeToGround</altitudeMode>
			</LookAt>
			<styleUrl>#__managed_style_16147CE44F40DE0E8CCF</styleUrl>
			<Point>
				<altitudeMode>relativeToGround</altitudeMode>
				<coordinates>-16.9140526,32.6455334,0</coordinates>
			</Point>
		</Placemark>
		<Placemark id="0B0791B0473EC7E23AF7">
			<gx:mid>/g/11dxd59k8c</gx:mid>
			<gx:fid>0xc605fe240ed2f9f:0x9af188e7a9d9c336</gx:fid>
			<LookAt>
				<longitude>-16.9140315</longitude>
				<latitude>32.6503805</latitude>
				<altitude>0</altitude>
				<heading>0</heading>
				<tilt>0</tilt>
				<gx:fovy>35</gx:fovy>
				<range>872.7332884315689</range>
				<altitudeMode>relativeToGround</altitudeMode>
			</LookAt>
			<styleUrl>#__managed_style_1842B1047040DE0E8CD0</styleUrl>
			<Point>
				<altitudeMode>relativeToGround</altitudeMode>
				<coordinates>-16.9140315,32.6503805,0</coordinates>
			</Point>
		</Placemark>
		<Placemark id="0EFD0A9E3F3EC7E31FCC">
			<gx:mid>/g/11g9sw72nm</gx:mid>
			<gx:fid>0xc605f2d70068333:0x9d49eed6b133ca4</gx:fid>
			<LookAt>
				<longitude>-17.0044434</longitude>
				<latitude>32.6566016</latitude>
				<altitude>0</altitude>
				<heading>0</heading>
				<tilt>0</tilt>
				<gx:fovy>35</gx:fovy>
				<range>872.6663167413102</range>
				<altitudeMode>relativeToGround</altitudeMode>
			</LookAt>
			<styleUrl>#__managed_style_1842B1047040DE0E8CD0</styleUrl>
			<Point>
				<altitudeMode>relativeToGround</altitudeMode>
				<coordinates>-17.0044434,32.6566016,0</coordinates>
			</Point>
		</Placemark>
		<Placemark id="06CE1033D83EC7E380EC">
			<gx:mid>/g/11c6w0g_1q</gx:mid>
			<gx:fid>0xc605afd6fb9f9a1:0xc7d0668f99999799</gx:fid>
			<LookAt>
				<longitude>-17.0546921</longitude>
				<latitude>32.756474</latitude>
				<altitude>0</altitude>
				<heading>0</heading>
				<tilt>0</tilt>
				<gx:fovy>35</gx:fovy>
				<range>871.5897321439548</range>
				<altitudeMode>relativeToGround</altitudeMode>
			</LookAt>
			<styleUrl>#__managed_style_1842B1047040DE0E8CD0</styleUrl>
			<Point>
				<altitudeMode>relativeToGround</altitudeMode>
				<coordinates>-17.0546921,32.756474,0</coordinates>
			</Point>
		</Placemark>
		<Placemark id="0C5B82B2F63EC7E3C1BB">
			<gx:mid>/g/11hzyn9xdg</gx:mid>
			<gx:fid>0xc605b7025254783:0x8b483062e08185c7</gx:fid>
			<LookAt>
				<longitude>-17.0617417</longitude>
				<latitude>32.7341821</latitude>
				<altitude>0</altitude>
				<heading>0</heading>
				<tilt>0</tilt>
				<gx:fovy>35</gx:fovy>
				<range>871.8302637488553</range>
				<altitudeMode>relativeToGround</altitudeMode>
			</LookAt>
			<styleUrl>#__managed_style_1842B1047040DE0E8CD0</styleUrl>
			<Point>
				<altitudeMode>relativeToGround</altitudeMode>
				<coordinates>-17.0617417,32.7341821,0</coordinates>
			</Point>
		</Placemark>
		<Placemark id="0D04A507B13EC7E43288">
			<gx:mid>/g/11t4y0j1s1</gx:mid>
			<gx:fid>0xc605b75e83e1d93:0xfb95375571647e8c</gx:fid>
			<LookAt>
				<longitude>-17.07496369999999</longitude>
				<latitude>32.747681</latitude>
				<altitude>0</altitude>
				<heading>0</heading>
				<tilt>0</tilt>
				<gx:fovy>35</gx:fovy>
				<range>871.6846254432428</range>
				<altitudeMode>relativeToGround</altitudeMode>
			</LookAt>
			<styleUrl>#__managed_style_16147CE44F40DE0E8CCF</styleUrl>
			<Point>
				<altitudeMode>relativeToGround</altitudeMode>
				<coordinates>-17.0749637,32.747681,0</coordinates>
			</Point>
		</Placemark>
		<Placemark id="0466B48DBF3EC7E49DC1">
			<gx:mid>/g/11tt5t7trg</gx:mid>
			<gx:fid>0xc605ba9ed4817a9:0x23328c06a06f441b</gx:fid>
			<LookAt>
				<longitude>-17.1180266</longitude>
				<latitude>32.7513992</latitude>
				<altitude>0</altitude>
				<heading>0</heading>
				<tilt>0</tilt>
				<gx:fovy>35</gx:fovy>
				<range>871.6445014982505</range>
				<altitudeMode>relativeToGround</altitudeMode>
			</LookAt>
			<styleUrl>#__managed_style_1842B1047040DE0E8CD0</styleUrl>
			<Point>
				<altitudeMode>relativeToGround</altitudeMode>
				<coordinates>-17.1180266,32.7513992,0</coordinates>
			</Point>
		</Placemark>
		<Placemark id="0CB645482F3ED231CCA1">
			<gx:mid>/g/11g72n2h0t</gx:mid>
			<gx:fid>0xc605deec302c9ef:0xde1a581f39391635</gx:fid>
			<LookAt>
				<longitude>-16.9286727</longitude>
				<latitude>32.7356495</latitude>
				<altitude>0</altitude>
				<heading>0</heading>
				<tilt>0</tilt>
				<gx:fovy>35</gx:fovy>
				<range>871.8144345004122</range>
				<altitudeMode>relativeToGround</altitudeMode>
			</LookAt>
			<styleUrl>#__managed_style_1842B1047040DE0E8CD0</styleUrl>
			<Point>
				<altitudeMode>relativeToGround</altitudeMode>
				<coordinates>-16.9286727,32.7356495,0</coordinates>
			</Point>
		</Placemark>
		<Placemark id="0998E6473E3ED2327B5F">
			<gx:mid>/g/11r_pmv1yt</gx:mid>
			<gx:fid>0xc605f63683b3b3b:0xb7d8efb12f246945</gx:fid>
			<LookAt>
				<longitude>-16.9287991</longitude>
				<latitude>32.7354833</latitude>
				<altitude>0</altitude>
				<heading>0</heading>
				<tilt>0</tilt>
				<gx:fovy>35</gx:fovy>
				<range>871.816227374871</range>
				<altitudeMode>relativeToGround</altitudeMode>
			</LookAt>
			<styleUrl>#__managed_style_0ACC5B696240DE0E8CE0</styleUrl>
			<Point>
				<altitudeMode>relativeToGround</altitudeMode>
				<coordinates>-16.9287991,32.7354833,0</coordinates>
			</Point>
		</Placemark>
		<Placemark id="0E25D564C83ED233DB80">
			<name>Untitled path</name>
			<LookAt>
				<longitude>-16.93675815628352</longitude>
				<latitude>32.73992864815326</latitude>
				<altitude>1594.856591657438</altitude>
				<heading>2.466061136004028e-08</heading>
				<tilt>3.889723776707559</tilt>
				<gx:fovy>42.60994622584075</gx:fovy>
				<range>6444.538547974082</range>
				<altitudeMode>absolute</altitudeMode>
			</LookAt>
			<styleUrl>#__managed_style_246825998340DE0E8CD0</styleUrl>
			<LineString>
				<coordinates>
					-16.92872933177181,32.73551980275511,0 -16.92924544754872,32.73595150453079,0 -16.92960228346272,32.73604743394014,0 -16.92996721476616,32.73615763665679,0 -16.93064273190224,32.73642424628769,0 -16.93128798965933,32.73650878914096,0 -16.93185931401491,32.73673752174032,0 -16.93195647012588,32.73707159876113,0 -16.93206541295463,32.73717051625073,0 -16.93206896115887,32.73729818332913,0 -16.93240057699551,32.73757024636496,0 -16.93251236777447,32.73790120407605,0 -16.932851002413,32.73803323151846,0 -16.93324610851498,32.73843751010174,0 -16.93374283202379,32.73847260842183,0 -16.9340554901796,32.73872589332735,0 -16.93482425615923,32.73899268588675,0 -16.93567427695839,32.73908478739111,0 -16.93705010432875,32.73930686616436,0 -16.93712438320158,32.7394435192699,0 -16.93739370660521,32.73969205403277,0 -16.9377415365832,32.73993432428875,0 -16.93788542425868,32.74013928252022,0 -16.93836085594048,32.74043347283115,0 -16.93867506341013,32.74047762945285,0 -16.93923886980793,32.7405902439882,0 -16.93931898971181,32.74064933902203,0 -16.93920658423627,32.74074297946757,0 -16.93912704199371,32.7406984298282,0 -16.93894462350059,32.74081063249945,0 -16.9389801817831,32.74106919016351,0 -16.9388911054889,32.74108240958991,0 -16.93884914801021,32.74117348809566,0 -16.93892244870828,32.74129799182231,0 -16.93887150337198,32.74163412557262,0 -16.93875538897402,32.74187164542263,0 -16.93881683758404,32.74201207327269,0 -16.9387377359066,32.74211455120552,0 -16.93888094880963,32.74230493245567,0 -16.93869663584232,32.74265220934168,0 -16.93867820274064,32.74300869027243,0 -16.93847868879454,32.74325495706114,0 -16.93847324553079,32.74355898163606,0 -16.93864874560927,32.743728618498,0 -16.93852901019791,32.74387316869221,0 -16.93838776921783,32.74405803798769,0 -16.9384199950677,32.74420060011641,0 -16.9382761461466,32.74432019886,0 
				</coordinates>
			</LineString>
		</Placemark>
		<Placemark id="0666770BD23ED23441A9">
			<gx:mid>/g/11rv95yt1w</gx:mid>
			<gx:fid>0xc605dd1f9fb92e7:0xd6cefe079ad44425</gx:fid>
			<LookAt>
				<longitude>-16.9424864</longitude>
				<latitude>32.75878639999999</latitude>
				<altitude>0</altitude>
				<heading>0</heading>
				<tilt>0</tilt>
				<gx:fovy>35</gx:fovy>
				<range>871.5647734526522</range>
				<altitudeMode>relativeToGround</altitudeMode>
			</LookAt>
			<styleUrl>#__managed_style_1842B1047040DE0E8CD0</styleUrl>
			<Point>
				<altitudeMode>relativeToGround</altitudeMode>
				<coordinates>-16.9424864,32.7587864,0</coordinates>
			</Point>
		</Placemark>
		<Placemark id="0DE092ECC43ED236BCB9">
			<name>Untitled path</name>
			<LookAt>
				<longitude>-16.93814556829752</longitude>
				<latitude>32.76198384403524</latitude>
				<altitude>1612.639915729987</altitude>
				<heading>0</heading>
				<tilt>0</tilt>
				<gx:fovy>35</gx:fovy>
				<range>5581.381013954524</range>
				<altitudeMode>absolute</altitudeMode>
			</LookAt>
			<styleUrl>#__managed_style_246825998340DE0E8CD0</styleUrl>
			<LineString>
				<coordinates>
					-16.93829698568717,32.74428742942781,0 -16.93759925756111,32.74499381926271,0 -16.93762165086305,32.74578967518727,0 -16.93729278203116,32.74663450046793,0 -16.93771274437523,32.74749644137405,0 -16.93802929622674,32.74786222862548,0 -16.93908424621441,32.74831424956012,0 -16.93957646167463,32.74853170584932,0 -16.94067926947584,32.74902739344265,0 -16.9406711441806,32.7495047268256,0 -16.93823430908682,32.75029296333269,0 -16.93709492588999,32.7506287865971,0 -16.93901907585402,32.75524866747454,0 -16.93925041477124,32.75621212699642,0 -16.94042207483283,32.75668189658452,0 -16.94151410632387,32.7581691928555,0 -16.94252876657604,32.75875921072364,0 -16.9428383362085,32.75883814120635,0 -16.94319663413477,32.75889698172223,0 -16.94321503493233,32.75946117430956,0 -16.94332901517539,32.75976484136829,0 -16.9430940538047,32.75985082478353,0 -16.94331236958163,32.76006423766219,0 -16.94331860720608,32.76017621101352,0 -16.94288614692989,32.76013249058645,0 -16.94245734729683,32.76019245300243,0 -16.94209955874694,32.76002697180711,0 -16.94145852281706,32.76027858346286,0 -16.94094794409233,32.76017902700445,0 -16.93982681593433,32.76067701119997,0 -16.93826017901362,32.76046323208082,0 -16.93730469839562,32.76096234935302,0 -16.9349641836751,32.76119506667163,0 -16.93424072148665,32.76169672403134,0 -16.93346646420835,32.76282792789601,0 -16.93307326273619,32.76313466527896,0 -16.93224550553728,32.76328304709783,0 -16.93150562661924,32.76381509686917,0 -16.93061970193574,32.76383015972034,0 -16.92992916566656,32.76363236381594,0 -16.92904865248676,32.76334610796241,0 -16.92801533001705,32.76325807108243,0 -16.92653926097438,32.76374309662965,0 -16.92569910337795,32.76431337518623,0 -16.92513397852271,32.7647101087145,0 -16.92432776005814,32.76440058225705,0 -16.92364398823478,32.76403666973334,0 -16.92263433964973,32.76397091964514,0 -16.92217948584124,32.76421211242783,0 -16.9216685011357,32.76431498298963,0 -16.92109922830023,32.76484198018252,0 
				</coordinates>
			</LineString>
		</Placemark>
		<Placemark id="084DFB33A13ED2371A1C">
			<gx:mid>/g/11vlq41zyf</gx:mid>
			<gx:fid>0xc605dfd4f6d17f7:0x9101fa36de35397a</gx:fid>
			<LookAt>
				<longitude>-16.9372574</longitude>
				<latitude>32.7393374</latitude>
				<altitude>0</altitude>
				<heading>0</heading>
				<tilt>0</tilt>
				<gx:fovy>35</gx:fovy>
				<range>871.7746495366404</range>
				<altitudeMode>relativeToGround</altitudeMode>
			</LookAt>
			<styleUrl>#__managed_style_1842B1047040DE0E8CD0</styleUrl>
			<Point>
				<altitudeMode>relativeToGround</altitudeMode>
				<coordinates>-16.9372574,32.7393374,0</coordinates>
			</Point>
		</Placemark>
		<Placemark id="0932ECDA433ED1AB3290">
			<gx:mid>/g/11c6dk2wv5</gx:mid>
			<gx:fid>0xc60681cffffffff:0x9491a425917397c4</gx:fid>
			<LookAt>
				<longitude>-16.9529011</longitude>
				<latitude>32.8099535</latitude>
				<altitude>0</altitude>
				<heading>0</heading>
				<tilt>0</tilt>
				<gx:fovy>35</gx:fovy>
				<range>871.0121361886395</range>
				<altitudeMode>relativeToGround</altitudeMode>
			</LookAt>
			<styleUrl>#__managed_style_09B5FBA38B40DE0E8CCF</styleUrl>
			<Point>
				<altitudeMode>relativeToGround</altitudeMode>
				<coordinates>-16.9529011,32.8099535,0</coordinates>
			</Point>
		</Placemark>
	</Folder>
	<Folder id="07CEC0A62D324E09F05D">
		<name>Road Trip</name>
		<styleUrl>#__managed_style_2B0749E93D40DE0E8CD4</styleUrl>
		<Folder id="0C57ACD3A8386FCEB293">
			<name>ערים עיירות</name>
			<styleUrl>#__managed_style_2B0749E93D40DE0E8CD4</styleUrl>
			<Placemark id="018F1BFE8C324E0B1084">
				<name>Sintra</name>
				<gx:mid>/m/0114q53q</gx:mid>
				<gx:fid>0xd1edac1a7510ee9:0x13585cc0b00f573c</gx:fid>
				<LookAt>
					<longitude>-9.39697535</longitude>
					<latitude>38.78851855</latitude>
					<altitude>0</altitude>
					<heading>0</heading>
					<tilt>0</tilt>
					<gx:fovy>35</gx:fovy>
					<range>18120.1988368045</range>
					<altitudeMode>relativeToGround</altitudeMode>
				</LookAt>
				<styleUrl>#__managed_style_32B5D6A93140DE0E8CD0</styleUrl>
				<Point>
					<altitudeMode>relativeToGround</altitudeMode>
					<coordinates>-9.3816589,38.8028687,0</coordinates>
				</Point>
			</Placemark>
			<Placemark id="0656CC2387324E0B34FC">
				<name>Lisbon</name>
				<gx:mid>/m/04llb</gx:mid>
				<gx:fid>0xd19331a61e4f33b:0x400ebbde49036d0</gx:fid>
				<LookAt>
					<longitude>-9.1597358</longitude>
					<latitude>38.74407945</latitude>
					<altitude>0</altitude>
					<heading>0</heading>
					<tilt>0</tilt>
					<gx:fovy>35</gx:fovy>
					<range>36262.97720379455</range>
					<altitudeMode>relativeToGround</altitudeMode>
				</LookAt>
				<styleUrl>#__managed_style_32B5D6A93140DE0E8CD0</styleUrl>
				<Point>
					<altitudeMode>relativeToGround</altitudeMode>
					<coordinates>-9.1393366,38.7222524,0</coordinates>
				</Point>
			</Placemark>
			<Placemark id="0A40C3CEC1324E0BA03F">
				<name>Elvas</name>
				<gx:mid>/m/05syrt</gx:mid>
				<gx:fid>0xd171d0e02cc9ef3:0xbd0a2e30d4f32fca</gx:fid>
				<LookAt>
					<longitude>-7.11779775</longitude>
					<latitude>38.91597975</latitude>
					<altitude>0</altitude>
					<heading>0</heading>
					<tilt>0</tilt>
					<gx:fovy>35</gx:fovy>
					<range>36175.51367688253</range>
					<altitudeMode>relativeToGround</altitudeMode>
				</LookAt>
				<styleUrl>#__managed_style_32B5D6A93140DE0E8CD0</styleUrl>
				<Point>
					<altitudeMode>relativeToGround</altitudeMode>
					<coordinates>-7.1636637,38.8802788,0</coordinates>
				</Point>
			</Placemark>
			<Placemark id="0D43CCF3D9324E0C1759">
				<name>Aveiro</name>
				<gx:mid>/m/014qm</gx:mid>
				<gx:fid>0xd23980ed5b2e78d:0x3042e1cd013c1f07</gx:fid>
				<LookAt>
					<longitude>-8.64462795</longitude>
					<latitude>40.6393804</latitude>
					<altitude>0</altitude>
					<heading>0</heading>
					<tilt>0</tilt>
					<gx:fovy>35</gx:fovy>
					<range>8820.194023227879</range>
					<altitudeMode>relativeToGround</altitudeMode>
				</LookAt>
				<styleUrl>#__managed_style_32B5D6A93140DE0E8CD0</styleUrl>
				<Point>
					<altitudeMode>relativeToGround</altitudeMode>
					<coordinates>-8.6537539,40.6405055,0</coordinates>
				</Point>
			</Placemark>
			<Placemark id="0B49559FBA324E0D0AD2">
				<name>Costa Nova</name>
				<gx:mid>/g/119tr5_h2</gx:mid>
				<gx:fid>0xd23be085852b79d:0x9523acd40ff893f5</gx:fid>
				<LookAt>
					<longitude>-8.750700499999999</longitude>
					<latitude>40.61502475</latitude>
					<altitude>0</altitude>
					<heading>0</heading>
					<tilt>0</tilt>
					<gx:fovy>35</gx:fovy>
					<range>3991.280405932347</range>
					<altitudeMode>relativeToGround</altitudeMode>
				</LookAt>
				<styleUrl>#__managed_style_32B5D6A93140DE0E8CD0</styleUrl>
				<Point>
					<altitudeMode>relativeToGround</altitudeMode>
					<coordinates>-8.750700499999999,40.6150253,0</coordinates>
				</Point>
			</Placemark>
			<Placemark id="0B98AE2B32324E0D6843">
				<name>Porto</name>
				<gx:mid>/m/0pmn7</gx:mid>
				<gx:fid>0xd2465abc4e153c1:0xa648d95640b114bc</gx:fid>
				<LookAt>
					<longitude>-8.62195365</longitude>
					<latitude>41.16218954999999</latitude>
					<altitude>0</altitude>
					<heading>0</heading>
					<tilt>0</tilt>
					<gx:fovy>35</gx:fovy>
					<range>17501.50076048491</range>
					<altitudeMode>relativeToGround</altitudeMode>
				</LookAt>
				<styleUrl>#__managed_style_32B5D6A93140DE0E8CD0</styleUrl>
				<Point>
					<altitudeMode>relativeToGround</altitudeMode>
					<coordinates>-8.629105299999999,41.1579438,0</coordinates>
				</Point>
			</Placemark>
			<Placemark id="048BC2C58B32E3DF9A4B">
				<name>Cascais</name>
				<gx:mid>/m/080gb24</gx:mid>
				<gx:fid>0xd1ec47379b79a97:0x870d3b7e1807bbc2</gx:fid>
				<LookAt>
					<longitude>-9.447763349999999</longitude>
					<latitude>38.7150166</latitude>
					<altitude>0</altitude>
					<heading>0</heading>
					<tilt>0</tilt>
					<gx:fovy>35</gx:fovy>
					<range>9069.433063905388</range>
					<altitudeMode>relativeToGround</altitudeMode>
				</LookAt>
				<styleUrl>#__managed_style_32B5D6A93140DE0E8CD0</styleUrl>
				<Point>
					<altitudeMode>relativeToGround</altitudeMode>
					<coordinates>-9.430364599999999,38.6960614,0</coordinates>
				</Point>
			</Placemark>
			<Placemark id="0AC7EFDDC334604892C6">
				<name>Angra do Heroísmo</name>
				<gx:mid>/m/048lx6</gx:mid>
				<gx:fid>0xb467f1e11e43b05:0xc6f2d9b9f5a30606</gx:fid>
				<LookAt>
					<longitude>-27.23015035</longitude>
					<latitude>38.65947735</latitude>
					<altitude>0</altitude>
					<heading>0</heading>
					<tilt>0</tilt>
					<gx:fovy>35</gx:fovy>
					<range>9076.475816729551</range>
					<altitudeMode>relativeToGround</altitudeMode>
				</LookAt>
				<styleUrl>#__managed_style_32B5D6A93140DE0E8CD0</styleUrl>
				<Point>
					<altitudeMode>relativeToGround</altitudeMode>
					<coordinates>-27.21949621645853,38.65441850206217,0</coordinates>
				</Point>
			</Placemark>
			<Placemark id="07AE968BDD35A21F4275">
				<name>Peniche</name>
				<gx:mid>/m/01r54n</gx:mid>
				<gx:fid>0xd1f45c49805a145:0x26caf596a0956bf3</gx:fid>
				<LookAt>
					<longitude>-9.437329400000001</longitude>
					<latitude>39.38456559999999</latitude>
					<altitude>0</altitude>
					<heading>0</heading>
					<tilt>0</tilt>
					<gx:fovy>35</gx:fovy>
					<range>17967.72204715732</range>
					<altitudeMode>relativeToGround</altitudeMode>
				</LookAt>
				<styleUrl>#__managed_style_32B5D6A93140DE0E8CD0</styleUrl>
				<Point>
					<altitudeMode>relativeToGround</altitudeMode>
					<coordinates>-9.387622,39.3603291,0</coordinates>
				</Point>
			</Placemark>
			<Placemark id="009E86381538702E6A27">
				<name>Lagos</name>
				<gx:mid>/m/028jxj</gx:mid>
				<gx:fid>0xd1b304950234d8d:0x5410aaa3471afc57</gx:fid>
				<LookAt>
					<longitude>-8.683003549999999</longitude>
					<latitude>37.11528</latitude>
					<altitude>0</altitude>
					<heading>0</heading>
					<tilt>0</tilt>
					<gx:fovy>35</gx:fovy>
					<range>18537.7040244038</range>
					<altitudeMode>relativeToGround</altitudeMode>
				</LookAt>
				<styleUrl>#__managed_style_32B5D6A93140DE0E8CD0</styleUrl>
				<Point>
					<altitudeMode>relativeToGround</altitudeMode>
					<coordinates>-8.6730275,37.1027881,0</coordinates>
				</Point>
			</Placemark>
			<Placemark id="08E4053ABA3870310330">
				<name>Carvoeiro</name>
				<gx:mid>/m/02p4m2l</gx:mid>
				<gx:fid>0xd1ad616f4493751:0x3e5203cb638bef7d</gx:fid>
				<LookAt>
					<longitude>-8.4618336</longitude>
					<latitude>37.1064923</latitude>
					<altitude>0</altitude>
					<heading>0</heading>
					<tilt>0</tilt>
					<gx:fovy>35</gx:fovy>
					<range>9269.927649688607</range>
					<altitudeMode>relativeToGround</altitudeMode>
				</LookAt>
				<styleUrl>#__managed_style_32B5D6A93140DE0E8CD0</styleUrl>
				<Point>
					<altitudeMode>relativeToGround</altitudeMode>
					<coordinates>-8.470954599999999,37.0971411,0</coordinates>
				</Point>
			</Placemark>
			<Placemark id="001522049C3870352123">
				<name>Albufeira</name>
				<gx:mid>/m/062n3z</gx:mid>
				<gx:fid>0xd1aceae38ddc41f:0xed22e7a562441045</gx:fid>
				<LookAt>
					<longitude>-8.21798765</longitude>
					<latitude>37.112139</latitude>
					<altitude>0</altitude>
					<heading>0</heading>
					<tilt>0</tilt>
					<gx:fovy>35</gx:fovy>
					<range>37076.9460154613</range>
					<altitudeMode>relativeToGround</altitudeMode>
				</LookAt>
				<styleUrl>#__managed_style_32B5D6A93140DE0E8CD0</styleUrl>
				<Point>
					<altitudeMode>relativeToGround</altitudeMode>
					<coordinates>-8.247879599999999,37.0890719,0</coordinates>
				</Point>
			</Placemark>
			<Placemark id="0277472AB13870381BA8">
				<name>Faro</name>
				<gx:mid>/m/029v4j</gx:mid>
				<gx:fid>0xd0552e72290faa7:0x8d73c2d4494aff5a</gx:fid>
				<LookAt>
					<longitude>-7.9049115</longitude>
					<latitude>37.0178051</latitude>
					<altitude>0</altitude>
					<heading>0</heading>
					<tilt>0</tilt>
					<gx:fovy>35</gx:fovy>
					<range>37123.08394155269</range>
					<altitudeMode>relativeToGround</altitudeMode>
				</LookAt>
				<styleUrl>#__managed_style_23F81D139C40DE0E8CD8</styleUrl>
				<Point>
					<altitudeMode>relativeToGround</altitudeMode>
					<coordinates>-7.9351983,37.0164626,0</coordinates>
				</Point>
			</Placemark>
			<Placemark id="0DD5AE38723871C6CA27">
				<name>Tomar</name>
				<gx:mid>/m/041sv0</gx:mid>
				<gx:fid>0xd187eab195ec92b:0x368b0cc83f23e5ea</gx:fid>
				<LookAt>
					<longitude>-8.3976012</longitude>
					<latitude>39.59774955</latitude>
					<altitude>0</altitude>
					<heading>0</heading>
					<tilt>0</tilt>
					<gx:fovy>35</gx:fovy>
					<range>17912.71377606754</range>
					<altitudeMode>relativeToGround</altitudeMode>
				</LookAt>
				<styleUrl>#__managed_style_23F81D139C40DE0E8CD8</styleUrl>
				<Point>
					<altitudeMode>relativeToGround</altitudeMode>
					<coordinates>-8.4043125,39.6053819,0</coordinates>
				</Point>
			</Placemark>
			<Placemark id="09B82C29ED3871CBE5A4">
				<name>Coimbra</name>
				<gx:mid>/m/0217lt</gx:mid>
				<gx:fid>0xd22f9144aacd16d:0x634564477b42a6b9</gx:fid>
				<LookAt>
					<longitude>-8.41627435</longitude>
					<latitude>40.22875995</latitude>
					<altitude>0</altitude>
					<heading>0</heading>
					<tilt>0</tilt>
					<gx:fovy>35</gx:fovy>
					<range>35496.88506144191</range>
					<altitudeMode>relativeToGround</altitudeMode>
				</LookAt>
				<styleUrl>#__managed_style_32B5D6A93140DE0E8CD0</styleUrl>
				<Point>
					<altitudeMode>relativeToGround</altitudeMode>
					<coordinates>-8.4102573,40.2033145,0</coordinates>
				</Point>
			</Placemark>
			<Placemark id="0297985B563871D2396C">
				<name>Braga</name>
				<gx:mid>/m/026xgs</gx:mid>
				<gx:fid>0xd24febc6cf5d867:0xbc5d054162d1e218</gx:fid>
				<LookAt>
					<longitude>-8.411421199999999</longitude>
					<latitude>41.54727485</latitude>
					<altitude>0</altitude>
					<heading>0</heading>
					<tilt>0</tilt>
					<gx:fovy>35</gx:fovy>
					<range>17398.26801783336</range>
					<altitudeMode>relativeToGround</altitudeMode>
				</LookAt>
				<styleUrl>#__managed_style_23F81D139C40DE0E8CD8</styleUrl>
				<Point>
					<altitudeMode>relativeToGround</altitudeMode>
					<coordinates>-8.426506999999999,41.5454486,0</coordinates>
				</Point>
			</Placemark>
			<Placemark id="0B5C759A7A3EC6DCED7C">
				<gx:mid>/m/06z3dj</gx:mid>
				<gx:fid>0xd102263fcfb7c35:0xdc001500c93e1f9a</gx:fid>
				<LookAt>
					<longitude>-7.418927349999999</longitude>
					<latitude>37.18819505</latitude>
					<altitude>0</altitude>
					<heading>0</heading>
					<tilt>0</tilt>
					<gx:fovy>35</gx:fovy>
					<range>9259.918611395966</range>
					<altitudeMode>relativeToGround</altitudeMode>
				</LookAt>
				<styleUrl>#__managed_style_23F81D139C40DE0E8CD8</styleUrl>
				<Point>
					<altitudeMode>relativeToGround</altitudeMode>
					<coordinates>-7.4207879,37.1937766,0</coordinates>
				</Point>
			</Placemark>
			<Placemark id="0B670ED1663EC6ED02B0">
				<gx:mid>/g/119wtk5q4</gx:mid>
				<gx:fid>0xd1ab5a5711a9d9d:0xc500a296506c0b81</gx:fid>
				<LookAt>
					<longitude>-8.104688999999999</longitude>
					<latitude>37.0851416</latitude>
					<altitude>0</altitude>
					<heading>0</heading>
					<tilt>0</tilt>
					<gx:fovy>35</gx:fovy>
					<range>18545.08024539607</range>
					<altitudeMode>relativeToGround</altitudeMode>
				</LookAt>
				<styleUrl>#__managed_style_32B5D6A93140DE0E8CD0</styleUrl>
				<Point>
					<altitudeMode>relativeToGround</altitudeMode>
					<coordinates>-8.099649700000001,37.0674543,0</coordinates>
				</Point>
			</Placemark>
			<Placemark id="0E52EDE02F3EC6F3A100">
				<gx:mid>/g/119x645wl</gx:mid>
				<gx:fid>0xd1b4c64c7110b77:0xcce36e7d4970a8b4</gx:fid>
				<LookAt>
					<longitude>-8.9459929</longitude>
					<latitude>37.03238705</latitude>
					<altitude>0</altitude>
					<heading>0</heading>
					<tilt>0</tilt>
					<gx:fovy>35</gx:fovy>
					<range>18557.97930168419</range>
					<altitudeMode>relativeToGround</altitudeMode>
				</LookAt>
				<styleUrl>#__managed_style_32B5D6A93140DE0E8CD0</styleUrl>
				<Point>
					<altitudeMode>relativeToGround</altitudeMode>
					<coordinates>-8.940593099999999,37.0168293,0</coordinates>
				</Point>
			</Placemark>
			<Placemark id="0D5FF10FDB3EC7DAA3AE">
				<gx:mid>/m/043fcs</gx:mid>
				<gx:fid>0xd18a8232f6ad417:0x3d2d871af42106f</gx:fid>
				<LookAt>
					<longitude>-9.028468650000001</longitude>
					<latitude>39.61227330000001</latitude>
					<altitude>0</altitude>
					<heading>0</heading>
					<tilt>0</tilt>
					<gx:fovy>35</gx:fovy>
					<range>17908.95715303874</range>
					<altitudeMode>relativeToGround</altitudeMode>
				</LookAt>
				<styleUrl>#__managed_style_32B5D6A93140DE0E8CD0</styleUrl>
				<Point>
					<altitudeMode>relativeToGround</altitudeMode>
					<coordinates>-9.0677509,39.6015562,0</coordinates>
				</Point>
			</Placemark>
			<Placemark id="05B18BDA693EC7DDEF27">
				<gx:mid>/m/04_z1</gx:mid>
				<gx:fid>0xc5fe9a0f8f92eef:0xc77e56774ba5e6f</gx:fid>
				<LookAt>
					<longitude>-16.5598046</longitude>
					<latitude>31.57846925</latitude>
					<altitude>0</altitude>
					<heading>0</heading>
					<tilt>0</tilt>
					<gx:fovy>35</gx:fovy>
					<range>633749.8749750111</range>
					<altitudeMode>relativeToGround</altitudeMode>
				</LookAt>
				<styleUrl>#__managed_style_32B5D6A93140DE0E8CD0</styleUrl>
				<Point>
					<altitudeMode>relativeToGround</altitudeMode>
					<coordinates>-16.9594723,32.7607074,0</coordinates>
				</Point>
			</Placemark>
			<Placemark id="056AEAA43A3EC7E52943">
				<gx:mid>/m/014l9</gx:mid>
				<gx:fid>0xb467f1e11e43b05:0xe2911b674bce0c1d</gx:fid>
				<LookAt>
					<longitude>-28.1409956</longitude>
					<latitude>38.32690700000001</latitude>
					<altitude>0</altitude>
					<heading>0</heading>
					<tilt>0</tilt>
					<gx:fovy>35</gx:fovy>
					<range>1167164.073417779</range>
					<altitudeMode>relativeToGround</altitudeMode>
				</LookAt>
				<styleUrl>#__managed_style_32B5D6A93140DE0E8CD0</styleUrl>
				<Point>
					<altitudeMode>relativeToGround</altitudeMode>
					<coordinates>-25.6755944,37.7412488,0</coordinates>
				</Point>
			</Placemark>
			<Placemark id="0C630A61413ECCF89208">
				<gx:mid>/m/02q9nzm</gx:mid>
				<gx:fid>0xd25b7cef6e86a73:0xfe4d167e5dd21dfd</gx:fid>
				<LookAt>
					<longitude>-8.808848899999999</longitude>
					<latitude>41.71598615000001</latitude>
					<altitude>0</altitude>
					<heading>0</heading>
					<tilt>0</tilt>
					<gx:fovy>35</gx:fovy>
					<range>17352.7924366013</range>
					<altitudeMode>relativeToGround</altitudeMode>
				</LookAt>
				<styleUrl>#__managed_style_32B5D6A93140DE0E8CD0</styleUrl>
				<Point>
					<altitudeMode>relativeToGround</altitudeMode>
					<coordinates>-8.8371347,41.694376,0</coordinates>
				</Point>
			</Placemark>
		</Folder>
		<Folder id="0EA74942A5386FCED9FC">
			<name>כללי הכל</name>
			<styleUrl>#__managed_style_2B0749E93D40DE0E8CD4</styleUrl>
			<Placemark id="0A82B391E135A21F5D3B">
				<name>Forte de Peniche</name>
				<gx:mid>/g/1ts3gwz4</gx:mid>
				<gx:fid>0xd1f45e263e58d97:0xbe569e826a5464cc</gx:fid>
				<LookAt>
					<longitude>-9.381443200000001</longitude>
					<latitude>39.3533943</latitude>
					<altitude>0</altitude>
					<heading>0</heading>
					<tilt>0</tilt>
					<gx:fovy>35</gx:fovy>
					<range>794.7627578515693</range>
					<altitudeMode>relativeToGround</altitudeMode>
				</LookAt>
				<styleUrl>#__managed_style_09B5FBA38B40DE0E8CCF</styleUrl>
				<Point>
					<altitudeMode>relativeToGround</altitudeMode>
					<coordinates>-9.3814432,39.3533943,0</coordinates>
				</Point>
			</Placemark>
			<Placemark id="0B00169CF135A21F77AE">
				<name>Miradouro Junto ao Forte de Peniche</name>
				<gx:mid>/g/11dyxspsmd</gx:mid>
				<gx:fid>0xd1f460982c81475:0x1ead8398f8ad252c</gx:fid>
				<LookAt>
					<longitude>-9.383305200000001</longitude>
					<latitude>39.3529255</latitude>
					<altitude>0</altitude>
					<heading>0</heading>
					<tilt>0</tilt>
					<gx:fovy>35</gx:fovy>
					<range>794.7685986058842</range>
					<altitudeMode>relativeToGround</altitudeMode>
				</LookAt>
				<styleUrl>#__managed_style_1842B1047040DE0E8CD0</styleUrl>
				<Point>
					<altitudeMode>relativeToGround</altitudeMode>
					<coordinates>-9.383305199999999,39.3529255,0</coordinates>
				</Point>
			</Placemark>
			<Placemark id="055AEA5C8735A222FCAF">
				<name>Praia do Carreiro de Joanes</name>
				<gx:mid>/g/11t393ly82</gx:mid>
				<gx:fid>0xd1f4525d373dce7:0x888082ac3d2dab05</gx:fid>
				<LookAt>
					<longitude>-9.394573499999998</longitude>
					<latitude>39.3549075</latitude>
					<altitude>0</altitude>
					<heading>0</heading>
					<tilt>0</tilt>
					<gx:fovy>35</gx:fovy>
					<range>794.743904621984</range>
					<altitudeMode>relativeToGround</altitudeMode>
				</LookAt>
				<styleUrl>#__managed_style_4792A42E2A40DE0E8CD0</styleUrl>
				<Point>
					<altitudeMode>relativeToGround</altitudeMode>
					<coordinates>-9.3945735,39.3549075,0</coordinates>
				</Point>
			</Placemark>
			<Placemark id="0028A5AFDC35A224E098">
				<name>Plataforma</name>
				<gx:mid>/g/11y3cmw97m</gx:mid>
				<gx:fid>0xd1f45003c3dd4e5:0xe0921eaadd13a581</gx:fid>
				<LookAt>
					<longitude>-9.3773132</longitude>
					<latitude>39.36416190000001</latitude>
					<altitude>0</altitude>
					<heading>0</heading>
					<tilt>0</tilt>
					<gx:fovy>35</gx:fovy>
					<range>794.6285907317164</range>
					<altitudeMode>relativeToGround</altitudeMode>
				</LookAt>
				<styleUrl>#__managed_style_1842B1047040DE0E8CD0</styleUrl>
				<Point>
					<altitudeMode>relativeToGround</altitudeMode>
					<coordinates>-9.3773132,39.3641619,0</coordinates>
				</Point>
			</Placemark>
			<Placemark id="00200B2ACF386FD5D454">
				<name>Forte de Nossa Senhora da Graça</name>
				<gx:mid>/g/122hpq1f</gx:mid>
				<gx:fid>0xd171c8997c95105:0x4d59531ff3c2345b</gx:fid>
				<LookAt>
					<longitude>-7.164466999999999</longitude>
					<latitude>38.8946604</latitude>
					<altitude>0</altitude>
					<heading>0</heading>
					<tilt>0</tilt>
					<gx:fovy>35</gx:fovy>
					<range>800.4533956651828</range>
					<altitudeMode>relativeToGround</altitudeMode>
				</LookAt>
				<styleUrl>#__managed_style_09B5FBA38B40DE0E8CCF</styleUrl>
				<Point>
					<altitudeMode>relativeToGround</altitudeMode>
					<coordinates>-7.164515899999999,38.8946444,0</coordinates>
				</Point>
			</Placemark>
			<Placemark id="00414C40133871CAE8A7">
				<name>Portugal dos Pequenitos</name>
				<gx:mid>/m/026vy6z</gx:mid>
				<gx:fid>0xd22f9a97b942739:0x5cb2ceaa4baf143c</gx:fid>
				<LookAt>
					<longitude>-8.434385899999999</longitude>
					<latitude>40.2022974</latitude>
					<altitude>0</altitude>
					<heading>0</heading>
					<tilt>0</tilt>
					<gx:fovy>35</gx:fovy>
					<range>784.1024982589196</range>
					<altitudeMode>relativeToGround</altitudeMode>
				</LookAt>
				<styleUrl>#__managed_style_09B5FBA38B40DE0E8CCF</styleUrl>
				<Point>
					<altitudeMode>relativeToGround</altitudeMode>
					<coordinates>-8.434385899999999,40.2022974,0</coordinates>
				</Point>
			</Placemark>
			<Placemark id="0B1C37C7523EC6CF91BC">
				<gx:mid>/g/11r_v5ygcy</gx:mid>
				<gx:fid>0xd1acd1c3d58f42b:0xff23508cc95c881f</gx:fid>
				<LookAt>
					<longitude>-8.255601</longitude>
					<latitude>37.0849977</latitude>
					<altitude>0</altitude>
					<heading>0</heading>
					<tilt>0</tilt>
					<gx:fovy>35</gx:fovy>
					<range>822.4111744326033</range>
					<altitudeMode>relativeToGround</altitudeMode>
				</LookAt>
				<styleUrl>#__managed_style_1842B1047040DE0E8CD0</styleUrl>
				<Point>
					<altitudeMode>relativeToGround</altitudeMode>
					<coordinates>-8.255601,37.0849977,0</coordinates>
				</Point>
			</Placemark>
			<Placemark id="03EF27B6C73EC6D849E9">
				<gx:mid>/g/1tgs25h5</gx:mid>
				<gx:fid>0xd1018097d1a6221:0xe772c082f56c8503</gx:fid>
				<LookAt>
					<longitude>-7.4415491</longitude>
					<latitude>37.21875869999999</latitude>
					<altitude>0</altitude>
					<heading>0</heading>
					<tilt>0</tilt>
					<gx:fovy>35</gx:fovy>
					<range>820.8154470503309</range>
					<altitudeMode>relativeToGround</altitudeMode>
				</LookAt>
				<styleUrl>#__managed_style_063D7E0BBD40DE0E8CCE</styleUrl>
				<Point>
					<altitudeMode>relativeToGround</altitudeMode>
					<coordinates>-7.4415064,37.21887419999999,0</coordinates>
				</Point>
			</Placemark>
			<Placemark id="04569110CD3EC6E52FDC">
				<gx:mid>/g/11bwyrtm99</gx:mid>
				<gx:fid>0xd1aaefdab0a9ce5:0x39193c1c11d09d8a</gx:fid>
				<LookAt>
					<longitude>-7.907789999999998</longitude>
					<latitude>37.15907000000001</latitude>
					<altitude>0</altitude>
					<heading>0</heading>
					<tilt>0</tilt>
					<gx:fovy>35</gx:fovy>
					<range>821.5280600009834</range>
					<altitudeMode>relativeToGround</altitudeMode>
				</LookAt>
				<styleUrl>#__managed_style_1842B1047040DE0E8CD0</styleUrl>
				<Point>
					<altitudeMode>relativeToGround</altitudeMode>
					<coordinates>-7.907789999999999,37.15907,0</coordinates>
				</Point>
			</Placemark>
			<Placemark id="0D4658E0D33EC6E97BF4">
				<gx:mid>/g/11bz_zdfvs</gx:mid>
				<gx:fid>0xd1aa5f34676af3b:0x332bcfed6f27ffff</gx:fid>
				<LookAt>
					<longitude>-7.8932344</longitude>
					<latitude>37.2114625</latitude>
					<altitude>0</altitude>
					<heading>0</heading>
					<tilt>0</tilt>
					<gx:fovy>35</gx:fovy>
					<range>820.9026022003557</range>
					<altitudeMode>relativeToGround</altitudeMode>
				</LookAt>
				<styleUrl>#__managed_style_1842B1047040DE0E8CD0</styleUrl>
				<Point>
					<altitudeMode>relativeToGround</altitudeMode>
					<coordinates>-7.8932344,37.2114625,0</coordinates>
				</Point>
			</Placemark>
			<Placemark id="04EAC5DA103EC6EACFDE">
				<gx:mid>/g/1trxlk4h</gx:mid>
				<gx:fid>0xd1ab59322582dc1:0x753f8ce615ffb854</gx:fid>
				<LookAt>
					<longitude>-8.119707999999999</longitude>
					<latitude>37.08194530000001</latitude>
					<altitude>0</altitude>
					<heading>0</heading>
					<tilt>0</tilt>
					<gx:fovy>35</gx:fovy>
					<range>822.4475370936018</range>
					<altitudeMode>relativeToGround</altitudeMode>
				</LookAt>
				<styleUrl>#__managed_style_04D9D7348440DE0E8CD8</styleUrl>
				<Point>
					<altitudeMode>relativeToGround</altitudeMode>
					<coordinates>-8.1197129,37.081949,0</coordinates>
				</Point>
			</Placemark>
			<Placemark id="0058B634943EC6EF82B7">
				<gx:mid>/g/11l9pdwfpn</gx:mid>
				<gx:fid>0xd1b31cd603f3583:0xebcca38a63a423f5</gx:fid>
				<LookAt>
					<longitude>-8.7185472</longitude>
					<latitude>37.0866511</latitude>
					<altitude>0</altitude>
					<heading>0</heading>
					<tilt>0</tilt>
					<gx:fovy>35</gx:fovy>
					<range>822.3914768317077</range>
					<altitudeMode>relativeToGround</altitudeMode>
				</LookAt>
				<styleUrl>#__managed_style_1842B1047040DE0E8CD0</styleUrl>
				<Point>
					<altitudeMode>relativeToGround</altitudeMode>
					<coordinates>-8.7185472,37.0866511,0</coordinates>
				</Point>
			</Placemark>
			<Placemark id="0ACE94CF893EC6EFF708">
				<gx:mid>/g/11ltv89l0s</gx:mid>
				<gx:fid>0xd1b3100372cedfb:0x2cda6e8b7d58e965</gx:fid>
				<LookAt>
					<longitude>-8.671886199999999</longitude>
					<latitude>37.0821173</latitude>
					<altitude>0</altitude>
					<heading>0</heading>
					<tilt>0</tilt>
					<gx:fovy>35</gx:fovy>
					<range>822.445488151488</range>
					<altitudeMode>relativeToGround</altitudeMode>
				</LookAt>
				<styleUrl>#__managed_style_1842B1047040DE0E8CD0</styleUrl>
				<Point>
					<altitudeMode>relativeToGround</altitudeMode>
					<coordinates>-8.671886199999999,37.0821173,0</coordinates>
				</Point>
			</Placemark>
			<Placemark id="04775F0A1E3EC6F04B18">
				<gx:mid>/g/11fmdxc06p</gx:mid>
				<gx:fid>0xd1b31fc4caededd:0x580b248b66efb0df</gx:fid>
				<LookAt>
					<longitude>-8.675788499999999</longitude>
					<latitude>37.08268200000001</latitude>
					<altitude>0</altitude>
					<heading>0</heading>
					<tilt>0</tilt>
					<gx:fovy>35</gx:fovy>
					<range>822.4387611372447</range>
					<altitudeMode>relativeToGround</altitudeMode>
				</LookAt>
				<styleUrl>#__managed_style_1842B1047040DE0E8CD0</styleUrl>
				<Point>
					<altitudeMode>relativeToGround</altitudeMode>
					<coordinates>-8.675788499999999,37.082682,0</coordinates>
				</Point>
			</Placemark>
			<Placemark id="0A7435B9DA3EC6F0B1D1">
				<gx:mid>/g/11b75mh0qq</gx:mid>
				<gx:fid>0xd1b31e8c693930f:0xbab36f72a515d199</gx:fid>
				<LookAt>
					<longitude>-8.672709099999999</longitude>
					<latitude>37.0821995</latitude>
					<altitude>0</altitude>
					<heading>0</heading>
					<tilt>0</tilt>
					<gx:fovy>35</gx:fovy>
					<range>4257.128126504846</range>
					<altitudeMode>relativeToGround</altitudeMode>
				</LookAt>
				<styleUrl>#__managed_style_4792A42E2A40DE0E8CD0</styleUrl>
				<Point>
					<altitudeMode>relativeToGround</altitudeMode>
					<coordinates>-8.672709099999999,37.0822,0</coordinates>
				</Point>
			</Placemark>
			<Placemark id="0BDD6DF4D33EC6F15F36">
				<gx:mid>/g/187ccz_p</gx:mid>
				<gx:fid>0xd1b31e5b4814cfb:0x5c553fbaa9dfabd0</gx:fid>
				<LookAt>
					<longitude>-8.6685911</longitude>
					<latitude>37.0798758</latitude>
					<altitude>0</altitude>
					<heading>0</heading>
					<tilt>0</tilt>
					<gx:fovy>35</gx:fovy>
					<range>822.4721893444906</range>
					<altitudeMode>relativeToGround</altitudeMode>
				</LookAt>
				<styleUrl>#__managed_style_040AB8F62740DE0E8CD1</styleUrl>
				<Point>
					<altitudeMode>relativeToGround</altitudeMode>
					<coordinates>-8.6685911,37.0798758,0</coordinates>
				</Point>
			</Placemark>
			<Placemark id="03F744D0A33EC7D77190">
				<gx:mid>/m/0h2jb2</gx:mid>
				<gx:fid>0xd244f6354b814ef:0xc5cced4e82763ce7</gx:fid>
				<LookAt>
					<longitude>-8.714773900000001</longitude>
					<latitude>41.4347115</latitude>
					<altitude>0</altitude>
					<heading>0</heading>
					<tilt>0</tilt>
					<gx:fovy>35</gx:fovy>
					<range>768.3332336762944</range>
					<altitudeMode>relativeToGround</altitudeMode>
				</LookAt>
				<styleUrl>#__managed_style_09B5FBA38B40DE0E8CCF</styleUrl>
				<Point>
					<altitudeMode>relativeToGround</altitudeMode>
					<coordinates>-8.7147763,41.4347293,0</coordinates>
				</Point>
			</Placemark>
			<Placemark id="03DAF1DB9D3ECCF3A481">
				<gx:mid>/g/11xlhr12qq</gx:mid>
				<gx:fid>0xd239900224269f7:0x96e89bddddfc132e</gx:fid>
				<LookAt>
					<longitude>-8.6553588</longitude>
					<latitude>40.6427099</latitude>
					<altitude>0</altitude>
					<heading>0</heading>
					<tilt>0</tilt>
					<gx:fovy>35</gx:fovy>
					<range>778.5066355341846</range>
					<altitudeMode>relativeToGround</altitudeMode>
				</LookAt>
				<styleUrl>#__managed_style_09B5FBA38B40DE0E8CCF</styleUrl>
				<Point>
					<altitudeMode>relativeToGround</altitudeMode>
					<coordinates>-8.6553588,40.6427099,0</coordinates>
				</Point>
			</Placemark>
			<Placemark id="0E4747AACD3ECCF5678C">
				<gx:mid>/g/11kk6z3kt3</gx:mid>
				<gx:fid>0xd25b749e112d17f:0x539ab0be66abba92</gx:fid>
				<LookAt>
					<longitude>-8.834885699999999</longitude>
					<latitude>41.7012621</latitude>
					<altitude>0</altitude>
					<heading>0</heading>
					<tilt>0</tilt>
					<gx:fovy>35</gx:fovy>
					<range>764.8778861617191</range>
					<altitudeMode>relativeToGround</altitudeMode>
				</LookAt>
				<styleUrl>#__managed_style_1842B1047040DE0E8CD0</styleUrl>
				<Point>
					<altitudeMode>relativeToGround</altitudeMode>
					<coordinates>-8.834885699999999,41.7012621,0</coordinates>
				</Point>
			</Placemark>
			<Placemark id="0D660E40133ECCF59258">
				<gx:mid>/g/1tqnmxyq</gx:mid>
				<gx:fid>0xd25b7d5e3b465ad:0xc94f6e4835376cf6</gx:fid>
				<LookAt>
					<longitude>-8.835160499999999</longitude>
					<latitude>41.7015411</latitude>
					<altitude>0</altitude>
					<heading>0</heading>
					<tilt>0</tilt>
					<gx:fovy>35</gx:fovy>
					<range>764.8742612083742</range>
					<altitudeMode>relativeToGround</altitudeMode>
				</LookAt>
				<styleUrl>#__managed_style_09B5FBA38B40DE0E8CCF</styleUrl>
				<Point>
					<altitudeMode>relativeToGround</altitudeMode>
					<coordinates>-8.835071299999999,41.7014354,0</coordinates>
				</Point>
			</Placemark>
			<Placemark id="02939DF6B13ECCF5D6EC">
				<gx:mid>/g/11fnc_9knd</gx:mid>
				<gx:fid>0xd25b73cd1fd1941:0x80cc55bb900657d7</gx:fid>
				<LookAt>
					<longitude>-8.835549399999998</longitude>
					<latitude>41.70008399999999</latitude>
					<altitude>0</altitude>
					<heading>0</heading>
					<tilt>0</tilt>
					<gx:fovy>35</gx:fovy>
					<range>764.893192630422</range>
					<altitudeMode>relativeToGround</altitudeMode>
				</LookAt>
				<styleUrl>#__managed_style_1842B1047040DE0E8CD0</styleUrl>
				<Point>
					<altitudeMode>relativeToGround</altitudeMode>
					<coordinates>-8.8355494,41.700084,0</coordinates>
				</Point>
			</Placemark>
			<Placemark id="0E19147DB73ECCF61758">
				<gx:mid>/g/11h1m5g4kb</gx:mid>
				<gx:fid>0xd25b77a5cd9a097:0x71d716e05f2854b4</gx:fid>
				<LookAt>
					<longitude>-8.833603299999998</longitude>
					<latitude>41.70002929999999</latitude>
					<altitude>0</altitude>
					<heading>0</heading>
					<tilt>0</tilt>
					<gx:fovy>35</gx:fovy>
					<range>764.893903312949</range>
					<altitudeMode>relativeToGround</altitudeMode>
				</LookAt>
				<styleUrl>#__managed_style_1842B1047040DE0E8CD0</styleUrl>
				<Point>
					<altitudeMode>relativeToGround</altitudeMode>
					<coordinates>-8.8336033,41.7000293,0</coordinates>
				</Point>
			</Placemark>
			<Placemark id="00DD2F4EC43ECCF67D38">
				<gx:mid>/g/120x5y3g</gx:mid>
				<gx:fid>0xd25b7d5a109efeb:0x834d7c531c2e0cfc</gx:fid>
				<LookAt>
					<longitude>-8.8352664</longitude>
					<latitude>41.705263</latitude>
					<altitude>0</altitude>
					<heading>0</heading>
					<tilt>0</tilt>
					<gx:fovy>35</gx:fovy>
					<range>764.8259021704764</range>
					<altitudeMode>relativeToGround</altitudeMode>
				</LookAt>
				<styleUrl>#__managed_style_09B5FBA38B40DE0E8CCF</styleUrl>
				<Point>
					<altitudeMode>relativeToGround</altitudeMode>
					<coordinates>-8.8352664,41.705263,0</coordinates>
				</Point>
			</Placemark>
			<Placemark id="05476364C23ECCF70AE6">
				<gx:mid>/g/122t68js</gx:mid>
				<gx:fid>0xd25c835a8c39111:0xfa5a50c1dc5530e3</gx:fid>
				<LookAt>
					<longitude>-8.856147999999999</longitude>
					<latitude>41.699771</latitude>
					<altitude>0</altitude>
					<heading>0</heading>
					<tilt>0</tilt>
					<gx:fovy>35</gx:fovy>
					<range>764.8972592326828</range>
					<altitudeMode>relativeToGround</altitudeMode>
				</LookAt>
				<styleUrl>#__managed_style_09B5FBA38B40DE0E8CCF</styleUrl>
				<Point>
					<altitudeMode>relativeToGround</altitudeMode>
					<coordinates>-8.856147999999999,41.699771,0</coordinates>
				</Point>
			</Placemark>
			<Placemark id="016613A8D43ECCF73E96">
				<gx:mid>/g/122y06rk</gx:mid>
				<gx:fid>0xd25b62ba33c85af:0x1f681a63abd0db76</gx:fid>
				<LookAt>
					<longitude>-8.830234899999999</longitude>
					<latitude>41.69675869999999</latitude>
					<altitude>0</altitude>
					<heading>0</heading>
					<tilt>0</tilt>
					<gx:fovy>35</gx:fovy>
					<range>764.9363949532463</range>
					<altitudeMode>relativeToGround</altitudeMode>
				</LookAt>
				<styleUrl>#__managed_style_33CE49620440DE0E8CD8</styleUrl>
				<Point>
					<altitudeMode>relativeToGround</altitudeMode>
					<coordinates>-8.830234899999999,41.6967587,0</coordinates>
				</Point>
			</Placemark>
			<Placemark id="00E58765F43ECCF786E9">
				<gx:mid>/g/11xsvd3t6n</gx:mid>
				<gx:fid>0xd25b7004f3bd77b:0x6295a0ff3f82deb6</gx:fid>
				<LookAt>
					<longitude>-8.834186099999998</longitude>
					<latitude>41.7018361</latitude>
					<altitude>0</altitude>
					<heading>0</heading>
					<tilt>0</tilt>
					<gx:fovy>35</gx:fovy>
					<range>764.870428353744</range>
					<altitudeMode>relativeToGround</altitudeMode>
				</LookAt>
				<styleUrl>#__managed_style_33CE49620440DE0E8CD8</styleUrl>
				<Point>
					<altitudeMode>relativeToGround</altitudeMode>
					<coordinates>-8.8341861,41.7018361,0</coordinates>
				</Point>
			</Placemark>
			<Placemark id="037AFF4D8B3ECCF9A9A3">
				<gx:mid>/g/1228fsdj</gx:mid>
				<gx:fid>0xd171cf8b9e724ed:0x3071cf1c9bfeefe9</gx:fid>
				<LookAt>
					<longitude>-7.1584199</longitude>
					<latitude>38.8729878</latitude>
					<altitude>0</altitude>
					<heading>0</heading>
					<tilt>0</tilt>
					<gx:fovy>35</gx:fovy>
					<range>800.7210180520976</range>
					<altitudeMode>relativeToGround</altitudeMode>
				</LookAt>
				<styleUrl>#__managed_style_09B5FBA38B40DE0E8CCF</styleUrl>
				<Point>
					<altitudeMode>relativeToGround</altitudeMode>
					<coordinates>-7.158419899999999,38.8729878,0</coordinates>
				</Point>
			</Placemark>
			<Placemark id="09DAF7CCDC3ED02AD8F8">
				<gx:mid>/m/0121l33v</gx:mid>
				<gx:fid>0xd25b62f31f29b4f:0xfb3b3f4889c3b580</gx:fid>
				<LookAt>
					<longitude>-8.8305484</longitude>
					<latitude>41.6899549</latitude>
					<altitude>0</altitude>
					<heading>0</heading>
					<tilt>0</tilt>
					<gx:fovy>35</gx:fovy>
					<range>765.0247823803322</range>
					<altitudeMode>relativeToGround</altitudeMode>
				</LookAt>
				<styleUrl>#__managed_style_063D7E0BBD40DE0E8CCE</styleUrl>
				<Point>
					<altitudeMode>relativeToGround</altitudeMode>
					<coordinates>-8.8305484,41.6899549,0</coordinates>
				</Point>
			</Placemark>
			<Placemark id="0477BB74463ED02C2C64">
				<gx:mid>/g/119w_yv7g</gx:mid>
				<gx:fid>0xd25b62e8eb38a55:0x9e7d171556b87cb</gx:fid>
				<LookAt>
					<longitude>-8.828493899999998</longitude>
					<latitude>41.6933934</latitude>
					<altitude>0</altitude>
					<heading>0</heading>
					<tilt>0</tilt>
					<gx:fovy>35</gx:fovy>
					<range>764.9801144753515</range>
					<altitudeMode>relativeToGround</altitudeMode>
				</LookAt>
				<styleUrl>#__managed_style_09B5FBA38B40DE0E8CCF</styleUrl>
				<Point>
					<altitudeMode>relativeToGround</altitudeMode>
					<coordinates>-8.8284939,41.6933934,0</coordinates>
				</Point>
			</Placemark>
			<Placemark id="0A10CB84703ED02D25D0">
				<gx:mid>/g/1229dxb5</gx:mid>
				<gx:fid>0xd25b62827b19551:0x3847369d3b2432e0</gx:fid>
				<LookAt>
					<longitude>-8.838154599999999</longitude>
					<latitude>41.6889397</latitude>
					<altitude>0</altitude>
					<heading>0</heading>
					<tilt>0</tilt>
					<gx:fovy>35</gx:fovy>
					<range>765.0379698585223</range>
					<altitudeMode>relativeToGround</altitudeMode>
				</LookAt>
				<styleUrl>#__managed_style_09B5FBA38B40DE0E8CCF</styleUrl>
				<Point>
					<altitudeMode>relativeToGround</altitudeMode>
					<coordinates>-8.838154599999999,41.6889397,0</coordinates>
				</Point>
			</Placemark>
			<Placemark id="026CDFBD193ED0308271">
				<name>Av. da Liberdade - רחוב מרכזי</name>
				<LookAt>
					<longitude>-8.422377236266623</longitude>
					<latitude>41.55054241132748</latitude>
					<altitude>205.4012727828377</altitude>
					<heading>9.324609151797827e-10</heading>
					<tilt>0.3791889947754191</tilt>
					<gx:fovy>62.66963910765648</gx:fovy>
					<range>151.7784862298504</range>
					<altitudeMode>absolute</altitudeMode>
				</LookAt>
				<styleUrl>#__managed_style_246825998340DE0E8CD0</styleUrl>
				<LineString>
					<coordinates>
						-8.421669966638289,41.54899732644738,0 -8.422956810139787,41.55118596036875,0 
					</coordinates>
				</LineString>
			</Placemark>
			<Placemark id="0EDEF0BE643ED030F127">
				<name>Av. da Liberdade - רחוב מרכזי</name>
				<LookAt>
					<longitude>-8.422198875497518</longitude>
					<latitude>41.54993445421042</latitude>
					<altitude>185.1068904263617</altitude>
					<heading>-1.768511604834454e-10</heading>
					<tilt>0.3792002143444158</tilt>
					<gx:fovy>62.66963910765648</gx:fovy>
					<range>340.2984506287976</range>
					<altitudeMode>absolute</altitudeMode>
				</LookAt>
				<styleUrl>#__managed_style_26596D72BD40DE0E8CD3</styleUrl>
				<Point>
					<coordinates>-8.422334871920761,41.55012580359548,185.7970865437457</coordinates>
				</Point>
			</Placemark>
			<Placemark id="08644C066F3ED033360C">
				<name>רחוב מרכזי</name>
				<LookAt>
					<longitude>-8.424477613753128</longitude>
					<latitude>41.55069374792555</latitude>
					<altitude>203.6548320502117</altitude>
					<heading>7.217343928429846</heading>
					<tilt>0</tilt>
					<gx:fovy>35</gx:fovy>
					<range>1040.763862207968</range>
					<altitudeMode>absolute</altitudeMode>
				</LookAt>
				<styleUrl>#__managed_style_246825998340DE0E8CD0</styleUrl>
				<LineString>
					<coordinates>
						-8.429343580114324,41.55024678843799,0 -8.428102622010966,41.55037651224555,0 -8.427079001318198,41.55049367848216,0 -8.425461568800429,41.5506520221836,0 -8.42539435955522,41.55065866085747,0 -8.425308928872552,41.54990974835412,0 -8.424485450534092,41.54977254407411,0 -8.424016300980506,41.54968278751421,0 -8.42351951920528,41.55049856473075,0 -8.423405074027805,41.55072176145176,0 -8.423428031018014,41.55091373494982,0 -8.423941007795371,41.55085833808764,0 -8.424356312978524,41.55138836111647,0 -8.424329858351674,41.55147097873471,0 -8.42417959652818,41.55155348609332,0 -8.424156616144055,41.55178790897386,0 -8.424518083368268,41.55180776499019,0 -8.42559328370834,41.55205884006973,0 -8.425394725911975,41.55065858845795,0 -8.423939812751795,41.55083318799802,0 -8.423942107613966,41.55085917441641,0 
					</coordinates>
				</LineString>
			</Placemark>
			<Placemark id="0FD627CD3B3ED0335F81">
				<gx:mid>/g/120r9htb</gx:mid>
				<gx:fid>0xd24fec1e27b42cf:0x337844bfb6a2d556</gx:fid>
				<LookAt>
					<longitude>-8.4230942</longitude>
					<latitude>41.55139399999999</latitude>
					<altitude>0</altitude>
					<heading>0</heading>
					<tilt>0</tilt>
					<gx:fovy>35</gx:fovy>
					<range>766.8225895133181</range>
					<altitudeMode>relativeToGround</altitudeMode>
				</LookAt>
				<styleUrl>#__managed_style_09B5FBA38B40DE0E8CCF</styleUrl>
				<Point>
					<altitudeMode>relativeToGround</altitudeMode>
					<coordinates>-8.4230942,41.55139399999999,0</coordinates>
				</Point>
			</Placemark>
			<Placemark id="06151D60D33ED03396A7">
				<gx:mid>/m/03g_b4l</gx:mid>
				<gx:fid>0xd24ff2290a8bc25:0xa77418b8efae2401</gx:fid>
				<LookAt>
					<longitude>-8.4259038</longitude>
					<latitude>41.5513604</latitude>
					<altitude>0</altitude>
					<heading>0</heading>
					<tilt>0</tilt>
					<gx:fovy>35</gx:fovy>
					<range>766.8230249538302</range>
					<altitudeMode>relativeToGround</altitudeMode>
				</LookAt>
				<styleUrl>#__managed_style_16147CE44F40DE0E8CCF</styleUrl>
				<Point>
					<altitudeMode>relativeToGround</altitudeMode>
					<coordinates>-8.4259038,41.5513604,0</coordinates>
				</Point>
			</Placemark>
			<Placemark id="02E096A57A3ED034FB44">
				<gx:mid>/g/119wh6vcl</gx:mid>
				<gx:fid>0xd24fedd6022d4b7:0x2e6d89cce0ad971c</gx:fid>
				<LookAt>
					<longitude>-8.430272100000002</longitude>
					<latitude>41.55100090000001</latitude>
					<altitude>0</altitude>
					<heading>0</heading>
					<tilt>0</tilt>
					<gx:fovy>35</gx:fovy>
					<range>766.8276838924855</range>
					<altitudeMode>relativeToGround</altitudeMode>
				</LookAt>
				<styleUrl>#__managed_style_16147CE44F40DE0E8CCF</styleUrl>
				<Point>
					<altitudeMode>relativeToGround</altitudeMode>
					<coordinates>-8.4302721,41.5510009,0</coordinates>
				</Point>
			</Placemark>
			<Placemark id="044931C1623ED035E877">
				<gx:mid>/g/1213jff0</gx:mid>
				<gx:fid>0xd24feb6a3425905:0xee818b53b7e9d016</gx:fid>
				<LookAt>
					<longitude>-8.414021999999999</longitude>
					<latitude>41.53776879999999</latitude>
					<altitude>0</altitude>
					<heading>0</heading>
					<tilt>0</tilt>
					<gx:fovy>35</gx:fovy>
					<range>766.9991453362076</range>
					<altitudeMode>relativeToGround</altitudeMode>
				</LookAt>
				<styleUrl>#__managed_style_16147CE44F40DE0E8CCF</styleUrl>
				<Point>
					<altitudeMode>relativeToGround</altitudeMode>
					<coordinates>-8.414021999999999,41.53776879999999,0</coordinates>
				</Point>
			</Placemark>
			<Placemark id="026D9D98DE3ED03660FE">
				<gx:mid>/g/120p547g</gx:mid>
				<gx:fid>0xd24fec8070359d5:0x83b279d5f5ee4a3</gx:fid>
				<LookAt>
					<longitude>-8.418896199999999</longitude>
					<latitude>41.5416871</latitude>
					<altitude>0</altitude>
					<heading>0</heading>
					<tilt>0</tilt>
					<gx:fovy>35</gx:fovy>
					<range>766.9483760747746</range>
					<altitudeMode>relativeToGround</altitudeMode>
				</LookAt>
				<styleUrl>#__managed_style_16147CE44F40DE0E8CCF</styleUrl>
				<Point>
					<altitudeMode>relativeToGround</altitudeMode>
					<coordinates>-8.418896199999999,41.5416871,0</coordinates>
				</Point>
			</Placemark>
			<Placemark id="0CC254B6973ED037E4DC">
				<gx:mid>/g/11c7nzn5sd</gx:mid>
				<gx:fid>0xd2398039edd8d93:0x97be4470a51d655e</gx:fid>
				<LookAt>
					<longitude>-8.655826099999999</longitude>
					<latitude>40.6413306</latitude>
					<altitude>0</altitude>
					<heading>0</heading>
					<tilt>0</tilt>
					<gx:fovy>35</gx:fovy>
					<range>778.5242297409254</range>
					<altitudeMode>relativeToGround</altitudeMode>
				</LookAt>
				<styleUrl>#__managed_style_09B5FBA38B40DE0E8CCF</styleUrl>
				<Point>
					<altitudeMode>relativeToGround</altitudeMode>
					<coordinates>-8.655506313379469,40.64128003488894,0</coordinates>
				</Point>
			</Placemark>
			<Placemark id="004D84ECF53ED038284C">
				<name>Moliceiros Pier</name>
				<LookAt>
					<longitude>-8.656964435409346</longitude>
					<latitude>40.64133851913072</latitude>
					<altitude>1.154421781366499</altitude>
					<heading>0</heading>
					<tilt>0</tilt>
					<gx:fovy>51.40590443512818</gx:fovy>
					<range>664.2767655100033</range>
					<altitudeMode>absolute</altitudeMode>
				</LookAt>
				<styleUrl>#__managed_style_246825998340DE0E8CD0</styleUrl>
				<LineString>
					<coordinates>
						-8.656887357716029,40.64122880988825,0 -8.654641591561369,40.64149660731746,0 -8.654064311345019,40.64149755385315,0 -8.653910407833923,40.641429735377,0 -8.653917136212797,40.6412838501673,0 -8.654323679029879,40.64130287753324,0 -8.656226463465273,40.6409684602589,0 -8.656945404150617,40.64083710675754,0 
					</coordinates>
				</LineString>
			</Placemark>
			<Placemark id="0FF6154ACA3ED038D764">
				<gx:mid>/g/11dxsycnyz</gx:mid>
				<gx:fid>0xd2398047d5013c3:0x28d48ec115decab7</gx:fid>
				<LookAt>
					<longitude>-8.653910099999999</longitude>
					<latitude>40.64171839999999</latitude>
					<altitude>0</altitude>
					<heading>0</heading>
					<tilt>0</tilt>
					<gx:fovy>35</gx:fovy>
					<range>778.5192830481988</range>
					<altitudeMode>relativeToGround</altitudeMode>
				</LookAt>
				<styleUrl>#__managed_style_09B5FBA38B40DE0E8CCF</styleUrl>
				<Point>
					<altitudeMode>relativeToGround</altitudeMode>
					<coordinates>-8.653910099999999,40.64171839999999,0</coordinates>
				</Point>
			</Placemark>
			<Placemark id="01200B78833ED0390B50">
				<name>שדרה מרכזית קטנה</name>
				<LookAt>
					<longitude>-8.654262408303476</longitude>
					<latitude>40.64193461041908</latitude>
					<altitude>10.35627387594048</altitude>
					<heading>0</heading>
					<tilt>0</tilt>
					<gx:fovy>57.12716903526219</gx:fovy>
					<range>526.6884631793801</range>
					<altitudeMode>absolute</altitudeMode>
				</LookAt>
				<styleUrl>#__managed_style_246825998340DE0E8CD0</styleUrl>
				<LineString>
					<coordinates>
						-8.65394084043804,40.64167253184492,0 -8.653847414122396,40.64209153289023,0 -8.653602895717263,40.64237507277723,0 -8.653341961371972,40.64266809702038,0 
					</coordinates>
				</LineString>
			</Placemark>
			<Placemark id="036610942B3ED03A0058">
				<gx:mid>/g/11rsg60j_c</gx:mid>
				<gx:fid>0xd23991ce8d92c29:0xccece4196eae36c3</gx:fid>
				<LookAt>
					<longitude>-8.659144000000001</longitude>
					<latitude>40.6457499</latitude>
					<altitude>0</altitude>
					<heading>0</heading>
					<tilt>0</tilt>
					<gx:fovy>35</gx:fovy>
					<range>778.4678560894075</range>
					<altitudeMode>relativeToGround</altitudeMode>
				</LookAt>
				<styleUrl>#__managed_style_4792A42E2A40DE0E8CD0</styleUrl>
				<Point>
					<altitudeMode>relativeToGround</altitudeMode>
					<coordinates>-8.659144,40.6457499,0</coordinates>
				</Point>
			</Placemark>
			<Placemark id="0974CDACE03ED03A6F4B">
				<gx:mid>/m/0b6fmw2</gx:mid>
				<gx:fid>0xd23981ccccf0b95:0xce3edd1580cafd49</gx:fid>
				<LookAt>
					<longitude>-8.656436299999999</longitude>
					<latitude>40.64412239999999</latitude>
					<altitude>0</altitude>
					<heading>0</heading>
					<tilt>0</tilt>
					<gx:fovy>35</gx:fovy>
					<range>778.4886173848755</range>
					<altitudeMode>relativeToGround</altitudeMode>
				</LookAt>
				<styleUrl>#__managed_style_09B5FBA38B40DE0E8CCF</styleUrl>
				<Point>
					<altitudeMode>relativeToGround</altitudeMode>
					<coordinates>-8.656436299999999,40.6441224,0</coordinates>
				</Point>
			</Placemark>
			<Placemark id="0A83BBC9AD3ED03B91AF">
				<gx:mid>/g/11fn00mxvd</gx:mid>
				<gx:fid>0xd2399934403402d:0xec470836d754a5a8</gx:fid>
				<LookAt>
					<longitude>-8.645888899999997</longitude>
					<latitude>40.6401674</latitude>
					<altitude>0</altitude>
					<heading>0</heading>
					<tilt>0</tilt>
					<gx:fovy>35</gx:fovy>
					<range>778.5390670635128</range>
					<altitudeMode>relativeToGround</altitudeMode>
				</LookAt>
				<styleUrl>#__managed_style_16147CE44F40DE0E8CCF</styleUrl>
				<Point>
					<altitudeMode>relativeToGround</altitudeMode>
					<coordinates>-8.645888899999999,40.6401674,0</coordinates>
				</Point>
			</Placemark>
			<Placemark id="0A5260C7303ED03C26A9">
				<gx:mid>/g/119wwkd5t</gx:mid>
				<gx:fid>0xd23980718966de9:0x984e79afb82dfcbb</gx:fid>
				<LookAt>
					<longitude>-8.6531216</longitude>
					<latitude>40.6364238</latitude>
					<altitude>0</altitude>
					<heading>0</heading>
					<tilt>0</tilt>
					<gx:fovy>35</gx:fovy>
					<range>778.5868168739453</range>
					<altitudeMode>relativeToGround</altitudeMode>
				</LookAt>
				<styleUrl>#__managed_style_16147CE44F40DE0E8CCF</styleUrl>
				<Point>
					<altitudeMode>relativeToGround</altitudeMode>
					<coordinates>-8.6531216,40.6364238,0</coordinates>
				</Point>
			</Placemark>
			<Placemark id="0ED0EF06B73ED03DF6C9">
				<gx:mid>/g/11kg56w04f</gx:mid>
				<gx:fid>0xd23bfd48cdc5d37:0x72fe828f6343e0c9</gx:fid>
				<LookAt>
					<longitude>-8.7497021</longitude>
					<latitude>40.6131227</latitude>
					<altitude>0</altitude>
					<heading>0</heading>
					<tilt>0</tilt>
					<gx:fovy>35</gx:fovy>
					<range>778.8839521725656</range>
					<altitudeMode>relativeToGround</altitudeMode>
				</LookAt>
				<styleUrl>#__managed_style_09B5FBA38B40DE0E8CCF</styleUrl>
				<Point>
					<altitudeMode>relativeToGround</altitudeMode>
					<coordinates>-8.7497021,40.6131227,0</coordinates>
				</Point>
			</Placemark>
			<Placemark id="030889FFC53ED03E6E54">
				<name>שורת בתים יפים ביותר</name>
				<LookAt>
					<longitude>-8.745156504138265</longitude>
					<latitude>40.61575528824018</latitude>
					<altitude>-0.8323743283401897</altitude>
					<heading>0</heading>
					<tilt>0</tilt>
					<gx:fovy>35</gx:fovy>
					<range>2134.195388676308</range>
					<altitudeMode>absolute</altitudeMode>
				</LookAt>
				<styleUrl>#__managed_style_246825998340DE0E8CD0</styleUrl>
				<LineString>
					<coordinates>
						-8.750054448449987,40.61235008703385,0 -8.750016357247056,40.61308871938689,0 -8.749828814019898,40.61368567654869,0 -8.749783929223678,40.61526933362814,0 -8.749809144974796,40.61600057386816,0 
					</coordinates>
				</LineString>
			</Placemark>
			<Placemark id="0598E5D7743ED03FCF56">
				<gx:mid>/m/0cnzkwl</gx:mid>
				<gx:fid>0xd23960a05b1bbe7:0xba6fad7c14e00342</gx:fid>
				<LookAt>
					<longitude>-8.747801599999999</longitude>
					<latitude>40.6428269</latitude>
					<altitude>0</altitude>
					<heading>0</heading>
					<tilt>0</tilt>
					<gx:fovy>35</gx:fovy>
					<range>778.5051430745674</range>
					<altitudeMode>relativeToGround</altitudeMode>
				</LookAt>
				<styleUrl>#__managed_style_480131FD5D40DE0E8CDC</styleUrl>
				<Point>
					<altitudeMode>relativeToGround</altitudeMode>
					<coordinates>-8.747801599999999,40.6428269,0</coordinates>
				</Point>
			</Placemark>
			<Placemark id="0CAC74FE803ED0403F91">
				<gx:mid>/g/122rvssp</gx:mid>
				<gx:fid>0xd23be060973d6b7:0xab188da2a58196b6</gx:fid>
				<LookAt>
					<longitude>-8.753420999999999</longitude>
					<latitude>40.61747045</latitude>
					<altitude>0</altitude>
					<heading>0</heading>
					<tilt>0</tilt>
					<gx:fovy>35</gx:fovy>
					<range>3991.09155334477</range>
					<altitudeMode>relativeToGround</altitudeMode>
				</LookAt>
				<styleUrl>#__managed_style_4792A42E2A40DE0E8CD0</styleUrl>
				<Point>
					<altitudeMode>relativeToGround</altitudeMode>
					<coordinates>-8.753420999999999,40.61747099999999,0</coordinates>
				</Point>
			</Placemark>
			<Placemark id="0768A40D6D3ED041F0CF">
				<gx:mid>/g/12600hrhq</gx:mid>
				<gx:fid>0xd22f907d91dbc15:0x61f5370f02629ee2</gx:fid>
				<LookAt>
					<longitude>-8.429521400000002</longitude>
					<latitude>40.20729559999999</latitude>
					<altitude>0</altitude>
					<heading>0</heading>
					<tilt>0</tilt>
					<gx:fovy>35</gx:fovy>
					<range>784.0392398035311</range>
					<altitudeMode>relativeToGround</altitudeMode>
				</LookAt>
				<styleUrl>#__managed_style_09B5FBA38B40DE0E8CCF</styleUrl>
				<Point>
					<altitudeMode>relativeToGround</altitudeMode>
					<coordinates>-8.4295214,40.20729559999999,0</coordinates>
				</Point>
			</Placemark>
			<Placemark id="0F10334DEB3ED0423BD9">
				<gx:mid>/g/11g8751k49</gx:mid>
				<gx:fid>0xd22f90627726137:0xfde8cc6884f7dd0f</gx:fid>
				<LookAt>
					<longitude>-8.4294628</longitude>
					<latitude>40.2089934</latitude>
					<altitude>0</altitude>
					<heading>0</heading>
					<tilt>0</tilt>
					<gx:fovy>35</gx:fovy>
					<range>784.0177507240842</range>
					<altitudeMode>relativeToGround</altitudeMode>
				</LookAt>
				<styleUrl>#__managed_style_09B5FBA38B40DE0E8CCF</styleUrl>
				<Point>
					<altitudeMode>relativeToGround</altitudeMode>
					<coordinates>-8.4294628,40.2089934,0</coordinates>
				</Point>
			</Placemark>
			<Placemark id="0AC6F24DA13ED042CA27">
				<gx:mid>/g/11lg2q3pjy</gx:mid>
				<gx:fid>0xd22f94ad9599a93:0x61a34cc6922d46c</gx:fid>
				<LookAt>
					<longitude>-8.429218300000002</longitude>
					<latitude>40.2108733</latitude>
					<altitude>0</altitude>
					<heading>0</heading>
					<tilt>0</tilt>
					<gx:fovy>35</gx:fovy>
					<range>783.9939560316154</range>
					<altitudeMode>relativeToGround</altitudeMode>
				</LookAt>
				<styleUrl>#__managed_style_09B5FBA38B40DE0E8CCF</styleUrl>
				<Point>
					<altitudeMode>relativeToGround</altitudeMode>
					<coordinates>-8.4292183,40.2108733,0</coordinates>
				</Point>
			</Placemark>
			<Placemark id="0C465B51093ED0437C00">
				<name>R. Ferreira Borges - שדרה מרכזית</name>
				<LookAt>
					<longitude>-8.42921501915011</longitude>
					<latitude>40.20940110565928</latitude>
					<altitude>25.00433855576418</altitude>
					<heading>43.4286189211707</heading>
					<tilt>0</tilt>
					<gx:fovy>60.3072344100465</gx:fovy>
					<range>89.44666116843111</range>
					<altitudeMode>absolute</altitudeMode>
				</LookAt>
				<styleUrl>#__managed_style_246825998340DE0E8CD0</styleUrl>
				<LineString>
					<coordinates>
						-8.429260852531639,40.20760156846023,0 -8.429192153083868,40.20808228264419,0 -8.429116792897867,40.20848726609787,0 -8.429067218582864,40.20905591510987,0 -8.42909449381122,40.20962746391049,0 -8.429087668662564,40.21024260755327,0 -8.429103544743175,40.21057693248766,0 
					</coordinates>
				</LineString>
			</Placemark>
			<Placemark id="01972675EE3ED043E023">
				<name>R. Ferreira Borges - שדרה מרכזית</name>
				<LookAt>
					<longitude>-8.428698665151002</longitude>
					<latitude>40.20888740581363</latitude>
					<altitude>54.98109312578676</altitude>
					<heading>43.42861897917268</heading>
					<tilt>0</tilt>
					<gx:fovy>60.3072344100465</gx:fovy>
					<range>242.8340957850378</range>
					<altitudeMode>absolute</altitudeMode>
				</LookAt>
				<styleUrl>#__managed_style_26596D72BD40DE0E8CD3</styleUrl>
				<Point>
					<coordinates>-8.429077795353264,40.20929975176557,27.63360205461464</coordinates>
				</Point>
			</Placemark>
			<Placemark id="07BAFFECDF3ED0444073">
				<gx:mid>/g/11clsh71y3</gx:mid>
				<gx:fid>0xd22f9a7984af897:0x8562bf03bfa992b0</gx:fid>
				<LookAt>
					<longitude>-8.427237999999999</longitude>
					<latitude>40.204667</latitude>
					<altitude>0</altitude>
					<heading>0</heading>
					<tilt>0</tilt>
					<gx:fovy>35</gx:fovy>
					<range>784.0725087290431</range>
					<altitudeMode>relativeToGround</altitudeMode>
				</LookAt>
				<styleUrl>#__managed_style_16147CE44F40DE0E8CCF</styleUrl>
				<Point>
					<altitudeMode>relativeToGround</altitudeMode>
					<coordinates>-8.427237999999999,40.204667,0</coordinates>
				</Point>
			</Placemark>
			<Placemark id="09A4A4B9583ED0457F10">
				<gx:mid>/g/119t7jx10</gx:mid>
				<gx:fid>0xd22f974d95382cd:0xeaa40d97deb3ce71</gx:fid>
				<LookAt>
					<longitude>-8.418072799999997</longitude>
					<latitude>40.2094077</latitude>
					<altitude>0</altitude>
					<heading>0</heading>
					<tilt>0</tilt>
					<gx:fovy>35</gx:fovy>
					<range>784.0125068226544</range>
					<altitudeMode>relativeToGround</altitudeMode>
				</LookAt>
				<styleUrl>#__managed_style_16147CE44F40DE0E8CCF</styleUrl>
				<Point>
					<altitudeMode>relativeToGround</altitudeMode>
					<coordinates>-8.418072799999999,40.2094077,0</coordinates>
				</Point>
			</Placemark>
			<Placemark id="0014DA3C913ED0465184">
				<gx:mid>/g/121_zgq5</gx:mid>
				<gx:fid>0xd22f9a0875f68c9:0xbf58f2303575d92e</gx:fid>
				<LookAt>
					<longitude>-8.420742999999998</longitude>
					<latitude>40.20549099999999</latitude>
					<altitude>0</altitude>
					<heading>0</heading>
					<tilt>0</tilt>
					<gx:fovy>35</gx:fovy>
					<range>784.0620799278897</range>
					<altitudeMode>relativeToGround</altitudeMode>
				</LookAt>
				<styleUrl>#__managed_style_16147CE44F40DE0E8CCF</styleUrl>
				<Point>
					<altitudeMode>relativeToGround</altitudeMode>
					<coordinates>-8.420743,40.20549099999999,0</coordinates>
				</Point>
			</Placemark>
			<Placemark id="0AFDA4CDE43ED046AD61">
				<gx:mid>/m/026jwpq</gx:mid>
				<gx:fid>0xd22f91a42406fb1:0x9370902b497e2d31</gx:fid>
				<LookAt>
					<longitude>-8.4151998</longitude>
					<latitude>40.2048043</latitude>
					<altitude>0</altitude>
					<heading>0</heading>
					<tilt>0</tilt>
					<gx:fovy>35</gx:fovy>
					<range>784.070771028199</range>
					<altitudeMode>relativeToGround</altitudeMode>
				</LookAt>
				<styleUrl>#__managed_style_16147CE44F40DE0E8CCF</styleUrl>
				<Point>
					<altitudeMode>relativeToGround</altitudeMode>
					<coordinates>-8.4151998,40.2048043,0</coordinates>
				</Point>
			</Placemark>
			<Placemark id="0444C9CBEF3ED04712DE">
				<gx:mid>/g/11y2tslj7l</gx:mid>
				<gx:fid>0xd22f9005057c549:0x212668b19fce7cf6</gx:fid>
				<LookAt>
					<longitude>-8.414425</longitude>
					<latitude>40.2065153</latitude>
					<altitude>0</altitude>
					<heading>0</heading>
					<tilt>0</tilt>
					<gx:fovy>35</gx:fovy>
					<range>784.0491158504764</range>
					<altitudeMode>relativeToGround</altitudeMode>
				</LookAt>
				<styleUrl>#__managed_style_1842B1047040DE0E8CD0</styleUrl>
				<Point>
					<altitudeMode>relativeToGround</altitudeMode>
					<coordinates>-8.414425,40.2065153,0</coordinates>
				</Point>
			</Placemark>
			<Placemark id="05B5B2B8A23ED04EE593">
				<gx:mid>/g/11j_trmwz5</gx:mid>
				<gx:fid>0xd187f783533487b:0x1513bca8a3239ca7</gx:fid>
				<LookAt>
					<longitude>-8.416968700000002</longitude>
					<latitude>39.6043338</latitude>
					<altitude>0</altitude>
					<heading>0</heading>
					<tilt>0</tilt>
					<gx:fovy>35</gx:fovy>
					<range>791.628945406462</range>
					<altitudeMode>relativeToGround</altitudeMode>
				</LookAt>
				<styleUrl>#__managed_style_1842B1047040DE0E8CD0</styleUrl>
				<Point>
					<altitudeMode>relativeToGround</altitudeMode>
					<coordinates>-8.4169687,39.6043338,0</coordinates>
				</Point>
			</Placemark>
			<Placemark id="0DF0DC8FBF3ED04F5410">
				<gx:mid>/g/11j1gyr1vd</gx:mid>
				<gx:fid>0xd187feba90444df:0xae8f28e4f4ef95f1</gx:fid>
				<LookAt>
					<longitude>-8.4165385</longitude>
					<latitude>39.6013871</latitude>
					<altitude>0</altitude>
					<heading>0</heading>
					<tilt>0</tilt>
					<gx:fovy>35</gx:fovy>
					<range>791.6658299339455</range>
					<altitudeMode>relativeToGround</altitudeMode>
				</LookAt>
				<styleUrl>#__managed_style_16147CE44F40DE0E8CCF</styleUrl>
				<Point>
					<altitudeMode>relativeToGround</altitudeMode>
					<coordinates>-8.4165385,39.6013871,0</coordinates>
				</Point>
			</Placemark>
			<Placemark id="0A7645B1AE3ED04F90A8">
				<gx:mid>/m/0h67l2c</gx:mid>
				<gx:fid>0xd187f45897de26f:0x78ec2f5f88366ba2</gx:fid>
				<LookAt>
					<longitude>-8.417603</longitude>
					<latitude>39.60338040000001</latitude>
					<altitude>0</altitude>
					<heading>0</heading>
					<tilt>0</tilt>
					<gx:fovy>35</gx:fovy>
					<range>791.6408795565436</range>
					<altitudeMode>relativeToGround</altitudeMode>
				</LookAt>
				<styleUrl>#__managed_style_09B5FBA38B40DE0E8CCF</styleUrl>
				<Point>
					<altitudeMode>relativeToGround</altitudeMode>
					<coordinates>-8.417603,39.6033804,0</coordinates>
				</Point>
			</Placemark>
			<Placemark id="0ADB2CFDAC3ED0501948">
				<gx:mid>/g/11fy_cxtc5</gx:mid>
				<gx:fid>0xd187ef288d76c6f:0x1c967b1e4088a3ed</gx:fid>
				<LookAt>
					<longitude>-8.415067000000001</longitude>
					<latitude>39.6036051</latitude>
					<altitude>0</altitude>
					<heading>0</heading>
					<tilt>0</tilt>
					<gx:fovy>35</gx:fovy>
					<range>791.6380669014558</range>
					<altitudeMode>relativeToGround</altitudeMode>
				</LookAt>
				<styleUrl>#__managed_style_09B5FBA38B40DE0E8CCF</styleUrl>
				<Point>
					<altitudeMode>relativeToGround</altitudeMode>
					<coordinates>-8.415066999999999,39.6036051,0</coordinates>
				</Point>
			</Placemark>
			<Placemark id="0F0555C4413ED05064FC">
				<gx:mid>/g/11g6wc3n23</gx:mid>
				<gx:fid>0xd187ebc9c277b11:0xb90dc2a4bc41c68</gx:fid>
				<LookAt>
					<longitude>-8.4131345</longitude>
					<latitude>39.6058041</latitude>
					<altitude>0</altitude>
					<heading>0</heading>
					<tilt>0</tilt>
					<gx:fovy>35</gx:fovy>
					<range>791.610540564693</range>
					<altitudeMode>relativeToGround</altitudeMode>
				</LookAt>
				<styleUrl>#__managed_style_16147CE44F40DE0E8CCF</styleUrl>
				<Point>
					<altitudeMode>relativeToGround</altitudeMode>
					<coordinates>-8.4131345,39.6058041,0</coordinates>
				</Point>
			</Placemark>
			<Placemark id="0FED86A3B33ED051211E">
				<gx:mid>/g/11jnq319nq</gx:mid>
				<gx:fid>0xd187facfd05e795:0x110bda46f8bc78c7</gx:fid>
				<LookAt>
					<longitude>-8.4111543</longitude>
					<latitude>39.60457150000001</latitude>
					<altitude>0</altitude>
					<heading>0</heading>
					<tilt>0</tilt>
					<gx:fovy>35</gx:fovy>
					<range>791.6259699723532</range>
					<altitudeMode>relativeToGround</altitudeMode>
				</LookAt>
				<styleUrl>#__managed_style_2E52B486DC40DE0E8CDC</styleUrl>
				<Point>
					<altitudeMode>relativeToGround</altitudeMode>
					<coordinates>-8.4111543,39.6045715,0</coordinates>
				</Point>
			</Placemark>
			<Placemark id="0F30F36D7D3ED052F22B">
				<gx:mid>/g/1tks7ktd</gx:mid>
				<gx:fid>0xd18a9b94bf20857:0x648d8bec19e3ab45</gx:fid>
				<LookAt>
					<longitude>-9.0733715</longitude>
					<latitude>39.60170949999999</latitude>
					<altitude>0</altitude>
					<heading>0</heading>
					<tilt>0</tilt>
					<gx:fovy>35</gx:fovy>
					<range>791.6617944767946</range>
					<altitudeMode>relativeToGround</altitudeMode>
				</LookAt>
				<styleUrl>#__managed_style_09B5FBA38B40DE0E8CCF</styleUrl>
				<Point>
					<altitudeMode>relativeToGround</altitudeMode>
					<coordinates>-9.0733715,39.6017095,0</coordinates>
				</Point>
			</Placemark>
			<Placemark id="07D705E1E63ED0531AF9">
				<gx:mid>/g/11trlrq8y3</gx:mid>
				<gx:fid>0xd18a9f1d36ce487:0xc1e314daa29ac73e</gx:fid>
				<LookAt>
					<longitude>-9.075026899999999</longitude>
					<latitude>39.60244550000001</latitude>
					<altitude>0</altitude>
					<heading>0</heading>
					<tilt>0</tilt>
					<gx:fovy>35</gx:fovy>
					<range>791.652581928147</range>
					<altitudeMode>relativeToGround</altitudeMode>
				</LookAt>
				<styleUrl>#__managed_style_4792A42E2A40DE0E8CD0</styleUrl>
				<Point>
					<altitudeMode>relativeToGround</altitudeMode>
					<coordinates>-9.075026899999999,39.6024455,0</coordinates>
				</Point>
			</Placemark>
			<Placemark id="09042B6B9E3ED0536ACF">
				<gx:mid>/g/11j83x8_ng</gx:mid>
				<gx:fid>0xd18a95a4fec98b7:0x45219ef95fd67d01</gx:fid>
				<LookAt>
					<longitude>-9.076466199999999</longitude>
					<latitude>39.5907971</latitude>
					<altitude>0</altitude>
					<heading>0</heading>
					<tilt>0</tilt>
					<gx:fovy>35</gx:fovy>
					<range>791.7983707399936</range>
					<altitudeMode>relativeToGround</altitudeMode>
				</LookAt>
				<styleUrl>#__managed_style_1842B1047040DE0E8CD0</styleUrl>
				<Point>
					<altitudeMode>relativeToGround</altitudeMode>
					<coordinates>-9.076466199999999,39.5907971,0</coordinates>
				</Point>
			</Placemark>
			<Placemark id="00D69064DD3ED0539F09">
				<gx:mid>/g/11txv25m_k</gx:mid>
				<gx:fid>0xd18a9a1f3315555:0xbd94f0c52474effd</gx:fid>
				<LookAt>
					<longitude>-9.0778654</longitude>
					<latitude>39.58979349999999</latitude>
					<altitude>0</altitude>
					<heading>0</heading>
					<tilt>0</tilt>
					<gx:fovy>35</gx:fovy>
					<range>791.8109300991565</range>
					<altitudeMode>relativeToGround</altitudeMode>
				</LookAt>
				<styleUrl>#__managed_style_1842B1047040DE0E8CD0</styleUrl>
				<Point>
					<altitudeMode>relativeToGround</altitudeMode>
					<coordinates>-9.0778654,39.5897935,0</coordinates>
				</Point>
			</Placemark>
			<Placemark id="0EAB461BF03ED0546F86">
				<gx:mid>/g/11c72p21lt</gx:mid>
				<gx:fid>0xd18a9ae276b3465:0x3c435483dadbcdd</gx:fid>
				<LookAt>
					<longitude>-9.064770500000002</longitude>
					<latitude>39.5960757</latitude>
					<altitude>0</altitude>
					<heading>0</heading>
					<tilt>0</tilt>
					<gx:fovy>35</gx:fovy>
					<range>791.7323088563259</range>
					<altitudeMode>relativeToGround</altitudeMode>
				</LookAt>
				<styleUrl>#__managed_style_1842B1047040DE0E8CD0</styleUrl>
				<Point>
					<altitudeMode>relativeToGround</altitudeMode>
					<coordinates>-9.0647705,39.5960757,0</coordinates>
				</Point>
			</Placemark>
			<Placemark id="0C0DDCE33E3ED06185E4">
				<gx:mid>/g/1228xdx5</gx:mid>
				<gx:fid>0xd18a99357c70749:0x4f95a372664a3caa</gx:fid>
				<LookAt>
					<longitude>-9.084882899999998</longitude>
					<latitude>39.6046121</latitude>
					<altitude>0</altitude>
					<heading>0</heading>
					<tilt>0</tilt>
					<gx:fovy>35</gx:fovy>
					<range>791.6254617563779</range>
					<altitudeMode>relativeToGround</altitudeMode>
				</LookAt>
				<styleUrl>#__managed_style_09B5FBA38B40DE0E8CCF</styleUrl>
				<Point>
					<altitudeMode>relativeToGround</altitudeMode>
					<coordinates>-9.0848829,39.6046121,0</coordinates>
				</Point>
			</Placemark>
			<Placemark id="0CC31B6F863ED061D9D0">
				<gx:mid>/g/11tj2gkrnk</gx:mid>
				<gx:fid>0xd18a90ca7fbf1c9:0x6ab9517afa909ef7</gx:fid>
				<LookAt>
					<longitude>-9.0853453</longitude>
					<latitude>39.6043276</latitude>
					<altitude>0</altitude>
					<heading>0</heading>
					<tilt>0</tilt>
					<gx:fovy>35</gx:fovy>
					<range>791.6290230154215</range>
					<altitudeMode>relativeToGround</altitudeMode>
				</LookAt>
				<styleUrl>#__managed_style_1842B1047040DE0E8CD0</styleUrl>
				<Point>
					<altitudeMode>relativeToGround</altitudeMode>
					<coordinates>-9.0853453,39.6043276,0</coordinates>
				</Point>
			</Placemark>
			<Placemark id="0B64473BCA3ED0622484">
				<gx:mid>/g/11n3c22yns</gx:mid>
				<gx:fid>0xd18a9006a8eff67:0xcb4c3c115e7e11a4</gx:fid>
				<LookAt>
					<longitude>-9.0834718</longitude>
					<latitude>39.60483110000001</latitude>
					<altitude>0</altitude>
					<heading>0</heading>
					<tilt>0</tilt>
					<gx:fovy>35</gx:fovy>
					<range>791.6227203877301</range>
					<altitudeMode>relativeToGround</altitudeMode>
				</LookAt>
				<styleUrl>#__managed_style_1842B1047040DE0E8CD0</styleUrl>
				<Point>
					<altitudeMode>relativeToGround</altitudeMode>
					<coordinates>-9.0834718,39.6048311,0</coordinates>
				</Point>
			</Placemark>
			<Placemark id="0C1C43EE753ED0626827">
				<gx:mid>/g/11sf2qmzn5</gx:mid>
				<gx:fid>0xd18a965bf4fa515:0xe0b420756b2fd9a8</gx:fid>
				<LookAt>
					<longitude>-9.0838641</longitude>
					<latitude>39.60507109999999</latitude>
					<altitude>0</altitude>
					<heading>0</heading>
					<tilt>0</tilt>
					<gx:fovy>35</gx:fovy>
					<range>791.6197161352999</range>
					<altitudeMode>relativeToGround</altitudeMode>
				</LookAt>
				<styleUrl>#__managed_style_1842B1047040DE0E8CD0</styleUrl>
				<Point>
					<altitudeMode>relativeToGround</altitudeMode>
					<coordinates>-9.0838641,39.6050711,0</coordinates>
				</Point>
			</Placemark>
			<Placemark id="0D99DB5C003ED062FC10">
				<gx:mid>/g/11gm8vfz72</gx:mid>
				<gx:fid>0xd18a9ac978827a3:0x833e6d8003be5125</gx:fid>
				<LookAt>
					<longitude>-9.083853999999999</longitude>
					<latitude>39.60644610000001</latitude>
					<altitude>0</altitude>
					<heading>0</heading>
					<tilt>0</tilt>
					<gx:fovy>35</gx:fovy>
					<range>791.6025040140678</range>
					<altitudeMode>relativeToGround</altitudeMode>
				</LookAt>
				<styleUrl>#__managed_style_09B5FBA38B40DE0E8CCF</styleUrl>
				<Point>
					<altitudeMode>relativeToGround</altitudeMode>
					<coordinates>-9.083853999999999,39.6064461,0</coordinates>
				</Point>
			</Placemark>
			<Placemark id="0D541A3C343ED0634D7C">
				<gx:mid>/g/11wncxbj2z</gx:mid>
				<gx:fid>0xd18a90001f9a5a1:0xf0e37df414aa52e7</gx:fid>
				<LookAt>
					<longitude>-9.084921999999999</longitude>
					<latitude>39.608112</latitude>
					<altitude>0</altitude>
					<heading>0</heading>
					<tilt>0</tilt>
					<gx:fovy>35</gx:fovy>
					<range>791.5816498445305</range>
					<altitudeMode>relativeToGround</altitudeMode>
				</LookAt>
				<styleUrl>#__managed_style_4792A42E2A40DE0E8CD0</styleUrl>
				<Point>
					<altitudeMode>relativeToGround</altitudeMode>
					<coordinates>-9.084921999999999,39.608112,0</coordinates>
				</Point>
			</Placemark>
			<Placemark id="078B4395A03ED063A738">
				<gx:mid>/g/1trpmgjp</gx:mid>
				<gx:fid>0xd18a9c83766379d:0x7d9daa45db5b1b5b</gx:fid>
				<LookAt>
					<longitude>-9.076480000000002</longitude>
					<latitude>39.60445360000001</latitude>
					<altitude>0</altitude>
					<heading>0</heading>
					<tilt>0</tilt>
					<gx:fovy>35</gx:fovy>
					<range>791.6274457993284</range>
					<altitudeMode>relativeToGround</altitudeMode>
				</LookAt>
				<styleUrl>#__managed_style_1842B1047040DE0E8CD0</styleUrl>
				<Point>
					<altitudeMode>relativeToGround</altitudeMode>
					<coordinates>-9.07648,39.6044536,0</coordinates>
				</Point>
			</Placemark>
			<Placemark id="0EEE192C1E3ED063F7E1">
				<gx:mid>/g/11j_z5wdwz</gx:mid>
				<gx:fid>0xd18a990a92c5437:0x462fe272dd46abdc</gx:fid>
				<LookAt>
					<longitude>-9.0761501</longitude>
					<latitude>39.6052212</latitude>
					<altitude>0</altitude>
					<heading>0</heading>
					<tilt>0</tilt>
					<gx:fovy>35</gx:fovy>
					<range>791.6178372189468</range>
					<altitudeMode>relativeToGround</altitudeMode>
				</LookAt>
				<styleUrl>#__managed_style_09B5FBA38B40DE0E8CCF</styleUrl>
				<Point>
					<altitudeMode>relativeToGround</altitudeMode>
					<coordinates>-9.0761501,39.6052212,0</coordinates>
				</Point>
			</Placemark>
			<Placemark id="0483602E313ED0646694">
				<gx:mid>/g/11tjprw5w4</gx:mid>
				<gx:fid>0xd18a958a1e6cf2f:0x291a3fb8251a8d2f</gx:fid>
				<LookAt>
					<longitude>-9.074459399999999</longitude>
					<latitude>39.604981</latitude>
					<altitude>0</altitude>
					<heading>0</heading>
					<tilt>0</tilt>
					<gx:fovy>35</gx:fovy>
					<range>791.6208439833044</range>
					<altitudeMode>relativeToGround</altitudeMode>
				</LookAt>
				<styleUrl>#__managed_style_1842B1047040DE0E8CD0</styleUrl>
				<Point>
					<altitudeMode>relativeToGround</altitudeMode>
					<coordinates>-9.0744594,39.604981,0</coordinates>
				</Point>
			</Placemark>
			<Placemark id="06E940C1C53ED064AD48">
				<gx:mid>/g/11mw5xmj22</gx:mid>
				<gx:fid>0xd18a9682193dd01:0x7bcbafa26b3143ee</gx:fid>
				<LookAt>
					<longitude>-9.0729924</longitude>
					<latitude>39.6046634</latitude>
					<altitude>0</altitude>
					<heading>0</heading>
					<tilt>0</tilt>
					<gx:fovy>35</gx:fovy>
					<range>791.6248196011614</range>
					<altitudeMode>relativeToGround</altitudeMode>
				</LookAt>
				<styleUrl>#__managed_style_1842B1047040DE0E8CD0</styleUrl>
				<Point>
					<altitudeMode>relativeToGround</altitudeMode>
					<coordinates>-9.0729924,39.6046634,0</coordinates>
				</Point>
			</Placemark>
			<Placemark id="05C5B6DD383ED064FCE0">
				<gx:mid>/g/11c6w0q5lr</gx:mid>
				<gx:fid>0xd18a9b93284c6ab:0x98b957c3ec7af3d3</gx:fid>
				<LookAt>
					<longitude>-9.0734897</longitude>
					<latitude>39.6028576</latitude>
					<altitude>0</altitude>
					<heading>0</heading>
					<tilt>0</tilt>
					<gx:fovy>35</gx:fovy>
					<range>791.6474235968785</range>
					<altitudeMode>relativeToGround</altitudeMode>
				</LookAt>
				<styleUrl>#__managed_style_33CE49620440DE0E8CD8</styleUrl>
				<Point>
					<altitudeMode>relativeToGround</altitudeMode>
					<coordinates>-9.0734897,39.6028576,0</coordinates>
				</Point>
			</Placemark>
			<Placemark id="03423733543ED06748C8">
				<name>טיילת</name>
				<LookAt>
					<longitude>-9.072041249305421</longitude>
					<latitude>39.58940161087783</latitude>
					<altitude>7.625143526427316</altitude>
					<heading>0</heading>
					<tilt>0</tilt>
					<gx:fovy>42.62413796325895</gx:fovy>
					<range>1027.858945726039</range>
					<altitudeMode>absolute</altitudeMode>
				</LookAt>
				<styleUrl>#__managed_style_246825998340DE0E8CD0</styleUrl>
				<LineString>
					<coordinates>
						-9.074370258317799,39.60280702518861,0 -9.074163651933318,39.60227028750369,0 -9.073928595292676,39.60146667064502,0 -9.073772645718662,39.60119295567146,0 -9.073313539411361,39.6006246506612,0 -9.073122864644784,39.60009477233066,0 -9.072876860339619,39.59931144577548,0 -9.072555592245141,39.59833338300964,0 -9.072465701907088,39.59805714903744,0 -9.072413931493241,39.597750178068,0 -9.072424146328169,39.59671508973011,0 -9.072457229400412,39.59566626814243,0 -9.072512432207816,39.59478399788749,0 -9.072639404077314,39.5937129080542,0 -9.072695427715834,39.59326224125409,0 -9.073150053583376,39.59221403054344,0 -9.073511460780235,39.59148747302063,0 -9.073957881221478,39.59036963731397,0 
					</coordinates>
				</LineString>
			</Placemark>
			<Placemark id="0935A68A7E3ED06B7C1B">
				<gx:mid>/g/11h10w93y2</gx:mid>
				<gx:fid>0xd1f45074ca62379:0x68cb8c0e09874b89</gx:fid>
				<LookAt>
					<longitude>-9.372111700000001</longitude>
					<latitude>39.3704714</latitude>
					<altitude>0</altitude>
					<heading>0</heading>
					<tilt>0</tilt>
					<gx:fovy>35</gx:fovy>
					<range>794.5499600958256</range>
					<altitudeMode>relativeToGround</altitudeMode>
				</LookAt>
				<styleUrl>#__managed_style_09B5FBA38B40DE0E8CCF</styleUrl>
				<Point>
					<altitudeMode>relativeToGround</altitudeMode>
					<coordinates>-9.3721117,39.3704714,0</coordinates>
				</Point>
			</Placemark>
			<Placemark id="0E839F1D8C3ED06BE9CC">
				<gx:mid>/g/11kjz82kjn</gx:mid>
				<gx:fid>0xd1f455349fbfb1d:0x8e19f0ce927745ed</gx:fid>
				<LookAt>
					<longitude>-9.3773246</longitude>
					<latitude>39.3735977</latitude>
					<altitude>0</altitude>
					<heading>0</heading>
					<tilt>0</tilt>
					<gx:fovy>35</gx:fovy>
					<range>794.5109958770978</range>
					<altitudeMode>relativeToGround</altitudeMode>
				</LookAt>
				<styleUrl>#__managed_style_09B5FBA38B40DE0E8CCF</styleUrl>
				<Point>
					<altitudeMode>relativeToGround</altitudeMode>
					<coordinates>-9.3773246,39.3735977,0</coordinates>
				</Point>
			</Placemark>
			<Placemark id="06BD6EF1903ED06D1590">
				<gx:mid>/g/11fy4x29pw</gx:mid>
				<gx:fid>0xd1f45d23ed3ee3f:0x3bd5ac0d2168b478</gx:fid>
				<LookAt>
					<longitude>-9.4073569</longitude>
					<latitude>39.3621517</latitude>
					<altitude>0</altitude>
					<heading>0</heading>
					<tilt>0</tilt>
					<gx:fovy>35</gx:fovy>
					<range>794.6536404114898</range>
					<altitudeMode>relativeToGround</altitudeMode>
				</LookAt>
				<styleUrl>#__managed_style_1842B1047040DE0E8CD0</styleUrl>
				<Point>
					<altitudeMode>relativeToGround</altitudeMode>
					<coordinates>-9.4073569,39.3621517,0</coordinates>
				</Point>
			</Placemark>
			<Placemark id="0051136B693ED06D5A38">
				<gx:mid>/g/11c5h30xpn</gx:mid>
				<gx:fid>0xd1f45ce122a13ad:0x4830a66d20a788a5</gx:fid>
				<LookAt>
					<longitude>-9.404409199999998</longitude>
					<latitude>39.3659069</latitude>
					<altitude>0</altitude>
					<heading>0</heading>
					<tilt>0</tilt>
					<gx:fovy>35</gx:fovy>
					<range>794.6068450184022</range>
					<altitudeMode>relativeToGround</altitudeMode>
				</LookAt>
				<styleUrl>#__managed_style_1842B1047040DE0E8CD0</styleUrl>
				<Point>
					<altitudeMode>relativeToGround</altitudeMode>
					<coordinates>-9.4044092,39.3659069,0</coordinates>
				</Point>
			</Placemark>
			<Placemark id="0663F8363F3ED06DA2D8">
				<gx:mid>/g/11g9r02k_2</gx:mid>
				<gx:fid>0xd1f45cf0036b01d:0xe3fbdcd48c3962f8</gx:fid>
				<LookAt>
					<longitude>-9.403323199999999</longitude>
					<latitude>39.3667769</latitude>
					<altitude>0</altitude>
					<heading>0</heading>
					<tilt>0</tilt>
					<gx:fovy>35</gx:fovy>
					<range>794.5960030498015</range>
					<altitudeMode>relativeToGround</altitudeMode>
				</LookAt>
				<styleUrl>#__managed_style_1842B1047040DE0E8CD0</styleUrl>
				<Point>
					<altitudeMode>relativeToGround</altitudeMode>
					<coordinates>-9.403323199999999,39.3667769,0</coordinates>
				</Point>
			</Placemark>
			<Placemark id="02D453BD7D3ED06E0A24">
				<gx:mid>/g/11qq22h5c6</gx:mid>
				<gx:fid>0xd1f4548dba8f087:0x25cb2a50b65cc097</gx:fid>
				<LookAt>
					<longitude>-9.4025202</longitude>
					<latitude>39.3568614</latitude>
					<altitude>0</altitude>
					<heading>0</heading>
					<tilt>0</tilt>
					<gx:fovy>35</gx:fovy>
					<range>794.7195598391912</range>
					<altitudeMode>relativeToGround</altitudeMode>
				</LookAt>
				<styleUrl>#__managed_style_1842B1047040DE0E8CD0</styleUrl>
				<Point>
					<altitudeMode>relativeToGround</altitudeMode>
					<coordinates>-9.4025202,39.3568614,0</coordinates>
				</Point>
			</Placemark>
			<Placemark id="0B99C7B8A73ED06E56DE">
				<gx:mid>/g/122sg39d</gx:mid>
				<gx:fid>0xd1f45d7742c7111:0x9c8167d3978104dd</gx:fid>
				<LookAt>
					<longitude>-9.400897499999999</longitude>
					<latitude>39.3560084</latitude>
					<altitude>0</altitude>
					<heading>0</heading>
					<tilt>0</tilt>
					<gx:fovy>35</gx:fovy>
					<range>794.7301879749783</range>
					<altitudeMode>relativeToGround</altitudeMode>
				</LookAt>
				<styleUrl>#__managed_style_1842B1047040DE0E8CD0</styleUrl>
				<Point>
					<altitudeMode>relativeToGround</altitudeMode>
					<coordinates>-9.400897499999999,39.3560084,0</coordinates>
				</Point>
			</Placemark>
			<Placemark id="0F83FB4AF43ED07020D7">
				<gx:mid>/g/11b72r0c5c</gx:mid>
				<gx:fid>0xd1f4f546f3f15f3:0xae12916236be36d2</gx:fid>
				<LookAt>
					<longitude>-9.3627287</longitude>
					<latitude>39.3603764</latitude>
					<altitude>0</altitude>
					<heading>0</heading>
					<tilt>0</tilt>
					<gx:fovy>35</gx:fovy>
					<range>794.6757621482836</range>
					<altitudeMode>relativeToGround</altitudeMode>
				</LookAt>
				<styleUrl>#__managed_style_4792A42E2A40DE0E8CD0</styleUrl>
				<Point>
					<altitudeMode>relativeToGround</altitudeMode>
					<coordinates>-9.3627287,39.3603764,0</coordinates>
				</Point>
			</Placemark>
			<Placemark id="0FF1F853763ED0738A47">
				<gx:mid>/g/11g6rjl4vq</gx:mid>
				<gx:fid>0xd171c6f248b6377:0xf8f7949810f2c887</gx:fid>
				<LookAt>
					<longitude>-7.1635291</longitude>
					<latitude>38.8804076</latitude>
					<altitude>0</altitude>
					<heading>0</heading>
					<tilt>0</tilt>
					<gx:fovy>35</gx:fovy>
					<range>800.6294077624555</range>
					<altitudeMode>relativeToGround</altitudeMode>
				</LookAt>
				<styleUrl>#__managed_style_09B5FBA38B40DE0E8CCF</styleUrl>
				<Point>
					<altitudeMode>relativeToGround</altitudeMode>
					<coordinates>-7.163529099999999,38.8804076,0</coordinates>
				</Point>
			</Placemark>
			<Placemark id="0169F758083ED073E2BB">
				<gx:mid>/m/0411hsd</gx:mid>
				<gx:fid>0xd171c65fb5fbdbd:0xaaee83da8d5382b2</gx:fid>
				<LookAt>
					<longitude>-7.1630191</longitude>
					<latitude>38.8834301</latitude>
					<altitude>0</altitude>
					<heading>0</heading>
					<tilt>0</tilt>
					<gx:fovy>35</gx:fovy>
					<range>800.5920860238587</range>
					<altitudeMode>relativeToGround</altitudeMode>
				</LookAt>
				<styleUrl>#__managed_style_09B5FBA38B40DE0E8CCF</styleUrl>
				<Point>
					<altitudeMode>relativeToGround</altitudeMode>
					<coordinates>-7.163019099999999,38.8834301,0</coordinates>
				</Point>
			</Placemark>
			<Placemark id="0DDD2637F23ED07402AC">
				<gx:mid>/g/11c71c0sz9</gx:mid>
				<gx:fid>0xd171c6996b7d12b:0xf97124849f2bbb1e</gx:fid>
				<LookAt>
					<longitude>-7.1595314</longitude>
					<latitude>38.8791037</latitude>
					<altitude>0</altitude>
					<heading>0</heading>
					<tilt>0</tilt>
					<gx:fovy>35</gx:fovy>
					<range>800.6455076121383</range>
					<altitudeMode>relativeToGround</altitudeMode>
				</LookAt>
				<styleUrl>#__managed_style_063D7E0BBD40DE0E8CCE</styleUrl>
				<Point>
					<altitudeMode>relativeToGround</altitudeMode>
					<coordinates>-7.1595314,38.8791037,0</coordinates>
				</Point>
			</Placemark>
			<Placemark id="0DC506AF893ED074D4CC">
				<name>נק תצפית</name>
				<LookAt>
					<longitude>-7.167786489710128</longitude>
					<latitude>38.8820584275303</latitude>
					<altitude>332.7219185464548</altitude>
					<heading>3.240850321092033e-09</heading>
					<tilt>0.1156647735934022</tilt>
					<gx:fovy>59.12245592854962</gx:fovy>
					<range>58.72170536274099</range>
					<altitudeMode>absolute</altitudeMode>
				</LookAt>
				<styleUrl>#__managed_style_38E5500E4640DE0E8CD4</styleUrl>
				<Point>
					<coordinates>-7.167762678488025,38.88209386666541,332.1776421098916</coordinates>
				</Point>
			</Placemark>
			<Placemark id="0BD819D3203ED0757960">
				<gx:mid>/g/11f6ng_9_y</gx:mid>
				<gx:fid>0xd171d95d45799e7:0xd0b7f7f6688f7f99</gx:fid>
				<LookAt>
					<longitude>-7.162783600000002</longitude>
					<latitude>38.8830907</latitude>
					<altitude>0</altitude>
					<heading>0</heading>
					<tilt>0</tilt>
					<gx:fovy>35</gx:fovy>
					<range>800.5962770326391</range>
					<altitudeMode>relativeToGround</altitudeMode>
				</LookAt>
				<styleUrl>#__managed_style_1842B1047040DE0E8CD0</styleUrl>
				<Point>
					<altitudeMode>relativeToGround</altitudeMode>
					<coordinates>-7.162783599999999,38.8830907,0</coordinates>
				</Point>
			</Placemark>
			<Placemark id="0D43B1B6563ED07CAE1F">
				<gx:mid>/g/11sjdbj2hf</gx:mid>
				<gx:fid>0xd1b4dcec0d1be0b:0x3a60848fec4b763c</gx:fid>
				<LookAt>
					<longitude>-8.9483166</longitude>
					<latitude>37.0024863</latitude>
					<altitude>0</altitude>
					<heading>0</heading>
					<tilt>0</tilt>
					<gx:fovy>35</gx:fovy>
					<range>823.3933067823923</range>
					<altitudeMode>relativeToGround</altitudeMode>
				</LookAt>
				<styleUrl>#__managed_style_1842B1047040DE0E8CD0</styleUrl>
				<Point>
					<altitudeMode>relativeToGround</altitudeMode>
					<coordinates>-8.9483166,37.0024863,0</coordinates>
				</Point>
			</Placemark>
			<Placemark id="0E358670573ED07CDD8B">
				<gx:mid>/g/121g6_w1</gx:mid>
				<gx:fid>0xd1b4c603fdb81a5:0x146154612cb3a3d4</gx:fid>
				<LookAt>
					<longitude>-8.9482365</longitude>
					<latitude>37.0006581</latitude>
					<altitude>0</altitude>
					<heading>0</heading>
					<tilt>0</tilt>
					<gx:fovy>35</gx:fovy>
					<range>823.4150487607086</range>
					<altitudeMode>relativeToGround</altitudeMode>
				</LookAt>
				<styleUrl>#__managed_style_09B5FBA38B40DE0E8CCF</styleUrl>
				<Point>
					<altitudeMode>relativeToGround</altitudeMode>
					<coordinates>-8.9482365,37.0006581,0</coordinates>
				</Point>
			</Placemark>
			<Placemark id="0D975E99FF3ED07D0DAF">
				<gx:mid>/g/11g7zw9zkf</gx:mid>
				<gx:fid>0xd1b4cf321e888ad:0x7a4fbb046c0ce03f</gx:fid>
				<LookAt>
					<longitude>-8.947132099999999</longitude>
					<latitude>36.9939155</latitude>
					<altitude>0</altitude>
					<heading>0</heading>
					<tilt>0</tilt>
					<gx:fovy>35</gx:fovy>
					<range>823.4952283849125</range>
					<altitudeMode>relativeToGround</altitudeMode>
				</LookAt>
				<styleUrl>#__managed_style_1842B1047040DE0E8CD0</styleUrl>
				<Point>
					<altitudeMode>relativeToGround</altitudeMode>
					<coordinates>-8.947132099999999,36.9939155,0</coordinates>
				</Point>
			</Placemark>
			<Placemark id="08B3C0A3133ED07D5679">
				<gx:mid>/g/11bttfyz5j</gx:mid>
				<gx:fid>0xd1b4de24fc0f09f:0x29b66f5819042e96</gx:fid>
				<LookAt>
					<longitude>-8.9479408</longitude>
					<latitude>37.0059303</latitude>
					<altitude>0</altitude>
					<heading>0</heading>
					<tilt>0</tilt>
					<gx:fovy>35</gx:fovy>
					<range>823.3523465587789</range>
					<altitudeMode>relativeToGround</altitudeMode>
				</LookAt>
				<styleUrl>#__managed_style_4792A42E2A40DE0E8CD0</styleUrl>
				<Point>
					<altitudeMode>relativeToGround</altitudeMode>
					<coordinates>-8.9479408,37.0059303,0</coordinates>
				</Point>
			</Placemark>
			<Placemark id="07F0A7E6E53ED07DB2D4">
				<gx:mid>/g/11cmcs4cql</gx:mid>
				<gx:fid>0xd1b4c876a6f3341:0x8a4758150a986ce</gx:fid>
				<LookAt>
					<longitude>-8.931342900000001</longitude>
					<latitude>37.0018869</latitude>
					<altitude>0</altitude>
					<heading>0</heading>
					<tilt>0</tilt>
					<gx:fovy>35</gx:fovy>
					<range>823.4004352740371</range>
					<altitudeMode>relativeToGround</altitudeMode>
				</LookAt>
				<styleUrl>#__managed_style_1842B1047040DE0E8CD0</styleUrl>
				<Point>
					<altitudeMode>relativeToGround</altitudeMode>
					<coordinates>-8.931236771167448,37.00239819466307,0</coordinates>
				</Point>
			</Placemark>
			<Placemark id="0C5CDB2D2E3ED07EF839">
				<gx:mid>/g/11km9phdbj</gx:mid>
				<gx:fid>0xd1b31ae9b714841:0x999200869d0a5c41</gx:fid>
				<LookAt>
					<longitude>-8.667285</longitude>
					<latitude>37.0842721</latitude>
					<altitude>0</altitude>
					<heading>0</heading>
					<tilt>0</tilt>
					<gx:fovy>35</gx:fovy>
					<range>822.4198185760091</range>
					<altitudeMode>relativeToGround</altitudeMode>
				</LookAt>
				<styleUrl>#__managed_style_4792A42E2A40DE0E8CD0</styleUrl>
				<Point>
					<altitudeMode>relativeToGround</altitudeMode>
					<coordinates>-8.667285,37.0842721,0</coordinates>
				</Point>
			</Placemark>
			<Placemark id="0EB38CC57E3ED07F1A09">
				<gx:mid>/g/1237w06c</gx:mid>
				<gx:fid>0xd1b3168f8ef5ed9:0x39438c504727664b</gx:fid>
				<LookAt>
					<longitude>-8.6689975</longitude>
					<latitude>37.0918888</latitude>
					<altitude>0</altitude>
					<heading>0</heading>
					<tilt>0</tilt>
					<gx:fovy>35</gx:fovy>
					<range>822.3290736054222</range>
					<altitudeMode>relativeToGround</altitudeMode>
				</LookAt>
				<styleUrl>#__managed_style_4792A42E2A40DE0E8CD0</styleUrl>
				<Point>
					<altitudeMode>relativeToGround</altitudeMode>
					<coordinates>-8.6689975,37.0918888,0</coordinates>
				</Point>
			</Placemark>
			<Placemark id="0DD51B30903ED07F4E5C">
				<gx:mid>/g/11b5k79m1j</gx:mid>
				<gx:fid>0xd1b31dbaf2b8ed5:0xfc3d613db9bd90bb</gx:fid>
				<LookAt>
					<longitude>-8.6681331</longitude>
					<latitude>37.0943776</latitude>
					<altitude>0</altitude>
					<heading>0</heading>
					<tilt>0</tilt>
					<gx:fovy>35</gx:fovy>
					<range>822.2994190647677</range>
					<altitudeMode>relativeToGround</altitudeMode>
				</LookAt>
				<styleUrl>#__managed_style_4792A42E2A40DE0E8CD0</styleUrl>
				<Point>
					<altitudeMode>relativeToGround</altitudeMode>
					<coordinates>-8.6681331,37.0943776,0</coordinates>
				</Point>
			</Placemark>
			<Placemark id="04D1D7FE873ED07FA594">
				<gx:mid>/g/11j97fxtbq</gx:mid>
				<gx:fid>0xd1b31da81a79aab:0x769cbac3d8f5a1b</gx:fid>
				<LookAt>
					<longitude>-8.668460999999999</longitude>
					<latitude>37.0980909</latitude>
					<altitude>0</altitude>
					<heading>0</heading>
					<tilt>0</tilt>
					<gx:fovy>35</gx:fovy>
					<range>822.2551715223943</range>
					<altitudeMode>relativeToGround</altitudeMode>
				</LookAt>
				<styleUrl>#__managed_style_1842B1047040DE0E8CD0</styleUrl>
				<Point>
					<altitudeMode>relativeToGround</altitudeMode>
					<coordinates>-8.668460999999999,37.0980909,0</coordinates>
				</Point>
			</Placemark>
			<Placemark id="02B824A2D13ED080204B">
				<gx:mid>/g/11bvt12_ly</gx:mid>
				<gx:fid>0xd1b31cf78898649:0x9945e40485e04e67</gx:fid>
				<LookAt>
					<longitude>-8.673837100000002</longitude>
					<latitude>37.09768940000001</latitude>
					<altitude>0</altitude>
					<heading>0</heading>
					<tilt>0</tilt>
					<gx:fovy>35</gx:fovy>
					<range>822.2599559453946</range>
					<altitudeMode>relativeToGround</altitudeMode>
				</LookAt>
				<styleUrl>#__managed_style_04D9D7348440DE0E8CD8</styleUrl>
				<Point>
					<altitudeMode>relativeToGround</altitudeMode>
					<coordinates>-8.6738371,37.0976894,0</coordinates>
				</Point>
			</Placemark>
			<Placemark id="0B7EBC99233ED0806054">
				<gx:mid>/m/0h68vgc</gx:mid>
				<gx:fid>0xd1b31c5579f55b1:0x45e52ac7364949e1</gx:fid>
				<LookAt>
					<longitude>-8.669866800000001</longitude>
					<latitude>37.0998113</latitude>
					<altitude>0</altitude>
					<heading>0</heading>
					<tilt>0</tilt>
					<gx:fovy>35</gx:fovy>
					<range>822.2346701468068</range>
					<altitudeMode>relativeToGround</altitudeMode>
				</LookAt>
				<styleUrl>#__managed_style_09B5FBA38B40DE0E8CCF</styleUrl>
				<Point>
					<altitudeMode>relativeToGround</altitudeMode>
					<coordinates>-8.669797599999999,37.0998617,0</coordinates>
				</Point>
			</Placemark>
			<Placemark id="01D75A7CCF3ED0C0EDDF">
				<gx:mid>/g/11bw447hl5</gx:mid>
				<gx:fid>0xd1b31cdd84a6091:0x4074eae1ce1d2197</gx:fid>
				<LookAt>
					<longitude>-8.672975099999999</longitude>
					<latitude>37.10273919999999</latitude>
					<altitude>0</altitude>
					<heading>0</heading>
					<tilt>0</tilt>
					<gx:fovy>35</gx:fovy>
					<range>822.1997777564095</range>
					<altitudeMode>relativeToGround</altitudeMode>
				</LookAt>
				<styleUrl>#__managed_style_09B5FBA38B40DE0E8CCF</styleUrl>
				<Point>
					<altitudeMode>relativeToGround</altitudeMode>
					<coordinates>-8.6730027,37.1027466,0</coordinates>
				</Point>
			</Placemark>
			<Placemark id="02301C43BE3ED0C17570">
				<gx:mid>/g/11kqgnjgfv</gx:mid>
				<gx:fid>0xd1b3125ea0e738b:0x90bdf6edaa187122</gx:fid>
				<LookAt>
					<longitude>-8.673630499999998</longitude>
					<latitude>37.10238279999999</latitude>
					<altitude>0</altitude>
					<heading>0</heading>
					<tilt>0</tilt>
					<gx:fovy>35</gx:fovy>
					<range>822.2040251621377</range>
					<altitudeMode>relativeToGround</altitudeMode>
				</LookAt>
				<styleUrl>#__managed_style_09B5FBA38B40DE0E8CCF</styleUrl>
				<Point>
					<altitudeMode>relativeToGround</altitudeMode>
					<coordinates>-8.6736305,37.1023828,0</coordinates>
				</Point>
			</Placemark>
			<Placemark id="00112A65B13ED0C21D9B">
				<gx:mid>/g/11h75zvrfc</gx:mid>
				<gx:fid>0xd1b310419451ef1:0xcd1dab7be82ed891</gx:fid>
				<LookAt>
					<longitude>-8.667051199999998</longitude>
					<latitude>37.0957827</latitude>
					<altitude>0</altitude>
					<heading>0</heading>
					<tilt>0</tilt>
					<gx:fovy>35</gx:fovy>
					<range>822.2826763467725</range>
					<altitudeMode>relativeToGround</altitudeMode>
				</LookAt>
				<styleUrl>#__managed_style_09B5FBA38B40DE0E8CCF</styleUrl>
				<Point>
					<altitudeMode>relativeToGround</altitudeMode>
					<coordinates>-8.666864553271072,37.09588304547837,0</coordinates>
				</Point>
			</Placemark>
			<Placemark id="0AE3E4C2893ED0C269F0">
				<gx:mid>/g/11whfzv253</gx:mid>
				<gx:fid>0xd1b310023c7e54d:0x23abf2c7a4779c6f</gx:fid>
				<LookAt>
					<longitude>-8.6675299</longitude>
					<latitude>37.0960945</latitude>
					<altitude>0</altitude>
					<heading>0</heading>
					<tilt>0</tilt>
					<gx:fovy>35</gx:fovy>
					<range>822.2789609725284</range>
					<altitudeMode>relativeToGround</altitudeMode>
				</LookAt>
				<styleUrl>#__managed_style_4792A42E2A40DE0E8CD0</styleUrl>
				<Point>
					<altitudeMode>relativeToGround</altitudeMode>
					<coordinates>-8.6675299,37.0960945,0</coordinates>
				</Point>
			</Placemark>
			<Placemark id="0844AD7C633ED0C3B909">
				<gx:mid>/g/11x2q1v26n</gx:mid>
				<gx:fid>0xd1ad7006b3f930d:0x1607161083121b1a</gx:fid>
				<LookAt>
					<longitude>-8.471276000000001</longitude>
					<latitude>37.096413</latitude>
					<altitude>0</altitude>
					<heading>0</heading>
					<tilt>0</tilt>
					<gx:fovy>35</gx:fovy>
					<range>822.2751657370384</range>
					<altitudeMode>relativeToGround</altitudeMode>
				</LookAt>
				<styleUrl>#__managed_style_4792A42E2A40DE0E8CD0</styleUrl>
				<Point>
					<altitudeMode>relativeToGround</altitudeMode>
					<coordinates>-8.471915078208447,37.0961955271039,0</coordinates>
				</Point>
			</Placemark>
			<Placemark id="08D93FA7CA3ED0C4056E">
				<gx:mid>/g/11c1nvqtd7</gx:mid>
				<gx:fid>0xd1ad619f9373825:0x743babaa22394456</gx:fid>
				<LookAt>
					<longitude>-8.4738194</longitude>
					<latitude>37.0958142</latitude>
					<altitude>0</altitude>
					<heading>0</heading>
					<tilt>0</tilt>
					<gx:fovy>35</gx:fovy>
					<range>822.2823009973541</range>
					<altitudeMode>relativeToGround</altitudeMode>
				</LookAt>
				<styleUrl>#__managed_style_1842B1047040DE0E8CD0</styleUrl>
				<Point>
					<altitudeMode>relativeToGround</altitudeMode>
					<coordinates>-8.4738194,37.0958142,0</coordinates>
				</Point>
			</Placemark>
			<Placemark id="061E26BF253ED0C44900">
				<gx:mid>/g/11l1zy_9g5</gx:mid>
				<gx:fid>0xd1ad77fc06ff3fb:0x900d338a670c2469</gx:fid>
				<LookAt>
					<longitude>-8.474831099999999</longitude>
					<latitude>37.0968626</latitude>
					<altitude>0</altitude>
					<heading>0</heading>
					<tilt>0</tilt>
					<gx:fovy>35</gx:fovy>
					<range>822.2698082756334</range>
					<altitudeMode>relativeToGround</altitudeMode>
				</LookAt>
				<styleUrl>#__managed_style_1842B1047040DE0E8CD0</styleUrl>
				<Point>
					<altitudeMode>relativeToGround</altitudeMode>
					<coordinates>-8.474831099999999,37.0968626,0</coordinates>
				</Point>
			</Placemark>
			<Placemark id="0E2033E4C13ED0C4B537">
				<gx:mid>/g/11h79qvv5v</gx:mid>
				<gx:fid>0xd1ad726f14ba3d1:0xe37466f64ec39c93</gx:fid>
				<LookAt>
					<longitude>-8.482039599999998</longitude>
					<latitude>37.0977662</latitude>
					<altitude>0</altitude>
					<heading>0</heading>
					<tilt>0</tilt>
					<gx:fovy>35</gx:fovy>
					<range>822.2590407711726</range>
					<altitudeMode>relativeToGround</altitudeMode>
				</LookAt>
				<styleUrl>#__managed_style_1842B1047040DE0E8CD0</styleUrl>
				<Point>
					<altitudeMode>relativeToGround</altitudeMode>
					<coordinates>-8.4820396,37.0977662,0</coordinates>
				</Point>
			</Placemark>
			<Placemark id="08339EF0003ED0C623FC">
				<gx:mid>/g/11c535d99g</gx:mid>
				<gx:fid>0xd1ad671dbf1f8b3:0x8befd3ba59166681</gx:fid>
				<LookAt>
					<longitude>-8.4711143</longitude>
					<latitude>37.0966981</latitude>
					<altitude>0</altitude>
					<heading>0</heading>
					<tilt>0</tilt>
					<gx:fovy>35</gx:fovy>
					<range>822.2717684735977</range>
					<altitudeMode>relativeToGround</altitudeMode>
				</LookAt>
				<styleUrl>#__managed_style_23DA9A690040DE0E8CD9</styleUrl>
				<Point>
					<altitudeMode>relativeToGround</altitudeMode>
					<coordinates>-8.4711143,37.0966981,0</coordinates>
				</Point>
			</Placemark>
			<Placemark id="002BDF78433ED0C6D838">
				<gx:mid>/g/11bw7ryls4</gx:mid>
				<gx:fid>0xd1ad619a1da999f:0xf84ec4abff97e127</gx:fid>
				<LookAt>
					<longitude>-8.475588999999999</longitude>
					<latitude>37.09704679999999</latitude>
					<altitude>0</altitude>
					<heading>0</heading>
					<tilt>0</tilt>
					<gx:fovy>35</gx:fovy>
					<range>4256.041595121811</range>
					<altitudeMode>relativeToGround</altitudeMode>
				</LookAt>
				<styleUrl>#__managed_style_4792A42E2A40DE0E8CD0</styleUrl>
				<Point>
					<altitudeMode>relativeToGround</altitudeMode>
					<coordinates>-8.475588999999999,37.0970473,0</coordinates>
				</Point>
			</Placemark>
			<Placemark id="0CB9E4FA363ED0C71B98">
				<gx:mid>/g/122n05_h</gx:mid>
				<gx:fid>0xd1ad612507dd861:0x95fcf0535742650e</gx:fid>
				<LookAt>
					<longitude>-8.465083999999999</longitude>
					<latitude>37.0926305</latitude>
					<altitude>0</altitude>
					<heading>0</heading>
					<tilt>0</tilt>
					<gx:fovy>35</gx:fovy>
					<range>822.320236264312</range>
					<altitudeMode>relativeToGround</altitudeMode>
				</LookAt>
				<styleUrl>#__managed_style_09B5FBA38B40DE0E8CCF</styleUrl>
				<Point>
					<altitudeMode>relativeToGround</altitudeMode>
					<coordinates>-8.465083999999999,37.0926305,0</coordinates>
				</Point>
			</Placemark>
			<Placemark id="056F49B93C3ED0C75D26">
				<gx:mid>/g/11cs0rwp6z</gx:mid>
				<gx:fid>0xd1ad61114b29c6d:0x30459c41d9105a33</gx:fid>
				<LookAt>
					<longitude>-8.468514300000001</longitude>
					<latitude>37.09406239999999</latitude>
					<altitude>0</altitude>
					<heading>0</heading>
					<tilt>0</tilt>
					<gx:fovy>35</gx:fovy>
					<range>822.3031748192564</range>
					<altitudeMode>relativeToGround</altitudeMode>
				</LookAt>
				<styleUrl>#__managed_style_0ACC5B696240DE0E8CE0</styleUrl>
				<Point>
					<altitudeMode>relativeToGround</altitudeMode>
					<coordinates>-8.468514299999999,37.0940624,0</coordinates>
				</Point>
			</Placemark>
			<Placemark id="0AB8CEEA423ED0C85490">
				<name>Carvoeiro Boardwalk</name>
				<LookAt>
					<longitude>-8.465569593470899</longitude>
					<latitude>37.09278718374114</latitude>
					<altitude>17.54608297247871</altitude>
					<heading>3.54012744831582e-09</heading>
					<tilt>0.2635848859053065</tilt>
					<gx:fovy>61.64871879040517</gx:fovy>
					<range>143.6011394557318</range>
					<altitudeMode>absolute</altitudeMode>
				</LookAt>
				<styleUrl>#__managed_style_0435F0FB1E40DE0E8CDE</styleUrl>
				<LineString>
					<coordinates>
						-8.469770575034747,37.0947423775007,0 -8.469819744775746,37.09461095667236,0 -8.469787053056605,37.09453953280475,0 -8.469596982421214,37.09437790540778,0 -8.469352566097593,37.09424993959269,0 -8.468958644459555,37.09430215810205,0 -8.468821847608808,37.0942175046718,0 -8.468637706347009,37.09412095764173,0 -8.468296961495804,37.09395515867816,0 -8.46814547498157,37.09384544070575,0 -8.467794216946853,37.0939868387694,0 -8.467603919312541,37.09384322128241,0 -8.467566550256782,37.09384169529029,0 -8.467477231664271,37.09374773317887,0 -8.467150982566732,37.09336882146494,0 -8.466947617215483,37.09329147228066,0 -8.466811742854931,37.09333796948173,0 -8.466662171625629,37.09327443822003,0 -8.466391247774435,37.09335302793963,0 -8.466351717277929,37.09345732008104,0 -8.465952712240139,37.09354313175235,0 -8.465591958087607,37.09333878087028,0 -8.465153999012202,37.0930682593463,0 -8.465406022330248,37.0930293360345,0 -8.465576090866911,37.09309656820307,0 -8.465838395187696,37.09279611608441,0 -8.465575853579791,37.0930969722678,0 -8.465404710821087,37.09302924642925,0 -8.465264394532069,37.09295232111717,0 -8.465317887407927,37.09290712650382,0 -8.46523457569284,37.09291231321329,0 -8.46524952130323,37.09284277722625,0 -8.465153175444298,37.09287174529097,0 
					</coordinates>
				</LineString>
			</Placemark>
			<Placemark id="06F04B6D023ED0C9220B">
				<gx:mid>/g/11hz6tp4rr</gx:mid>
				<gx:fid>0xd1ad78a95650985:0x54e7f065b6c5564</gx:fid>
				<LookAt>
					<longitude>-8.4366585</longitude>
					<latitude>37.08572709999999</latitude>
					<altitude>0</altitude>
					<heading>0</heading>
					<tilt>0</tilt>
					<gx:fovy>35</gx:fovy>
					<range>822.4024848883516</range>
					<altitudeMode>relativeToGround</altitudeMode>
				</LookAt>
				<styleUrl>#__managed_style_1842B1047040DE0E8CD0</styleUrl>
				<Point>
					<altitudeMode>relativeToGround</altitudeMode>
					<coordinates>-8.4366585,37.0857271,0</coordinates>
				</Point>
			</Placemark>
			<Placemark id="01D08DC76B3ED0C97D8B">
				<gx:mid>/g/121zvg6x</gx:mid>
				<gx:fid>0xd1ad6830b6b4403:0x2f8f27418c36ef55</gx:fid>
				<LookAt>
					<longitude>-8.43187</longitude>
					<latitude>37.08664950000001</latitude>
					<altitude>0</altitude>
					<heading>0</heading>
					<tilt>0</tilt>
					<gx:fovy>35</gx:fovy>
					<range>4256.802502412849</range>
					<altitudeMode>relativeToGround</altitudeMode>
				</LookAt>
				<styleUrl>#__managed_style_4792A42E2A40DE0E8CD0</styleUrl>
				<Point>
					<altitudeMode>relativeToGround</altitudeMode>
					<coordinates>-8.43187,37.08665,0</coordinates>
				</Point>
			</Placemark>
			<Placemark id="0A66C1275F3ED0C9D148">
				<gx:mid>/g/11b6v5ml6v</gx:mid>
				<gx:fid>0xd1ad69c7d48aefb:0x7596818ce920a376</gx:fid>
				<LookAt>
					<longitude>-8.4237597</longitude>
					<latitude>37.08725099999999</latitude>
					<altitude>0</altitude>
					<heading>0</heading>
					<tilt>0</tilt>
					<gx:fovy>35</gx:fovy>
					<range>822.3843298214207</range>
					<altitudeMode>relativeToGround</altitudeMode>
				</LookAt>
				<styleUrl>#__managed_style_1955EF0D6C40DE0E8CD4</styleUrl>
				<Point>
					<altitudeMode>relativeToGround</altitudeMode>
					<coordinates>-8.4237597,37.08725099999999,0</coordinates>
				</Point>
			</Placemark>
			<Placemark id="0629A00D893ED0CA4690">
				<gx:mid>/g/11fjvpthnj</gx:mid>
				<gx:fid>0xd1ad7efff8404d7:0x48e70e6375c33e06</gx:fid>
				<LookAt>
					<longitude>-8.4158294</longitude>
					<latitude>37.08843</latitude>
					<altitude>0</altitude>
					<heading>0</heading>
					<tilt>0</tilt>
					<gx:fovy>35</gx:fovy>
					<range>822.3702833461477</range>
					<altitudeMode>relativeToGround</altitudeMode>
				</LookAt>
				<styleUrl>#__managed_style_1842B1047040DE0E8CD0</styleUrl>
				<Point>
					<altitudeMode>relativeToGround</altitudeMode>
					<coordinates>-8.4158294,37.08843,0</coordinates>
				</Point>
			</Placemark>
			<Placemark id="0B1C61C3273ED0CA8DCE">
				<gx:mid>/m/02vv99r</gx:mid>
				<gx:fid>0xd1ad6a403e9e34b:0x5cf4506ec0b72698</gx:fid>
				<LookAt>
					<longitude>-8.412947850000002</longitude>
					<latitude>37.08971845000001</latitude>
					<altitude>0</altitude>
					<heading>0</heading>
					<tilt>0</tilt>
					<gx:fovy>35</gx:fovy>
					<range>391.0283372748124</range>
					<altitudeMode>relativeToGround</altitudeMode>
				</LookAt>
				<styleUrl>#__managed_style_4792A42E2A40DE0E8CD0</styleUrl>
				<Point>
					<altitudeMode>relativeToGround</altitudeMode>
					<coordinates>-8.413116499999999,37.0896981,0</coordinates>
				</Point>
			</Placemark>
			<Placemark id="0EB1030C923ED0CAD494">
				<gx:mid>/g/11tx1jrjzh</gx:mid>
				<gx:fid>0xd1ad7a4938fdaed:0x6b8ec05672cf0455</gx:fid>
				<LookAt>
					<longitude>-8.4124835</longitude>
					<latitude>37.0900076</latitude>
					<altitude>0</altitude>
					<heading>0</heading>
					<tilt>0</tilt>
					<gx:fovy>35</gx:fovy>
					<range>822.3514874576002</range>
					<altitudeMode>relativeToGround</altitudeMode>
				</LookAt>
				<styleUrl>#__managed_style_1842B1047040DE0E8CD0</styleUrl>
				<Point>
					<altitudeMode>relativeToGround</altitudeMode>
					<coordinates>-8.4124835,37.0900076,0</coordinates>
				</Point>
			</Placemark>
			<Placemark id="0322D1A2003ED0CBF12B">
				<gx:mid>/g/11b7lnb_zl</gx:mid>
				<gx:fid>0xd1acc302b6235ab:0xf252fefcebe7f775</gx:fid>
				<LookAt>
					<longitude>-8.256739399999999</longitude>
					<latitude>37.0841349</latitude>
					<altitude>0</altitude>
					<heading>0</heading>
					<tilt>0</tilt>
					<gx:fovy>35</gx:fovy>
					<range>822.421453038339</range>
					<altitudeMode>relativeToGround</altitudeMode>
				</LookAt>
				<styleUrl>#__managed_style_1842B1047040DE0E8CD0</styleUrl>
				<Point>
					<altitudeMode>relativeToGround</altitudeMode>
					<coordinates>-8.256739399999999,37.0841349,0</coordinates>
				</Point>
			</Placemark>
			<Placemark id="0526094A7E3ED0CC9ADB">
				<gx:mid>/m/0k62zs7</gx:mid>
				<gx:fid>0xd1acc256f2442f9:0x1331c3ffaaa59a35</gx:fid>
				<LookAt>
					<longitude>-8.253289500000001</longitude>
					<latitude>37.08641995</latitude>
					<altitude>0</altitude>
					<heading>0</heading>
					<tilt>0</tilt>
					<gx:fovy>35</gx:fovy>
					<range>4256.819300094799</range>
					<altitudeMode>relativeToGround</altitudeMode>
				</LookAt>
				<styleUrl>#__managed_style_4792A42E2A40DE0E8CD0</styleUrl>
				<Point>
					<altitudeMode>relativeToGround</altitudeMode>
					<coordinates>-8.253289499999999,37.0864205,0</coordinates>
				</Point>
			</Placemark>
			<Placemark id="0BF905610E3ED0CCD818">
				<gx:mid>/g/11h75jn50g</gx:mid>
				<gx:fid>0xd1acd50b49396c9:0x8d98cbe7b7ffdc68</gx:fid>
				<LookAt>
					<longitude>-8.252651500000001</longitude>
					<latitude>37.0883099</latitude>
					<altitude>0</altitude>
					<heading>0</heading>
					<tilt>0</tilt>
					<gx:fovy>35</gx:fovy>
					<range>822.3717142199371</range>
					<altitudeMode>relativeToGround</altitudeMode>
				</LookAt>
				<styleUrl>#__managed_style_09B5FBA38B40DE0E8CCF</styleUrl>
				<Point>
					<altitudeMode>relativeToGround</altitudeMode>
					<coordinates>-8.252651499999999,37.0883099,0</coordinates>
				</Point>
			</Placemark>
			<Placemark id="0F431DA7303ED0CD62A0">
				<gx:mid>/g/11b5wcj71l</gx:mid>
				<gx:fid>0xd1acc236362ded7:0xb9585987c78ee249</gx:fid>
				<LookAt>
					<longitude>-8.248165499999999</longitude>
					<latitude>37.0868796</latitude>
					<altitude>0</altitude>
					<heading>0</heading>
					<tilt>0</tilt>
					<gx:fovy>35</gx:fovy>
					<range>822.3887545687255</range>
					<altitudeMode>relativeToGround</altitudeMode>
				</LookAt>
				<styleUrl>#__managed_style_1842B1047040DE0E8CD0</styleUrl>
				<Point>
					<altitudeMode>relativeToGround</altitudeMode>
					<coordinates>-8.2482284,37.0869567,0</coordinates>
				</Point>
			</Placemark>
			<Placemark id="051D8833923ED0CE3CFF">
				<name>רחוב מרכזי</name>
				<LookAt>
					<longitude>-8.253282460474031</longitude>
					<latitude>37.08800909290743</latitude>
					<altitude>10.95188744595104</altitude>
					<heading>340.9118099684887</heading>
					<tilt>0</tilt>
					<gx:fovy>35</gx:fovy>
					<range>668.4383961854475</range>
					<altitudeMode>absolute</altitudeMode>
				</LookAt>
				<styleUrl>#__managed_style_246825998340DE0E8CD0</styleUrl>
				<LineString>
					<coordinates>
						-8.252935701599846,37.08714531145409,0 -8.253164177680532,37.08765481230343,0 -8.253460122580577,37.08822460001874,0 -8.253527724870823,37.08829642360747,0 
					</coordinates>
				</LineString>
			</Placemark>
			<Placemark id="0656E6ACDB3ED0CF69FF">
				<name>רחוב ברים</name>
				<LookAt>
					<longitude>-8.251192985812509</longitude>
					<latitude>37.08855177802976</latitude>
					<altitude>5.279630613580666</altitude>
					<heading>0</heading>
					<tilt>0</tilt>
					<gx:fovy>35</gx:fovy>
					<range>238.9355772175259</range>
					<altitudeMode>absolute</altitudeMode>
				</LookAt>
				<styleUrl>#__managed_style_10C2AAF9D240DE0E8CDF</styleUrl>
				<LineString>
					<coordinates>
						-8.250486844637845,37.0878909368698,0 -8.251252203554976,37.08835507400073,0 -8.25186012848855,37.08869869899783,0 -8.252136728343041,37.08870177057907,0 
					</coordinates>
				</LineString>
			</Placemark>
			<Placemark id="035DB1FFB53ED0CFA20E">
				<name>רחוב ברים</name>
				<LookAt>
					<longitude>-8.251192985805902</longitude>
					<latitude>37.08855177803617</latitude>
					<altitude>5.244864828498416</altitude>
					<heading>0</heading>
					<tilt>0</tilt>
					<gx:fovy>35</gx:fovy>
					<range>238.9703436165655</range>
					<altitudeMode>absolute</altitudeMode>
				</LookAt>
				<styleUrl>#__managed_style_155D79E4F940DE0E8CDE</styleUrl>
				<Point>
					<coordinates>-8.251345105063763,37.08838688340579,4.737870714858492</coordinates>
				</Point>
			</Placemark>
			<Placemark id="08B0FC14C43ED0D17B40">
				<gx:mid>/g/11bwflt_6y</gx:mid>
				<gx:fid>0xd1acc25797a37b9:0x79c817a260133f7b</gx:fid>
				<LookAt>
					<longitude>-8.2536013</longitude>
					<latitude>37.0869891</latitude>
					<altitude>0</altitude>
					<heading>0</heading>
					<tilt>0</tilt>
					<gx:fovy>35</gx:fovy>
					<range>822.3874500223753</range>
					<altitudeMode>relativeToGround</altitudeMode>
				</LookAt>
				<styleUrl>#__managed_style_4922F858E640DE0E8CD4</styleUrl>
				<Point>
					<altitudeMode>relativeToGround</altitudeMode>
					<coordinates>-8.2536013,37.0869891,0</coordinates>
				</Point>
			</Placemark>
			<Placemark id="035667FF353ED0D24009">
				<gx:mid>/m/0134cl__</gx:mid>
				<gx:fid>0xd1acc10cc26becb:0x2c2d1fe28e10be83</gx:fid>
				<LookAt>
					<longitude>-8.238235699999999</longitude>
					<latitude>37.08414130000001</latitude>
					<altitude>0</altitude>
					<heading>0</heading>
					<tilt>0</tilt>
					<gx:fovy>35</gx:fovy>
					<range>822.4213767953014</range>
					<altitudeMode>relativeToGround</altitudeMode>
				</LookAt>
				<styleUrl>#__managed_style_4792A42E2A40DE0E8CD0</styleUrl>
				<Point>
					<altitudeMode>relativeToGround</altitudeMode>
					<coordinates>-8.238235699999999,37.0841413,0</coordinates>
				</Point>
			</Placemark>
			<Placemark id="02E57E38403ED0D5EF66">
				<gx:mid>/g/11j_tmnjs7</gx:mid>
				<gx:fid>0xd1ab5429cba0f61:0xb643a46679264fdf</gx:fid>
				<LookAt>
					<longitude>-8.1048467</longitude>
					<latitude>37.0675533</latitude>
					<altitude>0</altitude>
					<heading>0</heading>
					<tilt>0</tilt>
					<gx:fovy>35</gx:fovy>
					<range>822.6189552412308</range>
					<altitudeMode>relativeToGround</altitudeMode>
				</LookAt>
				<styleUrl>#__managed_style_4792A42E2A40DE0E8CD0</styleUrl>
				<Point>
					<altitudeMode>relativeToGround</altitudeMode>
					<coordinates>-8.1048467,37.0675533,0</coordinates>
				</Point>
			</Placemark>
			<Placemark id="03BC3384B73ED0D67AAF">
				<name>טיילת</name>
				<LookAt>
					<longitude>-8.103674047249003</longitude>
					<latitude>37.06749299159193</latitude>
					<altitude>5.664733013546178</altitude>
					<heading>1.160952533919963e-08</heading>
					<tilt>0.1211048013992733</tilt>
					<gx:fovy>53.18804240356022</gx:fovy>
					<range>785.2405638582425</range>
					<altitudeMode>absolute</altitudeMode>
				</LookAt>
				<styleUrl>#__managed_style_246825998340DE0E8CD0</styleUrl>
				<LineString>
					<coordinates>
						-8.090949457845726,37.06245175081631,0 -8.092683542995619,37.06327616913397,0 -8.095502408665254,37.06439134278288,0 -8.098368896716519,37.0654311192303,0 -8.099754402122612,37.06597643923819,0 -8.100885003570365,37.06638233269119,0 
					</coordinates>
				</LineString>
			</Placemark>
			<Placemark id="06E8A77CF23ED0D7D404">
				<name>Marina de Vilamoura - מרינה מרובת מסעדות וברים</name>
				<LookAt>
					<longitude>-8.119972114827029</longitude>
					<latitude>37.07863394649348</latitude>
					<altitude>0.4822189461852222</altitude>
					<heading>7.506296127416021e-10</heading>
					<tilt>0.3525688437208155</tilt>
					<gx:fovy>62.20203155083023</gx:fovy>
					<range>485.2973499803193</range>
					<altitudeMode>absolute</altitudeMode>
				</LookAt>
				<styleUrl>#__managed_style_246825998340DE0E8CD0</styleUrl>
				<LineString>
					<coordinates>
						-8.119422935046307,37.07475557268796,0 -8.119202288981647,37.0761451456443,0 -8.118487628103601,37.07689758881423,0 -8.117651992480424,37.07757712405331,0 -8.117833232324177,37.07787166779277,0 -8.118069517848102,37.07803310419943,0 -8.119728986768752,37.07929646868078,0 -8.120026254409394,37.07931282454788,0 -8.120758603896389,37.07865971253064,0 -8.12128512869567,37.07864990496615,0 -8.121410725477883,37.07882587332047,0 -8.121886527148497,37.07885601059061,0 -8.122044860078583,37.07753318416811,0 
					</coordinates>
				</LineString>
			</Placemark>
			<Placemark id="001396F3AB3ED0D7F894">
				<gx:mid>/g/119wmzkz_</gx:mid>
				<gx:fid>0xd1ab5919ae8954f:0xe5bba8d3faae6c95</gx:fid>
				<LookAt>
					<longitude>-8.1220309</longitude>
					<latitude>37.0775437</latitude>
					<altitude>0</altitude>
					<heading>0</heading>
					<tilt>0</tilt>
					<gx:fovy>35</gx:fovy>
					<range>822.4999684651769</range>
					<altitudeMode>relativeToGround</altitudeMode>
				</LookAt>
				<styleUrl>#__managed_style_09B5FBA38B40DE0E8CCF</styleUrl>
				<Point>
					<altitudeMode>relativeToGround</altitudeMode>
					<coordinates>-8.120177617434319,37.07848789357194,0</coordinates>
				</Point>
			</Placemark>
			<Placemark id="0ACB1533CA3ED102A7E0">
				<gx:mid>/g/1ym82vcgw</gx:mid>
				<gx:fid>0xd0552c05b12d0a1:0xb7b8ebd0c51b5d52</gx:fid>
				<LookAt>
					<longitude>-7.936065600000001</longitude>
					<latitude>37.01325680000001</latitude>
					<altitude>0</altitude>
					<heading>0</heading>
					<tilt>0</tilt>
					<gx:fovy>35</gx:fovy>
					<range>823.2652011747683</range>
					<altitudeMode>relativeToGround</altitudeMode>
				</LookAt>
				<styleUrl>#__managed_style_063D7E0BBD40DE0E8CCE</styleUrl>
				<Point>
					<altitudeMode>relativeToGround</altitudeMode>
					<coordinates>-7.9360656,37.0132568,0</coordinates>
				</Point>
			</Placemark>
			<Placemark id="09F754008D3ED105159C">
				<name>רחוב מרכזי</name>
				<LookAt>
					<longitude>-7.932391580373473</longitude>
					<latitude>37.01676444374399</latitude>
					<altitude>14.62784618681246</altitude>
					<heading>0</heading>
					<tilt>0</tilt>
					<gx:fovy>54.05444903334708</gx:fovy>
					<range>417.134765219962</range>
					<altitudeMode>absolute</altitudeMode>
				</LookAt>
				<styleUrl>#__managed_style_246825998340DE0E8CD0</styleUrl>
				<LineString>
					<coordinates>
						-7.931661485414622,37.01641312636586,0 -7.933553951242449,37.01604187230947,0 -7.933845868092082,37.01613913179739,0 -7.934202943469718,37.01612857869804,0 -7.934750780239936,37.01601089666809,0 -7.934968123636377,37.01627650750056,0 -7.934767461029476,37.01635529334901,0 -7.934115080867055,37.01649428560689,0 -7.93401015246248,37.0167788754021,0 -7.933881530036919,37.01689524580249,0 -7.933826391347814,37.01710332282777,0 -7.933006681223227,37.0172710574555,0 -7.93287403677658,37.01715486290877,0 -7.932349011069161,37.0168203737857,0 -7.931697224282158,37.01645416896872,0 
					</coordinates>
				</LineString>
			</Placemark>
			<Placemark id="0DFBE1B3C03ED105AB96">
				<gx:mid>/g/119wf3mrt</gx:mid>
				<gx:fid>0xd0552c0d3f94abd:0xfad309125450a006</gx:fid>
				<LookAt>
					<longitude>-7.9349182</longitude>
					<latitude>37.0156567</latitude>
					<altitude>0</altitude>
					<heading>0</heading>
					<tilt>0</tilt>
					<gx:fovy>35</gx:fovy>
					<range>823.2366525684535</range>
					<altitudeMode>relativeToGround</altitudeMode>
				</LookAt>
				<styleUrl>#__managed_style_09B5FBA38B40DE0E8CCF</styleUrl>
				<Point>
					<altitudeMode>relativeToGround</altitudeMode>
					<coordinates>-7.934918199999999,37.0156567,0</coordinates>
				</Point>
			</Placemark>
			<Placemark id="0F3BA610703ED105EF18">
				<name>מדרחוב מסעדות</name>
				<LookAt>
					<longitude>-7.9366450561208</longitude>
					<latitude>37.01751446406573</latitude>
					<altitude>11.40889547902329</altitude>
					<heading>0</heading>
					<tilt>0</tilt>
					<gx:fovy>54.05444903334708</gx:fovy>
					<range>256.3955409464324</range>
					<altitudeMode>absolute</altitudeMode>
				</LookAt>
				<styleUrl>#__managed_style_246825998340DE0E8CD0</styleUrl>
				<LineString>
					<coordinates>
						-7.935219134679487,37.01659621884217,0 -7.936137196734935,37.01745682478874,0 -7.936588849130748,37.01795275554946,0 
					</coordinates>
				</LineString>
			</Placemark>
			<Placemark id="063F2774263ED1060933">
				<name>מדרחוב מסעדות</name>
				<LookAt>
					<longitude>-7.9366450561208</longitude>
					<latitude>37.01751446406573</latitude>
					<altitude>11.40889547902329</altitude>
					<heading>0</heading>
					<tilt>0</tilt>
					<gx:fovy>54.05444903334708</gx:fovy>
					<range>256.3955409464324</range>
					<altitudeMode>absolute</altitudeMode>
				</LookAt>
				<styleUrl>#__managed_style_26596D72BD40DE0E8CD3</styleUrl>
				<Point>
					<coordinates>-7.936014211426317,37.0173121404297,3.062076084552374</coordinates>
				</Point>
			</Placemark>
			<Placemark id="024F62EECF3ED10C6124">
				<gx:mid>/g/11h92y8tvs</gx:mid>
				<gx:fid>0xd1023470bb4d869:0x3d07d4eab4f880c2</gx:fid>
				<LookAt>
					<longitude>-7.416424900000002</longitude>
					<latitude>37.19446629999999</latitude>
					<altitude>0</altitude>
					<heading>0</heading>
					<tilt>0</tilt>
					<gx:fovy>35</gx:fovy>
					<range>821.1055757118576</range>
					<altitudeMode>relativeToGround</altitudeMode>
				</LookAt>
				<styleUrl>#__managed_style_09B5FBA38B40DE0E8CCF</styleUrl>
				<Point>
					<altitudeMode>relativeToGround</altitudeMode>
					<coordinates>-7.4164249,37.19446629999999,0</coordinates>
				</Point>
			</Placemark>
			<Placemark id="00EFAB1BA63ED10C82F0">
				<gx:mid>/g/121hg6dg</gx:mid>
				<gx:fid>0xd1022f546cc3311:0x921c47131839942d</gx:fid>
				<LookAt>
					<longitude>-7.415509200000002</longitude>
					<latitude>37.19456479999999</latitude>
					<altitude>0</altitude>
					<heading>0</heading>
					<tilt>0</tilt>
					<gx:fovy>35</gx:fovy>
					<range>821.104399601547</range>
					<altitudeMode>relativeToGround</altitudeMode>
				</LookAt>
				<styleUrl>#__managed_style_09B5FBA38B40DE0E8CCF</styleUrl>
				<Point>
					<altitudeMode>relativeToGround</altitudeMode>
					<coordinates>-7.4155092,37.19456479999999,0</coordinates>
				</Point>
			</Placemark>
			<Placemark id="074BCBA5B13ED10E6FA9">
				<gx:mid>/g/120pnqbk</gx:mid>
				<gx:fid>0xd10180b8fd14b2b:0xaebdddca51b04e51</gx:fid>
				<LookAt>
					<longitude>-7.444217800000001</longitude>
					<latitude>37.2161926</latitude>
					<altitude>0</altitude>
					<heading>0</heading>
					<tilt>0</tilt>
					<gx:fovy>35</gx:fovy>
					<range>820.846101327381</range>
					<altitudeMode>relativeToGround</altitudeMode>
				</LookAt>
				<styleUrl>#__managed_style_09B5FBA38B40DE0E8CCF</styleUrl>
				<Point>
					<altitudeMode>relativeToGround</altitudeMode>
					<coordinates>-7.444217800000001,37.2161926,0</coordinates>
				</Point>
			</Placemark>
			<Placemark id="04C4DA639C3ED1597173">
				<gx:mid>/m/0dddfcm</gx:mid>
				<gx:fid>0xb467f04302df7ab:0x4a1892ea5922089b</gx:fid>
				<LookAt>
					<longitude>-27.2116417</longitude>
					<latitude>38.6518553</latitude>
					<altitude>0</altitude>
					<heading>0</heading>
					<tilt>0</tilt>
					<gx:fovy>35</gx:fovy>
					<range>803.4452850295734</range>
					<altitudeMode>relativeToGround</altitudeMode>
				</LookAt>
				<styleUrl>#__managed_style_09B5FBA38B40DE0E8CCF</styleUrl>
				<Point>
					<altitudeMode>relativeToGround</altitudeMode>
					<coordinates>-27.2116417,38.6518553,0</coordinates>
				</Point>
			</Placemark>
			<Placemark id="009E8C941B3ED159C4D6">
				<gx:mid>/g/1230jyxb</gx:mid>
				<gx:fid>0xb467f1dda0971d7:0xee997b635b4071fb</gx:fid>
				<LookAt>
					<longitude>-27.2184982</longitude>
					<latitude>38.65876009999999</latitude>
					<altitude>0</altitude>
					<heading>0</heading>
					<tilt>0</tilt>
					<gx:fovy>35</gx:fovy>
					<range>803.3603963909891</range>
					<altitudeMode>relativeToGround</altitudeMode>
				</LookAt>
				<styleUrl>#__managed_style_09B5FBA38B40DE0E8CCF</styleUrl>
				<Point>
					<altitudeMode>relativeToGround</altitudeMode>
					<coordinates>-27.2184982,38.65876009999999,0</coordinates>
				</Point>
			</Placemark>
			<Placemark id="07585195623ED15A58B3">
				<gx:mid>/g/11g8vp_04c</gx:mid>
				<gx:fid>0xb467f02d208db29:0x6ae44a1887373dc6</gx:fid>
				<LookAt>
					<longitude>-27.2183527</longitude>
					<latitude>38.6538942</latitude>
					<altitude>0</altitude>
					<heading>0</heading>
					<tilt>0</tilt>
					<gx:fovy>35</gx:fovy>
					<range>803.4202196709758</range>
					<altitudeMode>relativeToGround</altitudeMode>
				</LookAt>
				<styleUrl>#__managed_style_09B5FBA38B40DE0E8CCF</styleUrl>
				<Point>
					<altitudeMode>relativeToGround</altitudeMode>
					<coordinates>-27.2183527,38.6538942,0</coordinates>
				</Point>
			</Placemark>
			<Placemark id="0F07CE22953ED15B2AD0">
				<gx:mid>/g/11s5lr1fbg</gx:mid>
				<gx:fid>0xb467fc4ab9d8f9d:0x1268d6925f08f9ae</gx:fid>
				<LookAt>
					<longitude>-27.2200954</longitude>
					<latitude>38.6538266</latitude>
					<altitude>0</altitude>
					<heading>0</heading>
					<tilt>0</tilt>
					<gx:fovy>35</gx:fovy>
					<range>803.4210507321345</range>
					<altitudeMode>relativeToGround</altitudeMode>
				</LookAt>
				<styleUrl>#__managed_style_4792A42E2A40DE0E8CD0</styleUrl>
				<Point>
					<altitudeMode>relativeToGround</altitudeMode>
					<coordinates>-27.22009539999999,38.6538266,0</coordinates>
				</Point>
			</Placemark>
			<Placemark id="0F809876EC3ED15BD351">
				<gx:mid>/m/0ddcm74</gx:mid>
				<gx:fid>0xb467efccd686861:0xfab1c1e1cae5b77a</gx:fid>
				<LookAt>
					<longitude>-27.2235595</longitude>
					<latitude>38.6513567</latitude>
					<altitude>0</altitude>
					<heading>0</heading>
					<tilt>0</tilt>
					<gx:fovy>35</gx:fovy>
					<range>803.4514144525979</range>
					<altitudeMode>relativeToGround</altitudeMode>
				</LookAt>
				<styleUrl>#__managed_style_16147CE44F40DE0E8CCF</styleUrl>
				<Point>
					<altitudeMode>relativeToGround</altitudeMode>
					<coordinates>-27.2235595,38.6513567,0</coordinates>
				</Point>
			</Placemark>
			<Placemark id="0E059B67533ED15C0674">
				<gx:mid>/m/04zhl8w</gx:mid>
				<gx:fid>0xb467f3e46c478ad:0xf9eba0e2d1a991e0</gx:fid>
				<LookAt>
					<longitude>-27.22592350000001</longitude>
					<latitude>38.65040010000001</latitude>
					<altitude>0</altitude>
					<heading>0</heading>
					<tilt>0</tilt>
					<gx:fovy>35</gx:fovy>
					<range>803.4631740262241</range>
					<altitudeMode>relativeToGround</altitudeMode>
				</LookAt>
				<styleUrl>#__managed_style_09B5FBA38B40DE0E8CCF</styleUrl>
				<Point>
					<altitudeMode>relativeToGround</altitudeMode>
					<coordinates>-27.22624292528378,38.65111469556817,0</coordinates>
				</Point>
			</Placemark>
			<Placemark id="066D81A2493ED15CACB6">
				<gx:mid>/m/0ddh772</gx:mid>
				<gx:fid>0xb467efc1a8acdf3:0x4da06a59f8ad80ac</gx:fid>
				<LookAt>
					<longitude>-27.2254981</longitude>
					<latitude>38.6473091</latitude>
					<altitude>0</altitude>
					<heading>0</heading>
					<tilt>0</tilt>
					<gx:fovy>35</gx:fovy>
					<range>803.5011704894973</range>
					<altitudeMode>relativeToGround</altitudeMode>
				</LookAt>
				<styleUrl>#__managed_style_1842B1047040DE0E8CD0</styleUrl>
				<Point>
					<altitudeMode>relativeToGround</altitudeMode>
					<coordinates>-27.2254981,38.6473094,0</coordinates>
				</Point>
			</Placemark>
			<Placemark id="08845144213ED15D0FAF">
				<gx:mid>/g/11h7_srd5c</gx:mid>
				<gx:fid>0xb467fdca9c52fd5:0x396c7cdff4897bd3</gx:fid>
				<LookAt>
					<longitude>-27.2276153</longitude>
					<latitude>38.6449964</latitude>
					<altitude>0</altitude>
					<heading>0</heading>
					<tilt>0</tilt>
					<gx:fovy>35</gx:fovy>
					<range>803.5295981245707</range>
					<altitudeMode>relativeToGround</altitudeMode>
				</LookAt>
				<styleUrl>#__managed_style_1842B1047040DE0E8CD0</styleUrl>
				<Point>
					<altitudeMode>relativeToGround</altitudeMode>
					<coordinates>-27.2276153,38.6449964,0</coordinates>
				</Point>
			</Placemark>
			<Placemark id="00CA127D8F3ED15DC5B0">
				<gx:mid>/m/0ddh0xt</gx:mid>
				<gx:fid>0xb467f1da1d7e1a1:0xeee94f18eb07d741</gx:fid>
				<LookAt>
					<longitude>-27.2180955</longitude>
					<latitude>38.6569468</latitude>
					<altitude>0</altitude>
					<heading>0</heading>
					<tilt>0</tilt>
					<gx:fovy>35</gx:fovy>
					<range>803.3826904703396</range>
					<altitudeMode>relativeToGround</altitudeMode>
				</LookAt>
				<styleUrl>#__managed_style_16147CE44F40DE0E8CCF</styleUrl>
				<Point>
					<altitudeMode>relativeToGround</altitudeMode>
					<coordinates>-27.2180955,38.6569468,0</coordinates>
				</Point>
			</Placemark>
			<Placemark id="0D0374A0D03ED15EE4FF">
				<gx:mid>/g/11lgf4rt03</gx:mid>
				<gx:fid>0xb4679d491f1f901:0xdb3c7d889e25cd20</gx:fid>
				<LookAt>
					<longitude>-27.2522783</longitude>
					<latitude>38.6862874</latitude>
					<altitude>0</altitude>
					<heading>0</heading>
					<tilt>0</tilt>
					<gx:fovy>35</gx:fovy>
					<range>803.0218588339775</range>
					<altitudeMode>relativeToGround</altitudeMode>
				</LookAt>
				<styleUrl>#__managed_style_1842B1047040DE0E8CD0</styleUrl>
				<Point>
					<altitudeMode>relativeToGround</altitudeMode>
					<coordinates>-27.2522783,38.6862874,0</coordinates>
				</Point>
			</Placemark>
			<Placemark id="00222780FB3ED160A114">
				<gx:mid>/g/11g9vl6mh8</gx:mid>
				<gx:fid>0xb467a86ea053a33:0xda4b9cae36278f47</gx:fid>
				<LookAt>
					<longitude>-27.3184812</longitude>
					<latitude>38.7296853</latitude>
					<altitude>0</altitude>
					<heading>0</heading>
					<tilt>0</tilt>
					<gx:fovy>35</gx:fovy>
					<range>802.4877745079576</range>
					<altitudeMode>relativeToGround</altitudeMode>
				</LookAt>
				<styleUrl>#__managed_style_1842B1047040DE0E8CD0</styleUrl>
				<Point>
					<altitudeMode>relativeToGround</altitudeMode>
					<coordinates>-27.31848119999999,38.7296853,0</coordinates>
				</Point>
			</Placemark>
			<Placemark id="0597094D313ED1612E54">
				<gx:mid>/m/0ddf32g</gx:mid>
				<gx:fid>0xb466e31afd4261d:0xe60835a38a72b150</gx:fid>
				<LookAt>
					<longitude>-27.3756166</longitude>
					<latitude>38.7670594</latitude>
					<altitude>0</altitude>
					<heading>0</heading>
					<tilt>0</tilt>
					<gx:fovy>35</gx:fovy>
					<range>802.0274643571875</range>
					<altitudeMode>relativeToGround</altitudeMode>
				</LookAt>
				<styleUrl>#__managed_style_1842B1047040DE0E8CD0</styleUrl>
				<Point>
					<altitudeMode>relativeToGround</altitudeMode>
					<coordinates>-27.3756166,38.7670594,0</coordinates>
				</Point>
			</Placemark>
			<Placemark id="098544F3033ED1616D66">
				<gx:mid>/g/11p10r_34t</gx:mid>
				<gx:fid>0xb466fa42aed07a1:0x6de7bd485d28564f</gx:fid>
				<LookAt>
					<longitude>-27.374654</longitude>
					<latitude>38.766974</latitude>
					<altitude>0</altitude>
					<heading>0</heading>
					<tilt>0</tilt>
					<gx:fovy>35</gx:fovy>
					<range>802.0285165464055</range>
					<altitudeMode>relativeToGround</altitudeMode>
				</LookAt>
				<styleUrl>#__managed_style_1842B1047040DE0E8CD0</styleUrl>
				<Point>
					<altitudeMode>relativeToGround</altitudeMode>
					<coordinates>-27.374654,38.766974,0</coordinates>
				</Point>
			</Placemark>
			<Placemark id="046F8B1F633ED1624707">
				<gx:mid>/g/11h3j3pqmz</gx:mid>
				<gx:fid>0xb467789942d50f5:0x14d1b5ea3c44fc06</gx:fid>
				<LookAt>
					<longitude>-27.191999</longitude>
					<latitude>38.7959404</latitude>
					<altitude>0</altitude>
					<heading>0</heading>
					<tilt>0</tilt>
					<gx:fovy>35</gx:fovy>
					<range>801.6715304081968</range>
					<altitudeMode>relativeToGround</altitudeMode>
				</LookAt>
				<styleUrl>#__managed_style_1842B1047040DE0E8CD0</styleUrl>
				<Point>
					<altitudeMode>relativeToGround</altitudeMode>
					<coordinates>-27.191999,38.7959404,0</coordinates>
				</Point>
			</Placemark>
			<Placemark id="0E22B602F73ED1628888">
				<gx:mid>/g/11f8hs2_7n</gx:mid>
				<gx:fid>0xb4677863a30c671:0xb59eaf7c380bfff5</gx:fid>
				<LookAt>
					<longitude>-27.1950828</longitude>
					<latitude>38.7946812</latitude>
					<altitude>0</altitude>
					<heading>0</heading>
					<tilt>0</tilt>
					<gx:fovy>35</gx:fovy>
					<range>801.6870531140447</range>
					<altitudeMode>relativeToGround</altitudeMode>
				</LookAt>
				<styleUrl>#__managed_style_1842B1047040DE0E8CD0</styleUrl>
				<Point>
					<altitudeMode>relativeToGround</altitudeMode>
					<coordinates>-27.1950828,38.7946812,0</coordinates>
				</Point>
			</Placemark>
			<Placemark id="0BD89486813ED162C419">
				<gx:mid>/m/04gj3_</gx:mid>
				<gx:fid>0xb45d726f5e5382b:0x7f75b48e6348505c</gx:fid>
				<LookAt>
					<longitude>-27.0869167</longitude>
					<latitude>38.7539265</latitude>
					<altitude>0</altitude>
					<heading>0</heading>
					<tilt>0</tilt>
					<gx:fovy>35</gx:fovy>
					<range>802.1892507481033</range>
					<altitudeMode>relativeToGround</altitudeMode>
				</LookAt>
				<styleUrl>#__managed_style_0BFA07C14140DE0E8CD7</styleUrl>
				<Point>
					<altitudeMode>relativeToGround</altitudeMode>
					<coordinates>-27.0869167,38.7539265,0</coordinates>
				</Point>
			</Placemark>
			<Placemark id="0E98A315BD3ED1632DFC">
				<gx:mid>/g/122dyhtf</gx:mid>
				<gx:fid>0xb45d167dbbb2fe9:0xc1a4b2d94764edfb</gx:fid>
				<LookAt>
					<longitude>-27.0540516</longitude>
					<latitude>38.733531</latitude>
					<altitude>0</altitude>
					<heading>0</heading>
					<tilt>0</tilt>
					<gx:fovy>35</gx:fovy>
					<range>802.440425083319</range>
					<altitudeMode>relativeToGround</altitudeMode>
				</LookAt>
				<styleUrl>#__managed_style_1842B1047040DE0E8CD0</styleUrl>
				<Point>
					<altitudeMode>relativeToGround</altitudeMode>
					<coordinates>-27.0540516,38.733531,0</coordinates>
				</Point>
			</Placemark>
			<Placemark id="0B303D12933ED163BFEB">
				<gx:mid>/g/121nm9pr</gx:mid>
				<gx:fid>0xb45d69d7af3fb6f:0x5e51f4bf4eb435f4</gx:fid>
				<LookAt>
					<longitude>-27.112334</longitude>
					<latitude>38.7094493</latitude>
					<altitude>0</altitude>
					<heading>0</heading>
					<tilt>0</tilt>
					<gx:fovy>35</gx:fovy>
					<range>802.7368683449289</range>
					<altitudeMode>relativeToGround</altitudeMode>
				</LookAt>
				<styleUrl>#__managed_style_1842B1047040DE0E8CD0</styleUrl>
				<Point>
					<altitudeMode>relativeToGround</altitudeMode>
					<coordinates>-27.112334,38.7094493,0</coordinates>
				</Point>
			</Placemark>
			<Placemark id="0ECE21A5643ED1640C41">
				<gx:mid>/g/11vybdcbw7</gx:mid>
				<gx:fid>0xb45d7005a6f498d:0x35c0ff0115da5015</gx:fid>
				<LookAt>
					<longitude>-27.1140479</longitude>
					<latitude>38.7126037</latitude>
					<altitude>0</altitude>
					<heading>0</heading>
					<tilt>0</tilt>
					<gx:fovy>35</gx:fovy>
					<range>802.6980458525024</range>
					<altitudeMode>relativeToGround</altitudeMode>
				</LookAt>
				<styleUrl>#__managed_style_1842B1047040DE0E8CD0</styleUrl>
				<Point>
					<altitudeMode>relativeToGround</altitudeMode>
					<coordinates>-27.1140479,38.7126037,0</coordinates>
				</Point>
			</Placemark>
			<Placemark id="0CC2D798743ED1660700">
				<gx:mid>/g/1210gsnz</gx:mid>
				<gx:fid>0xb5cd5368182f709:0xecb0c2c93170da28</gx:fid>
				<LookAt>
					<longitude>-25.6684643</longitude>
					<latitude>37.7394951</latitude>
					<altitude>0</altitude>
					<heading>0</heading>
					<tilt>0</tilt>
					<gx:fovy>35</gx:fovy>
					<range>814.5613788402194</range>
					<altitudeMode>relativeToGround</altitudeMode>
				</LookAt>
				<styleUrl>#__managed_style_09B5FBA38B40DE0E8CCF</styleUrl>
				<Point>
					<altitudeMode>relativeToGround</altitudeMode>
					<coordinates>-25.6684643,37.7394951,0</coordinates>
				</Point>
			</Placemark>
			<Placemark id="0A0DEC69F53ED167438F">
				<gx:mid>/g/121s4jrq</gx:mid>
				<gx:fid>0xb432aca33fb5ca1:0x96f4bf4f45a9e56d</gx:fid>
				<LookAt>
					<longitude>-25.667715</longitude>
					<latitude>37.7433361</latitude>
					<altitude>0</altitude>
					<heading>0</heading>
					<tilt>0</tilt>
					<gx:fovy>35</gx:fovy>
					<range>814.515002114686</range>
					<altitudeMode>relativeToGround</altitudeMode>
				</LookAt>
				<styleUrl>#__managed_style_063D7E0BBD40DE0E8CCE</styleUrl>
				<Point>
					<altitudeMode>relativeToGround</altitudeMode>
					<coordinates>-25.667715,37.7433361,0</coordinates>
				</Point>
			</Placemark>
			<Placemark id="04932899473ED1681568">
				<gx:mid>/g/1223wxb_</gx:mid>
				<gx:fid>0xb432ab710c43681:0x5e047ed2f977008c</gx:fid>
				<LookAt>
					<longitude>-25.6727529</longitude>
					<latitude>37.7363569</latitude>
					<altitude>0</altitude>
					<heading>0</heading>
					<tilt>0</tilt>
					<gx:fovy>35</gx:fovy>
					<range>814.5992672036975</range>
					<altitudeMode>relativeToGround</altitudeMode>
				</LookAt>
				<styleUrl>#__managed_style_09B5FBA38B40DE0E8CCF</styleUrl>
				<Point>
					<altitudeMode>relativeToGround</altitudeMode>
					<coordinates>-25.6727529,37.7363569,0</coordinates>
				</Point>
			</Placemark>
			<Placemark id="0BD35212BC3ED1686BF3">
				<gx:mid>/g/123589sg</gx:mid>
				<gx:fid>0xb432ab7a3b4127b:0x7ee1b2239c229355</gx:fid>
				<LookAt>
					<longitude>-25.6730171</longitude>
					<latitude>37.7375413</latitude>
					<altitude>0</altitude>
					<heading>0</heading>
					<tilt>0</tilt>
					<gx:fovy>35</gx:fovy>
					<range>814.5849678938821</range>
					<altitudeMode>relativeToGround</altitudeMode>
				</LookAt>
				<styleUrl>#__managed_style_09B5FBA38B40DE0E8CCF</styleUrl>
				<Point>
					<altitudeMode>relativeToGround</altitudeMode>
					<coordinates>-25.6730171,37.7375413,0</coordinates>
				</Point>
			</Placemark>
			<Placemark id="04ABACCB213ED1697E24">
				<gx:mid>/m/0dn2h6</gx:mid>
				<gx:fid>0xb432afa9de903f9:0x5eeb91deb9d21d7</gx:fid>
				<LookAt>
					<longitude>-25.7103849</longitude>
					<latitude>37.7493461</latitude>
					<altitude>0</altitude>
					<heading>0</heading>
					<tilt>0</tilt>
					<gx:fovy>35</gx:fovy>
					<range>814.4424294026617</range>
					<altitudeMode>relativeToGround</altitudeMode>
				</LookAt>
				<styleUrl>#__managed_style_0BFA07C14140DE0E8CD7</styleUrl>
				<Point>
					<altitudeMode>relativeToGround</altitudeMode>
					<coordinates>-25.7103849,37.7493461,0</coordinates>
				</Point>
			</Placemark>
			<Placemark id="0C2C1134CA3ED16A58A1">
				<gx:mid>/g/11xmv31np9</gx:mid>
				<gx:fid>0xb432f001d976d0f:0x4656d6b1d43fbe5a</gx:fid>
				<LookAt>
					<longitude>-25.7636225</longitude>
					<latitude>37.8428449</latitude>
					<altitude>0</altitude>
					<heading>0</heading>
					<tilt>0</tilt>
					<gx:fovy>35</gx:fovy>
					<range>813.3122698371155</range>
					<altitudeMode>relativeToGround</altitudeMode>
				</LookAt>
				<styleUrl>#__managed_style_1842B1047040DE0E8CD0</styleUrl>
				<Point>
					<altitudeMode>relativeToGround</altitudeMode>
					<coordinates>-25.7636225,37.8428449,0</coordinates>
				</Point>
			</Placemark>
			<Placemark id="05CC0D01713ED16AF549">
				<gx:mid>/g/122jwtlw</gx:mid>
				<gx:fid>0xb432e75083cedad:0x923c8ccec028acaa</gx:fid>
				<LookAt>
					<longitude>-25.75962965</longitude>
					<latitude>37.83615545</latitude>
					<altitude>0</altitude>
					<heading>0</heading>
					<tilt>0</tilt>
					<gx:fovy>35</gx:fovy>
					<range>813.3931985931034</range>
					<altitudeMode>relativeToGround</altitudeMode>
				</LookAt>
				<styleUrl>#__managed_style_16147CE44F40DE0E8CCF</styleUrl>
				<Point>
					<altitudeMode>relativeToGround</altitudeMode>
					<coordinates>-25.7595536,37.8359727,0</coordinates>
				</Point>
			</Placemark>
			<Placemark id="0E195D70663ED16B4F04">
				<gx:mid>/g/11j3sql50s</gx:mid>
				<gx:fid>0xb432e303933fe73:0x15523536981e99c6</gx:fid>
				<LookAt>
					<longitude>-25.7949351</longitude>
					<latitude>37.8392814</latitude>
					<altitude>0</altitude>
					<heading>0</heading>
					<tilt>0</tilt>
					<gx:fovy>35</gx:fovy>
					<range>813.3553823004225</range>
					<altitudeMode>relativeToGround</altitudeMode>
				</LookAt>
				<styleUrl>#__managed_style_1842B1047040DE0E8CD0</styleUrl>
				<Point>
					<altitudeMode>relativeToGround</altitudeMode>
					<coordinates>-25.7949351,37.8392814,0</coordinates>
				</Point>
			</Placemark>
			<Placemark id="0BEE6BFD933ED16BD907">
				<gx:mid>/g/1234tc9t</gx:mid>
				<gx:fid>0xb432e1e0fa3e5b1:0x27ccd59fa3be9f98</gx:fid>
				<LookAt>
					<longitude>-25.7758261</longitude>
					<latitude>37.8539458</latitude>
					<altitude>0</altitude>
					<heading>0</heading>
					<tilt>0</tilt>
					<gx:fovy>35</gx:fovy>
					<range>813.1779475265661</range>
					<altitudeMode>relativeToGround</altitudeMode>
				</LookAt>
				<styleUrl>#__managed_style_1842B1047040DE0E8CD0</styleUrl>
				<Point>
					<altitudeMode>relativeToGround</altitudeMode>
					<coordinates>-25.7758261,37.8539458,0</coordinates>
				</Point>
			</Placemark>
			<Placemark id="0C98710AC63ED16C6603">
				<gx:mid>/g/11tgdczs_k</gx:mid>
				<gx:fid>0xb433106debda573:0x153f75cbe2df0792</gx:fid>
				<LookAt>
					<longitude>-25.7766536</longitude>
					<latitude>37.8800266</latitude>
					<altitude>0</altitude>
					<heading>0</heading>
					<tilt>0</tilt>
					<gx:fovy>35</gx:fovy>
					<range>812.8622488443372</range>
					<altitudeMode>relativeToGround</altitudeMode>
				</LookAt>
				<styleUrl>#__managed_style_1842B1047040DE0E8CD0</styleUrl>
				<Point>
					<altitudeMode>relativeToGround</altitudeMode>
					<coordinates>-25.7766536,37.8800266,0</coordinates>
				</Point>
			</Placemark>
			<Placemark id="0FB3B27DE03ED16CD907">
				<gx:mid>/g/11c6stfr_9</gx:mid>
				<gx:fid>0xb4331ee457f0d7f:0x41a1f16d4b651127</gx:fid>
				<LookAt>
					<longitude>-25.7713939</longitude>
					<latitude>37.868708</latitude>
					<altitude>0</altitude>
					<heading>0</heading>
					<tilt>0</tilt>
					<gx:fovy>35</gx:fovy>
					<range>812.9992766870976</range>
					<altitudeMode>relativeToGround</altitudeMode>
				</LookAt>
				<styleUrl>#__managed_style_16147CE44F40DE0E8CCF</styleUrl>
				<Point>
					<altitudeMode>relativeToGround</altitudeMode>
					<coordinates>-25.7713939,37.868708,0</coordinates>
				</Point>
			</Placemark>
			<Placemark id="0F9831EE503ED16D3931">
				<gx:mid>/g/11gdkxprxt</gx:mid>
				<gx:fid>0xb43304e9355794f:0xb22d0778873bdcea</gx:fid>
				<LookAt>
					<longitude>-25.8122368</longitude>
					<latitude>37.8724564</latitude>
					<altitude>0</altitude>
					<heading>0</heading>
					<tilt>0</tilt>
					<gx:fovy>35</gx:fovy>
					<range>812.9539003854213</range>
					<altitudeMode>relativeToGround</altitudeMode>
				</LookAt>
				<styleUrl>#__managed_style_1842B1047040DE0E8CD0</styleUrl>
				<Point>
					<altitudeMode>relativeToGround</altitudeMode>
					<coordinates>-25.8122368,37.8724564,0</coordinates>
				</Point>
			</Placemark>
			<Placemark id="0F4A75CA963ED16D8CF1">
				<gx:mid>/g/122mwp2q</gx:mid>
				<gx:fid>0xb43307aca211859:0x6919b11949067ccc</gx:fid>
				<LookAt>
					<longitude>-25.8413334</longitude>
					<latitude>37.8711979</latitude>
					<altitude>0</altitude>
					<heading>0</heading>
					<tilt>0</tilt>
					<gx:fovy>35</gx:fovy>
					<range>812.9691355525516</range>
					<altitudeMode>relativeToGround</altitudeMode>
				</LookAt>
				<styleUrl>#__managed_style_1842B1047040DE0E8CD0</styleUrl>
				<Point>
					<altitudeMode>relativeToGround</altitudeMode>
					<coordinates>-25.8413334,37.8711979,0</coordinates>
				</Point>
			</Placemark>
			<Placemark id="033899922C3ED1700086">
				<gx:mid>/g/11c6f49vw6</gx:mid>
				<gx:fid>0xb43307538c4aba9:0xeb194c8729e2e48e</gx:fid>
				<LookAt>
					<longitude>-25.8506661</longitude>
					<latitude>37.858008</latitude>
					<altitude>0</altitude>
					<heading>0</heading>
					<tilt>0</tilt>
					<gx:fovy>35</gx:fovy>
					<range>813.1287869115929</range>
					<altitudeMode>relativeToGround</altitudeMode>
				</LookAt>
				<styleUrl>#__managed_style_1842B1047040DE0E8CD0</styleUrl>
				<Point>
					<altitudeMode>relativeToGround</altitudeMode>
					<coordinates>-25.8506661,37.858008,0</coordinates>
				</Point>
			</Placemark>
			<Placemark id="0EBE0523943ED1701E54">
				<gx:mid>/g/11xm_m60hr</gx:mid>
				<gx:fid>0xb433b0031afa585:0x9af1b32b33c554b5</gx:fid>
				<LookAt>
					<longitude>-25.85237799999999</longitude>
					<latitude>37.8617409</latitude>
					<altitude>0</altitude>
					<heading>0</heading>
					<tilt>0</tilt>
					<gx:fovy>35</gx:fovy>
					<range>813.0836079439142</range>
					<altitudeMode>relativeToGround</altitudeMode>
				</LookAt>
				<styleUrl>#__managed_style_1842B1047040DE0E8CD0</styleUrl>
				<Point>
					<altitudeMode>relativeToGround</altitudeMode>
					<coordinates>-25.852378,37.8617409,0</coordinates>
				</Point>
			</Placemark>
			<Placemark id="0D0B3C41D43ED170DF74">
				<gx:mid>/g/121gdbhf</gx:mid>
				<gx:fid>0xb432dd21c57ec65:0x207e32810b4674f3</gx:fid>
				<LookAt>
					<longitude>-25.7466147</longitude>
					<latitude>37.8265576</latitude>
					<altitude>0</altitude>
					<heading>0</heading>
					<tilt>0</tilt>
					<gx:fovy>35</gx:fovy>
					<range>813.5092941025616</range>
					<altitudeMode>relativeToGround</altitudeMode>
				</LookAt>
				<styleUrl>#__managed_style_1842B1047040DE0E8CD0</styleUrl>
				<Point>
					<altitudeMode>relativeToGround</altitudeMode>
					<coordinates>-25.7466147,37.8265576,0</coordinates>
				</Point>
			</Placemark>
			<Placemark id="010860DAF23ED1712D34">
				<gx:mid>/g/11xnbg6rcp</gx:mid>
				<gx:fid>0xb432d00071af8ed:0xc433f4348bfcbd59</gx:fid>
				<LookAt>
					<longitude>-25.7480867</longitude>
					<latitude>37.8255032</latitude>
					<altitude>0</altitude>
					<heading>0</heading>
					<tilt>0</tilt>
					<gx:fovy>35</gx:fovy>
					<range>813.5220467519481</range>
					<altitudeMode>relativeToGround</altitudeMode>
				</LookAt>
				<styleUrl>#__managed_style_16147CE44F40DE0E8CCF</styleUrl>
				<Point>
					<altitudeMode>relativeToGround</altitudeMode>
					<coordinates>-25.7480867,37.8255032,0</coordinates>
				</Point>
			</Placemark>
			<Placemark id="0B7D5746373ED1719290">
				<gx:mid>/g/120hzjdf</gx:mid>
				<gx:fid>0xb432dcad3888ca5:0x278864e77cbbe49b</gx:fid>
				<LookAt>
					<longitude>-25.736426</longitude>
					<latitude>37.824364</latitude>
					<altitude>0</altitude>
					<heading>0</heading>
					<tilt>0</tilt>
					<gx:fovy>35</gx:fovy>
					<range>813.5358247282571</range>
					<altitudeMode>relativeToGround</altitudeMode>
				</LookAt>
				<styleUrl>#__managed_style_1842B1047040DE0E8CD0</styleUrl>
				<Point>
					<altitudeMode>relativeToGround</altitudeMode>
					<coordinates>-25.736426,37.824364,0</coordinates>
				</Point>
			</Placemark>
			<Placemark id="07FE79DA2A3ED17233F8">
				<gx:mid>/g/11vz7m4nc4</gx:mid>
				<gx:fid>0xb432d0069792693:0x986ab529edc612b</gx:fid>
				<LookAt>
					<longitude>-25.7510962</longitude>
					<latitude>37.8191515</latitude>
					<altitude>0</altitude>
					<heading>0</heading>
					<tilt>0</tilt>
					<gx:fovy>35</gx:fovy>
					<range>813.5988629315575</range>
					<altitudeMode>relativeToGround</altitudeMode>
				</LookAt>
				<styleUrl>#__managed_style_1842B1047040DE0E8CD0</styleUrl>
				<Point>
					<altitudeMode>relativeToGround</altitudeMode>
					<coordinates>-25.7510962,37.8191515,0</coordinates>
				</Point>
			</Placemark>
			<Placemark id="0B730BC8633ED172ECD6">
				<gx:mid>/g/11c38k6x93</gx:mid>
				<gx:fid>0xb432cd710b25b49:0xb9333f13d1b78bce</gx:fid>
				<LookAt>
					<longitude>-25.6724592</longitude>
					<latitude>37.83551179999999</latitude>
					<altitude>0</altitude>
					<heading>0</heading>
					<tilt>0</tilt>
					<gx:fovy>35</gx:fovy>
					<range>813.4009848776017</range>
					<altitudeMode>relativeToGround</altitudeMode>
				</LookAt>
				<styleUrl>#__managed_style_1842B1047040DE0E8CD0</styleUrl>
				<Point>
					<altitudeMode>relativeToGround</altitudeMode>
					<coordinates>-25.6724592,37.8355118,0</coordinates>
				</Point>
			</Placemark>
			<Placemark id="037F325C883ED173B43F">
				<gx:mid>/g/11dxbm7ysc</gx:mid>
				<gx:fid>0xb5cd385bb89e81b:0x494552339812894b</gx:fid>
				<LookAt>
					<longitude>-25.6054859</longitude>
					<latitude>37.8215545</latitude>
					<altitude>0</altitude>
					<heading>0</heading>
					<tilt>0</tilt>
					<gx:fovy>35</gx:fovy>
					<range>813.5698026862126</range>
					<altitudeMode>relativeToGround</altitudeMode>
				</LookAt>
				<styleUrl>#__managed_style_1842B1047040DE0E8CD0</styleUrl>
				<Point>
					<altitudeMode>relativeToGround</altitudeMode>
					<coordinates>-25.6054859,37.8215545,0</coordinates>
				</Point>
			</Placemark>
			<Placemark id="0A494053403ED176570C">
				<gx:mid>/g/1261jfkn_</gx:mid>
				<gx:fid>0xb5cd728da23a5e1:0x35d8f0a0d01153d7</gx:fid>
				<LookAt>
					<longitude>-25.5216587</longitude>
					<latitude>37.8276933</latitude>
					<altitude>0</altitude>
					<heading>0</heading>
					<tilt>0</tilt>
					<gx:fovy>35</gx:fovy>
					<range>813.495557852212</range>
					<altitudeMode>relativeToGround</altitudeMode>
				</LookAt>
				<styleUrl>#__managed_style_1842B1047040DE0E8CD0</styleUrl>
				<Point>
					<altitudeMode>relativeToGround</altitudeMode>
					<coordinates>-25.5216192,37.8276056,0</coordinates>
				</Point>
			</Placemark>
			<Placemark id="011E551A913ED188FE40">
				<gx:mid>/g/11ny4h_5r2</gx:mid>
				<gx:fid>0xb467f29d2b49c29:0x8bca10d999e982d4</gx:fid>
				<LookAt>
					<longitude>-27.2158669</longitude>
					<latitude>38.6531278</latitude>
					<altitude>0</altitude>
					<heading>0</heading>
					<tilt>0</tilt>
					<gx:fovy>35</gx:fovy>
					<range>803.429641578679</range>
					<altitudeMode>relativeToGround</altitudeMode>
				</LookAt>
				<styleUrl>#__managed_style_1842B1047040DE0E8CD0</styleUrl>
				<Point>
					<altitudeMode>relativeToGround</altitudeMode>
					<coordinates>-27.2158669,38.6531278,0</coordinates>
				</Point>
			</Placemark>
			<Placemark id="0C0A9554F63ED18F9A5B">
				<gx:mid>/g/121ln401</gx:mid>
				<gx:fid>0xb4679b01f35d8cf:0x1c7b93dd08484520</gx:fid>
				<LookAt>
					<longitude>-27.23095309999999</longitude>
					<latitude>38.729073</latitude>
					<altitude>0</altitude>
					<heading>0</heading>
					<tilt>0</tilt>
					<gx:fovy>35</gx:fovy>
					<range>802.4953130067978</range>
					<altitudeMode>relativeToGround</altitudeMode>
				</LookAt>
				<styleUrl>#__managed_style_16147CE44F40DE0E8CCF</styleUrl>
				<Point>
					<altitudeMode>relativeToGround</altitudeMode>
					<coordinates>-27.23095309999999,38.729073,0</coordinates>
				</Point>
			</Placemark>
			<Placemark id="0F8B6D4ACC3ED190A638">
				<name>Furnas do Enxofre</name>
				<LookAt>
					<longitude>-27.23145405942212</longitude>
					<latitude>38.7287756763014</latitude>
					<altitude>586.5764306773602</altitude>
					<heading>0</heading>
					<tilt>0</tilt>
					<gx:fovy>46.7557547058607</gx:fovy>
					<range>660.8843530021113</range>
					<altitudeMode>absolute</altitudeMode>
				</LookAt>
				<styleUrl>#__managed_style_0435F0FB1E40DE0E8CDE</styleUrl>
				<LineString>
					<coordinates>
						-27.23081063489443,38.72916464316562,0 -27.23071637673106,38.72922371777523,0 -27.23076450037218,38.72936161878017,0 -27.23091775938394,38.72955053177137,0 -27.23104048069989,38.72966900591616,0 -27.23109407356402,38.72968207403085,0 -27.23119431574791,38.72980191041913,0 -27.23134869608457,38.72989688106917,0 -27.23144519201963,38.72999435451003,0 -27.23163390812054,38.73008093800659,0 -27.23211985688301,38.73017801400734,0 -27.23236794578485,38.73023331520165,0 -27.23245083818857,38.73007895572641,0 -27.23247680553344,38.72983868658986,0 -27.23256148439435,38.72962098268841,0 -27.23252524943482,38.72944998128249,0 -27.23252481344137,38.72929977979846,0 -27.2325688425393,38.72926416075561,0 -27.23252881271248,38.72919099917208,0 -27.23234994381422,38.72920824065312,0 -27.23233615941833,38.72914615960741,0 -27.23221315535365,38.7292600881587,0 -27.23202634733824,38.72943542704991,0 -27.23195584331928,38.72947428621225,0 -27.23193127617657,38.72939496844694,0 -27.23187937348238,38.72927811660662,0 -27.23177048353395,38.72919639597055,0 -27.2316085870968,38.72909204274209,0 -27.23146835830183,38.72898624045419,0 -27.23140551609744,38.72905811589737,0 -27.23139706055736,38.72920954341084,0 -27.23151145087698,38.72934908252889,0 -27.23158281660745,38.72954881206454,0 -27.23162204064928,38.72961808539156,0 -27.23171345177979,38.72962932991008,0 -27.23195985959904,38.72947252922655,0 -27.23193000583389,38.72939411632991,0 -27.23188082713555,38.72927704959385,0 -27.23177110315816,38.72919553189232,0 -27.23160638297108,38.72909176855251,0 -27.23146753804789,38.72898586184762,0 -27.23141090250747,38.72886844940404,0 -27.2312200977092,38.72893641157093,0 -27.2311256390789,38.72894418917816,0 -27.23107530603235,38.72896415010577,0 -27.23104383008908,38.72892121511503,0 -27.23096043628288,38.72894802207149,0 
					</coordinates>
				</LineString>
			</Placemark>
			<Placemark id="00FDFD61E73ED194427B">
				<gx:mid>/g/1221h930</gx:mid>
				<gx:fid>0xb5cd56af64adfcd:0x6d550b285cb05d9b</gx:fid>
				<LookAt>
					<longitude>-25.6376038</longitude>
					<latitude>37.7452552</latitude>
					<altitude>0</altitude>
					<heading>0</heading>
					<tilt>0</tilt>
					<gx:fovy>35</gx:fovy>
					<range>814.491829310782</range>
					<altitudeMode>relativeToGround</altitudeMode>
				</LookAt>
				<styleUrl>#__managed_style_1842B1047040DE0E8CD0</styleUrl>
				<Point>
					<altitudeMode>relativeToGround</altitudeMode>
					<coordinates>-25.6376038,37.7452552,0</coordinates>
				</Point>
			</Placemark>
			<Placemark id="0478562C5C3ED1952723">
				<gx:mid>/g/11g71c4mqr</gx:mid>
				<gx:fid>0xb5cd7e1eae0c917:0x7eb050b3d7e0c98a</gx:fid>
				<LookAt>
					<longitude>-25.4919153</longitude>
					<latitude>37.76268700000001</latitude>
					<altitude>0</altitude>
					<heading>0</heading>
					<tilt>0</tilt>
					<gx:fovy>35</gx:fovy>
					<range>814.2813022775105</range>
					<altitudeMode>relativeToGround</altitudeMode>
				</LookAt>
				<styleUrl>#__managed_style_1842B1047040DE0E8CD0</styleUrl>
				<Point>
					<altitudeMode>relativeToGround</altitudeMode>
					<coordinates>-25.4919153,37.762687,0</coordinates>
				</Point>
			</Placemark>
			<Placemark id="0E33923EB53ED195726F">
				<gx:mid>/g/11vk6nxpm6</gx:mid>
				<gx:fid>0xb5d290072b51dc3:0xbfbd2c2963f0a8c7</gx:fid>
				<LookAt>
					<longitude>-25.4913276</longitude>
					<latitude>37.7605413</latitude>
					<altitude>0</altitude>
					<heading>0</heading>
					<tilt>0</tilt>
					<gx:fovy>35</gx:fovy>
					<range>814.3072202777273</range>
					<altitudeMode>relativeToGround</altitudeMode>
				</LookAt>
				<styleUrl>#__managed_style_1842B1047040DE0E8CD0</styleUrl>
				<Point>
					<altitudeMode>relativeToGround</altitudeMode>
					<coordinates>-25.4913276,37.7605413,0</coordinates>
				</Point>
			</Placemark>
			<Placemark id="0F8397D41E3ED1981151">
				<gx:mid>/g/11c6sql5dq</gx:mid>
				<gx:fid>0xb5cd7ea60e5a29d:0x893e2f62b9c40ca6</gx:fid>
				<LookAt>
					<longitude>-25.4957106</longitude>
					<latitude>37.77802760000001</latitude>
					<altitude>0</altitude>
					<heading>0</heading>
					<tilt>0</tilt>
					<gx:fovy>35</gx:fovy>
					<range>814.0959699088531</range>
					<altitudeMode>relativeToGround</altitudeMode>
				</LookAt>
				<styleUrl>#__managed_style_1842B1047040DE0E8CD0</styleUrl>
				<Point>
					<altitudeMode>relativeToGround</altitudeMode>
					<coordinates>-25.4957106,37.7780276,0</coordinates>
				</Point>
			</Placemark>
			<Placemark id="05899646013ED198C504">
				<gx:mid>/g/11g6n_0vkf</gx:mid>
				<gx:fid>0xb5cd79edfbc62dd:0xc44fc37e29aa6026</gx:fid>
				<LookAt>
					<longitude>-25.4953254</longitude>
					<latitude>37.7961456</latitude>
					<altitude>0</altitude>
					<heading>0</heading>
					<tilt>0</tilt>
					<gx:fovy>35</gx:fovy>
					<range>813.8770096115805</range>
					<altitudeMode>relativeToGround</altitudeMode>
				</LookAt>
				<styleUrl>#__managed_style_16147CE44F40DE0E8CCF</styleUrl>
				<Point>
					<altitudeMode>relativeToGround</altitudeMode>
					<coordinates>-25.4953254,37.7961456,0</coordinates>
				</Point>
			</Placemark>
			<Placemark id="072EA164F23ED199F7AF">
				<gx:mid>/g/122smbxr</gx:mid>
				<gx:fid>0xb5cd0b36b3965e5:0x8ee49e53a3b139c</gx:fid>
				<LookAt>
					<longitude>-25.4897053</longitude>
					<latitude>37.8432009</latitude>
					<altitude>0</altitude>
					<heading>0</heading>
					<tilt>0</tilt>
					<gx:fovy>35</gx:fovy>
					<range>813.3079626558314</range>
					<altitudeMode>relativeToGround</altitudeMode>
				</LookAt>
				<styleUrl>#__managed_style_1842B1047040DE0E8CD0</styleUrl>
				<Point>
					<altitudeMode>relativeToGround</altitudeMode>
					<coordinates>-25.4897053,37.8432009,0</coordinates>
				</Point>
			</Placemark>
			<Placemark id="07AEF1E3893ED19A55D0">
				<gx:mid>/g/122m8rps</gx:mid>
				<gx:fid>0xb5cd9dca0ed5bc5:0xdd3aa1e547e8fed4</gx:fid>
				<LookAt>
					<longitude>-25.462351</longitude>
					<latitude>37.8238173</latitude>
					<altitude>0</altitude>
					<heading>0</heading>
					<tilt>0</tilt>
					<gx:fovy>35</gx:fovy>
					<range>813.5424366420069</range>
					<altitudeMode>relativeToGround</altitudeMode>
				</LookAt>
				<styleUrl>#__managed_style_1842B1047040DE0E8CD0</styleUrl>
				<Point>
					<altitudeMode>relativeToGround</altitudeMode>
					<coordinates>-25.462351,37.8238173,0</coordinates>
				</Point>
			</Placemark>
			<Placemark id="0D541931333ED19B04D3">
				<gx:mid>/g/122xqky7</gx:mid>
				<gx:fid>0xb5cd9b9eaddea4b:0x15f7a8b9b70bdb74</gx:fid>
				<LookAt>
					<longitude>-25.4450625</longitude>
					<latitude>37.82339880000001</latitude>
					<altitude>0</altitude>
					<heading>0</heading>
					<tilt>0</tilt>
					<gx:fovy>35</gx:fovy>
					<range>813.5474980268384</range>
					<altitudeMode>relativeToGround</altitudeMode>
				</LookAt>
				<styleUrl>#__managed_style_4792A42E2A40DE0E8CD0</styleUrl>
				<Point>
					<altitudeMode>relativeToGround</altitudeMode>
					<coordinates>-25.4450625,37.8233988,0</coordinates>
				</Point>
			</Placemark>
			<Placemark id="091E4264893ED19BD566">
				<gx:mid>/g/1232v5x6</gx:mid>
				<gx:fid>0xb5cd93ad139007b:0x5c6bba9a954dbbef</gx:fid>
				<LookAt>
					<longitude>-25.3929421</longitude>
					<latitude>37.8347038</latitude>
					<altitude>0</altitude>
					<heading>0</heading>
					<tilt>0</tilt>
					<gx:fovy>35</gx:fovy>
					<range>813.4107591745326</range>
					<altitudeMode>relativeToGround</altitudeMode>
				</LookAt>
				<styleUrl>#__managed_style_1842B1047040DE0E8CD0</styleUrl>
				<Point>
					<altitudeMode>relativeToGround</altitudeMode>
					<coordinates>-25.39280588128913,37.83502594881907,0</coordinates>
				</Point>
			</Placemark>
			<Placemark id="0E393BEAFD3ED19DA31F">
				<gx:mid>/g/12345vhp</gx:mid>
				<gx:fid>0xb5cde3061d2ff99:0x5445a915151a1b22</gx:fid>
				<LookAt>
					<longitude>-25.298446</longitude>
					<latitude>37.8548303</latitude>
					<altitude>0</altitude>
					<heading>0</heading>
					<tilt>0</tilt>
					<gx:fovy>35</gx:fovy>
					<range>813.167243676815</range>
					<altitudeMode>relativeToGround</altitudeMode>
				</LookAt>
				<styleUrl>#__managed_style_1842B1047040DE0E8CD0</styleUrl>
				<Point>
					<altitudeMode>relativeToGround</altitudeMode>
					<coordinates>-25.298446,37.8548303,0</coordinates>
				</Point>
			</Placemark>
			<Placemark id="072F07E1CF3ED19DCA7F">
				<gx:mid>/g/1212mfwn</gx:mid>
				<gx:fid>0xb5cde304d1ed51f:0x816491d1705ef9a6</gx:fid>
				<LookAt>
					<longitude>-25.2976718</longitude>
					<latitude>37.8536936</latitude>
					<altitude>0</altitude>
					<heading>0</heading>
					<tilt>0</tilt>
					<gx:fovy>35</gx:fovy>
					<range>813.1809995108925</range>
					<altitudeMode>relativeToGround</altitudeMode>
				</LookAt>
				<styleUrl>#__managed_style_1842B1047040DE0E8CD0</styleUrl>
				<Point>
					<altitudeMode>relativeToGround</altitudeMode>
					<coordinates>-25.2976718,37.8536936,0</coordinates>
				</Point>
			</Placemark>
			<Placemark id="05ABF9D1633ED19EC4B1">
				<gx:mid>/g/11c6s2jn42</gx:mid>
				<gx:fid>0xb5cde2de65681cf:0xcd4c905ffb942f1f</gx:fid>
				<LookAt>
					<longitude>-25.2943387</longitude>
					<latitude>37.8514063</latitude>
					<altitude>0</altitude>
					<heading>0</heading>
					<tilt>0</tilt>
					<gx:fovy>35</gx:fovy>
					<range>813.2086784402114</range>
					<altitudeMode>relativeToGround</altitudeMode>
				</LookAt>
				<styleUrl>#__managed_style_225D3BBA1940DE0E8CCF</styleUrl>
				<Point>
					<altitudeMode>relativeToGround</altitudeMode>
					<coordinates>-25.29433869999999,37.8514063,0</coordinates>
				</Point>
			</Placemark>
			<Placemark id="0E483BA3233ED1A77D58">
				<gx:mid>/g/11hhfzlf9c</gx:mid>
				<gx:fid>0xb5ce18a3d062a87:0x7a5e2bac9da5a36</gx:fid>
				<LookAt>
					<longitude>-25.2670082</longitude>
					<latitude>37.84148019999999</latitude>
					<altitude>0</altitude>
					<heading>0</heading>
					<tilt>0</tilt>
					<gx:fovy>35</gx:fovy>
					<range>813.3287808169601</range>
					<altitudeMode>relativeToGround</altitudeMode>
				</LookAt>
				<styleUrl>#__managed_style_225D3BBA1940DE0E8CCF</styleUrl>
				<Point>
					<altitudeMode>relativeToGround</altitudeMode>
					<coordinates>-25.2670082,37.8414802,0</coordinates>
				</Point>
			</Placemark>
			<Placemark id="0D9C08B5C43ED1A837DC">
				<gx:mid>/g/11c5s621wk</gx:mid>
				<gx:fid>0xb5ce1adf70c6365:0x9f04d935a6e3e68</gx:fid>
				<LookAt>
					<longitude>-25.2312596</longitude>
					<latitude>37.85156440000001</latitude>
					<altitude>0</altitude>
					<heading>0</heading>
					<tilt>0</tilt>
					<gx:fovy>35</gx:fovy>
					<range>813.2067652913961</range>
					<altitudeMode>relativeToGround</altitudeMode>
				</LookAt>
				<styleUrl>#__managed_style_1842B1047040DE0E8CD0</styleUrl>
				<Point>
					<altitudeMode>relativeToGround</altitudeMode>
					<coordinates>-25.2312596,37.8515644,0</coordinates>
				</Point>
			</Placemark>
			<Placemark id="07318929E63ED1A87AF7">
				<gx:mid>/g/121cs357</gx:mid>
				<gx:fid>0xb5ce1a55738035d:0x98bb4ce527171d83</gx:fid>
				<LookAt>
					<longitude>-25.22416239999999</longitude>
					<latitude>37.85354869999999</latitude>
					<altitude>0</altitude>
					<heading>0</heading>
					<tilt>0</tilt>
					<gx:fovy>35</gx:fovy>
					<range>813.1827530032316</range>
					<altitudeMode>relativeToGround</altitudeMode>
				</LookAt>
				<styleUrl>#__managed_style_1842B1047040DE0E8CD0</styleUrl>
				<Point>
					<altitudeMode>relativeToGround</altitudeMode>
					<coordinates>-25.2241624,37.8535487,0</coordinates>
				</Point>
			</Placemark>
			<Placemark id="05FA62B7FD3ED1AA4904">
				<gx:mid>/g/11g6p13qkb</gx:mid>
				<gx:fid>0xb5ce278eae8ce9f:0x8ad07b9a8f2327b3</gx:fid>
				<LookAt>
					<longitude>-25.149027</longitude>
					<latitude>37.8416145</latitude>
					<altitude>0</altitude>
					<heading>0</heading>
					<tilt>0</tilt>
					<gx:fovy>35</gx:fovy>
					<range>813.3271559930282</range>
					<altitudeMode>relativeToGround</altitudeMode>
				</LookAt>
				<styleUrl>#__managed_style_1842B1047040DE0E8CD0</styleUrl>
				<Point>
					<altitudeMode>relativeToGround</altitudeMode>
					<coordinates>-25.149027,37.8416145,0</coordinates>
				</Point>
			</Placemark>
			<Placemark id="09ADB3485F3ED1AAD011">
				<gx:mid>/g/1233g0sw</gx:mid>
				<gx:fid>0xb5d1d750e767fe5:0xd2f57a1dab9cb083</gx:fid>
				<LookAt>
					<longitude>-25.1396196</longitude>
					<latitude>37.8244677</latitude>
					<altitude>0</altitude>
					<heading>0</heading>
					<tilt>0</tilt>
					<gx:fovy>35</gx:fovy>
					<range>813.5345705487553</range>
					<altitudeMode>relativeToGround</altitudeMode>
				</LookAt>
				<styleUrl>#__managed_style_1842B1047040DE0E8CD0</styleUrl>
				<Point>
					<altitudeMode>relativeToGround</altitudeMode>
					<coordinates>-25.1396196,37.8244677,0</coordinates>
				</Point>
			</Placemark>
			<Placemark id="00CCB8E1DA3ED1ABF800">
				<gx:mid>/g/1234ng_4</gx:mid>
				<gx:fid>0xb5d1c548c277fa5:0x4bc851ff8fd66370</gx:fid>
				<LookAt>
					<longitude>-25.1458824</longitude>
					<latitude>37.7992393</latitude>
					<altitude>0</altitude>
					<heading>0</heading>
					<tilt>0</tilt>
					<gx:fovy>35</gx:fovy>
					<range>813.8396135433735</range>
					<altitudeMode>relativeToGround</altitudeMode>
				</LookAt>
				<styleUrl>#__managed_style_1842B1047040DE0E8CD0</styleUrl>
				<Point>
					<altitudeMode>relativeToGround</altitudeMode>
					<coordinates>-25.1458824,37.7992393,0</coordinates>
				</Point>
			</Placemark>
			<Placemark id="03AC3F11A23ED1AD6A56">
				<gx:mid>/g/120txj19</gx:mid>
				<gx:fid>0xb5d1c5988c0dc4b:0x2017ba642ea6c384</gx:fid>
				<LookAt>
					<longitude>-25.1454165</longitude>
					<latitude>37.7895819</latitude>
					<altitude>0</altitude>
					<heading>0</heading>
					<tilt>0</tilt>
					<gx:fovy>35</gx:fovy>
					<range>813.9563426893337</range>
					<altitudeMode>relativeToGround</altitudeMode>
				</LookAt>
				<styleUrl>#__managed_style_1842B1047040DE0E8CD0</styleUrl>
				<Point>
					<altitudeMode>relativeToGround</altitudeMode>
					<coordinates>-25.1454165,37.7895819,0</coordinates>
				</Point>
			</Placemark>
			<Placemark id="072BADA92F3ED1ADE197">
				<gx:mid>/g/1220wglc</gx:mid>
				<gx:fid>0xb5d1ecc628e42cd:0xa068dfea833e9d37</gx:fid>
				<LookAt>
					<longitude>-25.2190714</longitude>
					<latitude>37.74698889999999</latitude>
					<altitude>0</altitude>
					<heading>0</heading>
					<tilt>0</tilt>
					<gx:fovy>35</gx:fovy>
					<range>814.4708944096864</range>
					<altitudeMode>relativeToGround</altitudeMode>
				</LookAt>
				<styleUrl>#__managed_style_1842B1047040DE0E8CD0</styleUrl>
				<Point>
					<altitudeMode>relativeToGround</altitudeMode>
					<coordinates>-25.2190714,37.7469889,0</coordinates>
				</Point>
			</Placemark>
			<Placemark id="0675F41B833ED1AF4A3F">
				<gx:mid>/g/11g6m8s_vr</gx:mid>
				<gx:fid>0xb5d1f46b45b4205:0x9a896ad4ffd4351d</gx:fid>
				<LookAt>
					<longitude>-25.2647464</longitude>
					<latitude>37.7489868</latitude>
					<altitude>0</altitude>
					<heading>0</heading>
					<tilt>0</tilt>
					<gx:fovy>35</gx:fovy>
					<range>814.4467683144501</range>
					<altitudeMode>relativeToGround</altitudeMode>
				</LookAt>
				<styleUrl>#__managed_style_1842B1047040DE0E8CD0</styleUrl>
				<Point>
					<altitudeMode>relativeToGround</altitudeMode>
					<coordinates>-25.2647464,37.7489868,0</coordinates>
				</Point>
			</Placemark>
			<Placemark id="09D8B7B9043ED1B007F0">
				<gx:mid>/g/11yn318_43</gx:mid>
				<gx:fid>0xb5d1f005be6cf61:0xc2e5755d117a6ee</gx:fid>
				<LookAt>
					<longitude>-25.2720878</longitude>
					<latitude>37.74816379999999</latitude>
					<altitude>0</altitude>
					<heading>0</heading>
					<tilt>0</tilt>
					<gx:fovy>35</gx:fovy>
					<range>814.4567067555085</range>
					<altitudeMode>relativeToGround</altitudeMode>
				</LookAt>
				<styleUrl>#__managed_style_1842B1047040DE0E8CD0</styleUrl>
				<Point>
					<altitudeMode>relativeToGround</altitudeMode>
					<coordinates>-25.2720878,37.7481638,0</coordinates>
				</Point>
			</Placemark>
			<Placemark id="0A651A70A43ED1B1A344">
				<gx:mid>/g/11c38fmv9n</gx:mid>
				<gx:fid>0xb5d1ecf338b0c11:0xf514bc145f713dbe</gx:fid>
				<LookAt>
					<longitude>-25.2188253</longitude>
					<latitude>37.7531062</latitude>
					<altitude>0</altitude>
					<heading>0</heading>
					<tilt>0</tilt>
					<gx:fovy>35</gx:fovy>
					<range>814.3970204986759</range>
					<altitudeMode>relativeToGround</altitudeMode>
				</LookAt>
				<styleUrl>#__managed_style_1842B1047040DE0E8CD0</styleUrl>
				<Point>
					<altitudeMode>relativeToGround</altitudeMode>
					<coordinates>-25.21968929500538,37.75348497238839,0</coordinates>
				</Point>
			</Placemark>
			<Placemark id="0F7545E4623ED1B21E3C">
				<gx:mid>/g/12182m7f</gx:mid>
				<gx:fid>0xb5d1f8a81c2b1e3:0xe18f1107eedaea44</gx:fid>
				<LookAt>
					<longitude>-25.28371049999999</longitude>
					<latitude>37.7873898</latitude>
					<altitude>0</altitude>
					<heading>0</heading>
					<tilt>0</tilt>
					<gx:fovy>35</gx:fovy>
					<range>813.9828354798875</range>
					<altitudeMode>relativeToGround</altitudeMode>
				</LookAt>
				<styleUrl>#__managed_style_1842B1047040DE0E8CD0</styleUrl>
				<Point>
					<altitudeMode>relativeToGround</altitudeMode>
					<coordinates>-25.28371049999999,37.7873898,0</coordinates>
				</Point>
			</Placemark>
			<Placemark id="007F3252213ED1B279DE">
				<gx:mid>/g/11h6mmg9rn</gx:mid>
				<gx:fid>0xb5d21b75ad26dd7:0x11fd711c31b4972d</gx:fid>
				<LookAt>
					<longitude>-25.3229316</longitude>
					<latitude>37.7805969</latitude>
					<altitude>0</altitude>
					<heading>0</heading>
					<tilt>0</tilt>
					<gx:fovy>35</gx:fovy>
					<range>814.0649241689127</range>
					<altitudeMode>relativeToGround</altitudeMode>
				</LookAt>
				<styleUrl>#__managed_style_1842B1047040DE0E8CD0</styleUrl>
				<Point>
					<altitudeMode>relativeToGround</altitudeMode>
					<coordinates>-25.3229316,37.7805969,0</coordinates>
				</Point>
			</Placemark>
			<Placemark id="0D67A2FC643ED1B2C528">
				<gx:mid>/g/11c60hzqqg</gx:mid>
				<gx:fid>0xb5d20f66029aa3d:0x31ba2327017f2be1</gx:fid>
				<LookAt>
					<longitude>-25.3341206</longitude>
					<latitude>37.77201120000001</latitude>
					<altitude>0</altitude>
					<heading>0</heading>
					<tilt>0</tilt>
					<gx:fovy>35</gx:fovy>
					<range>814.1686618698716</range>
					<altitudeMode>relativeToGround</altitudeMode>
				</LookAt>
				<styleUrl>#__managed_style_1842B1047040DE0E8CD0</styleUrl>
				<Point>
					<altitudeMode>relativeToGround</altitudeMode>
					<coordinates>-25.33419101970752,37.77159411448181,0</coordinates>
				</Point>
			</Placemark>
			<Placemark id="04E5F660C43ED1B38E7C">
				<gx:mid>/g/11h6sb2f1p</gx:mid>
				<gx:fid>0xb5d21a7545ab383:0x30fa7fc037e434ec</gx:fid>
				<LookAt>
					<longitude>-25.3322961</longitude>
					<latitude>37.7502305</latitude>
					<altitude>0</altitude>
					<heading>0</heading>
					<tilt>0</tilt>
					<gx:fovy>35</gx:fovy>
					<range>814.4317492421808</range>
					<altitudeMode>relativeToGround</altitudeMode>
				</LookAt>
				<styleUrl>#__managed_style_16147CE44F40DE0E8CCF</styleUrl>
				<Point>
					<altitudeMode>relativeToGround</altitudeMode>
					<coordinates>-25.3322961,37.7502305,0</coordinates>
				</Point>
			</Placemark>
			<Placemark id="003FFB4D1C3ED1B42B14">
				<gx:mid>/g/11s7qsw4kb</gx:mid>
				<gx:fid>0xb5d2157a0c7e60d:0xa15d53e9039622f5</gx:fid>
				<LookAt>
					<longitude>-25.3248693</longitude>
					<latitude>37.75781560000001</latitude>
					<altitude>0</altitude>
					<heading>0</heading>
					<tilt>0</tilt>
					<gx:fovy>35</gx:fovy>
					<range>814.3401425074372</range>
					<altitudeMode>relativeToGround</altitudeMode>
				</LookAt>
				<styleUrl>#__managed_style_1842B1047040DE0E8CD0</styleUrl>
				<Point>
					<altitudeMode>relativeToGround</altitudeMode>
					<coordinates>-25.3248693,37.7578156,0</coordinates>
				</Point>
			</Placemark>
			<Placemark id="06781336723ED23A9BD3">
				<gx:mid>/g/11g68_fwk1</gx:mid>
				<gx:fid>0xb679a27b520af3f:0x56757ce808fd142a</gx:fid>
				<LookAt>
					<longitude>-25.0601275</longitude>
					<latitude>36.9814793</latitude>
					<altitude>0</altitude>
					<heading>0</heading>
					<tilt>0</tilt>
					<gx:fovy>35</gx:fovy>
					<range>823.6430839305306</range>
					<altitudeMode>relativeToGround</altitudeMode>
				</LookAt>
				<styleUrl>#__managed_style_09B5FBA38B40DE0E8CCF</styleUrl>
				<Point>
					<altitudeMode>relativeToGround</altitudeMode>
					<coordinates>-25.0601275,36.9814793,0</coordinates>
				</Point>
			</Placemark>
			<Placemark id="0CCEAFD71E3ED2441D2E">
				<gx:mid>/g/1239cvn7</gx:mid>
				<gx:fid>0xb6796d964fa113f:0x144692678b06c5fb</gx:fid>
				<LookAt>
					<longitude>-25.1468998</longitude>
					<latitude>36.9461295</latitude>
					<altitude>0</altitude>
					<heading>0</heading>
					<tilt>0</tilt>
					<gx:fovy>35</gx:fovy>
					<range>824.0631529919219</range>
					<altitudeMode>relativeToGround</altitudeMode>
				</LookAt>
				<styleUrl>#__managed_style_1842B1047040DE0E8CD0</styleUrl>
				<Point>
					<altitudeMode>relativeToGround</altitudeMode>
					<coordinates>-25.1468998,36.9461295,0</coordinates>
				</Point>
			</Placemark>
			<Placemark id="072823EB893ED244C018">
				<gx:mid>/g/11c6cr4cm3</gx:mid>
				<gx:fid>0xb67975c84f61293:0x7ddf544066a7633</gx:fid>
				<LookAt>
					<longitude>-25.1035837</longitude>
					<latitude>36.9535619</latitude>
					<altitude>0</altitude>
					<heading>0</heading>
					<tilt>0</tilt>
					<gx:fovy>35</gx:fovy>
					<range>823.9748579284684</range>
					<altitudeMode>relativeToGround</altitudeMode>
				</LookAt>
				<styleUrl>#__managed_style_1842B1047040DE0E8CD0</styleUrl>
				<Point>
					<altitudeMode>relativeToGround</altitudeMode>
					<coordinates>-25.10373486107486,36.95356592257934,0</coordinates>
				</Point>
			</Placemark>
			<Placemark id="0AC7B9A4ED3ED245FF57">
				<gx:mid>/g/11c2qv2s6m</gx:mid>
				<gx:fid>0xb679a2abd59f47f:0x5f3b3a5c21c4cc2f</gx:fid>
				<LookAt>
					<longitude>-25.0480601</longitude>
					<latitude>36.98240549999999</latitude>
					<altitude>0</altitude>
					<heading>0</heading>
					<tilt>0</tilt>
					<gx:fovy>35</gx:fovy>
					<range>823.6320735418709</range>
					<altitudeMode>relativeToGround</altitudeMode>
				</LookAt>
				<styleUrl>#__managed_style_1842B1047040DE0E8CD0</styleUrl>
				<Point>
					<altitudeMode>relativeToGround</altitudeMode>
					<coordinates>-25.0480601,36.9824055,0</coordinates>
				</Point>
			</Placemark>
			<Placemark id="0DBAFF4C783ED2469761">
				<gx:mid>/g/11c6qt7ssm</gx:mid>
				<gx:fid>0xb679a0888624997:0xcc7015034bd66984</gx:fid>
				<LookAt>
					<longitude>-25.0909043</longitude>
					<latitude>36.9828601</latitude>
					<altitude>0</altitude>
					<heading>0</heading>
					<tilt>0</tilt>
					<gx:fovy>35</gx:fovy>
					<range>823.6266693152921</range>
					<altitudeMode>relativeToGround</altitudeMode>
				</LookAt>
				<styleUrl>#__managed_style_1842B1047040DE0E8CD0</styleUrl>
				<Point>
					<altitudeMode>relativeToGround</altitudeMode>
					<coordinates>-25.0909043,36.9828601,0</coordinates>
				</Point>
			</Placemark>
			<Placemark id="0F329454963ED2497110">
				<gx:mid>/m/0282wyd</gx:mid>
				<gx:fid>0xb67975389e74e71:0x6f600d500febac71</gx:fid>
				<LookAt>
					<longitude>-25.1655119</longitude>
					<latitude>36.9742664</latitude>
					<altitude>0</altitude>
					<heading>0</heading>
					<tilt>0</tilt>
					<gx:fovy>35</gx:fovy>
					<range>823.7288214610253</range>
					<altitudeMode>relativeToGround</altitudeMode>
				</LookAt>
				<styleUrl>#__managed_style_0BFA07C14140DE0E8CD7</styleUrl>
				<Point>
					<altitudeMode>relativeToGround</altitudeMode>
					<coordinates>-25.16551189999999,36.9742664,0</coordinates>
				</Point>
			</Placemark>
		</Folder>
	</Folder>
</Document>
</kml>
