<?xml version="1.0" encoding="UTF-8"?>
<kml xmlns="http://www.opengis.net/kml/2.2" xmlns:gx="http://www.google.com/kml/ext/2.2" xmlns:kml="http://www.opengis.net/kml/2.2" xmlns:atom="http://www.w3.org/2005/Atom">
<Document id="1nHo6foAWpwj_7m4TqJtbJX2nBN6vvfcd">
	<name>עודד | רומניה</name>
	<visibility>0</visibility>
	<description>פרטים נוספים: 

 חובה לנסות - אוכל מקומי טעים ואותנטי 🍽️ 

חובה לראות - עיירות מימי הביניים כמו סיביו ובראשוב 🏰

נסיעה מיוחדת בהרים מול נופים מרהיבים 🚗 </description>
	<StyleMap id="__managed_style_382814279B40DE0EE2C0">
		<Pair>
			<key>normal</key>
			<styleUrl>#__managed_style_382814279B40DE0EE2C0_normal</styleUrl>
		</Pair>
		<Pair>
			<key>highlight</key>
			<styleUrl>#__managed_style_382814279B40DE0EE2C0_highlight</styleUrl>
		</Pair>
	</StyleMap>
	<gx:CascadingStyle kml:id="__managed_style_049027D08B40DE0EE2BF_normal">
		<Style>
			<IconStyle>
				<Icon>
					<href>https://earth.google.com/earth/document/icon?color=541271&amp;id=2006&amp;scale=4</href>
				</Icon>
				<hotSpot x="64" y="128" xunits="pixels" yunits="insetPixels"/>
			</IconStyle>
			<LabelStyle>
				<scale>0</scale>
			</LabelStyle>
			<LineStyle>
				<color>ff2dc0fb</color>
				<width>3.2</width>
			</LineStyle>
			<PolyStyle>
				<color>40ffffff</color>
			</PolyStyle>
			<BalloonStyle>
				<gx:displayMode>card</gx:displayMode>
			</BalloonStyle>
		</Style>
	</gx:CascadingStyle>
	<gx:CascadingStyle kml:id="__managed_style_049027D08B40DE0EE2BF_highlight">
		<Style>
			<IconStyle>
				<scale>1.2</scale>
				<Icon>
					<href>https://earth.google.com/earth/document/icon?color=541271&amp;id=2006&amp;scale=4</href>
				</Icon>
				<hotSpot x="64" y="128" xunits="pixels" yunits="insetPixels"/>
			</IconStyle>
			<LabelStyle>
				<scale>0</scale>
			</LabelStyle>
			<LineStyle>
				<color>ff2dc0fb</color>
				<width>4.8</width>
			</LineStyle>
			<PolyStyle>
				<color>40ffffff</color>
			</PolyStyle>
			<BalloonStyle>
				<gx:displayMode>card</gx:displayMode>
			</BalloonStyle>
		</Style>
	</gx:CascadingStyle>
	<StyleMap id="__managed_style_049027D08B40DE0EE2BF">
		<Pair>
			<key>normal</key>
			<styleUrl>#__managed_style_049027D08B40DE0EE2BF_normal</styleUrl>
		</Pair>
		<Pair>
			<key>highlight</key>
			<styleUrl>#__managed_style_049027D08B40DE0EE2BF_highlight</styleUrl>
		</Pair>
	</StyleMap>
	<gx:CascadingStyle kml:id="__managed_style_2C365E5EE740DE0EE2BE_highlight">
		<Style>
			<IconStyle>
				<scale>1.2</scale>
				<Icon>
					<href>https://earth.google.com/earth/document/icon?color=ab47bc&amp;id=2156&amp;scale=4</href>
				</Icon>
				<hotSpot x="64" y="128" xunits="pixels" yunits="insetPixels"/>
			</IconStyle>
			<LabelStyle>
				<scale>0</scale>
			</LabelStyle>
			<LineStyle>
				<color>ff2dc0fb</color>
				<width>4.8</width>
			</LineStyle>
			<PolyStyle>
				<color>40ffffff</color>
			</PolyStyle>
			<BalloonStyle>
				<gx:displayMode>card</gx:displayMode>
			</BalloonStyle>
		</Style>
	</gx:CascadingStyle>
	<gx:CascadingStyle kml:id="__managed_style_382814279B40DE0EE2C0_highlight">
		<Style>
			<IconStyle>
				<scale>1.2</scale>
				<Icon>
					<href>https://earth.google.com/earth/document/icon?color=4d0d69&amp;id=2163&amp;scale=4</href>
				</Icon>
				<hotSpot x="64" y="128" xunits="pixels" yunits="insetPixels"/>
			</IconStyle>
			<LabelStyle>
				<scale>0</scale>
			</LabelStyle>
			<LineStyle>
				<color>ff2dc0fb</color>
				<width>4.8</width>
			</LineStyle>
			<PolyStyle>
				<color>40ffffff</color>
			</PolyStyle>
			<BalloonStyle>
				<gx:displayMode>card</gx:displayMode>
			</BalloonStyle>
		</Style>
	</gx:CascadingStyle>
	<gx:CascadingStyle kml:id="__managed_style_2C365E5EE740DE0EE2BE_normal">
		<Style>
			<IconStyle>
				<Icon>
					<href>https://earth.google.com/earth/document/icon?color=ab47bc&amp;id=2156&amp;scale=4</href>
				</Icon>
				<hotSpot x="64" y="128" xunits="pixels" yunits="insetPixels"/>
			</IconStyle>
			<LabelStyle>
				<scale>0</scale>
			</LabelStyle>
			<LineStyle>
				<color>ff2dc0fb</color>
				<width>3.2</width>
			</LineStyle>
			<PolyStyle>
				<color>40ffffff</color>
			</PolyStyle>
			<BalloonStyle>
				<gx:displayMode>card</gx:displayMode>
			</BalloonStyle>
		</Style>
	</gx:CascadingStyle>
	<gx:CascadingStyle kml:id="__managed_style_34FC874BA840DE0EE2C4_highlight">
		<Style>
			<IconStyle>
				<scale>1.2</scale>
				<Icon>
					<href>https://earth.google.com/earth/document/icon?color=5b1279&amp;id=2163&amp;scale=4</href>
				</Icon>
				<hotSpot x="64" y="128" xunits="pixels" yunits="insetPixels"/>
			</IconStyle>
			<LabelStyle>
				<scale>0</scale>
			</LabelStyle>
			<LineStyle>
				<color>ff2dc0fb</color>
				<width>4.8</width>
			</LineStyle>
			<PolyStyle>
				<color>40ffffff</color>
			</PolyStyle>
			<BalloonStyle>
				<gx:displayMode>card</gx:displayMode>
			</BalloonStyle>
		</Style>
	</gx:CascadingStyle>
	<StyleMap id="__managed_style_34FC874BA840DE0EE2C4">
		<Pair>
			<key>normal</key>
			<styleUrl>#__managed_style_34FC874BA840DE0EE2C4_normal</styleUrl>
		</Pair>
		<Pair>
			<key>highlight</key>
			<styleUrl>#__managed_style_34FC874BA840DE0EE2C4_highlight</styleUrl>
		</Pair>
	</StyleMap>
	<gx:CascadingStyle kml:id="__managed_style_0CBDA3B33C40DE0EE2BE_highlight">
		<Style>
			<IconStyle>
				<scale>1.8</scale>
				<Icon>
					<href>https://earth.google.com/earth/document/icon?color=5f1180&amp;id=2163&amp;scale=4</href>
				</Icon>
				<hotSpot x="64" y="128" xunits="pixels" yunits="insetPixels"/>
			</IconStyle>
			<LabelStyle>
				<scale>0</scale>
			</LabelStyle>
			<LineStyle>
				<color>ff2dc0fb</color>
				<width>4.8</width>
			</LineStyle>
			<PolyStyle>
				<color>40ffffff</color>
			</PolyStyle>
			<BalloonStyle>
				<gx:displayMode>card</gx:displayMode>
			</BalloonStyle>
		</Style>
	</gx:CascadingStyle>
	<gx:CascadingStyle kml:id="__managed_style_0CBDA3B33C40DE0EE2BE_normal">
		<Style>
			<IconStyle>
				<scale>1.5</scale>
				<Icon>
					<href>https://earth.google.com/earth/document/icon?color=5f1180&amp;id=2163&amp;scale=4</href>
				</Icon>
				<hotSpot x="64" y="128" xunits="pixels" yunits="insetPixels"/>
			</IconStyle>
			<LabelStyle>
				<scale>0</scale>
			</LabelStyle>
			<LineStyle>
				<color>ff2dc0fb</color>
				<width>3.2</width>
			</LineStyle>
			<PolyStyle>
				<color>40ffffff</color>
			</PolyStyle>
			<BalloonStyle>
				<gx:displayMode>card</gx:displayMode>
			</BalloonStyle>
		</Style>
	</gx:CascadingStyle>
	<StyleMap id="__managed_style_1A4B20ADB540DE0EE2BB">
		<Pair>
			<key>normal</key>
			<styleUrl>#__managed_style_1A4B20ADB540DE0EE2BB_normal</styleUrl>
		</Pair>
		<Pair>
			<key>highlight</key>
			<styleUrl>#__managed_style_1A4B20ADB540DE0EE2BB_highlight</styleUrl>
		</Pair>
	</StyleMap>
	<gx:CascadingStyle kml:id="__managed_style_11A4FA0EBC40DE0EE2C3_highlight">
		<Style>
			<IconStyle>
				<scale>1.2</scale>
				<Icon>
					<href>https://earth.google.com/earth/document/icon?color=7b1fa2&amp;id=2055&amp;scale=4</href>
				</Icon>
				<hotSpot x="64" y="128" xunits="pixels" yunits="insetPixels"/>
			</IconStyle>
			<LabelStyle>
				<scale>0</scale>
			</LabelStyle>
			<LineStyle>
				<color>ff2dc0fb</color>
				<width>4.8</width>
			</LineStyle>
			<PolyStyle>
				<color>40ffffff</color>
			</PolyStyle>
			<BalloonStyle>
				<gx:displayMode>card</gx:displayMode>
			</BalloonStyle>
		</Style>
	</gx:CascadingStyle>
	<gx:CascadingStyle kml:id="__managed_style_11A4FA0EBC40DE0EE2C3_normal">
		<Style>
			<IconStyle>
				<Icon>
					<href>https://earth.google.com/earth/document/icon?color=7b1fa2&amp;id=2055&amp;scale=4</href>
				</Icon>
				<hotSpot x="64" y="128" xunits="pixels" yunits="insetPixels"/>
			</IconStyle>
			<LabelStyle>
				<scale>0</scale>
			</LabelStyle>
			<LineStyle>
				<color>ff2dc0fb</color>
				<width>3.2</width>
			</LineStyle>
			<PolyStyle>
				<color>40ffffff</color>
			</PolyStyle>
			<BalloonStyle>
				<gx:displayMode>card</gx:displayMode>
			</BalloonStyle>
		</Style>
	</gx:CascadingStyle>
	<StyleMap id="__managed_style_11A4FA0EBC40DE0EE2C3">
		<Pair>
			<key>normal</key>
			<styleUrl>#__managed_style_11A4FA0EBC40DE0EE2C3_normal</styleUrl>
		</Pair>
		<Pair>
			<key>highlight</key>
			<styleUrl>#__managed_style_11A4FA0EBC40DE0EE2C3_highlight</styleUrl>
		</Pair>
	</StyleMap>
	<gx:CascadingStyle kml:id="__managed_style_08373E66A740DE0EE2C4_normal">
		<Style>
			<IconStyle>
				<Icon>
					<href>https://earth.google.com/earth/document/icon?color=7b1fa2&amp;id=2055&amp;scale=4</href>
				</Icon>
				<hotSpot x="64" y="128" xunits="pixels" yunits="insetPixels"/>
			</IconStyle>
			<LabelStyle>
				<scale>0</scale>
			</LabelStyle>
			<LineStyle>
				<color>ff2dc0fb</color>
				<width>3.2</width>
			</LineStyle>
			<PolyStyle>
				<color>40ffffff</color>
			</PolyStyle>
			<BalloonStyle>
			</BalloonStyle>
		</Style>
	</gx:CascadingStyle>
	<StyleMap id="__managed_style_08373E66A740DE0EE2C4">
		<Pair>
			<key>normal</key>
			<styleUrl>#__managed_style_08373E66A740DE0EE2C4_normal</styleUrl>
		</Pair>
		<Pair>
			<key>highlight</key>
			<styleUrl>#__managed_style_08373E66A740DE0EE2C4_highlight</styleUrl>
		</Pair>
	</StyleMap>
	<gx:CascadingStyle kml:id="__managed_style_05457487DD40DE0EE2C3_normal">
		<Style>
			<IconStyle>
				<scale>1.5</scale>
				<Icon>
					<href>https://earth.google.com/earth/document/icon?color=7b1fa2&amp;id=2163&amp;scale=4</href>
				</Icon>
				<hotSpot x="64" y="128" xunits="pixels" yunits="insetPixels"/>
			</IconStyle>
			<LabelStyle>
				<scale>0</scale>
			</LabelStyle>
			<LineStyle>
				<color>ff2dc0fb</color>
				<width>3.2</width>
			</LineStyle>
			<PolyStyle>
				<color>40ffffff</color>
			</PolyStyle>
			<BalloonStyle>
				<gx:displayMode>card</gx:displayMode>
			</BalloonStyle>
		</Style>
	</gx:CascadingStyle>
	<StyleMap id="__managed_style_1D7346FBDE40DE0EE2C1">
		<Pair>
			<key>normal</key>
			<styleUrl>#__managed_style_1D7346FBDE40DE0EE2C1_normal</styleUrl>
		</Pair>
		<Pair>
			<key>highlight</key>
			<styleUrl>#__managed_style_1D7346FBDE40DE0EE2C1_highlight</styleUrl>
		</Pair>
	</StyleMap>
	<gx:CascadingStyle kml:id="__managed_style_63CE7B9AF940DE0EE2B8_normal">
		<Style>
			<IconStyle>
				<Icon>
					<href>https://earth.google.com/earth/document/icon?color=7b1fa2&amp;id=2006&amp;scale=4</href>
				</Icon>
				<hotSpot x="64" y="128" xunits="pixels" yunits="insetPixels"/>
			</IconStyle>
			<LabelStyle>
				<scale>0</scale>
			</LabelStyle>
			<LineStyle>
				<color>ff2dc0fb</color>
				<width>3.2</width>
			</LineStyle>
			<PolyStyle>
				<color>40ffffff</color>
			</PolyStyle>
			<BalloonStyle>
			</BalloonStyle>
		</Style>
	</gx:CascadingStyle>
	<gx:CascadingStyle kml:id="__managed_style_4CAD8360CB40DE0EE2C0_highlight">
		<Style>
			<IconStyle>
				<scale>1.8</scale>
				<Icon>
					<href>https://earth.google.com/earth/document/icon?color=500c6d&amp;id=2006&amp;scale=4</href>
				</Icon>
				<hotSpot x="64" y="128" xunits="pixels" yunits="insetPixels"/>
			</IconStyle>
			<LabelStyle>
				<scale>0</scale>
			</LabelStyle>
			<LineStyle>
				<color>ff2dc0fb</color>
				<width>4.8</width>
			</LineStyle>
			<PolyStyle>
				<color>40ffffff</color>
			</PolyStyle>
			<BalloonStyle>
			</BalloonStyle>
		</Style>
	</gx:CascadingStyle>
	<gx:CascadingStyle kml:id="__managed_style_4CAD8360CB40DE0EE2C0_normal">
		<Style>
			<IconStyle>
				<scale>1.5</scale>
				<Icon>
					<href>https://earth.google.com/earth/document/icon?color=500c6d&amp;id=2006&amp;scale=4</href>
				</Icon>
				<hotSpot x="64" y="128" xunits="pixels" yunits="insetPixels"/>
			</IconStyle>
			<LabelStyle>
				<scale>0</scale>
			</LabelStyle>
			<LineStyle>
				<color>ff2dc0fb</color>
				<width>3.2</width>
			</LineStyle>
			<PolyStyle>
				<color>40ffffff</color>
			</PolyStyle>
			<BalloonStyle>
			</BalloonStyle>
		</Style>
	</gx:CascadingStyle>
	<StyleMap id="__managed_style_4CAD8360CB40DE0EE2C0">
		<Pair>
			<key>normal</key>
			<styleUrl>#__managed_style_4CAD8360CB40DE0EE2C0_normal</styleUrl>
		</Pair>
		<Pair>
			<key>highlight</key>
			<styleUrl>#__managed_style_4CAD8360CB40DE0EE2C0_highlight</styleUrl>
		</Pair>
	</StyleMap>
	<gx:CascadingStyle kml:id="__managed_style_22BA21B38F40DE0EE2BC_highlight">
		<Style>
			<IconStyle>
				<scale>1.2</scale>
				<Icon>
					<href>https://earth.google.com/earth/document/icon?color=620669&amp;id=2163&amp;scale=4</href>
				</Icon>
				<hotSpot x="64" y="128" xunits="pixels" yunits="insetPixels"/>
			</IconStyle>
			<LabelStyle>
				<scale>0</scale>
			</LabelStyle>
			<LineStyle>
				<color>ff2dc0fb</color>
				<width>4.8</width>
			</LineStyle>
			<PolyStyle>
				<color>40ffffff</color>
			</PolyStyle>
			<BalloonStyle>
				<gx:displayMode>card</gx:displayMode>
			</BalloonStyle>
		</Style>
	</gx:CascadingStyle>
	<gx:CascadingStyle kml:id="__managed_style_22BA21B38F40DE0EE2BC_normal">
		<Style>
			<IconStyle>
				<Icon>
					<href>https://earth.google.com/earth/document/icon?color=620669&amp;id=2163&amp;scale=4</href>
				</Icon>
				<hotSpot x="64" y="128" xunits="pixels" yunits="insetPixels"/>
			</IconStyle>
			<LabelStyle>
				<scale>0</scale>
			</LabelStyle>
			<LineStyle>
				<color>ff2dc0fb</color>
				<width>3.2</width>
			</LineStyle>
			<PolyStyle>
				<color>40ffffff</color>
			</PolyStyle>
			<BalloonStyle>
				<gx:displayMode>card</gx:displayMode>
			</BalloonStyle>
		</Style>
	</gx:CascadingStyle>
	<StyleMap id="__managed_style_63CE7B9AF940DE0EE2B8">
		<Pair>
			<key>normal</key>
			<styleUrl>#__managed_style_63CE7B9AF940DE0EE2B8_normal</styleUrl>
		</Pair>
		<Pair>
			<key>highlight</key>
			<styleUrl>#__managed_style_63CE7B9AF940DE0EE2B8_highlight</styleUrl>
		</Pair>
	</StyleMap>
	<StyleMap id="__managed_style_22BA21B38F40DE0EE2BC">
		<Pair>
			<key>normal</key>
			<styleUrl>#__managed_style_22BA21B38F40DE0EE2BC_normal</styleUrl>
		</Pair>
		<Pair>
			<key>highlight</key>
			<styleUrl>#__managed_style_22BA21B38F40DE0EE2BC_highlight</styleUrl>
		</Pair>
	</StyleMap>
	<gx:CascadingStyle kml:id="__managed_style_0F11DE7E6940DE0EE2C6_highlight">
		<Style>
			<IconStyle>
				<scale>1.2</scale>
				<Icon>
					<href>https://earth.google.com/earth/document/icon?color=7b1fa2&amp;id=2163&amp;scale=4</href>
				</Icon>
				<hotSpot x="64" y="128" xunits="pixels" yunits="insetPixels"/>
			</IconStyle>
			<LabelStyle>
				<scale>0</scale>
			</LabelStyle>
			<LineStyle>
				<color>ff2dc0fb</color>
				<width>4.8</width>
			</LineStyle>
			<PolyStyle>
				<color>40ffffff</color>
			</PolyStyle>
			<BalloonStyle>
				<gx:displayMode>card</gx:displayMode>
			</BalloonStyle>
		</Style>
	</gx:CascadingStyle>
	<gx:CascadingStyle kml:id="__managed_style_1981FCD1BF40DE0EE2B9_highlight">
		<Style>
			<IconStyle>
				<scale>1.2</scale>
				<Icon>
					<href>https://earth.google.com/earth/document/icon?color=7b1fa2&amp;id=2364&amp;scale=4</href>
				</Icon>
				<hotSpot x="64" y="128" xunits="pixels" yunits="insetPixels"/>
			</IconStyle>
			<LabelStyle>
				<scale>0</scale>
			</LabelStyle>
			<LineStyle>
				<color>ff2dc0fb</color>
				<width>4.8</width>
			</LineStyle>
			<PolyStyle>
				<color>40ffffff</color>
			</PolyStyle>
			<BalloonStyle>
				<gx:displayMode>card</gx:displayMode>
			</BalloonStyle>
		</Style>
	</gx:CascadingStyle>
	<gx:CascadingStyle kml:id="__managed_style_252772A18640DE0EE2BF_highlight">
		<Style>
			<IconStyle>
				<scale>1.8</scale>
				<Icon>
					<href>https://earth.google.com/earth/document/icon?color=551073&amp;id=2006&amp;scale=4</href>
				</Icon>
				<hotSpot x="64" y="128" xunits="pixels" yunits="insetPixels"/>
			</IconStyle>
			<LabelStyle>
				<scale>0</scale>
			</LabelStyle>
			<LineStyle>
				<color>ff2dc0fb</color>
				<width>4.8</width>
			</LineStyle>
			<PolyStyle>
				<color>40ffffff</color>
			</PolyStyle>
			<BalloonStyle>
				<gx:displayMode>card</gx:displayMode>
			</BalloonStyle>
		</Style>
	</gx:CascadingStyle>
	<gx:CascadingStyle kml:id="__managed_style_252772A18640DE0EE2BF_normal">
		<Style>
			<IconStyle>
				<scale>1.5</scale>
				<Icon>
					<href>https://earth.google.com/earth/document/icon?color=551073&amp;id=2006&amp;scale=4</href>
				</Icon>
				<hotSpot x="64" y="128" xunits="pixels" yunits="insetPixels"/>
			</IconStyle>
			<LabelStyle>
				<scale>0</scale>
			</LabelStyle>
			<LineStyle>
				<color>ff2dc0fb</color>
				<width>3.2</width>
			</LineStyle>
			<PolyStyle>
				<color>40ffffff</color>
			</PolyStyle>
			<BalloonStyle>
				<gx:displayMode>card</gx:displayMode>
			</BalloonStyle>
		</Style>
	</gx:CascadingStyle>
	<gx:CascadingStyle kml:id="__managed_style_4CE48AE06440DE0EE2C4_normal">
		<Style>
			<IconStyle>
				<Icon>
					<href>https://earth.google.com/earth/document/icon?color=ab47bc&amp;id=2006&amp;scale=4</href>
				</Icon>
				<hotSpot x="64" y="128" xunits="pixels" yunits="insetPixels"/>
			</IconStyle>
			<LabelStyle>
				<scale>0</scale>
			</LabelStyle>
			<LineStyle>
				<color>ff2dc0fb</color>
				<width>3.2</width>
			</LineStyle>
			<PolyStyle>
				<color>40ffffff</color>
			</PolyStyle>
			<BalloonStyle>
				<gx:displayMode>card</gx:displayMode>
			</BalloonStyle>
		</Style>
	</gx:CascadingStyle>
	<gx:CascadingStyle kml:id="__managed_style_1A4B20ADB540DE0EE2BB_normal">
		<Style>
			<IconStyle>
				<Icon>
					<href>https://earth.google.com/earth/document/icon?color=5f0d82&amp;id=2163&amp;scale=4</href>
				</Icon>
				<hotSpot x="64" y="128" xunits="pixels" yunits="insetPixels"/>
			</IconStyle>
			<LabelStyle>
				<scale>0</scale>
			</LabelStyle>
			<LineStyle>
				<color>ff2dc0fb</color>
				<width>3.2</width>
			</LineStyle>
			<PolyStyle>
				<color>40ffffff</color>
			</PolyStyle>
			<BalloonStyle>
				<gx:displayMode>card</gx:displayMode>
			</BalloonStyle>
		</Style>
	</gx:CascadingStyle>
	<gx:CascadingStyle kml:id="__managed_style_29E30EE7C540DE0EE2B8_normal">
		<Style>
			<IconStyle>
				<Icon>
					<href>https://earth.google.com/earth/document/icon?color=1976d2&amp;id=2000&amp;scale=4</href>
				</Icon>
				<hotSpot x="64" y="128" xunits="pixels" yunits="insetPixels"/>
			</IconStyle>
			<LabelStyle>
				<scale>0</scale>
			</LabelStyle>
			<LineStyle>
				<color>ff2dc0fb</color>
				<width>3.2</width>
			</LineStyle>
			<PolyStyle>
				<color>40ffffff</color>
			</PolyStyle>
			<BalloonStyle>
			</BalloonStyle>
		</Style>
	</gx:CascadingStyle>
	<StyleMap id="__managed_style_4CE48AE06440DE0EE2C4">
		<Pair>
			<key>normal</key>
			<styleUrl>#__managed_style_4CE48AE06440DE0EE2C4_normal</styleUrl>
		</Pair>
		<Pair>
			<key>highlight</key>
			<styleUrl>#__managed_style_4CE48AE06440DE0EE2C4_highlight</styleUrl>
		</Pair>
	</StyleMap>
	<gx:CascadingStyle kml:id="__managed_style_257DA6652C40DE0EE2C4_normal">
		<Style>
			<IconStyle>
				<scale>1.5</scale>
				<Icon>
					<href>https://earth.google.com/earth/document/icon?color=7b1fa2&amp;id=2006&amp;scale=4</href>
				</Icon>
				<hotSpot x="64" y="128" xunits="pixels" yunits="insetPixels"/>
			</IconStyle>
			<LabelStyle>
				<scale>0</scale>
			</LabelStyle>
			<LineStyle>
				<color>ff2dc0fb</color>
				<width>3.2</width>
			</LineStyle>
			<PolyStyle>
				<color>40ffffff</color>
			</PolyStyle>
			<BalloonStyle>
			</BalloonStyle>
		</Style>
	</gx:CascadingStyle>
	<gx:CascadingStyle kml:id="__managed_style_66E04AB88C40DE0EE2BC_highlight">
		<Style>
			<IconStyle>
				<scale>1.8</scale>
				<Icon>
					<href>https://earth.google.com/earth/document/icon?color=560e74&amp;id=2006&amp;scale=4</href>
				</Icon>
				<hotSpot x="64" y="128" xunits="pixels" yunits="insetPixels"/>
			</IconStyle>
			<LabelStyle>
				<scale>0</scale>
			</LabelStyle>
			<LineStyle>
				<color>ff2dc0fb</color>
				<width>4.8</width>
			</LineStyle>
			<PolyStyle>
				<color>40ffffff</color>
			</PolyStyle>
			<BalloonStyle>
				<gx:displayMode>card</gx:displayMode>
			</BalloonStyle>
		</Style>
	</gx:CascadingStyle>
	<StyleMap id="__managed_style_257DA6652C40DE0EE2C4">
		<Pair>
			<key>normal</key>
			<styleUrl>#__managed_style_257DA6652C40DE0EE2C4_normal</styleUrl>
		</Pair>
		<Pair>
			<key>highlight</key>
			<styleUrl>#__managed_style_257DA6652C40DE0EE2C4_highlight</styleUrl>
		</Pair>
	</StyleMap>
	<gx:CascadingStyle kml:id="__managed_style_1D7346FBDE40DE0EE2C1_normal">
		<Style>
			<IconStyle>
				<Icon>
					<href>https://earth.google.com/earth/document/icon?color=7b1fa2&amp;id=2156&amp;scale=4</href>
				</Icon>
				<hotSpot x="64" y="128" xunits="pixels" yunits="insetPixels"/>
			</IconStyle>
			<LabelStyle>
				<scale>0</scale>
			</LabelStyle>
			<LineStyle>
				<color>ff2dc0fb</color>
				<width>3.2</width>
			</LineStyle>
			<PolyStyle>
				<color>40ffffff</color>
			</PolyStyle>
			<BalloonStyle>
			</BalloonStyle>
		</Style>
	</gx:CascadingStyle>
	<gx:CascadingStyle kml:id="__managed_style_257DA6652C40DE0EE2C4_highlight">
		<Style>
			<IconStyle>
				<scale>1.8</scale>
				<Icon>
					<href>https://earth.google.com/earth/document/icon?color=7b1fa2&amp;id=2006&amp;scale=4</href>
				</Icon>
				<hotSpot x="64" y="128" xunits="pixels" yunits="insetPixels"/>
			</IconStyle>
			<LabelStyle>
				<scale>0</scale>
			</LabelStyle>
			<LineStyle>
				<color>ff2dc0fb</color>
				<width>4.8</width>
			</LineStyle>
			<PolyStyle>
				<color>40ffffff</color>
			</PolyStyle>
			<BalloonStyle>
			</BalloonStyle>
		</Style>
	</gx:CascadingStyle>
	<gx:CascadingStyle kml:id="__managed_style_192D5D112D40DE0EE2C0_highlight">
		<Style>
			<IconStyle>
				<scale>1.2</scale>
				<Icon>
					<href>https://earth.google.com/earth/document/icon?color=7b1fa2&amp;id=2006&amp;scale=4</href>
				</Icon>
				<hotSpot x="64" y="128" xunits="pixels" yunits="insetPixels"/>
			</IconStyle>
			<LabelStyle>
				<scale>0</scale>
			</LabelStyle>
			<LineStyle>
				<color>ff2dc0fb</color>
				<width>4.8</width>
			</LineStyle>
			<PolyStyle>
				<color>40ffffff</color>
			</PolyStyle>
			<BalloonStyle>
			</BalloonStyle>
		</Style>
	</gx:CascadingStyle>
	<gx:CascadingStyle kml:id="__managed_style_192D5D112D40DE0EE2C0_normal">
		<Style>
			<IconStyle>
				<Icon>
					<href>https://earth.google.com/earth/document/icon?color=7b1fa2&amp;id=2006&amp;scale=4</href>
				</Icon>
				<hotSpot x="64" y="128" xunits="pixels" yunits="insetPixels"/>
			</IconStyle>
			<LabelStyle>
				<scale>0</scale>
			</LabelStyle>
			<LineStyle>
				<color>ff2dc0fb</color>
				<width>3.2</width>
			</LineStyle>
			<PolyStyle>
				<color>40ffffff</color>
			</PolyStyle>
			<BalloonStyle>
			</BalloonStyle>
		</Style>
	</gx:CascadingStyle>
	<gx:CascadingStyle kml:id="__managed_style_05457487DD40DE0EE2C3_highlight">
		<Style>
			<IconStyle>
				<scale>1.8</scale>
				<Icon>
					<href>https://earth.google.com/earth/document/icon?color=7b1fa2&amp;id=2163&amp;scale=4</href>
				</Icon>
				<hotSpot x="64" y="128" xunits="pixels" yunits="insetPixels"/>
			</IconStyle>
			<LabelStyle>
				<scale>0</scale>
			</LabelStyle>
			<LineStyle>
				<color>ff2dc0fb</color>
				<width>4.8</width>
			</LineStyle>
			<PolyStyle>
				<color>40ffffff</color>
			</PolyStyle>
			<BalloonStyle>
				<gx:displayMode>card</gx:displayMode>
			</BalloonStyle>
		</Style>
	</gx:CascadingStyle>
	<StyleMap id="__managed_style_192D5D112D40DE0EE2C0">
		<Pair>
			<key>normal</key>
			<styleUrl>#__managed_style_192D5D112D40DE0EE2C0_normal</styleUrl>
		</Pair>
		<Pair>
			<key>highlight</key>
			<styleUrl>#__managed_style_192D5D112D40DE0EE2C0_highlight</styleUrl>
		</Pair>
	</StyleMap>
	<gx:CascadingStyle kml:id="__managed_style_04BD6D505540DE0EE2C0_highlight">
		<Style>
			<IconStyle>
				<scale>1.8</scale>
				<Icon>
					<href>https://earth.google.com/earth/document/icon?color=5a1079&amp;id=2006&amp;scale=4</href>
				</Icon>
				<hotSpot x="64" y="128" xunits="pixels" yunits="insetPixels"/>
			</IconStyle>
			<LabelStyle>
				<scale>0</scale>
			</LabelStyle>
			<LineStyle>
				<color>ff2dc0fb</color>
				<width>4.8</width>
			</LineStyle>
			<PolyStyle>
				<color>40ffffff</color>
			</PolyStyle>
			<BalloonStyle>
				<gx:displayMode>card</gx:displayMode>
			</BalloonStyle>
		</Style>
	</gx:CascadingStyle>
	<StyleMap id="__managed_style_1BEDCAE45440DE0EE2C4">
		<Pair>
			<key>normal</key>
			<styleUrl>#__managed_style_1BEDCAE45440DE0EE2C4_normal</styleUrl>
		</Pair>
		<Pair>
			<key>highlight</key>
			<styleUrl>#__managed_style_1BEDCAE45440DE0EE2C4_highlight</styleUrl>
		</Pair>
	</StyleMap>
	<gx:CascadingStyle kml:id="__managed_style_065E9C9EA040DE0EE2B8_normal">
		<Style>
			<IconStyle>
				<Icon>
					<href>https://earth.google.com/earth/document/icon?color=7b1fa2&amp;id=2317&amp;scale=4</href>
				</Icon>
				<hotSpot x="64" y="128" xunits="pixels" yunits="insetPixels"/>
			</IconStyle>
			<LabelStyle>
				<scale>0</scale>
			</LabelStyle>
			<LineStyle>
				<color>ff2dc0fb</color>
				<width>3.2</width>
			</LineStyle>
			<PolyStyle>
				<color>40ffffff</color>
			</PolyStyle>
			<BalloonStyle>
				<gx:displayMode>card</gx:displayMode>
			</BalloonStyle>
		</Style>
	</gx:CascadingStyle>
	<StyleMap id="__managed_style_04BD6D505540DE0EE2C0">
		<Pair>
			<key>normal</key>
			<styleUrl>#__managed_style_04BD6D505540DE0EE2C0_normal</styleUrl>
		</Pair>
		<Pair>
			<key>highlight</key>
			<styleUrl>#__managed_style_04BD6D505540DE0EE2C0_highlight</styleUrl>
		</Pair>
	</StyleMap>
	<gx:CascadingStyle kml:id="__managed_style_34FC874BA840DE0EE2C4_normal">
		<Style>
			<IconStyle>
				<Icon>
					<href>https://earth.google.com/earth/document/icon?color=5b1279&amp;id=2163&amp;scale=4</href>
				</Icon>
				<hotSpot x="64" y="128" xunits="pixels" yunits="insetPixels"/>
			</IconStyle>
			<LabelStyle>
				<scale>0</scale>
			</LabelStyle>
			<LineStyle>
				<color>ff2dc0fb</color>
				<width>3.2</width>
			</LineStyle>
			<PolyStyle>
				<color>40ffffff</color>
			</PolyStyle>
			<BalloonStyle>
				<gx:displayMode>card</gx:displayMode>
			</BalloonStyle>
		</Style>
	</gx:CascadingStyle>
	<gx:CascadingStyle kml:id="__managed_style_66E04AB88C40DE0EE2BC_normal">
		<Style>
			<IconStyle>
				<scale>1.5</scale>
				<Icon>
					<href>https://earth.google.com/earth/document/icon?color=560e74&amp;id=2006&amp;scale=4</href>
				</Icon>
				<hotSpot x="64" y="128" xunits="pixels" yunits="insetPixels"/>
			</IconStyle>
			<LabelStyle>
				<scale>0</scale>
			</LabelStyle>
			<LineStyle>
				<color>ff2dc0fb</color>
				<width>3.2</width>
			</LineStyle>
			<PolyStyle>
				<color>40ffffff</color>
			</PolyStyle>
			<BalloonStyle>
				<gx:displayMode>card</gx:displayMode>
			</BalloonStyle>
		</Style>
	</gx:CascadingStyle>
	<StyleMap id="__managed_style_065E9C9EA040DE0EE2B8">
		<Pair>
			<key>normal</key>
			<styleUrl>#__managed_style_065E9C9EA040DE0EE2B8_normal</styleUrl>
		</Pair>
		<Pair>
			<key>highlight</key>
			<styleUrl>#__managed_style_065E9C9EA040DE0EE2B8_highlight</styleUrl>
		</Pair>
	</StyleMap>
	<gx:CascadingStyle kml:id="__managed_style_5A3F47311440DE0EE2B8_highlight">
		<Style>
			<IconStyle>
				<scale>1.2</scale>
				<Icon>
					<href>https://earth.google.com/earth/document/icon?color=1976d2&amp;id=2317&amp;scale=4</href>
				</Icon>
				<hotSpot x="64" y="128" xunits="pixels" yunits="insetPixels"/>
			</IconStyle>
			<LabelStyle>
				<scale>0</scale>
			</LabelStyle>
			<LineStyle>
				<color>ff2dc0fb</color>
				<width>4.8</width>
			</LineStyle>
			<PolyStyle>
				<color>40ffffff</color>
			</PolyStyle>
			<BalloonStyle>
				<gx:displayMode>card</gx:displayMode>
			</BalloonStyle>
		</Style>
	</gx:CascadingStyle>
	<gx:CascadingStyle kml:id="__managed_style_2D8E88C4DA40DE0EE2C1_highlight">
		<Style>
			<IconStyle>
				<scale>1.2</scale>
				<Icon>
					<href>https://earth.google.com/earth/document/icon?color=42a5f5&amp;id=2074&amp;scale=4</href>
				</Icon>
				<hotSpot x="64" y="128" xunits="pixels" yunits="insetPixels"/>
			</IconStyle>
			<LabelStyle>
				<scale>0</scale>
			</LabelStyle>
			<LineStyle>
				<color>ff2dc0fb</color>
				<width>4.8</width>
			</LineStyle>
			<PolyStyle>
				<color>40ffffff</color>
			</PolyStyle>
			<BalloonStyle>
				<gx:displayMode>card</gx:displayMode>
			</BalloonStyle>
		</Style>
	</gx:CascadingStyle>
	<StyleMap id="__managed_style_2D8E88C4DA40DE0EE2C1">
		<Pair>
			<key>normal</key>
			<styleUrl>#__managed_style_2D8E88C4DA40DE0EE2C1_normal</styleUrl>
		</Pair>
		<Pair>
			<key>highlight</key>
			<styleUrl>#__managed_style_2D8E88C4DA40DE0EE2C1_highlight</styleUrl>
		</Pair>
	</StyleMap>
	<gx:CascadingStyle kml:id="__managed_style_003C2F26A440DE0EE2C1_highlight">
		<Style>
			<IconStyle>
				<scale>1.2</scale>
				<Icon>
					<href>https://earth.google.com/earth/document/icon?color=fbc02d&amp;id=2005&amp;scale=4</href>
				</Icon>
				<hotSpot x="64" y="128" xunits="pixels" yunits="insetPixels"/>
			</IconStyle>
			<LabelStyle>
				<scale>0</scale>
			</LabelStyle>
			<LineStyle>
				<color>ff2dc0fb</color>
				<width>4.8</width>
			</LineStyle>
			<PolyStyle>
				<color>40ffffff</color>
			</PolyStyle>
			<BalloonStyle>
				<gx:displayMode>card</gx:displayMode>
			</BalloonStyle>
		</Style>
	</gx:CascadingStyle>
	<gx:CascadingStyle kml:id="__managed_style_003C2F26A440DE0EE2C1_normal">
		<Style>
			<IconStyle>
				<Icon>
					<href>https://earth.google.com/earth/document/icon?color=fbc02d&amp;id=2005&amp;scale=4</href>
				</Icon>
				<hotSpot x="64" y="128" xunits="pixels" yunits="insetPixels"/>
			</IconStyle>
			<LabelStyle>
				<scale>0</scale>
			</LabelStyle>
			<LineStyle>
				<color>ff2dc0fb</color>
				<width>3.2</width>
			</LineStyle>
			<PolyStyle>
				<color>40ffffff</color>
			</PolyStyle>
			<BalloonStyle>
				<gx:displayMode>card</gx:displayMode>
			</BalloonStyle>
		</Style>
	</gx:CascadingStyle>
	<StyleMap id="__managed_style_003C2F26A440DE0EE2C1">
		<Pair>
			<key>normal</key>
			<styleUrl>#__managed_style_003C2F26A440DE0EE2C1_normal</styleUrl>
		</Pair>
		<Pair>
			<key>highlight</key>
			<styleUrl>#__managed_style_003C2F26A440DE0EE2C1_highlight</styleUrl>
		</Pair>
	</StyleMap>
	<StyleMap id="__managed_style_2C365E5EE740DE0EE2BE">
		<Pair>
			<key>normal</key>
			<styleUrl>#__managed_style_2C365E5EE740DE0EE2BE_normal</styleUrl>
		</Pair>
		<Pair>
			<key>highlight</key>
			<styleUrl>#__managed_style_2C365E5EE740DE0EE2BE_highlight</styleUrl>
		</Pair>
	</StyleMap>
	<gx:CascadingStyle kml:id="__managed_style_1981FCD1BF40DE0EE2B9_normal">
		<Style>
			<IconStyle>
				<Icon>
					<href>https://earth.google.com/earth/document/icon?color=7b1fa2&amp;id=2364&amp;scale=4</href>
				</Icon>
				<hotSpot x="64" y="128" xunits="pixels" yunits="insetPixels"/>
			</IconStyle>
			<LabelStyle>
				<scale>0</scale>
			</LabelStyle>
			<LineStyle>
				<color>ff2dc0fb</color>
				<width>3.2</width>
			</LineStyle>
			<PolyStyle>
				<color>40ffffff</color>
			</PolyStyle>
			<BalloonStyle>
				<gx:displayMode>card</gx:displayMode>
			</BalloonStyle>
		</Style>
	</gx:CascadingStyle>
	<StyleMap id="__managed_style_5A3F47311440DE0EE2B8">
		<Pair>
			<key>normal</key>
			<styleUrl>#__managed_style_5A3F47311440DE0EE2B8_normal</styleUrl>
		</Pair>
		<Pair>
			<key>highlight</key>
			<styleUrl>#__managed_style_5A3F47311440DE0EE2B8_highlight</styleUrl>
		</Pair>
	</StyleMap>
	<gx:CascadingStyle kml:id="__managed_style_16B4078F0540DE0EE2BE_highlight">
		<Style>
			<IconStyle>
				<scale>1.2</scale>
				<Icon>
					<href>https://earth.google.com/earth/document/icon?color=42a5f5&amp;id=2328&amp;scale=4</href>
				</Icon>
				<hotSpot x="64" y="128" xunits="pixels" yunits="insetPixels"/>
			</IconStyle>
			<LabelStyle>
				<scale>0</scale>
			</LabelStyle>
			<LineStyle>
				<color>ff2dc0fb</color>
				<width>4.8</width>
			</LineStyle>
			<PolyStyle>
				<color>40ffffff</color>
			</PolyStyle>
			<BalloonStyle>
				<gx:displayMode>card</gx:displayMode>
			</BalloonStyle>
		</Style>
	</gx:CascadingStyle>
	<gx:CascadingStyle kml:id="__managed_style_16B4078F0540DE0EE2BE_normal">
		<Style>
			<IconStyle>
				<Icon>
					<href>https://earth.google.com/earth/document/icon?color=42a5f5&amp;id=2328&amp;scale=4</href>
				</Icon>
				<hotSpot x="64" y="128" xunits="pixels" yunits="insetPixels"/>
			</IconStyle>
			<LabelStyle>
				<scale>0</scale>
			</LabelStyle>
			<LineStyle>
				<color>ff2dc0fb</color>
				<width>3.2</width>
			</LineStyle>
			<PolyStyle>
				<color>40ffffff</color>
			</PolyStyle>
			<BalloonStyle>
				<gx:displayMode>card</gx:displayMode>
			</BalloonStyle>
		</Style>
	</gx:CascadingStyle>
	<gx:CascadingStyle kml:id="__managed_style_08373E66A740DE0EE2C4_highlight">
		<Style>
			<IconStyle>
				<scale>1.2</scale>
				<Icon>
					<href>https://earth.google.com/earth/document/icon?color=7b1fa2&amp;id=2055&amp;scale=4</href>
				</Icon>
				<hotSpot x="64" y="128" xunits="pixels" yunits="insetPixels"/>
			</IconStyle>
			<LabelStyle>
				<scale>0</scale>
			</LabelStyle>
			<LineStyle>
				<color>ff2dc0fb</color>
				<width>4.8</width>
			</LineStyle>
			<PolyStyle>
				<color>40ffffff</color>
			</PolyStyle>
			<BalloonStyle>
			</BalloonStyle>
		</Style>
	</gx:CascadingStyle>
	<gx:CascadingStyle kml:id="__managed_style_1DF9DEB18B40DE0EE2C6_highlight">
		<Style>
			<IconStyle>
				<scale>1.2</scale>
				<Icon>
					<href>https://earth.google.com/earth/document/icon?color=1976d2&amp;id=2074&amp;scale=4</href>
				</Icon>
				<hotSpot x="64" y="128" xunits="pixels" yunits="insetPixels"/>
			</IconStyle>
			<LabelStyle>
				<scale>0</scale>
			</LabelStyle>
			<LineStyle>
				<color>ff2dc0fb</color>
				<width>4.8</width>
			</LineStyle>
			<PolyStyle>
				<color>40ffffff</color>
			</PolyStyle>
			<BalloonStyle>
			</BalloonStyle>
		</Style>
	</gx:CascadingStyle>
	<gx:CascadingStyle kml:id="__managed_style_2D8E88C4DA40DE0EE2C1_normal">
		<Style>
			<IconStyle>
				<Icon>
					<href>https://earth.google.com/earth/document/icon?color=42a5f5&amp;id=2074&amp;scale=4</href>
				</Icon>
				<hotSpot x="64" y="128" xunits="pixels" yunits="insetPixels"/>
			</IconStyle>
			<LabelStyle>
				<scale>0</scale>
			</LabelStyle>
			<LineStyle>
				<color>ff2dc0fb</color>
				<width>3.2</width>
			</LineStyle>
			<PolyStyle>
				<color>40ffffff</color>
			</PolyStyle>
			<BalloonStyle>
				<gx:displayMode>card</gx:displayMode>
			</BalloonStyle>
		</Style>
	</gx:CascadingStyle>
	<gx:CascadingStyle kml:id="__managed_style_1BEDCAE45440DE0EE2C4_normal">
		<Style>
			<IconStyle>
				<Icon>
					<href>https://earth.google.com/earth/document/icon?color=1976d2&amp;id=2000&amp;scale=4</href>
				</Icon>
				<hotSpot x="64" y="128" xunits="pixels" yunits="insetPixels"/>
			</IconStyle>
			<LabelStyle>
				<scale>0</scale>
			</LabelStyle>
			<LineStyle>
				<color>ffd27619</color>
				<width>3.2</width>
			</LineStyle>
			<PolyStyle>
				<color>40ffffff</color>
			</PolyStyle>
			<BalloonStyle>
			</BalloonStyle>
		</Style>
	</gx:CascadingStyle>
	<gx:CascadingStyle kml:id="__managed_style_09888E419440DE0EE2BC_normal">
		<Style>
			<IconStyle>
				<Icon>
					<href>https://earth.google.com/earth/document/icon?color=f57c00&amp;id=2130&amp;scale=4</href>
				</Icon>
				<hotSpot x="64" y="128" xunits="pixels" yunits="insetPixels"/>
			</IconStyle>
			<LabelStyle>
				<scale>0</scale>
			</LabelStyle>
			<LineStyle>
				<color>ff2dc0fb</color>
				<width>3.2</width>
			</LineStyle>
			<PolyStyle>
				<color>40ffffff</color>
			</PolyStyle>
			<BalloonStyle>
				<gx:displayMode>card</gx:displayMode>
			</BalloonStyle>
		</Style>
	</gx:CascadingStyle>
	<gx:CascadingStyle kml:id="__managed_style_1DF9DEB18B40DE0EE2C6_normal">
		<Style>
			<IconStyle>
				<Icon>
					<href>https://earth.google.com/earth/document/icon?color=1976d2&amp;id=2074&amp;scale=4</href>
				</Icon>
				<hotSpot x="64" y="128" xunits="pixels" yunits="insetPixels"/>
			</IconStyle>
			<LabelStyle>
				<scale>0</scale>
			</LabelStyle>
			<LineStyle>
				<color>ff2dc0fb</color>
				<width>3.2</width>
			</LineStyle>
			<PolyStyle>
				<color>40ffffff</color>
			</PolyStyle>
			<BalloonStyle>
			</BalloonStyle>
		</Style>
	</gx:CascadingStyle>
	<gx:CascadingStyle kml:id="__managed_style_63CE7B9AF940DE0EE2B8_highlight">
		<Style>
			<IconStyle>
				<scale>1.2</scale>
				<Icon>
					<href>https://earth.google.com/earth/document/icon?color=7b1fa2&amp;id=2006&amp;scale=4</href>
				</Icon>
				<hotSpot x="64" y="128" xunits="pixels" yunits="insetPixels"/>
			</IconStyle>
			<LabelStyle>
				<scale>0</scale>
			</LabelStyle>
			<LineStyle>
				<color>ff2dc0fb</color>
				<width>4.8</width>
			</LineStyle>
			<PolyStyle>
				<color>40ffffff</color>
			</PolyStyle>
			<BalloonStyle>
			</BalloonStyle>
		</Style>
	</gx:CascadingStyle>
	<gx:CascadingStyle kml:id="__managed_style_520332009740DE0EE2BC_normal">
		<Style>
			<IconStyle>
				<Icon>
					<href>https://earth.google.com/earth/document/icon?color=303f9f&amp;id=2090&amp;scale=4</href>
				</Icon>
				<hotSpot x="64" y="128" xunits="pixels" yunits="insetPixels"/>
			</IconStyle>
			<LabelStyle>
				<scale>0</scale>
			</LabelStyle>
			<LineStyle>
				<color>ff2dc0fb</color>
				<width>3.2</width>
			</LineStyle>
			<PolyStyle>
				<color>40ffffff</color>
			</PolyStyle>
			<BalloonStyle>
				<gx:displayMode>card</gx:displayMode>
			</BalloonStyle>
		</Style>
	</gx:CascadingStyle>
	<gx:CascadingStyle kml:id="__managed_style_39BBDC976B40DE0EE2BC_normal">
		<Style>
			<IconStyle>
				<Icon>
					<href>https://earth.google.com/earth/document/icon?color=1976d2&amp;id=2074&amp;scale=4</href>
				</Icon>
				<hotSpot x="64" y="128" xunits="pixels" yunits="insetPixels"/>
			</IconStyle>
			<LabelStyle>
				<scale>0</scale>
			</LabelStyle>
			<LineStyle>
				<color>ff2dc0fb</color>
				<width>3.2</width>
			</LineStyle>
			<PolyStyle>
				<color>40ffffff</color>
			</PolyStyle>
			<BalloonStyle>
				<gx:displayMode>card</gx:displayMode>
			</BalloonStyle>
		</Style>
	</gx:CascadingStyle>
	<gx:CascadingStyle kml:id="__managed_style_187ACD5C5C40DE0EE2B8_highlight">
		<Style>
			<IconStyle>
				<scale>1.2</scale>
				<Icon>
					<href>https://earth.google.com/earth/document/icon?color=42a5f5&amp;id=2074&amp;scale=4</href>
				</Icon>
				<hotSpot x="64" y="128" xunits="pixels" yunits="insetPixels"/>
			</IconStyle>
			<LabelStyle>
				<scale>0</scale>
			</LabelStyle>
			<LineStyle>
				<color>ff2dc0fb</color>
				<width>4.8</width>
			</LineStyle>
			<PolyStyle>
				<color>40ffffff</color>
			</PolyStyle>
			<BalloonStyle>
			</BalloonStyle>
		</Style>
	</gx:CascadingStyle>
	<gx:CascadingStyle kml:id="__managed_style_1A4B20ADB540DE0EE2BB_highlight">
		<Style>
			<IconStyle>
				<scale>1.2</scale>
				<Icon>
					<href>https://earth.google.com/earth/document/icon?color=5f0d82&amp;id=2163&amp;scale=4</href>
				</Icon>
				<hotSpot x="64" y="128" xunits="pixels" yunits="insetPixels"/>
			</IconStyle>
			<LabelStyle>
				<scale>0</scale>
			</LabelStyle>
			<LineStyle>
				<color>ff2dc0fb</color>
				<width>4.8</width>
			</LineStyle>
			<PolyStyle>
				<color>40ffffff</color>
			</PolyStyle>
			<BalloonStyle>
				<gx:displayMode>card</gx:displayMode>
			</BalloonStyle>
		</Style>
	</gx:CascadingStyle>
	<gx:CascadingStyle kml:id="__managed_style_187ACD5C5C40DE0EE2B8_normal">
		<Style>
			<IconStyle>
				<Icon>
					<href>https://earth.google.com/earth/document/icon?color=42a5f5&amp;id=2074&amp;scale=4</href>
				</Icon>
				<hotSpot x="64" y="128" xunits="pixels" yunits="insetPixels"/>
			</IconStyle>
			<LabelStyle>
				<scale>0</scale>
			</LabelStyle>
			<LineStyle>
				<color>ff2dc0fb</color>
				<width>3.2</width>
			</LineStyle>
			<PolyStyle>
				<color>40ffffff</color>
			</PolyStyle>
			<BalloonStyle>
			</BalloonStyle>
		</Style>
	</gx:CascadingStyle>
	<gx:CascadingStyle kml:id="__managed_style_01E4BAE80B40DE0EE2B9_highlight">
		<Style>
			<IconStyle>
				<scale>1.2</scale>
				<Icon>
					<href>https://earth.google.com/earth/document/icon?color=1976d2&amp;id=2074&amp;scale=4</href>
				</Icon>
				<hotSpot x="64" y="128" xunits="pixels" yunits="insetPixels"/>
			</IconStyle>
			<LabelStyle>
				<scale>0</scale>
			</LabelStyle>
			<LineStyle>
				<color>ff2dc0fb</color>
				<width>4.8</width>
			</LineStyle>
			<PolyStyle>
				<color>40ffffff</color>
			</PolyStyle>
			<BalloonStyle>
			</BalloonStyle>
		</Style>
	</gx:CascadingStyle>
	<gx:CascadingStyle kml:id="__managed_style_381FD019D640DE0EE2BE_normal">
		<Style>
			<IconStyle>
				<Icon>
					<href>https://earth.google.com/earth/document/icon?color=7b1fa2&amp;id=2161&amp;scale=4</href>
				</Icon>
				<hotSpot x="64" y="128" xunits="pixels" yunits="insetPixels"/>
			</IconStyle>
			<LabelStyle>
				<scale>0</scale>
			</LabelStyle>
			<LineStyle>
				<color>ff2dc0fb</color>
				<width>3.2</width>
			</LineStyle>
			<PolyStyle>
				<color>40ffffff</color>
			</PolyStyle>
			<BalloonStyle>
				<gx:displayMode>card</gx:displayMode>
			</BalloonStyle>
		</Style>
	</gx:CascadingStyle>
	<StyleMap id="__managed_style_187ACD5C5C40DE0EE2B8">
		<Pair>
			<key>normal</key>
			<styleUrl>#__managed_style_187ACD5C5C40DE0EE2B8_normal</styleUrl>
		</Pair>
		<Pair>
			<key>highlight</key>
			<styleUrl>#__managed_style_187ACD5C5C40DE0EE2B8_highlight</styleUrl>
		</Pair>
	</StyleMap>
	<gx:CascadingStyle kml:id="__managed_style_2C6466ECCE40DE0EE2C3_highlight">
		<Style>
			<IconStyle>
				<scale>1.2</scale>
				<Icon>
					<href>https://earth.google.com/earth/document/icon?color=7b1fa2&amp;id=2232&amp;scale=4</href>
				</Icon>
				<hotSpot x="64" y="128" xunits="pixels" yunits="insetPixels"/>
			</IconStyle>
			<LabelStyle>
				<scale>0</scale>
			</LabelStyle>
			<LineStyle>
				<color>ff2dc0fb</color>
				<width>4.8</width>
			</LineStyle>
			<PolyStyle>
				<color>40ffffff</color>
			</PolyStyle>
			<BalloonStyle>
				<gx:displayMode>card</gx:displayMode>
			</BalloonStyle>
		</Style>
	</gx:CascadingStyle>
	<StyleMap id="__managed_style_01E4BAE80B40DE0EE2B9">
		<Pair>
			<key>normal</key>
			<styleUrl>#__managed_style_01E4BAE80B40DE0EE2B9_normal</styleUrl>
		</Pair>
		<Pair>
			<key>highlight</key>
			<styleUrl>#__managed_style_01E4BAE80B40DE0EE2B9_highlight</styleUrl>
		</Pair>
	</StyleMap>
	<gx:CascadingStyle kml:id="__managed_style_520332009740DE0EE2BC_highlight">
		<Style>
			<IconStyle>
				<scale>1.2</scale>
				<Icon>
					<href>https://earth.google.com/earth/document/icon?color=303f9f&amp;id=2090&amp;scale=4</href>
				</Icon>
				<hotSpot x="64" y="128" xunits="pixels" yunits="insetPixels"/>
			</IconStyle>
			<LabelStyle>
				<scale>0</scale>
			</LabelStyle>
			<LineStyle>
				<color>ff2dc0fb</color>
				<width>4.8</width>
			</LineStyle>
			<PolyStyle>
				<color>40ffffff</color>
			</PolyStyle>
			<BalloonStyle>
				<gx:displayMode>card</gx:displayMode>
			</BalloonStyle>
		</Style>
	</gx:CascadingStyle>
	<StyleMap id="__managed_style_520332009740DE0EE2BC">
		<Pair>
			<key>normal</key>
			<styleUrl>#__managed_style_520332009740DE0EE2BC_normal</styleUrl>
		</Pair>
		<Pair>
			<key>highlight</key>
			<styleUrl>#__managed_style_520332009740DE0EE2BC_highlight</styleUrl>
		</Pair>
	</StyleMap>
	<gx:CascadingStyle kml:id="__managed_style_04BD6D505540DE0EE2C0_normal">
		<Style>
			<IconStyle>
				<scale>1.5</scale>
				<Icon>
					<href>https://earth.google.com/earth/document/icon?color=5a1079&amp;id=2006&amp;scale=4</href>
				</Icon>
				<hotSpot x="64" y="128" xunits="pixels" yunits="insetPixels"/>
			</IconStyle>
			<LabelStyle>
				<scale>0</scale>
			</LabelStyle>
			<LineStyle>
				<color>ff2dc0fb</color>
				<width>3.2</width>
			</LineStyle>
			<PolyStyle>
				<color>40ffffff</color>
			</PolyStyle>
			<BalloonStyle>
				<gx:displayMode>card</gx:displayMode>
			</BalloonStyle>
		</Style>
	</gx:CascadingStyle>
	<gx:CascadingStyle kml:id="__managed_style_21A95CBFC240DE0EE2B9_highlight">
		<Style>
			<IconStyle>
				<scale>1.2</scale>
				<Icon>
					<href>https://earth.google.com/earth/document/icon?color=303f9f&amp;id=2034&amp;scale=4</href>
				</Icon>
				<hotSpot x="64" y="128" xunits="pixels" yunits="insetPixels"/>
			</IconStyle>
			<LabelStyle>
				<scale>0</scale>
			</LabelStyle>
			<LineStyle>
				<color>ff2dc0fb</color>
				<width>4.8</width>
			</LineStyle>
			<PolyStyle>
				<color>40ffffff</color>
			</PolyStyle>
			<BalloonStyle>
				<gx:displayMode>card</gx:displayMode>
			</BalloonStyle>
		</Style>
	</gx:CascadingStyle>
	<gx:CascadingStyle kml:id="__managed_style_2FCFE6945940DE0EE2C0_highlight">
		<Style>
			<IconStyle>
				<scale>1.2</scale>
				<Icon>
					<href>https://earth.google.com/earth/document/icon?color=1976d2&amp;id=2000&amp;scale=4</href>
				</Icon>
				<hotSpot x="64" y="128" xunits="pixels" yunits="insetPixels"/>
			</IconStyle>
			<LabelStyle>
				<scale>0</scale>
			</LabelStyle>
			<LineStyle>
				<color>ffa21f7b</color>
				<width>4.8</width>
			</LineStyle>
			<PolyStyle>
				<color>40ffffff</color>
			</PolyStyle>
			<BalloonStyle>
			</BalloonStyle>
		</Style>
	</gx:CascadingStyle>
	<gx:CascadingStyle kml:id="__managed_style_09888E419440DE0EE2BC_highlight">
		<Style>
			<IconStyle>
				<scale>1.2</scale>
				<Icon>
					<href>https://earth.google.com/earth/document/icon?color=f57c00&amp;id=2130&amp;scale=4</href>
				</Icon>
				<hotSpot x="64" y="128" xunits="pixels" yunits="insetPixels"/>
			</IconStyle>
			<LabelStyle>
				<scale>0</scale>
			</LabelStyle>
			<LineStyle>
				<color>ff2dc0fb</color>
				<width>4.8</width>
			</LineStyle>
			<PolyStyle>
				<color>40ffffff</color>
			</PolyStyle>
			<BalloonStyle>
				<gx:displayMode>card</gx:displayMode>
			</BalloonStyle>
		</Style>
	</gx:CascadingStyle>
	<gx:CascadingStyle kml:id="__managed_style_0234C299E140DE0EE2BB_highlight">
		<Style>
			<IconStyle>
				<scale>1.2</scale>
				<Icon>
					<href>https://earth.google.com/earth/document/icon?color=1976d2&amp;id=2000&amp;scale=4</href>
				</Icon>
				<hotSpot x="64" y="128" xunits="pixels" yunits="insetPixels"/>
			</IconStyle>
			<LabelStyle>
			</LabelStyle>
			<LineStyle>
				<color>ff2dc0fb</color>
				<width>4.8</width>
			</LineStyle>
			<PolyStyle>
				<color>40ffffff</color>
			</PolyStyle>
			<BalloonStyle>
			</BalloonStyle>
		</Style>
	</gx:CascadingStyle>
	<gx:CascadingStyle kml:id="__managed_style_42A94445E440DE0EE2B8_normal">
		<Style>
			<IconStyle>
				<Icon>
					<href>https://earth.google.com/earth/document/icon?color=303f9f&amp;id=2339&amp;scale=4</href>
				</Icon>
				<hotSpot x="64" y="128" xunits="pixels" yunits="insetPixels"/>
			</IconStyle>
			<LabelStyle>
				<scale>0</scale>
			</LabelStyle>
			<LineStyle>
				<color>ff2dc0fb</color>
				<width>3.2</width>
			</LineStyle>
			<PolyStyle>
				<color>40ffffff</color>
			</PolyStyle>
			<BalloonStyle>
				<gx:displayMode>card</gx:displayMode>
			</BalloonStyle>
		</Style>
	</gx:CascadingStyle>
	<gx:CascadingStyle kml:id="__managed_style_21A95CBFC240DE0EE2B9_normal">
		<Style>
			<IconStyle>
				<Icon>
					<href>https://earth.google.com/earth/document/icon?color=303f9f&amp;id=2034&amp;scale=4</href>
				</Icon>
				<hotSpot x="64" y="128" xunits="pixels" yunits="insetPixels"/>
			</IconStyle>
			<LabelStyle>
				<scale>0</scale>
			</LabelStyle>
			<LineStyle>
				<color>ff2dc0fb</color>
				<width>3.2</width>
			</LineStyle>
			<PolyStyle>
				<color>40ffffff</color>
			</PolyStyle>
			<BalloonStyle>
				<gx:displayMode>card</gx:displayMode>
			</BalloonStyle>
		</Style>
	</gx:CascadingStyle>
	<gx:CascadingStyle kml:id="__managed_style_18653CD4BA40DE0EE2B7_highlight">
		<Style>
			<IconStyle>
				<scale>1.2</scale>
				<Icon>
					<href>https://earth.google.com/earth/document/icon?color=7b1fa2&amp;id=2156&amp;scale=4</href>
				</Icon>
				<hotSpot x="64" y="128" xunits="pixels" yunits="insetPixels"/>
			</IconStyle>
			<LabelStyle>
				<scale>0</scale>
			</LabelStyle>
			<LineStyle>
				<color>ff2dc0fb</color>
				<width>4.8</width>
			</LineStyle>
			<PolyStyle>
				<color>40ffffff</color>
			</PolyStyle>
			<BalloonStyle>
				<gx:displayMode>card</gx:displayMode>
			</BalloonStyle>
		</Style>
	</gx:CascadingStyle>
	<gx:CascadingStyle kml:id="__managed_style_5A3F47311440DE0EE2B8_normal">
		<Style>
			<IconStyle>
				<Icon>
					<href>https://earth.google.com/earth/document/icon?color=1976d2&amp;id=2317&amp;scale=4</href>
				</Icon>
				<hotSpot x="64" y="128" xunits="pixels" yunits="insetPixels"/>
			</IconStyle>
			<LabelStyle>
				<scale>0</scale>
			</LabelStyle>
			<LineStyle>
				<color>ff2dc0fb</color>
				<width>3.2</width>
			</LineStyle>
			<PolyStyle>
				<color>40ffffff</color>
			</PolyStyle>
			<BalloonStyle>
				<gx:displayMode>card</gx:displayMode>
			</BalloonStyle>
		</Style>
	</gx:CascadingStyle>
	<StyleMap id="__managed_style_1DF9DEB18B40DE0EE2C6">
		<Pair>
			<key>normal</key>
			<styleUrl>#__managed_style_1DF9DEB18B40DE0EE2C6_normal</styleUrl>
		</Pair>
		<Pair>
			<key>highlight</key>
			<styleUrl>#__managed_style_1DF9DEB18B40DE0EE2C6_highlight</styleUrl>
		</Pair>
	</StyleMap>
	<StyleMap id="__managed_style_39BBDC976B40DE0EE2BC">
		<Pair>
			<key>normal</key>
			<styleUrl>#__managed_style_39BBDC976B40DE0EE2BC_normal</styleUrl>
		</Pair>
		<Pair>
			<key>highlight</key>
			<styleUrl>#__managed_style_39BBDC976B40DE0EE2BC_highlight</styleUrl>
		</Pair>
	</StyleMap>
	<StyleMap id="__managed_style_21A95CBFC240DE0EE2B9">
		<Pair>
			<key>normal</key>
			<styleUrl>#__managed_style_21A95CBFC240DE0EE2B9_normal</styleUrl>
		</Pair>
		<Pair>
			<key>highlight</key>
			<styleUrl>#__managed_style_21A95CBFC240DE0EE2B9_highlight</styleUrl>
		</Pair>
	</StyleMap>
	<StyleMap id="__managed_style_66E04AB88C40DE0EE2BC">
		<Pair>
			<key>normal</key>
			<styleUrl>#__managed_style_66E04AB88C40DE0EE2BC_normal</styleUrl>
		</Pair>
		<Pair>
			<key>highlight</key>
			<styleUrl>#__managed_style_66E04AB88C40DE0EE2BC_highlight</styleUrl>
		</Pair>
	</StyleMap>
	<StyleMap id="__managed_style_2DB708773F40DE0EE2B7">
		<Pair>
			<key>normal</key>
			<styleUrl>#__managed_style_2DB708773F40DE0EE2B7_normal</styleUrl>
		</Pair>
		<Pair>
			<key>highlight</key>
			<styleUrl>#__managed_style_2DB708773F40DE0EE2B7_highlight</styleUrl>
		</Pair>
	</StyleMap>
	<gx:CascadingStyle kml:id="__managed_style_1D7346FBDE40DE0EE2C1_highlight">
		<Style>
			<IconStyle>
				<scale>1.2</scale>
				<Icon>
					<href>https://earth.google.com/earth/document/icon?color=7b1fa2&amp;id=2156&amp;scale=4</href>
				</Icon>
				<hotSpot x="64" y="128" xunits="pixels" yunits="insetPixels"/>
			</IconStyle>
			<LabelStyle>
				<scale>0</scale>
			</LabelStyle>
			<LineStyle>
				<color>ff2dc0fb</color>
				<width>4.8</width>
			</LineStyle>
			<PolyStyle>
				<color>40ffffff</color>
			</PolyStyle>
			<BalloonStyle>
			</BalloonStyle>
		</Style>
	</gx:CascadingStyle>
	<StyleMap id="__managed_style_42A94445E440DE0EE2B8">
		<Pair>
			<key>normal</key>
			<styleUrl>#__managed_style_42A94445E440DE0EE2B8_normal</styleUrl>
		</Pair>
		<Pair>
			<key>highlight</key>
			<styleUrl>#__managed_style_42A94445E440DE0EE2B8_highlight</styleUrl>
		</Pair>
	</StyleMap>
	<gx:CascadingStyle kml:id="__managed_style_065E9C9EA040DE0EE2B8_highlight">
		<Style>
			<IconStyle>
				<scale>1.2</scale>
				<Icon>
					<href>https://earth.google.com/earth/document/icon?color=7b1fa2&amp;id=2317&amp;scale=4</href>
				</Icon>
				<hotSpot x="64" y="128" xunits="pixels" yunits="insetPixels"/>
			</IconStyle>
			<LabelStyle>
				<scale>0</scale>
			</LabelStyle>
			<LineStyle>
				<color>ff2dc0fb</color>
				<width>4.8</width>
			</LineStyle>
			<PolyStyle>
				<color>40ffffff</color>
			</PolyStyle>
			<BalloonStyle>
				<gx:displayMode>card</gx:displayMode>
			</BalloonStyle>
		</Style>
	</gx:CascadingStyle>
	<gx:CascadingStyle kml:id="__managed_style_07DACBAD1440DE0EE2B6_normal">
		<Style>
			<IconStyle>
				<Icon>
					<href>https://earth.google.com/earth/document/icon?color=f57c00&amp;id=2056&amp;scale=4</href>
				</Icon>
				<hotSpot x="64" y="128" xunits="pixels" yunits="insetPixels"/>
			</IconStyle>
			<LabelStyle>
				<scale>0</scale>
			</LabelStyle>
			<LineStyle>
				<color>ff2dc0fb</color>
				<width>3.2</width>
			</LineStyle>
			<PolyStyle>
				<color>40ffffff</color>
			</PolyStyle>
			<BalloonStyle>
				<gx:displayMode>card</gx:displayMode>
			</BalloonStyle>
		</Style>
	</gx:CascadingStyle>
	<gx:CascadingStyle kml:id="__managed_style_0E677A5FFA40DE0EE2B7_normal">
		<Style>
			<IconStyle>
				<Icon>
					<href>https://earth.google.com/earth/document/icon?color=388e3c&amp;id=2370&amp;scale=4</href>
				</Icon>
				<hotSpot x="64" y="128" xunits="pixels" yunits="insetPixels"/>
			</IconStyle>
			<LabelStyle>
				<scale>0</scale>
			</LabelStyle>
			<LineStyle>
				<color>ff2dc0fb</color>
				<width>3.2</width>
			</LineStyle>
			<PolyStyle>
				<color>40ffffff</color>
			</PolyStyle>
			<BalloonStyle>
				<gx:displayMode>card</gx:displayMode>
			</BalloonStyle>
		</Style>
	</gx:CascadingStyle>
	<gx:CascadingStyle kml:id="__managed_style_7C8C70C8F340DE0EE2B8_highlight">
		<Style>
			<IconStyle>
				<scale>1.2</scale>
				<Icon>
					<href>https://earth.google.com/earth/document/icon?color=1976d2&amp;id=2000&amp;scale=4</href>
				</Icon>
				<hotSpot x="64" y="128" xunits="pixels" yunits="insetPixels"/>
			</IconStyle>
			<LabelStyle>
				<scale>0</scale>
			</LabelStyle>
			<LineStyle>
				<color>ff3c8e38</color>
				<width>4.8</width>
			</LineStyle>
			<PolyStyle>
				<color>40ffffff</color>
			</PolyStyle>
			<BalloonStyle>
			</BalloonStyle>
		</Style>
	</gx:CascadingStyle>
	<gx:CascadingStyle kml:id="__managed_style_42A94445E440DE0EE2B8_highlight">
		<Style>
			<IconStyle>
				<scale>1.2</scale>
				<Icon>
					<href>https://earth.google.com/earth/document/icon?color=303f9f&amp;id=2339&amp;scale=4</href>
				</Icon>
				<hotSpot x="64" y="128" xunits="pixels" yunits="insetPixels"/>
			</IconStyle>
			<LabelStyle>
				<scale>0</scale>
			</LabelStyle>
			<LineStyle>
				<color>ff2dc0fb</color>
				<width>4.8</width>
			</LineStyle>
			<PolyStyle>
				<color>40ffffff</color>
			</PolyStyle>
			<BalloonStyle>
				<gx:displayMode>card</gx:displayMode>
			</BalloonStyle>
		</Style>
	</gx:CascadingStyle>
	<StyleMap id="__managed_style_05457487DD40DE0EE2C3">
		<Pair>
			<key>normal</key>
			<styleUrl>#__managed_style_05457487DD40DE0EE2C3_normal</styleUrl>
		</Pair>
		<Pair>
			<key>highlight</key>
			<styleUrl>#__managed_style_05457487DD40DE0EE2C3_highlight</styleUrl>
		</Pair>
	</StyleMap>
	<gx:CascadingStyle kml:id="__managed_style_0234C299E140DE0EE2BB_normal">
		<Style>
			<IconStyle>
				<Icon>
					<href>https://earth.google.com/earth/document/icon?color=1976d2&amp;id=2000&amp;scale=4</href>
				</Icon>
				<hotSpot x="64" y="128" xunits="pixels" yunits="insetPixels"/>
			</IconStyle>
			<LabelStyle>
			</LabelStyle>
			<LineStyle>
				<color>ff2dc0fb</color>
				<width>3.2</width>
			</LineStyle>
			<PolyStyle>
				<color>40ffffff</color>
			</PolyStyle>
			<BalloonStyle>
			</BalloonStyle>
		</Style>
	</gx:CascadingStyle>
	<gx:CascadingStyle kml:id="__managed_style_2C6466ECCE40DE0EE2C3_normal">
		<Style>
			<IconStyle>
				<Icon>
					<href>https://earth.google.com/earth/document/icon?color=7b1fa2&amp;id=2232&amp;scale=4</href>
				</Icon>
				<hotSpot x="64" y="128" xunits="pixels" yunits="insetPixels"/>
			</IconStyle>
			<LabelStyle>
				<scale>0</scale>
			</LabelStyle>
			<LineStyle>
				<color>ff2dc0fb</color>
				<width>3.2</width>
			</LineStyle>
			<PolyStyle>
				<color>40ffffff</color>
			</PolyStyle>
			<BalloonStyle>
				<gx:displayMode>card</gx:displayMode>
			</BalloonStyle>
		</Style>
	</gx:CascadingStyle>
	<StyleMap id="__managed_style_29E30EE7C540DE0EE2B8">
		<Pair>
			<key>normal</key>
			<styleUrl>#__managed_style_29E30EE7C540DE0EE2B8_normal</styleUrl>
		</Pair>
		<Pair>
			<key>highlight</key>
			<styleUrl>#__managed_style_29E30EE7C540DE0EE2B8_highlight</styleUrl>
		</Pair>
	</StyleMap>
	<StyleMap id="__managed_style_0CBDA3B33C40DE0EE2BE">
		<Pair>
			<key>normal</key>
			<styleUrl>#__managed_style_0CBDA3B33C40DE0EE2BE_normal</styleUrl>
		</Pair>
		<Pair>
			<key>highlight</key>
			<styleUrl>#__managed_style_0CBDA3B33C40DE0EE2BE_highlight</styleUrl>
		</Pair>
	</StyleMap>
	<StyleMap id="__managed_style_1981FCD1BF40DE0EE2B9">
		<Pair>
			<key>normal</key>
			<styleUrl>#__managed_style_1981FCD1BF40DE0EE2B9_normal</styleUrl>
		</Pair>
		<Pair>
			<key>highlight</key>
			<styleUrl>#__managed_style_1981FCD1BF40DE0EE2B9_highlight</styleUrl>
		</Pair>
	</StyleMap>
	<gx:CascadingStyle kml:id="__managed_style_12A1F226BB40DE0EE2BC_highlight">
		<Style>
			<IconStyle>
				<scale>1.2</scale>
				<Icon>
					<href>https://earth.google.com/earth/document/icon?color=7b1fa2&amp;id=2336&amp;scale=4</href>
				</Icon>
				<hotSpot x="64" y="128" xunits="pixels" yunits="insetPixels"/>
			</IconStyle>
			<LabelStyle>
				<scale>0</scale>
			</LabelStyle>
			<LineStyle>
				<color>ff2dc0fb</color>
				<width>4.8</width>
			</LineStyle>
			<PolyStyle>
				<color>40ffffff</color>
			</PolyStyle>
			<BalloonStyle>
				<gx:displayMode>card</gx:displayMode>
			</BalloonStyle>
		</Style>
	</gx:CascadingStyle>
	<gx:CascadingStyle kml:id="__managed_style_381FD019D640DE0EE2BE_highlight">
		<Style>
			<IconStyle>
				<scale>1.2</scale>
				<Icon>
					<href>https://earth.google.com/earth/document/icon?color=7b1fa2&amp;id=2161&amp;scale=4</href>
				</Icon>
				<hotSpot x="64" y="128" xunits="pixels" yunits="insetPixels"/>
			</IconStyle>
			<LabelStyle>
				<scale>0</scale>
			</LabelStyle>
			<LineStyle>
				<color>ff2dc0fb</color>
				<width>4.8</width>
			</LineStyle>
			<PolyStyle>
				<color>40ffffff</color>
			</PolyStyle>
			<BalloonStyle>
				<gx:displayMode>card</gx:displayMode>
			</BalloonStyle>
		</Style>
	</gx:CascadingStyle>
	<gx:CascadingStyle kml:id="__managed_style_12A1F226BB40DE0EE2BC_normal">
		<Style>
			<IconStyle>
				<Icon>
					<href>https://earth.google.com/earth/document/icon?color=7b1fa2&amp;id=2336&amp;scale=4</href>
				</Icon>
				<hotSpot x="64" y="128" xunits="pixels" yunits="insetPixels"/>
			</IconStyle>
			<LabelStyle>
				<scale>0</scale>
			</LabelStyle>
			<LineStyle>
				<color>ff2dc0fb</color>
				<width>3.2</width>
			</LineStyle>
			<PolyStyle>
				<color>40ffffff</color>
			</PolyStyle>
			<BalloonStyle>
				<gx:displayMode>card</gx:displayMode>
			</BalloonStyle>
		</Style>
	</gx:CascadingStyle>
	<StyleMap id="__managed_style_7C8C70C8F340DE0EE2B8">
		<Pair>
			<key>normal</key>
			<styleUrl>#__managed_style_7C8C70C8F340DE0EE2B8_normal</styleUrl>
		</Pair>
		<Pair>
			<key>highlight</key>
			<styleUrl>#__managed_style_7C8C70C8F340DE0EE2B8_highlight</styleUrl>
		</Pair>
	</StyleMap>
	<StyleMap id="__managed_style_18653CD4BA40DE0EE2B7">
		<Pair>
			<key>normal</key>
			<styleUrl>#__managed_style_18653CD4BA40DE0EE2B7_normal</styleUrl>
		</Pair>
		<Pair>
			<key>highlight</key>
			<styleUrl>#__managed_style_18653CD4BA40DE0EE2B7_highlight</styleUrl>
		</Pair>
	</StyleMap>
	<StyleMap id="__managed_style_0F11DE7E6940DE0EE2C6">
		<Pair>
			<key>normal</key>
			<styleUrl>#__managed_style_0F11DE7E6940DE0EE2C6_normal</styleUrl>
		</Pair>
		<Pair>
			<key>highlight</key>
			<styleUrl>#__managed_style_0F11DE7E6940DE0EE2C6_highlight</styleUrl>
		</Pair>
	</StyleMap>
	<StyleMap id="__managed_style_16B4078F0540DE0EE2BE">
		<Pair>
			<key>normal</key>
			<styleUrl>#__managed_style_16B4078F0540DE0EE2BE_normal</styleUrl>
		</Pair>
		<Pair>
			<key>highlight</key>
			<styleUrl>#__managed_style_16B4078F0540DE0EE2BE_highlight</styleUrl>
		</Pair>
	</StyleMap>
	<gx:CascadingStyle kml:id="__managed_style_01E4BAE80B40DE0EE2B9_normal">
		<Style>
			<IconStyle>
				<Icon>
					<href>https://earth.google.com/earth/document/icon?color=1976d2&amp;id=2074&amp;scale=4</href>
				</Icon>
				<hotSpot x="64" y="128" xunits="pixels" yunits="insetPixels"/>
			</IconStyle>
			<LabelStyle>
				<scale>0</scale>
			</LabelStyle>
			<LineStyle>
				<color>ff2dc0fb</color>
				<width>3.2</width>
			</LineStyle>
			<PolyStyle>
				<color>40ffffff</color>
			</PolyStyle>
			<BalloonStyle>
			</BalloonStyle>
		</Style>
	</gx:CascadingStyle>
	<StyleMap id="__managed_style_13F3DA0E5440DE0EE2BF">
		<Pair>
			<key>normal</key>
			<styleUrl>#__managed_style_13F3DA0E5440DE0EE2BF_normal</styleUrl>
		</Pair>
		<Pair>
			<key>highlight</key>
			<styleUrl>#__managed_style_13F3DA0E5440DE0EE2BF_highlight</styleUrl>
		</Pair>
	</StyleMap>
	<gx:CascadingStyle kml:id="__managed_style_3D12C360BB40DE0EE2B8_highlight">
		<Style>
			<IconStyle>
				<scale>1.2</scale>
				<Icon>
					<href>https://earth.google.com/earth/document/icon?color=7b1fa2&amp;id=2163&amp;scale=4</href>
				</Icon>
				<hotSpot x="64" y="128" xunits="pixels" yunits="insetPixels"/>
			</IconStyle>
			<LabelStyle>
				<scale>0</scale>
			</LabelStyle>
			<LineStyle>
				<color>ff2dc0fb</color>
				<width>4.8</width>
			</LineStyle>
			<PolyStyle>
				<color>40ffffff</color>
			</PolyStyle>
			<BalloonStyle>
				<gx:displayMode>card</gx:displayMode>
			</BalloonStyle>
		</Style>
	</gx:CascadingStyle>
	<StyleMap id="__managed_style_2C6466ECCE40DE0EE2C3">
		<Pair>
			<key>normal</key>
			<styleUrl>#__managed_style_2C6466ECCE40DE0EE2C3_normal</styleUrl>
		</Pair>
		<Pair>
			<key>highlight</key>
			<styleUrl>#__managed_style_2C6466ECCE40DE0EE2C3_highlight</styleUrl>
		</Pair>
	</StyleMap>
	<gx:CascadingStyle kml:id="__managed_style_3D12C360BB40DE0EE2B8_normal">
		<Style>
			<IconStyle>
				<Icon>
					<href>https://earth.google.com/earth/document/icon?color=7b1fa2&amp;id=2163&amp;scale=4</href>
				</Icon>
				<hotSpot x="64" y="128" xunits="pixels" yunits="insetPixels"/>
			</IconStyle>
			<LabelStyle>
				<scale>0</scale>
			</LabelStyle>
			<LineStyle>
				<color>ff2dc0fb</color>
				<width>3.2</width>
			</LineStyle>
			<PolyStyle>
				<color>40ffffff</color>
			</PolyStyle>
			<BalloonStyle>
				<gx:displayMode>card</gx:displayMode>
			</BalloonStyle>
		</Style>
	</gx:CascadingStyle>
	<gx:CascadingStyle kml:id="__managed_style_29E30EE7C540DE0EE2B8_highlight">
		<Style>
			<IconStyle>
				<scale>1.2</scale>
				<Icon>
					<href>https://earth.google.com/earth/document/icon?color=1976d2&amp;id=2000&amp;scale=4</href>
				</Icon>
				<hotSpot x="64" y="128" xunits="pixels" yunits="insetPixels"/>
			</IconStyle>
			<LabelStyle>
				<scale>0</scale>
			</LabelStyle>
			<LineStyle>
				<color>ff2dc0fb</color>
				<width>4.8</width>
			</LineStyle>
			<PolyStyle>
				<color>40ffffff</color>
			</PolyStyle>
			<BalloonStyle>
			</BalloonStyle>
		</Style>
	</gx:CascadingStyle>
	<StyleMap id="__managed_style_3D12C360BB40DE0EE2B8">
		<Pair>
			<key>normal</key>
			<styleUrl>#__managed_style_3D12C360BB40DE0EE2B8_normal</styleUrl>
		</Pair>
		<Pair>
			<key>highlight</key>
			<styleUrl>#__managed_style_3D12C360BB40DE0EE2B8_highlight</styleUrl>
		</Pair>
	</StyleMap>
	<StyleMap id="__managed_style_12A1F226BB40DE0EE2BC">
		<Pair>
			<key>normal</key>
			<styleUrl>#__managed_style_12A1F226BB40DE0EE2BC_normal</styleUrl>
		</Pair>
		<Pair>
			<key>highlight</key>
			<styleUrl>#__managed_style_12A1F226BB40DE0EE2BC_highlight</styleUrl>
		</Pair>
	</StyleMap>
	<gx:CascadingStyle kml:id="__managed_style_4CE48AE06440DE0EE2C4_highlight">
		<Style>
			<IconStyle>
				<scale>1.2</scale>
				<Icon>
					<href>https://earth.google.com/earth/document/icon?color=ab47bc&amp;id=2006&amp;scale=4</href>
				</Icon>
				<hotSpot x="64" y="128" xunits="pixels" yunits="insetPixels"/>
			</IconStyle>
			<LabelStyle>
				<scale>0</scale>
			</LabelStyle>
			<LineStyle>
				<color>ff2dc0fb</color>
				<width>4.8</width>
			</LineStyle>
			<PolyStyle>
				<color>40ffffff</color>
			</PolyStyle>
			<BalloonStyle>
				<gx:displayMode>card</gx:displayMode>
			</BalloonStyle>
		</Style>
	</gx:CascadingStyle>
	<StyleMap id="__managed_style_07DACBAD1440DE0EE2B6">
		<Pair>
			<key>normal</key>
			<styleUrl>#__managed_style_07DACBAD1440DE0EE2B6_normal</styleUrl>
		</Pair>
		<Pair>
			<key>highlight</key>
			<styleUrl>#__managed_style_07DACBAD1440DE0EE2B6_highlight</styleUrl>
		</Pair>
	</StyleMap>
	<gx:CascadingStyle kml:id="__managed_style_2DB708773F40DE0EE2B7_highlight">
		<Style>
			<IconStyle>
				<scale>1.2</scale>
				<Icon>
					<href>https://earth.google.com/earth/document/icon?color=7b1fa2&amp;id=2006&amp;scale=4</href>
				</Icon>
				<hotSpot x="64" y="128" xunits="pixels" yunits="insetPixels"/>
			</IconStyle>
			<LabelStyle>
				<scale>0</scale>
			</LabelStyle>
			<LineStyle>
				<color>ff2dc0fb</color>
				<width>4.8</width>
			</LineStyle>
			<PolyStyle>
				<color>40ffffff</color>
			</PolyStyle>
			<BalloonStyle>
				<gx:displayMode>card</gx:displayMode>
			</BalloonStyle>
		</Style>
	</gx:CascadingStyle>
	<gx:CascadingStyle kml:id="__managed_style_1BEDCAE45440DE0EE2C4_highlight">
		<Style>
			<IconStyle>
				<scale>1.2</scale>
				<Icon>
					<href>https://earth.google.com/earth/document/icon?color=1976d2&amp;id=2000&amp;scale=4</href>
				</Icon>
				<hotSpot x="64" y="128" xunits="pixels" yunits="insetPixels"/>
			</IconStyle>
			<LabelStyle>
				<scale>0</scale>
			</LabelStyle>
			<LineStyle>
				<color>ffd27619</color>
				<width>4.8</width>
			</LineStyle>
			<PolyStyle>
				<color>40ffffff</color>
			</PolyStyle>
			<BalloonStyle>
			</BalloonStyle>
		</Style>
	</gx:CascadingStyle>
	<gx:CascadingStyle kml:id="__managed_style_4B2EA1BF0B40DE0EE2BC_normal">
		<Style>
			<IconStyle>
				<Icon>
					<href>https://earth.google.com/earth/document/icon?color=1976d2&amp;id=2000&amp;scale=4</href>
				</Icon>
				<hotSpot x="64" y="128" xunits="pixels" yunits="insetPixels"/>
			</IconStyle>
			<LabelStyle>
				<scale>0</scale>
			</LabelStyle>
			<LineStyle>
				<color>ffa21f7b</color>
				<width>3.2</width>
			</LineStyle>
			<PolyStyle>
				<color>40ffffff</color>
			</PolyStyle>
			<BalloonStyle>
			</BalloonStyle>
		</Style>
	</gx:CascadingStyle>
	<StyleMap id="__managed_style_4B2EA1BF0B40DE0EE2BC">
		<Pair>
			<key>normal</key>
			<styleUrl>#__managed_style_4B2EA1BF0B40DE0EE2BC_normal</styleUrl>
		</Pair>
		<Pair>
			<key>highlight</key>
			<styleUrl>#__managed_style_4B2EA1BF0B40DE0EE2BC_highlight</styleUrl>
		</Pair>
	</StyleMap>
	<gx:CascadingStyle kml:id="__managed_style_7C8C70C8F340DE0EE2B8_normal">
		<Style>
			<IconStyle>
				<Icon>
					<href>https://earth.google.com/earth/document/icon?color=1976d2&amp;id=2000&amp;scale=4</href>
				</Icon>
				<hotSpot x="64" y="128" xunits="pixels" yunits="insetPixels"/>
			</IconStyle>
			<LabelStyle>
				<scale>0</scale>
			</LabelStyle>
			<LineStyle>
				<color>ff3c8e38</color>
				<width>3.2</width>
			</LineStyle>
			<PolyStyle>
				<color>40ffffff</color>
			</PolyStyle>
			<BalloonStyle>
			</BalloonStyle>
		</Style>
	</gx:CascadingStyle>
	<gx:CascadingStyle kml:id="__managed_style_18653CD4BA40DE0EE2B7_normal">
		<Style>
			<IconStyle>
				<Icon>
					<href>https://earth.google.com/earth/document/icon?color=7b1fa2&amp;id=2156&amp;scale=4</href>
				</Icon>
				<hotSpot x="64" y="128" xunits="pixels" yunits="insetPixels"/>
			</IconStyle>
			<LabelStyle>
				<scale>0</scale>
			</LabelStyle>
			<LineStyle>
				<color>ff2dc0fb</color>
				<width>3.2</width>
			</LineStyle>
			<PolyStyle>
				<color>40ffffff</color>
			</PolyStyle>
			<BalloonStyle>
				<gx:displayMode>card</gx:displayMode>
			</BalloonStyle>
		</Style>
	</gx:CascadingStyle>
	<gx:CascadingStyle kml:id="__managed_style_13F3DA0E5440DE0EE2BF_highlight">
		<Style>
			<IconStyle>
				<scale>1.2</scale>
				<Icon>
					<href>https://earth.google.com/earth/document/icon?color=7b1fa2&amp;id=2311&amp;scale=4</href>
				</Icon>
				<hotSpot x="64" y="128" xunits="pixels" yunits="insetPixels"/>
			</IconStyle>
			<LabelStyle>
				<scale>0</scale>
			</LabelStyle>
			<LineStyle>
				<color>ff2dc0fb</color>
				<width>4.8</width>
			</LineStyle>
			<PolyStyle>
				<color>40ffffff</color>
			</PolyStyle>
			<BalloonStyle>
				<gx:displayMode>card</gx:displayMode>
			</BalloonStyle>
		</Style>
	</gx:CascadingStyle>
	<StyleMap id="__managed_style_09888E419440DE0EE2BC">
		<Pair>
			<key>normal</key>
			<styleUrl>#__managed_style_09888E419440DE0EE2BC_normal</styleUrl>
		</Pair>
		<Pair>
			<key>highlight</key>
			<styleUrl>#__managed_style_09888E419440DE0EE2BC_highlight</styleUrl>
		</Pair>
	</StyleMap>
	<StyleMap id="__managed_style_381FD019D640DE0EE2BE">
		<Pair>
			<key>normal</key>
			<styleUrl>#__managed_style_381FD019D640DE0EE2BE_normal</styleUrl>
		</Pair>
		<Pair>
			<key>highlight</key>
			<styleUrl>#__managed_style_381FD019D640DE0EE2BE_highlight</styleUrl>
		</Pair>
	</StyleMap>
	<gx:CascadingStyle kml:id="__managed_style_0E677A5FFA40DE0EE2B7_highlight">
		<Style>
			<IconStyle>
				<scale>1.2</scale>
				<Icon>
					<href>https://earth.google.com/earth/document/icon?color=388e3c&amp;id=2370&amp;scale=4</href>
				</Icon>
				<hotSpot x="64" y="128" xunits="pixels" yunits="insetPixels"/>
			</IconStyle>
			<LabelStyle>
				<scale>0</scale>
			</LabelStyle>
			<LineStyle>
				<color>ff2dc0fb</color>
				<width>4.8</width>
			</LineStyle>
			<PolyStyle>
				<color>40ffffff</color>
			</PolyStyle>
			<BalloonStyle>
				<gx:displayMode>card</gx:displayMode>
			</BalloonStyle>
		</Style>
	</gx:CascadingStyle>
	<StyleMap id="__managed_style_0234C299E140DE0EE2BB">
		<Pair>
			<key>normal</key>
			<styleUrl>#__managed_style_0234C299E140DE0EE2BB_normal</styleUrl>
		</Pair>
		<Pair>
			<key>highlight</key>
			<styleUrl>#__managed_style_0234C299E140DE0EE2BB_highlight</styleUrl>
		</Pair>
	</StyleMap>
	<gx:CascadingStyle kml:id="__managed_style_07DACBAD1440DE0EE2B6_highlight">
		<Style>
			<IconStyle>
				<scale>1.2</scale>
				<Icon>
					<href>https://earth.google.com/earth/document/icon?color=f57c00&amp;id=2056&amp;scale=4</href>
				</Icon>
				<hotSpot x="64" y="128" xunits="pixels" yunits="insetPixels"/>
			</IconStyle>
			<LabelStyle>
				<scale>0</scale>
			</LabelStyle>
			<LineStyle>
				<color>ff2dc0fb</color>
				<width>4.8</width>
			</LineStyle>
			<PolyStyle>
				<color>40ffffff</color>
			</PolyStyle>
			<BalloonStyle>
				<gx:displayMode>card</gx:displayMode>
			</BalloonStyle>
		</Style>
	</gx:CascadingStyle>
	<gx:CascadingStyle kml:id="__managed_style_13F3DA0E5440DE0EE2BF_normal">
		<Style>
			<IconStyle>
				<Icon>
					<href>https://earth.google.com/earth/document/icon?color=7b1fa2&amp;id=2311&amp;scale=4</href>
				</Icon>
				<hotSpot x="64" y="128" xunits="pixels" yunits="insetPixels"/>
			</IconStyle>
			<LabelStyle>
				<scale>0</scale>
			</LabelStyle>
			<LineStyle>
				<color>ff2dc0fb</color>
				<width>3.2</width>
			</LineStyle>
			<PolyStyle>
				<color>40ffffff</color>
			</PolyStyle>
			<BalloonStyle>
				<gx:displayMode>card</gx:displayMode>
			</BalloonStyle>
		</Style>
	</gx:CascadingStyle>
	<StyleMap id="__managed_style_0E677A5FFA40DE0EE2B7">
		<Pair>
			<key>normal</key>
			<styleUrl>#__managed_style_0E677A5FFA40DE0EE2B7_normal</styleUrl>
		</Pair>
		<Pair>
			<key>highlight</key>
			<styleUrl>#__managed_style_0E677A5FFA40DE0EE2B7_highlight</styleUrl>
		</Pair>
	</StyleMap>
	<gx:CascadingStyle kml:id="__managed_style_382814279B40DE0EE2C0_normal">
		<Style>
			<IconStyle>
				<Icon>
					<href>https://earth.google.com/earth/document/icon?color=4d0d69&amp;id=2163&amp;scale=4</href>
				</Icon>
				<hotSpot x="64" y="128" xunits="pixels" yunits="insetPixels"/>
			</IconStyle>
			<LabelStyle>
				<scale>0</scale>
			</LabelStyle>
			<LineStyle>
				<color>ff2dc0fb</color>
				<width>3.2</width>
			</LineStyle>
			<PolyStyle>
				<color>40ffffff</color>
			</PolyStyle>
			<BalloonStyle>
				<gx:displayMode>card</gx:displayMode>
			</BalloonStyle>
		</Style>
	</gx:CascadingStyle>
	<gx:CascadingStyle kml:id="__managed_style_4B2EA1BF0B40DE0EE2BC_highlight">
		<Style>
			<IconStyle>
				<scale>1.2</scale>
				<Icon>
					<href>https://earth.google.com/earth/document/icon?color=1976d2&amp;id=2000&amp;scale=4</href>
				</Icon>
				<hotSpot x="64" y="128" xunits="pixels" yunits="insetPixels"/>
			</IconStyle>
			<LabelStyle>
				<scale>0</scale>
			</LabelStyle>
			<LineStyle>
				<color>ffa21f7b</color>
				<width>4.8</width>
			</LineStyle>
			<PolyStyle>
				<color>40ffffff</color>
			</PolyStyle>
			<BalloonStyle>
			</BalloonStyle>
		</Style>
	</gx:CascadingStyle>
	<gx:CascadingStyle kml:id="__managed_style_39BBDC976B40DE0EE2BC_highlight">
		<Style>
			<IconStyle>
				<scale>1.2</scale>
				<Icon>
					<href>https://earth.google.com/earth/document/icon?color=1976d2&amp;id=2074&amp;scale=4</href>
				</Icon>
				<hotSpot x="64" y="128" xunits="pixels" yunits="insetPixels"/>
			</IconStyle>
			<LabelStyle>
				<scale>0</scale>
			</LabelStyle>
			<LineStyle>
				<color>ff2dc0fb</color>
				<width>4.8</width>
			</LineStyle>
			<PolyStyle>
				<color>40ffffff</color>
			</PolyStyle>
			<BalloonStyle>
				<gx:displayMode>card</gx:displayMode>
			</BalloonStyle>
		</Style>
	</gx:CascadingStyle>
	<gx:CascadingStyle kml:id="__managed_style_2FCFE6945940DE0EE2C0_normal">
		<Style>
			<IconStyle>
				<Icon>
					<href>https://earth.google.com/earth/document/icon?color=1976d2&amp;id=2000&amp;scale=4</href>
				</Icon>
				<hotSpot x="64" y="128" xunits="pixels" yunits="insetPixels"/>
			</IconStyle>
			<LabelStyle>
				<scale>0</scale>
			</LabelStyle>
			<LineStyle>
				<color>ffa21f7b</color>
				<width>3.2</width>
			</LineStyle>
			<PolyStyle>
				<color>40ffffff</color>
			</PolyStyle>
			<BalloonStyle>
			</BalloonStyle>
		</Style>
	</gx:CascadingStyle>
	<StyleMap id="__managed_style_252772A18640DE0EE2BF">
		<Pair>
			<key>normal</key>
			<styleUrl>#__managed_style_252772A18640DE0EE2BF_normal</styleUrl>
		</Pair>
		<Pair>
			<key>highlight</key>
			<styleUrl>#__managed_style_252772A18640DE0EE2BF_highlight</styleUrl>
		</Pair>
	</StyleMap>
	<gx:CascadingStyle kml:id="__managed_style_2DB708773F40DE0EE2B7_normal">
		<Style>
			<IconStyle>
				<Icon>
					<href>https://earth.google.com/earth/document/icon?color=7b1fa2&amp;id=2006&amp;scale=4</href>
				</Icon>
				<hotSpot x="64" y="128" xunits="pixels" yunits="insetPixels"/>
			</IconStyle>
			<LabelStyle>
				<scale>0</scale>
			</LabelStyle>
			<LineStyle>
				<color>ff2dc0fb</color>
				<width>3.2</width>
			</LineStyle>
			<PolyStyle>
				<color>40ffffff</color>
			</PolyStyle>
			<BalloonStyle>
				<gx:displayMode>card</gx:displayMode>
			</BalloonStyle>
		</Style>
	</gx:CascadingStyle>
	<gx:CascadingStyle kml:id="__managed_style_0F11DE7E6940DE0EE2C6_normal">
		<Style>
			<IconStyle>
				<Icon>
					<href>https://earth.google.com/earth/document/icon?color=7b1fa2&amp;id=2163&amp;scale=4</href>
				</Icon>
				<hotSpot x="64" y="128" xunits="pixels" yunits="insetPixels"/>
			</IconStyle>
			<LabelStyle>
				<scale>0</scale>
			</LabelStyle>
			<LineStyle>
				<color>ff2dc0fb</color>
				<width>3.2</width>
			</LineStyle>
			<PolyStyle>
				<color>40ffffff</color>
			</PolyStyle>
			<BalloonStyle>
				<gx:displayMode>card</gx:displayMode>
			</BalloonStyle>
		</Style>
	</gx:CascadingStyle>
	<StyleMap id="__managed_style_2FCFE6945940DE0EE2C0">
		<Pair>
			<key>normal</key>
			<styleUrl>#__managed_style_2FCFE6945940DE0EE2C0_normal</styleUrl>
		</Pair>
		<Pair>
			<key>highlight</key>
			<styleUrl>#__managed_style_2FCFE6945940DE0EE2C0_highlight</styleUrl>
		</Pair>
	</StyleMap>
	<Folder id="07FD3FF3A23BC6E9D201">
		<name>בוקרשט</name>
		<styleUrl>#__managed_style_0234C299E140DE0EE2BB</styleUrl>
		<Folder id="05BB0C15F13BC6F444D8">
			<name>אטרקציות כללי</name>
			<styleUrl>#__managed_style_0234C299E140DE0EE2BB</styleUrl>
			<Placemark id="075FCCC21E3BC6675940">
				<gx:mid>/m/069_zb</gx:mid>
				<gx:fid>0x40b202172654ca11:0x57ae7c6e837bc61b</gx:fid>
				<LookAt>
					<longitude>26.0781205</longitude>
					<latitude>44.467226</latitude>
					<altitude>0</altitude>
					<heading>0</heading>
					<tilt>0</tilt>
					<gx:fovy>35</gx:fovy>
					<range>728.1190336787101</range>
					<altitudeMode>relativeToGround</altitudeMode>
				</LookAt>
				<styleUrl>#__managed_style_2DB708773F40DE0EE2B7</styleUrl>
				<Point>
					<altitudeMode>relativeToGround</altitudeMode>
					<coordinates>26.0781205,44.467226,0</coordinates>
				</Point>
			</Placemark>
			<Placemark id="05669F5E893BC6691A90">
				<gx:mid>/m/026stb1</gx:mid>
				<gx:fid>0x40b1ff408c94bf45:0x12a162472f0e074b</gx:fid>
				<LookAt>
					<longitude>26.098736</longitude>
					<latitude>44.43309850000001</latitude>
					<altitude>0</altitude>
					<heading>0</heading>
					<tilt>0</tilt>
					<gx:fovy>35</gx:fovy>
					<range>728.5823341296636</range>
					<altitudeMode>relativeToGround</altitudeMode>
				</LookAt>
				<styleUrl>#__managed_style_2DB708773F40DE0EE2B7</styleUrl>
				<Point>
					<altitudeMode>relativeToGround</altitudeMode>
					<coordinates>26.09854004242131,44.43317398848706,0</coordinates>
				</Point>
			</Placemark>
			<Placemark id="05E90D26233BC66ED306">
				<gx:mid>/g/11j8q28_4t</gx:mid>
				<gx:fid>0x40b1ff554b2e6e99:0xdb71a06f9a454bd5</gx:fid>
				<LookAt>
					<longitude>26.0986605</longitude>
					<latitude>44.4364655</latitude>
					<altitude>0</altitude>
					<heading>0</heading>
					<tilt>0</tilt>
					<gx:fovy>35</gx:fovy>
					<range>728.5366357166108</range>
					<altitudeMode>relativeToGround</altitudeMode>
				</LookAt>
				<styleUrl>#__managed_style_2DB708773F40DE0EE2B7</styleUrl>
				<Point>
					<altitudeMode>relativeToGround</altitudeMode>
					<coordinates>26.0986605,44.4364655,0</coordinates>
				</Point>
			</Placemark>
			<Placemark id="09988EF4353BC6732B58">
				<gx:mid>/m/04mx9l</gx:mid>
				<gx:fid>0x40b1ff474e7a6aff:0xddbdc63ca7b72e72</gx:fid>
				<LookAt>
					<longitude>26.1011925</longitude>
					<latitude>44.4347985</latitude>
					<altitude>0</altitude>
					<heading>0</heading>
					<tilt>0</tilt>
					<gx:fovy>35</gx:fovy>
					<range>728.559261266589</range>
					<altitudeMode>relativeToGround</altitudeMode>
				</LookAt>
				<styleUrl>#__managed_style_2DB708773F40DE0EE2B7</styleUrl>
				<Point>
					<altitudeMode>relativeToGround</altitudeMode>
					<coordinates>26.1011925,44.4347985,0</coordinates>
				</Point>
			</Placemark>
			<Placemark id="002DA514DA2FD599062E">
				<name>רחובות מרכזיים</name>
				<LookAt>
					<longitude>26.09991442067931</longitude>
					<latitude>44.43206368222098</latitude>
					<altitude>77.24516057858206</altitude>
					<heading>0</heading>
					<tilt>0</tilt>
					<gx:fovy>83.63967205297428</gx:fovy>
					<range>336.1779138370184</range>
					<altitudeMode>absolute</altitudeMode>
				</LookAt>
				<styleUrl>#__managed_style_2FCFE6945940DE0EE2C0</styleUrl>
				<LineString>
					<coordinates>
						26.10017023592644,44.42957066364453,0 26.10035436015632,44.42990642886253,0 26.09882460753672,44.4304886127164,0 26.09915306374402,44.43101555348456,0 26.09979061860668,44.43109421202342,0 26.09985747350663,44.43077315417095,0 26.10049715634677,44.43007692209856,0 26.10078863387729,44.43071254973189,0 26.10088113219393,44.43142207392321,0 26.10095136783857,44.43188724649094,0 26.10180274233653,44.43180547921744,0 26.10307141293337,44.43175891394566,0 26.10179485160712,44.43180177104632,0 26.10093665779081,44.43188502055272,0 26.09989902234754,44.4320153368922,0 26.09982283732943,44.43204028473922,0 26.10014722855341,44.43265430472118,0 26.10051379567567,44.4330821718653,0 26.10014414944584,44.43265192406931,0 26.09982195978244,44.43203411342122,0 26.09754422643604,44.43271147779532,0 26.09982551380061,44.43203603863775,0 26.09990349420697,44.4320159136735,0 26.09982270744169,44.43181536943649,0 26.09873088508462,44.43190618965321,0 26.09719895074654,44.43195894536315,0 26.09874388212653,44.43190155644381,0 26.09982325987085,44.43181773394659,0 26.09979726357943,44.43109242761786,0 
					</coordinates>
				</LineString>
			</Placemark>
			<Placemark id="0BABFDD2203BC7177436">
				<gx:mid>/m/02x2r3b</gx:mid>
				<gx:fid>0x40b201d02342fff3:0xe08b3cde2ed03b06</gx:fid>
				<LookAt>
					<longitude>26.0524643</longitude>
					<latitude>44.4308561</latitude>
					<altitude>0</altitude>
					<heading>0</heading>
					<tilt>0</tilt>
					<gx:fovy>35</gx:fovy>
					<range>728.6127676924746</range>
					<altitudeMode>relativeToGround</altitudeMode>
				</LookAt>
				<styleUrl>#__managed_style_13F3DA0E5440DE0EE2BF</styleUrl>
				<Point>
					<altitudeMode>relativeToGround</altitudeMode>
					<coordinates>26.0524643,44.4308561,0</coordinates>
				</Point>
			</Placemark>
			<Placemark id="0630B7E5473BC7179D28">
				<gx:mid>/g/11dxd01bm9</gx:mid>
				<gx:fid>0x40b201cffd2167fd:0x8a86113c55c75a64</gx:fid>
				<LookAt>
					<longitude>26.0521064</longitude>
					<latitude>44.4313155</latitude>
					<altitude>0</altitude>
					<heading>0</heading>
					<tilt>0</tilt>
					<gx:fovy>35</gx:fovy>
					<range>728.6065328585524</range>
					<altitudeMode>relativeToGround</altitudeMode>
				</LookAt>
				<styleUrl>#__managed_style_2DB708773F40DE0EE2B7</styleUrl>
				<Point>
					<altitudeMode>relativeToGround</altitudeMode>
					<coordinates>26.0521064,44.4313155,0</coordinates>
				</Point>
			</Placemark>
			<Placemark id="0BDF8DDC053BC717B5F4">
				<gx:mid>/g/1tcy7d43</gx:mid>
				<gx:fid>0x40b201daa75e1e49:0x764652e26290df37</gx:fid>
				<LookAt>
					<longitude>26.0536759</longitude>
					<latitude>44.4313489</latitude>
					<altitude>0</altitude>
					<heading>0</heading>
					<tilt>0</tilt>
					<gx:fovy>35</gx:fovy>
					<range>728.6060795624626</range>
					<altitudeMode>relativeToGround</altitudeMode>
				</LookAt>
				<styleUrl>#__managed_style_2DB708773F40DE0EE2B7</styleUrl>
				<Point>
					<altitudeMode>relativeToGround</altitudeMode>
					<coordinates>26.0536759,44.4313489,0</coordinates>
				</Point>
			</Placemark>
			<Placemark id="0207F52DD13BC725B0F6">
				<name>רחובות מרכזיים</name>
				<LookAt>
					<longitude>26.10041994024668</longitude>
					<latitude>44.43166877591494</latitude>
					<altitude>80.34522000799832</altitude>
					<heading>1.311503407962926</heading>
					<tilt>0</tilt>
					<gx:fovy>35</gx:fovy>
					<range>757.6832326130534</range>
					<altitudeMode>absolute</altitudeMode>
				</LookAt>
				<styleUrl>#__managed_style_4B2EA1BF0B40DE0EE2BC</styleUrl>
				<LineString>
					<coordinates>
						26.10034346072758,44.42988979738968,0 26.10048925512302,44.43008810585461,0 26.10035487087009,44.42990558475729,0 26.10183576847744,44.42986692982976,0 26.10166165940032,44.42933033487293,0 26.10183146115777,44.42986859478626,0 26.10188292698506,44.43016845702657,0 26.1018334544,44.42987226155327,0 26.10225101667722,44.42986551848857,0 26.10270055919133,44.43030531607967,0 26.10304915311214,44.43057913141239,0 26.10269737348755,44.43030390934518,0 26.10181219563088,44.43073964568416,0 26.10085054388936,44.43117903389534,0 26.10090622708746,44.43157532969645,0 26.10205593443018,44.43143801741846,0 
					</coordinates>
				</LineString>
			</Placemark>
			<Placemark id="02E8206D773BC72859B9">
				<gx:mid>/g/12116x79</gx:mid>
				<gx:fid>0x40b1ff45931aafa5:0x1ff3885d06d59e62</gx:fid>
				<LookAt>
					<longitude>26.09701609999999</longitude>
					<latitude>44.43964759999999</latitude>
					<altitude>0</altitude>
					<heading>0</heading>
					<tilt>0</tilt>
					<gx:fovy>35</gx:fovy>
					<range>728.4934447248364</range>
					<altitudeMode>relativeToGround</altitudeMode>
				</LookAt>
				<styleUrl>#__managed_style_2DB708773F40DE0EE2B7</styleUrl>
				<Point>
					<altitudeMode>relativeToGround</altitudeMode>
					<coordinates>26.0970161,44.4396476,0</coordinates>
				</Point>
			</Placemark>
			<Placemark id="0DB06CE5E83BC72B8887">
				<gx:mid>/m/01zhsk</gx:mid>
				<gx:fid>0x40b1ff427bee28c1:0x2b1089f802abaddc</gx:fid>
				<LookAt>
					<longitude>26.08735059999999</longitude>
					<latitude>44.4275035</latitude>
					<altitude>0</altitude>
					<heading>0</heading>
					<tilt>0</tilt>
					<gx:fovy>35</gx:fovy>
					<range>728.6582668346149</range>
					<altitudeMode>relativeToGround</altitudeMode>
				</LookAt>
				<styleUrl>#__managed_style_3D12C360BB40DE0EE2B8</styleUrl>
				<Point>
					<altitudeMode>relativeToGround</altitudeMode>
					<coordinates>26.08735059999999,44.4275035,0</coordinates>
				</Point>
			</Placemark>
			<Placemark id="005981F5813BC72BC71C">
				<gx:mid>/m/04ps4_</gx:mid>
				<gx:fid>0x40b1ff1ebef1f15f:0x9f02342ad279573f</gx:fid>
				<LookAt>
					<longitude>26.0820579</longitude>
					<latitude>44.4260051</latitude>
					<altitude>0</altitude>
					<heading>0</heading>
					<tilt>0</tilt>
					<gx:fovy>35</gx:fovy>
					<range>728.6786013305536</range>
					<altitudeMode>relativeToGround</altitudeMode>
				</LookAt>
				<styleUrl>#__managed_style_3D12C360BB40DE0EE2B8</styleUrl>
				<Point>
					<altitudeMode>relativeToGround</altitudeMode>
					<coordinates>26.0820579,44.4260051,0</coordinates>
				</Point>
			</Placemark>
			<Placemark id="011F85FD8B3BC72C3F7B">
				<gx:mid>/g/1thp_6lr</gx:mid>
				<gx:fid>0x40b1fe51631404ff:0x76cf3f51fff8ce7c</gx:fid>
				<LookAt>
					<longitude>26.10827859999999</longitude>
					<latitude>44.40051379999999</latitude>
					<altitude>0</altitude>
					<heading>0</heading>
					<tilt>0</tilt>
					<gx:fovy>35</gx:fovy>
					<range>729.0244686846469</range>
					<altitudeMode>relativeToGround</altitudeMode>
				</LookAt>
				<styleUrl>#__managed_style_2DB708773F40DE0EE2B7</styleUrl>
				<Point>
					<altitudeMode>relativeToGround</altitudeMode>
					<coordinates>26.1082786,44.4005138,0</coordinates>
				</Point>
			</Placemark>
			<Placemark id="0FC8E566483BC72CC460">
				<gx:mid>/m/0gg5fnx</gx:mid>
				<gx:fid>0x40b1ff6b65c623c1:0x7a5363da2b1e446b</gx:fid>
				<LookAt>
					<longitude>26.09159769999999</longitude>
					<latitude>44.42727509999999</latitude>
					<altitude>0</altitude>
					<heading>0</heading>
					<tilt>0</tilt>
					<gx:fovy>35</gx:fovy>
					<range>728.6613664363025</range>
					<altitudeMode>relativeToGround</altitudeMode>
				</LookAt>
				<styleUrl>#__managed_style_18653CD4BA40DE0EE2B7</styleUrl>
				<Point>
					<altitudeMode>relativeToGround</altitudeMode>
					<coordinates>26.0915977,44.4272751,0</coordinates>
				</Point>
			</Placemark>
			<Placemark id="0DA3F2C6B13BC72DDDF8">
				<gx:mid>/g/11dy_jmjvd</gx:mid>
				<gx:fid>0x40b201db8a4e85ef:0x4140f6c87c27e880</gx:fid>
				<LookAt>
					<longitude>26.0620355</longitude>
					<latitude>44.43402049999999</latitude>
					<altitude>0</altitude>
					<heading>0</heading>
					<tilt>0</tilt>
					<gx:fovy>35</gx:fovy>
					<range>728.5698205676036</range>
					<altitudeMode>relativeToGround</altitudeMode>
				</LookAt>
				<styleUrl>#__managed_style_2C6466ECCE40DE0EE2C3</styleUrl>
				<Point>
					<altitudeMode>relativeToGround</altitudeMode>
					<coordinates>26.0620355,44.4340205,0</coordinates>
				</Point>
			</Placemark>
			<Placemark id="0A12266C163BC740E0C8">
				<gx:mid>/g/11fm49q7tf</gx:mid>
				<gx:fid>0x40b1ff88644160af:0xafe2420b55c9bc77</gx:fid>
				<LookAt>
					<longitude>26.10245859999999</longitude>
					<latitude>44.42680289999999</latitude>
					<altitude>0</altitude>
					<heading>0</heading>
					<tilt>0</tilt>
					<gx:fovy>35</gx:fovy>
					<range>728.6677745983701</range>
					<altitudeMode>relativeToGround</altitudeMode>
				</LookAt>
				<styleUrl>#__managed_style_2DB708773F40DE0EE2B7</styleUrl>
				<Point>
					<altitudeMode>relativeToGround</altitudeMode>
					<coordinates>26.10245859999999,44.4268029,0</coordinates>
				</Point>
			</Placemark>
			<Placemark id="0E011476843BC7421B13">
				<gx:mid>/g/11zjlffw4r</gx:mid>
				<gx:fid>0x40b21b004475fcd9:0x37f0bfcf0063d1b6</gx:fid>
				<LookAt>
					<longitude>26.085331</longitude>
					<latitude>44.60577199999999</latitude>
					<altitude>0</altitude>
					<heading>0</heading>
					<tilt>0</tilt>
					<gx:fovy>35</gx:fovy>
					<range>726.2357593949367</range>
					<altitudeMode>relativeToGround</altitudeMode>
				</LookAt>
				<styleUrl>#__managed_style_2DB708773F40DE0EE2B7</styleUrl>
				<Point>
					<altitudeMode>relativeToGround</altitudeMode>
					<coordinates>26.08572565133473,44.60408899078245,0</coordinates>
				</Point>
			</Placemark>
			<Placemark id="01694CE9C83BC74250C8">
				<gx:mid>/m/05253yc</gx:mid>
				<gx:fid>0x40b1f932b120b96b:0x53a7021f11d624a4</gx:fid>
				<LookAt>
					<longitude>26.15253999999999</longitude>
					<latitude>44.4372839</latitude>
					<altitude>0</altitude>
					<heading>0</heading>
					<tilt>0</tilt>
					<gx:fovy>35</gx:fovy>
					<range>728.5255276808725</range>
					<altitudeMode>relativeToGround</altitudeMode>
				</LookAt>
				<styleUrl>#__managed_style_12A1F226BB40DE0EE2BC</styleUrl>
				<Point>
					<altitudeMode>relativeToGround</altitudeMode>
					<coordinates>26.15254,44.4372839,0</coordinates>
				</Point>
			</Placemark>
			<Placemark id="06CAC97DF23BC72EADD0">
				<gx:mid>/m/03cl0hv</gx:mid>
				<gx:fid>0x40b1ff13c15ede5b:0x69f1c9a43865a9d3</gx:fid>
				<LookAt>
					<longitude>26.0978159</longitude>
					<latitude>44.4242736</latitude>
					<altitude>0</altitude>
					<heading>0</heading>
					<tilt>0</tilt>
					<gx:fovy>35</gx:fovy>
					<range>728.7020986114214</range>
					<altitudeMode>relativeToGround</altitudeMode>
				</LookAt>
				<styleUrl>#__managed_style_2DB708773F40DE0EE2B7</styleUrl>
				<Point>
					<altitudeMode>relativeToGround</altitudeMode>
					<coordinates>26.0977884,44.4243141,0</coordinates>
				</Point>
			</Placemark>
			<Placemark id="068B2293113BC73E7ED4">
				<gx:mid>/g/11bc6qzjs1</gx:mid>
				<gx:fid>0x40b20025c936205d:0xb7412eee40a8a788</gx:fid>
				<LookAt>
					<longitude>26.04042</longitude>
					<latitude>44.4128088</latitude>
					<altitude>0</altitude>
					<heading>0</heading>
					<tilt>0</tilt>
					<gx:fovy>35</gx:fovy>
					<range>728.8576659939564</range>
					<altitudeMode>relativeToGround</altitudeMode>
				</LookAt>
				<styleUrl>#__managed_style_12A1F226BB40DE0EE2BC</styleUrl>
				<Point>
					<altitudeMode>relativeToGround</altitudeMode>
					<coordinates>26.04042,44.4128088,0</coordinates>
				</Point>
			</Placemark>
			<Placemark id="06C19776133BC73F5F18">
				<gx:mid>/m/04lk8k</gx:mid>
				<gx:fid>0x40b1ff07f2ee63ad:0x3e7635bc09da2</gx:fid>
				<LookAt>
					<longitude>26.0967984</longitude>
					<latitude>44.4115431</latitude>
					<altitude>0</altitude>
					<heading>0</heading>
					<tilt>0</tilt>
					<gx:fovy>35</gx:fovy>
					<range>728.8748388014161</range>
					<altitudeMode>relativeToGround</altitudeMode>
				</LookAt>
				<styleUrl>#__managed_style_18653CD4BA40DE0EE2B7</styleUrl>
				<Point>
					<altitudeMode>relativeToGround</altitudeMode>
					<coordinates>26.0967984,44.4115431,0</coordinates>
				</Point>
			</Placemark>
			<Placemark id="046BBC67F53BC7402C14">
				<gx:mid>/g/1hb_gc3g5</gx:mid>
				<gx:fid>0x40b1f8b00df1c243:0xc8c1f034450e9a48</gx:fid>
				<LookAt>
					<longitude>26.1095325</longitude>
					<latitude>44.45656580000001</latitude>
					<altitude>0</altitude>
					<heading>0</heading>
					<tilt>0</tilt>
					<gx:fovy>35</gx:fovy>
					<range>728.2637775042468</range>
					<altitudeMode>relativeToGround</altitudeMode>
				</LookAt>
				<styleUrl>#__managed_style_2DB708773F40DE0EE2B7</styleUrl>
				<Point>
					<altitudeMode>relativeToGround</altitudeMode>
					<coordinates>26.1095325,44.4565658,0</coordinates>
				</Point>
			</Placemark>
		</Folder>
		<Folder id="022AABBB903BC6F4E6F4">
			<name>פארקים</name>
			<styleUrl>#__managed_style_29E30EE7C540DE0EE2B8</styleUrl>
			<Placemark id="06CEBB398E3BC666E590">
				<gx:mid>/m/07h2nc</gx:mid>
				<gx:fid>0x40b20213bb079091:0x57f60ea89ec15526</gx:fid>
				<LookAt>
					<longitude>26.0827527</longitude>
					<latitude>44.47020149999999</latitude>
					<altitude>0</altitude>
					<heading>0</heading>
					<tilt>0</tilt>
					<gx:fovy>35</gx:fovy>
					<range>728.0786283127082</range>
					<altitudeMode>relativeToGround</altitudeMode>
				</LookAt>
				<styleUrl>#__managed_style_0E677A5FFA40DE0EE2B7</styleUrl>
				<Point>
					<altitudeMode>relativeToGround</altitudeMode>
					<coordinates>26.0827527,44.47020149999999,0</coordinates>
				</Point>
			</Placemark>
			<Placemark id="073D56AA283BC6681DBE">
				<gx:mid>/m/08tb63</gx:mid>
				<gx:fid>0x40b201dd97d58297:0x301135551489fb73</gx:fid>
				<LookAt>
					<longitude>26.06267709999999</longitude>
					<latitude>44.4372286</latitude>
					<altitude>0</altitude>
					<heading>0</heading>
					<tilt>0</tilt>
					<gx:fovy>35</gx:fovy>
					<range>728.5262782648107</range>
					<altitudeMode>relativeToGround</altitudeMode>
				</LookAt>
				<styleUrl>#__managed_style_0E677A5FFA40DE0EE2B7</styleUrl>
				<Point>
					<altitudeMode>relativeToGround</altitudeMode>
					<coordinates>26.0626771,44.4372286,0</coordinates>
				</Point>
			</Placemark>
			<Placemark id="0C00E0A7393BC6716CEF">
				<gx:mid>/m/03cz45</gx:mid>
				<gx:fid>0x40b1ff438f7e6fcf:0x3e98ab275166423b</gx:fid>
				<LookAt>
					<longitude>26.0910803</longitude>
					<latitude>44.4373441</latitude>
					<altitude>0</altitude>
					<heading>0</heading>
					<tilt>0</tilt>
					<gx:fovy>35</gx:fovy>
					<range>728.5247105887883</range>
					<altitudeMode>relativeToGround</altitudeMode>
				</LookAt>
				<styleUrl>#__managed_style_0E677A5FFA40DE0EE2B7</styleUrl>
				<Point>
					<altitudeMode>relativeToGround</altitudeMode>
					<coordinates>26.0910803,44.4373441,0</coordinates>
				</Point>
			</Placemark>
			<Placemark id="04D329569C3BC73ED6DB">
				<gx:mid>/m/027fhwj</gx:mid>
				<gx:fid>0x40b1ffaad2d5dcff:0x9c229d7528e44f8e</gx:fid>
				<LookAt>
					<longitude>26.1050687</longitude>
					<latitude>44.4078666</latitude>
					<altitude>0</altitude>
					<heading>0</heading>
					<tilt>0</tilt>
					<gx:fovy>35</gx:fovy>
					<range>728.9247190903144</range>
					<altitudeMode>relativeToGround</altitudeMode>
				</LookAt>
				<styleUrl>#__managed_style_0E677A5FFA40DE0EE2B7</styleUrl>
				<Point>
					<altitudeMode>relativeToGround</altitudeMode>
					<coordinates>26.10766378998481,44.40624172531481,0</coordinates>
				</Point>
			</Placemark>
			<Placemark id="084EF18DCD3BC73F7AF8">
				<gx:mid>/g/11xzjfjq9l</gx:mid>
				<gx:fid>0x40b1ff0870000001:0xd4dedc4021faf35c</gx:fid>
				<LookAt>
					<longitude>26.0956123</longitude>
					<latitude>44.4131638</latitude>
					<altitude>0</altitude>
					<heading>0</heading>
					<tilt>0</tilt>
					<gx:fovy>35</gx:fovy>
					<range>728.8528493542337</range>
					<altitudeMode>relativeToGround</altitudeMode>
				</LookAt>
				<styleUrl>#__managed_style_0E677A5FFA40DE0EE2B7</styleUrl>
				<Point>
					<altitudeMode>relativeToGround</altitudeMode>
					<coordinates>26.09611398836331,44.4137020102069,0</coordinates>
				</Point>
			</Placemark>
			<Placemark id="0EF0E9F2C03BC73FFA43">
				<gx:mid>/g/11l2r_63wm</gx:mid>
				<gx:fid>0x40b1f9a46647d207:0xb97aee1be2a38e1c</gx:fid>
				<LookAt>
					<longitude>26.1118245</longitude>
					<latitude>44.4565328</latitude>
					<altitude>0</altitude>
					<heading>0</heading>
					<tilt>0</tilt>
					<gx:fovy>35</gx:fovy>
					<range>728.2642255411739</range>
					<altitudeMode>relativeToGround</altitudeMode>
				</LookAt>
				<styleUrl>#__managed_style_0E677A5FFA40DE0EE2B7</styleUrl>
				<Point>
					<altitudeMode>relativeToGround</altitudeMode>
					<coordinates>26.1118245,44.4565328,0</coordinates>
				</Point>
			</Placemark>
			<Placemark id="01F59051562E739830F8">
				<name>פארק</name>
				<LookAt>
					<longitude>26.09553364924437</longitude>
					<latitude>44.41459401851191</latitude>
					<altitude>65.27291620494486</altitude>
					<heading>230.2574865426116</heading>
					<tilt>0</tilt>
					<gx:fovy>35</gx:fovy>
					<range>1029.448094648542</range>
					<altitudeMode>absolute</altitudeMode>
				</LookAt>
				<styleUrl>#__managed_style_7C8C70C8F340DE0EE2B8</styleUrl>
				<LineString>
					<coordinates>
						26.09531168454409,44.41789409236432,0 26.09684112387876,44.41137339987474,0 
					</coordinates>
				</LineString>
			</Placemark>
			<Placemark id="0B62720EA93BC73E536C">
				<gx:mid>/g/122rjw6w</gx:mid>
				<gx:fid>0x40b20036c2aff6b1:0x8772154e0f9b91ea</gx:fid>
				<LookAt>
					<longitude>26.0322107</longitude>
					<latitude>44.4200644</latitude>
					<altitude>0</altitude>
					<heading>0</heading>
					<tilt>0</tilt>
					<gx:fovy>35</gx:fovy>
					<range>728.759216914352</range>
					<altitudeMode>relativeToGround</altitudeMode>
				</LookAt>
				<styleUrl>#__managed_style_0E677A5FFA40DE0EE2B7</styleUrl>
				<Point>
					<altitudeMode>relativeToGround</altitudeMode>
					<coordinates>26.0322107,44.4200644,0</coordinates>
				</Point>
			</Placemark>
			<Placemark id="00434A1FD53BC7055C10">
				<gx:mid>/g/122k5k68</gx:mid>
				<gx:fid>0x40b1feb663d02dd3:0xf0489031c3cf5127</gx:fid>
				<LookAt>
					<longitude>26.15511069999999</longitude>
					<latitude>44.42596179999999</latitude>
					<altitude>0</altitude>
					<heading>0</heading>
					<tilt>0</tilt>
					<gx:fovy>35</gx:fovy>
					<range>728.6791889396568</range>
					<altitudeMode>relativeToGround</altitudeMode>
				</LookAt>
				<styleUrl>#__managed_style_0E677A5FFA40DE0EE2B7</styleUrl>
				<Point>
					<altitudeMode>relativeToGround</altitudeMode>
					<coordinates>26.15545781635117,44.42370132650871,0</coordinates>
				</Point>
			</Placemark>
			<Placemark id="0A87BCB33C3BC72B353C">
				<gx:mid>/g/11r_pd35h</gx:mid>
				<gx:fid>0x40b1ff69caad53bd:0x5f5bfeef1ae990d5</gx:fid>
				<LookAt>
					<longitude>26.0878217</longitude>
					<latitude>44.4317878</latitude>
					<altitude>0</altitude>
					<heading>0</heading>
					<tilt>0</tilt>
					<gx:fovy>35</gx:fovy>
					<range>728.6001229050008</range>
					<altitudeMode>relativeToGround</altitudeMode>
				</LookAt>
				<styleUrl>#__managed_style_0E677A5FFA40DE0EE2B7</styleUrl>
				<Point>
					<altitudeMode>relativeToGround</altitudeMode>
					<coordinates>26.0878217,44.4317878,0</coordinates>
				</Point>
			</Placemark>
		</Folder>
		<Folder id="00EC0BBF6C3BC70C8E26">
			<name>שופינג</name>
			<styleUrl>#__managed_style_29E30EE7C540DE0EE2B8</styleUrl>
			<Placemark id="038C45F71E3BC7040570">
				<gx:mid>/m/01_fjd</gx:mid>
				<gx:fid>0x40b1fee131eaa285:0x1ddb7e047c0b9d53</gx:fid>
				<LookAt>
					<longitude>26.1262378</longitude>
					<latitude>44.42009940000001</latitude>
					<altitude>0</altitude>
					<heading>0</heading>
					<tilt>0</tilt>
					<gx:fovy>35</gx:fovy>
					<range>728.7587419837431</range>
					<altitudeMode>relativeToGround</altitudeMode>
				</LookAt>
				<styleUrl>#__managed_style_13F3DA0E5440DE0EE2BF</styleUrl>
				<Point>
					<altitudeMode>relativeToGround</altitudeMode>
					<coordinates>26.1262378,44.4200994,0</coordinates>
				</Point>
			</Placemark>
			<Placemark id="0DB8FF7E013BC704C098">
				<gx:mid>/g/11b7f10ln7</gx:mid>
				<gx:fid>0x40b1fec084066907:0x9bd97c93019b4159</gx:fid>
				<LookAt>
					<longitude>26.1496199</longitude>
					<latitude>44.42058659999999</latitude>
					<altitude>0</altitude>
					<heading>0</heading>
					<tilt>0</tilt>
					<gx:fovy>35</gx:fovy>
					<range>728.752130923732</range>
					<altitudeMode>relativeToGround</altitudeMode>
				</LookAt>
				<styleUrl>#__managed_style_13F3DA0E5440DE0EE2BF</styleUrl>
				<Point>
					<altitudeMode>relativeToGround</altitudeMode>
					<coordinates>26.1496199,44.4205866,0</coordinates>
				</Point>
			</Placemark>
			<Placemark id="04A0FBA0C53BC70734C8">
				<gx:mid>/g/11g8w8svjf</gx:mid>
				<gx:fid>0x40b1f92e70c78979:0xd31f7c535d8b30bb</gx:fid>
				<LookAt>
					<longitude>26.1522755</longitude>
					<latitude>44.44184769999999</latitude>
					<altitude>0</altitude>
					<heading>0</heading>
					<tilt>0</tilt>
					<gx:fovy>35</gx:fovy>
					<range>728.4635813202372</range>
					<altitudeMode>relativeToGround</altitudeMode>
				</LookAt>
				<styleUrl>#__managed_style_13F3DA0E5440DE0EE2BF</styleUrl>
				<Point>
					<altitudeMode>relativeToGround</altitudeMode>
					<coordinates>26.1522755,44.4418477,0</coordinates>
				</Point>
			</Placemark>
			<Placemark id="0243C0863E3BC708B783">
				<gx:mid>/m/03b_jkd</gx:mid>
				<gx:fid>0x40b1fe5d1f26cc9d:0xb4dfb208656df393</gx:fid>
				<LookAt>
					<longitude>26.12266709999999</longitude>
					<latitude>44.39523200000001</latitude>
					<altitude>0</altitude>
					<heading>0</heading>
					<tilt>0</tilt>
					<gx:fovy>35</gx:fovy>
					<range>729.0961158613718</range>
					<altitudeMode>relativeToGround</altitudeMode>
				</LookAt>
				<styleUrl>#__managed_style_13F3DA0E5440DE0EE2BF</styleUrl>
				<Point>
					<altitudeMode>relativeToGround</altitudeMode>
					<coordinates>26.1226671,44.395232,0</coordinates>
				</Point>
			</Placemark>
			<Placemark id="028FA878803BC70A01E1">
				<gx:mid>/g/1yg58g4jt</gx:mid>
				<gx:fid>0x40b202709df4c973:0x3fad1073154a78b9</gx:fid>
				<LookAt>
					<longitude>26.1035397</longitude>
					<latitude>44.47821099999999</latitude>
					<altitude>0</altitude>
					<heading>0</heading>
					<tilt>0</tilt>
					<gx:fovy>35</gx:fovy>
					<range>727.9698555269888</range>
					<altitudeMode>relativeToGround</altitudeMode>
				</LookAt>
				<styleUrl>#__managed_style_13F3DA0E5440DE0EE2BF</styleUrl>
				<Point>
					<altitudeMode>relativeToGround</altitudeMode>
					<coordinates>26.1035397,44.47821099999999,0</coordinates>
				</Point>
			</Placemark>
		</Folder>
		<Folder id="016E45E3F23BC6F4B673">
			<name>בתי קפה</name>
			<styleUrl>#__managed_style_29E30EE7C540DE0EE2B8</styleUrl>
			<Placemark id="03E166AB123BC6E984AC">
				<gx:mid>/g/11w3p7srkj</gx:mid>
				<gx:fid>0x40b1ff17077e50ef:0x9ff348948a69c6f0</gx:fid>
				<LookAt>
					<longitude>26.0942413</longitude>
					<latitude>44.44423289999999</latitude>
					<altitude>0</altitude>
					<heading>0</heading>
					<tilt>0</tilt>
					<gx:fovy>35</gx:fovy>
					<range>728.4312043174451</range>
					<altitudeMode>relativeToGround</altitudeMode>
				</LookAt>
				<styleUrl>#__managed_style_07DACBAD1440DE0EE2B6</styleUrl>
				<Point>
					<altitudeMode>relativeToGround</altitudeMode>
					<coordinates>26.0942413,44.4442329,0</coordinates>
				</Point>
			</Placemark>
			<Placemark id="0C8062145E3BC66DB924">
				<gx:mid>/g/1vvdsqc_</gx:mid>
				<gx:fid>0x40b1ff3f8e3f9833:0x74fae14f59751d56</gx:fid>
				<LookAt>
					<longitude>26.1001142</longitude>
					<latitude>44.43244420000001</latitude>
					<altitude>0</altitude>
					<heading>0</heading>
					<tilt>0</tilt>
					<gx:fovy>35</gx:fovy>
					<range>728.5912143105319</range>
					<altitudeMode>relativeToGround</altitudeMode>
				</LookAt>
				<styleUrl>#__managed_style_07DACBAD1440DE0EE2B6</styleUrl>
				<Point>
					<altitudeMode>relativeToGround</altitudeMode>
					<coordinates>26.1001142,44.4324442,0</coordinates>
				</Point>
			</Placemark>
			<Placemark id="02F2BB31383BC6A2A901">
				<gx:mid>/g/11rd71yshm</gx:mid>
				<gx:fid>0x40b1ffb69ab8f01b:0xbf4750ba0ea7a68c</gx:fid>
				<LookAt>
					<longitude>26.0699562</longitude>
					<latitude>44.4293908</latitude>
					<altitude>0</altitude>
					<heading>0</heading>
					<tilt>0</tilt>
					<gx:fovy>35</gx:fovy>
					<range>728.6326540009567</range>
					<altitudeMode>relativeToGround</altitudeMode>
				</LookAt>
				<styleUrl>#__managed_style_07DACBAD1440DE0EE2B6</styleUrl>
				<Point>
					<altitudeMode>relativeToGround</altitudeMode>
					<coordinates>26.0699562,44.4293908,0</coordinates>
				</Point>
			</Placemark>
			<Placemark id="0E427718063BC6FB5A51">
				<gx:mid>/g/11y3yp6x51</gx:mid>
				<gx:fid>0x40b203893f72f395:0x5f8923a03beaf984</gx:fid>
				<LookAt>
					<longitude>26.0930206</longitude>
					<latitude>44.46231179999999</latitude>
					<altitude>0</altitude>
					<heading>0</heading>
					<tilt>0</tilt>
					<gx:fovy>35</gx:fovy>
					<range>728.1857613904436</range>
					<altitudeMode>relativeToGround</altitudeMode>
				</LookAt>
				<styleUrl>#__managed_style_07DACBAD1440DE0EE2B6</styleUrl>
				<Point>
					<altitudeMode>relativeToGround</altitudeMode>
					<coordinates>26.0930373,44.4623192,0</coordinates>
				</Point>
			</Placemark>
			<Placemark id="0FD149C8AA3BC6FC8329">
				<gx:mid>/g/11rr4_8wtw</gx:mid>
				<gx:fid>0x40b1fffabe43d919:0xa1f539e75f9b3e6c</gx:fid>
				<LookAt>
					<longitude>26.0870797</longitude>
					<latitude>44.450698</latitude>
					<altitude>0</altitude>
					<heading>0</heading>
					<tilt>0</tilt>
					<gx:fovy>35</gx:fovy>
					<range>728.3434404142328</range>
					<altitudeMode>relativeToGround</altitudeMode>
				</LookAt>
				<styleUrl>#__managed_style_07DACBAD1440DE0EE2B6</styleUrl>
				<Point>
					<altitudeMode>relativeToGround</altitudeMode>
					<coordinates>26.0870797,44.450698,0</coordinates>
				</Point>
			</Placemark>
		</Folder>
		<Folder id="0609D721D43BC6F47FB0">
			<name>מסעדות</name>
			<styleUrl>#__managed_style_29E30EE7C540DE0EE2B8</styleUrl>
			<Placemark id="0CFDAED6073BC6F3FA11">
				<gx:mid>/g/11j_2c57dh</gx:mid>
				<gx:fid>0x40b1ffa5d863131f:0x4b125bc9060790c</gx:fid>
				<LookAt>
					<longitude>26.0963941</longitude>
					<latitude>44.4361334</latitude>
					<altitude>0</altitude>
					<heading>0</heading>
					<tilt>0</tilt>
					<gx:fovy>35</gx:fovy>
					<range>728.5411432273753</range>
					<altitudeMode>relativeToGround</altitudeMode>
				</LookAt>
				<styleUrl>#__managed_style_09888E419440DE0EE2BC</styleUrl>
				<Point>
					<altitudeMode>relativeToGround</altitudeMode>
					<coordinates>26.0963941,44.4361334,0</coordinates>
				</Point>
			</Placemark>
			<Placemark id="011454B4713BC6BE29AE">
				<gx:mid>/g/11vqvzzw4f</gx:mid>
				<gx:fid>0x40b20300fef3eb4b:0x15e5c28519903064</gx:fid>
				<LookAt>
					<longitude>26.07587359999999</longitude>
					<latitude>44.4763208</latitude>
					<altitude>0</altitude>
					<heading>0</heading>
					<tilt>0</tilt>
					<gx:fovy>35</gx:fovy>
					<range>727.9955265111528</range>
					<altitudeMode>relativeToGround</altitudeMode>
				</LookAt>
				<styleUrl>#__managed_style_09888E419440DE0EE2BC</styleUrl>
				<Point>
					<altitudeMode>relativeToGround</altitudeMode>
					<coordinates>26.0758396,44.4763124,0</coordinates>
				</Point>
			</Placemark>
			<Placemark id="0194F317783BC6BF4C24">
				<gx:mid>/g/12xq0vs55</gx:mid>
				<gx:fid>0x40b1ff3e27182fb5:0xd644eea8957dfee2</gx:fid>
				<LookAt>
					<longitude>26.1023053</longitude>
					<latitude>44.42972020000001</latitude>
					<altitude>0</altitude>
					<heading>0</heading>
					<tilt>0</tilt>
					<gx:fovy>35</gx:fovy>
					<range>728.6281835893393</range>
					<altitudeMode>relativeToGround</altitudeMode>
				</LookAt>
				<styleUrl>#__managed_style_09888E419440DE0EE2BC</styleUrl>
				<Point>
					<altitudeMode>relativeToGround</altitudeMode>
					<coordinates>26.1023053,44.4297202,0</coordinates>
				</Point>
			</Placemark>
			<Placemark id="0427E4C63C3BC6C052DC">
				<gx:mid>/g/11dfj094wh</gx:mid>
				<gx:fid>0x40b1ff40581f0665:0xbc2afa2ad4263e7f</gx:fid>
				<LookAt>
					<longitude>26.0969576</longitude>
					<latitude>44.4329793</latitude>
					<altitude>0</altitude>
					<heading>0</heading>
					<tilt>0</tilt>
					<gx:fovy>35</gx:fovy>
					<range>728.5839519224376</range>
					<altitudeMode>relativeToGround</altitudeMode>
				</LookAt>
				<styleUrl>#__managed_style_09888E419440DE0EE2BC</styleUrl>
				<Point>
					<altitudeMode>relativeToGround</altitudeMode>
					<coordinates>26.0969576,44.4329793,0</coordinates>
				</Point>
			</Placemark>
			<Placemark id="0D32731B943BC6C1E524">
				<gx:mid>/g/1tdh2cgk</gx:mid>
				<gx:fid>0x40b1ff40852f4735:0xb987f627e547a575</gx:fid>
				<LookAt>
					<longitude>26.0877354</longitude>
					<latitude>44.4670401</latitude>
					<altitude>0</altitude>
					<heading>0</heading>
					<tilt>0</tilt>
					<gx:fovy>35</gx:fovy>
					<range>728.1215580206836</range>
					<altitudeMode>relativeToGround</altitudeMode>
				</LookAt>
				<styleUrl>#__managed_style_09888E419440DE0EE2BC</styleUrl>
				<Point>
					<altitudeMode>relativeToGround</altitudeMode>
					<coordinates>26.0878551,44.4670463,0</coordinates>
				</Point>
			</Placemark>
			<Placemark id="060650468E3BC6C4469C">
				<gx:mid>/g/11dzdksg3z</gx:mid>
				<gx:fid>0x40b20270a872cf5b:0xe75911cccef5dcdf</gx:fid>
				<LookAt>
					<longitude>26.1047066</longitude>
					<latitude>44.4781754</latitude>
					<altitude>0</altitude>
					<heading>0</heading>
					<tilt>0</tilt>
					<gx:fovy>35</gx:fovy>
					<range>727.9703390206593</range>
					<altitudeMode>relativeToGround</altitudeMode>
				</LookAt>
				<styleUrl>#__managed_style_09888E419440DE0EE2BC</styleUrl>
				<Point>
					<altitudeMode>relativeToGround</altitudeMode>
					<coordinates>26.1047066,44.4781754,0</coordinates>
				</Point>
			</Placemark>
			<Placemark id="0F59C9F9BF3BC6E831FF">
				<gx:mid>/g/11byflj7hw</gx:mid>
				<gx:fid>0x40b1ff2cfaba6a13:0x62bb3cb1a98429a0</gx:fid>
				<LookAt>
					<longitude>26.1284297</longitude>
					<latitude>44.4408725</latitude>
					<altitude>0</altitude>
					<heading>0</heading>
					<tilt>0</tilt>
					<gx:fovy>35</gx:fovy>
					<range>728.4768184730451</range>
					<altitudeMode>relativeToGround</altitudeMode>
				</LookAt>
				<styleUrl>#__managed_style_09888E419440DE0EE2BC</styleUrl>
				<Point>
					<altitudeMode>relativeToGround</altitudeMode>
					<coordinates>26.1284131,44.440869,0</coordinates>
				</Point>
			</Placemark>
			<Placemark id="099108B57B3BC6A1AA5C">
				<gx:mid>/g/11xh5jv49t</gx:mid>
				<gx:fid>0x40b1ff001a1a612b:0x27925c2c3a781301</gx:fid>
				<LookAt>
					<longitude>26.0881962</longitude>
					<latitude>44.4499556</latitude>
					<altitude>0</altitude>
					<heading>0</heading>
					<tilt>0</tilt>
					<gx:fovy>35</gx:fovy>
					<range>728.3535189465463</range>
					<altitudeMode>relativeToGround</altitudeMode>
				</LookAt>
				<styleUrl>#__managed_style_09888E419440DE0EE2BC</styleUrl>
				<Point>
					<altitudeMode>relativeToGround</altitudeMode>
					<coordinates>26.0881962,44.4499556,0</coordinates>
				</Point>
			</Placemark>
			<Placemark id="06B560624E3BC7417B68">
				<gx:mid>/g/12hkqmx5t</gx:mid>
				<gx:fid>0x40b202407bfdf437:0x925c5047eff0a1d</gx:fid>
				<LookAt>
					<longitude>26.07626059999999</longitude>
					<latitude>44.4755293</latitude>
					<altitude>0</altitude>
					<heading>0</heading>
					<tilt>0</tilt>
					<gx:fovy>35</gx:fovy>
					<range>728.006275731177</range>
					<altitudeMode>relativeToGround</altitudeMode>
				</LookAt>
				<styleUrl>#__managed_style_09888E419440DE0EE2BC</styleUrl>
				<Point>
					<altitudeMode>relativeToGround</altitudeMode>
					<coordinates>26.07626059999999,44.4755293,0</coordinates>
				</Point>
			</Placemark>
			<Placemark id="0D7117940A3BC741D78C">
				<gx:mid>/m/010wh6dt</gx:mid>
				<gx:fid>0x40b1ff406bde77c1:0xca85c319d658a754</gx:fid>
				<LookAt>
					<longitude>26.0981207</longitude>
					<latitude>44.4320175</latitude>
					<altitude>0</altitude>
					<heading>0</heading>
					<tilt>0</tilt>
					<gx:fovy>35</gx:fovy>
					<range>728.5970054498001</range>
					<altitudeMode>relativeToGround</altitudeMode>
				</LookAt>
				<styleUrl>#__managed_style_09888E419440DE0EE2BC</styleUrl>
				<Point>
					<altitudeMode>relativeToGround</altitudeMode>
					<coordinates>26.0981207,44.4320175,0</coordinates>
				</Point>
			</Placemark>
		</Folder>
		<Folder id="0B56DB32843BC71D877E">
			<name>ברים ומעודונים</name>
			<styleUrl>#__managed_style_29E30EE7C540DE0EE2B8</styleUrl>
			<Placemark id="0EF147782B3BC7170DBF">
				<gx:mid>/g/11bcclqjw1</gx:mid>
				<gx:fid>0x40b1ff3fdc5991bd:0x38c3e6a3e110163f</gx:fid>
				<LookAt>
					<longitude>26.1000797</longitude>
					<latitude>44.4304292</latitude>
					<altitude>0</altitude>
					<heading>0</heading>
					<tilt>0</tilt>
					<gx:fovy>35</gx:fovy>
					<range>728.6185614079487</range>
					<altitudeMode>relativeToGround</altitudeMode>
				</LookAt>
				<styleUrl>#__managed_style_42A94445E440DE0EE2B8</styleUrl>
				<Point>
					<altitudeMode>relativeToGround</altitudeMode>
					<coordinates>26.1000797,44.4304292,0</coordinates>
				</Point>
			</Placemark>
			<Placemark id="0893D361A43BC719F4E4">
				<gx:mid>/g/11vswb1kx_</gx:mid>
				<gx:fid>0x40b1ffb971a03189:0x5b389f4698886125</gx:fid>
				<LookAt>
					<longitude>26.10598719999999</longitude>
					<latitude>44.43845839999999</latitude>
					<altitude>0</altitude>
					<heading>0</heading>
					<tilt>0</tilt>
					<gx:fovy>35</gx:fovy>
					<range>728.5095861081192</range>
					<altitudeMode>relativeToGround</altitudeMode>
				</LookAt>
				<styleUrl>#__managed_style_21A95CBFC240DE0EE2B9</styleUrl>
				<Point>
					<altitudeMode>relativeToGround</altitudeMode>
					<coordinates>26.1059872,44.4384636,0</coordinates>
				</Point>
			</Placemark>
			<Placemark id="007CE15D543BC71D1DBE">
				<gx:mid>/g/11ycb9snxd</gx:mid>
				<gx:fid>0x40b1ff0036429a6f:0xbbd151360a699641</gx:fid>
				<LookAt>
					<longitude>26.0949912</longitude>
					<latitude>44.4357786</latitude>
					<altitude>0</altitude>
					<heading>0</heading>
					<tilt>0</tilt>
					<gx:fovy>35</gx:fovy>
					<range>728.5459588147672</range>
					<altitudeMode>relativeToGround</altitudeMode>
				</LookAt>
				<styleUrl>#__managed_style_21A95CBFC240DE0EE2B9</styleUrl>
				<Point>
					<altitudeMode>relativeToGround</altitudeMode>
					<coordinates>26.0949912,44.4357786,0</coordinates>
				</Point>
			</Placemark>
			<Placemark id="03F7E27CE13BC721BDBE">
				<gx:mid>/g/1ydddky_4</gx:mid>
				<gx:fid>0x40b1ff40cbc7f045:0x34688cb9d710ade4</gx:fid>
				<LookAt>
					<longitude>26.1001268</longitude>
					<latitude>44.43469830000001</latitude>
					<altitude>0</altitude>
					<heading>0</heading>
					<tilt>0</tilt>
					<gx:fovy>35</gx:fovy>
					<range>728.5606212246165</range>
					<altitudeMode>relativeToGround</altitudeMode>
				</LookAt>
				<styleUrl>#__managed_style_42A94445E440DE0EE2B8</styleUrl>
				<Point>
					<altitudeMode>relativeToGround</altitudeMode>
					<coordinates>26.1001268,44.4346983,0</coordinates>
				</Point>
			</Placemark>
			<Placemark id="055308A8B03BC72257A8">
				<gx:mid>/g/1v9gsz5k</gx:mid>
				<gx:fid>0x40b1ff3e4d55bbfb:0x8b573db06ceb2824</gx:fid>
				<LookAt>
					<longitude>26.1023786</longitude>
					<latitude>44.4318515</latitude>
					<altitude>0</altitude>
					<heading>0</heading>
					<tilt>0</tilt>
					<gx:fovy>35</gx:fovy>
					<range>728.599258378885</range>
					<altitudeMode>relativeToGround</altitudeMode>
				</LookAt>
				<styleUrl>#__managed_style_42A94445E440DE0EE2B8</styleUrl>
				<Point>
					<altitudeMode>relativeToGround</altitudeMode>
					<coordinates>26.1023786,44.4318515,0</coordinates>
				</Point>
			</Placemark>
			<Placemark id="0CABA3C3E63BC722EA1E">
				<gx:mid>/g/1td7rpvj</gx:mid>
				<gx:fid>0x40b1ff16ebd77429:0x98e3759646093fb1</gx:fid>
				<LookAt>
					<longitude>26.10306199999999</longitude>
					<latitude>44.4256322</latitude>
					<altitude>0</altitude>
					<heading>0</heading>
					<tilt>0</tilt>
					<gx:fovy>35</gx:fovy>
					<range>728.6836618130494</range>
					<altitudeMode>relativeToGround</altitudeMode>
				</LookAt>
				<styleUrl>#__managed_style_42A94445E440DE0EE2B8</styleUrl>
				<Point>
					<altitudeMode>relativeToGround</altitudeMode>
					<coordinates>26.103062,44.4256322,0</coordinates>
				</Point>
			</Placemark>
			<Placemark id="02A5C729D03BC7235E10">
				<gx:mid>/g/11bc7s0z24</gx:mid>
				<gx:fid>0x40b1ff33ffe65ccd:0xf279a3e7a839d648</gx:fid>
				<LookAt>
					<longitude>26.1161388</longitude>
					<latitude>44.4408552</latitude>
					<altitude>0</altitude>
					<heading>0</heading>
					<tilt>0</tilt>
					<gx:fovy>35</gx:fovy>
					<range>728.4770532977352</range>
					<altitudeMode>relativeToGround</altitudeMode>
				</LookAt>
				<styleUrl>#__managed_style_42A94445E440DE0EE2B8</styleUrl>
				<Point>
					<altitudeMode>relativeToGround</altitudeMode>
					<coordinates>26.1161388,44.4408552,0</coordinates>
				</Point>
			</Placemark>
			<Placemark id="04E09720953BC7241EA0">
				<gx:mid>/g/11ks6fl240</gx:mid>
				<gx:fid>0x40b1ff087eb4762f:0x570d410eceb2b4ce</gx:fid>
				<LookAt>
					<longitude>26.1022225</longitude>
					<latitude>44.4304668</latitude>
					<altitude>0</altitude>
					<heading>0</heading>
					<tilt>0</tilt>
					<gx:fovy>35</gx:fovy>
					<range>728.6180511173302</range>
					<altitudeMode>relativeToGround</altitudeMode>
				</LookAt>
				<styleUrl>#__managed_style_21A95CBFC240DE0EE2B9</styleUrl>
				<Point>
					<altitudeMode>relativeToGround</altitudeMode>
					<coordinates>26.1022225,44.4304668,0</coordinates>
				</Point>
			</Placemark>
			<Placemark id="0062DD39183BC724E1C0">
				<gx:mid>/m/09gm_fs</gx:mid>
				<gx:fid>0x40b2027b85813d1d:0x9aaf87fd5d9dfc77</gx:fid>
				<LookAt>
					<longitude>26.095761</longitude>
					<latitude>44.4348584</latitude>
					<altitude>0</altitude>
					<heading>0</heading>
					<tilt>0</tilt>
					<gx:fovy>35</gx:fovy>
					<range>728.558448276731</range>
					<altitudeMode>relativeToGround</altitudeMode>
				</LookAt>
				<styleUrl>#__managed_style_520332009740DE0EE2BC</styleUrl>
				<Point>
					<altitudeMode>relativeToGround</altitudeMode>
					<coordinates>26.09575349999999,44.4348158,0</coordinates>
				</Point>
			</Placemark>
			<Placemark id="01D4D058353BC725C43F">
				<gx:mid>/g/11shlhlv_w</gx:mid>
				<gx:fid>0x40b1fff5ba00efe3:0x80923047f9cbed56</gx:fid>
				<LookAt>
					<longitude>26.0951143</longitude>
					<latitude>44.4356763</latitude>
					<altitude>0</altitude>
					<heading>0</heading>
					<tilt>0</tilt>
					<gx:fovy>35</gx:fovy>
					<range>728.5473472953188</range>
					<altitudeMode>relativeToGround</altitudeMode>
				</LookAt>
				<styleUrl>#__managed_style_520332009740DE0EE2BC</styleUrl>
				<Point>
					<altitudeMode>relativeToGround</altitudeMode>
					<coordinates>26.095113,44.4356324,0</coordinates>
				</Point>
			</Placemark>
			<Placemark id="0EF31CABBA3BC726A928">
				<gx:mid>/g/11gb3t6jfq</gx:mid>
				<gx:fid>0x40b1ff261c0365a1:0xbf0d3dad6a3af54d</gx:fid>
				<LookAt>
					<longitude>26.1188463</longitude>
					<latitude>44.4115473</latitude>
					<altitude>0</altitude>
					<heading>0</heading>
					<tilt>0</tilt>
					<gx:fovy>35</gx:fovy>
					<range>728.8747818170538</range>
					<altitudeMode>relativeToGround</altitudeMode>
				</LookAt>
				<styleUrl>#__managed_style_520332009740DE0EE2BC</styleUrl>
				<Point>
					<altitudeMode>relativeToGround</altitudeMode>
					<coordinates>26.1188534,44.41155149999999,0</coordinates>
				</Point>
			</Placemark>
			<Placemark id="0BCBE9804D3BC727D59E">
				<gx:mid>/g/12hlwwm68</gx:mid>
				<gx:fid>0x40b1ff482a7d4ca3:0x6c24465b5877e4e2</gx:fid>
				<LookAt>
					<longitude>26.098472</longitude>
					<latitude>44.440394</latitude>
					<altitude>0</altitude>
					<heading>0</heading>
					<tilt>0</tilt>
					<gx:fovy>35</gx:fovy>
					<range>728.483313457166</range>
					<altitudeMode>relativeToGround</altitudeMode>
				</LookAt>
				<styleUrl>#__managed_style_42A94445E440DE0EE2B8</styleUrl>
				<Point>
					<altitudeMode>relativeToGround</altitudeMode>
					<coordinates>26.0984709,44.4403957,0</coordinates>
				</Point>
			</Placemark>
		</Folder>
	</Folder>
	<Folder id="0A2862C9C7321F51996D">
		<name>Road Trip</name>
		<styleUrl>#__managed_style_29E30EE7C540DE0EE2B8</styleUrl>
		<Folder id="02317A57273BC719EE17">
			<name>ערים ועיירות</name>
			<styleUrl>#__managed_style_29E30EE7C540DE0EE2B8</styleUrl>
			<Placemark id="0916C592AF321F51D4B6">
				<name>Oradea</name>
				<LookAt>
					<longitude>21.93318289110484</longitude>
					<latitude>47.05309693881546</latitude>
					<altitude>127.0519930975244</altitude>
					<heading>0</heading>
					<tilt>0</tilt>
					<gx:fovy>83.87305359403798</gx:fovy>
					<range>1029.685433265986</range>
					<altitudeMode>absolute</altitudeMode>
				</LookAt>
				<styleUrl>#__managed_style_01E4BAE80B40DE0EE2B9</styleUrl>
				<Point>
					<coordinates>21.92588546351684,47.05285263141185,128.6507568102373</coordinates>
				</Point>
			</Placemark>
			<Placemark id="0634F6D24B321F52F042">
				<name>Timisoara</name>
				<LookAt>
					<longitude>21.23816990894468</longitude>
					<latitude>45.75431053814703</latitude>
					<altitude>88.16561017292983</altitude>
					<heading>359.999988862424</heading>
					<tilt>0</tilt>
					<gx:fovy>83.87305359403798</gx:fovy>
					<range>2578.872280636279</range>
					<altitudeMode>absolute</altitudeMode>
				</LookAt>
				<styleUrl>#__managed_style_01E4BAE80B40DE0EE2B9</styleUrl>
				<Point>
					<coordinates>21.22919679591305,45.75261153103508,112.3174642302587</coordinates>
				</Point>
			</Placemark>
			<Placemark id="0D4C8AB233321F566A80">
				<name>Cluj Napoca</name>
				<LookAt>
					<longitude>23.60931547889038</longitude>
					<latitude>46.77280727379562</latitude>
					<altitude>345.8656363172963</altitude>
					<heading>0</heading>
					<tilt>0</tilt>
					<gx:fovy>57.41279188699905</gx:fovy>
					<range>5848.325769716758</range>
					<altitudeMode>absolute</altitudeMode>
				</LookAt>
				<styleUrl>#__managed_style_01E4BAE80B40DE0EE2B9</styleUrl>
				<Point>
					<coordinates>23.60310419063127,46.76708227405916,356.8205394229109</coordinates>
				</Point>
			</Placemark>
			<Placemark id="090086E82D321F56B8CF">
				<name>Sibiu</name>
				<LookAt>
					<longitude>24.1582969270011</longitude>
					<latitude>45.79669282778305</latitude>
					<altitude>416.6604153545184</altitude>
					<heading>0</heading>
					<tilt>0</tilt>
					<gx:fovy>57.41279188699905</gx:fovy>
					<range>2142.346115977562</range>
					<altitudeMode>absolute</altitudeMode>
				</LookAt>
				<styleUrl>#__managed_style_01E4BAE80B40DE0EE2B9</styleUrl>
				<Point>
					<coordinates>24.15583226438362,45.79613145806536,421.6405343993895</coordinates>
				</Point>
			</Placemark>
			<Placemark id="020B3E67F4321F57998D">
				<name>Sighisoara</name>
				<LookAt>
					<longitude>24.7999449132703</longitude>
					<latitude>46.21927674331358</latitude>
					<altitude>375.0195344555755</altitude>
					<heading>359.9999813280369</heading>
					<tilt>0</tilt>
					<gx:fovy>83.18528000000273</gx:fovy>
					<range>1354.305605406262</range>
					<altitudeMode>absolute</altitudeMode>
				</LookAt>
				<styleUrl>#__managed_style_01E4BAE80B40DE0EE2B9</styleUrl>
				<Point>
					<coordinates>24.7941244059567,46.21748798040723,365.9782547008789</coordinates>
				</Point>
			</Placemark>
			<Placemark id="04F6442E3F321F57F146">
				<name>Brasov</name>
				<LookAt>
					<longitude>25.59571349780375</longitude>
					<latitude>45.64279680733603</latitude>
					<altitude>577.3634660938075</altitude>
					<heading>359.9999831335919</heading>
					<tilt>0</tilt>
					<gx:fovy>83.18528000000273</gx:fovy>
					<range>722.4034033923818</range>
					<altitudeMode>absolute</altitudeMode>
				</LookAt>
				<styleUrl>#__managed_style_01E4BAE80B40DE0EE2B9</styleUrl>
				<Point>
					<coordinates>25.59322388672494,45.64471884285565,579.5678512501988</coordinates>
				</Point>
			</Placemark>
			<Placemark id="0288DDEA3E321F59F9CF">
				<name>Piatra Neamt</name>
				<LookAt>
					<longitude>26.37365280461686</longitude>
					<latitude>46.93126423851593</latitude>
					<altitude>325.2222510099586</altitude>
					<heading>0</heading>
					<tilt>0</tilt>
					<gx:fovy>83.49205620766016</gx:fovy>
					<range>1483.517662393861</range>
					<altitudeMode>absolute</altitudeMode>
				</LookAt>
				<styleUrl>#__managed_style_187ACD5C5C40DE0EE2B8</styleUrl>
				<Point>
					<coordinates>26.36836857491397,46.93247720950594,319.4201045666494</coordinates>
				</Point>
			</Placemark>
			<Placemark id="09CFF7A3663236BF5D6A">
				<name>Constanța</name>
				<gx:mid>/m/01nc62</gx:mid>
				<gx:fid>0x40bae54a64345229:0x637be1cd3e654850</gx:fid>
				<LookAt>
					<longitude>28.6300063</longitude>
					<latitude>44.18104275</latitude>
					<altitude>0</altitude>
					<heading>0</heading>
					<tilt>0</tilt>
					<gx:fovy>35</gx:fovy>
					<range>66685.56809261045</range>
					<altitudeMode>relativeToGround</altitudeMode>
				</LookAt>
				<styleUrl>#__managed_style_39BBDC976B40DE0EE2BC</styleUrl>
				<Point>
					<altitudeMode>relativeToGround</altitudeMode>
					<coordinates>28.6519359,44.1759147,0</coordinates>
				</Point>
			</Placemark>
			<Placemark id="0A84E1FF59325FA7995A">
				<name>Bucharest</name>
				<gx:mid>/m/096gm</gx:mid>
				<gx:fid>0x40b1f93abf3cad4f:0xac0632e37c9ca628</gx:fid>
				<LookAt>
					<longitude>26.09463755</longitude>
					<latitude>44.43782575</latitude>
					<altitude>0</altitude>
					<heading>0</heading>
					<tilt>0</tilt>
					<gx:fovy>35</gx:fovy>
					<range>66394.45788437517</range>
					<altitudeMode>relativeToGround</altitudeMode>
				</LookAt>
				<styleUrl>#__managed_style_39BBDC976B40DE0EE2BC</styleUrl>
				<Point>
					<altitudeMode>relativeToGround</altitudeMode>
					<coordinates>26.1025384,44.4267674,0</coordinates>
				</Point>
			</Placemark>
			<Placemark id="02A7301DD732C6743965">
				<name>מסלול מומלץ</name>
				<LookAt>
					<longitude>22.71135714359091</longitude>
					<latitude>46.15776565754177</latitude>
					<altitude>432.5152140351747</altitude>
					<heading>0</heading>
					<tilt>0</tilt>
					<gx:fovy>57.26152130446564</gx:fovy>
					<range>677505.6781303883</range>
					<altitudeMode>absolute</altitudeMode>
				</LookAt>
				<styleUrl>#__managed_style_1BEDCAE45440DE0EE2C4</styleUrl>
				<LineString>
					<coordinates>
						26.09010321968194,44.43568761570067,0 25.60086292195144,45.64345558066116,0 24.79797797510336,46.23271902655028,0 24.1759247652023,45.83771248868394,0 23.59872123815582,46.04436042238875,0 23.66215927856715,46.77524210561467,0 21.94100048179316,47.06402927555197,0 21.19383439004796,45.76642582738626,0 
					</coordinates>
				</LineString>
			</Placemark>
			<Placemark id="0DF300EA4D32C6758980">
				<name>בונוס</name>
				<LookAt>
					<longitude>23.20211871334108</longitude>
					<latitude>45.43448973888437</latitude>
					<altitude>704.4776158358308</altitude>
					<heading>0</heading>
					<tilt>0</tilt>
					<gx:fovy>80.02283424163566</gx:fovy>
					<range>517862.5627668947</range>
					<altitudeMode>absolute</altitudeMode>
				</LookAt>
				<styleUrl>#__managed_style_29E30EE7C540DE0EE2B8</styleUrl>
				<LineString>
					<coordinates>
						26.10191395302397,44.4372083580492,0 28.65571115912189,44.1881841173183,0 
					</coordinates>
				</LineString>
			</Placemark>
			<Placemark id="05FF5A09B134CD28622B">
				<name>Lacul Balea</name>
				<LookAt>
					<longitude>24.61573618522167</longitude>
					<latitude>45.60344002424995</latitude>
					<altitude>2037.634462462125</altitude>
					<heading>0</heading>
					<tilt>0</tilt>
					<gx:fovy>35</gx:fovy>
					<range>813.4535430341202</range>
					<altitudeMode>absolute</altitudeMode>
				</LookAt>
				<styleUrl>#__managed_style_1DF9DEB18B40DE0EE2C6</styleUrl>
				<Point>
					<coordinates>24.61633937540092,45.60384989716546,2035.709766335298</coordinates>
				</Point>
			</Placemark>
			<Placemark id="0259177E0834CD4D9DAE">
				<name>Poiana Brașov</name>
				<gx:mid>/m/045d4c</gx:mid>
				<gx:fid>0x40b3449e0439a589:0xf790f8ae21edd7c8</gx:fid>
				<LookAt>
					<longitude>25.54322355</longitude>
					<latitude>45.5915378</latitude>
					<altitude>0</altitude>
					<heading>0</heading>
					<tilt>0</tilt>
					<gx:fovy>35</gx:fovy>
					<range>8133.768020676429</range>
					<altitudeMode>relativeToGround</altitudeMode>
				</LookAt>
				<styleUrl>#__managed_style_16B4078F0540DE0EE2BE</styleUrl>
				<Point>
					<altitudeMode>relativeToGround</altitudeMode>
					<coordinates>25.5513291,45.5955044,0</coordinates>
				</Point>
			</Placemark>
			<Placemark id="02560576AE34CD5112E3">
				<name>Râșnov</name>
				<gx:mid>/m/05j0sw</gx:mid>
				<gx:fid>0x40b345a6b7f37805:0x75bb9c935459ff9b</gx:fid>
				<LookAt>
					<longitude>25.4685188</longitude>
					<latitude>45.56314125</latitude>
					<altitude>0</altitude>
					<heading>0</heading>
					<tilt>0</tilt>
					<gx:fovy>35</gx:fovy>
					<range>32551.52934015129</range>
					<altitudeMode>relativeToGround</altitudeMode>
				</LookAt>
				<styleUrl>#__managed_style_003C2F26A440DE0EE2C1</styleUrl>
				<Point>
					<altitudeMode>relativeToGround</altitudeMode>
					<coordinates>25.46183575963003,45.59107229185751,0</coordinates>
				</Point>
			</Placemark>
			<Placemark id="0C1C92AB64321F5A7F64">
				<name>Iasi</name>
				<LookAt>
					<longitude>27.58105733768224</longitude>
					<latitude>47.15438871364466</latitude>
					<altitude>41.58141540092226</altitude>
					<heading>1.244431509001626</heading>
					<tilt>0</tilt>
					<gx:fovy>83.49205620766016</gx:fovy>
					<range>1847.315672415134</range>
					<altitudeMode>absolute</altitudeMode>
				</LookAt>
				<styleUrl>#__managed_style_01E4BAE80B40DE0EE2B9</styleUrl>
				<Point>
					<coordinates>27.59194875359507,47.1585112067205,52.21332254843298</coordinates>
				</Point>
			</Placemark>
			<Placemark id="0C22AA034F3BC70ACCD3">
				<gx:mid>/m/023t79</gx:mid>
				<gx:fid>0x474ea80cce754875:0xe9b0f44e8e45cd05</gx:fid>
				<LookAt>
					<longitude>23.55800275</longitude>
					<latitude>46.06162465</latitude>
					<altitude>0</altitude>
					<heading>0</heading>
					<tilt>0</tilt>
					<gx:fovy>35</gx:fovy>
					<range>32261.47449487965</range>
					<altitudeMode>relativeToGround</altitudeMode>
				</LookAt>
				<styleUrl>#__managed_style_39BBDC976B40DE0EE2BC</styleUrl>
				<Point>
					<altitudeMode>relativeToGround</altitudeMode>
					<coordinates>23.57201455783281,46.06813448823245,0</coordinates>
				</Point>
			</Placemark>
			<Placemark id="0CBA3E43E73BC70C734C">
				<gx:mid>/m/0296_p</gx:mid>
				<gx:fid>0x474e9adcbd0c1687:0x8d4eeba1e3171c0b</gx:fid>
				<LookAt>
					<longitude>23.1950248</longitude>
					<latitude>45.84860875</latitude>
					<altitude>0</altitude>
					<heading>0</heading>
					<tilt>0</tilt>
					<gx:fovy>35</gx:fovy>
					<range>16192.86156095416</range>
					<altitudeMode>relativeToGround</altitudeMode>
				</LookAt>
				<styleUrl>#__managed_style_2D8E88C4DA40DE0EE2C1</styleUrl>
				<Point>
					<altitudeMode>relativeToGround</altitudeMode>
					<coordinates>23.19326118486736,45.83766334244292,0</coordinates>
				</Point>
			</Placemark>
			<Placemark id="07AD8FA6433BC6A757E9">
				<gx:mid>/m/04279m</gx:mid>
				<gx:fid>0x40b347e54ce55873:0xb2a3745ffef5cc10</gx:fid>
				<LookAt>
					<longitude>25.375194</longitude>
					<latitude>45.50830475</latitude>
					<altitude>0</altitude>
					<heading>0</heading>
					<tilt>0</tilt>
					<gx:fovy>35</gx:fovy>
					<range>8145.821818153497</range>
					<altitudeMode>relativeToGround</altitudeMode>
				</LookAt>
				<styleUrl>#__managed_style_39BBDC976B40DE0EE2BC</styleUrl>
				<Point>
					<altitudeMode>relativeToGround</altitudeMode>
					<coordinates>25.3701984869887,45.51595741927181,0</coordinates>
				</Point>
			</Placemark>
			<Placemark id="0CEAA6B96A3BC6ABE9A3">
				<gx:mid>/m/04khf0</gx:mid>
				<gx:fid>0x40b348dcdc7568db:0x7ee9bb8e7963ab49</gx:fid>
				<LookAt>
					<longitude>25.34080865</longitude>
					<latitude>45.56697455</latitude>
					<altitude>0</altitude>
					<heading>0</heading>
					<tilt>0</tilt>
					<gx:fovy>35</gx:fovy>
					<range>8137.327053223117</range>
					<altitudeMode>relativeToGround</altitudeMode>
				</LookAt>
				<styleUrl>#__managed_style_39BBDC976B40DE0EE2BC</styleUrl>
				<Point>
					<altitudeMode>relativeToGround</altitudeMode>
					<coordinates>25.3169333,45.5607357,0</coordinates>
				</Point>
			</Placemark>
			<Placemark id="0E9DE05E363BC6B3A5E6">
				<gx:mid>/g/11j4q5kgdx</gx:mid>
				<gx:fid>0x474e3d03fd1257cd:0xabd73ea0b81bd2dc</gx:fid>
				<LookAt>
					<longitude>22.4660762</longitude>
					<latitude>45.3570095</latitude>
					<altitude>0</altitude>
					<heading>0</heading>
					<tilt>0</tilt>
					<gx:fovy>35</gx:fovy>
					<range>715.9567534715341</range>
					<altitudeMode>relativeToGround</altitudeMode>
				</LookAt>
				<styleUrl>#__managed_style_5A3F47311440DE0EE2B8</styleUrl>
				<Point>
					<altitudeMode>relativeToGround</altitudeMode>
					<coordinates>22.464458200636,45.35955809573328,0</coordinates>
				</Point>
			</Placemark>
			<Placemark id="0598BEE3F63BC6BFD2BC">
				<gx:mid>/g/122nc89g</gx:mid>
				<gx:fid>0x474a9603fb183bab:0xcd00b9314fb57198</gx:fid>
				<LookAt>
					<longitude>25.7963491</longitude>
					<latitude>46.79224415</latitude>
					<altitude>0</altitude>
					<heading>0</heading>
					<tilt>0</tilt>
					<gx:fovy>35</gx:fovy>
					<range>1510.763277694759</range>
					<altitudeMode>relativeToGround</altitudeMode>
				</LookAt>
				<styleUrl>#__managed_style_39BBDC976B40DE0EE2BC</styleUrl>
				<Point>
					<altitudeMode>relativeToGround</altitudeMode>
					<coordinates>25.78945190116689,46.79121626394905,0</coordinates>
				</Point>
			</Placemark>
			<Placemark id="0A0AD26D2E3BC6E1876B">
				<gx:mid>/m/01_g0d</gx:mid>
				<gx:fid>0x40b3172c95bc1f5f:0x40666047c55abf82</gx:fid>
				<LookAt>
					<longitude>25.5514688</longitude>
					<latitude>45.34109315</latitude>
					<altitude>0</altitude>
					<heading>0</heading>
					<tilt>0</tilt>
					<gx:fovy>35</gx:fovy>
					<range>16339.97078848159</range>
					<altitudeMode>relativeToGround</altitudeMode>
				</LookAt>
				<styleUrl>#__managed_style_39BBDC976B40DE0EE2BC</styleUrl>
				<Point>
					<altitudeMode>relativeToGround</altitudeMode>
					<coordinates>25.54999832169334,45.35110090092424,0</coordinates>
				</Point>
			</Placemark>
		</Folder>
		<Folder id="08EE4D255E3BC71A3B7F">
			<name>אטרקציות כללי</name>
			<styleUrl>#__managed_style_29E30EE7C540DE0EE2B8</styleUrl>
			<Placemark id="00778E4DE73BC6883CDE">
				<gx:mid>/m/05tx58</gx:mid>
				<gx:fid>0x474cddaa384c96af:0x50517e7abd608737</gx:fid>
				<LookAt>
					<longitude>24.6248668</longitude>
					<latitude>45.4533844</latitude>
					<altitude>0</altitude>
					<heading>0</heading>
					<tilt>0</tilt>
					<gx:fovy>35</gx:fovy>
					<range>714.6299326876659</range>
					<altitudeMode>relativeToGround</altitudeMode>
				</LookAt>
				<styleUrl>#__managed_style_18653CD4BA40DE0EE2B7</styleUrl>
				<Point>
					<altitudeMode>relativeToGround</altitudeMode>
					<coordinates>24.6248668,45.4533844,0</coordinates>
				</Point>
			</Placemark>
			<Placemark id="0EAA94977C3BC6895238">
				<gx:mid>/g/121z6ml4</gx:mid>
				<gx:fid>0x474cebbcff2e2995:0x3b1d7c8943f41b78</gx:fid>
				<LookAt>
					<longitude>24.6117296</longitude>
					<latitude>45.6269308</latitude>
					<altitude>0</altitude>
					<heading>0</heading>
					<tilt>0</tilt>
					<gx:fovy>35</gx:fovy>
					<range>712.2360481722612</range>
					<altitudeMode>relativeToGround</altitudeMode>
				</LookAt>
				<styleUrl>#__managed_style_18653CD4BA40DE0EE2B7</styleUrl>
				<Point>
					<altitudeMode>relativeToGround</altitudeMode>
					<coordinates>24.6117296,45.6269308,0</coordinates>
				</Point>
			</Placemark>
			<Placemark id="09BAA087E83BC689AD17">
				<gx:mid>/g/11q86dxnms</gx:mid>
				<gx:fid>0x474cebf2f657a83f:0xb8e09ab1b355adce</gx:fid>
				<LookAt>
					<longitude>24.6194194</longitude>
					<latitude>45.60919519999999</latitude>
					<altitude>0</altitude>
					<heading>0</heading>
					<tilt>0</tilt>
					<gx:fovy>35</gx:fovy>
					<range>712.4809634700853</range>
					<altitudeMode>relativeToGround</altitudeMode>
				</LookAt>
				<styleUrl>#__managed_style_18653CD4BA40DE0EE2B7</styleUrl>
				<Point>
					<altitudeMode>relativeToGround</altitudeMode>
					<coordinates>24.6194194,45.60919519999999,0</coordinates>
				</Point>
			</Placemark>
			<Placemark id="0A8BFCB3EF3BC68A7249">
				<gx:mid>/g/11cny1n4fg</gx:mid>
				<gx:fid>0x474ce98c566863d1:0x8ce53a4752dde6a1</gx:fid>
				<LookAt>
					<longitude>24.6308215</longitude>
					<latitude>45.5863738</latitude>
					<altitude>0</altitude>
					<heading>0</heading>
					<tilt>0</tilt>
					<gx:fovy>35</gx:fovy>
					<range>712.796018893745</range>
					<altitudeMode>relativeToGround</altitudeMode>
				</LookAt>
				<styleUrl>#__managed_style_18653CD4BA40DE0EE2B7</styleUrl>
				<Point>
					<altitudeMode>relativeToGround</altitudeMode>
					<coordinates>24.6308215,45.5863738,0</coordinates>
				</Point>
			</Placemark>
			<Placemark id="01E66CFCF03BC68ADB37">
				<gx:mid>/g/1pp2ty_rl</gx:mid>
				<gx:fid>0x474cea2c3fe902ff:0x6345dde2050295d7</gx:fid>
				<LookAt>
					<longitude>24.623515</longitude>
					<latitude>45.6015173</latitude>
					<altitude>0</altitude>
					<heading>0</heading>
					<tilt>0</tilt>
					<gx:fovy>35</gx:fovy>
					<range>712.586970324987</range>
					<altitudeMode>relativeToGround</altitudeMode>
				</LookAt>
				<styleUrl>#__managed_style_381FD019D640DE0EE2BE</styleUrl>
				<Point>
					<altitudeMode>relativeToGround</altitudeMode>
					<coordinates>24.62831499068471,45.60125715010286,0</coordinates>
				</Point>
			</Placemark>
			<Placemark id="086C0E44F53BC695AF40">
				<gx:mid>/g/11h7rj5m95</gx:mid>
				<gx:fid>0x474dbb7bf8b4b8ff:0x72f58d7c7c9ce97f</gx:fid>
				<LookAt>
					<longitude>23.6752491</longitude>
					<latitude>45.33545</latitude>
					<altitude>0</altitude>
					<heading>0</heading>
					<tilt>0</tilt>
					<gx:fovy>35</gx:fovy>
					<range>716.2533176450775</range>
					<altitudeMode>relativeToGround</altitudeMode>
				</LookAt>
				<styleUrl>#__managed_style_18653CD4BA40DE0EE2B7</styleUrl>
				<Point>
					<altitudeMode>relativeToGround</altitudeMode>
					<coordinates>23.6752491,45.33545,0</coordinates>
				</Point>
			</Placemark>
			<Placemark id="071CD5C7303BC6965D96">
				<gx:mid>/g/1thbvfvg</gx:mid>
				<gx:fid>0x474dbec2f67afa91:0x3de4a1e34713d093</gx:fid>
				<LookAt>
					<longitude>23.5397744</longitude>
					<latitude>45.3399598</latitude>
					<altitude>0</altitude>
					<heading>0</heading>
					<tilt>0</tilt>
					<gx:fovy>35</gx:fovy>
					<range>716.1912901925649</range>
					<altitudeMode>relativeToGround</altitudeMode>
				</LookAt>
				<styleUrl>#__managed_style_18653CD4BA40DE0EE2B7</styleUrl>
				<Point>
					<altitudeMode>relativeToGround</altitudeMode>
					<coordinates>23.5397744,45.3399598,0</coordinates>
				</Point>
			</Placemark>
			<Placemark id="09ACAE15083BC696A2E9">
				<gx:mid>/g/1tgy_cjx</gx:mid>
				<gx:fid>0x474dbb5606c514af:0x1ff61c47e1b039b4</gx:fid>
				<LookAt>
					<longitude>23.6862893</longitude>
					<latitude>45.3245916</latitude>
					<altitude>0</altitude>
					<heading>0</heading>
					<tilt>0</tilt>
					<gx:fovy>35</gx:fovy>
					<range>716.4026467285494</range>
					<altitudeMode>relativeToGround</altitudeMode>
				</LookAt>
				<styleUrl>#__managed_style_381FD019D640DE0EE2BE</styleUrl>
				<Point>
					<altitudeMode>relativeToGround</altitudeMode>
					<coordinates>23.6862893,45.32459160000001,0</coordinates>
				</Point>
			</Placemark>
			<Placemark id="00184ECCD43BC6978EDC">
				<gx:mid>/g/11yl0xpcy8</gx:mid>
				<gx:fid>0x474dbb00002ff8f3:0x1bde28a8bb36dff5</gx:fid>
				<LookAt>
					<longitude>23.651013</longitude>
					<latitude>45.36492680000001</latitude>
					<altitude>0</altitude>
					<heading>0</heading>
					<tilt>0</tilt>
					<gx:fovy>35</gx:fovy>
					<range>715.8478230269311</range>
					<altitudeMode>relativeToGround</altitudeMode>
				</LookAt>
				<styleUrl>#__managed_style_18653CD4BA40DE0EE2B7</styleUrl>
				<Point>
					<altitudeMode>relativeToGround</altitudeMode>
					<coordinates>23.651013,45.3649268,0</coordinates>
				</Point>
			</Placemark>
			<Placemark id="0304CD974D3BC697EA49">
				<gx:mid>/g/11g9q4l900</gx:mid>
				<gx:fid>0x474dbbaf865bb9cd:0x46cd89091819250</gx:fid>
				<LookAt>
					<longitude>23.651414</longitude>
					<latitude>45.3639589</latitude>
					<altitude>0</altitude>
					<heading>0</heading>
					<tilt>0</tilt>
					<gx:fovy>35</gx:fovy>
					<range>715.8611405784727</range>
					<altitudeMode>relativeToGround</altitudeMode>
				</LookAt>
				<styleUrl>#__managed_style_2DB708773F40DE0EE2B7</styleUrl>
				<Point>
					<altitudeMode>relativeToGround</altitudeMode>
					<coordinates>23.65086407150802,45.36470658020261,0</coordinates>
				</Point>
			</Placemark>
			<Placemark id="05B1D303DC3BC69A2D89">
				<gx:mid>/g/1hb_fg32h</gx:mid>
				<gx:fid>0x474dbbf11bd77631:0xb5baa1e3ddda0213</gx:fid>
				<LookAt>
					<longitude>23.60976935</longitude>
					<latitude>45.3495961</latitude>
					<altitude>0</altitude>
					<heading>0</heading>
					<tilt>0</tilt>
					<gx:fovy>35</gx:fovy>
					<range>3614.931849311764</range>
					<altitudeMode>relativeToGround</altitudeMode>
				</LookAt>
				<styleUrl>#__managed_style_2DB708773F40DE0EE2B7</styleUrl>
				<Point>
					<altitudeMode>relativeToGround</altitudeMode>
					<coordinates>23.6105795,45.3490989,0</coordinates>
				</Point>
			</Placemark>
			<Placemark id="0BEBC78C273BC69C9690">
				<gx:mid>/g/11f8ht03pb</gx:mid>
				<gx:fid>0x474dbb3f66434b41:0x557f35cbe4b6ee1f</gx:fid>
				<LookAt>
					<longitude>23.6569242</longitude>
					<latitude>45.3449118</latitude>
					<altitude>0</altitude>
					<heading>0</heading>
					<tilt>0</tilt>
					<gx:fovy>35</gx:fovy>
					<range>716.1231761113041</range>
					<altitudeMode>relativeToGround</altitudeMode>
				</LookAt>
				<styleUrl>#__managed_style_18653CD4BA40DE0EE2B7</styleUrl>
				<Point>
					<altitudeMode>relativeToGround</altitudeMode>
					<coordinates>23.6581677949306,45.34430304080913,0</coordinates>
				</Point>
			</Placemark>
			<Placemark id="0AC89A9E893BC69FD067">
				<gx:mid>/g/11wj05j1dg</gx:mid>
				<gx:fid>0x474da3001dfd3de3:0xb9a3bf1cbb266b7a</gx:fid>
				<LookAt>
					<longitude>23.6837494</longitude>
					<latitude>45.2658808</latitude>
					<altitude>0</altitude>
					<heading>0</heading>
					<tilt>0</tilt>
					<gx:fovy>35</gx:fovy>
					<range>717.2096561219334</range>
					<altitudeMode>relativeToGround</altitudeMode>
				</LookAt>
				<styleUrl>#__managed_style_2DB708773F40DE0EE2B7</styleUrl>
				<Point>
					<altitudeMode>relativeToGround</altitudeMode>
					<coordinates>23.6837494,45.26588079999999,0</coordinates>
				</Point>
			</Placemark>
			<Placemark id="078644DE853BC6A00A84">
				<gx:mid>/g/11j0818sy0</gx:mid>
				<gx:fid>0x474da3b9d646db63:0x3c8132118f0abe4d</gx:fid>
				<LookAt>
					<longitude>23.6836561</longitude>
					<latitude>45.2671107</latitude>
					<altitude>0</altitude>
					<heading>0</heading>
					<tilt>0</tilt>
					<gx:fovy>35</gx:fovy>
					<range>717.1927575468784</range>
					<altitudeMode>relativeToGround</altitudeMode>
				</LookAt>
				<styleUrl>#__managed_style_18653CD4BA40DE0EE2B7</styleUrl>
				<Point>
					<altitudeMode>relativeToGround</altitudeMode>
					<coordinates>23.6836561,45.2671107,0</coordinates>
				</Point>
			</Placemark>
			<Placemark id="0D7A7F58F23BC6A11943">
				<gx:mid>/g/12mb3dp05</gx:mid>
				<gx:fid>0x40b315a2749b715d:0x37e466be9c599ab6</gx:fid>
				<LookAt>
					<longitude>25.5426997</longitude>
					<latitude>45.4138501</latitude>
					<altitude>0</altitude>
					<heading>0</heading>
					<tilt>0</tilt>
					<gx:fovy>35</gx:fovy>
					<range>715.1744348927798</range>
					<altitudeMode>relativeToGround</altitudeMode>
				</LookAt>
				<styleUrl>#__managed_style_2DB708773F40DE0EE2B7</styleUrl>
				<Point>
					<altitudeMode>relativeToGround</altitudeMode>
					<coordinates>25.5426997,45.4138501,0</coordinates>
				</Point>
			</Placemark>
			<Placemark id="0780F4EB3B3BC6A23836">
				<gx:mid>/m/02w3r_</gx:mid>
				<gx:fid>0x40b33e7c8bf07003:0x3ed82f1e5f005c21</gx:fid>
				<LookAt>
					<longitude>25.4937974</longitude>
					<latitude>45.39824245</latitude>
					<altitude>0</altitude>
					<heading>0</heading>
					<tilt>0</tilt>
					<gx:fovy>35</gx:fovy>
					<range>3610.963761005272</range>
					<altitudeMode>relativeToGround</altitudeMode>
				</LookAt>
				<styleUrl>#__managed_style_18653CD4BA40DE0EE2B7</styleUrl>
				<Point>
					<altitudeMode>relativeToGround</altitudeMode>
					<coordinates>25.48399804454367,45.40282228907117,0</coordinates>
				</Point>
			</Placemark>
			<Placemark id="0DEA33A6CB3BC6A37264">
				<gx:mid>/m/027ywx7</gx:mid>
				<gx:fid>0x40b33e6d73fdaabd:0xc8c1b97eb6e83483</gx:fid>
				<LookAt>
					<longitude>25.4703125</longitude>
					<latitude>45.4083125</latitude>
					<altitude>0</altitude>
					<heading>0</heading>
					<tilt>0</tilt>
					<gx:fovy>35</gx:fovy>
					<range>715.2506790715383</range>
					<altitudeMode>relativeToGround</altitudeMode>
				</LookAt>
				<styleUrl>#__managed_style_04BD6D505540DE0EE2C0</styleUrl>
				<Point>
					<altitudeMode>relativeToGround</altitudeMode>
					<coordinates>25.4703125,45.4083125,0</coordinates>
				</Point>
			</Placemark>
			<Placemark id="0C0715B87F3BC6A3A1BC">
				<gx:mid>/g/11cr_ycgk2</gx:mid>
				<gx:fid>0x40b33ef287f5f975:0x177c093a4fc46f16</gx:fid>
				<LookAt>
					<longitude>25.4437206</longitude>
					<latitude>45.4266097</latitude>
					<altitude>0</altitude>
					<heading>0</heading>
					<tilt>0</tilt>
					<gx:fovy>35</gx:fovy>
					<range>714.9987318756306</range>
					<altitudeMode>relativeToGround</altitudeMode>
				</LookAt>
				<styleUrl>#__managed_style_18653CD4BA40DE0EE2B7</styleUrl>
				<Point>
					<altitudeMode>relativeToGround</altitudeMode>
					<coordinates>25.4437206,45.4266097,0</coordinates>
				</Point>
			</Placemark>
			<Placemark id="0E13E81FAF3BC6A3EDAE">
				<gx:mid>/g/11ckb7_zh0</gx:mid>
				<gx:fid>0x40b33ecdf485d085:0x3140d19b4c129d6a</gx:fid>
				<LookAt>
					<longitude>25.4174263</longitude>
					<latitude>45.4403567</latitude>
					<altitude>0</altitude>
					<heading>0</heading>
					<tilt>0</tilt>
					<gx:fovy>35</gx:fovy>
					<range>714.809396093513</range>
					<altitudeMode>relativeToGround</altitudeMode>
				</LookAt>
				<styleUrl>#__managed_style_18653CD4BA40DE0EE2B7</styleUrl>
				<Point>
					<altitudeMode>relativeToGround</altitudeMode>
					<coordinates>25.4174263,45.4403567,0</coordinates>
				</Point>
			</Placemark>
			<Placemark id="0D5D9BBBED3BC6A43C83">
				<gx:mid>/g/1q5bns7g2</gx:mid>
				<gx:fid>0x40b315e5f371572d:0xd338425fc86c259b</gx:fid>
				<LookAt>
					<longitude>25.51561929999999</longitude>
					<latitude>45.3962212</latitude>
					<altitude>0</altitude>
					<heading>0</heading>
					<tilt>0</tilt>
					<gx:fovy>35</gx:fovy>
					<range>715.4171364744628</range>
					<altitudeMode>relativeToGround</altitudeMode>
				</LookAt>
				<styleUrl>#__managed_style_18653CD4BA40DE0EE2B7</styleUrl>
				<Point>
					<altitudeMode>relativeToGround</altitudeMode>
					<coordinates>25.5156193,45.39622120000001,0</coordinates>
				</Point>
			</Placemark>
			<Placemark id="0F59F960FA3BC6A48044">
				<gx:mid>/g/122mfbbv</gx:mid>
				<gx:fid>0x40b33dce63f84e53:0x5a47e39bc0b7943f</gx:fid>
				<LookAt>
					<longitude>25.4368757</longitude>
					<latitude>45.393036</latitude>
					<altitude>0</altitude>
					<heading>0</heading>
					<tilt>0</tilt>
					<gx:fovy>35</gx:fovy>
					<range>715.4609813817098</range>
					<altitudeMode>relativeToGround</altitudeMode>
				</LookAt>
				<styleUrl>#__managed_style_66E04AB88C40DE0EE2BC</styleUrl>
				<Point>
					<altitudeMode>relativeToGround</altitudeMode>
					<coordinates>25.4368757,45.393036,0</coordinates>
				</Point>
			</Placemark>
			<Placemark id="0D025DE8693BC6A57CF0">
				<gx:mid>/g/11c1v1pl9f</gx:mid>
				<gx:fid>0x40b33f1c74473991:0xd032155b6baccfc7</gx:fid>
				<LookAt>
					<longitude>25.45626429999999</longitude>
					<latitude>45.44564920000001</latitude>
					<altitude>0</altitude>
					<heading>0</heading>
					<tilt>0</tilt>
					<gx:fovy>35</gx:fovy>
					<range>714.7364931711121</range>
					<altitudeMode>relativeToGround</altitudeMode>
				</LookAt>
				<styleUrl>#__managed_style_18653CD4BA40DE0EE2B7</styleUrl>
				<Point>
					<altitudeMode>relativeToGround</altitudeMode>
					<coordinates>25.4562643,45.4456492,0</coordinates>
				</Point>
			</Placemark>
			<Placemark id="0D7CB0D8AC3BC6A5FFD4">
				<gx:mid>/g/1q5bl5291</gx:mid>
				<gx:fid>0x40b347e5beeb4a0d:0x10349c2f733f4c31</gx:fid>
				<LookAt>
					<longitude>25.3677778</longitude>
					<latitude>45.51555560000001</latitude>
					<altitude>0</altitude>
					<heading>0</heading>
					<tilt>0</tilt>
					<gx:fovy>35</gx:fovy>
					<range>713.7730303791018</range>
					<altitudeMode>relativeToGround</altitudeMode>
				</LookAt>
				<styleUrl>#__managed_style_0E677A5FFA40DE0EE2B7</styleUrl>
				<Point>
					<altitudeMode>relativeToGround</altitudeMode>
					<coordinates>25.3677778,45.51555560000001,0</coordinates>
				</Point>
			</Placemark>
			<Placemark id="010F7FB7943BC6A6C238">
				<gx:mid>/g/1q5bpg0f8</gx:mid>
				<gx:fid>0x40b347e5f52a6e9b:0xe2bc64fc64e60d15</gx:fid>
				<LookAt>
					<longitude>25.36980269999999</longitude>
					<latitude>45.5154067</latitude>
					<altitude>0</altitude>
					<heading>0</heading>
					<tilt>0</tilt>
					<gx:fovy>35</gx:fovy>
					<range>713.7750835704925</range>
					<altitudeMode>relativeToGround</altitudeMode>
				</LookAt>
				<styleUrl>#__managed_style_2DB708773F40DE0EE2B7</styleUrl>
				<Point>
					<altitudeMode>relativeToGround</altitudeMode>
					<coordinates>25.3698027,45.51540670000001,0</coordinates>
				</Point>
			</Placemark>
			<Placemark id="083AEEEF343BC6A6FDF4">
				<gx:mid>/g/11nnvyg5xn</gx:mid>
				<gx:fid>0x40b347aeeb272449:0xecaaec7301e28017</gx:fid>
				<LookAt>
					<longitude>25.3695344</longitude>
					<latitude>45.5156455</latitude>
					<altitude>0</altitude>
					<heading>0</heading>
					<tilt>0</tilt>
					<gx:fovy>35</gx:fovy>
					<range>713.7717907402771</range>
					<altitudeMode>relativeToGround</altitudeMode>
				</LookAt>
				<styleUrl>#__managed_style_2DB708773F40DE0EE2B7</styleUrl>
				<Point>
					<altitudeMode>relativeToGround</altitudeMode>
					<coordinates>25.3695344,45.5156455,0</coordinates>
				</Point>
			</Placemark>
			<Placemark id="08812ED6773BC6A81186">
				<name>מרכז העיירה </name>
				<LookAt>
					<longitude>25.36791650455231</longitude>
					<latitude>45.5150806799863</latitude>
					<altitude>783.3977825692144</altitude>
					<heading>314.3304156789405</heading>
					<tilt>0</tilt>
					<gx:fovy>35</gx:fovy>
					<range>298.1317917775596</range>
					<altitudeMode>absolute</altitudeMode>
				</LookAt>
				<styleUrl>#__managed_style_4B2EA1BF0B40DE0EE2BC</styleUrl>
				<LineString>
					<coordinates>
						25.37026633976748,45.51547126672168,0 25.3699128569737,45.5157885793753,0 25.37006010667108,45.51591987569245,0 25.36871028480779,45.5163203477284,0 25.37006153877068,45.51591958751689,0 25.37032455980711,45.51598784965647,0 25.37054809929451,45.51635094499601,0 25.37047688817167,45.51698057465439,0 25.37055333898377,45.5163517958302,0 25.37032181755075,45.51598801871551,0 25.37006072054753,45.5159194193423,0 25.36991189722158,45.51578897622079,0 25.36911696539292,45.51536905133402,0 25.36778736886479,45.51557413722171,0 25.36910828234378,45.51537072429927,0 25.36876093046426,45.51502775869194,0 25.367541402744,45.51496899208434,0 
					</coordinates>
				</LineString>
			</Placemark>
			<Placemark id="05DEA337A33BC6A8D2C6">
				<name>שוק עתיק </name>
				<LookAt>
					<longitude>25.36918441457674</longitude>
					<latitude>45.51561704409137</latitude>
					<altitude>765.136751277299</altitude>
					<heading>24.36913274842341</heading>
					<tilt>0</tilt>
					<gx:fovy>35</gx:fovy>
					<range>165.3257930556356</range>
					<altitudeMode>absolute</altitudeMode>
				</LookAt>
				<styleUrl>#__managed_style_192D5D112D40DE0EE2C0</styleUrl>
				<Point>
					<coordinates>25.36914127337681,45.5155283052712,766.9809952335505</coordinates>
				</Point>
			</Placemark>
			<Placemark id="0F847DC09C3BC6A99D83">
				<name>הרחוב המרכזי ביותר בעיירה </name>
				<LookAt>
					<longitude>25.3692591442099</longitude>
					<latitude>45.51559934757189</latitude>
					<altitude>765.4946684129436</altitude>
					<heading>295.9083398312794</heading>
					<tilt>0</tilt>
					<gx:fovy>35</gx:fovy>
					<range>209.527166999469</range>
					<altitudeMode>absolute</altitudeMode>
				</LookAt>
				<styleUrl>#__managed_style_257DA6652C40DE0EE2C4</styleUrl>
				<Point>
					<coordinates>25.36966605266759,45.51564994244909,764.5895494426293</coordinates>
				</Point>
			</Placemark>
			<Placemark id="0F48CAB9013BC6AD4B6F">
				<gx:mid>/m/0dnlv5</gx:mid>
				<gx:fid>0x40b335eda8a06fd3:0x111b7ae7b54ef5a7</gx:fid>
				<LookAt>
					<longitude>25.2180885</longitude>
					<latitude>45.53511395</latitude>
					<altitude>0</altitude>
					<heading>0</heading>
					<tilt>0</tilt>
					<gx:fovy>35</gx:fovy>
					<range>3599.789275619788</range>
					<altitudeMode>relativeToGround</altitudeMode>
				</LookAt>
				<styleUrl>#__managed_style_18653CD4BA40DE0EE2B7</styleUrl>
				<Point>
					<altitudeMode>relativeToGround</altitudeMode>
					<coordinates>25.2180885,45.5351145,0</coordinates>
				</Point>
			</Placemark>
			<Placemark id="06D32068453BC6ADF5F1">
				<gx:mid>/g/11c54cmv7g</gx:mid>
				<gx:fid>0x40b3359401469023:0xf468768a097a3587</gx:fid>
				<LookAt>
					<longitude>25.2036331</longitude>
					<latitude>45.5256865</latitude>
					<altitude>0</altitude>
					<heading>0</heading>
					<tilt>0</tilt>
					<gx:fovy>35</gx:fovy>
					<range>713.6333245048916</range>
					<altitudeMode>relativeToGround</altitudeMode>
				</LookAt>
				<styleUrl>#__managed_style_18653CD4BA40DE0EE2B7</styleUrl>
				<Point>
					<altitudeMode>relativeToGround</altitudeMode>
					<coordinates>25.2036331,45.5256865,0</coordinates>
				</Point>
			</Placemark>
			<Placemark id="0365BAB0063BC6AFD2EF">
				<gx:mid>/m/04k4wg</gx:mid>
				<gx:fid>0x474e0c7253edd6cd:0x17128d1ce55ab891</gx:fid>
				<LookAt>
					<longitude>22.8821429</longitude>
					<latitude>45.3818438</latitude>
					<altitude>0</altitude>
					<heading>0</heading>
					<tilt>0</tilt>
					<gx:fovy>35</gx:fovy>
					<range>715.6150283054433</range>
					<altitudeMode>relativeToGround</altitudeMode>
				</LookAt>
				<styleUrl>#__managed_style_2DB708773F40DE0EE2B7</styleUrl>
				<Point>
					<altitudeMode>relativeToGround</altitudeMode>
					<coordinates>22.8821429,45.3818438,0</coordinates>
				</Point>
			</Placemark>
			<Placemark id="01883BFEDA3BC6B0CF99">
				<gx:mid>/g/11t5dwv_vd</gx:mid>
				<gx:fid>0x474e0df90b096a63:0xb9721e4127a4b581</gx:fid>
				<LookAt>
					<longitude>22.8552116</longitude>
					<latitude>45.3581464</latitude>
					<altitude>0</altitude>
					<heading>0</heading>
					<tilt>0</tilt>
					<gx:fovy>35</gx:fovy>
					<range>715.9411121571372</range>
					<altitudeMode>relativeToGround</altitudeMode>
				</LookAt>
				<styleUrl>#__managed_style_381FD019D640DE0EE2BE</styleUrl>
				<Point>
					<altitudeMode>relativeToGround</altitudeMode>
					<coordinates>22.8552116,45.3581464,0</coordinates>
				</Point>
			</Placemark>
			<Placemark id="0A36E4BB823BC6B0EC59">
				<gx:mid>/g/11dxf0yfrk</gx:mid>
				<gx:fid>0x474e0bf5a888ce91:0x60b9c278e89bfcfe</gx:fid>
				<LookAt>
					<longitude>22.8750902</longitude>
					<latitude>45.3594134</latitude>
					<altitude>0</altitude>
					<heading>0</heading>
					<tilt>0</tilt>
					<gx:fovy>35</gx:fovy>
					<range>715.9236806431309</range>
					<altitudeMode>relativeToGround</altitudeMode>
				</LookAt>
				<styleUrl>#__managed_style_18653CD4BA40DE0EE2B7</styleUrl>
				<Point>
					<altitudeMode>relativeToGround</altitudeMode>
					<coordinates>22.8750902,45.35941340000001,0</coordinates>
				</Point>
			</Placemark>
			<Placemark id="046751ADAA3BC6B1D5AB">
				<gx:mid>/g/11s3bw__hz</gx:mid>
				<gx:fid>0x474e0fc00fb0ae77:0x6a1f6142903ed797</gx:fid>
				<LookAt>
					<longitude>22.7933578</longitude>
					<latitude>45.3388351</latitude>
					<altitude>0</altitude>
					<heading>0</heading>
					<tilt>0</tilt>
					<gx:fovy>35</gx:fovy>
					<range>716.2067596096894</range>
					<altitudeMode>relativeToGround</altitudeMode>
				</LookAt>
				<styleUrl>#__managed_style_381FD019D640DE0EE2BE</styleUrl>
				<Point>
					<altitudeMode>relativeToGround</altitudeMode>
					<coordinates>22.7933578,45.3388351,0</coordinates>
				</Point>
			</Placemark>
			<Placemark id="05BEE095B23BC6B371E0">
				<gx:mid>/g/11ls_jqwdh</gx:mid>
				<gx:fid>0x474e3d7c68b21ed9:0x1d71f2d802bd23eb</gx:fid>
				<LookAt>
					<longitude>22.474307</longitude>
					<latitude>45.3732836</latitude>
					<altitude>0</altitude>
					<heading>0</heading>
					<tilt>0</tilt>
					<gx:fovy>35</gx:fovy>
					<range>715.7328322404753</range>
					<altitudeMode>relativeToGround</altitudeMode>
				</LookAt>
				<styleUrl>#__managed_style_065E9C9EA040DE0EE2B8</styleUrl>
				<Point>
					<altitudeMode>relativeToGround</altitudeMode>
					<coordinates>22.474307,45.3732836,0</coordinates>
				</Point>
			</Placemark>
			<Placemark id="083540A6BA3BC6B4F351">
				<gx:mid>/m/062_g0</gx:mid>
				<gx:fid>0x4749281798819b11:0x9a33c9d05b0a9cb0</gx:fid>
				<LookAt>
					<longitude>23.0041257</longitude>
					<latitude>46.50732935</latitude>
					<altitude>0</altitude>
					<heading>0</heading>
					<tilt>0</tilt>
					<gx:fovy>35</gx:fovy>
					<range>3520.00864638497</range>
					<altitudeMode>relativeToGround</altitudeMode>
				</LookAt>
				<styleUrl>#__managed_style_2DB708773F40DE0EE2B7</styleUrl>
				<Point>
					<altitudeMode>relativeToGround</altitudeMode>
					<coordinates>22.98176627125732,46.48264014551295,0</coordinates>
				</Point>
			</Placemark>
			<Placemark id="0D3602222A3BC6B6E6E4">
				<gx:mid>/g/11ffv6j5xg</gx:mid>
				<gx:fid>0x4748dfbf255f8e3f:0x439e5889e821e33b</gx:fid>
				<LookAt>
					<longitude>23.0589539</longitude>
					<latitude>46.6677655</latitude>
					<altitude>0</altitude>
					<heading>0</heading>
					<tilt>0</tilt>
					<gx:fovy>35</gx:fovy>
					<range>697.755879202198</range>
					<altitudeMode>relativeToGround</altitudeMode>
				</LookAt>
				<styleUrl>#__managed_style_18653CD4BA40DE0EE2B7</styleUrl>
				<Point>
					<altitudeMode>relativeToGround</altitudeMode>
					<coordinates>23.0589539,46.6677655,0</coordinates>
				</Point>
			</Placemark>
			<Placemark id="03353ED3133BC6B72DB8">
				<gx:mid>/m/0gz5fc</gx:mid>
				<gx:fid>0x4748d16f214d425f:0x3c356cdce6edf2d6</gx:fid>
				<LookAt>
					<longitude>22.8107821</longitude>
					<latitude>46.48995370000001</latitude>
					<altitude>0</altitude>
					<heading>0</heading>
					<tilt>0</tilt>
					<gx:fovy>35</gx:fovy>
					<range>700.2443753065512</range>
					<altitudeMode>relativeToGround</altitudeMode>
				</LookAt>
				<styleUrl>#__managed_style_2DB708773F40DE0EE2B7</styleUrl>
				<Point>
					<altitudeMode>relativeToGround</altitudeMode>
					<coordinates>22.8107821,46.48995370000001,0</coordinates>
				</Point>
			</Placemark>
			<Placemark id="0C12E57A4B3BC6B7A736">
				<gx:mid>/g/121w1m8q</gx:mid>
				<gx:fid>0x4748d0229e1640ab:0xd795cbeef00c4fb</gx:fid>
				<LookAt>
					<longitude>22.780334</longitude>
					<latitude>46.5406568</latitude>
					<altitude>0</altitude>
					<heading>0</heading>
					<tilt>0</tilt>
					<gx:fovy>35</gx:fovy>
					<range>699.5353936875771</range>
					<altitudeMode>relativeToGround</altitudeMode>
				</LookAt>
				<styleUrl>#__managed_style_4CE48AE06440DE0EE2C4</styleUrl>
				<Point>
					<altitudeMode>relativeToGround</altitudeMode>
					<coordinates>22.780334,46.54065680000001,0</coordinates>
				</Point>
			</Placemark>
			<Placemark id="03C34B22433BC6B81808">
				<gx:mid>/m/0b0rcj</gx:mid>
				<gx:fid>0x4748c9b93efb8deb:0x50341756ca4321b6</gx:fid>
				<LookAt>
					<longitude>22.5691463</longitude>
					<latitude>46.5540086</latitude>
					<altitude>0</altitude>
					<heading>0</heading>
					<tilt>0</tilt>
					<gx:fovy>35</gx:fovy>
					<range>699.3486138467597</range>
					<altitudeMode>relativeToGround</altitudeMode>
				</LookAt>
				<styleUrl>#__managed_style_2DB708773F40DE0EE2B7</styleUrl>
				<Point>
					<altitudeMode>relativeToGround</altitudeMode>
					<coordinates>22.5691463,46.5540086,0</coordinates>
				</Point>
			</Placemark>
			<Placemark id="0B2DD56A2A3BC6B8FBAB">
				<gx:mid>/g/122rjw78</gx:mid>
				<gx:fid>0x4748c59831d3a171:0xb4306fa5823435b</gx:fid>
				<LookAt>
					<longitude>22.73618819999999</longitude>
					<latitude>46.5904136</latitude>
					<altitude>0</altitude>
					<heading>0</heading>
					<tilt>0</tilt>
					<gx:fovy>35</gx:fovy>
					<range>698.8391675967679</range>
					<altitudeMode>relativeToGround</altitudeMode>
				</LookAt>
				<styleUrl>#__managed_style_18653CD4BA40DE0EE2B7</styleUrl>
				<Point>
					<altitudeMode>relativeToGround</altitudeMode>
					<coordinates>22.74084737717872,46.58862740238713,0</coordinates>
				</Point>
			</Placemark>
			<Placemark id="0F45B13CA73BC6BCE3D0">
				<gx:mid>/g/11d_y9q0pq</gx:mid>
				<gx:fid>0x474cebd393c0aad7:0x638169460ca6c3d3</gx:fid>
				<LookAt>
					<longitude>24.6137098</longitude>
					<latitude>45.603217</latitude>
					<altitude>0</altitude>
					<heading>0</heading>
					<tilt>0</tilt>
					<gx:fovy>35</gx:fovy>
					<range>712.5635039885392</range>
					<altitudeMode>relativeToGround</altitudeMode>
				</LookAt>
				<styleUrl>#__managed_style_252772A18640DE0EE2BF</styleUrl>
				<Point>
					<altitudeMode>relativeToGround</altitudeMode>
					<coordinates>24.61570202013979,45.60308919486216,0</coordinates>
				</Point>
			</Placemark>
			<Placemark id="036E9CB4D03BC6BD69D4">
				<gx:mid>/m/04hbp1</gx:mid>
				<gx:fid>0x474cd9332db023a5:0xd953c09db90dfa87</gx:fid>
				<LookAt>
					<longitude>24.6299016</longitude>
					<latitude>45.40302185</latitude>
					<altitude>0</altitude>
					<heading>0</heading>
					<tilt>0</tilt>
					<gx:fovy>35</gx:fovy>
					<range>16322.08848780949</range>
					<altitudeMode>relativeToGround</altitudeMode>
				</LookAt>
				<styleUrl>#__managed_style_18653CD4BA40DE0EE2B7</styleUrl>
				<Point>
					<altitudeMode>relativeToGround</altitudeMode>
					<coordinates>24.6224249,45.39648529999999,0</coordinates>
				</Point>
			</Placemark>
			<Placemark id="0FE0BA7D683BC6BE0596">
				<gx:mid>/m/08yg9g</gx:mid>
				<gx:fid>0x474cd881af3bbf57:0x9b4b14bcaba3863e</gx:fid>
				<LookAt>
					<longitude>24.6348214</longitude>
					<latitude>45.35362489999999</latitude>
					<altitude>0</altitude>
					<heading>0</heading>
					<tilt>0</tilt>
					<gx:fovy>35</gx:fovy>
					<range>716.0033168188098</range>
					<altitudeMode>relativeToGround</altitudeMode>
				</LookAt>
				<styleUrl>#__managed_style_3D12C360BB40DE0EE2B8</styleUrl>
				<Point>
					<altitudeMode>relativeToGround</altitudeMode>
					<coordinates>24.6348214,45.3536249,0</coordinates>
				</Point>
			</Placemark>
			<Placemark id="07050900533BC6BE8411">
				<gx:mid>/m/04hbq5</gx:mid>
				<gx:fid>0x474cd891189cd56f:0x30c099c7f5d6a3df</gx:fid>
				<LookAt>
					<longitude>24.6307214</longitude>
					<latitude>45.36657899999999</latitude>
					<altitude>0</altitude>
					<heading>0</heading>
					<tilt>0</tilt>
					<gx:fovy>35</gx:fovy>
					<range>715.8250896107462</range>
					<altitudeMode>relativeToGround</altitudeMode>
				</LookAt>
				<styleUrl>#__managed_style_2DB708773F40DE0EE2B7</styleUrl>
				<Point>
					<altitudeMode>relativeToGround</altitudeMode>
					<coordinates>24.6307214,45.36657899999999,0</coordinates>
				</Point>
			</Placemark>
			<Placemark id="05E567E2C53BC6BF42BC">
				<gx:mid>/g/11cs3kdn61</gx:mid>
				<gx:fid>0x474a9607b1329c2f:0xc6d94b8a51b4c591</gx:fid>
				<LookAt>
					<longitude>25.78807</longitude>
					<latitude>46.7907763</latitude>
					<altitude>0</altitude>
					<heading>0</heading>
					<tilt>0</tilt>
					<gx:fovy>35</gx:fovy>
					<range>696.0308137461731</range>
					<altitudeMode>relativeToGround</altitudeMode>
				</LookAt>
				<styleUrl>#__managed_style_2DB708773F40DE0EE2B7</styleUrl>
				<Point>
					<altitudeMode>relativeToGround</altitudeMode>
					<coordinates>25.78807,46.7907763,0</coordinates>
				</Point>
			</Placemark>
			<Placemark id="06F34AFB0D3BC6C088C8">
				<gx:mid>/g/11gzjcypb</gx:mid>
				<gx:fid>0x4751b3f5f596d8a1:0xaab38ac3004275ea</gx:fid>
				<LookAt>
					<longitude>21.7903078</longitude>
					<latitude>44.9362892</latitude>
					<altitude>0</altitude>
					<heading>0</heading>
					<tilt>0</tilt>
					<gx:fovy>35</gx:fovy>
					<range>721.7273106905394</range>
					<altitudeMode>relativeToGround</altitudeMode>
				</LookAt>
				<styleUrl>#__managed_style_2DB708773F40DE0EE2B7</styleUrl>
				<Point>
					<altitudeMode>relativeToGround</altitudeMode>
					<coordinates>21.790327,44.936274,0</coordinates>
				</Point>
			</Placemark>
			<Placemark id="0AE65FD28A3BC6C103B0">
				<gx:mid>/g/1jgm55p7g</gx:mid>
				<gx:fid>0x4751c86bb145fb7b:0x87e56ee6202206fb</gx:fid>
				<LookAt>
					<longitude>21.9595985</longitude>
					<latitude>45.0034103</latitude>
					<altitude>0</altitude>
					<heading>0</heading>
					<tilt>0</tilt>
					<gx:fovy>35</gx:fovy>
					<range>720.809054058825</range>
					<altitudeMode>relativeToGround</altitudeMode>
				</LookAt>
				<styleUrl>#__managed_style_2DB708773F40DE0EE2B7</styleUrl>
				<Point>
					<altitudeMode>relativeToGround</altitudeMode>
					<coordinates>21.9595985,45.0034103,0</coordinates>
				</Point>
			</Placemark>
			<Placemark id="040B14BDF23BC6C18A67">
				<gx:mid>/m/0dsbnrt</gx:mid>
				<gx:fid>0x474969902dc1d171:0xf6d283ed0a02fc1f</gx:fid>
				<LookAt>
					<longitude>23.6806591</longitude>
					<latitude>46.5633699</latitude>
					<altitude>0</altitude>
					<heading>0</heading>
					<tilt>0</tilt>
					<gx:fovy>35</gx:fovy>
					<range>699.2176372975132</range>
					<altitudeMode>relativeToGround</altitudeMode>
				</LookAt>
				<styleUrl>#__managed_style_381FD019D640DE0EE2BE</styleUrl>
				<Point>
					<altitudeMode>relativeToGround</altitudeMode>
					<coordinates>23.6806591,46.5633699,0</coordinates>
				</Point>
			</Placemark>
			<Placemark id="0014235C9A3BC6C1C2E0">
				<gx:mid>/g/11rqjd0c87</gx:mid>
				<gx:fid>0x4749693f4725e717:0xdcc1fee1a992ec96</gx:fid>
				<LookAt>
					<longitude>23.67748439999999</longitude>
					<latitude>46.56536249999999</latitude>
					<altitude>0</altitude>
					<heading>0</heading>
					<tilt>0</tilt>
					<gx:fovy>35</gx:fovy>
					<range>699.1897561216857</range>
					<altitudeMode>relativeToGround</altitudeMode>
				</LookAt>
				<styleUrl>#__managed_style_18653CD4BA40DE0EE2B7</styleUrl>
				<Point>
					<altitudeMode>relativeToGround</altitudeMode>
					<coordinates>23.6774844,46.5653625,0</coordinates>
				</Point>
			</Placemark>
			<Placemark id="0269F7A3FE3BC6C2AE1B">
				<gx:mid>/m/0h3tqfv</gx:mid>
				<gx:fid>0x40b3429ab6e89391:0x29db4eb316d795fc</gx:fid>
				<LookAt>
					<longitude>25.64404159999999</longitude>
					<latitude>45.5668835</latitude>
					<altitude>0</altitude>
					<heading>0</heading>
					<tilt>0</tilt>
					<gx:fovy>35</gx:fovy>
					<range>713.0650065224105</range>
					<altitudeMode>relativeToGround</altitudeMode>
				</LookAt>
				<styleUrl>#__managed_style_2DB708773F40DE0EE2B7</styleUrl>
				<Point>
					<altitudeMode>relativeToGround</altitudeMode>
					<coordinates>25.6440416,45.5668835,0</coordinates>
				</Point>
			</Placemark>
			<Placemark id="0FE6043B153BC6C5B098">
				<gx:mid>/g/1tdh6y_t</gx:mid>
				<gx:fid>0x40b315947734af29:0xd5d5ceebffee0eca</gx:fid>
				<LookAt>
					<longitude>25.528077</longitude>
					<latitude>45.4067008</latitude>
					<altitude>0</altitude>
					<heading>0</heading>
					<tilt>0</tilt>
					<gx:fovy>35</gx:fovy>
					<range>715.2728685460171</range>
					<altitudeMode>relativeToGround</altitudeMode>
				</LookAt>
				<styleUrl>#__managed_style_2DB708773F40DE0EE2B7</styleUrl>
				<Point>
					<altitudeMode>relativeToGround</altitudeMode>
					<coordinates>25.5280745,45.4067219,0</coordinates>
				</Point>
			</Placemark>
			<Placemark id="0B6AB3ADF43BC6CE6B90">
				<gx:mid>/g/123922m8</gx:mid>
				<gx:fid>0x47360cc44e4a0229:0xd04176d4cd1d46ce</gx:fid>
				<LookAt>
					<longitude>24.8024481</longitude>
					<latitude>47.5904481</latitude>
					<altitude>0</altitude>
					<heading>0</heading>
					<tilt>0</tilt>
					<gx:fovy>35</gx:fovy>
					<range>684.7472189287873</range>
					<altitudeMode>relativeToGround</altitudeMode>
				</LookAt>
				<styleUrl>#__managed_style_18653CD4BA40DE0EE2B7</styleUrl>
				<Point>
					<altitudeMode>relativeToGround</altitudeMode>
					<coordinates>24.8024481,47.5904481,0</coordinates>
				</Point>
			</Placemark>
			<Placemark id="0078BE0B8A3BC6CF3FBC">
				<gx:mid>/g/11nxqr6md1</gx:mid>
				<gx:fid>0x4736737a4d3f5ac9:0xe3612c10a3c51c19</gx:fid>
				<LookAt>
					<longitude>24.7844482</longitude>
					<latitude>47.6153205</latitude>
					<altitude>0</altitude>
					<heading>0</heading>
					<tilt>0</tilt>
					<gx:fovy>35</gx:fovy>
					<range>684.3943581292124</range>
					<altitudeMode>relativeToGround</altitudeMode>
				</LookAt>
				<styleUrl>#__managed_style_1981FCD1BF40DE0EE2B9</styleUrl>
				<Point>
					<altitudeMode>relativeToGround</altitudeMode>
					<coordinates>24.7843528,47.6152744,0</coordinates>
				</Point>
			</Placemark>
			<Placemark id="0C7CD2D7913BC6CF9DA8">
				<gx:mid>/g/11gcg2_c2m</gx:mid>
				<gx:fid>0x47360cd478d8bd59:0xb2263d781c26923f</gx:fid>
				<LookAt>
					<longitude>24.7996628</longitude>
					<latitude>47.6011532</latitude>
					<altitude>0</altitude>
					<heading>0</heading>
					<tilt>0</tilt>
					<gx:fovy>35</gx:fovy>
					<range>684.5953613229381</range>
					<altitudeMode>relativeToGround</altitudeMode>
				</LookAt>
				<styleUrl>#__managed_style_1981FCD1BF40DE0EE2B9</styleUrl>
				<Point>
					<altitudeMode>relativeToGround</altitudeMode>
					<coordinates>24.7996628,47.6011532,0</coordinates>
				</Point>
			</Placemark>
			<Placemark id="01A0DFE7753BC6CFFE3F">
				<name>רכבל</name>
				<LookAt>
					<longitude>24.79393982306039</longitude>
					<latitude>47.61767203740741</latitude>
					<altitude>880.7238896547623</altitude>
					<heading>317.5092176518355</heading>
					<tilt>0</tilt>
					<gx:fovy>35</gx:fovy>
					<range>21527.41955347359</range>
					<altitudeMode>absolute</altitudeMode>
				</LookAt>
				<styleUrl>#__managed_style_4B2EA1BF0B40DE0EE2BC</styleUrl>
				<LineString>
					<coordinates>
						24.78423369568508,47.61532312134988,0 24.79038140643847,47.61004517594667,0 24.79965398860246,47.60116321253986,0 
					</coordinates>
				</LineString>
			</Placemark>
			<Placemark id="02EC7BE4BF3BC6D14CE7">
				<gx:mid>/g/11yfjcbp9x</gx:mid>
				<gx:fid>0x47360d001d3e62a7:0xa651a62b4b0ecdfe</gx:fid>
				<LookAt>
					<longitude>24.809187</longitude>
					<latitude>47.58859500000001</latitude>
					<altitude>0</altitude>
					<heading>0</heading>
					<tilt>0</tilt>
					<gx:fovy>35</gx:fovy>
					<range>684.7735040082132</range>
					<altitudeMode>relativeToGround</altitudeMode>
				</LookAt>
				<styleUrl>#__managed_style_2DB708773F40DE0EE2B7</styleUrl>
				<Point>
					<altitudeMode>relativeToGround</altitudeMode>
					<coordinates>24.809187,47.588595,0</coordinates>
				</Point>
			</Placemark>
			<Placemark id="0E26528B423BC6D196EF">
				<gx:mid>/g/11gmw_y7wq</gx:mid>
				<gx:fid>0x47360d8cc9405483:0x825c7adda11b0ae2</gx:fid>
				<LookAt>
					<longitude>24.8138274</longitude>
					<latitude>47.5728843</latitude>
					<altitude>0</altitude>
					<heading>0</heading>
					<tilt>0</tilt>
					<gx:fovy>35</gx:fovy>
					<range>684.9963251866898</range>
					<altitudeMode>relativeToGround</altitudeMode>
				</LookAt>
				<styleUrl>#__managed_style_18653CD4BA40DE0EE2B7</styleUrl>
				<Point>
					<altitudeMode>relativeToGround</altitudeMode>
					<coordinates>24.8138274,47.5728843,0</coordinates>
				</Point>
			</Placemark>
			<Placemark id="0744F155903BC6D2A914">
				<gx:mid>/g/122gqwtz</gx:mid>
				<gx:fid>0x474a9f7a0eba5d1f:0xc56685f3cc77d713</gx:fid>
				<LookAt>
					<longitude>25.939533</longitude>
					<latitude>46.9489882</latitude>
					<altitude>0</altitude>
					<heading>0</heading>
					<tilt>0</tilt>
					<gx:fovy>35</gx:fovy>
					<range>693.8078934349682</range>
					<altitudeMode>relativeToGround</altitudeMode>
				</LookAt>
				<styleUrl>#__managed_style_2DB708773F40DE0EE2B7</styleUrl>
				<Point>
					<altitudeMode>relativeToGround</altitudeMode>
					<coordinates>25.94151382480019,46.95266823544182,0</coordinates>
				</Point>
			</Placemark>
			<Placemark id="084D7269143BC6D2D42C">
				<gx:mid>/g/11f9z_j14r</gx:mid>
				<gx:fid>0x474aa1f80b6710f1:0x92ec8cb65c4811f5</gx:fid>
				<LookAt>
					<longitude>25.9540348</longitude>
					<latitude>46.94425409999999</latitude>
					<altitude>0</altitude>
					<heading>0</heading>
					<tilt>0</tilt>
					<gx:fovy>35</gx:fovy>
					<range>693.8744772964043</range>
					<altitudeMode>relativeToGround</altitudeMode>
				</LookAt>
				<styleUrl>#__managed_style_18653CD4BA40DE0EE2B7</styleUrl>
				<Point>
					<altitudeMode>relativeToGround</altitudeMode>
					<coordinates>25.9540348,46.94425409999999,0</coordinates>
				</Point>
			</Placemark>
			<Placemark id="03670AD7AA3BC6D358AC">
				<gx:mid>/g/1219h52k</gx:mid>
				<gx:fid>0x474a9fbb0e5b2d49:0xfe0fda9e8f870706</gx:fid>
				<LookAt>
					<longitude>25.9350581</longitude>
					<latitude>46.9731188</latitude>
					<altitude>0</altitude>
					<heading>0</heading>
					<tilt>0</tilt>
					<gx:fovy>35</gx:fovy>
					<range>693.4684374425697</range>
					<altitudeMode>relativeToGround</altitudeMode>
				</LookAt>
				<styleUrl>#__managed_style_18653CD4BA40DE0EE2B7</styleUrl>
				<Point>
					<altitudeMode>relativeToGround</altitudeMode>
					<coordinates>25.9350581,46.97311879999999,0</coordinates>
				</Point>
			</Placemark>
			<Placemark id="0A92B42FCD3BC6D3B460">
				<gx:mid>/g/121pw8__</gx:mid>
				<gx:fid>0x474a9f99078e6fdf:0xf77fad43008ce789</gx:fid>
				<LookAt>
					<longitude>25.9445176</longitude>
					<latitude>46.9659437</latitude>
					<altitude>0</altitude>
					<heading>0</heading>
					<tilt>0</tilt>
					<gx:fovy>35</gx:fovy>
					<range>693.5693842359797</range>
					<altitudeMode>relativeToGround</altitudeMode>
				</LookAt>
				<styleUrl>#__managed_style_2DB708773F40DE0EE2B7</styleUrl>
				<Point>
					<altitudeMode>relativeToGround</altitudeMode>
					<coordinates>25.9445138,46.96596319999999,0</coordinates>
				</Point>
			</Placemark>
			<Placemark id="0044D2AE493BC6D48610">
				<gx:mid>/g/11c20byvcy</gx:mid>
				<gx:fid>0x474aa740337d74fd:0xd24736cf4b5dcd4e</gx:fid>
				<LookAt>
					<longitude>26.1121982</longitude>
					<latitude>46.9410123</latitude>
					<altitude>0</altitude>
					<heading>0</heading>
					<tilt>0</tilt>
					<gx:fovy>35</gx:fovy>
					<range>693.9200699215806</range>
					<altitudeMode>relativeToGround</altitudeMode>
				</LookAt>
				<styleUrl>#__managed_style_2DB708773F40DE0EE2B7</styleUrl>
				<Point>
					<altitudeMode>relativeToGround</altitudeMode>
					<coordinates>26.1121982,46.9410123,0</coordinates>
				</Point>
			</Placemark>
			<Placemark id="067FE8BD873BC6D66CC9">
				<gx:mid>/g/1q6j9v55c</gx:mid>
				<gx:fid>0x473540e5d154a9d9:0x853733c691e97f62</gx:fid>
				<LookAt>
					<longitude>26.30573275</longitude>
					<latitude>47.21171129999999</latitude>
					<altitude>0</altitude>
					<heading>0</heading>
					<tilt>0</tilt>
					<gx:fovy>35</gx:fovy>
					<range>7895.747189924259</range>
					<altitudeMode>relativeToGround</altitudeMode>
				</LookAt>
				<styleUrl>#__managed_style_2DB708773F40DE0EE2B7</styleUrl>
				<Point>
					<altitudeMode>relativeToGround</altitudeMode>
					<coordinates>26.3066775,47.2163639,0</coordinates>
				</Point>
			</Placemark>
			<Placemark id="0D0FD09EDA3BC6D6D9F3">
				<gx:mid>/g/1tk66gpt</gx:mid>
				<gx:fid>0x474d1a3c3457a8bd:0x2145bab74101461d</gx:fid>
				<LookAt>
					<longitude>24.26045179999999</longitude>
					<latitude>45.3007014</latitude>
					<altitude>0</altitude>
					<heading>0</heading>
					<tilt>0</tilt>
					<gx:fovy>35</gx:fovy>
					<range>716.7311120534152</range>
					<altitudeMode>relativeToGround</altitudeMode>
				</LookAt>
				<styleUrl>#__managed_style_18653CD4BA40DE0EE2B7</styleUrl>
				<Point>
					<altitudeMode>relativeToGround</altitudeMode>
					<coordinates>24.26045179999999,45.30070139999999,0</coordinates>
				</Point>
			</Placemark>
			<Placemark id="02C25843553BC6D745A0">
				<gx:mid>/g/120sq1tj</gx:mid>
				<gx:fid>0x474d19bf4866d751:0x66b7147098c2172c</gx:fid>
				<LookAt>
					<longitude>24.30856319999999</longitude>
					<latitude>45.288124</latitude>
					<altitude>0</altitude>
					<heading>0</heading>
					<tilt>0</tilt>
					<gx:fovy>35</gx:fovy>
					<range>716.9039926799084</range>
					<altitudeMode>relativeToGround</altitudeMode>
				</LookAt>
				<styleUrl>#__managed_style_2DB708773F40DE0EE2B7</styleUrl>
				<Point>
					<altitudeMode>relativeToGround</altitudeMode>
					<coordinates>24.3085632,45.288124,0</coordinates>
				</Point>
			</Placemark>
			<Placemark id="022CEF18A13BC6D801B8">
				<gx:mid>/g/11cnqf4kzb</gx:mid>
				<gx:fid>0x474d182bd1e2a98d:0x1916d1561ffc5898</gx:fid>
				<LookAt>
					<longitude>24.3198468</longitude>
					<latitude>45.2679918</latitude>
					<altitude>0</altitude>
					<heading>0</heading>
					<tilt>0</tilt>
					<gx:fovy>35</gx:fovy>
					<range>717.180651227921</range>
					<altitudeMode>relativeToGround</altitudeMode>
				</LookAt>
				<styleUrl>#__managed_style_2DB708773F40DE0EE2B7</styleUrl>
				<Point>
					<altitudeMode>relativeToGround</altitudeMode>
					<coordinates>24.3198468,45.2679918,0</coordinates>
				</Point>
			</Placemark>
			<Placemark id="0FC5C53EDD3BC6D8D1C1">
				<gx:mid>/g/11fmsfgcq4</gx:mid>
				<gx:fid>0x474d172ff7fc49c5:0xb53af7583154c90e</gx:fid>
				<LookAt>
					<longitude>24.32093189999999</longitude>
					<latitude>45.2603233</latitude>
					<altitude>0</altitude>
					<heading>0</heading>
					<tilt>0</tilt>
					<gx:fovy>35</gx:fovy>
					<range>717.2860112912733</range>
					<altitudeMode>relativeToGround</altitudeMode>
				</LookAt>
				<styleUrl>#__managed_style_2DB708773F40DE0EE2B7</styleUrl>
				<Point>
					<altitudeMode>relativeToGround</altitudeMode>
					<coordinates>24.32066596011623,45.26080201211839,0</coordinates>
				</Point>
			</Placemark>
			<Placemark id="0EB11837AE3BC6D9A920">
				<gx:mid>/g/11btrsljrf</gx:mid>
				<gx:fid>0x474d19d340c2b5f5:0xc66fd3f8e5054b9</gx:fid>
				<LookAt>
					<longitude>24.3159328</longitude>
					<latitude>45.2717567</latitude>
					<altitude>0</altitude>
					<heading>0</heading>
					<tilt>0</tilt>
					<gx:fovy>35</gx:fovy>
					<range>717.1289197435774</range>
					<altitudeMode>relativeToGround</altitudeMode>
				</LookAt>
				<styleUrl>#__managed_style_2DB708773F40DE0EE2B7</styleUrl>
				<Point>
					<altitudeMode>relativeToGround</altitudeMode>
					<coordinates>24.3159328,45.2717567,0</coordinates>
				</Point>
			</Placemark>
			<Placemark id="00EDE05A7F3BC6DAF69C">
				<gx:mid>/g/11v56ns512</gx:mid>
				<gx:fid>0x40b345cc70876adb:0x3cd2dd414f63b541</gx:fid>
				<LookAt>
					<longitude>25.476563</longitude>
					<latitude>45.58940579999999</latitude>
					<altitude>0</altitude>
					<heading>0</heading>
					<tilt>0</tilt>
					<gx:fovy>35</gx:fovy>
					<range>712.7541672351924</range>
					<altitudeMode>relativeToGround</altitudeMode>
				</LookAt>
				<styleUrl>#__managed_style_2DB708773F40DE0EE2B7</styleUrl>
				<Point>
					<altitudeMode>relativeToGround</altitudeMode>
					<coordinates>25.47726477380582,45.58937426647929,0</coordinates>
				</Point>
			</Placemark>
			<Placemark id="0DFAEED6B03BC6DB339C">
				<gx:mid>/g/11bwl0cytf</gx:mid>
				<gx:fid>0x40b345af5f63bf79:0x710495c8ec314b00</gx:fid>
				<LookAt>
					<longitude>25.4740635</longitude>
					<latitude>45.5914742</latitude>
					<altitude>0</altitude>
					<heading>0</heading>
					<tilt>0</tilt>
					<gx:fovy>35</gx:fovy>
					<range>712.7256154161213</range>
					<altitudeMode>relativeToGround</altitudeMode>
				</LookAt>
				<styleUrl>#__managed_style_18653CD4BA40DE0EE2B7</styleUrl>
				<Point>
					<altitudeMode>relativeToGround</altitudeMode>
					<coordinates>25.4740635,45.5914742,0</coordinates>
				</Point>
			</Placemark>
			<Placemark id="0169EFC1373BC6DF836C">
				<gx:mid>/m/0464hs</gx:mid>
				<gx:fid>0x40b316c1c88584f3:0x20e6490ce9b8f55</gx:fid>
				<LookAt>
					<longitude>25.5490745</longitude>
					<latitude>45.3553494</latitude>
					<altitude>0</altitude>
					<heading>0</heading>
					<tilt>0</tilt>
					<gx:fovy>35</gx:fovy>
					<range>715.9795924399551</range>
					<altitudeMode>relativeToGround</altitudeMode>
				</LookAt>
				<styleUrl>#__managed_style_3D12C360BB40DE0EE2B8</styleUrl>
				<Point>
					<altitudeMode>relativeToGround</altitudeMode>
					<coordinates>25.54489848319502,45.35374041274417,0</coordinates>
				</Point>
			</Placemark>
			<Placemark id="0427D9CABD3BC6DFBD80">
				<gx:mid>/m/05jtj1</gx:mid>
				<gx:fid>0x40b316c0ff689c11:0x16f658b6c61fd74f</gx:fid>
				<LookAt>
					<longitude>25.5533551</longitude>
					<latitude>45.3551902</latitude>
					<altitude>0</altitude>
					<heading>0</heading>
					<tilt>0</tilt>
					<gx:fovy>35</gx:fovy>
					<range>715.9817826189509</range>
					<altitudeMode>relativeToGround</altitudeMode>
				</LookAt>
				<styleUrl>#__managed_style_3D12C360BB40DE0EE2B8</styleUrl>
				<Point>
					<altitudeMode>relativeToGround</altitudeMode>
					<coordinates>25.5533551,45.3551902,0</coordinates>
				</Point>
			</Placemark>
			<Placemark id="0C584858143BC6DFECEF">
				<gx:mid>/g/1211q_js</gx:mid>
				<gx:fid>0x40b3170040809645:0xe89bc5399e56ed49</gx:fid>
				<LookAt>
					<longitude>25.5362566</longitude>
					<latitude>45.3613457</latitude>
					<altitude>0</altitude>
					<heading>0</heading>
					<tilt>0</tilt>
					<gx:fovy>35</gx:fovy>
					<range>715.8970952522927</range>
					<altitudeMode>relativeToGround</altitudeMode>
				</LookAt>
				<styleUrl>#__managed_style_0F11DE7E6940DE0EE2C6</styleUrl>
				<Point>
					<altitudeMode>relativeToGround</altitudeMode>
					<coordinates>25.53628059999999,45.3612364,0</coordinates>
				</Point>
			</Placemark>
			<Placemark id="0055549AE93BC6E01D54">
				<gx:mid>/m/026mvd</gx:mid>
				<gx:fid>0x40b316ecd2e0556d:0x9a6e63a594f3d5ad</gx:fid>
				<LookAt>
					<longitude>25.5426423</longitude>
					<latitude>45.3599816</latitude>
					<altitude>0</altitude>
					<heading>0</heading>
					<tilt>0</tilt>
					<gx:fovy>35</gx:fovy>
					<range>715.9158631868571</range>
					<altitudeMode>relativeToGround</altitudeMode>
				</LookAt>
				<styleUrl>#__managed_style_3D12C360BB40DE0EE2B8</styleUrl>
				<Point>
					<altitudeMode>relativeToGround</altitudeMode>
					<coordinates>25.5426423,45.3599816,0</coordinates>
				</Point>
			</Placemark>
			<Placemark id="0C7639F4793BC6E03CC8">
				<gx:mid>/m/0bh79_</gx:mid>
				<gx:fid>0x40b317d0cb43af89:0x2662e4d9d1c8a0b2</gx:fid>
				<LookAt>
					<longitude>25.5392442</longitude>
					<latitude>45.3605009</latitude>
					<altitude>0</altitude>
					<heading>0</heading>
					<tilt>0</tilt>
					<gx:fovy>35</gx:fovy>
					<range>715.9087184546844</range>
					<altitudeMode>relativeToGround</altitudeMode>
				</LookAt>
				<styleUrl>#__managed_style_22BA21B38F40DE0EE2BC</styleUrl>
				<Point>
					<altitudeMode>relativeToGround</altitudeMode>
					<coordinates>25.5392442,45.3605009,0</coordinates>
				</Point>
			</Placemark>
			<Placemark id="0BE742E9E73BC6E0C088">
				<name>אזור ארמונות ומבנים מיוחדים מאוד</name>
				<LookAt>
					<longitude>25.54036877037107</longitude>
					<latitude>45.35957959933618</latitude>
					<altitude>921.6788262993035</altitude>
					<heading>355.9726724994824</heading>
					<tilt>0</tilt>
					<gx:fovy>35</gx:fovy>
					<range>1398.875665423111</range>
					<altitudeMode>absolute</altitudeMode>
				</LookAt>
				<styleUrl>#__managed_style_4CAD8360CB40DE0EE2C0</styleUrl>
				<Point>
					<coordinates>25.53966247474215,45.35964386998035,925.7501460940193</coordinates>
				</Point>
			</Placemark>
			<Placemark id="0C9CE7E0B23BC6E28BB7">
				<gx:mid>/g/11h7dg152s</gx:mid>
				<gx:fid>0x40b316f808c32357:0x7b85cfb6a140b879</gx:fid>
				<LookAt>
					<longitude>25.5180421</longitude>
					<latitude>45.3551496</latitude>
					<altitude>0</altitude>
					<heading>0</heading>
					<tilt>0</tilt>
					<gx:fovy>35</gx:fovy>
					<range>715.9823411688209</range>
					<altitudeMode>relativeToGround</altitudeMode>
				</LookAt>
				<styleUrl>#__managed_style_065E9C9EA040DE0EE2B8</styleUrl>
				<Point>
					<altitudeMode>relativeToGround</altitudeMode>
					<coordinates>25.5180421,45.3551496,0</coordinates>
				</Point>
			</Placemark>
			<Placemark id="00B58A33C83BC6E2F3E0">
				<gx:mid>/g/11yhrl3cz_</gx:mid>
				<gx:fid>0x40b31700708c361d:0xecd237377bcbdb1d</gx:fid>
				<LookAt>
					<longitude>25.4944614</longitude>
					<latitude>45.36320689999999</latitude>
					<altitude>0</altitude>
					<heading>0</heading>
					<tilt>0</tilt>
					<gx:fovy>35</gx:fovy>
					<range>715.8714873857913</range>
					<altitudeMode>relativeToGround</altitudeMode>
				</LookAt>
				<styleUrl>#__managed_style_065E9C9EA040DE0EE2B8</styleUrl>
				<Point>
					<altitudeMode>relativeToGround</altitudeMode>
					<coordinates>25.4944614,45.36320689999999,0</coordinates>
				</Point>
			</Placemark>
			<Placemark id="0DA3DAEB4E3BC6E3B690">
				<gx:mid>/g/11qnjz_pxh</gx:mid>
				<gx:fid>0x40b33d8e0e5c9249:0x53eaebb61f248f55</gx:fid>
				<LookAt>
					<longitude>25.4650138</longitude>
					<latitude>45.3716772</latitude>
					<altitude>0</altitude>
					<heading>0</heading>
					<tilt>0</tilt>
					<gx:fovy>35</gx:fovy>
					<range>715.7549376122329</range>
					<altitudeMode>relativeToGround</altitudeMode>
				</LookAt>
				<styleUrl>#__managed_style_18653CD4BA40DE0EE2B7</styleUrl>
				<Point>
					<altitudeMode>relativeToGround</altitudeMode>
					<coordinates>25.46033131769653,45.36397720190369,0</coordinates>
				</Point>
			</Placemark>
			<Placemark id="04B33A4E3D2E735FB7A1">
				<name>רחוב מרכזי</name>
				<LookAt>
					<longitude>25.59481191217118</longitude>
					<latitude>45.64441840709854</latitude>
					<altitude>576.5617678381033</altitude>
					<heading>262.7687693708029</heading>
					<tilt>0</tilt>
					<gx:fovy>35</gx:fovy>
					<range>274.0953001183152</range>
					<altitudeMode>absolute</altitudeMode>
				</LookAt>
				<styleUrl>#__managed_style_2FCFE6945940DE0EE2C0</styleUrl>
				<LineString>
					<coordinates>
						25.59004738948366,45.64215167979597,0 25.59518547899703,45.64456371379821,0 
					</coordinates>
				</LineString>
			</Placemark>
			<Placemark id="066A341BAD2E73612B0C">
				<name>נקודת תצפית</name>
				<LookAt>
					<longitude>25.59307287981844</longitude>
					<latitude>45.63447247188976</latitude>
					<altitude>942.8333690970062</altitude>
					<heading>182.8050192185203</heading>
					<tilt>0</tilt>
					<gx:fovy>35</gx:fovy>
					<range>228.610304366739</range>
					<altitudeMode>absolute</altitudeMode>
				</LookAt>
				<styleUrl>#__managed_style_63CE7B9AF940DE0EE2B8</styleUrl>
				<Point>
					<coordinates>25.59324092655391,45.63464936203842,933.527499509647</coordinates>
				</Point>
			</Placemark>
			<Placemark id="099C64323B2E73618173">
				<name>עלייה עם רכבל למסלולי הליכה ותצפית </name>
				<LookAt>
					<longitude>25.59679837169723</longitude>
					<latitude>45.63549820011698</latitude>
					<altitude>953.6928493541827</altitude>
					<heading>148.560562158439</heading>
					<tilt>0.2696246201506826</tilt>
					<gx:fovy>35</gx:fovy>
					<range>202.9640357215613</range>
					<altitudeMode>absolute</altitudeMode>
				</LookAt>
				<styleUrl>#__managed_style_63CE7B9AF940DE0EE2B8</styleUrl>
				<Point>
					<coordinates>25.59699577566081,45.63559034597657,952.7858315539672</coordinates>
				</Point>
			</Placemark>
			<Placemark id="0871A470CF2E7362B6B5">
				<name>כיכר מרכזית</name>
				<LookAt>
					<longitude>25.58899102629154</longitude>
					<latitude>45.64205767984526</latitude>
					<altitude>584.7023936769543</altitude>
					<heading>146.2267880671722</heading>
					<tilt>0.4297585472175735</tilt>
					<gx:fovy>35</gx:fovy>
					<range>541.7782392425579</range>
					<altitudeMode>absolute</altitudeMode>
				</LookAt>
				<styleUrl>#__managed_style_63CE7B9AF940DE0EE2B8</styleUrl>
				<Point>
					<coordinates>25.58900116820674,45.64211089988272,585.2868066371882</coordinates>
				</Point>
			</Placemark>
			<Placemark id="02D31F4FDD2E7366702F">
				<name> תצפית</name>
				<LookAt>
					<longitude>25.58656039995122</longitude>
					<latitude>45.64292560004414</latitude>
					<altitude>646.9468636919122</altitude>
					<heading>194.2626054589453</heading>
					<tilt>0</tilt>
					<gx:fovy>35</gx:fovy>
					<range>500.0206881976192</range>
					<altitudeMode>absolute</altitudeMode>
				</LookAt>
				<styleUrl>#__managed_style_63CE7B9AF940DE0EE2B8</styleUrl>
				<Point>
					<coordinates>25.5865765103693,45.64294575826982,647.725327893352</coordinates>
				</Point>
			</Placemark>
			<Placemark id="0B6C662E862E736C660D">
				<name>כיכר מרכזית</name>
				<LookAt>
					<longitude>24.15203990007899</longitude>
					<latitude>45.79669079991944</latitude>
					<altitude>422.2841192455887</altitude>
					<heading>239.9240000150502</heading>
					<tilt>0</tilt>
					<gx:fovy>35</gx:fovy>
					<range>500.0108608954906</range>
					<altitudeMode>absolute</altitudeMode>
				</LookAt>
				<styleUrl>#__managed_style_63CE7B9AF940DE0EE2B8</styleUrl>
				<Point>
					<coordinates>24.15175822711448,45.79665274364272,422.5277075810026</coordinates>
				</Point>
			</Placemark>
			<Placemark id="08F07965362E736D1B78">
				<name>רחוב מרכזי</name>
				<LookAt>
					<longitude>24.15156795281177</longitude>
					<latitude>45.79610584516681</latitude>
					<altitude>422.8035133055683</altitude>
					<heading>344.4808757960332</heading>
					<tilt>0</tilt>
					<gx:fovy>35</gx:fovy>
					<range>410.8543311214453</range>
					<altitudeMode>absolute</altitudeMode>
				</LookAt>
				<styleUrl>#__managed_style_2FCFE6945940DE0EE2C0</styleUrl>
				<LineString>
					<coordinates>
						24.14901731152856,45.79299807344049,0 24.1498932886454,45.79371584806947,0 24.15039033533301,45.79462447402926,0 24.15064190009402,45.79538943824966,0 24.151303539678,45.79594840137108,0 
					</coordinates>
				</LineString>
			</Placemark>
			<Placemark id="02D774452C2E736DDB43">
				<name>כיכר מרכזית מיוחדת</name>
				<snippet></snippet>
				<LookAt>
					<longitude>24.15156482831936</longitude>
					<latitude>45.79813743079177</latitude>
					<altitude>420.8724355710826</altitude>
					<heading>-21.89744360839203</heading>
					<tilt>0.1096586327655798</tilt>
					<gx:fovy>35</gx:fovy>
					<range>332.9015747467201</range>
					<altitudeMode>absolute</altitudeMode>
				</LookAt>
				<styleUrl>#__managed_style_63CE7B9AF940DE0EE2B8</styleUrl>
				<Point>
					<coordinates>24.15149833035441,45.79810496631368,423.3875894944603</coordinates>
				</Point>
			</Placemark>
			<Placemark id="07A149AA302E7371EFFB">
				<name>כיכר מרכזית </name>
				<LookAt>
					<longitude>24.79254038131117</longitude>
					<latitude>46.21999026412699</latitude>
					<altitude>376.7116105487408</altitude>
					<heading>6.127336142070959</heading>
					<tilt>0</tilt>
					<gx:fovy>35</gx:fovy>
					<range>500.0383495283313</range>
					<altitudeMode>absolute</altitudeMode>
				</LookAt>
				<styleUrl>#__managed_style_63CE7B9AF940DE0EE2B8</styleUrl>
				<Point>
					<coordinates>24.79252918757667,46.21999867660345,377.3239712601016</coordinates>
				</Point>
			</Placemark>
			<Placemark id="0A233227FD2E7372B03A">
				<name>נקודת תצפית</name>
				<LookAt>
					<longitude>24.79576297939265</longitude>
					<latitude>46.22128994981493</latitude>
					<altitude>341.4938091589288</altitude>
					<heading>49.67224500751299</heading>
					<tilt>0</tilt>
					<gx:fovy>35</gx:fovy>
					<range>546.1932937894017</range>
					<altitudeMode>absolute</altitudeMode>
				</LookAt>
				<styleUrl>#__managed_style_1D7346FBDE40DE0EE2C1</styleUrl>
				<Point>
					<coordinates>24.79493193077849,46.22166771272892,349.5746706635263</coordinates>
				</Point>
			</Placemark>
			<Placemark id="05B7289E1D2E7374A773">
				<name> תצפית</name>
				<LookAt>
					<longitude>24.79419570255001</longitude>
					<latitude>46.21988238583699</latitude>
					<altitude>375.6794603183877</altitude>
					<heading>17.39791314063539</heading>
					<tilt>0</tilt>
					<gx:fovy>35</gx:fovy>
					<range>261.8518259669145</range>
					<altitudeMode>absolute</altitudeMode>
				</LookAt>
				<styleUrl>#__managed_style_1D7346FBDE40DE0EE2C1</styleUrl>
				<Point>
					<coordinates>24.7939227368252,46.22002089291991,375.6468771137648</coordinates>
				</Point>
			</Placemark>
			<Placemark id="0A442513DD2E73764682">
				<name>כיכר מרכזית </name>
				<LookAt>
					<longitude>23.58978137438717</longitude>
					<latitude>46.76967577153467</latitude>
					<altitude>344.4758808855144</altitude>
					<heading>319.4487942821696</heading>
					<tilt>0</tilt>
					<gx:fovy>35</gx:fovy>
					<range>804.1152882520691</range>
					<altitudeMode>absolute</altitudeMode>
				</LookAt>
				<styleUrl>#__managed_style_63CE7B9AF940DE0EE2B8</styleUrl>
				<Point>
					<coordinates>23.58992800198014,46.76950693045494,345.7115436326174</coordinates>
				</Point>
			</Placemark>
			<Placemark id="0A51E34A332E737EF1EB">
				<name>כיכר מרכזית</name>
				<LookAt>
					<longitude>21.92838306845175</longitude>
					<latitude>47.05436742070367</latitude>
					<altitude>124.8495796054757</altitude>
					<heading>199.7756513599458</heading>
					<tilt>0</tilt>
					<gx:fovy>35</gx:fovy>
					<range>832.0287201338215</range>
					<altitudeMode>absolute</altitudeMode>
				</LookAt>
				<styleUrl>#__managed_style_63CE7B9AF940DE0EE2B8</styleUrl>
				<Point>
					<coordinates>21.92881755648436,47.05478015013443,125.4299187750423</coordinates>
				</Point>
			</Placemark>
			<Placemark id="04E789B2DB2E7388D9AD">
				<name>רחוב מרכזי</name>
				<LookAt>
					<longitude>21.22509123809444</longitude>
					<latitude>45.75291215657492</latitude>
					<altitude>87.63538062344502</altitude>
					<heading>302.9465351415013</heading>
					<tilt>0</tilt>
					<gx:fovy>35</gx:fovy>
					<range>688.5297127696687</range>
					<altitudeMode>absolute</altitudeMode>
				</LookAt>
				<styleUrl>#__managed_style_2FCFE6945940DE0EE2C0</styleUrl>
				<LineString>
					<coordinates>
						21.22564927999943,45.75354047162811,0 21.22455186398003,45.75140899082908,0 
					</coordinates>
				</LineString>
			</Placemark>
			<Placemark id="0F7B8D794B2EAAD3C334">
				<name>Salina Slanic - מכרות מלח </name>
				<LookAt>
					<longitude>25.94092118945327</longitude>
					<latitude>45.23594422051799</latitude>
					<altitude>398.9776174646853</altitude>
					<heading>347.4537531910491</heading>
					<tilt>0</tilt>
					<gx:fovy>35</gx:fovy>
					<range>461.9776255812758</range>
					<altitudeMode>absolute</altitudeMode>
				</LookAt>
				<styleUrl>#__managed_style_63CE7B9AF940DE0EE2B8</styleUrl>
				<Point>
					<coordinates>25.94086364075379,45.23596933720211,399.2859719332706</coordinates>
				</Point>
			</Placemark>
			<Placemark id="0DE9E49DCE318A36D6BE">
				<name>כיכר מרכזית בשכונה יפהייפיה</name>
				<LookAt>
					<longitude>26.36900510657971</longitude>
					<latitude>46.93302214834461</latitude>
					<altitude>327.1951420475522</altitude>
					<heading>355.3404751397881</heading>
					<tilt>0</tilt>
					<gx:fovy>84.2658991499019</gx:fovy>
					<range>312.2033990784621</range>
					<altitudeMode>absolute</altitudeMode>
				</LookAt>
				<styleUrl>#__managed_style_63CE7B9AF940DE0EE2B8</styleUrl>
				<Point>
					<coordinates>26.3688152598896,46.93323265565331,327.3126488633146</coordinates>
				</Point>
			</Placemark>
			<Placemark id="0CB7BFF0D232C6673DFC">
				<name>רחוב מרכזי</name>
				<LookAt>
					<longitude>21.93571857462268</longitude>
					<latitude>47.0594899624702</latitude>
					<altitude>127.5859146756197</altitude>
					<heading>0</heading>
					<tilt>0</tilt>
					<gx:fovy>84.42009391412782</gx:fovy>
					<range>337.1770769678187</range>
					<altitudeMode>absolute</altitudeMode>
				</LookAt>
				<styleUrl>#__managed_style_2FCFE6945940DE0EE2C0</styleUrl>
				<LineString>
					<coordinates>
						21.93124477083499,47.05659279502088,0 21.93219355836689,47.05745431979572,0 21.93470190348005,47.05885396956738,0 21.93652870011229,47.05988945680052,0 
					</coordinates>
				</LineString>
			</Placemark>
			<Placemark id="012B743E3434CD472617">
				<name>The Fortress-on-Straja</name>
				<gx:mid>/g/1yfp3js4t</gx:mid>
				<gx:fid>0x40b35b77f1d5fa25:0x3a9b5328fa8d7e42</gx:fid>
				<LookAt>
					<longitude>25.5916897</longitude>
					<latitude>45.64927790000001</latitude>
					<altitude>0</altitude>
					<heading>0</heading>
					<tilt>0</tilt>
					<gx:fovy>35</gx:fovy>
					<range>711.9273635703256</range>
					<altitudeMode>relativeToGround</altitudeMode>
				</LookAt>
				<styleUrl>#__managed_style_2DB708773F40DE0EE2B7</styleUrl>
				<Point>
					<altitudeMode>relativeToGround</altitudeMode>
					<coordinates>25.5916897,45.64927789999999,0</coordinates>
				</Point>
			</Placemark>
			<Placemark id="0FBD5C0C6A34CD496162">
				<name>רחוב מרכזי</name>
				<LookAt>
					<longitude>25.59176489439167</longitude>
					<latitude>45.64286283413566</latitude>
					<altitude>580.0573359908616</altitude>
					<heading>18.55501790919439</heading>
					<tilt>0</tilt>
					<gx:fovy>57.07258885957798</gx:fovy>
					<range>260.9007563547857</range>
					<altitudeMode>absolute</altitudeMode>
				</LookAt>
				<styleUrl>#__managed_style_2FCFE6945940DE0EE2C0</styleUrl>
				<LineString>
					<coordinates>
						25.59167110025919,45.64288625707385,0 25.59105644305487,45.64346318510416,0 25.59031862934615,45.64392381605862,0 25.58959645879577,45.64426145878861,0 
					</coordinates>
				</LineString>
			</Placemark>
			<Placemark id="0968EF2B1234CD4EA7C6">
				<name>Cetatea Râșnov</name>
				<gx:mid>/g/11syrg756f</gx:mid>
				<gx:fid>0x40b3450c103ff9d1:0x865c9981854d0e88</gx:fid>
				<LookAt>
					<longitude>25.4688494</longitude>
					<latitude>45.5905484</latitude>
					<altitude>0</altitude>
					<heading>0</heading>
					<tilt>0</tilt>
					<gx:fovy>35</gx:fovy>
					<range>712.7383950956839</range>
					<altitudeMode>relativeToGround</altitudeMode>
				</LookAt>
				<styleUrl>#__managed_style_05457487DD40DE0EE2C3</styleUrl>
				<Point>
					<altitudeMode>relativeToGround</altitudeMode>
					<coordinates>25.4688494,45.5905484,0</coordinates>
				</Point>
			</Placemark>
			<Placemark id="09F4B5BDE034EBFC4756">
				<name>רכבל</name>
				<LookAt>
					<longitude>25.56428570852141</longitude>
					<latitude>45.56756429648042</latitude>
					<altitude>1756.310954328221</altitude>
					<heading>353.7851507562976</heading>
					<tilt>0</tilt>
					<gx:fovy>83.97404296764986</gx:fovy>
					<range>172.2305969145054</range>
					<altitudeMode>absolute</altitudeMode>
				</LookAt>
				<styleUrl>#__managed_style_08373E66A740DE0EE2C4</styleUrl>
				<Point>
					<coordinates>25.56489455229319,45.56754478502754,1758.359185169666</coordinates>
				</Point>
			</Placemark>
			<Placemark id="021C30BAE034EBFD2A56">
				<name>&quot;Postăvaru&quot; Peak</name>
				<gx:mid>/g/1tnmq6mf</gx:mid>
				<gx:fid>0x40b343a2539765e1:0x917f092e1ac6e7b9</gx:fid>
				<LookAt>
					<longitude>25.5677001</longitude>
					<latitude>45.5688764</latitude>
					<altitude>0</altitude>
					<heading>0</heading>
					<tilt>0</tilt>
					<gx:fovy>35</gx:fovy>
					<range>713.0375057352298</range>
					<altitudeMode>relativeToGround</altitudeMode>
				</LookAt>
				<styleUrl>#__managed_style_18653CD4BA40DE0EE2B7</styleUrl>
				<Point>
					<altitudeMode>relativeToGround</altitudeMode>
					<coordinates>25.5677001,45.56887639999999,0</coordinates>
				</Point>
			</Placemark>
			<Placemark id="04556C714834EBFE112D">
				<name>telegondolă Postăvarul</name>
				<gx:mid>/g/11s5_dl17d</gx:mid>
				<gx:fid>0x40b34336be34fdd9:0x95533135ef739cb9</gx:fid>
				<LookAt>
					<longitude>25.5511616</longitude>
					<latitude>45.5874192</latitude>
					<altitude>0</altitude>
					<heading>0</heading>
					<tilt>0</tilt>
					<gx:fovy>35</gx:fovy>
					<range>712.7815891098631</range>
					<altitudeMode>relativeToGround</altitudeMode>
				</LookAt>
				<styleUrl>#__managed_style_11A4FA0EBC40DE0EE2C3</styleUrl>
				<Point>
					<altitudeMode>relativeToGround</altitudeMode>
					<coordinates>25.5512693,45.587445,0</coordinates>
				</Point>
			</Placemark>
			<Placemark id="035803B85D3AF5D7AFE3">
				<gx:mid>/g/1yh7_vfsn</gx:mid>
				<gx:fid>0x474ca179cf91571d:0x2b97cb31cca4b2df</gx:fid>
				<LookAt>
					<longitude>24.9737964</longitude>
					<latitude>45.84525350000001</latitude>
					<altitude>0</altitude>
					<heading>0</heading>
					<tilt>0</tilt>
					<gx:fovy>35</gx:fovy>
					<range>709.2161256526202</range>
					<altitudeMode>relativeToGround</altitudeMode>
				</LookAt>
				<styleUrl>#__managed_style_1A4B20ADB540DE0EE2BB</styleUrl>
				<Point>
					<altitudeMode>relativeToGround</altitudeMode>
					<coordinates>24.9737964,45.8452535,0</coordinates>
				</Point>
			</Placemark>
			<Placemark id="0E79ACC1553AF5DB51F3">
				<gx:mid>/m/02gmy7</gx:mid>
				<gx:fid>0x40b347e5a415de31:0xcf922792d921ab7f</gx:fid>
				<LookAt>
					<longitude>25.3671637</longitude>
					<latitude>45.51490219999999</latitude>
					<altitude>0</altitude>
					<heading>0</heading>
					<tilt>0</tilt>
					<gx:fovy>35</gx:fovy>
					<range>713.7820401199856</range>
					<altitudeMode>relativeToGround</altitudeMode>
				</LookAt>
				<styleUrl>#__managed_style_0CBDA3B33C40DE0EE2BE</styleUrl>
				<Point>
					<altitudeMode>relativeToGround</altitudeMode>
					<coordinates>25.3671637,45.51490219999999,0</coordinates>
				</Point>
			</Placemark>
			<Placemark id="06A62A5F9F3AF5DCB83B">
				<gx:mid>/g/11gdvlcn1x</gx:mid>
				<gx:fid>0x474bb649c23dc16f:0xb7c6ee2ea48d5671</gx:fid>
				<LookAt>
					<longitude>24.5674955</longitude>
					<latitude>46.54648900000001</latitude>
					<altitude>0</altitude>
					<heading>0</heading>
					<tilt>0</tilt>
					<gx:fovy>35</gx:fovy>
					<range>699.4538105624323</range>
					<altitudeMode>relativeToGround</altitudeMode>
				</LookAt>
				<styleUrl>#__managed_style_3D12C360BB40DE0EE2B8</styleUrl>
				<Point>
					<altitudeMode>relativeToGround</altitudeMode>
					<coordinates>24.56678233031176,46.54706573150857,0</coordinates>
				</Point>
			</Placemark>
			<Placemark id="0F1AED1FB43BC70BD4B3">
				<gx:mid>/g/11f3jc6tw2</gx:mid>
				<gx:fid>0x474e9aceb66a1fab:0x170362309e380e58</gx:fid>
				<LookAt>
					<longitude>23.1956407</longitude>
					<latitude>45.83761940000001</latitude>
					<altitude>0</altitude>
					<heading>0</heading>
					<tilt>0</tilt>
					<gx:fovy>35</gx:fovy>
					<range>709.321880654839</range>
					<altitudeMode>relativeToGround</altitudeMode>
				</LookAt>
				<styleUrl>#__managed_style_2DB708773F40DE0EE2B7</styleUrl>
				<Point>
					<altitudeMode>relativeToGround</altitudeMode>
					<coordinates>23.19584757710308,45.83710079528172,0</coordinates>
				</Point>
			</Placemark>
			<Placemark id="0E2608CA823BC70D5D7F">
				<gx:mid>/m/010hkl3d</gx:mid>
				<gx:fid>0x474b69e46c3e3319:0x87e22a4cf7624cec</gx:fid>
				<LookAt>
					<longitude>25.0884298</longitude>
					<latitude>46.054915</latitude>
					<altitude>0</altitude>
					<heading>0</heading>
					<tilt>0</tilt>
					<gx:fovy>35</gx:fovy>
					<range>706.307256672785</range>
					<altitudeMode>relativeToGround</altitudeMode>
				</LookAt>
				<styleUrl>#__managed_style_2DB708773F40DE0EE2B7</styleUrl>
				<Point>
					<altitudeMode>relativeToGround</altitudeMode>
					<coordinates>25.0884298,46.054915,0</coordinates>
				</Point>
			</Placemark>
			<Placemark id="0BC6EEA7873BC70DF50B">
				<gx:mid>/m/010gn9mq</gx:mid>
				<gx:fid>0x474b846503477fb9:0xe6b28dcc585a333</gx:fid>
				<LookAt>
					<longitude>24.5213353</longitude>
					<latitude>46.1351814</latitude>
					<altitude>0</altitude>
					<heading>0</heading>
					<tilt>0</tilt>
					<gx:fovy>35</gx:fovy>
					<range>705.1913736029691</range>
					<altitudeMode>relativeToGround</altitudeMode>
				</LookAt>
				<styleUrl>#__managed_style_34FC874BA840DE0EE2C4</styleUrl>
				<Point>
					<altitudeMode>relativeToGround</altitudeMode>
					<coordinates>24.5213353,46.1351814,0</coordinates>
				</Point>
			</Placemark>
			<Placemark id="06D16389133BC70E8F10">
				<gx:mid>/g/11vqlcm6r5</gx:mid>
				<gx:fid>0x474b850001e05b55:0x69bbe97bdd98c639</gx:fid>
				<LookAt>
					<longitude>24.520615</longitude>
					<latitude>46.1364311</latitude>
					<altitude>0</altitude>
					<heading>0</heading>
					<tilt>0</tilt>
					<gx:fovy>35</gx:fovy>
					<range>705.1739901181833</range>
					<altitudeMode>relativeToGround</altitudeMode>
				</LookAt>
				<styleUrl>#__managed_style_2DB708773F40DE0EE2B7</styleUrl>
				<Point>
					<altitudeMode>relativeToGround</altitudeMode>
					<coordinates>24.52084777726166,46.13631539800203,0</coordinates>
				</Point>
			</Placemark>
			<Placemark id="0E0CBC36733BC7102BEF">
				<gx:mid>/m/06z1zm</gx:mid>
				<gx:fid>0x474e8a8efc2a74cb:0x2cec7ae8ba35e916</gx:fid>
				<LookAt>
					<longitude>22.8882866</longitude>
					<latitude>45.7493634</latitude>
					<altitude>0</altitude>
					<heading>0</heading>
					<tilt>0</tilt>
					<gx:fovy>35</gx:fovy>
					<range>710.5436626702641</range>
					<altitudeMode>relativeToGround</altitudeMode>
				</LookAt>
				<styleUrl>#__managed_style_05457487DD40DE0EE2C3</styleUrl>
				<Point>
					<altitudeMode>relativeToGround</altitudeMode>
					<coordinates>22.88830901024422,45.7491408665215,0</coordinates>
				</Point>
			</Placemark>
			<Placemark id="0BE0414F883BC711C2B0">
				<gx:mid>/g/11bwcn61kg</gx:mid>
				<gx:fid>0x474cae8b314d58ab:0xf07bbe60989a41f8</gx:fid>
				<LookAt>
					<longitude>25.1665686</longitude>
					<latitude>45.7560622</latitude>
					<altitude>0</altitude>
					<heading>0</heading>
					<tilt>0</tilt>
					<gx:fovy>35</gx:fovy>
					<range>710.4509804556427</range>
					<altitudeMode>relativeToGround</altitudeMode>
				</LookAt>
				<styleUrl>#__managed_style_2DB708773F40DE0EE2B7</styleUrl>
				<Point>
					<altitudeMode>relativeToGround</altitudeMode>
					<coordinates>25.1665686,45.7560622,0</coordinates>
				</Point>
			</Placemark>
			<Placemark id="095940C98E3BC712DA64">
				<gx:mid>/g/11ddyt23wr</gx:mid>
				<gx:fid>0x40b349e1a7c826f3:0x493ad2c6fcf5a64a</gx:fid>
				<LookAt>
					<longitude>25.2698157</longitude>
					<latitude>45.52528969999999</latitude>
					<altitude>0</altitude>
					<heading>0</heading>
					<tilt>0</tilt>
					<gx:fovy>35</gx:fovy>
					<range>713.6387967873429</range>
					<altitudeMode>relativeToGround</altitudeMode>
				</LookAt>
				<styleUrl>#__managed_style_2DB708773F40DE0EE2B7</styleUrl>
				<Point>
					<altitudeMode>relativeToGround</altitudeMode>
					<coordinates>25.2698157,45.52528969999999,0</coordinates>
				</Point>
			</Placemark>
			<Placemark id="06A697B6903BC7133A5C">
				<gx:mid>/g/121wccmy</gx:mid>
				<gx:fid>0x4735641d6f49e1cb:0xe6298282307b94</gx:fid>
				<LookAt>
					<longitude>25.9611887</longitude>
					<latitude>47.0910939</latitude>
					<altitude>0</altitude>
					<heading>0</heading>
					<tilt>0</tilt>
					<gx:fovy>35</gx:fovy>
					<range>691.8072547212066</range>
					<altitudeMode>relativeToGround</altitudeMode>
				</LookAt>
				<styleUrl>#__managed_style_18653CD4BA40DE0EE2B7</styleUrl>
				<Point>
					<altitudeMode>relativeToGround</altitudeMode>
					<coordinates>25.9611887,47.0910939,0</coordinates>
				</Point>
			</Placemark>
			<Placemark id="0DC8CD95EF3BC713D216">
				<gx:mid>/m/02w5wym</gx:mid>
				<gx:fid>0x40b3828e1128a905:0xd0243892be7dcb09</gx:fid>
				<LookAt>
					<longitude>26.1347821</longitude>
					<latitude>45.50909515</latitude>
					<altitude>0</altitude>
					<heading>0</heading>
					<tilt>0</tilt>
					<gx:fovy>35</gx:fovy>
					<range>713.862109908664</range>
					<altitudeMode>relativeToGround</altitudeMode>
				</LookAt>
				<styleUrl>#__managed_style_2C365E5EE740DE0EE2BE</styleUrl>
				<Point>
					<altitudeMode>relativeToGround</altitudeMode>
					<coordinates>26.1348211,45.5092274,0</coordinates>
				</Point>
			</Placemark>
			<Placemark id="0269FE579D3BC71F4910">
				<gx:mid>/g/1tfgc07q</gx:mid>
				<gx:fid>0x4751819dd4dd0be5:0x7d576155b05cd684</gx:fid>
				<LookAt>
					<longitude>22.2936515</longitude>
					<latitude>44.6374433</latitude>
					<altitude>0</altitude>
					<heading>0</heading>
					<tilt>0</tilt>
					<gx:fovy>35</gx:fovy>
					<range>725.8047001361472</range>
					<altitudeMode>relativeToGround</altitudeMode>
				</LookAt>
				<styleUrl>#__managed_style_2DB708773F40DE0EE2B7</styleUrl>
				<Point>
					<altitudeMode>relativeToGround</altitudeMode>
					<coordinates>22.2936515,44.6374433,0</coordinates>
				</Point>
			</Placemark>
			<Placemark id="0BBBB4B8863BC71F8CA7">
				<gx:mid>/g/11g9m6cps6</gx:mid>
				<gx:fid>0x4751818cb1c9ad3f:0x1f7499515e338be0</gx:fid>
				<LookAt>
					<longitude>22.2686885</longitude>
					<latitude>44.6257855</latitude>
					<altitude>0</altitude>
					<heading>0</heading>
					<tilt>0</tilt>
					<gx:fovy>35</gx:fovy>
					<range>725.9633911671555</range>
					<altitudeMode>relativeToGround</altitudeMode>
				</LookAt>
				<styleUrl>#__managed_style_18653CD4BA40DE0EE2B7</styleUrl>
				<Point>
					<altitudeMode>relativeToGround</altitudeMode>
					<coordinates>22.2686885,44.6257855,0</coordinates>
				</Point>
			</Placemark>
			<Placemark id="0D1FF68DDF3BC73684D9">
				<gx:mid>/m/0b0hvx</gx:mid>
				<gx:fid>0x40cafb9dd3dc26e5:0x7c3f11cb6e24a003</gx:fid>
				<LookAt>
					<longitude>27.586461</longitude>
					<latitude>47.15743510000001</latitude>
					<altitude>0</altitude>
					<heading>0</heading>
					<tilt>0</tilt>
					<gx:fovy>35</gx:fovy>
					<range>690.871972822398</range>
					<altitudeMode>relativeToGround</altitudeMode>
				</LookAt>
				<styleUrl>#__managed_style_3D12C360BB40DE0EE2B8</styleUrl>
				<Point>
					<altitudeMode>relativeToGround</altitudeMode>
					<coordinates>27.58688984000325,47.15731033505395,0</coordinates>
				</Point>
			</Placemark>
			<Placemark id="0E403849EF3BC738C081">
				<gx:mid>/g/1hhw2cj0j</gx:mid>
				<gx:fid>0x474c6796dcc21dc9:0x4348cc9a933989f8</gx:fid>
				<LookAt>
					<longitude>24.1520141</longitude>
					<latitude>45.7984304</latitude>
					<altitude>0</altitude>
					<heading>0</heading>
					<tilt>0</tilt>
					<gx:fovy>35</gx:fovy>
					<range>709.864585872971</range>
					<altitudeMode>relativeToGround</altitudeMode>
				</LookAt>
				<styleUrl>#__managed_style_18653CD4BA40DE0EE2B7</styleUrl>
				<Point>
					<altitudeMode>relativeToGround</altitudeMode>
					<coordinates>24.1520141,45.7984304,0</coordinates>
				</Point>
			</Placemark>
			<Placemark id="037B2D21F53BC7394E50">
				<gx:mid>/m/04k5tv</gx:mid>
				<gx:fid>0x47518177cbd28831:0xf2f2ea79503a6cf0</gx:fid>
				<LookAt>
					<longitude>22.2911629</longitude>
					<latitude>44.6411682</latitude>
					<altitude>0</altitude>
					<heading>0</heading>
					<tilt>0</tilt>
					<gx:fovy>35</gx:fovy>
					<range>725.753989378452</range>
					<altitudeMode>relativeToGround</altitudeMode>
				</LookAt>
				<styleUrl>#__managed_style_049027D08B40DE0EE2BF</styleUrl>
				<Point>
					<altitudeMode>relativeToGround</altitudeMode>
					<coordinates>22.2911629,44.6411682,0</coordinates>
				</Point>
			</Placemark>
			<Placemark id="094C2C1D293BC739B809">
				<gx:mid>/m/0c3bsh</gx:mid>
				<gx:fid>0x40b3a6679a036e37:0x956ab487c3c80944</gx:fid>
				<LookAt>
					<longitude>25.9418803</longitude>
					<latitude>45.2357909</latitude>
					<altitude>0</altitude>
					<heading>0</heading>
					<tilt>0</tilt>
					<gx:fovy>35</gx:fovy>
					<range>717.6229915775259</range>
					<altitudeMode>relativeToGround</altitudeMode>
				</LookAt>
				<styleUrl>#__managed_style_2DB708773F40DE0EE2B7</styleUrl>
				<Point>
					<altitudeMode>relativeToGround</altitudeMode>
					<coordinates>25.94188029999999,45.2357909,0</coordinates>
				</Point>
			</Placemark>
			<Placemark id="0D6FC0F8083BC739F0FE">
				<gx:mid>/g/1td526kj</gx:mid>
				<gx:fid>0x474567815348acd3:0xdc0671b924c137a7</gx:fid>
				<LookAt>
					<longitude>21.2253015</longitude>
					<latitude>45.7601963</latitude>
					<altitude>0</altitude>
					<heading>0</heading>
					<tilt>0</tilt>
					<gx:fovy>35</gx:fovy>
					<range>710.3937781382297</range>
					<altitudeMode>relativeToGround</altitudeMode>
				</LookAt>
				<styleUrl>#__managed_style_0E677A5FFA40DE0EE2B7</styleUrl>
				<Point>
					<altitudeMode>relativeToGround</altitudeMode>
					<coordinates>21.2253015,45.7601963,0</coordinates>
				</Point>
			</Placemark>
			<Placemark id="036935C3B63BC73A64D7">
				<gx:mid>/g/120n2ygt</gx:mid>
				<gx:fid>0x47455d7f71789aa7:0x19f3e8a4676ef6e9</gx:fid>
				<LookAt>
					<longitude>21.2257158</longitude>
					<latitude>45.7536718</latitude>
					<altitude>0</altitude>
					<heading>0</heading>
					<tilt>0</tilt>
					<gx:fovy>35</gx:fovy>
					<range>710.4840541872894</range>
					<altitudeMode>relativeToGround</altitudeMode>
				</LookAt>
				<styleUrl>#__managed_style_2DB708773F40DE0EE2B7</styleUrl>
				<Point>
					<altitudeMode>relativeToGround</altitudeMode>
					<coordinates>21.2257158,45.7536718,0</coordinates>
				</Point>
			</Placemark>
			<Placemark id="00189F7C6D3BC73A8B74">
				<gx:mid>/m/05cwh2</gx:mid>
				<gx:fid>0x47455d78ad1df08b:0xa6d770774ae8d8f0</gx:fid>
				<LookAt>
					<longitude>21.2243018</longitude>
					<latitude>45.75087509999999</latitude>
					<altitude>0</altitude>
					<heading>0</heading>
					<tilt>0</tilt>
					<gx:fovy>35</gx:fovy>
					<range>710.5227480936112</range>
					<altitudeMode>relativeToGround</altitudeMode>
				</LookAt>
				<styleUrl>#__managed_style_3D12C360BB40DE0EE2B8</styleUrl>
				<Point>
					<altitudeMode>relativeToGround</altitudeMode>
					<coordinates>21.2243018,45.75087509999999,0</coordinates>
				</Point>
			</Placemark>
			<Placemark id="0E4969A2943BC73AEC56">
				<gx:mid>/g/1215cnb2</gx:mid>
				<gx:fid>0x47455d7eccbbdb61:0x45c1be8c95511d2e</gx:fid>
				<LookAt>
					<longitude>21.2202136</longitude>
					<latitude>45.7512769</latitude>
					<altitude>0</altitude>
					<heading>0</heading>
					<tilt>0</tilt>
					<gx:fovy>35</gx:fovy>
					<range>710.5171890603463</range>
					<altitudeMode>relativeToGround</altitudeMode>
				</LookAt>
				<styleUrl>#__managed_style_0E677A5FFA40DE0EE2B7</styleUrl>
				<Point>
					<altitudeMode>relativeToGround</altitudeMode>
					<coordinates>21.22076083267469,45.7512371082,0</coordinates>
				</Point>
			</Placemark>
			<Placemark id="0E1E28AD4F3BC73B2654">
				<gx:mid>/g/12qhdhq3k</gx:mid>
				<gx:fid>0x474567800c5418bf:0x794760bf38047b35</gx:fid>
				<LookAt>
					<longitude>21.22733509999999</longitude>
					<latitude>45.7555068</latitude>
					<altitude>0</altitude>
					<heading>0</heading>
					<tilt>0</tilt>
					<gx:fovy>35</gx:fovy>
					<range>710.4586651062536</range>
					<altitudeMode>relativeToGround</altitudeMode>
				</LookAt>
				<styleUrl>#__managed_style_2DB708773F40DE0EE2B7</styleUrl>
				<Point>
					<altitudeMode>relativeToGround</altitudeMode>
					<coordinates>21.2273351,45.7555068,0</coordinates>
				</Point>
			</Placemark>
			<Placemark id="05AC0CADCC3BC73B5DAC">
				<gx:mid>/g/120jwslb</gx:mid>
				<gx:fid>0x47456781c61f0309:0x2eeab00d1d7e7be2</gx:fid>
				<LookAt>
					<longitude>21.2289772</longitude>
					<latitude>45.7579461</latitude>
					<altitude>0</altitude>
					<heading>0</heading>
					<tilt>0</tilt>
					<gx:fovy>35</gx:fovy>
					<range>710.4249139038034</range>
					<altitudeMode>relativeToGround</altitudeMode>
				</LookAt>
				<styleUrl>#__managed_style_2DB708773F40DE0EE2B7</styleUrl>
				<Point>
					<altitudeMode>relativeToGround</altitudeMode>
					<coordinates>21.2289772,45.7579461,0</coordinates>
				</Point>
			</Placemark>
			<Placemark id="0646905B7E3BC73B9D50">
				<gx:mid>/g/11c50qgty9</gx:mid>
				<gx:fid>0x474647fb35a4bd35:0x24042c500f0bf3d</gx:fid>
				<LookAt>
					<longitude>21.9522242</longitude>
					<latitude>47.0529476</latitude>
					<altitude>0</altitude>
					<heading>0</heading>
					<tilt>0</tilt>
					<gx:fovy>35</gx:fovy>
					<range>692.344670361938</range>
					<altitudeMode>relativeToGround</altitudeMode>
				</LookAt>
				<styleUrl>#__managed_style_2DB708773F40DE0EE2B7</styleUrl>
				<Point>
					<altitudeMode>relativeToGround</altitudeMode>
					<coordinates>21.9522242,47.05294759999999,0</coordinates>
				</Point>
			</Placemark>
			<Placemark id="055C12E52C3BC73BE4A4">
				<gx:mid>/g/122hcyq4</gx:mid>
				<gx:fid>0x474647fdd1d0cb97:0xe815ee9591e28cfe</gx:fid>
				<LookAt>
					<longitude>21.950785</longitude>
					<latitude>47.0584111</latitude>
					<altitude>0</altitude>
					<heading>0</heading>
					<tilt>0</tilt>
					<gx:fovy>35</gx:fovy>
					<range>692.2677157894722</range>
					<altitudeMode>relativeToGround</altitudeMode>
				</LookAt>
				<styleUrl>#__managed_style_18653CD4BA40DE0EE2B7</styleUrl>
				<Point>
					<altitudeMode>relativeToGround</altitudeMode>
					<coordinates>21.95028670242955,47.05835929599024,0</coordinates>
				</Point>
			</Placemark>
			<Placemark id="094817BFD03BC73C1B76">
				<gx:mid>/g/11fjbpqc0b</gx:mid>
				<gx:fid>0x474647197a1394ed:0xc7a4efa2e67fb71f</gx:fid>
				<LookAt>
					<longitude>21.9422534</longitude>
					<latitude>47.0517052</latitude>
					<altitude>0</altitude>
					<heading>0</heading>
					<tilt>0</tilt>
					<gx:fovy>35</gx:fovy>
					<range>692.3621690522393</range>
					<altitudeMode>relativeToGround</altitudeMode>
				</LookAt>
				<styleUrl>#__managed_style_382814279B40DE0EE2C0</styleUrl>
				<Point>
					<altitudeMode>relativeToGround</altitudeMode>
					<coordinates>21.9422534,47.0517052,0</coordinates>
				</Point>
			</Placemark>
			<Placemark id="0A69265B4F3BC73C660E">
				<gx:mid>/m/023z3z</gx:mid>
				<gx:fid>0x47490c2b1c6d97a5:0x6279ecb283e1e140</gx:fid>
				<LookAt>
					<longitude>23.5884695</longitude>
					<latitude>46.76248509999999</latitude>
					<altitude>0</altitude>
					<heading>0</heading>
					<tilt>0</tilt>
					<gx:fovy>35</gx:fovy>
					<range>696.4278146097113</range>
					<altitudeMode>relativeToGround</altitudeMode>
				</LookAt>
				<styleUrl>#__managed_style_0E677A5FFA40DE0EE2B7</styleUrl>
				<Point>
					<altitudeMode>relativeToGround</altitudeMode>
					<coordinates>23.5884695,46.7624851,0</coordinates>
				</Point>
			</Placemark>
			<Placemark id="049DF1972F3BC73D3C5F">
				<gx:mid>/g/11vl8mp6zw</gx:mid>
				<gx:fid>0x47490f3086c4ad1b:0xbbc8fd439a01b01d</gx:fid>
				<LookAt>
					<longitude>23.5768506</longitude>
					<latitude>46.7682576</latitude>
					<altitude>0</altitude>
					<heading>0</heading>
					<tilt>0</tilt>
					<gx:fovy>35</gx:fovy>
					<range>696.3468233634215</range>
					<altitudeMode>relativeToGround</altitudeMode>
				</LookAt>
				<styleUrl>#__managed_style_0E677A5FFA40DE0EE2B7</styleUrl>
				<Point>
					<altitudeMode>relativeToGround</altitudeMode>
					<coordinates>23.5768506,46.76825760000001,0</coordinates>
				</Point>
			</Placemark>
		</Folder>
	</Folder>
</Document>
</kml>
