<?xml version="1.0" encoding="UTF-8"?>
<kml xmlns="http://www.opengis.net/kml/2.2" xmlns:gx="http://www.google.com/kml/ext/2.2" xmlns:kml="http://www.opengis.net/kml/2.2" xmlns:atom="http://www.w3.org/2005/Atom">
<Document id="1uznfqEn28SH2g4415DrYS2DVLHw7St5n">
	<name>עודד | ספרד</name>
	<visibility>0</visibility>
	<description>הגעתם לאחת ההמלצות שלנו?
תייגו אותנו ברשתות וספרו לנו איך היה!
oded.the.mapper@gmail.com

odedthemapper.com</description>
	<gx:CascadingStyle kml:id="__managed_style_07BC34A7DF40DE0D9CB9_highlight">
		<Style>
			<IconStyle>
				<scale>1.2</scale>
				<Icon>
					<href>https://earth.google.com/earth/document/icon?color=42a5f5&amp;id=2074&amp;scale=4</href>
				</Icon>
				<hotSpot x="64" y="128" xunits="pixels" yunits="insetPixels"/>
			</IconStyle>
			<LabelStyle>
				<scale>0</scale>
			</LabelStyle>
			<LineStyle>
				<color>ff2dc0fb</color>
				<width>4.8</width>
			</LineStyle>
			<PolyStyle>
				<color>40ffffff</color>
			</PolyStyle>
			<BalloonStyle>
				<gx:displayMode>card</gx:displayMode>
			</BalloonStyle>
		</Style>
	</gx:CascadingStyle>
	<gx:CascadingStyle kml:id="__managed_style_07BC34A7DF40DE0D9CB9_normal">
		<Style>
			<IconStyle>
				<Icon>
					<href>https://earth.google.com/earth/document/icon?color=42a5f5&amp;id=2074&amp;scale=4</href>
				</Icon>
				<hotSpot x="64" y="128" xunits="pixels" yunits="insetPixels"/>
			</IconStyle>
			<LabelStyle>
				<scale>0</scale>
			</LabelStyle>
			<LineStyle>
				<color>ff2dc0fb</color>
				<width>3.2</width>
			</LineStyle>
			<PolyStyle>
				<color>40ffffff</color>
			</PolyStyle>
			<BalloonStyle>
				<gx:displayMode>card</gx:displayMode>
			</BalloonStyle>
		</Style>
	</gx:CascadingStyle>
	<StyleMap id="__managed_style_07BC34A7DF40DE0D9CB9">
		<Pair>
			<key>normal</key>
			<styleUrl>#__managed_style_07BC34A7DF40DE0D9CB9_normal</styleUrl>
		</Pair>
		<Pair>
			<key>highlight</key>
			<styleUrl>#__managed_style_07BC34A7DF40DE0D9CB9_highlight</styleUrl>
		</Pair>
	</StyleMap>
	<gx:CascadingStyle kml:id="__managed_style_144386BD5F40DE0D9CB9_normal">
		<Style>
			<IconStyle>
				<Icon>
					<href>https://earth.google.com/earth/document/icon?color=fbc02d&amp;id=2005&amp;scale=4</href>
				</Icon>
				<hotSpot x="64" y="128" xunits="pixels" yunits="insetPixels"/>
			</IconStyle>
			<LabelStyle>
				<scale>0</scale>
			</LabelStyle>
			<LineStyle>
				<color>ff2dc0fb</color>
				<width>3.2</width>
			</LineStyle>
			<PolyStyle>
				<color>40ffffff</color>
			</PolyStyle>
			<BalloonStyle>
				<gx:displayMode>card</gx:displayMode>
			</BalloonStyle>
		</Style>
	</gx:CascadingStyle>
	<StyleMap id="__managed_style_0BE4FBCE9E40DE0D9CBB">
		<Pair>
			<key>normal</key>
			<styleUrl>#__managed_style_0BE4FBCE9E40DE0D9CBB_normal</styleUrl>
		</Pair>
		<Pair>
			<key>highlight</key>
			<styleUrl>#__managed_style_0BE4FBCE9E40DE0D9CBB_highlight</styleUrl>
		</Pair>
	</StyleMap>
	<gx:CascadingStyle kml:id="__managed_style_09E1EA981C40DE0D9CB7_highlight">
		<Style>
			<IconStyle>
				<scale>1.2</scale>
				<Icon>
					<href>https://earth.google.com/earth/document/icon?color=1976d2&amp;id=2074&amp;scale=4</href>
				</Icon>
				<hotSpot x="64" y="128" xunits="pixels" yunits="insetPixels"/>
			</IconStyle>
			<LabelStyle>
				<scale>0</scale>
			</LabelStyle>
			<LineStyle>
				<color>ff2dc0fb</color>
				<width>4.8</width>
			</LineStyle>
			<PolyStyle>
				<color>40ffffff</color>
			</PolyStyle>
			<BalloonStyle>
				<gx:displayMode>card</gx:displayMode>
			</BalloonStyle>
		</Style>
	</gx:CascadingStyle>
	<gx:CascadingStyle kml:id="__managed_style_09E1EA981C40DE0D9CB7_normal">
		<Style>
			<IconStyle>
				<Icon>
					<href>https://earth.google.com/earth/document/icon?color=1976d2&amp;id=2074&amp;scale=4</href>
				</Icon>
				<hotSpot x="64" y="128" xunits="pixels" yunits="insetPixels"/>
			</IconStyle>
			<LabelStyle>
				<scale>0</scale>
			</LabelStyle>
			<LineStyle>
				<color>ff2dc0fb</color>
				<width>3.2</width>
			</LineStyle>
			<PolyStyle>
				<color>40ffffff</color>
			</PolyStyle>
			<BalloonStyle>
				<gx:displayMode>card</gx:displayMode>
			</BalloonStyle>
		</Style>
	</gx:CascadingStyle>
	<gx:CascadingStyle kml:id="__managed_style_13FA917DDC40DE0D9CD8_highlight">
		<Style>
			<IconStyle>
				<scale>1.2</scale>
				<Icon>
					<href>https://earth.google.com/earth/document/icon?color=7b1fa2&amp;id=2227&amp;scale=4</href>
				</Icon>
				<hotSpot x="64" y="128" xunits="pixels" yunits="insetPixels"/>
			</IconStyle>
			<LabelStyle>
				<scale>0</scale>
			</LabelStyle>
			<LineStyle>
				<color>ff2dc0fb</color>
				<width>4.8</width>
			</LineStyle>
			<PolyStyle>
				<color>40ffffff</color>
			</PolyStyle>
			<BalloonStyle>
				<gx:displayMode>card</gx:displayMode>
			</BalloonStyle>
		</Style>
	</gx:CascadingStyle>
	<StyleMap id="__managed_style_13FA917DDC40DE0D9CD8">
		<Pair>
			<key>normal</key>
			<styleUrl>#__managed_style_13FA917DDC40DE0D9CD8_normal</styleUrl>
		</Pair>
		<Pair>
			<key>highlight</key>
			<styleUrl>#__managed_style_13FA917DDC40DE0D9CD8_highlight</styleUrl>
		</Pair>
	</StyleMap>
	<gx:CascadingStyle kml:id="__managed_style_22452E479840DE0D9CBC_normal">
		<Style>
			<IconStyle>
				<Icon>
					<href>https://earth.google.com/earth/document/icon?color=7b1fa2&amp;id=2156&amp;scale=4</href>
				</Icon>
				<hotSpot x="64" y="128" xunits="pixels" yunits="insetPixels"/>
			</IconStyle>
			<LabelStyle>
				<scale>0</scale>
			</LabelStyle>
			<LineStyle>
				<color>ff2dc0fb</color>
				<width>3.2</width>
			</LineStyle>
			<PolyStyle>
				<color>40ffffff</color>
			</PolyStyle>
			<BalloonStyle>
			</BalloonStyle>
		</Style>
	</gx:CascadingStyle>
	<gx:CascadingStyle kml:id="__managed_style_0BE4FBCE9E40DE0D9CBB_highlight">
		<Style>
			<IconStyle>
				<scale>1.2</scale>
				<Icon>
					<href>https://earth.google.com/earth/document/icon?color=303f9f&amp;id=2074&amp;scale=4</href>
				</Icon>
				<hotSpot x="64" y="128" xunits="pixels" yunits="insetPixels"/>
			</IconStyle>
			<LabelStyle>
				<scale>0</scale>
			</LabelStyle>
			<LineStyle>
				<color>ff2dc0fb</color>
				<width>4.8</width>
			</LineStyle>
			<PolyStyle>
				<color>40ffffff</color>
			</PolyStyle>
			<BalloonStyle>
				<gx:displayMode>card</gx:displayMode>
			</BalloonStyle>
		</Style>
	</gx:CascadingStyle>
	<StyleMap id="__managed_style_22452E479840DE0D9CBC">
		<Pair>
			<key>normal</key>
			<styleUrl>#__managed_style_22452E479840DE0D9CBC_normal</styleUrl>
		</Pair>
		<Pair>
			<key>highlight</key>
			<styleUrl>#__managed_style_22452E479840DE0D9CBC_highlight</styleUrl>
		</Pair>
	</StyleMap>
	<gx:CascadingStyle kml:id="__managed_style_3CF113956140DE0D9CC4_highlight">
		<Style>
			<IconStyle>
				<scale>1.2</scale>
				<Icon>
					<href>https://earth.google.com/earth/document/icon?color=1976d2&amp;id=2000&amp;scale=4</href>
				</Icon>
				<hotSpot x="64" y="128" xunits="pixels" yunits="insetPixels"/>
			</IconStyle>
			<LabelStyle>
				<scale>0</scale>
			</LabelStyle>
			<LineStyle>
				<color>ff3c8e38</color>
				<width>4.8</width>
			</LineStyle>
			<PolyStyle>
				<color>40ffffff</color>
			</PolyStyle>
			<BalloonStyle>
			</BalloonStyle>
		</Style>
	</gx:CascadingStyle>
	<StyleMap id="__managed_style_3CF113956140DE0D9CC4">
		<Pair>
			<key>normal</key>
			<styleUrl>#__managed_style_3CF113956140DE0D9CC4_normal</styleUrl>
		</Pair>
		<Pair>
			<key>highlight</key>
			<styleUrl>#__managed_style_3CF113956140DE0D9CC4_highlight</styleUrl>
		</Pair>
	</StyleMap>
	<gx:CascadingStyle kml:id="__managed_style_0989CEC38140DE0D9CC4_highlight">
		<Style>
			<IconStyle>
				<scale>1.2</scale>
				<Icon>
					<href>https://earth.google.com/earth/document/icon?color=388e3c&amp;id=2385&amp;scale=4</href>
				</Icon>
				<hotSpot x="64" y="128" xunits="pixels" yunits="insetPixels"/>
			</IconStyle>
			<LabelStyle>
				<scale>0</scale>
			</LabelStyle>
			<LineStyle>
				<color>ff2dc0fb</color>
				<width>4.8</width>
			</LineStyle>
			<PolyStyle>
				<color>40ffffff</color>
			</PolyStyle>
			<BalloonStyle>
				<gx:displayMode>card</gx:displayMode>
			</BalloonStyle>
		</Style>
	</gx:CascadingStyle>
	<gx:CascadingStyle kml:id="__managed_style_2792122CC340DE0D9CD4_highlight">
		<Style>
			<IconStyle>
				<scale>1.2</scale>
				<Icon>
					<href>https://earth.google.com/earth/document/icon?color=1976d2&amp;id=2000&amp;scale=4</href>
				</Icon>
				<hotSpot x="64" y="128" xunits="pixels" yunits="insetPixels"/>
			</IconStyle>
			<LabelStyle>
				<scale>0</scale>
			</LabelStyle>
			<LineStyle>
				<color>ffa21f7b</color>
				<width>4.8</width>
			</LineStyle>
			<PolyStyle>
				<color>40a21f7b</color>
			</PolyStyle>
			<BalloonStyle>
			</BalloonStyle>
		</Style>
	</gx:CascadingStyle>
	<StyleMap id="__managed_style_0710A99C7B40DE0D9CC3">
		<Pair>
			<key>normal</key>
			<styleUrl>#__managed_style_0710A99C7B40DE0D9CC3_normal</styleUrl>
		</Pair>
		<Pair>
			<key>highlight</key>
			<styleUrl>#__managed_style_0710A99C7B40DE0D9CC3_highlight</styleUrl>
		</Pair>
	</StyleMap>
	<StyleMap id="__managed_style_1F1A34A30640DE0D9CD4">
		<Pair>
			<key>normal</key>
			<styleUrl>#__managed_style_1F1A34A30640DE0D9CD4_normal</styleUrl>
		</Pair>
		<Pair>
			<key>highlight</key>
			<styleUrl>#__managed_style_1F1A34A30640DE0D9CD4_highlight</styleUrl>
		</Pair>
	</StyleMap>
	<gx:CascadingStyle kml:id="__managed_style_040E69523040DE0D9CB6_highlight">
		<Style>
			<IconStyle>
				<scale>1.2</scale>
				<Icon>
					<href>https://earth.google.com/earth/document/icon?color=7b1fa2&amp;id=2006&amp;scale=4</href>
				</Icon>
				<hotSpot x="64" y="128" xunits="pixels" yunits="insetPixels"/>
			</IconStyle>
			<LabelStyle>
				<scale>0</scale>
			</LabelStyle>
			<LineStyle>
				<color>ff2dc0fb</color>
				<width>4.8</width>
			</LineStyle>
			<PolyStyle>
				<color>40ffffff</color>
			</PolyStyle>
			<BalloonStyle>
			</BalloonStyle>
		</Style>
	</gx:CascadingStyle>
	<gx:CascadingStyle kml:id="__managed_style_040E69523040DE0D9CB6_normal">
		<Style>
			<IconStyle>
				<Icon>
					<href>https://earth.google.com/earth/document/icon?color=7b1fa2&amp;id=2006&amp;scale=4</href>
				</Icon>
				<hotSpot x="64" y="128" xunits="pixels" yunits="insetPixels"/>
			</IconStyle>
			<LabelStyle>
				<scale>0</scale>
			</LabelStyle>
			<LineStyle>
				<color>ff2dc0fb</color>
				<width>3.2</width>
			</LineStyle>
			<PolyStyle>
				<color>40ffffff</color>
			</PolyStyle>
			<BalloonStyle>
			</BalloonStyle>
		</Style>
	</gx:CascadingStyle>
	<gx:CascadingStyle kml:id="__managed_style_030D75C2BA40DE0D9CCF_highlight">
		<Style>
			<IconStyle>
				<scale>1.2</scale>
				<Icon>
					<href>https://earth.google.com/earth/document/icon?color=7b1fa2&amp;id=2070&amp;scale=4</href>
				</Icon>
				<hotSpot x="64" y="128" xunits="pixels" yunits="insetPixels"/>
			</IconStyle>
			<LabelStyle>
				<scale>0</scale>
			</LabelStyle>
			<LineStyle>
				<color>ff2dc0fb</color>
				<width>4.8</width>
			</LineStyle>
			<PolyStyle>
				<color>40ffffff</color>
			</PolyStyle>
			<BalloonStyle>
				<gx:displayMode>card</gx:displayMode>
			</BalloonStyle>
		</Style>
	</gx:CascadingStyle>
	<gx:CascadingStyle kml:id="__managed_style_0BE4FBCE9E40DE0D9CBB_normal">
		<Style>
			<IconStyle>
				<Icon>
					<href>https://earth.google.com/earth/document/icon?color=303f9f&amp;id=2074&amp;scale=4</href>
				</Icon>
				<hotSpot x="64" y="128" xunits="pixels" yunits="insetPixels"/>
			</IconStyle>
			<LabelStyle>
				<scale>0</scale>
			</LabelStyle>
			<LineStyle>
				<color>ff2dc0fb</color>
				<width>3.2</width>
			</LineStyle>
			<PolyStyle>
				<color>40ffffff</color>
			</PolyStyle>
			<BalloonStyle>
				<gx:displayMode>card</gx:displayMode>
			</BalloonStyle>
		</Style>
	</gx:CascadingStyle>
	<gx:CascadingStyle kml:id="__managed_style_030D75C2BA40DE0D9CCF_normal">
		<Style>
			<IconStyle>
				<Icon>
					<href>https://earth.google.com/earth/document/icon?color=7b1fa2&amp;id=2070&amp;scale=4</href>
				</Icon>
				<hotSpot x="64" y="128" xunits="pixels" yunits="insetPixels"/>
			</IconStyle>
			<LabelStyle>
				<scale>0</scale>
			</LabelStyle>
			<LineStyle>
				<color>ff2dc0fb</color>
				<width>3.2</width>
			</LineStyle>
			<PolyStyle>
				<color>40ffffff</color>
			</PolyStyle>
			<BalloonStyle>
				<gx:displayMode>card</gx:displayMode>
			</BalloonStyle>
		</Style>
	</gx:CascadingStyle>
	<gx:CascadingStyle kml:id="__managed_style_0E97152A3F40DE0D9CB8_highlight">
		<Style>
			<IconStyle>
				<scale>1.2</scale>
				<Icon>
					<href>https://earth.google.com/earth/document/icon?color=1976d2&amp;id=2000&amp;scale=4</href>
				</Icon>
				<hotSpot x="64" y="128" xunits="pixels" yunits="insetPixels"/>
			</IconStyle>
			<LabelStyle>
				<scale>0</scale>
			</LabelStyle>
			<LineStyle>
				<color>ffa21f7b</color>
				<width>4.8</width>
			</LineStyle>
			<PolyStyle>
				<color>40ffffff</color>
			</PolyStyle>
			<BalloonStyle>
			</BalloonStyle>
		</Style>
	</gx:CascadingStyle>
	<StyleMap id="__managed_style_0E97152A3F40DE0D9CB8">
		<Pair>
			<key>normal</key>
			<styleUrl>#__managed_style_0E97152A3F40DE0D9CB8_normal</styleUrl>
		</Pair>
		<Pair>
			<key>highlight</key>
			<styleUrl>#__managed_style_0E97152A3F40DE0D9CB8_highlight</styleUrl>
		</Pair>
	</StyleMap>
	<StyleMap id="__managed_style_040E69523040DE0D9CB6">
		<Pair>
			<key>normal</key>
			<styleUrl>#__managed_style_040E69523040DE0D9CB6_normal</styleUrl>
		</Pair>
		<Pair>
			<key>highlight</key>
			<styleUrl>#__managed_style_040E69523040DE0D9CB6_highlight</styleUrl>
		</Pair>
	</StyleMap>
	<StyleMap id="__managed_style_073B1F82D140DE0D9CC9">
		<Pair>
			<key>normal</key>
			<styleUrl>#__managed_style_073B1F82D140DE0D9CC9_normal</styleUrl>
		</Pair>
		<Pair>
			<key>highlight</key>
			<styleUrl>#__managed_style_073B1F82D140DE0D9CC9_highlight</styleUrl>
		</Pair>
	</StyleMap>
	<gx:CascadingStyle kml:id="__managed_style_0DA5A8A9A940DE0D9CC6_highlight">
		<Style>
			<IconStyle>
				<scale>1.2</scale>
				<Icon>
					<href>https://earth.google.com/earth/document/icon?color=1976d2&amp;id=2000&amp;scale=4</href>
				</Icon>
				<hotSpot x="64" y="128" xunits="pixels" yunits="insetPixels"/>
			</IconStyle>
			<LabelStyle>
				<scale>0</scale>
			</LabelStyle>
			<LineStyle>
				<color>ff3c8e38</color>
				<width>4.8</width>
			</LineStyle>
			<PolyStyle>
				<color>40ffffff</color>
			</PolyStyle>
			<BalloonStyle>
			</BalloonStyle>
		</Style>
	</gx:CascadingStyle>
	<gx:CascadingStyle kml:id="__managed_style_2792122CC340DE0D9CD4_normal">
		<Style>
			<IconStyle>
				<Icon>
					<href>https://earth.google.com/earth/document/icon?color=1976d2&amp;id=2000&amp;scale=4</href>
				</Icon>
				<hotSpot x="64" y="128" xunits="pixels" yunits="insetPixels"/>
			</IconStyle>
			<LabelStyle>
				<scale>0</scale>
			</LabelStyle>
			<LineStyle>
				<color>ffa21f7b</color>
				<width>3.2</width>
			</LineStyle>
			<PolyStyle>
				<color>40a21f7b</color>
			</PolyStyle>
			<BalloonStyle>
			</BalloonStyle>
		</Style>
	</gx:CascadingStyle>
	<gx:CascadingStyle kml:id="__managed_style_0DA5A8A9A940DE0D9CC6_normal">
		<Style>
			<IconStyle>
				<Icon>
					<href>https://earth.google.com/earth/document/icon?color=1976d2&amp;id=2000&amp;scale=4</href>
				</Icon>
				<hotSpot x="64" y="128" xunits="pixels" yunits="insetPixels"/>
			</IconStyle>
			<LabelStyle>
				<scale>0</scale>
			</LabelStyle>
			<LineStyle>
				<color>ff3c8e38</color>
				<width>3.2</width>
			</LineStyle>
			<PolyStyle>
				<color>40ffffff</color>
			</PolyStyle>
			<BalloonStyle>
			</BalloonStyle>
		</Style>
	</gx:CascadingStyle>
	<gx:CascadingStyle kml:id="__managed_style_2D38CCB02A40DE0D9CD8_highlight">
		<Style>
			<IconStyle>
				<scale>1.2</scale>
				<Icon>
					<href>https://earth.google.com/earth/document/icon?color=f57c00&amp;id=2034&amp;scale=4</href>
				</Icon>
				<hotSpot x="64" y="128" xunits="pixels" yunits="insetPixels"/>
			</IconStyle>
			<LabelStyle>
				<scale>0</scale>
			</LabelStyle>
			<LineStyle>
				<color>ff2dc0fb</color>
				<width>4.8</width>
			</LineStyle>
			<PolyStyle>
				<color>40ffffff</color>
			</PolyStyle>
			<BalloonStyle>
				<gx:displayMode>card</gx:displayMode>
			</BalloonStyle>
		</Style>
	</gx:CascadingStyle>
	<gx:CascadingStyle kml:id="__managed_style_2D38CCB02A40DE0D9CD8_normal">
		<Style>
			<IconStyle>
				<Icon>
					<href>https://earth.google.com/earth/document/icon?color=f57c00&amp;id=2034&amp;scale=4</href>
				</Icon>
				<hotSpot x="64" y="128" xunits="pixels" yunits="insetPixels"/>
			</IconStyle>
			<LabelStyle>
				<scale>0</scale>
			</LabelStyle>
			<LineStyle>
				<color>ff2dc0fb</color>
				<width>3.2</width>
			</LineStyle>
			<PolyStyle>
				<color>40ffffff</color>
			</PolyStyle>
			<BalloonStyle>
				<gx:displayMode>card</gx:displayMode>
			</BalloonStyle>
		</Style>
	</gx:CascadingStyle>
	<StyleMap id="__managed_style_144386BD5F40DE0D9CB9">
		<Pair>
			<key>normal</key>
			<styleUrl>#__managed_style_144386BD5F40DE0D9CB9_normal</styleUrl>
		</Pair>
		<Pair>
			<key>highlight</key>
			<styleUrl>#__managed_style_144386BD5F40DE0D9CB9_highlight</styleUrl>
		</Pair>
	</StyleMap>
	<StyleMap id="__managed_style_2D38CCB02A40DE0D9CD8">
		<Pair>
			<key>normal</key>
			<styleUrl>#__managed_style_2D38CCB02A40DE0D9CD8_normal</styleUrl>
		</Pair>
		<Pair>
			<key>highlight</key>
			<styleUrl>#__managed_style_2D38CCB02A40DE0D9CD8_highlight</styleUrl>
		</Pair>
	</StyleMap>
	<gx:CascadingStyle kml:id="__managed_style_1C34E88A3440DE0D9CC1_highlight">
		<Style>
			<IconStyle>
				<scale>1.2</scale>
				<Icon>
					<href>https://earth.google.com/earth/document/icon?color=7b1fa2&amp;id=2352&amp;scale=4</href>
				</Icon>
				<hotSpot x="64" y="128" xunits="pixels" yunits="insetPixels"/>
			</IconStyle>
			<LabelStyle>
				<scale>0</scale>
			</LabelStyle>
			<LineStyle>
				<color>ff2dc0fb</color>
				<width>4.8</width>
			</LineStyle>
			<PolyStyle>
				<color>40ffffff</color>
			</PolyStyle>
			<BalloonStyle>
				<gx:displayMode>card</gx:displayMode>
			</BalloonStyle>
		</Style>
	</gx:CascadingStyle>
	<StyleMap id="__managed_style_0DA5A8A9A940DE0D9CC6">
		<Pair>
			<key>normal</key>
			<styleUrl>#__managed_style_0DA5A8A9A940DE0D9CC6_normal</styleUrl>
		</Pair>
		<Pair>
			<key>highlight</key>
			<styleUrl>#__managed_style_0DA5A8A9A940DE0D9CC6_highlight</styleUrl>
		</Pair>
	</StyleMap>
	<gx:CascadingStyle kml:id="__managed_style_1C34E88A3440DE0D9CC1_normal">
		<Style>
			<IconStyle>
				<Icon>
					<href>https://earth.google.com/earth/document/icon?color=7b1fa2&amp;id=2352&amp;scale=4</href>
				</Icon>
				<hotSpot x="64" y="128" xunits="pixels" yunits="insetPixels"/>
			</IconStyle>
			<LabelStyle>
				<scale>0</scale>
			</LabelStyle>
			<LineStyle>
				<color>ff2dc0fb</color>
				<width>3.2</width>
			</LineStyle>
			<PolyStyle>
				<color>40ffffff</color>
			</PolyStyle>
			<BalloonStyle>
				<gx:displayMode>card</gx:displayMode>
			</BalloonStyle>
		</Style>
	</gx:CascadingStyle>
	<StyleMap id="__managed_style_1C34E88A3440DE0D9CC1">
		<Pair>
			<key>normal</key>
			<styleUrl>#__managed_style_1C34E88A3440DE0D9CC1_normal</styleUrl>
		</Pair>
		<Pair>
			<key>highlight</key>
			<styleUrl>#__managed_style_1C34E88A3440DE0D9CC1_highlight</styleUrl>
		</Pair>
	</StyleMap>
	<gx:CascadingStyle kml:id="__managed_style_2FA0EF1BAC40DE0D9CC0_highlight">
		<Style>
			<IconStyle>
				<scale>1.2</scale>
				<Icon>
					<href>https://earth.google.com/earth/document/icon?color=7b1fa2&amp;id=2134&amp;scale=4</href>
				</Icon>
				<hotSpot x="64" y="128" xunits="pixels" yunits="insetPixels"/>
			</IconStyle>
			<LabelStyle>
				<scale>0</scale>
			</LabelStyle>
			<LineStyle>
				<color>ff2dc0fb</color>
				<width>4.8</width>
			</LineStyle>
			<PolyStyle>
				<color>40ffffff</color>
			</PolyStyle>
			<BalloonStyle>
				<gx:displayMode>card</gx:displayMode>
			</BalloonStyle>
		</Style>
	</gx:CascadingStyle>
	<gx:CascadingStyle kml:id="__managed_style_2FA0EF1BAC40DE0D9CC0_normal">
		<Style>
			<IconStyle>
				<Icon>
					<href>https://earth.google.com/earth/document/icon?color=7b1fa2&amp;id=2134&amp;scale=4</href>
				</Icon>
				<hotSpot x="64" y="128" xunits="pixels" yunits="insetPixels"/>
			</IconStyle>
			<LabelStyle>
				<scale>0</scale>
			</LabelStyle>
			<LineStyle>
				<color>ff2dc0fb</color>
				<width>3.2</width>
			</LineStyle>
			<PolyStyle>
				<color>40ffffff</color>
			</PolyStyle>
			<BalloonStyle>
				<gx:displayMode>card</gx:displayMode>
			</BalloonStyle>
		</Style>
	</gx:CascadingStyle>
	<StyleMap id="__managed_style_2FA0EF1BAC40DE0D9CC0">
		<Pair>
			<key>normal</key>
			<styleUrl>#__managed_style_2FA0EF1BAC40DE0D9CC0_normal</styleUrl>
		</Pair>
		<Pair>
			<key>highlight</key>
			<styleUrl>#__managed_style_2FA0EF1BAC40DE0D9CC0_highlight</styleUrl>
		</Pair>
	</StyleMap>
	<gx:CascadingStyle kml:id="__managed_style_13FA917DDC40DE0D9CD8_normal">
		<Style>
			<IconStyle>
				<Icon>
					<href>https://earth.google.com/earth/document/icon?color=7b1fa2&amp;id=2227&amp;scale=4</href>
				</Icon>
				<hotSpot x="64" y="128" xunits="pixels" yunits="insetPixels"/>
			</IconStyle>
			<LabelStyle>
				<scale>0</scale>
			</LabelStyle>
			<LineStyle>
				<color>ff2dc0fb</color>
				<width>3.2</width>
			</LineStyle>
			<PolyStyle>
				<color>40ffffff</color>
			</PolyStyle>
			<BalloonStyle>
				<gx:displayMode>card</gx:displayMode>
			</BalloonStyle>
		</Style>
	</gx:CascadingStyle>
	<gx:CascadingStyle kml:id="__managed_style_33A66D2EAC40DE0D9CB8_highlight">
		<Style>
			<IconStyle>
				<scale>1.2</scale>
				<Icon>
					<href>https://earth.google.com/earth/document/icon?color=7b1fa2&amp;id=2050&amp;scale=4</href>
				</Icon>
				<hotSpot x="64" y="128" xunits="pixels" yunits="insetPixels"/>
			</IconStyle>
			<LabelStyle>
				<scale>0</scale>
			</LabelStyle>
			<LineStyle>
				<color>ff2dc0fb</color>
				<width>4.8</width>
			</LineStyle>
			<PolyStyle>
				<color>40ffffff</color>
			</PolyStyle>
			<BalloonStyle>
				<gx:displayMode>card</gx:displayMode>
			</BalloonStyle>
		</Style>
	</gx:CascadingStyle>
	<gx:CascadingStyle kml:id="__managed_style_33A66D2EAC40DE0D9CB8_normal">
		<Style>
			<IconStyle>
				<Icon>
					<href>https://earth.google.com/earth/document/icon?color=7b1fa2&amp;id=2050&amp;scale=4</href>
				</Icon>
				<hotSpot x="64" y="128" xunits="pixels" yunits="insetPixels"/>
			</IconStyle>
			<LabelStyle>
				<scale>0</scale>
			</LabelStyle>
			<LineStyle>
				<color>ff2dc0fb</color>
				<width>3.2</width>
			</LineStyle>
			<PolyStyle>
				<color>40ffffff</color>
			</PolyStyle>
			<BalloonStyle>
				<gx:displayMode>card</gx:displayMode>
			</BalloonStyle>
		</Style>
	</gx:CascadingStyle>
	<gx:CascadingStyle kml:id="__managed_style_0E97152A3F40DE0D9CB8_normal">
		<Style>
			<IconStyle>
				<Icon>
					<href>https://earth.google.com/earth/document/icon?color=1976d2&amp;id=2000&amp;scale=4</href>
				</Icon>
				<hotSpot x="64" y="128" xunits="pixels" yunits="insetPixels"/>
			</IconStyle>
			<LabelStyle>
				<scale>0</scale>
			</LabelStyle>
			<LineStyle>
				<color>ffa21f7b</color>
				<width>3.2</width>
			</LineStyle>
			<PolyStyle>
				<color>40ffffff</color>
			</PolyStyle>
			<BalloonStyle>
			</BalloonStyle>
		</Style>
	</gx:CascadingStyle>
	<StyleMap id="__managed_style_33A66D2EAC40DE0D9CB8">
		<Pair>
			<key>normal</key>
			<styleUrl>#__managed_style_33A66D2EAC40DE0D9CB8_normal</styleUrl>
		</Pair>
		<Pair>
			<key>highlight</key>
			<styleUrl>#__managed_style_33A66D2EAC40DE0D9CB8_highlight</styleUrl>
		</Pair>
	</StyleMap>
	<gx:CascadingStyle kml:id="__managed_style_3491C69C2240DE0D9CC0_highlight">
		<Style>
			<IconStyle>
				<scale>1.2</scale>
				<Icon>
					<href>https://earth.google.com/earth/document/icon?color=7b1fa2&amp;id=2016&amp;scale=4</href>
				</Icon>
				<hotSpot x="64" y="128" xunits="pixels" yunits="insetPixels"/>
			</IconStyle>
			<LabelStyle>
				<scale>0</scale>
			</LabelStyle>
			<LineStyle>
				<color>ff2dc0fb</color>
				<width>4.8</width>
			</LineStyle>
			<PolyStyle>
				<color>40ffffff</color>
			</PolyStyle>
			<BalloonStyle>
				<gx:displayMode>card</gx:displayMode>
			</BalloonStyle>
		</Style>
	</gx:CascadingStyle>
	<gx:CascadingStyle kml:id="__managed_style_3491C69C2240DE0D9CC0_normal">
		<Style>
			<IconStyle>
				<Icon>
					<href>https://earth.google.com/earth/document/icon?color=7b1fa2&amp;id=2016&amp;scale=4</href>
				</Icon>
				<hotSpot x="64" y="128" xunits="pixels" yunits="insetPixels"/>
			</IconStyle>
			<LabelStyle>
				<scale>0</scale>
			</LabelStyle>
			<LineStyle>
				<color>ff2dc0fb</color>
				<width>3.2</width>
			</LineStyle>
			<PolyStyle>
				<color>40ffffff</color>
			</PolyStyle>
			<BalloonStyle>
				<gx:displayMode>card</gx:displayMode>
			</BalloonStyle>
		</Style>
	</gx:CascadingStyle>
	<StyleMap id="__managed_style_0E8CD8E8F240DE0D9CD7">
		<Pair>
			<key>normal</key>
			<styleUrl>#__managed_style_0E8CD8E8F240DE0D9CD7_normal</styleUrl>
		</Pair>
		<Pair>
			<key>highlight</key>
			<styleUrl>#__managed_style_0E8CD8E8F240DE0D9CD7_highlight</styleUrl>
		</Pair>
	</StyleMap>
	<gx:CascadingStyle kml:id="__managed_style_19DB7DDF4C40DE0D9CC0_highlight">
		<Style>
			<IconStyle>
				<scale>1.2</scale>
				<Icon>
					<href>https://earth.google.com/earth/document/icon?color=7b1fa2&amp;id=2156&amp;scale=4</href>
				</Icon>
				<hotSpot x="64" y="128" xunits="pixels" yunits="insetPixels"/>
			</IconStyle>
			<LabelStyle>
				<scale>0</scale>
			</LabelStyle>
			<LineStyle>
				<color>ff2dc0fb</color>
				<width>4.8</width>
			</LineStyle>
			<PolyStyle>
				<color>40ffffff</color>
			</PolyStyle>
			<BalloonStyle>
			</BalloonStyle>
		</Style>
	</gx:CascadingStyle>
	<StyleMap id="__managed_style_19DB7DDF4C40DE0D9CC0">
		<Pair>
			<key>normal</key>
			<styleUrl>#__managed_style_19DB7DDF4C40DE0D9CC0_normal</styleUrl>
		</Pair>
		<Pair>
			<key>highlight</key>
			<styleUrl>#__managed_style_19DB7DDF4C40DE0D9CC0_highlight</styleUrl>
		</Pair>
	</StyleMap>
	<gx:CascadingStyle kml:id="__managed_style_00B155F0DE40DE0D9CCE_highlight">
		<Style>
			<IconStyle>
				<scale>1.2</scale>
				<Icon>
					<href>https://earth.google.com/earth/document/icon?color=6805a1&amp;id=2006&amp;scale=4</href>
				</Icon>
				<hotSpot x="64" y="128" xunits="pixels" yunits="insetPixels"/>
			</IconStyle>
			<LabelStyle>
				<scale>0</scale>
			</LabelStyle>
			<LineStyle>
				<color>ff2dc0fb</color>
				<width>4.8</width>
			</LineStyle>
			<PolyStyle>
				<color>40ffffff</color>
			</PolyStyle>
			<BalloonStyle>
				<gx:displayMode>card</gx:displayMode>
			</BalloonStyle>
		</Style>
	</gx:CascadingStyle>
	<StyleMap id="__managed_style_00B155F0DE40DE0D9CCE">
		<Pair>
			<key>normal</key>
			<styleUrl>#__managed_style_00B155F0DE40DE0D9CCE_normal</styleUrl>
		</Pair>
		<Pair>
			<key>highlight</key>
			<styleUrl>#__managed_style_00B155F0DE40DE0D9CCE_highlight</styleUrl>
		</Pair>
	</StyleMap>
	<gx:CascadingStyle kml:id="__managed_style_1A4EDAFDF340DE0D9CBE_highlight">
		<Style>
			<IconStyle>
				<scale>1.2</scale>
				<Icon>
					<href>https://earth.google.com/earth/document/icon?color=7b1fa2&amp;id=2006&amp;scale=4</href>
				</Icon>
				<hotSpot x="64" y="128" xunits="pixels" yunits="insetPixels"/>
			</IconStyle>
			<LabelStyle>
				<scale>0</scale>
			</LabelStyle>
			<LineStyle>
				<color>ff2dc0fb</color>
				<width>4.8</width>
			</LineStyle>
			<PolyStyle>
				<color>40ffffff</color>
			</PolyStyle>
			<BalloonStyle>
			</BalloonStyle>
		</Style>
	</gx:CascadingStyle>
	<StyleMap id="__managed_style_1A4EDAFDF340DE0D9CBE">
		<Pair>
			<key>normal</key>
			<styleUrl>#__managed_style_1A4EDAFDF340DE0D9CBE_normal</styleUrl>
		</Pair>
		<Pair>
			<key>highlight</key>
			<styleUrl>#__managed_style_1A4EDAFDF340DE0D9CBE_highlight</styleUrl>
		</Pair>
	</StyleMap>
	<StyleMap id="__managed_style_2792122CC340DE0D9CD4">
		<Pair>
			<key>normal</key>
			<styleUrl>#__managed_style_2792122CC340DE0D9CD4_normal</styleUrl>
		</Pair>
		<Pair>
			<key>highlight</key>
			<styleUrl>#__managed_style_2792122CC340DE0D9CD4_highlight</styleUrl>
		</Pair>
	</StyleMap>
	<gx:CascadingStyle kml:id="__managed_style_1F1A34A30640DE0D9CD4_normal">
		<Style>
			<IconStyle>
				<Icon>
					<href>https://earth.google.com/earth/document/icon?color=7b1fa2&amp;id=2282&amp;scale=4</href>
				</Icon>
				<hotSpot x="64" y="128" xunits="pixels" yunits="insetPixels"/>
			</IconStyle>
			<LabelStyle>
				<scale>0</scale>
			</LabelStyle>
			<LineStyle>
				<color>ff2dc0fb</color>
				<width>3.2</width>
			</LineStyle>
			<PolyStyle>
				<color>40ffffff</color>
			</PolyStyle>
			<BalloonStyle>
				<gx:displayMode>card</gx:displayMode>
			</BalloonStyle>
		</Style>
	</gx:CascadingStyle>
	<gx:CascadingStyle kml:id="__managed_style_00B155F0DE40DE0D9CCE_normal">
		<Style>
			<IconStyle>
				<Icon>
					<href>https://earth.google.com/earth/document/icon?color=6805a1&amp;id=2006&amp;scale=4</href>
				</Icon>
				<hotSpot x="64" y="128" xunits="pixels" yunits="insetPixels"/>
			</IconStyle>
			<LabelStyle>
				<scale>0</scale>
			</LabelStyle>
			<LineStyle>
				<color>ff2dc0fb</color>
				<width>3.2</width>
			</LineStyle>
			<PolyStyle>
				<color>40ffffff</color>
			</PolyStyle>
			<BalloonStyle>
				<gx:displayMode>card</gx:displayMode>
			</BalloonStyle>
		</Style>
	</gx:CascadingStyle>
	<gx:CascadingStyle kml:id="__managed_style_3EA7CF16D140DE0D9CBC_highlight">
		<Style>
			<IconStyle>
				<scale>1.2</scale>
				<Icon>
					<href>https://earth.google.com/earth/document/icon?color=7b1fa2&amp;id=2011&amp;scale=4</href>
				</Icon>
				<hotSpot x="64" y="128" xunits="pixels" yunits="insetPixels"/>
			</IconStyle>
			<LabelStyle>
				<scale>0</scale>
			</LabelStyle>
			<LineStyle>
				<color>ff2dc0fb</color>
				<width>4.8</width>
			</LineStyle>
			<PolyStyle>
				<color>40ffffff</color>
			</PolyStyle>
			<BalloonStyle>
				<gx:displayMode>card</gx:displayMode>
			</BalloonStyle>
		</Style>
	</gx:CascadingStyle>
	<StyleMap id="__managed_style_160241877E40DE0D9CC7">
		<Pair>
			<key>normal</key>
			<styleUrl>#__managed_style_160241877E40DE0D9CC7_normal</styleUrl>
		</Pair>
		<Pair>
			<key>highlight</key>
			<styleUrl>#__managed_style_160241877E40DE0D9CC7_highlight</styleUrl>
		</Pair>
	</StyleMap>
	<StyleMap id="__managed_style_2E4ABD2DE240DE0D9CB8">
		<Pair>
			<key>normal</key>
			<styleUrl>#__managed_style_2E4ABD2DE240DE0D9CB8_normal</styleUrl>
		</Pair>
		<Pair>
			<key>highlight</key>
			<styleUrl>#__managed_style_2E4ABD2DE240DE0D9CB8_highlight</styleUrl>
		</Pair>
	</StyleMap>
	<StyleMap id="__managed_style_1DA25EAB0040DE0D9CD3">
		<Pair>
			<key>normal</key>
			<styleUrl>#__managed_style_1DA25EAB0040DE0D9CD3_normal</styleUrl>
		</Pair>
		<Pair>
			<key>highlight</key>
			<styleUrl>#__managed_style_1DA25EAB0040DE0D9CD3_highlight</styleUrl>
		</Pair>
	</StyleMap>
	<StyleMap id="__managed_style_1F58907B1B40DE0D9CBF">
		<Pair>
			<key>normal</key>
			<styleUrl>#__managed_style_1F58907B1B40DE0D9CBF_normal</styleUrl>
		</Pair>
		<Pair>
			<key>highlight</key>
			<styleUrl>#__managed_style_1F58907B1B40DE0D9CBF_highlight</styleUrl>
		</Pair>
	</StyleMap>
	<StyleMap id="__managed_style_1F00F1C52540DE0D9CB4">
		<Pair>
			<key>normal</key>
			<styleUrl>#__managed_style_1F00F1C52540DE0D9CB4_normal</styleUrl>
		</Pair>
		<Pair>
			<key>highlight</key>
			<styleUrl>#__managed_style_1F00F1C52540DE0D9CB4_highlight</styleUrl>
		</Pair>
	</StyleMap>
	<gx:CascadingStyle kml:id="__managed_style_025C613FF340DE0D9CCC_highlight">
		<Style>
			<IconStyle>
				<scale>1.2</scale>
				<Icon>
					<href>https://earth.google.com/earth/document/icon?color=1976d2&amp;id=2000&amp;scale=4</href>
				</Icon>
				<hotSpot x="64" y="128" xunits="pixels" yunits="insetPixels"/>
			</IconStyle>
			<LabelStyle>
				<scale>0</scale>
			</LabelStyle>
			<LineStyle>
				<color>ffbc47ab</color>
				<width>4.8</width>
			</LineStyle>
			<PolyStyle>
				<color>40ffffff</color>
			</PolyStyle>
			<BalloonStyle>
			</BalloonStyle>
		</Style>
	</gx:CascadingStyle>
	<gx:CascadingStyle kml:id="__managed_style_23FD2B742240DE0D9CC4_normal">
		<Style>
			<IconStyle>
				<scale>1.5</scale>
				<Icon>
					<href>https://earth.google.com/earth/document/icon?color=7b1fa2&amp;id=2163&amp;scale=4</href>
				</Icon>
				<hotSpot x="64" y="128" xunits="pixels" yunits="insetPixels"/>
			</IconStyle>
			<LabelStyle>
				<scale>0</scale>
			</LabelStyle>
			<LineStyle>
				<color>ff2dc0fb</color>
				<width>3.2</width>
			</LineStyle>
			<PolyStyle>
				<color>40ffffff</color>
			</PolyStyle>
			<BalloonStyle>
				<gx:displayMode>card</gx:displayMode>
			</BalloonStyle>
		</Style>
	</gx:CascadingStyle>
	<gx:CascadingStyle kml:id="__managed_style_0462EC68B040DE0D9CB4_normal">
		<Style>
			<IconStyle>
				<Icon>
					<href>https://earth.google.com/earth/document/icon?color=303f9f&amp;id=2034&amp;scale=4</href>
				</Icon>
				<hotSpot x="64" y="128" xunits="pixels" yunits="insetPixels"/>
			</IconStyle>
			<LabelStyle>
				<scale>0</scale>
			</LabelStyle>
			<LineStyle>
				<color>ff2dc0fb</color>
				<width>3.2</width>
			</LineStyle>
			<PolyStyle>
				<color>40ffffff</color>
			</PolyStyle>
			<BalloonStyle>
				<gx:displayMode>card</gx:displayMode>
			</BalloonStyle>
		</Style>
	</gx:CascadingStyle>
	<StyleMap id="__managed_style_030D75C2BA40DE0D9CCF">
		<Pair>
			<key>normal</key>
			<styleUrl>#__managed_style_030D75C2BA40DE0D9CCF_normal</styleUrl>
		</Pair>
		<Pair>
			<key>highlight</key>
			<styleUrl>#__managed_style_030D75C2BA40DE0D9CCF_highlight</styleUrl>
		</Pair>
	</StyleMap>
	<gx:CascadingStyle kml:id="__managed_style_0D3879962B40DE0D9CC7_normal">
		<Style>
			<IconStyle>
				<Icon>
					<href>https://earth.google.com/earth/document/icon?color=1976d2&amp;id=2000&amp;scale=4</href>
				</Icon>
				<hotSpot x="64" y="128" xunits="pixels" yunits="insetPixels"/>
			</IconStyle>
			<LabelStyle>
				<scale>0</scale>
			</LabelStyle>
			<LineStyle>
				<color>ffa21f7b</color>
				<width>6.4</width>
			</LineStyle>
			<PolyStyle>
				<color>40ffffff</color>
			</PolyStyle>
			<BalloonStyle>
			</BalloonStyle>
		</Style>
	</gx:CascadingStyle>
	<gx:CascadingStyle kml:id="__managed_style_16528C8C7A40DE0D9CB7_normal">
		<Style>
			<IconStyle>
				<Icon>
					<href>https://earth.google.com/earth/document/icon?color=7b1fa2&amp;id=2163&amp;scale=4</href>
				</Icon>
				<hotSpot x="64" y="128" xunits="pixels" yunits="insetPixels"/>
			</IconStyle>
			<LabelStyle>
				<scale>0</scale>
			</LabelStyle>
			<LineStyle>
				<color>ff2dc0fb</color>
				<width>3.2</width>
			</LineStyle>
			<PolyStyle>
				<color>40ffffff</color>
			</PolyStyle>
			<BalloonStyle>
				<gx:displayMode>card</gx:displayMode>
			</BalloonStyle>
		</Style>
	</gx:CascadingStyle>
	<gx:CascadingStyle kml:id="__managed_style_0ABE0706C340DE0D9CD8_normal">
		<Style>
			<IconStyle>
				<Icon>
					<href>https://earth.google.com/earth/document/icon?color=1976d2&amp;id=2000&amp;scale=4</href>
				</Icon>
				<hotSpot x="64" y="128" xunits="pixels" yunits="insetPixels"/>
			</IconStyle>
			<LabelStyle>
				<scale>0</scale>
			</LabelStyle>
			<LineStyle>
				<color>ff9f3f30</color>
				<width>3.2</width>
			</LineStyle>
			<PolyStyle>
				<color>40ffffff</color>
			</PolyStyle>
			<BalloonStyle>
			</BalloonStyle>
		</Style>
	</gx:CascadingStyle>
	<StyleMap id="__managed_style_0462EC68B040DE0D9CB4">
		<Pair>
			<key>normal</key>
			<styleUrl>#__managed_style_0462EC68B040DE0D9CB4_normal</styleUrl>
		</Pair>
		<Pair>
			<key>highlight</key>
			<styleUrl>#__managed_style_0462EC68B040DE0D9CB4_highlight</styleUrl>
		</Pair>
	</StyleMap>
	<gx:CascadingStyle kml:id="__managed_style_22452E479840DE0D9CBC_highlight">
		<Style>
			<IconStyle>
				<scale>1.2</scale>
				<Icon>
					<href>https://earth.google.com/earth/document/icon?color=7b1fa2&amp;id=2156&amp;scale=4</href>
				</Icon>
				<hotSpot x="64" y="128" xunits="pixels" yunits="insetPixels"/>
			</IconStyle>
			<LabelStyle>
				<scale>0</scale>
			</LabelStyle>
			<LineStyle>
				<color>ff2dc0fb</color>
				<width>4.8</width>
			</LineStyle>
			<PolyStyle>
				<color>40ffffff</color>
			</PolyStyle>
			<BalloonStyle>
			</BalloonStyle>
		</Style>
	</gx:CascadingStyle>
	<StyleMap id="__managed_style_067C2C239E40DE0D9CB3">
		<Pair>
			<key>normal</key>
			<styleUrl>#__managed_style_067C2C239E40DE0D9CB3_normal</styleUrl>
		</Pair>
		<Pair>
			<key>highlight</key>
			<styleUrl>#__managed_style_067C2C239E40DE0D9CB3_highlight</styleUrl>
		</Pair>
	</StyleMap>
	<gx:CascadingStyle kml:id="__managed_style_1F00F1C52540DE0D9CB4_normal">
		<Style>
			<IconStyle>
				<Icon>
					<href>https://earth.google.com/earth/document/icon?color=388e3c&amp;id=2370&amp;scale=4</href>
				</Icon>
				<hotSpot x="64" y="128" xunits="pixels" yunits="insetPixels"/>
			</IconStyle>
			<LabelStyle>
				<scale>0</scale>
			</LabelStyle>
			<LineStyle>
				<color>ff2dc0fb</color>
				<width>3.2</width>
			</LineStyle>
			<PolyStyle>
				<color>40ffffff</color>
			</PolyStyle>
			<BalloonStyle>
				<gx:displayMode>card</gx:displayMode>
			</BalloonStyle>
		</Style>
	</gx:CascadingStyle>
	<gx:CascadingStyle kml:id="__managed_style_0D4657CEB940DE0D9CD4_highlight">
		<Style>
			<IconStyle>
				<scale>1.2</scale>
				<Icon>
					<href>https://earth.google.com/earth/document/icon?color=303f9f&amp;id=2090&amp;scale=4</href>
				</Icon>
				<hotSpot x="64" y="128" xunits="pixels" yunits="insetPixels"/>
			</IconStyle>
			<LabelStyle>
				<scale>0</scale>
			</LabelStyle>
			<LineStyle>
				<color>ff2dc0fb</color>
				<width>4.8</width>
			</LineStyle>
			<PolyStyle>
				<color>40ffffff</color>
			</PolyStyle>
			<BalloonStyle>
				<gx:displayMode>card</gx:displayMode>
			</BalloonStyle>
		</Style>
	</gx:CascadingStyle>
	<gx:CascadingStyle kml:id="__managed_style_073B1F82D140DE0D9CC9_highlight">
		<Style>
			<IconStyle>
				<scale>1.2</scale>
				<Icon>
					<href>https://earth.google.com/earth/document/icon?color=1976d2&amp;id=2000&amp;scale=4</href>
				</Icon>
				<hotSpot x="64" y="128" xunits="pixels" yunits="insetPixels"/>
			</IconStyle>
			<LabelStyle>
				<scale>0</scale>
			</LabelStyle>
			<LineStyle>
				<color>ff3c8e38</color>
				<width>4.8</width>
			</LineStyle>
			<PolyStyle>
				<color>403c8e38</color>
			</PolyStyle>
			<BalloonStyle>
			</BalloonStyle>
		</Style>
	</gx:CascadingStyle>
	<gx:CascadingStyle kml:id="__managed_style_0D4657CEB940DE0D9CD4_normal">
		<Style>
			<IconStyle>
				<Icon>
					<href>https://earth.google.com/earth/document/icon?color=303f9f&amp;id=2090&amp;scale=4</href>
				</Icon>
				<hotSpot x="64" y="128" xunits="pixels" yunits="insetPixels"/>
			</IconStyle>
			<LabelStyle>
				<scale>0</scale>
			</LabelStyle>
			<LineStyle>
				<color>ff2dc0fb</color>
				<width>3.2</width>
			</LineStyle>
			<PolyStyle>
				<color>40ffffff</color>
			</PolyStyle>
			<BalloonStyle>
				<gx:displayMode>card</gx:displayMode>
			</BalloonStyle>
		</Style>
	</gx:CascadingStyle>
	<gx:CascadingStyle kml:id="__managed_style_1F1A34A30640DE0D9CD4_highlight">
		<Style>
			<IconStyle>
				<scale>1.2</scale>
				<Icon>
					<href>https://earth.google.com/earth/document/icon?color=7b1fa2&amp;id=2282&amp;scale=4</href>
				</Icon>
				<hotSpot x="64" y="128" xunits="pixels" yunits="insetPixels"/>
			</IconStyle>
			<LabelStyle>
				<scale>0</scale>
			</LabelStyle>
			<LineStyle>
				<color>ff2dc0fb</color>
				<width>4.8</width>
			</LineStyle>
			<PolyStyle>
				<color>40ffffff</color>
			</PolyStyle>
			<BalloonStyle>
				<gx:displayMode>card</gx:displayMode>
			</BalloonStyle>
		</Style>
	</gx:CascadingStyle>
	<StyleMap id="__managed_style_0ABE0706C340DE0D9CD8">
		<Pair>
			<key>normal</key>
			<styleUrl>#__managed_style_0ABE0706C340DE0D9CD8_normal</styleUrl>
		</Pair>
		<Pair>
			<key>highlight</key>
			<styleUrl>#__managed_style_0ABE0706C340DE0D9CD8_highlight</styleUrl>
		</Pair>
	</StyleMap>
	<gx:CascadingStyle kml:id="__managed_style_0ABE0706C340DE0D9CD8_highlight">
		<Style>
			<IconStyle>
				<scale>1.2</scale>
				<Icon>
					<href>https://earth.google.com/earth/document/icon?color=1976d2&amp;id=2000&amp;scale=4</href>
				</Icon>
				<hotSpot x="64" y="128" xunits="pixels" yunits="insetPixels"/>
			</IconStyle>
			<LabelStyle>
				<scale>0</scale>
			</LabelStyle>
			<LineStyle>
				<color>ff9f3f30</color>
				<width>4.8</width>
			</LineStyle>
			<PolyStyle>
				<color>40ffffff</color>
			</PolyStyle>
			<BalloonStyle>
			</BalloonStyle>
		</Style>
	</gx:CascadingStyle>
	<gx:CascadingStyle kml:id="__managed_style_4AD2BD12B440DE0D9CB4_highlight">
		<Style>
			<IconStyle>
				<scale>1.2</scale>
				<Icon>
					<href>https://earth.google.com/earth/document/icon?color=f57c00&amp;id=2056&amp;scale=4</href>
				</Icon>
				<hotSpot x="64" y="128" xunits="pixels" yunits="insetPixels"/>
			</IconStyle>
			<LabelStyle>
				<scale>0</scale>
			</LabelStyle>
			<LineStyle>
				<color>ff2dc0fb</color>
				<width>4.8</width>
			</LineStyle>
			<PolyStyle>
				<color>40ffffff</color>
			</PolyStyle>
			<BalloonStyle>
				<gx:displayMode>card</gx:displayMode>
			</BalloonStyle>
		</Style>
	</gx:CascadingStyle>
	<gx:CascadingStyle kml:id="__managed_style_160241877E40DE0D9CC7_highlight">
		<Style>
			<IconStyle>
				<scale>1.8</scale>
				<Icon>
					<href>https://earth.google.com/earth/document/icon?color=388e3c&amp;id=2370&amp;scale=4</href>
				</Icon>
				<hotSpot x="64" y="128" xunits="pixels" yunits="insetPixels"/>
			</IconStyle>
			<LabelStyle>
				<scale>0</scale>
			</LabelStyle>
			<LineStyle>
				<color>ff2dc0fb</color>
				<width>4.8</width>
			</LineStyle>
			<PolyStyle>
				<color>40ffffff</color>
			</PolyStyle>
			<BalloonStyle>
				<gx:displayMode>card</gx:displayMode>
			</BalloonStyle>
		</Style>
	</gx:CascadingStyle>
	<StyleMap id="__managed_style_4AD2BD12B440DE0D9CB4">
		<Pair>
			<key>normal</key>
			<styleUrl>#__managed_style_4AD2BD12B440DE0D9CB4_normal</styleUrl>
		</Pair>
		<Pair>
			<key>highlight</key>
			<styleUrl>#__managed_style_4AD2BD12B440DE0D9CB4_highlight</styleUrl>
		</Pair>
	</StyleMap>
	<gx:CascadingStyle kml:id="__managed_style_0710A99C7B40DE0D9CC3_highlight">
		<Style>
			<IconStyle>
				<scale>1.2</scale>
				<Icon>
					<href>https://earth.google.com/earth/document/icon?color=152379&amp;id=2339&amp;scale=4</href>
				</Icon>
				<hotSpot x="64" y="128" xunits="pixels" yunits="insetPixels"/>
			</IconStyle>
			<LabelStyle>
				<scale>0</scale>
			</LabelStyle>
			<LineStyle>
				<color>ff2dc0fb</color>
				<width>4.8</width>
			</LineStyle>
			<PolyStyle>
				<color>40ffffff</color>
			</PolyStyle>
			<BalloonStyle>
				<gx:displayMode>card</gx:displayMode>
			</BalloonStyle>
		</Style>
	</gx:CascadingStyle>
	<gx:CascadingStyle kml:id="__managed_style_4AD2BD12B440DE0D9CB4_normal">
		<Style>
			<IconStyle>
				<Icon>
					<href>https://earth.google.com/earth/document/icon?color=f57c00&amp;id=2056&amp;scale=4</href>
				</Icon>
				<hotSpot x="64" y="128" xunits="pixels" yunits="insetPixels"/>
			</IconStyle>
			<LabelStyle>
				<scale>0</scale>
			</LabelStyle>
			<LineStyle>
				<color>ff2dc0fb</color>
				<width>3.2</width>
			</LineStyle>
			<PolyStyle>
				<color>40ffffff</color>
			</PolyStyle>
			<BalloonStyle>
				<gx:displayMode>card</gx:displayMode>
			</BalloonStyle>
		</Style>
	</gx:CascadingStyle>
	<gx:CascadingStyle kml:id="__managed_style_144386BD5F40DE0D9CB9_highlight">
		<Style>
			<IconStyle>
				<scale>1.2</scale>
				<Icon>
					<href>https://earth.google.com/earth/document/icon?color=fbc02d&amp;id=2005&amp;scale=4</href>
				</Icon>
				<hotSpot x="64" y="128" xunits="pixels" yunits="insetPixels"/>
			</IconStyle>
			<LabelStyle>
				<scale>0</scale>
			</LabelStyle>
			<LineStyle>
				<color>ff2dc0fb</color>
				<width>4.8</width>
			</LineStyle>
			<PolyStyle>
				<color>40ffffff</color>
			</PolyStyle>
			<BalloonStyle>
				<gx:displayMode>card</gx:displayMode>
			</BalloonStyle>
		</Style>
	</gx:CascadingStyle>
	<gx:CascadingStyle kml:id="__managed_style_29FA32C18C40DE0D9CB9_highlight">
		<Style>
			<IconStyle>
				<scale>1.2</scale>
				<Icon>
					<href>https://earth.google.com/earth/document/icon?color=f57c00&amp;id=2130&amp;scale=4</href>
				</Icon>
				<hotSpot x="64" y="128" xunits="pixels" yunits="insetPixels"/>
			</IconStyle>
			<LabelStyle>
				<scale>0</scale>
			</LabelStyle>
			<LineStyle>
				<color>ff2dc0fb</color>
				<width>4.8</width>
			</LineStyle>
			<PolyStyle>
				<color>40ffffff</color>
			</PolyStyle>
			<BalloonStyle>
				<gx:displayMode>card</gx:displayMode>
			</BalloonStyle>
		</Style>
	</gx:CascadingStyle>
	<gx:CascadingStyle kml:id="__managed_style_3EA7CF16D140DE0D9CBC_normal">
		<Style>
			<IconStyle>
				<Icon>
					<href>https://earth.google.com/earth/document/icon?color=7b1fa2&amp;id=2011&amp;scale=4</href>
				</Icon>
				<hotSpot x="64" y="128" xunits="pixels" yunits="insetPixels"/>
			</IconStyle>
			<LabelStyle>
				<scale>0</scale>
			</LabelStyle>
			<LineStyle>
				<color>ff2dc0fb</color>
				<width>3.2</width>
			</LineStyle>
			<PolyStyle>
				<color>40ffffff</color>
			</PolyStyle>
			<BalloonStyle>
				<gx:displayMode>card</gx:displayMode>
			</BalloonStyle>
		</Style>
	</gx:CascadingStyle>
	<gx:CascadingStyle kml:id="__managed_style_29FA32C18C40DE0D9CB9_normal">
		<Style>
			<IconStyle>
				<Icon>
					<href>https://earth.google.com/earth/document/icon?color=f57c00&amp;id=2130&amp;scale=4</href>
				</Icon>
				<hotSpot x="64" y="128" xunits="pixels" yunits="insetPixels"/>
			</IconStyle>
			<LabelStyle>
				<scale>0</scale>
			</LabelStyle>
			<LineStyle>
				<color>ff2dc0fb</color>
				<width>3.2</width>
			</LineStyle>
			<PolyStyle>
				<color>40ffffff</color>
			</PolyStyle>
			<BalloonStyle>
				<gx:displayMode>card</gx:displayMode>
			</BalloonStyle>
		</Style>
	</gx:CascadingStyle>
	<StyleMap id="__managed_style_29FA32C18C40DE0D9CB9">
		<Pair>
			<key>normal</key>
			<styleUrl>#__managed_style_29FA32C18C40DE0D9CB9_normal</styleUrl>
		</Pair>
		<Pair>
			<key>highlight</key>
			<styleUrl>#__managed_style_29FA32C18C40DE0D9CB9_highlight</styleUrl>
		</Pair>
	</StyleMap>
	<gx:CascadingStyle kml:id="__managed_style_0833D987D240DE0D9CB1_highlight">
		<Style>
			<IconStyle>
				<scale>1.2</scale>
				<Icon>
					<href>https://earth.google.com/earth/document/icon?color=7b1fa2&amp;id=2006&amp;scale=4</href>
				</Icon>
				<hotSpot x="64" y="128" xunits="pixels" yunits="insetPixels"/>
			</IconStyle>
			<LabelStyle>
				<scale>0</scale>
			</LabelStyle>
			<LineStyle>
				<color>ff2dc0fb</color>
				<width>4.8</width>
			</LineStyle>
			<PolyStyle>
				<color>40ffffff</color>
			</PolyStyle>
			<BalloonStyle>
				<gx:displayMode>card</gx:displayMode>
			</BalloonStyle>
		</Style>
	</gx:CascadingStyle>
	<gx:CascadingStyle kml:id="__managed_style_1BEBA3632040DE0D9CC6_highlight">
		<styleUrl>https://earth.google.com/balloon_components/base/1.1.0.0/none_template.kml#main</styleUrl>
		<Style>
			<IconStyle>
				<scale>1.8</scale>
				<Icon>
					<href>https://earth.google.com/earth/document/icon?color=7b1fa2&amp;id=2006&amp;scale=4</href>
				</Icon>
				<hotSpot x="64" y="128" xunits="pixels" yunits="insetPixels"/>
			</IconStyle>
			<LabelStyle>
				<scale>0</scale>
			</LabelStyle>
			<LineStyle>
				<color>ff2dc0fb</color>
				<width>4.8</width>
			</LineStyle>
			<PolyStyle>
				<color>40ffffff</color>
			</PolyStyle>
			<BalloonStyle>
				<displayMode>hide</displayMode>
			</BalloonStyle>
		</Style>
	</gx:CascadingStyle>
	<gx:CascadingStyle kml:id="__managed_style_0E8CD8E8F240DE0D9CD7_normal">
		<Style>
			<IconStyle>
				<Icon>
					<href>https://earth.google.com/earth/document/icon?color=6d089d&amp;id=2006&amp;scale=4</href>
				</Icon>
				<hotSpot x="64" y="128" xunits="pixels" yunits="insetPixels"/>
			</IconStyle>
			<LabelStyle>
				<scale>0</scale>
			</LabelStyle>
			<LineStyle>
				<color>ff2dc0fb</color>
				<width>3.2</width>
			</LineStyle>
			<PolyStyle>
				<color>40ffffff</color>
			</PolyStyle>
			<BalloonStyle>
				<gx:displayMode>card</gx:displayMode>
			</BalloonStyle>
		</Style>
	</gx:CascadingStyle>
	<gx:CascadingStyle kml:id="__managed_style_1BEBA3632040DE0D9CC6_normal">
		<styleUrl>https://earth.google.com/balloon_components/base/1.1.0.0/none_template.kml#main</styleUrl>
		<Style>
			<IconStyle>
				<scale>1.5</scale>
				<Icon>
					<href>https://earth.google.com/earth/document/icon?color=7b1fa2&amp;id=2006&amp;scale=4</href>
				</Icon>
				<hotSpot x="64" y="128" xunits="pixels" yunits="insetPixels"/>
			</IconStyle>
			<LabelStyle>
				<scale>0</scale>
			</LabelStyle>
			<LineStyle>
				<color>ff2dc0fb</color>
				<width>3.2</width>
			</LineStyle>
			<PolyStyle>
				<color>40ffffff</color>
			</PolyStyle>
			<BalloonStyle>
				<displayMode>hide</displayMode>
			</BalloonStyle>
		</Style>
	</gx:CascadingStyle>
	<StyleMap id="__managed_style_0698D2BB6640DE0D9CC1">
		<Pair>
			<key>normal</key>
			<styleUrl>#__managed_style_0698D2BB6640DE0D9CC1_normal</styleUrl>
		</Pair>
		<Pair>
			<key>highlight</key>
			<styleUrl>#__managed_style_0698D2BB6640DE0D9CC1_highlight</styleUrl>
		</Pair>
	</StyleMap>
	<StyleMap id="__managed_style_1BEBA3632040DE0D9CC6">
		<Pair>
			<key>normal</key>
			<styleUrl>#__managed_style_1BEBA3632040DE0D9CC6_normal</styleUrl>
		</Pair>
		<Pair>
			<key>highlight</key>
			<styleUrl>#__managed_style_1BEBA3632040DE0D9CC6_highlight</styleUrl>
		</Pair>
	</StyleMap>
	<gx:CascadingStyle kml:id="__managed_style_0DB6A0BD0240DE0D9CBC_highlight">
		<Style>
			<IconStyle>
				<scale>1.2</scale>
				<Icon>
					<href>https://earth.google.com/earth/document/icon?color=7b1fa2&amp;id=2055&amp;scale=4</href>
				</Icon>
				<hotSpot x="64" y="128" xunits="pixels" yunits="insetPixels"/>
			</IconStyle>
			<LabelStyle>
				<scale>0</scale>
			</LabelStyle>
			<LineStyle>
				<color>ff2dc0fb</color>
				<width>4.8</width>
			</LineStyle>
			<PolyStyle>
				<color>40ffffff</color>
			</PolyStyle>
			<BalloonStyle>
				<gx:displayMode>card</gx:displayMode>
			</BalloonStyle>
		</Style>
	</gx:CascadingStyle>
	<gx:CascadingStyle kml:id="__managed_style_0DB6A0BD0240DE0D9CBC_normal">
		<Style>
			<IconStyle>
				<Icon>
					<href>https://earth.google.com/earth/document/icon?color=7b1fa2&amp;id=2055&amp;scale=4</href>
				</Icon>
				<hotSpot x="64" y="128" xunits="pixels" yunits="insetPixels"/>
			</IconStyle>
			<LabelStyle>
				<scale>0</scale>
			</LabelStyle>
			<LineStyle>
				<color>ff2dc0fb</color>
				<width>3.2</width>
			</LineStyle>
			<PolyStyle>
				<color>40ffffff</color>
			</PolyStyle>
			<BalloonStyle>
				<gx:displayMode>card</gx:displayMode>
			</BalloonStyle>
		</Style>
	</gx:CascadingStyle>
	<gx:CascadingStyle kml:id="__managed_style_1B4E91D93140DE0D9CCC_highlight">
		<Style>
			<IconStyle>
				<scale>1.2</scale>
				<Icon>
					<href>https://earth.google.com/earth/document/icon?color=7b1fa2&amp;id=2162&amp;scale=4</href>
				</Icon>
				<hotSpot x="64" y="128" xunits="pixels" yunits="insetPixels"/>
			</IconStyle>
			<LabelStyle>
				<scale>0</scale>
			</LabelStyle>
			<LineStyle>
				<color>ff2dc0fb</color>
				<width>4.8</width>
			</LineStyle>
			<PolyStyle>
				<color>40ffffff</color>
			</PolyStyle>
			<BalloonStyle>
				<gx:displayMode>card</gx:displayMode>
			</BalloonStyle>
		</Style>
	</gx:CascadingStyle>
	<gx:CascadingStyle kml:id="__managed_style_0710A99C7B40DE0D9CC3_normal">
		<Style>
			<IconStyle>
				<Icon>
					<href>https://earth.google.com/earth/document/icon?color=152379&amp;id=2339&amp;scale=4</href>
				</Icon>
				<hotSpot x="64" y="128" xunits="pixels" yunits="insetPixels"/>
			</IconStyle>
			<LabelStyle>
				<scale>0</scale>
			</LabelStyle>
			<LineStyle>
				<color>ff2dc0fb</color>
				<width>3.2</width>
			</LineStyle>
			<PolyStyle>
				<color>40ffffff</color>
			</PolyStyle>
			<BalloonStyle>
				<gx:displayMode>card</gx:displayMode>
			</BalloonStyle>
		</Style>
	</gx:CascadingStyle>
	<StyleMap id="__managed_style_0DB6A0BD0240DE0D9CBC">
		<Pair>
			<key>normal</key>
			<styleUrl>#__managed_style_0DB6A0BD0240DE0D9CBC_normal</styleUrl>
		</Pair>
		<Pair>
			<key>highlight</key>
			<styleUrl>#__managed_style_0DB6A0BD0240DE0D9CBC_highlight</styleUrl>
		</Pair>
	</StyleMap>
	<gx:CascadingStyle kml:id="__managed_style_0698D2BB6640DE0D9CC1_highlight">
		<Style>
			<IconStyle>
				<scale>1.2</scale>
				<Icon>
					<href>https://earth.google.com/earth/document/icon?color=7b1fa2&amp;id=2336&amp;scale=4</href>
				</Icon>
				<hotSpot x="64" y="128" xunits="pixels" yunits="insetPixels"/>
			</IconStyle>
			<LabelStyle>
				<scale>0</scale>
			</LabelStyle>
			<LineStyle>
				<color>ff2dc0fb</color>
				<width>4.8</width>
			</LineStyle>
			<PolyStyle>
				<color>40ffffff</color>
			</PolyStyle>
			<BalloonStyle>
				<gx:displayMode>card</gx:displayMode>
			</BalloonStyle>
		</Style>
	</gx:CascadingStyle>
	<gx:CascadingStyle kml:id="__managed_style_1A4EDAFDF340DE0D9CBE_normal">
		<Style>
			<IconStyle>
				<Icon>
					<href>https://earth.google.com/earth/document/icon?color=7b1fa2&amp;id=2006&amp;scale=4</href>
				</Icon>
				<hotSpot x="64" y="128" xunits="pixels" yunits="insetPixels"/>
			</IconStyle>
			<LabelStyle>
				<scale>0</scale>
			</LabelStyle>
			<LineStyle>
				<color>ff2dc0fb</color>
				<width>3.2</width>
			</LineStyle>
			<PolyStyle>
				<color>40ffffff</color>
			</PolyStyle>
			<BalloonStyle>
			</BalloonStyle>
		</Style>
	</gx:CascadingStyle>
	<gx:CascadingStyle kml:id="__managed_style_1F00F1C52540DE0D9CB4_highlight">
		<Style>
			<IconStyle>
				<scale>1.2</scale>
				<Icon>
					<href>https://earth.google.com/earth/document/icon?color=388e3c&amp;id=2370&amp;scale=4</href>
				</Icon>
				<hotSpot x="64" y="128" xunits="pixels" yunits="insetPixels"/>
			</IconStyle>
			<LabelStyle>
				<scale>0</scale>
			</LabelStyle>
			<LineStyle>
				<color>ff2dc0fb</color>
				<width>4.8</width>
			</LineStyle>
			<PolyStyle>
				<color>40ffffff</color>
			</PolyStyle>
			<BalloonStyle>
				<gx:displayMode>card</gx:displayMode>
			</BalloonStyle>
		</Style>
	</gx:CascadingStyle>
	<StyleMap id="__managed_style_3EA7CF16D140DE0D9CBC">
		<Pair>
			<key>normal</key>
			<styleUrl>#__managed_style_3EA7CF16D140DE0D9CBC_normal</styleUrl>
		</Pair>
		<Pair>
			<key>highlight</key>
			<styleUrl>#__managed_style_3EA7CF16D140DE0D9CBC_highlight</styleUrl>
		</Pair>
	</StyleMap>
	<gx:CascadingStyle kml:id="__managed_style_1EBF6C0D4540DE0D9CC4_normal">
		<Style>
			<IconStyle>
				<Icon>
					<href>https://earth.google.com/earth/document/icon?color=1976d2&amp;id=2000&amp;scale=4</href>
				</Icon>
				<hotSpot x="64" y="128" xunits="pixels" yunits="insetPixels"/>
			</IconStyle>
			<LabelStyle>
				<scale>0</scale>
			</LabelStyle>
			<LineStyle>
				<color>ffa21f7b</color>
				<width>3.2</width>
			</LineStyle>
			<PolyStyle>
				<color>40a21f7b</color>
			</PolyStyle>
			<BalloonStyle>
			</BalloonStyle>
		</Style>
	</gx:CascadingStyle>
	<gx:CascadingStyle kml:id="__managed_style_0085B2EC8E40DE0D9CCB_highlight">
		<Style>
			<IconStyle>
				<scale>1.2</scale>
				<Icon>
					<href>https://earth.google.com/earth/document/icon?color=7b1fa2&amp;id=2359&amp;scale=4</href>
				</Icon>
				<hotSpot x="64" y="128" xunits="pixels" yunits="insetPixels"/>
			</IconStyle>
			<LabelStyle>
				<scale>0</scale>
			</LabelStyle>
			<LineStyle>
				<color>ff2dc0fb</color>
				<width>4.8</width>
			</LineStyle>
			<PolyStyle>
				<color>40ffffff</color>
			</PolyStyle>
			<BalloonStyle>
				<gx:displayMode>card</gx:displayMode>
			</BalloonStyle>
		</Style>
	</gx:CascadingStyle>
	<StyleMap id="__managed_style_1EBF6C0D4540DE0D9CC4">
		<Pair>
			<key>normal</key>
			<styleUrl>#__managed_style_1EBF6C0D4540DE0D9CC4_normal</styleUrl>
		</Pair>
		<Pair>
			<key>highlight</key>
			<styleUrl>#__managed_style_1EBF6C0D4540DE0D9CC4_highlight</styleUrl>
		</Pair>
	</StyleMap>
	<gx:CascadingStyle kml:id="__managed_style_1D16B8BDC340DE0D9CB8_highlight">
		<Style>
			<IconStyle>
				<scale>1.2</scale>
				<Icon>
					<href>https://earth.google.com/earth/document/icon?color=7b1fa2&amp;id=2232&amp;scale=4</href>
				</Icon>
				<hotSpot x="64" y="128" xunits="pixels" yunits="insetPixels"/>
			</IconStyle>
			<LabelStyle>
				<scale>0</scale>
			</LabelStyle>
			<LineStyle>
				<color>ff2dc0fb</color>
				<width>4.8</width>
			</LineStyle>
			<PolyStyle>
				<color>40ffffff</color>
			</PolyStyle>
			<BalloonStyle>
				<gx:displayMode>card</gx:displayMode>
			</BalloonStyle>
		</Style>
	</gx:CascadingStyle>
	<gx:CascadingStyle kml:id="__managed_style_073B1F82D140DE0D9CC9_normal">
		<Style>
			<IconStyle>
				<Icon>
					<href>https://earth.google.com/earth/document/icon?color=1976d2&amp;id=2000&amp;scale=4</href>
				</Icon>
				<hotSpot x="64" y="128" xunits="pixels" yunits="insetPixels"/>
			</IconStyle>
			<LabelStyle>
				<scale>0</scale>
			</LabelStyle>
			<LineStyle>
				<color>ff3c8e38</color>
				<width>3.2</width>
			</LineStyle>
			<PolyStyle>
				<color>403c8e38</color>
			</PolyStyle>
			<BalloonStyle>
			</BalloonStyle>
		</Style>
	</gx:CascadingStyle>
	<gx:CascadingStyle kml:id="__managed_style_014EB8920B40DE0D9CBE_highlight">
		<Style>
			<IconStyle>
				<scale>1.2</scale>
				<Icon>
					<href>https://earth.google.com/earth/document/icon?color=ab47bc&amp;id=2006&amp;scale=4</href>
				</Icon>
				<hotSpot x="64" y="128" xunits="pixels" yunits="insetPixels"/>
			</IconStyle>
			<LabelStyle>
				<scale>0</scale>
			</LabelStyle>
			<LineStyle>
				<color>ff2dc0fb</color>
				<width>4.8</width>
			</LineStyle>
			<PolyStyle>
				<color>40ffffff</color>
			</PolyStyle>
			<BalloonStyle>
			</BalloonStyle>
		</Style>
	</gx:CascadingStyle>
	<gx:CascadingStyle kml:id="__managed_style_0698D2BB6640DE0D9CC1_normal">
		<Style>
			<IconStyle>
				<Icon>
					<href>https://earth.google.com/earth/document/icon?color=7b1fa2&amp;id=2336&amp;scale=4</href>
				</Icon>
				<hotSpot x="64" y="128" xunits="pixels" yunits="insetPixels"/>
			</IconStyle>
			<LabelStyle>
				<scale>0</scale>
			</LabelStyle>
			<LineStyle>
				<color>ff2dc0fb</color>
				<width>3.2</width>
			</LineStyle>
			<PolyStyle>
				<color>40ffffff</color>
			</PolyStyle>
			<BalloonStyle>
				<gx:displayMode>card</gx:displayMode>
			</BalloonStyle>
		</Style>
	</gx:CascadingStyle>
	<gx:CascadingStyle kml:id="__managed_style_07D356DD7F40DE0D9CC8_highlight">
		<Style>
			<IconStyle>
				<scale>1.8</scale>
				<Icon>
					<href>https://earth.google.com/earth/document/icon?color=7b1fa2&amp;id=2006&amp;scale=4</href>
				</Icon>
				<hotSpot x="64" y="128" xunits="pixels" yunits="insetPixels"/>
			</IconStyle>
			<LabelStyle>
				<scale>0</scale>
			</LabelStyle>
			<LineStyle>
				<color>ff2dc0fb</color>
				<width>4.8</width>
			</LineStyle>
			<PolyStyle>
				<color>40ffffff</color>
			</PolyStyle>
			<BalloonStyle>
				<gx:displayMode>card</gx:displayMode>
			</BalloonStyle>
		</Style>
	</gx:CascadingStyle>
	<gx:CascadingStyle kml:id="__managed_style_014EB8920B40DE0D9CBE_normal">
		<Style>
			<IconStyle>
				<Icon>
					<href>https://earth.google.com/earth/document/icon?color=ab47bc&amp;id=2006&amp;scale=4</href>
				</Icon>
				<hotSpot x="64" y="128" xunits="pixels" yunits="insetPixels"/>
			</IconStyle>
			<LabelStyle>
				<scale>0</scale>
			</LabelStyle>
			<LineStyle>
				<color>ff2dc0fb</color>
				<width>3.2</width>
			</LineStyle>
			<PolyStyle>
				<color>40ffffff</color>
			</PolyStyle>
			<BalloonStyle>
			</BalloonStyle>
		</Style>
	</gx:CascadingStyle>
	<gx:CascadingStyle kml:id="__managed_style_2E4ABD2DE240DE0D9CB8_highlight">
		<Style>
			<IconStyle>
				<scale>1.2</scale>
				<Icon>
					<href>https://earth.google.com/earth/document/icon?color=7b1fa2&amp;id=2311&amp;scale=4</href>
				</Icon>
				<hotSpot x="64" y="128" xunits="pixels" yunits="insetPixels"/>
			</IconStyle>
			<LabelStyle>
				<scale>0</scale>
			</LabelStyle>
			<LineStyle>
				<color>ff2dc0fb</color>
				<width>4.8</width>
			</LineStyle>
			<PolyStyle>
				<color>40ffffff</color>
			</PolyStyle>
			<BalloonStyle>
				<gx:displayMode>card</gx:displayMode>
			</BalloonStyle>
		</Style>
	</gx:CascadingStyle>
	<gx:CascadingStyle kml:id="__managed_style_1C52047F1040DE0D9CBC_normal">
		<Style>
			<IconStyle>
				<Icon>
					<href>https://earth.google.com/earth/document/icon?color=1976d2&amp;id=2000&amp;scale=4</href>
				</Icon>
				<hotSpot x="64" y="128" xunits="pixels" yunits="insetPixels"/>
			</IconStyle>
			<LabelStyle>
				<scale>0</scale>
			</LabelStyle>
			<LineStyle>
				<color>ff2dc0fb</color>
				<width>3.2</width>
			</LineStyle>
			<PolyStyle>
				<color>40ffffff</color>
			</PolyStyle>
			<BalloonStyle>
			</BalloonStyle>
		</Style>
	</gx:CascadingStyle>
	<StyleMap id="__managed_style_23FD2B742240DE0D9CC4">
		<Pair>
			<key>normal</key>
			<styleUrl>#__managed_style_23FD2B742240DE0D9CC4_normal</styleUrl>
		</Pair>
		<Pair>
			<key>highlight</key>
			<styleUrl>#__managed_style_23FD2B742240DE0D9CC4_highlight</styleUrl>
		</Pair>
	</StyleMap>
	<StyleMap id="__managed_style_025C613FF340DE0D9CCC">
		<Pair>
			<key>normal</key>
			<styleUrl>#__managed_style_025C613FF340DE0D9CCC_normal</styleUrl>
		</Pair>
		<Pair>
			<key>highlight</key>
			<styleUrl>#__managed_style_025C613FF340DE0D9CCC_highlight</styleUrl>
		</Pair>
	</StyleMap>
	<StyleMap id="__managed_style_3491C69C2240DE0D9CC0">
		<Pair>
			<key>normal</key>
			<styleUrl>#__managed_style_3491C69C2240DE0D9CC0_normal</styleUrl>
		</Pair>
		<Pair>
			<key>highlight</key>
			<styleUrl>#__managed_style_3491C69C2240DE0D9CC0_highlight</styleUrl>
		</Pair>
	</StyleMap>
	<StyleMap id="__managed_style_0A5504832D40DE0D9CC0">
		<Pair>
			<key>normal</key>
			<styleUrl>#__managed_style_0A5504832D40DE0D9CC0_normal</styleUrl>
		</Pair>
		<Pair>
			<key>highlight</key>
			<styleUrl>#__managed_style_0A5504832D40DE0D9CC0_highlight</styleUrl>
		</Pair>
	</StyleMap>
	<gx:CascadingStyle kml:id="__managed_style_0A5504832D40DE0D9CC0_highlight">
		<Style>
			<IconStyle>
				<scale>1.2</scale>
				<Icon>
					<href>https://earth.google.com/earth/document/icon?color=7b1fa2&amp;id=2006&amp;scale=4</href>
				</Icon>
				<hotSpot x="64" y="128" xunits="pixels" yunits="insetPixels"/>
			</IconStyle>
			<LabelStyle>
				<scale>0</scale>
			</LabelStyle>
			<LineStyle>
				<color>ff2dc0fb</color>
				<width>4.8</width>
			</LineStyle>
			<PolyStyle>
				<color>40ffffff</color>
			</PolyStyle>
			<BalloonStyle>
			</BalloonStyle>
		</Style>
	</gx:CascadingStyle>
	<StyleMap id="__managed_style_0833D987D240DE0D9CB1">
		<Pair>
			<key>normal</key>
			<styleUrl>#__managed_style_0833D987D240DE0D9CB1_normal</styleUrl>
		</Pair>
		<Pair>
			<key>highlight</key>
			<styleUrl>#__managed_style_0833D987D240DE0D9CB1_highlight</styleUrl>
		</Pair>
	</StyleMap>
	<gx:CascadingStyle kml:id="__managed_style_160241877E40DE0D9CC7_normal">
		<Style>
			<IconStyle>
				<scale>1.5</scale>
				<Icon>
					<href>https://earth.google.com/earth/document/icon?color=388e3c&amp;id=2370&amp;scale=4</href>
				</Icon>
				<hotSpot x="64" y="128" xunits="pixels" yunits="insetPixels"/>
			</IconStyle>
			<LabelStyle>
				<scale>0</scale>
			</LabelStyle>
			<LineStyle>
				<color>ff2dc0fb</color>
				<width>3.2</width>
			</LineStyle>
			<PolyStyle>
				<color>40ffffff</color>
			</PolyStyle>
			<BalloonStyle>
				<gx:displayMode>card</gx:displayMode>
			</BalloonStyle>
		</Style>
	</gx:CascadingStyle>
	<StyleMap id="__managed_style_1DAAFA570140DE0D9CB3">
		<Pair>
			<key>normal</key>
			<styleUrl>#__managed_style_1DAAFA570140DE0D9CB3_normal</styleUrl>
		</Pair>
		<Pair>
			<key>highlight</key>
			<styleUrl>#__managed_style_1DAAFA570140DE0D9CB3_highlight</styleUrl>
		</Pair>
	</StyleMap>
	<StyleMap id="__managed_style_030EA0281840DE0D9CD3">
		<Pair>
			<key>normal</key>
			<styleUrl>#__managed_style_030EA0281840DE0D9CD3_normal</styleUrl>
		</Pair>
		<Pair>
			<key>highlight</key>
			<styleUrl>#__managed_style_030EA0281840DE0D9CD3_highlight</styleUrl>
		</Pair>
	</StyleMap>
	<gx:CascadingStyle kml:id="__managed_style_1F58907B1B40DE0D9CBF_highlight">
		<Style>
			<IconStyle>
				<scale>1.2</scale>
				<Icon>
					<href>https://earth.google.com/earth/document/icon?color=1976d2&amp;id=2000&amp;scale=4</href>
				</Icon>
				<hotSpot x="64" y="128" xunits="pixels" yunits="insetPixels"/>
			</IconStyle>
			<LabelStyle>
				<scale>0</scale>
			</LabelStyle>
			<LineStyle>
				<color>ffa21f7b</color>
				<width>4.8</width>
			</LineStyle>
			<PolyStyle>
				<color>40ffffff</color>
			</PolyStyle>
			<BalloonStyle>
			</BalloonStyle>
		</Style>
	</gx:CascadingStyle>
	<gx:CascadingStyle kml:id="__managed_style_1FC0EEB69A40DE0D9CBB_normal">
		<Style>
			<IconStyle>
				<Icon>
					<href>https://earth.google.com/earth/document/icon?color=1976d2&amp;id=2000&amp;scale=4</href>
				</Icon>
				<hotSpot x="64" y="128" xunits="pixels" yunits="insetPixels"/>
			</IconStyle>
			<LabelStyle>
				<scale>0</scale>
			</LabelStyle>
			<LineStyle>
				<color>ffa21f7b</color>
				<width>3.2</width>
			</LineStyle>
			<PolyStyle>
				<color>40a21f7b</color>
			</PolyStyle>
			<BalloonStyle>
			</BalloonStyle>
		</Style>
	</gx:CascadingStyle>
	<gx:CascadingStyle kml:id="__managed_style_0E8CD8E8F240DE0D9CD7_highlight">
		<Style>
			<IconStyle>
				<scale>1.2</scale>
				<Icon>
					<href>https://earth.google.com/earth/document/icon?color=6d089d&amp;id=2006&amp;scale=4</href>
				</Icon>
				<hotSpot x="64" y="128" xunits="pixels" yunits="insetPixels"/>
			</IconStyle>
			<LabelStyle>
				<scale>0</scale>
			</LabelStyle>
			<LineStyle>
				<color>ff2dc0fb</color>
				<width>4.8</width>
			</LineStyle>
			<PolyStyle>
				<color>40ffffff</color>
			</PolyStyle>
			<BalloonStyle>
				<gx:displayMode>card</gx:displayMode>
			</BalloonStyle>
		</Style>
	</gx:CascadingStyle>
	<StyleMap id="__managed_style_1C52047F1040DE0D9CBC">
		<Pair>
			<key>normal</key>
			<styleUrl>#__managed_style_1C52047F1040DE0D9CBC_normal</styleUrl>
		</Pair>
		<Pair>
			<key>highlight</key>
			<styleUrl>#__managed_style_1C52047F1040DE0D9CBC_highlight</styleUrl>
		</Pair>
	</StyleMap>
	<gx:CascadingStyle kml:id="__managed_style_2E4ABD2DE240DE0D9CB8_normal">
		<Style>
			<IconStyle>
				<Icon>
					<href>https://earth.google.com/earth/document/icon?color=7b1fa2&amp;id=2311&amp;scale=4</href>
				</Icon>
				<hotSpot x="64" y="128" xunits="pixels" yunits="insetPixels"/>
			</IconStyle>
			<LabelStyle>
				<scale>0</scale>
			</LabelStyle>
			<LineStyle>
				<color>ff2dc0fb</color>
				<width>3.2</width>
			</LineStyle>
			<PolyStyle>
				<color>40ffffff</color>
			</PolyStyle>
			<BalloonStyle>
				<gx:displayMode>card</gx:displayMode>
			</BalloonStyle>
		</Style>
	</gx:CascadingStyle>
	<gx:CascadingStyle kml:id="__managed_style_1F58907B1B40DE0D9CBF_normal">
		<Style>
			<IconStyle>
				<Icon>
					<href>https://earth.google.com/earth/document/icon?color=1976d2&amp;id=2000&amp;scale=4</href>
				</Icon>
				<hotSpot x="64" y="128" xunits="pixels" yunits="insetPixels"/>
			</IconStyle>
			<LabelStyle>
				<scale>0</scale>
			</LabelStyle>
			<LineStyle>
				<color>ffa21f7b</color>
				<width>3.2</width>
			</LineStyle>
			<PolyStyle>
				<color>40ffffff</color>
			</PolyStyle>
			<BalloonStyle>
			</BalloonStyle>
		</Style>
	</gx:CascadingStyle>
	<gx:CascadingStyle kml:id="__managed_style_3CF113956140DE0D9CC4_normal">
		<Style>
			<IconStyle>
				<Icon>
					<href>https://earth.google.com/earth/document/icon?color=1976d2&amp;id=2000&amp;scale=4</href>
				</Icon>
				<hotSpot x="64" y="128" xunits="pixels" yunits="insetPixels"/>
			</IconStyle>
			<LabelStyle>
				<scale>0</scale>
			</LabelStyle>
			<LineStyle>
				<color>ff3c8e38</color>
				<width>3.2</width>
			</LineStyle>
			<PolyStyle>
				<color>40ffffff</color>
			</PolyStyle>
			<BalloonStyle>
			</BalloonStyle>
		</Style>
	</gx:CascadingStyle>
	<StyleMap id="__managed_style_03C64F696B40DE0D9CBF">
		<Pair>
			<key>normal</key>
			<styleUrl>#__managed_style_03C64F696B40DE0D9CBF_normal</styleUrl>
		</Pair>
		<Pair>
			<key>highlight</key>
			<styleUrl>#__managed_style_03C64F696B40DE0D9CBF_highlight</styleUrl>
		</Pair>
	</StyleMap>
	<gx:CascadingStyle kml:id="__managed_style_23144521D340DE0D9CB4_highlight">
		<Style>
			<IconStyle>
				<scale>1.2</scale>
				<Icon>
					<href>https://earth.google.com/earth/document/icon?color=1976d2&amp;id=2000&amp;scale=4</href>
				</Icon>
				<hotSpot x="64" y="128" xunits="pixels" yunits="insetPixels"/>
			</IconStyle>
			<LabelStyle>
				<scale>0</scale>
			</LabelStyle>
			<LineStyle>
				<color>ffa21f7b</color>
				<width>4.8</width>
			</LineStyle>
			<PolyStyle>
				<color>40ffffff</color>
			</PolyStyle>
			<BalloonStyle>
			</BalloonStyle>
		</Style>
	</gx:CascadingStyle>
	<gx:CascadingStyle kml:id="__managed_style_14229E0B8340DE0D9CB6_highlight">
		<Style>
			<IconStyle>
				<scale>1.2</scale>
				<Icon>
					<href>https://earth.google.com/earth/document/icon?color=1976d2&amp;id=2000&amp;scale=4</href>
				</Icon>
				<hotSpot x="64" y="128" xunits="pixels" yunits="insetPixels"/>
			</IconStyle>
			<LabelStyle>
			</LabelStyle>
			<LineStyle>
				<color>ff2dc0fb</color>
				<width>4.8</width>
			</LineStyle>
			<PolyStyle>
				<color>40ffffff</color>
			</PolyStyle>
			<BalloonStyle>
			</BalloonStyle>
		</Style>
	</gx:CascadingStyle>
	<gx:CascadingStyle kml:id="__managed_style_19DB7DDF4C40DE0D9CC0_normal">
		<Style>
			<IconStyle>
				<Icon>
					<href>https://earth.google.com/earth/document/icon?color=7b1fa2&amp;id=2156&amp;scale=4</href>
				</Icon>
				<hotSpot x="64" y="128" xunits="pixels" yunits="insetPixels"/>
			</IconStyle>
			<LabelStyle>
				<scale>0</scale>
			</LabelStyle>
			<LineStyle>
				<color>ff2dc0fb</color>
				<width>3.2</width>
			</LineStyle>
			<PolyStyle>
				<color>40ffffff</color>
			</PolyStyle>
			<BalloonStyle>
			</BalloonStyle>
		</Style>
	</gx:CascadingStyle>
	<gx:CascadingStyle kml:id="__managed_style_1D16B8BDC340DE0D9CB8_normal">
		<Style>
			<IconStyle>
				<Icon>
					<href>https://earth.google.com/earth/document/icon?color=7b1fa2&amp;id=2232&amp;scale=4</href>
				</Icon>
				<hotSpot x="64" y="128" xunits="pixels" yunits="insetPixels"/>
			</IconStyle>
			<LabelStyle>
				<scale>0</scale>
			</LabelStyle>
			<LineStyle>
				<color>ff2dc0fb</color>
				<width>3.2</width>
			</LineStyle>
			<PolyStyle>
				<color>40ffffff</color>
			</PolyStyle>
			<BalloonStyle>
				<gx:displayMode>card</gx:displayMode>
			</BalloonStyle>
		</Style>
	</gx:CascadingStyle>
	<gx:CascadingStyle kml:id="__managed_style_025C613FF340DE0D9CCC_normal">
		<Style>
			<IconStyle>
				<Icon>
					<href>https://earth.google.com/earth/document/icon?color=1976d2&amp;id=2000&amp;scale=4</href>
				</Icon>
				<hotSpot x="64" y="128" xunits="pixels" yunits="insetPixels"/>
			</IconStyle>
			<LabelStyle>
				<scale>0</scale>
			</LabelStyle>
			<LineStyle>
				<color>ffbc47ab</color>
				<width>3.2</width>
			</LineStyle>
			<PolyStyle>
				<color>40ffffff</color>
			</PolyStyle>
			<BalloonStyle>
			</BalloonStyle>
		</Style>
	</gx:CascadingStyle>
	<gx:CascadingStyle kml:id="__managed_style_16528C8C7A40DE0D9CB7_highlight">
		<Style>
			<IconStyle>
				<scale>1.2</scale>
				<Icon>
					<href>https://earth.google.com/earth/document/icon?color=7b1fa2&amp;id=2163&amp;scale=4</href>
				</Icon>
				<hotSpot x="64" y="128" xunits="pixels" yunits="insetPixels"/>
			</IconStyle>
			<LabelStyle>
				<scale>0</scale>
			</LabelStyle>
			<LineStyle>
				<color>ff2dc0fb</color>
				<width>4.8</width>
			</LineStyle>
			<PolyStyle>
				<color>40ffffff</color>
			</PolyStyle>
			<BalloonStyle>
				<gx:displayMode>card</gx:displayMode>
			</BalloonStyle>
		</Style>
	</gx:CascadingStyle>
	<StyleMap id="__managed_style_0989CEC38140DE0D9CC4">
		<Pair>
			<key>normal</key>
			<styleUrl>#__managed_style_0989CEC38140DE0D9CC4_normal</styleUrl>
		</Pair>
		<Pair>
			<key>highlight</key>
			<styleUrl>#__managed_style_0989CEC38140DE0D9CC4_highlight</styleUrl>
		</Pair>
	</StyleMap>
	<gx:CascadingStyle kml:id="__managed_style_0462EC68B040DE0D9CB4_highlight">
		<Style>
			<IconStyle>
				<scale>1.2</scale>
				<Icon>
					<href>https://earth.google.com/earth/document/icon?color=303f9f&amp;id=2034&amp;scale=4</href>
				</Icon>
				<hotSpot x="64" y="128" xunits="pixels" yunits="insetPixels"/>
			</IconStyle>
			<LabelStyle>
				<scale>0</scale>
			</LabelStyle>
			<LineStyle>
				<color>ff2dc0fb</color>
				<width>4.8</width>
			</LineStyle>
			<PolyStyle>
				<color>40ffffff</color>
			</PolyStyle>
			<BalloonStyle>
				<gx:displayMode>card</gx:displayMode>
			</BalloonStyle>
		</Style>
	</gx:CascadingStyle>
	<StyleMap id="__managed_style_07D356DD7F40DE0D9CC8">
		<Pair>
			<key>normal</key>
			<styleUrl>#__managed_style_07D356DD7F40DE0D9CC8_normal</styleUrl>
		</Pair>
		<Pair>
			<key>highlight</key>
			<styleUrl>#__managed_style_07D356DD7F40DE0D9CC8_highlight</styleUrl>
		</Pair>
	</StyleMap>
	<StyleMap id="__managed_style_0085B2EC8E40DE0D9CCB">
		<Pair>
			<key>normal</key>
			<styleUrl>#__managed_style_0085B2EC8E40DE0D9CCB_normal</styleUrl>
		</Pair>
		<Pair>
			<key>highlight</key>
			<styleUrl>#__managed_style_0085B2EC8E40DE0D9CCB_highlight</styleUrl>
		</Pair>
	</StyleMap>
	<gx:CascadingStyle kml:id="__managed_style_338D6BD7BC40DE0D9CB4_normal">
		<Style>
			<IconStyle>
				<Icon>
					<href>https://earth.google.com/earth/document/icon?color=7b1fa2&amp;id=2039&amp;scale=4</href>
				</Icon>
				<hotSpot x="64" y="128" xunits="pixels" yunits="insetPixels"/>
			</IconStyle>
			<LabelStyle>
				<scale>0</scale>
			</LabelStyle>
			<LineStyle>
				<color>ff2dc0fb</color>
				<width>3.2</width>
			</LineStyle>
			<PolyStyle>
				<color>40ffffff</color>
			</PolyStyle>
			<BalloonStyle>
				<gx:displayMode>card</gx:displayMode>
			</BalloonStyle>
		</Style>
	</gx:CascadingStyle>
	<StyleMap id="__managed_style_338D6BD7BC40DE0D9CB4">
		<Pair>
			<key>normal</key>
			<styleUrl>#__managed_style_338D6BD7BC40DE0D9CB4_normal</styleUrl>
		</Pair>
		<Pair>
			<key>highlight</key>
			<styleUrl>#__managed_style_338D6BD7BC40DE0D9CB4_highlight</styleUrl>
		</Pair>
	</StyleMap>
	<gx:CascadingStyle kml:id="__managed_style_03C64F696B40DE0D9CBF_normal">
		<Style>
			<IconStyle>
				<Icon>
					<href>https://earth.google.com/earth/document/icon?color=7b1fa2&amp;id=2118&amp;scale=4</href>
				</Icon>
				<hotSpot x="64" y="128" xunits="pixels" yunits="insetPixels"/>
			</IconStyle>
			<LabelStyle>
				<scale>0</scale>
			</LabelStyle>
			<LineStyle>
				<color>ff2dc0fb</color>
				<width>3.2</width>
			</LineStyle>
			<PolyStyle>
				<color>40ffffff</color>
			</PolyStyle>
			<BalloonStyle>
				<gx:displayMode>card</gx:displayMode>
			</BalloonStyle>
		</Style>
	</gx:CascadingStyle>
	<StyleMap id="__managed_style_16528C8C7A40DE0D9CB7">
		<Pair>
			<key>normal</key>
			<styleUrl>#__managed_style_16528C8C7A40DE0D9CB7_normal</styleUrl>
		</Pair>
		<Pair>
			<key>highlight</key>
			<styleUrl>#__managed_style_16528C8C7A40DE0D9CB7_highlight</styleUrl>
		</Pair>
	</StyleMap>
	<gx:CascadingStyle kml:id="__managed_style_1DA25EAB0040DE0D9CD3_normal">
		<Style>
			<IconStyle>
				<Icon>
					<href>https://earth.google.com/earth/document/icon?color=7b1fa2&amp;id=2006&amp;scale=4</href>
				</Icon>
				<hotSpot x="64" y="128" xunits="pixels" yunits="insetPixels"/>
			</IconStyle>
			<LabelStyle>
				<scale>0</scale>
			</LabelStyle>
			<LineStyle>
				<color>ff2dc0fb</color>
				<width>3.2</width>
			</LineStyle>
			<PolyStyle>
				<color>40ffffff</color>
			</PolyStyle>
			<BalloonStyle>
				<displayMode>hide</displayMode>
			</BalloonStyle>
		</Style>
	</gx:CascadingStyle>
	<gx:CascadingStyle kml:id="__managed_style_0833D987D240DE0D9CB1_normal">
		<Style>
			<IconStyle>
				<Icon>
					<href>https://earth.google.com/earth/document/icon?color=7b1fa2&amp;id=2006&amp;scale=4</href>
				</Icon>
				<hotSpot x="64" y="128" xunits="pixels" yunits="insetPixels"/>
			</IconStyle>
			<LabelStyle>
				<scale>0</scale>
			</LabelStyle>
			<LineStyle>
				<color>ff2dc0fb</color>
				<width>3.2</width>
			</LineStyle>
			<PolyStyle>
				<color>40ffffff</color>
			</PolyStyle>
			<BalloonStyle>
				<gx:displayMode>card</gx:displayMode>
			</BalloonStyle>
		</Style>
	</gx:CascadingStyle>
	<gx:CascadingStyle kml:id="__managed_style_067C2C239E40DE0D9CB3_normal">
		<Style>
			<IconStyle>
				<Icon>
					<href>https://earth.google.com/earth/document/icon?color=303f9f&amp;id=2339&amp;scale=4</href>
				</Icon>
				<hotSpot x="64" y="128" xunits="pixels" yunits="insetPixels"/>
			</IconStyle>
			<LabelStyle>
				<scale>0</scale>
			</LabelStyle>
			<LineStyle>
				<color>ff2dc0fb</color>
				<width>3.2</width>
			</LineStyle>
			<PolyStyle>
				<color>40ffffff</color>
			</PolyStyle>
			<BalloonStyle>
				<gx:displayMode>card</gx:displayMode>
			</BalloonStyle>
		</Style>
	</gx:CascadingStyle>
	<StyleMap id="__managed_style_1B4E91D93140DE0D9CCC">
		<Pair>
			<key>normal</key>
			<styleUrl>#__managed_style_1B4E91D93140DE0D9CCC_normal</styleUrl>
		</Pair>
		<Pair>
			<key>highlight</key>
			<styleUrl>#__managed_style_1B4E91D93140DE0D9CCC_highlight</styleUrl>
		</Pair>
	</StyleMap>
	<gx:CascadingStyle kml:id="__managed_style_03C64F696B40DE0D9CBF_highlight">
		<Style>
			<IconStyle>
				<scale>1.2</scale>
				<Icon>
					<href>https://earth.google.com/earth/document/icon?color=7b1fa2&amp;id=2118&amp;scale=4</href>
				</Icon>
				<hotSpot x="64" y="128" xunits="pixels" yunits="insetPixels"/>
			</IconStyle>
			<LabelStyle>
				<scale>0</scale>
			</LabelStyle>
			<LineStyle>
				<color>ff2dc0fb</color>
				<width>4.8</width>
			</LineStyle>
			<PolyStyle>
				<color>40ffffff</color>
			</PolyStyle>
			<BalloonStyle>
				<gx:displayMode>card</gx:displayMode>
			</BalloonStyle>
		</Style>
	</gx:CascadingStyle>
	<gx:CascadingStyle kml:id="__managed_style_1B4E91D93140DE0D9CCC_normal">
		<Style>
			<IconStyle>
				<Icon>
					<href>https://earth.google.com/earth/document/icon?color=7b1fa2&amp;id=2162&amp;scale=4</href>
				</Icon>
				<hotSpot x="64" y="128" xunits="pixels" yunits="insetPixels"/>
			</IconStyle>
			<LabelStyle>
				<scale>0</scale>
			</LabelStyle>
			<LineStyle>
				<color>ff2dc0fb</color>
				<width>3.2</width>
			</LineStyle>
			<PolyStyle>
				<color>40ffffff</color>
			</PolyStyle>
			<BalloonStyle>
				<gx:displayMode>card</gx:displayMode>
			</BalloonStyle>
		</Style>
	</gx:CascadingStyle>
	<gx:CascadingStyle kml:id="__managed_style_1DAAFA570140DE0D9CB3_normal">
		<Style>
			<IconStyle>
				<Icon>
					<href>https://earth.google.com/earth/document/icon?color=7b1fa2&amp;id=2156&amp;scale=4</href>
				</Icon>
				<hotSpot x="64" y="128" xunits="pixels" yunits="insetPixels"/>
			</IconStyle>
			<LabelStyle>
				<scale>0</scale>
			</LabelStyle>
			<LineStyle>
				<color>ff2dc0fb</color>
				<width>3.2</width>
			</LineStyle>
			<PolyStyle>
				<color>40ffffff</color>
			</PolyStyle>
			<BalloonStyle>
				<gx:displayMode>card</gx:displayMode>
			</BalloonStyle>
		</Style>
	</gx:CascadingStyle>
	<StyleMap id="__managed_style_0D4657CEB940DE0D9CD4">
		<Pair>
			<key>normal</key>
			<styleUrl>#__managed_style_0D4657CEB940DE0D9CD4_normal</styleUrl>
		</Pair>
		<Pair>
			<key>highlight</key>
			<styleUrl>#__managed_style_0D4657CEB940DE0D9CD4_highlight</styleUrl>
		</Pair>
	</StyleMap>
	<gx:CascadingStyle kml:id="__managed_style_030EA0281840DE0D9CD3_highlight">
		<Style>
			<IconStyle>
				<scale>1.2</scale>
				<Icon>
					<href>https://earth.google.com/earth/document/icon?color=1976d2&amp;id=2000&amp;scale=4</href>
				</Icon>
				<hotSpot x="64" y="128" xunits="pixels" yunits="insetPixels"/>
			</IconStyle>
			<LabelStyle>
				<scale>0</scale>
			</LabelStyle>
			<LineStyle>
				<color>ffa21f7b</color>
				<width>9.6</width>
			</LineStyle>
			<PolyStyle>
				<color>40ffffff</color>
			</PolyStyle>
			<BalloonStyle>
			</BalloonStyle>
		</Style>
	</gx:CascadingStyle>
	<gx:CascadingStyle kml:id="__managed_style_1C52047F1040DE0D9CBC_highlight">
		<Style>
			<IconStyle>
				<scale>1.2</scale>
				<Icon>
					<href>https://earth.google.com/earth/document/icon?color=1976d2&amp;id=2000&amp;scale=4</href>
				</Icon>
				<hotSpot x="64" y="128" xunits="pixels" yunits="insetPixels"/>
			</IconStyle>
			<LabelStyle>
				<scale>0</scale>
			</LabelStyle>
			<LineStyle>
				<color>ff2dc0fb</color>
				<width>4.8</width>
			</LineStyle>
			<PolyStyle>
				<color>40ffffff</color>
			</PolyStyle>
			<BalloonStyle>
			</BalloonStyle>
		</Style>
	</gx:CascadingStyle>
	<gx:CascadingStyle kml:id="__managed_style_030EA0281840DE0D9CD3_normal">
		<Style>
			<IconStyle>
				<Icon>
					<href>https://earth.google.com/earth/document/icon?color=1976d2&amp;id=2000&amp;scale=4</href>
				</Icon>
				<hotSpot x="64" y="128" xunits="pixels" yunits="insetPixels"/>
			</IconStyle>
			<LabelStyle>
				<scale>0</scale>
			</LabelStyle>
			<LineStyle>
				<color>ffa21f7b</color>
				<width>6.4</width>
			</LineStyle>
			<PolyStyle>
				<color>40ffffff</color>
			</PolyStyle>
			<BalloonStyle>
			</BalloonStyle>
		</Style>
	</gx:CascadingStyle>
	<gx:CascadingStyle kml:id="__managed_style_0D3879962B40DE0D9CC7_highlight">
		<Style>
			<IconStyle>
				<scale>1.2</scale>
				<Icon>
					<href>https://earth.google.com/earth/document/icon?color=1976d2&amp;id=2000&amp;scale=4</href>
				</Icon>
				<hotSpot x="64" y="128" xunits="pixels" yunits="insetPixels"/>
			</IconStyle>
			<LabelStyle>
				<scale>0</scale>
			</LabelStyle>
			<LineStyle>
				<color>ffa21f7b</color>
				<width>9.6</width>
			</LineStyle>
			<PolyStyle>
				<color>40ffffff</color>
			</PolyStyle>
			<BalloonStyle>
			</BalloonStyle>
		</Style>
	</gx:CascadingStyle>
	<StyleMap id="__managed_style_014EB8920B40DE0D9CBE">
		<Pair>
			<key>normal</key>
			<styleUrl>#__managed_style_014EB8920B40DE0D9CBE_normal</styleUrl>
		</Pair>
		<Pair>
			<key>highlight</key>
			<styleUrl>#__managed_style_014EB8920B40DE0D9CBE_highlight</styleUrl>
		</Pair>
	</StyleMap>
	<StyleMap id="__managed_style_1FC0EEB69A40DE0D9CBB">
		<Pair>
			<key>normal</key>
			<styleUrl>#__managed_style_1FC0EEB69A40DE0D9CBB_normal</styleUrl>
		</Pair>
		<Pair>
			<key>highlight</key>
			<styleUrl>#__managed_style_1FC0EEB69A40DE0D9CBB_highlight</styleUrl>
		</Pair>
	</StyleMap>
	<gx:CascadingStyle kml:id="__managed_style_0085B2EC8E40DE0D9CCB_normal">
		<Style>
			<IconStyle>
				<Icon>
					<href>https://earth.google.com/earth/document/icon?color=7b1fa2&amp;id=2359&amp;scale=4</href>
				</Icon>
				<hotSpot x="64" y="128" xunits="pixels" yunits="insetPixels"/>
			</IconStyle>
			<LabelStyle>
				<scale>0</scale>
			</LabelStyle>
			<LineStyle>
				<color>ff2dc0fb</color>
				<width>3.2</width>
			</LineStyle>
			<PolyStyle>
				<color>40ffffff</color>
			</PolyStyle>
			<BalloonStyle>
				<gx:displayMode>card</gx:displayMode>
			</BalloonStyle>
		</Style>
	</gx:CascadingStyle>
	<StyleMap id="__managed_style_1D16B8BDC340DE0D9CB8">
		<Pair>
			<key>normal</key>
			<styleUrl>#__managed_style_1D16B8BDC340DE0D9CB8_normal</styleUrl>
		</Pair>
		<Pair>
			<key>highlight</key>
			<styleUrl>#__managed_style_1D16B8BDC340DE0D9CB8_highlight</styleUrl>
		</Pair>
	</StyleMap>
	<StyleMap id="__managed_style_23144521D340DE0D9CB4">
		<Pair>
			<key>normal</key>
			<styleUrl>#__managed_style_23144521D340DE0D9CB4_normal</styleUrl>
		</Pair>
		<Pair>
			<key>highlight</key>
			<styleUrl>#__managed_style_23144521D340DE0D9CB4_highlight</styleUrl>
		</Pair>
	</StyleMap>
	<gx:CascadingStyle kml:id="__managed_style_1EBF6C0D4540DE0D9CC4_highlight">
		<Style>
			<IconStyle>
				<scale>1.2</scale>
				<Icon>
					<href>https://earth.google.com/earth/document/icon?color=1976d2&amp;id=2000&amp;scale=4</href>
				</Icon>
				<hotSpot x="64" y="128" xunits="pixels" yunits="insetPixels"/>
			</IconStyle>
			<LabelStyle>
				<scale>0</scale>
			</LabelStyle>
			<LineStyle>
				<color>ffa21f7b</color>
				<width>4.8</width>
			</LineStyle>
			<PolyStyle>
				<color>40a21f7b</color>
			</PolyStyle>
			<BalloonStyle>
			</BalloonStyle>
		</Style>
	</gx:CascadingStyle>
	<gx:CascadingStyle kml:id="__managed_style_23144521D340DE0D9CB4_normal">
		<Style>
			<IconStyle>
				<Icon>
					<href>https://earth.google.com/earth/document/icon?color=1976d2&amp;id=2000&amp;scale=4</href>
				</Icon>
				<hotSpot x="64" y="128" xunits="pixels" yunits="insetPixels"/>
			</IconStyle>
			<LabelStyle>
				<scale>0</scale>
			</LabelStyle>
			<LineStyle>
				<color>ffa21f7b</color>
				<width>3.2</width>
			</LineStyle>
			<PolyStyle>
				<color>40ffffff</color>
			</PolyStyle>
			<BalloonStyle>
			</BalloonStyle>
		</Style>
	</gx:CascadingStyle>
	<gx:CascadingStyle kml:id="__managed_style_338D6BD7BC40DE0D9CB4_highlight">
		<Style>
			<IconStyle>
				<scale>1.2</scale>
				<Icon>
					<href>https://earth.google.com/earth/document/icon?color=7b1fa2&amp;id=2039&amp;scale=4</href>
				</Icon>
				<hotSpot x="64" y="128" xunits="pixels" yunits="insetPixels"/>
			</IconStyle>
			<LabelStyle>
				<scale>0</scale>
			</LabelStyle>
			<LineStyle>
				<color>ff2dc0fb</color>
				<width>4.8</width>
			</LineStyle>
			<PolyStyle>
				<color>40ffffff</color>
			</PolyStyle>
			<BalloonStyle>
				<gx:displayMode>card</gx:displayMode>
			</BalloonStyle>
		</Style>
	</gx:CascadingStyle>
	<gx:CascadingStyle kml:id="__managed_style_0989CEC38140DE0D9CC4_normal">
		<Style>
			<IconStyle>
				<Icon>
					<href>https://earth.google.com/earth/document/icon?color=388e3c&amp;id=2385&amp;scale=4</href>
				</Icon>
				<hotSpot x="64" y="128" xunits="pixels" yunits="insetPixels"/>
			</IconStyle>
			<LabelStyle>
				<scale>0</scale>
			</LabelStyle>
			<LineStyle>
				<color>ff2dc0fb</color>
				<width>3.2</width>
			</LineStyle>
			<PolyStyle>
				<color>40ffffff</color>
			</PolyStyle>
			<BalloonStyle>
				<gx:displayMode>card</gx:displayMode>
			</BalloonStyle>
		</Style>
	</gx:CascadingStyle>
	<gx:CascadingStyle kml:id="__managed_style_23FD2B742240DE0D9CC4_highlight">
		<Style>
			<IconStyle>
				<scale>1.8</scale>
				<Icon>
					<href>https://earth.google.com/earth/document/icon?color=7b1fa2&amp;id=2163&amp;scale=4</href>
				</Icon>
				<hotSpot x="64" y="128" xunits="pixels" yunits="insetPixels"/>
			</IconStyle>
			<LabelStyle>
				<scale>0</scale>
			</LabelStyle>
			<LineStyle>
				<color>ff2dc0fb</color>
				<width>4.8</width>
			</LineStyle>
			<PolyStyle>
				<color>40ffffff</color>
			</PolyStyle>
			<BalloonStyle>
				<gx:displayMode>card</gx:displayMode>
			</BalloonStyle>
		</Style>
	</gx:CascadingStyle>
	<gx:CascadingStyle kml:id="__managed_style_1DAAFA570140DE0D9CB3_highlight">
		<Style>
			<IconStyle>
				<scale>1.2</scale>
				<Icon>
					<href>https://earth.google.com/earth/document/icon?color=7b1fa2&amp;id=2156&amp;scale=4</href>
				</Icon>
				<hotSpot x="64" y="128" xunits="pixels" yunits="insetPixels"/>
			</IconStyle>
			<LabelStyle>
				<scale>0</scale>
			</LabelStyle>
			<LineStyle>
				<color>ff2dc0fb</color>
				<width>4.8</width>
			</LineStyle>
			<PolyStyle>
				<color>40ffffff</color>
			</PolyStyle>
			<BalloonStyle>
				<gx:displayMode>card</gx:displayMode>
			</BalloonStyle>
		</Style>
	</gx:CascadingStyle>
	<gx:CascadingStyle kml:id="__managed_style_07D356DD7F40DE0D9CC8_normal">
		<Style>
			<IconStyle>
				<scale>1.5</scale>
				<Icon>
					<href>https://earth.google.com/earth/document/icon?color=7b1fa2&amp;id=2006&amp;scale=4</href>
				</Icon>
				<hotSpot x="64" y="128" xunits="pixels" yunits="insetPixels"/>
			</IconStyle>
			<LabelStyle>
				<scale>0</scale>
			</LabelStyle>
			<LineStyle>
				<color>ff2dc0fb</color>
				<width>3.2</width>
			</LineStyle>
			<PolyStyle>
				<color>40ffffff</color>
			</PolyStyle>
			<BalloonStyle>
				<gx:displayMode>card</gx:displayMode>
			</BalloonStyle>
		</Style>
	</gx:CascadingStyle>
	<gx:CascadingStyle kml:id="__managed_style_1FC0EEB69A40DE0D9CBB_highlight">
		<Style>
			<IconStyle>
				<scale>1.2</scale>
				<Icon>
					<href>https://earth.google.com/earth/document/icon?color=1976d2&amp;id=2000&amp;scale=4</href>
				</Icon>
				<hotSpot x="64" y="128" xunits="pixels" yunits="insetPixels"/>
			</IconStyle>
			<LabelStyle>
				<scale>0</scale>
			</LabelStyle>
			<LineStyle>
				<color>ffa21f7b</color>
				<width>4.8</width>
			</LineStyle>
			<PolyStyle>
				<color>40a21f7b</color>
			</PolyStyle>
			<BalloonStyle>
			</BalloonStyle>
		</Style>
	</gx:CascadingStyle>
	<gx:CascadingStyle kml:id="__managed_style_1DA25EAB0040DE0D9CD3_highlight">
		<Style>
			<IconStyle>
				<scale>1.2</scale>
				<Icon>
					<href>https://earth.google.com/earth/document/icon?color=7b1fa2&amp;id=2006&amp;scale=4</href>
				</Icon>
				<hotSpot x="64" y="128" xunits="pixels" yunits="insetPixels"/>
			</IconStyle>
			<LabelStyle>
				<scale>0</scale>
			</LabelStyle>
			<LineStyle>
				<color>ff2dc0fb</color>
				<width>4.8</width>
			</LineStyle>
			<PolyStyle>
				<color>40ffffff</color>
			</PolyStyle>
			<BalloonStyle>
				<displayMode>hide</displayMode>
			</BalloonStyle>
		</Style>
	</gx:CascadingStyle>
	<gx:CascadingStyle kml:id="__managed_style_067C2C239E40DE0D9CB3_highlight">
		<Style>
			<IconStyle>
				<scale>1.2</scale>
				<Icon>
					<href>https://earth.google.com/earth/document/icon?color=303f9f&amp;id=2339&amp;scale=4</href>
				</Icon>
				<hotSpot x="64" y="128" xunits="pixels" yunits="insetPixels"/>
			</IconStyle>
			<LabelStyle>
				<scale>0</scale>
			</LabelStyle>
			<LineStyle>
				<color>ff2dc0fb</color>
				<width>4.8</width>
			</LineStyle>
			<PolyStyle>
				<color>40ffffff</color>
			</PolyStyle>
			<BalloonStyle>
				<gx:displayMode>card</gx:displayMode>
			</BalloonStyle>
		</Style>
	</gx:CascadingStyle>
	<StyleMap id="__managed_style_0D3879962B40DE0D9CC7">
		<Pair>
			<key>normal</key>
			<styleUrl>#__managed_style_0D3879962B40DE0D9CC7_normal</styleUrl>
		</Pair>
		<Pair>
			<key>highlight</key>
			<styleUrl>#__managed_style_0D3879962B40DE0D9CC7_highlight</styleUrl>
		</Pair>
	</StyleMap>
	<gx:CascadingStyle kml:id="__managed_style_14229E0B8340DE0D9CB6_normal">
		<Style>
			<IconStyle>
				<Icon>
					<href>https://earth.google.com/earth/document/icon?color=1976d2&amp;id=2000&amp;scale=4</href>
				</Icon>
				<hotSpot x="64" y="128" xunits="pixels" yunits="insetPixels"/>
			</IconStyle>
			<LabelStyle>
			</LabelStyle>
			<LineStyle>
				<color>ff2dc0fb</color>
				<width>3.2</width>
			</LineStyle>
			<PolyStyle>
				<color>40ffffff</color>
			</PolyStyle>
			<BalloonStyle>
			</BalloonStyle>
		</Style>
	</gx:CascadingStyle>
	<gx:CascadingStyle kml:id="__managed_style_0A5504832D40DE0D9CC0_normal">
		<Style>
			<IconStyle>
				<Icon>
					<href>https://earth.google.com/earth/document/icon?color=7b1fa2&amp;id=2006&amp;scale=4</href>
				</Icon>
				<hotSpot x="64" y="128" xunits="pixels" yunits="insetPixels"/>
			</IconStyle>
			<LabelStyle>
				<scale>0</scale>
			</LabelStyle>
			<LineStyle>
				<color>ff2dc0fb</color>
				<width>3.2</width>
			</LineStyle>
			<PolyStyle>
				<color>40ffffff</color>
			</PolyStyle>
			<BalloonStyle>
			</BalloonStyle>
		</Style>
	</gx:CascadingStyle>
	<StyleMap id="__managed_style_09E1EA981C40DE0D9CB7">
		<Pair>
			<key>normal</key>
			<styleUrl>#__managed_style_09E1EA981C40DE0D9CB7_normal</styleUrl>
		</Pair>
		<Pair>
			<key>highlight</key>
			<styleUrl>#__managed_style_09E1EA981C40DE0D9CB7_highlight</styleUrl>
		</Pair>
	</StyleMap>
	<StyleMap id="__managed_style_14229E0B8340DE0D9CB6">
		<Pair>
			<key>normal</key>
			<styleUrl>#__managed_style_14229E0B8340DE0D9CB6_normal</styleUrl>
		</Pair>
		<Pair>
			<key>highlight</key>
			<styleUrl>#__managed_style_14229E0B8340DE0D9CB6_highlight</styleUrl>
		</Pair>
	</StyleMap>
	<Folder id="0B4B63647C3B5BC30610">
		<name>ברצלונה</name>
		<styleUrl>#__managed_style_14229E0B8340DE0D9CB6</styleUrl>
		<Folder id="034558EB463B5FCC8378">
			<name>כללי</name>
			<styleUrl>#__managed_style_1C52047F1040DE0D9CBC</styleUrl>
			<Placemark id="04D7B008802E2B95CB8A">
				<name>La Rambla - רחוב קניות מרכזי</name>
				<LookAt>
					<longitude>2.170390407604093</longitude>
					<latitude>41.38506277884504</latitude>
					<altitude>14.8722180456505</altitude>
					<heading>336.7574537090692</heading>
					<tilt>0</tilt>
					<gx:fovy>35</gx:fovy>
					<range>1111.443487903598</range>
					<altitudeMode>absolute</altitudeMode>
				</LookAt>
				<styleUrl>#__managed_style_0D3879962B40DE0D9CC7</styleUrl>
				<LineString>
					<coordinates>
						2.177172417729287,41.37637614685653,0 2.176107082923016,41.37778040430247,0 2.175521286821829,41.37855292802635,0 2.174340942706061,41.37992629536302,0 2.171974661107556,41.3827257276849,0 2.171157541906734,41.38387233572551,0 2.170067949360825,41.38560075588602,0 2.168711206400127,41.38711763972638,0 
					</coordinates>
				</LineString>
			</Placemark>
			<Placemark id="069222BD2C3765100C80">
				<name>Untitled path</name>
				<LookAt>
					<longitude>2.152885339957296</longitude>
					<latitude>41.37098105477618</latitude>
					<altitude>55.23684949068553</altitude>
					<heading>155.2858021150884</heading>
					<tilt>0.1744015400411834</tilt>
					<gx:fovy>35</gx:fovy>
					<range>2459.274199152715</range>
					<altitudeMode>absolute</altitudeMode>
				</LookAt>
				<styleUrl>#__managed_style_23144521D340DE0D9CB4</styleUrl>
				<LineString>
					<coordinates>
						2.149177256653405,41.37500921233486,0 2.153427914178767,41.36869273834493,0 
					</coordinates>
				</LineString>
			</Placemark>
			<Placemark id="07F8966F3537654A0D16">
				<name>Tibidabo Funicular - רכבל הר</name>
				<gx:mid>/m/043njkk</gx:mid>
				<gx:fid>0x12a4981bf42f3d4d:0x88e58a79ec4ba7fb</gx:fid>
				<LookAt>
					<longitude>2.1312004</longitude>
					<latitude>41.4164054</latitude>
					<altitude>0</altitude>
					<heading>0</heading>
					<tilt>0</tilt>
					<gx:fovy>35</gx:fovy>
					<range>768.5699618453268</range>
					<altitudeMode>relativeToGround</altitudeMode>
				</LookAt>
				<styleUrl>#__managed_style_1DA25EAB0040DE0D9CD3</styleUrl>
				<Point>
					<altitudeMode>relativeToGround</altitudeMode>
					<coordinates>2.1312004,41.4164054,0</coordinates>
				</Point>
			</Placemark>
			<Placemark id="0D9D78F36437654A53E0">
				<name>Untitled path</name>
				<LookAt>
					<longitude>2.120368246380289</longitude>
					<latitude>41.42004545458489</latitude>
					<altitude>431.1630928285931</altitude>
					<heading>24.81406170415998</heading>
					<tilt>0</tilt>
					<gx:fovy>35</gx:fovy>
					<range>2258.995265139383</range>
					<altitudeMode>absolute</altitudeMode>
				</LookAt>
				<styleUrl>#__managed_style_23144521D340DE0D9CB4</styleUrl>
				<LineString>
					<coordinates>
						2.119815883387184,41.42129822021458,0 2.131145905589042,41.41638353070955,0 
					</coordinates>
				</LineString>
			</Placemark>
			<Placemark id="0F5FE0556B399D2522F8">
				<name>Montserrat</name>
				<gx:mid>/g/11hbg9cvq_</gx:mid>
				<gx:fid>0x12a4f550b49ad2a3:0xfbd179db1f262ba</gx:fid>
				<LookAt>
					<longitude>1.836824</longitude>
					<latitude>41.59557379999999</latitude>
					<altitude>0</altitude>
					<heading>0</heading>
					<tilt>0</tilt>
					<gx:fovy>35</gx:fovy>
					<range>766.2498236713296</range>
					<altitudeMode>relativeToGround</altitudeMode>
				</LookAt>
				<styleUrl>#__managed_style_07D356DD7F40DE0D9CC8</styleUrl>
				<Point>
					<altitudeMode>relativeToGround</altitudeMode>
					<coordinates>1.837524601975165,41.59392366866789,0</coordinates>
				</Point>
			</Placemark>
			<Placemark id="0DA77131D93B575CBDF3">
				<gx:mid>/g/11c6_ynfwf</gx:mid>
				<gx:fid>0x12a45ffb67a52121:0xb343b739e7dcfac</gx:fid>
				<LookAt>
					<longitude>1.8234402</longitude>
					<latitude>41.59232</latitude>
					<altitude>0</altitude>
					<heading>0</heading>
					<tilt>0</tilt>
					<gx:fovy>35</gx:fovy>
					<range>766.2920220474493</range>
					<altitudeMode>relativeToGround</altitudeMode>
				</LookAt>
				<styleUrl>#__managed_style_1DAAFA570140DE0D9CB3</styleUrl>
				<Point>
					<altitudeMode>relativeToGround</altitudeMode>
					<coordinates>1.8234402,41.59232,0</coordinates>
				</Point>
			</Placemark>
			<Placemark id="08373160993B5BC88E28">
				<gx:mid>/g/11x9g9qdn</gx:mid>
				<gx:fid>0x12a4a2f8f8f73b8d:0x53942bc949bf1452</gx:fid>
				<LookAt>
					<longitude>2.1772461</longitude>
					<latitude>41.3827978</latitude>
					<altitude>0</altitude>
					<heading>0</heading>
					<tilt>0</tilt>
					<gx:fovy>35</gx:fovy>
					<range>769.0043700026504</range>
					<altitudeMode>relativeToGround</altitudeMode>
				</LookAt>
				<styleUrl>#__managed_style_0833D987D240DE0D9CB1</styleUrl>
				<Point>
					<altitudeMode>relativeToGround</altitudeMode>
					<coordinates>2.177061850757049,41.38271838948379,0</coordinates>
				</Point>
			</Placemark>
			<Placemark id="053C6FF9F23B5BCF9CF4">
				<gx:mid>/m/011jlzvl</gx:mid>
				<gx:fid>0x12a4a3a8dd90a90b:0x18fe30c6000dc20f</gx:fid>
				<LookAt>
					<longitude>2.1898979</longitude>
					<latitude>41.371416</latitude>
					<altitude>0</altitude>
					<heading>0</heading>
					<tilt>0</tilt>
					<gx:fovy>35</gx:fovy>
					<range>769.1514330119866</range>
					<altitudeMode>relativeToGround</altitudeMode>
				</LookAt>
				<styleUrl>#__managed_style_338D6BD7BC40DE0D9CB4</styleUrl>
				<Point>
					<altitudeMode>relativeToGround</altitudeMode>
					<coordinates>2.1892775,41.3712333,0</coordinates>
				</Point>
			</Placemark>
			<Placemark id="050B7DAF113B5BD02AC0">
				<gx:mid>/g/1pv6y4yrj</gx:mid>
				<gx:fid>0x12a4a308e5c8585f:0xe770cd715645743c</gx:fid>
				<LookAt>
					<longitude>2.19642545</longitude>
					<latitude>41.38331405</latitude>
					<altitude>0</altitude>
					<heading>0</heading>
					<tilt>0</tilt>
					<gx:fovy>35</gx:fovy>
					<range>768.997698909488</range>
					<altitudeMode>relativeToGround</altitudeMode>
				</LookAt>
				<styleUrl>#__managed_style_338D6BD7BC40DE0D9CB4</styleUrl>
				<Point>
					<altitudeMode>relativeToGround</altitudeMode>
					<coordinates>2.1957567,41.3837211,0</coordinates>
				</Point>
			</Placemark>
			<Placemark id="03FBF29B7E3B5BD14DD4">
				<gx:mid>/g/11g0h1fp9m</gx:mid>
				<gx:fid>0x12a4a384d899a2a5:0x7903c8b0d793e638</gx:fid>
				<LookAt>
					<longitude>2.1970933</longitude>
					<latitude>41.38599169999999</latitude>
					<altitude>0</altitude>
					<heading>0</heading>
					<tilt>0</tilt>
					<gx:fovy>35</gx:fovy>
					<range>768.9630967918924</range>
					<altitudeMode>relativeToGround</altitudeMode>
				</LookAt>
				<styleUrl>#__managed_style_16528C8C7A40DE0D9CB7</styleUrl>
				<Point>
					<altitudeMode>relativeToGround</altitudeMode>
					<coordinates>2.196987690870329,41.38609072062528,0</coordinates>
				</Point>
			</Placemark>
			<Placemark id="02B4F0B42B3B5BD54DD0">
				<name>מעגן עם מגוון מסעדות</name>
				<LookAt>
					<longitude>2.198936752903897</longitude>
					<latitude>41.38685122041113</latitude>
					<altitude>0.9490024274489639</altitude>
					<heading>314.8737247720899</heading>
					<tilt>0</tilt>
					<gx:fovy>35</gx:fovy>
					<range>1030.62653651039</range>
					<altitudeMode>absolute</altitudeMode>
				</LookAt>
				<styleUrl>#__managed_style_1F58907B1B40DE0D9CBF</styleUrl>
				<LineString>
					<coordinates>
						2.198066963802334,41.38704438128349,0 2.200489353010757,41.38883146558143,0 2.20255794141043,41.38733523806882,0 
					</coordinates>
				</LineString>
			</Placemark>
			<Placemark id="03D9098DE83B5BD5AC41">
				<gx:mid>/g/11lmrn02hz</gx:mid>
				<gx:fid>0x12a4a30035104911:0x83d714576862179c</gx:fid>
				<LookAt>
					<longitude>2.2005496</longitude>
					<latitude>41.3869133</latitude>
					<altitude>0</altitude>
					<heading>0</heading>
					<tilt>0</tilt>
					<gx:fovy>35</gx:fovy>
					<range>768.9511869834755</range>
					<altitudeMode>relativeToGround</altitudeMode>
				</LookAt>
				<styleUrl>#__managed_style_0833D987D240DE0D9CB1</styleUrl>
				<Point>
					<altitudeMode>relativeToGround</altitudeMode>
					<coordinates>2.2005496,41.3869133,0</coordinates>
				</Point>
			</Placemark>
			<Placemark id="0BB2AEE4883B5BD6D236">
				<name>Passeig Marítim de la Barceloneta - טיילת</name>
				<LookAt>
					<longitude>2.188991207707218</longitude>
					<latitude>41.3738596768719</latitude>
					<altitude>4.756684910453634</altitude>
					<heading>314.8837150451841</heading>
					<tilt>0</tilt>
					<gx:fovy>35</gx:fovy>
					<range>1037.277951264259</range>
					<altitudeMode>absolute</altitudeMode>
				</LookAt>
				<styleUrl>#__managed_style_1F58907B1B40DE0D9CBF</styleUrl>
				<LineString>
					<coordinates>
						2.197847810132183,41.38609595499069,0 2.1957723710864,41.38457126772695,0 2.191989477317906,41.37853335118674,0 2.191269314509079,41.37794410707726,0 2.190620571587616,41.37641715042788,0 2.189858076136817,41.37490914808118,0 2.189220539849914,41.37420933375385,0 
					</coordinates>
				</LineString>
			</Placemark>
			<Placemark id="01B6DC222C3B5BD9C07C">
				<gx:mid>/m/05mqpnj</gx:mid>
				<gx:fid>0x12a4a2538dad3549:0x8ff1a9bb0b3dc98f</gx:fid>
				<LookAt>
					<longitude>2.1806792</longitude>
					<latitude>41.37515819999999</latitude>
					<altitude>0</altitude>
					<heading>0</heading>
					<tilt>0</tilt>
					<gx:fovy>35</gx:fovy>
					<range>769.1030836271517</range>
					<altitudeMode>relativeToGround</altitudeMode>
				</LookAt>
				<styleUrl>#__managed_style_0833D987D240DE0D9CB1</styleUrl>
				<Point>
					<altitudeMode>relativeToGround</altitudeMode>
					<coordinates>2.1806792,41.3751582,0</coordinates>
				</Point>
			</Placemark>
			<Placemark id="09FC28B2DE3B5BDB9298">
				<name>אזור ראשי</name>
				<LookAt>
					<longitude>2.183118025147208</longitude>
					<latitude>41.37721365747106</latitude>
					<altitude>1.911089807943711</altitude>
					<heading>302.5898873446747</heading>
					<tilt>0</tilt>
					<gx:fovy>35</gx:fovy>
					<range>662.3862614406245</range>
					<altitudeMode>absolute</altitudeMode>
				</LookAt>
				<styleUrl>#__managed_style_1F58907B1B40DE0D9CBF</styleUrl>
				<LineString>
					<coordinates>
						2.177939995441078,41.37575414290889,0 2.178908779462483,41.37536297451441,0 2.179358604278119,41.37584030392361,0 2.180121234373993,41.37553110526624,0 2.180207193423651,41.37538056721559,0 2.180757502139627,41.37516158265063,0 2.181151860459307,41.37501097666767,0 2.182273782851736,41.37457313556666,0 2.183379501232772,41.37582052301954,0 2.182912439374103,41.37601860032313,0 2.183753205904919,41.37709278546332,0 
					</coordinates>
				</LineString>
			</Placemark>
			<Placemark id="0009235F903B5BDBE7C9">
				<gx:mid>/g/11lns0l3v_</gx:mid>
				<gx:fid>0x12a4a30065384bad:0x15800677c86964af</gx:fid>
				<LookAt>
					<longitude>2.1788445</longitude>
					<latitude>41.3757446</latitude>
					<altitude>0</altitude>
					<heading>0</heading>
					<tilt>0</tilt>
					<gx:fovy>35</gx:fovy>
					<range>769.0955070318175</range>
					<altitudeMode>relativeToGround</altitudeMode>
				</LookAt>
				<styleUrl>#__managed_style_0833D987D240DE0D9CB1</styleUrl>
				<Point>
					<altitudeMode>relativeToGround</altitudeMode>
					<coordinates>2.17862015395385,41.37547924600165,0</coordinates>
				</Point>
			</Placemark>
			<Placemark id="0DC15868863B5BDC43FC">
				<gx:mid>/g/11c32gk2jk</gx:mid>
				<gx:fid>0x12a4a256ae159653:0x5e445f0fb58b92a4</gx:fid>
				<LookAt>
					<longitude>2.1789618</longitude>
					<latitude>41.3760284</latitude>
					<altitude>0</altitude>
					<heading>0</heading>
					<tilt>0</tilt>
					<gx:fovy>35</gx:fovy>
					<range>769.0918401596283</range>
					<altitudeMode>relativeToGround</altitudeMode>
				</LookAt>
				<styleUrl>#__managed_style_16528C8C7A40DE0D9CB7</styleUrl>
				<Point>
					<altitudeMode>relativeToGround</altitudeMode>
					<coordinates>2.179000071804729,41.37601240998869,0</coordinates>
				</Point>
			</Placemark>
			<Placemark id="03E434FA483B5BDD2244">
				<gx:mid>/g/11gmtjz230</gx:mid>
				<gx:fid>0x12a4a3fd8183ca4d:0x3c74dbf1e8911bfe</gx:fid>
				<LookAt>
					<longitude>2.172405899999999</longitude>
					<latitude>41.3705277</latitude>
					<altitude>0</altitude>
					<heading>0</heading>
					<tilt>0</tilt>
					<gx:fovy>35</gx:fovy>
					<range>769.1629094289526</range>
					<altitudeMode>relativeToGround</altitudeMode>
				</LookAt>
				<styleUrl>#__managed_style_1DAAFA570140DE0D9CB3</styleUrl>
				<Point>
					<altitudeMode>relativeToGround</altitudeMode>
					<coordinates>2.1724059,41.3705277,0</coordinates>
				</Point>
			</Placemark>
			<Placemark id="04147239F73B5BDE09D8">
				<gx:mid>/g/11bzyx9z3v</gx:mid>
				<gx:fid>0x12a4a24394cc9adb:0x23719b6831901c02</gx:fid>
				<LookAt>
					<longitude>2.1694179</longitude>
					<latitude>41.3667094</latitude>
					<altitude>0</altitude>
					<heading>0</heading>
					<tilt>0</tilt>
					<gx:fovy>35</gx:fovy>
					<range>769.2122380660169</range>
					<altitudeMode>relativeToGround</altitudeMode>
				</LookAt>
				<styleUrl>#__managed_style_1DAAFA570140DE0D9CB3</styleUrl>
				<Point>
					<altitudeMode>relativeToGround</altitudeMode>
					<coordinates>2.1694179,41.3667094,0</coordinates>
				</Point>
			</Placemark>
			<Placemark id="069A23AF053B5BDE7B18">
				<gx:mid>/m/0d60f2</gx:mid>
				<gx:fid>0x12a4a254b5b360b5:0x3b20125368799960</gx:fid>
				<LookAt>
					<longitude>2.18449505</longitude>
					<latitude>41.3768344</latitude>
					<altitude>0</altitude>
					<heading>0</heading>
					<tilt>0</tilt>
					<gx:fovy>35</gx:fovy>
					<range>769.0814260416195</range>
					<altitudeMode>relativeToGround</altitudeMode>
				</LookAt>
				<styleUrl>#__managed_style_0833D987D240DE0D9CB1</styleUrl>
				<Point>
					<altitudeMode>relativeToGround</altitudeMode>
					<coordinates>2.1843334,41.3768473,0</coordinates>
				</Point>
			</Placemark>
			<Placemark id="078010EDFE3B5BDF8564">
				<name>רחוב ראשי</name>
				<LookAt>
					<longitude>2.182443687169151</longitude>
					<latitude>41.3814030523626</latitude>
					<altitude>4.138740897618107</altitude>
					<heading>304.8623270134659</heading>
					<tilt>0</tilt>
					<gx:fovy>35</gx:fovy>
					<range>809.9339782161405</range>
					<altitudeMode>absolute</altitudeMode>
				</LookAt>
				<styleUrl>#__managed_style_1F58907B1B40DE0D9CBF</styleUrl>
				<LineString>
					<coordinates>
						2.183753354593021,41.3770766213178,0 2.183828778634334,41.37722938922119,0 2.183542678770114,41.37787082709824,0 2.183549706248453,41.37865508849592,0 2.183338179680452,41.37912140205354,0 2.182248913392004,41.38124579638676,0 2.184015726767707,41.3812142653496,0 2.186287125999089,41.3821595900669,0 2.183879023419446,41.38322909070397,0 2.185800222386221,41.38553979379954,0 2.182235127330932,41.38124400656352,0 
					</coordinates>
				</LineString>
			</Placemark>
			<Placemark id="04A80FA7D23B5E8A27D4">
				<gx:mid>/m/0422md</gx:mid>
				<gx:fid>0x12a4a2a2323480a1:0xcef2071fd9460247</gx:fid>
				<LookAt>
					<longitude>2.1506455</longitude>
					<latitude>41.4034978</latitude>
					<altitude>0</altitude>
					<heading>0</heading>
					<tilt>0</tilt>
					<gx:fovy>35</gx:fovy>
					<range>768.7368337460839</range>
					<altitudeMode>relativeToGround</altitudeMode>
				</LookAt>
				<styleUrl>#__managed_style_16528C8C7A40DE0D9CB7</styleUrl>
				<Point>
					<altitudeMode>relativeToGround</altitudeMode>
					<coordinates>2.1506898,41.4034408,0</coordinates>
				</Point>
			</Placemark>
			<Placemark id="07E1B333A33B5E92D1BE">
				<gx:mid>/m/0nw8</gx:mid>
				<gx:fid>0x12a4a293998ae1d5:0xc49fa3624f371e6a</gx:fid>
				<LookAt>
					<longitude>2.1619024</longitude>
					<latitude>41.3952155</latitude>
					<altitude>0</altitude>
					<heading>0</heading>
					<tilt>0</tilt>
					<gx:fovy>35</gx:fovy>
					<range>768.8438894004014</range>
					<altitudeMode>relativeToGround</altitudeMode>
				</LookAt>
				<styleUrl>#__managed_style_16528C8C7A40DE0D9CB7</styleUrl>
				<Point>
					<altitudeMode>relativeToGround</altitudeMode>
					<coordinates>2.16182365682849,41.39526667945071,0</coordinates>
				</Point>
			</Placemark>
			<Placemark id="04852DCEE73B5E9B4028">
				<gx:mid>/g/11q43zz4ks</gx:mid>
				<gx:fid>0x12a4a3e0f86fd643:0xc105fa69a65fb3ac</gx:fid>
				<LookAt>
					<longitude>2.1894429</longitude>
					<latitude>41.4035826</latitude>
					<altitude>0</altitude>
					<heading>0</heading>
					<tilt>0</tilt>
					<gx:fovy>35</gx:fovy>
					<range>768.7357375563541</range>
					<altitudeMode>relativeToGround</altitudeMode>
				</LookAt>
				<styleUrl>#__managed_style_0085B2EC8E40DE0D9CCB</styleUrl>
				<Point>
					<altitudeMode>relativeToGround</altitudeMode>
					<coordinates>2.1894429,41.4035826,0</coordinates>
				</Point>
			</Placemark>
			<Placemark id="05C173A44B3B5EA1EFEF">
				<gx:mid>/m/0bjy6x</gx:mid>
				<gx:fid>0x12a4a2e3366a76a1:0xa9fe2baff53795b1</gx:fid>
				<LookAt>
					<longitude>2.180644899999999</longitude>
					<latitude>41.3910524</latitude>
					<altitude>0</altitude>
					<heading>0</heading>
					<tilt>0</tilt>
					<gx:fovy>35</gx:fovy>
					<range>768.8976951942805</range>
					<altitudeMode>relativeToGround</altitudeMode>
				</LookAt>
				<styleUrl>#__managed_style_16528C8C7A40DE0D9CB7</styleUrl>
				<Point>
					<altitudeMode>relativeToGround</altitudeMode>
					<coordinates>2.1806449,41.3910524,0</coordinates>
				</Point>
			</Placemark>
			<Placemark id="02636514453B5EA354E9">
				<gx:mid>/g/11fqc9b36b</gx:mid>
				<gx:fid>0x12a4a311d0cef9a7:0xc04c2c78b6f4be19</gx:fid>
				<LookAt>
					<longitude>2.1817574</longitude>
					<latitude>41.3902018</latitude>
					<altitude>0</altitude>
					<heading>0</heading>
					<tilt>0</tilt>
					<gx:fovy>35</gx:fovy>
					<range>768.9086882609488</range>
					<altitudeMode>relativeToGround</altitudeMode>
				</LookAt>
				<styleUrl>#__managed_style_0833D987D240DE0D9CB1</styleUrl>
				<Point>
					<altitudeMode>relativeToGround</altitudeMode>
					<coordinates>2.1817574,41.3902018,0</coordinates>
				</Point>
			</Placemark>
			<Placemark id="04EBA206983B5EA38D4F">
				<name>Passeig de Lluís Companys</name>
				<LookAt>
					<longitude>2.182165778162084</longitude>
					<latitude>41.39035654737239</latitude>
					<altitude>25.25220612679589</altitude>
					<heading>0</heading>
					<tilt>0</tilt>
					<gx:fovy>35</gx:fovy>
					<range>584.1620490221976</range>
					<altitudeMode>absolute</altitudeMode>
				</LookAt>
				<styleUrl>#__managed_style_1F58907B1B40DE0D9CBF</styleUrl>
				<LineString>
					<coordinates>
						2.180342995122897,41.39126543412777,0 2.183412634442987,41.38899597527785,0 
					</coordinates>
				</LineString>
			</Placemark>
			<Placemark id="0CA4D18F7D3B5EA9D8B9">
				<name>הרחוב המרכזי ביותר</name>
				<LookAt>
					<longitude>2.172588278119059</longitude>
					<latitude>41.38590066276301</latitude>
					<altitude>12.15534140905552</altitude>
					<heading>327.458631633072</heading>
					<tilt>0</tilt>
					<gx:fovy>35.00002640309452</gx:fovy>
					<range>582.1073548389541</range>
					<altitudeMode>absolute</altitudeMode>
				</LookAt>
				<styleUrl>#__managed_style_030EA0281840DE0D9CD3</styleUrl>
				<LineString>
					<coordinates>
						2.158019220247462,41.39781106962307,0 2.172490003077634,41.38605869342573,0 2.173733552873331,41.38515271876106,0 
					</coordinates>
				</LineString>
			</Placemark>
			<Placemark id="002C2840EC3B5FE59D1B">
				<gx:mid>/m/0nv9</gx:mid>
				<gx:fid>0x12a4a2ed494b4161:0x40d2782f9e2e4e0f</gx:fid>
				<LookAt>
					<longitude>2.164742299999999</longitude>
					<latitude>41.39160475</latitude>
					<altitude>0</altitude>
					<heading>0</heading>
					<tilt>0</tilt>
					<gx:fovy>35</gx:fovy>
					<range>768.8905565937569</range>
					<altitudeMode>relativeToGround</altitudeMode>
				</LookAt>
				<styleUrl>#__managed_style_0833D987D240DE0D9CB1</styleUrl>
				<Point>
					<altitudeMode>relativeToGround</altitudeMode>
					<coordinates>2.164918,41.3917,0</coordinates>
				</Point>
			</Placemark>
			<Placemark id="0FB02C83343B5FE7A7B9">
				<gx:mid>/g/11l2_xprch</gx:mid>
				<gx:fid>0x12a4a34ce3cd2c89:0x78eec059f995ffe3</gx:fid>
				<LookAt>
					<longitude>2.161779</longitude>
					<latitude>41.419236</latitude>
					<altitude>0</altitude>
					<heading>0</heading>
					<tilt>0</tilt>
					<gx:fovy>35</gx:fovy>
					<range>768.5333623652739</range>
					<altitudeMode>relativeToGround</altitudeMode>
				</LookAt>
				<styleUrl>#__managed_style_0833D987D240DE0D9CB1</styleUrl>
				<Point>
					<altitudeMode>relativeToGround</altitudeMode>
					<coordinates>2.161779,41.419236,0</coordinates>
				</Point>
			</Placemark>
			<Placemark id="0322F56A9C3B5FEA785F">
				<gx:mid>/g/1221x_wr</gx:mid>
				<gx:fid>0x12a4a36c5a05f533:0x6542d4e99e12dfa6</gx:fid>
				<LookAt>
					<longitude>2.20733945</longitude>
					<latitude>41.39397134999999</latitude>
					<altitude>0</altitude>
					<heading>0</heading>
					<tilt>0</tilt>
					<gx:fovy>35</gx:fovy>
					<range>768.8599697631216</range>
					<altitudeMode>relativeToGround</altitudeMode>
				</LookAt>
				<styleUrl>#__managed_style_338D6BD7BC40DE0D9CB4</styleUrl>
				<Point>
					<altitudeMode>relativeToGround</altitudeMode>
					<coordinates>2.2070109,41.3943735,0</coordinates>
				</Point>
			</Placemark>
			<Placemark id="049C804D8E3B5FEB150C">
				<gx:mid>/m/0w1fk_n</gx:mid>
				<gx:fid>0x12a4a2410a62b137:0xc8f5e88ea67f2d4</gx:fid>
				<LookAt>
					<longitude>2.1650636</longitude>
					<latitude>41.362959</latitude>
					<altitude>0</altitude>
					<heading>0</heading>
					<tilt>0</tilt>
					<gx:fovy>35</gx:fovy>
					<range>769.2606863469471</range>
					<altitudeMode>relativeToGround</altitudeMode>
				</LookAt>
				<styleUrl>#__managed_style_16528C8C7A40DE0D9CB7</styleUrl>
				<Point>
					<altitudeMode>relativeToGround</altitudeMode>
					<coordinates>2.1650636,41.362959,0</coordinates>
				</Point>
			</Placemark>
			<Placemark id="0988DB4C893B5FEBB9E8">
				<gx:mid>/g/1ywpnsxfh</gx:mid>
				<gx:fid>0x12a4a2417d831653:0xf32247d1a42d7c94</gx:fid>
				<LookAt>
					<longitude>2.1593464</longitude>
					<latitude>41.35846430000001</latitude>
					<altitude>0</altitude>
					<heading>0</heading>
					<tilt>0</tilt>
					<gx:fovy>35</gx:fovy>
					<range>769.3187454966835</range>
					<altitudeMode>relativeToGround</altitudeMode>
				</LookAt>
				<styleUrl>#__managed_style_1DAAFA570140DE0D9CB3</styleUrl>
				<Point>
					<altitudeMode>relativeToGround</altitudeMode>
					<coordinates>2.1593464,41.3584643,0</coordinates>
				</Point>
			</Placemark>
			<Placemark id="087CFBCF2F3B5FED1D88">
				<gx:mid>/m/0bwl_hx</gx:mid>
				<gx:fid>0x12a4a27086559937:0x1ec6375cbadc316a</gx:fid>
				<LookAt>
					<longitude>2.1517484</longitude>
					<latitude>41.3711435</latitude>
					<altitude>0</altitude>
					<heading>0</heading>
					<tilt>0</tilt>
					<gx:fovy>35</gx:fovy>
					<range>769.1549536020945</range>
					<altitudeMode>relativeToGround</altitudeMode>
				</LookAt>
				<styleUrl>#__managed_style_0833D987D240DE0D9CB1</styleUrl>
				<Point>
					<altitudeMode>relativeToGround</altitudeMode>
					<coordinates>2.1517402,41.3711603,0</coordinates>
				</Point>
			</Placemark>
			<Placemark id="03BAFDFA853B5FEDF1A0">
				<gx:mid>/m/0nbd1cd</gx:mid>
				<gx:fid>0x12a4a3a809389627:0x1e8e0ed73f4965fb</gx:fid>
				<LookAt>
					<longitude>2.1941018</longitude>
					<latitude>41.3792694</latitude>
					<altitude>0</altitude>
					<heading>0</heading>
					<tilt>0</tilt>
					<gx:fovy>35</gx:fovy>
					<range>769.0499631578782</range>
					<altitudeMode>relativeToGround</altitudeMode>
				</LookAt>
				<styleUrl>#__managed_style_338D6BD7BC40DE0D9CB4</styleUrl>
				<Point>
					<altitudeMode>relativeToGround</altitudeMode>
					<coordinates>2.1924685,41.3783713,0</coordinates>
				</Point>
			</Placemark>
			<Placemark id="08F4BB05EE3B5FF02124">
				<gx:mid>/m/04f2zs4</gx:mid>
				<gx:fid>0x12a4a257e581ce27:0x90dcec0919a87166</gx:fid>
				<LookAt>
					<longitude>2.1752743</longitude>
					<latitude>41.38005200000001</latitude>
					<altitude>0</altitude>
					<heading>0</heading>
					<tilt>0</tilt>
					<gx:fovy>35</gx:fovy>
					<range>769.0398508234817</range>
					<altitudeMode>relativeToGround</altitudeMode>
				</LookAt>
				<styleUrl>#__managed_style_0833D987D240DE0D9CB1</styleUrl>
				<Point>
					<altitudeMode>relativeToGround</altitudeMode>
					<coordinates>2.1752743,41.380052,0</coordinates>
				</Point>
			</Placemark>
			<Placemark id="0EE41DC0E23B5FF254B7">
				<gx:mid>/m/047gm5t</gx:mid>
				<gx:fid>0x12a4a2776a5b6227:0xb0c05232453a54a5</gx:fid>
				<LookAt>
					<longitude>2.1467419</longitude>
					<latitude>41.3690713</latitude>
					<altitude>0</altitude>
					<heading>0</heading>
					<tilt>0</tilt>
					<gx:fovy>35</gx:fovy>
					<range>769.1817250503351</range>
					<altitudeMode>relativeToGround</altitudeMode>
				</LookAt>
				<styleUrl>#__managed_style_0833D987D240DE0D9CB1</styleUrl>
				<Point>
					<altitudeMode>relativeToGround</altitudeMode>
					<coordinates>2.148324819776519,41.36882459952439,0</coordinates>
				</Point>
			</Placemark>
			<Placemark id="060D1868E23B60A3F584">
				<name>רחוב מרכזי - Carrer de Sant Rafael</name>
				<LookAt>
					<longitude>2.169180829623256</longitude>
					<latitude>41.3791068420437</latitude>
					<altitude>7.143806009463645</altitude>
					<heading>325.6330353027743</heading>
					<tilt>0</tilt>
					<gx:fovy>35</gx:fovy>
					<range>462.135604098512</range>
					<altitudeMode>absolute</altitudeMode>
				</LookAt>
				<styleUrl>#__managed_style_0A5504832D40DE0D9CC0</styleUrl>
				<Point>
					<coordinates>2.169460753620478,41.37862267058014,6.592035270715069</coordinates>
				</Point>
			</Placemark>
			<Placemark id="0D715A935F3B60A47D96">
				<name>רחוב מרכזי</name>
				<LookAt>
					<longitude>2.168812134347267</longitude>
					<latitude>41.37835920487844</latitude>
					<altitude>6.902828340576963</altitude>
					<heading>325.6330304743078</heading>
					<tilt>0</tilt>
					<gx:fovy>35</gx:fovy>
					<range>1145.945662310551</range>
					<altitudeMode>absolute</altitudeMode>
				</LookAt>
				<styleUrl>#__managed_style_1F58907B1B40DE0D9CBF</styleUrl>
				<LineString>
					<coordinates>
						2.168217032080761,41.37967528357544,0 2.170500448594772,41.37773655003947,0 
					</coordinates>
				</LineString>
			</Placemark>
			<Placemark id="05CB20F43C3B60A5D34C">
				<gx:mid>/g/122brs_q</gx:mid>
				<gx:fid>0x12a4a26039434d55:0x99d13d9995070f48</gx:fid>
				<LookAt>
					<longitude>2.1620492</longitude>
					<latitude>41.3786358</latitude>
					<altitude>0</altitude>
					<heading>0</heading>
					<tilt>0</tilt>
					<gx:fovy>35</gx:fovy>
					<range>769.0581500950508</range>
					<altitudeMode>relativeToGround</altitudeMode>
				</LookAt>
				<styleUrl>#__managed_style_0833D987D240DE0D9CB1</styleUrl>
				<Point>
					<altitudeMode>relativeToGround</altitudeMode>
					<coordinates>2.1620492,41.3786358,0</coordinates>
				</Point>
			</Placemark>
			<Placemark id="0685988E713B60A7EA30">
				<gx:mid>/g/11h75km2xg</gx:mid>
				<gx:fid>0x12a4a35c582f3bcb:0xe3028e1868a75fb</gx:fid>
				<LookAt>
					<longitude>2.1655133</longitude>
					<latitude>41.3691421</latitude>
					<altitude>0</altitude>
					<heading>0</heading>
					<tilt>0</tilt>
					<gx:fovy>35</gx:fovy>
					<range>769.180810377092</range>
					<altitudeMode>relativeToGround</altitudeMode>
				</LookAt>
				<styleUrl>#__managed_style_0833D987D240DE0D9CB1</styleUrl>
				<Point>
					<altitudeMode>relativeToGround</altitudeMode>
					<coordinates>2.165110343498613,41.36945083131152,0</coordinates>
				</Point>
			</Placemark>
			<Placemark id="074B8BA90B3B60B4BA7F">
				<gx:mid>/g/1hb_h2cnt</gx:mid>
				<gx:fid>0x12a49923bf01f6a3:0xc4272c0c6b87ffec</gx:fid>
				<LookAt>
					<longitude>2.1198197</longitude>
					<latitude>41.3747525</latitude>
					<altitude>0</altitude>
					<heading>0</heading>
					<tilt>0</tilt>
					<gx:fovy>35</gx:fovy>
					<range>769.1083254390441</range>
					<altitudeMode>relativeToGround</altitudeMode>
				</LookAt>
				<styleUrl>#__managed_style_0833D987D240DE0D9CB1</styleUrl>
				<Point>
					<altitudeMode>relativeToGround</altitudeMode>
					<coordinates>2.120259830220119,41.37489637713076,0</coordinates>
				</Point>
			</Placemark>
			<Placemark id="0C27EF3AAA3B60B5816C">
				<name>רחוב מרכזי</name>
				<LookAt>
					<longitude>2.122469513792558</longitude>
					<latitude>41.37008992192094</latitude>
					<altitude>48.0967589137755</altitude>
					<heading>73.83342517870761</heading>
					<tilt>0</tilt>
					<gx:fovy>35</gx:fovy>
					<range>345.8051469278871</range>
					<altitudeMode>absolute</altitudeMode>
				</LookAt>
				<styleUrl>#__managed_style_025C613FF340DE0D9CCC</styleUrl>
				<LineString>
					<coordinates>
						2.120605343964654,41.37534884008646,0 2.119213999151732,41.374706087579,0 2.119850431385866,41.37387185375589,0 2.122550277715907,41.36952300801486,0 
					</coordinates>
				</LineString>
			</Placemark>
			<Placemark id="0FAFB78FAC3B60B7C33C">
				<gx:mid>/m/0807yn2</gx:mid>
				<gx:fid>0x12a4a2f7949d96c7:0x6db4a1a0bd2c6a29</gx:fid>
				<LookAt>
					<longitude>2.1739186</longitude>
					<latitude>41.3822413</latitude>
					<altitude>0</altitude>
					<heading>0</heading>
					<tilt>0</tilt>
					<gx:fovy>35</gx:fovy>
					<range>769.0115611486009</range>
					<altitudeMode>relativeToGround</altitudeMode>
				</LookAt>
				<styleUrl>#__managed_style_16528C8C7A40DE0D9CB7</styleUrl>
				<Point>
					<altitudeMode>relativeToGround</altitudeMode>
					<coordinates>2.1738023,41.3823031,0</coordinates>
				</Point>
			</Placemark>
			<Placemark id="04996ADBDF3B60B7E9AB">
				<name>כיכר מרכזית - Placa Del Pi</name>
				<LookAt>
					<longitude>2.173650136542189</longitude>
					<latitude>41.38249567755533</latitude>
					<altitude>7.160025737066782</altitude>
					<heading>326.1002700501845</heading>
					<tilt>0</tilt>
					<gx:fovy>35</gx:fovy>
					<range>121.54516207298</range>
					<altitudeMode>absolute</altitudeMode>
				</LookAt>
				<styleUrl>#__managed_style_0A5504832D40DE0D9CC0</styleUrl>
				<Point>
					<coordinates>2.17370269825601,41.38241948269302,7.004920035456122</coordinates>
				</Point>
			</Placemark>
			<Placemark id="0222AD49BC3B60BA9636">
				<name>רחובות מרכזיים של העיר העתיקה</name>
				<LookAt>
					<longitude>2.176241138610706</longitude>
					<latitude>41.38354248070164</latitude>
					<altitude>15.34751128493973</altitude>
					<heading>326.1704210939408</heading>
					<tilt>0</tilt>
					<gx:fovy>35</gx:fovy>
					<range>727.1236142123962</range>
					<altitudeMode>absolute</altitudeMode>
				</LookAt>
				<styleUrl>#__managed_style_1F58907B1B40DE0D9CBF</styleUrl>
				<LineString>
					<coordinates>
						2.173725629601853,41.385159621329,0 2.174083723681601,41.38471556126694,0 2.174388158848897,41.38471011355073,0 2.174999960275357,41.3843621320279,0 2.174545787421112,41.38416055953491,0 2.174071129303181,41.38398707842153,0 2.174132054509421,41.38437714516955,0 2.174097436649223,41.38471266610132,0 2.174128673508102,41.38438096234872,0 2.174069688024225,41.38400080891304,0 2.173916251647361,41.38387649731613,0 2.173981383806107,41.38355035735079,0 2.17397725697509,41.3831890152565,0 2.174042964386083,41.38266443443916,0 2.17443378720477,41.38206573393582,0 2.174185338268027,41.38244121515377,0 2.173718483434495,41.38241861276085,0 2.173634328959406,41.38220502419377,0 2.173414518592858,41.38185258364407,0 2.173475814455084,41.38131792989719,0 2.174040044483423,41.38147796630133,0 2.175317558867722,41.3817795620179,0 2.175521968961533,41.38185859217378,0 2.175454083903279,41.38194281667768,0 2.175171950190586,41.38217864368142,0 2.174869238439481,41.38243853842266,0 2.174678991920223,41.38269596706566,0 2.174555158213574,41.38301058551179,0 2.174471790443546,41.38319246605764,0 2.174079555534494,41.38261550301816,0 2.17428027911585,41.38290226218672,0 2.17446631922287,41.38320739057755,0 2.17443928032365,41.38344698811084,0 2.174541243335544,41.38363944445872,0 2.17487328023402,41.38392373666338,0 2.175001516214414,41.38416429717791,0 2.175859045895359,41.38467145224917,0 
					</coordinates>
				</LineString>
			</Placemark>
			<Placemark id="0169DBF2523B60BC7DBC">
				<name>רחובות מרכזיים של העיר העתיקה</name>
				<LookAt>
					<longitude>2.173594377904402</longitude>
					<latitude>41.38263402291777</latitude>
					<altitude>7.288589932744578</altitude>
					<heading>326.7971953035747</heading>
					<tilt>0</tilt>
					<gx:fovy>35</gx:fovy>
					<range>175.749732946897</range>
					<altitudeMode>absolute</altitudeMode>
				</LookAt>
				<styleUrl>#__managed_style_1F58907B1B40DE0D9CBF</styleUrl>
				<LineString>
					<coordinates>
						2.174070993658066,41.38399296770165,0 2.173410663561364,41.38373482864933,0 2.172625362339873,41.38341944292316,0 2.171751722573463,41.3830386331517,0 2.172455391971573,41.3833464843495,0 2.172637906373445,41.38308832060469,0 2.173123963117218,41.38270407664906,0 2.173451968018738,41.38242463814939,0 2.17352152130377,41.38240421630157,0 2.173717627145655,41.38241732833961,0 
					</coordinates>
				</LineString>
			</Placemark>
			<Placemark id="08D10F68AE3B60BDA050">
				<name>רחובות מרכזיים של העיר העתיקה</name>
				<LookAt>
					<longitude>2.1722866860256</longitude>
					<latitude>41.38487399484941</latitude>
					<altitude>11.23814897627612</altitude>
					<heading>324.5296826997347</heading>
					<tilt>0</tilt>
					<gx:fovy>35</gx:fovy>
					<range>341.9562747782038</range>
					<altitudeMode>absolute</altitudeMode>
				</LookAt>
				<styleUrl>#__managed_style_1F58907B1B40DE0D9CBF</styleUrl>
				<LineString>
					<coordinates>
						2.170615423381104,41.3847212368475,0 2.171188802840296,41.38471447490228,0 2.172004698583303,41.38471674607033,0 2.172402238637139,41.38478149606619,0 2.17297737587947,41.38491210644025,0 2.173423397477166,41.38506419782154,0 2.173696314102564,41.38518158666579,0 
					</coordinates>
				</LineString>
			</Placemark>
			<Placemark id="0CE7FA2ACD3B60BE097B">
				<name>רחובות מרכזיים של העיר העתיקה</name>
				<LookAt>
					<longitude>2.172633768409853</longitude>
					<latitude>41.38629821346245</latitude>
					<altitude>11.12008496165222</altitude>
					<heading>319.8648553748125</heading>
					<tilt>0</tilt>
					<gx:fovy>35</gx:fovy>
					<range>223.9385579069859</range>
					<altitudeMode>absolute</altitudeMode>
				</LookAt>
				<styleUrl>#__managed_style_1F58907B1B40DE0D9CBF</styleUrl>
				<LineString>
					<coordinates>
						2.170895462649058,41.38471739950934,0 2.171085825920904,41.38494202290128,0 2.17151684869014,41.38533076657563,0 2.171995934707918,41.38576941001645,0 2.172426709562105,41.38611219420024,0 
					</coordinates>
				</LineString>
			</Placemark>
			<Placemark id="01DBF5077E3B60BE9959">
				<name>רחובות מרכזיים של העיר העתיקה</name>
				<LookAt>
					<longitude>2.172893452864653</longitude>
					<latitude>41.38645820409828</latitude>
					<altitude>10.66233103965078</altitude>
					<heading>310.7860674608328</heading>
					<tilt>0</tilt>
					<gx:fovy>35</gx:fovy>
					<range>414.9607527552143</range>
					<altitudeMode>absolute</altitudeMode>
				</LookAt>
				<styleUrl>#__managed_style_1F58907B1B40DE0D9CBF</styleUrl>
				<LineString>
					<coordinates>
						2.172383990088627,41.38615011887421,0 2.172610161787636,41.38630384143796,0 2.173216312523421,41.38653692326852,0 2.173559100536095,41.38662682170619,0 2.174606102024264,41.38694575019646,0 
					</coordinates>
				</LineString>
			</Placemark>
			<Placemark id="03EE96D4993B60BFD69F">
				<name>רחובות מרכזיים של העיר העתיקה</name>
				<LookAt>
					<longitude>2.174205729503267</longitude>
					<latitude>41.38562848675679</latitude>
					<altitude>10.83040638348697</altitude>
					<heading>324.9833162317694</heading>
					<tilt>0</tilt>
					<gx:fovy>35</gx:fovy>
					<range>314.6886867026115</range>
					<altitudeMode>absolute</altitudeMode>
				</LookAt>
				<styleUrl>#__managed_style_1F58907B1B40DE0D9CBF</styleUrl>
				<LineString>
					<coordinates>
						2.173231883878506,41.38551975139792,0 2.173406415300061,41.38561431503445,0 2.173740824032706,41.38575422123598,0 2.174235829363831,41.38590655620976,0 2.174680620743938,41.38604292541595,0 
					</coordinates>
				</LineString>
			</Placemark>
			<Placemark id="0EBC1647383B60C22B20">
				<gx:mid>/m/0vlyb</gx:mid>
				<gx:fid>0x12a4a2f996716c83:0x16f6112475e15883</gx:fid>
				<LookAt>
					<longitude>2.1761991</longitude>
					<latitude>41.383962</latitude>
					<altitude>0</altitude>
					<heading>0</heading>
					<tilt>0</tilt>
					<gx:fovy>35</gx:fovy>
					<range>768.98932587687</range>
					<altitudeMode>relativeToGround</altitudeMode>
				</LookAt>
				<styleUrl>#__managed_style_16528C8C7A40DE0D9CB7</styleUrl>
				<Point>
					<altitudeMode>relativeToGround</altitudeMode>
					<coordinates>2.1761991,41.383962,0</coordinates>
				</Point>
			</Placemark>
			<Placemark id="094BB183A13B60C273F4">
				<gx:mid>/g/11bx1gswm4</gx:mid>
				<gx:fid>0x12a4a2f9b17cd0cf:0xec8f33a36203db2c</gx:fid>
				<LookAt>
					<longitude>2.1762226</longitude>
					<latitude>41.3834647</latitude>
					<altitude>0</altitude>
					<heading>0</heading>
					<tilt>0</tilt>
					<gx:fovy>35</gx:fovy>
					<range>768.9957521667302</range>
					<altitudeMode>relativeToGround</altitudeMode>
				</LookAt>
				<styleUrl>#__managed_style_0833D987D240DE0D9CB1</styleUrl>
				<Point>
					<altitudeMode>relativeToGround</altitudeMode>
					<coordinates>2.1762226,41.3834647,0</coordinates>
				</Point>
			</Placemark>
			<Placemark id="098D1929B23B60C2AF09">
				<gx:mid>/g/11dxdzgqqy</gx:mid>
				<gx:fid>0x12a4a2f9b3cd2779:0x623375742c1b9cb9</gx:fid>
				<LookAt>
					<longitude>2.1764228</longitude>
					<latitude>41.38330199999999</latitude>
					<altitude>0</altitude>
					<heading>0</heading>
					<tilt>0</tilt>
					<gx:fovy>35</gx:fovy>
					<range>768.997854622846</range>
					<altitudeMode>relativeToGround</altitudeMode>
				</LookAt>
				<styleUrl>#__managed_style_1DAAFA570140DE0D9CB3</styleUrl>
				<Point>
					<altitudeMode>relativeToGround</altitudeMode>
					<coordinates>2.1764228,41.383302,0</coordinates>
				</Point>
			</Placemark>
			<Placemark id="0CA45D088D3B60C30EAE">
				<name>רחובות מרכזיים של העיר העתיקה</name>
				<LookAt>
					<longitude>2.176416090811413</longitude>
					<latitude>41.38351936709512</latitude>
					<altitude>15.41199983727322</altitude>
					<heading>34.88652077868385</heading>
					<tilt>0</tilt>
					<gx:fovy>35</gx:fovy>
					<range>277.1196291707747</range>
					<altitudeMode>absolute</altitudeMode>
				</LookAt>
				<styleUrl>#__managed_style_1F58907B1B40DE0D9CBF</styleUrl>
				<LineString>
					<coordinates>
						2.17512980873664,41.38423163982363,0 2.175672476691473,41.38386111876593,0 2.176218208610927,41.38346772866845,0 2.176764245355387,41.3831018564459,0 2.177014927929686,41.38293573782731,0 
					</coordinates>
				</LineString>
			</Placemark>
			<Placemark id="049FC2A2343B60C41304">
				<name>כיכר - Placa de angel</name>
				<LookAt>
					<longitude>2.178627530298365</longitude>
					<latitude>41.38395892032774</latitude>
					<altitude>7.988770345692489</altitude>
					<heading>323.7137130835084</heading>
					<tilt>0</tilt>
					<gx:fovy>35</gx:fovy>
					<range>236.1992993699096</range>
					<altitudeMode>absolute</altitudeMode>
				</LookAt>
				<styleUrl>#__managed_style_014EB8920B40DE0D9CBE</styleUrl>
				<Point>
					<coordinates>2.178643228722366,41.38398474638043,7.988772603471332</coordinates>
				</Point>
			</Placemark>
			<Placemark id="0838EE07773B60C47544">
				<gx:mid>/g/11y0l8xyz</gx:mid>
				<gx:fid>0x12a4a2f90dd3b753:0x6e0234249a503e99</gx:fid>
				<LookAt>
					<longitude>2.177278</longitude>
					<latitude>41.3842222</latitude>
					<altitude>0</altitude>
					<heading>0</heading>
					<tilt>0</tilt>
					<gx:fovy>35</gx:fovy>
					<range>768.9859634567739</range>
					<altitudeMode>relativeToGround</altitudeMode>
				</LookAt>
				<styleUrl>#__managed_style_0833D987D240DE0D9CB1</styleUrl>
				<Point>
					<altitudeMode>relativeToGround</altitudeMode>
					<coordinates>2.177508198149336,41.38416005581399,0</coordinates>
				</Point>
			</Placemark>
			<Placemark id="0B774F645C3B60C54A03">
				<name>רחובות מרכזיים של העיר העתיקה</name>
				<LookAt>
					<longitude>2.178235330226206</longitude>
					<latitude>41.38150147646552</latitude>
					<altitude>10.48278687388002</altitude>
					<heading>291.0611315406787</heading>
					<tilt>0</tilt>
					<gx:fovy>35</gx:fovy>
					<range>204.8648538226553</range>
					<altitudeMode>absolute</altitudeMode>
				</LookAt>
				<styleUrl>#__managed_style_1F58907B1B40DE0D9CBF</styleUrl>
				<LineString>
					<coordinates>
						2.178025126314589,41.38065149218524,0 2.178510344764188,41.38140232560905,0 2.178691773575503,41.38157183635739,0 2.1787876054981,41.38162025744905,0 2.178658393687669,41.38169568579329,0 
					</coordinates>
				</LineString>
			</Placemark>
			<Placemark id="007336A5D53B60C69694">
				<name>Placa George Orwell - כיכר</name>
				<LookAt>
					<longitude>2.177275664972802</longitude>
					<latitude>41.38048314762899</latitude>
					<altitude>5.092734351740143</altitude>
					<heading>275.9921151956891</heading>
					<tilt>0</tilt>
					<gx:fovy>35</gx:fovy>
					<range>131.4301648351284</range>
					<altitudeMode>absolute</altitudeMode>
				</LookAt>
				<styleUrl>#__managed_style_014EB8920B40DE0D9CBE</styleUrl>
				<Point>
					<coordinates>2.177341276338882,41.38049755676522,5.061754260553517</coordinates>
				</Point>
			</Placemark>
			<Placemark id="0E93453CCB3B60C918BE">
				<gx:mid>/m/02qcxkq</gx:mid>
				<gx:fid>0x12a4a2f7b51e5a01:0x860ac654dc73add5</gx:fid>
				<LookAt>
					<longitude>2.1715853</longitude>
					<latitude>41.3817399</latitude>
					<altitude>0</altitude>
					<heading>0</heading>
					<tilt>0</tilt>
					<gx:fovy>35</gx:fovy>
					<range>769.0180402281643</range>
					<altitudeMode>relativeToGround</altitudeMode>
				</LookAt>
				<styleUrl>#__managed_style_0833D987D240DE0D9CB1</styleUrl>
				<Point>
					<altitudeMode>relativeToGround</altitudeMode>
					<coordinates>2.1715853,41.3817399,0</coordinates>
				</Point>
			</Placemark>
			<Placemark id="04BA29CECA3B60C94FA7">
				<gx:mid>/g/1jkw2rr8p</gx:mid>
				<gx:fid>0x12a4a2f607add7e5:0xfdff103c776096d2</gx:fid>
				<LookAt>
					<longitude>2.1699162</longitude>
					<latitude>41.3810499</latitude>
					<altitude>0</altitude>
					<heading>0</heading>
					<tilt>0</tilt>
					<gx:fovy>35</gx:fovy>
					<range>769.0269563013466</range>
					<altitudeMode>relativeToGround</altitudeMode>
				</LookAt>
				<styleUrl>#__managed_style_0833D987D240DE0D9CB1</styleUrl>
				<Point>
					<altitudeMode>relativeToGround</altitudeMode>
					<coordinates>2.1699162,41.3810499,0</coordinates>
				</Point>
			</Placemark>
			<Placemark id="041EA962B53B60CA0DEF">
				<name>רחובות מרכזיים של העיר העתיקה</name>
				<LookAt>
					<longitude>2.177633450691114</longitude>
					<latitude>41.3808738754221</latitude>
					<altitude>5.511610626355732</altitude>
					<heading>310.6946079524162</heading>
					<tilt>0</tilt>
					<gx:fovy>35</gx:fovy>
					<range>173.1634952887362</range>
					<altitudeMode>absolute</altitudeMode>
				</LookAt>
				<styleUrl>#__managed_style_025C613FF340DE0D9CCC</styleUrl>
				<LineString>
					<coordinates>
						2.175535193260609,41.38187207197232,0 2.17584996861615,41.38166937854137,0 2.174077869025921,41.38024662920602,0 2.175848178172857,41.38166734878915,0 2.177262324662805,41.38280670686351,0 2.177004847153532,41.38294536012125,0 2.177258941270039,41.38280050404337,0 2.175845378557477,41.38166141130155,0 2.17641513482858,41.38129995835023,0 2.176824039066969,41.38112593228244,0 2.177275602695719,41.38094375453692,0 2.178021996834514,41.38065008674223,0 
					</coordinates>
				</LineString>
			</Placemark>
			<Placemark id="06B3C276DF3B60CB3407">
				<name>רחובות מרכזיים של העיר העתיקה</name>
				<LookAt>
					<longitude>2.177733778699316</longitude>
					<latitude>41.38372875678184</latitude>
					<altitude>11.69198663516406</altitude>
					<heading>316.3943687602234</heading>
					<tilt>0</tilt>
					<gx:fovy>35</gx:fovy>
					<range>474.2322249803692</range>
					<altitudeMode>absolute</altitudeMode>
				</LookAt>
				<styleUrl>#__managed_style_1F58907B1B40DE0D9CBF</styleUrl>
				<LineString>
					<coordinates>
						2.177233380383872,41.38382746682971,0 2.177731508430223,41.38353139296103,0 2.177941265859749,41.3836886566546,0 2.177514983468642,41.38399008591207,0 2.177506705221894,41.38415754659516,0 2.177515128672132,41.38399420381356,0 2.177944248837593,41.38369482447902,0 2.177734060606793,41.38352514150935,0 2.177945130819181,41.38338368149766,0 2.178115018181359,41.3832627584238,0 2.178433287913808,41.38302109481048,0 2.178359991051628,41.38291424587676,0 
					</coordinates>
				</LineString>
			</Placemark>
			<Placemark id="0CE3F8F8823B60CBF95F">
				<name>רחובות מרכזיים של העיר העתיקה</name>
				<LookAt>
					<longitude>2.178948020747284</longitude>
					<latitude>41.38213861556764</latitude>
					<altitude>12.37582106455392</altitude>
					<heading>312.0444372354935</heading>
					<tilt>0</tilt>
					<gx:fovy>35</gx:fovy>
					<range>196.3927227510794</range>
					<altitudeMode>absolute</altitudeMode>
				</LookAt>
				<styleUrl>#__managed_style_025C613FF340DE0D9CCC</styleUrl>
				<LineString>
					<coordinates>
						2.178664235163832,41.38169566973274,0 2.17864303989789,41.38179114330773,0 2.178261012752332,41.38201664820464,0 2.178678716039391,41.38235453242058,0 2.178996156306583,41.38207337187108,0 2.179232704810348,41.38227619323062,0 2.17907663629014,41.38243025829929,0 2.178774161887895,41.38279091786402,0 2.179155352793276,41.38301864481199,0 2.178773697463077,41.3827836024638,0 2.178513743699342,41.38294694284289,0 2.178361801404476,41.38291673238174,0 
					</coordinates>
				</LineString>
			</Placemark>
			<Placemark id="020303730B3B60CEEF18">
				<name>רחובות מרכזיים של העיר העתיקה</name>
				<LookAt>
					<longitude>2.181828773666574</longitude>
					<latitude>41.3857326309738</latitude>
					<altitude>3.470943472771</altitude>
					<heading>311.7857281224822</heading>
					<tilt>0</tilt>
					<gx:fovy>35</gx:fovy>
					<range>775.5019392248506</range>
					<altitudeMode>absolute</altitudeMode>
				</LookAt>
				<styleUrl>#__managed_style_1F58907B1B40DE0D9CBF</styleUrl>
				<LineString>
					<coordinates>
						2.179013796729745,41.38391217275008,0 2.180431988122866,41.38367874018284,0 2.181590635937638,41.38353691924059,0 2.181930180537095,41.38336111758735,0 2.182420887101877,41.38402247093477,0 2.182862824102052,41.38482403676265,0 2.183386332233497,41.38555834380591,0 2.182268318713614,41.38658539926126,0 
					</coordinates>
				</LineString>
			</Placemark>
			<Placemark id="024240F6CD3B60CF71EC">
				<gx:mid>/g/1yp37nj82</gx:mid>
				<gx:fid>0x12a4a2f17b8c4573:0xc6f1f87231db47fc</gx:fid>
				<LookAt>
					<longitude>2.1836862</longitude>
					<latitude>41.3856869</latitude>
					<altitude>0</altitude>
					<heading>0</heading>
					<tilt>0</tilt>
					<gx:fovy>35</gx:fovy>
					<range>768.9670356713701</range>
					<altitudeMode>relativeToGround</altitudeMode>
				</LookAt>
				<styleUrl>#__managed_style_0833D987D240DE0D9CB1</styleUrl>
				<Point>
					<altitudeMode>relativeToGround</altitudeMode>
					<coordinates>2.183853584707349,41.38581546579805,0</coordinates>
				</Point>
			</Placemark>
			<Placemark id="05F867FC753B60D0AD47">
				<name>Placa de sant augosti vel - כיכר</name>
				<LookAt>
					<longitude>2.180522587976645</longitude>
					<latitude>41.38800030652722</latitude>
					<altitude>3.955033533368013</altitude>
					<heading>305.755169547412</heading>
					<tilt>0</tilt>
					<gx:fovy>35</gx:fovy>
					<range>109.0648476225215</range>
					<altitudeMode>absolute</altitudeMode>
				</LookAt>
				<styleUrl>#__managed_style_0A5504832D40DE0D9CC0</styleUrl>
				<Point>
					<coordinates>2.18057388368049,41.38797259628193,4.01471201802226</coordinates>
				</Point>
			</Placemark>
			<Placemark id="025C552B453B60D22FBC">
				<gx:mid>/m/080c5pp</gx:mid>
				<gx:fid>0x12a4a2fe3417f6ef:0x7c67c58532139b19</gx:fid>
				<LookAt>
					<longitude>2.187145</longitude>
					<latitude>41.38628099999999</latitude>
					<altitude>0</altitude>
					<heading>0</heading>
					<tilt>0</tilt>
					<gx:fovy>35</gx:fovy>
					<range>768.9593581972275</range>
					<altitudeMode>relativeToGround</altitudeMode>
				</LookAt>
				<styleUrl>#__managed_style_0833D987D240DE0D9CB1</styleUrl>
				<Point>
					<altitudeMode>relativeToGround</altitudeMode>
					<coordinates>2.187145,41.386281,0</coordinates>
				</Point>
			</Placemark>
			<Placemark id="0873CD51223B60D2F3C7">
				<gx:mid>/g/1ygbchpl7</gx:mid>
				<gx:fid>0x12a4a3004691a081:0x14a76787c316ee6</gx:fid>
				<LookAt>
					<longitude>2.1865593</longitude>
					<latitude>41.3901658</latitude>
					<altitude>0</altitude>
					<heading>0</heading>
					<tilt>0</tilt>
					<gx:fovy>35</gx:fovy>
					<range>768.9091535176894</range>
					<altitudeMode>relativeToGround</altitudeMode>
				</LookAt>
				<styleUrl>#__managed_style_0833D987D240DE0D9CB1</styleUrl>
				<Point>
					<altitudeMode>relativeToGround</altitudeMode>
					<coordinates>2.186595433136369,41.38991056017582,0</coordinates>
				</Point>
			</Placemark>
			<Placemark id="01C1D5DE6E3B60D56814">
				<gx:mid>/g/1yg6d16tv</gx:mid>
				<gx:fid>0x12a4a2ffbbb0e647:0xfc96ad9166872174</gx:fid>
				<LookAt>
					<longitude>2.182524</longitude>
					<latitude>41.3822043</latitude>
					<altitude>0</altitude>
					<heading>0</heading>
					<tilt>0</tilt>
					<gx:fovy>35</gx:fovy>
					<range>769.0120392636813</range>
					<altitudeMode>relativeToGround</altitudeMode>
				</LookAt>
				<styleUrl>#__managed_style_1D16B8BDC340DE0D9CB8</styleUrl>
				<Point>
					<altitudeMode>relativeToGround</altitudeMode>
					<coordinates>2.182524,41.3822043,0</coordinates>
				</Point>
			</Placemark>
			<Placemark id="09D7F34B963B60D7A163">
				<gx:mid>/m/08k61h</gx:mid>
				<gx:fid>0x12a4a2fe5ab317ef:0xa5f980d4a093f23a</gx:fid>
				<LookAt>
					<longitude>2.1824136</longitude>
					<latitude>41.3836998</latitude>
					<altitude>0</altitude>
					<heading>0</heading>
					<tilt>0</tilt>
					<gx:fovy>35</gx:fovy>
					<range>768.9927141266345</range>
					<altitudeMode>relativeToGround</altitudeMode>
				</LookAt>
				<styleUrl>#__managed_style_1DAAFA570140DE0D9CB3</styleUrl>
				<Point>
					<altitudeMode>relativeToGround</altitudeMode>
					<coordinates>2.1824136,41.3836998,0</coordinates>
				</Point>
			</Placemark>
			<Placemark id="08ECAFAB723B60D82474">
				<name>Placa de les oiles - כיכר</name>
				<LookAt>
					<longitude>2.183362148908854</longitude>
					<latitude>41.3838317225894</latitude>
					<altitude>3.121952702032007</altitude>
					<heading>-56.64006603640681</heading>
					<tilt>6.671373975058486</tilt>
					<gx:fovy>35</gx:fovy>
					<range>141.5046676496422</range>
					<altitudeMode>absolute</altitudeMode>
				</LookAt>
				<styleUrl>#__managed_style_0A5504832D40DE0D9CC0</styleUrl>
				<Point>
					<coordinates>2.183287945168522,41.38380235343676,3.17244205932856</coordinates>
				</Point>
			</Placemark>
			<Placemark id="0ACCBEBE763B60DD9BF7">
				<name>רחובות מרכזיים של העיר העתיקה</name>
				<LookAt>
					<longitude>2.170537835370907</longitude>
					<latitude>41.38240622508668</latitude>
					<altitude>9.682708540544695</altitude>
					<heading>334.40579992633</heading>
					<tilt>0</tilt>
					<gx:fovy>35</gx:fovy>
					<range>499.8514453670941</range>
					<altitudeMode>absolute</altitudeMode>
				</LookAt>
				<styleUrl>#__managed_style_1F58907B1B40DE0D9CBF</styleUrl>
				<LineString>
					<coordinates>
						2.171763752520941,41.38303987275366,0 2.171254164955636,41.38280566410636,0 2.1705501578799,41.38242262435384,0 2.169603224904588,41.3819352267696,0 
					</coordinates>
				</LineString>
			</Placemark>
			<Placemark id="0DD0F2A3BC3B614CE4C0">
				<name>רחובות מרכזיים בעיר העתיקה</name>
				<LookAt>
					<longitude>2.168203666456934</longitude>
					<latitude>41.38513199313559</latitude>
					<altitude>14.77834978679028</altitude>
					<heading>347.8783375513388</heading>
					<tilt>0</tilt>
					<gx:fovy>35</gx:fovy>
					<range>381.5155927670639</range>
					<altitudeMode>absolute</altitudeMode>
				</LookAt>
				<styleUrl>#__managed_style_1F58907B1B40DE0D9CBF</styleUrl>
				<LineString>
					<coordinates>
						2.167768015165112,41.38558452125164,0 2.168060800542915,41.38486617078915,0 2.168517799404768,41.38484527626971,0 2.168070035681708,41.38486766113195,0 2.168399286128535,41.3845275835089,0 2.168066298295468,41.38486947760916,0 2.165761184364254,41.38507609269285,0 
					</coordinates>
				</LineString>
			</Placemark>
			<Placemark id="0F2DA8FEA83B614F0584">
				<name>מתחם אוכל</name>
				<LookAt>
					<longitude>2.168461610113448</longitude>
					<latitude>41.3906193401837</latitude>
					<altitude>22.1267989340099</altitude>
					<heading>44.47021875079092</heading>
					<tilt>0</tilt>
					<gx:fovy>35</gx:fovy>
					<range>231.0335455574022</range>
					<altitudeMode>absolute</altitudeMode>
				</LookAt>
				<styleUrl>#__managed_style_0A5504832D40DE0D9CC0</styleUrl>
				<Point>
					<coordinates>2.168426445029683,41.39069806885647,22.61655397816742</coordinates>
				</Point>
			</Placemark>
			<Placemark id="0DC40A0C093B61515474">
				<gx:mid>/g/122jqj5j</gx:mid>
				<gx:fid>0x12a4a293f836993b:0xc16a64958fecf0c5</gx:fid>
				<LookAt>
					<longitude>2.1606889</longitude>
					<latitude>41.39711260000001</latitude>
					<altitude>0</altitude>
					<heading>0</heading>
					<tilt>0</tilt>
					<gx:fovy>35</gx:fovy>
					<range>768.819369141801</range>
					<altitudeMode>relativeToGround</altitudeMode>
				</LookAt>
				<styleUrl>#__managed_style_1DAAFA570140DE0D9CB3</styleUrl>
				<Point>
					<altitudeMode>relativeToGround</altitudeMode>
					<coordinates>2.1606889,41.3971126,0</coordinates>
				</Point>
			</Placemark>
			<Placemark id="059D22FC373B6151AF0C">
				<gx:mid>/g/120z70xd</gx:mid>
				<gx:fid>0x12a4a294dae03357:0xae747d3d1080c597</gx:fid>
				<LookAt>
					<longitude>2.1639915</longitude>
					<latitude>41.3980026</latitude>
					<altitude>0</altitude>
					<heading>0</heading>
					<tilt>0</tilt>
					<gx:fovy>35</gx:fovy>
					<range>768.8078655031491</range>
					<altitudeMode>relativeToGround</altitudeMode>
				</LookAt>
				<styleUrl>#__managed_style_16528C8C7A40DE0D9CB7</styleUrl>
				<Point>
					<altitudeMode>relativeToGround</altitudeMode>
					<coordinates>2.1639915,41.3980026,0</coordinates>
				</Point>
			</Placemark>
			<Placemark id="05FEDE95723B6285E96E">
				<gx:mid>/m/03q84k</gx:mid>
				<gx:fid>0x12a4a258081714c9:0x24bef7ac8842bdc4</gx:fid>
				<LookAt>
					<longitude>2.1698166</longitude>
					<latitude>41.3856087</latitude>
					<altitude>0</altitude>
					<heading>0</heading>
					<tilt>0</tilt>
					<gx:fovy>35</gx:fovy>
					<range>768.9680462335774</range>
					<altitudeMode>relativeToGround</altitudeMode>
				</LookAt>
				<styleUrl>#__managed_style_0833D987D240DE0D9CB1</styleUrl>
				<Point>
					<altitudeMode>relativeToGround</altitudeMode>
					<coordinates>2.170352314535773,41.3851666637037,0</coordinates>
				</Point>
			</Placemark>
			<Placemark id="02DEDBB4D03B628FC441">
				<name>רחובות מרכזיים בעיר העתיקה</name>
				<LookAt>
					<longitude>2.174149529846499</longitude>
					<latitude>41.40515665432596</latitude>
					<altitude>35.68746587751551</altitude>
					<heading>339.2625179994906</heading>
					<tilt>0</tilt>
					<gx:fovy>35</gx:fovy>
					<range>1077.120986246882</range>
					<altitudeMode>absolute</altitudeMode>
				</LookAt>
				<styleUrl>#__managed_style_1F58907B1B40DE0D9CBF</styleUrl>
				<LineString>
					<coordinates>
						2.173357870965689,41.40360442413416,0 2.174502215667626,41.40447677896676,0 2.175505039759034,41.40367954576053,0 2.174510525418034,41.40447913210384,0 2.174405362533054,41.40722592971704,0 
					</coordinates>
				</LineString>
			</Placemark>
			<Placemark id="00341D4B763B629065B7">
				<gx:mid>/m/0qllp</gx:mid>
				<gx:fid>0x12a4a2cfe0014027:0x1fac5228bd2718f</gx:fid>
				<LookAt>
					<longitude>2.174339499999999</longitude>
					<latitude>41.4117072</latitude>
					<altitude>0</altitude>
					<heading>0</heading>
					<tilt>0</tilt>
					<gx:fovy>35</gx:fovy>
					<range>768.6307053487708</range>
					<altitudeMode>relativeToGround</altitudeMode>
				</LookAt>
				<styleUrl>#__managed_style_07D356DD7F40DE0D9CC8</styleUrl>
				<Point>
					<altitudeMode>relativeToGround</altitudeMode>
					<coordinates>2.17433297777067,41.41261043727073,0</coordinates>
				</Point>
			</Placemark>
			<Placemark id="08AEF4746F3B6290C4E9">
				<name>Recinte Modernista de Sant Pau</name>
				<LookAt>
					<longitude>2.174462879520667</longitude>
					<latitude>41.41262504363765</latitude>
					<altitude>60.49976223369322</altitude>
					<heading>356.3404419730095</heading>
					<tilt>0</tilt>
					<gx:fovy>35</gx:fovy>
					<range>676.8760158115765</range>
					<altitudeMode>absolute</altitudeMode>
				</LookAt>
				<styleUrl>#__managed_style_1EBF6C0D4540DE0D9CC4</styleUrl>
				<Polygon>
					<outerBoundaryIs>
						<LinearRing>
							<coordinates>
								2.173354890549695,41.41378553215536,0 2.17331517669451,41.41218637727421,0 2.174268713251624,41.41132613208758,0 2.175231018755526,41.41182575479267,0 2.175338660090551,41.41397128769243,0 2.174176137917945,41.41404084251874,0 2.173398795001189,41.41394782890364,0 2.173354890549695,41.41378553215536,0 
							</coordinates>
						</LinearRing>
					</outerBoundaryIs>
				</Polygon>
			</Placemark>
			<Placemark id="0FAF4E094F3B6292997F">
				<name>רחובות מרכזיים בעיר העתיקה</name>
				<LookAt>
					<longitude>2.17438502615781</longitude>
					<latitude>41.40917066238703</latitude>
					<altitude>47.32009964330578</altitude>
					<heading>334.3545556979113</heading>
					<tilt>0</tilt>
					<gx:fovy>35</gx:fovy>
					<range>2100.606597104925</range>
					<altitudeMode>absolute</altitudeMode>
				</LookAt>
				<styleUrl>#__managed_style_025C613FF340DE0D9CCC</styleUrl>
				<LineString>
					<coordinates>
						2.174407113059278,41.40712373730787,0 2.174303360796657,41.41129992778129,0 
					</coordinates>
				</LineString>
			</Placemark>
			<Placemark id="0B2BB518DA3B62940960">
				<gx:mid>/g/11jpzsflh2</gx:mid>
				<gx:fid>0x12a4a2bc8aa01871:0x8f6e5a7b59ff6f5d</gx:fid>
				<LookAt>
					<longitude>2.1572409</longitude>
					<latitude>41.4049644</latitude>
					<altitude>0</altitude>
					<heading>0</heading>
					<tilt>0</tilt>
					<gx:fovy>35</gx:fovy>
					<range>768.7178751264647</range>
					<altitudeMode>relativeToGround</altitudeMode>
				</LookAt>
				<styleUrl>#__managed_style_0833D987D240DE0D9CB1</styleUrl>
				<Point>
					<altitudeMode>relativeToGround</altitudeMode>
					<coordinates>2.1572409,41.4049644,0</coordinates>
				</Point>
			</Placemark>
			<Placemark id="0832B84EFC3B62957BFC">
				<gx:mid>/g/121n46dk</gx:mid>
				<gx:fid>0x12a4987ed26a1683:0xae4c09c6ee9f26a</gx:fid>
				<LookAt>
					<longitude>2.1448017</longitude>
					<latitude>41.3830019</latitude>
					<altitude>0</altitude>
					<heading>0</heading>
					<tilt>0</tilt>
					<gx:fovy>35</gx:fovy>
					<range>769.0017325857795</range>
					<altitudeMode>relativeToGround</altitudeMode>
				</LookAt>
				<styleUrl>#__managed_style_0833D987D240DE0D9CB1</styleUrl>
				<Point>
					<altitudeMode>relativeToGround</altitudeMode>
					<coordinates>2.1448017,41.3830019,0</coordinates>
				</Point>
			</Placemark>
			<Placemark id="01718BF74E3B6296C964">
				<gx:mid>/g/12nvpgj19</gx:mid>
				<gx:fid>0x12a4988f1238a1b3:0x3b58ac47ded402d</gx:fid>
				<LookAt>
					<longitude>2.1333873</longitude>
					<latitude>41.3747031</latitude>
					<altitude>0</altitude>
					<heading>0</heading>
					<tilt>0</tilt>
					<gx:fovy>35</gx:fovy>
					<range>769.1089637049886</range>
					<altitudeMode>relativeToGround</altitudeMode>
				</LookAt>
				<styleUrl>#__managed_style_0833D987D240DE0D9CB1</styleUrl>
				<Point>
					<altitudeMode>relativeToGround</altitudeMode>
					<coordinates>2.133405639344619,41.37468715904129,0</coordinates>
				</Point>
			</Placemark>
			<Placemark id="0D9F13A11E3B62984BC7">
				<name>רחוב מרכזי</name>
				<LookAt>
					<longitude>2.204593620780102</longitude>
					<latitude>41.398871806229</latitude>
					<altitude>2.734546486319782</altitude>
					<heading>349.1712413972216</heading>
					<tilt>0</tilt>
					<gx:fovy>35</gx:fovy>
					<range>216.524391535786</range>
					<altitudeMode>absolute</altitudeMode>
				</LookAt>
				<styleUrl>#__managed_style_1F58907B1B40DE0D9CBF</styleUrl>
				<LineString>
					<coordinates>
						2.198373570808898,41.40331342989609,0 2.205510179314891,41.39789321270231,0 
					</coordinates>
				</LineString>
			</Placemark>
			<Placemark id="0BB1A4CAB03B62994D50">
				<gx:mid>/m/0j9nnpr</gx:mid>
				<gx:fid>0x12a49859667767d7:0x917424b910d7d04a</gx:fid>
				<LookAt>
					<longitude>2.1880918</longitude>
					<latitude>41.402451</latitude>
					<altitude>0</altitude>
					<heading>0</heading>
					<tilt>0</tilt>
					<gx:fovy>35</gx:fovy>
					<range>768.7503653528374</range>
					<altitudeMode>relativeToGround</altitudeMode>
				</LookAt>
				<styleUrl>#__managed_style_1D16B8BDC340DE0D9CB8</styleUrl>
				<Point>
					<altitudeMode>relativeToGround</altitudeMode>
					<coordinates>2.1880918,41.402451,0</coordinates>
				</Point>
			</Placemark>
			<Placemark id="021C0241B93B629B5470">
				<gx:mid>/m/0nw8</gx:mid>
				<gx:fid>0x12a4a293998ae1d5:0xc49fa3624f371e6a</gx:fid>
				<LookAt>
					<longitude>2.1619024</longitude>
					<latitude>41.3952155</latitude>
					<altitude>0</altitude>
					<heading>0</heading>
					<tilt>0</tilt>
					<gx:fovy>35</gx:fovy>
					<range>768.8438894004014</range>
					<altitudeMode>relativeToGround</altitudeMode>
				</LookAt>
				<styleUrl>#__managed_style_0833D987D240DE0D9CB1</styleUrl>
				<Point>
					<altitudeMode>relativeToGround</altitudeMode>
					<coordinates>2.1619024,41.3952155,0</coordinates>
				</Point>
			</Placemark>
			<Placemark id="01036056D73B629CF338">
				<gx:mid>/m/0g6r9</gx:mid>
				<gx:fid>0x12a4a25820d3f1dd:0x96a03ff19fc2a5a4</gx:fid>
				<LookAt>
					<longitude>2.1742398</longitude>
					<latitude>41.3788851</latitude>
					<altitude>0</altitude>
					<heading>0</heading>
					<tilt>0</tilt>
					<gx:fovy>35</gx:fovy>
					<range>769.054928825021</range>
					<altitudeMode>relativeToGround</altitudeMode>
				</LookAt>
				<styleUrl>#__managed_style_1DAAFA570140DE0D9CB3</styleUrl>
				<Point>
					<altitudeMode>relativeToGround</altitudeMode>
					<coordinates>2.1742308,41.3788901,0</coordinates>
				</Point>
			</Placemark>
			<Placemark id="08FEB46C9E3B629D19C9">
				<gx:mid>/g/1td0q0s3</gx:mid>
				<gx:fid>0x12a4a2578bffda0f:0x3b209b090b2d4057</gx:fid>
				<LookAt>
					<longitude>2.1747321</longitude>
					<latitude>41.37890780000001</latitude>
					<altitude>0</altitude>
					<heading>0</heading>
					<tilt>0</tilt>
					<gx:fovy>35</gx:fovy>
					<range>769.0546355117408</range>
					<altitudeMode>relativeToGround</altitudeMode>
				</LookAt>
				<styleUrl>#__managed_style_0833D987D240DE0D9CB1</styleUrl>
				<Point>
					<altitudeMode>relativeToGround</altitudeMode>
					<coordinates>2.1748304,41.3789777,0</coordinates>
				</Point>
			</Placemark>
			<Placemark id="019E92A91E3B62A10D79">
				<gx:mid>/m/0glsn28</gx:mid>
				<gx:fid>0x12a498163513a245:0x9491e492191a9252</gx:fid>
				<LookAt>
					<longitude>2.126837699999999</longitude>
					<latitude>41.409599</latitude>
					<altitude>0</altitude>
					<heading>0</heading>
					<tilt>0</tilt>
					<gx:fovy>35</gx:fovy>
					<range>768.6579608867228</range>
					<altitudeMode>relativeToGround</altitudeMode>
				</LookAt>
				<styleUrl>#__managed_style_1DAAFA570140DE0D9CB3</styleUrl>
				<Point>
					<altitudeMode>relativeToGround</altitudeMode>
					<coordinates>2.1268377,41.409599,0</coordinates>
				</Point>
			</Placemark>
			<Placemark id="0D91D6B91E3B62A222F4">
				<gx:mid>/g/11c1n6l_y7</gx:mid>
				<gx:fid>0x12a497fbffffffff:0xd492079534f6e77d</gx:fid>
				<LookAt>
					<longitude>2.151666</longitude>
					<latitude>41.4415674</latitude>
					<altitude>0</altitude>
					<heading>0</heading>
					<tilt>0</tilt>
					<gx:fovy>35</gx:fovy>
					<range>768.2445563977966</range>
					<altitudeMode>relativeToGround</altitudeMode>
				</LookAt>
				<styleUrl>#__managed_style_1DAAFA570140DE0D9CB3</styleUrl>
				<Point>
					<altitudeMode>relativeToGround</altitudeMode>
					<coordinates>2.151609364594667,41.44152032867824,0</coordinates>
				</Point>
			</Placemark>
			<Placemark id="0B9A36A80E3B62A280A4">
				<gx:mid>/g/11bvtczw4k</gx:mid>
				<gx:fid>0x12a4bd05300e76f7:0xb6ecfc3d1b912765</gx:fid>
				<LookAt>
					<longitude>2.1762694</longitude>
					<latitude>41.45134929999999</latitude>
					<altitude>0</altitude>
					<heading>0</heading>
					<tilt>0</tilt>
					<gx:fovy>35</gx:fovy>
					<range>768.1180148694555</range>
					<altitudeMode>relativeToGround</altitudeMode>
				</LookAt>
				<styleUrl>#__managed_style_16528C8C7A40DE0D9CB7</styleUrl>
				<Point>
					<altitudeMode>relativeToGround</altitudeMode>
					<coordinates>2.1762694,41.4513493,0</coordinates>
				</Point>
			</Placemark>
			<Placemark id="0AC3EBC07F3B62A3635F">
				<gx:mid>/g/11ff2wgsjp</gx:mid>
				<gx:fid>0x12a4bd0591c90ce9:0x5a586b48e0262cab</gx:fid>
				<LookAt>
					<longitude>2.1465414</longitude>
					<latitude>41.4392325</latitude>
					<altitude>0</altitude>
					<heading>0</heading>
					<tilt>0</tilt>
					<gx:fovy>35</gx:fovy>
					<range>768.2747582105141</range>
					<altitudeMode>relativeToGround</altitudeMode>
				</LookAt>
				<styleUrl>#__managed_style_0833D987D240DE0D9CB1</styleUrl>
				<Point>
					<altitudeMode>relativeToGround</altitudeMode>
					<coordinates>2.1465414,41.4392325,0</coordinates>
				</Point>
			</Placemark>
			<Placemark id="0EB6A543A13B62A4A764">
				<gx:mid>/g/11b6b492v6</gx:mid>
				<gx:fid>0x12a49817f511892f:0xee8764802d94fc0f</gx:fid>
				<LookAt>
					<longitude>2.1264137</longitude>
					<latitude>41.4114628</latitude>
					<altitude>0</altitude>
					<heading>0</heading>
					<tilt>0</tilt>
					<gx:fovy>35</gx:fovy>
					<range>768.633865086988</range>
					<altitudeMode>relativeToGround</altitudeMode>
				</LookAt>
				<styleUrl>#__managed_style_0833D987D240DE0D9CB1</styleUrl>
				<Point>
					<altitudeMode>relativeToGround</altitudeMode>
					<coordinates>2.1264137,41.4114628,0</coordinates>
				</Point>
			</Placemark>
			<Placemark id="02419FA0293B62A533C6">
				<gx:mid>/g/1tsgywf3</gx:mid>
				<gx:fid>0x12a4984a73454991:0xd598b63802cdf192</gx:fid>
				<LookAt>
					<longitude>2.108114800000001</longitude>
					<latitude>41.4002694</latitude>
					<altitude>0</altitude>
					<heading>0</heading>
					<tilt>0</tilt>
					<gx:fovy>35</gx:fovy>
					<range>768.7785653284113</range>
					<altitudeMode>relativeToGround</altitudeMode>
				</LookAt>
				<styleUrl>#__managed_style_0833D987D240DE0D9CB1</styleUrl>
				<Point>
					<altitudeMode>relativeToGround</altitudeMode>
					<coordinates>2.1081148,41.4002694,0</coordinates>
				</Point>
			</Placemark>
			<Placemark id="02E120A3793B62A5A2BC">
				<gx:mid>/g/11c1nlb5cw</gx:mid>
				<gx:fid>0x12a499ae63703ff9:0x9865e0733e645946</gx:fid>
				<LookAt>
					<longitude>2.1001029</longitude>
					<latitude>41.3899188</latitude>
					<altitude>0</altitude>
					<heading>0</heading>
					<tilt>0</tilt>
					<gx:fovy>35</gx:fovy>
					<range>768.9123456881174</range>
					<altitudeMode>relativeToGround</altitudeMode>
				</LookAt>
				<styleUrl>#__managed_style_1DAAFA570140DE0D9CB3</styleUrl>
				<Point>
					<altitudeMode>relativeToGround</altitudeMode>
					<coordinates>2.1001029,41.3899188,0</coordinates>
				</Point>
			</Placemark>
			<Placemark id="087934C4223B62A6B3DC">
				<gx:mid>/g/1q5bm2t60</gx:mid>
				<gx:fid>0x12a49decdc2fb95d:0x48e18457d99254a6</gx:fid>
				<LookAt>
					<longitude>2.0475364</longitude>
					<latitude>41.27596789999999</latitude>
					<altitude>0</altitude>
					<heading>0</heading>
					<tilt>0</tilt>
					<gx:fovy>35</gx:fovy>
					<range>770.3835733148879</range>
					<altitudeMode>relativeToGround</altitudeMode>
				</LookAt>
				<styleUrl>#__managed_style_0833D987D240DE0D9CB1</styleUrl>
				<Point>
					<altitudeMode>relativeToGround</altitudeMode>
					<coordinates>2.0475364,41.2759679,0</coordinates>
				</Point>
			</Placemark>
			<Placemark id="0BEFCEDCDF3B62A81A31">
				<gx:mid>/g/1thj71sc</gx:mid>
				<gx:fid>0x12a4a279649aa111:0xb0d0cc966887d153</gx:fid>
				<LookAt>
					<longitude>2.1278252</longitude>
					<latitude>41.3546937</latitude>
					<altitude>0</altitude>
					<heading>0</heading>
					<tilt>0</tilt>
					<gx:fovy>35</gx:fovy>
					<range>769.3674478024908</range>
					<altitudeMode>relativeToGround</altitudeMode>
				</LookAt>
				<styleUrl>#__managed_style_1D16B8BDC340DE0D9CB8</styleUrl>
				<Point>
					<altitudeMode>relativeToGround</altitudeMode>
					<coordinates>2.128091473760778,41.35458115159624,0</coordinates>
				</Point>
			</Placemark>
			<Placemark id="0CC607771F3B62ABA641">
				<gx:mid>/g/1ym82qzfw</gx:mid>
				<gx:fid>0x12a4a2fa41e95863:0x5be2b2bc96391fa2</gx:fid>
				<LookAt>
					<longitude>2.1759573</longitude>
					<latitude>41.38719580000001</latitude>
					<altitude>0</altitude>
					<heading>0</heading>
					<tilt>0</tilt>
					<gx:fovy>35</gx:fovy>
					<range>768.9475362068798</range>
					<altitudeMode>relativeToGround</altitudeMode>
				</LookAt>
				<styleUrl>#__managed_style_0833D987D240DE0D9CB1</styleUrl>
				<Point>
					<altitudeMode>relativeToGround</altitudeMode>
					<coordinates>2.1759573,41.3871958,0</coordinates>
				</Point>
			</Placemark>
			<Placemark id="0C6A05003A3B62AC7AD7">
				<gx:mid>/g/11c0_g8smp</gx:mid>
				<gx:fid>0x12a4a331b2f941d1:0x6ac0173c59250726</gx:fid>
				<LookAt>
					<longitude>2.195731</longitude>
					<latitude>41.4129035</latitude>
					<altitude>0</altitude>
					<heading>0</heading>
					<tilt>0</tilt>
					<gx:fovy>35</gx:fovy>
					<range>768.615238730109</range>
					<altitudeMode>relativeToGround</altitudeMode>
				</LookAt>
				<styleUrl>#__managed_style_0833D987D240DE0D9CB1</styleUrl>
				<Point>
					<altitudeMode>relativeToGround</altitudeMode>
					<coordinates>2.195935791212851,41.41294523612417,0</coordinates>
				</Point>
			</Placemark>
			<Placemark id="0BAE6B73FA3B62ACE670">
				<gx:mid>/m/0gx2pjf</gx:mid>
				<gx:fid>0x12a4981a24a1d9cd:0x20158071eb4f77f3</gx:fid>
				<LookAt>
					<longitude>2.131123000000001</longitude>
					<latitude>41.4131805</latitude>
					<altitude>0</altitude>
					<heading>0</heading>
					<tilt>0</tilt>
					<gx:fovy>35</gx:fovy>
					<range>768.6116574314561</range>
					<altitudeMode>relativeToGround</altitudeMode>
				</LookAt>
				<styleUrl>#__managed_style_1D16B8BDC340DE0D9CB8</styleUrl>
				<Point>
					<altitudeMode>relativeToGround</altitudeMode>
					<coordinates>2.131123,41.4131805,0</coordinates>
				</Point>
			</Placemark>
			<Placemark id="04C7496DAB3B62AF45DB">
				<name>רחוב מרכזי</name>
				<LookAt>
					<longitude>2.167091055815416</longitude>
					<latitude>41.37304727007772</latitude>
					<altitude>14.42557848137838</altitude>
					<heading>6.825046280128182</heading>
					<tilt>0</tilt>
					<gx:fovy>35</gx:fovy>
					<range>752.0419439944817</range>
					<altitudeMode>absolute</altitudeMode>
				</LookAt>
				<styleUrl>#__managed_style_1F58907B1B40DE0D9CBF</styleUrl>
				<LineString>
					<coordinates>
						2.162097897683035,41.37465422760062,0 2.164541103383448,41.37369235155247,0 2.166876976922723,41.37280453350351,0 2.167421480430205,41.37258933018871,0 
					</coordinates>
				</LineString>
			</Placemark>
			<Placemark id="05C56C1B5A3B648EFB18">
				<name>רחוב מרכזי</name>
				<LookAt>
					<longitude>2.168597324581711</longitude>
					<latitude>41.38753724012994</latitude>
					<altitude>20.79987285447974</altitude>
					<heading>322.5563755439903</heading>
					<tilt>0</tilt>
					<gx:fovy>35</gx:fovy>
					<range>214.4052172711236</range>
					<altitudeMode>absolute</altitudeMode>
				</LookAt>
				<styleUrl>#__managed_style_1F58907B1B40DE0D9CBF</styleUrl>
				<LineString>
					<coordinates>
						2.157048618161559,41.39573946599206,0 2.167329378022425,41.38823943685601,0 2.168713615078663,41.38711314676633,0 
					</coordinates>
				</LineString>
			</Placemark>
			<Placemark id="0F5E4EEB423B64AB0BD7">
				<gx:mid>/g/1216x1cf</gx:mid>
				<gx:fid>0x12a482a88be9d07d:0xa1e45db2887c27e5</gx:fid>
				<LookAt>
					<longitude>2.1725972</longitude>
					<latitude>41.3822639</latitude>
					<altitude>0</altitude>
					<heading>0</heading>
					<tilt>0</tilt>
					<gx:fovy>35</gx:fovy>
					<range>769.0112691105917</range>
					<altitudeMode>relativeToGround</altitudeMode>
				</LookAt>
				<styleUrl>#__managed_style_1D16B8BDC340DE0D9CB8</styleUrl>
				<Point>
					<altitudeMode>relativeToGround</altitudeMode>
					<coordinates>2.1725966,41.38226359999999,0</coordinates>
				</Point>
			</Placemark>
			<Placemark id="04B5802AC83B65E3893E">
				<gx:mid>/g/122n59gs</gx:mid>
				<gx:fid>0x12a4a3006fc13705:0xd7ba34de9be3e82b</gx:fid>
				<LookAt>
					<longitude>2.185873</longitude>
					<latitude>41.380804</latitude>
					<altitude>0</altitude>
					<heading>0</heading>
					<tilt>0</tilt>
					<gx:fovy>35</gx:fovy>
					<range>769.0301337575041</range>
					<altitudeMode>relativeToGround</altitudeMode>
				</LookAt>
				<styleUrl>#__managed_style_1D16B8BDC340DE0D9CB8</styleUrl>
				<Point>
					<altitudeMode>relativeToGround</altitudeMode>
					<coordinates>2.185873,41.380804,0</coordinates>
				</Point>
			</Placemark>
			<Placemark id="02D4440EDE3ED4BED8AC">
				<gx:mid>/m/0cnymzm</gx:mid>
				<gx:fid>0x12a4a2e09a96ccc7:0x5fe69cd968d26198</gx:fid>
				<LookAt>
					<longitude>2.181227</longitude>
					<latitude>41.4001033</latitude>
					<altitude>0</altitude>
					<heading>0</heading>
					<tilt>0</tilt>
					<gx:fovy>35</gx:fovy>
					<range>768.7807123404449</range>
					<altitudeMode>relativeToGround</altitudeMode>
				</LookAt>
				<styleUrl>#__managed_style_0833D987D240DE0D9CB1</styleUrl>
				<Point>
					<altitudeMode>relativeToGround</altitudeMode>
					<coordinates>2.181227,41.4001033,0</coordinates>
				</Point>
			</Placemark>
			<Placemark id="04D3484A003ED4BF5F30">
				<gx:mid>/m/0g6n3</gx:mid>
				<gx:fid>0x12a4a2dcd83dfb93:0x9bd8aac21bc3c950</gx:fid>
				<LookAt>
					<longitude>2.1743558</longitude>
					<latitude>41.4036299</latitude>
					<altitude>0</altitude>
					<heading>0</heading>
					<tilt>0</tilt>
					<gx:fovy>35</gx:fovy>
					<range>768.7351261196434</range>
					<altitudeMode>relativeToGround</altitudeMode>
				</LookAt>
				<styleUrl>#__managed_style_23FD2B742240DE0D9CC4</styleUrl>
				<Point>
					<altitudeMode>relativeToGround</altitudeMode>
					<coordinates>2.1743558,41.4036299,0</coordinates>
				</Point>
			</Placemark>
			<Placemark id="002675DD133ED4C04F44">
				<gx:mid>/m/02qs4c8</gx:mid>
				<gx:fid>0x12a4a2f1602b4819:0x1eecc2af1c60d64b</gx:fid>
				<LookAt>
					<longitude>2.1700471</longitude>
					<latitude>41.3870154</latitude>
					<altitude>0</altitude>
					<heading>0</heading>
					<tilt>0</tilt>
					<gx:fovy>35</gx:fovy>
					<range>768.9498675367064</range>
					<altitudeMode>relativeToGround</altitudeMode>
				</LookAt>
				<styleUrl>#__managed_style_0833D987D240DE0D9CB1</styleUrl>
				<Point>
					<altitudeMode>relativeToGround</altitudeMode>
					<coordinates>2.1700471,41.3870154,0</coordinates>
				</Point>
			</Placemark>
			<Placemark id="0A495FDA6F3ED4C0A544">
				<gx:mid>/g/11h6m6lfhx</gx:mid>
				<gx:fid>0x12a4a39a6f90695f:0xdaefe54e0f1210ee</gx:fid>
				<LookAt>
					<longitude>2.1533595</longitude>
					<latitude>41.3687659</latitude>
					<altitude>0</altitude>
					<heading>0</heading>
					<tilt>0</tilt>
					<gx:fovy>35</gx:fovy>
					<range>769.1856705348586</range>
					<altitudeMode>relativeToGround</altitudeMode>
				</LookAt>
				<styleUrl>#__managed_style_0833D987D240DE0D9CB1</styleUrl>
				<Point>
					<altitudeMode>relativeToGround</altitudeMode>
					<coordinates>2.1533595,41.3687659,0</coordinates>
				</Point>
			</Placemark>
			<Placemark id="0C5F6481063ED4C10644">
				<gx:mid>/g/11fpfr4knb</gx:mid>
				<gx:fid>0x12a4a3ac3bab9dfb:0x6614b4e7ea80fa5a</gx:fid>
				<LookAt>
					<longitude>2.1531862</longitude>
					<latitude>41.3690339</latitude>
					<altitude>0</altitude>
					<heading>0</heading>
					<tilt>0</tilt>
					<gx:fovy>35</gx:fovy>
					<range>769.1822082247342</range>
					<altitudeMode>relativeToGround</altitudeMode>
				</LookAt>
				<styleUrl>#__managed_style_1DAAFA570140DE0D9CB3</styleUrl>
				<Point>
					<altitudeMode>relativeToGround</altitudeMode>
					<coordinates>2.1531862,41.3690339,0</coordinates>
				</Point>
			</Placemark>
			<Placemark id="0A6806D2ED3ED4C1A7D9">
				<gx:mid>/g/11c32km60w</gx:mid>
				<gx:fid>0x12a4a279371d28f5:0xeecebc72bd8f01b0</gx:fid>
				<LookAt>
					<longitude>2.148768</longitude>
					<latitude>41.37473469999999</latitude>
					<altitude>0</altitude>
					<heading>0</heading>
					<tilt>0</tilt>
					<gx:fovy>35</gx:fovy>
					<range>769.1085554215728</range>
					<altitudeMode>relativeToGround</altitudeMode>
				</LookAt>
				<styleUrl>#__managed_style_16528C8C7A40DE0D9CB7</styleUrl>
				<Point>
					<altitudeMode>relativeToGround</altitudeMode>
					<coordinates>2.149158335166867,41.37502429140415,0</coordinates>
				</Point>
			</Placemark>
			<Placemark id="08321941213ED4C2A714">
				<gx:mid>/m/013q7r</gx:mid>
				<gx:fid>0x12a49e64847c8ea5:0xf32be942fb6f9bd7</gx:fid>
				<LookAt>
					<longitude>2.07620995</longitude>
					<latitude>41.29520625</latitude>
					<altitude>0</altitude>
					<heading>0</heading>
					<tilt>0</tilt>
					<gx:fovy>35</gx:fovy>
					<range>3938.519286546811</range>
					<altitudeMode>relativeToGround</altitudeMode>
				</LookAt>
				<styleUrl>#__managed_style_3EA7CF16D140DE0D9CBC</styleUrl>
				<Point>
					<altitudeMode>relativeToGround</altitudeMode>
					<coordinates>2.0800095,41.29834049999999,0</coordinates>
				</Point>
			</Placemark>
			<Placemark id="00A83CB92A3ED4C314E3">
				<gx:mid>/g/11b7m9h66f</gx:mid>
				<gx:fid>0x12a49f03ed73531b:0x2a1a2042ef301b5e</gx:fid>
				<LookAt>
					<longitude>2.1101834</longitude>
					<latitude>41.30812510000001</latitude>
					<altitude>0</altitude>
					<heading>0</heading>
					<tilt>0</tilt>
					<gx:fovy>35</gx:fovy>
					<range>769.9686823124119</range>
					<altitudeMode>relativeToGround</altitudeMode>
				</LookAt>
				<styleUrl>#__managed_style_1DAAFA570140DE0D9CB3</styleUrl>
				<Point>
					<altitudeMode>relativeToGround</altitudeMode>
					<coordinates>2.1101834,41.3081251,0</coordinates>
				</Point>
			</Placemark>
			<Placemark id="0D284C23C23ED4C3D180">
				<gx:mid>/g/122914_s</gx:mid>
				<gx:fid>0x12a4982760ca89c1:0x2fe459482acc3dcb</gx:fid>
				<LookAt>
					<longitude>2.120088</longitude>
					<latitude>41.42328604999999</latitude>
					<altitude>0</altitude>
					<heading>0</heading>
					<tilt>0</tilt>
					<gx:fovy>35</gx:fovy>
					<range>768.4809923797351</range>
					<altitudeMode>relativeToGround</altitudeMode>
				</LookAt>
				<styleUrl>#__managed_style_03C64F696B40DE0D9CBF</styleUrl>
				<Point>
					<altitudeMode>relativeToGround</altitudeMode>
					<coordinates>2.1194491,41.421632,0</coordinates>
				</Point>
			</Placemark>
			<Placemark id="0183BCF6203ED4C4131C">
				<gx:mid>/m/01ggjl</gx:mid>
				<gx:fid>0x12a498f576297baf:0x44f65330fe1b04b9</gx:fid>
				<LookAt>
					<longitude>2.1228198</longitude>
					<latitude>41.380896</latitude>
					<altitude>0</altitude>
					<heading>0</heading>
					<tilt>0</tilt>
					<gx:fovy>35</gx:fovy>
					<range>769.0289449588887</range>
					<altitudeMode>relativeToGround</altitudeMode>
				</LookAt>
				<styleUrl>#__managed_style_0698D2BB6640DE0D9CC1</styleUrl>
				<Point>
					<altitudeMode>relativeToGround</altitudeMode>
					<coordinates>2.1228198,41.380896,0</coordinates>
				</Point>
			</Placemark>
			<Placemark id="0E8423650D3ED4C494F0">
				<gx:mid>/m/04crww4</gx:mid>
				<gx:fid>0x12a4a256d7bd004b:0x2adc0acddfeb6cb7</gx:fid>
				<LookAt>
					<longitude>2.1777606</longitude>
					<latitude>41.37580869999999</latitude>
					<altitude>0</altitude>
					<heading>0</heading>
					<tilt>0</tilt>
					<gx:fovy>35</gx:fovy>
					<range>769.0946788215882</range>
					<altitudeMode>relativeToGround</altitudeMode>
				</LookAt>
				<styleUrl>#__managed_style_16528C8C7A40DE0D9CB7</styleUrl>
				<Point>
					<altitudeMode>relativeToGround</altitudeMode>
					<coordinates>2.1777606,41.3758087,0</coordinates>
				</Point>
			</Placemark>
			<Placemark id="0710F232D93ED4C53DCC">
				<gx:mid>/g/120qw2v5</gx:mid>
				<gx:fid>0x12a4a2f9c32e57f9:0xe6addbbdaf04fe78</gx:fid>
				<LookAt>
					<longitude>2.1751129</longitude>
					<latitude>41.38425339999999</latitude>
					<altitude>0</altitude>
					<heading>0</heading>
					<tilt>0</tilt>
					<gx:fovy>35</gx:fovy>
					<range>768.9855602754913</range>
					<altitudeMode>relativeToGround</altitudeMode>
				</LookAt>
				<styleUrl>#__managed_style_0833D987D240DE0D9CB1</styleUrl>
				<Point>
					<altitudeMode>relativeToGround</altitudeMode>
					<coordinates>2.175707359436365,41.38458264430592,0</coordinates>
				</Point>
			</Placemark>
			<Placemark id="0BE68270983ED4FF1513">
				<gx:mid>/g/12bffzmvh</gx:mid>
				<gx:fid>0x12a4a2fbc2fc3cc9:0xcf4dd50cc18b657e</gx:fid>
				<LookAt>
					<longitude>2.1781566</longitude>
					<latitude>41.38636109999999</latitude>
					<altitude>0</altitude>
					<heading>0</heading>
					<tilt>0</tilt>
					<gx:fovy>35</gx:fovy>
					<range>768.9583230697342</range>
					<altitudeMode>relativeToGround</altitudeMode>
				</LookAt>
				<styleUrl>#__managed_style_0833D987D240DE0D9CB1</styleUrl>
				<Point>
					<altitudeMode>relativeToGround</altitudeMode>
					<coordinates>2.1781566,41.38636109999999,0</coordinates>
				</Point>
			</Placemark>
			<Placemark id="017DDAF1E93ED5000C19">
				<gx:mid>/g/11h_48tyyq</gx:mid>
				<gx:fid>0x12a498275bf68839:0x70273800088c9238</gx:fid>
				<LookAt>
					<longitude>2.1193175</longitude>
					<latitude>41.4214812</latitude>
					<altitude>0</altitude>
					<heading>0</heading>
					<tilt>0</tilt>
					<gx:fovy>35</gx:fovy>
					<range>768.504330805254</range>
					<altitudeMode>relativeToGround</altitudeMode>
				</LookAt>
				<styleUrl>#__managed_style_0DB6A0BD0240DE0D9CBC</styleUrl>
				<Point>
					<altitudeMode>relativeToGround</altitudeMode>
					<coordinates>2.1193175,41.4214812,0</coordinates>
				</Point>
			</Placemark>
			<Placemark id="0D4BF7F4BB3ED503BD19">
				<gx:mid>/g/11xpwjllz</gx:mid>
				<gx:fid>0x12a4a307e326aeb9:0x39318406b560f21</gx:fid>
				<LookAt>
					<longitude>2.1934055</longitude>
					<latitude>41.3811002</latitude>
					<altitude>0</altitude>
					<heading>0</heading>
					<tilt>0</tilt>
					<gx:fovy>35</gx:fovy>
					<range>769.0263063361093</range>
					<altitudeMode>relativeToGround</altitudeMode>
				</LookAt>
				<styleUrl>#__managed_style_0833D987D240DE0D9CB1</styleUrl>
				<Point>
					<altitudeMode>relativeToGround</altitudeMode>
					<coordinates>2.193494610276234,41.38082160500937,0</coordinates>
				</Point>
			</Placemark>
			<Placemark id="03643EF6E43ED50841A0">
				<name>Avinguda del Portal de l&apos;Àngel - הרחוב המרכזי</name>
				<LookAt>
					<longitude>2.1727582</longitude>
					<latitude>41.3858413</latitude>
					<altitude>0</altitude>
					<heading>0</heading>
					<tilt>0</tilt>
					<gx:fovy>35</gx:fovy>
					<range>768.9650403885455</range>
					<altitudeMode>relativeToGround</altitudeMode>
				</LookAt>
				<styleUrl>#__managed_style_1BEBA3632040DE0D9CC6</styleUrl>
				<Point>
					<altitudeMode>relativeToGround</altitudeMode>
					<coordinates>2.1727582,41.3858413,0</coordinates>
				</Point>
			</Placemark>
		</Folder>
		<Folder id="05AB28C80C3B5FCCCA1C">
			<name>מסעדות</name>
			<visibility>0</visibility>
			<styleUrl>#__managed_style_1C52047F1040DE0D9CBC</styleUrl>
			<Placemark id="071422AF333B5BCEED80">
				<gx:mid>/g/11b7jv973s</gx:mid>
				<gx:fid>0x12a4a3aeb60da3b5:0xece793b66794d2a9</gx:fid>
				<LookAt>
					<longitude>2.1895365</longitude>
					<latitude>41.3737346</latitude>
					<altitude>0</altitude>
					<heading>0</heading>
					<tilt>0</tilt>
					<gx:fovy>35</gx:fovy>
					<range>769.1214769672225</range>
					<altitudeMode>relativeToGround</altitudeMode>
				</LookAt>
				<styleUrl>#__managed_style_29FA32C18C40DE0D9CB9</styleUrl>
				<Point>
					<altitudeMode>relativeToGround</altitudeMode>
					<coordinates>2.189604198308197,41.37379954198655,0</coordinates>
				</Point>
			</Placemark>
			<Placemark id="0A5147894D3B5BD08FEE">
				<gx:mid>/g/1hhjkrykh</gx:mid>
				<gx:fid>0x12a4a3088d8490b9:0xb531e78852f3a09e</gx:fid>
				<LookAt>
					<longitude>2.1969779</longitude>
					<latitude>41.3855209</latitude>
					<altitude>0</altitude>
					<heading>0</heading>
					<tilt>0</tilt>
					<gx:fovy>35</gx:fovy>
					<range>768.9691808529526</range>
					<altitudeMode>relativeToGround</altitudeMode>
				</LookAt>
				<styleUrl>#__managed_style_4AD2BD12B440DE0D9CB4</styleUrl>
				<Point>
					<altitudeMode>relativeToGround</altitudeMode>
					<coordinates>2.1969779,41.3855209,0</coordinates>
				</Point>
			</Placemark>
			<Placemark id="041EB711C73B5BDD7227">
				<gx:mid>/g/11fm8kjy_d</gx:mid>
				<gx:fid>0x12a4a39dbc7a98e1:0x4595a91ae3d19073</gx:fid>
				<LookAt>
					<longitude>2.172464699999999</longitude>
					<latitude>41.37117920000001</latitude>
					<altitude>0</altitude>
					<heading>0</heading>
					<tilt>0</tilt>
					<gx:fovy>35</gx:fovy>
					<range>769.1544923734308</range>
					<altitudeMode>relativeToGround</altitudeMode>
				</LookAt>
				<styleUrl>#__managed_style_29FA32C18C40DE0D9CB9</styleUrl>
				<Point>
					<altitudeMode>relativeToGround</altitudeMode>
					<coordinates>2.1724647,41.3711792,0</coordinates>
				</Point>
			</Placemark>
			<Placemark id="0972D2B3A93B65E41C20">
				<gx:mid>/g/11t3g_j71b</gx:mid>
				<gx:fid>0x12a4a300bb618e67:0x8645d10d25e6703</gx:fid>
				<LookAt>
					<longitude>2.156430099999999</longitude>
					<latitude>41.39277309999999</latitude>
					<altitude>0</altitude>
					<heading>0</heading>
					<tilt>0</tilt>
					<gx:fovy>35</gx:fovy>
					<range>768.8754565534053</range>
					<altitudeMode>relativeToGround</altitudeMode>
				</LookAt>
				<styleUrl>#__managed_style_29FA32C18C40DE0D9CB9</styleUrl>
				<Point>
					<altitudeMode>relativeToGround</altitudeMode>
					<coordinates>2.1564337,41.3927705,0</coordinates>
				</Point>
			</Placemark>
			<Placemark id="0CD3E069653B65E43E4C">
				<gx:mid>/g/11b6p9j0sw</gx:mid>
				<gx:fid>0x12a4a285bbc62c4d:0xcd8a70d67beb3993</gx:fid>
				<LookAt>
					<longitude>2.153199</longitude>
					<latitude>41.3877627</latitude>
					<altitude>0</altitude>
					<heading>0</heading>
					<tilt>0</tilt>
					<gx:fovy>35</gx:fovy>
					<range>768.9402100462904</range>
					<altitudeMode>relativeToGround</altitudeMode>
				</LookAt>
				<styleUrl>#__managed_style_29FA32C18C40DE0D9CB9</styleUrl>
				<Point>
					<altitudeMode>relativeToGround</altitudeMode>
					<coordinates>2.1532061,41.3877679,0</coordinates>
				</Point>
			</Placemark>
			<Placemark id="0B3CB3D5383B65E4D029">
				<gx:mid>/g/11t0rfz05y</gx:mid>
				<gx:fid>0x12a4a3c3c78d5725:0x9aed92f9499f1f7d</gx:fid>
				<LookAt>
					<longitude>2.2037586</longitude>
					<latitude>41.40068249999999</latitude>
					<altitude>0</altitude>
					<heading>0</heading>
					<tilt>0</tilt>
					<gx:fovy>35</gx:fovy>
					<range>768.7732255626954</range>
					<altitudeMode>relativeToGround</altitudeMode>
				</LookAt>
				<styleUrl>#__managed_style_29FA32C18C40DE0D9CB9</styleUrl>
				<Point>
					<altitudeMode>relativeToGround</altitudeMode>
					<coordinates>2.2037553,41.4006846,0</coordinates>
				</Point>
			</Placemark>
			<Placemark id="0DB7F7BA323B65E4F554">
				<gx:mid>/g/11vqrrxg14</gx:mid>
				<gx:fid>0x12a4a379f8ef14a1:0xcdd1730986c846fd</gx:fid>
				<LookAt>
					<longitude>2.1708872</longitude>
					<latitude>41.3964666</latitude>
					<altitude>0</altitude>
					<heading>0</heading>
					<tilt>0</tilt>
					<gx:fovy>35</gx:fovy>
					<range>768.82771886368</range>
					<altitudeMode>relativeToGround</altitudeMode>
				</LookAt>
				<styleUrl>#__managed_style_29FA32C18C40DE0D9CB9</styleUrl>
				<Point>
					<altitudeMode>relativeToGround</altitudeMode>
					<coordinates>2.1708872,41.3964666,0</coordinates>
				</Point>
			</Placemark>
			<Placemark id="0D28E75CD43B65E53DF8">
				<gx:mid>/g/11kl5dssmh</gx:mid>
				<gx:fid>0x12a4a3e46f154e31:0x18e2b2a284c7f82</gx:fid>
				<LookAt>
					<longitude>2.205054099999999</longitude>
					<latitude>41.3983752</latitude>
					<altitude>0</altitude>
					<heading>0</heading>
					<tilt>0</tilt>
					<gx:fovy>35</gx:fovy>
					<range>768.8030494331824</range>
					<altitudeMode>relativeToGround</altitudeMode>
				</LookAt>
				<styleUrl>#__managed_style_29FA32C18C40DE0D9CB9</styleUrl>
				<Point>
					<altitudeMode>relativeToGround</altitudeMode>
					<coordinates>2.2050541,41.3983752,0</coordinates>
				</Point>
			</Placemark>
			<Placemark id="0874671D0D3B65E59DE4">
				<gx:mid>/g/11swgg8tc7</gx:mid>
				<gx:fid>0x12a4a3153c47fd79:0x6fe501e727b5b09d</gx:fid>
				<LookAt>
					<longitude>2.1761335</longitude>
					<latitude>41.3797793</latitude>
					<altitude>0</altitude>
					<heading>0</heading>
					<tilt>0</tilt>
					<gx:fovy>35</gx:fovy>
					<range>769.043374521007</range>
					<altitudeMode>relativeToGround</altitudeMode>
				</LookAt>
				<styleUrl>#__managed_style_29FA32C18C40DE0D9CB9</styleUrl>
				<Point>
					<altitudeMode>relativeToGround</altitudeMode>
					<coordinates>2.1762177,41.3797365,0</coordinates>
				</Point>
			</Placemark>
			<Placemark id="0C28F1FF7E3B65E5F468">
				<gx:mid>/g/11y6lqyrhm</gx:mid>
				<gx:fid>0x12a4a3d075e0e1b7:0x5b42f01240115d88</gx:fid>
				<LookAt>
					<longitude>2.1612134</longitude>
					<latitude>41.3816613</latitude>
					<altitude>0</altitude>
					<heading>0</heading>
					<tilt>0</tilt>
					<gx:fovy>35</gx:fovy>
					<range>769.0190558905366</range>
					<altitudeMode>relativeToGround</altitudeMode>
				</LookAt>
				<styleUrl>#__managed_style_29FA32C18C40DE0D9CB9</styleUrl>
				<Point>
					<altitudeMode>relativeToGround</altitudeMode>
					<coordinates>2.1612535,41.3816916,0</coordinates>
				</Point>
			</Placemark>
			<Placemark id="0E67EC18533B5BDDD198">
				<gx:mid>/g/1yh8075jh</gx:mid>
				<gx:fid>0x12a4a245222416bb:0xb03d4d471bd04083</gx:fid>
				<LookAt>
					<longitude>2.1725414</longitude>
					<latitude>41.3696075</latitude>
					<altitude>0</altitude>
					<heading>0</heading>
					<tilt>0</tilt>
					<gx:fovy>35</gx:fovy>
					<range>769.1747977938786</range>
					<altitudeMode>relativeToGround</altitudeMode>
				</LookAt>
				<styleUrl>#__managed_style_29FA32C18C40DE0D9CB9</styleUrl>
				<Point>
					<altitudeMode>relativeToGround</altitudeMode>
					<coordinates>2.1725414,41.3696075,0</coordinates>
				</Point>
			</Placemark>
			<Placemark id="08567B8B1C3B65E21AEF">
				<gx:mid>/g/11dfpk3wfh</gx:mid>
				<gx:fid>0x12a4a2edeb220bbb:0xf44b5f71e6e1cc8b</gx:fid>
				<LookAt>
					<longitude>2.1684319</longitude>
					<latitude>41.3919358</latitude>
					<altitude>0</altitude>
					<heading>0</heading>
					<tilt>0</tilt>
					<gx:fovy>35</gx:fovy>
					<range>768.8862780536108</range>
					<altitudeMode>relativeToGround</altitudeMode>
				</LookAt>
				<styleUrl>#__managed_style_29FA32C18C40DE0D9CB9</styleUrl>
				<Point>
					<altitudeMode>relativeToGround</altitudeMode>
					<coordinates>2.1684323,41.39188,0</coordinates>
				</Point>
			</Placemark>
			<Placemark id="0781D5C88C3B65E2BF11">
				<gx:mid>/g/11f4vh9wyc</gx:mid>
				<gx:fid>0x12a4a2f8fd0489a7:0x33be6ea6a99e36bc</gx:fid>
				<LookAt>
					<longitude>2.1774103</longitude>
					<latitude>41.3830476</latitude>
					<altitude>0</altitude>
					<heading>0</heading>
					<tilt>0</tilt>
					<gx:fovy>35</gx:fovy>
					<range>769.0011420408998</range>
					<altitudeMode>relativeToGround</altitudeMode>
				</LookAt>
				<styleUrl>#__managed_style_29FA32C18C40DE0D9CB9</styleUrl>
				<Point>
					<altitudeMode>relativeToGround</altitudeMode>
					<coordinates>2.1774103,41.3830476,0</coordinates>
				</Point>
			</Placemark>
			<Placemark id="05113C20E13B65E361EC">
				<gx:mid>/g/11gsm5gx6r</gx:mid>
				<gx:fid>0x12a4a39fe1249a3b:0x1b3d2843047b9e4e</gx:fid>
				<LookAt>
					<longitude>2.185054500000001</longitude>
					<latitude>41.3811259</latitude>
					<altitude>0</altitude>
					<heading>0</heading>
					<tilt>0</tilt>
					<gx:fovy>35</gx:fovy>
					<range>769.0259742462978</range>
					<altitudeMode>relativeToGround</altitudeMode>
				</LookAt>
				<styleUrl>#__managed_style_29FA32C18C40DE0D9CB9</styleUrl>
				<Point>
					<altitudeMode>relativeToGround</altitudeMode>
					<coordinates>2.1850545,41.3811259,0</coordinates>
				</Point>
			</Placemark>
		</Folder>
		<Folder id="0D0C08B3CB3B5FCCF769">
			<name>בתי קפה</name>
			<visibility>0</visibility>
			<styleUrl>#__managed_style_1C52047F1040DE0D9CBC</styleUrl>
			<Placemark id="077CDF6E543B5FF662B0">
				<gx:mid>/g/11vyg52lg_</gx:mid>
				<gx:fid>0x12a4a3631686c587:0x1c82cb0922b19424</gx:fid>
				<LookAt>
					<longitude>2.1730171</longitude>
					<latitude>41.3909501</latitude>
					<altitude>0</altitude>
					<heading>0</heading>
					<tilt>0</tilt>
					<gx:fovy>35</gx:fovy>
					<range>768.8990173174341</range>
					<altitudeMode>relativeToGround</altitudeMode>
				</LookAt>
				<styleUrl>#__managed_style_4AD2BD12B440DE0D9CB4</styleUrl>
				<Point>
					<altitudeMode>relativeToGround</altitudeMode>
					<coordinates>2.1730171,41.3909501,0</coordinates>
				</Point>
			</Placemark>
			<Placemark id="01B7F8921D3B5FF7E5DC">
				<gx:mid>/g/11t4bgdqy7</gx:mid>
				<gx:fid>0x12a4a3f5b63a2399:0x70de0076fe6d2a28</gx:fid>
				<LookAt>
					<longitude>2.182043</longitude>
					<latitude>41.3860704</latitude>
					<altitude>0</altitude>
					<heading>0</heading>
					<tilt>0</tilt>
					<gx:fovy>35</gx:fovy>
					<range>768.962079761587</range>
					<altitudeMode>relativeToGround</altitudeMode>
				</LookAt>
				<styleUrl>#__managed_style_4AD2BD12B440DE0D9CB4</styleUrl>
				<Point>
					<altitudeMode>relativeToGround</altitudeMode>
					<coordinates>2.182043,41.3860704,0</coordinates>
				</Point>
			</Placemark>
			<Placemark id="0E3D6C748B3B5FF8DC11">
				<gx:mid>/g/11g7_drr1v</gx:mid>
				<gx:fid>0x12a4a3abf534e9a1:0x1455d728ea774531</gx:fid>
				<LookAt>
					<longitude>2.1877133</longitude>
					<latitude>41.3758947</latitude>
					<altitude>0</altitude>
					<heading>0</heading>
					<tilt>0</tilt>
					<gx:fovy>35</gx:fovy>
					<range>769.0935676488625</range>
					<altitudeMode>relativeToGround</altitudeMode>
				</LookAt>
				<styleUrl>#__managed_style_4AD2BD12B440DE0D9CB4</styleUrl>
				<Point>
					<altitudeMode>relativeToGround</altitudeMode>
					<coordinates>2.1877133,41.3758947,0</coordinates>
				</Point>
			</Placemark>
			<Placemark id="06E0BDAD413B5FFA5510">
				<gx:mid>/g/11shk3ggfy</gx:mid>
				<gx:fid>0x12a4a33a5586b1b5:0x1f3451350cd082af</gx:fid>
				<LookAt>
					<longitude>2.1534454</longitude>
					<latitude>41.3810522</latitude>
					<altitude>0</altitude>
					<heading>0</heading>
					<tilt>0</tilt>
					<gx:fovy>35</gx:fovy>
					<range>769.0269265812784</range>
					<altitudeMode>relativeToGround</altitudeMode>
				</LookAt>
				<styleUrl>#__managed_style_4AD2BD12B440DE0D9CB4</styleUrl>
				<Point>
					<altitudeMode>relativeToGround</altitudeMode>
					<coordinates>2.1534454,41.3810522,0</coordinates>
				</Point>
			</Placemark>
			<Placemark id="0C315517653B5FFC3C1F">
				<gx:mid>/g/121w1gnz</gx:mid>
				<gx:fid>0x12a4a26ee29a9e95:0x8d629138c8a8c090</gx:fid>
				<LookAt>
					<longitude>2.1575958</longitude>
					<latitude>41.3678275</latitude>
					<altitude>0</altitude>
					<heading>0</heading>
					<tilt>0</tilt>
					<gx:fovy>35</gx:fovy>
					<range>769.1977936620706</range>
					<altitudeMode>relativeToGround</altitudeMode>
				</LookAt>
				<styleUrl>#__managed_style_4AD2BD12B440DE0D9CB4</styleUrl>
				<Point>
					<altitudeMode>relativeToGround</altitudeMode>
					<coordinates>2.1575958,41.3678275,0</coordinates>
				</Point>
			</Placemark>
			<Placemark id="0FE449EA193B5FFD7DAB">
				<gx:mid>/g/1q5bl8k41</gx:mid>
				<gx:fid>0x12a4a2f1e7d7dfb3:0x9882a8ff9b560d6b</gx:fid>
				<LookAt>
					<longitude>2.1708714</longitude>
					<latitude>41.39027859999999</latitude>
					<altitude>0</altitude>
					<heading>0</heading>
					<tilt>0</tilt>
					<gx:fovy>35</gx:fovy>
					<range>768.9076957122724</range>
					<altitudeMode>relativeToGround</altitudeMode>
				</LookAt>
				<styleUrl>#__managed_style_4AD2BD12B440DE0D9CB4</styleUrl>
				<Point>
					<altitudeMode>relativeToGround</altitudeMode>
					<coordinates>2.1708714,41.39027859999999,0</coordinates>
				</Point>
			</Placemark>
			<Placemark id="0655A8A6693B5FFFD9E3">
				<gx:mid>/g/11b7stl5y0</gx:mid>
				<gx:fid>0x12a4a2c2c890d2f7:0xa5646f3b403566d2</gx:fid>
				<LookAt>
					<longitude>2.17394</longitude>
					<latitude>41.40211989999999</latitude>
					<altitude>0</altitude>
					<heading>0</heading>
					<tilt>0</tilt>
					<gx:fovy>35</gx:fovy>
					<range>768.7546453126716</range>
					<altitudeMode>relativeToGround</altitudeMode>
				</LookAt>
				<styleUrl>#__managed_style_4AD2BD12B440DE0D9CB4</styleUrl>
				<Point>
					<altitudeMode>relativeToGround</altitudeMode>
					<coordinates>2.17394,41.4021199,0</coordinates>
				</Point>
			</Placemark>
			<Placemark id="0B2627FCD13B600191E7">
				<gx:mid>/g/11b5wk5ztn</gx:mid>
				<gx:fid>0x12a4a2c2cd88e2b7:0x3a4954d61fe56a6d</gx:fid>
				<LookAt>
					<longitude>2.1742801</longitude>
					<latitude>41.4024119</latitude>
					<altitude>0</altitude>
					<heading>0</heading>
					<tilt>0</tilt>
					<gx:fovy>35</gx:fovy>
					<range>768.7508707797459</range>
					<altitudeMode>relativeToGround</altitudeMode>
				</LookAt>
				<styleUrl>#__managed_style_4AD2BD12B440DE0D9CB4</styleUrl>
				<Point>
					<altitudeMode>relativeToGround</altitudeMode>
					<coordinates>2.1742801,41.4024119,0</coordinates>
				</Point>
			</Placemark>
			<Placemark id="068FB0307E3B60024EB0">
				<gx:mid>/g/1td80313</gx:mid>
				<gx:fid>0x12a4a2c1554214f3:0x1bce15d7df4c540b</gx:fid>
				<LookAt>
					<longitude>2.1695587</longitude>
					<latitude>41.4057903</latitude>
					<altitude>0</altitude>
					<heading>0</heading>
					<tilt>0</tilt>
					<gx:fovy>35</gx:fovy>
					<range>768.7071985736656</range>
					<altitudeMode>relativeToGround</altitudeMode>
				</LookAt>
				<styleUrl>#__managed_style_4AD2BD12B440DE0D9CB4</styleUrl>
				<Point>
					<altitudeMode>relativeToGround</altitudeMode>
					<coordinates>2.1695587,41.4057903,0</coordinates>
				</Point>
			</Placemark>
			<Placemark id="0F2BEB889B3B6003D9D3">
				<gx:mid>/g/11sk90y3lj</gx:mid>
				<gx:fid>0x12a4a3007baffb23:0xdd6cde83c1c5295</gx:fid>
				<LookAt>
					<longitude>2.1626534</longitude>
					<latitude>41.3874259</latitude>
					<altitude>0</altitude>
					<heading>0</heading>
					<tilt>0</tilt>
					<gx:fovy>35</gx:fovy>
					<range>768.9445625877755</range>
					<altitudeMode>relativeToGround</altitudeMode>
				</LookAt>
				<styleUrl>#__managed_style_4AD2BD12B440DE0D9CB4</styleUrl>
				<Point>
					<altitudeMode>relativeToGround</altitudeMode>
					<coordinates>2.1626534,41.3874259,0</coordinates>
				</Point>
			</Placemark>
			<Placemark id="0687B853103B6004A5EC">
				<gx:mid>/g/11b69bm4mh</gx:mid>
				<gx:fid>0x12a4a2f43fc53b19:0xa077fd28eb4fca76</gx:fid>
				<LookAt>
					<longitude>2.1684743</longitude>
					<latitude>41.3845342</latitude>
					<altitude>0</altitude>
					<heading>0</heading>
					<tilt>0</tilt>
					<gx:fovy>35</gx:fovy>
					<range>768.9819316342082</range>
					<altitudeMode>relativeToGround</altitudeMode>
				</LookAt>
				<styleUrl>#__managed_style_4AD2BD12B440DE0D9CB4</styleUrl>
				<Point>
					<altitudeMode>relativeToGround</altitudeMode>
					<coordinates>2.1684743,41.3845342,0</coordinates>
				</Point>
			</Placemark>
			<Placemark id="0071C8F8E23B6005B996">
				<gx:mid>/g/11jgv017p9</gx:mid>
				<gx:fid>0x12a4a3f89b2e4609:0xdf247eba968b9b7a</gx:fid>
				<LookAt>
					<longitude>2.1759855</longitude>
					<latitude>41.3792647</latitude>
					<altitude>0</altitude>
					<heading>0</heading>
					<tilt>0</tilt>
					<gx:fovy>35</gx:fovy>
					<range>769.0500238883276</range>
					<altitudeMode>relativeToGround</altitudeMode>
				</LookAt>
				<styleUrl>#__managed_style_4AD2BD12B440DE0D9CB4</styleUrl>
				<Point>
					<altitudeMode>relativeToGround</altitudeMode>
					<coordinates>2.1759855,41.3792647,0</coordinates>
				</Point>
			</Placemark>
		</Folder>
		<Folder id="0D9925F5AA3B5FCD19FC">
			<name>ברים</name>
			<visibility>0</visibility>
			<styleUrl>#__managed_style_1C52047F1040DE0D9CBC</styleUrl>
			<Placemark id="09E58BD52E3B64F16A37">
				<name>רחובות ברים ודאנס ברים</name>
				<LookAt>
					<longitude>2.146235162348125</longitude>
					<latitude>41.39822543224906</latitude>
					<altitude>71.99934471591695</altitude>
					<heading>338.8909871017484</heading>
					<tilt>0</tilt>
					<gx:fovy>35</gx:fovy>
					<range>2143.214256139181</range>
					<altitudeMode>absolute</altitudeMode>
				</LookAt>
				<styleUrl>#__managed_style_0ABE0706C340DE0D9CD8</styleUrl>
				<LineString>
					<coordinates>
						2.149113833143101,41.39610954651637,0 2.144922503610378,41.3998602871231,0 2.142333434058288,41.39834513544318,0 2.147081521394971,41.39454160826945,0 
					</coordinates>
				</LineString>
			</Placemark>
			<Placemark id="00563036A03B64F3B4C3">
				<gx:mid>/g/11cky16v71</gx:mid>
				<gx:fid>0x12a4a30ed4d7a9c1:0xdb50d778f3b623e4</gx:fid>
				<LookAt>
					<longitude>2.1967534</longitude>
					<latitude>41.38533649999999</latitude>
					<altitude>0</altitude>
					<heading>0</heading>
					<tilt>0</tilt>
					<gx:fovy>35</gx:fovy>
					<range>768.9715638065192</range>
					<altitudeMode>relativeToGround</altitudeMode>
				</LookAt>
				<styleUrl>#__managed_style_0D4657CEB940DE0D9CD4</styleUrl>
				<Point>
					<altitudeMode>relativeToGround</altitudeMode>
					<coordinates>2.1967534,41.3853365,0</coordinates>
				</Point>
			</Placemark>
			<Placemark id="0789C760233B64F40204">
				<gx:mid>/g/1hhjkrykh</gx:mid>
				<gx:fid>0x12a4a3088d8490b9:0xb531e78852f3a09e</gx:fid>
				<LookAt>
					<longitude>2.1969779</longitude>
					<latitude>41.3855209</latitude>
					<altitude>0</altitude>
					<heading>0</heading>
					<tilt>0</tilt>
					<gx:fovy>35</gx:fovy>
					<range>768.9691808529526</range>
					<altitudeMode>relativeToGround</altitudeMode>
				</LookAt>
				<styleUrl>#__managed_style_067C2C239E40DE0D9CB3</styleUrl>
				<Point>
					<altitudeMode>relativeToGround</altitudeMode>
					<coordinates>2.1969779,41.3855209,0</coordinates>
				</Point>
			</Placemark>
			<Placemark id="00F5C94E813B65D55C9F">
				<gx:mid>/g/11pwqcvqnz</gx:mid>
				<gx:fid>0x12a4a3a3b7678409:0xfc128d91d81ac732</gx:fid>
				<LookAt>
					<longitude>2.1830986</longitude>
					<latitude>41.38371849999999</latitude>
					<altitude>0</altitude>
					<heading>0</heading>
					<tilt>0</tilt>
					<gx:fovy>35</gx:fovy>
					<range>768.9924724785112</range>
					<altitudeMode>relativeToGround</altitudeMode>
				</LookAt>
				<styleUrl>#__managed_style_0462EC68B040DE0D9CB4</styleUrl>
				<Point>
					<altitudeMode>relativeToGround</altitudeMode>
					<coordinates>2.1830821,41.3836932,0</coordinates>
				</Point>
			</Placemark>
			<Placemark id="0F0EB3D1FF3B65D5A89F">
				<gx:mid>/g/11q2sfj3n_</gx:mid>
				<gx:fid>0x12a4a357d4143741:0x76646f7b202e0b70</gx:fid>
				<LookAt>
					<longitude>2.1796502</longitude>
					<latitude>41.38109729999999</latitude>
					<altitude>0</altitude>
					<heading>0</heading>
					<tilt>0</tilt>
					<gx:fovy>35</gx:fovy>
					<range>769.0263438092696</range>
					<altitudeMode>relativeToGround</altitudeMode>
				</LookAt>
				<styleUrl>#__managed_style_0462EC68B040DE0D9CB4</styleUrl>
				<Point>
					<altitudeMode>relativeToGround</altitudeMode>
					<coordinates>2.1796502,41.3810973,0</coordinates>
				</Point>
			</Placemark>
			<Placemark id="0F021C9B473B65D61FF9">
				<gx:mid>/g/11hz64f6wh</gx:mid>
				<gx:fid>0x12a4a3ce05666a49:0xbc78b3e1efdb5b72</gx:fid>
				<LookAt>
					<longitude>2.1909355</longitude>
					<latitude>41.3777118</latitude>
					<altitude>0</altitude>
					<heading>0</heading>
					<tilt>0</tilt>
					<gx:fovy>35</gx:fovy>
					<range>769.0700892184773</range>
					<altitudeMode>relativeToGround</altitudeMode>
				</LookAt>
				<styleUrl>#__managed_style_067C2C239E40DE0D9CB3</styleUrl>
				<Point>
					<altitudeMode>relativeToGround</altitudeMode>
					<coordinates>2.1909481,41.3776831,0</coordinates>
				</Point>
			</Placemark>
			<Placemark id="0DEFCE51463B65D690FC">
				<gx:mid>/g/119w5jgzt</gx:mid>
				<gx:fid>0x12a4a2562a63c5f5:0x36aa0cb994f583dd</gx:fid>
				<LookAt>
					<longitude>2.1771238</longitude>
					<latitude>41.3807007</latitude>
					<altitude>0</altitude>
					<heading>0</heading>
					<tilt>0</tilt>
					<gx:fovy>35</gx:fovy>
					<range>769.03146856936</range>
					<altitudeMode>relativeToGround</altitudeMode>
				</LookAt>
				<styleUrl>#__managed_style_067C2C239E40DE0D9CB3</styleUrl>
				<Point>
					<altitudeMode>relativeToGround</altitudeMode>
					<coordinates>2.1771238,41.3807007,0</coordinates>
				</Point>
			</Placemark>
			<Placemark id="05B615995D3B65D781F7">
				<gx:mid>/g/1q6h_2wfx</gx:mid>
				<gx:fid>0x12a4a2f8fff863bf:0xb69630494d0d2f0d</gx:fid>
				<LookAt>
					<longitude>2.177017</longitude>
					<latitude>41.383132</latitude>
					<altitude>0</altitude>
					<heading>0</heading>
					<tilt>0</tilt>
					<gx:fovy>35</gx:fovy>
					<range>769.0000514053728</range>
					<altitudeMode>relativeToGround</altitudeMode>
				</LookAt>
				<styleUrl>#__managed_style_067C2C239E40DE0D9CB3</styleUrl>
				<Point>
					<altitudeMode>relativeToGround</altitudeMode>
					<coordinates>2.177017,41.383132,0</coordinates>
				</Point>
			</Placemark>
			<Placemark id="0C510795BF3B65D7F0E1">
				<gx:mid>/g/1trphc1f</gx:mid>
				<gx:fid>0x12a4a2f03f56ada1:0x8fc48506ebca6144</gx:fid>
				<LookAt>
					<longitude>2.1729571</longitude>
					<latitude>41.3895607</latitude>
					<altitude>0</altitude>
					<heading>0</heading>
					<tilt>0</tilt>
					<gx:fovy>35</gx:fovy>
					<range>768.9169736649749</range>
					<altitudeMode>relativeToGround</altitudeMode>
				</LookAt>
				<styleUrl>#__managed_style_067C2C239E40DE0D9CB3</styleUrl>
				<Point>
					<altitudeMode>relativeToGround</altitudeMode>
					<coordinates>2.1729571,41.3895607,0</coordinates>
				</Point>
			</Placemark>
			<Placemark id="097B9AFE123B65D86ABB">
				<gx:mid>/g/1hc0x8nvc</gx:mid>
				<gx:fid>0x12a4a2f1e98513e7:0xa690b91563a15a11</gx:fid>
				<LookAt>
					<longitude>2.1706685</longitude>
					<latitude>41.3898536</latitude>
					<altitude>0</altitude>
					<heading>0</heading>
					<tilt>0</tilt>
					<gx:fovy>35</gx:fovy>
					<range>768.9131883154587</range>
					<altitudeMode>relativeToGround</altitudeMode>
				</LookAt>
				<styleUrl>#__managed_style_067C2C239E40DE0D9CB3</styleUrl>
				<Point>
					<altitudeMode>relativeToGround</altitudeMode>
					<coordinates>2.1706741,41.3898649,0</coordinates>
				</Point>
			</Placemark>
			<Placemark id="0A486238A33B65D92137">
				<gx:mid>/g/11yssb637</gx:mid>
				<gx:fid>0x12a4a256e3da7249:0x81bf45925574184b</gx:fid>
				<LookAt>
					<longitude>2.1773874</longitude>
					<latitude>41.37717859999999</latitude>
					<altitude>0</altitude>
					<heading>0</heading>
					<tilt>0</tilt>
					<gx:fovy>35</gx:fovy>
					<range>769.0769786782402</range>
					<altitudeMode>relativeToGround</altitudeMode>
				</LookAt>
				<styleUrl>#__managed_style_067C2C239E40DE0D9CB3</styleUrl>
				<Point>
					<altitudeMode>relativeToGround</altitudeMode>
					<coordinates>2.1773874,41.3771786,0</coordinates>
				</Point>
			</Placemark>
			<Placemark id="037C5BF4233B65D98CC6">
				<gx:mid>/g/11dxkdg8z5</gx:mid>
				<gx:fid>0x12a4a2fec1a942af:0x614212c2714a2ecb</gx:fid>
				<LookAt>
					<longitude>2.1806664</longitude>
					<latitude>41.3842035</latitude>
					<altitude>0</altitude>
					<heading>0</heading>
					<tilt>0</tilt>
					<gx:fovy>35</gx:fovy>
					<range>768.9862051069907</range>
					<altitudeMode>relativeToGround</altitudeMode>
				</LookAt>
				<styleUrl>#__managed_style_0462EC68B040DE0D9CB4</styleUrl>
				<Point>
					<altitudeMode>relativeToGround</altitudeMode>
					<coordinates>2.1806544,41.3841878,0</coordinates>
				</Point>
			</Placemark>
			<Placemark id="0C94810CFC3B65DA27B0">
				<gx:mid>/g/1vd38_7d</gx:mid>
				<gx:fid>0x12a4a257aeeea16d:0x5052f586fa10dccf</gx:fid>
				<LookAt>
					<longitude>2.1767754</longitude>
					<latitude>41.378436</latitude>
					<altitude>0</altitude>
					<heading>0</heading>
					<tilt>0</tilt>
					<gx:fovy>35</gx:fovy>
					<range>769.0607317527561</range>
					<altitudeMode>relativeToGround</altitudeMode>
				</LookAt>
				<styleUrl>#__managed_style_067C2C239E40DE0D9CB3</styleUrl>
				<Point>
					<altitudeMode>relativeToGround</altitudeMode>
					<coordinates>2.1767754,41.378436,0</coordinates>
				</Point>
			</Placemark>
			<Placemark id="0E5349D23D3B65DB7F80">
				<gx:mid>/g/1td3_9yv</gx:mid>
				<gx:fid>0x12a4a256725c1da9:0x3d3ff871a1eb12d3</gx:fid>
				<LookAt>
					<longitude>2.1787914</longitude>
					<latitude>41.37938209999999</latitude>
					<altitude>0</altitude>
					<heading>0</heading>
					<tilt>0</tilt>
					<gx:fovy>35</gx:fovy>
					<range>769.0485069177554</range>
					<altitudeMode>relativeToGround</altitudeMode>
				</LookAt>
				<styleUrl>#__managed_style_067C2C239E40DE0D9CB3</styleUrl>
				<Point>
					<altitudeMode>relativeToGround</altitudeMode>
					<coordinates>2.1787914,41.3793821,0</coordinates>
				</Point>
			</Placemark>
			<Placemark id="09824A4E393B65DBB15C">
				<gx:mid>/g/11xd4bk4my</gx:mid>
				<gx:fid>0x12a4a32445ceebf5:0xa52419d74bdf37d5</gx:fid>
				<LookAt>
					<longitude>2.180258</longitude>
					<latitude>41.42023229999999</latitude>
					<altitude>0</altitude>
					<heading>0</heading>
					<tilt>0</tilt>
					<gx:fovy>35</gx:fovy>
					<range>768.5204798456248</range>
					<altitudeMode>relativeToGround</altitudeMode>
				</LookAt>
				<styleUrl>#__managed_style_067C2C239E40DE0D9CB3</styleUrl>
				<Point>
					<altitudeMode>relativeToGround</altitudeMode>
					<coordinates>2.180258,41.4202323,0</coordinates>
				</Point>
			</Placemark>
			<Placemark id="0CEA554F773B65DC2296">
				<gx:mid>/g/11f3bbj7rn</gx:mid>
				<gx:fid>0x12a4a28ad1c558fd:0xd62979c25ecde235</gx:fid>
				<LookAt>
					<longitude>2.1642506</longitude>
					<latitude>41.3828358</latitude>
					<altitude>0</altitude>
					<heading>0</heading>
					<tilt>0</tilt>
					<gx:fovy>35</gx:fovy>
					<range>769.0038789605243</range>
					<altitudeMode>relativeToGround</altitudeMode>
				</LookAt>
				<styleUrl>#__managed_style_067C2C239E40DE0D9CB3</styleUrl>
				<Point>
					<altitudeMode>relativeToGround</altitudeMode>
					<coordinates>2.1642472,41.38283759999999,0</coordinates>
				</Point>
			</Placemark>
			<Placemark id="0E304915CE3ED502D1D4">
				<gx:mid>/g/11p6h1mqkr</gx:mid>
				<gx:fid>0x12a4a3aca7b96e43:0xe0970019f80d9e63</gx:fid>
				<LookAt>
					<longitude>2.1967929</longitude>
					<latitude>41.385879</latitude>
					<altitude>0</altitude>
					<heading>0</heading>
					<tilt>0</tilt>
					<gx:fovy>35</gx:fovy>
					<range>768.9645531975693</range>
					<altitudeMode>relativeToGround</altitudeMode>
				</LookAt>
				<styleUrl>#__managed_style_0D4657CEB940DE0D9CD4</styleUrl>
				<Point>
					<altitudeMode>relativeToGround</altitudeMode>
					<coordinates>2.1967929,41.385879,0</coordinates>
				</Point>
			</Placemark>
		</Folder>
		<Folder id="016EB2977E3B60842C89">
			<name>שופינג</name>
			<visibility>0</visibility>
			<styleUrl>#__managed_style_1C52047F1040DE0D9CBC</styleUrl>
			<Placemark id="08F70224C53B6081CFA8">
				<gx:mid>/g/11c1wskzy5</gx:mid>
				<gx:fid>0x12a4a32477c02c2d:0x743e5f9f797e2f52</gx:fid>
				<LookAt>
					<longitude>2.1912675</longitude>
					<latitude>41.4054506</latitude>
					<altitude>0</altitude>
					<heading>0</heading>
					<tilt>0</tilt>
					<gx:fovy>35</gx:fovy>
					<range>768.7115899529305</range>
					<altitudeMode>relativeToGround</altitudeMode>
				</LookAt>
				<styleUrl>#__managed_style_2E4ABD2DE240DE0D9CB8</styleUrl>
				<Point>
					<altitudeMode>relativeToGround</altitudeMode>
					<coordinates>2.1912675,41.40545059999999,0</coordinates>
				</Point>
			</Placemark>
			<Placemark id="084BF3BB9B3B60825628">
				<gx:mid>/g/1203nfx_v</gx:mid>
				<gx:fid>0x12a4a35081f71b9b:0xcf8bb581de6135b1</gx:fid>
				<LookAt>
					<longitude>2.2165097</longitude>
					<latitude>41.4098468</latitude>
					<altitude>0</altitude>
					<heading>0</heading>
					<tilt>0</tilt>
					<gx:fovy>35</gx:fovy>
					<range>768.6547572939029</range>
					<altitudeMode>relativeToGround</altitudeMode>
				</LookAt>
				<styleUrl>#__managed_style_2E4ABD2DE240DE0D9CB8</styleUrl>
				<Point>
					<altitudeMode>relativeToGround</altitudeMode>
					<coordinates>2.2165097,41.4098468,0</coordinates>
				</Point>
			</Placemark>
			<Placemark id="0E8E68DA273B60832B81">
				<gx:mid>/g/12314brf</gx:mid>
				<gx:fid>0x12a4987aca22c0cf:0xdf73aeceb92ded04</gx:fid>
				<LookAt>
					<longitude>2.1352155</longitude>
					<latitude>41.3895833</latitude>
					<altitude>0</altitude>
					<heading>0</heading>
					<tilt>0</tilt>
					<gx:fovy>35</gx:fovy>
					<range>768.9166815902043</range>
					<altitudeMode>relativeToGround</altitudeMode>
				</LookAt>
				<styleUrl>#__managed_style_2E4ABD2DE240DE0D9CB8</styleUrl>
				<Point>
					<altitudeMode>relativeToGround</altitudeMode>
					<coordinates>2.1352155,41.3895833,0</coordinates>
				</Point>
			</Placemark>
			<Placemark id="0C181E79433B6084107B">
				<gx:mid>/g/1203ns8x1</gx:mid>
				<gx:fid>0x12a498bdb999c155:0x1e8a39c5cc296b4b</gx:fid>
				<LookAt>
					<longitude>2.1296874</longitude>
					<latitude>41.3588512</latitude>
					<altitude>0</altitude>
					<heading>0</heading>
					<tilt>0</tilt>
					<gx:fovy>35</gx:fovy>
					<range>769.3137479905678</range>
					<altitudeMode>relativeToGround</altitudeMode>
				</LookAt>
				<styleUrl>#__managed_style_2E4ABD2DE240DE0D9CB8</styleUrl>
				<Point>
					<altitudeMode>relativeToGround</altitudeMode>
					<coordinates>2.1296874,41.3588512,0</coordinates>
				</Point>
			</Placemark>
			<Placemark id="0CC2F238A73B5BD8B063">
				<gx:mid>/g/11b7l2p7c1</gx:mid>
				<gx:fid>0x12a4a253642318e7:0xd5deaef241fe42b4</gx:fid>
				<LookAt>
					<longitude>2.1823721</longitude>
					<latitude>41.3746496</latitude>
					<altitude>0</altitude>
					<heading>0</heading>
					<tilt>0</tilt>
					<gx:fovy>35</gx:fovy>
					<range>769.1096549438108</range>
					<altitudeMode>relativeToGround</altitudeMode>
				</LookAt>
				<styleUrl>#__managed_style_2E4ABD2DE240DE0D9CB8</styleUrl>
				<Point>
					<altitudeMode>relativeToGround</altitudeMode>
					<coordinates>2.182981679418001,41.37515418669793,0</coordinates>
				</Point>
			</Placemark>
			<Placemark id="0A555F09FA3ED5155524">
				<gx:mid>/g/1203nlydy</gx:mid>
				<gx:fid>0x12a4a2f40759464d:0xb1e8dd912d3b80af</gx:fid>
				<LookAt>
					<longitude>2.1691163</longitude>
					<latitude>41.38587520000001</latitude>
					<altitude>0</altitude>
					<heading>0</heading>
					<tilt>0</tilt>
					<gx:fovy>35</gx:fovy>
					<range>768.9646023043664</range>
					<altitudeMode>relativeToGround</altitudeMode>
				</LookAt>
				<styleUrl>#__managed_style_2E4ABD2DE240DE0D9CB8</styleUrl>
				<Point>
					<altitudeMode>relativeToGround</altitudeMode>
					<coordinates>2.1691163,41.3858752,0</coordinates>
				</Point>
			</Placemark>
		</Folder>
		<Folder id="0C08FA20413ED5359190">
			<name>פארקים</name>
			<visibility>0</visibility>
			<styleUrl>#__managed_style_1C52047F1040DE0D9CBC</styleUrl>
			<Placemark id="0A11D41FBF3765107290">
				<name>Teatre Grec Garden</name>
				<gx:mid>/g/11v3x5t_2s</gx:mid>
				<gx:fid>0x12a4a3bacd979547:0x43fab4967c0a57</gx:fid>
				<LookAt>
					<longitude>2.1591682</longitude>
					<latitude>41.36954890000001</latitude>
					<altitude>0</altitude>
					<heading>0</heading>
					<tilt>0</tilt>
					<gx:fovy>35</gx:fovy>
					<range>769.1755548600789</range>
					<altitudeMode>relativeToGround</altitudeMode>
				</LookAt>
				<styleUrl>#__managed_style_1F00F1C52540DE0D9CB4</styleUrl>
				<Point>
					<altitudeMode>relativeToGround</altitudeMode>
					<coordinates>2.1591682,41.3695489,0</coordinates>
				</Point>
			</Placemark>
			<Placemark id="07911C3EDE376510BEFF">
				<name>Jardins de Laribal</name>
				<gx:mid>/g/11_pkpwqn</gx:mid>
				<gx:fid>0x12a4a26edbffffff:0x11ce72265913594c</gx:fid>
				<LookAt>
					<longitude>2.1569403</longitude>
					<latitude>41.368354</latitude>
					<altitude>0</altitude>
					<heading>0</heading>
					<tilt>0</tilt>
					<gx:fovy>35</gx:fovy>
					<range>769.1909918676826</range>
					<altitudeMode>relativeToGround</altitudeMode>
				</LookAt>
				<styleUrl>#__managed_style_1F00F1C52540DE0D9CB4</styleUrl>
				<Point>
					<altitudeMode>relativeToGround</altitudeMode>
					<coordinates>2.15770297951704,41.3684160847819,0</coordinates>
				</Point>
			</Placemark>
			<Placemark id="0C6AE5D6613B5FDE384C">
				<gx:mid>/m/0nvs</gx:mid>
				<gx:fid>0x12a4a2ae52d441ab:0x899a0ba01aaace58</gx:fid>
				<LookAt>
					<longitude>2.1526945</longitude>
					<latitude>41.41449480000001</latitude>
					<altitude>0</altitude>
					<heading>0</heading>
					<tilt>0</tilt>
					<gx:fovy>35</gx:fovy>
					<range>768.594664777505</range>
					<altitudeMode>relativeToGround</altitudeMode>
				</LookAt>
				<styleUrl>#__managed_style_160241877E40DE0D9CC7</styleUrl>
				<Point>
					<altitudeMode>relativeToGround</altitudeMode>
					<coordinates>2.152701556632737,41.41386521096654,0</coordinates>
				</Point>
			</Placemark>
			<Placemark id="0A0F86BBF03B6294C263">
				<gx:mid>/g/1hhzgkkss</gx:mid>
				<gx:fid>0x12a498090822f5b9:0xf87964cb64c82e7c</gx:fid>
				<LookAt>
					<longitude>2.14243</longitude>
					<latitude>41.4080666</latitude>
					<altitude>0</altitude>
					<heading>0</heading>
					<tilt>0</tilt>
					<gx:fovy>35</gx:fovy>
					<range>768.6777716638454</range>
					<altitudeMode>relativeToGround</altitudeMode>
				</LookAt>
				<styleUrl>#__managed_style_1F00F1C52540DE0D9CB4</styleUrl>
				<Point>
					<altitudeMode>relativeToGround</altitudeMode>
					<coordinates>2.14243,41.4080666,0</coordinates>
				</Point>
			</Placemark>
			<Placemark id="0FA2660A1D3B6299B104">
				<gx:mid>/g/11h7flkh7t</gx:mid>
				<gx:fid>0x12a4a30e8caddced:0x3e09b08edaf86df1</gx:fid>
				<LookAt>
					<longitude>2.1858157</longitude>
					<latitude>41.40406120000001</latitude>
					<altitude>0</altitude>
					<heading>0</heading>
					<tilt>0</tilt>
					<gx:fovy>35</gx:fovy>
					<range>768.7295507763516</range>
					<altitudeMode>relativeToGround</altitudeMode>
				</LookAt>
				<styleUrl>#__managed_style_1F00F1C52540DE0D9CB4</styleUrl>
				<Point>
					<altitudeMode>relativeToGround</altitudeMode>
					<coordinates>2.1858157,41.4040612,0</coordinates>
				</Point>
			</Placemark>
			<Placemark id="07EE8FCAEE3B62A0A510">
				<gx:mid>/m/010hr9ny</gx:mid>
				<gx:fid>0x12a4a244fdb47617:0xf6c930a07924b39b</gx:fid>
				<LookAt>
					<longitude>2.1715049</longitude>
					<latitude>41.3673412</latitude>
					<altitude>0</altitude>
					<heading>0</heading>
					<tilt>0</tilt>
					<gx:fovy>35</gx:fovy>
					<range>769.2040760624188</range>
					<altitudeMode>relativeToGround</altitudeMode>
				</LookAt>
				<styleUrl>#__managed_style_1F00F1C52540DE0D9CB4</styleUrl>
				<Point>
					<altitudeMode>relativeToGround</altitudeMode>
					<coordinates>2.1715049,41.3673412,0</coordinates>
				</Point>
			</Placemark>
			<Placemark id="07AF1018833B62A19C16">
				<gx:mid>/m/05f62w4</gx:mid>
				<gx:fid>0x12a4bd5fbcfc78d5:0xddcd3164482e2203</gx:fid>
				<LookAt>
					<longitude>2.1455713</longitude>
					<latitude>41.4399698</latitude>
					<altitude>0</altitude>
					<heading>0</heading>
					<tilt>0</tilt>
					<gx:fovy>35</gx:fovy>
					<range>768.2652214032159</range>
					<altitudeMode>relativeToGround</altitudeMode>
				</LookAt>
				<styleUrl>#__managed_style_1F00F1C52540DE0D9CB4</styleUrl>
				<Point>
					<altitudeMode>relativeToGround</altitudeMode>
					<coordinates>2.145705462915868,41.44025462458979,0</coordinates>
				</Point>
			</Placemark>
			<Placemark id="0AD45BDC103ED4BFE1B4">
				<gx:mid>/m/09v6y7q</gx:mid>
				<gx:fid>0x12a4a2fd439609e1:0x42386118e65a3d70</gx:fid>
				<LookAt>
					<longitude>2.1860152</longitude>
					<latitude>41.388123</latitude>
					<altitude>0</altitude>
					<heading>0</heading>
					<tilt>0</tilt>
					<gx:fovy>35</gx:fovy>
					<range>768.935553781159</range>
					<altitudeMode>relativeToGround</altitudeMode>
				</LookAt>
				<styleUrl>#__managed_style_160241877E40DE0D9CC7</styleUrl>
				<Point>
					<altitudeMode>relativeToGround</altitudeMode>
					<coordinates>2.1860152,41.388123,0</coordinates>
				</Point>
			</Placemark>
			<Placemark id="0896BA5CAB3ED4C1E853">
				<gx:mid>/g/120ldj23</gx:mid>
				<gx:fid>0x12a49881375bf51b:0xf00fae11f5142c0</gx:fid>
				<LookAt>
					<longitude>2.1408583</longitude>
					<latitude>41.3776555</latitude>
					<altitude>0</altitude>
					<heading>0</heading>
					<tilt>0</tilt>
					<gx:fovy>35</gx:fovy>
					<range>769.0708166719202</range>
					<altitudeMode>relativeToGround</altitudeMode>
				</LookAt>
				<styleUrl>#__managed_style_1F00F1C52540DE0D9CB4</styleUrl>
				<Point>
					<altitudeMode>relativeToGround</altitudeMode>
					<coordinates>2.1408583,41.3776555,0</coordinates>
				</Point>
			</Placemark>
			<Placemark id="031DA6B3013ED506C4E6">
				<gx:mid>/g/11vs39c5ch</gx:mid>
				<gx:fid>0x12a4a3000e3445f7:0xb6dc15126e879cf7</gx:fid>
				<LookAt>
					<longitude>2.175754</longitude>
					<latitude>41.40451890000001</latitude>
					<altitude>0</altitude>
					<heading>0</heading>
					<tilt>0</tilt>
					<gx:fovy>35</gx:fovy>
					<range>768.7236341194654</range>
					<altitudeMode>relativeToGround</altitudeMode>
				</LookAt>
				<styleUrl>#__managed_style_1F00F1C52540DE0D9CB4</styleUrl>
				<Point>
					<altitudeMode>relativeToGround</altitudeMode>
					<coordinates>2.175754,41.4045189,0</coordinates>
				</Point>
			</Placemark>
			<Placemark id="0791027D793ED507A400">
				<gx:mid>/g/1q5ccqp5h</gx:mid>
				<gx:fid>0x12a4a2c31d8775eb:0xee29de7f5810f9b</gx:fid>
				<LookAt>
					<longitude>2.1726147</longitude>
					<latitude>41.4022397</latitude>
					<altitude>0</altitude>
					<heading>0</heading>
					<tilt>0</tilt>
					<gx:fovy>35</gx:fovy>
					<range>768.7530967223447</range>
					<altitudeMode>relativeToGround</altitudeMode>
				</LookAt>
				<styleUrl>#__managed_style_1F00F1C52540DE0D9CB4</styleUrl>
				<Point>
					<altitudeMode>relativeToGround</altitudeMode>
					<coordinates>2.173070377961186,41.40264215926467,0</coordinates>
				</Point>
			</Placemark>
		</Folder>
	</Folder>
	<Folder id="03A16B687A324E01A259">
		<name>מדריד</name>
		<styleUrl>#__managed_style_1C52047F1040DE0D9CBC</styleUrl>
		<Folder id="0C951BD1253ED515FEBE">
			<name>אטרקציות כללי</name>
			<styleUrl>#__managed_style_1C52047F1040DE0D9CBC</styleUrl>
			<Placemark id="037C9D04AF2DCCB0B9B3">
				<name>רחובות מרכזיים</name>
				<LookAt>
					<longitude>-3.703239687484559</longitude>
					<latitude>40.41561773264012</latitude>
					<altitude>652.1989884889182</altitude>
					<heading>180.194563781231</heading>
					<tilt>0</tilt>
					<gx:fovy>35</gx:fovy>
					<range>2047.631690587441</range>
					<altitudeMode>absolute</altitudeMode>
				</LookAt>
				<styleUrl>#__managed_style_23144521D340DE0D9CB4</styleUrl>
				<LineString>
					<coordinates>
						-3.702305717185729,40.41680739090044,0 -3.702311485441891,40.41513072345523,0 -3.702307167175557,40.41440474920341,0 -3.701390785589803,40.41419569011017,0 -3.70335794817303,40.41463160182862,0 -3.703203928195039,40.41518713939334,0 -3.703255265017932,40.41585171802986,0 -3.703285488663038,40.41652301762361,0 -3.703564189616124,40.41739672255262,0 -3.703857209624601,40.417962013136,0 -3.704716716275084,40.41872855534732,0 -3.704898820371346,40.41895554360332,0 -3.704595780590178,40.41923415525343,0 -3.704899690591103,40.4189652622495,0 -3.705578397845301,40.41980315829042,0 
					</coordinates>
				</LineString>
			</Placemark>
			<Placemark id="0543879D4930C68D3C0F">
				<name>Gran Via - רחוב מרכזי</name>
				<LookAt>
					<longitude>-3.705671584276852</longitude>
					<latitude>40.42243639351233</latitude>
					<altitude>675.7314141784616</altitude>
					<heading>-2.331704009592504</heading>
					<tilt>1.867576356059278</tilt>
					<gx:fovy>57.30977381191007</gx:fovy>
					<range>1491.577811636817</range>
					<altitudeMode>absolute</altitudeMode>
				</LookAt>
				<styleUrl>#__managed_style_23144521D340DE0D9CB4</styleUrl>
				<LineString>
					<coordinates>
						-3.710585071968008,40.42320664502586,0 -3.705893900893428,40.42026976928305,0 -3.701499163776358,40.41998084981607,0 
					</coordinates>
				</LineString>
			</Placemark>
			<Placemark id="01225FE4D730C69419F9">
				<name>Calle de Ruiz de Alarcón</name>
				<LookAt>
					<longitude>-3.692054072936525</longitude>
					<latitude>40.41437316039175</latitude>
					<altitude>635.2781492112069</altitude>
					<heading>86.79245642923743</heading>
					<tilt>0</tilt>
					<gx:fovy>57.44146606553623</gx:fovy>
					<range>429.398357527607</range>
					<altitudeMode>absolute</altitudeMode>
				</LookAt>
				<styleUrl>#__managed_style_1A4EDAFDF340DE0D9CBE</styleUrl>
				<Point>
					<coordinates>-3.691477722945022,40.41456161163584,641.8081717637251</coordinates>
				</Point>
			</Placemark>
			<Placemark id="09B28F1E863875D6EBD8">
				<name>Mercado de San Miguel</name>
				<gx:mid>/m/0h3v9yq</gx:mid>
				<gx:fid>0xd42287921196e2d:0x162fe6d34dd190e8</gx:fid>
				<LookAt>
					<longitude>-3.708969699999999</longitude>
					<latitude>40.4153794</latitude>
					<altitude>0</altitude>
					<heading>0</heading>
					<tilt>0</tilt>
					<gx:fovy>35</gx:fovy>
					<range>781.4006078067409</range>
					<altitudeMode>relativeToGround</altitudeMode>
				</LookAt>
				<styleUrl>#__managed_style_0833D987D240DE0D9CB1</styleUrl>
				<Point>
					<altitudeMode>relativeToGround</altitudeMode>
					<coordinates>-3.7089697,40.4153794,0</coordinates>
				</Point>
			</Placemark>
			<Placemark id="025063AEF43875D939F8">
				<name>רחוב מרכזי</name>
				<LookAt>
					<longitude>-3.708894596889968</longitude>
					<latitude>40.41435162930136</latitude>
					<altitude>643.8235296536224</altitude>
					<heading>-7.300288510641082</heading>
					<tilt>7.004372416874465</tilt>
					<gx:fovy>35</gx:fovy>
					<range>350.9632521326057</range>
					<altitudeMode>absolute</altitudeMode>
				</LookAt>
				<styleUrl>#__managed_style_23144521D340DE0D9CB4</styleUrl>
				<LineString>
					<coordinates>
						-3.711003654761674,40.41664077653407,0 -3.71076567304662,40.41661861228362,0 -3.709620321190163,40.41613504634697,0 -3.709434653168595,40.41586148956673,0 -3.709423243490992,40.41577978831091,0 -3.708936319792461,40.41590375294073,0 -3.708865202618681,40.4157199379474,0 -3.708719159571845,40.41567299168599,0 -3.708776865715409,40.41558447153775,0 -3.709376041201435,40.41544923634644,0 -3.709424428458306,40.41578405317561,0 -3.7093745954957,40.41545098561716,0 -3.709324381716516,40.41520347887426,0 -3.709230802033393,40.41489633619511,0 -3.709647910709032,40.41484006335372,0 -3.709230145960217,40.41489241844769,0 -3.70912629765726,40.41461671620127,0 -3.709015634984874,40.41445533227995,0 -3.708528957322984,40.41455577311142,0 -3.708053491574991,40.41458274336724,0 -3.708174728955556,40.41480966715249,0 -3.708265494887696,40.41502316989848,0 -3.708428827556146,40.41532217021376,0 -3.708546275790194,40.41537239709437,0 -3.708778392328655,40.41557882153339,0 
					</coordinates>
				</LineString>
			</Placemark>
			<Placemark id="007CB2423F3875DBE864">
				<name>Plaza De Jacinto - כיכר </name>
				<LookAt>
					<longitude>-3.703394681386232</longitude>
					<latitude>40.41474476655313</latitude>
					<altitude>656.3417575921922</altitude>
					<heading>310.9138315454317</heading>
					<tilt>0</tilt>
					<gx:fovy>35.00004798053924</gx:fovy>
					<range>370.352102035431</range>
					<altitudeMode>absolute</altitudeMode>
				</LookAt>
				<styleUrl>#__managed_style_1A4EDAFDF340DE0D9CBE</styleUrl>
				<Point>
					<coordinates>-3.703560793496259,40.41448911249928,657.0536110174245</coordinates>
				</Point>
			</Placemark>
			<Placemark id="0511ADB3323875DF9C08">
				<name>רחוב ראשי</name>
				<LookAt>
					<longitude>-3.705372110072587</longitude>
					<latitude>40.41802785913612</latitude>
					<altitude>648.2005947655408</altitude>
					<heading>324.6990887567828</heading>
					<tilt>0</tilt>
					<gx:fovy>35</gx:fovy>
					<range>696.9667297782145</range>
					<altitudeMode>absolute</altitudeMode>
				</LookAt>
				<styleUrl>#__managed_style_23144521D340DE0D9CB4</styleUrl>
				<LineString>
					<coordinates>
						-3.69969275918426,40.41777708133309,0 -3.703802602879725,40.41681684277171,0 -3.705727274569099,40.41964710474396,0 -3.707696276165859,40.41981373946182,0 -3.705940056208937,40.41966801453758,0 -3.706043914971437,40.4193310757449,0 -3.706606121314327,40.41844102437314,0 -3.706040769736965,40.41934327947644,0 -3.705916031662046,40.41966946510362,0 -3.705711533721744,40.41965790363734,0 -3.703805807053252,40.41681062178635,0 -3.703947394743414,40.41701305882039,0 -3.704267807855866,40.41688756241252,0 -3.704886977006737,40.41690434796765,0 -3.706007021220313,40.41716317197611,0 -3.707054992376817,40.41743484259683,0 -3.7085513891622,40.41784342621587,0 -3.70934687238869,40.41791728936634,0 
					</coordinates>
				</LineString>
			</Placemark>
			<Placemark id="0992481D143875E02468">
				<name>El Corte Inglés Preciados</name>
				<gx:mid>/g/11gy44_cdr</gx:mid>
				<gx:fid>0xd4229985c78a6c1:0x317d44c2f2df6c73</gx:fid>
				<LookAt>
					<longitude>-3.704672000000001</longitude>
					<latitude>40.417621</latitude>
					<altitude>0</altitude>
					<heading>0</heading>
					<tilt>0</tilt>
					<gx:fovy>35</gx:fovy>
					<range>781.3721290924508</range>
					<altitudeMode>relativeToGround</altitudeMode>
				</LookAt>
				<styleUrl>#__managed_style_2E4ABD2DE240DE0D9CB8</styleUrl>
				<Point>
					<altitudeMode>relativeToGround</altitudeMode>
					<coordinates>-3.704672,40.417621,0</coordinates>
				</Point>
			</Placemark>
			<Placemark id="0CFCF4D9003875E0E333">
				<name>רחוב ראשי</name>
				<LookAt>
					<longitude>-3.701762678510232</longitude>
					<latitude>40.41937199614201</latitude>
					<altitude>661.2784902450509</altitude>
					<heading>329.5480461787344</heading>
					<tilt>0</tilt>
					<gx:fovy>35</gx:fovy>
					<range>362.0891719756764</range>
					<altitudeMode>absolute</altitudeMode>
				</LookAt>
				<styleUrl>#__managed_style_23144521D340DE0D9CB4</styleUrl>
				<LineString>
					<coordinates>
						-3.703183545240505,40.41695304128091,0 -3.702310391815632,40.41856677388932,0 -3.701502958486864,40.4199797206121,0 
					</coordinates>
				</LineString>
			</Placemark>
			<Placemark id="06F0DAF2A23875E2BDCB">
				<name>Monument to Felipe IV</name>
				<gx:mid>/m/05n_61f</gx:mid>
				<gx:fid>0xd42287a1098e249:0xda7a7c767d12f0c4</gx:fid>
				<LookAt>
					<longitude>-3.712186499999999</longitude>
					<latitude>40.4183418</latitude>
					<altitude>0</altitude>
					<heading>0</heading>
					<tilt>0</tilt>
					<gx:fovy>35</gx:fovy>
					<range>781.3629713467345</range>
					<altitudeMode>relativeToGround</altitudeMode>
				</LookAt>
				<styleUrl>#__managed_style_0833D987D240DE0D9CB1</styleUrl>
				<Point>
					<altitudeMode>relativeToGround</altitudeMode>
					<coordinates>-3.7121865,40.4183418,0</coordinates>
				</Point>
			</Placemark>
			<Placemark id="03FE0F68B03875E2EC9E">
				<name>Royal Palace of Madrid</name>
				<gx:mid>/m/04m3yk</gx:mid>
				<gx:fid>0xd42287e7da4a9c1:0x2e7fec79d6ce4851</gx:fid>
				<LookAt>
					<longitude>-3.714311999999999</longitude>
					<latitude>40.41795500000001</latitude>
					<altitude>0</altitude>
					<heading>0</heading>
					<tilt>0</tilt>
					<gx:fovy>35</gx:fovy>
					<range>781.3678856456471</range>
					<altitudeMode>relativeToGround</altitudeMode>
				</LookAt>
				<styleUrl>#__managed_style_16528C8C7A40DE0D9CB7</styleUrl>
				<Point>
					<altitudeMode>relativeToGround</altitudeMode>
					<coordinates>-3.714312,40.417955,0</coordinates>
				</Point>
			</Placemark>
			<Placemark id="0A5973CBE63875E32E71">
				<name>Catedral de Santa María la Real de la Almudena</name>
				<gx:mid>/m/053llq</gx:mid>
				<gx:fid>0xd4228777858f123:0x7fdcec00e606ac72</gx:fid>
				<LookAt>
					<longitude>-3.714552</longitude>
					<latitude>40.415651</latitude>
					<altitude>0</altitude>
					<heading>0</heading>
					<tilt>0</tilt>
					<gx:fovy>35</gx:fovy>
					<range>781.3971572883166</range>
					<altitudeMode>relativeToGround</altitudeMode>
				</LookAt>
				<styleUrl>#__managed_style_16528C8C7A40DE0D9CB7</styleUrl>
				<Point>
					<altitudeMode>relativeToGround</altitudeMode>
					<coordinates>-3.714552,40.415651,0</coordinates>
				</Point>
			</Placemark>
			<Placemark id="0FC4BA00AD3875E552A8">
				<name>Plaza Mayor</name>
				<gx:mid>/m/0cd2rc</gx:mid>
				<gx:fid>0xd42287ed77a7e65:0x49a63c540111181c</gx:fid>
				<LookAt>
					<longitude>-3.707400899999999</longitude>
					<latitude>40.415511</latitude>
					<altitude>0</altitude>
					<heading>0</heading>
					<tilt>0</tilt>
					<gx:fovy>35</gx:fovy>
					<range>781.398935908161</range>
					<altitudeMode>relativeToGround</altitudeMode>
				</LookAt>
				<styleUrl>#__managed_style_00B155F0DE40DE0D9CCE</styleUrl>
				<Point>
					<altitudeMode>relativeToGround</altitudeMode>
					<coordinates>-3.707309311771401,40.41542698167274,0</coordinates>
				</Point>
			</Placemark>
			<Placemark id="0E25719B0B3875E71004">
				<name>רחוב ראשי</name>
				<LookAt>
					<longitude>-3.706103746201468</longitude>
					<latitude>40.41584014162576</latitude>
					<altitude>650.4952546616711</altitude>
					<heading>213.0355525432495</heading>
					<tilt>0</tilt>
					<gx:fovy>35</gx:fovy>
					<range>221.9153157260735</range>
					<altitudeMode>absolute</altitudeMode>
				</LookAt>
				<styleUrl>#__managed_style_23144521D340DE0D9CB4</styleUrl>
				<LineString>
					<coordinates>
						-3.700762155679447,40.41670059343514,0 -3.702880597427959,40.41676659027422,0 -3.705049204566823,40.4165049144554,0 -3.705148924831848,40.41635591159936,0 -3.705954497366497,40.41591744354691,0 -3.706186388007716,40.41578477020739,0 
					</coordinates>
				</LineString>
			</Placemark>
			<Placemark id="087871A61C3875E8FC07">
				<name>Temple of Debod</name>
				<gx:mid>/m/07f__f</gx:mid>
				<gx:fid>0xd42286e8bea1259:0x1d6ad9c64a7706ab</gx:fid>
				<LookAt>
					<longitude>-3.717769499999999</longitude>
					<latitude>40.4240216</latitude>
					<altitude>0</altitude>
					<heading>0</heading>
					<tilt>0</tilt>
					<gx:fovy>35</gx:fovy>
					<range>781.2908054886758</range>
					<altitudeMode>relativeToGround</altitudeMode>
				</LookAt>
				<styleUrl>#__managed_style_0833D987D240DE0D9CB1</styleUrl>
				<Point>
					<altitudeMode>relativeToGround</altitudeMode>
					<coordinates>-3.7177695,40.4240216,0</coordinates>
				</Point>
			</Placemark>
			<Placemark id="0214A7EC2B3875EA5A0B">
				<name>Cuartel General del Ejército del Aire y del Espacio</name>
				<gx:mid>/g/11jf_wnnzq</gx:mid>
				<gx:fid>0xd42294054d90bbd:0x85f24c42dbc346af</gx:fid>
				<LookAt>
					<longitude>-3.7197328</longitude>
					<latitude>40.4337426</latitude>
					<altitude>0</altitude>
					<heading>0</heading>
					<tilt>0</tilt>
					<gx:fovy>35</gx:fovy>
					<range>781.1672762796502</range>
					<altitudeMode>relativeToGround</altitudeMode>
				</LookAt>
				<styleUrl>#__managed_style_16528C8C7A40DE0D9CB7</styleUrl>
				<Point>
					<altitudeMode>relativeToGround</altitudeMode>
					<coordinates>-3.7197328,40.4337426,0</coordinates>
				</Point>
			</Placemark>
			<Placemark id="0AF199A7C73875EAC4D3">
				<name>El Corte Inglés Princesa Edificio 1</name>
				<gx:mid>/g/11bbwm95g6</gx:mid>
				<gx:fid>0xd4228691ebfe55f:0x18ee6bfd6a626b22</gx:fid>
				<LookAt>
					<longitude>-3.7154885</longitude>
					<latitude>40.4297982</latitude>
					<altitude>0</altitude>
					<heading>0</heading>
					<tilt>0</tilt>
					<gx:fovy>35</gx:fovy>
					<range>781.2174021770903</range>
					<altitudeMode>relativeToGround</altitudeMode>
				</LookAt>
				<styleUrl>#__managed_style_2E4ABD2DE240DE0D9CB8</styleUrl>
				<Point>
					<altitudeMode>relativeToGround</altitudeMode>
					<coordinates>-3.715311176132508,40.43022279005624,0</coordinates>
				</Point>
			</Placemark>
			<Placemark id="08CA6495003875EB7CAC">
				<name>PL de la comendadoras - כיכר צבעונית</name>
				<LookAt>
					<longitude>-3.708886952247549</longitude>
					<latitude>40.4273000263366</latitude>
					<altitude>660.7647994886275</altitude>
					<heading>216.4612938257186</heading>
					<tilt>0</tilt>
					<gx:fovy>35</gx:fovy>
					<range>215.5545944233745</range>
					<altitudeMode>absolute</altitudeMode>
				</LookAt>
				<styleUrl>#__managed_style_19DB7DDF4C40DE0D9CC0</styleUrl>
				<Point>
					<coordinates>-3.708926076719511,40.42727986298429,660.7654121940686</coordinates>
				</Point>
			</Placemark>
			<Placemark id="04D370F7B63875F03AC8">
				<name>Plaza del Dos de Mayo</name>
				<gx:mid>/g/155r25zd</gx:mid>
				<gx:fid>0xd422862150e82b3:0x78bf2642005218b1</gx:fid>
				<LookAt>
					<longitude>-3.704098799999999</longitude>
					<latitude>40.42677810000001</latitude>
					<altitude>0</altitude>
					<heading>0</heading>
					<tilt>0</tilt>
					<gx:fovy>35</gx:fovy>
					<range>781.2557795653348</range>
					<altitudeMode>relativeToGround</altitudeMode>
				</LookAt>
				<styleUrl>#__managed_style_0E8CD8E8F240DE0D9CD7</styleUrl>
				<Point>
					<altitudeMode>relativeToGround</altitudeMode>
					<coordinates>-3.70401837192118,40.42697842942076,0</coordinates>
				</Point>
			</Placemark>
			<Placemark id="0A51CFEECE3875FD60DC">
				<name>Zoo Aquarium de Madrid</name>
				<gx:mid>/m/05mvxrr</gx:mid>
				<gx:fid>0xd41880ac6b6041d:0x89911a7043a52183</gx:fid>
				<LookAt>
					<longitude>-3.761228799999999</longitude>
					<latitude>40.4089556</latitude>
					<altitude>0</altitude>
					<heading>0</heading>
					<tilt>0</tilt>
					<gx:fovy>35</gx:fovy>
					<range>781.4822135090027</range>
					<altitudeMode>relativeToGround</altitudeMode>
				</LookAt>
				<styleUrl>#__managed_style_3491C69C2240DE0D9CC0</styleUrl>
				<Point>
					<altitudeMode>relativeToGround</altitudeMode>
					<coordinates>-3.762295920889558,40.40943661221718,0</coordinates>
				</Point>
			</Placemark>
			<Placemark id="05884993F1387600A19F">
				<name>Plaza de Cascorro</name>
				<LookAt>
					<longitude>-3.70528615619584</longitude>
					<latitude>40.4118770115981</latitude>
					<altitude>648.9772625012665</altitude>
					<heading>1.087245063451512</heading>
					<tilt>0.40287954361073</tilt>
					<gx:fovy>35</gx:fovy>
					<range>484.7663048237883</range>
					<altitudeMode>absolute</altitudeMode>
				</LookAt>
				<styleUrl>#__managed_style_23144521D340DE0D9CB4</styleUrl>
				<LineString>
					<coordinates>
						-3.708503718768798,40.41126814250915,0 -3.708035936811208,40.41103461072539,0 -3.707273178403143,40.41077371131165,0 -3.707273590215308,40.40957160151557,0 -3.707261415600361,40.411496297341,0 -3.705458113642393,40.41198435536329,0 -3.705102745273351,40.41206582628585,0 -3.703638021208844,40.41241541285807,0 -3.705458113642393,40.41198435537386,0 -3.707272490702187,40.41149362222657,0 -3.707913613533761,40.41139776662155,0 -3.708509526045037,40.4112667617883,0 
					</coordinates>
				</LineString>
			</Placemark>
			<Placemark id="0354BCD0B83876026BC8">
				<name>Qanat andalusí</name>
				<gx:mid>/g/11vsvn4nvx</gx:mid>
				<gx:fid>0xd42270059dbbf97:0xc3f02017871c4ba2</gx:fid>
				<LookAt>
					<longitude>-3.7113374</longitude>
					<latitude>40.4118306</latitude>
					<altitude>0</altitude>
					<heading>0</heading>
					<tilt>0</tilt>
					<gx:fovy>35</gx:fovy>
					<range>781.4456916803249</range>
					<altitudeMode>relativeToGround</altitudeMode>
				</LookAt>
				<styleUrl>#__managed_style_1DAAFA570140DE0D9CB3</styleUrl>
				<Point>
					<altitudeMode>relativeToGround</altitudeMode>
					<coordinates>-3.711339490861224,40.41175772201478,0</coordinates>
				</Point>
			</Placemark>
			<Placemark id="09F3D3145F3876030C8E">
				<name>Placa Puerta de Moros</name>
				<gx:mid>/g/11jgz18k19</gx:mid>
				<gx:fid>0xd4227ecdba63393:0xfe1e548f476bd7a0</gx:fid>
				<LookAt>
					<longitude>-3.710645399999999</longitude>
					<latitude>40.411511</latitude>
					<altitude>0</altitude>
					<heading>0</heading>
					<tilt>0</tilt>
					<gx:fovy>35</gx:fovy>
					<range>781.4497517304478</range>
					<altitudeMode>relativeToGround</altitudeMode>
				</LookAt>
				<styleUrl>#__managed_style_0833D987D240DE0D9CB1</styleUrl>
				<Point>
					<altitudeMode>relativeToGround</altitudeMode>
					<coordinates>-3.710564087041551,40.41151636961894,0</coordinates>
				</Point>
			</Placemark>
			<Placemark id="0C33E8C765387607F046">
				<name>Azotea Cibeles</name>
				<gx:mid>/g/1q5bnk1qd</gx:mid>
				<gx:fid>0xd422884b376b2e5:0x3f46faa18c2d965e</gx:fid>
				<LookAt>
					<longitude>-3.6921521</longitude>
					<latitude>40.4189339</latitude>
					<altitude>0</altitude>
					<heading>0</heading>
					<tilt>0</tilt>
					<gx:fovy>35</gx:fovy>
					<range>781.3554486426564</range>
					<altitudeMode>relativeToGround</altitudeMode>
				</LookAt>
				<styleUrl>#__managed_style_16528C8C7A40DE0D9CB7</styleUrl>
				<Point>
					<altitudeMode>relativeToGround</altitudeMode>
					<coordinates>-3.6921521,40.4189339,0</coordinates>
				</Point>
			</Placemark>
			<Placemark id="0DCCA5B12C38760848B6">
				<name>Museo Nacional del Prado</name>
				<gx:mid>/m/01hlq3</gx:mid>
				<gx:fid>0xd42289d66d8a2ed:0x1094f07d93ad885a</gx:fid>
				<LookAt>
					<longitude>-3.6921271</longitude>
					<latitude>40.4137818</latitude>
					<altitude>0</altitude>
					<heading>0</heading>
					<tilt>0</tilt>
					<gx:fovy>35</gx:fovy>
					<range>781.4209040357159</range>
					<altitudeMode>relativeToGround</altitudeMode>
				</LookAt>
				<styleUrl>#__managed_style_1D16B8BDC340DE0D9CB8</styleUrl>
				<Point>
					<altitudeMode>relativeToGround</altitudeMode>
					<coordinates>-3.6921271,40.4137818,0</coordinates>
				</Point>
			</Placemark>
			<Placemark id="0C42F9767D3876096B0B">
				<name>Calle de Ruiz de Alarcón</name>
				<LookAt>
					<longitude>-3.689896097616167</longitude>
					<latitude>40.41532885797644</latitude>
					<altitude>648.6963268632809</altitude>
					<heading>89.09877894522683</heading>
					<tilt>0</tilt>
					<gx:fovy>35</gx:fovy>
					<range>641.8858602277033</range>
					<altitudeMode>absolute</altitudeMode>
				</LookAt>
				<styleUrl>#__managed_style_23144521D340DE0D9CB4</styleUrl>
				<LineString>
					<coordinates>
						-3.691505895417827,40.41652740282455,0 -3.692276099157323,40.41642186862203,0 -3.692475795820159,40.41600712324608,0 -3.693626627457306,40.4157856236275,0 -3.69342311709944,40.41514998978109,0 -3.693347445726812,40.41465753032891,0 -3.692133746284874,40.41486791413109,0 -3.691516896499742,40.41474145451836,0 -3.691432575658124,40.41281401076672,0 -3.69150929902945,40.41652536906882,0 -3.691504795067786,40.41523247211351,0 -3.690408127587089,40.4152432952858,0 -3.690416736870036,40.41569540366135,0 -3.690403761214886,40.41472985644538,0 -3.690402748513563,40.41523541693198,0 -3.690118592598744,40.41524484857653,0 
					</coordinates>
				</LineString>
			</Placemark>
			<Placemark id="001FC5375C38760E77DE">
				<name>Festival ALMA Occident Madrid</name>
				<gx:mid>/g/11y57gd61c</gx:mid>
				<gx:fid>0xd422788c1cd4b13:0xc06d7c3ded922b2c</gx:fid>
				<LookAt>
					<longitude>-3.683773399999999</longitude>
					<latitude>40.3903313</latitude>
					<altitude>0</altitude>
					<heading>0</heading>
					<tilt>0</tilt>
					<gx:fovy>35</gx:fovy>
					<range>781.7187568981708</range>
					<altitudeMode>relativeToGround</altitudeMode>
				</LookAt>
				<styleUrl>#__managed_style_0833D987D240DE0D9CB1</styleUrl>
				<Point>
					<altitudeMode>relativeToGround</altitudeMode>
					<coordinates>-3.6837734,40.3903313,0</coordinates>
				</Point>
			</Placemark>
			<Placemark id="090DA5B8AF38760F2E7F">
				<name>Espacio Ibercaja Delicias</name>
				<gx:mid>/g/11v6k87pqf</gx:mid>
				<gx:fid>0xd4227820371f087:0xf7c9d4b923f3ef76</gx:fid>
				<LookAt>
					<longitude>-3.6897563</longitude>
					<latitude>40.3985767</latitude>
					<altitude>0</altitude>
					<heading>0</heading>
					<tilt>0</tilt>
					<gx:fovy>35</gx:fovy>
					<range>781.6140435332941</range>
					<altitudeMode>relativeToGround</altitudeMode>
				</LookAt>
				<styleUrl>#__managed_style_0833D987D240DE0D9CB1</styleUrl>
				<Point>
					<altitudeMode>relativeToGround</altitudeMode>
					<coordinates>-3.689085775418015,40.39820236311419,0</coordinates>
				</Point>
			</Placemark>
			<Placemark id="0CA77F717E38760FAE90">
				<name>Matadero Madrid</name>
				<gx:mid>/m/06w15pt</gx:mid>
				<gx:fid>0xd422649fcbcbb33:0x87d5ff456d9c7f48</gx:fid>
				<LookAt>
					<longitude>-3.697738999999999</longitude>
					<latitude>40.39128939999999</latitude>
					<altitude>0</altitude>
					<heading>0</heading>
					<tilt>0</tilt>
					<gx:fovy>35</gx:fovy>
					<range>781.7065901980127</range>
					<altitudeMode>relativeToGround</altitudeMode>
				</LookAt>
				<styleUrl>#__managed_style_0833D987D240DE0D9CB1</styleUrl>
				<Point>
					<altitudeMode>relativeToGround</altitudeMode>
					<coordinates>-3.698209044771599,40.3916418152261,0</coordinates>
				</Point>
			</Placemark>
			<Placemark id="065ABEF7BA3ED51787AB">
				<gx:mid>/g/1pzv940tj</gx:mid>
				<gx:fid>0xd42287e19259113:0x99e4423cdb257e97</gx:fid>
				<LookAt>
					<longitude>-3.7033851</longitude>
					<latitude>40.4167234</latitude>
					<altitude>0</altitude>
					<heading>0</heading>
					<tilt>0</tilt>
					<gx:fovy>35</gx:fovy>
					<range>781.3835329121162</range>
					<altitudeMode>relativeToGround</altitudeMode>
				</LookAt>
				<styleUrl>#__managed_style_0833D987D240DE0D9CB1</styleUrl>
				<Point>
					<altitudeMode>relativeToGround</altitudeMode>
					<coordinates>-3.703535613484433,40.41685217082349,0</coordinates>
				</Point>
			</Placemark>
			<Placemark id="0E25FB435B3ED51854DF">
				<gx:mid>/g/121qg24v</gx:mid>
				<gx:fid>0xd42287be7149769:0x546670164649a95d</gx:fid>
				<LookAt>
					<longitude>-3.7093957</longitude>
					<latitude>40.41841019999999</latitude>
					<altitude>0</altitude>
					<heading>0</heading>
					<tilt>0</tilt>
					<gx:fovy>35</gx:fovy>
					<range>781.3621023203174</range>
					<altitudeMode>relativeToGround</altitudeMode>
				</LookAt>
				<styleUrl>#__managed_style_0833D987D240DE0D9CB1</styleUrl>
				<Point>
					<altitudeMode>relativeToGround</altitudeMode>
					<coordinates>-3.709397017765541,40.41817030990646,0</coordinates>
				</Point>
			</Placemark>
			<Placemark id="08085193B73ED518F40E">
				<gx:mid>/m/03v9gq</gx:mid>
				<gx:fid>0xd4228b4d09ad237:0xbe57594950eda9c8</gx:fid>
				<LookAt>
					<longitude>-3.6632911</longitude>
					<latitude>40.4321355</latitude>
					<altitude>0</altitude>
					<heading>0</heading>
					<tilt>0</tilt>
					<gx:fovy>35</gx:fovy>
					<range>781.187699922741</range>
					<altitudeMode>relativeToGround</altitudeMode>
				</LookAt>
				<styleUrl>#__managed_style_0833D987D240DE0D9CB1</styleUrl>
				<Point>
					<altitudeMode>relativeToGround</altitudeMode>
					<coordinates>-3.6632911,40.4321355,0</coordinates>
				</Point>
			</Placemark>
			<Placemark id="0C53B0A4083ED5192DA9">
				<gx:mid>/m/05515km</gx:mid>
				<gx:fid>0xd422fea8401b789:0x245d0d64dad50ec4</gx:fid>
				<LookAt>
					<longitude>-3.5994819</longitude>
					<latitude>40.43623230000001</latitude>
					<altitude>0</altitude>
					<heading>0</heading>
					<tilt>0</tilt>
					<gx:fovy>35</gx:fovy>
					<range>781.1356350552892</range>
					<altitudeMode>relativeToGround</altitudeMode>
				</LookAt>
				<styleUrl>#__managed_style_0698D2BB6640DE0D9CC1</styleUrl>
				<Point>
					<altitudeMode>relativeToGround</altitudeMode>
					<coordinates>-3.5994819,40.4362323,0</coordinates>
				</Point>
			</Placemark>
			<Placemark id="0F9D10C00B3ED5196ED7">
				<gx:mid>/m/01gxlt</gx:mid>
				<gx:fid>0xd4228e23705d39f:0xa8fff6d26e2b1988</gx:fid>
				<LookAt>
					<longitude>-3.6883748</longitude>
					<latitude>40.4530196</latitude>
					<altitude>0</altitude>
					<heading>0</heading>
					<tilt>0</tilt>
					<gx:fovy>35</gx:fovy>
					<range>780.9222509137517</range>
					<altitudeMode>relativeToGround</altitudeMode>
				</LookAt>
				<styleUrl>#__managed_style_0698D2BB6640DE0D9CC1</styleUrl>
				<Point>
					<altitudeMode>relativeToGround</altitudeMode>
					<coordinates>-3.6883748,40.4530196,0</coordinates>
				</Point>
			</Placemark>
			<Placemark id="0D0E927A6B3ED519A7F8">
				<gx:mid>/g/11cn2xsnbr</gx:mid>
				<gx:fid>0xd4228e26f1171bf:0x1685c0dbe7a169b3</gx:fid>
				<LookAt>
					<longitude>-3.689332899999999</longitude>
					<latitude>40.4522072</latitude>
					<altitude>0</altitude>
					<heading>0</heading>
					<tilt>0</tilt>
					<gx:fovy>35</gx:fovy>
					<range>780.9325788454922</range>
					<altitudeMode>relativeToGround</altitudeMode>
				</LookAt>
				<styleUrl>#__managed_style_0833D987D240DE0D9CB1</styleUrl>
				<Point>
					<altitudeMode>relativeToGround</altitudeMode>
					<coordinates>-3.6893329,40.4522072,0</coordinates>
				</Point>
			</Placemark>
			<Placemark id="0DC2E02C993ED519DC30">
				<gx:mid>/m/06h_rp</gx:mid>
				<gx:fid>0xd42289a4a865227:0x98278b3a144a86f1</gx:fid>
				<LookAt>
					<longitude>-3.688737</longitude>
					<latitude>40.419992</latitude>
					<altitude>0</altitude>
					<heading>0</heading>
					<tilt>0</tilt>
					<gx:fovy>35</gx:fovy>
					<range>781.3420051516721</range>
					<altitudeMode>relativeToGround</altitudeMode>
				</LookAt>
				<styleUrl>#__managed_style_16528C8C7A40DE0D9CB7</styleUrl>
				<Point>
					<altitudeMode>relativeToGround</altitudeMode>
					<coordinates>-3.688737,40.419992,0</coordinates>
				</Point>
			</Placemark>
			<Placemark id="08D9B669193ED51A4588">
				<gx:mid>/m/0jwxxcy</gx:mid>
				<gx:fid>0xd42289cb2ccfc4d:0x1d4c93520b9b0b36</gx:fid>
				<LookAt>
					<longitude>-3.6926342</longitude>
					<latitude>40.4178665</latitude>
					<altitude>0</altitude>
					<heading>0</heading>
					<tilt>0</tilt>
					<gx:fovy>35</gx:fovy>
					<range>781.3690100344771</range>
					<altitudeMode>relativeToGround</altitudeMode>
				</LookAt>
				<styleUrl>#__managed_style_1D16B8BDC340DE0D9CB8</styleUrl>
				<Point>
					<altitudeMode>relativeToGround</altitudeMode>
					<coordinates>-3.6926342,40.4178665,0</coordinates>
				</Point>
			</Placemark>
			<Placemark id="0D78ABC5C23ED51A7903">
				<gx:mid>/m/0pkrj</gx:mid>
				<gx:fid>0xd4231d000000001:0x6e7725ea0f85ceef</gx:fid>
				<LookAt>
					<longitude>-3.5792875</longitude>
					<latitude>40.47955675</latitude>
					<altitude>0</altitude>
					<heading>0</heading>
					<tilt>0</tilt>
					<gx:fovy>35</gx:fovy>
					<range>8841.276764664757</range>
					<altitudeMode>relativeToGround</altitudeMode>
				</LookAt>
				<styleUrl>#__managed_style_3EA7CF16D140DE0D9CBC</styleUrl>
				<Point>
					<altitudeMode>relativeToGround</altitudeMode>
					<coordinates>-3.5642764,40.4895147,0</coordinates>
				</Point>
			</Placemark>
			<Placemark id="03A0BCF5773ED51AFB90">
				<gx:mid>/g/11ckvdyz2k</gx:mid>
				<gx:fid>0xd422fda159c6751:0xdbc107e10df5fb01</gx:fid>
				<LookAt>
					<longitude>-3.5872118</longitude>
					<latitude>40.4464432</latitude>
					<altitude>0</altitude>
					<heading>0</heading>
					<tilt>0</tilt>
					<gx:fovy>35</gx:fovy>
					<range>781.0058514842374</range>
					<altitudeMode>relativeToGround</altitudeMode>
				</LookAt>
				<styleUrl>#__managed_style_2E4ABD2DE240DE0D9CB8</styleUrl>
				<Point>
					<altitudeMode>relativeToGround</altitudeMode>
					<coordinates>-3.5872118,40.4464432,0</coordinates>
				</Point>
			</Placemark>
			<Placemark id="08287450A83ED51B3D7C">
				<gx:mid>/m/0d_ks5</gx:mid>
				<gx:fid>0xd4228a559a82bfd:0x824fe75010a905e3</gx:fid>
				<LookAt>
					<longitude>-3.6717512</longitude>
					<latitude>40.42387859999999</latitude>
					<altitude>0</altitude>
					<heading>0</heading>
					<tilt>0</tilt>
					<gx:fovy>35</gx:fovy>
					<range>781.292622494589</range>
					<altitudeMode>relativeToGround</altitudeMode>
				</LookAt>
				<styleUrl>#__managed_style_0698D2BB6640DE0D9CC1</styleUrl>
				<Point>
					<altitudeMode>relativeToGround</altitudeMode>
					<coordinates>-3.6717512,40.42387859999999,0</coordinates>
				</Point>
			</Placemark>
			<Placemark id="02133DF9BC3ED51BF156">
				<gx:mid>/m/0h3t3td</gx:mid>
				<gx:fid>0xd4227c5a7d73a7b:0xabd1f662a45dae94</gx:fid>
				<LookAt>
					<longitude>-3.7149353</longitude>
					<latitude>40.3996515</latitude>
					<altitude>0</altitude>
					<heading>0</heading>
					<tilt>0</tilt>
					<gx:fovy>35</gx:fovy>
					<range>781.6003928500537</range>
					<altitudeMode>relativeToGround</altitudeMode>
				</LookAt>
				<styleUrl>#__managed_style_33A66D2EAC40DE0D9CB8</styleUrl>
				<Point>
					<altitudeMode>relativeToGround</altitudeMode>
					<coordinates>-3.7149353,40.3996515,0</coordinates>
				</Point>
			</Placemark>
			<Placemark id="051429C9173ED52B61C8">
				<gx:mid>/g/121zvb2b</gx:mid>
				<gx:fid>0xd42287c516491eb:0xa53f91991ef7794c</gx:fid>
				<LookAt>
					<longitude>-3.705911299999999</longitude>
					<latitude>40.4199109</latitude>
					<altitude>0</altitude>
					<heading>0</heading>
					<tilt>0</tilt>
					<gx:fovy>35</gx:fovy>
					<range>781.3430355615332</range>
					<altitudeMode>relativeToGround</altitudeMode>
				</LookAt>
				<styleUrl>#__managed_style_0833D987D240DE0D9CB1</styleUrl>
				<Point>
					<altitudeMode>relativeToGround</altitudeMode>
					<coordinates>-3.7059113,40.4199109,0</coordinates>
				</Point>
			</Placemark>
			<Placemark id="0B42F0DE963ED52BAAEE">
				<gx:mid>/g/121nglw6</gx:mid>
				<gx:fid>0xd4227d5cfd6cda9:0x53815d255e2dea68</gx:fid>
				<LookAt>
					<longitude>-3.707217499999999</longitude>
					<latitude>40.41065869999999</latitude>
					<altitude>0</altitude>
					<heading>0</heading>
					<tilt>0</tilt>
					<gx:fovy>35</gx:fovy>
					<range>781.4605788403725</range>
					<altitudeMode>relativeToGround</altitudeMode>
				</LookAt>
				<styleUrl>#__managed_style_0833D987D240DE0D9CB1</styleUrl>
				<Point>
					<altitudeMode>relativeToGround</altitudeMode>
					<coordinates>-3.7072175,40.4106587,0</coordinates>
				</Point>
			</Placemark>
			<Placemark id="05FC5086B13ED52C2540">
				<gx:mid>/m/0brzprd</gx:mid>
				<gx:fid>0xd422881b47f9f55:0x9166477fd5c86186</gx:fid>
				<LookAt>
					<longitude>-3.7007559</longitude>
					<latitude>40.4149349</latitude>
					<altitude>0</altitude>
					<heading>0</heading>
					<tilt>0</tilt>
					<gx:fovy>35</gx:fovy>
					<range>781.4062548817996</range>
					<altitudeMode>relativeToGround</altitudeMode>
				</LookAt>
				<styleUrl>#__managed_style_0833D987D240DE0D9CB1</styleUrl>
				<Point>
					<altitudeMode>relativeToGround</altitudeMode>
					<coordinates>-3.700646680021551,40.41475444460109,0</coordinates>
				</Point>
			</Placemark>
			<Placemark id="08F9EF2FDF3ED52CFE94">
				<gx:mid>/g/11f1s3p4z9</gx:mid>
				<gx:fid>0xd422880e4e6b18d:0xc26f0c1f21132635</gx:fid>
				<LookAt>
					<longitude>-3.7005504</longitude>
					<latitude>40.41645889999999</latitude>
					<altitude>0</altitude>
					<heading>0</heading>
					<tilt>0</tilt>
					<gx:fovy>35</gx:fovy>
					<range>781.3868932940854</range>
					<altitudeMode>relativeToGround</altitudeMode>
				</LookAt>
				<styleUrl>#__managed_style_0833D987D240DE0D9CB1</styleUrl>
				<Point>
					<altitudeMode>relativeToGround</altitudeMode>
					<coordinates>-3.70042360752083,40.41663413990948,0</coordinates>
				</Point>
			</Placemark>
			<Placemark id="05B065AF653ED52D619C">
				<gx:mid>/g/1217clhp</gx:mid>
				<gx:fid>0xd422882e703708b:0xaaed4254d9f36ea0</gx:fid>
				<LookAt>
					<longitude>-3.6941526</longitude>
					<latitude>40.4152652</latitude>
					<altitude>0</altitude>
					<heading>0</heading>
					<tilt>0</tilt>
					<gx:fovy>35</gx:fovy>
					<range>781.4020586456223</range>
					<altitudeMode>relativeToGround</altitudeMode>
				</LookAt>
				<styleUrl>#__managed_style_2FA0EF1BAC40DE0D9CC0</styleUrl>
				<Point>
					<altitudeMode>relativeToGround</altitudeMode>
					<coordinates>-3.694152599999999,40.4152652,0</coordinates>
				</Point>
			</Placemark>
			<Placemark id="0D001783753ED53033AE">
				<gx:mid>/m/0h3s_l8</gx:mid>
				<gx:fid>0xd4227d0c7b4d94d:0x54bc446f4fa2e7d8</gx:fid>
				<LookAt>
					<longitude>-3.7116135</longitude>
					<latitude>40.40676659999999</latitude>
					<altitude>0</altitude>
					<heading>0</heading>
					<tilt>0</tilt>
					<gx:fovy>35</gx:fovy>
					<range>781.510019648102</range>
					<altitudeMode>relativeToGround</altitudeMode>
				</LookAt>
				<styleUrl>#__managed_style_16528C8C7A40DE0D9CB7</styleUrl>
				<Point>
					<altitudeMode>relativeToGround</altitudeMode>
					<coordinates>-3.711613499999999,40.4067666,0</coordinates>
				</Point>
			</Placemark>
			<Placemark id="0E84CDE60A3ED5309427">
				<gx:mid>/m/011x4cwd</gx:mid>
				<gx:fid>0xd418807f9cfec3b:0x6217201a6cf293ca</gx:fid>
				<LookAt>
					<longitude>-3.750058</longitude>
					<latitude>40.411883</latitude>
					<altitude>0</altitude>
					<heading>0</heading>
					<tilt>0</tilt>
					<gx:fovy>35</gx:fovy>
					<range>781.4450260128135</range>
					<altitudeMode>relativeToGround</altitudeMode>
				</LookAt>
				<styleUrl>#__managed_style_03C64F696B40DE0D9CBF</styleUrl>
				<Point>
					<altitudeMode>relativeToGround</altitudeMode>
					<coordinates>-3.750057999999999,40.411883,0</coordinates>
				</Point>
			</Placemark>
			<Placemark id="0E61335ED23ED530D411">
				<gx:mid>/m/06cgmf</gx:mid>
				<gx:fid>0xd4227fe4d9dd365:0xfcb3f259fb3eed85</gx:fid>
				<LookAt>
					<longitude>-3.7382091</longitude>
					<latitude>40.4130096</latitude>
					<altitude>0</altitude>
					<heading>0</heading>
					<tilt>0</tilt>
					<gx:fovy>35</gx:fovy>
					<range>781.4307140099138</range>
					<altitudeMode>relativeToGround</altitudeMode>
				</LookAt>
				<styleUrl>#__managed_style_0698D2BB6640DE0D9CC1</styleUrl>
				<Point>
					<altitudeMode>relativeToGround</altitudeMode>
					<coordinates>-3.7382091,40.4130096,0</coordinates>
				</Point>
			</Placemark>
			<Placemark id="097AF10F433ED53C571C">
				<gx:mid>/m/0521s9s</gx:mid>
				<gx:fid>0xd42262879b74999:0x34b2d5c909de44ea</gx:fid>
				<LookAt>
					<longitude>-3.693571</longitude>
					<latitude>40.411112</latitude>
					<altitude>0</altitude>
					<heading>0</heading>
					<tilt>0</tilt>
					<gx:fovy>35</gx:fovy>
					<range>781.4548204086504</range>
					<altitudeMode>relativeToGround</altitudeMode>
				</LookAt>
				<styleUrl>#__managed_style_1D16B8BDC340DE0D9CB8</styleUrl>
				<Point>
					<altitudeMode>relativeToGround</altitudeMode>
					<coordinates>-3.693571,40.411112,0</coordinates>
				</Point>
			</Placemark>
			<Placemark id="045940749B3ED53CBB30">
				<gx:mid>/m/02vptnr</gx:mid>
				<gx:fid>0xd4228eef8a087c5:0x141d274e9dbb7a8e</gx:fid>
				<LookAt>
					<longitude>-3.6901921</longitude>
					<latitude>40.44123810000001</latitude>
					<altitude>0</altitude>
					<heading>0</heading>
					<tilt>0</tilt>
					<gx:fovy>35</gx:fovy>
					<range>781.0720128186873</range>
					<altitudeMode>relativeToGround</altitudeMode>
				</LookAt>
				<styleUrl>#__managed_style_1D16B8BDC340DE0D9CB8</styleUrl>
				<Point>
					<altitudeMode>relativeToGround</altitudeMode>
					<coordinates>-3.6901921,40.4412381,0</coordinates>
				</Point>
			</Placemark>
			<Placemark id="00755B670F3ED53CE5BE">
				<gx:mid>/g/11c6rjf4fr</gx:mid>
				<gx:fid>0xd422901b37f9ec3:0xd2de287a4d9f59b4</gx:fid>
				<LookAt>
					<longitude>-3.6999911</longitude>
					<latitude>40.4552255</latitude>
					<altitude>0</altitude>
					<heading>0</heading>
					<tilt>0</tilt>
					<gx:fovy>35</gx:fovy>
					<range>780.8942068461259</range>
					<altitudeMode>relativeToGround</altitudeMode>
				</LookAt>
				<styleUrl>#__managed_style_1D16B8BDC340DE0D9CB8</styleUrl>
				<Point>
					<altitudeMode>relativeToGround</altitudeMode>
					<coordinates>-3.699991099999999,40.4552255,0</coordinates>
				</Point>
			</Placemark>
			<Placemark id="0B4C67D40A3ED542D26F">
				<gx:mid>/g/11dd_n6j6_</gx:mid>
				<gx:fid>0xd42379fe1a588cd:0x98ce458f6118a3f6</gx:fid>
				<LookAt>
					<longitude>-3.4598002</longitude>
					<latitude>40.4397421</latitude>
					<altitude>0</altitude>
					<heading>0</heading>
					<tilt>0</tilt>
					<gx:fovy>35</gx:fovy>
					<range>781.0910271340693</range>
					<altitudeMode>relativeToGround</altitudeMode>
				</LookAt>
				<styleUrl>#__managed_style_0085B2EC8E40DE0D9CCB</styleUrl>
				<Point>
					<altitudeMode>relativeToGround</altitudeMode>
					<coordinates>-3.4598002,40.4397421,0</coordinates>
				</Point>
			</Placemark>
			<Placemark id="0E51A704383ED5C62304">
				<gx:mid>/m/01jcyh</gx:mid>
				<gx:fid>0xd422628db3a07bd:0x309814d159babf71</gx:fid>
				<LookAt>
					<longitude>-3.6945569</longitude>
					<latitude>40.4079123</latitude>
					<altitude>0</altitude>
					<heading>0</heading>
					<tilt>0</tilt>
					<gx:fovy>35</gx:fovy>
					<range>781.4954663382448</range>
					<altitudeMode>relativeToGround</altitudeMode>
				</LookAt>
				<styleUrl>#__managed_style_1D16B8BDC340DE0D9CB8</styleUrl>
				<Point>
					<altitudeMode>relativeToGround</altitudeMode>
					<coordinates>-3.6945569,40.4079123,0</coordinates>
				</Point>
			</Placemark>
			<Placemark id="0AF7FF91253ED5C648B3">
				<gx:mid>/g/11j341jsy9</gx:mid>
				<gx:fid>0xd42278ec59b5723:0xb30d39c310f4669</gx:fid>
				<LookAt>
					<longitude>-3.6934418</longitude>
					<latitude>40.4089707</latitude>
					<altitude>0</altitude>
					<heading>0</heading>
					<tilt>0</tilt>
					<gx:fovy>35</gx:fovy>
					<range>781.4820216949299</range>
					<altitudeMode>relativeToGround</altitudeMode>
				</LookAt>
				<styleUrl>#__managed_style_0833D987D240DE0D9CB1</styleUrl>
				<Point>
					<altitudeMode>relativeToGround</altitudeMode>
					<coordinates>-3.6934418,40.4089707,0</coordinates>
				</Point>
			</Placemark>
			<Placemark id="0DC16F42103ED5C6B7C1">
				<gx:mid>/g/11g9qgnqk3</gx:mid>
				<gx:fid>0xd422862cc7d1849:0x27954fcdfe64c203</gx:fid>
				<LookAt>
					<longitude>-3.704502</longitude>
					<latitude>40.4232579</latitude>
					<altitude>0</altitude>
					<heading>0</heading>
					<tilt>0</tilt>
					<gx:fovy>35</gx:fovy>
					<range>781.300509262741</range>
					<altitudeMode>relativeToGround</altitudeMode>
				</LookAt>
				<styleUrl>#__managed_style_1C34E88A3440DE0D9CC1</styleUrl>
				<Point>
					<altitudeMode>relativeToGround</altitudeMode>
					<coordinates>-3.704502,40.4232579,0</coordinates>
				</Point>
			</Placemark>
			<Placemark id="058E16F5053ED5C908E8">
				<gx:mid>/m/06nd2f</gx:mid>
				<gx:fid>0xd42172f853d84f3:0xc3194b3bb98d0965</gx:fid>
				<LookAt>
					<longitude>-3.5945279</longitude>
					<latitude>40.23152109999999</latitude>
					<altitude>0</altitude>
					<heading>0</heading>
					<tilt>0</tilt>
					<gx:fovy>35</gx:fovy>
					<range>783.7325547730628</range>
					<altitudeMode>relativeToGround</altitudeMode>
				</LookAt>
				<styleUrl>#__managed_style_03C64F696B40DE0D9CBF</styleUrl>
				<Point>
					<altitudeMode>relativeToGround</altitudeMode>
					<coordinates>-3.5945279,40.23152109999999,0</coordinates>
				</Point>
			</Placemark>
			<Placemark id="010F24AF3B3ED5CA7579">
				<gx:mid>/g/11z32p0xc</gx:mid>
				<gx:fid>0xd42286ffb018295:0x2470768d6cfb5b6b</gx:fid>
				<LookAt>
					<longitude>-3.7131156</longitude>
					<latitude>40.42367489999999</latitude>
					<altitude>0</altitude>
					<heading>0</heading>
					<tilt>0</tilt>
					<gx:fovy>35</gx:fovy>
					<range>781.2952107669922</range>
					<altitudeMode>relativeToGround</altitudeMode>
				</LookAt>
				<styleUrl>#__managed_style_0833D987D240DE0D9CB1</styleUrl>
				<Point>
					<altitudeMode>relativeToGround</altitudeMode>
					<coordinates>-3.712653445850417,40.4233372137772,0</coordinates>
				</Point>
			</Placemark>
			<Placemark id="034F76E3473ED5CAAC8B">
				<gx:mid>/g/11tgfrbhd2</gx:mid>
				<gx:fid>0xd4229beee979291:0xcab6a6b2c4f8d444</gx:fid>
				<LookAt>
					<longitude>-3.7102486</longitude>
					<latitude>40.4232977</latitude>
					<altitude>0</altitude>
					<heading>0</heading>
					<tilt>0</tilt>
					<gx:fovy>35</gx:fovy>
					<range>781.300003556704</range>
					<altitudeMode>relativeToGround</altitudeMode>
				</LookAt>
				<styleUrl>#__managed_style_0833D987D240DE0D9CB1</styleUrl>
				<Point>
					<altitudeMode>relativeToGround</altitudeMode>
					<coordinates>-3.7102486,40.4232977,0</coordinates>
				</Point>
			</Placemark>
			<Placemark id="06C4A3563E3ED5CBB254">
				<gx:mid>/g/11b6lpd12t</gx:mid>
				<gx:fid>0xd42287e622ac31d:0x7180acca61fb61bb</gx:fid>
				<LookAt>
					<longitude>-3.7053939</longitude>
					<latitude>40.41704</latitude>
					<altitude>0</altitude>
					<heading>0</heading>
					<tilt>0</tilt>
					<gx:fovy>35</gx:fovy>
					<range>781.37951059651</range>
					<altitudeMode>relativeToGround</altitudeMode>
				</LookAt>
				<styleUrl>#__managed_style_1D16B8BDC340DE0D9CB8</styleUrl>
				<Point>
					<altitudeMode>relativeToGround</altitudeMode>
					<coordinates>-3.7053939,40.41704,0</coordinates>
				</Point>
			</Placemark>
			<Placemark id="0CD67C002B3ED5CE2678">
				<gx:mid>/g/1229by8s</gx:mid>
				<gx:fid>0xd42250d692be805:0x1a2cd2ba329b4888</gx:fid>
				<LookAt>
					<longitude>-3.6125647</longitude>
					<latitude>40.39212415</latitude>
					<altitude>0</altitude>
					<heading>0</heading>
					<tilt>0</tilt>
					<gx:fovy>35</gx:fovy>
					<range>781.6959897215582</range>
					<altitudeMode>relativeToGround</altitudeMode>
				</LookAt>
				<styleUrl>#__managed_style_3491C69C2240DE0D9CC0</styleUrl>
				<Point>
					<altitudeMode>relativeToGround</altitudeMode>
					<coordinates>-3.612436,40.392078,0</coordinates>
				</Point>
			</Placemark>
			<Placemark id="0BDF4701A73ED5CF6CF4">
				<gx:mid>/g/11bw3hmxx4</gx:mid>
				<gx:fid>0xd422890599b6a75:0x378a50b4780afd0d</gx:fid>
				<LookAt>
					<longitude>-3.68926465</longitude>
					<latitude>40.42472014999999</latitude>
					<altitude>0</altitude>
					<heading>0</heading>
					<tilt>0</tilt>
					<gx:fovy>35</gx:fovy>
					<range>372.2903734765586</range>
					<altitudeMode>relativeToGround</altitudeMode>
				</LookAt>
				<styleUrl>#__managed_style_0833D987D240DE0D9CB1</styleUrl>
				<Point>
					<altitudeMode>relativeToGround</altitudeMode>
					<coordinates>-3.6891348,40.4248641,0</coordinates>
				</Point>
			</Placemark>
			<Placemark id="0BDABDDD483ED5D606B0">
				<gx:mid>/g/11bx1b29rl</gx:mid>
				<gx:fid>0xd4228642348f7b1:0xfa3f6bfad1262473</gx:fid>
				<LookAt>
					<longitude>-3.7095749</longitude>
					<latitude>40.4277672</latitude>
					<altitude>0</altitude>
					<heading>0</heading>
					<tilt>0</tilt>
					<gx:fovy>35</gx:fovy>
					<range>781.2432109803777</range>
					<altitudeMode>relativeToGround</altitudeMode>
				</LookAt>
				<styleUrl>#__managed_style_1D16B8BDC340DE0D9CB8</styleUrl>
				<Point>
					<altitudeMode>relativeToGround</altitudeMode>
					<coordinates>-3.709592,40.42776629999999,0</coordinates>
				</Point>
			</Placemark>
			<Placemark id="0816BFF9583ED5D74AFB">
				<gx:mid>/g/12mb3b898</gx:mid>
				<gx:fid>0xd42288ca05c01cf:0xc68f8606de845e2d</gx:fid>
				<LookAt>
					<longitude>-3.697729899999999</longitude>
					<latitude>40.43227450000001</latitude>
					<altitude>0</altitude>
					<heading>0</heading>
					<tilt>0</tilt>
					<gx:fovy>35</gx:fovy>
					<range>781.1859334806861</range>
					<altitudeMode>relativeToGround</altitudeMode>
				</LookAt>
				<styleUrl>#__managed_style_1D16B8BDC340DE0D9CB8</styleUrl>
				<Point>
					<altitudeMode>relativeToGround</altitudeMode>
					<coordinates>-3.6977299,40.4322745,0</coordinates>
				</Point>
			</Placemark>
			<Placemark id="052F127AEF3ED5D8CE7E">
				<gx:mid>/g/11fx81pl7v</gx:mid>
				<gx:fid>0xd42293fd1132a9b:0xa06a42c523ec7c7d</gx:fid>
				<LookAt>
					<longitude>-3.6830994</longitude>
					<latitude>40.4731803</latitude>
					<altitude>0</altitude>
					<heading>0</heading>
					<tilt>0</tilt>
					<gx:fovy>35</gx:fovy>
					<range>780.6659025114737</range>
					<altitudeMode>relativeToGround</altitudeMode>
				</LookAt>
				<styleUrl>#__managed_style_1D16B8BDC340DE0D9CB8</styleUrl>
				<Point>
					<altitudeMode>relativeToGround</altitudeMode>
					<coordinates>-3.6830994,40.4731803,0</coordinates>
				</Point>
			</Placemark>
			<Placemark id="0445C3B5BB3ED5F81936">
				<gx:mid>/g/12lqj9vvg</gx:mid>
				<gx:fid>0xd42286261ec46e5:0x404feb59a6e23419</gx:fid>
				<LookAt>
					<longitude>-3.7108667</longitude>
					<latitude>40.4120805</latitude>
					<altitude>0</altitude>
					<heading>0</heading>
					<tilt>0</tilt>
					<gx:fovy>35</gx:fovy>
					<range>781.4425170504417</range>
					<altitudeMode>relativeToGround</altitudeMode>
				</LookAt>
				<styleUrl>#__managed_style_1D16B8BDC340DE0D9CB8</styleUrl>
				<Point>
					<altitudeMode>relativeToGround</altitudeMode>
					<coordinates>-3.7108667,40.41208049999999,0</coordinates>
				</Point>
			</Placemark>
			<Placemark id="0E7A671B6D3ED609F3F8">
				<gx:mid>/g/1yglpx2pd</gx:mid>
				<gx:fid>0xd422890418352a7:0xb6063c8e78ceb647</gx:fid>
				<LookAt>
					<longitude>-3.691512899999999</longitude>
					<latitude>40.42507459999999</latitude>
					<altitude>0</altitude>
					<heading>0</heading>
					<tilt>0</tilt>
					<gx:fovy>35</gx:fovy>
					<range>781.2774255743489</range>
					<altitudeMode>relativeToGround</altitudeMode>
				</LookAt>
				<styleUrl>#__managed_style_1D16B8BDC340DE0D9CB8</styleUrl>
				<Point>
					<altitudeMode>relativeToGround</altitudeMode>
					<coordinates>-3.6915129,40.42507459999999,0</coordinates>
				</Point>
			</Placemark>
		</Folder>
		<Folder id="0DCE722A093ED5163A44">
			<name>מסעדות</name>
			<visibility>0</visibility>
			<styleUrl>#__managed_style_1C52047F1040DE0D9CBC</styleUrl>
			<Placemark id="0580819BB13875D71519">
				<name>Rollo Ocho</name>
				<gx:mid>/g/11ng6vx4nt</gx:mid>
				<gx:fid>0xd4229a64e6c450f:0xf02ca85ea8e9ed21</gx:fid>
				<LookAt>
					<longitude>-3.7113076</longitude>
					<latitude>40.4140086</latitude>
					<altitude>0</altitude>
					<heading>0</heading>
					<tilt>0</tilt>
					<gx:fovy>35</gx:fovy>
					<range>781.4180227587269</range>
					<altitudeMode>relativeToGround</altitudeMode>
				</LookAt>
				<styleUrl>#__managed_style_29FA32C18C40DE0D9CB9</styleUrl>
				<Point>
					<altitudeMode>relativeToGround</altitudeMode>
					<coordinates>-3.7113076,40.4140086,0</coordinates>
				</Point>
			</Placemark>
			<Placemark id="09F3B0E02D3ED5EBA97E">
				<gx:mid>/g/11yn3897g_</gx:mid>
				<gx:fid>0xd4229efdb52461d:0x619c210dc9037afa</gx:fid>
				<LookAt>
					<longitude>-3.7034891</longitude>
					<latitude>40.42903680000001</latitude>
					<altitude>0</altitude>
					<heading>0</heading>
					<tilt>0</tilt>
					<gx:fovy>35</gx:fovy>
					<range>781.2270777292925</range>
					<altitudeMode>relativeToGround</altitudeMode>
				</LookAt>
				<styleUrl>#__managed_style_29FA32C18C40DE0D9CB9</styleUrl>
				<Point>
					<altitudeMode>relativeToGround</altitudeMode>
					<coordinates>-3.7034891,40.4290368,0</coordinates>
				</Point>
			</Placemark>
			<Placemark id="067F0539503ED5EC1144">
				<gx:mid>/g/11vf3nk2gt</gx:mid>
				<gx:fid>0xd4229595fc8413d:0xaf95a4ac53bf999c</gx:fid>
				<LookAt>
					<longitude>-3.6754054</longitude>
					<latitude>40.4482027</latitude>
					<altitude>0</altitude>
					<heading>0</heading>
					<tilt>0</tilt>
					<gx:fovy>35</gx:fovy>
					<range>780.9834853178843</range>
					<altitudeMode>relativeToGround</altitudeMode>
				</LookAt>
				<styleUrl>#__managed_style_29FA32C18C40DE0D9CB9</styleUrl>
				<Point>
					<altitudeMode>relativeToGround</altitudeMode>
					<coordinates>-3.6754045,40.4482029,0</coordinates>
				</Point>
			</Placemark>
			<Placemark id="0C42CFAF5C3ED5ECBC4E">
				<gx:mid>/m/09jwlg</gx:mid>
				<gx:fid>0xd422878cb206de5:0x7d9bec46be02d1ce</gx:fid>
				<LookAt>
					<longitude>-3.7079761</longitude>
					<latitude>40.4141933</latitude>
					<altitude>0</altitude>
					<heading>0</heading>
					<tilt>0</tilt>
					<gx:fovy>35</gx:fovy>
					<range>781.4156763132917</range>
					<altitudeMode>relativeToGround</altitudeMode>
				</LookAt>
				<styleUrl>#__managed_style_29FA32C18C40DE0D9CB9</styleUrl>
				<Point>
					<altitudeMode>relativeToGround</altitudeMode>
					<coordinates>-3.7079809,40.41419339999999,0</coordinates>
				</Point>
			</Placemark>
			<Placemark id="064CCAA2513ED5ED28B0">
				<gx:mid>/g/11ggrrs7v0</gx:mid>
				<gx:fid>0xd4228856a6c9637:0x8673b16903da6e51</gx:fid>
				<LookAt>
					<longitude>-3.6939855</longitude>
					<latitude>40.4223406</latitude>
					<altitude>0</altitude>
					<heading>0</heading>
					<tilt>0</tilt>
					<gx:fovy>35</gx:fovy>
					<range>781.3121645432878</range>
					<altitudeMode>relativeToGround</altitudeMode>
				</LookAt>
				<styleUrl>#__managed_style_29FA32C18C40DE0D9CB9</styleUrl>
				<Point>
					<altitudeMode>relativeToGround</altitudeMode>
					<coordinates>-3.693985499999999,40.4223406,0</coordinates>
				</Point>
			</Placemark>
			<Placemark id="09B4592ACB3ED5ED86FC">
				<gx:mid>/g/11t073b13t</gx:mid>
				<gx:fid>0xd422987a0b39633:0x3d2bc0263b5cb0d3</gx:fid>
				<LookAt>
					<longitude>-3.694843099999999</longitude>
					<latitude>40.42383799999999</latitude>
					<altitude>0</altitude>
					<heading>0</heading>
					<tilt>0</tilt>
					<gx:fovy>35</gx:fovy>
					<range>781.2931383709428</range>
					<altitudeMode>relativeToGround</altitudeMode>
				</LookAt>
				<styleUrl>#__managed_style_29FA32C18C40DE0D9CB9</styleUrl>
				<Point>
					<altitudeMode>relativeToGround</altitudeMode>
					<coordinates>-3.694831199999999,40.4238694,0</coordinates>
				</Point>
			</Placemark>
			<Placemark id="0B2A92A6733ED5EE1044">
				<gx:mid>/g/11l36xm2v5</gx:mid>
				<gx:fid>0xd42299a67d0c071:0x641d2bcefc747565</gx:fid>
				<LookAt>
					<longitude>-3.7077168</longitude>
					<latitude>40.4230501</latitude>
					<altitude>0</altitude>
					<heading>0</heading>
					<tilt>0</tilt>
					<gx:fovy>35</gx:fovy>
					<range>781.3031496014627</range>
					<altitudeMode>relativeToGround</altitudeMode>
				</LookAt>
				<styleUrl>#__managed_style_29FA32C18C40DE0D9CB9</styleUrl>
				<Point>
					<altitudeMode>relativeToGround</altitudeMode>
					<coordinates>-3.7077168,40.4230501,0</coordinates>
				</Point>
			</Placemark>
			<Placemark id="0B4DD5CD603ED5F3C270">
				<gx:mid>/g/11bby3hm29</gx:mid>
				<gx:fid>0xd42288474f8e6b3:0xfc1ba05eef9090a6</gx:fid>
				<LookAt>
					<longitude>-3.6964847</longitude>
					<latitude>40.41832530000001</latitude>
					<altitude>0</altitude>
					<heading>0</heading>
					<tilt>0</tilt>
					<gx:fovy>35</gx:fovy>
					<range>781.3631809801404</range>
					<altitudeMode>relativeToGround</altitudeMode>
				</LookAt>
				<styleUrl>#__managed_style_29FA32C18C40DE0D9CB9</styleUrl>
				<Point>
					<altitudeMode>relativeToGround</altitudeMode>
					<coordinates>-3.6964847,40.4183253,0</coordinates>
				</Point>
			</Placemark>
			<Placemark id="09FFD1F1B83ED5F5C481">
				<gx:mid>/g/11p61pxg0b</gx:mid>
				<gx:fid>0xd4229cc64480edf:0x8a7ff0de0837a11c</gx:fid>
				<LookAt>
					<longitude>-3.688764399999999</longitude>
					<latitude>40.4264441</latitude>
					<altitude>0</altitude>
					<heading>0</heading>
					<tilt>0</tilt>
					<gx:fovy>35</gx:fovy>
					<range>781.2600236837965</range>
					<altitudeMode>relativeToGround</altitudeMode>
				</LookAt>
				<styleUrl>#__managed_style_29FA32C18C40DE0D9CB9</styleUrl>
				<Point>
					<altitudeMode>relativeToGround</altitudeMode>
					<coordinates>-3.6887644,40.4264441,0</coordinates>
				</Point>
			</Placemark>
			<Placemark id="049BEB9C283ED5F632A7">
				<gx:mid>/g/11wwm_887l</gx:mid>
				<gx:fid>0xd4229d1dc2b56fb:0x53a3db7e8b8d79b2</gx:fid>
				<LookAt>
					<longitude>-3.6994596</longitude>
					<latitude>40.43422380000001</latitude>
					<altitude>0</altitude>
					<heading>0</heading>
					<tilt>0</tilt>
					<gx:fovy>35</gx:fovy>
					<range>781.1611608910358</range>
					<altitudeMode>relativeToGround</altitudeMode>
				</LookAt>
				<styleUrl>#__managed_style_29FA32C18C40DE0D9CB9</styleUrl>
				<Point>
					<altitudeMode>relativeToGround</altitudeMode>
					<coordinates>-3.6993752,40.4342422,0</coordinates>
				</Point>
			</Placemark>
			<Placemark id="02CEA045333ED5F678AB">
				<gx:mid>/g/11mw0n199l</gx:mid>
				<gx:fid>0xd42292d3434729f:0x298158ba39905391</gx:fid>
				<LookAt>
					<longitude>-3.695177</longitude>
					<latitude>40.425216</latitude>
					<altitude>0</altitude>
					<heading>0</heading>
					<tilt>0</tilt>
					<gx:fovy>35</gx:fovy>
					<range>781.2756288600555</range>
					<altitudeMode>relativeToGround</altitudeMode>
				</LookAt>
				<styleUrl>#__managed_style_29FA32C18C40DE0D9CB9</styleUrl>
				<Point>
					<altitudeMode>relativeToGround</altitudeMode>
					<coordinates>-3.695177,40.425216,0</coordinates>
				</Point>
			</Placemark>
			<Placemark id="0FB13246AA3ED5F6DE4F">
				<gx:mid>/g/11v9z318s2</gx:mid>
				<gx:fid>0xd422918521790a5:0xddd06198c32d5790</gx:fid>
				<LookAt>
					<longitude>-3.6828871</longitude>
					<latitude>40.4261464</latitude>
					<altitude>0</altitude>
					<heading>0</heading>
					<tilt>0</tilt>
					<gx:fovy>35</gx:fovy>
					<range>781.2638065188531</range>
					<altitudeMode>relativeToGround</altitudeMode>
				</LookAt>
				<styleUrl>#__managed_style_29FA32C18C40DE0D9CB9</styleUrl>
				<Point>
					<altitudeMode>relativeToGround</altitudeMode>
					<coordinates>-3.6828871,40.4261464,0</coordinates>
				</Point>
			</Placemark>
			<Placemark id="0A9B56DF8F3ED5F9CAB0">
				<gx:mid>/g/1tg_bsvl</gx:mid>
				<gx:fid>0xd422878b51dab03:0x50f5ffb28b6b979f</gx:fid>
				<LookAt>
					<longitude>-3.7078853</longitude>
					<latitude>40.41391069999999</latitude>
					<altitude>0</altitude>
					<heading>0</heading>
					<tilt>0</tilt>
					<gx:fovy>35</gx:fovy>
					<range>781.4192664859909</range>
					<altitudeMode>relativeToGround</altitudeMode>
				</LookAt>
				<styleUrl>#__managed_style_29FA32C18C40DE0D9CB9</styleUrl>
				<Point>
					<altitudeMode>relativeToGround</altitudeMode>
					<coordinates>-3.7078853,40.4139107,0</coordinates>
				</Point>
			</Placemark>
			<Placemark id="0A8383A1853ED5FA5984">
				<gx:mid>/g/11b6lmk5yy</gx:mid>
				<gx:fid>0xd422878ae61d9bd:0x48458db6927b6c16</gx:fid>
				<LookAt>
					<longitude>-3.7083581</longitude>
					<latitude>40.41319070000001</latitude>
					<altitude>0</altitude>
					<heading>0</heading>
					<tilt>0</tilt>
					<gx:fovy>35</gx:fovy>
					<range>781.4284133405213</range>
					<altitudeMode>relativeToGround</altitudeMode>
				</LookAt>
				<styleUrl>#__managed_style_29FA32C18C40DE0D9CB9</styleUrl>
				<Point>
					<altitudeMode>relativeToGround</altitudeMode>
					<coordinates>-3.7083752,40.4131972,0</coordinates>
				</Point>
			</Placemark>
			<Placemark id="0D87E4E9003ED5FAE83C">
				<gx:mid>/g/1tr18wmp</gx:mid>
				<gx:fid>0xd4227d5d1844d03:0x317267bb3a0216d0</gx:fid>
				<LookAt>
					<longitude>-3.707499</longitude>
					<latitude>40.41052</latitude>
					<altitude>0</altitude>
					<heading>0</heading>
					<tilt>0</tilt>
					<gx:fovy>35</gx:fovy>
					<range>781.4623407866262</range>
					<altitudeMode>relativeToGround</altitudeMode>
				</LookAt>
				<styleUrl>#__managed_style_29FA32C18C40DE0D9CB9</styleUrl>
				<Point>
					<altitudeMode>relativeToGround</altitudeMode>
					<coordinates>-3.70748,40.4105172,0</coordinates>
				</Point>
			</Placemark>
			<Placemark id="04A8A024BA3ED5FB9F68">
				<gx:mid>/g/1tgs26_v</gx:mid>
				<gx:fid>0xd4227d8272ce5e1:0x990a158e6abed311</gx:fid>
				<LookAt>
					<longitude>-3.713167</longitude>
					<latitude>40.4109627</latitude>
					<altitude>0</altitude>
					<heading>0</heading>
					<tilt>0</tilt>
					<gx:fovy>35</gx:fovy>
					<range>781.4567170250223</range>
					<altitudeMode>relativeToGround</altitudeMode>
				</LookAt>
				<styleUrl>#__managed_style_29FA32C18C40DE0D9CB9</styleUrl>
				<Point>
					<altitudeMode>relativeToGround</altitudeMode>
					<coordinates>-3.7131277,40.4109751,0</coordinates>
				</Point>
			</Placemark>
			<Placemark id="07E8B6B4243ED5FBFD50">
				<gx:mid>/g/11dx94q3pm</gx:mid>
				<gx:fid>0xd42288091f92477:0x2e0bfa76a492b5f0</gx:fid>
				<LookAt>
					<longitude>-3.7017565</longitude>
					<latitude>40.4157327</latitude>
					<altitude>0</altitude>
					<heading>0</heading>
					<tilt>0</tilt>
					<gx:fovy>35</gx:fovy>
					<range>781.3961193345285</range>
					<altitudeMode>relativeToGround</altitudeMode>
				</LookAt>
				<styleUrl>#__managed_style_29FA32C18C40DE0D9CB9</styleUrl>
				<Point>
					<altitudeMode>relativeToGround</altitudeMode>
					<coordinates>-3.7017565,40.4157327,0</coordinates>
				</Point>
			</Placemark>
			<Placemark id="061D25DDE83ED5FD0C81">
				<gx:mid>/g/12qgw0trx</gx:mid>
				<gx:fid>0xd4228808a405b21:0x32f07ec0110fb7bc</gx:fid>
				<LookAt>
					<longitude>-3.701841</longitude>
					<latitude>40.41559970000001</latitude>
					<altitude>0</altitude>
					<heading>0</heading>
					<tilt>0</tilt>
					<gx:fovy>35</gx:fovy>
					<range>781.3978090259639</range>
					<altitudeMode>relativeToGround</altitudeMode>
				</LookAt>
				<styleUrl>#__managed_style_29FA32C18C40DE0D9CB9</styleUrl>
				<Point>
					<altitudeMode>relativeToGround</altitudeMode>
					<coordinates>-3.701841,40.4155997,0</coordinates>
				</Point>
			</Placemark>
		</Folder>
		<Folder id="0AF1EC4A1F3ED5165549">
			<name>בתי קפה / בראנץ׳</name>
			<visibility>0</visibility>
			<styleUrl>#__managed_style_1C52047F1040DE0D9CBC</styleUrl>
			<Placemark id="08AAF566B23ED5F7E55B">
				<gx:mid>/g/11s82l2vtq</gx:mid>
				<gx:fid>0xd4227098fb6e8c3:0x7fd464b34aaf34a4</gx:fid>
				<LookAt>
					<longitude>-3.711800400000001</longitude>
					<latitude>40.4117079</latitude>
					<altitude>0</altitude>
					<heading>0</heading>
					<tilt>0</tilt>
					<gx:fovy>35</gx:fovy>
					<range>781.4472504069528</range>
					<altitudeMode>relativeToGround</altitudeMode>
				</LookAt>
				<styleUrl>#__managed_style_4AD2BD12B440DE0D9CB4</styleUrl>
				<Point>
					<altitudeMode>relativeToGround</altitudeMode>
					<coordinates>-3.7118004,40.4117079,0</coordinates>
				</Point>
			</Placemark>
			<Placemark id="0A95CB79BA3ED5F8E26E">
				<gx:mid>/g/1tgq7zgb</gx:mid>
				<gx:fid>0xd42287ef2efc18f:0x30ad7a72c79c03d6</gx:fid>
				<LookAt>
					<longitude>-3.705974899999998</longitude>
					<latitude>40.4164843</latitude>
					<altitude>0</altitude>
					<heading>0</heading>
					<tilt>0</tilt>
					<gx:fovy>35</gx:fovy>
					<range>781.3865705964713</range>
					<altitudeMode>relativeToGround</altitudeMode>
				</LookAt>
				<styleUrl>#__managed_style_4AD2BD12B440DE0D9CB4</styleUrl>
				<Point>
					<altitudeMode>relativeToGround</altitudeMode>
					<coordinates>-3.7059749,40.4164843,0</coordinates>
				</Point>
			</Placemark>
			<Placemark id="010D87E4E83ED5FE285F">
				<gx:mid>/g/11fql4tynl</gx:mid>
				<gx:fid>0xd4229a9933389d7:0x84432a8f9d44d886</gx:fid>
				<LookAt>
					<longitude>-3.702170299999999</longitude>
					<latitude>40.4316574</latitude>
					<altitude>0</altitude>
					<heading>0</heading>
					<tilt>0</tilt>
					<gx:fovy>35</gx:fovy>
					<range>781.1937756873029</range>
					<altitudeMode>relativeToGround</altitudeMode>
				</LookAt>
				<styleUrl>#__managed_style_4AD2BD12B440DE0D9CB4</styleUrl>
				<Point>
					<altitudeMode>relativeToGround</altitudeMode>
					<coordinates>-3.7021703,40.4316574,0</coordinates>
				</Point>
			</Placemark>
			<Placemark id="008DDB6EE23ED5FEF8A8">
				<gx:mid>/g/11y524kbwd</gx:mid>
				<gx:fid>0xd42296d9e3d8205:0x3ee85dd5ee59653c</gx:fid>
				<LookAt>
					<longitude>-3.6953491</longitude>
					<latitude>40.4228885</latitude>
					<altitude>0</altitude>
					<heading>0</heading>
					<tilt>0</tilt>
					<gx:fovy>35</gx:fovy>
					<range>781.3052029090844</range>
					<altitudeMode>relativeToGround</altitudeMode>
				</LookAt>
				<styleUrl>#__managed_style_4AD2BD12B440DE0D9CB4</styleUrl>
				<Point>
					<altitudeMode>relativeToGround</altitudeMode>
					<coordinates>-3.6953436,40.4229456,0</coordinates>
				</Point>
			</Placemark>
			<Placemark id="0B86DFBD113ED5FFAB68">
				<gx:mid>/g/11mzsmf650</gx:mid>
				<gx:fid>0xd422941572447af:0x1ee18100c0e5c5de</gx:fid>
				<LookAt>
					<longitude>-3.6901355</longitude>
					<latitude>40.4204552</latitude>
					<altitude>0</altitude>
					<heading>0</heading>
					<tilt>0</tilt>
					<gx:fovy>35</gx:fovy>
					<range>781.3361199706893</range>
					<altitudeMode>relativeToGround</altitudeMode>
				</LookAt>
				<styleUrl>#__managed_style_4AD2BD12B440DE0D9CB4</styleUrl>
				<Point>
					<altitudeMode>relativeToGround</altitudeMode>
					<coordinates>-3.6901355,40.4204552,0</coordinates>
				</Point>
			</Placemark>
			<Placemark id="0612AC5D343ED600BE13">
				<gx:mid>/g/11lzp1d5t6</gx:mid>
				<gx:fid>0xd4229109eaab489:0xbf4e8ec639f182c8</gx:fid>
				<LookAt>
					<longitude>-3.6976306</longitude>
					<latitude>40.4238662</latitude>
					<altitude>0</altitude>
					<heading>0</heading>
					<tilt>0</tilt>
					<gx:fovy>35</gx:fovy>
					<range>781.2927800529239</range>
					<altitudeMode>relativeToGround</altitudeMode>
				</LookAt>
				<styleUrl>#__managed_style_4AD2BD12B440DE0D9CB4</styleUrl>
				<Point>
					<altitudeMode>relativeToGround</altitudeMode>
					<coordinates>-3.6976533,40.4238758,0</coordinates>
				</Point>
			</Placemark>
			<Placemark id="04DBF69A143ED6011A93">
				<gx:mid>/g/11hzmpj6qr</gx:mid>
				<gx:fid>0xd4229537cea0199:0x1bd148a39413f403</gx:fid>
				<LookAt>
					<longitude>-3.684471700000001</longitude>
					<latitude>40.425822</latitude>
					<altitude>0</altitude>
					<heading>0</heading>
					<tilt>0</tilt>
					<gx:fovy>35</gx:fovy>
					<range>781.2679286043302</range>
					<altitudeMode>relativeToGround</altitudeMode>
				</LookAt>
				<styleUrl>#__managed_style_4AD2BD12B440DE0D9CB4</styleUrl>
				<Point>
					<altitudeMode>relativeToGround</altitudeMode>
					<coordinates>-3.6845248,40.4258237,0</coordinates>
				</Point>
			</Placemark>
			<Placemark id="08958196213ED601A52F">
				<gx:mid>/g/11xflp_6_b</gx:mid>
				<gx:fid>0xd4227dc7e70b9d1:0x8a1f93e52e7cad73</gx:fid>
				<LookAt>
					<longitude>-3.710267800000001</longitude>
					<latitude>40.4122447</latitude>
					<altitude>0</altitude>
					<heading>0</heading>
					<tilt>0</tilt>
					<gx:fovy>35</gx:fovy>
					<range>781.4404311114113</range>
					<altitudeMode>relativeToGround</altitudeMode>
				</LookAt>
				<styleUrl>#__managed_style_4AD2BD12B440DE0D9CB4</styleUrl>
				<Point>
					<altitudeMode>relativeToGround</altitudeMode>
					<coordinates>-3.7102678,40.4122447,0</coordinates>
				</Point>
			</Placemark>
			<Placemark id="09F0F60B013ED6024DBC">
				<gx:mid>/g/11hbm9m07v</gx:mid>
				<gx:fid>0xd42288f66601d8d:0x4b0c49b38b8a2372</gx:fid>
				<LookAt>
					<longitude>-3.6963387</longitude>
					<latitude>40.4237986</latitude>
					<altitude>0</altitude>
					<heading>0</heading>
					<tilt>0</tilt>
					<gx:fovy>35</gx:fovy>
					<range>781.2936389993606</range>
					<altitudeMode>relativeToGround</altitudeMode>
				</LookAt>
				<styleUrl>#__managed_style_4AD2BD12B440DE0D9CB4</styleUrl>
				<Point>
					<altitudeMode>relativeToGround</altitudeMode>
					<coordinates>-3.6963387,40.4237986,0</coordinates>
				</Point>
			</Placemark>
			<Placemark id="0B8AE1D2263ED602B674">
				<gx:mid>/g/1hm32xrt1</gx:mid>
				<gx:fid>0xd4228f11a59693d:0x6d3f3b597736cb20</gx:fid>
				<LookAt>
					<longitude>-3.6977732</longitude>
					<latitude>40.4405396</latitude>
					<altitude>0</altitude>
					<heading>0</heading>
					<tilt>0</tilt>
					<gx:fovy>35</gx:fovy>
					<range>781.0808908896886</range>
					<altitudeMode>relativeToGround</altitudeMode>
				</LookAt>
				<styleUrl>#__managed_style_4AD2BD12B440DE0D9CB4</styleUrl>
				<Point>
					<altitudeMode>relativeToGround</altitudeMode>
					<coordinates>-3.697773199999999,40.4405396,0</coordinates>
				</Point>
			</Placemark>
			<Placemark id="037B4778CF3ED603BF51">
				<gx:mid>/g/11r6vdpjn8</gx:mid>
				<gx:fid>0xd4229df22d12421:0x58a34c313ba7a207</gx:fid>
				<LookAt>
					<longitude>-3.6982084</longitude>
					<latitude>40.4207502</latitude>
					<altitude>0</altitude>
					<heading>0</heading>
					<tilt>0</tilt>
					<gx:fovy>35</gx:fovy>
					<range>781.332371826913</range>
					<altitudeMode>relativeToGround</altitudeMode>
				</LookAt>
				<styleUrl>#__managed_style_4AD2BD12B440DE0D9CB4</styleUrl>
				<Point>
					<altitudeMode>relativeToGround</altitudeMode>
					<coordinates>-3.6982084,40.4207502,0</coordinates>
				</Point>
			</Placemark>
			<Placemark id="0FCFD9F0113ED606214C">
				<gx:mid>/g/11vwq87fqj</gx:mid>
				<gx:fid>0xd4229376fc42561:0x895b0a060e9ac3fd</gx:fid>
				<LookAt>
					<longitude>-3.705066300000001</longitude>
					<latitude>40.4263955</latitude>
					<altitude>0</altitude>
					<heading>0</heading>
					<tilt>0</tilt>
					<gx:fovy>35</gx:fovy>
					<range>781.2606412390347</range>
					<altitudeMode>relativeToGround</altitudeMode>
				</LookAt>
				<styleUrl>#__managed_style_4AD2BD12B440DE0D9CB4</styleUrl>
				<Point>
					<altitudeMode>relativeToGround</altitudeMode>
					<coordinates>-3.705068,40.4263857,0</coordinates>
				</Point>
			</Placemark>
			<Placemark id="0AF3EEECC33ED6068DBB">
				<gx:mid>/g/11rsqw80l6</gx:mid>
				<gx:fid>0xd42299b1920f8f3:0x3f935887d3fa7995</gx:fid>
				<LookAt>
					<longitude>-3.706317</longitude>
					<latitude>40.4242162</latitude>
					<altitude>0</altitude>
					<heading>0</heading>
					<tilt>0</tilt>
					<gx:fovy>35</gx:fovy>
					<range>781.2883328283868</range>
					<altitudeMode>relativeToGround</altitudeMode>
				</LookAt>
				<styleUrl>#__managed_style_4AD2BD12B440DE0D9CB4</styleUrl>
				<Point>
					<altitudeMode>relativeToGround</altitudeMode>
					<coordinates>-3.706317,40.4242162,0</coordinates>
				</Point>
			</Placemark>
			<Placemark id="02B69AC7613ED607A3EC">
				<gx:mid>/g/11ghtqgc38</gx:mid>
				<gx:fid>0xd4229d3726857c3:0xaa02741f3b66129a</gx:fid>
				<LookAt>
					<longitude>-3.685040299999999</longitude>
					<latitude>40.43757009999999</latitude>
					<altitude>0</altitude>
					<heading>0</heading>
					<tilt>0</tilt>
					<gx:fovy>35</gx:fovy>
					<range>781.1186325721657</range>
					<altitudeMode>relativeToGround</altitudeMode>
				</LookAt>
				<styleUrl>#__managed_style_4AD2BD12B440DE0D9CB4</styleUrl>
				<Point>
					<altitudeMode>relativeToGround</altitudeMode>
					<coordinates>-3.685015399999999,40.43759499999999,0</coordinates>
				</Point>
			</Placemark>
			<Placemark id="02B61104753ED6080D48">
				<gx:mid>/g/11v_898tv5</gx:mid>
				<gx:fid>0xd42298f2167de7d:0xf9e87d92686ddc4f</gx:fid>
				<LookAt>
					<longitude>-3.7149458</longitude>
					<latitude>40.4345168</latitude>
					<altitude>0</altitude>
					<heading>0</heading>
					<tilt>0</tilt>
					<gx:fovy>35</gx:fovy>
					<range>781.1574372391248</range>
					<altitudeMode>relativeToGround</altitudeMode>
				</LookAt>
				<styleUrl>#__managed_style_4AD2BD12B440DE0D9CB4</styleUrl>
				<Point>
					<altitudeMode>relativeToGround</altitudeMode>
					<coordinates>-3.7149458,40.4345168,0</coordinates>
				</Point>
			</Placemark>
		</Folder>
		<Folder id="0BD0F1D68A3ED5169789">
			<name>ברים</name>
			<visibility>0</visibility>
			<styleUrl>#__managed_style_1C52047F1040DE0D9CBC</styleUrl>
			<Placemark id="0CA3C6912F3ED5F44427">
				<gx:mid>/g/11ngtlfrqx</gx:mid>
				<gx:fid>0xd4229701ded24dd:0xa0e25fc172cc748f</gx:fid>
				<LookAt>
					<longitude>-3.704058000000001</longitude>
					<latitude>40.4205127</latitude>
					<altitude>0</altitude>
					<heading>0</heading>
					<tilt>0</tilt>
					<gx:fovy>35</gx:fovy>
					<range>781.3353894018484</range>
					<altitudeMode>relativeToGround</altitudeMode>
				</LookAt>
				<styleUrl>#__managed_style_2D38CCB02A40DE0D9CD8</styleUrl>
				<Point>
					<altitudeMode>relativeToGround</altitudeMode>
					<coordinates>-3.7040342,40.4205049,0</coordinates>
				</Point>
			</Placemark>
			<Placemark id="063508D40C3ED608F42C">
				<gx:mid>/g/11lzkk0mcn</gx:mid>
				<gx:fid>0xd4229199f301d03:0xfded421f848f6834</gx:fid>
				<LookAt>
					<longitude>-3.6846612</longitude>
					<latitude>40.4341856</latitude>
					<altitude>0</altitude>
					<heading>0</heading>
					<tilt>0</tilt>
					<gx:fovy>35</gx:fovy>
					<range>781.1616463623008</range>
					<altitudeMode>relativeToGround</altitudeMode>
				</LookAt>
				<styleUrl>#__managed_style_0462EC68B040DE0D9CB4</styleUrl>
				<Point>
					<altitudeMode>relativeToGround</altitudeMode>
					<coordinates>-3.6846167,40.4341836,0</coordinates>
				</Point>
			</Placemark>
			<Placemark id="0D6F2E658A3ED60969E8">
				<gx:mid>/g/11yjtjx7wk</gx:mid>
				<gx:fid>0xd422900477f3097:0x907a0cbda18228af</gx:fid>
				<LookAt>
					<longitude>-3.6919416</longitude>
					<latitude>40.42522890000001</latitude>
					<altitude>0</altitude>
					<heading>0</heading>
					<tilt>0</tilt>
					<gx:fovy>35</gx:fovy>
					<range>781.2754649445924</range>
					<altitudeMode>relativeToGround</altitudeMode>
				</LookAt>
				<styleUrl>#__managed_style_0462EC68B040DE0D9CB4</styleUrl>
				<Point>
					<altitudeMode>relativeToGround</altitudeMode>
					<coordinates>-3.6919416,40.4252289,0</coordinates>
				</Point>
			</Placemark>
			<Placemark id="0651018CAB3ED60BF380">
				<gx:mid>/g/11x87vwsrf</gx:mid>
				<gx:fid>0xd4229006c7fc87d:0xbb67bffd298dc913</gx:fid>
				<LookAt>
					<longitude>-3.7079785</longitude>
					<latitude>40.42093939999999</latitude>
					<altitude>0</altitude>
					<heading>0</heading>
					<tilt>0</tilt>
					<gx:fovy>35</gx:fovy>
					<range>781.3299679222271</range>
					<altitudeMode>relativeToGround</altitudeMode>
				</LookAt>
				<styleUrl>#__managed_style_067C2C239E40DE0D9CB3</styleUrl>
				<Point>
					<altitudeMode>relativeToGround</altitudeMode>
					<coordinates>-3.7079785,40.42093939999999,0</coordinates>
				</Point>
			</Placemark>
			<Placemark id="0A1DABBEFB3ED60CC023">
				<gx:mid>/g/11rw8_n09c</gx:mid>
				<gx:fid>0xd42295204337903:0xa4e287be2b1d32cf</gx:fid>
				<LookAt>
					<longitude>-3.705021</longitude>
					<latitude>40.4151056</latitude>
					<altitude>0</altitude>
					<heading>0</heading>
					<tilt>0</tilt>
					<gx:fovy>35</gx:fovy>
					<range>781.4040862578523</range>
					<altitudeMode>relativeToGround</altitudeMode>
				</LookAt>
				<styleUrl>#__managed_style_0462EC68B040DE0D9CB4</styleUrl>
				<Point>
					<altitudeMode>relativeToGround</altitudeMode>
					<coordinates>-3.705021,40.4151056,0</coordinates>
				</Point>
			</Placemark>
			<Placemark id="07838BD5E13ED60E5910">
				<gx:mid>/g/11cncst9gm</gx:mid>
				<gx:fid>0xd42288066c3fa3f:0x4c115f1b554bf55a</gx:fid>
				<LookAt>
					<longitude>-3.7019135</longitude>
					<latitude>40.4150623</latitude>
					<altitude>0</altitude>
					<heading>0</heading>
					<tilt>0</tilt>
					<gx:fovy>35</gx:fovy>
					<range>781.4046363546551</range>
					<altitudeMode>relativeToGround</altitudeMode>
				</LookAt>
				<styleUrl>#__managed_style_0462EC68B040DE0D9CB4</styleUrl>
				<Point>
					<altitudeMode>relativeToGround</altitudeMode>
					<coordinates>-3.7019135,40.4150623,0</coordinates>
				</Point>
			</Placemark>
			<Placemark id="0138D793253ED60F18B6">
				<gx:mid>/g/11c464p_l2</gx:mid>
				<gx:fid>0xd422861ee8e5da3:0x62a38e8bcc085a85</gx:fid>
				<LookAt>
					<longitude>-3.7037974</longitude>
					<latitude>40.42895099999999</latitude>
					<altitude>0</altitude>
					<heading>0</heading>
					<tilt>0</tilt>
					<gx:fovy>35</gx:fovy>
					<range>781.2281680314637</range>
					<altitudeMode>relativeToGround</altitudeMode>
				</LookAt>
				<styleUrl>#__managed_style_0462EC68B040DE0D9CB4</styleUrl>
				<Point>
					<altitudeMode>relativeToGround</altitudeMode>
					<coordinates>-3.7038536,40.4289578,0</coordinates>
				</Point>
			</Placemark>
			<Placemark id="02C15451D43ED61050EF">
				<gx:mid>/g/1s04cnwd0</gx:mid>
				<gx:fid>0xd4228860c4c5b59:0x91caea099e57bc2</gx:fid>
				<LookAt>
					<longitude>-3.698289999999999</longitude>
					<latitude>40.422152</latitude>
					<altitude>0</altitude>
					<heading>0</heading>
					<tilt>0</tilt>
					<gx:fovy>35</gx:fovy>
					<range>781.3145608848426</range>
					<altitudeMode>relativeToGround</altitudeMode>
				</LookAt>
				<styleUrl>#__managed_style_067C2C239E40DE0D9CB3</styleUrl>
				<Point>
					<altitudeMode>relativeToGround</altitudeMode>
					<coordinates>-3.69829,40.422152,0</coordinates>
				</Point>
			</Placemark>
			<Placemark id="00E70258373ED610A14E">
				<gx:mid>/g/11h818_ly5</gx:mid>
				<gx:fid>0xd42298a8c42fc0b:0xbb247bcfb32d9e45</gx:fid>
				<LookAt>
					<longitude>-3.696250799999999</longitude>
					<latitude>40.4135922</latitude>
					<altitude>0</altitude>
					<heading>0</heading>
					<tilt>0</tilt>
					<gx:fovy>35</gx:fovy>
					<range>781.4233127133003</range>
					<altitudeMode>relativeToGround</altitudeMode>
				</LookAt>
				<styleUrl>#__managed_style_0462EC68B040DE0D9CB4</styleUrl>
				<Point>
					<altitudeMode>relativeToGround</altitudeMode>
					<coordinates>-3.6962508,40.4135922,0</coordinates>
				</Point>
			</Placemark>
			<Placemark id="0BDAEEE8973ED610FEA0">
				<gx:mid>/g/11p9w735dn</gx:mid>
				<gx:fid>0xd4229d65280553f:0x53d260e156207f0</gx:fid>
				<LookAt>
					<longitude>-3.697349599999999</longitude>
					<latitude>40.42082000000001</latitude>
					<altitude>0</altitude>
					<heading>0</heading>
					<tilt>0</tilt>
					<gx:fovy>35</gx:fovy>
					<range>781.3314849750769</range>
					<altitudeMode>relativeToGround</altitudeMode>
				</LookAt>
				<styleUrl>#__managed_style_0462EC68B040DE0D9CB4</styleUrl>
				<Point>
					<altitudeMode>relativeToGround</altitudeMode>
					<coordinates>-3.697349599999999,40.42082,0</coordinates>
				</Point>
			</Placemark>
			<Placemark id="0AFE1819CE3ED612B234">
				<gx:mid>/g/11b7hmcsmb</gx:mid>
				<gx:fid>0xd42288f83f6aaf5:0xe9625401eebba7fa</gx:fid>
				<LookAt>
					<longitude>-3.694985</longitude>
					<latitude>40.4236519</latitude>
					<altitude>0</altitude>
					<heading>0</heading>
					<tilt>0</tilt>
					<gx:fovy>35</gx:fovy>
					<range>781.2955030111958</range>
					<altitudeMode>relativeToGround</altitudeMode>
				</LookAt>
				<styleUrl>#__managed_style_0462EC68B040DE0D9CB4</styleUrl>
				<Point>
					<altitudeMode>relativeToGround</altitudeMode>
					<coordinates>-3.6949558,40.4236456,0</coordinates>
				</Point>
			</Placemark>
		</Folder>
		<Folder id="06EF2BC3653ED5346B71">
			<name>פארקים</name>
			<visibility>0</visibility>
			<styleUrl>#__managed_style_1C52047F1040DE0D9CBC</styleUrl>
			<Placemark id="0BEB4EEF233875E30A9F">
				<name>Sabatini Garden</name>
				<gx:mid>/m/08w8ck</gx:mid>
				<gx:fid>0xd42287a7731addf:0xdae626504cda711</gx:fid>
				<LookAt>
					<longitude>-3.7140039</longitude>
					<latitude>40.42033199999999</latitude>
					<altitude>0</altitude>
					<heading>0</heading>
					<tilt>0</tilt>
					<gx:fovy>35</gx:fovy>
					<range>781.3376852913032</range>
					<altitudeMode>relativeToGround</altitudeMode>
				</LookAt>
				<styleUrl>#__managed_style_1F00F1C52540DE0D9CB4</styleUrl>
				<Point>
					<altitudeMode>relativeToGround</altitudeMode>
					<coordinates>-3.7140039,40.42033199999999,0</coordinates>
				</Point>
			</Placemark>
			<Placemark id="0D5744ADB93875E91F39">
				<name>Rosaleda del Parque del Oeste</name>
				<gx:mid>/g/1yxkhf7xj</gx:mid>
				<gx:fid>0xd42286c9464653d:0xb6ab48229d055122</gx:fid>
				<LookAt>
					<longitude>-3.7219103</longitude>
					<latitude>40.4264992</latitude>
					<altitude>0</altitude>
					<heading>0</heading>
					<tilt>0</tilt>
					<gx:fovy>35</gx:fovy>
					<range>781.2593235330708</range>
					<altitudeMode>relativeToGround</altitudeMode>
				</LookAt>
				<styleUrl>#__managed_style_1F00F1C52540DE0D9CB4</styleUrl>
				<Point>
					<altitudeMode>relativeToGround</altitudeMode>
					<coordinates>-3.7219103,40.42649919999999,0</coordinates>
				</Point>
			</Placemark>
			<Placemark id="0DB19AE1B83875E99DD1">
				<name>Calita perruna</name>
				<gx:mid>/g/11svg26nw8</gx:mid>
				<gx:fid>0xd4229a2891f95ff:0x1f6717572b5da04f</gx:fid>
				<LookAt>
					<longitude>-3.7260388</longitude>
					<latitude>40.43463</latitude>
					<altitude>0</altitude>
					<heading>0</heading>
					<tilt>0</tilt>
					<gx:fovy>35</gx:fovy>
					<range>781.1559986079606</range>
					<altitudeMode>relativeToGround</altitudeMode>
				</LookAt>
				<styleUrl>#__managed_style_1F00F1C52540DE0D9CB4</styleUrl>
				<Point>
					<altitudeMode>relativeToGround</altitudeMode>
					<coordinates>-3.7260388,40.43463,0</coordinates>
				</Point>
			</Placemark>
			<Placemark id="0BB85F3A7C38760A5724">
				<name>Real Jardín Botánico</name>
				<gx:mid>/m/0d3lhh</gx:mid>
				<gx:fid>0xd422627ee52f38b:0x297981d8a45ec12b</gx:fid>
				<LookAt>
					<longitude>-3.691126699999999</longitude>
					<latitude>40.4111064</latitude>
					<altitude>0</altitude>
					<heading>0</heading>
					<tilt>0</tilt>
					<gx:fovy>35</gx:fovy>
					<range>781.4548915477353</range>
					<altitudeMode>relativeToGround</altitudeMode>
				</LookAt>
				<styleUrl>#__managed_style_1F00F1C52540DE0D9CB4</styleUrl>
				<Point>
					<altitudeMode>relativeToGround</altitudeMode>
					<coordinates>-3.6911267,40.4111064,0</coordinates>
				</Point>
			</Placemark>
			<Placemark id="0E26BD2DC738760CBE70">
				<name>El Retiro Park</name>
				<LookAt>
					<longitude>-3.685971948675644</longitude>
					<latitude>40.41402964623705</latitude>
					<altitude>659.0935043654085</altitude>
					<heading>85.49425690886466</heading>
					<tilt>0</tilt>
					<gx:fovy>35</gx:fovy>
					<range>2290.520879526157</range>
					<altitudeMode>absolute</altitudeMode>
				</LookAt>
				<styleUrl>#__managed_style_0DA5A8A9A940DE0D9CC6</styleUrl>
				<LineString>
					<coordinates>
						-3.688815803021177,40.41668629511379,0 -3.684835445936155,40.4169254051509,0 -3.685480653956097,40.41866608277256,0 -3.687815484908224,40.41957865157551,0 -3.685513685670711,40.41866419394669,0 -3.68343608554766,40.41889435586214,0 -3.682922468062217,40.41736294096372,0 -3.680477528231775,40.41786815453256,0 -3.680085889631265,40.41643074187057,0 -3.678978896202991,40.41638305874491,0 -3.677737038546283,40.41227178699002,0 -3.679091735408341,40.41178345417779,0 -3.680721448902007,40.41133324841793,0 -3.681336947641633,40.41338763954732,0 -3.681728407359613,40.41348423837722,0 -3.682638273900654,40.41572979537229,0 -3.684225975430272,40.41542876236406,0 -3.688670111034772,40.41528955114278,0 
					</coordinates>
				</LineString>
			</Placemark>
			<Placemark id="08DAD4FD6838760D6DE0">
				<name>El Retiro Park</name>
				<gx:mid>/m/03rmzx</gx:mid>
				<gx:fid>0xd42289ff511827b:0x9e6c2716b524a3ae</gx:fid>
				<LookAt>
					<longitude>-3.6834657</longitude>
					<latitude>40.415258</latitude>
					<altitude>0</altitude>
					<heading>0</heading>
					<tilt>0</tilt>
					<gx:fovy>35</gx:fovy>
					<range>781.4021501169758</range>
					<altitudeMode>relativeToGround</altitudeMode>
				</LookAt>
				<styleUrl>#__managed_style_1F00F1C52540DE0D9CB4</styleUrl>
				<Point>
					<altitudeMode>relativeToGround</altitudeMode>
					<coordinates>-3.6834657,40.415258,0</coordinates>
				</Point>
			</Placemark>
			<Placemark id="0387D70E12387610D299">
				<name>Campo del Moro</name>
				<gx:mid>/g/12qhkyc7b</gx:mid>
				<gx:fid>0xd4228811fdea2ed:0x8edd1ca64e0f3dcd</gx:fid>
				<LookAt>
					<longitude>-3.7172954</longitude>
					<latitude>40.41826220000001</latitude>
					<altitude>0</altitude>
					<heading>0</heading>
					<tilt>0</tilt>
					<gx:fovy>35</gx:fovy>
					<range>781.3639826685323</range>
					<altitudeMode>relativeToGround</altitudeMode>
				</LookAt>
				<styleUrl>#__managed_style_1F00F1C52540DE0D9CB4</styleUrl>
				<Point>
					<altitudeMode>relativeToGround</altitudeMode>
					<coordinates>-3.717977085654586,40.41874216354437,0</coordinates>
				</Point>
			</Placemark>
			<Placemark id="0811D9BCF63ED5295C0F">
				<gx:mid>/g/11fjzbv7ss</gx:mid>
				<gx:fid>0xd42270e4b294c71:0xc505e247f289f853</gx:fid>
				<LookAt>
					<longitude>-3.7147311</longitude>
					<latitude>40.3985912</latitude>
					<altitude>0</altitude>
					<heading>0</heading>
					<tilt>0</tilt>
					<gx:fovy>35</gx:fovy>
					<range>781.6138593752901</range>
					<altitudeMode>relativeToGround</altitudeMode>
				</LookAt>
				<styleUrl>#__managed_style_1F00F1C52540DE0D9CB4</styleUrl>
				<Point>
					<altitudeMode>relativeToGround</altitudeMode>
					<coordinates>-3.7147311,40.3985912,0</coordinates>
				</Point>
			</Placemark>
			<Placemark id="05D9B4FFF73ED531A9D6">
				<gx:mid>/g/11yjnm2kn_</gx:mid>
				<gx:fid>0xd4229000574d075:0x582c77e70079ce05</gx:fid>
				<LookAt>
					<longitude>-3.7326234</longitude>
					<latitude>40.41876190000001</latitude>
					<altitude>0</altitude>
					<heading>0</heading>
					<tilt>0</tilt>
					<gx:fovy>35</gx:fovy>
					<range>781.3576339322652</range>
					<altitudeMode>relativeToGround</altitudeMode>
				</LookAt>
				<styleUrl>#__managed_style_1F00F1C52540DE0D9CB4</styleUrl>
				<Point>
					<altitudeMode>relativeToGround</altitudeMode>
					<coordinates>-3.7326234,40.4187619,0</coordinates>
				</Point>
			</Placemark>
			<Placemark id="09BD96E7DF30C68B1B1B">
				<name>Madrid Río Park</name>
				<LookAt>
					<longitude>-3.715781222244162</longitude>
					<latitude>40.39944192192719</latitude>
					<altitude>576.91974944069</altitude>
					<heading>291.567313679035</heading>
					<tilt>0</tilt>
					<gx:fovy>83.93085191029253</gx:fovy>
					<range>312.9673327533601</range>
					<altitudeMode>absolute</altitudeMode>
				</LookAt>
				<styleUrl>#__managed_style_23144521D340DE0D9CB4</styleUrl>
				<LineString>
					<coordinates>
						-3.713418636509043,40.39848916627191,0 -3.714324253442587,40.39919491582486,0 -3.715002908950857,40.39942733119323,0 -3.715733070297352,40.3978508315091,0 -3.715016579773751,40.39943721352623,0 -3.716547092630023,40.3996850023898,0 -3.715002333046873,40.39943796554392,0 -3.714285691399718,40.40099009198356,0 
					</coordinates>
				</LineString>
			</Placemark>
			<Placemark id="0928DCD0993ED5440690">
				<gx:mid>/g/122k62jj</gx:mid>
				<gx:fid>0xd423b54c507f01d:0x8ea1559c12199ed6</gx:fid>
				<LookAt>
					<longitude>-3.4527061</longitude>
					<latitude>40.4468218</latitude>
					<altitude>0</altitude>
					<heading>0</heading>
					<tilt>0</tilt>
					<gx:fovy>35</gx:fovy>
					<range>781.0010389091766</range>
					<altitudeMode>relativeToGround</altitudeMode>
				</LookAt>
				<styleUrl>#__managed_style_1F00F1C52540DE0D9CB4</styleUrl>
				<Point>
					<altitudeMode>relativeToGround</altitudeMode>
					<coordinates>-3.455435198918725,40.44430000374235,0</coordinates>
				</Point>
			</Placemark>
			<Placemark id="0229BC8B593ED5CDE0D1">
				<gx:mid>/m/04gw0dj</gx:mid>
				<gx:fid>0xd422814a947626d:0xef26c37465a04be4</gx:fid>
				<LookAt>
					<longitude>-3.7262232</longitude>
					<latitude>40.4307702</latitude>
					<altitude>0</altitude>
					<heading>0</heading>
					<tilt>0</tilt>
					<gx:fovy>35</gx:fovy>
					<range>781.2050502163534</range>
					<altitudeMode>relativeToGround</altitudeMode>
				</LookAt>
				<styleUrl>#__managed_style_1F00F1C52540DE0D9CB4</styleUrl>
				<Point>
					<altitudeMode>relativeToGround</altitudeMode>
					<coordinates>-3.7262232,40.4307702,0</coordinates>
				</Point>
			</Placemark>
			<Placemark id="0D93AD67883ED5D0445F">
				<gx:mid>/g/1236sqdz</gx:mid>
				<gx:fid>0xd4227e8c738b6e5:0xecc64b34ca363033</gx:fid>
				<LookAt>
					<longitude>-3.7281917</longitude>
					<latitude>40.398011</latitude>
					<altitude>0</altitude>
					<heading>0</heading>
					<tilt>0</tilt>
					<gx:fovy>35</gx:fovy>
					<range>781.6212281981358</range>
					<altitudeMode>relativeToGround</altitudeMode>
				</LookAt>
				<styleUrl>#__managed_style_1F00F1C52540DE0D9CB4</styleUrl>
				<Point>
					<altitudeMode>relativeToGround</altitudeMode>
					<coordinates>-3.7281917,40.398011,0</coordinates>
				</Point>
			</Placemark>
			<Placemark id="0B9BB219023ED5D7B687">
				<gx:mid>/g/11cn6cqcc8</gx:mid>
				<gx:fid>0xd4227a33a1ade69:0xe9cfb4d7f1e4d7c9</gx:fid>
				<LookAt>
					<longitude>-3.7234144</longitude>
					<latitude>40.3778428</latitude>
					<altitude>0</altitude>
					<heading>0</heading>
					<tilt>0</tilt>
					<gx:fovy>35</gx:fovy>
					<range>781.8773264451324</range>
					<altitudeMode>relativeToGround</altitudeMode>
				</LookAt>
				<styleUrl>#__managed_style_1F00F1C52540DE0D9CB4</styleUrl>
				<Point>
					<altitudeMode>relativeToGround</altitudeMode>
					<coordinates>-3.7234144,40.3778428,0</coordinates>
				</Point>
			</Placemark>
			<Placemark id="0C34E322583ED5D7EA1C">
				<gx:mid>/g/121n9qmr</gx:mid>
				<gx:fid>0xd4227abc7291faf:0xd1354c9dcbc8b73e</gx:fid>
				<LookAt>
					<longitude>-3.7061911</longitude>
					<latitude>40.3759632</latitude>
					<altitude>0</altitude>
					<heading>0</heading>
					<tilt>0</tilt>
					<gx:fovy>35</gx:fovy>
					<range>781.901189106398</range>
					<altitudeMode>relativeToGround</altitudeMode>
				</LookAt>
				<styleUrl>#__managed_style_1F00F1C52540DE0D9CB4</styleUrl>
				<Point>
					<altitudeMode>relativeToGround</altitudeMode>
					<coordinates>-3.7061911,40.3759632,0</coordinates>
				</Point>
			</Placemark>
			<Placemark id="07053CEBA53ED5D99DF0">
				<gx:mid>/g/122dlpx9</gx:mid>
				<gx:fid>0xd422f531921576f:0x104a4de062889e6a</gx:fid>
				<LookAt>
					<longitude>-3.6610917</longitude>
					<latitude>40.42296990000001</latitude>
					<altitude>0</altitude>
					<heading>0</heading>
					<tilt>0</tilt>
					<gx:fovy>35</gx:fovy>
					<range>781.3041686323505</range>
					<altitudeMode>relativeToGround</altitudeMode>
				</LookAt>
				<styleUrl>#__managed_style_1F00F1C52540DE0D9CB4</styleUrl>
				<Point>
					<altitudeMode>relativeToGround</altitudeMode>
					<coordinates>-3.6610917,40.4229699,0</coordinates>
				</Point>
			</Placemark>
		</Folder>
	</Folder>
	<Folder id="0F6ACF8E1A3ED73D1556">
		<name>Seville</name>
		<styleUrl>#__managed_style_1C52047F1040DE0D9CBC</styleUrl>
		<Placemark id="03A09DE11B3ED67871D0">
			<gx:mid>/g/11fmlffxm6</gx:mid>
			<gx:fid>0xd126d1f558d7a6d:0xd57b578dea57e6ef</gx:fid>
			<LookAt>
				<longitude>-5.9873541</longitude>
				<latitude>37.3424096</latitude>
				<altitude>0</altitude>
				<heading>0</heading>
				<tilt>0</tilt>
				<gx:fovy>35</gx:fovy>
				<range>819.3364104443741</range>
				<altitudeMode>relativeToGround</altitudeMode>
			</LookAt>
			<styleUrl>#__managed_style_2E4ABD2DE240DE0D9CB8</styleUrl>
			<Point>
				<altitudeMode>relativeToGround</altitudeMode>
				<coordinates>-5.9873541,37.3424096,0</coordinates>
			</Point>
		</Placemark>
		<Placemark id="0F0FBE6C6E3ED67A3A23">
			<gx:mid>/g/11pfshxs7s</gx:mid>
			<gx:fid>0xd126d11d9644199:0xd8a9aea1474ee067</gx:fid>
			<LookAt>
				<longitude>-5.997007199999999</longitude>
				<latitude>37.3918961</latitude>
				<altitude>0</altitude>
				<heading>0</heading>
				<tilt>0</tilt>
				<gx:fovy>35</gx:fovy>
				<range>818.7434304832797</range>
				<altitudeMode>relativeToGround</altitudeMode>
			</LookAt>
			<styleUrl>#__managed_style_1D16B8BDC340DE0D9CB8</styleUrl>
			<Point>
				<altitudeMode>relativeToGround</altitudeMode>
				<coordinates>-5.997007200000001,37.3918961,0</coordinates>
			</Point>
		</Placemark>
		<Placemark id="0BC070302F3ED67A8B18">
			<gx:mid>/g/122x7s_p</gx:mid>
			<gx:fid>0xd126c1b02784c37:0xf8124512b896922d</gx:fid>
			<LookAt>
				<longitude>-5.9911628</longitude>
				<latitude>37.3889396</latitude>
				<altitude>0</altitude>
				<heading>0</heading>
				<tilt>0</tilt>
				<gx:fovy>35</gx:fovy>
				<range>818.7788741002984</range>
				<altitudeMode>relativeToGround</altitudeMode>
			</LookAt>
			<styleUrl>#__managed_style_1D16B8BDC340DE0D9CB8</styleUrl>
			<Point>
				<altitudeMode>relativeToGround</altitudeMode>
				<coordinates>-5.9911628,37.3889396,0</coordinates>
			</Point>
		</Placemark>
		<Placemark id="0C2867BACA3ED6CFF9BE">
			<gx:mid>/g/11cn3bxh7r</gx:mid>
			<gx:fid>0x12a4839dd63f3c8b:0x8bbf4159190b370e</gx:fid>
			<LookAt>
				<longitude>1.9469736</longitude>
				<latitude>41.3297365</latitude>
				<altitude>0</altitude>
				<heading>0</heading>
				<tilt>0</tilt>
				<gx:fovy>35</gx:fovy>
				<range>769.689723432866</range>
				<altitudeMode>relativeToGround</altitudeMode>
			</LookAt>
			<styleUrl>#__managed_style_1DAAFA570140DE0D9CB3</styleUrl>
			<Point>
				<altitudeMode>relativeToGround</altitudeMode>
				<coordinates>1.9469736,41.3297365,0</coordinates>
			</Point>
		</Placemark>
		<Placemark id="0417892C3E3ED6D4132C">
			<gx:mid>/m/0h7nkz0</gx:mid>
			<gx:fid>0xd126c046cc08c2d:0xfee0a419464ba763</gx:fid>
			<LookAt>
				<longitude>-5.9893635</longitude>
				<latitude>37.3948492</latitude>
				<altitude>0</altitude>
				<heading>0</heading>
				<tilt>0</tilt>
				<gx:fovy>35</gx:fovy>
				<range>818.7080254862602</range>
				<altitudeMode>relativeToGround</altitudeMode>
			</LookAt>
			<styleUrl>#__managed_style_0833D987D240DE0D9CB1</styleUrl>
			<Point>
				<altitudeMode>relativeToGround</altitudeMode>
				<coordinates>-5.9893635,37.3948492,0</coordinates>
			</Point>
		</Placemark>
		<Placemark id="07BF8F40AC3ED6D903A0">
			<gx:mid>/g/11r4xnjxcf</gx:mid>
			<gx:fid>0xd126f243c84f3d5:0xc93cc113c122b01e</gx:fid>
			<LookAt>
				<longitude>-5.9459672</longitude>
				<latitude>37.3821818</latitude>
				<altitude>0</altitude>
				<heading>0</heading>
				<tilt>0</tilt>
				<gx:fovy>35</gx:fovy>
				<range>818.8598810571526</range>
				<altitudeMode>relativeToGround</altitudeMode>
			</LookAt>
			<styleUrl>#__managed_style_1F00F1C52540DE0D9CB4</styleUrl>
			<Point>
				<altitudeMode>relativeToGround</altitudeMode>
				<coordinates>-5.9459672,37.3821818,0</coordinates>
			</Point>
		</Placemark>
		<Placemark id="03100EBA573ED7372544">
			<gx:mid>/g/11c0rpvvvk</gx:mid>
			<gx:fid>0xd12694bb604c25f:0x2163e6833a9079ca</gx:fid>
			<LookAt>
				<longitude>-5.963586299999999</longitude>
				<latitude>37.41063210000001</latitude>
				<altitude>0</altitude>
				<heading>0</heading>
				<tilt>0</tilt>
				<gx:fovy>35</gx:fovy>
				<range>818.5187665327932</range>
				<altitudeMode>relativeToGround</altitudeMode>
			</LookAt>
			<styleUrl>#__managed_style_1F00F1C52540DE0D9CB4</styleUrl>
			<Point>
				<altitudeMode>relativeToGround</altitudeMode>
				<coordinates>-5.963586299999999,37.4106321,0</coordinates>
			</Point>
		</Placemark>
		<Placemark id="085B431A1C3ED738B4B6">
			<gx:mid>/g/11ry66568b</gx:mid>
			<gx:fid>0xd126d3202d4fab7:0x303d573893b7af30</gx:fid>
			<LookAt>
				<longitude>-5.9934613</longitude>
				<latitude>37.3917902</latitude>
				<altitude>0</altitude>
				<heading>0</heading>
				<tilt>0</tilt>
				<gx:fovy>35</gx:fovy>
				<range>818.7447000887291</range>
				<altitudeMode>relativeToGround</altitudeMode>
			</LookAt>
			<styleUrl>#__managed_style_1C34E88A3440DE0D9CC1</styleUrl>
			<Point>
				<altitudeMode>relativeToGround</altitudeMode>
				<coordinates>-5.9934613,37.3917902,0</coordinates>
			</Point>
		</Placemark>
		<Placemark id="00BEDC06843ED73A178B">
			<gx:mid>/g/11byl0lyct</gx:mid>
			<gx:fid>0xd126ea9ed98877d:0x1bad0b4315b3fd6a</gx:fid>
			<LookAt>
				<longitude>-6.0000369</longitude>
				<latitude>37.4053209</latitude>
				<altitude>0</altitude>
				<heading>0</heading>
				<tilt>0</tilt>
				<gx:fovy>35</gx:fovy>
				<range>818.5824620379359</range>
				<altitudeMode>relativeToGround</altitudeMode>
			</LookAt>
			<styleUrl>#__managed_style_1C34E88A3440DE0D9CC1</styleUrl>
			<Point>
				<altitudeMode>relativeToGround</altitudeMode>
				<coordinates>-6.0000369,37.4053209,0</coordinates>
			</Point>
		</Placemark>
		<Placemark id="043833CB573ED73B155F">
			<gx:mid>/g/1tjhyxs4</gx:mid>
			<gx:fid>0xd126c13fb6fed15:0x143605df656e7b9f</gx:fid>
			<LookAt>
				<longitude>-5.989749799999999</longitude>
				<latitude>37.366447</latitude>
				<altitude>0</altitude>
				<heading>0</heading>
				<tilt>0</tilt>
				<gx:fovy>35</gx:fovy>
				<range>819.0484534972557</range>
				<altitudeMode>relativeToGround</altitudeMode>
			</LookAt>
			<styleUrl>#__managed_style_1C34E88A3440DE0D9CC1</styleUrl>
			<Point>
				<altitudeMode>relativeToGround</altitudeMode>
				<coordinates>-5.9897498,37.366447,0</coordinates>
			</Point>
		</Placemark>
		<Placemark id="0B2F3B20D33ED73BFA59">
			<gx:mid>/g/121p16jf</gx:mid>
			<gx:fid>0xd126c136e2b90a5:0x4c0bcc574dff2913</gx:fid>
			<LookAt>
				<longitude>-6.0022761</longitude>
				<latitude>37.3864171</latitude>
				<altitude>0</altitude>
				<heading>0</heading>
				<tilt>0</tilt>
				<gx:fovy>35</gx:fovy>
				<range>818.8091130693336</range>
				<altitudeMode>relativeToGround</altitudeMode>
			</LookAt>
			<styleUrl>#__managed_style_33A66D2EAC40DE0D9CB8</styleUrl>
			<Point>
				<altitudeMode>relativeToGround</altitudeMode>
				<coordinates>-6.0022761,37.3864171,0</coordinates>
			</Point>
		</Placemark>
		<Placemark id="0CF5ADB9D33ED73C7C60">
			<gx:mid>/g/122jr3xc</gx:mid>
			<gx:fid>0xd126c1f3d196b55:0x94f0d626d2c8539e</gx:fid>
			<LookAt>
				<longitude>-5.987810100000001</longitude>
				<latitude>37.3833518</latitude>
				<altitude>0</altitude>
				<heading>0</heading>
				<tilt>0</tilt>
				<gx:fovy>35</gx:fovy>
				<range>818.8458568599509</range>
				<altitudeMode>relativeToGround</altitudeMode>
			</LookAt>
			<styleUrl>#__managed_style_1F00F1C52540DE0D9CB4</styleUrl>
			<Point>
				<altitudeMode>relativeToGround</altitudeMode>
				<coordinates>-5.9878101,37.3833518,0</coordinates>
			</Point>
		</Placemark>
		<Placemark id="0B3781C21B3ED6208296">
			<gx:mid>/g/11m_5qc34v</gx:mid>
			<gx:fid>0xd126d003d11f7b5:0x7902d3e90ba5c421</gx:fid>
			<LookAt>
				<longitude>-5.992085899999999</longitude>
				<latitude>37.3861708</latitude>
				<altitude>0</altitude>
				<heading>0</heading>
				<tilt>0</tilt>
				<gx:fovy>35</gx:fovy>
				<range>818.8120655557808</range>
				<altitudeMode>relativeToGround</altitudeMode>
			</LookAt>
			<styleUrl>#__managed_style_0833D987D240DE0D9CB1</styleUrl>
			<Point>
				<altitudeMode>relativeToGround</altitudeMode>
				<coordinates>-5.992085899999999,37.3861708,0</coordinates>
			</Point>
		</Placemark>
		<Placemark id="05548BC03B3ED620B798">
			<gx:mid>/m/05hvh6</gx:mid>
			<gx:fid>0xd126c1755b54781:0xe49da05de71e6de5</gx:fid>
			<LookAt>
				<longitude>-5.9931068</longitude>
				<latitude>37.3858247</latitude>
				<altitude>0</altitude>
				<heading>0</heading>
				<tilt>0</tilt>
				<gx:fovy>35</gx:fovy>
				<range>818.8162143554754</range>
				<altitudeMode>relativeToGround</altitudeMode>
			</LookAt>
			<styleUrl>#__managed_style_16528C8C7A40DE0D9CB7</styleUrl>
			<Point>
				<altitudeMode>relativeToGround</altitudeMode>
				<coordinates>-5.993106799999999,37.3858247,0</coordinates>
			</Point>
		</Placemark>
		<Placemark id="0F4903C33E3ED62122A6">
			<gx:mid>/g/120nf5yz</gx:mid>
			<gx:fid>0xd126c17566c287d:0xaaa3e2da037bcd7c</gx:fid>
			<LookAt>
				<longitude>-5.993994499999999</longitude>
				<latitude>37.3853638</latitude>
				<altitude>0</altitude>
				<heading>0</heading>
				<tilt>0</tilt>
				<gx:fovy>35</gx:fovy>
				<range>818.8217392499801</range>
				<altitudeMode>relativeToGround</altitudeMode>
			</LookAt>
			<styleUrl>#__managed_style_0833D987D240DE0D9CB1</styleUrl>
			<Point>
				<altitudeMode>relativeToGround</altitudeMode>
				<coordinates>-5.993994499999999,37.3853638,0</coordinates>
			</Point>
		</Placemark>
		<Placemark id="0EABB05FE33ED6217CEE">
			<gx:mid>/g/11c43x0s3s</gx:mid>
			<gx:fid>0xd126c1a0e543c9d:0x2895ef1cf06be6d9</gx:fid>
			<LookAt>
				<longitude>-5.9933206</longitude>
				<latitude>37.3866233</latitude>
				<altitude>0</altitude>
				<heading>0</heading>
				<tilt>0</tilt>
				<gx:fovy>35</gx:fovy>
				<range>818.8066412645252</range>
				<altitudeMode>relativeToGround</altitudeMode>
			</LookAt>
			<styleUrl>#__managed_style_0833D987D240DE0D9CB1</styleUrl>
			<Point>
				<altitudeMode>relativeToGround</altitudeMode>
				<coordinates>-5.9933206,37.3866233,0</coordinates>
			</Point>
		</Placemark>
		<Placemark id="03DD416E4A3ED621C77B">
			<gx:mid>/g/11f3n1chpl</gx:mid>
			<gx:fid>0xd126c107e6239a7:0x802b658efea97dfc</gx:fid>
			<LookAt>
				<longitude>-5.994096400000001</longitude>
				<latitude>37.38870060000001</latitude>
				<altitude>0</altitude>
				<heading>0</heading>
				<tilt>0</tilt>
				<gx:fovy>35</gx:fovy>
				<range>818.7817392271422</range>
				<altitudeMode>relativeToGround</altitudeMode>
			</LookAt>
			<styleUrl>#__managed_style_0833D987D240DE0D9CB1</styleUrl>
			<Point>
				<altitudeMode>relativeToGround</altitudeMode>
				<coordinates>-5.994096400000001,37.3887006,0</coordinates>
			</Point>
		</Placemark>
		<Placemark id="0B04E2DC993ED6223998">
			<gx:mid>/g/11x1njv64</gx:mid>
			<gx:fid>0xd126de825942d01:0xe461d15e1dc0987e</gx:fid>
			<LookAt>
				<longitude>-5.995578399999999</longitude>
				<latitude>37.3886277</latitude>
				<altitude>0</altitude>
				<heading>0</heading>
				<tilt>0</tilt>
				<gx:fovy>35</gx:fovy>
				<range>818.7826131479808</range>
				<altitudeMode>relativeToGround</altitudeMode>
			</LookAt>
			<styleUrl>#__managed_style_0833D987D240DE0D9CB1</styleUrl>
			<Point>
				<altitudeMode>relativeToGround</altitudeMode>
				<coordinates>-5.9955784,37.3886277,0</coordinates>
			</Point>
		</Placemark>
		<Placemark id="0F59F0980F3ED6228F10">
			<gx:mid>/g/121sr9r8</gx:mid>
			<gx:fid>0xd126c101cddb079:0xe114975ce20b4190</gx:fid>
			<LookAt>
				<longitude>-5.994511799999999</longitude>
				<latitude>37.3909294</latitude>
				<altitude>0</altitude>
				<heading>0</heading>
				<tilt>0</tilt>
				<gx:fovy>35</gx:fovy>
				<range>818.7550198768537</range>
				<altitudeMode>relativeToGround</altitudeMode>
			</LookAt>
			<styleUrl>#__managed_style_0833D987D240DE0D9CB1</styleUrl>
			<Point>
				<altitudeMode>relativeToGround</altitudeMode>
				<coordinates>-5.9945118,37.3909294,0</coordinates>
			</Point>
		</Placemark>
		<Placemark id="0C87FB88543ED622E93E">
			<gx:mid>/g/1218lnmt</gx:mid>
			<gx:fid>0xd126c1aa20d2763:0xb4cba5b8fcf8acbe</gx:fid>
			<LookAt>
				<longitude>-5.9930023</longitude>
				<latitude>37.3896365</latitude>
				<altitude>0</altitude>
				<heading>0</heading>
				<tilt>0</tilt>
				<gx:fovy>35</gx:fovy>
				<range>818.7705195981308</range>
				<altitudeMode>relativeToGround</altitudeMode>
			</LookAt>
			<styleUrl>#__managed_style_0833D987D240DE0D9CB1</styleUrl>
			<Point>
				<altitudeMode>relativeToGround</altitudeMode>
				<coordinates>-5.993099404024305,37.39001833806981,0</coordinates>
			</Point>
		</Placemark>
		<Placemark id="019DF5E0753ED6235468">
			<gx:mid>/g/12hhj4qf_</gx:mid>
			<gx:fid>0xd126def69143f4d:0x306b43a6f8b55c3e</gx:fid>
			<LookAt>
				<longitude>-6.009260299999999</longitude>
				<latitude>37.3936665</latitude>
				<altitude>0</altitude>
				<heading>0</heading>
				<tilt>0</tilt>
				<gx:fovy>35</gx:fovy>
				<range>818.7222052459508</range>
				<altitudeMode>relativeToGround</altitudeMode>
			</LookAt>
			<styleUrl>#__managed_style_1D16B8BDC340DE0D9CB8</styleUrl>
			<Point>
				<altitudeMode>relativeToGround</altitudeMode>
				<coordinates>-6.009260299999999,37.39366649999999,0</coordinates>
			</Point>
		</Placemark>
		<Placemark id="0240A81FD63ED62409DC">
			<gx:mid>/g/11gngssk4z</gx:mid>
			<gx:fid>0xd126d421eeb1993:0x8bac543d1b973081</gx:fid>
			<LookAt>
				<longitude>-6.0102695</longitude>
				<latitude>37.39127670000001</latitude>
				<altitude>0</altitude>
				<heading>0</heading>
				<tilt>0</tilt>
				<gx:fovy>35</gx:fovy>
				<range>818.7508562574451</range>
				<altitudeMode>relativeToGround</altitudeMode>
			</LookAt>
			<styleUrl>#__managed_style_2E4ABD2DE240DE0D9CB8</styleUrl>
			<Point>
				<altitudeMode>relativeToGround</altitudeMode>
				<coordinates>-6.0102695,37.3912767,0</coordinates>
			</Point>
		</Placemark>
		<Placemark id="0F1643081E3ED62466F4">
			<name>Centro Comercial TORRE SEVILLA</name>
			<LookAt>
				<longitude>-6.009829721706329</longitude>
				<latitude>37.39240535755848</latitude>
				<altitude>23.46731263925984</altitude>
				<heading>0</heading>
				<tilt>0</tilt>
				<gx:fovy>35</gx:fovy>
				<range>676.4595143510815</range>
				<altitudeMode>absolute</altitudeMode>
			</LookAt>
			<styleUrl>#__managed_style_1FC0EEB69A40DE0D9CBB</styleUrl>
			<Polygon>
				<outerBoundaryIs>
					<LinearRing>
						<coordinates>
							-6.010927769295153,37.39113399029583,0 -6.010695484988094,37.39090211990779,0 -6.009698182318667,37.3907317484744,0 -6.009538277132044,37.39081041767706,0 -6.008652997395077,37.39403570876447,0 -6.008764197011272,37.39411334557237,0 -6.009975947397774,37.39434196691264,0 -6.010117982181169,37.39429523138742,0 -6.010927769295153,37.39113399029583,0 
						</coordinates>
					</LinearRing>
				</outerBoundaryIs>
			</Polygon>
		</Placemark>
		<Placemark id="063E8305733ED624F350">
			<gx:mid>/m/0h3nzb2</gx:mid>
			<gx:fid>0xd126c05109a541f:0xbda4ae6de1fed2c4</gx:fid>
			<LookAt>
				<longitude>-5.99183055</longitude>
				<latitude>37.39315060000001</latitude>
				<altitude>0</altitude>
				<heading>0</heading>
				<tilt>0</tilt>
				<gx:fovy>35</gx:fovy>
				<range>818.7283904247056</range>
				<altitudeMode>relativeToGround</altitudeMode>
			</LookAt>
			<styleUrl>#__managed_style_0833D987D240DE0D9CB1</styleUrl>
			<Point>
				<altitudeMode>relativeToGround</altitudeMode>
				<coordinates>-5.9917478,37.3932701,0</coordinates>
			</Point>
		</Placemark>
		<Placemark id="0B6A2C9E7C3ED6255F47">
			<gx:mid>/g/11f4lb8j8h</gx:mid>
			<gx:fid>0xd126c1978462949:0xad599e62c19dfb22</gx:fid>
			<LookAt>
				<longitude>-5.991066899999999</longitude>
				<latitude>37.3853965</latitude>
				<altitude>0</altitude>
				<heading>0</heading>
				<tilt>0</tilt>
				<gx:fovy>35</gx:fovy>
				<range>818.8213472706817</range>
				<altitudeMode>relativeToGround</altitudeMode>
			</LookAt>
			<styleUrl>#__managed_style_0833D987D240DE0D9CB1</styleUrl>
			<Point>
				<altitudeMode>relativeToGround</altitudeMode>
				<coordinates>-5.9910669,37.3853965,0</coordinates>
			</Point>
		</Placemark>
		<Placemark id="089D7FFBB23ED625E9CC">
			<gx:mid>/g/11y29ycpcf</gx:mid>
			<gx:fid>0xd126d006c618f81:0x992dd56cf00a7f8c</gx:fid>
			<LookAt>
				<longitude>-5.9916797</longitude>
				<latitude>37.3850344</latitude>
				<altitude>0</altitude>
				<heading>0</heading>
				<tilt>0</tilt>
				<gx:fovy>35</gx:fovy>
				<range>818.8256877974558</range>
				<altitudeMode>relativeToGround</altitudeMode>
			</LookAt>
			<styleUrl>#__managed_style_0833D987D240DE0D9CB1</styleUrl>
			<Point>
				<altitudeMode>relativeToGround</altitudeMode>
				<coordinates>-5.991333128298367,37.38489010693047,0</coordinates>
			</Point>
		</Placemark>
		<Placemark id="06B484DCF93ED6262500">
			<gx:mid>/m/08dfpy</gx:mid>
			<gx:fid>0xd126c198c41a24b:0xbaa976bfaec1fe87</gx:fid>
			<LookAt>
				<longitude>-5.9902257</longitude>
				<latitude>37.3830519</latitude>
				<altitude>0</altitude>
				<heading>0</heading>
				<tilt>0</tilt>
				<gx:fovy>35</gx:fovy>
				<range>818.8494516413135</range>
				<altitudeMode>relativeToGround</altitudeMode>
			</LookAt>
			<styleUrl>#__managed_style_1F00F1C52540DE0D9CB4</styleUrl>
			<Point>
				<altitudeMode>relativeToGround</altitudeMode>
				<coordinates>-5.9902257,37.3830519,0</coordinates>
			</Point>
		</Placemark>
		<Placemark id="090F56DB0A3ED6286A6B">
			<gx:mid>/m/0b751f5</gx:mid>
			<gx:fid>0xd126c1ceb66b135:0xa06ec8264629fab</gx:fid>
			<LookAt>
				<longitude>-5.9871519</longitude>
				<latitude>37.39027859999999</latitude>
				<altitude>0</altitude>
				<heading>0</heading>
				<tilt>0</tilt>
				<gx:fovy>35</gx:fovy>
				<range>818.7628219380148</range>
				<altitudeMode>relativeToGround</altitudeMode>
			</LookAt>
			<styleUrl>#__managed_style_0833D987D240DE0D9CB1</styleUrl>
			<Point>
				<altitudeMode>relativeToGround</altitudeMode>
				<coordinates>-5.9871976,37.3899919,0</coordinates>
			</Point>
		</Placemark>
		<Placemark id="00FA87F1583ED665AC20">
			<gx:mid>/g/1thw3dl1</gx:mid>
			<gx:fid>0xd126c1ac99bb79f:0xcca6878b6b5f67e2</gx:fid>
			<LookAt>
				<longitude>-5.992376</longitude>
				<latitude>37.39077959999999</latitude>
				<altitude>0</altitude>
				<heading>0</heading>
				<tilt>0</tilt>
				<gx:fovy>35</gx:fovy>
				<range>818.7568157507822</range>
				<altitudeMode>relativeToGround</altitudeMode>
			</LookAt>
			<styleUrl>#__managed_style_29FA32C18C40DE0D9CB9</styleUrl>
			<Point>
				<altitudeMode>relativeToGround</altitudeMode>
				<coordinates>-5.992376,37.39077959999999,0</coordinates>
			</Point>
		</Placemark>
		<Placemark id="01D817EE743ED666591C">
			<gx:mid>/m/0d3h3q</gx:mid>
			<gx:fid>0xd126c13fa46594f:0x435f3b05b9640285</gx:fid>
			<LookAt>
				<longitude>-5.9988272</longitude>
				<latitude>37.3855924</latitude>
				<altitude>0</altitude>
				<heading>0</heading>
				<tilt>0</tilt>
				<gx:fovy>35</gx:fovy>
				<range>818.8189989855379</range>
				<altitudeMode>relativeToGround</altitudeMode>
			</LookAt>
			<styleUrl>#__managed_style_0833D987D240DE0D9CB1</styleUrl>
			<Point>
				<altitudeMode>relativeToGround</altitudeMode>
				<coordinates>-5.998434467337442,37.38587605115264,0</coordinates>
			</Point>
		</Placemark>
		<Placemark id="0A61BAC3E83ED666AA68">
			<gx:mid>/m/0bktgy</gx:mid>
			<gx:fid>0xd126ea76eb6b10f:0x8926f5e874d3da39</gx:fid>
			<LookAt>
				<longitude>-5.986892999999999</longitude>
				<latitude>37.37719569999999</latitude>
				<altitude>0</altitude>
				<heading>0</heading>
				<tilt>0</tilt>
				<gx:fovy>35</gx:fovy>
				<range>818.919643145862</range>
				<altitudeMode>relativeToGround</altitudeMode>
			</LookAt>
			<styleUrl>#__managed_style_07D356DD7F40DE0D9CC8</styleUrl>
			<Point>
				<altitudeMode>relativeToGround</altitudeMode>
				<coordinates>-5.986892999999999,37.3771957,0</coordinates>
			</Point>
		</Placemark>
		<Placemark id="0CACA9F59F3ED6672663">
			<gx:mid>/m/0hhvb5y</gx:mid>
			<gx:fid>0xd126c241d1a35ef:0x68b6f2f07d1ee842</gx:fid>
			<LookAt>
				<longitude>-5.98751335</longitude>
				<latitude>37.3739924</latitude>
				<altitude>0</altitude>
				<heading>0</heading>
				<tilt>0</tilt>
				<gx:fovy>35</gx:fovy>
				<range>1797.898160108276</range>
				<altitudeMode>relativeToGround</altitudeMode>
			</LookAt>
			<styleUrl>#__managed_style_1F00F1C52540DE0D9CB4</styleUrl>
			<Point>
				<altitudeMode>relativeToGround</altitudeMode>
				<coordinates>-5.987890239903728,37.3736873362076,0</coordinates>
			</Point>
		</Placemark>
		<Placemark id="0C2E4A069A3ED667DB98">
			<name>Parque de María Luisa</name>
			<LookAt>
				<longitude>-5.986615328236241</longitude>
				<latitude>37.37021206851347</latitude>
				<altitude>10.13893290650226</altitude>
				<heading>281.1861837685092</heading>
				<tilt>0</tilt>
				<gx:fovy>35</gx:fovy>
				<range>526.7909545237491</range>
				<altitudeMode>absolute</altitudeMode>
			</LookAt>
			<styleUrl>#__managed_style_073B1F82D140DE0D9CC9</styleUrl>
			<Polygon>
				<outerBoundaryIs>
					<LinearRing>
						<coordinates>
							-5.985597353933658,37.37000493420605,0 -5.985489332048272,37.37374868097341,0 -5.985170981833722,37.37515746389028,0 -5.984788932122425,37.3759215375331,0 -5.985528612085814,37.37613456297179,0 -5.985009051668665,37.37735260590855,0 -5.984788296128317,37.37759121541826,0 -5.985129995945199,37.37818787201134,0 -5.985740474445979,37.37815946840321,0 -5.987490750907635,37.37873679120504,0 -5.989044821320801,37.37911648136988,0 -5.989817881775892,37.37891533061649,0 -5.991308904605344,37.37590128249062,0 -5.991003645856106,37.37563618653638,0 -5.991071038049553,37.37532728466546,0 -5.991198547314899,37.37522616595802,0 -5.988727767997696,37.37106811411365,0 -5.987691947542517,37.36938717450919,0 -5.985536788290458,37.3696710210607,0 -5.985597353933658,37.37000493420605,0 
						</coordinates>
					</LinearRing>
				</outerBoundaryIs>
			</Polygon>
		</Placemark>
		<Placemark id="0C842F95893ED6681E9B">
			<gx:mid>/m/0hhwdmz</gx:mid>
			<gx:fid>0xd126c23080d815f:0x3481a7dd96c17adc</gx:fid>
			<LookAt>
				<longitude>-5.991165899999999</longitude>
				<latitude>37.3775534</latitude>
				<altitude>0</altitude>
				<heading>0</heading>
				<tilt>0</tilt>
				<gx:fovy>35</gx:fovy>
				<range>818.9153560504641</range>
				<altitudeMode>relativeToGround</altitudeMode>
			</LookAt>
			<styleUrl>#__managed_style_1D16B8BDC340DE0D9CB8</styleUrl>
			<Point>
				<altitudeMode>relativeToGround</altitudeMode>
				<coordinates>-5.991198499999999,37.3775143,0</coordinates>
			</Point>
		</Placemark>
		<Placemark id="0B39DE3C9E3ED66AFE8C">
			<gx:mid>/m/081xdp</gx:mid>
			<gx:fid>0xd126c16af11db65:0x7504999e77d24fe5</gx:fid>
			<LookAt>
				<longitude>-5.9963128</longitude>
				<latitude>37.3824529</latitude>
				<altitude>0</altitude>
				<heading>0</heading>
				<tilt>0</tilt>
				<gx:fovy>35</gx:fovy>
				<range>818.8566315487049</range>
				<altitudeMode>relativeToGround</altitudeMode>
			</LookAt>
			<styleUrl>#__managed_style_16528C8C7A40DE0D9CB7</styleUrl>
			<Point>
				<altitudeMode>relativeToGround</altitudeMode>
				<coordinates>-5.9962648,37.3824569,0</coordinates>
			</Point>
		</Placemark>
		<Placemark id="0A4D126F423ED66B396C">
			<gx:mid>/g/121mkn0j</gx:mid>
			<gx:fid>0xd126c389df2e865:0x9f9087127b536c38</gx:fid>
			<LookAt>
				<longitude>-6.0055381</longitude>
				<latitude>37.3736386</latitude>
				<altitude>0</altitude>
				<heading>0</heading>
				<tilt>0</tilt>
				<gx:fovy>35</gx:fovy>
				<range>818.9622738863843</range>
				<altitudeMode>relativeToGround</altitudeMode>
			</LookAt>
			<styleUrl>#__managed_style_1F00F1C52540DE0D9CB4</styleUrl>
			<Point>
				<altitudeMode>relativeToGround</altitudeMode>
				<coordinates>-6.0055381,37.3736386,0</coordinates>
			</Point>
		</Placemark>
		<Placemark id="0F9F35B47D3602CA115F">
			<name>Calle mateos Gego - מדרחוב מרכזי</name>
			<LookAt>
				<longitude>-5.990377754956948</longitude>
				<latitude>37.38641816160249</latitude>
				<altitude>29.79189184403506</altitude>
				<heading>3.145537956894757</heading>
				<tilt>0</tilt>
				<gx:fovy>35</gx:fovy>
				<range>582.7468711604888</range>
				<altitudeMode>absolute</altitudeMode>
			</LookAt>
			<styleUrl>#__managed_style_23144521D340DE0D9CB4</styleUrl>
			<LineString>
				<coordinates>
					-5.991775536356913,37.38609159364646,0 -5.990870676559963,37.3860908335223,0 -5.990178641081791,37.38625418120505,0 
				</coordinates>
			</LineString>
		</Placemark>
		<Placemark id="01DAD651393602CBC525">
			<name>Avenida de la Constitución</name>
			<LookAt>
				<longitude>-5.992837022915235</longitude>
				<latitude>37.38787355791203</latitude>
				<altitude>24.9695417488572</altitude>
				<heading>9.841964107714396</heading>
				<tilt>0</tilt>
				<gx:fovy>35</gx:fovy>
				<range>443.7158096249186</range>
				<altitudeMode>absolute</altitudeMode>
			</LookAt>
			<styleUrl>#__managed_style_23144521D340DE0D9CB4</styleUrl>
			<LineString>
				<coordinates>
					-5.993497203759467,37.38271223107405,0 -5.993870183778997,37.3849940935456,0 -5.994145217062334,37.38689334242414,0 -5.994379561361151,37.38804370779648,0 
				</coordinates>
			</LineString>
		</Placemark>
		<Placemark id="0F93C40CEC3602D20554">
			<name>Calle Sierpes</name>
			<LookAt>
				<longitude>-5.994185048365591</longitude>
				<latitude>37.38935053578597</latitude>
				<altitude>8.320463295186444</altitude>
				<heading>357.827143859105</heading>
				<tilt>0</tilt>
				<gx:fovy>35</gx:fovy>
				<range>268.1012716150872</range>
				<altitudeMode>absolute</altitudeMode>
			</LookAt>
			<styleUrl>#__managed_style_23144521D340DE0D9CB4</styleUrl>
			<LineString>
				<coordinates>
					-5.99495186272469,37.38904832475151,0 -5.995132840299286,37.39019330368431,0 -5.995355430562718,37.39082748690014,0 -5.995390411843101,37.3910810168338,0 -5.995442572320028,37.39175202813188,0 -5.995449939356789,37.39214337539816,0 -5.995410863544553,37.3926411480718,0 -5.994881605580408,37.39265920789785,0 -5.994845179826514,37.39228925690598,0 -5.994780810111956,37.3919213452866,0 -5.994695094394752,37.39149833988742,0 -5.994519295291248,37.39095374375704,0 -5.994379963609425,37.39044149485095,0 -5.994299189306899,37.38994877433985,0 -5.994179164751355,37.38928250905067,0 -5.994182548733549,37.3890870469958,0 
				</coordinates>
			</LineString>
		</Placemark>
		<Placemark id="0E223A3CE93602E11731">
			<name>Torre Schindler</name>
			<gx:mid>/g/121zvb5d</gx:mid>
			<gx:fid>0xd126c73aa5dba65:0xf2c877c78e62fc05</gx:fid>
			<LookAt>
				<longitude>-6.0071471</longitude>
				<latitude>37.3933287</latitude>
				<altitude>0</altitude>
				<heading>0</heading>
				<tilt>0</tilt>
				<gx:fovy>35</gx:fovy>
				<range>818.7262551726615</range>
				<altitudeMode>relativeToGround</altitudeMode>
			</LookAt>
			<styleUrl>#__managed_style_0833D987D240DE0D9CB1</styleUrl>
			<Point>
				<altitudeMode>relativeToGround</altitudeMode>
				<coordinates>-6.0071471,37.3933287,0</coordinates>
			</Point>
		</Placemark>
		<Placemark id="0AB444613E3ED65309CF">
			<gx:mid>/m/010vq_9_</gx:mid>
			<gx:fid>0xd126be99dec40e1:0xebcf62d5a79cda76</gx:fid>
			<LookAt>
				<longitude>-5.9952307</longitude>
				<latitude>37.4186165</latitude>
				<altitude>0</altitude>
				<heading>0</heading>
				<tilt>0</tilt>
				<gx:fovy>35</gx:fovy>
				<range>818.422999189502</range>
				<altitudeMode>relativeToGround</altitudeMode>
			</LookAt>
			<styleUrl>#__managed_style_1F00F1C52540DE0D9CB4</styleUrl>
			<Point>
				<altitudeMode>relativeToGround</altitudeMode>
				<coordinates>-5.9952307,37.4186165,0</coordinates>
			</Point>
		</Placemark>
		<Placemark id="0CDDA460FA3ED6533EBF">
			<gx:mid>/m/0h39jx</gx:mid>
			<gx:fid>0xd126b936aa99ef3:0x74bc7a4c23b222d8</gx:fid>
			<LookAt>
				<longitude>-5.9994961</longitude>
				<latitude>37.4084074</latitude>
				<altitude>0</altitude>
				<heading>0</heading>
				<tilt>0</tilt>
				<gx:fovy>35</gx:fovy>
				<range>1796.926162663015</range>
				<altitudeMode>relativeToGround</altitudeMode>
			</LookAt>
			<styleUrl>#__managed_style_03C64F696B40DE0D9CBF</styleUrl>
			<Point>
				<altitudeMode>relativeToGround</altitudeMode>
				<coordinates>-5.9995192,37.4057472,0</coordinates>
			</Point>
		</Placemark>
		<Placemark id="04651535133ED653ED14">
			<gx:mid>/g/11t625zbg0</gx:mid>
			<gx:fid>0xd126b494a5c3713:0xefc3fb1bb340d953</gx:fid>
			<LookAt>
				<longitude>-6.0044374</longitude>
				<latitude>37.4172182</latitude>
				<altitude>0</altitude>
				<heading>0</heading>
				<tilt>0</tilt>
				<gx:fovy>35</gx:fovy>
				<range>818.4397719576397</range>
				<altitudeMode>relativeToGround</altitudeMode>
			</LookAt>
			<styleUrl>#__managed_style_0698D2BB6640DE0D9CC1</styleUrl>
			<Point>
				<altitudeMode>relativeToGround</altitudeMode>
				<coordinates>-6.0044374,37.4172182,0</coordinates>
			</Point>
		</Placemark>
		<Placemark id="03540A61263ED6545E36">
			<gx:mid>/g/121w1gj2</gx:mid>
			<gx:fid>0xd126adfd624ce19:0x6808a1b730ef80c</gx:fid>
			<LookAt>
				<longitude>-6.046741</longitude>
				<latitude>37.443822</latitude>
				<altitude>0</altitude>
				<heading>0</heading>
				<tilt>0</tilt>
				<gx:fovy>35</gx:fovy>
				<range>818.1205741594507</range>
				<altitudeMode>relativeToGround</altitudeMode>
			</LookAt>
			<styleUrl>#__managed_style_0833D987D240DE0D9CB1</styleUrl>
			<Point>
				<altitudeMode>relativeToGround</altitudeMode>
				<coordinates>-6.046741,37.443822,0</coordinates>
			</Point>
		</Placemark>
		<Placemark id="0B33432E0A3ED6548AC9">
			<gx:mid>/g/1hc42jh6y</gx:mid>
			<gx:fid>0xd126ae029ea4bad:0xa1c9eb9cf9de344b</gx:fid>
			<LookAt>
				<longitude>-6.0443868</longitude>
				<latitude>37.4441614</latitude>
				<altitude>0</altitude>
				<heading>0</heading>
				<tilt>0</tilt>
				<gx:fovy>35</gx:fovy>
				<range>818.1165008488078</range>
				<altitudeMode>relativeToGround</altitudeMode>
			</LookAt>
			<styleUrl>#__managed_style_1D16B8BDC340DE0D9CB8</styleUrl>
			<Point>
				<altitudeMode>relativeToGround</altitudeMode>
				<coordinates>-6.044386799999999,37.4441614,0</coordinates>
			</Point>
		</Placemark>
		<Placemark id="0C2B3B2D873ED740A40C">
			<gx:mid>/g/11w3szwj3q</gx:mid>
			<gx:fid>0xd126d053aeff8f7:0x84e9dd195f103de9</gx:fid>
			<LookAt>
				<longitude>-5.9935853</longitude>
				<latitude>37.3875775</latitude>
				<altitude>0</altitude>
				<heading>0</heading>
				<tilt>0</tilt>
				<gx:fovy>35</gx:fovy>
				<range>818.795202738071</range>
				<altitudeMode>relativeToGround</altitudeMode>
			</LookAt>
			<styleUrl>#__managed_style_29FA32C18C40DE0D9CB9</styleUrl>
			<Point>
				<altitudeMode>relativeToGround</altitudeMode>
				<coordinates>-5.993549,37.3875803,0</coordinates>
			</Point>
		</Placemark>
		<Placemark id="09CA35C9B03ED740ED0C">
			<gx:mid>/g/11b7jjlxwv</gx:mid>
			<gx:fid>0xd126c18f5339b67:0xe7a82474e268dca</gx:fid>
			<LookAt>
				<longitude>-5.991084</longitude>
				<latitude>37.381986</latitude>
				<altitude>0</altitude>
				<heading>0</heading>
				<tilt>0</tilt>
				<gx:fovy>35</gx:fovy>
				<range>818.8622279797405</range>
				<altitudeMode>relativeToGround</altitudeMode>
			</LookAt>
			<styleUrl>#__managed_style_29FA32C18C40DE0D9CB9</styleUrl>
			<Point>
				<altitudeMode>relativeToGround</altitudeMode>
				<coordinates>-5.991084000000001,37.381986,0</coordinates>
			</Point>
		</Placemark>
		<Placemark id="0292F83E733ED74135C8">
			<gx:mid>/g/11h3gf2gdq</gx:mid>
			<gx:fid>0xd126decc8923c03:0x4cf46885db268dbd</gx:fid>
			<LookAt>
				<longitude>-5.992166099999999</longitude>
				<latitude>37.3922208</latitude>
				<altitude>0</altitude>
				<heading>0</heading>
				<tilt>0</tilt>
				<gx:fovy>35</gx:fovy>
				<range>818.7395377287427</range>
				<altitudeMode>relativeToGround</altitudeMode>
			</LookAt>
			<styleUrl>#__managed_style_29FA32C18C40DE0D9CB9</styleUrl>
			<Point>
				<altitudeMode>relativeToGround</altitudeMode>
				<coordinates>-5.992166099999999,37.3922208,0</coordinates>
			</Point>
		</Placemark>
		<Placemark id="0B65A178F33ED74176CE">
			<gx:mid>/g/11dfxgt48h</gx:mid>
			<gx:fid>0xd126c10b930dac9:0xbaa3d4272bb72a96</gx:fid>
			<LookAt>
				<longitude>-5.9949021</longitude>
				<latitude>37.3867696</latitude>
				<altitude>0</altitude>
				<heading>0</heading>
				<tilt>0</tilt>
				<gx:fovy>35</gx:fovy>
				<range>818.804887499501</range>
				<altitudeMode>relativeToGround</altitudeMode>
			</LookAt>
			<styleUrl>#__managed_style_29FA32C18C40DE0D9CB9</styleUrl>
			<Point>
				<altitudeMode>relativeToGround</altitudeMode>
				<coordinates>-5.994982299999999,37.3867425,0</coordinates>
			</Point>
		</Placemark>
		<Placemark id="092D0EF66F3ED741B3EB">
			<gx:mid>/g/11r9w0p83b</gx:mid>
			<gx:fid>0xd126d788e9ab279:0xbaf5f44abe755db7</gx:fid>
			<LookAt>
				<longitude>-5.9947387</longitude>
				<latitude>37.38496929999999</latitude>
				<altitude>0</altitude>
				<heading>0</heading>
				<tilt>0</tilt>
				<gx:fovy>35</gx:fovy>
				<range>818.8264681538703</range>
				<altitudeMode>relativeToGround</altitudeMode>
			</LookAt>
			<styleUrl>#__managed_style_29FA32C18C40DE0D9CB9</styleUrl>
			<Point>
				<altitudeMode>relativeToGround</altitudeMode>
				<coordinates>-5.9947387,37.3849693,0</coordinates>
			</Point>
		</Placemark>
		<Placemark id="053432A1BD3ED74216B1">
			<gx:mid>/g/11fn61h9qf</gx:mid>
			<gx:fid>0xd126d2c6d0348bb:0xa1a3cc687c3e0a65</gx:fid>
			<LookAt>
				<longitude>-5.995819500000001</longitude>
				<latitude>37.3856352</latitude>
				<altitude>0</altitude>
				<heading>0</heading>
				<tilt>0</tilt>
				<gx:fovy>35</gx:fovy>
				<range>818.8184859337273</range>
				<altitudeMode>relativeToGround</altitudeMode>
			</LookAt>
			<styleUrl>#__managed_style_29FA32C18C40DE0D9CB9</styleUrl>
			<Point>
				<altitudeMode>relativeToGround</altitudeMode>
				<coordinates>-5.9958195,37.3856352,0</coordinates>
			</Point>
		</Placemark>
		<Placemark id="040EB977933ED7427F3B">
			<gx:mid>/g/11ryt3csz1</gx:mid>
			<gx:fid>0xd126dae403a1b11:0xd7c0e45ed5a7ac19</gx:fid>
			<LookAt>
				<longitude>-5.9938842</longitude>
				<latitude>37.3886262</latitude>
				<altitude>0</altitude>
				<heading>0</heading>
				<tilt>0</tilt>
				<gx:fovy>35</gx:fovy>
				<range>818.7826311298774</range>
				<altitudeMode>relativeToGround</altitudeMode>
			</LookAt>
			<styleUrl>#__managed_style_4AD2BD12B440DE0D9CB4</styleUrl>
			<Point>
				<altitudeMode>relativeToGround</altitudeMode>
				<coordinates>-5.9938842,37.3886262,0</coordinates>
			</Point>
		</Placemark>
		<Placemark id="0062A872F73ED7464E70">
			<gx:mid>/g/11q434gblp</gx:mid>
			<gx:fid>0xd126d0c7f77fb89:0x473dfa3719290e29</gx:fid>
			<LookAt>
				<longitude>-5.992695</longitude>
				<latitude>37.39741850000001</latitude>
				<altitude>0</altitude>
				<heading>0</heading>
				<tilt>0</tilt>
				<gx:fovy>35</gx:fovy>
				<range>818.6772201638319</range>
				<altitudeMode>relativeToGround</altitudeMode>
			</LookAt>
			<styleUrl>#__managed_style_4AD2BD12B440DE0D9CB4</styleUrl>
			<Point>
				<altitudeMode>relativeToGround</altitudeMode>
				<coordinates>-5.992694999999999,37.3974185,0</coordinates>
			</Point>
		</Placemark>
		<Placemark id="0506B4ADC53ED746A3D6">
			<gx:mid>/g/11pf0ds40p</gx:mid>
			<gx:fid>0xd126d33cf1c6d3f:0x8dd87fb323d99665</gx:fid>
			<LookAt>
				<longitude>-5.9947764</longitude>
				<latitude>37.3935815</latitude>
				<altitude>0</altitude>
				<heading>0</heading>
				<tilt>0</tilt>
				<gx:fovy>35</gx:fovy>
				<range>818.723224324283</range>
				<altitudeMode>relativeToGround</altitudeMode>
			</LookAt>
			<styleUrl>#__managed_style_4AD2BD12B440DE0D9CB4</styleUrl>
			<Point>
				<altitudeMode>relativeToGround</altitudeMode>
				<coordinates>-5.9947897,37.3935906,0</coordinates>
			</Point>
		</Placemark>
		<Placemark id="0828E6F9F53ED74717B0">
			<gx:mid>/g/11vwkpf6qz</gx:mid>
			<gx:fid>0xd126d0359347099:0x163a5db04030b779</gx:fid>
			<LookAt>
				<longitude>-5.99355</longitude>
				<latitude>37.3878014</latitude>
				<altitude>0</altitude>
				<heading>0</heading>
				<tilt>0</tilt>
				<gx:fovy>35</gx:fovy>
				<range>818.7925186918051</range>
				<altitudeMode>relativeToGround</altitudeMode>
			</LookAt>
			<styleUrl>#__managed_style_4AD2BD12B440DE0D9CB4</styleUrl>
			<Point>
				<altitudeMode>relativeToGround</altitudeMode>
				<coordinates>-5.99355,37.3878014,0</coordinates>
			</Point>
		</Placemark>
		<Placemark id="0C556F82283ED7475FA8">
			<gx:mid>/g/11wy23k2gw</gx:mid>
			<gx:fid>0xd126d16065082f5:0x6872a6ca4cce592e</gx:fid>
			<LookAt>
				<longitude>-5.987181500000001</longitude>
				<latitude>37.386366</latitude>
				<altitude>0</altitude>
				<heading>0</heading>
				<tilt>0</tilt>
				<gx:fovy>35</gx:fovy>
				<range>818.8097256245867</range>
				<altitudeMode>relativeToGround</altitudeMode>
			</LookAt>
			<styleUrl>#__managed_style_4AD2BD12B440DE0D9CB4</styleUrl>
			<Point>
				<altitudeMode>relativeToGround</altitudeMode>
				<coordinates>-5.9871815,37.386366,0</coordinates>
			</Point>
		</Placemark>
		<Placemark id="0AC630CDA23ED747B994">
			<gx:mid>/g/11g7nvf175</gx:mid>
			<gx:fid>0xd126c1d1c79c4e9:0x486b8a0e7dbf0961</gx:fid>
			<LookAt>
				<longitude>-5.9856116</longitude>
				<latitude>37.389734</latitude>
				<altitude>0</altitude>
				<heading>0</heading>
				<tilt>0</tilt>
				<gx:fovy>35</gx:fovy>
				<range>818.7693507495412</range>
				<altitudeMode>relativeToGround</altitudeMode>
			</LookAt>
			<styleUrl>#__managed_style_4AD2BD12B440DE0D9CB4</styleUrl>
			<Point>
				<altitudeMode>relativeToGround</altitudeMode>
				<coordinates>-5.985611599999999,37.389734,0</coordinates>
			</Point>
		</Placemark>
		<Placemark id="070479BCE83ED748135C">
			<gx:mid>/g/11b7rxj5d9</gx:mid>
			<gx:fid>0xd126c05a843a557:0x93058fba5a70abe9</gx:fid>
			<LookAt>
				<longitude>-5.9917686</longitude>
				<latitude>37.39399149999999</latitude>
				<altitude>0</altitude>
				<heading>0</heading>
				<tilt>0</tilt>
				<gx:fovy>35</gx:fovy>
				<range>818.7183087536317</range>
				<altitudeMode>relativeToGround</altitudeMode>
			</LookAt>
			<styleUrl>#__managed_style_4AD2BD12B440DE0D9CB4</styleUrl>
			<Point>
				<altitudeMode>relativeToGround</altitudeMode>
				<coordinates>-5.991768599999999,37.3939915,0</coordinates>
			</Point>
		</Placemark>
		<Placemark id="0BA4BBE1593ED74887EE">
			<gx:mid>/g/11t9mvf33_</gx:mid>
			<gx:fid>0xd126d70f26d237b:0xdfadb4aca5d48cef</gx:fid>
			<LookAt>
				<longitude>-5.9921286</longitude>
				<latitude>37.38758079999999</latitude>
				<altitude>0</altitude>
				<heading>0</heading>
				<tilt>0</tilt>
				<gx:fovy>35</gx:fovy>
				<range>818.7951631787471</range>
				<altitudeMode>relativeToGround</altitudeMode>
			</LookAt>
			<styleUrl>#__managed_style_0462EC68B040DE0D9CB4</styleUrl>
			<Point>
				<altitudeMode>relativeToGround</altitudeMode>
				<coordinates>-5.9921286,37.38758079999999,0</coordinates>
			</Point>
		</Placemark>
		<Placemark id="09B6F4C35E3ED748CDF8">
			<gx:mid>/g/11tkb41y_q</gx:mid>
			<gx:fid>0xd126de7666b782d:0xdc5fe869a244128d</gx:fid>
			<LookAt>
				<longitude>-5.986500599999999</longitude>
				<latitude>37.3856364</latitude>
				<altitude>0</altitude>
				<heading>0</heading>
				<tilt>0</tilt>
				<gx:fovy>35</gx:fovy>
				<range>818.8184715490908</range>
				<altitudeMode>relativeToGround</altitudeMode>
			</LookAt>
			<styleUrl>#__managed_style_0462EC68B040DE0D9CB4</styleUrl>
			<Point>
				<altitudeMode>relativeToGround</altitudeMode>
				<coordinates>-5.986500599999999,37.3856364,0</coordinates>
			</Point>
		</Placemark>
		<Placemark id="08946A98E43ED7493A40">
			<gx:mid>/g/11pbv1fj1f</gx:mid>
			<gx:fid>0xd126d70fa74a3db:0x2b32eb557b5b382e</gx:fid>
			<LookAt>
				<longitude>-5.990239</longitude>
				<latitude>37.390717</latitude>
				<altitude>0</altitude>
				<heading>0</heading>
				<tilt>0</tilt>
				<gx:fovy>35</gx:fovy>
				<range>818.7575662278426</range>
				<altitudeMode>relativeToGround</altitudeMode>
			</LookAt>
			<styleUrl>#__managed_style_0462EC68B040DE0D9CB4</styleUrl>
			<Point>
				<altitudeMode>relativeToGround</altitudeMode>
				<coordinates>-5.9902296,37.3907358,0</coordinates>
			</Point>
		</Placemark>
		<Placemark id="0E3C217B983ED749A26C">
			<gx:mid>/g/11ddwx35y0</gx:mid>
			<gx:fid>0xd126c1ad7e2ebef:0xf8317027ea3919c4</gx:fid>
			<LookAt>
				<longitude>-5.9911922</longitude>
				<latitude>37.39068020000001</latitude>
				<altitude>0</altitude>
				<heading>0</heading>
				<tilt>0</tilt>
				<gx:fovy>35</gx:fovy>
				<range>818.7580074024066</range>
				<altitudeMode>relativeToGround</altitudeMode>
			</LookAt>
			<styleUrl>#__managed_style_067C2C239E40DE0D9CB3</styleUrl>
			<Point>
				<altitudeMode>relativeToGround</altitudeMode>
				<coordinates>-5.991193399999999,37.3906802,0</coordinates>
			</Point>
		</Placemark>
		<Placemark id="0AD5B06DF33ED74A2249">
			<gx:mid>/g/11c40xpht9</gx:mid>
			<gx:fid>0xd126c0510681b77:0xaa5cf6383e1291da</gx:fid>
			<LookAt>
				<longitude>-5.9916436</longitude>
				<latitude>37.3929362</latitude>
				<altitude>0</altitude>
				<heading>0</heading>
				<tilt>0</tilt>
				<gx:fovy>35</gx:fovy>
				<range>818.7309608694001</range>
				<altitudeMode>relativeToGround</altitudeMode>
			</LookAt>
			<styleUrl>#__managed_style_067C2C239E40DE0D9CB3</styleUrl>
			<Point>
				<altitudeMode>relativeToGround</altitudeMode>
				<coordinates>-5.991643600000001,37.3929362,0</coordinates>
			</Point>
		</Placemark>
	</Folder>
	<Folder id="00F5E36F7B3ED7748AF3">
		<name>Palma</name>
		<styleUrl>#__managed_style_1C52047F1040DE0D9CBC</styleUrl>
		<Placemark id="0A1D7C601E3ED755048B">
			<gx:mid>/g/120vzkl2</gx:mid>
			<gx:fid>0x129792452bb86845:0x8d8b92f6de4b8a4</gx:fid>
			<LookAt>
				<longitude>2.6464203</longitude>
				<latitude>39.5699677</latitude>
				<altitude>0</altitude>
				<heading>0</heading>
				<tilt>0</tilt>
				<gx:fovy>35</gx:fovy>
				<range>792.0589881895116</range>
				<altitudeMode>relativeToGround</altitudeMode>
			</LookAt>
			<styleUrl>#__managed_style_0833D987D240DE0D9CB1</styleUrl>
			<Point>
				<altitudeMode>relativeToGround</altitudeMode>
				<coordinates>2.646627653785893,39.57028515806466,0</coordinates>
			</Point>
		</Placemark>
		<Placemark id="050754B9AB3ED7553F23">
			<name>Passeig del Born</name>
			<LookAt>
				<longitude>2.647081855623175</longitude>
				<latitude>39.57029047868333</latitude>
				<altitude>20.72515208520663</altitude>
				<heading>356.5502632251892</heading>
				<tilt>0</tilt>
				<gx:fovy>35</gx:fovy>
				<range>1471.039862712933</range>
				<altitudeMode>absolute</altitudeMode>
			</LookAt>
			<styleUrl>#__managed_style_0E97152A3F40DE0D9CB8</styleUrl>
			<LineString>
				<coordinates>
					2.646435403988152,39.56914168100232,0 2.646526716862794,39.57002727510294,0 2.646849845367027,39.57104094988535,0 
				</coordinates>
			</LineString>
		</Placemark>
		<Placemark id="0A47A7F1A93ED7576979">
			<gx:mid>/m/0640nvg</gx:mid>
			<gx:fid>0x129646b05ed3a3fd:0x921a5f851e3e721d</gx:fid>
			<LookAt>
				<longitude>3.3307092</longitude>
				<latitude>39.5357468</latitude>
				<altitude>0</altitude>
				<heading>0</heading>
				<tilt>0</tilt>
				<gx:fovy>35</gx:fovy>
				<range>792.4869406955122</range>
				<altitudeMode>relativeToGround</altitudeMode>
			</LookAt>
			<styleUrl>#__managed_style_030D75C2BA40DE0D9CCF</styleUrl>
			<Point>
				<altitudeMode>relativeToGround</altitudeMode>
				<coordinates>3.3307092,39.5357468,0</coordinates>
			</Point>
		</Placemark>
		<Placemark id="027C4CE8083ED757CB29">
			<gx:mid>/g/122jq92z</gx:mid>
			<gx:fid>0x129646b2ede59e63:0x107b01dcd2ab7d15</gx:fid>
			<LookAt>
				<longitude>3.3369942</longitude>
				<latitude>39.5333263</latitude>
				<altitude>0</altitude>
				<heading>0</heading>
				<tilt>0</tilt>
				<gx:fovy>35</gx:fovy>
				<range>792.5172001398333</range>
				<altitudeMode>relativeToGround</altitudeMode>
			</LookAt>
			<styleUrl>#__managed_style_1DAAFA570140DE0D9CB3</styleUrl>
			<Point>
				<altitudeMode>relativeToGround</altitudeMode>
				<coordinates>3.3369942,39.5333263,0</coordinates>
			</Point>
		</Placemark>
		<Placemark id="05A4927F7E3ED75960CE">
			<gx:mid>/m/07_jbg</gx:mid>
			<gx:fid>0x1297942ff5db35f3:0x7031da6569b7f956</gx:fid>
			<LookAt>
				<longitude>2.73279475</longitude>
				<latitude>39.54919014999999</latitude>
				<altitude>0</altitude>
				<heading>0</heading>
				<tilt>0</tilt>
				<gx:fovy>35</gx:fovy>
				<range>1735.254185687533</range>
				<altitudeMode>relativeToGround</altitudeMode>
			</LookAt>
			<styleUrl>#__managed_style_3EA7CF16D140DE0D9CBC</styleUrl>
			<Point>
				<altitudeMode>relativeToGround</altitudeMode>
				<coordinates>2.7393803,39.55247079999999,0</coordinates>
			</Point>
		</Placemark>
		<Placemark id="0AA4C92E673ED75A2A90">
			<gx:mid>/g/11h1tmynh</gx:mid>
			<gx:fid>0x12978defa775bdd1:0xd01e1959a8cf5041</gx:fid>
			<LookAt>
				<longitude>2.6067189</longitude>
				<latitude>39.5521294</latitude>
				<altitude>0</altitude>
				<heading>0</heading>
				<tilt>0</tilt>
				<gx:fovy>35</gx:fovy>
				<range>792.2821006793265</range>
				<altitudeMode>relativeToGround</altitudeMode>
			</LookAt>
			<styleUrl>#__managed_style_338D6BD7BC40DE0D9CB4</styleUrl>
			<Point>
				<altitudeMode>relativeToGround</altitudeMode>
				<coordinates>2.6067189,39.5521294,0</coordinates>
			</Point>
		</Placemark>
		<Placemark id="0506BD07353ED75B1548">
			<gx:mid>/g/1217cqjy</gx:mid>
			<gx:fid>0x12978e9853d8f725:0xc5c2deba44f55896</gx:fid>
			<LookAt>
				<longitude>2.563354299999999</longitude>
				<latitude>39.5329451</latitude>
				<altitude>0</altitude>
				<heading>0</heading>
				<tilt>0</tilt>
				<gx:fovy>35</gx:fovy>
				<range>792.5219655184269</range>
				<altitudeMode>relativeToGround</altitudeMode>
			</LookAt>
			<styleUrl>#__managed_style_0833D987D240DE0D9CB1</styleUrl>
			<Point>
				<altitudeMode>relativeToGround</altitudeMode>
				<coordinates>2.5633446,39.5329801,0</coordinates>
			</Point>
		</Placemark>
		<Placemark id="09E12A90C53ED75BB6B9">
			<gx:mid>/g/11c5_16v5l</gx:mid>
			<gx:fid>0x1297886b05271beb:0x3deea8f3cdc523f6</gx:fid>
			<LookAt>
				<longitude>2.4818913</longitude>
				<latitude>39.4775179</latitude>
				<altitude>0</altitude>
				<heading>0</heading>
				<tilt>0</tilt>
				<gx:fovy>35</gx:fovy>
				<range>793.2144998746406</range>
				<altitudeMode>relativeToGround</altitudeMode>
			</LookAt>
			<styleUrl>#__managed_style_1DAAFA570140DE0D9CB3</styleUrl>
			<Point>
				<altitudeMode>relativeToGround</altitudeMode>
				<coordinates>2.4818913,39.4775179,0</coordinates>
			</Point>
		</Placemark>
		<Placemark id="08F160FE193ED75C2639">
			<gx:mid>/g/11g6qtdwyd</gx:mid>
			<gx:fid>0x1298278079bf5457:0xbdef1f4c0c28819e</gx:fid>
			<LookAt>
				<longitude>2.4599411</longitude>
				<latitude>39.4995008</latitude>
				<altitude>0</altitude>
				<heading>0</heading>
				<tilt>0</tilt>
				<gx:fovy>35</gx:fovy>
				<range>792.9399205972524</range>
				<altitudeMode>relativeToGround</altitudeMode>
			</LookAt>
			<styleUrl>#__managed_style_1DAAFA570140DE0D9CB3</styleUrl>
			<Point>
				<altitudeMode>relativeToGround</altitudeMode>
				<coordinates>2.4599411,39.4995008,0</coordinates>
			</Point>
		</Placemark>
		<Placemark id="05514063003ED75C6868">
			<gx:mid>/g/11cssmmq0q</gx:mid>
			<gx:fid>0x129789d56d6283e3:0xe1440ea9e2f3ce0e</gx:fid>
			<LookAt>
				<longitude>2.4615192</longitude>
				<latitude>39.5038651</latitude>
				<altitude>0</altitude>
				<heading>0</heading>
				<tilt>0</tilt>
				<gx:fovy>35</gx:fovy>
				<range>792.8853945229027</range>
				<altitudeMode>relativeToGround</altitudeMode>
			</LookAt>
			<styleUrl>#__managed_style_1DAAFA570140DE0D9CB3</styleUrl>
			<Point>
				<altitudeMode>relativeToGround</altitudeMode>
				<coordinates>2.4615192,39.5038651,0</coordinates>
			</Point>
		</Placemark>
		<Placemark id="034CCA168E3ED75CD6D6">
			<gx:mid>/g/11dfpk7yyk</gx:mid>
			<gx:fid>0x1298277ee7a3ba4b:0xfc1bd9fabc4ad5d3</gx:fid>
			<LookAt>
				<longitude>2.456712399999999</longitude>
				<latitude>39.5053386</latitude>
				<altitude>0</altitude>
				<heading>0</heading>
				<tilt>0</tilt>
				<gx:fovy>35</gx:fovy>
				<range>792.8669841135948</range>
				<altitudeMode>relativeToGround</altitudeMode>
			</LookAt>
			<styleUrl>#__managed_style_1DAAFA570140DE0D9CB3</styleUrl>
			<Point>
				<altitudeMode>relativeToGround</altitudeMode>
				<coordinates>2.4567124,39.5053386,0</coordinates>
			</Point>
		</Placemark>
		<Placemark id="00FED83B9B3ED75D1A90">
			<gx:mid>/g/11c75_qp4y</gx:mid>
			<gx:fid>0x129789da117c0835:0x3e5ab31100e42c1c</gx:fid>
			<LookAt>
				<longitude>2.4662681</longitude>
				<latitude>39.5129348</latitude>
				<altitude>0</altitude>
				<heading>0</heading>
				<tilt>0</tilt>
				<gx:fovy>35</gx:fovy>
				<range>792.7720665766903</range>
				<altitudeMode>relativeToGround</altitudeMode>
			</LookAt>
			<styleUrl>#__managed_style_1DAAFA570140DE0D9CB3</styleUrl>
			<Point>
				<altitudeMode>relativeToGround</altitudeMode>
				<coordinates>2.4662681,39.5129348,0</coordinates>
			</Point>
		</Placemark>
		<Placemark id="0F8123B0FC3ED75D80C8">
			<gx:mid>/g/11dfwyldjs</gx:mid>
			<gx:fid>0x129789e178d2bce9:0x182afd5b105f2737</gx:fid>
			<LookAt>
				<longitude>2.463005799999999</longitude>
				<latitude>39.52735249999999</latitude>
				<altitude>0</altitude>
				<heading>0</heading>
				<tilt>0</tilt>
				<gx:fovy>35</gx:fovy>
				<range>792.5918746787571</range>
				<altitudeMode>relativeToGround</altitudeMode>
			</LookAt>
			<styleUrl>#__managed_style_1DAAFA570140DE0D9CB3</styleUrl>
			<Point>
				<altitudeMode>relativeToGround</altitudeMode>
				<coordinates>2.462945385080682,39.52731573271515,0</coordinates>
			</Point>
		</Placemark>
		<Placemark id="07C084B9B03ED75DF8A9">
			<gx:mid>/g/11xw7xppjj</gx:mid>
			<gx:fid>0x1298270066b81c43:0x478081fd248f4a18</gx:fid>
			<LookAt>
				<longitude>2.4587408</longitude>
				<latitude>39.5330108</latitude>
				<altitude>0</altitude>
				<heading>0</heading>
				<tilt>0</tilt>
				<gx:fovy>35</gx:fovy>
				<range>792.521144205592</range>
				<altitudeMode>relativeToGround</altitudeMode>
			</LookAt>
			<styleUrl>#__managed_style_338D6BD7BC40DE0D9CB4</styleUrl>
			<Point>
				<altitudeMode>relativeToGround</altitudeMode>
				<coordinates>2.4587408,39.5330108,0</coordinates>
			</Point>
		</Placemark>
		<Placemark id="0A15ABA7273ED75E6227">
			<gx:mid>/g/11c1qls520</gx:mid>
			<gx:fid>0x12982751958548c9:0xc60c4c599177d1d9</gx:fid>
			<LookAt>
				<longitude>2.4512701</longitude>
				<latitude>39.5371617</latitude>
				<altitude>0</altitude>
				<heading>0</heading>
				<tilt>0</tilt>
				<gx:fovy>35</gx:fovy>
				<range>792.4692519458263</range>
				<altitudeMode>relativeToGround</altitudeMode>
			</LookAt>
			<styleUrl>#__managed_style_338D6BD7BC40DE0D9CB4</styleUrl>
			<Point>
				<altitudeMode>relativeToGround</altitudeMode>
				<coordinates>2.4512701,39.5371617,0</coordinates>
			</Point>
		</Placemark>
		<Placemark id="06D904E6B03ED75EE6B0">
			<gx:mid>/g/122kbrbx</gx:mid>
			<gx:fid>0x12982724c67eaf4b:0x574ad8c649e58ad2</gx:fid>
			<LookAt>
				<longitude>2.4301618</longitude>
				<latitude>39.5286941</latitude>
				<altitude>0</altitude>
				<heading>0</heading>
				<tilt>0</tilt>
				<gx:fovy>35</gx:fovy>
				<range>792.5751049452244</range>
				<altitudeMode>relativeToGround</altitudeMode>
			</LookAt>
			<styleUrl>#__managed_style_0833D987D240DE0D9CB1</styleUrl>
			<Point>
				<altitudeMode>relativeToGround</altitudeMode>
				<coordinates>2.4301618,39.5286941,0</coordinates>
			</Point>
		</Placemark>
		<Placemark id="073C36F5FC3ED75F3AD9">
			<gx:mid>/g/11clgbxn5w</gx:mid>
			<gx:fid>0x129827214bbbde33:0x7b36d74c69415178</gx:fid>
			<LookAt>
				<longitude>2.4248707</longitude>
				<latitude>39.5290962</latitude>
				<altitude>0</altitude>
				<heading>0</heading>
				<tilt>0</tilt>
				<gx:fovy>35</gx:fovy>
				<range>792.5700786933609</range>
				<altitudeMode>relativeToGround</altitudeMode>
			</LookAt>
			<styleUrl>#__managed_style_1DAAFA570140DE0D9CB3</styleUrl>
			<Point>
				<altitudeMode>relativeToGround</altitudeMode>
				<coordinates>2.4248707,39.5290962,0</coordinates>
			</Point>
		</Placemark>
		<Placemark id="0BE6AEDA263ED760A171">
			<gx:mid>/g/11f53h9r23</gx:mid>
			<gx:fid>0x1298202bb1576b15:0x5ac86aebacf47fa7</gx:fid>
			<LookAt>
				<longitude>2.424234100000001</longitude>
				<latitude>39.6236969</latitude>
				<altitude>0</altitude>
				<heading>0</heading>
				<tilt>0</tilt>
				<gx:fovy>35</gx:fovy>
				<range>791.386522739547</range>
				<altitudeMode>relativeToGround</altitudeMode>
			</LookAt>
			<styleUrl>#__managed_style_1DAAFA570140DE0D9CB3</styleUrl>
			<Point>
				<altitudeMode>relativeToGround</altitudeMode>
				<coordinates>2.4242341,39.6236969,0</coordinates>
			</Point>
		</Placemark>
		<Placemark id="02377C6B803ED76126DB">
			<gx:mid>/g/11c0xrb1h3</gx:mid>
			<gx:fid>0x12981fe7ecb10991:0x78374734e4f575a1</gx:fid>
			<LookAt>
				<longitude>2.4517365</longitude>
				<latitude>39.6455967</latitude>
				<altitude>0</altitude>
				<heading>0</heading>
				<tilt>0</tilt>
				<gx:fovy>35</gx:fovy>
				<range>791.1122359454647</range>
				<altitudeMode>relativeToGround</altitudeMode>
			</LookAt>
			<styleUrl>#__managed_style_1DAAFA570140DE0D9CB3</styleUrl>
			<Point>
				<altitudeMode>relativeToGround</altitudeMode>
				<coordinates>2.4517365,39.6455967,0</coordinates>
			</Point>
		</Placemark>
		<Placemark id="03E53AA8733ED7618D2B">
			<gx:mid>/g/11gbx8vj07</gx:mid>
			<gx:fid>0x1297f3084f1248c1:0x12cd99c700a0e467</gx:fid>
			<LookAt>
				<longitude>2.567384</longitude>
				<latitude>39.6630913</latitude>
				<altitude>0</altitude>
				<heading>0</heading>
				<tilt>0</tilt>
				<gx:fovy>35</gx:fovy>
				<range>790.8930425281051</range>
				<altitudeMode>relativeToGround</altitudeMode>
			</LookAt>
			<styleUrl>#__managed_style_1DAAFA570140DE0D9CB3</styleUrl>
			<Point>
				<altitudeMode>relativeToGround</altitudeMode>
				<coordinates>2.567384,39.6630913,0</coordinates>
			</Point>
		</Placemark>
		<Placemark id="022636C0093ED761FBF1">
			<gx:mid>/g/11ptrc6vwc</gx:mid>
			<gx:fid>0x1297f586e587a4cf:0x29c3462a232db633</gx:fid>
			<LookAt>
				<longitude>2.5141311</longitude>
				<latitude>39.69170059999999</latitude>
				<altitude>0</altitude>
				<heading>0</heading>
				<tilt>0</tilt>
				<gx:fovy>35</gx:fovy>
				<range>790.5344375447431</range>
				<altitudeMode>relativeToGround</altitudeMode>
			</LookAt>
			<styleUrl>#__managed_style_1DAAFA570140DE0D9CB3</styleUrl>
			<Point>
				<altitudeMode>relativeToGround</altitudeMode>
				<coordinates>2.5141311,39.6917006,0</coordinates>
			</Point>
		</Placemark>
		<Placemark id="08ECF3C5B03ED762886C">
			<gx:mid>/g/11gv03zqw9</gx:mid>
			<gx:fid>0x1297ef13be5f0fd9:0x939c7a92cd67fe86</gx:fid>
			<LookAt>
				<longitude>2.629129799999999</longitude>
				<latitude>39.7519622</latitude>
				<altitude>0</altitude>
				<heading>0</heading>
				<tilt>0</tilt>
				<gx:fovy>35</gx:fovy>
				<range>789.7784633519817</range>
				<altitudeMode>relativeToGround</altitudeMode>
			</LookAt>
			<styleUrl>#__managed_style_1DAAFA570140DE0D9CB3</styleUrl>
			<Point>
				<altitudeMode>relativeToGround</altitudeMode>
				<coordinates>2.6291298,39.7519622,0</coordinates>
			</Point>
		</Placemark>
		<Placemark id="0545B87B1A3ED7635CBE">
			<gx:mid>/g/122hp1nw</gx:mid>
			<gx:fid>0x1297e5dfe4401e23:0xa516b3fb9f90709</gx:fid>
			<LookAt>
				<longitude>2.6974909</longitude>
				<latitude>39.8063862</latitude>
				<altitude>0</altitude>
				<heading>0</heading>
				<tilt>0</tilt>
				<gx:fovy>35</gx:fovy>
				<range>789.09499757611</range>
				<altitudeMode>relativeToGround</altitudeMode>
			</LookAt>
			<styleUrl>#__managed_style_1DAAFA570140DE0D9CB3</styleUrl>
			<Point>
				<altitudeMode>relativeToGround</altitudeMode>
				<coordinates>2.697515,39.8063963,0</coordinates>
			</Point>
		</Placemark>
		<Placemark id="0F32BC7ADD3ED7638509">
			<gx:mid>/g/122y55mt</gx:mid>
			<gx:fid>0x1297e5f019193f8f:0x47af24cb9ecb6013</gx:fid>
			<LookAt>
				<longitude>2.6962983</longitude>
				<latitude>39.79632085</latitude>
				<altitude>0</altitude>
				<heading>0</heading>
				<tilt>0</tilt>
				<gx:fovy>35</gx:fovy>
				<range>4054.141810498021</range>
				<altitudeMode>relativeToGround</altitudeMode>
			</LookAt>
			<styleUrl>#__managed_style_338D6BD7BC40DE0D9CB4</styleUrl>
			<Point>
				<altitudeMode>relativeToGround</altitudeMode>
				<coordinates>2.6962983,39.7963214,0</coordinates>
			</Point>
		</Placemark>
		<Placemark id="07EBC1FD393ED7641F57">
			<gx:mid>/g/11lngxx41h</gx:mid>
			<gx:fid>0x1297dd0071bd3bfd:0xd2c5cf234ec3c2f1</gx:fid>
			<LookAt>
				<longitude>2.7915212</longitude>
				<latitude>39.79163879999999</latitude>
				<altitude>0</altitude>
				<heading>0</heading>
				<tilt>0</tilt>
				<gx:fovy>35</gx:fovy>
				<range>789.2802656859785</range>
				<altitudeMode>relativeToGround</altitudeMode>
			</LookAt>
			<styleUrl>#__managed_style_1DAAFA570140DE0D9CB3</styleUrl>
			<Point>
				<altitudeMode>relativeToGround</altitudeMode>
				<coordinates>2.7915212,39.7916388,0</coordinates>
			</Point>
		</Placemark>
		<Placemark id="0DA04230723ED76473AB">
			<gx:mid>/g/121mklvy</gx:mid>
			<gx:fid>0x1297dd4b83b206ff:0xcbeedcf8c57dfe8a</gx:fid>
			<LookAt>
				<longitude>2.7933477</longitude>
				<latitude>39.7860004</latitude>
				<altitude>0</altitude>
				<heading>0</heading>
				<tilt>0</tilt>
				<gx:fovy>35</gx:fovy>
				<range>789.3510862665897</range>
				<altitudeMode>relativeToGround</altitudeMode>
			</LookAt>
			<styleUrl>#__managed_style_1F00F1C52540DE0D9CB4</styleUrl>
			<Point>
				<altitudeMode>relativeToGround</altitudeMode>
				<coordinates>2.789281595324005,39.78483880685215,0</coordinates>
			</Point>
		</Placemark>
		<Placemark id="07BC8169303ED76522DF">
			<gx:mid>/g/11b_24zv4y</gx:mid>
			<gx:fid>0x1297dce47fa30ba7:0x56303136536a8ef2</gx:fid>
			<LookAt>
				<longitude>2.8229043</longitude>
				<latitude>39.81070229999999</latitude>
				<altitude>0</altitude>
				<heading>0</heading>
				<tilt>0</tilt>
				<gx:fovy>35</gx:fovy>
				<range>789.0407659038568</range>
				<altitudeMode>relativeToGround</altitudeMode>
			</LookAt>
			<styleUrl>#__managed_style_1DAAFA570140DE0D9CB3</styleUrl>
			<Point>
				<altitudeMode>relativeToGround</altitudeMode>
				<coordinates>2.8229043,39.8107023,0</coordinates>
			</Point>
		</Placemark>
		<Placemark id="0E48F643BB3ED765BE8B">
			<gx:mid>/g/11g0dsw4qb</gx:mid>
			<gx:fid>0x1297ddeaa627c2dd:0x184cd55b33ade547</gx:fid>
			<LookAt>
				<longitude>2.8159574</longitude>
				<latitude>39.83197880000001</latitude>
				<altitude>0</altitude>
				<heading>0</heading>
				<tilt>0</tilt>
				<gx:fovy>35</gx:fovy>
				<range>788.7733642771676</range>
				<altitudeMode>relativeToGround</altitudeMode>
			</LookAt>
			<styleUrl>#__managed_style_1DAAFA570140DE0D9CB3</styleUrl>
			<Point>
				<altitudeMode>relativeToGround</altitudeMode>
				<coordinates>2.816283758845883,39.83204010888604,0</coordinates>
			</Point>
		</Placemark>
		<Placemark id="06A1A97E893ED7661B0B">
			<gx:mid>/g/11zj8yrv_</gx:mid>
			<gx:fid>0x1297dc5df9bab76b:0xb4f3e5fbc7d6489b</gx:fid>
			<LookAt>
				<longitude>2.8371653</longitude>
				<latitude>39.8285892</latitude>
				<altitude>0</altitude>
				<heading>0</heading>
				<tilt>0</tilt>
				<gx:fovy>35</gx:fovy>
				<range>788.8159715581563</range>
				<altitudeMode>relativeToGround</altitudeMode>
			</LookAt>
			<styleUrl>#__managed_style_1DAAFA570140DE0D9CB3</styleUrl>
			<Point>
				<altitudeMode>relativeToGround</altitudeMode>
				<coordinates>2.837174199839294,39.82870726084048,0</coordinates>
			</Point>
		</Placemark>
		<Placemark id="0CC19C20B13ED766BFB0">
			<gx:mid>/g/11ssh6vvpz</gx:mid>
			<gx:fid>0x1297dd549772f14f:0x97d781dd4eea2d8a</gx:fid>
			<LookAt>
				<longitude>2.8057046</longitude>
				<latitude>39.8522378</latitude>
				<altitude>0</altitude>
				<heading>0</heading>
				<tilt>0</tilt>
				<gx:fovy>35</gx:fovy>
				<range>788.5186531778019</range>
				<altitudeMode>relativeToGround</altitudeMode>
			</LookAt>
			<styleUrl>#__managed_style_338D6BD7BC40DE0D9CB4</styleUrl>
			<Point>
				<altitudeMode>relativeToGround</altitudeMode>
				<coordinates>2.8057046,39.8522378,0</coordinates>
			</Point>
		</Placemark>
		<Placemark id="05BB97946D3ED767A9AE">
			<gx:mid>/g/11t4dssdf2</gx:mid>
			<gx:fid>0x12962bc7dd849d27:0x91144cc1bbd62e2f</gx:fid>
			<LookAt>
				<longitude>3.1104321</longitude>
				<latitude>39.9290224</latitude>
				<altitude>0</altitude>
				<heading>0</heading>
				<tilt>0</tilt>
				<gx:fovy>35</gx:fovy>
				<range>787.5523993582466</range>
				<altitudeMode>relativeToGround</altitudeMode>
			</LookAt>
			<styleUrl>#__managed_style_1DAAFA570140DE0D9CB3</styleUrl>
			<Point>
				<altitudeMode>relativeToGround</altitudeMode>
				<coordinates>3.1104321,39.9290224,0</coordinates>
			</Point>
		</Placemark>
		<Placemark id="076939234E3ED7682A96">
			<gx:mid>/g/11gdm791cj</gx:mid>
			<gx:fid>0x12bd874644bc6241:0x4f3c0dc9695b8f8</gx:fid>
			<LookAt>
				<longitude>3.1898292</longitude>
				<latitude>39.9545479</latitude>
				<altitude>0</altitude>
				<heading>0</heading>
				<tilt>0</tilt>
				<gx:fovy>35</gx:fovy>
				<range>787.2308861576621</range>
				<altitudeMode>relativeToGround</altitudeMode>
			</LookAt>
			<styleUrl>#__managed_style_1DAAFA570140DE0D9CB3</styleUrl>
			<Point>
				<altitudeMode>relativeToGround</altitudeMode>
				<coordinates>3.1898292,39.9545479,0</coordinates>
			</Point>
		</Placemark>
		<Placemark id="0D2D11EE0F3ED7686CFE">
			<gx:mid>/g/11f4pv71pm</gx:mid>
			<gx:fid>0x12bd876b03eef911:0x54c39abda74aec68</gx:fid>
			<LookAt>
				<longitude>3.2008282</longitude>
				<latitude>39.9555295</latitude>
				<altitude>0</altitude>
				<heading>0</heading>
				<tilt>0</tilt>
				<gx:fovy>35</gx:fovy>
				<range>787.2185191533556</range>
				<altitudeMode>relativeToGround</altitudeMode>
			</LookAt>
			<styleUrl>#__managed_style_1DAAFA570140DE0D9CB3</styleUrl>
			<Point>
				<altitudeMode>relativeToGround</altitudeMode>
				<coordinates>3.2008282,39.9555295,0</coordinates>
			</Point>
		</Placemark>
		<Placemark id="01E59E90023ED768B4FF">
			<gx:mid>/g/11fntdtkfh</gx:mid>
			<gx:fid>0x12bd8766d9d75d8f:0xc263a7d10bde8ce7</gx:fid>
			<LookAt>
				<longitude>3.2118256</longitude>
				<latitude>39.9613851</latitude>
				<altitude>0</altitude>
				<heading>0</heading>
				<tilt>0</tilt>
				<gx:fovy>35</gx:fovy>
				<range>787.1447408705912</range>
				<altitudeMode>relativeToGround</altitudeMode>
			</LookAt>
			<styleUrl>#__managed_style_1DAAFA570140DE0D9CB3</styleUrl>
			<Point>
				<altitudeMode>relativeToGround</altitudeMode>
				<coordinates>3.211825600000001,39.9613851,0</coordinates>
			</Point>
		</Placemark>
		<Placemark id="0ECDCD2E3F3ED7695119">
			<gx:mid>/g/11c1pc07v2</gx:mid>
			<gx:fid>0x1296296131ef5091:0x9913cc26cc600fac</gx:fid>
			<LookAt>
				<longitude>3.1826921</longitude>
				<latitude>39.8797947</latitude>
				<altitude>0</altitude>
				<heading>0</heading>
				<tilt>0</tilt>
				<gx:fovy>35</gx:fovy>
				<range>788.1720351497727</range>
				<altitudeMode>relativeToGround</altitudeMode>
			</LookAt>
			<styleUrl>#__managed_style_1DAAFA570140DE0D9CB3</styleUrl>
			<Point>
				<altitudeMode>relativeToGround</altitudeMode>
				<coordinates>3.1826921,39.8797947,0</coordinates>
			</Point>
		</Placemark>
		<Placemark id="0C060E6C3F3ED769A5B0">
			<gx:mid>/g/11j8h3rmbs</gx:mid>
			<gx:fid>0x12962b1c8139e2ff:0x42a1efde19034a9d</gx:fid>
			<LookAt>
				<longitude>3.1693887</longitude>
				<latitude>39.8733025</latitude>
				<altitude>0</altitude>
				<heading>0</heading>
				<tilt>0</tilt>
				<gx:fovy>35</gx:fovy>
				<range>788.2537115764761</range>
				<altitudeMode>relativeToGround</altitudeMode>
			</LookAt>
			<styleUrl>#__managed_style_1DAAFA570140DE0D9CB3</styleUrl>
			<Point>
				<altitudeMode>relativeToGround</altitudeMode>
				<coordinates>3.1693887,39.8733025,0</coordinates>
			</Point>
		</Placemark>
		<Placemark id="08C0A6F1B33ED76A83D9">
			<gx:mid>/g/11kpyvlhjs</gx:mid>
			<gx:fid>0x12962d14c2b12b3d:0xdbb5ec6a2adf08c2</gx:fid>
			<LookAt>
				<longitude>3.1186843</longitude>
				<latitude>39.82924109999999</latitude>
				<altitude>0</altitude>
				<heading>0</heading>
				<tilt>0</tilt>
				<gx:fovy>35</gx:fovy>
				<range>788.8077773798988</range>
				<altitudeMode>relativeToGround</altitudeMode>
			</LookAt>
			<styleUrl>#__managed_style_33A66D2EAC40DE0D9CB8</styleUrl>
			<Point>
				<altitudeMode>relativeToGround</altitudeMode>
				<coordinates>3.1186843,39.8292411,0</coordinates>
			</Point>
		</Placemark>
		<Placemark id="012F02630A3ED76ADB5B">
			<gx:mid>/g/121dv6vs</gx:mid>
			<gx:fid>0x12962cec8d2f5531:0x82147ad772fd7be8</gx:fid>
			<LookAt>
				<longitude>3.121541</longitude>
				<latitude>39.8331209</latitude>
				<altitude>0</altitude>
				<heading>0</heading>
				<tilt>0</tilt>
				<gx:fovy>35</gx:fovy>
				<range>1726.900635033205</range>
				<altitudeMode>relativeToGround</altitudeMode>
			</LookAt>
			<styleUrl>#__managed_style_338D6BD7BC40DE0D9CB4</styleUrl>
			<Point>
				<altitudeMode>relativeToGround</altitudeMode>
				<coordinates>3.121203,39.8337466,0</coordinates>
			</Point>
		</Placemark>
		<Placemark id="085E60D7B93ED76E0364">
			<gx:mid>/g/11d_7wn18p</gx:mid>
			<gx:fid>0x129654516ffd2fc9:0xf704b56011a9f21b</gx:fid>
			<LookAt>
				<longitude>3.1442678</longitude>
				<latitude>39.32595810000001</latitude>
				<altitude>0</altitude>
				<heading>0</heading>
				<tilt>0</tilt>
				<gx:fovy>35</gx:fovy>
				<range>795.1044973728045</range>
				<altitudeMode>relativeToGround</altitudeMode>
			</LookAt>
			<styleUrl>#__managed_style_1DAAFA570140DE0D9CB3</styleUrl>
			<Point>
				<altitudeMode>relativeToGround</altitudeMode>
				<coordinates>3.1442678,39.3259581,0</coordinates>
			</Point>
		</Placemark>
		<Placemark id="040C8604113ED76F23F7">
			<gx:mid>/g/11fkt72s9m</gx:mid>
			<gx:fid>0x1297933bf67419b3:0x93650e3ff29b059b</gx:fid>
			<LookAt>
				<longitude>2.6551461</longitude>
				<latitude>39.5742814</latitude>
				<altitude>0</altitude>
				<heading>0</heading>
				<tilt>0</tilt>
				<gx:fovy>35</gx:fovy>
				<range>792.0050234699562</range>
				<altitudeMode>relativeToGround</altitudeMode>
			</LookAt>
			<styleUrl>#__managed_style_29FA32C18C40DE0D9CB9</styleUrl>
			<Point>
				<altitudeMode>relativeToGround</altitudeMode>
				<coordinates>2.6551461,39.5742814,0</coordinates>
			</Point>
		</Placemark>
		<Placemark id="041014681F3ED76F6169">
			<gx:mid>/g/11sfx1qvbd</gx:mid>
			<gx:fid>0x1297938825243fdf:0x3801dbef05d4067a</gx:fid>
			<LookAt>
				<longitude>2.651267</longitude>
				<latitude>39.570056</latitude>
				<altitude>0</altitude>
				<heading>0</heading>
				<tilt>0</tilt>
				<gx:fovy>35</gx:fovy>
				<range>792.0578835931485</range>
				<altitudeMode>relativeToGround</altitudeMode>
			</LookAt>
			<styleUrl>#__managed_style_29FA32C18C40DE0D9CB9</styleUrl>
			<Point>
				<altitudeMode>relativeToGround</altitudeMode>
				<coordinates>2.651267,39.570056,0</coordinates>
			</Point>
		</Placemark>
		<Placemark id="067D967AA13ED76FF569">
			<gx:mid>/g/1tf9kdfv</gx:mid>
			<gx:fid>0x129792679269a3fb:0xeddc9d1343b78d08</gx:fid>
			<LookAt>
				<longitude>2.6380522</longitude>
				<latitude>39.5718918</latitude>
				<altitude>0</altitude>
				<heading>0</heading>
				<tilt>0</tilt>
				<gx:fovy>35</gx:fovy>
				<range>792.0349180855383</range>
				<altitudeMode>relativeToGround</altitudeMode>
			</LookAt>
			<styleUrl>#__managed_style_29FA32C18C40DE0D9CB9</styleUrl>
			<Point>
				<altitudeMode>relativeToGround</altitudeMode>
				<coordinates>2.638056,39.571891,0</coordinates>
			</Point>
		</Placemark>
		<Placemark id="0084F944923ED7708C30">
			<gx:mid>/g/11h41wzrc1</gx:mid>
			<gx:fid>0x129793439401052f:0x60fd88fe6b8519b5</gx:fid>
			<LookAt>
				<longitude>2.6383001</longitude>
				<latitude>39.573972</latitude>
				<altitude>0</altitude>
				<heading>0</heading>
				<tilt>0</tilt>
				<gx:fovy>35</gx:fovy>
				<range>792.0088942320646</range>
				<altitudeMode>relativeToGround</altitudeMode>
			</LookAt>
			<styleUrl>#__managed_style_29FA32C18C40DE0D9CB9</styleUrl>
			<Point>
				<altitudeMode>relativeToGround</altitudeMode>
				<coordinates>2.6383001,39.573972,0</coordinates>
			</Point>
		</Placemark>
		<Placemark id="0AD139D3243ED7712423">
			<gx:mid>/g/11rcww469k</gx:mid>
			<gx:fid>0x129793fc5bd212d9:0xd9d080ab6050d992</gx:fid>
			<LookAt>
				<longitude>2.646182400000001</longitude>
				<latitude>39.57142530000001</latitude>
				<altitude>0</altitude>
				<heading>0</heading>
				<tilt>0</tilt>
				<gx:fovy>35</gx:fovy>
				<range>792.0407539858793</range>
				<altitudeMode>relativeToGround</altitudeMode>
			</LookAt>
			<styleUrl>#__managed_style_4AD2BD12B440DE0D9CB4</styleUrl>
			<Point>
				<altitudeMode>relativeToGround</altitudeMode>
				<coordinates>2.6461824,39.5714253,0</coordinates>
			</Point>
		</Placemark>
		<Placemark id="079FFAC7B13ED7716460">
			<gx:mid>/g/11gbp5cnm0</gx:mid>
			<gx:fid>0x1297925036c2001f:0x6d2bedf1d2137218</gx:fid>
			<LookAt>
				<longitude>2.650784</longitude>
				<latitude>39.5711087</latitude>
				<altitude>0</altitude>
				<heading>0</heading>
				<tilt>0</tilt>
				<gx:fovy>35</gx:fovy>
				<range>792.0447146130622</range>
				<altitudeMode>relativeToGround</altitudeMode>
			</LookAt>
			<styleUrl>#__managed_style_4AD2BD12B440DE0D9CB4</styleUrl>
			<Point>
				<altitudeMode>relativeToGround</altitudeMode>
				<coordinates>2.6507652,39.5710988,0</coordinates>
			</Point>
		</Placemark>
		<Placemark id="0E8027496F3ED7719F68">
			<gx:mid>/g/11w1c8ykgk</gx:mid>
			<gx:fid>0x129793e62e99d753:0x1190feef9a35fcd</gx:fid>
			<LookAt>
				<longitude>2.6347576</longitude>
				<latitude>39.5723615</latitude>
				<altitude>0</altitude>
				<heading>0</heading>
				<tilt>0</tilt>
				<gx:fovy>35</gx:fovy>
				<range>792.029042102096</range>
				<altitudeMode>relativeToGround</altitudeMode>
			</LookAt>
			<styleUrl>#__managed_style_4AD2BD12B440DE0D9CB4</styleUrl>
			<Point>
				<altitudeMode>relativeToGround</altitudeMode>
				<coordinates>2.6347576,39.5723615,0</coordinates>
			</Point>
		</Placemark>
		<Placemark id="083FF8E9E63ED771DAAC">
			<gx:mid>/g/11gvdrnrsm</gx:mid>
			<gx:fid>0x129793d07cac5a77:0xfe8af30009e3bbdc</gx:fid>
			<LookAt>
				<longitude>2.6528221</longitude>
				<latitude>39.57302190000001</latitude>
				<altitude>0</altitude>
				<heading>0</heading>
				<tilt>0</tilt>
				<gx:fovy>35</gx:fovy>
				<range>792.0207803599588</range>
				<altitudeMode>relativeToGround</altitudeMode>
			</LookAt>
			<styleUrl>#__managed_style_4AD2BD12B440DE0D9CB4</styleUrl>
			<Point>
				<altitudeMode>relativeToGround</altitudeMode>
				<coordinates>2.6528221,39.5730219,0</coordinates>
			</Point>
		</Placemark>
		<Placemark id="0DDE2722A03ED772249C">
			<gx:mid>/g/11wn5dmnxb</gx:mid>
			<gx:fid>0x129793007d20a18d:0xa8873d6e28807bb5</gx:fid>
			<LookAt>
				<longitude>2.6513836</longitude>
				<latitude>39.5701248</latitude>
				<altitude>0</altitude>
				<heading>0</heading>
				<tilt>0</tilt>
				<gx:fovy>35</gx:fovy>
				<range>792.0570229324358</range>
				<altitudeMode>relativeToGround</altitudeMode>
			</LookAt>
			<styleUrl>#__managed_style_4AD2BD12B440DE0D9CB4</styleUrl>
			<Point>
				<altitudeMode>relativeToGround</altitudeMode>
				<coordinates>2.6513836,39.57012479999999,0</coordinates>
			</Point>
		</Placemark>
		<Placemark id="05CE31E5633ED772781C">
			<gx:mid>/g/11pctlvqjs</gx:mid>
			<gx:fid>0x129793413ecd8249:0xe4593aa3e2cecc35</gx:fid>
			<LookAt>
				<longitude>2.638821</longitude>
				<latitude>39.57242679999999</latitude>
				<altitude>0</altitude>
				<heading>0</heading>
				<tilt>0</tilt>
				<gx:fovy>35</gx:fovy>
				<range>792.0282251899619</range>
				<altitudeMode>relativeToGround</altitudeMode>
			</LookAt>
			<styleUrl>#__managed_style_0462EC68B040DE0D9CB4</styleUrl>
			<Point>
				<altitudeMode>relativeToGround</altitudeMode>
				<coordinates>2.638821,39.5724268,0</coordinates>
			</Point>
		</Placemark>
		<Placemark id="0190E89DB03ED772C094">
			<gx:mid>/g/11g6hx3_kr</gx:mid>
			<gx:fid>0x12979244bf3bd175:0xfbd3beb8d5f62532</gx:fid>
			<LookAt>
				<longitude>2.6448163</longitude>
				<latitude>39.5692094</latitude>
				<altitude>0</altitude>
				<heading>0</heading>
				<tilt>0</tilt>
				<gx:fovy>35</gx:fovy>
				<range>792.0684741331304</range>
				<altitudeMode>relativeToGround</altitudeMode>
			</LookAt>
			<styleUrl>#__managed_style_0462EC68B040DE0D9CB4</styleUrl>
			<Point>
				<altitudeMode>relativeToGround</altitudeMode>
				<coordinates>2.6448186,39.56921639999999,0</coordinates>
			</Point>
		</Placemark>
		<Placemark id="09483FD4E93ED7737850">
			<gx:mid>/g/1hm40bqp7</gx:mid>
			<gx:fid>0x12979242aedf03b3:0x9081c08680ec580d</gx:fid>
			<LookAt>
				<longitude>2.6390848</longitude>
				<latitude>39.56992779999999</latitude>
				<altitude>0</altitude>
				<heading>0</heading>
				<tilt>0</tilt>
				<gx:fovy>35</gx:fovy>
				<range>792.0594873213614</range>
				<altitudeMode>relativeToGround</altitudeMode>
			</LookAt>
			<styleUrl>#__managed_style_067C2C239E40DE0D9CB3</styleUrl>
			<Point>
				<altitudeMode>relativeToGround</altitudeMode>
				<coordinates>2.6390986,39.5699243,0</coordinates>
			</Point>
		</Placemark>
		<Placemark id="0982434F473ED661D68C">
			<gx:mid>/g/11zjkk26c7</gx:mid>
			<gx:fid>0x1297930039055195:0xdff8312313ef13d</gx:fid>
			<LookAt>
				<longitude>2.6517476</longitude>
				<latitude>39.5713983</latitude>
				<altitude>0</altitude>
				<heading>0</heading>
				<tilt>0</tilt>
				<gx:fovy>35</gx:fovy>
				<range>792.0410917534796</range>
				<altitudeMode>relativeToGround</altitudeMode>
			</LookAt>
			<styleUrl>#__managed_style_0833D987D240DE0D9CB1</styleUrl>
			<Point>
				<altitudeMode>relativeToGround</altitudeMode>
				<coordinates>2.6517476,39.5713983,0</coordinates>
			</Point>
		</Placemark>
		<Placemark id="0621B1F1383ED6623844">
			<gx:mid>/g/1237ps8b</gx:mid>
			<gx:fid>0x1297925191306989:0xa4b7ac4c0347024</gx:fid>
			<LookAt>
				<longitude>2.6527788</longitude>
				<latitude>39.5717393</latitude>
				<altitude>0</altitude>
				<heading>0</heading>
				<tilt>0</tilt>
				<gx:fovy>35</gx:fovy>
				<range>792.0368258613219</range>
				<altitudeMode>relativeToGround</altitudeMode>
			</LookAt>
			<styleUrl>#__managed_style_0833D987D240DE0D9CB1</styleUrl>
			<Point>
				<altitudeMode>relativeToGround</altitudeMode>
				<coordinates>2.6527788,39.5717393,0</coordinates>
			</Point>
		</Placemark>
		<Placemark id="045112D4743ED662D66C">
			<name>Carrer de Sant Miquel - שדרה מרכזית</name>
			<LookAt>
				<longitude>2.651812466509851</longitude>
				<latitude>39.57201968068951</latitude>
				<altitude>37.70815615579151</altitude>
				<heading>355.4218070405979</heading>
				<tilt>0</tilt>
				<gx:fovy>35</gx:fovy>
				<range>718.708476857646</range>
				<altitudeMode>absolute</altitudeMode>
			</LookAt>
			<styleUrl>#__managed_style_040E69523040DE0D9CB6</styleUrl>
			<Point>
				<coordinates>2.652090470804616,39.57224223688367,26.59836563580336</coordinates>
			</Point>
		</Placemark>
		<Placemark id="0F3BF56E813ED663299E">
			<gx:mid>/g/11xh3xknk</gx:mid>
			<gx:fid>0x12979251cc0b2c29:0xce9abaabeea2655d</gx:fid>
			<LookAt>
				<longitude>2.6514589</longitude>
				<latitude>39.5709619</latitude>
				<altitude>0</altitude>
				<heading>0</heading>
				<tilt>0</tilt>
				<gx:fovy>35</gx:fovy>
				<range>792.0465510551422</range>
				<altitudeMode>relativeToGround</altitudeMode>
			</LookAt>
			<styleUrl>#__managed_style_0833D987D240DE0D9CB1</styleUrl>
			<Point>
				<altitudeMode>relativeToGround</altitudeMode>
				<coordinates>2.6514589,39.5709619,0</coordinates>
			</Point>
		</Placemark>
		<Placemark id="013D796AAD3ED663D220">
			<gx:mid>/g/11m_z1vly0</gx:mid>
			<gx:fid>0x1297934a74004aef:0x266488f3ae499bf5</gx:fid>
			<LookAt>
				<longitude>2.648988</longitude>
				<latitude>39.5665985</latitude>
				<altitude>0</altitude>
				<heading>0</heading>
				<tilt>0</tilt>
				<gx:fovy>35</gx:fovy>
				<range>792.101134127103</range>
				<altitudeMode>relativeToGround</altitudeMode>
			</LookAt>
			<styleUrl>#__managed_style_0833D987D240DE0D9CB1</styleUrl>
			<Point>
				<altitudeMode>relativeToGround</altitudeMode>
				<coordinates>2.648988,39.5665985,0</coordinates>
			</Point>
		</Placemark>
		<Placemark id="0F628223A83ED66451B1">
			<gx:mid>/g/11xc0_qnp</gx:mid>
			<gx:fid>0x12979251da279093:0xfc2274ac94c5ba53</gx:fid>
			<LookAt>
				<longitude>2.6518902</longitude>
				<latitude>39.570379</latitude>
				<altitude>0</altitude>
				<heading>0</heading>
				<tilt>0</tilt>
				<gx:fovy>35</gx:fovy>
				<range>792.0538429816951</range>
				<altitudeMode>relativeToGround</altitudeMode>
			</LookAt>
			<styleUrl>#__managed_style_0833D987D240DE0D9CB1</styleUrl>
			<Point>
				<altitudeMode>relativeToGround</altitudeMode>
				<coordinates>2.651939217512085,39.57046287201565,0</coordinates>
			</Point>
		</Placemark>
		<Placemark id="0D9EFBB36D3ED664A784">
			<gx:mid>/g/11h58lv9n6</gx:mid>
			<gx:fid>0x1297935656c0bb27:0x7fc155d2f3165a11</gx:fid>
			<LookAt>
				<longitude>2.622837000000001</longitude>
				<latitude>39.54656010000001</latitude>
				<altitude>0</altitude>
				<heading>0</heading>
				<tilt>0</tilt>
				<gx:fovy>35</gx:fovy>
				<range>792.3517434990027</range>
				<altitudeMode>relativeToGround</altitudeMode>
			</LookAt>
			<styleUrl>#__managed_style_0833D987D240DE0D9CB1</styleUrl>
			<Point>
				<altitudeMode>relativeToGround</altitudeMode>
				<coordinates>2.622837,39.5465601,0</coordinates>
			</Point>
		</Placemark>
		<Placemark id="054BE785393ED664CE20">
			<gx:mid>/g/11b6t79sp7</gx:mid>
			<gx:fid>0x12979206947311e9:0xb4807b0b7ffc8991</gx:fid>
			<LookAt>
				<longitude>2.6233833</longitude>
				<latitude>39.5465278</latitude>
				<altitude>0</altitude>
				<heading>0</heading>
				<tilt>0</tilt>
				<gx:fovy>35</gx:fovy>
				<range>792.352147382018</range>
				<altitudeMode>relativeToGround</altitudeMode>
			</LookAt>
			<styleUrl>#__managed_style_1D16B8BDC340DE0D9CB8</styleUrl>
			<Point>
				<altitudeMode>relativeToGround</altitudeMode>
				<coordinates>2.6231792,39.5467134,0</coordinates>
			</Point>
		</Placemark>
		<Placemark id="0E957623B636040DD9B1">
			<name>Carrer de Sant Miquel - שדרה מרכזית</name>
			<LookAt>
				<longitude>2.652058930651346</longitude>
				<latitude>39.57167224353013</latitude>
				<altitude>40.38202459802098</altitude>
				<heading>356.7170112700834</heading>
				<tilt>0</tilt>
				<gx:fovy>35</gx:fovy>
				<range>168.2206752156708</range>
				<altitudeMode>absolute</altitudeMode>
			</LookAt>
			<styleUrl>#__managed_style_23144521D340DE0D9CB4</styleUrl>
			<LineString>
				<coordinates>
					2.648342105754846,39.57493041267701,0 2.650045080808721,39.5750553535014,0 2.651321283939674,39.57514857139729,0 2.652195198968996,39.57519527937511,0 2.652157209838495,39.57493846821495,0 2.652142506713138,39.57460390607633,0 2.652124590369529,39.57413478196675,0 2.65213293011934,39.57357806477752,0 2.652120088889161,39.57314598521403,0 2.652112840325791,39.57274705226556,0 2.65212525660016,39.57258476211809,0 2.652081279343403,39.57229337420685,0 2.65203112825638,39.57203836983444,0 2.651942104955709,39.57180558755385,0 2.651877367036184,39.57162464262495,0 
				</coordinates>
			</LineString>
		</Placemark>
		<Placemark id="0C02F74C31360414D85C">
			<name>Passeig Dalt Muarda</name>
			<LookAt>
				<longitude>2.649154387021055</longitude>
				<latitude>39.56663306751317</latitude>
				<altitude>4.220888538446028</altitude>
				<heading>46.64756789207831</heading>
				<tilt>0</tilt>
				<gx:fovy>35</gx:fovy>
				<range>1831.515966483566</range>
				<altitudeMode>absolute</altitudeMode>
			</LookAt>
			<styleUrl>#__managed_style_23144521D340DE0D9CB4</styleUrl>
			<LineString>
				<coordinates>
					2.655938184004571,39.56493524380694,0 2.655101612428838,39.56520647322592,0 2.654946443114841,39.56537107876842,0 2.654191410512821,39.56537687961492,0 2.652949171462695,39.56538371376224,0 2.652566533179816,39.56538286107049,0 2.652501224931587,39.56510943363714,0 2.651852288575696,39.5649169584251,0 2.651538535254452,39.56513363424907,0 2.651547311280538,39.5656099800595,0 2.650309208243264,39.56610505549161,0 2.648825634351368,39.56667688081038,0 2.648704671930129,39.56650876202381,0 2.648140397367313,39.56667010229612,0 2.648188701375866,39.56685365804402,0 2.646221660056698,39.56720776351887,0 
				</coordinates>
			</LineString>
		</Placemark>
		<Placemark id="054FD5A4FB36041512E0">
			<name>Catedral-Basílica de Santa María de Mallorca</name>
			<gx:mid>/m/07nkwn</gx:mid>
			<gx:fid>0x129792457daf8f55:0x540c9be89afd81aa</gx:fid>
			<LookAt>
				<longitude>2.6483273</longitude>
				<latitude>39.56744555</latitude>
				<altitude>0</altitude>
				<heading>0</heading>
				<tilt>0</tilt>
				<gx:fovy>35</gx:fovy>
				<range>792.0905384728694</range>
				<altitudeMode>relativeToGround</altitudeMode>
			</LookAt>
			<styleUrl>#__managed_style_1F1A34A30640DE0D9CD4</styleUrl>
			<Point>
				<altitudeMode>relativeToGround</altitudeMode>
				<coordinates>2.6482994,39.5674251,0</coordinates>
			</Point>
		</Placemark>
		<Placemark id="0ACF28E6ED360415D99C">
			<name>Parc de Sa Feixina</name>
			<gx:mid>/g/11xc0pbmn</gx:mid>
			<gx:fid>0x12979242b0cd872f:0x55938a259dcafa9b</gx:fid>
			<LookAt>
				<longitude>2.640263999999999</longitude>
				<latitude>39.5707218</latitude>
				<altitude>0</altitude>
				<heading>0</heading>
				<tilt>0</tilt>
				<gx:fovy>35</gx:fovy>
				<range>792.0495546529323</range>
				<altitudeMode>relativeToGround</altitudeMode>
			</LookAt>
			<styleUrl>#__managed_style_1F00F1C52540DE0D9CB4</styleUrl>
			<Point>
				<altitudeMode>relativeToGround</altitudeMode>
				<coordinates>2.640264,39.5707218,0</coordinates>
			</Point>
		</Placemark>
		<Placemark id="02367CA25D360416CD5A">
			<name>Castell de Bellver</name>
			<gx:mid>/m/0lkjv</gx:mid>
			<gx:fid>0x12979271143eb477:0xc8d6aed330d9ffa1</gx:fid>
			<LookAt>
				<longitude>2.6192811</longitude>
				<latitude>39.5638452</latitude>
				<altitude>0</altitude>
				<heading>0</heading>
				<tilt>0</tilt>
				<gx:fovy>35</gx:fovy>
				<range>792.1355736961519</range>
				<altitudeMode>relativeToGround</altitudeMode>
			</LookAt>
			<styleUrl>#__managed_style_16528C8C7A40DE0D9CB7</styleUrl>
			<Point>
				<altitudeMode>relativeToGround</altitudeMode>
				<coordinates>2.6194231,39.5638434,0</coordinates>
			</Point>
		</Placemark>
		<Placemark id="031EF1E5B6387B1D889E">
			<name>Poble Espanyol de Mallorca</name>
			<gx:mid>/g/120t4l2c</gx:mid>
			<gx:fid>0x1297927afad66f6f:0xa932f7e4a9fa5c93</gx:fid>
			<LookAt>
				<longitude>2.627964</longitude>
				<latitude>39.57272940000001</latitude>
				<altitude>0</altitude>
				<heading>0</heading>
				<tilt>0</tilt>
				<gx:fovy>35</gx:fovy>
				<range>792.0244396086715</range>
				<altitudeMode>relativeToGround</altitudeMode>
			</LookAt>
			<styleUrl>#__managed_style_0833D987D240DE0D9CB1</styleUrl>
			<Point>
				<altitudeMode>relativeToGround</altitudeMode>
				<coordinates>2.627273431752624,39.57238926000218,0</coordinates>
			</Point>
		</Placemark>
		<Placemark id="00214541CA3B5A61BB83">
			<gx:mid>/g/11y063kxz2</gx:mid>
			<gx:fid>0x12979700525abc81:0xa0bd447fcca1bf64</gx:fid>
			<LookAt>
				<longitude>2.7466183</longitude>
				<latitude>39.5172743</latitude>
				<altitude>0</altitude>
				<heading>0</heading>
				<tilt>0</tilt>
				<gx:fovy>35</gx:fovy>
				<range>792.7178367602241</range>
				<altitudeMode>relativeToGround</altitudeMode>
			</LookAt>
			<styleUrl>#__managed_style_0833D987D240DE0D9CB1</styleUrl>
			<Point>
				<altitudeMode>relativeToGround</altitudeMode>
				<coordinates>2.7466183,39.5172743,0</coordinates>
			</Point>
		</Placemark>
		<Placemark id="0B6B798F633B5A609D93">
			<gx:mid>/g/11c1nj5x53</gx:mid>
			<gx:fid>0x129792f892f2ad61:0x6b817389b34f2799</gx:fid>
			<LookAt>
				<longitude>2.7465743</longitude>
				<latitude>39.5169977</latitude>
				<altitude>0</altitude>
				<heading>0</heading>
				<tilt>0</tilt>
				<gx:fovy>35</gx:fovy>
				<range>792.7212935031357</range>
				<altitudeMode>relativeToGround</altitudeMode>
			</LookAt>
			<styleUrl>#__managed_style_0710A99C7B40DE0D9CC3</styleUrl>
			<Point>
				<altitudeMode>relativeToGround</altitudeMode>
				<coordinates>2.746739333593111,39.51698945550788,0</coordinates>
			</Point>
		</Placemark>
		<Placemark id="029B51ED673ED4A70138">
			<gx:mid>/g/11c6chwpmn</gx:mid>
			<gx:fid>0x1297925041f43497:0x74d6d3fa543a9586</gx:fid>
			<LookAt>
				<longitude>2.6500623</longitude>
				<latitude>39.5716495</latitude>
				<altitude>0</altitude>
				<heading>0</heading>
				<tilt>0</tilt>
				<gx:fovy>35</gx:fovy>
				<range>792.0379492572497</range>
				<altitudeMode>relativeToGround</altitudeMode>
			</LookAt>
			<styleUrl>#__managed_style_1D16B8BDC340DE0D9CB8</styleUrl>
			<Point>
				<altitudeMode>relativeToGround</altitudeMode>
				<coordinates>2.6500623,39.5716495,0</coordinates>
			</Point>
		</Placemark>
	</Folder>
	<Folder id="069735D952324E01BDD2">
		<name>Road Trip</name>
		<styleUrl>#__managed_style_1C52047F1040DE0D9CBC</styleUrl>
		<Folder id="043ECDBDCB3ED4AA7208">
			<name>כללי</name>
			<styleUrl>#__managed_style_1C52047F1040DE0D9CBC</styleUrl>
			<Placemark id="09622356E831E83C5819">
				<name>Calle de Alfonso I - שדרה ראשית</name>
				<LookAt>
					<longitude>-0.8799587662183206</longitude>
					<latitude>41.65433785683585</latitude>
					<altitude>225.9982447692118</altitude>
					<heading>350.9776138475362</heading>
					<tilt>0</tilt>
					<gx:fovy>35</gx:fovy>
					<range>574.7505993813684</range>
					<altitudeMode>absolute</altitudeMode>
				</LookAt>
				<styleUrl>#__managed_style_23144521D340DE0D9CB4</styleUrl>
				<LineString>
					<coordinates>
						-0.8791222456043024,41.65610702758457,0 -0.8820475978262032,41.65309798333787,0 
					</coordinates>
				</LineString>
			</Placemark>
			<Placemark id="0C860FA73136029608CC">
				<name>Alcázar de Segovia</name>
				<gx:mid>/m/027hc9q</gx:mid>
				<gx:fid>0xd413ec76553c59f:0x302ba003ff03db33</gx:fid>
				<LookAt>
					<longitude>-4.1325378</longitude>
					<latitude>40.9525725</latitude>
					<altitude>0</altitude>
					<heading>0</heading>
					<tilt>0</tilt>
					<gx:fovy>35</gx:fovy>
					<range>774.5431617204124</range>
					<altitudeMode>relativeToGround</altitudeMode>
				</LookAt>
				<styleUrl>#__managed_style_16528C8C7A40DE0D9CB7</styleUrl>
				<Point>
					<altitudeMode>relativeToGround</altitudeMode>
					<coordinates>-4.1325378,40.9525725,0</coordinates>
				</Point>
			</Placemark>
			<Placemark id="0335C48AA53603A51B09">
				<name>רחוב מרכזי</name>
				<LookAt>
					<longitude>-3.702057124839531</longitude>
					<latitude>42.34152459019353</latitude>
					<altitude>867.423368274619</altitude>
					<heading>313.8202189975974</heading>
					<tilt>0</tilt>
					<gx:fovy>35</gx:fovy>
					<range>343.0630746804309</range>
					<altitudeMode>absolute</altitudeMode>
				</LookAt>
				<styleUrl>#__managed_style_23144521D340DE0D9CB4</styleUrl>
				<LineString>
					<coordinates>
						-3.699433386477018,42.34380474790564,0 -3.699836125372371,42.34295075623906,0 -3.700549681150676,42.3416985914802,0 -3.700711152943002,42.34138516428633,0 
					</coordinates>
				</LineString>
			</Placemark>
			<Placemark id="016A5C04AD3603A5FFE5">
				<name>רחוב מרכזי</name>
				<LookAt>
					<longitude>-3.701911584669065</longitude>
					<latitude>42.34258255295729</latitude>
					<altitude>871.255007051609</altitude>
					<heading>315.1629907244545</heading>
					<tilt>0</tilt>
					<gx:fovy>35.00003331851828</gx:fovy>
					<range>450.6532359548874</range>
					<altitudeMode>absolute</altitudeMode>
				</LookAt>
				<styleUrl>#__managed_style_23144521D340DE0D9CB4</styleUrl>
				<LineString>
					<coordinates>
						-3.703799522879331,42.34044301854611,0 -3.703142053753379,42.34107645245394,0 -3.70256048559186,42.34159913244311,0 -3.702142100678167,42.34198688270592,0 -3.701627270010309,42.34254876781822,0 -3.700952018575352,42.34329966930433,0 
					</coordinates>
				</LineString>
			</Placemark>
			<Placemark id="000E1F2B7F3603ADE687">
				<name>Arco de Santa María</name>
				<gx:mid>/g/121_hzzd</gx:mid>
				<gx:fid>0xd45fd29c262f585:0xd7c96d435c8bf9e7</gx:fid>
				<LookAt>
					<longitude>-3.703837899999999</longitude>
					<latitude>42.3397626</latitude>
					<altitude>0</altitude>
					<heading>0</heading>
					<tilt>0</tilt>
					<gx:fovy>35</gx:fovy>
					<range>756.5374253597955</range>
					<altitudeMode>relativeToGround</altitudeMode>
				</LookAt>
				<styleUrl>#__managed_style_0833D987D240DE0D9CB1</styleUrl>
				<Point>
					<altitudeMode>relativeToGround</altitudeMode>
					<coordinates>-3.703837899999999,42.3397626,0</coordinates>
				</Point>
			</Placemark>
			<Placemark id="0DADC081DF3603B083AE">
				<name>Mirador Del Castillo</name>
				<gx:mid>/g/11b75gpr9n</gx:mid>
				<gx:fid>0xd45fd28dfdefded:0x5f4815ab6b254445</gx:fid>
				<LookAt>
					<longitude>-3.7066868</longitude>
					<latitude>42.3415105</latitude>
					<altitude>0</altitude>
					<heading>0</heading>
					<tilt>0</tilt>
					<gx:fovy>35</gx:fovy>
					<range>756.5144714140649</range>
					<altitudeMode>relativeToGround</altitudeMode>
				</LookAt>
				<styleUrl>#__managed_style_1DAAFA570140DE0D9CB3</styleUrl>
				<Point>
					<altitudeMode>relativeToGround</altitudeMode>
					<coordinates>-3.7066868,42.3415105,0</coordinates>
				</Point>
			</Placemark>
			<Placemark id="07044FB2E93603B166EB">
				<name>Castillo de Burgos</name>
				<gx:mid>/g/1213h_3k</gx:mid>
				<gx:fid>0xd45fcd782aab8eb:0xae7106e90c322f73</gx:fid>
				<LookAt>
					<longitude>-3.708273</longitude>
					<latitude>42.3426347</latitude>
					<altitude>0</altitude>
					<heading>0</heading>
					<tilt>0</tilt>
					<gx:fovy>35</gx:fovy>
					<range>756.4997077337788</range>
					<altitudeMode>relativeToGround</altitudeMode>
				</LookAt>
				<styleUrl>#__managed_style_16528C8C7A40DE0D9CB7</styleUrl>
				<Point>
					<altitudeMode>relativeToGround</altitudeMode>
					<coordinates>-3.707282197248913,42.3426799946835,0</coordinates>
				</Point>
			</Placemark>
			<Placemark id="0FE2718CC93603B4F5CF">
				<name>Esculturas y monumentos de Salamanca</name>
				<gx:mid>/g/11rqwz2bq4</gx:mid>
				<gx:fid>0xd3f277ccd99ee4b:0x9f75256ba2b04b23</gx:fid>
				<LookAt>
					<longitude>-5.663983900000001</longitude>
					<latitude>40.9647956</latitude>
					<altitude>0</altitude>
					<heading>0</heading>
					<tilt>0</tilt>
					<gx:fovy>35</gx:fovy>
					<range>774.3863715553806</range>
					<altitudeMode>relativeToGround</altitudeMode>
				</LookAt>
				<styleUrl>#__managed_style_0833D987D240DE0D9CB1</styleUrl>
				<Point>
					<altitudeMode>relativeToGround</altitudeMode>
					<coordinates>-5.664051132116457,40.96501333183946,0</coordinates>
				</Point>
			</Placemark>
			<Placemark id="029FA5EB093603B55302">
				<name>Rua Mayor - שדרה מרכזית</name>
				<LookAt>
					<longitude>-5.6670370394536</longitude>
					<latitude>40.96105412582796</latitude>
					<altitude>816.5627775066547</altitude>
					<heading>356.7479038165212</heading>
					<tilt>0</tilt>
					<gx:fovy>35</gx:fovy>
					<range>1445.061018694541</range>
					<altitudeMode>absolute</altitudeMode>
				</LookAt>
				<styleUrl>#__managed_style_23144521D340DE0D9CB4</styleUrl>
				<LineString>
					<coordinates>
						-5.664640592323153,40.9639762083569,0 -5.665385331677438,40.96289993249607,0 -5.666201331823721,40.96174469786106,0 -5.666569705990162,40.96118762694915,0 -5.667172895185244,40.96042761247092,0 
					</coordinates>
				</LineString>
			</Placemark>
			<Placemark id="04152BDCF33603B81EF0">
				<name>Calle Zamora - רחוב מרכזי</name>
				<LookAt>
					<longitude>-5.664551813412659</longitude>
					<latitude>40.96654941874842</latitude>
					<altitude>816.8619858184873</altitude>
					<heading>357.0010886320623</heading>
					<tilt>0</tilt>
					<gx:fovy>35</gx:fovy>
					<range>211.8906099837841</range>
					<altitudeMode>absolute</altitudeMode>
				</LookAt>
				<styleUrl>#__managed_style_23144521D340DE0D9CB4</styleUrl>
				<LineString>
					<coordinates>
						-5.663558919024402,40.96981293870496,0 -5.663742037473206,40.96869003917227,0 -5.663991196107741,40.96740570139041,0 -5.664114783580536,40.96671146719153,0 -5.664193232765174,40.96664415975989,0 -5.664399881240955,40.96587550033435,0 -5.664403735101386,40.96542379044205,0 -5.663907638571651,40.96530864988404,0 -5.663967568639668,40.96582187888825,0 -5.664035723211894,40.96665824050082,0 -5.664115987149481,40.96671468303266,0 
					</coordinates>
				</LineString>
			</Placemark>
			<Placemark id="019D3D35203603C40237">
				<name>רחובות מרכזיים</name>
				<LookAt>
					<longitude>-4.727232889732472</longitude>
					<latitude>41.65102025139131</latitude>
					<altitude>712.5407744235439</altitude>
					<heading>300.9406172241971</heading>
					<tilt>0</tilt>
					<gx:fovy>35</gx:fovy>
					<range>267.2540376480902</range>
					<altitudeMode>absolute</altitudeMode>
				</LookAt>
				<styleUrl>#__managed_style_23144521D340DE0D9CB4</styleUrl>
				<LineString>
					<coordinates>
						-4.728779712070258,41.65163850681273,0 -4.728585371805557,41.65095483508141,0 -4.728614603849312,41.65073687608822,0 -4.728963180191173,41.64989127206309,0 -4.729549436202081,41.64849803822509,0 
					</coordinates>
				</LineString>
			</Placemark>
			<Placemark id="0B11CBF2AC3603C51454">
				<name>Parque Campo Grande</name>
				<gx:mid>/g/11cn690bgp</gx:mid>
				<gx:fid>0xd476d4b02076c9b:0x9d62eaffb0acd12d</gx:fid>
				<LookAt>
					<longitude>-4.7300406</longitude>
					<latitude>41.6458099</latitude>
					<altitude>0</altitude>
					<heading>0</heading>
					<tilt>0</tilt>
					<gx:fovy>35</gx:fovy>
					<range>765.5980173213557</range>
					<altitudeMode>relativeToGround</altitudeMode>
				</LookAt>
				<styleUrl>#__managed_style_1F00F1C52540DE0D9CB4</styleUrl>
				<Point>
					<altitudeMode>relativeToGround</altitudeMode>
					<coordinates>-4.7300406,41.6458099,0</coordinates>
				</Point>
			</Placemark>
			<Placemark id="088F1BEEA63603C692B5">
				<name>Calle de Manteria -  שדרה מרכזית</name>
				<LookAt>
					<longitude>-4.720901200748902</longitude>
					<latitude>41.64848438462125</latitude>
					<altitude>690.5543086743168</altitude>
					<heading>349.8458512379389</heading>
					<tilt>0</tilt>
					<gx:fovy>35</gx:fovy>
					<range>263.4279954337763</range>
					<altitudeMode>absolute</altitudeMode>
				</LookAt>
				<styleUrl>#__managed_style_23144521D340DE0D9CB4</styleUrl>
				<LineString>
					<coordinates>
						-4.72436484821915,41.64877782041702,0 -4.723315348351118,41.6486740718042,0 -4.72183599911183,41.64843161572988,0 -4.720635503359753,41.6481870585751,0 
					</coordinates>
				</LineString>
			</Placemark>
			<Placemark id="01B53C78E73603C7CD7A">
				<name>Playa de Las Moreras</name>
				<gx:mid>/g/11c0vwpsnj</gx:mid>
				<gx:fid>0xd476d515d383ccb:0x25b11d2cb0d98b0a</gx:fid>
				<LookAt>
					<longitude>-4.733530600000001</longitude>
					<latitude>41.6572792</latitude>
					<altitude>0</altitude>
					<heading>0</heading>
					<tilt>0</tilt>
					<gx:fovy>35</gx:fovy>
					<range>765.4491266447848</range>
					<altitudeMode>relativeToGround</altitudeMode>
				</LookAt>
				<styleUrl>#__managed_style_338D6BD7BC40DE0D9CB4</styleUrl>
				<Point>
					<altitudeMode>relativeToGround</altitudeMode>
					<coordinates>-4.7335306,41.6572792,0</coordinates>
				</Point>
			</Placemark>
			<Placemark id="061FEF4D413603CA6B50">
				<name>Calle Cadenas de San Gregorio</name>
				<LookAt>
					<longitude>-4.723934082803961</longitude>
					<latitude>41.65727634040979</latitude>
					<altitude>695.9288345234943</altitude>
					<heading>333.9318197496938</heading>
					<tilt>0</tilt>
					<gx:fovy>35</gx:fovy>
					<range>408.0269421307457</range>
					<altitudeMode>absolute</altitudeMode>
				</LookAt>
				<styleUrl>#__managed_style_23144521D340DE0D9CB4</styleUrl>
				<LineString>
					<coordinates>
						-4.724862110030996,41.65659325412028,0 -4.723500680974526,41.65715149059966,0 -4.722276272122889,41.65770657216979,0 
					</coordinates>
				</LineString>
			</Placemark>
			<Placemark id="016CBC9FEE3603CB2421">
				<name>Calle Plateria</name>
				<LookAt>
					<longitude>-4.726789406257098</longitude>
					<latitude>41.65343029016453</latitude>
					<altitude>702.6010523342152</altitude>
					<heading>317.1576166302768</heading>
					<tilt>0</tilt>
					<gx:fovy>35</gx:fovy>
					<range>268.7425494341733</range>
					<altitudeMode>absolute</altitudeMode>
				</LookAt>
				<styleUrl>#__managed_style_23144521D340DE0D9CB4</styleUrl>
				<LineString>
					<coordinates>
						-4.726510385695972,41.65361654258425,0 -4.727119844308749,41.65261184442989,0 
					</coordinates>
				</LineString>
			</Placemark>
			<Placemark id="0AD9034A233603CD5721">
				<name>Mercado del Val</name>
				<LookAt>
					<longitude>-4.729199919510771</longitude>
					<latitude>41.65376628922598</latitude>
					<altitude>686.5908135856528</altitude>
					<heading>346.9260843986812</heading>
					<tilt>0</tilt>
					<gx:fovy>35</gx:fovy>
					<range>256.7565088788615</range>
					<altitudeMode>absolute</altitudeMode>
				</LookAt>
				<styleUrl>#__managed_style_2792122CC340DE0D9CD4</styleUrl>
				<Polygon>
					<outerBoundaryIs>
						<LinearRing>
							<coordinates>
								-4.729258843591736,41.6537293566432,0 -4.727780274909406,41.65331700005328,0 -4.727671220541051,41.65357000544318,0 -4.729157709896947,41.65398106260767,0 -4.729258843591736,41.6537293566432,0 
							</coordinates>
						</LinearRing>
					</outerBoundaryIs>
				</Polygon>
			</Placemark>
			<Placemark id="0661D08E383603D09FD4">
				<name>רחוב מרכזי</name>
				<LookAt>
					<longitude>-4.725643460728369</longitude>
					<latitude>41.64892096802568</latitude>
					<altitude>692.9143700038799</altitude>
					<heading>207.6994037403423</heading>
					<tilt>0</tilt>
					<gx:fovy>35</gx:fovy>
					<range>1898.125605731621</range>
					<altitudeMode>absolute</altitudeMode>
				</LookAt>
				<styleUrl>#__managed_style_23144521D340DE0D9CB4</styleUrl>
				<LineString>
					<coordinates>
						-4.726443799627653,41.6520591723725,0 -4.726181376062565,41.65137794063832,0 -4.72576015614437,41.65070218831724,0 -4.725211333090307,41.64982872895192,0 -4.724873888835788,41.64927726695414,0 -4.725015301400336,41.64927232639405,0 -4.726263915865258,41.64957893597581,0 -4.726899800067091,41.6497237297711,0 -4.727774387899087,41.64994482158874,0 -4.728888807861359,41.65020604788617,0 -4.729223636748955,41.65032206549839,0 -4.729948159014637,41.65056650438504,0 -4.730652881959967,41.65092501673158,0 -4.730844831569484,41.65105296831003,0 
					</coordinates>
				</LineString>
			</Placemark>
			<Placemark id="0323D97DAB3B64A56708">
				<gx:mid>/g/11y3mjdq40</gx:mid>
				<gx:fid>0x12bb1700019beac5:0x5f1725059fbbf5e6</gx:fid>
				<LookAt>
					<longitude>2.8046126</longitude>
					<latitude>41.67675509999999</latitude>
					<altitude>0</altitude>
					<heading>0</heading>
					<tilt>0</tilt>
					<gx:fovy>35</gx:fovy>
					<range>765.1962304470215</range>
					<altitudeMode>relativeToGround</altitudeMode>
				</LookAt>
				<styleUrl>#__managed_style_0833D987D240DE0D9CB1</styleUrl>
				<Point>
					<altitudeMode>relativeToGround</altitudeMode>
					<coordinates>2.805296588931065,41.67639043689152,0</coordinates>
				</Point>
			</Placemark>
			<Placemark id="0B9A0EAE2C3B6498B638">
				<gx:mid>/g/120w82lx</gx:mid>
				<gx:fid>0x12ba8d38504f57c7:0x3a0825766128f87a</gx:fid>
				<LookAt>
					<longitude>2.959120599999999</longitude>
					<latitude>42.26813719999999</latitude>
					<altitude>0</altitude>
					<heading>0</heading>
					<tilt>0</tilt>
					<gx:fovy>35</gx:fovy>
					<range>757.4774622000981</range>
					<altitudeMode>relativeToGround</altitudeMode>
				</LookAt>
				<styleUrl>#__managed_style_1DAAFA570140DE0D9CB3</styleUrl>
				<Point>
					<altitudeMode>relativeToGround</altitudeMode>
					<coordinates>2.9591231,42.2681328,0</coordinates>
				</Point>
			</Placemark>
			<Placemark id="0A6788A4DA3B6499FE4B">
				<gx:mid>/m/0g57fz5</gx:mid>
				<gx:fid>0x12ba8ddd36d9ceb5:0x16afe9a2ffe889cc</gx:fid>
				<LookAt>
					<longitude>2.9462781</longitude>
					<latitude>42.2735818</latitude>
					<altitude>0</altitude>
					<heading>0</heading>
					<tilt>0</tilt>
					<gx:fovy>35</gx:fovy>
					<range>757.4060444229565</range>
					<altitudeMode>relativeToGround</altitudeMode>
				</LookAt>
				<styleUrl>#__managed_style_0833D987D240DE0D9CB1</styleUrl>
				<Point>
					<altitudeMode>relativeToGround</altitudeMode>
					<coordinates>2.9462781,42.2735818,0</coordinates>
				</Point>
			</Placemark>
			<Placemark id="07F98B89CF3ED4B91CD4">
				<gx:mid>/g/11bzrpr0bt</gx:mid>
				<gx:fid>0xd43ea77b16d0f21:0xc1b30c6302552d4f</gx:fid>
				<LookAt>
					<longitude>-3.4721719</longitude>
					<latitude>40.9082699</latitude>
					<altitude>0</altitude>
					<heading>0</heading>
					<tilt>0</tilt>
					<gx:fovy>35</gx:fovy>
					<range>775.1111657890973</range>
					<altitudeMode>relativeToGround</altitudeMode>
				</LookAt>
				<styleUrl>#__managed_style_1DAAFA570140DE0D9CB3</styleUrl>
				<Point>
					<altitudeMode>relativeToGround</altitudeMode>
					<coordinates>-3.472303715551492,40.9083825290683,0</coordinates>
				</Point>
			</Placemark>
			<Placemark id="04786A4EF43ED5DEB4B8">
				<gx:mid>/g/11ckg3549m</gx:mid>
				<gx:fid>0xd6a0aff062290e9:0xa22f1bd32222df52</gx:fid>
				<LookAt>
					<longitude>-4.030626199999999</longitude>
					<latitude>39.87313400000001</latitude>
					<altitude>0</altitude>
					<heading>0</heading>
					<tilt>0</tilt>
					<gx:fovy>35</gx:fovy>
					<range>788.2558312948933</range>
					<altitudeMode>relativeToGround</altitudeMode>
				</LookAt>
				<styleUrl>#__managed_style_1F00F1C52540DE0D9CB4</styleUrl>
				<Point>
					<altitudeMode>relativeToGround</altitudeMode>
					<coordinates>-4.030626199999999,39.873134,0</coordinates>
				</Point>
			</Placemark>
			<Placemark id="066E5D9A9E3ED61D31EB">
				<gx:mid>/m/07h_j</gx:mid>
				<gx:fid>0xd71fcb7977fb93b:0x808dd1ef1221a27f</gx:fid>
				<LookAt>
					<longitude>-3.5881413</longitude>
					<latitude>37.1760783</latitude>
					<altitude>0</altitude>
					<heading>0</heading>
					<tilt>0</tilt>
					<gx:fovy>35</gx:fovy>
					<range>821.3250903373047</range>
					<altitudeMode>relativeToGround</altitudeMode>
				</LookAt>
				<styleUrl>#__managed_style_0833D987D240DE0D9CB1</styleUrl>
				<Point>
					<altitudeMode>relativeToGround</altitudeMode>
					<coordinates>-3.588141299999999,37.1760783,0</coordinates>
				</Point>
			</Placemark>
			<Placemark id="03961D45943ED61DD8FB">
				<name>Alhambra</name>
				<LookAt>
					<longitude>-3.591365207239534</longitude>
					<latitude>37.17710356003052</latitude>
					<altitude>779.1707883092554</altitude>
					<heading>9.759945591080131</heading>
					<tilt>0</tilt>
					<gx:fovy>34.99999566604887</gx:fovy>
					<range>545.3905608131755</range>
					<altitudeMode>absolute</altitudeMode>
				</LookAt>
				<styleUrl>#__managed_style_1EBF6C0D4540DE0D9CC4</styleUrl>
				<Polygon>
					<outerBoundaryIs>
						<LinearRing>
							<coordinates>
								-3.59311853589133,37.1768095883695,0 -3.591399739637215,37.17636531627874,0 -3.590566034182543,37.17593711822517,0 -3.589733849127696,37.17564581128031,0 -3.589418510534669,37.17587264244839,0 -3.588379604788887,37.17503600911361,0 -3.586970609641821,37.17442757545145,0 -3.586369104199206,37.17441125204576,0 -3.585433709644663,37.17451148745314,0 -3.584984875304169,37.17477678683373,0 -3.584934361240437,37.17536924223071,0 -3.585323679406882,37.17552372991408,0 -3.585754540935987,37.17585176000129,0 -3.586302484717136,37.17636992951768,0 -3.587040329201576,37.17701534871192,0 -3.587060500775887,37.17720616561351,0 -3.587186740993936,37.17725635177868,0 -3.587740082468347,37.17719442639208,0 -3.588120203617154,37.1772500960688,0 -3.588498049238436,37.17753840041507,0 -3.58882865206501,37.17748591162711,0 -3.589269679735854,37.17776466338325,0 -3.589842969083677,37.17770094337338,0 -3.589824266040154,37.17754042583576,0 -3.591120673764196,37.17759690454837,0 -3.591485236104891,37.17753736918128,0 -3.59186828243025,37.17732082668138,0 -3.592092760876371,37.17738039448572,0 -3.59284700823581,37.17721582864687,0 -3.593280070278386,37.1770611740103,0 -3.59311853589133,37.1768095883695,0 
							</coordinates>
						</LinearRing>
					</outerBoundaryIs>
				</Polygon>
			</Placemark>
			<Placemark id="01F688ECD93ED61E33C8">
				<gx:mid>/m/06nrc3</gx:mid>
				<gx:fid>0xd5914ed3a365d99:0x2c9794f306513481</gx:fid>
				<LookAt>
					<longitude>-0.8785056</longitude>
					<latitude>41.65689820000001</latitude>
					<altitude>0</altitude>
					<heading>0</heading>
					<tilt>0</tilt>
					<gx:fovy>35</gx:fovy>
					<range>765.454073127408</range>
					<altitudeMode>relativeToGround</altitudeMode>
				</LookAt>
				<styleUrl>#__managed_style_16528C8C7A40DE0D9CB7</styleUrl>
				<Point>
					<altitudeMode>relativeToGround</altitudeMode>
					<coordinates>-0.8785056,41.6568982,0</coordinates>
				</Point>
			</Placemark>
			<Placemark id="065F2762EA3ED61E7ADF">
				<gx:mid>/m/0h67bb8</gx:mid>
				<gx:fid>0xd59148d2889abef:0xffc9b4f5f561282b</gx:fid>
				<LookAt>
					<longitude>-0.8753502999999999</longitude>
					<latitude>41.6572038</latitude>
					<altitude>0</altitude>
					<heading>0</heading>
					<tilt>0</tilt>
					<gx:fovy>35</gx:fovy>
					<range>765.4501055575361</range>
					<altitudeMode>relativeToGround</altitudeMode>
				</LookAt>
				<styleUrl>#__managed_style_33A66D2EAC40DE0D9CB8</styleUrl>
				<Point>
					<altitudeMode>relativeToGround</altitudeMode>
					<coordinates>-0.8753502999999999,41.6572038,0</coordinates>
				</Point>
			</Placemark>
			<Placemark id="0D901221BF3ED61EC250">
				<gx:mid>/g/12233n7r</gx:mid>
				<gx:fid>0xd5914ec5d4450db:0x665cf828fb2fd30c</gx:fid>
				<LookAt>
					<longitude>-0.8805381999999998</longitude>
					<latitude>41.6546403</latitude>
					<altitude>0</altitude>
					<heading>0</heading>
					<tilt>0</tilt>
					<gx:fovy>35</gx:fovy>
					<range>765.4833865465555</range>
					<altitudeMode>relativeToGround</altitudeMode>
				</LookAt>
				<styleUrl>#__managed_style_0833D987D240DE0D9CB1</styleUrl>
				<Point>
					<altitudeMode>relativeToGround</altitudeMode>
					<coordinates>-0.8805381999999999,41.6546403,0</coordinates>
				</Point>
			</Placemark>
			<Placemark id="0D7FE335C63ED61F6FC0">
				<gx:mid>/m/03mg3t_</gx:mid>
				<gx:fid>0xd6048e8951d7a37:0xd13f1438c12ec21</gx:fid>
				<LookAt>
					<longitude>-0.3520842</longitude>
					<latitude>39.4561074</latitude>
					<altitude>0</altitude>
					<heading>0</heading>
					<tilt>0</tilt>
					<gx:fovy>35</gx:fovy>
					<range>793.4818211081513</range>
					<altitudeMode>relativeToGround</altitudeMode>
				</LookAt>
				<styleUrl>#__managed_style_1D16B8BDC340DE0D9CB8</styleUrl>
				<Point>
					<altitudeMode>relativeToGround</altitudeMode>
					<coordinates>-0.3520842,39.4561074,0</coordinates>
				</Point>
			</Placemark>
			<Placemark id="08FD0D69D23ED6551381">
				<gx:mid>/g/11ln_77sxz</gx:mid>
				<gx:fid>0xd63a9002505aa59:0x9ea88495f11e7df7</gx:fid>
				<LookAt>
					<longitude>-0.7261021</longitude>
					<latitude>37.9973178</latitude>
					<altitude>0</altitude>
					<heading>0</heading>
					<tilt>0</tilt>
					<gx:fovy>35</gx:fovy>
					<range>811.4404431451916</range>
					<altitudeMode>relativeToGround</altitudeMode>
				</LookAt>
				<styleUrl>#__managed_style_0833D987D240DE0D9CB1</styleUrl>
				<Point>
					<altitudeMode>relativeToGround</altitudeMode>
					<coordinates>-0.7261021,37.9973178,0</coordinates>
				</Point>
			</Placemark>
			<Placemark id="05459C32993ED6556B83">
				<gx:mid>/g/11yv80txyb</gx:mid>
				<gx:fid>0xd45fd005fdb0db5:0xd098b0efe04f4149</gx:fid>
				<LookAt>
					<longitude>-3.7019309</longitude>
					<latitude>42.3412265</latitude>
					<altitude>0</altitude>
					<heading>0</heading>
					<tilt>0</tilt>
					<gx:fovy>35</gx:fovy>
					<range>756.5182010320401</range>
					<altitudeMode>relativeToGround</altitudeMode>
				</LookAt>
				<styleUrl>#__managed_style_0833D987D240DE0D9CB1</styleUrl>
				<Point>
					<altitudeMode>relativeToGround</altitudeMode>
					<coordinates>-3.701872129535365,42.34113791241982,0</coordinates>
				</Point>
			</Placemark>
			<Placemark id="061309E5863ED656680C">
				<gx:mid>/g/11x9ptff2</gx:mid>
				<gx:fid>0xd45fd29e9161111:0xe34ffdb3d9615804</gx:fid>
				<LookAt>
					<longitude>-3.703938499999999</longitude>
					<latitude>42.3399832</latitude>
					<altitude>0</altitude>
					<heading>0</heading>
					<tilt>0</tilt>
					<gx:fovy>35</gx:fovy>
					<range>756.5345284110733</range>
					<altitudeMode>relativeToGround</altitudeMode>
				</LookAt>
				<styleUrl>#__managed_style_0833D987D240DE0D9CB1</styleUrl>
				<Point>
					<altitudeMode>relativeToGround</altitudeMode>
					<coordinates>-3.704052724161552,42.34017223170027,0</coordinates>
				</Point>
			</Placemark>
			<Placemark id="0660B60FC03ED6574C9C">
				<gx:mid>/m/05zvyx</gx:mid>
				<gx:fid>0xd45fd29b90635d5:0xd023a595390d9a0d</gx:fid>
				<LookAt>
					<longitude>-3.7044495</longitude>
					<latitude>42.340864</latitude>
					<altitude>0</altitude>
					<heading>0</heading>
					<tilt>0</tilt>
					<gx:fovy>35</gx:fovy>
					<range>756.5229615225709</range>
					<altitudeMode>relativeToGround</altitudeMode>
				</LookAt>
				<styleUrl>#__managed_style_16528C8C7A40DE0D9CB7</styleUrl>
				<Point>
					<altitudeMode>relativeToGround</altitudeMode>
					<coordinates>-3.7044495,42.340864,0</coordinates>
				</Point>
			</Placemark>
			<Placemark id="0D6C7A75B93ED6578290">
				<gx:mid>/g/11fj32d5pk</gx:mid>
				<gx:fid>0xd45fd29f95ae84b:0x75b0d94ba032189d</gx:fid>
				<LookAt>
					<longitude>-3.703211</longitude>
					<latitude>42.3393627</latitude>
					<altitude>0</altitude>
					<heading>0</heading>
					<tilt>0</tilt>
					<gx:fovy>35</gx:fovy>
					<range>756.5426768732483</range>
					<altitudeMode>relativeToGround</altitudeMode>
				</LookAt>
				<styleUrl>#__managed_style_33A66D2EAC40DE0D9CB8</styleUrl>
				<Point>
					<altitudeMode>relativeToGround</altitudeMode>
					<coordinates>-3.703211,42.3393627,0</coordinates>
				</Point>
			</Placemark>
			<Placemark id="0D63663DC53ED65938B7">
				<name>Rua Mayor - שדרה מרכזית</name>
				<LookAt>
					<longitude>-5.666101348268277</longitude>
					<latitude>40.96236998671116</latitude>
					<altitude>819.4804414700621</altitude>
					<heading>356.7479042960914</heading>
					<tilt>0</tilt>
					<gx:fovy>35</gx:fovy>
					<range>539.507251702089</range>
					<altitudeMode>absolute</altitudeMode>
				</LookAt>
				<styleUrl>#__managed_style_040E69523040DE0D9CB6</styleUrl>
				<Point>
					<coordinates>-5.665692177384401,40.96243849614775,798.5601772299013</coordinates>
				</Point>
			</Placemark>
			<Placemark id="0EE9A1C0353ED659A429">
				<gx:mid>/g/11m680z0kz</gx:mid>
				<gx:fid>0xd3f2615356f7619:0x9dde2acf9e90c37b</gx:fid>
				<LookAt>
					<longitude>-5.665778100000001</longitude>
					<latitude>40.96146299999999</latitude>
					<altitude>0</altitude>
					<heading>0</heading>
					<tilt>0</tilt>
					<gx:fovy>35</gx:fovy>
					<range>774.4291233615359</range>
					<altitudeMode>relativeToGround</altitudeMode>
				</LookAt>
				<styleUrl>#__managed_style_0833D987D240DE0D9CB1</styleUrl>
				<Point>
					<altitudeMode>relativeToGround</altitudeMode>
					<coordinates>-5.665793706651855,40.96130628752371,0</coordinates>
				</Point>
			</Placemark>
			<Placemark id="015B2023113ED65A585C">
				<name>Calle Zamora - רחוב מרכזי</name>
				<LookAt>
					<longitude>-5.663500438199708</longitude>
					<latitude>40.96759853229248</latitude>
					<altitude>814.3999918769159</altitude>
					<heading>357.0013245449919</heading>
					<tilt>0</tilt>
					<gx:fovy>35</gx:fovy>
					<range>700.9334831982414</range>
					<altitudeMode>absolute</altitudeMode>
				</LookAt>
				<styleUrl>#__managed_style_040E69523040DE0D9CB6</styleUrl>
				<Point>
					<coordinates>-5.663867452366676,40.96798872459268,801.7758535684585</coordinates>
				</Point>
			</Placemark>
			<Placemark id="0A1B816D5E3ED65AB799">
				<gx:mid>/g/11nbjj4yq8</gx:mid>
				<gx:fid>0xd476d0035511f93:0xad6da6403a6a0ae7</gx:fid>
				<LookAt>
					<longitude>-4.728661499999999</longitude>
					<latitude>41.6520517</latitude>
					<altitude>0</altitude>
					<heading>0</heading>
					<tilt>0</tilt>
					<gx:fovy>35</gx:fovy>
					<range>765.5169919285072</range>
					<altitudeMode>relativeToGround</altitudeMode>
				</LookAt>
				<styleUrl>#__managed_style_0833D987D240DE0D9CB1</styleUrl>
				<Point>
					<altitudeMode>relativeToGround</altitudeMode>
					<coordinates>-4.728661499999999,41.6520517,0</coordinates>
				</Point>
			</Placemark>
			<Placemark id="00D92388533ED65BF270">
				<gx:mid>/g/11xfjmsxd</gx:mid>
				<gx:fid>0xd4712b26d13f65b:0xdf16d60f614be34e</gx:fid>
				<LookAt>
					<longitude>-4.723862599999999</longitude>
					<latitude>41.6533536</latitude>
					<altitude>0</altitude>
					<heading>0</heading>
					<tilt>0</tilt>
					<gx:fovy>35</gx:fovy>
					<range>765.5000907586144</range>
					<altitudeMode>relativeToGround</altitudeMode>
				</LookAt>
				<styleUrl>#__managed_style_0833D987D240DE0D9CB1</styleUrl>
				<Point>
					<altitudeMode>relativeToGround</altitudeMode>
					<coordinates>-4.723524187545226,41.65342713138146,0</coordinates>
				</Point>
			</Placemark>
			<Placemark id="02477912013ED65CA9F3">
				<gx:mid>/g/12pgcnq0t</gx:mid>
				<gx:fid>0xd4712acf78ee083:0x553198e5bf58e59c</gx:fid>
				<LookAt>
					<longitude>-4.7250985</longitude>
					<latitude>41.6568801</latitude>
					<altitude>0</altitude>
					<heading>0</heading>
					<tilt>0</tilt>
					<gx:fovy>35</gx:fovy>
					<range>765.4543081169935</range>
					<altitudeMode>relativeToGround</altitudeMode>
				</LookAt>
				<styleUrl>#__managed_style_0833D987D240DE0D9CB1</styleUrl>
				<Point>
					<altitudeMode>relativeToGround</altitudeMode>
					<coordinates>-4.7250985,41.6568801,0</coordinates>
				</Point>
			</Placemark>
			<Placemark id="033F1287BD3ED65CE1A6">
				<gx:mid>/g/11c0pzh2mc</gx:mid>
				<gx:fid>0xd4712ac1ef99b9f:0x6a33a32ff603987f</gx:fid>
				<LookAt>
					<longitude>-4.7223639</longitude>
					<latitude>41.6577995</latitude>
					<altitude>0</altitude>
					<heading>0</heading>
					<tilt>0</tilt>
					<gx:fovy>35</gx:fovy>
					<range>765.4423715932955</range>
					<altitudeMode>relativeToGround</altitudeMode>
				</LookAt>
				<styleUrl>#__managed_style_1D16B8BDC340DE0D9CB8</styleUrl>
				<Point>
					<altitudeMode>relativeToGround</altitudeMode>
					<coordinates>-4.7223639,41.6577995,0</coordinates>
				</Point>
			</Placemark>
			<Placemark id="0A629838763ED65F8527">
				<gx:mid>/g/121yh966</gx:mid>
				<gx:fid>0xd476d4e7e5b0053:0xaa380417d7482c5</gx:fid>
				<LookAt>
					<longitude>-4.7328337</longitude>
					<latitude>41.6529576</latitude>
					<altitude>0</altitude>
					<heading>0</heading>
					<tilt>0</tilt>
					<gx:fovy>35</gx:fovy>
					<range>765.5052316410183</range>
					<altitudeMode>relativeToGround</altitudeMode>
				</LookAt>
				<styleUrl>#__managed_style_1F00F1C52540DE0D9CB4</styleUrl>
				<Point>
					<altitudeMode>relativeToGround</altitudeMode>
					<coordinates>-4.7328337,41.6529576,0</coordinates>
				</Point>
			</Placemark>
			<Placemark id="0EA9472BF23ED65FD1F0">
				<gx:mid>/g/1230jtt0</gx:mid>
				<gx:fid>0xd476d529c8c2799:0x247882820a620543</gx:fid>
				<LookAt>
					<longitude>-4.7303086</longitude>
					<latitude>41.6545538</latitude>
					<altitude>0</altitude>
					<heading>0</heading>
					<tilt>0</tilt>
					<gx:fovy>35</gx:fovy>
					<range>765.484509519338</range>
					<altitudeMode>relativeToGround</altitudeMode>
				</LookAt>
				<styleUrl>#__managed_style_1D16B8BDC340DE0D9CB8</styleUrl>
				<Point>
					<altitudeMode>relativeToGround</altitudeMode>
					<coordinates>-4.7303086,41.6545538,0</coordinates>
				</Point>
			</Placemark>
			<Placemark id="02F255AF773ED660C31C">
				<gx:mid>/g/122dlptt</gx:mid>
				<gx:fid>0xd476d0aaf38a6c1:0xad3d17a0ecaf0b17</gx:fid>
				<LookAt>
					<longitude>-4.7284655</longitude>
					<latitude>41.6536535</latitude>
					<altitude>0</altitude>
					<heading>0</heading>
					<tilt>0</tilt>
					<gx:fovy>35</gx:fovy>
					<range>765.4961974259115</range>
					<altitudeMode>relativeToGround</altitudeMode>
				</LookAt>
				<styleUrl>#__managed_style_0833D987D240DE0D9CB1</styleUrl>
				<Point>
					<altitudeMode>relativeToGround</altitudeMode>
					<coordinates>-4.7284655,41.6536535,0</coordinates>
				</Point>
			</Placemark>
			<Placemark id="05D776E87C3ED66BE2D0">
				<gx:mid>/g/11bw2j3ld3</gx:mid>
				<gx:fid>0xd36a1492bae9cc7:0xd1fd01e5ec86446a</gx:fid>
				<LookAt>
					<longitude>-6.1449328</longitude>
					<latitude>43.5639024</latitude>
					<altitude>0</altitude>
					<heading>0</heading>
					<tilt>0</tilt>
					<gx:fovy>35</gx:fovy>
					<range>740.3014950256178</range>
					<altitudeMode>relativeToGround</altitudeMode>
				</LookAt>
				<styleUrl>#__managed_style_1DAAFA570140DE0D9CB3</styleUrl>
				<Point>
					<altitudeMode>relativeToGround</altitudeMode>
					<coordinates>-6.144853918898074,43.56393840366545,0</coordinates>
				</Point>
			</Placemark>
			<Placemark id="04E6BF76373ED66C3B44">
				<gx:mid>/g/11bw224lwy</gx:mid>
				<gx:fid>0xd36a148d3fb9093:0xbb4cc10378601cb3</gx:fid>
				<LookAt>
					<longitude>-6.144386</longitude>
					<latitude>43.564034</latitude>
					<altitude>0</altitude>
					<heading>0</heading>
					<tilt>0</tilt>
					<gx:fovy>35</gx:fovy>
					<range>740.2997325515976</range>
					<altitudeMode>relativeToGround</altitudeMode>
				</LookAt>
				<styleUrl>#__managed_style_1DAAFA570140DE0D9CB3</styleUrl>
				<Point>
					<altitudeMode>relativeToGround</altitudeMode>
					<coordinates>-6.144386,43.564034,0</coordinates>
				</Point>
			</Placemark>
			<Placemark id="0FD012DD683ED66C7DBF">
				<gx:mid>/g/11xc9ky42</gx:mid>
				<gx:fid>0xd36a14edbe93615:0xd5eb175555a3c8c4</gx:fid>
				<LookAt>
					<longitude>-6.1454312</longitude>
					<latitude>43.5631368</latitude>
					<altitude>0</altitude>
					<heading>0</heading>
					<tilt>0</tilt>
					<gx:fovy>35</gx:fovy>
					<range>740.3117483740843</range>
					<altitudeMode>relativeToGround</altitudeMode>
				</LookAt>
				<styleUrl>#__managed_style_07D356DD7F40DE0D9CC8</styleUrl>
				<Point>
					<altitudeMode>relativeToGround</altitudeMode>
					<coordinates>-6.145213956406021,43.563169073201,0</coordinates>
				</Point>
			</Placemark>
			<Placemark id="0F7E4BC5A43ED66D66C7">
				<gx:mid>/g/11h_6xhf42</gx:mid>
				<gx:fid>0xd36a1baf24564f3:0xbc44b1d830afb9e8</gx:fid>
				<LookAt>
					<longitude>-6.1456962</longitude>
					<latitude>43.5642887</latitude>
					<altitude>0</altitude>
					<heading>0</heading>
					<tilt>0</tilt>
					<gx:fovy>35</gx:fovy>
					<range>740.2963214308771</range>
					<altitudeMode>relativeToGround</altitudeMode>
				</LookAt>
				<styleUrl>#__managed_style_1DAAFA570140DE0D9CB3</styleUrl>
				<Point>
					<altitudeMode>relativeToGround</altitudeMode>
					<coordinates>-6.1456962,43.5642887,0</coordinates>
				</Point>
			</Placemark>
			<Placemark id="0E00B3464E3ED66DC354">
				<gx:mid>/g/11g8cmvl9k</gx:mid>
				<gx:fid>0xd36a14e95357093:0x19897a6c39eef362</gx:fid>
				<LookAt>
					<longitude>-6.146031199999999</longitude>
					<latitude>43.5622494</latitude>
					<altitude>0</altitude>
					<heading>0</heading>
					<tilt>0</tilt>
					<gx:fovy>35</gx:fovy>
					<range>740.3236327837021</range>
					<altitudeMode>relativeToGround</altitudeMode>
				</LookAt>
				<styleUrl>#__managed_style_1DAAFA570140DE0D9CB3</styleUrl>
				<Point>
					<altitudeMode>relativeToGround</altitudeMode>
					<coordinates>-6.146031199999999,43.5622494,0</coordinates>
				</Point>
			</Placemark>
			<Placemark id="0F9C656A973ED66E04C3">
				<gx:mid>/g/11gv16cfxn</gx:mid>
				<gx:fid>0xd36a125b471c1b7:0x72c3bf7ea54b097c</gx:fid>
				<LookAt>
					<longitude>-6.1457444</longitude>
					<latitude>43.56314829999999</latitude>
					<altitude>0</altitude>
					<heading>0</heading>
					<tilt>0</tilt>
					<gx:fovy>35</gx:fovy>
					<range>740.3115943604831</range>
					<altitudeMode>relativeToGround</altitudeMode>
				</LookAt>
				<styleUrl>#__managed_style_1DAAFA570140DE0D9CB3</styleUrl>
				<Point>
					<altitudeMode>relativeToGround</altitudeMode>
					<coordinates>-6.145744399999999,43.56314829999999,0</coordinates>
				</Point>
			</Placemark>
			<Placemark id="0869DDAB843ED66E58CC">
				<gx:mid>/m/04gpm0y</gx:mid>
				<gx:fid>0xd494b1833ea3319:0xb3b371589feef001</gx:fid>
				<LookAt>
					<longitude>-3.766296800000001</longitude>
					<latitude>43.46922385</latitude>
					<altitude>0</altitude>
					<heading>0</heading>
					<tilt>0</tilt>
					<gx:fovy>35</gx:fovy>
					<range>741.568553198756</range>
					<altitudeMode>relativeToGround</altitudeMode>
				</LookAt>
				<styleUrl>#__managed_style_0833D987D240DE0D9CB1</styleUrl>
				<Point>
					<altitudeMode>relativeToGround</altitudeMode>
					<coordinates>-3.7661408,43.469409,0</coordinates>
				</Point>
			</Placemark>
			<Placemark id="06F53862573ED66E9000">
				<gx:mid>/g/11g5_f1hv2</gx:mid>
				<gx:fid>0xd494b18c3a55c99:0xda9548b5b01e9c6e</gx:fid>
				<LookAt>
					<longitude>-3.765348</longitude>
					<latitude>43.4662117</latitude>
					<altitude>0</altitude>
					<heading>0</heading>
					<tilt>0</tilt>
					<gx:fovy>35</gx:fovy>
					<range>741.6088331864556</range>
					<altitudeMode>relativeToGround</altitudeMode>
				</LookAt>
				<styleUrl>#__managed_style_1DAAFA570140DE0D9CB3</styleUrl>
				<Point>
					<altitudeMode>relativeToGround</altitudeMode>
					<coordinates>-3.765348,43.4662117,0</coordinates>
				</Point>
			</Placemark>
			<Placemark id="0C48229D2D3ED75872D6">
				<gx:mid>/g/11gg9kxxjc</gx:mid>
				<gx:fid>0x12a3804efa0b201b:0x667324bf7a5b62fa</gx:fid>
				<LookAt>
					<longitude>1.8039656</longitude>
					<latitude>41.23305509999999</latitude>
					<altitude>0</altitude>
					<heading>0</heading>
					<tilt>0</tilt>
					<gx:fovy>35</gx:fovy>
					<range>3943.359972046004</range>
					<altitudeMode>relativeToGround</altitudeMode>
				</LookAt>
				<styleUrl>#__managed_style_338D6BD7BC40DE0D9CB4</styleUrl>
				<Point>
					<altitudeMode>relativeToGround</altitudeMode>
					<coordinates>1.8039656,41.2330556,0</coordinates>
				</Point>
			</Placemark>
			<Placemark id="02980EFF7E3ED77B4FB0">
				<gx:mid>/g/11wbhhwzxx</gx:mid>
				<gx:fid>0x129947000e7d2a8b:0x802185abbaa2a536</gx:fid>
				<LookAt>
					<longitude>1.4393366</longitude>
					<latitude>38.909031</latitude>
					<altitude>0</altitude>
					<heading>0</heading>
					<tilt>0</tilt>
					<gx:fovy>35</gx:fovy>
					<range>800.2758801221877</range>
					<altitudeMode>relativeToGround</altitudeMode>
				</LookAt>
				<styleUrl>#__managed_style_0833D987D240DE0D9CB1</styleUrl>
				<Point>
					<altitudeMode>relativeToGround</altitudeMode>
					<coordinates>1.4393366,38.909031,0</coordinates>
				</Point>
			</Placemark>
			<Placemark id="019697A9973ED77BC1F4">
				<name>Calle de la Virgen</name>
				<LookAt>
					<longitude>1.438304127942998</longitude>
					<latitude>38.90917803278612</latitude>
					<altitude>22.19363797275541</altitude>
					<heading>0.6360792043069415</heading>
					<tilt>0</tilt>
					<gx:fovy>35</gx:fovy>
					<range>302.4334846859347</range>
					<altitudeMode>absolute</altitudeMode>
				</LookAt>
				<styleUrl>#__managed_style_0E97152A3F40DE0D9CB8</styleUrl>
				<LineString>
					<coordinates>
						1.440967110719609,38.90895875564742,0 1.440353805155894,38.90886254269473,0 1.439944606838264,38.90884478065011,0 1.439649610997229,38.90893913087358,0 1.43936017354976,38.90902194657268,0 1.438647316711981,38.90915519079893,0 1.438011532805719,38.90927827666847,0 1.437633657158126,38.90919730157364,0 
					</coordinates>
				</LineString>
			</Placemark>
			<Placemark id="019C9893153ED77BE5E4">
				<gx:mid>/g/11fzd1nvry</gx:mid>
				<gx:fid>0x129946b1a9b2fb39:0x81af7f57377c30ed</gx:fid>
				<LookAt>
					<longitude>1.4366619</longitude>
					<latitude>38.90827989999999</latitude>
					<altitude>0</altitude>
					<heading>0</heading>
					<tilt>0</tilt>
					<gx:fovy>35</gx:fovy>
					<range>800.2851594372128</range>
					<altitudeMode>relativeToGround</altitudeMode>
				</LookAt>
				<styleUrl>#__managed_style_0833D987D240DE0D9CB1</styleUrl>
				<Point>
					<altitudeMode>relativeToGround</altitudeMode>
					<coordinates>1.4366619,38.9082799,0</coordinates>
				</Point>
			</Placemark>
			<Placemark id="0CB500D8E23ED77C1D34">
				<gx:mid>/g/11y207y1hb</gx:mid>
				<gx:fid>0x129947df2cd00a91:0xf0a8bcab6702ecb</gx:fid>
				<LookAt>
					<longitude>1.4383483</longitude>
					<latitude>38.9069404</latitude>
					<altitude>0</altitude>
					<heading>0</heading>
					<tilt>0</tilt>
					<gx:fovy>35</gx:fovy>
					<range>800.30170769116</range>
					<altitudeMode>relativeToGround</altitudeMode>
				</LookAt>
				<styleUrl>#__managed_style_1DAAFA570140DE0D9CB3</styleUrl>
				<Point>
					<altitudeMode>relativeToGround</altitudeMode>
					<coordinates>1.4383483,38.9069404,0</coordinates>
				</Point>
			</Placemark>
			<Placemark id="03AAA63EF03ED77C6850">
				<gx:mid>/g/11c6cdg_0s</gx:mid>
				<gx:fid>0x129946b1a9cf06bf:0x1ccc15026d56cb90</gx:fid>
				<LookAt>
					<longitude>1.4366502</longitude>
					<latitude>38.9067529</latitude>
					<altitude>0</altitude>
					<heading>0</heading>
					<tilt>0</tilt>
					<gx:fovy>35</gx:fovy>
					<range>800.3040240422049</range>
					<altitudeMode>relativeToGround</altitudeMode>
				</LookAt>
				<styleUrl>#__managed_style_0833D987D240DE0D9CB1</styleUrl>
				<Point>
					<altitudeMode>relativeToGround</altitudeMode>
					<coordinates>1.4366502,38.9067529,0</coordinates>
				</Point>
			</Placemark>
			<Placemark id="0092ED3E693ED77CB04E">
				<gx:mid>/g/120tb1qp</gx:mid>
				<gx:fid>0x129946bb67f053ab:0x79c4e31b18a27d9</gx:fid>
				<LookAt>
					<longitude>1.4295112</longitude>
					<latitude>38.9071496</latitude>
					<altitude>0</altitude>
					<heading>0</heading>
					<tilt>0</tilt>
					<gx:fovy>35</gx:fovy>
					<range>800.2991232512655</range>
					<altitudeMode>relativeToGround</altitudeMode>
				</LookAt>
				<styleUrl>#__managed_style_1D16B8BDC340DE0D9CB8</styleUrl>
				<Point>
					<altitudeMode>relativeToGround</altitudeMode>
					<coordinates>1.4295112,38.9071496,0</coordinates>
				</Point>
			</Placemark>
			<Placemark id="048AC2023B3ED77D1AF7">
				<gx:mid>/m/0ch2sb</gx:mid>
				<gx:fid>0x129945f525ccb1af:0x26b2c4550d80550b</gx:fid>
				<LookAt>
					<longitude>1.3722454</longitude>
					<latitude>38.8739301</latitude>
					<altitude>0</altitude>
					<heading>0</heading>
					<tilt>0</tilt>
					<gx:fovy>35</gx:fovy>
					<range>800.7093844485329</range>
					<altitudeMode>relativeToGround</altitudeMode>
				</LookAt>
				<styleUrl>#__managed_style_3EA7CF16D140DE0D9CBC</styleUrl>
				<Point>
					<altitudeMode>relativeToGround</altitudeMode>
					<coordinates>1.3722454,38.8739301,0</coordinates>
				</Point>
			</Placemark>
			<Placemark id="06BB6DC60D3ED77E025E">
				<gx:mid>/g/11b_1m37py</gx:mid>
				<gx:fid>0x1299469810d04091:0x4a56a119a6112757</gx:fid>
				<LookAt>
					<longitude>1.4234124</longitude>
					<latitude>38.90528920000001</latitude>
					<altitude>0</altitude>
					<heading>0</heading>
					<tilt>0</tilt>
					<gx:fovy>35</gx:fovy>
					<range>800.3221061189479</range>
					<altitudeMode>relativeToGround</altitudeMode>
				</LookAt>
				<styleUrl>#__managed_style_338D6BD7BC40DE0D9CB4</styleUrl>
				<Point>
					<altitudeMode>relativeToGround</altitudeMode>
					<coordinates>1.4234124,38.9052892,0</coordinates>
				</Point>
			</Placemark>
			<Placemark id="0D02C1CF9E3ED77EA684">
				<name>טיילת</name>
				<LookAt>
					<longitude>1.421061245829964</longitude>
					<latitude>38.90187952375437</latitude>
					<altitude>1.689050898687599</altitude>
					<heading>8.611288616139317e-09</heading>
					<tilt>0.1362042526374785</tilt>
					<gx:fovy>35</gx:fovy>
					<range>224.7363308769491</range>
					<altitudeMode>absolute</altitudeMode>
				</LookAt>
				<styleUrl>#__managed_style_0E97152A3F40DE0D9CB8</styleUrl>
				<LineString>
					<coordinates>
						1.427989886278882,38.90443120887233,0 1.427288128437705,38.90469605338164,0 1.426283934898702,38.90476531117919,0 1.425799363241622,38.90485655569042,0 1.425324158641732,38.90488672285747,0 1.424813231431452,38.90488646467691,0 1.424532947575867,38.90512884700318,0 1.424296944571128,38.90525661413581,0 1.424049065533153,38.90536132804434,0 1.423422711270976,38.90520229234136,0 1.423068665942462,38.90504863027485,0 1.422858986284345,38.90486777311258,0 1.422739281830256,38.90452614778123,0 1.422368901161961,38.90432747738127,0 1.421821964397543,38.90417377223945,0 1.421299143289336,38.90414271881614,0 1.420956595184735,38.90403985921995,0 1.420744470589166,38.90390439209615,0 1.420640179128398,38.90371082561283,0 1.420501582349925,38.90334773220858,0 1.420540822802911,38.90295554291193,0 1.420580855388898,38.90271445409526,0 1.420455704921308,38.90211990197927,0 1.420467648762265,38.90199860689624,0 
					</coordinates>
				</LineString>
			</Placemark>
			<Placemark id="0D62824D4A3ED77F9438">
				<gx:mid>/g/11ddz8qr5_</gx:mid>
				<gx:fid>0x12994b467fda5a41:0xfcb9a75f19f66567</gx:fid>
				<LookAt>
					<longitude>1.224123</longitude>
					<latitude>38.9135535</latitude>
					<altitude>0</altitude>
					<heading>0</heading>
					<tilt>0</tilt>
					<gx:fovy>35</gx:fovy>
					<range>800.22000497613</range>
					<altitudeMode>relativeToGround</altitudeMode>
				</LookAt>
				<styleUrl>#__managed_style_338D6BD7BC40DE0D9CB4</styleUrl>
				<Point>
					<altitudeMode>relativeToGround</altitudeMode>
					<coordinates>1.224123,38.9135535,0</coordinates>
				</Point>
			</Placemark>
			<Placemark id="06B2342DC23ED780A024">
				<gx:mid>/g/12mkvn7q5</gx:mid>
				<gx:fid>0x129936078ee93509:0xa50a3c7b3f980cad</gx:fid>
				<LookAt>
					<longitude>1.2895037</longitude>
					<latitude>38.9892785</latitude>
					<altitude>0</altitude>
					<heading>0</heading>
					<tilt>0</tilt>
					<gx:fovy>35</gx:fovy>
					<range>799.2837096320291</range>
					<altitudeMode>relativeToGround</altitudeMode>
				</LookAt>
				<styleUrl>#__managed_style_0833D987D240DE0D9CB1</styleUrl>
				<Point>
					<altitudeMode>relativeToGround</altitudeMode>
					<coordinates>1.2895037,38.9892785,0</coordinates>
				</Point>
			</Placemark>
			<Placemark id="01272FCAAE3ED78107FF">
				<gx:mid>/g/11f320pkph</gx:mid>
				<gx:fid>0x129936c28ed36b35:0x5be2f5bdcd191cb2</gx:fid>
				<LookAt>
					<longitude>1.3165288</longitude>
					<latitude>39.0417961</latitude>
					<altitude>0</altitude>
					<heading>0</heading>
					<tilt>0</tilt>
					<gx:fovy>35</gx:fovy>
					<range>798.6335645374595</range>
					<altitudeMode>relativeToGround</altitudeMode>
				</LookAt>
				<styleUrl>#__managed_style_1DAAFA570140DE0D9CB3</styleUrl>
				<Point>
					<altitudeMode>relativeToGround</altitudeMode>
					<coordinates>1.3165288,39.0417961,0</coordinates>
				</Point>
			</Placemark>
			<Placemark id="0CEC4FD8DB3ED7818ECB">
				<gx:mid>/g/11dxl6c_k8</gx:mid>
				<gx:fid>0x1299114bf17c19eb:0x70a590e8d6153379</gx:fid>
				<LookAt>
					<longitude>1.602352</longitude>
					<latitude>39.07620050000001</latitude>
					<altitude>0</altitude>
					<heading>0</heading>
					<tilt>0</tilt>
					<gx:fovy>35</gx:fovy>
					<range>798.2073001619348</range>
					<altitudeMode>relativeToGround</altitudeMode>
				</LookAt>
				<styleUrl>#__managed_style_1DAAFA570140DE0D9CB3</styleUrl>
				<Point>
					<altitudeMode>relativeToGround</altitudeMode>
					<coordinates>1.602352,39.0762005,0</coordinates>
				</Point>
			</Placemark>
			<Placemark id="0228F40ED23ED782F03F">
				<gx:mid>/g/11y0fhgzhd</gx:mid>
				<gx:fid>0x12be050049bef745:0xb5887a49677dfa51</gx:fid>
				<LookAt>
					<longitude>3.8394554</longitude>
					<latitude>40.00240589999999</latitude>
					<altitude>0</altitude>
					<heading>0</heading>
					<tilt>0</tilt>
					<gx:fovy>35</gx:fovy>
					<range>786.6276730854654</range>
					<altitudeMode>relativeToGround</altitudeMode>
				</LookAt>
				<styleUrl>#__managed_style_0833D987D240DE0D9CB1</styleUrl>
				<Point>
					<altitudeMode>relativeToGround</altitudeMode>
					<coordinates>3.8394554,40.0024059,0</coordinates>
				</Point>
			</Placemark>
			<Placemark id="0E5060BBF73ED7830F10">
				<gx:mid>/g/11bw50twcg</gx:mid>
				<gx:fid>0x12be040bccf35173:0xd7ad0b256a4e0b3a</gx:fid>
				<LookAt>
					<longitude>3.8408589</longitude>
					<latitude>40.0025445</latitude>
					<altitude>0</altitude>
					<heading>0</heading>
					<tilt>0</tilt>
					<gx:fovy>35</gx:fovy>
					<range>786.6259253731016</range>
					<altitudeMode>relativeToGround</altitudeMode>
				</LookAt>
				<styleUrl>#__managed_style_0833D987D240DE0D9CB1</styleUrl>
				<Point>
					<altitudeMode>relativeToGround</altitudeMode>
					<coordinates>3.8408589,40.0025445,0</coordinates>
				</Point>
			</Placemark>
			<Placemark id="0D1CF62FF23ED783AAB4">
				<gx:mid>/g/11b808y5f7</gx:mid>
				<gx:fid>0x12be015500463ee9:0x8b30219a88055c5f</gx:fid>
				<LookAt>
					<longitude>3.8223745</longitude>
					<latitude>39.9980229</latitude>
					<altitude>0</altitude>
					<heading>0</heading>
					<tilt>0</tilt>
					<gx:fovy>35</gx:fovy>
					<range>786.6829393689011</range>
					<altitudeMode>relativeToGround</altitudeMode>
				</LookAt>
				<styleUrl>#__managed_style_1DAAFA570140DE0D9CB3</styleUrl>
				<Point>
					<altitudeMode>relativeToGround</altitudeMode>
					<coordinates>3.8223745,39.9980229,0</coordinates>
				</Point>
			</Placemark>
			<Placemark id="0041C0843B3ED783D4D0">
				<gx:mid>/g/11k0nflc9b</gx:mid>
				<gx:fid>0x12be07e60e4ed17d:0xa06258c36d9e4f61</gx:fid>
				<LookAt>
					<longitude>3.813494699999999</longitude>
					<latitude>40.0008893</latitude>
					<altitude>0</altitude>
					<heading>0</heading>
					<tilt>0</tilt>
					<gx:fovy>35</gx:fovy>
					<range>786.6467967542551</range>
					<altitudeMode>relativeToGround</altitudeMode>
				</LookAt>
				<styleUrl>#__managed_style_338D6BD7BC40DE0D9CB4</styleUrl>
				<Point>
					<altitudeMode>relativeToGround</altitudeMode>
					<coordinates>3.8134947,40.0008893,0</coordinates>
				</Point>
			</Placemark>
			<Placemark id="009169B3803ED783FC9C">
				<gx:mid>/g/11b880trhn</gx:mid>
				<gx:fid>0x12be014c9e8ee0cb:0xd95010a3d22247a8</gx:fid>
				<LookAt>
					<longitude>3.806859399999999</longitude>
					<latitude>40.0007625</latitude>
					<altitude>0</altitude>
					<heading>0</heading>
					<tilt>0</tilt>
					<gx:fovy>35</gx:fovy>
					<range>786.6483956233034</range>
					<altitudeMode>relativeToGround</altitudeMode>
				</LookAt>
				<styleUrl>#__managed_style_0833D987D240DE0D9CB1</styleUrl>
				<Point>
					<altitudeMode>relativeToGround</altitudeMode>
					<coordinates>3.8068594,40.0007625,0</coordinates>
				</Point>
			</Placemark>
			<Placemark id="0229FEFA493ED7853974">
				<name>רחוב ראשי</name>
				<LookAt>
					<longitude>3.839979475302655</longitude>
					<latitude>40.00214727906427</latitude>
					<altitude>24.18472543040323</altitude>
					<heading>8.782807719601049</heading>
					<tilt>0</tilt>
					<gx:fovy>35</gx:fovy>
					<range>301.6287120809648</range>
					<altitudeMode>absolute</altitudeMode>
				</LookAt>
				<styleUrl>#__managed_style_0E97152A3F40DE0D9CB8</styleUrl>
				<LineString>
					<coordinates>
						3.836629420824831,40.00107755523918,0 3.837685184224295,40.00153776689562,0 3.837858649388468,40.00170379467234,0 3.838479501872012,40.00206897320835,0 3.839114024467178,40.00224496022329,0 3.839611557881686,40.00241647360738,0 3.840015297772805,40.00244106657023,0 3.840716344460067,40.00250229893968,0 
					</coordinates>
				</LineString>
			</Placemark>
			<Placemark id="0A5265A6F83ED785AA9C">
				<gx:mid>/g/11ld6zh34w</gx:mid>
				<gx:fid>0x12be05005fe879a1:0x40d1b7e177396848</gx:fid>
				<LookAt>
					<longitude>3.835387599999999</longitude>
					<latitude>40.0009899</latitude>
					<altitude>0</altitude>
					<heading>0</heading>
					<tilt>0</tilt>
					<gx:fovy>35</gx:fovy>
					<range>786.6455282482582</range>
					<altitudeMode>relativeToGround</altitudeMode>
				</LookAt>
				<styleUrl>#__managed_style_1DAAFA570140DE0D9CB3</styleUrl>
				<Point>
					<altitudeMode>relativeToGround</altitudeMode>
					<coordinates>3.8355867,40.0010579,0</coordinates>
				</Point>
			</Placemark>
			<Placemark id="0ADF21C4ED3ED7862330">
				<gx:mid>/g/11cr_7n1ng</gx:mid>
				<gx:fid>0x12be03fbbaa9ee03:0xe3aeaafe5a9bbb90</gx:fid>
				<LookAt>
					<longitude>3.831814499999999</longitude>
					<latitude>39.99313449999999</latitude>
					<altitude>0</altitude>
					<heading>0</heading>
					<tilt>0</tilt>
					<gx:fovy>35</gx:fovy>
					<range>786.7445731393069</range>
					<altitudeMode>relativeToGround</altitudeMode>
				</LookAt>
				<styleUrl>#__managed_style_1DAAFA570140DE0D9CB3</styleUrl>
				<Point>
					<altitudeMode>relativeToGround</altitudeMode>
					<coordinates>3.8318145,39.9931345,0</coordinates>
				</Point>
			</Placemark>
			<Placemark id="06336D1E3E3ED786B644">
				<gx:mid>/g/11g3_3z2gh</gx:mid>
				<gx:fid>0x12be03c9ee500e97:0xf19d70f49ccf608</gx:fid>
				<LookAt>
					<longitude>3.839407199999999</longitude>
					<latitude>39.97833869999999</latitude>
					<altitude>0</altitude>
					<heading>0</heading>
					<tilt>0</tilt>
					<gx:fovy>35</gx:fovy>
					<range>786.9310875191908</range>
					<altitudeMode>relativeToGround</altitudeMode>
				</LookAt>
				<styleUrl>#__managed_style_1DAAFA570140DE0D9CB3</styleUrl>
				<Point>
					<altitudeMode>relativeToGround</altitudeMode>
					<coordinates>3.8394072,39.97833869999999,0</coordinates>
				</Point>
			</Placemark>
			<Placemark id="0AEA9867653ED78D330E">
				<gx:mid>/g/11w962g9zt</gx:mid>
				<gx:fid>0x12bb1700699f856b:0xd4899427ec762ab</gx:fid>
				<LookAt>
					<longitude>2.8047645</longitude>
					<latitude>41.67596729999999</latitude>
					<altitude>0</altitude>
					<heading>0</heading>
					<tilt>0</tilt>
					<gx:fovy>35</gx:fovy>
					<range>765.2064617196519</range>
					<altitudeMode>relativeToGround</altitudeMode>
				</LookAt>
				<styleUrl>#__managed_style_1DAAFA570140DE0D9CB3</styleUrl>
				<Point>
					<altitudeMode>relativeToGround</altitudeMode>
					<coordinates>2.8047645,41.6759673,0</coordinates>
				</Point>
			</Placemark>
			<Placemark id="0BD4030C673ED78D6C54">
				<gx:mid>/g/11cn6963_v</gx:mid>
				<gx:fid>0x12bb1645fb32b2e7:0x9abc68242ff0f531</gx:fid>
				<LookAt>
					<longitude>2.8035743</longitude>
					<latitude>41.67567510000001</latitude>
					<altitude>0</altitude>
					<heading>0</heading>
					<tilt>0</tilt>
					<gx:fovy>35</gx:fovy>
					<range>765.2102565285537</range>
					<altitudeMode>relativeToGround</altitudeMode>
				</LookAt>
				<styleUrl>#__managed_style_0833D987D240DE0D9CB1</styleUrl>
				<Point>
					<altitudeMode>relativeToGround</altitudeMode>
					<coordinates>2.8035743,41.6756751,0</coordinates>
				</Point>
			</Placemark>
			<Placemark id="049D36882E3ED78DAA43">
				<gx:mid>/g/11lp69hp9f</gx:mid>
				<gx:fid>0x12bb17005eda13dd:0xd8a1f12ff326ba0f</gx:fid>
				<LookAt>
					<longitude>2.8482857</longitude>
					<latitude>41.69828770000001</latitude>
					<altitude>0</altitude>
					<heading>0</heading>
					<tilt>0</tilt>
					<gx:fovy>35</gx:fovy>
					<range>764.9165304762757</range>
					<altitudeMode>relativeToGround</altitudeMode>
				</LookAt>
				<styleUrl>#__managed_style_338D6BD7BC40DE0D9CB4</styleUrl>
				<Point>
					<altitudeMode>relativeToGround</altitudeMode>
					<coordinates>2.8482857,41.6982877,0</coordinates>
				</Point>
			</Placemark>
			<Placemark id="035D79AF8F3ED78E575E">
				<gx:mid>/g/11v602tj_g</gx:mid>
				<gx:fid>0x12bb11ecd9dafc97:0x33a72b0c388380bb</gx:fid>
				<LookAt>
					<longitude>2.862534</longitude>
					<latitude>41.6991885</latitude>
					<altitude>0</altitude>
					<heading>0</heading>
					<tilt>0</tilt>
					<gx:fovy>35</gx:fovy>
					<range>764.9048272129628</range>
					<altitudeMode>relativeToGround</altitudeMode>
				</LookAt>
				<styleUrl>#__managed_style_1DAAFA570140DE0D9CB3</styleUrl>
				<Point>
					<altitudeMode>relativeToGround</altitudeMode>
					<coordinates>2.862534,41.6991885,0</coordinates>
				</Point>
			</Placemark>
			<Placemark id="0FCBC44C9D3ED78FCA2C">
				<name>מן טיילת צוק עם נופים מרהיבי לים</name>
				<LookAt>
					<longitude>2.868143885587888</longitude>
					<latitude>41.69967635064626</latitude>
					<altitude>-0.9883824440667432</altitude>
					<heading>0</heading>
					<tilt>0</tilt>
					<gx:fovy>37.87283748323779</gx:fovy>
					<range>600.5385990466311</range>
					<altitudeMode>absolute</altitudeMode>
				</LookAt>
				<styleUrl>#__managed_style_0E97152A3F40DE0D9CB8</styleUrl>
				<LineString>
					<coordinates>
						2.860167550162076,41.69969320445995,0 2.860681035142791,41.69972564514637,0 2.860895891779833,41.69984202979157,0 2.860965499069186,41.69990231478799,0 2.861155551962069,41.69978753408387,0 2.861276160740214,41.69972877995107,0 2.861536611410844,41.69966682186744,0 2.861753265486444,41.69960934636941,0 2.861918600144109,41.69962324081136,0 2.862030029121214,41.69952740539055,0 2.862083746946282,41.699458965637,0 2.862218920542938,41.69945147133114,0 2.862210691331546,41.6993421926826,0 2.862443191495907,41.69926965763032,0 2.862469782323747,41.69925558297523,0 2.862591894809949,41.69942656507006,0 2.862669579714978,41.69952023824535,0 2.862805063521192,41.69960147824362,0 2.86299706089701,41.69964548758454,0 2.863190199059533,41.69953554238187,0 2.863237817175104,41.69948916261639,0 2.863451149988858,41.69954135772809,0 2.863666340412179,41.6995818483927,0 2.863858383369255,41.69965048078633,0 2.863969074331572,41.69954351479764,0 2.864100683530231,41.69937892786697,0 2.864153701888235,41.69936142110159,0 2.864198651355403,41.6994004298249,0 2.864155249033866,41.6993606032818,0 2.864100418618718,41.69937753689749,0 2.864020677789318,41.69945361117675,0 2.864185223735587,41.69962979799573,0 2.86433527493861,41.69962836844142,0 2.864406141456624,41.69968933962846,0 2.864542167085404,41.69970792150549,0 2.864663151216178,41.69968969010581,0 2.864766618493904,41.69960081591064,0 2.864946754843001,41.69961269236183,0 2.864984527939471,41.69951053485374,0 2.86507512946879,41.69941236271485,0 2.865096048137008,41.69934431746398,0 2.865129860744162,41.69931634966769,0 2.865240066271146,41.69933266549727,0 2.865291032024224,41.69931404330524,0 2.865409866731359,41.69934416223065,0 2.865468457439184,41.69929828342593,0 2.865477539447849,41.69919725195157,0 2.865465531867719,41.699072817298,0 2.865413810319635,41.69892926697165,0 2.865432520322282,41.69876430012371,0 2.865507290515938,41.69865194224345,0 2.865643077604652,41.69873262285226,0 2.865775187900734,41.69879801421958,0 2.865913724487377,41.6988543166941,0 2.866034273858942,41.69898126542895,0 2.866098469126404,41.69906280806447,0 2.866207255889361,41.6991521311515,0 2.866387455346018,41.69920483951856,0 2.866576294868937,41.69916395014798,0 2.866622370600866,41.69931169997216,0 2.866903960607599,41.6992699601763,0 2.867057518722882,41.69928885995768,0 2.867041459620614,41.69949033873642,0 2.867052232078939,41.69956544196025,0 2.867157756352459,41.6995901477158,0 2.867294495225923,41.69962402361462,0 2.867430851141801,41.69960237189898,0 2.867493165767441,41.69958691288137,0 2.867602258591135,41.69961448238916,0 2.867783511112287,41.69960681750585,0 2.867978123595896,41.69968512846201,0 2.868034823779164,41.69975142073164,0 2.868035136172955,41.6998385686305,0 2.868138833973681,41.69984472346996,0 2.868177589314238,41.69989040624791,0 2.868247552847245,41.69985946811943,0 2.868338198777267,41.69989205507306,0 2.86839815744282,41.69992365371908,0 2.868435156535429,41.69991438665841,0 2.868406088485422,41.70000382116066,0 2.868464840921778,41.70000890227088,0 2.868431745589244,41.70007652079369,0 2.868554925412905,41.70007717624338,0 2.868513244502122,41.70017353839006,0 2.868579977038399,41.70018590099218,0 2.868517282967165,41.70022428269134,0 2.868586935667272,41.70024776906495,0 2.868525548143848,41.70027964822582,0 2.868588944262842,41.70029406879645,0 2.868525648135443,41.70030932696779,0 2.868525355599107,41.70034769268328,0 
					</coordinates>
				</LineString>
			</Placemark>
			<Placemark id="02E0A7AB303ED79130F0">
				<name>טיילת עם דוכני אוכל</name>
				<LookAt>
					<longitude>2.849397913876168</longitude>
					<latitude>41.69917649249305</latitude>
					<altitude>1.961878315278485</altitude>
					<heading>0</heading>
					<tilt>0</tilt>
					<gx:fovy>35</gx:fovy>
					<range>267.6690557422262</range>
					<altitudeMode>absolute</altitudeMode>
				</LookAt>
				<styleUrl>#__managed_style_0E97152A3F40DE0D9CB8</styleUrl>
				<LineString>
					<coordinates>
						2.848042192877664,41.69873989591262,0 2.850561027150342,41.69957785951401,0 
					</coordinates>
				</LineString>
			</Placemark>
			<Placemark id="0F0883DBA23ED79280B7">
				<name>שדרה מרכזית</name>
				<LookAt>
					<longitude>2.847962887283633</longitude>
					<latitude>41.69933129177619</latitude>
					<altitude>13.95923521040326</altitude>
					<heading>0</heading>
					<tilt>0</tilt>
					<gx:fovy>35</gx:fovy>
					<range>794.8936631499964</range>
					<altitudeMode>absolute</altitudeMode>
				</LookAt>
				<styleUrl>#__managed_style_0E97152A3F40DE0D9CB8</styleUrl>
				<LineString>
					<coordinates>
						2.853949793150634,41.70110356708813,0 2.853001798494559,41.70079784885827,0 2.852477683310886,41.7006414399734,0 2.852125230968015,41.70048505596715,0 2.851669588365646,41.70028426057893,0 2.851444302471227,41.70017851869473,0 2.851211471624824,41.70012159482608,0 2.850240341576886,41.70003434243512,0 2.849288704881721,41.69995352822398,0 2.848789627157213,41.69984578594763,0 2.848122483902953,41.69965137673674,0 2.84753787426971,41.69946533789157,0 2.847293708363816,41.6993957419657,0 
					</coordinates>
				</LineString>
			</Placemark>
			<Placemark id="001B0DE7063ED7931974">
				<gx:mid>/g/128dgmkdc</gx:mid>
				<gx:fid>0x12bb10cc92080c7d:0xa3ca0f06cde34621</gx:fid>
				<LookAt>
					<longitude>2.8393409</longitude>
					<latitude>41.6938328</latitude>
					<altitude>0</altitude>
					<heading>0</heading>
					<tilt>0</tilt>
					<gx:fovy>35</gx:fovy>
					<range>764.974406252833</range>
					<altitudeMode>relativeToGround</altitudeMode>
				</LookAt>
				<styleUrl>#__managed_style_1DAAFA570140DE0D9CB3</styleUrl>
				<Point>
					<altitudeMode>relativeToGround</altitudeMode>
					<coordinates>2.8393409,41.6938328,0</coordinates>
				</Point>
			</Placemark>
			<Placemark id="07D4CA76703ED7935F67">
				<gx:mid>/g/11ll4yrxph</gx:mid>
				<gx:fid>0x12bb1731391965b3:0x939f5bcaee38b5da</gx:fid>
				<LookAt>
					<longitude>2.8429679</longitude>
					<latitude>41.6948387</latitude>
					<altitude>0</altitude>
					<heading>0</heading>
					<tilt>0</tilt>
					<gx:fovy>35</gx:fovy>
					<range>764.9613384981051</range>
					<altitudeMode>relativeToGround</altitudeMode>
				</LookAt>
				<styleUrl>#__managed_style_1DAAFA570140DE0D9CB3</styleUrl>
				<Point>
					<altitudeMode>relativeToGround</altitudeMode>
					<coordinates>2.842967899999999,41.6948387,0</coordinates>
				</Point>
			</Placemark>
			<Placemark id="0D6830E3D43ED7939FEF">
				<gx:mid>/g/11cmqkddb0</gx:mid>
				<gx:fid>0x12bb1724d0daec8d:0x7fd34e289aeb1035</gx:fid>
				<LookAt>
					<longitude>2.844888</longitude>
					<latitude>41.6951872</latitude>
					<altitude>0</altitude>
					<heading>0</heading>
					<tilt>0</tilt>
					<gx:fovy>35</gx:fovy>
					<range>764.956811045234</range>
					<altitudeMode>relativeToGround</altitudeMode>
				</LookAt>
				<styleUrl>#__managed_style_1DAAFA570140DE0D9CB3</styleUrl>
				<Point>
					<altitudeMode>relativeToGround</altitudeMode>
					<coordinates>2.844888,41.6951872,0</coordinates>
				</Point>
			</Placemark>
			<Placemark id="080639C5F63ED793DC38">
				<gx:mid>/g/11fkm9whcy</gx:mid>
				<gx:fid>0x12bb17071334718d:0x6ef6303f2d54f1</gx:fid>
				<LookAt>
					<longitude>2.8448548</longitude>
					<latitude>41.69536719999999</latitude>
					<altitude>0</altitude>
					<heading>0</heading>
					<tilt>0</tilt>
					<gx:fovy>35</gx:fovy>
					<range>764.954472608591</range>
					<altitudeMode>relativeToGround</altitudeMode>
				</LookAt>
				<styleUrl>#__managed_style_1DAAFA570140DE0D9CB3</styleUrl>
				<Point>
					<altitudeMode>relativeToGround</altitudeMode>
					<coordinates>2.844854799999999,41.6953672,0</coordinates>
				</Point>
			</Placemark>
			<Placemark id="091B385FCF3ED7945EB4">
				<gx:mid>/g/11lf71pz45</gx:mid>
				<gx:fid>0x12bb170064737339:0xc958f3cb08114ede</gx:fid>
				<LookAt>
					<longitude>2.8332184</longitude>
					<latitude>41.6943265</latitude>
					<altitude>0</altitude>
					<heading>0</heading>
					<tilt>0</tilt>
					<gx:fovy>35</gx:fovy>
					<range>764.9679925710764</range>
					<altitudeMode>relativeToGround</altitudeMode>
				</LookAt>
				<styleUrl>#__managed_style_338D6BD7BC40DE0D9CB4</styleUrl>
				<Point>
					<altitudeMode>relativeToGround</altitudeMode>
					<coordinates>2.8332184,41.6943265,0</coordinates>
				</Point>
			</Placemark>
			<Placemark id="0D9E3082383ED794A290">
				<gx:mid>/g/11fcqp35q3</gx:mid>
				<gx:fid>0x12bb17cde8633269:0x2194a2ceb8460cfc</gx:fid>
				<LookAt>
					<longitude>2.8293496</longitude>
					<latitude>41.6914951</latitude>
					<altitude>0</altitude>
					<heading>0</heading>
					<tilt>0</tilt>
					<gx:fovy>35</gx:fovy>
					<range>765.0047747027638</range>
					<altitudeMode>relativeToGround</altitudeMode>
				</LookAt>
				<styleUrl>#__managed_style_1DAAFA570140DE0D9CB3</styleUrl>
				<Point>
					<altitudeMode>relativeToGround</altitudeMode>
					<coordinates>2.8293496,41.6914951,0</coordinates>
				</Point>
			</Placemark>
			<Placemark id="0FE91E55FE3ED9E9F147">
				<gx:mid>/g/11bwtdp7nw</gx:mid>
				<gx:fid>0x12bae6e75c6a21c9:0xf0d6611959717a25</gx:fid>
				<LookAt>
					<longitude>2.8238813</longitude>
					<latitude>41.98456300000001</latitude>
					<altitude>0</altitude>
					<heading>0</heading>
					<tilt>0</tilt>
					<gx:fovy>35</gx:fovy>
					<range>761.1882413030928</range>
					<altitudeMode>relativeToGround</altitudeMode>
				</LookAt>
				<styleUrl>#__managed_style_33A66D2EAC40DE0D9CB8</styleUrl>
				<Point>
					<altitudeMode>relativeToGround</altitudeMode>
					<coordinates>2.8238813,41.984563,0</coordinates>
				</Point>
			</Placemark>
			<Placemark id="0A1CB763673ED9EB77CB">
				<gx:mid>/g/11bw4cjpsz</gx:mid>
				<gx:fid>0x12bae6e65879f4cb:0x1e3b8d62a6319591</gx:fid>
				<LookAt>
					<longitude>2.82534385</longitude>
					<latitude>41.98735499999999</latitude>
					<altitude>0</altitude>
					<heading>0</heading>
					<tilt>0</tilt>
					<gx:fovy>35</gx:fovy>
					<range>761.1517913931059</range>
					<altitudeMode>relativeToGround</altitudeMode>
				</LookAt>
				<styleUrl>#__managed_style_0833D987D240DE0D9CB1</styleUrl>
				<Point>
					<altitudeMode>relativeToGround</altitudeMode>
					<coordinates>2.8251096,41.9873473,0</coordinates>
				</Point>
			</Placemark>
			<Placemark id="0EC68429AD3ED9F5DD60">
				<gx:mid>/g/1q6fjds9v</gx:mid>
				<gx:fid>0x12bae6dd9a019947:0xab4479707c12b6b0</gx:fid>
				<LookAt>
					<longitude>2.825235299999999</longitude>
					<latitude>41.9859884</latitude>
					<altitude>0</altitude>
					<heading>0</heading>
					<tilt>0</tilt>
					<gx:fovy>35</gx:fovy>
					<range>761.1696327403755</range>
					<altitudeMode>relativeToGround</altitudeMode>
				</LookAt>
				<styleUrl>#__managed_style_1D16B8BDC340DE0D9CB8</styleUrl>
				<Point>
					<altitudeMode>relativeToGround</altitudeMode>
					<coordinates>2.825267499999999,41.98599,0</coordinates>
				</Point>
			</Placemark>
			<Placemark id="04C491D9523ED9F660CB">
				<name>שדרה מרכזית</name>
				<LookAt>
					<longitude>2.826607351847963</longitude>
					<latitude>41.98621118111122</latitude>
					<altitude>97.62501254237803</altitude>
					<heading>0</heading>
					<tilt>0</tilt>
					<gx:fovy>41.6432040018998</gx:fovy>
					<range>1284.315374225989</range>
					<altitudeMode>absolute</altitudeMode>
				</LookAt>
				<styleUrl>#__managed_style_1F58907B1B40DE0D9CBF</styleUrl>
				<LineString>
					<coordinates>
						2.823811762611899,41.98280216402364,0 2.824028442915858,41.98370455311226,0 2.824530131422616,41.98481446927077,0 2.82475781907173,41.985302687147,0 2.824969079290509,41.98533482964799,0 2.824972818527789,41.98564534511382,0 2.824674097846038,41.98642816857645,0 2.824440370892647,41.98686803320459,0 
					</coordinates>
				</LineString>
			</Placemark>
			<Placemark id="0B6381336C3ED9F6F4B6">
				<gx:mid>/g/122k62hk</gx:mid>
				<gx:fid>0x12bae6e887ef781d:0xac76871a09c7a43d</gx:fid>
				<LookAt>
					<longitude>2.828378</longitude>
					<latitude>41.9865806</latitude>
					<altitude>0</altitude>
					<heading>0</heading>
					<tilt>0</tilt>
					<gx:fovy>35</gx:fovy>
					<range>761.1619014529927</range>
					<altitudeMode>relativeToGround</altitudeMode>
				</LookAt>
				<styleUrl>#__managed_style_0833D987D240DE0D9CB1</styleUrl>
				<Point>
					<altitudeMode>relativeToGround</altitudeMode>
					<coordinates>2.828399099999999,41.9865488,0</coordinates>
				</Point>
			</Placemark>
			<Placemark id="088F8749873ED9F730A9">
				<gx:mid>/g/1234zqj5</gx:mid>
				<gx:fid>0x12bae6e66641607f:0x663569fe5b745709</gx:fid>
				<LookAt>
					<longitude>2.8257249</longitude>
					<latitude>41.9881709</latitude>
					<altitude>0</altitude>
					<heading>0</heading>
					<tilt>0</tilt>
					<gx:fovy>35</gx:fovy>
					<range>761.1411393945156</range>
					<altitudeMode>relativeToGround</altitudeMode>
				</LookAt>
				<styleUrl>#__managed_style_0833D987D240DE0D9CB1</styleUrl>
				<Point>
					<altitudeMode>relativeToGround</altitudeMode>
					<coordinates>2.8257249,41.9881709,0</coordinates>
				</Point>
			</Placemark>
			<Placemark id="0F308E62273ED9F7BADF">
				<gx:mid>/g/11y1wkxqjh</gx:mid>
				<gx:fid>0x12bae7257060847b:0xf02e393402f9b9df</gx:fid>
				<LookAt>
					<longitude>2.8302254</longitude>
					<latitude>41.9816762</latitude>
					<altitude>0</altitude>
					<heading>0</heading>
					<tilt>0</tilt>
					<gx:fovy>35</gx:fovy>
					<range>761.2259270466531</range>
					<altitudeMode>relativeToGround</altitudeMode>
				</LookAt>
				<styleUrl>#__managed_style_0833D987D240DE0D9CB1</styleUrl>
				<Point>
					<altitudeMode>relativeToGround</altitudeMode>
					<coordinates>2.8302254,41.9816762,0</coordinates>
				</Point>
			</Placemark>
			<Placemark id="0DBE08DAC33ED9F85051">
				<gx:mid>/g/11qsfzzr1_</gx:mid>
				<gx:fid>0x12bae581382dc105:0x9ad8343b878ab256</gx:fid>
				<LookAt>
					<longitude>2.8642925</longitude>
					<latitude>41.9783372</latitude>
					<altitude>0</altitude>
					<heading>0</heading>
					<tilt>0</tilt>
					<gx:fovy>35</gx:fovy>
					<range>761.269513764207</range>
					<altitudeMode>relativeToGround</altitudeMode>
				</LookAt>
				<styleUrl>#__managed_style_1DAAFA570140DE0D9CB3</styleUrl>
				<Point>
					<altitudeMode>relativeToGround</altitudeMode>
					<coordinates>2.8642925,41.9783372,0</coordinates>
				</Point>
			</Placemark>
			<Placemark id="09513C98393ED9F8EBEC">
				<gx:mid>/g/124xvrmgh</gx:mid>
				<gx:fid>0x12bae5d412811c9f:0x39355948d9cf4b80</gx:fid>
				<LookAt>
					<longitude>2.862088</longitude>
					<latitude>42.0068881</latitude>
					<altitude>0</altitude>
					<heading>0</heading>
					<tilt>0</tilt>
					<gx:fovy>35</gx:fovy>
					<range>760.896736658514</range>
					<altitudeMode>relativeToGround</altitudeMode>
				</LookAt>
				<styleUrl>#__managed_style_0833D987D240DE0D9CB1</styleUrl>
				<Point>
					<altitudeMode>relativeToGround</altitudeMode>
					<coordinates>2.862088,42.0068881,0</coordinates>
				</Point>
			</Placemark>
			<Placemark id="06F0F473203ED9FAA844">
				<gx:mid>/g/11g72fz6bp</gx:mid>
				<gx:fid>0x12ba5f135ee2be7f:0xd9c859ef5a624e66</gx:fid>
				<LookAt>
					<longitude>3.1188089</longitude>
					<latitude>42.13986539999999</latitude>
					<altitude>0</altitude>
					<heading>0</heading>
					<tilt>0</tilt>
					<gx:fovy>35</gx:fovy>
					<range>759.1581632331543</range>
					<altitudeMode>relativeToGround</altitudeMode>
				</LookAt>
				<styleUrl>#__managed_style_1DAAFA570140DE0D9CB3</styleUrl>
				<Point>
					<altitudeMode>relativeToGround</altitudeMode>
					<coordinates>3.118808899999999,42.1398654,0</coordinates>
				</Point>
			</Placemark>
			<Placemark id="079C67A15A3ED9FAC6A8">
				<gx:mid>/g/11vpr869c5</gx:mid>
				<gx:fid>0x12ba5f001af8b62f:0xa25bec994a65ce2f</gx:fid>
				<LookAt>
					<longitude>3.1189749</longitude>
					<latitude>42.13939999999999</latitude>
					<altitude>0</altitude>
					<heading>0</heading>
					<tilt>0</tilt>
					<gx:fovy>35</gx:fovy>
					<range>759.1642546934962</range>
					<altitudeMode>relativeToGround</altitudeMode>
				</LookAt>
				<styleUrl>#__managed_style_338D6BD7BC40DE0D9CB4</styleUrl>
				<Point>
					<altitudeMode>relativeToGround</altitudeMode>
					<coordinates>3.1189749,42.13939999999999,0</coordinates>
				</Point>
			</Placemark>
			<Placemark id="09BA87F3993EDA152029">
				<gx:mid>/g/11xfx87z8</gx:mid>
				<gx:fid>0x12ba8ddccd220bbd:0x589a19de0fa61274</gx:fid>
				<LookAt>
					<longitude>2.9607448</longitude>
					<latitude>42.2672475</latitude>
					<altitude>0</altitude>
					<heading>0</heading>
					<tilt>0</tilt>
					<gx:fovy>35</gx:fovy>
					<range>757.4891319403721</range>
					<altitudeMode>relativeToGround</altitudeMode>
				</LookAt>
				<styleUrl>#__managed_style_0833D987D240DE0D9CB1</styleUrl>
				<Point>
					<altitudeMode>relativeToGround</altitudeMode>
					<coordinates>2.9607448,42.2672475,0</coordinates>
				</Point>
			</Placemark>
			<Placemark id="0BAB16E5743EDA15E71F">
				<name>שדרה מרכזית</name>
				<LookAt>
					<longitude>2.961933174330842</longitude>
					<latitude>42.26797447528445</latitude>
					<altitude>33.20347375724717</altitude>
					<heading>359.7410749508019</heading>
					<tilt>0</tilt>
					<gx:fovy>35</gx:fovy>
					<range>400.7102375648537</range>
					<altitudeMode>absolute</altitudeMode>
				</LookAt>
				<styleUrl>#__managed_style_0E97152A3F40DE0D9CB8</styleUrl>
				<LineString>
					<coordinates>
						2.962487459492751,42.26823285365985,0 2.962199568363455,42.26797854218834,0 2.960861821846315,42.26748320029608,0 
					</coordinates>
				</LineString>
			</Placemark>
			<Placemark id="0C26F34CA13EDA16A1BC">
				<gx:mid>/m/0pzb8</gx:mid>
				<gx:fid>0x12ba8ddd391db6c9:0x493f0fc6074ca1f0</gx:fid>
				<LookAt>
					<longitude>2.9596627</longitude>
					<latitude>42.2679879</latitude>
					<altitude>0</altitude>
					<heading>0</heading>
					<tilt>0</tilt>
					<gx:fovy>35</gx:fovy>
					<range>757.4794205038992</range>
					<altitudeMode>relativeToGround</altitudeMode>
				</LookAt>
				<styleUrl>#__managed_style_1D16B8BDC340DE0D9CB8</styleUrl>
				<Point>
					<altitudeMode>relativeToGround</altitudeMode>
					<coordinates>2.9596627,42.2679879,0</coordinates>
				</Point>
			</Placemark>
			<Placemark id="03B5CC87E53EDA181FDB">
				<gx:mid>/g/11f9xlp459</gx:mid>
				<gx:fid>0x12bac0acbc484a8d:0xd2c11fd179e9bfa</gx:fid>
				<LookAt>
					<longitude>2.6996147</longitude>
					<latitude>42.19875919999999</latitude>
					<altitude>0</altitude>
					<heading>0</heading>
					<tilt>0</tilt>
					<gx:fovy>35</gx:fovy>
					<range>758.3869421896624</range>
					<altitudeMode>relativeToGround</altitudeMode>
				</LookAt>
				<styleUrl>#__managed_style_0833D987D240DE0D9CB1</styleUrl>
				<Point>
					<altitudeMode>relativeToGround</altitudeMode>
					<coordinates>2.699502711862813,42.19886785015484,0</coordinates>
				</Point>
			</Placemark>
			<Placemark id="0512AD4D9B3EDA186309">
				<gx:mid>/g/11x986fpk</gx:mid>
				<gx:fid>0x12bac0acbd204477:0xb395c726bb25d2c</gx:fid>
				<LookAt>
					<longitude>2.7015042</longitude>
					<latitude>42.19934310000001</latitude>
					<altitude>0</altitude>
					<heading>0</heading>
					<tilt>0</tilt>
					<gx:fovy>35</gx:fovy>
					<range>758.3792921757541</range>
					<altitudeMode>relativeToGround</altitudeMode>
				</LookAt>
				<styleUrl>#__managed_style_33A66D2EAC40DE0D9CB8</styleUrl>
				<Point>
					<altitudeMode>relativeToGround</altitudeMode>
					<coordinates>2.7015042,42.1993431,0</coordinates>
				</Point>
			</Placemark>
			<Placemark id="01F9B7305F3EDA191ECB">
				<gx:mid>/g/11lf_pq823</gx:mid>
				<gx:fid>0x12bac1e275b10875:0xed27258d6abf068a</gx:fid>
				<LookAt>
					<longitude>2.7020419</longitude>
					<latitude>42.1990174</latitude>
					<altitude>0</altitude>
					<heading>0</heading>
					<tilt>0</tilt>
					<gx:fovy>35</gx:fovy>
					<range>758.3835593702515</range>
					<altitudeMode>relativeToGround</altitudeMode>
				</LookAt>
				<styleUrl>#__managed_style_1DAAFA570140DE0D9CB3</styleUrl>
				<Point>
					<altitudeMode>relativeToGround</altitudeMode>
					<coordinates>2.701250844271303,42.19901359449551,0</coordinates>
				</Point>
			</Placemark>
			<Placemark id="0AB91C9BA03EDA197EE4">
				<gx:mid>/g/11l29xnnjl</gx:mid>
				<gx:fid>0x12bac7bec88d63bb:0xdb2b2ab5b9fdae07</gx:fid>
				<LookAt>
					<longitude>2.6981572</longitude>
					<latitude>42.1981304</latitude>
					<altitude>0</altitude>
					<heading>0</heading>
					<tilt>0</tilt>
					<gx:fovy>35</gx:fovy>
					<range>758.3951803817361</range>
					<altitudeMode>relativeToGround</altitudeMode>
				</LookAt>
				<styleUrl>#__managed_style_0833D987D240DE0D9CB1</styleUrl>
				<Point>
					<altitudeMode>relativeToGround</altitudeMode>
					<coordinates>2.698462696240691,42.19820287350606,0</coordinates>
				</Point>
			</Placemark>
			<Placemark id="09370952A83EDA19C758">
				<gx:mid>/g/11kgy7m096</gx:mid>
				<gx:fid>0x12bac150f986b987:0x18da397640dc31f1</gx:fid>
				<LookAt>
					<longitude>2.7000789</longitude>
					<latitude>42.1984834</latitude>
					<altitude>0</altitude>
					<heading>0</heading>
					<tilt>0</tilt>
					<gx:fovy>35</gx:fovy>
					<range>758.3905555802918</range>
					<altitudeMode>relativeToGround</altitudeMode>
				</LookAt>
				<styleUrl>#__managed_style_1DAAFA570140DE0D9CB3</styleUrl>
				<Point>
					<altitudeMode>relativeToGround</altitudeMode>
					<coordinates>2.7000789,42.1984834,0</coordinates>
				</Point>
			</Placemark>
			<Placemark id="08DA46BCE73EDA1B3316">
				<gx:mid>/g/11bx55hfl6</gx:mid>
				<gx:fid>0x12bac7442030e859:0xd4fc1bcdbb5b52d</gx:fid>
				<LookAt>
					<longitude>2.6847729</longitude>
					<latitude>42.1902546</latitude>
					<altitude>0</altitude>
					<heading>0</heading>
					<tilt>0</tilt>
					<gx:fovy>35</gx:fovy>
					<range>758.4983575049747</range>
					<altitudeMode>relativeToGround</altitudeMode>
				</LookAt>
				<styleUrl>#__managed_style_1DAAFA570140DE0D9CB3</styleUrl>
				<Point>
					<altitudeMode>relativeToGround</altitudeMode>
					<coordinates>2.6847729,42.1902546,0</coordinates>
				</Point>
			</Placemark>
			<Placemark id="0F132B58453EDA1D3E54">
				<gx:mid>/g/11x9876j9</gx:mid>
				<gx:fid>0x12a57bc13b3f7959:0x86add40c5be52630</gx:fid>
				<LookAt>
					<longitude>1.9263185</longitude>
					<latitude>42.4325502</latitude>
					<altitude>0</altitude>
					<heading>0</heading>
					<tilt>0</tilt>
					<gx:fovy>35</gx:fovy>
					<range>755.317997086993</range>
					<altitudeMode>relativeToGround</altitudeMode>
				</LookAt>
				<styleUrl>#__managed_style_0085B2EC8E40DE0D9CCB</styleUrl>
				<Point>
					<altitudeMode>relativeToGround</altitudeMode>
					<coordinates>1.9263579,42.4325652,0</coordinates>
				</Point>
			</Placemark>
			<Placemark id="0CD41AC7C03EDA1D7551">
				<gx:mid>/g/11z0y7649</gx:mid>
				<gx:fid>0x12a57bc11ff12817:0xb7ce1e74a90e949a</gx:fid>
				<LookAt>
					<longitude>1.9269393</longitude>
					<latitude>42.4329981</latitude>
					<altitude>0</altitude>
					<heading>0</heading>
					<tilt>0</tilt>
					<gx:fovy>35</gx:fovy>
					<range>755.3121062060162</range>
					<altitudeMode>relativeToGround</altitudeMode>
				</LookAt>
				<styleUrl>#__managed_style_0833D987D240DE0D9CB1</styleUrl>
				<Point>
					<altitudeMode>relativeToGround</altitudeMode>
					<coordinates>1.9269393,42.4329981,0</coordinates>
				</Point>
			</Placemark>
			<Placemark id="0BFC45C0CF3EDA1E1E01">
				<gx:mid>/g/11xddmlt1</gx:mid>
				<gx:fid>0x12a57bc73b9ebadb:0xa5d6e230a0c95867</gx:fid>
				<LookAt>
					<longitude>1.9279035</longitude>
					<latitude>42.43102919999999</latitude>
					<altitude>0</altitude>
					<heading>0</heading>
					<tilt>0</tilt>
					<gx:fovy>35</gx:fovy>
					<range>755.3380012957903</range>
					<altitudeMode>relativeToGround</altitudeMode>
				</LookAt>
				<styleUrl>#__managed_style_0833D987D240DE0D9CB1</styleUrl>
				<Point>
					<altitudeMode>relativeToGround</altitudeMode>
					<coordinates>1.927808263233797,42.43088773346331,0</coordinates>
				</Point>
			</Placemark>
			<Placemark id="0DE065937B3EDA1E9068">
				<name>שדרה מרכזית</name>
				<LookAt>
					<longitude>1.927509953509594</longitude>
					<latitude>42.43231667771063</latitude>
					<altitude>1204.056596280084</altitude>
					<heading>15.57603732827874</heading>
					<tilt>0</tilt>
					<gx:fovy>35</gx:fovy>
					<range>640.4046725630178</range>
					<altitudeMode>absolute</altitudeMode>
				</LookAt>
				<styleUrl>#__managed_style_0E97152A3F40DE0D9CB8</styleUrl>
				<LineString>
					<coordinates>
						1.927850507729918,42.43112972706966,0 1.92705733091513,42.43199029275927,0 1.926629051517423,42.43250644000124,0 
					</coordinates>
				</LineString>
			</Placemark>
			<Placemark id="0F36F8636E3EDAE9D644">
				<gx:mid>/g/11xln2bx9</gx:mid>
				<gx:fid>0x12a58ad08ae5e29b:0x6ff6d68ca445442</gx:fid>
				<LookAt>
					<longitude>1.5294559</longitude>
					<latitude>42.50881889999999</latitude>
					<altitude>0</altitude>
					<heading>0</heading>
					<tilt>0</tilt>
					<gx:fovy>35</gx:fovy>
					<range>754.3142700774067</range>
					<altitudeMode>relativeToGround</altitudeMode>
				</LookAt>
				<styleUrl>#__managed_style_0833D987D240DE0D9CB1</styleUrl>
				<Point>
					<altitudeMode>relativeToGround</altitudeMode>
					<coordinates>1.5294559,42.5088189,0</coordinates>
				</Point>
			</Placemark>
			<Placemark id="0FB61E5CBF3EDAF1E3C4">
				<name>Av. Carlemany</name>
				<LookAt>
					<longitude>1.536480293516309</longitude>
					<latitude>42.50859152531989</latitude>
					<altitude>1035.060283956631</altitude>
					<heading>0</heading>
					<tilt>0</tilt>
					<gx:fovy>35</gx:fovy>
					<range>171.220215825615</range>
					<altitudeMode>absolute</altitudeMode>
				</LookAt>
				<styleUrl>#__managed_style_0E97152A3F40DE0D9CB8</styleUrl>
				<LineString>
					<coordinates>
						1.540811780061428,42.50872329242225,0 1.537887684850483,42.50873137570779,0 1.535964944933961,42.50865334108052,0 1.534004302783547,42.50851444125838,0 1.531936444187951,42.50832967269501,0 1.531087881352673,42.50826256707753,0 1.530722829814335,42.50827294514725,0 1.53030728767046,42.5083666968938,0 1.529798858653972,42.50857742522786,0 1.52927598974798,42.5087832653138,0 
					</coordinates>
				</LineString>
			</Placemark>
			<Placemark id="0248EC38F73EDAF2E8A4">
				<gx:mid>/g/11hzx5lstz</gx:mid>
				<gx:fid>0x12a58b87525a1ff7:0x78b4e794e0c847e9</gx:fid>
				<LookAt>
					<longitude>1.5487769</longitude>
					<latitude>42.5144293</latitude>
					<altitude>0</altitude>
					<heading>0</heading>
					<tilt>0</tilt>
					<gx:fovy>35</gx:fovy>
					<range>754.2403854061459</range>
					<altitudeMode>relativeToGround</altitudeMode>
				</LookAt>
				<styleUrl>#__managed_style_1DAAFA570140DE0D9CB3</styleUrl>
				<Point>
					<altitudeMode>relativeToGround</altitudeMode>
					<coordinates>1.5487769,42.5144293,0</coordinates>
				</Point>
			</Placemark>
			<Placemark id="02F57DDF243EDAF50D09">
				<gx:mid>/g/11r_wk5rcm</gx:mid>
				<gx:fid>0x12a5f906d5ae94e5:0xf3ba51a9775ffc61</gx:fid>
				<LookAt>
					<longitude>1.294955</longitude>
					<latitude>42.48720410000001</latitude>
					<altitude>0</altitude>
					<heading>0</heading>
					<tilt>0</tilt>
					<gx:fovy>35</gx:fovy>
					<range>754.598857019333</range>
					<altitudeMode>relativeToGround</altitudeMode>
				</LookAt>
				<styleUrl>#__managed_style_1DAAFA570140DE0D9CB3</styleUrl>
				<Point>
					<altitudeMode>relativeToGround</altitudeMode>
					<coordinates>1.294955,42.4872041,0</coordinates>
				</Point>
			</Placemark>
			<Placemark id="0A1F45D8743EDAFA2013">
				<gx:mid>/g/11xqd1ggp</gx:mid>
				<gx:fid>0x12a87934f11487b3:0xb9fdeec7950f7690</gx:fid>
				<LookAt>
					<longitude>0.5236846000000001</longitude>
					<latitude>42.6052225</latitude>
					<altitude>0</altitude>
					<heading>0</heading>
					<tilt>0</tilt>
					<gx:fovy>35</gx:fovy>
					<range>753.043766227434</range>
					<altitudeMode>relativeToGround</altitudeMode>
				</LookAt>
				<styleUrl>#__managed_style_0833D987D240DE0D9CB1</styleUrl>
				<Point>
					<altitudeMode>relativeToGround</altitudeMode>
					<coordinates>0.5236845999999999,42.6052225,0</coordinates>
				</Point>
			</Placemark>
			<Placemark id="004082F4153EDAFA96CB">
				<gx:mid>/g/11bw3zttll</gx:mid>
				<gx:fid>0x12a879343e79e325:0xedb209814970e9da</gx:fid>
				<LookAt>
					<longitude>0.5219991</longitude>
					<latitude>42.60512885</latitude>
					<altitude>0</altitude>
					<heading>0</heading>
					<tilt>0</tilt>
					<gx:fovy>35</gx:fovy>
					<range>753.045001411718</range>
					<altitudeMode>relativeToGround</altitudeMode>
				</LookAt>
				<styleUrl>#__managed_style_0833D987D240DE0D9CB1</styleUrl>
				<Point>
					<altitudeMode>relativeToGround</altitudeMode>
					<coordinates>0.5220163999999999,42.6051313,0</coordinates>
				</Point>
			</Placemark>
			<Placemark id="063424533B3EDAFBC964">
				<name>רחובות ראשיים</name>
				<LookAt>
					<longitude>0.525625136573189</longitude>
					<latitude>42.60474985199815</latitude>
					<altitude>1162.517233526632</altitude>
					<heading>0</heading>
					<tilt>0</tilt>
					<gx:fovy>35</gx:fovy>
					<range>1479.220442762162</range>
					<altitudeMode>absolute</altitudeMode>
				</LookAt>
				<styleUrl>#__managed_style_0E97152A3F40DE0D9CB8</styleUrl>
				<LineString>
					<coordinates>
						0.5228450082659619,42.60738870265354,0 0.5225675839915089,42.60705393133658,0 0.5224347205465429,42.60659583063087,0 0.5222597206718715,42.60588824213642,0 0.5220212489316967,42.60545428644145,0 0.522050960821645,42.60530626929936,0 0.5227378118677239,42.60504269766986,0 0.5229504293661713,42.60505308599689,0 0.5231736014146127,42.60515328204985,0 0.5232673623942929,42.60529498171118,0 0.5236341754952267,42.60520061411758,0 0.523139827527046,42.60445025119471,0 0.5226819759521528,42.60464948762571,0 0.5221408232049196,42.60485497448742,0 0.5219030143109626,42.60484378925001,0 0.5218685693857505,42.60415089073024,0 0.5219655181840399,42.6036906121095,0 0.522157633838185,42.60320345428039,0 
					</coordinates>
				</LineString>
			</Placemark>
			<Placemark id="0871194B793EDAFCFAE7">
				<gx:mid>/g/11d_bbq3q8</gx:mid>
				<gx:fid>0x12a87ecf5abebfe7:0x25600b48d6d783fe</gx:fid>
				<LookAt>
					<longitude>0.5349408</longitude>
					<latitude>42.6028419</latitude>
					<altitude>0</altitude>
					<heading>0</heading>
					<tilt>0</tilt>
					<gx:fovy>35</gx:fovy>
					<range>753.0751642510612</range>
					<altitudeMode>relativeToGround</altitudeMode>
				</LookAt>
				<styleUrl>#__managed_style_1DAAFA570140DE0D9CB3</styleUrl>
				<Point>
					<altitudeMode>relativeToGround</altitudeMode>
					<coordinates>0.5349408,42.6028419,0</coordinates>
				</Point>
			</Placemark>
			<Placemark id="0BEB51EBF63EDAFDDFD8">
				<gx:mid>/g/11gyxfrymc</gx:mid>
				<gx:fid>0x12a879b6d8dbddef:0xe7016b234d4a90c7</gx:fid>
				<LookAt>
					<longitude>0.4916362</longitude>
					<latitude>42.58528080000001</latitude>
					<altitude>0</altitude>
					<heading>0</heading>
					<tilt>0</tilt>
					<gx:fovy>35</gx:fovy>
					<range>753.3067420978339</range>
					<altitudeMode>relativeToGround</altitudeMode>
				</LookAt>
				<styleUrl>#__managed_style_1F00F1C52540DE0D9CB4</styleUrl>
				<Point>
					<altitudeMode>relativeToGround</altitudeMode>
					<coordinates>0.4916362,42.5852808,0</coordinates>
				</Point>
			</Placemark>
			<Placemark id="01154F31663EDAFF2B6C">
				<gx:mid>/g/11y3z4qyvd</gx:mid>
				<gx:fid>0x12a7fb004314c861:0x7a188bf0475c4fa1</gx:fid>
				<LookAt>
					<longitude>0.1402819</longitude>
					<latitude>42.41583269999999</latitude>
					<altitude>0</altitude>
					<heading>0</heading>
					<tilt>0</tilt>
					<gx:fovy>35</gx:fovy>
					<range>755.5378383934941</range>
					<altitudeMode>relativeToGround</altitudeMode>
				</LookAt>
				<styleUrl>#__managed_style_1DAAFA570140DE0D9CB3</styleUrl>
				<Point>
					<altitudeMode>relativeToGround</altitudeMode>
					<coordinates>0.1402819,42.4158327,0</coordinates>
				</Point>
			</Placemark>
			<Placemark id="08A6AEA9E03EDB0038EC">
				<gx:mid>/g/11c1p4fqdl</gx:mid>
				<gx:fid>0x12a7f83385a35fc9:0x3c93592b7afa86a4</gx:fid>
				<LookAt>
					<longitude>0.0344939</longitude>
					<latitude>42.4081556</latitude>
					<altitude>0</altitude>
					<heading>0</heading>
					<tilt>0</tilt>
					<gx:fovy>35</gx:fovy>
					<range>755.6387748659533</range>
					<altitudeMode>relativeToGround</altitudeMode>
				</LookAt>
				<styleUrl>#__managed_style_1F00F1C52540DE0D9CB4</styleUrl>
				<Point>
					<altitudeMode>relativeToGround</altitudeMode>
					<coordinates>0.0344939,42.4081556,0</coordinates>
				</Point>
			</Placemark>
			<Placemark id="032EA39A553EDB02FFEE">
				<gx:mid>/g/11cn5t8hks</gx:mid>
				<gx:fid>0xd57f9bb64742261:0x343631b7811eccc8</gx:fid>
				<LookAt>
					<longitude>-0.1286062</longitude>
					<latitude>42.605529</latitude>
					<altitude>0</altitude>
					<heading>0</heading>
					<tilt>0</tilt>
					<gx:fovy>35</gx:fovy>
					<range>753.0397236730577</range>
					<altitudeMode>relativeToGround</altitudeMode>
				</LookAt>
				<styleUrl>#__managed_style_0989CEC38140DE0D9CC4</styleUrl>
				<Point>
					<altitudeMode>relativeToGround</altitudeMode>
					<coordinates>-0.1286062,42.605529,0</coordinates>
				</Point>
			</Placemark>
			<Placemark id="0B5C4A45E93EDB03CBD9">
				<gx:mid>/g/11vd2w_xmd</gx:mid>
				<gx:fid>0xd57f949b2e83eeb:0x9c3ebfaad56ec858</gx:fid>
				<LookAt>
					<longitude>-0.122996</longitude>
					<latitude>42.6045458</latitude>
					<altitude>0</altitude>
					<heading>0</heading>
					<tilt>0</tilt>
					<gx:fovy>35</gx:fovy>
					<range>753.0526914301471</range>
					<altitudeMode>relativeToGround</altitudeMode>
				</LookAt>
				<styleUrl>#__managed_style_33A66D2EAC40DE0D9CB8</styleUrl>
				<Point>
					<altitudeMode>relativeToGround</altitudeMode>
					<coordinates>-0.122996,42.6045458,0</coordinates>
				</Point>
			</Placemark>
			<Placemark id="0B097CF50E3EDB055288">
				<gx:mid>/g/11x848w270</gx:mid>
				<gx:fid>0xd57f9003b3aa213:0x75848a8fa3ab1474</gx:fid>
				<LookAt>
					<longitude>-0.1103883</longitude>
					<latitude>42.6279974</latitude>
					<altitude>0</altitude>
					<heading>0</heading>
					<tilt>0</tilt>
					<gx:fovy>35</gx:fovy>
					<range>752.7433237380488</range>
					<altitudeMode>relativeToGround</altitudeMode>
				</LookAt>
				<styleUrl>#__managed_style_1DAAFA570140DE0D9CB3</styleUrl>
				<Point>
					<altitudeMode>relativeToGround</altitudeMode>
					<coordinates>-0.1101904729364345,42.62798066422965,0</coordinates>
				</Point>
			</Placemark>
			<Placemark id="0EA5C0B0603EDB065010">
				<gx:mid>/g/11qg172lfn</gx:mid>
				<gx:fid>0xd57fbb0cefb05b1:0x6dd853b184c0b681</gx:fid>
				<LookAt>
					<longitude>-0.1082352</longitude>
					<latitude>42.6302959</latitude>
					<altitude>0</altitude>
					<heading>0</heading>
					<tilt>0</tilt>
					<gx:fovy>35</gx:fovy>
					<range>752.7129961382805</range>
					<altitudeMode>relativeToGround</altitudeMode>
				</LookAt>
				<styleUrl>#__managed_style_1DAAFA570140DE0D9CB3</styleUrl>
				<Point>
					<altitudeMode>relativeToGround</altitudeMode>
					<coordinates>-0.1082352,42.6302959,0</coordinates>
				</Point>
			</Placemark>
			<Placemark id="04241290393EDB06C284">
				<gx:mid>/g/11hz_3y7bh</gx:mid>
				<gx:fid>0xd57fb83d73255e5:0xe675164709b47b31</gx:fid>
				<LookAt>
					<longitude>-0.091056</longitude>
					<latitude>42.6332787</latitude>
					<altitude>0</altitude>
					<heading>0</heading>
					<tilt>0</tilt>
					<gx:fovy>35</gx:fovy>
					<range>752.6736378380936</range>
					<altitudeMode>relativeToGround</altitudeMode>
				</LookAt>
				<styleUrl>#__managed_style_1DAAFA570140DE0D9CB3</styleUrl>
				<Point>
					<altitudeMode>relativeToGround</altitudeMode>
					<coordinates>-0.091056,42.6332787,0</coordinates>
				</Point>
			</Placemark>
			<Placemark id="02506C6E683EDB071B3B">
				<gx:mid>/g/11ddzlgb9v</gx:mid>
				<gx:fid>0xd57fbf6aaaadb15:0x6f51f2219ba931fe</gx:fid>
				<LookAt>
					<longitude>-0.0795579</longitude>
					<latitude>42.64439289999999</latitude>
					<altitude>0</altitude>
					<heading>0</heading>
					<tilt>0</tilt>
					<gx:fovy>35</gx:fovy>
					<range>752.5269681991556</range>
					<altitudeMode>relativeToGround</altitudeMode>
				</LookAt>
				<styleUrl>#__managed_style_1DAAFA570140DE0D9CB3</styleUrl>
				<Point>
					<altitudeMode>relativeToGround</altitudeMode>
					<coordinates>-0.0795579,42.6443929,0</coordinates>
				</Point>
			</Placemark>
			<Placemark id="0C45F6CA8F3EDB08E05C">
				<gx:mid>/g/11c1vnnmqx</gx:mid>
				<gx:fid>0xd5792a3a1a8e73d:0xdad2df1272c27a29</gx:fid>
				<LookAt>
					<longitude>-0.3144952</longitude>
					<latitude>42.71425259999999</latitude>
					<altitude>0</altitude>
					<heading>0</heading>
					<tilt>0</tilt>
					<gx:fovy>35</gx:fovy>
					<range>751.6044508531464</range>
					<altitudeMode>relativeToGround</altitudeMode>
				</LookAt>
				<styleUrl>#__managed_style_1DAAFA570140DE0D9CB3</styleUrl>
				<Point>
					<altitudeMode>relativeToGround</altitudeMode>
					<coordinates>-0.3144952,42.71425259999999,0</coordinates>
				</Point>
			</Placemark>
			<Placemark id="0013E3110A3EDB09295C">
				<gx:mid>/g/11h55nc64x</gx:mid>
				<gx:fid>0xd57933dc3d14b03:0x2e8b1eb014c4fa37</gx:fid>
				<LookAt>
					<longitude>-0.3127975</longitude>
					<latitude>42.7141942</latitude>
					<altitude>0</altitude>
					<heading>0</heading>
					<tilt>0</tilt>
					<gx:fovy>35</gx:fovy>
					<range>751.605222478889</range>
					<altitudeMode>relativeToGround</altitudeMode>
				</LookAt>
				<styleUrl>#__managed_style_1DAAFA570140DE0D9CB3</styleUrl>
				<Point>
					<altitudeMode>relativeToGround</altitudeMode>
					<coordinates>-0.312688118031601,42.71424076353898,0</coordinates>
				</Point>
			</Placemark>
			<Placemark id="03DDF763AB3EDB0AAE67">
				<gx:mid>/g/11nwtx83fp</gx:mid>
				<gx:fid>0xd578b2e6d27985f:0x9b793f38810cac8</gx:fid>
				<LookAt>
					<longitude>-0.3215709</longitude>
					<latitude>42.6285897</latitude>
					<altitude>0</altitude>
					<heading>0</heading>
					<tilt>0</tilt>
					<gx:fovy>35</gx:fovy>
					<range>752.73550873353</range>
					<altitudeMode>relativeToGround</altitudeMode>
				</LookAt>
				<styleUrl>#__managed_style_0833D987D240DE0D9CB1</styleUrl>
				<Point>
					<altitudeMode>relativeToGround</altitudeMode>
					<coordinates>-0.3215709,42.6285897,0</coordinates>
				</Point>
			</Placemark>
			<Placemark id="0DCEA337E83EDB0D4D93">
				<gx:mid>/g/11gcxzl82c</gx:mid>
				<gx:fid>0xd578ce6e27aaaab:0xb97a5e80ace05c6e</gx:fid>
				<LookAt>
					<longitude>-0.3207666</longitude>
					<latitude>42.6615096</latitude>
					<altitude>0</altitude>
					<heading>0</heading>
					<tilt>0</tilt>
					<gx:fovy>35</gx:fovy>
					<range>752.3010341061884</range>
					<altitudeMode>relativeToGround</altitudeMode>
				</LookAt>
				<styleUrl>#__managed_style_1DAAFA570140DE0D9CB3</styleUrl>
				<Point>
					<altitudeMode>relativeToGround</altitudeMode>
					<coordinates>-0.3207551,42.6614306,0</coordinates>
				</Point>
			</Placemark>
			<Placemark id="02A75493373EDB0EC63F">
				<gx:mid>/g/11n_tfx09f</gx:mid>
				<gx:fid>0xd579365f5e43273:0xc91949921b61b804</gx:fid>
				<LookAt>
					<longitude>-0.3488897</longitude>
					<latitude>42.7725264</latitude>
					<altitude>0</altitude>
					<heading>0</heading>
					<tilt>0</tilt>
					<gx:fovy>35</gx:fovy>
					<range>750.8341285784657</range>
					<altitudeMode>relativeToGround</altitudeMode>
				</LookAt>
				<styleUrl>#__managed_style_1DAAFA570140DE0D9CB3</styleUrl>
				<Point>
					<altitudeMode>relativeToGround</altitudeMode>
					<coordinates>-0.3488897,42.7725264,0</coordinates>
				</Point>
			</Placemark>
			<Placemark id="07ED3909B53EDB0F4118">
				<gx:mid>/g/11sv752mb9</gx:mid>
				<gx:fid>0xd57935339dc7377:0x9bc7ed1b90cca9fb</gx:fid>
				<LookAt>
					<longitude>-0.3396295</longitude>
					<latitude>42.7525379</latitude>
					<altitude>0</altitude>
					<heading>0</heading>
					<tilt>0</tilt>
					<gx:fovy>35</gx:fovy>
					<range>751.0984387864355</range>
					<altitudeMode>relativeToGround</altitudeMode>
				</LookAt>
				<styleUrl>#__managed_style_1DAAFA570140DE0D9CB3</styleUrl>
				<Point>
					<altitudeMode>relativeToGround</altitudeMode>
					<coordinates>-0.3396295,42.7525379,0</coordinates>
				</Point>
			</Placemark>
			<Placemark id="0DE8FAC25B3EDB101F7C">
				<gx:mid>/g/11t60h5yxx</gx:mid>
				<gx:fid>0xd5793b17dde95eb:0xbdbc4aa3c18caf85</gx:fid>
				<LookAt>
					<longitude>-0.3248090999999999</longitude>
					<latitude>42.7826556</latitude>
					<altitude>0</altitude>
					<heading>0</heading>
					<tilt>0</tilt>
					<gx:fovy>35</gx:fovy>
					<range>750.7001563820241</range>
					<altitudeMode>relativeToGround</altitudeMode>
				</LookAt>
				<styleUrl>#__managed_style_0989CEC38140DE0D9CC4</styleUrl>
				<Point>
					<altitudeMode>relativeToGround</altitudeMode>
					<coordinates>-0.3248091,42.7826556,0</coordinates>
				</Point>
			</Placemark>
			<Placemark id="0CD12395373EDB1080FB">
				<gx:mid>/g/11f9xdr73k</gx:mid>
				<gx:fid>0xd579307bd97929f:0xf6c1e6e58b7e3b1c</gx:fid>
				<LookAt>
					<longitude>-0.3301608</longitude>
					<latitude>42.7682513</latitude>
					<altitude>0</altitude>
					<heading>0</heading>
					<tilt>0</tilt>
					<gx:fovy>35</gx:fovy>
					<range>750.8906658986524</range>
					<altitudeMode>relativeToGround</altitudeMode>
				</LookAt>
				<styleUrl>#__managed_style_1DAAFA570140DE0D9CB3</styleUrl>
				<Point>
					<altitudeMode>relativeToGround</altitudeMode>
					<coordinates>-0.3301608,42.7682513,0</coordinates>
				</Point>
			</Placemark>
			<Placemark id="008F2A7CBA3EDB116D94">
				<gx:mid>/g/11c1n23h54</gx:mid>
				<gx:fid>0xd57ed4fa76312f1:0x795628b49a840bea</gx:fid>
				<LookAt>
					<longitude>-0.2904171999999999</longitude>
					<latitude>42.7206199</latitude>
					<altitude>0</altitude>
					<heading>0</heading>
					<tilt>0</tilt>
					<gx:fovy>35</gx:fovy>
					<range>751.5203168022966</range>
					<altitudeMode>relativeToGround</altitudeMode>
				</LookAt>
				<styleUrl>#__managed_style_1DAAFA570140DE0D9CB3</styleUrl>
				<Point>
					<altitudeMode>relativeToGround</altitudeMode>
					<coordinates>-0.2904172,42.7206199,0</coordinates>
				</Point>
			</Placemark>
			<Placemark id="0CEC809D8E3EDB13C22B">
				<gx:mid>/g/11dyqsp8ym</gx:mid>
				<gx:fid>0xd5a01d712e2ed9d:0xbcfcf35f88514316</gx:fid>
				<LookAt>
					<longitude>-1.2151562</longitude>
					<latitude>42.49714909999999</latitude>
					<altitude>0</altitude>
					<heading>0</heading>
					<tilt>0</tilt>
					<gx:fovy>35</gx:fovy>
					<range>754.4679306751412</range>
					<altitudeMode>relativeToGround</altitudeMode>
				</LookAt>
				<styleUrl>#__managed_style_0833D987D240DE0D9CB1</styleUrl>
				<Point>
					<altitudeMode>relativeToGround</altitudeMode>
					<coordinates>-1.2151562,42.4971491,0</coordinates>
				</Point>
			</Placemark>
			<Placemark id="0B0E19B89D3EDB7BB2CC">
				<gx:mid>/g/121m7jkg</gx:mid>
				<gx:fid>0xd509258f69d4109:0xf69e8e326867a610</gx:fid>
				<LookAt>
					<longitude>-1.649519</longitude>
					<latitude>42.8118043</latitude>
					<altitude>0</altitude>
					<heading>0</heading>
					<tilt>0</tilt>
					<gx:fovy>35</gx:fovy>
					<range>750.3145034975912</range>
					<altitudeMode>relativeToGround</altitudeMode>
				</LookAt>
				<styleUrl>#__managed_style_0833D987D240DE0D9CB1</styleUrl>
				<Point>
					<altitudeMode>relativeToGround</altitudeMode>
					<coordinates>-1.649519,42.8118043,0</coordinates>
				</Point>
			</Placemark>
			<Placemark id="0EA07975303EDB7BFA69">
				<gx:mid>/g/11b7cjdv4s</gx:mid>
				<gx:fid>0xd5093b5e3fb307d:0xfcdcea241cd9ac23</gx:fid>
				<LookAt>
					<longitude>-1.6338106</longitude>
					<latitude>42.8146878</latitude>
					<altitude>0</altitude>
					<heading>0</heading>
					<tilt>0</tilt>
					<gx:fovy>35</gx:fovy>
					<range>750.276343380152</range>
					<altitudeMode>relativeToGround</altitudeMode>
				</LookAt>
				<styleUrl>#__managed_style_1F00F1C52540DE0D9CB4</styleUrl>
				<Point>
					<altitudeMode>relativeToGround</altitudeMode>
					<coordinates>-1.6338106,42.8146878,0</coordinates>
				</Point>
			</Placemark>
			<Placemark id="0C1CD18D103EDB7C3874">
				<gx:mid>/m/0f9lwv</gx:mid>
				<gx:fid>0xd5092fe57bb522b:0x94766d9d2b1e853b</gx:fid>
				<LookAt>
					<longitude>-1.6394768</longitude>
					<latitude>42.81589030000001</latitude>
					<altitude>0</altitude>
					<heading>0</heading>
					<tilt>0</tilt>
					<gx:fovy>35</gx:fovy>
					<range>750.2604290209226</range>
					<altitudeMode>relativeToGround</altitudeMode>
				</LookAt>
				<styleUrl>#__managed_style_0833D987D240DE0D9CB1</styleUrl>
				<Point>
					<altitudeMode>relativeToGround</altitudeMode>
					<coordinates>-1.6394768,42.8158903,0</coordinates>
				</Point>
			</Placemark>
			<Placemark id="0DE12F8A263EDB7D5DEE">
				<name>Av. Carlos Lii - שדרה מרכזית</name>
				<LookAt>
					<longitude>-1.640107704650781</longitude>
					<latitude>42.81414813824287</latitude>
					<altitude>452.389980601097</altitude>
					<heading>58.03746679329816</heading>
					<tilt>0</tilt>
					<gx:fovy>35</gx:fovy>
					<range>220.7957913217979</range>
					<altitudeMode>absolute</altitudeMode>
				</LookAt>
				<styleUrl>#__managed_style_0E97152A3F40DE0D9CB8</styleUrl>
				<LineString>
					<coordinates>
						-1.6425800064044,42.81631519214204,0 -1.641568045905922,42.81524500021199,0 -1.639580817702559,42.81348824560443,0 -1.63692061878707,42.81110667134771,0 -1.635845113168276,42.81013764084499,0 
					</coordinates>
				</LineString>
			</Placemark>
			<Placemark id="0ED4D7666A3EDB7E20A9">
				<gx:mid>/g/11b60qsfcj</gx:mid>
				<gx:fid>0xd5092f947af3c53:0x7aa887d0b7b629dc</gx:fid>
				<LookAt>
					<longitude>-1.642802</longitude>
					<latitude>42.8167936</latitude>
					<altitude>0</altitude>
					<heading>0</heading>
					<tilt>0</tilt>
					<gx:fovy>35</gx:fovy>
					<range>750.2484741892805</range>
					<altitudeMode>relativeToGround</altitudeMode>
				</LookAt>
				<styleUrl>#__managed_style_0833D987D240DE0D9CB1</styleUrl>
				<Point>
					<altitudeMode>relativeToGround</altitudeMode>
					<coordinates>-1.642802,42.8167936,0</coordinates>
				</Point>
			</Placemark>
			<Placemark id="0FD4BF7B923EDB7FBF83">
				<name>רחובות מרכזיים</name>
				<LookAt>
					<longitude>-1.64226120794392</longitude>
					<latitude>42.81776820718272</latitude>
					<altitude>469.1537463093232</altitude>
					<heading>0</heading>
					<tilt>0</tilt>
					<gx:fovy>35</gx:fovy>
					<range>2260.645139372209</range>
					<altitudeMode>absolute</altitudeMode>
				</LookAt>
				<styleUrl>#__managed_style_0E97152A3F40DE0D9CB8</styleUrl>
				<LineString>
					<coordinates>
						-1.643476425631258,42.81677561088328,0 -1.643975079261906,42.81658422967371,0 -1.64507849911924,42.81608669740695,0 -1.645826613540972,42.81573272182537,0 -1.64721151895415,42.81513556347731,0 -1.647727409222235,42.81569236805198,0 -1.647414919923698,42.81577359612265,0 -1.646646950897246,42.81600949262922,0 -1.646284866961352,42.81617132701706,0 -1.645359608244628,42.81671391648462,0 -1.644217594067353,42.81728234245,0 -1.644000323264334,42.81760966967349,0 -1.643885415783823,42.81791511006865,0 -1.64373929643815,42.81802320122286,0 -1.644047929466894,42.81825826219192,0 -1.644273386990035,42.81814529296393,0 -1.644227629520731,42.81789926200251,0 -1.644296866461172,42.81773615265003,0 -1.644647102563992,42.81750733471285,0 -1.645685527666908,42.81697659274206,0 -1.646454393307123,42.81645254349802,0 -1.646889830972298,42.81626138678052,0 -1.647943580315311,42.81603880684663,0 -1.648531441647734,42.816234330297,0 -1.649178369133085,42.81673047721453,0 -1.649341759861882,42.81700043357532,0 -1.648912577033146,42.81714871912959,0 -1.648095671783191,42.81743384997185,0 -1.647303527370026,42.81769496650279,0 -1.646686012667724,42.8178715212651,0 -1.645800334178885,42.81812589955301,0 -1.64514771325894,42.81833000781941,0 -1.644600295280273,42.81828570419322,0 -1.644279037264024,42.81814328525081,0 -1.644054314737946,42.81824594161905,0 -1.643224696103156,42.81843030312986,0 -1.642943522690643,42.81851497767136,0 -1.64243898160735,42.81900764142375,0 -1.641794262285261,42.81947254568823,0 
					</coordinates>
				</LineString>
			</Placemark>
			<Placemark id="08A90217583EDB801F47">
				<gx:mid>/g/120n80b2</gx:mid>
				<gx:fid>0xd5092fa316b57ab:0xa90490bc4f7311e4</gx:fid>
				<LookAt>
					<longitude>-1.6460576</longitude>
					<latitude>42.8195099</latitude>
					<altitude>0</altitude>
					<heading>0</heading>
					<tilt>0</tilt>
					<gx:fovy>35</gx:fovy>
					<range>750.2125239424975</range>
					<altitudeMode>relativeToGround</altitudeMode>
				</LookAt>
				<styleUrl>#__managed_style_1D16B8BDC340DE0D9CB8</styleUrl>
				<Point>
					<altitudeMode>relativeToGround</altitudeMode>
					<coordinates>-1.6460576,42.8195099,0</coordinates>
				</Point>
			</Placemark>
			<Placemark id="0D043D7E943EDB804F63">
				<gx:mid>/g/122f27r7</gx:mid>
				<gx:fid>0xd50926390458311:0x25e19985bf734fc5</gx:fid>
				<LookAt>
					<longitude>-1.6633151</longitude>
					<latitude>42.8084946</latitude>
					<altitude>0</altitude>
					<heading>0</heading>
					<tilt>0</tilt>
					<gx:fovy>35</gx:fovy>
					<range>750.3583017378511</range>
					<altitudeMode>relativeToGround</altitudeMode>
				</LookAt>
				<styleUrl>#__managed_style_1F00F1C52540DE0D9CB4</styleUrl>
				<Point>
					<altitudeMode>relativeToGround</altitudeMode>
					<coordinates>-1.6633151,42.8084946,0</coordinates>
				</Point>
			</Placemark>
			<Placemark id="0CD3410ED63EDB808417">
				<gx:mid>/g/122h6y1f</gx:mid>
				<gx:fid>0xd5092f706a37223:0xe4709fc709d37bda</gx:fid>
				<LookAt>
					<longitude>-1.6513716</longitude>
					<latitude>42.817452</latitude>
					<altitude>0</altitude>
					<heading>0</heading>
					<tilt>0</tilt>
					<gx:fovy>35</gx:fovy>
					<range>750.239760406071</range>
					<altitudeMode>relativeToGround</altitudeMode>
				</LookAt>
				<styleUrl>#__managed_style_1F00F1C52540DE0D9CB4</styleUrl>
				<Point>
					<altitudeMode>relativeToGround</altitudeMode>
					<coordinates>-1.6513716,42.817452,0</coordinates>
				</Point>
			</Placemark>
			<Placemark id="0E06EEEE603EDB80E4F6">
				<gx:mid>/g/11sdqm_d2q</gx:mid>
				<gx:fid>0xd5093273321cb3d:0x2af043259f976b03</gx:fid>
				<LookAt>
					<longitude>-1.6385578</longitude>
					<latitude>42.81938549999999</latitude>
					<altitude>0</altitude>
					<heading>0</heading>
					<tilt>0</tilt>
					<gx:fovy>35</gx:fovy>
					<range>750.2141704116858</range>
					<altitudeMode>relativeToGround</altitudeMode>
				</LookAt>
				<styleUrl>#__managed_style_1F00F1C52540DE0D9CB4</styleUrl>
				<Point>
					<altitudeMode>relativeToGround</altitudeMode>
					<coordinates>-1.6385578,42.8193855,0</coordinates>
				</Point>
			</Placemark>
			<Placemark id="060FE0B5F53EDB813EEC">
				<name>Viejo de la Calle Vergel Park</name>
				<LookAt>
					<longitude>-1.646756802284832</longitude>
					<latitude>42.81875199328993</latitude>
					<altitude>461.9933414082901</altitude>
					<heading>0</heading>
					<tilt>0</tilt>
					<gx:fovy>35</gx:fovy>
					<range>2147.75873440085</range>
					<altitudeMode>absolute</altitudeMode>
				</LookAt>
				<styleUrl>#__managed_style_3CF113956140DE0D9CC4</styleUrl>
				<LineString>
					<coordinates>
						-1.637679734325809,42.81853665686471,0 -1.638562093983098,42.82072488295207,0 -1.639637636556731,42.82110777631775,0 -1.640317049976605,42.82190715238402,0 -1.641753733431088,42.82173659396146,0 -1.642251240958653,42.82226279124837,0 -1.642940696480567,42.82169461529292,0 -1.643616856547264,42.82166639499183,0 -1.645397171843259,42.82077371678292,0 -1.648307190879649,42.81981145502303,0 -1.650397001075782,42.81929034444543,0 
					</coordinates>
				</LineString>
			</Placemark>
			<Placemark id="0BE455F6CC3EDB8381E4">
				<gx:mid>/g/1hl3ghm91</gx:mid>
				<gx:fid>0xd5094dcf12a5b6b:0x57649fafdfa501ad</gx:fid>
				<LookAt>
					<longitude>-1.5658657</longitude>
					<latitude>42.8380746</latitude>
					<altitude>0</altitude>
					<heading>0</heading>
					<tilt>0</tilt>
					<gx:fovy>35</gx:fovy>
					<range>749.9667778316729</range>
					<altitudeMode>relativeToGround</altitudeMode>
				</LookAt>
				<styleUrl>#__managed_style_1D16B8BDC340DE0D9CB8</styleUrl>
				<Point>
					<altitudeMode>relativeToGround</altitudeMode>
					<coordinates>-1.5658657,42.8380746,0</coordinates>
				</Point>
			</Placemark>
			<Placemark id="047C7426683EDB83DADB">
				<gx:mid>/g/11cm3qvg_l</gx:mid>
				<gx:fid>0xd508ed84c5bd385:0xb72dd66c08920456</gx:fid>
				<LookAt>
					<longitude>-1.7425229</longitude>
					<latitude>42.7357587</latitude>
					<altitude>0</altitude>
					<heading>0</heading>
					<tilt>0</tilt>
					<gx:fovy>35</gx:fovy>
					<range>751.3202460329904</range>
					<altitudeMode>relativeToGround</altitudeMode>
				</LookAt>
				<styleUrl>#__managed_style_1DAAFA570140DE0D9CB3</styleUrl>
				<Point>
					<altitudeMode>relativeToGround</altitudeMode>
					<coordinates>-1.7425229,42.7357587,0</coordinates>
				</Point>
			</Placemark>
			<Placemark id="0F82AF4F2F3EDB843148">
				<gx:mid>/g/11bztc9cw9</gx:mid>
				<gx:fid>0xd5061e8cfad75e7:0xe343db6a1c489900</gx:fid>
				<LookAt>
					<longitude>-1.8431316</longitude>
					<latitude>42.7859929</latitude>
					<altitude>0</altitude>
					<heading>0</heading>
					<tilt>0</tilt>
					<gx:fovy>35</gx:fovy>
					<range>750.6560113270018</range>
					<altitudeMode>relativeToGround</altitudeMode>
				</LookAt>
				<styleUrl>#__managed_style_1DAAFA570140DE0D9CB3</styleUrl>
				<Point>
					<altitudeMode>relativeToGround</altitudeMode>
					<coordinates>-1.8431316,42.7859929,0</coordinates>
				</Point>
			</Placemark>
			<Placemark id="01BB579D853EDB86AA43">
				<gx:mid>/g/11bz0mpppr</gx:mid>
				<gx:fid>0xd50e1003a45e9a3:0x2b5884905502f532</gx:fid>
				<LookAt>
					<longitude>-1.5604224</longitude>
					<latitude>43.1236429</latitude>
					<altitude>0</altitude>
					<heading>0</heading>
					<tilt>0</tilt>
					<gx:fovy>35</gx:fovy>
					<range>746.1773816150376</range>
					<altitudeMode>relativeToGround</altitudeMode>
				</LookAt>
				<styleUrl>#__managed_style_1DAAFA570140DE0D9CB3</styleUrl>
				<Point>
					<altitudeMode>relativeToGround</altitudeMode>
					<coordinates>-1.5604224,43.1236429,0</coordinates>
				</Point>
			</Placemark>
			<Placemark id="0FD8226E3C3EDB873028">
				<gx:mid>/g/11dyxt074q</gx:mid>
				<gx:fid>0xd50dfe079b5c537:0x52cd6a7b5a9f885f</gx:fid>
				<LookAt>
					<longitude>-1.5189645</longitude>
					<latitude>43.1454593</latitude>
					<altitude>0</altitude>
					<heading>0</heading>
					<tilt>0</tilt>
					<gx:fovy>35</gx:fovy>
					<range>745.8871733159438</range>
					<altitudeMode>relativeToGround</altitudeMode>
				</LookAt>
				<styleUrl>#__managed_style_1DAAFA570140DE0D9CB3</styleUrl>
				<Point>
					<altitudeMode>relativeToGround</altitudeMode>
					<coordinates>-1.5189645,43.1454593,0</coordinates>
				</Point>
			</Placemark>
			<Placemark id="0DF74297243EDB897B68">
				<gx:mid>/g/11h4zksly1</gx:mid>
				<gx:fid>0xd5109ce627e561b:0xb4188a35f58465e7</gx:fid>
				<LookAt>
					<longitude>-1.7925228</longitude>
					<latitude>43.36402789999999</latitude>
					<altitude>0</altitude>
					<heading>0</heading>
					<tilt>0</tilt>
					<gx:fovy>35</gx:fovy>
					<range>742.9741582382677</range>
					<altitudeMode>relativeToGround</altitudeMode>
				</LookAt>
				<styleUrl>#__managed_style_0833D987D240DE0D9CB1</styleUrl>
				<Point>
					<altitudeMode>relativeToGround</altitudeMode>
					<coordinates>-1.792586716906718,43.36408318018287,0</coordinates>
				</Point>
			</Placemark>
			<Placemark id="03B59ED6593EDB8A2844">
				<gx:mid>/g/11btsv9db6</gx:mid>
				<gx:fid>0xd5109c3cc639603:0x82212bcaaddbee80</gx:fid>
				<LookAt>
					<longitude>-1.818152</longitude>
					<latitude>43.370336</latitude>
					<altitude>0</altitude>
					<heading>0</heading>
					<tilt>0</tilt>
					<gx:fovy>35</gx:fovy>
					<range>742.8899363320925</range>
					<altitudeMode>relativeToGround</altitudeMode>
				</LookAt>
				<styleUrl>#__managed_style_0833D987D240DE0D9CB1</styleUrl>
				<Point>
					<altitudeMode>relativeToGround</altitudeMode>
					<coordinates>-1.818152,43.37033599999999,0</coordinates>
				</Point>
			</Placemark>
			<Placemark id="055A3B7B173EDB8DE6DC">
				<gx:mid>/g/11llkjn8w3</gx:mid>
				<gx:fid>0xd5109f550e71b5d:0x51e6938fc2f7e893</gx:fid>
				<LookAt>
					<longitude>-1.830147</longitude>
					<latitude>43.36139469999999</latitude>
					<altitude>0</altitude>
					<heading>0</heading>
					<tilt>0</tilt>
					<gx:fovy>35</gx:fovy>
					<range>743.0093126436396</range>
					<altitudeMode>relativeToGround</altitudeMode>
				</LookAt>
				<styleUrl>#__managed_style_1DAAFA570140DE0D9CB3</styleUrl>
				<Point>
					<altitudeMode>relativeToGround</altitudeMode>
					<coordinates>-1.830147,43.3613947,0</coordinates>
				</Point>
			</Placemark>
			<Placemark id="0CA02283E13EDB8E7C40">
				<gx:mid>/g/11c6tlh0rl</gx:mid>
				<gx:fid>0xd5109c4c72eea5f:0xdc78ba8db2aa50e3</gx:fid>
				<LookAt>
					<longitude>-1.8211922</longitude>
					<latitude>43.3667671</latitude>
					<altitude>0</altitude>
					<heading>0</heading>
					<tilt>0</tilt>
					<gx:fovy>35</gx:fovy>
					<range>742.9375871375307</range>
					<altitudeMode>relativeToGround</altitudeMode>
				</LookAt>
				<styleUrl>#__managed_style_1DAAFA570140DE0D9CB3</styleUrl>
				<Point>
					<altitudeMode>relativeToGround</altitudeMode>
					<coordinates>-1.8211922,43.3667671,0</coordinates>
				</Point>
			</Placemark>
			<Placemark id="0AFADAC6DF3EDB8EF43F">
				<gx:mid>/g/11shy2qj_k</gx:mid>
				<gx:fid>0xd51a7a1deb89d95:0xc4181902a083841</gx:fid>
				<LookAt>
					<longitude>-1.841622799999999</longitude>
					<latitude>43.3531075</latitude>
					<altitude>0</altitude>
					<heading>0</heading>
					<tilt>0</tilt>
					<gx:fovy>35</gx:fovy>
					<range>743.1199409754121</range>
					<altitudeMode>relativeToGround</altitudeMode>
				</LookAt>
				<styleUrl>#__managed_style_1DAAFA570140DE0D9CB3</styleUrl>
				<Point>
					<altitudeMode>relativeToGround</altitudeMode>
					<coordinates>-1.8416228,43.3531075,0</coordinates>
				</Point>
			</Placemark>
			<Placemark id="0C56007A443EDB8F3214">
				<gx:mid>/g/11v9zk8fh5</gx:mid>
				<gx:fid>0xd51a706bca5bddb:0x238a77a5c20596ba</gx:fid>
				<LookAt>
					<longitude>-1.8644121</longitude>
					<latitude>43.3430724</latitude>
					<altitude>0</altitude>
					<heading>0</heading>
					<tilt>0</tilt>
					<gx:fovy>35</gx:fovy>
					<range>743.2538832082387</range>
					<altitudeMode>relativeToGround</altitudeMode>
				</LookAt>
				<styleUrl>#__managed_style_1DAAFA570140DE0D9CB3</styleUrl>
				<Point>
					<altitudeMode>relativeToGround</altitudeMode>
					<coordinates>-1.8644121,43.3430724,0</coordinates>
				</Point>
			</Placemark>
			<Placemark id="0B630C92BB3EDB8FF4FF">
				<gx:mid>/g/1tdh0mch</gx:mid>
				<gx:fid>0xd51a5ebbe628f59:0xc3c0be9567016d75</gx:fid>
				<LookAt>
					<longitude>-1.9258421</longitude>
					<latitude>43.3291617</latitude>
					<altitude>0</altitude>
					<heading>0</heading>
					<tilt>0</tilt>
					<gx:fovy>35</gx:fovy>
					<range>743.4395194697061</range>
					<altitudeMode>relativeToGround</altitudeMode>
				</LookAt>
				<styleUrl>#__managed_style_1D16B8BDC340DE0D9CB8</styleUrl>
				<Point>
					<altitudeMode>relativeToGround</altitudeMode>
					<coordinates>-1.9257994,43.329103,0</coordinates>
				</Point>
			</Placemark>
			<Placemark id="0A73246B6F3EDB9DEA54">
				<name>טיילת</name>
				<LookAt>
					<longitude>-1.787717465995741</longitude>
					<latitude>43.36577661240572</latitude>
					<altitude>-0.8298333036427041</altitude>
					<heading>0</heading>
					<tilt>0</tilt>
					<gx:fovy>35</gx:fovy>
					<range>1945.440357064654</range>
					<altitudeMode>absolute</altitudeMode>
				</LookAt>
				<styleUrl>#__managed_style_0E97152A3F40DE0D9CB8</styleUrl>
				<LineString>
					<coordinates>
						-1.785997858880728,43.36312602169393,0 -1.787273788615106,43.36335784346642,0 -1.787963796769909,43.36356090453172,0 -1.789065623670427,43.36410043982685,0 -1.78968029914049,43.36458631922353,0 -1.790170607224694,43.36512653563641,0 -1.790780352277402,43.36575068504069,0 -1.790964228129097,43.36602243773588,0 -1.791756183496263,43.3673296055581,0 
					</coordinates>
				</LineString>
			</Placemark>
			<Placemark id="08074322973EDB9ECFCE">
				<gx:mid>/g/11b8v84ysk</gx:mid>
				<gx:fid>0xd510907de39a09f:0x70712f47059facc7</gx:fid>
				<LookAt>
					<longitude>-1.79154485</longitude>
					<latitude>43.36351685</latitude>
					<altitude>0</altitude>
					<heading>0</heading>
					<tilt>0</tilt>
					<gx:fovy>35</gx:fovy>
					<range>742.9809810998837</range>
					<altitudeMode>relativeToGround</altitudeMode>
				</LookAt>
				<styleUrl>#__managed_style_0833D987D240DE0D9CB1</styleUrl>
				<Point>
					<altitudeMode>relativeToGround</altitudeMode>
					<coordinates>-1.7915461,43.3635169,0</coordinates>
				</Point>
			</Placemark>
			<Placemark id="07373F46683EDB9F9CC3">
				<name>רחוב קסום ביופיו</name>
				<LookAt>
					<longitude>-1.792526465311874</longitude>
					<latitude>43.36345173441105</latitude>
					<altitude>37.73099241463922</altitude>
					<heading>5.874125800711271</heading>
					<tilt>0</tilt>
					<gx:fovy>35</gx:fovy>
					<range>157.1457113247925</range>
					<altitudeMode>absolute</altitudeMode>
				</LookAt>
				<styleUrl>#__managed_style_0E97152A3F40DE0D9CB8</styleUrl>
				<LineString>
					<coordinates>
						-1.791471893924229,43.36192672477761,0 -1.791345533320129,43.36237701373181,0 -1.791319819953523,43.3630852439374,0 -1.791302528376643,43.3633120561026,0 -1.791846494893573,43.36340031793357,0 -1.792313258567705,43.36348734718764,0 -1.792654821584115,43.3635720108599,0 -1.793268482080044,43.36375261758259,0 
					</coordinates>
				</LineString>
			</Placemark>
			<Placemark id="08B7FDCDAF3EDBA099FC">
				<name>שדרה מרכזית</name>
				<LookAt>
					<longitude>-1.791622855615637</longitude>
					<latitude>43.36761779603019</latitude>
					<altitude>-0.5798412666955521</altitude>
					<heading>0</heading>
					<tilt>0</tilt>
					<gx:fovy>35</gx:fovy>
					<range>974.4170569366543</range>
					<altitudeMode>absolute</altitudeMode>
				</LookAt>
				<styleUrl>#__managed_style_0E97152A3F40DE0D9CB8</styleUrl>
				<LineString>
					<coordinates>
						-1.79288955963776,43.36583124925621,0 -1.793507297567709,43.36653569206678,0 -1.793804217201759,43.36701926622079,0 -1.79394892092784,43.36784778874382,0 -1.794118330968486,43.36909469190952,0 
					</coordinates>
				</LineString>
			</Placemark>
			<Placemark id="048D08AB633EDBA1A1FC">
				<gx:mid>/g/11c5rtrwp6</gx:mid>
				<gx:fid>0xd51b2fd72c442a1:0x7063207158b23fe0</gx:fid>
				<LookAt>
					<longitude>-2.0122217</longitude>
					<latitude>43.20269010000001</latitude>
					<altitude>0</altitude>
					<heading>0</heading>
					<tilt>0</tilt>
					<gx:fovy>35</gx:fovy>
					<range>745.1253934299422</range>
					<altitudeMode>relativeToGround</altitudeMode>
				</LookAt>
				<styleUrl>#__managed_style_33A66D2EAC40DE0D9CB8</styleUrl>
				<Point>
					<altitudeMode>relativeToGround</altitudeMode>
					<coordinates>-2.0122217,43.2026901,0</coordinates>
				</Point>
			</Placemark>
			<Placemark id="0597D4FBD33EDBA27C21">
				<gx:mid>/g/11_yy8bvf</gx:mid>
				<gx:fid>0xd5036aaaaaaaaab:0xa618d143d4664b86</gx:fid>
				<LookAt>
					<longitude>-1.9338921</longitude>
					<latitude>43.3348321</latitude>
					<altitude>0</altitude>
					<heading>0</heading>
					<tilt>0</tilt>
					<gx:fovy>35</gx:fovy>
					<range>743.3638537272542</range>
					<altitudeMode>relativeToGround</altitudeMode>
				</LookAt>
				<styleUrl>#__managed_style_1DAAFA570140DE0D9CB3</styleUrl>
				<Point>
					<altitudeMode>relativeToGround</altitudeMode>
					<coordinates>-1.9338921,43.3348321,0</coordinates>
				</Point>
			</Placemark>
			<Placemark id="07A0D8779F3EDBA2B6AE">
				<gx:mid>/g/11k5zlm8nf</gx:mid>
				<gx:fid>0xd51a57e30d8c44f:0xeb52ed2923547416</gx:fid>
				<LookAt>
					<longitude>-1.934004100000001</longitude>
					<latitude>43.3334157</latitude>
					<altitude>0</altitude>
					<heading>0</heading>
					<tilt>0</tilt>
					<gx:fovy>35</gx:fovy>
					<range>743.3827547843323</range>
					<altitudeMode>relativeToGround</altitudeMode>
				</LookAt>
				<styleUrl>#__managed_style_1DAAFA570140DE0D9CB3</styleUrl>
				<Point>
					<altitudeMode>relativeToGround</altitudeMode>
					<coordinates>-1.933761018069236,43.33357103317734,0</coordinates>
				</Point>
			</Placemark>
			<Placemark id="078B264A9D3EDBA3301C">
				<gx:mid>/g/11vx6q3gc_</gx:mid>
				<gx:fid>0xd51a500504e14af:0x3f90d44292c27c14</gx:fid>
				<LookAt>
					<longitude>-1.921734</longitude>
					<latitude>43.32649130000001</latitude>
					<altitude>0</altitude>
					<heading>0</heading>
					<tilt>0</tilt>
					<gx:fovy>35</gx:fovy>
					<range>743.475150907204</range>
					<altitudeMode>relativeToGround</altitudeMode>
				</LookAt>
				<styleUrl>#__managed_style_1DAAFA570140DE0D9CB3</styleUrl>
				<Point>
					<altitudeMode>relativeToGround</altitudeMode>
					<coordinates>-1.921734,43.3264913,0</coordinates>
				</Point>
			</Placemark>
			<Placemark id="0958F721713EDBA3AFCF">
				<gx:mid>/g/11c2m_jqnm</gx:mid>
				<gx:fid>0xd51a5ef5a38a489:0x97fd49750309315d</gx:fid>
				<LookAt>
					<longitude>-1.9200748</longitude>
					<latitude>43.3271862</latitude>
					<altitude>0</altitude>
					<heading>0</heading>
					<tilt>0</tilt>
					<gx:fovy>35</gx:fovy>
					<range>743.4658789254846</range>
					<altitudeMode>relativeToGround</altitudeMode>
				</LookAt>
				<styleUrl>#__managed_style_0833D987D240DE0D9CB1</styleUrl>
				<Point>
					<altitudeMode>relativeToGround</altitudeMode>
					<coordinates>-1.9200748,43.3271862,0</coordinates>
				</Point>
			</Placemark>
			<Placemark id="0C3C0807F83EDBA402FC">
				<name>נק תצפית</name>
				<LookAt>
					<longitude>-1.921595145943712</longitude>
					<latitude>43.32827556348417</latitude>
					<altitude>6.75170982406261</altitude>
					<heading>0</heading>
					<tilt>0</tilt>
					<gx:fovy>39.22285869299805</gx:fovy>
					<range>178.5889541020697</range>
					<altitudeMode>absolute</altitudeMode>
				</LookAt>
				<styleUrl>#__managed_style_22452E479840DE0D9CBC</styleUrl>
				<Point>
					<coordinates>-1.921587364948174,43.32832712502779,15.85471043488922</coordinates>
				</Point>
			</Placemark>
			<Placemark id="08665FC51B3EDBA5C9A8">
				<gx:mid>/g/11h6nt4jw1</gx:mid>
				<gx:fid>0xd51a5242a36eb03:0x226035b91f56faa5</gx:fid>
				<LookAt>
					<longitude>-1.9654192</longitude>
					<latitude>43.3344828</latitude>
					<altitude>0</altitude>
					<heading>0</heading>
					<tilt>0</tilt>
					<gx:fovy>35</gx:fovy>
					<range>743.3685149774717</range>
					<altitudeMode>relativeToGround</altitudeMode>
				</LookAt>
				<styleUrl>#__managed_style_1DAAFA570140DE0D9CB3</styleUrl>
				<Point>
					<altitudeMode>relativeToGround</altitudeMode>
					<coordinates>-1.9654192,43.3344828,0</coordinates>
				</Point>
			</Placemark>
			<Placemark id="07641031FC3EDBA68F8F">
				<gx:mid>/g/1215vgbk</gx:mid>
				<gx:fid>0xd51a545ed2e1be9:0xa635d76ac3894843</gx:fid>
				<LookAt>
					<longitude>-1.97773135</longitude>
					<latitude>43.3259701</latitude>
					<altitude>0</altitude>
					<heading>0</heading>
					<tilt>0</tilt>
					<gx:fovy>35</gx:fovy>
					<range>743.4821051603357</range>
					<altitudeMode>relativeToGround</altitudeMode>
				</LookAt>
				<styleUrl>#__managed_style_338D6BD7BC40DE0D9CB4</styleUrl>
				<Point>
					<altitudeMode>relativeToGround</altitudeMode>
					<coordinates>-1.9780608,43.3259972,0</coordinates>
				</Point>
			</Placemark>
			<Placemark id="046928B0543EDBA6BB60">
				<gx:mid>/m/0drwdtr</gx:mid>
				<gx:fid>0xd51baa91847a353:0x2cdefc6d7978bef3</gx:fid>
				<LookAt>
					<longitude>-1.99139045</longitude>
					<latitude>43.31741535</latitude>
					<altitude>0</altitude>
					<heading>0</heading>
					<tilt>0</tilt>
					<gx:fovy>35</gx:fovy>
					<range>1621.289258648723</range>
					<altitudeMode>relativeToGround</altitudeMode>
				</LookAt>
				<styleUrl>#__managed_style_338D6BD7BC40DE0D9CB4</styleUrl>
				<Point>
					<altitudeMode>relativeToGround</altitudeMode>
					<coordinates>-1.9860118,43.3186188,0</coordinates>
				</Point>
			</Placemark>
			<Placemark id="00DB461F223EDBA6DA1C">
				<gx:mid>/g/11cn6d1bfg</gx:mid>
				<gx:fid>0xd51baa4239b109d:0x7ea8a177abe10607</gx:fid>
				<LookAt>
					<longitude>-2.0006679</longitude>
					<latitude>43.31641955000001</latitude>
					<altitude>0</altitude>
					<heading>0</heading>
					<tilt>0</tilt>
					<gx:fovy>35</gx:fovy>
					<range>355.0421164658348</range>
					<altitudeMode>relativeToGround</altitudeMode>
				</LookAt>
				<styleUrl>#__managed_style_338D6BD7BC40DE0D9CB4</styleUrl>
				<Point>
					<altitudeMode>relativeToGround</altitudeMode>
					<coordinates>-2.0011533,43.3163945,0</coordinates>
				</Point>
			</Placemark>
			<Placemark id="0F099E14043EDBA70CC4">
				<gx:mid>/g/11cls_np5_</gx:mid>
				<gx:fid>0xd51bab215b2efff:0xcddf34c9ef7db06e</gx:fid>
				<LookAt>
					<longitude>-1.9918678</longitude>
					<latitude>43.3227696</latitude>
					<altitude>0</altitude>
					<heading>0</heading>
					<tilt>0</tilt>
					<gx:fovy>35</gx:fovy>
					<range>743.5248074502745</range>
					<altitudeMode>relativeToGround</altitudeMode>
				</LookAt>
				<styleUrl>#__managed_style_0833D987D240DE0D9CB1</styleUrl>
				<Point>
					<altitudeMode>relativeToGround</altitudeMode>
					<coordinates>-1.9918678,43.3227696,0</coordinates>
				</Point>
			</Placemark>
			<Placemark id="057753477C3EDBA728C6">
				<gx:mid>/g/1tdknjxx</gx:mid>
				<gx:fid>0xd51bab292bf78c9:0x46c3c0f43c961b12</gx:fid>
				<LookAt>
					<longitude>-1.9910555</longitude>
					<latitude>43.3229625</latitude>
					<altitude>0</altitude>
					<heading>0</heading>
					<tilt>0</tilt>
					<gx:fovy>35</gx:fovy>
					<range>743.5222337660919</range>
					<altitudeMode>relativeToGround</altitudeMode>
				</LookAt>
				<styleUrl>#__managed_style_1D16B8BDC340DE0D9CB8</styleUrl>
				<Point>
					<altitudeMode>relativeToGround</altitudeMode>
					<coordinates>-1.9910555,43.3229625,0</coordinates>
				</Point>
			</Placemark>
			<Placemark id="0C0F6251513EDBA7D5A8">
				<gx:mid>/g/11dxd_bxbq</gx:mid>
				<gx:fid>0xd51bab3425dab25:0xccf4c3f608c3c11d</gx:fid>
				<LookAt>
					<longitude>-1.9920113</longitude>
					<latitude>43.32337099999999</latitude>
					<altitude>0</altitude>
					<heading>0</heading>
					<tilt>0</tilt>
					<gx:fovy>35</gx:fovy>
					<range>743.5167835070027</range>
					<altitudeMode>relativeToGround</altitudeMode>
				</LookAt>
				<styleUrl>#__managed_style_1DAAFA570140DE0D9CB3</styleUrl>
				<Point>
					<altitudeMode>relativeToGround</altitudeMode>
					<coordinates>-1.992263389348552,43.32331680987293,0</coordinates>
				</Point>
			</Placemark>
			<Placemark id="0F8CC289463EDBA830F8">
				<gx:mid>/g/11sjzd0rkl</gx:mid>
				<gx:fid>0xd51bb68481e192b:0x46d9b627fee63cd1</gx:fid>
				<LookAt>
					<longitude>-1.9913538</longitude>
					<latitude>43.3240528</latitude>
					<altitude>0</altitude>
					<heading>0</heading>
					<tilt>0</tilt>
					<gx:fovy>35</gx:fovy>
					<range>743.5076867661945</range>
					<altitudeMode>relativeToGround</altitudeMode>
				</LookAt>
				<styleUrl>#__managed_style_1DAAFA570140DE0D9CB3</styleUrl>
				<Point>
					<altitudeMode>relativeToGround</altitudeMode>
					<coordinates>-1.9913538,43.3240528,0</coordinates>
				</Point>
			</Placemark>
			<Placemark id="031CE004D93EDBA876A1">
				<gx:mid>/g/11fcmwntws</gx:mid>
				<gx:fid>0xd51bb2f4ce520a1:0xed0ecba71a351f80</gx:fid>
				<LookAt>
					<longitude>-1.9886024</longitude>
					<latitude>43.3272586</latitude>
					<altitude>0</altitude>
					<heading>0</heading>
					<tilt>0</tilt>
					<gx:fovy>35</gx:fovy>
					<range>743.464912893623</range>
					<altitudeMode>relativeToGround</altitudeMode>
				</LookAt>
				<styleUrl>#__managed_style_1DAAFA570140DE0D9CB3</styleUrl>
				<Point>
					<altitudeMode>relativeToGround</altitudeMode>
					<coordinates>-1.9886024,43.3272586,0</coordinates>
				</Point>
			</Placemark>
			<Placemark id="0DFE5474F23EDBA90738">
				<gx:mid>/g/11c3wtzv8f</gx:mid>
				<gx:fid>0xd51bab33a8e7893:0xff2839f774c4ae3b</gx:fid>
				<LookAt>
					<longitude>-1.9889513</longitude>
					<latitude>43.3251601</latitude>
					<altitude>0</altitude>
					<heading>0</heading>
					<tilt>0</tilt>
					<gx:fovy>35</gx:fovy>
					<range>743.4929126926991</range>
					<altitudeMode>relativeToGround</altitudeMode>
				</LookAt>
				<styleUrl>#__managed_style_0833D987D240DE0D9CB1</styleUrl>
				<Point>
					<altitudeMode>relativeToGround</altitudeMode>
					<coordinates>-1.9889513,43.3251601,0</coordinates>
				</Point>
			</Placemark>
			<Placemark id="029699F78F3EDBA94500">
				<gx:mid>/g/11bwhbcr3w</gx:mid>
				<gx:fid>0xd51a54c8b4e1c97:0xaf56e84f2e4d05be</gx:fid>
				<LookAt>
					<longitude>-1.9855381</longitude>
					<latitude>43.3258579</latitude>
					<altitude>0</altitude>
					<heading>0</heading>
					<tilt>0</tilt>
					<gx:fovy>35</gx:fovy>
					<range>743.4836022119503</range>
					<altitudeMode>relativeToGround</altitudeMode>
				</LookAt>
				<styleUrl>#__managed_style_1DAAFA570140DE0D9CB3</styleUrl>
				<Point>
					<altitudeMode>relativeToGround</altitudeMode>
					<coordinates>-1.9855381,43.3258579,0</coordinates>
				</Point>
			</Placemark>
			<Placemark id="0CD6FCE7413EDBA979B0">
				<gx:mid>/g/120m0nj0</gx:mid>
				<gx:fid>0xd51a54c37989355:0x17480f892dc97b78</gx:fid>
				<LookAt>
					<longitude>-1.984844</longitude>
					<latitude>43.324993</latitude>
					<altitude>0</altitude>
					<heading>0</heading>
					<tilt>0</tilt>
					<gx:fovy>35</gx:fovy>
					<range>743.4951422294075</range>
					<altitudeMode>relativeToGround</altitudeMode>
				</LookAt>
				<styleUrl>#__managed_style_1D16B8BDC340DE0D9CB8</styleUrl>
				<Point>
					<altitudeMode>relativeToGround</altitudeMode>
					<coordinates>-1.984844,43.324993,0</coordinates>
				</Point>
			</Placemark>
			<Placemark id="067984FED43EDBA9DCE4">
				<gx:mid>/g/11wbxqcgl7</gx:mid>
				<gx:fid>0xd51bb000784bdef:0xa49e39dfc055732b</gx:fid>
				<LookAt>
					<longitude>-1.993891</longitude>
					<latitude>43.32465800000001</latitude>
					<altitude>0</altitude>
					<heading>0</heading>
					<tilt>0</tilt>
					<gx:fovy>35</gx:fovy>
					<range>743.4996119591385</range>
					<altitudeMode>relativeToGround</altitudeMode>
				</LookAt>
				<styleUrl>#__managed_style_1DAAFA570140DE0D9CB3</styleUrl>
				<Point>
					<altitudeMode>relativeToGround</altitudeMode>
					<coordinates>-1.993891,43.324658,0</coordinates>
				</Point>
			</Placemark>
			<Placemark id="01381D480B3EDBAA18E6">
				<gx:mid>/g/11cs4krdzk</gx:mid>
				<gx:fid>0xd51bab22ac059fb:0xde558de9c15c109e</gx:fid>
				<LookAt>
					<longitude>-1.9929631</longitude>
					<latitude>43.3241638</latitude>
					<altitude>0</altitude>
					<heading>0</heading>
					<tilt>0</tilt>
					<gx:fovy>35</gx:fovy>
					<range>743.5062057680323</range>
					<altitudeMode>relativeToGround</altitudeMode>
				</LookAt>
				<styleUrl>#__managed_style_1DAAFA570140DE0D9CB3</styleUrl>
				<Point>
					<altitudeMode>relativeToGround</altitudeMode>
					<coordinates>-1.9929631,43.3241638,0</coordinates>
				</Point>
			</Placemark>
			<Placemark id="0C1E4DEF633EDBAB6231">
				<name>טיילת</name>
				<LookAt>
					<longitude>-1.999322057960516</longitude>
					<latitude>43.32022274340495</latitude>
					<altitude>-0.8314598734444534</altitude>
					<heading>0</heading>
					<tilt>0</tilt>
					<gx:fovy>50.60749313886269</gx:fovy>
					<range>2256.64950666338</range>
					<altitudeMode>absolute</altitudeMode>
				</LookAt>
				<styleUrl>#__managed_style_1F58907B1B40DE0D9CBF</styleUrl>
				<LineString>
					<coordinates>
						-1.991663457250252,43.32280464368762,0 -1.991582906180988,43.32290398022704,0 -1.991050371316841,43.32291591365002,0 -1.99060187843383,43.3229275549358,0 -1.98998623254723,43.32300979492602,0 -1.989521279014025,43.32307939511067,0 -1.988363447959562,43.32348891979341,0 -1.987971973472645,43.32361116915479,0 -1.987806946540216,43.32359848030752,0 -1.98740517141105,43.32299067638488,0 -1.986983124934403,43.3219300293928,0 -1.986499144214242,43.32161011124568,0 -1.986142193784288,43.32093377505269,0 -1.985202039936735,43.3204530452801,0 -1.985065865177946,43.32026791436306,0 -1.984913461051747,43.3194714877155,0 -1.984869137802526,43.31919703242661,0 -1.985031443806323,43.31880227343575,0 -1.985758019063253,43.31785300048148,0 -1.986105434481537,43.31747457068225,0 -1.986927703872353,43.31676349794783,0 -1.9883998654076,43.31572108186561,0 -1.988964315947498,43.31528886453896,0 -1.990346980567735,43.3149494975389,0 -1.991456098338841,43.31475199472792,0 -1.992455721233291,43.31458603992418,0 -1.99478966179075,43.31454860704684,0 -1.99579850725241,43.31452021531259,0 -1.996599916120048,43.31470011354572,0 -1.997434463406884,43.3148473393184,0 -1.99805053581863,43.31537061762877,0 -1.998183134271457,43.3154655322563,0 -1.998609012203577,43.31548751507523,0 -1.998976292597235,43.31553998050316,0 -2.000414517011968,43.31575818656717,0 -2.001741533803101,43.31604731924143,0 -2.002868830759703,43.31644744945842,0 -2.004195049190058,43.31705101150201,0 -2.004899002787652,43.31746211785062,0 -2.005096690446066,43.31770938249117,0 
					</coordinates>
				</LineString>
			</Placemark>
			<Placemark id="04AD6AE7233EDBABCFC7">
				<gx:mid>/m/09rtnrc</gx:mid>
				<gx:fid>0xd51ba978587fe27:0x66a12ebf6ea23af6</gx:fid>
				<LookAt>
					<longitude>-2.0087898</longitude>
					<latitude>43.3213824</latitude>
					<altitude>0</altitude>
					<heading>0</heading>
					<tilt>0</tilt>
					<gx:fovy>35</gx:fovy>
					<range>743.543315330925</range>
					<altitudeMode>relativeToGround</altitudeMode>
				</LookAt>
				<styleUrl>#__managed_style_1DAAFA570140DE0D9CB3</styleUrl>
				<Point>
					<altitudeMode>relativeToGround</altitudeMode>
					<coordinates>-2.0087898,43.3213824,0</coordinates>
				</Point>
			</Placemark>
			<Placemark id="0F74B6E1DC3EDBABF439">
				<gx:mid>/g/11c37wtyjj</gx:mid>
				<gx:fid>0xd51ba982e67aaf7:0xa8e29ca9856dc8c2</gx:fid>
				<LookAt>
					<longitude>-2.0098019</longitude>
					<latitude>43.321319</latitude>
					<altitude>0</altitude>
					<heading>0</heading>
					<tilt>0</tilt>
					<gx:fovy>35</gx:fovy>
					<range>743.5441611975626</range>
					<altitudeMode>relativeToGround</altitudeMode>
				</LookAt>
				<styleUrl>#__managed_style_03C64F696B40DE0D9CBF</styleUrl>
				<Point>
					<altitudeMode>relativeToGround</altitudeMode>
					<coordinates>-2.0098019,43.321319,0</coordinates>
				</Point>
			</Placemark>
			<Placemark id="067BE8AC853EDBAD0731">
				<name>Reyes Catolicos Kalea - שדרה מרכזית</name>
				<LookAt>
					<longitude>-1.981572671005575</longitude>
					<latitude>43.31690541083533</latitude>
					<altitude>24.19290989568809</altitude>
					<heading>358.3570159251383</heading>
					<tilt>0</tilt>
					<gx:fovy>35</gx:fovy>
					<range>411.3901045082457</range>
					<altitudeMode>absolute</altitudeMode>
				</LookAt>
				<styleUrl>#__managed_style_0E97152A3F40DE0D9CB8</styleUrl>
				<LineString>
					<coordinates>
						-1.980241613132043,43.31483673343132,0 -1.980764469094609,43.31557606365224,0 -1.981287185688858,43.31632701903099,0 
					</coordinates>
				</LineString>
			</Placemark>
			<Placemark id="0ADC3301273EDBAED554">
				<gx:mid>/m/0fqq5wv</gx:mid>
				<gx:fid>0xd51a55a0045504f:0x8c76bceaa94af520</gx:fid>
				<LookAt>
					<longitude>-1.9782539</longitude>
					<latitude>43.3173554</latitude>
					<altitude>0</altitude>
					<heading>0</heading>
					<tilt>0</tilt>
					<gx:fovy>35</gx:fovy>
					<range>743.5970408575856</range>
					<altitudeMode>relativeToGround</altitudeMode>
				</LookAt>
				<styleUrl>#__managed_style_33A66D2EAC40DE0D9CB8</styleUrl>
				<Point>
					<altitudeMode>relativeToGround</altitudeMode>
					<coordinates>-1.9782539,43.3173554,0</coordinates>
				</Point>
			</Placemark>
			<Placemark id="0E3875D4B83EDBAFED87">
				<gx:mid>/g/11xmg54_q</gx:mid>
				<gx:fid>0xd51a54dbb1a04c7:0x42cd9cf52022f94f</gx:fid>
				<LookAt>
					<longitude>-1.9851138</longitude>
					<latitude>43.3234455</latitude>
					<altitude>0</altitude>
					<heading>0</heading>
					<tilt>0</tilt>
					<gx:fovy>35</gx:fovy>
					<range>743.5157895147141</range>
					<altitudeMode>relativeToGround</altitudeMode>
				</LookAt>
				<styleUrl>#__managed_style_0833D987D240DE0D9CB1</styleUrl>
				<Point>
					<altitudeMode>relativeToGround</altitudeMode>
					<coordinates>-1.984891795267191,43.3236109237041,0</coordinates>
				</Point>
			</Placemark>
			<Placemark id="0A3DE1FB2D3EDBB14D60">
				<name>עיר עתיקה</name>
				<LookAt>
					<longitude>-1.985290478852536</longitude>
					<latitude>43.32374709365415</latitude>
					<altitude>24.3535260121313</altitude>
					<heading>0</heading>
					<tilt>0</tilt>
					<gx:fovy>36.24487316169645</gx:fovy>
					<range>873.3814512283425</range>
					<altitudeMode>absolute</altitudeMode>
				</LookAt>
				<styleUrl>#__managed_style_1EBF6C0D4540DE0D9CC4</styleUrl>
				<Polygon>
					<outerBoundaryIs>
						<LinearRing>
							<coordinates>
								-1.987662188941758,43.32357157071957,0 -1.986951518543988,43.32239189972655,0 -1.986662290013332,43.3218191552895,0 -1.985808129595886,43.32192813456353,0 -1.984756267067698,43.32221178949723,0 -1.982851311065117,43.32272126523232,0 -1.98307305160037,43.32332901886984,0 -1.983310435119532,43.32387756423843,0 -1.983656722387382,43.3243221895211,0 -1.983949627779683,43.32482572635702,0 -1.984311549978424,43.32544444374691,0 -1.985666829496805,43.32495307420082,0 -1.986642987553022,43.3245046864395,0 -1.9878682123516,43.32393538125335,0 -1.987662188941758,43.32357157071957,0 
							</coordinates>
						</LinearRing>
					</outerBoundaryIs>
				</Polygon>
			</Placemark>
			<Placemark id="0639DF70563EDBB1CC18">
				<gx:mid>/g/11cn6bq5q9</gx:mid>
				<gx:fid>0xd51baac91f80a1f:0xf9bfe1eb754b651a</gx:fid>
				<LookAt>
					<longitude>-1.984966</longitude>
					<latitude>43.3206079</latitude>
					<altitude>0</altitude>
					<heading>0</heading>
					<tilt>0</tilt>
					<gx:fovy>35</gx:fovy>
					<range>743.5536484544925</range>
					<altitudeMode>relativeToGround</altitudeMode>
				</LookAt>
				<styleUrl>#__managed_style_1F00F1C52540DE0D9CB4</styleUrl>
				<Point>
					<altitudeMode>relativeToGround</altitudeMode>
					<coordinates>-1.984966,43.3206079,0</coordinates>
				</Point>
			</Placemark>
			<Placemark id="064578061F3EDBB2064C">
				<gx:mid>/g/11vr4_tnpc</gx:mid>
				<gx:fid>0xd51a50075dbe9cf:0x8d9eb61f8ac330b8</gx:fid>
				<LookAt>
					<longitude>-1.9852076</longitude>
					<latitude>43.321582</latitude>
					<altitude>0</altitude>
					<heading>0</heading>
					<tilt>0</tilt>
					<gx:fovy>35</gx:fovy>
					<range>743.5406523130805</range>
					<altitudeMode>relativeToGround</altitudeMode>
				</LookAt>
				<styleUrl>#__managed_style_16528C8C7A40DE0D9CB7</styleUrl>
				<Point>
					<altitudeMode>relativeToGround</altitudeMode>
					<coordinates>-1.985608692959611,43.32149248488097,0</coordinates>
				</Point>
			</Placemark>
			<Placemark id="0E0AC4B21A3EDBB29767">
				<gx:mid>/g/11qg4xfplr</gx:mid>
				<gx:fid>0xd51a52dbafa14df:0x98f4a23e57a843fd</gx:fid>
				<LookAt>
					<longitude>-1.9830429</longitude>
					<latitude>43.3155691</latitude>
					<altitude>0</altitude>
					<heading>0</heading>
					<tilt>0</tilt>
					<gx:fovy>35</gx:fovy>
					<range>743.6208713777235</range>
					<altitudeMode>relativeToGround</altitudeMode>
				</LookAt>
				<styleUrl>#__managed_style_1DAAFA570140DE0D9CB3</styleUrl>
				<Point>
					<altitudeMode>relativeToGround</altitudeMode>
					<coordinates>-1.9830429,43.3155691,0</coordinates>
				</Point>
			</Placemark>
			<Placemark id="077308E1AB3EDBB31628">
				<gx:mid>/g/121k3gv1</gx:mid>
				<gx:fid>0xd51a55887bc98b1:0x3d0c506796fb630e</gx:fid>
				<LookAt>
					<longitude>-1.9748434</longitude>
					<latitude>43.314242</latitude>
					<altitude>0</altitude>
					<heading>0</heading>
					<tilt>0</tilt>
					<gx:fovy>35</gx:fovy>
					<range>743.6385754061579</range>
					<altitudeMode>relativeToGround</altitudeMode>
				</LookAt>
				<styleUrl>#__managed_style_1F00F1C52540DE0D9CB4</styleUrl>
				<Point>
					<altitudeMode>relativeToGround</altitudeMode>
					<coordinates>-1.9748434,43.314242,0</coordinates>
				</Point>
			</Placemark>
			<Placemark id="089BA113AA3EDBB38271">
				<gx:mid>/g/1hc2dtrsm</gx:mid>
				<gx:fid>0xd51afde87f3a35b:0xabc41058645f3df4</gx:fid>
				<LookAt>
					<longitude>-1.9849165</longitude>
					<latitude>43.29073509999999</latitude>
					<altitude>0</altitude>
					<heading>0</heading>
					<tilt>0</tilt>
					<gx:fovy>35</gx:fovy>
					<range>743.9521050693212</range>
					<altitudeMode>relativeToGround</altitudeMode>
				</LookAt>
				<styleUrl>#__managed_style_1D16B8BDC340DE0D9CB8</styleUrl>
				<Point>
					<altitudeMode>relativeToGround</altitudeMode>
					<coordinates>-1.9849165,43.2907351,0</coordinates>
				</Point>
			</Placemark>
			<Placemark id="01BDB7B45D3EDBB64EC6">
				<gx:mid>/g/1ptyfjk40</gx:mid>
				<gx:fid>0xd4e4fd77cf75557:0xf7568ccc8c4c758e</gx:fid>
				<LookAt>
					<longitude>-2.9351784</longitude>
					<latitude>43.2626684</latitude>
					<altitude>0</altitude>
					<heading>0</heading>
					<tilt>0</tilt>
					<gx:fovy>35</gx:fovy>
					<range>744.3262997445364</range>
					<altitudeMode>relativeToGround</altitudeMode>
				</LookAt>
				<styleUrl>#__managed_style_0833D987D240DE0D9CB1</styleUrl>
				<Point>
					<altitudeMode>relativeToGround</altitudeMode>
					<coordinates>-2.935059549828361,43.26299512204425,0</coordinates>
				</Point>
			</Placemark>
			<Placemark id="05CABB468D3EDBB6A780">
				<gx:mid>/m/026qwh0</gx:mid>
				<gx:fid>0xd4e4fd82f90eb5f:0xd98d908258a74b97</gx:fid>
				<LookAt>
					<longitude>-2.9356453</longitude>
					<latitude>43.26342959999999</latitude>
					<altitude>0</altitude>
					<heading>0</heading>
					<tilt>0</tilt>
					<gx:fovy>35</gx:fovy>
					<range>744.316153362055</range>
					<altitudeMode>relativeToGround</altitudeMode>
				</LookAt>
				<styleUrl>#__managed_style_16528C8C7A40DE0D9CB7</styleUrl>
				<Point>
					<altitudeMode>relativeToGround</altitudeMode>
					<coordinates>-2.9355975,43.2633933,0</coordinates>
				</Point>
			</Placemark>
			<Placemark id="0CED6672503EDBB7A5A0">
				<name>Ercilla Kalea - שדרה מרכזית</name>
				<LookAt>
					<longitude>-2.93765785356296</longitude>
					<latitude>43.26167785802664</latitude>
					<altitude>35.01450227696247</altitude>
					<heading>0</heading>
					<tilt>0</tilt>
					<gx:fovy>35</gx:fovy>
					<range>96.92190051394391</range>
					<altitudeMode>absolute</altitudeMode>
				</LookAt>
				<styleUrl>#__managed_style_0E97152A3F40DE0D9CB8</styleUrl>
				<LineString>
					<coordinates>
						-2.935592517841664,43.26272849380624,0 -2.939602841769483,43.26086230421252,0 
					</coordinates>
				</LineString>
			</Placemark>
			<Placemark id="03537AB6D63EDBB8550E">
				<gx:mid>/m/03hpc24</gx:mid>
				<gx:fid>0xd4e502693c99d25:0x562d33f72d357dfa</gx:fid>
				<LookAt>
					<longitude>-2.9406963</longitude>
					<latitude>43.26582459999999</latitude>
					<altitude>0</altitude>
					<heading>0</heading>
					<tilt>0</tilt>
					<gx:fovy>35</gx:fovy>
					<range>744.2842285158596</range>
					<altitudeMode>relativeToGround</altitudeMode>
				</LookAt>
				<styleUrl>#__managed_style_1F00F1C52540DE0D9CB4</styleUrl>
				<Point>
					<altitudeMode>relativeToGround</altitudeMode>
					<coordinates>-2.9406963,43.26582459999999,0</coordinates>
				</Point>
			</Placemark>
			<Placemark id="0A944523453EDBB9835C">
				<gx:mid>/g/121gpnsd</gx:mid>
				<gx:fid>0xd4e4fc81c3170c7:0xdd708dd01bb37b53</gx:fid>
				<LookAt>
					<longitude>-2.9186933</longitude>
					<latitude>43.26252239999999</latitude>
					<altitude>0</altitude>
					<heading>0</heading>
					<tilt>0</tilt>
					<gx:fovy>35</gx:fovy>
					<range>744.3282458312525</range>
					<altitudeMode>relativeToGround</altitudeMode>
				</LookAt>
				<styleUrl>#__managed_style_1F00F1C52540DE0D9CB4</styleUrl>
				<Point>
					<altitudeMode>relativeToGround</altitudeMode>
					<coordinates>-2.9186933,43.26252239999999,0</coordinates>
				</Point>
			</Placemark>
			<Placemark id="08172FBF3F3EDBBA7A19">
				<name>טיילת נהר</name>
				<LookAt>
					<longitude>-2.922845506598883</longitude>
					<latitude>43.2585164384375</latitude>
					<altitude>22.9434771661443</altitude>
					<heading>0</heading>
					<tilt>0</tilt>
					<gx:fovy>38.54654980319108</gx:fovy>
					<range>2107.245588665537</range>
					<altitudeMode>absolute</altitudeMode>
				</LookAt>
				<styleUrl>#__managed_style_1F58907B1B40DE0D9CBF</styleUrl>
				<LineString>
					<coordinates>
						-2.923331962013672,43.26313272180759,0 -2.9232141553348,43.26232438666398,0 -2.923512304653614,43.26147847233602,0 -2.924505565961886,43.26018647311636,0 -2.926163723372963,43.25904403298991,0 
					</coordinates>
				</LineString>
			</Placemark>
			<Placemark id="030E83F1893EDBBB0CC9">
				<gx:mid>/g/121hf4y4</gx:mid>
				<gx:fid>0xd4e4fcda5d84d9d:0xd58a03cf5440af7b</gx:fid>
				<LookAt>
					<longitude>-2.9258206</longitude>
					<latitude>43.2562497</latitude>
					<altitude>0</altitude>
					<heading>0</heading>
					<tilt>0</tilt>
					<gx:fovy>35</gx:fovy>
					<range>744.4118526674447</range>
					<altitudeMode>relativeToGround</altitudeMode>
				</LookAt>
				<styleUrl>#__managed_style_33A66D2EAC40DE0D9CB8</styleUrl>
				<Point>
					<altitudeMode>relativeToGround</altitudeMode>
					<coordinates>-2.9258206,43.2562497,0</coordinates>
				</Point>
			</Placemark>
			<Placemark id="0F4D7A44853EDBBB7F77">
				<gx:mid>/m/01295z9y</gx:mid>
				<gx:fid>0xd4e4fccf16e6fdf:0xed7b2fb4ade2b55f</gx:fid>
				<LookAt>
					<longitude>-2.9242454</longitude>
					<latitude>43.2555913</latitude>
					<altitude>0</altitude>
					<heading>0</heading>
					<tilt>0</tilt>
					<gx:fovy>35</gx:fovy>
					<range>744.420627791604</range>
					<altitudeMode>relativeToGround</altitudeMode>
				</LookAt>
				<styleUrl>#__managed_style_0833D987D240DE0D9CB1</styleUrl>
				<Point>
					<altitudeMode>relativeToGround</altitudeMode>
					<coordinates>-2.9242454,43.2555913,0</coordinates>
				</Point>
			</Placemark>
			<Placemark id="0A39C4E9C53EDBBBE221">
				<gx:mid>/g/1tlkdp9n</gx:mid>
				<gx:fid>0xd4e4fcb3309a8f9:0x573820d369b4f462</gx:fid>
				<LookAt>
					<longitude>-2.9209088</longitude>
					<latitude>43.253522</latitude>
					<altitude>0</altitude>
					<heading>0</heading>
					<tilt>0</tilt>
					<gx:fovy>35</gx:fovy>
					<range>744.4482067289682</range>
					<altitudeMode>relativeToGround</altitudeMode>
				</LookAt>
				<styleUrl>#__managed_style_1D16B8BDC340DE0D9CB8</styleUrl>
				<Point>
					<altitudeMode>relativeToGround</altitudeMode>
					<coordinates>-2.9209088,43.253522,0</coordinates>
				</Point>
			</Placemark>
			<Placemark id="01891197D03EDBBC94E1">
				<gx:mid>/g/11xvm686l</gx:mid>
				<gx:fid>0xd4e4fcc40a79079:0xb4a015fdd29a1122</gx:fid>
				<LookAt>
					<longitude>-2.9241902</longitude>
					<latitude>43.2574054</latitude>
					<altitude>0</altitude>
					<heading>0</heading>
					<tilt>0</tilt>
					<gx:fovy>35</gx:fovy>
					<range>744.396449331156</range>
					<altitudeMode>relativeToGround</altitudeMode>
				</LookAt>
				<styleUrl>#__managed_style_0833D987D240DE0D9CB1</styleUrl>
				<Point>
					<altitudeMode>relativeToGround</altitudeMode>
					<coordinates>-2.92413599212738,43.25730066081085,0</coordinates>
				</Point>
			</Placemark>
			<Placemark id="0985A77D7E3EDBBD5A2E">
				<name>עיר עתיקה</name>
				<LookAt>
					<longitude>-2.921938206014399</longitude>
					<latitude>43.25929772427401</latitude>
					<altitude>22.42120322861434</altitude>
					<heading>354.6288375327309</heading>
					<tilt>0</tilt>
					<gx:fovy>35</gx:fovy>
					<range>1054.69795681187</range>
					<altitudeMode>absolute</altitudeMode>
				</LookAt>
				<styleUrl>#__managed_style_1EBF6C0D4540DE0D9CC4</styleUrl>
				<Polygon>
					<outerBoundaryIs>
						<LinearRing>
							<coordinates>
								-2.926427018326852,43.25756550197832,0 -2.925352725937166,43.25621580904743,0 -2.923356251228192,43.25540134931358,0 -2.922442991668875,43.25540536523852,0 -2.921691879262533,43.25647174848698,0 -2.92164832560923,43.25720591652671,0 -2.921998296554373,43.25724287225692,0 -2.921990807381522,43.25747891895781,0 -2.922445107558679,43.25776966241123,0 -2.921972036338362,43.25831372910682,0 -2.921905710347582,43.25868515586767,0 -2.922044022489022,43.25956688770493,0 -2.923484860691991,43.25970715038819,0 -2.924553566243625,43.25920339807175,0 -2.926111998824039,43.25903668649371,0 -2.926628296709034,43.25855695583925,0 -2.926573487992958,43.25786959653785,0 -2.926427018326852,43.25756550197832,0 
							</coordinates>
						</LinearRing>
					</outerBoundaryIs>
				</Polygon>
			</Placemark>
			<Placemark id="0BA03683C73EDBBDA5D8">
				<gx:mid>/g/1hm2d9t6f</gx:mid>
				<gx:fid>0xd4e4fc95eb9dd01:0x103f5e6d02e34ce1</gx:fid>
				<LookAt>
					<longitude>-2.921606999999999</longitude>
					<latitude>43.2587045</latitude>
					<altitude>0</altitude>
					<heading>0</heading>
					<tilt>0</tilt>
					<gx:fovy>35</gx:fovy>
					<range>744.3791344025699</range>
					<altitudeMode>relativeToGround</altitudeMode>
				</LookAt>
				<styleUrl>#__managed_style_1D16B8BDC340DE0D9CB8</styleUrl>
				<Point>
					<altitudeMode>relativeToGround</altitudeMode>
					<coordinates>-2.921607,43.2587045,0</coordinates>
				</Point>
			</Placemark>
			<Placemark id="084CFAB2E53EDBC0D0A4">
				<gx:mid>/g/1yl57jyv3</gx:mid>
				<gx:fid>0xd494b1091e6efdb:0xbf5bc23f6f353421</gx:fid>
				<LookAt>
					<longitude>-3.7708348</longitude>
					<latitude>43.47071469999999</latitude>
					<altitude>0</altitude>
					<heading>0</heading>
					<tilt>0</tilt>
					<gx:fovy>35</gx:fovy>
					<range>741.5486160973988</range>
					<altitudeMode>relativeToGround</altitudeMode>
				</LookAt>
				<styleUrl>#__managed_style_1D16B8BDC340DE0D9CB8</styleUrl>
				<Point>
					<altitudeMode>relativeToGround</altitudeMode>
					<coordinates>-3.7708348,43.47071469999999,0</coordinates>
				</Point>
			</Placemark>
			<Placemark id="0BF4F1A7913EDBC12730">
				<gx:mid>/g/11ckq_8w3m</gx:mid>
				<gx:fid>0xd494b107a26720b:0xdd8a7039ded7ec8f</gx:fid>
				<LookAt>
					<longitude>-3.7717612</longitude>
					<latitude>43.4704852</latitude>
					<altitude>0</altitude>
					<heading>0</heading>
					<tilt>0</tilt>
					<gx:fovy>35</gx:fovy>
					<range>741.5516852257547</range>
					<altitudeMode>relativeToGround</altitudeMode>
				</LookAt>
				<styleUrl>#__managed_style_0833D987D240DE0D9CB1</styleUrl>
				<Point>
					<altitudeMode>relativeToGround</altitudeMode>
					<coordinates>-3.7717612,43.4704852,0</coordinates>
				</Point>
			</Placemark>
			<Placemark id="0576A97C6C3EDBC160B1">
				<gx:mid>/g/122fjxhl</gx:mid>
				<gx:fid>0xd494b00a2992aa7:0xb341990890505604</gx:fid>
				<LookAt>
					<longitude>-3.7835032</longitude>
					<latitude>43.4633101</latitude>
					<altitude>0</altitude>
					<heading>0</heading>
					<tilt>0</tilt>
					<gx:fovy>35</gx:fovy>
					<range>741.6476330445852</range>
					<altitudeMode>relativeToGround</altitudeMode>
				</LookAt>
				<styleUrl>#__managed_style_1D16B8BDC340DE0D9CB8</styleUrl>
				<Point>
					<altitudeMode>relativeToGround</altitudeMode>
					<coordinates>-3.7835032,43.4633101,0</coordinates>
				</Point>
			</Placemark>
			<Placemark id="0DDC5506DE3EDBC1E438">
				<gx:mid>/g/120zjpsm</gx:mid>
				<gx:fid>0xd494bc78b4ae64b:0xcc394c62d63e1a0b</gx:fid>
				<LookAt>
					<longitude>-3.8040135</longitude>
					<latitude>43.46221730000001</latitude>
					<altitude>0</altitude>
					<heading>0</heading>
					<tilt>0</tilt>
					<gx:fovy>35</gx:fovy>
					<range>741.6622453815014</range>
					<altitudeMode>relativeToGround</altitudeMode>
				</LookAt>
				<styleUrl>#__managed_style_1D16B8BDC340DE0D9CB8</styleUrl>
				<Point>
					<altitudeMode>relativeToGround</altitudeMode>
					<coordinates>-3.8040135,43.4622173,0</coordinates>
				</Point>
			</Placemark>
			<Placemark id="0F5C46FB263EDBC24CD0">
				<gx:mid>/g/11c30wy9cg</gx:mid>
				<gx:fid>0xd4eb4ddaab0f5c3:0xbf1e1f0ab1b957b6</gx:fid>
				<LookAt>
					<longitude>-3.726207100000001</longitude>
					<latitude>43.4697047</latitude>
					<altitude>0</altitude>
					<heading>0</heading>
					<tilt>0</tilt>
					<gx:fovy>35</gx:fovy>
					<range>741.5621228541369</range>
					<altitudeMode>relativeToGround</altitudeMode>
				</LookAt>
				<styleUrl>#__managed_style_1DAAFA570140DE0D9CB3</styleUrl>
				<Point>
					<altitudeMode>relativeToGround</altitudeMode>
					<coordinates>-3.7262071,43.4697047,0</coordinates>
				</Point>
			</Placemark>
			<Placemark id="02BAC14B763EDBC55711">
				<gx:mid>/g/11g9qkkht2</gx:mid>
				<gx:fid>0xd494bb47deaa355:0xdbe77af7b6f4764d</gx:fid>
				<LookAt>
					<longitude>-3.7997263</longitude>
					<latitude>43.4618176</latitude>
					<altitude>0</altitude>
					<heading>0</heading>
					<tilt>0</tilt>
					<gx:fovy>35</gx:fovy>
					<range>741.6675898934902</range>
					<altitudeMode>relativeToGround</altitudeMode>
				</LookAt>
				<styleUrl>#__managed_style_0833D987D240DE0D9CB1</styleUrl>
				<Point>
					<altitudeMode>relativeToGround</altitudeMode>
					<coordinates>-3.7997263,43.4618176,0</coordinates>
				</Point>
			</Placemark>
			<Placemark id="0F8A6CF24E3EDBC5A627">
				<name>טיילת</name>
				<LookAt>
					<longitude>-3.795230292920345</longitude>
					<latitude>43.46136039036474</latitude>
					<altitude>0.4293687967630611</altitude>
					<heading>0</heading>
					<tilt>0</tilt>
					<gx:fovy>39.98173747956968</gx:fovy>
					<range>2411.749551479879</range>
					<altitudeMode>absolute</altitudeMode>
				</LookAt>
				<styleUrl>#__managed_style_0E97152A3F40DE0D9CB8</styleUrl>
				<LineString>
					<coordinates>
						-3.80335587941616,43.46064283167587,0 -3.802971327558533,43.46086376585153,0 -3.803030836783811,43.46103697100627,0 -3.802332450093362,43.4613862853038,0 -3.80196789973726,43.46156591584883,0 -3.801238544664752,43.46164003072205,0 -3.799014184912243,43.46185460670433,0 -3.797536357677986,43.4620428115667,0 
					</coordinates>
				</LineString>
			</Placemark>
			<Placemark id="076EE46A823EDBC62067">
				<gx:mid>/g/120hthpz</gx:mid>
				<gx:fid>0xd494bbf2a44c735:0x7eca01a8fa7f2f36</gx:fid>
				<LookAt>
					<longitude>-3.8020457</longitude>
					<latitude>43.4738152</latitude>
					<altitude>0</altitude>
					<heading>0</heading>
					<tilt>0</tilt>
					<gx:fovy>35</gx:fovy>
					<range>741.5071516926691</range>
					<altitudeMode>relativeToGround</altitudeMode>
				</LookAt>
				<styleUrl>#__managed_style_1F00F1C52540DE0D9CB4</styleUrl>
				<Point>
					<altitudeMode>relativeToGround</altitudeMode>
					<coordinates>-3.8020457,43.4738152,0</coordinates>
				</Point>
			</Placemark>
			<Placemark id="0D48FEE5C03EDBC64E69">
				<gx:mid>/g/11rz2z8gcy</gx:mid>
				<gx:fid>0xd494b5b6a3ee003:0x70ee7d3440071721</gx:fid>
				<LookAt>
					<longitude>-3.7869264</longitude>
					<latitude>43.4769204</latitude>
					<altitude>0</altitude>
					<heading>0</heading>
					<tilt>0</tilt>
					<gx:fovy>35</gx:fovy>
					<range>741.4656224125633</range>
					<altitudeMode>relativeToGround</altitudeMode>
				</LookAt>
				<styleUrl>#__managed_style_338D6BD7BC40DE0D9CB4</styleUrl>
				<Point>
					<altitudeMode>relativeToGround</altitudeMode>
					<coordinates>-3.7869264,43.4769204,0</coordinates>
				</Point>
			</Placemark>
			<Placemark id="0CEE8127D53EDBC6738B">
				<gx:mid>/g/1yjg82zpq</gx:mid>
				<gx:fid>0xd494b9cf9bc0171:0x5f69c4bd1c1112ff</gx:fid>
				<LookAt>
					<longitude>-3.7879433</longitude>
					<latitude>43.4858528</latitude>
					<altitude>0</altitude>
					<heading>0</heading>
					<tilt>0</tilt>
					<gx:fovy>35</gx:fovy>
					<range>741.3461482599408</range>
					<altitudeMode>relativeToGround</altitudeMode>
				</LookAt>
				<styleUrl>#__managed_style_338D6BD7BC40DE0D9CB4</styleUrl>
				<Point>
					<altitudeMode>relativeToGround</altitudeMode>
					<coordinates>-3.7879433,43.4858528,0</coordinates>
				</Point>
			</Placemark>
			<Placemark id="07648982753EDBC6AA2F">
				<gx:mid>/g/11y425dnjf</gx:mid>
				<gx:fid>0xd494b006cd57d45:0xf453f6203e940b81</gx:fid>
				<LookAt>
					<longitude>-3.7884385</longitude>
					<latitude>43.486847</latitude>
					<altitude>0</altitude>
					<heading>0</heading>
					<tilt>0</tilt>
					<gx:fovy>35</gx:fovy>
					<range>741.3328494330323</range>
					<altitudeMode>relativeToGround</altitudeMode>
				</LookAt>
				<styleUrl>#__managed_style_1DAAFA570140DE0D9CB3</styleUrl>
				<Point>
					<altitudeMode>relativeToGround</altitudeMode>
					<coordinates>-3.7884385,43.486847,0</coordinates>
				</Point>
			</Placemark>
			<Placemark id="09E86E349C3EDBC6F366">
				<gx:mid>/g/11wb_hnyz8</gx:mid>
				<gx:fid>0xd494b003346ad81:0x250a637cbb1e9c64</gx:fid>
				<LookAt>
					<longitude>-3.7863256</longitude>
					<latitude>43.4910359</latitude>
					<altitude>0</altitude>
					<heading>0</heading>
					<tilt>0</tilt>
					<gx:fovy>35</gx:fovy>
					<range>741.2768147136708</range>
					<altitudeMode>relativeToGround</altitudeMode>
				</LookAt>
				<styleUrl>#__managed_style_1DAAFA570140DE0D9CB3</styleUrl>
				<Point>
					<altitudeMode>relativeToGround</altitudeMode>
					<coordinates>-3.7863256,43.4910359,0</coordinates>
				</Point>
			</Placemark>
			<Placemark id="0F0C761BF33EDBC7394E">
				<gx:mid>/g/11jrvmz3ql</gx:mid>
				<gx:fid>0xd494b9b20bcc2bb:0x766148570369a60d</gx:fid>
				<LookAt>
					<longitude>-3.7907549</longitude>
					<latitude>43.4904924</latitude>
					<altitude>0</altitude>
					<heading>0</heading>
					<tilt>0</tilt>
					<gx:fovy>35</gx:fovy>
					<range>741.2840852953568</range>
					<altitudeMode>relativeToGround</altitudeMode>
				</LookAt>
				<styleUrl>#__managed_style_1DAAFA570140DE0D9CB3</styleUrl>
				<Point>
					<altitudeMode>relativeToGround</altitudeMode>
					<coordinates>-3.7907549,43.4904924,0</coordinates>
				</Point>
			</Placemark>
			<Placemark id="00C69BDCC53EDBC7A889">
				<gx:mid>/g/122rv5y6</gx:mid>
				<gx:fid>0xd4948c29b0c4693:0x54684400038a26a5</gx:fid>
				<LookAt>
					<longitude>-3.876211399999999</longitude>
					<latitude>43.4773496</latitude>
					<altitude>0</altitude>
					<heading>0</heading>
					<tilt>0</tilt>
					<gx:fovy>35</gx:fovy>
					<range>741.4598820863995</range>
					<altitudeMode>relativeToGround</altitudeMode>
				</LookAt>
				<styleUrl>#__managed_style_0833D987D240DE0D9CB1</styleUrl>
				<Point>
					<altitudeMode>relativeToGround</altitudeMode>
					<coordinates>-3.8762114,43.4773496,0</coordinates>
				</Point>
			</Placemark>
			<Placemark id="08B27FD2883EDBCB2441">
				<gx:mid>/m/02403f</gx:mid>
				<gx:fid>0xd4915202e812c27:0x29a6633c717b1591</gx:fid>
				<LookAt>
					<longitude>-4.121874</longitude>
					<latitude>43.3773784</latitude>
					<altitude>0</altitude>
					<heading>0</heading>
					<tilt>0</tilt>
					<gx:fovy>35</gx:fovy>
					<range>742.7959006140011</range>
					<altitudeMode>relativeToGround</altitudeMode>
				</LookAt>
				<styleUrl>#__managed_style_1D16B8BDC340DE0D9CB8</styleUrl>
				<Point>
					<altitudeMode>relativeToGround</altitudeMode>
					<coordinates>-4.121874,43.3773784,0</coordinates>
				</Point>
			</Placemark>
			<Placemark id="0A940DAB6E3EDBCBABDE">
				<gx:mid>/g/12qgp0gr2</gx:mid>
				<gx:fid>0xd49151f5e933757:0x35983136ef209011</gx:fid>
				<LookAt>
					<longitude>-4.107056</longitude>
					<latitude>43.390309</latitude>
					<altitude>0</altitude>
					<heading>0</heading>
					<tilt>0</tilt>
					<gx:fovy>35</gx:fovy>
					<range>742.6232138241661</range>
					<altitudeMode>relativeToGround</altitudeMode>
				</LookAt>
				<styleUrl>#__managed_style_1D16B8BDC340DE0D9CB8</styleUrl>
				<Point>
					<altitudeMode>relativeToGround</altitudeMode>
					<coordinates>-4.107056,43.39030899999999,0</coordinates>
				</Point>
			</Placemark>
			<Placemark id="0911BE00323EDBCC2B0C">
				<gx:mid>/g/11n3wyc55f</gx:mid>
				<gx:fid>0xd49150069f7ca5f:0xf75ef8d12a6e35e7</gx:fid>
				<LookAt>
					<longitude>-4.1081729</longitude>
					<latitude>43.3907197</latitude>
					<altitude>0</altitude>
					<heading>0</heading>
					<tilt>0</tilt>
					<gx:fovy>35</gx:fovy>
					<range>742.6177283934092</range>
					<altitudeMode>relativeToGround</altitudeMode>
				</LookAt>
				<styleUrl>#__managed_style_0833D987D240DE0D9CB1</styleUrl>
				<Point>
					<altitudeMode>relativeToGround</altitudeMode>
					<coordinates>-4.1081729,43.3907197,0</coordinates>
				</Point>
			</Placemark>
			<Placemark id="0BAAE0CFE03EDBCDD241">
				<gx:mid>/g/11g9qd8fbs</gx:mid>
				<gx:fid>0xd4912d13d4d6ddd:0xe213895ee5a1982a</gx:fid>
				<LookAt>
					<longitude>-4.1986995</longitude>
					<latitude>43.4002497</latitude>
					<altitude>0</altitude>
					<heading>0</heading>
					<tilt>0</tilt>
					<gx:fovy>35</gx:fovy>
					<range>742.4904329383363</range>
					<altitudeMode>relativeToGround</altitudeMode>
				</LookAt>
				<styleUrl>#__managed_style_1DAAFA570140DE0D9CB3</styleUrl>
				<Point>
					<altitudeMode>relativeToGround</altitudeMode>
					<coordinates>-4.1986995,43.4002497,0</coordinates>
				</Point>
			</Placemark>
			<Placemark id="0A2B79DF2C3EDBCE492C">
				<gx:mid>/g/121s42kt</gx:mid>
				<gx:fid>0xd4912baa0a03569:0xfc9075dbcb5d1b20</gx:fid>
				<LookAt>
					<longitude>-4.2210621</longitude>
					<latitude>43.39400644999999</latitude>
					<altitude>0</altitude>
					<heading>0</heading>
					<tilt>0</tilt>
					<gx:fovy>35</gx:fovy>
					<range>354.567076695457</range>
					<altitudeMode>relativeToGround</altitudeMode>
				</LookAt>
				<styleUrl>#__managed_style_338D6BD7BC40DE0D9CB4</styleUrl>
				<Point>
					<altitudeMode>relativeToGround</altitudeMode>
					<coordinates>-4.2214819,43.3942912,0</coordinates>
				</Point>
			</Placemark>
			<Placemark id="0F736C4A493EDF937553">
				<gx:mid>/g/11xfjyw8d</gx:mid>
				<gx:fid>0xd490cc199d0701d:0xa10d387f7ac61f7d</gx:fid>
				<LookAt>
					<longitude>-4.290844000000001</longitude>
					<latitude>43.38600659999999</latitude>
					<altitude>0</altitude>
					<heading>0</heading>
					<tilt>0</tilt>
					<gx:fovy>35</gx:fovy>
					<range>742.6806758209669</range>
					<altitudeMode>relativeToGround</altitudeMode>
				</LookAt>
				<styleUrl>#__managed_style_0833D987D240DE0D9CB1</styleUrl>
				<Point>
					<altitudeMode>relativeToGround</altitudeMode>
					<coordinates>-4.290844,43.38600659999999,0</coordinates>
				</Point>
			</Placemark>
			<Placemark id="09B1BC1D0F3EDF93E080">
				<gx:mid>/g/11fy18_czc</gx:mid>
				<gx:fid>0xd490cc13d6356af:0x7362dde4769fc7b2</gx:fid>
				<LookAt>
					<longitude>-4.2915337</longitude>
					<latitude>43.3877523</latitude>
					<altitude>0</altitude>
					<heading>0</heading>
					<tilt>0</tilt>
					<gx:fovy>35</gx:fovy>
					<range>742.657361068798</range>
					<altitudeMode>relativeToGround</altitudeMode>
				</LookAt>
				<styleUrl>#__managed_style_0833D987D240DE0D9CB1</styleUrl>
				<Point>
					<altitudeMode>relativeToGround</altitudeMode>
					<coordinates>-4.2915337,43.3877523,0</coordinates>
				</Point>
			</Placemark>
			<Placemark id="0828D647143EDF944049">
				<gx:mid>/g/11c1n7tqwk</gx:mid>
				<gx:fid>0xd490cc6cb2013ab:0xf9ee5d0bc83fd09e</gx:fid>
				<LookAt>
					<longitude>-4.291202799999999</longitude>
					<latitude>43.3890641</latitude>
					<altitude>0</altitude>
					<heading>0</heading>
					<tilt>0</tilt>
					<gx:fovy>35</gx:fovy>
					<range>742.6398408604327</range>
					<altitudeMode>relativeToGround</altitudeMode>
				</LookAt>
				<styleUrl>#__managed_style_1DAAFA570140DE0D9CB3</styleUrl>
				<Point>
					<altitudeMode>relativeToGround</altitudeMode>
					<coordinates>-4.2912028,43.3890641,0</coordinates>
				</Point>
			</Placemark>
			<Placemark id="028C058C713EDF94AB3C">
				<gx:mid>/g/11gm7j9zw6</gx:mid>
				<gx:fid>0xd490da1f718d271:0xfd29674fa82ec99a</gx:fid>
				<LookAt>
					<longitude>-4.289137</longitude>
					<latitude>43.3934104</latitude>
					<altitude>0</altitude>
					<heading>0</heading>
					<tilt>0</tilt>
					<gx:fovy>35</gx:fovy>
					<range>742.5817897309128</range>
					<altitudeMode>relativeToGround</altitudeMode>
				</LookAt>
				<styleUrl>#__managed_style_1DAAFA570140DE0D9CB3</styleUrl>
				<Point>
					<altitudeMode>relativeToGround</altitudeMode>
					<coordinates>-4.289137,43.3934104,0</coordinates>
				</Point>
			</Placemark>
			<Placemark id="05FB049D963EDF94EBD6">
				<gx:mid>/g/11jpkh_9gm</gx:mid>
				<gx:fid>0xd490d73e93a1657:0xcecbd123739f2bab</gx:fid>
				<LookAt>
					<longitude>-4.292735699999999</longitude>
					<latitude>43.3934954</latitude>
					<altitude>0</altitude>
					<heading>0</heading>
					<tilt>0</tilt>
					<gx:fovy>35</gx:fovy>
					<range>742.5806543932608</range>
					<altitudeMode>relativeToGround</altitudeMode>
				</LookAt>
				<styleUrl>#__managed_style_1DAAFA570140DE0D9CB3</styleUrl>
				<Point>
					<altitudeMode>relativeToGround</altitudeMode>
					<coordinates>-4.2927357,43.3934954,0</coordinates>
				</Point>
			</Placemark>
			<Placemark id="0312905DBA3EDF952DD0">
				<gx:mid>/g/120yxkgh</gx:mid>
				<gx:fid>0xd490cc446be0a79:0x7a2b51beb22f83ff</gx:fid>
				<LookAt>
					<longitude>-4.28681505</longitude>
					<latitude>43.38971555</latitude>
					<altitude>0</altitude>
					<heading>0</heading>
					<tilt>0</tilt>
					<gx:fovy>35</gx:fovy>
					<range>742.6311400553894</range>
					<altitudeMode>relativeToGround</altitudeMode>
				</LookAt>
				<styleUrl>#__managed_style_338D6BD7BC40DE0D9CB4</styleUrl>
				<Point>
					<altitudeMode>relativeToGround</altitudeMode>
					<coordinates>-4.2876715,43.3895765,0</coordinates>
				</Point>
			</Placemark>
			<Placemark id="086860FDE03EDF957103">
				<gx:mid>/g/12215c_d</gx:mid>
				<gx:fid>0xd490cea63bbc007:0x90d7c14e7ceae9e8</gx:fid>
				<LookAt>
					<longitude>-4.2927099</longitude>
					<latitude>43.38368089999999</latitude>
					<altitude>0</altitude>
					<heading>0</heading>
					<tilt>0</tilt>
					<gx:fovy>35</gx:fovy>
					<range>742.7117357864965</range>
					<altitudeMode>relativeToGround</altitudeMode>
				</LookAt>
				<styleUrl>#__managed_style_16528C8C7A40DE0D9CB7</styleUrl>
				<Point>
					<altitudeMode>relativeToGround</altitudeMode>
					<coordinates>-4.2927108,43.3837317,0</coordinates>
				</Point>
			</Placemark>
			<Placemark id="08A254C27D3EDF977BC8">
				<gx:mid>/g/12307bxh</gx:mid>
				<gx:fid>0xd49a00c1636aa01:0x420c7f192077f278</gx:fid>
				<LookAt>
					<longitude>-4.4045842</longitude>
					<latitude>43.3840419</latitude>
					<altitude>0</altitude>
					<heading>0</heading>
					<tilt>0</tilt>
					<gx:fovy>35</gx:fovy>
					<range>742.7069146684743</range>
					<altitudeMode>relativeToGround</altitudeMode>
				</LookAt>
				<styleUrl>#__managed_style_1DAAFA570140DE0D9CB3</styleUrl>
				<Point>
					<altitudeMode>relativeToGround</altitudeMode>
					<coordinates>-4.404584799999999,43.3840696,0</coordinates>
				</Point>
			</Placemark>
			<Placemark id="0BEAAB92D83EDF99315E">
				<name>טיילת</name>
				<LookAt>
					<longitude>-4.397341514117374</longitude>
					<latitude>43.38601838437082</latitude>
					<altitude>-0.1883645812918588</altitude>
					<heading>0</heading>
					<tilt>0</tilt>
					<gx:fovy>44.90476343513267</gx:fovy>
					<range>1683.70833610883</range>
					<altitudeMode>absolute</altitudeMode>
				</LookAt>
				<styleUrl>#__managed_style_1F58907B1B40DE0D9CBF</styleUrl>
				<LineString>
					<coordinates>
						-4.396835816310115,43.38223964525507,0 -4.397183323503856,43.3826714194651,0 -4.397923715903605,43.38354139643002,0 -4.398471917267319,43.38418918566857,0 -4.398703616859642,43.38445717805447,0 -4.398392724172718,43.38471516750828,0 -4.39799325090781,43.38503238458341,0 -4.397840154172041,43.38512133355548,0 -4.397851613283681,43.38540457223219,0 -4.397909283887433,43.38595510116711,0 
					</coordinates>
				</LineString>
			</Placemark>
			<Placemark id="0D9896B0D23EDF99C78C">
				<gx:mid>/g/11yph4lhp3</gx:mid>
				<gx:fid>0xd490b00346bd075:0xdb1be15d83a27e9d</gx:fid>
				<LookAt>
					<longitude>-4.384952</longitude>
					<latitude>43.393529</latitude>
					<altitude>0</altitude>
					<heading>0</heading>
					<tilt>0</tilt>
					<gx:fovy>35</gx:fovy>
					<range>742.5802056005467</range>
					<altitudeMode>relativeToGround</altitudeMode>
				</LookAt>
				<styleUrl>#__managed_style_1DAAFA570140DE0D9CB3</styleUrl>
				<Point>
					<altitudeMode>relativeToGround</altitudeMode>
					<coordinates>-4.384952,43.393529,0</coordinates>
				</Point>
			</Placemark>
			<Placemark id="0395F4734E3EDF9A9DC7">
				<gx:mid>/g/11cr_t53h5</gx:mid>
				<gx:fid>0xd49a29ffda1a3bb:0xcfdea0d9d7e8a697</gx:fid>
				<LookAt>
					<longitude>-4.541345</longitude>
					<latitude>43.39370599999999</latitude>
					<altitude>0</altitude>
					<heading>0</heading>
					<tilt>0</tilt>
					<gx:fovy>35</gx:fovy>
					<range>742.577841420725</range>
					<altitudeMode>relativeToGround</altitudeMode>
				</LookAt>
				<styleUrl>#__managed_style_1DAAFA570140DE0D9CB3</styleUrl>
				<Point>
					<altitudeMode>relativeToGround</altitudeMode>
					<coordinates>-4.541345,43.39370599999999,0</coordinates>
				</Point>
			</Placemark>
			<Placemark id="055469EF2D3EDF9BC928">
				<gx:mid>/g/11w3p8mj4y</gx:mid>
				<gx:fid>0xd4909004b342c1d:0xd7c9c6627fd5d445</gx:fid>
				<LookAt>
					<longitude>-4.389980200000001</longitude>
					<latitude>43.3117244</latitude>
					<altitude>0</altitude>
					<heading>0</heading>
					<tilt>0</tilt>
					<gx:fovy>35</gx:fovy>
					<range>743.6721601466406</range>
					<altitudeMode>relativeToGround</altitudeMode>
				</LookAt>
				<styleUrl>#__managed_style_1DAAFA570140DE0D9CB3</styleUrl>
				<Point>
					<altitudeMode>relativeToGround</altitudeMode>
					<coordinates>-4.3899802,43.3117244,0</coordinates>
				</Point>
			</Placemark>
			<Placemark id="04D0A395113EDF9C6687">
				<gx:mid>/g/11f03p_36n</gx:mid>
				<gx:fid>0xd49bd8b23224d2b:0x5726f421d44b7ad</gx:fid>
				<LookAt>
					<longitude>-4.623272699999999</longitude>
					<latitude>43.38756889999999</latitude>
					<altitude>0</altitude>
					<heading>0</heading>
					<tilt>0</tilt>
					<gx:fovy>35</gx:fovy>
					<range>742.6598105034753</range>
					<altitudeMode>relativeToGround</altitudeMode>
				</LookAt>
				<styleUrl>#__managed_style_1DAAFA570140DE0D9CB3</styleUrl>
				<Point>
					<altitudeMode>relativeToGround</altitudeMode>
					<coordinates>-4.6232727,43.3875689,0</coordinates>
				</Point>
			</Placemark>
			<Placemark id="0B5B77C6E63EDF9CC6A8">
				<gx:mid>/g/11cn6dqcqb</gx:mid>
				<gx:fid>0xd49953949949505:0x7f12c3a6dc19e9e8</gx:fid>
				<LookAt>
					<longitude>-4.711623299999999</longitude>
					<latitude>43.4100921</latitude>
					<altitude>0</altitude>
					<heading>0</heading>
					<tilt>0</tilt>
					<gx:fovy>35</gx:fovy>
					<range>742.3589446188348</range>
					<altitudeMode>relativeToGround</altitudeMode>
				</LookAt>
				<styleUrl>#__managed_style_1DAAFA570140DE0D9CB3</styleUrl>
				<Point>
					<altitudeMode>relativeToGround</altitudeMode>
					<coordinates>-4.711623299999999,43.4100921,0</coordinates>
				</Point>
			</Placemark>
			<Placemark id="03938C6E373EDF9D144F">
				<gx:mid>/g/11v651n10j</gx:mid>
				<gx:fid>0xd49959db5541317:0x773d8b9bbd6130f3</gx:fid>
				<LookAt>
					<longitude>-4.7146988</longitude>
					<latitude>43.4097494</latitude>
					<altitude>0</altitude>
					<heading>0</heading>
					<tilt>0</tilt>
					<gx:fovy>35</gx:fovy>
					<range>742.3635232188451</range>
					<altitudeMode>relativeToGround</altitudeMode>
				</LookAt>
				<styleUrl>#__managed_style_1DAAFA570140DE0D9CB3</styleUrl>
				<Point>
					<altitudeMode>relativeToGround</altitudeMode>
					<coordinates>-4.7146988,43.4097494,0</coordinates>
				</Point>
			</Placemark>
			<Placemark id="08E41587C33EDF9D5BF8">
				<gx:mid>/g/11stg08sg8</gx:mid>
				<gx:fid>0xd49eb43fc358011:0x54beff42a9e2c7de</gx:fid>
				<LookAt>
					<longitude>-4.7420711</longitude>
					<latitude>43.4178469</latitude>
					<altitude>0</altitude>
					<heading>0</heading>
					<tilt>0</tilt>
					<gx:fovy>35</gx:fovy>
					<range>742.2553309994981</range>
					<altitudeMode>relativeToGround</altitudeMode>
				</LookAt>
				<styleUrl>#__managed_style_1DAAFA570140DE0D9CB3</styleUrl>
				<Point>
					<altitudeMode>relativeToGround</altitudeMode>
					<coordinates>-4.7420711,43.4178469,0</coordinates>
				</Point>
			</Placemark>
			<Placemark id="0314A517413EDF9D8548">
				<gx:mid>/g/11b6wq42zw</gx:mid>
				<gx:fid>0xd49eadc8ed51633:0x999cb2ae46eb1939</gx:fid>
				<LookAt>
					<longitude>-4.7434351</longitude>
					<latitude>43.41662065</latitude>
					<altitude>0</altitude>
					<heading>0</heading>
					<tilt>0</tilt>
					<gx:fovy>35</gx:fovy>
					<range>3771.040082331685</range>
					<altitudeMode>relativeToGround</altitudeMode>
				</LookAt>
				<styleUrl>#__managed_style_338D6BD7BC40DE0D9CB4</styleUrl>
				<Point>
					<altitudeMode>relativeToGround</altitudeMode>
					<coordinates>-4.7434351,43.4166212,0</coordinates>
				</Point>
			</Placemark>
			<Placemark id="0A48E0A5463EDF9DD368">
				<gx:mid>/g/11pzxgz5mj</gx:mid>
				<gx:fid>0xd49eb301826c4dd:0xe2ea40ee0a042136</gx:fid>
				<LookAt>
					<longitude>-4.7479213</longitude>
					<latitude>43.41866829999999</latitude>
					<altitude>0</altitude>
					<heading>0</heading>
					<tilt>0</tilt>
					<gx:fovy>35</gx:fovy>
					<range>742.2443553504163</range>
					<altitudeMode>relativeToGround</altitudeMode>
				</LookAt>
				<styleUrl>#__managed_style_1DAAFA570140DE0D9CB3</styleUrl>
				<Point>
					<altitudeMode>relativeToGround</altitudeMode>
					<coordinates>-4.7479213,43.4186683,0</coordinates>
				</Point>
			</Placemark>
			<Placemark id="0A30B166AD3EDF9E6077">
				<gx:mid>/g/11c602jr0p</gx:mid>
				<gx:fid>0xd49eade1478d2a5:0xad6517c1e6c6c234</gx:fid>
				<LookAt>
					<longitude>-4.747339999999999</longitude>
					<latitude>43.42002089999999</latitude>
					<altitude>0</altitude>
					<heading>0</heading>
					<tilt>0</tilt>
					<gx:fovy>35</gx:fovy>
					<range>742.2262814320297</range>
					<altitudeMode>relativeToGround</altitudeMode>
				</LookAt>
				<styleUrl>#__managed_style_1DAAFA570140DE0D9CB3</styleUrl>
				<Point>
					<altitudeMode>relativeToGround</altitudeMode>
					<coordinates>-4.747339999999999,43.4200209,0</coordinates>
				</Point>
			</Placemark>
			<Placemark id="0686E2FDEF3EDF9F8360">
				<name>טיילת</name>
				<LookAt>
					<longitude>-4.753319402506866</longitude>
					<latitude>43.41994691667428</latitude>
					<altitude>2.992522348262121</altitude>
					<heading>0</heading>
					<tilt>0</tilt>
					<gx:fovy>35</gx:fovy>
					<range>1382.435701486829</range>
					<altitudeMode>absolute</altitudeMode>
				</LookAt>
				<styleUrl>#__managed_style_0E97152A3F40DE0D9CB8</styleUrl>
				<LineString>
					<coordinates>
						-4.754108475431057,43.41955073103519,0 -4.753540001638288,43.41986067502597,0 -4.752966104235307,43.41995766122039,0 -4.752709945296527,43.41980331728885,0 -4.752441243678192,43.41972966003451,0 -4.75188508727569,43.419931695659,0 -4.751548112713616,43.42034979976274,0 -4.751432098103897,43.42049605115741,0 -4.750148043217967,43.42067341669503,0 
					</coordinates>
				</LineString>
			</Placemark>
			<Placemark id="0E9D0E8F303EDF9FE16C">
				<gx:mid>/g/1hg41mvcq</gx:mid>
				<gx:fid>0xd49eadfcd325bb7:0xefb007fbf3a5ae17</gx:fid>
				<LookAt>
					<longitude>-4.7474697</longitude>
					<latitude>43.4214435</latitude>
					<altitude>0</altitude>
					<heading>0</heading>
					<tilt>0</tilt>
					<gx:fovy>35</gx:fovy>
					<range>742.2072717344201</range>
					<altitudeMode>relativeToGround</altitudeMode>
				</LookAt>
				<styleUrl>#__managed_style_1DAAFA570140DE0D9CB3</styleUrl>
				<Point>
					<altitudeMode>relativeToGround</altitudeMode>
					<coordinates>-4.7474697,43.4214435,0</coordinates>
				</Point>
			</Placemark>
			<Placemark id="02EF0E81F33EDFA05923">
				<gx:mid>/g/1v2f1v4q</gx:mid>
				<gx:fid>0xd49eae397d4dfd3:0xda95757979c632eb</gx:fid>
				<LookAt>
					<longitude>-4.755387100000001</longitude>
					<latitude>43.4199831</latitude>
					<altitude>0</altitude>
					<heading>0</heading>
					<tilt>0</tilt>
					<gx:fovy>35</gx:fovy>
					<range>742.2267865341834</range>
					<altitudeMode>relativeToGround</altitudeMode>
				</LookAt>
				<styleUrl>#__managed_style_0833D987D240DE0D9CB1</styleUrl>
				<Point>
					<altitudeMode>relativeToGround</altitudeMode>
					<coordinates>-4.7553871,43.4199831,0</coordinates>
				</Point>
			</Placemark>
			<Placemark id="06A1034A9E3EDFA1D3E1">
				<gx:mid>/g/11px8mlhm9</gx:mid>
				<gx:fid>0xd49ebdf61232c5d:0xb90cd8fbb267d417</gx:fid>
				<LookAt>
					<longitude>-4.7506414</longitude>
					<latitude>43.42167999999999</latitude>
					<altitude>0</altitude>
					<heading>0</heading>
					<tilt>0</tilt>
					<gx:fovy>35</gx:fovy>
					<range>742.2041114278745</range>
					<altitudeMode>relativeToGround</altitudeMode>
				</LookAt>
				<styleUrl>#__managed_style_1DAAFA570140DE0D9CB3</styleUrl>
				<Point>
					<altitudeMode>relativeToGround</altitudeMode>
					<coordinates>-4.7506414,43.42167999999999,0</coordinates>
				</Point>
			</Placemark>
			<Placemark id="02781B906E3EDFA286C4">
				<gx:mid>/g/11wmkdrfgm</gx:mid>
				<gx:fid>0xd49eb001136adc9:0x959d6529932621b2</gx:fid>
				<LookAt>
					<longitude>-4.752281599999999</longitude>
					<latitude>43.4234284</latitude>
					<altitude>0</altitude>
					<heading>0</heading>
					<tilt>0</tilt>
					<gx:fovy>35</gx:fovy>
					<range>742.1807475118709</range>
					<altitudeMode>relativeToGround</altitudeMode>
				</LookAt>
				<styleUrl>#__managed_style_1DAAFA570140DE0D9CB3</styleUrl>
				<Point>
					<altitudeMode>relativeToGround</altitudeMode>
					<coordinates>-4.7522816,43.4234284,0</coordinates>
				</Point>
			</Placemark>
			<Placemark id="0D2E20F7B53EDFA4A85E">
				<gx:mid>/g/11cn6f30rg</gx:mid>
				<gx:fid>0xd367b88cfb489ff:0x6847d2df8e0fd037</gx:fid>
				<LookAt>
					<longitude>-5.641080800000001</longitude>
					<latitude>43.5483017</latitude>
					<altitude>0</altitude>
					<heading>0</heading>
					<tilt>0</tilt>
					<gx:fovy>35</gx:fovy>
					<range>740.5104042260699</range>
					<altitudeMode>relativeToGround</altitudeMode>
				</LookAt>
				<styleUrl>#__managed_style_1DAAFA570140DE0D9CB3</styleUrl>
				<Point>
					<altitudeMode>relativeToGround</altitudeMode>
					<coordinates>-5.641080800000001,43.5483017,0</coordinates>
				</Point>
			</Placemark>
			<Placemark id="0C7306AE1D3EDFA61534">
				<name>טיילת</name>
				<LookAt>
					<longitude>-5.657040543543163</longitude>
					<latitude>43.54584440518767</latitude>
					<altitude>-0.1885098451699752</altitude>
					<heading>359.9174667598529</heading>
					<tilt>0</tilt>
					<gx:fovy>40.78901725986473</gx:fovy>
					<range>1156.565360206005</range>
					<altitudeMode>absolute</altitudeMode>
				</LookAt>
				<styleUrl>#__managed_style_0E97152A3F40DE0D9CB8</styleUrl>
				<LineString>
					<coordinates>
						-5.637418784517133,43.55210692003703,0 -5.637515404938517,43.5521205902647,0 -5.638043510671591,43.55189075762777,0 -5.638243306063751,43.55171166795562,0 -5.638878231767764,43.55137281249387,0 -5.639075621711434,43.5512808605274,0 -5.639098533014409,43.55116966400407,0 -5.638783200431984,43.55084025696307,0 -5.638523356863471,43.55062967211794,0 -5.638424862862756,43.55046755863471,0 -5.638225748561959,43.55033100252346,0 -5.638240793501423,43.55003658894908,0 -5.638247883526351,43.54981862006477,0 -5.637901788885894,43.54961279924692,0 -5.637857869653903,43.54930632028029,0 -5.637832283987777,43.54896146524428,0 -5.63776929722687,43.54876909425901,0 -5.637968794108074,43.54865557994618,0 -5.638261892198213,43.54839201469022,0 -5.638570286208791,43.54826485693185,0 -5.638712067035121,43.54818862159716,0 -5.638880449445066,43.54812985281273,0 -5.63906279932753,43.54814959708507,0 -5.63931090083258,43.54808383846811,0 -5.63978215373738,43.54796644205844,0 -5.640199903808814,43.54798084084731,0 -5.640497091808184,43.54811645939348,0 -5.640883150465267,43.54824652525522,0 -5.641291512063623,43.54809602192096,0 -5.641642116908839,43.54777318665121,0 -5.64251028613357,43.5474377119409,0 -5.64300124750126,43.54724038689321,0 -5.642953027150118,43.54672527686844,0 -5.642875539023163,43.546223663393,0 -5.642481783672748,43.54571707701235,0 -5.64247336977448,43.54544424527239,0 -5.643768908469383,43.54443377965998,0 -5.644467113149165,43.54414038574355,0 -5.645326687780469,43.54416221483852,0 -5.645891313747839,43.54416231807595,0 -5.646350088924438,43.54397794659118,0 -5.646482583077996,43.5436185057405,0 -5.646451915692565,43.54336345715641,0 -5.645949619712316,43.54286854849968,0 -5.64492404036489,43.54187367958107,0 -5.644029013418132,43.54100614972791,0 -5.644584816631486,43.54028783101428,0 -5.645080232889073,43.54018019912652,0 -5.649734549758277,43.54052325353444,0 -5.654452248042715,43.54089274101253,0 -5.656233361644122,43.54126373946207,0 -5.658333102318954,43.54191984889275,0 -5.660059282697021,43.54267854273837,0 -5.661293319345868,43.54356293272388,0 -5.661571062891351,43.54392728554581,0 -5.661683129637394,43.54470123528573,0 -5.661651941880207,43.5450576071547,0 -5.660894745689099,43.54555614475881,0 -5.660156579351634,43.5458404942763,0 
					</coordinates>
				</LineString>
			</Placemark>
			<Placemark id="0A06116E093EDFA67A00">
				<gx:mid>/g/11xslmxwp</gx:mid>
				<gx:fid>0xd367c6619f48257:0xd58b6e1f77f0ebfb</gx:fid>
				<LookAt>
					<longitude>-5.662307399999999</longitude>
					<latitude>43.54491639999999</latitude>
					<altitude>0</altitude>
					<heading>0</heading>
					<tilt>0</tilt>
					<gx:fovy>35</gx:fovy>
					<range>740.5557301049932</range>
					<altitudeMode>relativeToGround</altitudeMode>
				</LookAt>
				<styleUrl>#__managed_style_0833D987D240DE0D9CB1</styleUrl>
				<Point>
					<altitudeMode>relativeToGround</altitudeMode>
					<coordinates>-5.662564360740802,43.54499114858663,0</coordinates>
				</Point>
			</Placemark>
			<Placemark id="0EBD1939B03EDFA6E9D1">
				<gx:mid>/g/11bw44bw5w</gx:mid>
				<gx:fid>0xd367c6625e4bb8f:0x2f1155b4f1cfcda9</gx:fid>
				<LookAt>
					<longitude>-5.663591649999999</longitude>
					<latitude>43.5450983</latitude>
					<altitude>0</altitude>
					<heading>0</heading>
					<tilt>0</tilt>
					<gx:fovy>35</gx:fovy>
					<range>740.5532947016268</range>
					<altitudeMode>relativeToGround</altitudeMode>
				</LookAt>
				<styleUrl>#__managed_style_0833D987D240DE0D9CB1</styleUrl>
				<Point>
					<altitudeMode>relativeToGround</altitudeMode>
					<coordinates>-5.663625499999999,43.5450936,0</coordinates>
				</Point>
			</Placemark>
			<Placemark id="058B7810653EDFA7289B">
				<gx:mid>/g/11bx44nl5s</gx:mid>
				<gx:fid>0xd367c7952ca9bad:0xe6852ca0d64274c4</gx:fid>
				<LookAt>
					<longitude>-5.648398699999999</longitude>
					<latitude>43.54103609999999</latitude>
					<altitude>0</altitude>
					<heading>0</heading>
					<tilt>0</tilt>
					<gx:fovy>35</gx:fovy>
					<range>740.6076806036987</range>
					<altitudeMode>relativeToGround</altitudeMode>
				</LookAt>
				<styleUrl>#__managed_style_338D6BD7BC40DE0D9CB4</styleUrl>
				<Point>
					<altitudeMode>relativeToGround</altitudeMode>
					<coordinates>-5.6483987,43.5410361,0</coordinates>
				</Point>
			</Placemark>
			<Placemark id="0CF22900D23EDFA7A0C7">
				<gx:mid>/g/11y4hc8wxs</gx:mid>
				<gx:fid>0xd367b001c217f45:0x3d0900dbf5ee484a</gx:fid>
				<LookAt>
					<longitude>-5.6280014</longitude>
					<latitude>43.5496419</latitude>
					<altitude>0</altitude>
					<heading>0</heading>
					<tilt>0</tilt>
					<gx:fovy>35</gx:fovy>
					<range>740.4924595872848</range>
					<altitudeMode>relativeToGround</altitudeMode>
				</LookAt>
				<styleUrl>#__managed_style_1DAAFA570140DE0D9CB3</styleUrl>
				<Point>
					<altitudeMode>relativeToGround</altitudeMode>
					<coordinates>-5.6280014,43.5496419,0</coordinates>
				</Point>
			</Placemark>
			<Placemark id="0104AA13E23EDFA7D817">
				<gx:mid>/g/11cnkpy62m</gx:mid>
				<gx:fid>0xd367bb9372edeb7:0x3fe50a5bfbcbaf2</gx:fid>
				<LookAt>
					<longitude>-5.618993999999999</longitude>
					<latitude>43.55393249999999</latitude>
					<altitude>0</altitude>
					<heading>0</heading>
					<tilt>0</tilt>
					<gx:fovy>35</gx:fovy>
					<range>740.4350079726466</range>
					<altitudeMode>relativeToGround</altitudeMode>
				</LookAt>
				<styleUrl>#__managed_style_1DAAFA570140DE0D9CB3</styleUrl>
				<Point>
					<altitudeMode>relativeToGround</altitudeMode>
					<coordinates>-5.618994,43.55393249999999,0</coordinates>
				</Point>
			</Placemark>
			<Placemark id="01A99CAEC93EDFA82A23">
				<name>נק תצפית</name>
				<LookAt>
					<longitude>-5.607491305301374</longitude>
					<latitude>43.54892899749089</latitude>
					<altitude>80.93281905726542</altitude>
					<heading>354.6454610741861</heading>
					<tilt>0</tilt>
					<gx:fovy>35</gx:fovy>
					<range>97.1804118684031</range>
					<altitudeMode>absolute</altitudeMode>
				</LookAt>
				<styleUrl>#__managed_style_22452E479840DE0D9CBC</styleUrl>
				<Point>
					<coordinates>-5.607541052824725,43.54892801542616,80.91440427632838</coordinates>
				</Point>
			</Placemark>
			<Placemark id="0940A4922C3EDFA8AA44">
				<gx:mid>/m/09v191c</gx:mid>
				<gx:fid>0xd367b77faf5befd:0xe5bad255e64be360</gx:fid>
				<LookAt>
					<longitude>-5.6346868</longitude>
					<latitude>43.5370169</latitude>
					<altitude>0</altitude>
					<heading>0</heading>
					<tilt>0</tilt>
					<gx:fovy>35</gx:fovy>
					<range>740.6614874109983</range>
					<altitudeMode>relativeToGround</altitudeMode>
				</LookAt>
				<styleUrl>#__managed_style_1D16B8BDC340DE0D9CB8</styleUrl>
				<Point>
					<altitudeMode>relativeToGround</altitudeMode>
					<coordinates>-5.6348659,43.5368795,0</coordinates>
				</Point>
			</Placemark>
			<Placemark id="053D113D683EDFAA4586">
				<gx:mid>/g/121hg26l</gx:mid>
				<gx:fid>0xd367c65ff8ead33:0x6c28e5a901200bb7</gx:fid>
				<LookAt>
					<longitude>-5.661113900000001</longitude>
					<latitude>43.5453923</latitude>
					<altitude>0</altitude>
					<heading>0</heading>
					<tilt>0</tilt>
					<gx:fovy>35</gx:fovy>
					<range>740.5493584110702</range>
					<altitudeMode>relativeToGround</altitudeMode>
				</LookAt>
				<styleUrl>#__managed_style_1D16B8BDC340DE0D9CB8</styleUrl>
				<Point>
					<altitudeMode>relativeToGround</altitudeMode>
					<coordinates>-5.6611139,43.5453923,0</coordinates>
				</Point>
			</Placemark>
			<Placemark id="014495E2653EDFAA9978">
				<gx:mid>/g/120s1sfx</gx:mid>
				<gx:fid>0xd367c5c7ff245dd:0xf50227a590c950ac</gx:fid>
				<LookAt>
					<longitude>-5.6766247</longitude>
					<latitude>43.5424604</latitude>
					<altitude>0</altitude>
					<heading>0</heading>
					<tilt>0</tilt>
					<gx:fovy>35</gx:fovy>
					<range>740.5886120586898</range>
					<altitudeMode>relativeToGround</altitudeMode>
				</LookAt>
				<styleUrl>#__managed_style_0833D987D240DE0D9CB1</styleUrl>
				<Point>
					<altitudeMode>relativeToGround</altitudeMode>
					<coordinates>-5.6766247,43.5424604,0</coordinates>
				</Point>
			</Placemark>
			<Placemark id="05CDC2898C3EDFAB9ADB">
				<name>C. Corrida - שדרה מרכזית</name>
				<LookAt>
					<longitude>-5.664246806634066</longitude>
					<latitude>43.54313094813285</latitude>
					<altitude>11.69670047280065</altitude>
					<heading>0</heading>
					<tilt>0</tilt>
					<gx:fovy>52.6217205082975</gx:fovy>
					<range>60.83994672902918</range>
					<altitudeMode>absolute</altitudeMode>
				</LookAt>
				<styleUrl>#__managed_style_0E97152A3F40DE0D9CB8</styleUrl>
				<LineString>
					<coordinates>
						-5.663350418379872,43.53972631319151,0 -5.663617745201411,43.54047792347422,0 -5.663915409212121,43.54141677614809,0 -5.664142667533043,43.54212321449697,0 -5.664228170726538,43.54285842653348,0 -5.664263490873456,43.54342437820268,0 
					</coordinates>
				</LineString>
			</Placemark>
			<Placemark id="021D197AA43EDFABEDFC">
				<name>C. Corrida - שדרה מרכזית</name>
				<LookAt>
					<longitude>-5.664205799648299</longitude>
					<latitude>43.54161598439065</latitude>
					<altitude>25.95070752609663</altitude>
					<heading>0</heading>
					<tilt>0</tilt>
					<gx:fovy>52.6217205082975</gx:fovy>
					<range>620.7265198649839</range>
					<altitudeMode>absolute</altitudeMode>
				</LookAt>
				<styleUrl>#__managed_style_040E69523040DE0D9CB6</styleUrl>
				<Point>
					<coordinates>-5.66396070581489,43.54160229638593,4.756882272295644</coordinates>
				</Point>
			</Placemark>
			<Placemark id="03A676C85D3EDFACD068">
				<gx:mid>/g/1hb_gl4dn</gx:mid>
				<gx:fid>0xd367c6914d2c3ef:0x5f89a3259d21bb39</gx:fid>
				<LookAt>
					<longitude>-5.6630632</longitude>
					<latitude>43.5491226</latitude>
					<altitude>0</altitude>
					<heading>0</heading>
					<tilt>0</tilt>
					<gx:fovy>35</gx:fovy>
					<range>740.499412811194</range>
					<altitudeMode>relativeToGround</altitudeMode>
				</LookAt>
				<styleUrl>#__managed_style_1DAAFA570140DE0D9CB3</styleUrl>
				<Point>
					<altitudeMode>relativeToGround</altitudeMode>
					<coordinates>-5.6630632,43.5491226,0</coordinates>
				</Point>
			</Placemark>
			<Placemark id="0BF338E4CA3EDFAE3948">
				<gx:mid>/g/122z2_dd</gx:mid>
				<gx:fid>0xd367dc076d667f7:0x2ddd63aa3410255a</gx:fid>
				<LookAt>
					<longitude>-5.7045358</longitude>
					<latitude>43.5662474</latitude>
					<altitude>0</altitude>
					<heading>0</heading>
					<tilt>0</tilt>
					<gx:fovy>35</gx:fovy>
					<range>740.2700886958651</range>
					<altitudeMode>relativeToGround</altitudeMode>
				</LookAt>
				<styleUrl>#__managed_style_1F00F1C52540DE0D9CB4</styleUrl>
				<Point>
					<altitudeMode>relativeToGround</altitudeMode>
					<coordinates>-5.703863882930782,43.56897775810885,0</coordinates>
				</Point>
			</Placemark>
			<Placemark id="00C2DFEF873EDFAE7A03">
				<gx:mid>/g/11bwqmqx7n</gx:mid>
				<gx:fid>0xd367dd811de8e41:0x6f10c5863025ecf7</gx:fid>
				<LookAt>
					<longitude>-5.699240899999999</longitude>
					<latitude>43.57200880000001</latitude>
					<altitude>0</altitude>
					<heading>0</heading>
					<tilt>0</tilt>
					<gx:fovy>35</gx:fovy>
					<range>740.1929220099515</range>
					<altitudeMode>relativeToGround</altitudeMode>
				</LookAt>
				<styleUrl>#__managed_style_1DAAFA570140DE0D9CB3</styleUrl>
				<Point>
					<altitudeMode>relativeToGround</altitudeMode>
					<coordinates>-5.699157478665743,43.57184442391659,0</coordinates>
				</Point>
			</Placemark>
			<Placemark id="08D0956B313EDFB1C43F">
				<gx:mid>/g/11nnttrkzh</gx:mid>
				<gx:fid>0xd315798ccf9db75:0x2e966c48898aca6b</gx:fid>
				<LookAt>
					<longitude>-6.534696699999999</longitude>
					<latitude>43.5446631</latitude>
					<altitude>0</altitude>
					<heading>0</heading>
					<tilt>0</tilt>
					<gx:fovy>35</gx:fovy>
					<range>740.55912144955</range>
					<altitudeMode>relativeToGround</altitudeMode>
				</LookAt>
				<styleUrl>#__managed_style_0833D987D240DE0D9CB1</styleUrl>
				<Point>
					<altitudeMode>relativeToGround</altitudeMode>
					<coordinates>-6.5346967,43.5446631,0</coordinates>
				</Point>
			</Placemark>
			<Placemark id="0FB12507423EDFB27631">
				<gx:mid>/g/11w45x6bnm</gx:mid>
				<gx:fid>0xd3157000866f233:0x60793204c9b6fd21</gx:fid>
				<LookAt>
					<longitude>-6.536734099999999</longitude>
					<latitude>43.54327639999999</latitude>
					<altitude>0</altitude>
					<heading>0</heading>
					<tilt>0</tilt>
					<gx:fovy>35</gx:fovy>
					<range>740.5776872499121</range>
					<altitudeMode>relativeToGround</altitudeMode>
				</LookAt>
				<styleUrl>#__managed_style_1DAAFA570140DE0D9CB3</styleUrl>
				<Point>
					<altitudeMode>relativeToGround</altitudeMode>
					<coordinates>-6.5367341,43.5432764,0</coordinates>
				</Point>
			</Placemark>
			<Placemark id="053463D21A3EDFB2B536">
				<gx:mid>/g/11df258x7h</gx:mid>
				<gx:fid>0xd3156d92ad9ac6d:0x83ebcda298135d46</gx:fid>
				<LookAt>
					<longitude>-6.532711300000001</longitude>
					<latitude>43.5423682</latitude>
					<altitude>0</altitude>
					<heading>0</heading>
					<tilt>0</tilt>
					<gx:fovy>35</gx:fovy>
					<range>740.5898464462152</range>
					<altitudeMode>relativeToGround</altitudeMode>
				</LookAt>
				<styleUrl>#__managed_style_1DAAFA570140DE0D9CB3</styleUrl>
				<Point>
					<altitudeMode>relativeToGround</altitudeMode>
					<coordinates>-6.532612764398479,43.54237383545239,0</coordinates>
				</Point>
			</Placemark>
			<Placemark id="024A97E3A23EDFB33F30">
				<gx:mid>/g/11s413k_ry</gx:mid>
				<gx:fid>0xd3157a004515ea9:0x5d7681cb814e0ca6</gx:fid>
				<LookAt>
					<longitude>-6.532420800000001</longitude>
					<latitude>43.54914489999999</latitude>
					<altitude>0</altitude>
					<heading>0</heading>
					<tilt>0</tilt>
					<gx:fovy>35</gx:fovy>
					<range>740.4991142240748</range>
					<altitudeMode>relativeToGround</altitudeMode>
				</LookAt>
				<styleUrl>#__managed_style_1DAAFA570140DE0D9CB3</styleUrl>
				<Point>
					<altitudeMode>relativeToGround</altitudeMode>
					<coordinates>-6.532420799999999,43.54914489999999,0</coordinates>
				</Point>
			</Placemark>
			<Placemark id="0A98C0FAF33EDFB391D9">
				<gx:mid>/g/11jv3jvs0z</gx:mid>
				<gx:fid>0xd3157fccdb2e457:0xe853e58853ea98eb</gx:fid>
				<LookAt>
					<longitude>-6.534787499999999</longitude>
					<latitude>43.54527329999999</latitude>
					<altitude>0</altitude>
					<heading>0</heading>
					<tilt>0</tilt>
					<gx:fovy>35</gx:fovy>
					<range>740.5509516737125</range>
					<altitudeMode>relativeToGround</altitudeMode>
				</LookAt>
				<styleUrl>#__managed_style_33A66D2EAC40DE0D9CB8</styleUrl>
				<Point>
					<altitudeMode>relativeToGround</altitudeMode>
					<coordinates>-6.534787499999998,43.5452733,0</coordinates>
				</Point>
			</Placemark>
			<Placemark id="061392CCD43EDFB472D7">
				<gx:mid>/g/1tgqkqbv</gx:mid>
				<gx:fid>0xd31574350f75fd9:0xdd5da26f6757bf03</gx:fid>
				<LookAt>
					<longitude>-6.56702</longitude>
					<latitude>43.53984450000001</latitude>
					<altitude>0</altitude>
					<heading>0</heading>
					<tilt>0</tilt>
					<gx:fovy>35</gx:fovy>
					<range>740.623633432257</range>
					<altitudeMode>relativeToGround</altitudeMode>
				</LookAt>
				<styleUrl>#__managed_style_1D16B8BDC340DE0D9CB8</styleUrl>
				<Point>
					<altitudeMode>relativeToGround</altitudeMode>
					<coordinates>-6.567019999999999,43.5398445,0</coordinates>
				</Point>
			</Placemark>
			<Placemark id="0FD80BEA233EDFB5C921">
				<gx:mid>/g/1z44bmjtc</gx:mid>
				<gx:fid>0xd318dc5309c46a9:0x4916af69e9d3a40b</gx:fid>
				<LookAt>
					<longitude>-7.363162299999998</longitude>
					<latitude>43.42803249999999</latitude>
					<altitude>0</altitude>
					<heading>0</heading>
					<tilt>0</tilt>
					<gx:fovy>35</gx:fovy>
					<range>742.1192197298103</range>
					<altitudeMode>relativeToGround</altitudeMode>
				</LookAt>
				<styleUrl>#__managed_style_0833D987D240DE0D9CB1</styleUrl>
				<Point>
					<altitudeMode>relativeToGround</altitudeMode>
					<coordinates>-7.363269259937621,43.42815379243613,0</coordinates>
				</Point>
			</Placemark>
			<Placemark id="0BE0578DEF3EDFB8023C">
				<gx:mid>/g/121lm_j4</gx:mid>
				<gx:fid>0xd2e7c894fffffff:0xc61e9c540b9a63b0</gx:fid>
				<LookAt>
					<longitude>-8.4124713</longitude>
					<latitude>43.3621437</latitude>
					<altitude>0</altitude>
					<heading>0</heading>
					<tilt>0</tilt>
					<gx:fovy>35</gx:fovy>
					<range>742.9993133048919</range>
					<altitudeMode>relativeToGround</altitudeMode>
				</LookAt>
				<styleUrl>#__managed_style_1D16B8BDC340DE0D9CB8</styleUrl>
				<Point>
					<altitudeMode>relativeToGround</altitudeMode>
					<coordinates>-8.4124713,43.3621437,0</coordinates>
				</Point>
			</Placemark>
			<Placemark id="000ADB79F43EDFB8D5A6">
				<gx:mid>/g/11bxc5tm5_</gx:mid>
				<gx:fid>0xd2e7c632ed475cb:0xfad45209482f1e9d</gx:fid>
				<LookAt>
					<longitude>-8.407939700000002</longitude>
					<latitude>43.3694786</latitude>
					<altitude>0</altitude>
					<heading>0</heading>
					<tilt>0</tilt>
					<gx:fovy>35</gx:fovy>
					<range>742.9013843057106</range>
					<altitudeMode>relativeToGround</altitudeMode>
				</LookAt>
				<styleUrl>#__managed_style_1DAAFA570140DE0D9CB3</styleUrl>
				<Point>
					<altitudeMode>relativeToGround</altitudeMode>
					<coordinates>-8.4079397,43.3694786,0</coordinates>
				</Point>
			</Placemark>
			<Placemark id="0A0204BE933EDFB9210F">
				<gx:mid>/g/11t86c0mb5</gx:mid>
				<gx:fid>0xd2e7d21af996e13:0x82f03597d8194647</gx:fid>
				<LookAt>
					<longitude>-8.4146301</longitude>
					<latitude>43.3700747</latitude>
					<altitude>0</altitude>
					<heading>0</heading>
					<tilt>0</tilt>
					<gx:fovy>35</gx:fovy>
					<range>742.8934252165678</range>
					<altitudeMode>relativeToGround</altitudeMode>
				</LookAt>
				<styleUrl>#__managed_style_1DAAFA570140DE0D9CB3</styleUrl>
				<Point>
					<altitudeMode>relativeToGround</altitudeMode>
					<coordinates>-8.4146301,43.3700747,0</coordinates>
				</Point>
			</Placemark>
			<Placemark id="0F40A3B4313EDFB98017">
				<gx:mid>/g/122hctbv</gx:mid>
				<gx:fid>0xd2e7c436e224da1:0xbc680c285d558c27</gx:fid>
				<LookAt>
					<longitude>-8.4228237</longitude>
					<latitude>43.3769547</latitude>
					<altitude>0</altitude>
					<heading>0</heading>
					<tilt>0</tilt>
					<gx:fovy>35</gx:fovy>
					<range>742.8015584877488</range>
					<altitudeMode>relativeToGround</altitudeMode>
				</LookAt>
				<styleUrl>#__managed_style_1DAAFA570140DE0D9CB3</styleUrl>
				<Point>
					<altitudeMode>relativeToGround</altitudeMode>
					<coordinates>-8.4228237,43.3769547,0</coordinates>
				</Point>
			</Placemark>
			<Placemark id="0C473201D73EDFB9DB30">
				<gx:mid>/g/11c1q8q1d4</gx:mid>
				<gx:fid>0xd2e7db15e648c5d:0x8d961ec17aef5ffd</gx:fid>
				<LookAt>
					<longitude>-8.446133</longitude>
					<latitude>43.3772259</latitude>
					<altitude>0</altitude>
					<heading>0</heading>
					<tilt>0</tilt>
					<gx:fovy>35</gx:fovy>
					<range>742.7979370255864</range>
					<altitudeMode>relativeToGround</altitudeMode>
				</LookAt>
				<styleUrl>#__managed_style_1DAAFA570140DE0D9CB3</styleUrl>
				<Point>
					<altitudeMode>relativeToGround</altitudeMode>
					<coordinates>-8.446133,43.3772259,0</coordinates>
				</Point>
			</Placemark>
			<Placemark id="06071877F83EDFBA34CC">
				<gx:mid>/g/11cm03ygm9</gx:mid>
				<gx:fid>0xd2e7daaa09b4f7d:0xca4aec6936a85deb</gx:fid>
				<LookAt>
					<longitude>-8.441511600000002</longitude>
					<latitude>43.36428650000001</latitude>
					<altitude>0</altitude>
					<heading>0</heading>
					<tilt>0</tilt>
					<gx:fovy>35</gx:fovy>
					<range>742.9707057332072</range>
					<altitudeMode>relativeToGround</altitudeMode>
				</LookAt>
				<styleUrl>#__managed_style_1F00F1C52540DE0D9CB4</styleUrl>
				<Point>
					<altitudeMode>relativeToGround</altitudeMode>
					<coordinates>-8.4415116,43.3642865,0</coordinates>
				</Point>
			</Placemark>
			<Placemark id="0FBCD933C93EDFBA6D14">
				<gx:mid>/g/11fp9c_gk5</gx:mid>
				<gx:fid>0xd2e7de91ca84f8d:0xa0cf0c637a9c5fd</gx:fid>
				<LookAt>
					<longitude>-8.4357554</longitude>
					<latitude>43.3658501</latitude>
					<altitude>0</altitude>
					<heading>0</heading>
					<tilt>0</tilt>
					<gx:fovy>35</gx:fovy>
					<range>742.9498301941583</range>
					<altitudeMode>relativeToGround</altitudeMode>
				</LookAt>
				<styleUrl>#__managed_style_1DAAFA570140DE0D9CB3</styleUrl>
				<Point>
					<altitudeMode>relativeToGround</altitudeMode>
					<coordinates>-8.4357554,43.3658501,0</coordinates>
				</Point>
			</Placemark>
			<Placemark id="0A2780C1143EDFBACC54">
				<gx:mid>/g/11q_9lnm4c</gx:mid>
				<gx:fid>0xd2e7d2d04c5ee0f:0x8b45b4fad2056614</gx:fid>
				<LookAt>
					<longitude>-8.432837699999999</longitude>
					<latitude>43.36409130000001</latitude>
					<altitude>0</altitude>
					<heading>0</heading>
					<tilt>0</tilt>
					<gx:fovy>35</gx:fovy>
					<range>742.9733118017469</range>
					<altitudeMode>relativeToGround</altitudeMode>
				</LookAt>
				<styleUrl>#__managed_style_1DAAFA570140DE0D9CB3</styleUrl>
				<Point>
					<altitudeMode>relativeToGround</altitudeMode>
					<coordinates>-8.4328377,43.3640913,0</coordinates>
				</Point>
			</Placemark>
			<Placemark id="06F5D739CD3EDFBB467B">
				<gx:mid>/g/11cn6btncm</gx:mid>
				<gx:fid>0xd2e7c4cf3b92b7f:0x1e758d734281db12</gx:fid>
				<LookAt>
					<longitude>-8.4380656</longitude>
					<latitude>43.3774825</latitude>
					<altitude>0</altitude>
					<heading>0</heading>
					<tilt>0</tilt>
					<gx:fovy>35</gx:fovy>
					<range>742.7945105099072</range>
					<altitudeMode>relativeToGround</altitudeMode>
				</LookAt>
				<styleUrl>#__managed_style_1F00F1C52540DE0D9CB4</styleUrl>
				<Point>
					<altitudeMode>relativeToGround</altitudeMode>
					<coordinates>-8.4380656,43.3774825,0</coordinates>
				</Point>
			</Placemark>
			<Placemark id="0AB67B652B3EDFBB96D7">
				<gx:mid>/g/11j03qpw43</gx:mid>
				<gx:fid>0xd2e7db7c8a2bb89:0xd5793aad934c08fb</gx:fid>
				<LookAt>
					<longitude>-8.433465600000002</longitude>
					<latitude>43.3779216</latitude>
					<altitude>0</altitude>
					<heading>0</heading>
					<tilt>0</tilt>
					<gx:fovy>35</gx:fovy>
					<range>742.7886469429735</range>
					<altitudeMode>relativeToGround</altitudeMode>
				</LookAt>
				<styleUrl>#__managed_style_1DAAFA570140DE0D9CB3</styleUrl>
				<Point>
					<altitudeMode>relativeToGround</altitudeMode>
					<coordinates>-8.4334656,43.3779216,0</coordinates>
				</Point>
			</Placemark>
			<Placemark id="0B4F24B7773EDFBBC878">
				<gx:mid>/g/11zhx210dj</gx:mid>
				<gx:fid>0xd2e7d00003ba2fb:0xbdd3005d8f2947b6</gx:fid>
				<LookAt>
					<longitude>-8.4315757</longitude>
					<latitude>43.37793429999999</latitude>
					<altitude>0</altitude>
					<heading>0</heading>
					<tilt>0</tilt>
					<gx:fovy>35</gx:fovy>
					<range>742.7884773516167</range>
					<altitudeMode>relativeToGround</altitudeMode>
				</LookAt>
				<styleUrl>#__managed_style_0DB6A0BD0240DE0D9CBC</styleUrl>
				<Point>
					<altitudeMode>relativeToGround</altitudeMode>
					<coordinates>-8.4315757,43.3779343,0</coordinates>
				</Point>
			</Placemark>
			<Placemark id="0B9901CC353EDFBC92B3">
				<gx:mid>/g/11c6zxdgk2</gx:mid>
				<gx:fid>0xd2e7c89c0000001:0xdc541b1ccdd37cdf</gx:fid>
				<LookAt>
					<longitude>-8.403983499999999</longitude>
					<latitude>43.3668217</latitude>
					<altitude>0</altitude>
					<heading>0</heading>
					<tilt>0</tilt>
					<gx:fovy>35</gx:fovy>
					<range>742.9368581560616</range>
					<altitudeMode>relativeToGround</altitudeMode>
				</LookAt>
				<styleUrl>#__managed_style_1F00F1C52540DE0D9CB4</styleUrl>
				<Point>
					<altitudeMode>relativeToGround</altitudeMode>
					<coordinates>-8.403983499999999,43.3668217,0</coordinates>
				</Point>
			</Placemark>
			<Placemark id="08B89DE1BD3EDFBCE2C3">
				<gx:mid>/g/11b6xbq03d</gx:mid>
				<gx:fid>0xd2e7c7b90484fd5:0x91e506fc729ca63</gx:fid>
				<LookAt>
					<longitude>-8.403439600000002</longitude>
					<latitude>43.37268710000001</latitude>
					<altitude>0</altitude>
					<heading>0</heading>
					<tilt>0</tilt>
					<gx:fovy>35</gx:fovy>
					<range>742.858543737224</range>
					<altitudeMode>relativeToGround</altitudeMode>
				</LookAt>
				<styleUrl>#__managed_style_338D6BD7BC40DE0D9CB4</styleUrl>
				<Point>
					<altitudeMode>relativeToGround</altitudeMode>
					<coordinates>-8.404025393897296,43.37249005606104,0</coordinates>
				</Point>
			</Placemark>
			<Placemark id="0ADB3CE6453EDFBE2C68">
				<name>Rua Real - שדרה מרכזית</name>
				<LookAt>
					<longitude>-8.39969369571279</longitude>
					<latitude>43.37004987288302</latitude>
					<altitude>21.71865594479665</altitude>
					<heading>0</heading>
					<tilt>0</tilt>
					<gx:fovy>35</gx:fovy>
					<range>127.8142275590108</range>
					<altitudeMode>absolute</altitudeMode>
				</LookAt>
				<styleUrl>#__managed_style_0E97152A3F40DE0D9CB8</styleUrl>
				<LineString>
					<coordinates>
						-8.404730198934129,43.36650587528012,0 -8.403962743072746,43.36735123894329,0 -8.403291929279733,43.36806098750282,0 -8.402185329872205,43.36888966391881,0 -8.401820141473324,43.36909770947889,0 -8.400842721074477,43.36958622428164,0 -8.399571934227566,43.37018610158328,0 -8.39903316095508,43.37043487181083,0 -8.397682432095918,43.37058191888053,0 -8.397121989461468,43.37061193643977,0 -8.396556374751249,43.37058392368795,0 
					</coordinates>
				</LineString>
			</Placemark>
			<Placemark id="01DA310A5B3EDFBE9D91">
				<gx:mid>/g/11b70s5ky3</gx:mid>
				<gx:fid>0xd2e7b8098569c85:0x8a5595775170d33e</gx:fid>
				<LookAt>
					<longitude>-8.396392799999997</longitude>
					<latitude>43.3711813</latitude>
					<altitude>0</altitude>
					<heading>0</heading>
					<tilt>0</tilt>
					<gx:fovy>35</gx:fovy>
					<range>742.8786497658955</range>
					<altitudeMode>relativeToGround</altitudeMode>
				</LookAt>
				<styleUrl>#__managed_style_0833D987D240DE0D9CB1</styleUrl>
				<Point>
					<altitudeMode>relativeToGround</altitudeMode>
					<coordinates>-8.395937316754784,43.37086190114891,0</coordinates>
				</Point>
			</Placemark>
			<Placemark id="014FB179043EDFBEE767">
				<gx:mid>/g/11jrc665jb</gx:mid>
				<gx:fid>0xd2e7bea433415dd:0x8cab7c08678d20e1</gx:fid>
				<LookAt>
					<longitude>-8.3959417</longitude>
					<latitude>43.3713705</latitude>
					<altitude>0</altitude>
					<heading>0</heading>
					<tilt>0</tilt>
					<gx:fovy>35</gx:fovy>
					<range>742.8761235199229</range>
					<altitudeMode>relativeToGround</altitudeMode>
				</LookAt>
				<styleUrl>#__managed_style_16528C8C7A40DE0D9CB7</styleUrl>
				<Point>
					<altitudeMode>relativeToGround</altitudeMode>
					<coordinates>-8.3959417,43.3713705,0</coordinates>
				</Point>
			</Placemark>
			<Placemark id="08FA74DF2F3EDFBF1398">
				<gx:mid>/g/11bt_h37ts</gx:mid>
				<gx:fid>0xd2e7c7f35ebba79:0xa17b63f6ffbea15b</gx:fid>
				<LookAt>
					<longitude>-8.397981699999999</longitude>
					<latitude>43.3721164</latitude>
					<altitude>0</altitude>
					<heading>0</heading>
					<tilt>0</tilt>
					<gx:fovy>35</gx:fovy>
					<range>742.8661640022356</range>
					<altitudeMode>relativeToGround</altitudeMode>
				</LookAt>
				<styleUrl>#__managed_style_0833D987D240DE0D9CB1</styleUrl>
				<Point>
					<altitudeMode>relativeToGround</altitudeMode>
					<coordinates>-8.397981699999999,43.3721164,0</coordinates>
				</Point>
			</Placemark>
			<Placemark id="06B9AC9AC33EDFC014CB">
				<gx:mid>/g/11xdy8l2l</gx:mid>
				<gx:fid>0xd2e7b81abd36bab:0x3e09d5e69489492b</gx:fid>
				<LookAt>
					<longitude>-8.393226400000001</longitude>
					<latitude>43.37016740000001</latitude>
					<altitude>0</altitude>
					<heading>0</heading>
					<tilt>0</tilt>
					<gx:fovy>35</gx:fovy>
					<range>742.8921874853719</range>
					<altitudeMode>relativeToGround</altitudeMode>
				</LookAt>
				<styleUrl>#__managed_style_0833D987D240DE0D9CB1</styleUrl>
				<Point>
					<altitudeMode>relativeToGround</altitudeMode>
					<coordinates>-8.39345708343418,43.37005648617876,0</coordinates>
				</Point>
			</Placemark>
			<Placemark id="09C97FAD743EDFC0A834">
				<gx:mid>/g/1tdfvf6p</gx:mid>
				<gx:fid>0xd2e7b8272d88967:0x35bf381966d7f831</gx:fid>
				<LookAt>
					<longitude>-8.3901009</longitude>
					<latitude>43.3691245</latitude>
					<altitude>0</altitude>
					<heading>0</heading>
					<tilt>0</tilt>
					<gx:fovy>35</gx:fovy>
					<range>742.9061121909243</range>
					<altitudeMode>relativeToGround</altitudeMode>
				</LookAt>
				<styleUrl>#__managed_style_1D16B8BDC340DE0D9CB8</styleUrl>
				<Point>
					<altitudeMode>relativeToGround</altitudeMode>
					<coordinates>-8.3901009,43.3691245,0</coordinates>
				</Point>
			</Placemark>
			<Placemark id="04E05DB81D3EDFC11FCB">
				<gx:mid>/g/11fb1dh_0g</gx:mid>
				<gx:fid>0xd2e7bcb119b9e1f:0x80a360babb7e8692</gx:fid>
				<LookAt>
					<longitude>-8.394235799999999</longitude>
					<latitude>43.36689319999999</latitude>
					<altitude>0</altitude>
					<heading>0</heading>
					<tilt>0</tilt>
					<gx:fovy>35</gx:fovy>
					<range>742.9359035365225</range>
					<altitudeMode>relativeToGround</altitudeMode>
				</LookAt>
				<styleUrl>#__managed_style_1DAAFA570140DE0D9CB3</styleUrl>
				<Point>
					<altitudeMode>relativeToGround</altitudeMode>
					<coordinates>-8.394235799999999,43.3668932,0</coordinates>
				</Point>
			</Placemark>
			<Placemark id="0D78341D323EDFC1A10E">
				<name>טיילת</name>
				<LookAt>
					<longitude>-8.396661893020381</longitude>
					<latitude>43.36629536894475</latitude>
					<altitude>0.4054651588204172</altitude>
					<heading>16.48626653869622</heading>
					<tilt>0</tilt>
					<gx:fovy>35</gx:fovy>
					<range>2517.087475891749</range>
					<altitudeMode>absolute</altitudeMode>
				</LookAt>
				<styleUrl>#__managed_style_0E97152A3F40DE0D9CB8</styleUrl>
				<LineString>
					<coordinates>
						-8.389134184819588,43.36674211157936,0 -8.389648257355187,43.36671538551482,0 -8.390655123172369,43.3671554103141,0 -8.391501649371358,43.3675187938024,0 -8.392057000948263,43.36767010040339,0 -8.392650323416939,43.36778915243811,0 -8.39351178759668,43.3678887359241,0 -8.393867479784314,43.36781804221948,0 -8.394026367148159,43.36764163616277,0 -8.394094769817858,43.36716907693734,0 -8.394121588588163,43.3669442163275,0 -8.394299961855229,43.36696342694635,0 -8.394301116642586,43.36732793156627,0 -8.394360183919416,43.36755158052036,0 -8.394511437920828,43.36778750028374,0 -8.394811058750046,43.36806614296678,0 -8.395659788293472,43.36932486958231,0 -8.395953247031201,43.36966988394497,0 -8.398362816971467,43.369760598171,0 -8.398480293077041,43.36844311967306,0 
					</coordinates>
				</LineString>
			</Placemark>
			<Placemark id="0D47D5FF303EDFC1F3F8">
				<gx:mid>/m/0d5_xf</gx:mid>
				<gx:fid>0xd2e7b79b1cddc2b:0xa87ace100faaeb41</gx:fid>
				<LookAt>
					<longitude>-8.409612299999999</longitude>
					<latitude>43.3837484</latitude>
					<altitude>0</altitude>
					<heading>0</heading>
					<tilt>0</tilt>
					<gx:fovy>35</gx:fovy>
					<range>742.7108343329929</range>
					<altitudeMode>relativeToGround</altitudeMode>
				</LookAt>
				<styleUrl>#__managed_style_0833D987D240DE0D9CB1</styleUrl>
				<Point>
					<altitudeMode>relativeToGround</altitudeMode>
					<coordinates>-8.409612299999999,43.38374839999999,0</coordinates>
				</Point>
			</Placemark>
			<Placemark id="010E91AA093EDFC2A68F">
				<gx:mid>/g/120j3kr2</gx:mid>
				<gx:fid>0xd2e7c70ffab9053:0xb54dde9015d16249</gx:fid>
				<LookAt>
					<longitude>-8.393478399999999</longitude>
					<latitude>43.38480440000001</latitude>
					<altitude>0</altitude>
					<heading>0</heading>
					<tilt>0</tilt>
					<gx:fovy>35</gx:fovy>
					<range>742.6967314690374</range>
					<altitudeMode>relativeToGround</altitudeMode>
				</LookAt>
				<styleUrl>#__managed_style_1F00F1C52540DE0D9CB4</styleUrl>
				<Point>
					<altitudeMode>relativeToGround</altitudeMode>
					<coordinates>-8.393478399999999,43.3848044,0</coordinates>
				</Point>
			</Placemark>
			<Placemark id="0B1797AFAB3EDFC2F1DE">
				<gx:mid>/g/121g0xlc</gx:mid>
				<gx:fid>0xd2e7c7043c99b31:0x5c3b6eb8306f7019</gx:fid>
				<LookAt>
					<longitude>-8.406646</longitude>
					<latitude>43.3777801</latitude>
					<altitude>0</altitude>
					<heading>0</heading>
					<tilt>0</tilt>
					<gx:fovy>35</gx:fovy>
					<range>742.7905364821787</range>
					<altitudeMode>relativeToGround</altitudeMode>
				</LookAt>
				<styleUrl>#__managed_style_1D16B8BDC340DE0D9CB8</styleUrl>
				<Point>
					<altitudeMode>relativeToGround</altitudeMode>
					<coordinates>-8.406646,43.3777801,0</coordinates>
				</Point>
			</Placemark>
			<Placemark id="003B6155743EDFC37DE4">
				<gx:mid>/g/11kpsvqbp3</gx:mid>
				<gx:fid>0xd2e7d8f6f046da9:0x14906a21340d39a3</gx:fid>
				<LookAt>
					<longitude>-8.399773099999999</longitude>
					<latitude>43.3879163</latitude>
					<altitude>0</altitude>
					<heading>0</heading>
					<tilt>0</tilt>
					<gx:fovy>35</gx:fovy>
					<range>742.6551707286386</range>
					<altitudeMode>relativeToGround</altitudeMode>
				</LookAt>
				<styleUrl>#__managed_style_1DAAFA570140DE0D9CB3</styleUrl>
				<Point>
					<altitudeMode>relativeToGround</altitudeMode>
					<coordinates>-8.399773099999999,43.3879163,0</coordinates>
				</Point>
			</Placemark>
			<Placemark id="079A5DAB633EDFC4503C">
				<gx:mid>/g/11hz6cf0yx</gx:mid>
				<gx:fid>0xd2e7d74c7c55063:0xf60b718bf6e063e1</gx:fid>
				<LookAt>
					<longitude>-8.419991999999999</longitude>
					<latitude>43.3526333</latitude>
					<altitude>0</altitude>
					<heading>0</heading>
					<tilt>0</tilt>
					<gx:fovy>35</gx:fovy>
					<range>743.1262707771666</range>
					<altitudeMode>relativeToGround</altitudeMode>
				</LookAt>
				<styleUrl>#__managed_style_1D16B8BDC340DE0D9CB8</styleUrl>
				<Point>
					<altitudeMode>relativeToGround</altitudeMode>
					<coordinates>-8.419991999999999,43.3526333,0</coordinates>
				</Point>
			</Placemark>
			<Placemark id="0029BB4C603EDFE55310">
				<gx:mid>/m/07sdgl</gx:mid>
				<gx:fid>0xd2effcc605fc1cb:0xc718ce607c456cea</gx:fid>
				<LookAt>
					<longitude>-8.5277057</longitude>
					<latitude>42.870396</latitude>
					<altitude>0</altitude>
					<heading>0</heading>
					<tilt>0</tilt>
					<gx:fovy>35</gx:fovy>
					<range>749.538754876501</range>
					<altitudeMode>relativeToGround</altitudeMode>
				</LookAt>
				<styleUrl>#__managed_style_0833D987D240DE0D9CB1</styleUrl>
				<Point>
					<altitudeMode>relativeToGround</altitudeMode>
					<coordinates>-8.5277057,42.870396,0</coordinates>
				</Point>
			</Placemark>
			<Placemark id="04BBD086973EDFE586D8">
				<gx:mid>/g/121w1gv6</gx:mid>
				<gx:fid>0xd2efe48dc28d811:0x7518a9f6fb0cec5</gx:fid>
				<LookAt>
					<longitude>-8.5391011</longitude>
					<latitude>42.88273099999999</latitude>
					<altitude>0</altitude>
					<heading>0</heading>
					<tilt>0</tilt>
					<gx:fovy>35</gx:fovy>
					<range>749.3753472720285</range>
					<altitudeMode>relativeToGround</altitudeMode>
				</LookAt>
				<styleUrl>#__managed_style_1D16B8BDC340DE0D9CB8</styleUrl>
				<Point>
					<altitudeMode>relativeToGround</altitudeMode>
					<coordinates>-8.5391011,42.882731,0</coordinates>
				</Point>
			</Placemark>
			<Placemark id="04C56E83CD3EDFE5E36F">
				<gx:mid>/g/11c5fz5xb8</gx:mid>
				<gx:fid>0xd2effc64a506681:0xd164520acab15484</gx:fid>
				<LookAt>
					<longitude>-8.5156656</longitude>
					<latitude>42.87466039999999</latitude>
					<altitude>0</altitude>
					<heading>0</heading>
					<tilt>0</tilt>
					<gx:fovy>35</gx:fovy>
					<range>749.4822660144117</range>
					<altitudeMode>relativeToGround</altitudeMode>
				</LookAt>
				<styleUrl>#__managed_style_1DAAFA570140DE0D9CB3</styleUrl>
				<Point>
					<altitudeMode>relativeToGround</altitudeMode>
					<coordinates>-8.5156656,42.8746604,0</coordinates>
				</Point>
			</Placemark>
			<Placemark id="012A1A45FC3EDFE6C11C">
				<gx:mid>/g/11clsz7k_w</gx:mid>
				<gx:fid>0xd2efe184794aff9:0x67ac53cfb7e189ba</gx:fid>
				<LookAt>
					<longitude>-8.547609399999997</longitude>
					<latitude>42.876943</latitude>
					<altitude>0</altitude>
					<heading>0</heading>
					<tilt>0</tilt>
					<gx:fovy>35</gx:fovy>
					<range>749.4520276987217</range>
					<altitudeMode>relativeToGround</altitudeMode>
				</LookAt>
				<styleUrl>#__managed_style_1F00F1C52540DE0D9CB4</styleUrl>
				<Point>
					<altitudeMode>relativeToGround</altitudeMode>
					<coordinates>-8.547609399999999,42.876943,0</coordinates>
				</Point>
			</Placemark>
			<Placemark id="0C462594A13EDFE7F508">
				<gx:mid>/g/122226n_</gx:mid>
				<gx:fid>0xd2efe43e8b01481:0xff1d0db45d9c0402</gx:fid>
				<LookAt>
					<longitude>-8.545730799999999</longitude>
					<latitude>42.8804658</latitude>
					<altitude>0</altitude>
					<heading>0</heading>
					<tilt>0</tilt>
					<gx:fovy>35</gx:fovy>
					<range>749.405357884978</range>
					<altitudeMode>relativeToGround</altitudeMode>
				</LookAt>
				<styleUrl>#__managed_style_0833D987D240DE0D9CB1</styleUrl>
				<Point>
					<altitudeMode>relativeToGround</altitudeMode>
					<coordinates>-8.545730799999999,42.8804658,0</coordinates>
				</Point>
			</Placemark>
			<Placemark id="0E16271AFD3EDFE809FC">
				<gx:mid>/m/07nqq_</gx:mid>
				<gx:fid>0xd2efe4326414707:0xa18e63b9d0a316c5</gx:fid>
				<LookAt>
					<longitude>-8.544395399999997</longitude>
					<latitude>42.880688</latitude>
					<altitude>0</altitude>
					<heading>0</heading>
					<tilt>0</tilt>
					<gx:fovy>35</gx:fovy>
					<range>749.4024141058201</range>
					<altitudeMode>relativeToGround</altitudeMode>
				</LookAt>
				<styleUrl>#__managed_style_16528C8C7A40DE0D9CB7</styleUrl>
				<Point>
					<altitudeMode>relativeToGround</altitudeMode>
					<coordinates>-8.544395399999999,42.880688,0</coordinates>
				</Point>
			</Placemark>
			<Placemark id="011E3FEB853EDFE87ADC">
				<gx:mid>/g/11cncj15sp</gx:mid>
				<gx:fid>0xd2efe441a6b4ea7:0x2c4f578598a08ae5</gx:fid>
				<LookAt>
					<longitude>-8.543836299999999</longitude>
					<latitude>42.88043095</latitude>
					<altitude>0</altitude>
					<heading>0</heading>
					<tilt>0</tilt>
					<gx:fovy>35</gx:fovy>
					<range>749.4058195883595</range>
					<altitudeMode>relativeToGround</altitudeMode>
				</LookAt>
				<styleUrl>#__managed_style_0833D987D240DE0D9CB1</styleUrl>
				<Point>
					<altitudeMode>relativeToGround</altitudeMode>
					<coordinates>-8.543692,42.8803685,0</coordinates>
				</Point>
			</Placemark>
			<Placemark id="0D782FE9973EDFE8E008">
				<gx:mid>/g/1tfty77f</gx:mid>
				<gx:fid>0xd2efe4473597fbb:0x8e4b9cce547ebbf2</gx:fid>
				<LookAt>
					<longitude>-8.544242300000001</longitude>
					<latitude>42.8811836</latitude>
					<altitude>0</altitude>
					<heading>0</heading>
					<tilt>0</tilt>
					<gx:fovy>35</gx:fovy>
					<range>749.3958481950212</range>
					<altitudeMode>relativeToGround</altitudeMode>
				</LookAt>
				<styleUrl>#__managed_style_0833D987D240DE0D9CB1</styleUrl>
				<Point>
					<altitudeMode>relativeToGround</altitudeMode>
					<coordinates>-8.544242299999999,42.8811836,0</coordinates>
				</Point>
			</Placemark>
			<Placemark id="0AAA8A7A523EDFE94A60">
				<gx:mid>/g/11xbwj2ff</gx:mid>
				<gx:fid>0xd2efe44370126b5:0x86f4f6c6b8309967</gx:fid>
				<LookAt>
					<longitude>-8.542559299999997</longitude>
					<latitude>42.8810908</latitude>
					<altitude>0</altitude>
					<heading>0</heading>
					<tilt>0</tilt>
					<gx:fovy>35</gx:fovy>
					<range>749.3970776512309</range>
					<altitudeMode>relativeToGround</altitudeMode>
				</LookAt>
				<styleUrl>#__managed_style_0833D987D240DE0D9CB1</styleUrl>
				<Point>
					<altitudeMode>relativeToGround</altitudeMode>
					<coordinates>-8.542559299999999,42.8810908,0</coordinates>
				</Point>
			</Placemark>
			<Placemark id="03FE1642C63EDFEA5858">
				<gx:mid>/g/11b6dg6j73</gx:mid>
				<gx:fid>0xd2efe6af302f405:0x9606cd4635c43a49</gx:fid>
				<LookAt>
					<longitude>-8.545711899999999</longitude>
					<latitude>42.8867672</latitude>
					<altitude>0</altitude>
					<heading>0</heading>
					<tilt>0</tilt>
					<gx:fovy>35</gx:fovy>
					<range>749.3218707671098</range>
					<altitudeMode>relativeToGround</altitudeMode>
				</LookAt>
				<styleUrl>#__managed_style_1D16B8BDC340DE0D9CB8</styleUrl>
				<Point>
					<altitudeMode>relativeToGround</altitudeMode>
					<coordinates>-8.545711899999999,42.8867672,0</coordinates>
				</Point>
			</Placemark>
			<Placemark id="0410EF2E2F3EDFF02B1F">
				<gx:mid>/g/11xyp5b4q</gx:mid>
				<gx:fid>0xd30ba9042cdfcf3:0x7c526d09e28229cf</gx:fid>
				<LookAt>
					<longitude>-6.5905974</longitude>
					<latitude>42.5460418</latitude>
					<altitude>0</altitude>
					<heading>0</heading>
					<tilt>0</tilt>
					<gx:fovy>35</gx:fovy>
					<range>753.8239462448405</range>
					<altitudeMode>relativeToGround</altitudeMode>
				</LookAt>
				<styleUrl>#__managed_style_0833D987D240DE0D9CB1</styleUrl>
				<Point>
					<altitudeMode>relativeToGround</altitudeMode>
					<coordinates>-6.590460106228674,42.54582192230587,0</coordinates>
				</Point>
			</Placemark>
			<Placemark id="0C5771AFD33EDFF0C820">
				<gx:mid>/g/11zm953rs</gx:mid>
				<gx:fid>0xd30ba910459d2eb:0x523e6c7001a72bee</gx:fid>
				<LookAt>
					<longitude>-6.592023899999999</longitude>
					<latitude>42.54451419999999</latitude>
					<altitude>0</altitude>
					<heading>0</heading>
					<tilt>0</tilt>
					<gx:fovy>35</gx:fovy>
					<range>753.8440746402599</range>
					<altitudeMode>relativeToGround</altitudeMode>
				</LookAt>
				<styleUrl>#__managed_style_0833D987D240DE0D9CB1</styleUrl>
				<Point>
					<altitudeMode>relativeToGround</altitudeMode>
					<coordinates>-6.592158400812307,42.54465226820239,0</coordinates>
				</Point>
			</Placemark>
			<Placemark id="0074D029C23EDFF0F570">
				<gx:mid>/g/120yrc07</gx:mid>
				<gx:fid>0xd379a852c2cf235:0xfef8e10482434288</gx:fid>
				<LookAt>
					<longitude>-6.5938082</longitude>
					<latitude>42.5433682</latitude>
					<altitude>0</altitude>
					<heading>0</heading>
					<tilt>0</tilt>
					<gx:fovy>35</gx:fovy>
					<range>753.8591745599412</range>
					<altitudeMode>relativeToGround</altitudeMode>
				</LookAt>
				<styleUrl>#__managed_style_0833D987D240DE0D9CB1</styleUrl>
				<Point>
					<altitudeMode>relativeToGround</altitudeMode>
					<coordinates>-6.593488434135583,42.54398542878891,0</coordinates>
				</Point>
			</Placemark>
			<Placemark id="0342ED9A6E3EDFF1516F">
				<gx:mid>/g/11ww4s_mkg</gx:mid>
				<gx:fid>0xd30bb00763c0403:0x5e33c8aa5f74b762</gx:fid>
				<LookAt>
					<longitude>-6.596691499999999</longitude>
					<latitude>42.5426513</latitude>
					<altitude>0</altitude>
					<heading>0</heading>
					<tilt>0</tilt>
					<gx:fovy>35</gx:fovy>
					<range>753.8686204304989</range>
					<altitudeMode>relativeToGround</altitudeMode>
				</LookAt>
				<styleUrl>#__managed_style_33A66D2EAC40DE0D9CB8</styleUrl>
				<Point>
					<altitudeMode>relativeToGround</altitudeMode>
					<coordinates>-6.596691499999999,42.5426513,0</coordinates>
				</Point>
			</Placemark>
			<Placemark id="0C6E00B49B3EDFF27DAF">
				<gx:mid>/g/11rcnxbx2t</gx:mid>
				<gx:fid>0xd30bb544fd78391:0x709d3bfb4393ee63</gx:fid>
				<LookAt>
					<longitude>-6.594289400000002</longitude>
					<latitude>42.54548320000001</latitude>
					<altitude>0</altitude>
					<heading>0</heading>
					<tilt>0</tilt>
					<gx:fovy>35</gx:fovy>
					<range>753.8313066865069</range>
					<altitudeMode>relativeToGround</altitudeMode>
				</LookAt>
				<styleUrl>#__managed_style_1DAAFA570140DE0D9CB3</styleUrl>
				<Point>
					<altitudeMode>relativeToGround</altitudeMode>
					<coordinates>-6.5942894,42.5454832,0</coordinates>
				</Point>
			</Placemark>
			<Placemark id="0B365073593EE0240DDB">
				<gx:mid>/g/1td738zn</gx:mid>
				<gx:fid>0xd379a9c03bdc331:0x513b29d8ce116fa3</gx:fid>
				<LookAt>
					<longitude>-5.566720500000001</longitude>
					<latitude>42.5970522</latitude>
					<altitude>0</altitude>
					<heading>0</heading>
					<tilt>0</tilt>
					<gx:fovy>35</gx:fovy>
					<range>753.1515202262011</range>
					<altitudeMode>relativeToGround</altitudeMode>
				</LookAt>
				<styleUrl>#__managed_style_0833D987D240DE0D9CB1</styleUrl>
				<Point>
					<altitudeMode>relativeToGround</altitudeMode>
					<coordinates>-5.566466586196662,42.5973162887733,0</coordinates>
				</Point>
			</Placemark>
			<Placemark id="05A54739443EE024696C">
				<gx:mid>/g/11xzm6mrp</gx:mid>
				<gx:fid>0xd379a99575961c9:0x252ca46d16a9cc61</gx:fid>
				<LookAt>
					<longitude>-5.567672</longitude>
					<latitude>42.5968612</latitude>
					<altitude>0</altitude>
					<heading>0</heading>
					<tilt>0</tilt>
					<gx:fovy>35</gx:fovy>
					<range>753.1540390579866</range>
					<altitudeMode>relativeToGround</altitudeMode>
				</LookAt>
				<styleUrl>#__managed_style_0833D987D240DE0D9CB1</styleUrl>
				<Point>
					<altitudeMode>relativeToGround</altitudeMode>
					<coordinates>-5.567672,42.5968612,0</coordinates>
				</Point>
			</Placemark>
			<Placemark id="09A6AF7D843EE02501AB">
				<gx:mid>/g/120vzklm</gx:mid>
				<gx:fid>0xd379a993d330085:0xbfe4339aee53b52a</gx:fid>
				<LookAt>
					<longitude>-5.5684181</longitude>
					<latitude>42.595387</latitude>
					<altitude>0</altitude>
					<heading>0</heading>
					<tilt>0</tilt>
					<gx:fovy>35</gx:fovy>
					<range>753.1734799554606</range>
					<altitudeMode>relativeToGround</altitudeMode>
				</LookAt>
				<styleUrl>#__managed_style_0833D987D240DE0D9CB1</styleUrl>
				<Point>
					<altitudeMode>relativeToGround</altitudeMode>
					<coordinates>-5.5684181,42.595387,0</coordinates>
				</Point>
			</Placemark>
			<Placemark id="08533A438C3EE02688D3">
				<gx:mid>/g/11s4dzg7gr</gx:mid>
				<gx:fid>0xd379b3ccfa87689:0x118ceadab3f98071</gx:fid>
				<LookAt>
					<longitude>-5.5706983</longitude>
					<latitude>42.5976722</latitude>
					<altitude>0</altitude>
					<heading>0</heading>
					<tilt>0</tilt>
					<gx:fovy>35</gx:fovy>
					<range>753.1433438595523</range>
					<altitudeMode>relativeToGround</altitudeMode>
				</LookAt>
				<styleUrl>#__managed_style_0833D987D240DE0D9CB1</styleUrl>
				<Point>
					<altitudeMode>relativeToGround</altitudeMode>
					<coordinates>-5.5706983,42.5976722,0</coordinates>
				</Point>
			</Placemark>
			<Placemark id="05779520593EE026EC9C">
				<gx:mid>/g/11b_1mzxzj</gx:mid>
				<gx:fid>0xd379a997bb61a61:0x3a72eddf69df3f45</gx:fid>
				<LookAt>
					<longitude>-5.5695635</longitude>
					<latitude>42.5967558</latitude>
					<altitude>0</altitude>
					<heading>0</heading>
					<tilt>0</tilt>
					<gx:fovy>35</gx:fovy>
					<range>753.1554290277705</range>
					<altitudeMode>relativeToGround</altitudeMode>
				</LookAt>
				<styleUrl>#__managed_style_1D16B8BDC340DE0D9CB8</styleUrl>
				<Point>
					<altitudeMode>relativeToGround</altitudeMode>
					<coordinates>-5.5695635,42.5967558,0</coordinates>
				</Point>
			</Placemark>
			<Placemark id="08CE41A92B3EE027512B">
				<name>Calle Ancha - שדרה מרכזית</name>
				<LookAt>
					<longitude>-5.568437257094069</longitude>
					<latitude>42.59853709237122</latitude>
					<altitude>833.7818358240855</altitude>
					<heading>0</heading>
					<tilt>0</tilt>
					<gx:fovy>40.53224420363687</gx:fovy>
					<range>66.10780366111612</range>
					<altitudeMode>absolute</altitudeMode>
				</LookAt>
				<styleUrl>#__managed_style_0E97152A3F40DE0D9CB8</styleUrl>
				<LineString>
					<coordinates>
						-5.57027123418696,42.59808892977414,0 -5.569691404846519,42.59827593455113,0 -5.56775656499819,42.59869788183181,0 -5.566451969728107,42.59900081320779,0 
					</coordinates>
				</LineString>
			</Placemark>
			<Placemark id="00E9359C513EE0280227">
				<gx:mid>/g/11xqspcbb</gx:mid>
				<gx:fid>0xd379a9c79354419:0xa55903ce3e5c0c1c</gx:fid>
				<LookAt>
					<longitude>-5.566642799999999</longitude>
					<latitude>42.5989541</latitude>
					<altitude>0</altitude>
					<heading>0</heading>
					<tilt>0</tilt>
					<gx:fovy>35</gx:fovy>
					<range>753.1264383000612</range>
					<altitudeMode>relativeToGround</altitudeMode>
				</LookAt>
				<styleUrl>#__managed_style_0833D987D240DE0D9CB1</styleUrl>
				<Point>
					<altitudeMode>relativeToGround</altitudeMode>
					<coordinates>-5.567256070060985,42.59901125131835,0</coordinates>
				</Point>
			</Placemark>
			<Placemark id="08AD82F1843EE02A9318">
				<gx:mid>/g/11xk8fdrs</gx:mid>
				<gx:fid>0xd45fcd7da6ca2a3:0x28ced14b4605a5cb</gx:fid>
				<LookAt>
					<longitude>-3.702549899999999</longitude>
					<latitude>42.3422092</latitude>
					<altitude>0</altitude>
					<heading>0</heading>
					<tilt>0</tilt>
					<gx:fovy>35</gx:fovy>
					<range>756.5052956915655</range>
					<altitudeMode>relativeToGround</altitudeMode>
				</LookAt>
				<styleUrl>#__managed_style_0833D987D240DE0D9CB1</styleUrl>
				<Point>
					<altitudeMode>relativeToGround</altitudeMode>
					<coordinates>-3.702592526444751,42.34233715095463,0</coordinates>
				</Point>
			</Placemark>
			<Placemark id="0A378EADC43EE02C0C9F">
				<gx:mid>/g/11xgnv19c5</gx:mid>
				<gx:fid>0xd4f6d006e143c9b:0xb60d0e109345104c</gx:fid>
				<LookAt>
					<longitude>-3.2922902</longitude>
					<latitude>42.76284930000001</latitude>
					<altitude>0</altitude>
					<heading>0</heading>
					<tilt>0</tilt>
					<gx:fovy>35</gx:fovy>
					<range>750.9621006479156</range>
					<altitudeMode>relativeToGround</altitudeMode>
				</LookAt>
				<styleUrl>#__managed_style_1DAAFA570140DE0D9CB3</styleUrl>
				<Point>
					<altitudeMode>relativeToGround</altitudeMode>
					<coordinates>-3.292572309226134,42.76278030193537,0</coordinates>
				</Point>
			</Placemark>
			<Placemark id="0D7B5F9DBD3EE02C3CA6">
				<gx:mid>/m/0j7kb0h</gx:mid>
				<gx:fid>0xd4f6db472102eb5:0xe960c4f6ec66ee5</gx:fid>
				<LookAt>
					<longitude>-3.2950331</longitude>
					<latitude>42.76226760000001</latitude>
					<altitude>0</altitude>
					<heading>0</heading>
					<tilt>0</tilt>
					<gx:fovy>35</gx:fovy>
					<range>750.9697925364806</range>
					<altitudeMode>relativeToGround</altitudeMode>
				</LookAt>
				<styleUrl>#__managed_style_0833D987D240DE0D9CB1</styleUrl>
				<Point>
					<altitudeMode>relativeToGround</altitudeMode>
					<coordinates>-3.2950331,42.7622676,0</coordinates>
				</Point>
			</Placemark>
			<Placemark id="0A3E4012CB3EE02CADF4">
				<gx:mid>/g/11j9czj3rt</gx:mid>
				<gx:fid>0xd4f6d7b89dee2c9:0x2a3fee0dc4d4557</gx:fid>
				<LookAt>
					<longitude>-3.2959417</longitude>
					<latitude>42.76095779999999</latitude>
					<altitude>0</altitude>
					<heading>0</heading>
					<tilt>0</tilt>
					<gx:fovy>35</gx:fovy>
					<range>750.9871119132213</range>
					<altitudeMode>relativeToGround</altitudeMode>
				</LookAt>
				<styleUrl>#__managed_style_1DAAFA570140DE0D9CB3</styleUrl>
				<Point>
					<altitudeMode>relativeToGround</altitudeMode>
					<coordinates>-3.2959417,42.7609578,0</coordinates>
				</Point>
			</Placemark>
			<Placemark id="0B669C03F63EE02D6137">
				<gx:mid>/g/11xk4hck7</gx:mid>
				<gx:fid>0xd4f6c3029363405:0x9477938c99492353</gx:fid>
				<LookAt>
					<longitude>-3.3067359</longitude>
					<latitude>42.74793990000001</latitude>
					<altitude>0</altitude>
					<heading>0</heading>
					<tilt>0</tilt>
					<gx:fovy>35</gx:fovy>
					<range>751.1592265663585</range>
					<altitudeMode>relativeToGround</altitudeMode>
				</LookAt>
				<styleUrl>#__managed_style_0833D987D240DE0D9CB1</styleUrl>
				<Point>
					<altitudeMode>relativeToGround</altitudeMode>
					<coordinates>-3.3067359,42.7479399,0</coordinates>
				</Point>
			</Placemark>
			<Placemark id="0B355CC7AE3EE02DD2C4">
				<gx:mid>/g/11cly6fw8x</gx:mid>
				<gx:fid>0xd4f6c31bfc6e4b7:0x17267225826c5ebd</gx:fid>
				<LookAt>
					<longitude>-3.3049858</longitude>
					<latitude>42.7500214</latitude>
					<altitude>0</altitude>
					<heading>0</heading>
					<tilt>0</tilt>
					<gx:fovy>35</gx:fovy>
					<range>751.1317086920291</range>
					<altitudeMode>relativeToGround</altitudeMode>
				</LookAt>
				<styleUrl>#__managed_style_0989CEC38140DE0D9CC4</styleUrl>
				<Point>
					<altitudeMode>relativeToGround</altitudeMode>
					<coordinates>-3.3049858,42.7500214,0</coordinates>
				</Point>
			</Placemark>
			<Placemark id="077CE3F5D53EE02E22D0">
				<gx:mid>/g/11h12tcy__</gx:mid>
				<gx:fid>0xd4f6d4080a05b2f:0x763df31f6b946ad9</gx:fid>
				<LookAt>
					<longitude>-3.305264999999999</longitude>
					<latitude>42.749312</latitude>
					<altitude>0</altitude>
					<heading>0</heading>
					<tilt>0</tilt>
					<gx:fovy>35</gx:fovy>
					<range>751.1410872156426</range>
					<altitudeMode>relativeToGround</altitudeMode>
				</LookAt>
				<styleUrl>#__managed_style_1DAAFA570140DE0D9CB3</styleUrl>
				<Point>
					<altitudeMode>relativeToGround</altitudeMode>
					<coordinates>-3.305264999999999,42.749312,0</coordinates>
				</Point>
			</Placemark>
			<Placemark id="0FE5A5E2EA3EE02FC4CB">
				<gx:mid>/g/11rstq7vfs</gx:mid>
				<gx:fid>0xd4571b5fa8d72e1:0x80a4291cea6e1af2</gx:fid>
				<LookAt>
					<longitude>-3.0155209</longitude>
					<latitude>42.3239144</latitude>
					<altitude>0</altitude>
					<heading>0</heading>
					<tilt>0</tilt>
					<gx:fovy>35</gx:fovy>
					<range>756.7455184682748</range>
					<altitudeMode>relativeToGround</altitudeMode>
				</LookAt>
				<styleUrl>#__managed_style_0833D987D240DE0D9CB1</styleUrl>
				<Point>
					<altitudeMode>relativeToGround</altitudeMode>
					<coordinates>-3.0155209,42.3239144,0</coordinates>
				</Point>
			</Placemark>
			<Placemark id="01406893383EE0304E88">
				<gx:mid>/g/11h1z1frlx</gx:mid>
				<gx:fid>0xd457146cdf10ae5:0xb71487f0f1345639</gx:fid>
				<LookAt>
					<longitude>-3.0106391</longitude>
					<latitude>42.3225365</latitude>
					<altitude>0</altitude>
					<heading>0</heading>
					<tilt>0</tilt>
					<gx:fovy>35</gx:fovy>
					<range>756.7636082674788</range>
					<altitudeMode>relativeToGround</altitudeMode>
				</LookAt>
				<styleUrl>#__managed_style_1DAAFA570140DE0D9CB3</styleUrl>
				<Point>
					<altitudeMode>relativeToGround</altitudeMode>
					<coordinates>-3.0106391,42.3225365,0</coordinates>
				</Point>
			</Placemark>
			<Placemark id="04ADD6C11B3EE031880E">
				<gx:mid>/m/06nrc3</gx:mid>
				<gx:fid>0xd5914ed3a365d99:0x2c9794f306513481</gx:fid>
				<LookAt>
					<longitude>-0.8785056</longitude>
					<latitude>41.65689820000001</latitude>
					<altitude>0</altitude>
					<heading>0</heading>
					<tilt>0</tilt>
					<gx:fovy>35</gx:fovy>
					<range>765.454073127408</range>
					<altitudeMode>relativeToGround</altitudeMode>
				</LookAt>
				<styleUrl>#__managed_style_16528C8C7A40DE0D9CB7</styleUrl>
				<Point>
					<altitudeMode>relativeToGround</altitudeMode>
					<coordinates>-0.8785056,41.6568982,0</coordinates>
				</Point>
			</Placemark>
			<Placemark id="06515FBAE43EE031B02B">
				<gx:mid>/g/122tp2dw</gx:mid>
				<gx:fid>0xd5914c320373e85:0xbc612fb8b3149165</gx:fid>
				<LookAt>
					<longitude>-0.8789062999999998</longitude>
					<latitude>41.65634680000001</latitude>
					<altitude>0</altitude>
					<heading>0</heading>
					<tilt>0</tilt>
					<gx:fovy>35</gx:fovy>
					<range>765.461231838461</range>
					<altitudeMode>relativeToGround</altitudeMode>
				</LookAt>
				<styleUrl>#__managed_style_0833D987D240DE0D9CB1</styleUrl>
				<Point>
					<altitudeMode>relativeToGround</altitudeMode>
					<coordinates>-0.8789062999999999,41.6563468,0</coordinates>
				</Point>
			</Placemark>
			<Placemark id="041E0009113EE031EA60">
				<name>Plaza of Our Lady of the Pillar</name>
				<LookAt>
					<longitude>-0.8780681066659834</longitude>
					<latitude>41.65591717351467</latitude>
					<altitude>200.5285230855602</altitude>
					<heading>12.22829168972967</heading>
					<tilt>0</tilt>
					<gx:fovy>35</gx:fovy>
					<range>536.9052416875638</range>
					<altitudeMode>absolute</altitudeMode>
				</LookAt>
				<styleUrl>#__managed_style_0E97152A3F40DE0D9CB8</styleUrl>
				<LineString>
					<coordinates>
						-0.8808403287725564,41.65720427126671,0 -0.8766330997791549,41.65538315510008,0 
					</coordinates>
				</LineString>
			</Placemark>
			<Placemark id="05A0A120D63EE032F277">
				<gx:mid>/g/11b5m9hm4b</gx:mid>
				<gx:fid>0xd5914f2f51265f7:0x7cdbd53e582fecc8</gx:fid>
				<LookAt>
					<longitude>-0.8756181</longitude>
					<latitude>41.655437</latitude>
					<altitude>0</altitude>
					<heading>0</heading>
					<tilt>0</tilt>
					<gx:fovy>35</gx:fovy>
					<range>765.4730434352231</range>
					<altitudeMode>relativeToGround</altitudeMode>
				</LookAt>
				<styleUrl>#__managed_style_1D16B8BDC340DE0D9CB8</styleUrl>
				<Point>
					<altitudeMode>relativeToGround</altitudeMode>
					<coordinates>-0.8756181,41.655437,0</coordinates>
				</Point>
			</Placemark>
			<Placemark id="0396EBB0D63EE033975E">
				<gx:mid>/g/1213_7xc</gx:mid>
				<gx:fid>0xd59153999477a59:0x29344e9770519d3</gx:fid>
				<LookAt>
					<longitude>-0.8773261999999999</longitude>
					<latitude>41.664804</latitude>
					<altitude>0</altitude>
					<heading>0</heading>
					<tilt>0</tilt>
					<gx:fovy>35</gx:fovy>
					<range>765.3514264020986</range>
					<altitudeMode>relativeToGround</altitudeMode>
				</LookAt>
				<styleUrl>#__managed_style_1F00F1C52540DE0D9CB4</styleUrl>
				<Point>
					<altitudeMode>relativeToGround</altitudeMode>
					<coordinates>-0.8773261999999999,41.664804,0</coordinates>
				</Point>
			</Placemark>
			<Placemark id="09B44A65923EE033DBB9">
				<gx:mid>/g/11cmsw6p00</gx:mid>
				<gx:fid>0xd5914b7e5542eb3:0x878f9a4dffc0c07b</gx:fid>
				<LookAt>
					<longitude>-0.8967353999999998</longitude>
					<latitude>41.6581626</latitude>
					<altitude>0</altitude>
					<heading>0</heading>
					<tilt>0</tilt>
					<gx:fovy>35</gx:fovy>
					<range>765.4376574329932</range>
					<altitudeMode>relativeToGround</altitudeMode>
				</LookAt>
				<styleUrl>#__managed_style_1F00F1C52540DE0D9CB4</styleUrl>
				<Point>
					<altitudeMode>relativeToGround</altitudeMode>
					<coordinates>-0.8967353999999998,41.6581626,0</coordinates>
				</Point>
			</Placemark>
			<Placemark id="04875ACBAF3EE03411FC">
				<gx:mid>/m/026yp2b</gx:mid>
				<gx:fid>0xd5914b80845060b:0x588c8cac29b73d00</gx:fid>
				<LookAt>
					<longitude>-0.8970488</longitude>
					<latitude>41.6560942</latitude>
					<altitude>0</altitude>
					<heading>0</heading>
					<tilt>0</tilt>
					<gx:fovy>35</gx:fovy>
					<range>765.4645112691084</range>
					<altitudeMode>relativeToGround</altitudeMode>
				</LookAt>
				<styleUrl>#__managed_style_0833D987D240DE0D9CB1</styleUrl>
				<Point>
					<altitudeMode>relativeToGround</altitudeMode>
					<coordinates>-0.8970481,41.6560887,0</coordinates>
				</Point>
			</Placemark>
			<Placemark id="0A318DB9503EE0364A0C">
				<gx:mid>/g/120hth9n</gx:mid>
				<gx:fid>0xd5914be7e8451fd:0xa5a11f83c4071ab</gx:fid>
				<LookAt>
					<longitude>-0.8986434000000001</longitude>
					<latitude>41.6692044</latitude>
					<altitude>0</altitude>
					<heading>0</heading>
					<tilt>0</tilt>
					<gx:fovy>35</gx:fovy>
					<range>765.2942868505751</range>
					<altitudeMode>relativeToGround</altitudeMode>
				</LookAt>
				<styleUrl>#__managed_style_0833D987D240DE0D9CB1</styleUrl>
				<Point>
					<altitudeMode>relativeToGround</altitudeMode>
					<coordinates>-0.8986434,41.6692044,0</coordinates>
				</Point>
			</Placemark>
			<Placemark id="09B6A4FA453EE036A727">
				<gx:mid>/g/121zcnz4</gx:mid>
				<gx:fid>0xd5914bd62dee5bd:0xbd6c3b782744445f</gx:fid>
				<LookAt>
					<longitude>-0.8900131999999999</longitude>
					<latitude>41.6704391</latitude>
					<altitude>0</altitude>
					<heading>0</heading>
					<tilt>0</tilt>
					<gx:fovy>35</gx:fovy>
					<range>765.2782534035014</range>
					<altitudeMode>relativeToGround</altitudeMode>
				</LookAt>
				<styleUrl>#__managed_style_2E4ABD2DE240DE0D9CB8</styleUrl>
				<Point>
					<altitudeMode>relativeToGround</altitudeMode>
					<coordinates>-0.8900131999999999,41.6704391,0</coordinates>
				</Point>
			</Placemark>
			<Placemark id="04BA4388DD3EE0AE0897">
				<gx:mid>/g/1214g5_2</gx:mid>
				<gx:fid>0x12a0df530edf4027:0x2dd5343a1d0b036b</gx:fid>
				<LookAt>
					<longitude>0.594037</longitude>
					<latitude>41.035608</latitude>
					<altitude>0</altitude>
					<heading>0</heading>
					<tilt>0</tilt>
					<gx:fovy>35</gx:fovy>
					<range>773.4773747089506</range>
					<altitudeMode>relativeToGround</altitudeMode>
				</LookAt>
				<styleUrl>#__managed_style_0833D987D240DE0D9CB1</styleUrl>
				<Point>
					<altitudeMode>relativeToGround</altitudeMode>
					<coordinates>0.5940369999999999,41.035608,0</coordinates>
				</Point>
			</Placemark>
			<Placemark id="09DAE021223EE0AED9F4">
				<gx:mid>/g/11xrhxnq84</gx:mid>
				<gx:fid>0x12a091001795aa95:0x7fa5bdc6d703eb00</gx:fid>
				<LookAt>
					<longitude>0.154587</longitude>
					<latitude>40.874725</latitude>
					<altitude>0</altitude>
					<heading>0</heading>
					<tilt>0</tilt>
					<gx:fovy>35</gx:fovy>
					<range>775.5409514505712</range>
					<altitudeMode>relativeToGround</altitudeMode>
				</LookAt>
				<styleUrl>#__managed_style_33A66D2EAC40DE0D9CB8</styleUrl>
				<Point>
					<altitudeMode>relativeToGround</altitudeMode>
					<coordinates>0.154587,40.874725,0</coordinates>
				</Point>
			</Placemark>
			<Placemark id="01B356003B3EE0AF38AC">
				<gx:mid>/g/11xx6st9r</gx:mid>
				<gx:fid>0x12a090ac7d4a4f8b:0xba87e7de6b4ada1a</gx:fid>
				<LookAt>
					<longitude>0.1547145</longitude>
					<latitude>40.875162</latitude>
					<altitude>0</altitude>
					<heading>0</heading>
					<tilt>0</tilt>
					<gx:fovy>35</gx:fovy>
					<range>775.5353541261479</range>
					<altitudeMode>relativeToGround</altitudeMode>
				</LookAt>
				<styleUrl>#__managed_style_0833D987D240DE0D9CB1</styleUrl>
				<Point>
					<altitudeMode>relativeToGround</altitudeMode>
					<coordinates>0.1547145,40.875162,0</coordinates>
				</Point>
			</Placemark>
			<Placemark id="02AD13701C3EE0AF4F39">
				<gx:mid>/g/121fx05_</gx:mid>
				<gx:fid>0x12a090ac1d2b5959:0xbd1e4d7aebbdcb</gx:fid>
				<LookAt>
					<longitude>0.1557953</longitude>
					<latitude>40.87635004999999</latitude>
					<altitude>0</altitude>
					<heading>0</heading>
					<tilt>0</tilt>
					<gx:fovy>35</gx:fovy>
					<range>775.5201367433046</range>
					<altitudeMode>relativeToGround</altitudeMode>
				</LookAt>
				<styleUrl>#__managed_style_0833D987D240DE0D9CB1</styleUrl>
				<Point>
					<altitudeMode>relativeToGround</altitudeMode>
					<coordinates>0.1550521,40.8760195,0</coordinates>
				</Point>
			</Placemark>
			<Placemark id="0D897BB81E3EE0AFCB48">
				<gx:mid>/g/11x6nq73cz</gx:mid>
				<gx:fid>0x12a091006302a1af:0x1be0e5a7875afa15</gx:fid>
				<LookAt>
					<longitude>0.1554673</longitude>
					<latitude>40.8763902</latitude>
					<altitude>0</altitude>
					<heading>0</heading>
					<tilt>0</tilt>
					<gx:fovy>35</gx:fovy>
					<range>775.5196224682159</range>
					<altitudeMode>relativeToGround</altitudeMode>
				</LookAt>
				<styleUrl>#__managed_style_0833D987D240DE0D9CB1</styleUrl>
				<Point>
					<altitudeMode>relativeToGround</altitudeMode>
					<coordinates>0.1554673,40.8763902,0</coordinates>
				</Point>
			</Placemark>
			<Placemark id="01358CBDDF3EE0B0FFB4">
				<gx:mid>/g/122mqz3n</gx:mid>
				<gx:fid>0xd5f826921eb2015:0x44dc51618342d7d1</gx:fid>
				<LookAt>
					<longitude>-0.101926</longitude>
					<latitude>40.61999989999999</latitude>
					<altitude>0</altitude>
					<heading>0</heading>
					<tilt>0</tilt>
					<gx:fovy>35</gx:fovy>
					<range>778.7962670202594</range>
					<altitudeMode>relativeToGround</altitudeMode>
				</LookAt>
				<styleUrl>#__managed_style_0833D987D240DE0D9CB1</styleUrl>
				<Point>
					<altitudeMode>relativeToGround</altitudeMode>
					<coordinates>-0.101926,40.6199999,0</coordinates>
				</Point>
			</Placemark>
			<Placemark id="000CC6113B3EE0B234FE">
				<gx:mid>/g/11c53n9q2d</gx:mid>
				<gx:fid>0x12a046fa27534fdd:0x335f25f9afd03870</gx:fid>
				<LookAt>
					<longitude>0.4078343</longitude>
					<latitude>40.35753760000001</latitude>
					<altitude>0</altitude>
					<heading>0</heading>
					<tilt>0</tilt>
					<gx:fovy>35</gx:fovy>
					<range>782.1350705734963</range>
					<altitudeMode>relativeToGround</altitudeMode>
				</LookAt>
				<styleUrl>#__managed_style_1D16B8BDC340DE0D9CB8</styleUrl>
				<Point>
					<altitudeMode>relativeToGround</altitudeMode>
					<coordinates>0.4078338,40.3575374,0</coordinates>
				</Point>
			</Placemark>
			<Placemark id="0978CE41103EE0B32DD0">
				<gx:mid>/g/11c45bm4f8</gx:mid>
				<gx:fid>0x12a046fa2d96b453:0x14f0354e98973e9d</gx:fid>
				<LookAt>
					<longitude>0.4073151</longitude>
					<latitude>40.3569968</latitude>
					<altitude>0</altitude>
					<heading>0</heading>
					<tilt>0</tilt>
					<gx:fovy>35</gx:fovy>
					<range>782.1419339335748</range>
					<altitudeMode>relativeToGround</altitudeMode>
				</LookAt>
				<styleUrl>#__managed_style_1DAAFA570140DE0D9CB3</styleUrl>
				<Point>
					<altitudeMode>relativeToGround</altitudeMode>
					<coordinates>0.4073151,40.3569968,0</coordinates>
				</Point>
			</Placemark>
			<Placemark id="0B9C2309013EE0B38FEE">
				<gx:mid>/g/11p0vw28dg</gx:mid>
				<gx:fid>0x12a047bf33a96943:0xfa49c095e8e3de</gx:fid>
				<LookAt>
					<longitude>0.4067689999999999</longitude>
					<latitude>40.360032</latitude>
					<altitude>0</altitude>
					<heading>0</heading>
					<tilt>0</tilt>
					<gx:fovy>35</gx:fovy>
					<range>782.1034129685712</range>
					<altitudeMode>relativeToGround</altitudeMode>
				</LookAt>
				<styleUrl>#__managed_style_1DAAFA570140DE0D9CB3</styleUrl>
				<Point>
					<altitudeMode>relativeToGround</altitudeMode>
					<coordinates>0.406769,40.360032,0</coordinates>
				</Point>
			</Placemark>
			<Placemark id="0D463BAF8C3EE0B3E5D8">
				<gx:mid>/g/1211q_n0</gx:mid>
				<gx:fid>0x12a046f1a4b4d9ff:0x882758b05df96c35</gx:fid>
				<LookAt>
					<longitude>0.41190625</longitude>
					<latitude>40.381112</latitude>
					<altitude>0</altitude>
					<heading>0</heading>
					<tilt>0</tilt>
					<gx:fovy>35</gx:fovy>
					<range>8854.228633172028</range>
					<altitudeMode>relativeToGround</altitudeMode>
				</LookAt>
				<styleUrl>#__managed_style_338D6BD7BC40DE0D9CB4</styleUrl>
				<Point>
					<altitudeMode>relativeToGround</altitudeMode>
					<coordinates>0.4032288396125017,40.36126566522869,0</coordinates>
				</Point>
			</Placemark>
			<Placemark id="0A0001452C3EE0B5611F">
				<name>טיילת</name>
				<LookAt>
					<longitude>0.4183634426635452</longitude>
					<latitude>40.35965327569016</latitude>
					<altitude>1.606295554615331</altitude>
					<heading>0</heading>
					<tilt>0</tilt>
					<gx:fovy>37.81108186155508</gx:fovy>
					<range>7252.415467891842</range>
					<altitudeMode>absolute</altitudeMode>
				</LookAt>
				<styleUrl>#__managed_style_1F58907B1B40DE0D9CBF</styleUrl>
				<LineString>
					<coordinates>
						0.4058756140457653,40.35907236258706,0 0.4049816995330535,40.35939805206692,0 0.4039081245731224,40.35982574104356,0 0.4033456646215083,40.36043530897263,0 0.402792878837881,40.36102176738959,0 0.4025422035831272,40.36174809574552,0 0.4027309458767814,40.36250048584697,0 0.4027747513397784,40.36289656661546,0 0.4030428197009273,40.36406361409709,0 0.4030307074324391,40.36429893591653,0 0.4034943881290776,40.36609029668772,0 0.4036089063156711,40.36628036072657,0 0.4037823689029252,40.36692046852419,0 0.404372687998551,40.36926822138039,0 0.4045180875634391,40.36993434056813,0 0.4047334896226484,40.37031344143232,0 0.4049146335422327,40.37085634076322,0 
					</coordinates>
				</LineString>
			</Placemark>
			<Placemark id="0C5E3A09983EE0B61343">
				<gx:mid>/g/11cm70n32j</gx:mid>
				<gx:fid>0x12a046f0b181f643:0x8ba5ac8b21ba36e5</gx:fid>
				<LookAt>
					<longitude>0.4078912</longitude>
					<latitude>40.3597411</latitude>
					<altitude>0</altitude>
					<heading>0</heading>
					<tilt>0</tilt>
					<gx:fovy>35</gx:fovy>
					<range>782.1071049906121</range>
					<altitudeMode>relativeToGround</altitudeMode>
				</LookAt>
				<styleUrl>#__managed_style_1F00F1C52540DE0D9CB4</styleUrl>
				<Point>
					<altitudeMode>relativeToGround</altitudeMode>
					<coordinates>0.4078912,40.3597411,0</coordinates>
				</Point>
			</Placemark>
			<Placemark id="07138F9BE63EE0B66A64">
				<gx:mid>/g/11ddx60k8_</gx:mid>
				<gx:fid>0x12a046e4263ec33b:0x8ac8ccf99448fe54</gx:fid>
				<LookAt>
					<longitude>0.3986379999999999</longitude>
					<latitude>40.35600880000001</latitude>
					<altitude>0</altitude>
					<heading>0</heading>
					<tilt>0</tilt>
					<gx:fovy>35</gx:fovy>
					<range>782.1544725920675</range>
					<altitudeMode>relativeToGround</altitudeMode>
				</LookAt>
				<styleUrl>#__managed_style_1DAAFA570140DE0D9CB3</styleUrl>
				<Point>
					<altitudeMode>relativeToGround</altitudeMode>
					<coordinates>0.398638,40.3560088,0</coordinates>
				</Point>
			</Placemark>
			<Placemark id="0675F4E7B73EE0B6A40F">
				<gx:mid>/g/1235kdsj</gx:mid>
				<gx:fid>0x12a046e56ef3280f:0x44403a2083d2d06d</gx:fid>
				<LookAt>
					<longitude>0.4015019</longitude>
					<latitude>40.3583227</latitude>
					<altitude>0</altitude>
					<heading>0</heading>
					<tilt>0</tilt>
					<gx:fovy>35</gx:fovy>
					<range>4011.067454179619</range>
					<altitudeMode>relativeToGround</altitudeMode>
				</LookAt>
				<styleUrl>#__managed_style_338D6BD7BC40DE0D9CB4</styleUrl>
				<Point>
					<altitudeMode>relativeToGround</altitudeMode>
					<coordinates>0.4015019,40.3583232,0</coordinates>
				</Point>
			</Placemark>
			<Placemark id="0C0C0690323EE1464B7B">
				<gx:mid>/g/11m_7njyst</gx:mid>
				<gx:fid>0xd5e730022fe2907:0xbec9a46595665be3</gx:fid>
				<LookAt>
					<longitude>-1.1070516</longitude>
					<latitude>40.34282449999999</latitude>
					<altitude>0</altitude>
					<heading>0</heading>
					<tilt>0</tilt>
					<gx:fovy>35</gx:fovy>
					<range>782.3217725506981</range>
					<altitudeMode>relativeToGround</altitudeMode>
				</LookAt>
				<styleUrl>#__managed_style_0833D987D240DE0D9CB1</styleUrl>
				<Point>
					<altitudeMode>relativeToGround</altitudeMode>
					<coordinates>-1.1070516,40.3428245,0</coordinates>
				</Point>
			</Placemark>
			<Placemark id="09413FCAC13EE146F4C8">
				<gx:mid>/g/1211j6hs</gx:mid>
				<gx:fid>0xd5e73080362ea4b:0x36e0e23d5346edfe</gx:fid>
				<LookAt>
					<longitude>-1.1064959</longitude>
					<latitude>40.34408579999999</latitude>
					<altitude>0</altitude>
					<heading>0</heading>
					<tilt>0</tilt>
					<gx:fovy>35</gx:fovy>
					<range>782.3057692134306</range>
					<altitudeMode>relativeToGround</altitudeMode>
				</LookAt>
				<styleUrl>#__managed_style_1D16B8BDC340DE0D9CB8</styleUrl>
				<Point>
					<altitudeMode>relativeToGround</altitudeMode>
					<coordinates>-1.106494,40.3440865,0</coordinates>
				</Point>
			</Placemark>
			<Placemark id="08F546B3F93EE152E64C">
				<gx:mid>/g/1tfmk4hm</gx:mid>
				<gx:fid>0xd5e7309d7457073:0x15a144a8460486ce</gx:fid>
				<LookAt>
					<longitude>-1.1092714</longitude>
					<latitude>40.3441334</latitude>
					<altitude>0</altitude>
					<heading>0</heading>
					<tilt>0</tilt>
					<gx:fovy>35</gx:fovy>
					<range>782.3051652589177</range>
					<altitudeMode>relativeToGround</altitudeMode>
				</LookAt>
				<styleUrl>#__managed_style_0833D987D240DE0D9CB1</styleUrl>
				<Point>
					<altitudeMode>relativeToGround</altitudeMode>
					<coordinates>-1.109511412848051,40.34403664477322,0</coordinates>
				</Point>
			</Placemark>
			<Placemark id="0D39061C113EE1536568">
				<gx:mid>/g/11gg65f032</gx:mid>
				<gx:fid>0xd5e7257d2d28c77:0x29b2277ae1c74e79</gx:fid>
				<LookAt>
					<longitude>-1.089743</longitude>
					<latitude>40.3450896</latitude>
					<altitude>0</altitude>
					<heading>0</heading>
					<tilt>0</tilt>
					<gx:fovy>35</gx:fovy>
					<range>782.2930327689511</range>
					<altitudeMode>relativeToGround</altitudeMode>
				</LookAt>
				<styleUrl>#__managed_style_1DAAFA570140DE0D9CB3</styleUrl>
				<Point>
					<altitudeMode>relativeToGround</altitudeMode>
					<coordinates>-1.089743,40.3450896,0</coordinates>
				</Point>
			</Placemark>
			<Placemark id="0F0513AA7F3EE15475EE">
				<gx:mid>/g/11h2655v32</gx:mid>
				<gx:fid>0xd5e73f1d9418b3d:0x86bc0c27061f7dfa</gx:fid>
				<LookAt>
					<longitude>-1.1067703</longitude>
					<latitude>40.34070020000001</latitude>
					<altitude>0</altitude>
					<heading>0</heading>
					<tilt>0</tilt>
					<gx:fovy>35</gx:fovy>
					<range>782.3487247852789</range>
					<altitudeMode>relativeToGround</altitudeMode>
				</LookAt>
				<styleUrl>#__managed_style_0833D987D240DE0D9CB1</styleUrl>
				<Point>
					<altitudeMode>relativeToGround</altitudeMode>
					<coordinates>-1.1067703,40.3407002,0</coordinates>
				</Point>
			</Placemark>
			<Placemark id="02BCB94AC53EE158B8B6">
				<gx:mid>/g/11x6p35459</gx:mid>
				<gx:fid>0xd5dc7002ced5381:0xcc563399bbc799e4</gx:fid>
				<LookAt>
					<longitude>-1.4448634</longitude>
					<latitude>40.4083697</latitude>
					<altitude>0</altitude>
					<heading>0</heading>
					<tilt>0</tilt>
					<gx:fovy>35</gx:fovy>
					<range>781.4896561089515</range>
					<altitudeMode>relativeToGround</altitudeMode>
				</LookAt>
				<styleUrl>#__managed_style_1DAAFA570140DE0D9CB3</styleUrl>
				<Point>
					<altitudeMode>relativeToGround</altitudeMode>
					<coordinates>-1.4448634,40.4083697,0</coordinates>
				</Point>
			</Placemark>
			<Placemark id="07B525FBE23EE158FB68">
				<gx:mid>/g/11g6rd66zv</gx:mid>
				<gx:fid>0xd5dc4270bc5ca3d:0x7a51f59f9b999278</gx:fid>
				<LookAt>
					<longitude>-1.4426573</longitude>
					<latitude>40.4094696</latitude>
					<altitude>0</altitude>
					<heading>0</heading>
					<tilt>0</tilt>
					<gx:fovy>35</gx:fovy>
					<range>781.4756841795364</range>
					<altitudeMode>relativeToGround</altitudeMode>
				</LookAt>
				<styleUrl>#__managed_style_0833D987D240DE0D9CB1</styleUrl>
				<Point>
					<altitudeMode>relativeToGround</altitudeMode>
					<coordinates>-1.4426573,40.4094696,0</coordinates>
				</Point>
			</Placemark>
			<Placemark id="0E2FE0950F3EE15A4A26">
				<gx:mid>/g/1tmcnkr5</gx:mid>
				<gx:fid>0xd5dc69df7c733fd:0x52489f308357616e</gx:fid>
				<LookAt>
					<longitude>-1.4436329</longitude>
					<latitude>40.4077468</latitude>
					<altitude>0</altitude>
					<heading>0</heading>
					<tilt>0</tilt>
					<gx:fovy>35</gx:fovy>
					<range>781.4975686285214</range>
					<altitudeMode>relativeToGround</altitudeMode>
				</LookAt>
				<styleUrl>#__managed_style_0833D987D240DE0D9CB1</styleUrl>
				<Point>
					<altitudeMode>relativeToGround</altitudeMode>
					<coordinates>-1.44354277268208,40.4078114759078,0</coordinates>
				</Point>
			</Placemark>
			<Placemark id="000B651EA83EE15ABFEB">
				<gx:mid>/g/11b7gnt_t0</gx:mid>
				<gx:fid>0xd5dc69e3fb965e5:0x8379f1a8c9364de3</gx:fid>
				<LookAt>
					<longitude>-1.4445769</longitude>
					<latitude>40.4056118</latitude>
					<altitude>0</altitude>
					<heading>0</heading>
					<tilt>0</tilt>
					<gx:fovy>35</gx:fovy>
					<range>781.524688248284</range>
					<altitudeMode>relativeToGround</altitudeMode>
				</LookAt>
				<styleUrl>#__managed_style_0833D987D240DE0D9CB1</styleUrl>
				<Point>
					<altitudeMode>relativeToGround</altitudeMode>
					<coordinates>-1.4445769,40.4056118,0</coordinates>
				</Point>
			</Placemark>
			<Placemark id="022113E7A43EE15B0387">
				<gx:mid>/g/11f9090p_3</gx:mid>
				<gx:fid>0xd5dc7d9014fb47b:0xde888cb2b49e1fad</gx:fid>
				<LookAt>
					<longitude>-1.4455263</longitude>
					<latitude>40.40571990000001</latitude>
					<altitude>0</altitude>
					<heading>0</heading>
					<tilt>0</tilt>
					<gx:fovy>35</gx:fovy>
					<range>781.5233151440378</range>
					<altitudeMode>relativeToGround</altitudeMode>
				</LookAt>
				<styleUrl>#__managed_style_1DAAFA570140DE0D9CB3</styleUrl>
				<Point>
					<altitudeMode>relativeToGround</altitudeMode>
					<coordinates>-1.4455263,40.4057199,0</coordinates>
				</Point>
			</Placemark>
			<Placemark id="093C7674553EE15BC95C">
				<gx:mid>/g/11c6vtwjbs</gx:mid>
				<gx:fid>0xd5dc4206c0d29bb:0xef4cbf40690502b0</gx:fid>
				<LookAt>
					<longitude>-1.4426942</longitude>
					<latitude>40.4035882</latitude>
					<altitude>0</altitude>
					<heading>0</heading>
					<tilt>0</tilt>
					<gx:fovy>35</gx:fovy>
					<range>781.5503918614909</range>
					<altitudeMode>relativeToGround</altitudeMode>
				</LookAt>
				<styleUrl>#__managed_style_0833D987D240DE0D9CB1</styleUrl>
				<Point>
					<altitudeMode>relativeToGround</altitudeMode>
					<coordinates>-1.4427286,40.4035704,0</coordinates>
				</Point>
			</Placemark>
			<Placemark id="09F28817F83EE15C2D43">
				<gx:mid>/g/11c60hfphj</gx:mid>
				<gx:fid>0xd5dc69e0f2cdf3d:0x860913c33de4d545</gx:fid>
				<LookAt>
					<longitude>-1.4441526</longitude>
					<latitude>40.4068435</latitude>
					<altitude>0</altitude>
					<heading>0</heading>
					<tilt>0</tilt>
					<gx:fovy>35</gx:fovy>
					<range>781.5090428314898</range>
					<altitudeMode>relativeToGround</altitudeMode>
				</LookAt>
				<styleUrl>#__managed_style_1DAAFA570140DE0D9CB3</styleUrl>
				<Point>
					<altitudeMode>relativeToGround</altitudeMode>
					<coordinates>-1.4441526,40.4068435,0</coordinates>
				</Point>
			</Placemark>
			<Placemark id="05A4F71BAD3EE15C7984">
				<gx:mid>/g/11l8r77fh1</gx:mid>
				<gx:fid>0xd5dc528f5b47f2d:0x4317089abe5fcaa8</gx:fid>
				<LookAt>
					<longitude>-1.4425249</longitude>
					<latitude>40.406299</latitude>
					<altitude>0</altitude>
					<heading>0</heading>
					<tilt>0</tilt>
					<gx:fovy>35</gx:fovy>
					<range>781.515959273795</range>
					<altitudeMode>relativeToGround</altitudeMode>
				</LookAt>
				<styleUrl>#__managed_style_1DAAFA570140DE0D9CB3</styleUrl>
				<Point>
					<altitudeMode>relativeToGround</altitudeMode>
					<coordinates>-1.4425249,40.406299,0</coordinates>
				</Point>
			</Placemark>
			<Placemark id="079FE7D30A3EE15D6A26">
				<gx:mid>/g/11c1lj2636</gx:mid>
				<gx:fid>0xd5dc42753ad8907:0xc155d0c9f35ae019</gx:fid>
				<LookAt>
					<longitude>-1.4428276</longitude>
					<latitude>40.4071647</latitude>
					<altitude>0</altitude>
					<heading>0</heading>
					<tilt>0</tilt>
					<gx:fovy>35</gx:fovy>
					<range>781.5049627974597</range>
					<altitudeMode>relativeToGround</altitudeMode>
				</LookAt>
				<styleUrl>#__managed_style_1F00F1C52540DE0D9CB4</styleUrl>
				<Point>
					<altitudeMode>relativeToGround</altitudeMode>
					<coordinates>-1.4428276,40.4071647,0</coordinates>
				</Point>
			</Placemark>
			<Placemark id="0AD6EFF6763EE15DDDD9">
				<gx:mid>/g/11p5kprwqg</gx:mid>
				<gx:fid>0xd5dc7c5a65959cb:0x6e88d5b1643a38be</gx:fid>
				<LookAt>
					<longitude>-1.4444369</longitude>
					<latitude>40.4074953</latitude>
					<altitude>0</altitude>
					<heading>0</heading>
					<tilt>0</tilt>
					<gx:fovy>35</gx:fovy>
					<range>781.5007633356259</range>
					<altitudeMode>relativeToGround</altitudeMode>
				</LookAt>
				<styleUrl>#__managed_style_1DAAFA570140DE0D9CB3</styleUrl>
				<Point>
					<altitudeMode>relativeToGround</altitudeMode>
					<coordinates>-1.4444369,40.4074953,0</coordinates>
				</Point>
			</Placemark>
			<Placemark id="04AC3062E63EE17296F4">
				<gx:mid>/g/11rc3__6gr</gx:mid>
				<gx:fid>0xd6049befb560f47:0x6b366e2b501d3dfb</gx:fid>
				<LookAt>
					<longitude>-0.3731897999999999</longitude>
					<latitude>39.4738882</latitude>
					<altitude>0</altitude>
					<heading>0</heading>
					<tilt>0</tilt>
					<gx:fovy>35</gx:fovy>
					<range>793.2598261018609</range>
					<altitudeMode>relativeToGround</altitudeMode>
				</LookAt>
				<styleUrl>#__managed_style_1D16B8BDC340DE0D9CB8</styleUrl>
				<Point>
					<altitudeMode>relativeToGround</altitudeMode>
					<coordinates>-0.3731961,39.4738623,0</coordinates>
				</Point>
			</Placemark>
			<Placemark id="0A146655043EE17347BB">
				<gx:mid>/g/11yzl2j6j9</gx:mid>
				<gx:fid>0xd604f007f5ecc11:0x13584e997a8318be</gx:fid>
				<LookAt>
					<longitude>-0.3754716</longitude>
					<latitude>39.4743885</latitude>
					<altitude>0</altitude>
					<heading>0</heading>
					<tilt>0</tilt>
					<gx:fovy>35</gx:fovy>
					<range>793.2535787403177</range>
					<altitudeMode>relativeToGround</altitudeMode>
				</LookAt>
				<styleUrl>#__managed_style_0833D987D240DE0D9CB1</styleUrl>
				<Point>
					<altitudeMode>relativeToGround</altitudeMode>
					<coordinates>-0.3754715999999999,39.4743885,0</coordinates>
				</Point>
			</Placemark>
			<Placemark id="0E16D829213EE173D1B8">
				<gx:mid>/g/11xcglgb0</gx:mid>
				<gx:fid>0xd604f4d0bf52163:0x92b05838e28b5a58</gx:fid>
				<LookAt>
					<longitude>-0.3768156</longitude>
					<latitude>39.4739191</latitude>
					<altitude>0</altitude>
					<heading>0</heading>
					<tilt>0</tilt>
					<gx:fovy>35</gx:fovy>
					<range>793.2594402481237</range>
					<altitudeMode>relativeToGround</altitudeMode>
				</LookAt>
				<styleUrl>#__managed_style_0833D987D240DE0D9CB1</styleUrl>
				<Point>
					<altitudeMode>relativeToGround</altitudeMode>
					<coordinates>-0.3768156,39.4739191,0</coordinates>
				</Point>
			</Placemark>
			<Placemark id="02F6AF53B43EE174847E">
				<gx:mid>/g/122j3m20</gx:mid>
				<gx:fid>0xd604f5004d240a7:0x80e737729e180159</gx:fid>
				<LookAt>
					<longitude>-0.3838559999999999</longitude>
					<latitude>39.47578549999999</latitude>
					<altitude>0</altitude>
					<heading>0</heading>
					<tilt>0</tilt>
					<gx:fovy>35</gx:fovy>
					<range>793.2361337695943</range>
					<altitudeMode>relativeToGround</altitudeMode>
				</LookAt>
				<styleUrl>#__managed_style_16528C8C7A40DE0D9CB7</styleUrl>
				<Point>
					<altitudeMode>relativeToGround</altitudeMode>
					<coordinates>-0.3838559999999999,39.4757855,0</coordinates>
				</Point>
			</Placemark>
			<Placemark id="03596ADC963EE174BF53">
				<gx:mid>/g/12233nf5</gx:mid>
				<gx:fid>0xd604f5b3babe9ef:0x67a7eddeff1d8665</gx:fid>
				<LookAt>
					<longitude>-0.3863511000000001</longitude>
					<latitude>39.4755138</latitude>
					<altitude>0</altitude>
					<heading>0</heading>
					<tilt>0</tilt>
					<gx:fovy>35</gx:fovy>
					<range>793.2395266460427</range>
					<altitudeMode>relativeToGround</altitudeMode>
				</LookAt>
				<styleUrl>#__managed_style_1F00F1C52540DE0D9CB4</styleUrl>
				<Point>
					<altitudeMode>relativeToGround</altitudeMode>
					<coordinates>-0.3863421,39.4754608,0</coordinates>
				</Point>
			</Placemark>
			<Placemark id="0A64EB51A33EE1750924">
				<gx:mid>/g/1224n7kw</gx:mid>
				<gx:fid>0xd6048aeb574c4fd:0x4f9acd0c4bfef621</gx:fid>
				<LookAt>
					<longitude>-0.3677179</longitude>
					<latitude>39.48056260000001</latitude>
					<altitude>0</altitude>
					<heading>0</heading>
					<tilt>0</tilt>
					<gx:fovy>35</gx:fovy>
					<range>793.1764765193146</range>
					<altitudeMode>relativeToGround</altitudeMode>
				</LookAt>
				<styleUrl>#__managed_style_1F00F1C52540DE0D9CB4</styleUrl>
				<Point>
					<altitudeMode>relativeToGround</altitudeMode>
					<coordinates>-0.3677179,39.4805626,0</coordinates>
				</Point>
			</Placemark>
			<Placemark id="09D19386503EE1754431">
				<gx:mid>/m/05bvpv1</gx:mid>
				<gx:fid>0xd6048ae4c87367b:0x68d8ec82421598ec</gx:fid>
				<LookAt>
					<longitude>-0.3711751</longitude>
					<latitude>39.4790039</latitude>
					<altitude>0</altitude>
					<heading>0</heading>
					<tilt>0</tilt>
					<gx:fovy>35</gx:fovy>
					<range>793.1959424197287</range>
					<altitudeMode>relativeToGround</altitudeMode>
				</LookAt>
				<styleUrl>#__managed_style_1D16B8BDC340DE0D9CB8</styleUrl>
				<Point>
					<altitudeMode>relativeToGround</altitudeMode>
					<coordinates>-0.3711751,39.4790039,0</coordinates>
				</Point>
			</Placemark>
			<Placemark id="0C6AF580093EE175B6A7">
				<gx:mid>/g/120vbqp5</gx:mid>
				<gx:fid>0xd6048af8a3fc271:0x94fd4ea775d25131</gx:fid>
				<LookAt>
					<longitude>-0.3654815</longitude>
					<latitude>39.47711650000001</latitude>
					<altitude>0</altitude>
					<heading>0</heading>
					<tilt>0</tilt>
					<gx:fovy>35</gx:fovy>
					<range>793.2195125469215</range>
					<altitudeMode>relativeToGround</altitudeMode>
				</LookAt>
				<styleUrl>#__managed_style_1F00F1C52540DE0D9CB4</styleUrl>
				<Point>
					<altitudeMode>relativeToGround</altitudeMode>
					<coordinates>-0.3654814999999999,39.4771165,0</coordinates>
				</Point>
			</Placemark>
			<Placemark id="0B876DCA873EE177BD77">
				<gx:mid>/g/1pty93w8p</gx:mid>
				<gx:fid>0xd604f52b96c1d9b:0xad9225e258249b33</gx:fid>
				<LookAt>
					<longitude>-0.3755307</longitude>
					<latitude>39.476283</latitude>
					<altitude>0</altitude>
					<heading>0</heading>
					<tilt>0</tilt>
					<gx:fovy>35</gx:fovy>
					<range>793.2299211521168</range>
					<altitudeMode>relativeToGround</altitudeMode>
				</LookAt>
				<styleUrl>#__managed_style_0833D987D240DE0D9CB1</styleUrl>
				<Point>
					<altitudeMode>relativeToGround</altitudeMode>
					<coordinates>-0.3752861280358832,39.47635903920524,0</coordinates>
				</Point>
			</Placemark>
			<Placemark id="0B576840433EE17C6360">
				<name>Pl. de Sant Llorenc - שדרה מרכזית</name>
				<LookAt>
					<longitude>-0.3747934459088476</longitude>
					<latitude>39.47794402419694</latitude>
					<altitude>14.75320359101224</altitude>
					<heading>0</heading>
					<tilt>0</tilt>
					<gx:fovy>36.21681909104862</gx:fovy>
					<range>59.49389026301105</range>
					<altitudeMode>absolute</altitudeMode>
				</LookAt>
				<styleUrl>#__managed_style_1F58907B1B40DE0D9CBF</styleUrl>
				<LineString>
					<coordinates>
						-0.3751445432735689,39.47678534846234,0 -0.3749163723796201,39.47765040271909,0 -0.3748148124138528,39.47808171226522,0 -0.3747143094752614,39.47881447453639,0 
					</coordinates>
				</LineString>
			</Placemark>
			<Placemark id="05E4CB79FF3EE17D5844">
				<gx:mid>/m/03cbt59</gx:mid>
				<gx:fid>0xd6048e51a31268b:0x28e46cb7907ae19b</gx:fid>
				<LookAt>
					<longitude>-0.3471183</longitude>
					<latitude>39.4530573</latitude>
					<altitude>0</altitude>
					<heading>0</heading>
					<tilt>0</tilt>
					<gx:fovy>35</gx:fovy>
					<range>793.5198944829541</range>
					<altitudeMode>relativeToGround</altitudeMode>
				</LookAt>
				<styleUrl>#__managed_style_0833D987D240DE0D9CB1</styleUrl>
				<Point>
					<altitudeMode>relativeToGround</altitudeMode>
					<coordinates>-0.3480669,39.4527203,0</coordinates>
				</Point>
			</Placemark>
			<Placemark id="0FA43589ED3EE17E6156">
				<gx:mid>/g/11fpq54fz1</gx:mid>
				<gx:fid>0xd60486a5640032b:0xde712649eea966e0</gx:fid>
				<LookAt>
					<longitude>-0.3208055999999999</longitude>
					<latitude>39.46747999999999</latitude>
					<altitude>0</altitude>
					<heading>0</heading>
					<tilt>0</tilt>
					<gx:fovy>35</gx:fovy>
					<range>4079.186105819763</range>
					<altitudeMode>relativeToGround</altitudeMode>
				</LookAt>
				<styleUrl>#__managed_style_338D6BD7BC40DE0D9CB4</styleUrl>
				<Point>
					<altitudeMode>relativeToGround</altitudeMode>
					<coordinates>-0.3208056,39.4674805,0</coordinates>
				</Point>
			</Placemark>
			<Placemark id="04DBF1040D3EE17F7D1C">
				<gx:mid>/g/1229cvxz</gx:mid>
				<gx:fid>0xd6048c12034c1f7:0x74e3bd1f09528a5f</gx:fid>
				<LookAt>
					<longitude>-0.3594146999999999</longitude>
					<latitude>39.4625747</latitude>
					<altitude>0</altitude>
					<heading>0</heading>
					<tilt>0</tilt>
					<gx:fovy>35</gx:fovy>
					<range>793.4010847850102</range>
					<altitudeMode>relativeToGround</altitudeMode>
				</LookAt>
				<styleUrl>#__managed_style_0833D987D240DE0D9CB1</styleUrl>
				<Point>
					<altitudeMode>relativeToGround</altitudeMode>
					<coordinates>-0.3594147,39.4625747,0</coordinates>
				</Point>
			</Placemark>
			<Placemark id="0B753251FC3EE19447E0">
				<gx:mid>/g/11xmdmff0</gx:mid>
				<gx:fid>0xd60ce2bf01f67e7:0xa4af96a58d25a409</gx:fid>
				<LookAt>
					<longitude>-1.1008203</longitude>
					<latitude>39.48587620000001</latitude>
					<altitude>0</altitude>
					<heading>0</heading>
					<tilt>0</tilt>
					<gx:fovy>35</gx:fovy>
					<range>793.1101131070001</range>
					<altitudeMode>relativeToGround</altitudeMode>
				</LookAt>
				<styleUrl>#__managed_style_0833D987D240DE0D9CB1</styleUrl>
				<Point>
					<altitudeMode>relativeToGround</altitudeMode>
					<coordinates>-1.10107128021365,39.48573597642714,0</coordinates>
				</Point>
			</Placemark>
			<Placemark id="0943C4C1413EE1950037">
				<gx:mid>/g/11x984f6f</gx:mid>
				<gx:fid>0xd60ce2c6e7ff235:0x405d9fc57212c2ab</gx:fid>
				<LookAt>
					<longitude>-1.0999483</longitude>
					<latitude>39.4872317</latitude>
					<altitude>0</altitude>
					<heading>0</heading>
					<tilt>0</tilt>
					<gx:fovy>35</gx:fovy>
					<range>793.093182737642</range>
					<altitudeMode>relativeToGround</altitudeMode>
				</LookAt>
				<styleUrl>#__managed_style_0833D987D240DE0D9CB1</styleUrl>
				<Point>
					<altitudeMode>relativeToGround</altitudeMode>
					<coordinates>-1.0999483,39.4872317,0</coordinates>
				</Point>
			</Placemark>
			<Placemark id="07AEED0CCA3EE1972D41">
				<gx:mid>/g/11f612ccny</gx:mid>
				<gx:fid>0xd5d675af915fa09:0xa9d62310eb2a0d28</gx:fid>
				<LookAt>
					<longitude>-2.1284596</longitude>
					<latitude>40.0815326</latitude>
					<altitude>0</altitude>
					<heading>0</heading>
					<tilt>0</tilt>
					<gx:fovy>35</gx:fovy>
					<range>785.6291851566045</range>
					<altitudeMode>relativeToGround</altitudeMode>
				</LookAt>
				<styleUrl>#__managed_style_1DAAFA570140DE0D9CB3</styleUrl>
				<Point>
					<altitudeMode>relativeToGround</altitudeMode>
					<coordinates>-2.1284596,40.0815326,0</coordinates>
				</Point>
			</Placemark>
			<Placemark id="03DBD89E6F3EE1976DD9">
				<gx:mid>/g/11s0rl54t1</gx:mid>
				<gx:fid>0xd5d677398e3f4af:0xbb08736e7aadd1d7</gx:fid>
				<LookAt>
					<longitude>-2.1290011</longitude>
					<latitude>40.07976559999999</latitude>
					<altitude>0</altitude>
					<heading>0</heading>
					<tilt>0</tilt>
					<gx:fovy>35</gx:fovy>
					<range>785.6514983885351</range>
					<altitudeMode>relativeToGround</altitudeMode>
				</LookAt>
				<styleUrl>#__managed_style_1DAAFA570140DE0D9CB3</styleUrl>
				<Point>
					<altitudeMode>relativeToGround</altitudeMode>
					<coordinates>-2.1290011,40.07976559999999,0</coordinates>
				</Point>
			</Placemark>
			<Placemark id="0DEC912FBE3EE1981156">
				<gx:mid>/g/11csp7pn1c</gx:mid>
				<gx:fid>0xd5d670b0113a027:0x46221a6ad25f7b1</gx:fid>
				<LookAt>
					<longitude>-2.1241862</longitude>
					<latitude>40.0815324</latitude>
					<altitude>0</altitude>
					<heading>0</heading>
					<tilt>0</tilt>
					<gx:fovy>35</gx:fovy>
					<range>785.6291876821949</range>
					<altitudeMode>relativeToGround</altitudeMode>
				</LookAt>
				<styleUrl>#__managed_style_1DAAFA570140DE0D9CB3</styleUrl>
				<Point>
					<altitudeMode>relativeToGround</altitudeMode>
					<coordinates>-2.1241862,40.0815324,0</coordinates>
				</Point>
			</Placemark>
			<Placemark id="09C02C3C5C3EE198770C">
				<gx:mid>/g/11bv2l6lrk</gx:mid>
				<gx:fid>0xd5d670d9dbe1a79:0xfdbb5d2556c62304</gx:fid>
				<LookAt>
					<longitude>-2.1231022</longitude>
					<latitude>40.0756937</latitude>
					<altitude>0</altitude>
					<heading>0</heading>
					<tilt>0</tilt>
					<gx:fovy>35</gx:fovy>
					<range>785.7029145851093</range>
					<altitudeMode>relativeToGround</altitudeMode>
				</LookAt>
				<styleUrl>#__managed_style_1DAAFA570140DE0D9CB3</styleUrl>
				<Point>
					<altitudeMode>relativeToGround</altitudeMode>
					<coordinates>-2.1231022,40.0756937,0</coordinates>
				</Point>
			</Placemark>
			<Placemark id="0E7C4D1E3F3EE198C874">
				<gx:mid>/g/11fk9sfd21</gx:mid>
				<gx:fid>0xd5d67e2bce7581b:0x4bedf9052119c2e4</gx:fid>
				<LookAt>
					<longitude>-2.1267041</longitude>
					<latitude>40.07836950000001</latitude>
					<altitude>0</altitude>
					<heading>0</heading>
					<tilt>0</tilt>
					<gx:fovy>35</gx:fovy>
					<range>785.6691274808095</range>
					<altitudeMode>relativeToGround</altitudeMode>
				</LookAt>
				<styleUrl>#__managed_style_1DAAFA570140DE0D9CB3</styleUrl>
				<Point>
					<altitudeMode>relativeToGround</altitudeMode>
					<coordinates>-2.1267041,40.0783695,0</coordinates>
				</Point>
			</Placemark>
			<Placemark id="0C3A27DC733EE1991BF6">
				<gx:mid>/g/11h1sw12l</gx:mid>
				<gx:fid>0xd5d67730c81049d:0x4d1e9320d5756c03</gx:fid>
				<LookAt>
					<longitude>-2.1275215</longitude>
					<latitude>40.0782885</latitude>
					<altitude>0</altitude>
					<heading>0</heading>
					<tilt>0</tilt>
					<gx:fovy>35</gx:fovy>
					<range>785.6701502852441</range>
					<altitudeMode>relativeToGround</altitudeMode>
				</LookAt>
				<styleUrl>#__managed_style_33A66D2EAC40DE0D9CB8</styleUrl>
				<Point>
					<altitudeMode>relativeToGround</altitudeMode>
					<coordinates>-2.1275215,40.0782885,0</coordinates>
				</Point>
			</Placemark>
			<Placemark id="06E6437E273EE1998D68">
				<gx:mid>/g/11mrxs4q__</gx:mid>
				<gx:fid>0xd5d67000c5b01cb:0x5a3cb99cb21eaf05</gx:fid>
				<LookAt>
					<longitude>-2.1283154</longitude>
					<latitude>40.0780794</latitude>
					<altitude>0</altitude>
					<heading>0</heading>
					<tilt>0</tilt>
					<gx:fovy>35</gx:fovy>
					<range>785.6727906289772</range>
					<altitudeMode>relativeToGround</altitudeMode>
				</LookAt>
				<styleUrl>#__managed_style_1DAAFA570140DE0D9CB3</styleUrl>
				<Point>
					<altitudeMode>relativeToGround</altitudeMode>
					<coordinates>-2.1283154,40.0780794,0</coordinates>
				</Point>
			</Placemark>
			<Placemark id="07804F22DF3EE19A3AF4">
				<gx:mid>/g/11vk7p5g1w</gx:mid>
				<gx:fid>0xd5d670005d3c28f:0x3c2c707a2140feea</gx:fid>
				<LookAt>
					<longitude>-2.1255665</longitude>
					<latitude>40.0844134</latitude>
					<altitude>0</altitude>
					<heading>0</heading>
					<tilt>0</tilt>
					<gx:fovy>35</gx:fovy>
					<range>785.5928055990084</range>
					<altitudeMode>relativeToGround</altitudeMode>
				</LookAt>
				<styleUrl>#__managed_style_1DAAFA570140DE0D9CB3</styleUrl>
				<Point>
					<altitudeMode>relativeToGround</altitudeMode>
					<coordinates>-2.1255665,40.0844134,0</coordinates>
				</Point>
			</Placemark>
			<Placemark id="01F741E1003EE19AA4FF">
				<gx:mid>/g/11fs08cjz2</gx:mid>
				<gx:fid>0xd5d694c30ff9e93:0xa10941a9b11b5924</gx:fid>
				<LookAt>
					<longitude>-2.125132</longitude>
					<latitude>40.08685330000001</latitude>
					<altitude>0</altitude>
					<heading>0</heading>
					<tilt>0</tilt>
					<gx:fovy>35</gx:fovy>
					<range>785.561992359122</range>
					<altitudeMode>relativeToGround</altitudeMode>
				</LookAt>
				<styleUrl>#__managed_style_1DAAFA570140DE0D9CB3</styleUrl>
				<Point>
					<altitudeMode>relativeToGround</altitudeMode>
					<coordinates>-2.125132,40.0868533,0</coordinates>
				</Point>
			</Placemark>
			<Placemark id="0395CA654F3EE19B1797">
				<gx:mid>/g/11y2dc91cp</gx:mid>
				<gx:fid>0xd5d67004a7797df:0x5e9169b30592e242</gx:fid>
				<LookAt>
					<longitude>-2.112933</longitude>
					<latitude>40.0815316</latitude>
					<altitude>0</altitude>
					<heading>0</heading>
					<tilt>0</tilt>
					<gx:fovy>35</gx:fovy>
					<range>785.6291977845563</range>
					<altitudeMode>relativeToGround</altitudeMode>
				</LookAt>
				<styleUrl>#__managed_style_1DAAFA570140DE0D9CB3</styleUrl>
				<Point>
					<altitudeMode>relativeToGround</altitudeMode>
					<coordinates>-2.112933,40.0815316,0</coordinates>
				</Point>
			</Placemark>
			<Placemark id="0142C1FF363EE19C9FDE">
				<gx:mid>/g/11sybpw6dt</gx:mid>
				<gx:fid>0xd620519dce7dba5:0x167eff80fa73cea3</gx:fid>
				<LookAt>
					<longitude>-0.1175418</longitude>
					<latitude>38.5351917</latitude>
					<altitude>0</altitude>
					<heading>0</heading>
					<tilt>0</tilt>
					<gx:fovy>35</gx:fovy>
					<range>804.8778464463089</range>
					<altitudeMode>relativeToGround</altitudeMode>
				</LookAt>
				<styleUrl>#__managed_style_338D6BD7BC40DE0D9CB4</styleUrl>
				<Point>
					<altitudeMode>relativeToGround</altitudeMode>
					<coordinates>-0.1175418,38.5351917,0</coordinates>
				</Point>
			</Placemark>
			<Placemark id="05963ABEAD3EE19CE30C">
				<gx:mid>/g/11j4whrgh4</gx:mid>
				<gx:fid>0xd620587bfc6961b:0x3e44c99080bc10</gx:fid>
				<LookAt>
					<longitude>-0.1314691</longitude>
					<latitude>38.533209</latitude>
					<altitude>0</altitude>
					<heading>0</heading>
					<tilt>0</tilt>
					<gx:fovy>35</gx:fovy>
					<range>804.9021647871424</range>
					<altitudeMode>relativeToGround</altitudeMode>
				</LookAt>
				<styleUrl>#__managed_style_1DAAFA570140DE0D9CB3</styleUrl>
				<Point>
					<altitudeMode>relativeToGround</altitudeMode>
					<coordinates>-0.1314691,38.533209,0</coordinates>
				</Point>
			</Placemark>
			<Placemark id="0F7367EA753EE19D3427">
				<gx:mid>/g/11fxdzs5_y</gx:mid>
				<gx:fid>0xd6204e7634f0791:0xc3739c190e548ab8</gx:fid>
				<LookAt>
					<longitude>-0.1312428</longitude>
					<latitude>38.53354019999999</latitude>
					<altitude>0</altitude>
					<heading>0</heading>
					<tilt>0</tilt>
					<gx:fovy>35</gx:fovy>
					<range>804.8981025967095</range>
					<altitudeMode>relativeToGround</altitudeMode>
				</LookAt>
				<styleUrl>#__managed_style_1DAAFA570140DE0D9CB3</styleUrl>
				<Point>
					<altitudeMode>relativeToGround</altitudeMode>
					<coordinates>-0.1312428,38.5335402,0</coordinates>
				</Point>
			</Placemark>
			<Placemark id="033B93B21E3EE19DC100">
				<gx:mid>/g/11z214kbk_</gx:mid>
				<gx:fid>0xd6205006dafa469:0x58fde0b4f84be6dc</gx:fid>
				<LookAt>
					<longitude>-0.1342526</longitude>
					<latitude>38.5341618</latitude>
					<altitude>0</altitude>
					<heading>0</heading>
					<tilt>0</tilt>
					<gx:fovy>35</gx:fovy>
					<range>804.8904785598771</range>
					<altitudeMode>relativeToGround</altitudeMode>
				</LookAt>
				<styleUrl>#__managed_style_1DAAFA570140DE0D9CB3</styleUrl>
				<Point>
					<altitudeMode>relativeToGround</altitudeMode>
					<coordinates>-0.1342526,38.5341618,0</coordinates>
				</Point>
			</Placemark>
			<Placemark id="0B546E892F3EE1B5CFD6">
				<gx:mid>/g/121g1j8x</gx:mid>
				<gx:fid>0xd6204dbc652081b:0xfaf93271d909837c</gx:fid>
				<LookAt>
					<longitude>-0.1381365</longitude>
					<latitude>38.53626180000001</latitude>
					<altitude>0</altitude>
					<heading>0</heading>
					<tilt>0</tilt>
					<gx:fovy>35</gx:fovy>
					<range>1764.727696075078</range>
					<altitudeMode>relativeToGround</altitudeMode>
				</LookAt>
				<styleUrl>#__managed_style_338D6BD7BC40DE0D9CB4</styleUrl>
				<Point>
					<altitudeMode>relativeToGround</altitudeMode>
					<coordinates>-0.1356048,38.5366369,0</coordinates>
				</Point>
			</Placemark>
			<Placemark id="03718D49803EE1B62B94">
				<gx:mid>/g/1227pvbw</gx:mid>
				<gx:fid>0xd621ad8e9b8146d:0x69dd037f4e30ef95</gx:fid>
				<LookAt>
					<longitude>-0.1615605</longitude>
					<latitude>38.5252736</latitude>
					<altitude>0</altitude>
					<heading>0</heading>
					<tilt>0</tilt>
					<gx:fovy>35</gx:fovy>
					<range>804.999485171045</range>
					<altitudeMode>relativeToGround</altitudeMode>
				</LookAt>
				<styleUrl>#__managed_style_1DAAFA570140DE0D9CB3</styleUrl>
				<Point>
					<altitudeMode>relativeToGround</altitudeMode>
					<coordinates>-0.1615605,38.5252736,0</coordinates>
				</Point>
			</Placemark>
			<Placemark id="076A40514F3EE1B68377">
				<gx:mid>/g/11g8_szz1_</gx:mid>
				<gx:fid>0xd621ad8f68cf123:0x803493fd187203be</gx:fid>
				<LookAt>
					<longitude>-0.1621538</longitude>
					<latitude>38.52614169999999</latitude>
					<altitude>0</altitude>
					<heading>0</heading>
					<tilt>0</tilt>
					<gx:fovy>35</gx:fovy>
					<range>804.9888394555898</range>
					<altitudeMode>relativeToGround</altitudeMode>
				</LookAt>
				<styleUrl>#__managed_style_1DAAFA570140DE0D9CB3</styleUrl>
				<Point>
					<altitudeMode>relativeToGround</altitudeMode>
					<coordinates>-0.1622044469201156,38.52608295469806,0</coordinates>
				</Point>
			</Placemark>
			<Placemark id="0D803989C13EE1B6BF43">
				<gx:mid>/g/11t7fg9_67</gx:mid>
				<gx:fid>0xd621bc1badb9999:0x6a971307a44fce33</gx:fid>
				<LookAt>
					<longitude>-0.1613805</longitude>
					<latitude>38.5266787</latitude>
					<altitude>0</altitude>
					<heading>0</heading>
					<tilt>0</tilt>
					<gx:fovy>35</gx:fovy>
					<range>804.982254007556</range>
					<altitudeMode>relativeToGround</altitudeMode>
				</LookAt>
				<styleUrl>#__managed_style_1DAAFA570140DE0D9CB3</styleUrl>
				<Point>
					<altitudeMode>relativeToGround</altitudeMode>
					<coordinates>-0.1613805,38.5266787,0</coordinates>
				</Point>
			</Placemark>
			<Placemark id="01010674983EE1B89150">
				<gx:mid>/g/1pwgtmp5l</gx:mid>
				<gx:fid>0xd62045293f5714b:0xbe577418e538bea6</gx:fid>
				<LookAt>
					<longitude>-0.1039624</longitude>
					<latitude>38.5279831</latitude>
					<altitude>0</altitude>
					<heading>0</heading>
					<tilt>0</tilt>
					<gx:fovy>35</gx:fovy>
					<range>804.966257336279</range>
					<altitudeMode>relativeToGround</altitudeMode>
				</LookAt>
				<styleUrl>#__managed_style_338D6BD7BC40DE0D9CB4</styleUrl>
				<Point>
					<altitudeMode>relativeToGround</altitudeMode>
					<coordinates>-0.1039624,38.5279831,0</coordinates>
				</Point>
			</Placemark>
			<Placemark id="043B4ED2F33EE1B90C27">
				<gx:mid>/g/11c5xd5k36</gx:mid>
				<gx:fid>0xd6205b4eff432af:0xc9fe461ea8ecf838</gx:fid>
				<LookAt>
					<longitude>-0.09651459999999999</longitude>
					<latitude>38.52539429999999</latitude>
					<altitude>0</altitude>
					<heading>0</heading>
					<tilt>0</tilt>
					<gx:fovy>35</gx:fovy>
					<range>804.9980050091958</range>
					<altitudeMode>relativeToGround</altitudeMode>
				</LookAt>
				<styleUrl>#__managed_style_1DAAFA570140DE0D9CB3</styleUrl>
				<Point>
					<altitudeMode>relativeToGround</altitudeMode>
					<coordinates>-0.09651459999999999,38.52539429999999,0</coordinates>
				</Point>
			</Placemark>
			<Placemark id="0DBC411BF53EE1B96540">
				<gx:mid>/g/11bwh9b5mq</gx:mid>
				<gx:fid>0xd62044980e8ef29:0x1ff3fb41b3da6a20</gx:fid>
				<LookAt>
					<longitude>-0.09585539999999999</longitude>
					<latitude>38.5317488</latitude>
					<altitude>0</altitude>
					<heading>0</heading>
					<tilt>0</tilt>
					<gx:fovy>35</gx:fovy>
					<range>804.9200739266516</range>
					<altitudeMode>relativeToGround</altitudeMode>
				</LookAt>
				<styleUrl>#__managed_style_1DAAFA570140DE0D9CB3</styleUrl>
				<Point>
					<altitudeMode>relativeToGround</altitudeMode>
					<coordinates>-0.09585539999999998,38.5317488,0</coordinates>
				</Point>
			</Placemark>
			<Placemark id="0F98F620813EE1BA4671">
				<gx:mid>/m/02x3x5r</gx:mid>
				<gx:fid>0xd62043f73f961ab:0x7886ba79ef29df94</gx:fid>
				<LookAt>
					<longitude>-0.0930324</longitude>
					<latitude>38.54283035</latitude>
					<altitude>0</altitude>
					<heading>0</heading>
					<tilt>0</tilt>
					<gx:fovy>35</gx:fovy>
					<range>383.0208303396546</range>
					<altitudeMode>relativeToGround</altitudeMode>
				</LookAt>
				<styleUrl>#__managed_style_3491C69C2240DE0D9CC0</styleUrl>
				<Point>
					<altitudeMode>relativeToGround</altitudeMode>
					<coordinates>-0.09302879999999999,38.5428384,0</coordinates>
				</Point>
			</Placemark>
			<Placemark id="008B85061A3EE1BA9C5B">
				<gx:mid>/m/02x4jb5</gx:mid>
				<gx:fid>0xd6204dd6658958f:0xba4c0ed61c0c7bed</gx:fid>
				<LookAt>
					<longitude>-0.09504269999999999</longitude>
					<latitude>38.5420337</latitude>
					<altitude>0</altitude>
					<heading>0</heading>
					<tilt>0</tilt>
					<gx:fovy>35</gx:fovy>
					<range>804.793920293392</range>
					<altitudeMode>relativeToGround</altitudeMode>
				</LookAt>
				<styleUrl>#__managed_style_0833D987D240DE0D9CB1</styleUrl>
				<Point>
					<altitudeMode>relativeToGround</altitudeMode>
					<coordinates>-0.09504269999999999,38.5420337,0</coordinates>
				</Point>
			</Placemark>
			<Placemark id="0F61E03D9C3EE1BB6E0E">
				<gx:mid>/g/11sql0qt7r</gx:mid>
				<gx:fid>0xd62075f5e45cba5:0xb07e824a28029e75</gx:fid>
				<LookAt>
					<longitude>-0.0574469</longitude>
					<latitude>38.56772419999999</latitude>
					<altitude>0</altitude>
					<heading>0</heading>
					<tilt>0</tilt>
					<gx:fovy>35</gx:fovy>
					<range>804.4786926552172</range>
					<altitudeMode>relativeToGround</altitudeMode>
				</LookAt>
				<styleUrl>#__managed_style_1DAAFA570140DE0D9CB3</styleUrl>
				<Point>
					<altitudeMode>relativeToGround</altitudeMode>
					<coordinates>-0.0574469,38.5677242,0</coordinates>
				</Point>
			</Placemark>
			<Placemark id="0C3CDFBD993EE1BB8E40">
				<gx:mid>/g/11gr3c6q0n</gx:mid>
				<gx:fid>0xd6207a7702e959d:0xb3ab53a41ce2a5dd</gx:fid>
				<LookAt>
					<longitude>-0.0515088</longitude>
					<latitude>38.56221109999999</latitude>
					<altitude>0</altitude>
					<heading>0</heading>
					<tilt>0</tilt>
					<gx:fovy>35</gx:fovy>
					<range>804.5463527859444</range>
					<altitudeMode>relativeToGround</altitudeMode>
				</LookAt>
				<styleUrl>#__managed_style_1DAAFA570140DE0D9CB3</styleUrl>
				<Point>
					<altitudeMode>relativeToGround</altitudeMode>
					<coordinates>-0.0515088,38.5622111,0</coordinates>
				</Point>
			</Placemark>
			<Placemark id="0E520FDB653EE1BBF8C7">
				<gx:mid>/g/11nl9w6_j8</gx:mid>
				<gx:fid>0xd620735d2d7e8b3:0xe79f567ed17d862a</gx:fid>
				<LookAt>
					<longitude>-0.04963699999999999</longitude>
					<latitude>38.56339659999999</latitude>
					<altitude>0</altitude>
					<heading>0</heading>
					<tilt>0</tilt>
					<gx:fovy>35</gx:fovy>
					<range>804.5318042180493</range>
					<altitudeMode>relativeToGround</altitudeMode>
				</LookAt>
				<styleUrl>#__managed_style_1DAAFA570140DE0D9CB3</styleUrl>
				<Point>
					<altitudeMode>relativeToGround</altitudeMode>
					<coordinates>-0.04967447087526167,38.56334076164712,0</coordinates>
				</Point>
			</Placemark>
			<Placemark id="023908B1C53EE1BC62BF">
				<gx:mid>/g/11b7jxk9f7</gx:mid>
				<gx:fid>0xd6206b2dedd3345:0xfb4295abf4dcd1e7</gx:fid>
				<LookAt>
					<longitude>-0.06291289999999999</longitude>
					<latitude>38.5678991</latitude>
					<altitude>0</altitude>
					<heading>0</heading>
					<tilt>0</tilt>
					<gx:fovy>35</gx:fovy>
					<range>804.4765460568698</range>
					<altitudeMode>relativeToGround</altitudeMode>
				</LookAt>
				<styleUrl>#__managed_style_1B4E91D93140DE0D9CCC</styleUrl>
				<Point>
					<altitudeMode>relativeToGround</altitudeMode>
					<coordinates>-0.06291289999999999,38.5678991,0</coordinates>
				</Point>
			</Placemark>
			<Placemark id="027F4C96C13EE1BC9E41">
				<gx:mid>/g/122vkvsk</gx:mid>
				<gx:fid>0xd6206afba48d985:0x8b5d60d68dbb96ff</gx:fid>
				<LookAt>
					<longitude>-0.0627205</longitude>
					<latitude>38.567813</latitude>
					<altitude>0</altitude>
					<heading>0</heading>
					<tilt>0</tilt>
					<gx:fovy>35</gx:fovy>
					<range>804.4776027880148</range>
					<altitudeMode>relativeToGround</altitudeMode>
				</LookAt>
				<styleUrl>#__managed_style_0833D987D240DE0D9CB1</styleUrl>
				<Point>
					<altitudeMode>relativeToGround</altitudeMode>
					<coordinates>-0.05638405582996553,38.56532740290192,0</coordinates>
				</Point>
			</Placemark>
			<Placemark id="044962BA743EE1BDD0C9">
				<name>Camino del Faro</name>
				<LookAt>
					<longitude>-0.0528406953617766</longitude>
					<latitude>38.56424784992204</latitude>
					<altitude>62.87673071378504</altitude>
					<heading>359.8779591147957</heading>
					<tilt>0</tilt>
					<gx:fovy>35</gx:fovy>
					<range>1341.495068108925</range>
					<altitudeMode>absolute</altitudeMode>
				</LookAt>
				<styleUrl>#__managed_style_1F58907B1B40DE0D9CBF</styleUrl>
				<LineString>
					<coordinates>
						-0.06289450460974955,38.56790196242093,0 -0.0627882927658896,38.56780027341856,0 -0.06277955004695079,38.56771241005023,0 -0.06257737958793697,38.56764297167811,0 -0.06237917303453688,38.56739609577354,0 -0.06225966909132574,38.56710375781448,0 -0.06236835089336368,38.56671845526444,0 -0.06231731416228237,38.56656247350327,0 -0.06217102392991447,38.56654558752706,0 -0.06172941827230272,38.56679481253227,0 -0.06153666419142612,38.56689647534771,0 -0.06139110192344699,38.56691393514613,0 -0.06125067624792924,38.56685269524833,0 -0.06111979671816536,38.56675926717616,0 -0.06095732243373897,38.56665998975739,0 -0.06087752202327934,38.56654673008905,0 -0.06075721433422832,38.56639047851743,0 -0.06057426733545812,38.56625718219896,0 -0.06029317731988448,38.56619365337838,0 -0.06008833762531807,38.56625711044767,0 -0.05992653775595547,38.56643550603916,0 -0.05978914796504142,38.56663849394054,0 -0.05963294439890965,38.56701742613205,0 -0.05947334489556644,38.56708285114142,0 -0.05907087004590861,38.56696148761552,0 -0.05869026277364964,38.56672027558125,0 -0.05846891337274118,38.56673853396966,0 -0.05801022058241068,38.56718836916988,0 -0.05772127588393294,38.56745229326798,0 -0.05736874821776428,38.56753651178851,0 -0.05705071271417173,38.56753408490771,0 -0.05671235712644385,38.56747079082461,0 -0.05652733352134676,38.56747921744337,0 -0.05629676877968781,38.56760112332547,0 -0.05611054596257103,38.56757592080733,0 -0.05589885857474219,38.56738634590414,0 -0.05550058636520028,38.56698664865834,0 -0.05547996737597427,38.56684041129633,0 -0.05581014071724177,38.56642617503851,0 -0.05569956405103826,38.56629898203758,0 -0.05541823765132237,38.56620075831444,0 -0.05514902449747283,38.56577339060376,0 -0.05525453498093302,38.56550939970185,0 -0.05539989602579398,38.56538061157766,0 -0.05538113459640392,38.56505022051777,0 -0.05535897091086706,38.56486687897046,0 -0.05579480753331922,38.56477348754569,0 -0.05643711926247352,38.56441954604287,0 -0.05637669084135655,38.56426966598827,0 -0.05604526871168636,38.56412855242701,0 -0.0555802995085064,38.56394522587883,0 -0.05513437841866309,38.56382912658801,0 -0.05495293154326841,38.56344205669204,0 -0.05501394922216796,38.56312809765969,0 -0.05470764381832693,38.56288157922872,0 -0.05522943913443212,38.56235336368606,0 -0.05514717975091732,38.5619944811986,0 -0.05473933742401682,38.56179863581212,0 -0.05499688219744447,38.5614601588868,0 -0.05479279822970917,38.56128854068139,0 -0.05422120282464138,38.56149671212518,0 -0.05405685462428256,38.56163972367503,0 -0.05374192437496372,38.56149831858872,0 -0.05303459273416467,38.56219508042314,0 -0.05267074680529893,38.56264366941271,0 -0.05216604786990486,38.56231236335199,0 -0.05166274698099937,38.56222786238073,0 -0.05112216601883546,38.56280921777556,0 -0.05048930716700206,38.56285886384082,0 -0.04984019827800279,38.56312004738646,0 -0.04991829583150698,38.56342198822971,0 -0.04993222795910857,38.56359876780423,0 -0.04983560587185742,38.56346710567357,0 -0.04968284220402186,38.56335854626567,0 -0.04955559859582181,38.56335606379469,0 
					</coordinates>
				</LineString>
			</Placemark>
			<Placemark id="02C02643B13EE1BE7D3E">
				<gx:mid>/g/1pxxp0228</gx:mid>
				<gx:fid>0xd6204536c27beaf:0xf5b0d51875bfa53d</gx:fid>
				<LookAt>
					<longitude>-0.1065552</longitude>
					<latitude>38.52874154999999</latitude>
					<altitude>0</altitude>
					<heading>0</heading>
					<tilt>0</tilt>
					<gx:fovy>35</gx:fovy>
					<range>4150.011782468992</range>
					<altitudeMode>relativeToGround</altitudeMode>
				</LookAt>
				<styleUrl>#__managed_style_338D6BD7BC40DE0D9CB4</styleUrl>
				<Point>
					<altitudeMode>relativeToGround</altitudeMode>
					<coordinates>-0.1065552,38.5287421,0</coordinates>
				</Point>
			</Placemark>
			<Placemark id="03310E15833EE1BEE8C0">
				<gx:mid>/g/1239ph6z</gx:mid>
				<gx:fid>0xd621ae688395c97:0xc8d20a3f915a8d94</gx:fid>
				<LookAt>
					<longitude>-0.1714914</longitude>
					<latitude>38.5195652</latitude>
					<altitude>0</altitude>
					<heading>0</heading>
					<tilt>0</tilt>
					<gx:fovy>35</gx:fovy>
					<range>805.0694841449181</range>
					<altitudeMode>relativeToGround</altitudeMode>
				</LookAt>
				<styleUrl>#__managed_style_1DAAFA570140DE0D9CB3</styleUrl>
				<Point>
					<altitudeMode>relativeToGround</altitudeMode>
					<coordinates>-0.1714914,38.5195652,0</coordinates>
				</Point>
			</Placemark>
			<Placemark id="01D02D6CE83EE1C1B9F0">
				<gx:mid>/m/05tb0v</gx:mid>
				<gx:fid>0xd621b5400000001:0x18a67a8668075cca</gx:fid>
				<LookAt>
					<longitude>-0.1577752</longitude>
					<latitude>38.5594384</latitude>
					<altitude>0</altitude>
					<heading>0</heading>
					<tilt>0</tilt>
					<gx:fovy>35</gx:fovy>
					<range>804.5803783122685</range>
					<altitudeMode>relativeToGround</altitudeMode>
				</LookAt>
				<styleUrl>#__managed_style_03C64F696B40DE0D9CBF</styleUrl>
				<Point>
					<altitudeMode>relativeToGround</altitudeMode>
					<coordinates>-0.1577752,38.5594384,0</coordinates>
				</Point>
			</Placemark>
			<Placemark id="0CD7EED2DB3EE1C27E30">
				<gx:mid>/m/0gh626p</gx:mid>
				<gx:fid>0xd620355242e2e7f:0x522f6e8a3166664a</gx:fid>
				<LookAt>
					<longitude>-0.1420969</longitude>
					<latitude>38.56963125000001</latitude>
					<altitude>0</altitude>
					<heading>0</heading>
					<tilt>0</tilt>
					<gx:fovy>35</gx:fovy>
					<range>1763.765009970769</range>
					<altitudeMode>relativeToGround</altitudeMode>
				</LookAt>
				<styleUrl>#__managed_style_3491C69C2240DE0D9CC0</styleUrl>
				<Point>
					<altitudeMode>relativeToGround</altitudeMode>
					<coordinates>-0.1445907,38.56892149999999,0</coordinates>
				</Point>
			</Placemark>
			<Placemark id="03B3DA5A2E3EE1C32563">
				<gx:mid>/g/11gd1w0cf1</gx:mid>
				<gx:fid>0xd62191fc036a743:0x50e3f96b51119dc6</gx:fid>
				<LookAt>
					<longitude>-0.2609588</longitude>
					<latitude>38.5463719</latitude>
					<altitude>0</altitude>
					<heading>0</heading>
					<tilt>0</tilt>
					<gx:fovy>35</gx:fovy>
					<range>804.7407007581522</range>
					<altitudeMode>relativeToGround</altitudeMode>
				</LookAt>
				<styleUrl>#__managed_style_1DAAFA570140DE0D9CB3</styleUrl>
				<Point>
					<altitudeMode>relativeToGround</altitudeMode>
					<coordinates>-0.2609588,38.5463719,0</coordinates>
				</Point>
			</Placemark>
			<Placemark id="0EA9C634053EE1C3EC38">
				<gx:mid>/g/11gfdvb63n</gx:mid>
				<gx:fid>0xd6219f2e37a3b41:0xe54dbb872777603c</gx:fid>
				<LookAt>
					<longitude>-0.2317643</longitude>
					<latitude>38.5039566</latitude>
					<altitude>0</altitude>
					<heading>0</heading>
					<tilt>0</tilt>
					<gx:fovy>35</gx:fovy>
					<range>805.2608440816736</range>
					<altitudeMode>relativeToGround</altitudeMode>
				</LookAt>
				<styleUrl>#__managed_style_0833D987D240DE0D9CB1</styleUrl>
				<Point>
					<altitudeMode>relativeToGround</altitudeMode>
					<coordinates>-0.2324158786191932,38.50464763709684,0</coordinates>
				</Point>
			</Placemark>
			<Placemark id="0C336FD6E73EE1C4FE34">
				<gx:mid>/g/11g6px4rc0</gx:mid>
				<gx:fid>0xd62198cadea925f:0x820d8ad63c71ae22</gx:fid>
				<LookAt>
					<longitude>-0.2299827</longitude>
					<latitude>38.5059339</latitude>
					<altitude>0</altitude>
					<heading>0</heading>
					<tilt>0</tilt>
					<gx:fovy>35</gx:fovy>
					<range>805.236605794268</range>
					<altitudeMode>relativeToGround</altitudeMode>
				</LookAt>
				<styleUrl>#__managed_style_1F00F1C52540DE0D9CB4</styleUrl>
				<Point>
					<altitudeMode>relativeToGround</altitudeMode>
					<coordinates>-0.2299827,38.5059339,0</coordinates>
				</Point>
			</Placemark>
			<Placemark id="035998FD473EE1C5D707">
				<name>Las Casas de Colores</name>
				<LookAt>
					<longitude>-0.2320509887023514</longitude>
					<latitude>38.50586458661675</latitude>
					<altitude>24.17704934448401</altitude>
					<heading>10.54959047640398</heading>
					<tilt>0.6400591830581828</tilt>
					<gx:fovy>35</gx:fovy>
					<range>779.7381090598356</range>
					<altitudeMode>absolute</altitudeMode>
				</LookAt>
				<styleUrl>#__managed_style_1EBF6C0D4540DE0D9CC4</styleUrl>
				<Polygon>
					<outerBoundaryIs>
						<LinearRing>
							<coordinates>
								-0.2336218824002934,38.50550289024351,0 -0.2335768843973296,38.50474050294722,0 -0.2335099990126988,38.50405014727527,0 -0.2335801678514082,38.50349908224018,0 -0.2332867557854046,38.50218918753564,0 -0.23253771643441,38.50242682848562,0 -0.232406030475163,38.50251507750587,0 -0.2323400089903238,38.50330873170243,0 -0.2316857256122673,38.50392554002259,0 -0.2310338375932819,38.50462952133118,0 -0.2300638317019621,38.50511491541496,0 -0.2302405380014649,38.50567987120979,0 -0.2307486913298307,38.50549902281733,0 -0.2316584917939568,38.50545418983004,0 -0.2321693218365428,38.50585820444667,0 -0.232458272405055,38.5057140236469,0 -0.2333977261988429,38.50577084299335,0 -0.2336218824002934,38.50550289024351,0 
							</coordinates>
						</LinearRing>
					</outerBoundaryIs>
				</Polygon>
			</Placemark>
			<Placemark id="0A29DE1FE13EE1C65DD7">
				<gx:mid>/g/11x9xjlgl</gx:mid>
				<gx:fid>0xd6219f49f3c7b53:0x129704d1c65a0960</gx:fid>
				<LookAt>
					<longitude>-0.2298033</longitude>
					<latitude>38.50440335</latitude>
					<altitude>0</altitude>
					<heading>0</heading>
					<tilt>0</tilt>
					<gx:fovy>35</gx:fovy>
					<range>805.2553677789758</range>
					<altitudeMode>relativeToGround</altitudeMode>
				</LookAt>
				<styleUrl>#__managed_style_338D6BD7BC40DE0D9CB4</styleUrl>
				<Point>
					<altitudeMode>relativeToGround</altitudeMode>
					<coordinates>-0.231062,38.5039814,0</coordinates>
				</Point>
			</Placemark>
			<Placemark id="03D0DB9BB23EE1CA6E30">
				<gx:mid>/g/11cn6c7vp1</gx:mid>
				<gx:fid>0xd6342261e9bdde7:0x24d5a5a437cb086</gx:fid>
				<LookAt>
					<longitude>-0.9859505000000001</longitude>
					<latitude>37.6029523</latitude>
					<altitude>0</altitude>
					<heading>0</heading>
					<tilt>0</tilt>
					<gx:fovy>35</gx:fovy>
					<range>816.207679386778</range>
					<altitudeMode>relativeToGround</altitudeMode>
				</LookAt>
				<styleUrl>#__managed_style_0833D987D240DE0D9CB1</styleUrl>
				<Point>
					<altitudeMode>relativeToGround</altitudeMode>
					<coordinates>-0.9859505,37.6029523,0</coordinates>
				</Point>
			</Placemark>
			<Placemark id="0DE130FB9D3EE1CA8C5C">
				<gx:mid>/g/11cn6963vy</gx:mid>
				<gx:fid>0xd634394b3c38201:0x94692329de0d249c</gx:fid>
				<LookAt>
					<longitude>-0.9841453999999999</longitude>
					<latitude>37.6027576</latitude>
					<altitude>0</altitude>
					<heading>0</heading>
					<tilt>0</tilt>
					<gx:fovy>35</gx:fovy>
					<range>816.2100236442487</range>
					<altitudeMode>relativeToGround</altitudeMode>
				</LookAt>
				<styleUrl>#__managed_style_0833D987D240DE0D9CB1</styleUrl>
				<Point>
					<altitudeMode>relativeToGround</altitudeMode>
					<coordinates>-0.9841453999999999,37.6027576,0</coordinates>
				</Point>
			</Placemark>
			<Placemark id="0E2342FE6D3EE1CAE864">
				<gx:mid>/g/11gy07k6j7</gx:mid>
				<gx:fid>0xd6343880298d91f:0xaa545716aa8a86be</gx:fid>
				<LookAt>
					<longitude>-0.9840125999999999</longitude>
					<latitude>37.6019341</latitude>
					<altitude>0</altitude>
					<heading>0</heading>
					<tilt>0</tilt>
					<gx:fovy>35</gx:fovy>
					<range>816.2199387757353</range>
					<altitudeMode>relativeToGround</altitudeMode>
				</LookAt>
				<styleUrl>#__managed_style_0833D987D240DE0D9CB1</styleUrl>
				<Point>
					<altitudeMode>relativeToGround</altitudeMode>
					<coordinates>-0.9840125999999999,37.6019341,0</coordinates>
				</Point>
			</Placemark>
			<Placemark id="096E7D36353EE1CB3D64">
				<gx:mid>/g/11md1nbbhj</gx:mid>
				<gx:fid>0xd63430053b8ad5f:0xed040cf2da410c61</gx:fid>
				<LookAt>
					<longitude>-0.9838715000000002</longitude>
					<latitude>37.5975792</latitude>
					<altitude>0</altitude>
					<heading>0</heading>
					<tilt>0</tilt>
					<gx:fovy>35</gx:fovy>
					<range>816.2723700316332</range>
					<altitudeMode>relativeToGround</altitudeMode>
				</LookAt>
				<styleUrl>#__managed_style_0833D987D240DE0D9CB1</styleUrl>
				<Point>
					<altitudeMode>relativeToGround</altitudeMode>
					<coordinates>-0.9838715,37.5975792,0</coordinates>
				</Point>
			</Placemark>
			<Placemark id="0584D47A6E3EE1CB55D8">
				<gx:mid>/g/11g10gvyn5</gx:mid>
				<gx:fid>0xd634338ca91e377:0xa2d37e29e8cc3bf5</gx:fid>
				<LookAt>
					<longitude>-0.9837625</longitude>
					<latitude>37.5982758</latitude>
					<altitude>0</altitude>
					<heading>0</heading>
					<tilt>0</tilt>
					<gx:fovy>35</gx:fovy>
					<range>816.2639835570537</range>
					<altitudeMode>relativeToGround</altitudeMode>
				</LookAt>
				<styleUrl>#__managed_style_1DAAFA570140DE0D9CB3</styleUrl>
				<Point>
					<altitudeMode>relativeToGround</altitudeMode>
					<coordinates>-0.9837625,37.5982758,0</coordinates>
				</Point>
			</Placemark>
			<Placemark id="07B67CC9E93EE1CB7A6F">
				<gx:mid>/g/120z_bng</gx:mid>
				<gx:fid>0xd63418733dcb82f:0x4863e53480c527a9</gx:fid>
				<LookAt>
					<longitude>-0.9802723000000001</longitude>
					<latitude>37.5976656</latitude>
					<altitude>0</altitude>
					<heading>0</heading>
					<tilt>0</tilt>
					<gx:fovy>35</gx:fovy>
					<range>816.2713298551754</range>
					<altitudeMode>relativeToGround</altitudeMode>
				</LookAt>
				<styleUrl>#__managed_style_1D16B8BDC340DE0D9CB8</styleUrl>
				<Point>
					<altitudeMode>relativeToGround</altitudeMode>
					<coordinates>-0.9802723,37.5976656,0</coordinates>
				</Point>
			</Placemark>
			<Placemark id="0B259C18823EE1CCCCF6">
				<name>C. Puertas de Murcia - שדרה מרכזית</name>
				<LookAt>
					<longitude>-0.9871830569529672</longitude>
					<latitude>37.60179668008234</latitude>
					<altitude>14.72119556112803</altitude>
					<heading>33.79199182838624</heading>
					<tilt>0</tilt>
					<gx:fovy>35</gx:fovy>
					<range>179.8903067733227</range>
					<altitudeMode>absolute</altitudeMode>
				</LookAt>
				<styleUrl>#__managed_style_0E97152A3F40DE0D9CB8</styleUrl>
				<LineString>
					<coordinates>
						-0.9907157357039253,37.60516377979605,0 -0.9893325214434345,37.6041079465558,0 -0.9884292310685761,37.60333243035546,0 -0.9879665374309421,37.60275965175656,0 -0.9869667830304663,37.6016537373558,0 -0.986777010874017,37.60113860331801,0 -0.9862514423316404,37.60006379816529,0 -0.985767363557235,37.59938313110768,0 -0.9854586605608995,37.59860758437878,0 -0.9854239038548063,37.59800774804275,0 
					</coordinates>
				</LineString>
			</Placemark>
			<Placemark id="073BD28A533EE1CD588C">
				<gx:mid>/m/0kvjt4h</gx:mid>
				<gx:fid>0xd63418894e9df1d:0xfcf8a6f1969d6851</gx:fid>
				<LookAt>
					<longitude>-0.9786498999999999</longitude>
					<latitude>37.604129</latitude>
					<altitude>0</altitude>
					<heading>0</heading>
					<tilt>0</tilt>
					<gx:fovy>35</gx:fovy>
					<range>816.1935113019525</range>
					<altitudeMode>relativeToGround</altitudeMode>
				</LookAt>
				<styleUrl>#__managed_style_1D16B8BDC340DE0D9CB8</styleUrl>
				<Point>
					<altitudeMode>relativeToGround</altitudeMode>
					<coordinates>-0.9786498999999999,37.604129,0</coordinates>
				</Point>
			</Placemark>
			<Placemark id="0687388B3B3EE1CD9E74">
				<gx:mid>/g/11cn6hgz4g</gx:mid>
				<gx:fid>0xd634229d5e0c595:0xa5260d0c8b6184d3</gx:fid>
				<LookAt>
					<longitude>-0.981955</longitude>
					<latitude>37.5998321</latitude>
					<altitude>0</altitude>
					<heading>0</heading>
					<tilt>0</tilt>
					<gx:fovy>35</gx:fovy>
					<range>816.2452465938953</range>
					<altitudeMode>relativeToGround</altitudeMode>
				</LookAt>
				<styleUrl>#__managed_style_1F00F1C52540DE0D9CB4</styleUrl>
				<Point>
					<altitudeMode>relativeToGround</altitudeMode>
					<coordinates>-0.9819549999999999,37.5998321,0</coordinates>
				</Point>
			</Placemark>
			<Placemark id="09139A62F23EE1CE5A99">
				<gx:mid>/g/11bwc15td7</gx:mid>
				<gx:fid>0xd6343d656c8acd1:0x5ca9e1197660b5ca</gx:fid>
				<LookAt>
					<longitude>-0.9841937000000001</longitude>
					<latitude>37.5844324</latitude>
					<altitude>0</altitude>
					<heading>0</heading>
					<tilt>0</tilt>
					<gx:fovy>35</gx:fovy>
					<range>816.4306241604834</range>
					<altitudeMode>relativeToGround</altitudeMode>
				</LookAt>
				<styleUrl>#__managed_style_1DAAFA570140DE0D9CB3</styleUrl>
				<Point>
					<altitudeMode>relativeToGround</altitudeMode>
					<coordinates>-0.9841936999999999,37.5844324,0</coordinates>
				</Point>
			</Placemark>
			<Placemark id="0E3F92ED613EE1CEBD7F">
				<gx:mid>/g/11gwmk6n_n</gx:mid>
				<gx:fid>0xd6343c2e7a4c435:0x12869223c2357bd2</gx:fid>
				<LookAt>
					<longitude>-0.9898842000000001</longitude>
					<latitude>37.5837345</latitude>
					<altitude>0</altitude>
					<heading>0</heading>
					<tilt>0</tilt>
					<gx:fovy>35</gx:fovy>
					<range>816.4390239267085</range>
					<altitudeMode>relativeToGround</altitudeMode>
				</LookAt>
				<styleUrl>#__managed_style_1DAAFA570140DE0D9CB3</styleUrl>
				<Point>
					<altitudeMode>relativeToGround</altitudeMode>
					<coordinates>-0.9898842,37.5837345,0</coordinates>
				</Point>
			</Placemark>
			<Placemark id="01F56F6AF93EE1CF2B41">
				<gx:mid>/g/11h8gqv8nk</gx:mid>
				<gx:fid>0xd6343891c601a63:0x8ec8f716bba71e93</gx:fid>
				<LookAt>
					<longitude>-0.9936501</longitude>
					<latitude>37.5895792</latitude>
					<altitude>0</altitude>
					<heading>0</heading>
					<tilt>0</tilt>
					<gx:fovy>35</gx:fovy>
					<range>816.3686747690243</range>
					<altitudeMode>relativeToGround</altitudeMode>
				</LookAt>
				<styleUrl>#__managed_style_1DAAFA570140DE0D9CB3</styleUrl>
				<Point>
					<altitudeMode>relativeToGround</altitudeMode>
					<coordinates>-0.9936501,37.5895792,0</coordinates>
				</Point>
			</Placemark>
			<Placemark id="0FEF1810113EE1CF4D86">
				<gx:mid>/g/11ksgcg8z</gx:mid>
				<gx:fid>0xd6343ccf0c75b6b:0xcb76b06f430a0c50</gx:fid>
				<LookAt>
					<longitude>-0.9946837999999998</longitude>
					<latitude>37.5896109</latitude>
					<altitude>0</altitude>
					<heading>0</heading>
					<tilt>0</tilt>
					<gx:fovy>35</gx:fovy>
					<range>816.3682931923415</range>
					<altitudeMode>relativeToGround</altitudeMode>
				</LookAt>
				<styleUrl>#__managed_style_0833D987D240DE0D9CB1</styleUrl>
				<Point>
					<altitudeMode>relativeToGround</altitudeMode>
					<coordinates>-0.9946838000000001,37.5896109,0</coordinates>
				</Point>
			</Placemark>
			<Placemark id="0A960081AB3EE1CF7CFF">
				<gx:mid>/g/11b41lz0g</gx:mid>
				<gx:fid>0xd6342457ccf3e0b:0x9017a83c04cb8dfa</gx:fid>
				<LookAt>
					<longitude>-1.0087802</longitude>
					<latitude>37.602646</latitude>
					<altitude>0</altitude>
					<heading>0</heading>
					<tilt>0</tilt>
					<gx:fovy>35</gx:fovy>
					<range>816.2113673438962</range>
					<altitudeMode>relativeToGround</altitudeMode>
				</LookAt>
				<styleUrl>#__managed_style_0833D987D240DE0D9CB1</styleUrl>
				<Point>
					<altitudeMode>relativeToGround</altitudeMode>
					<coordinates>-1.0088569,37.6027687,0</coordinates>
				</Point>
			</Placemark>
			<Placemark id="08B220C4703EE1CFB7C6">
				<gx:mid>/g/122l88bc</gx:mid>
				<gx:fid>0xd634354997e8e2f:0xf5e0ee3ecc657c35</gx:fid>
				<LookAt>
					<longitude>-0.9935622999999998</longitude>
					<latitude>37.6154268</latitude>
					<altitude>0</altitude>
					<heading>0</heading>
					<tilt>0</tilt>
					<gx:fovy>35</gx:fovy>
					<range>816.057462667174</range>
					<altitudeMode>relativeToGround</altitudeMode>
				</LookAt>
				<styleUrl>#__managed_style_1D16B8BDC340DE0D9CB8</styleUrl>
				<Point>
					<altitudeMode>relativeToGround</altitudeMode>
					<coordinates>-0.9935623,37.6154268,0</coordinates>
				</Point>
			</Placemark>
			<Placemark id="04F5E4908F3EE1D00578">
				<gx:mid>/g/11r80v1v3</gx:mid>
				<gx:fid>0xd634321b94eac49:0xc88a56b0dec41b5d</gx:fid>
				<LookAt>
					<longitude>-1.0408718</longitude>
					<latitude>37.5880055</latitude>
					<altitude>0</altitude>
					<heading>0</heading>
					<tilt>0</tilt>
					<gx:fovy>35</gx:fovy>
					<range>816.3876172752492</range>
					<altitudeMode>relativeToGround</altitudeMode>
				</LookAt>
				<styleUrl>#__managed_style_0833D987D240DE0D9CB1</styleUrl>
				<Point>
					<altitudeMode>relativeToGround</altitudeMode>
					<coordinates>-1.0408718,37.5880055,0</coordinates>
				</Point>
			</Placemark>
			<Placemark id="09647EF6E73EE1D0486C">
				<gx:mid>/g/11g68z8n0m</gx:mid>
				<gx:fid>0xd63425f4f37563f:0x6b1322a0f5bf6b9c</gx:fid>
				<LookAt>
					<longitude>-1.0457913</longitude>
					<latitude>37.5890643</latitude>
					<altitude>0</altitude>
					<heading>0</heading>
					<tilt>0</tilt>
					<gx:fovy>35</gx:fovy>
					<range>816.3748726474055</range>
					<altitudeMode>relativeToGround</altitudeMode>
				</LookAt>
				<styleUrl>#__managed_style_1DAAFA570140DE0D9CB3</styleUrl>
				<Point>
					<altitudeMode>relativeToGround</altitudeMode>
					<coordinates>-1.0457913,37.5890643,0</coordinates>
				</Point>
			</Placemark>
			<Placemark id="00F50E805B3EE1D92358">
				<gx:mid>/g/11bxfxzjv3</gx:mid>
				<gx:fid>0xd71fccb73317c71:0xe7182c419edae537</gx:fid>
				<LookAt>
					<longitude>-3.587875300000001</longitude>
					<latitude>37.184737</latitude>
					<altitude>0</altitude>
					<heading>0</heading>
					<tilt>0</tilt>
					<gx:fovy>35</gx:fovy>
					<range>821.2217337787968</range>
					<altitudeMode>relativeToGround</altitudeMode>
				</LookAt>
				<styleUrl>#__managed_style_1DAAFA570140DE0D9CB3</styleUrl>
				<Point>
					<altitudeMode>relativeToGround</altitudeMode>
					<coordinates>-3.5878753,37.184737,0</coordinates>
				</Point>
			</Placemark>
			<Placemark id="088B106BE33EE1D97CF3">
				<gx:mid>/g/11q45jghn6</gx:mid>
				<gx:fid>0xd71fd01c5637c77:0xbb9cdc7ebb4fd8d0</gx:fid>
				<LookAt>
					<longitude>-3.5826946</longitude>
					<latitude>37.1846685</latitude>
					<altitude>0</altitude>
					<heading>0</heading>
					<tilt>0</tilt>
					<gx:fovy>35</gx:fovy>
					<range>821.222551517275</range>
					<altitudeMode>relativeToGround</altitudeMode>
				</LookAt>
				<styleUrl>#__managed_style_1DAAFA570140DE0D9CB3</styleUrl>
				<Point>
					<altitudeMode>relativeToGround</altitudeMode>
					<coordinates>-3.5826946,37.1846685,0</coordinates>
				</Point>
			</Placemark>
			<Placemark id="0A966D347F3EE1D9A6CF">
				<gx:mid>/g/11smv12vwk</gx:mid>
				<gx:fid>0xd71fd53782b890d:0x8cb448094a54994c</gx:fid>
				<LookAt>
					<longitude>-3.583372</longitude>
					<latitude>37.18302800000001</latitude>
					<altitude>0</altitude>
					<heading>0</heading>
					<tilt>0</tilt>
					<gx:fovy>35</gx:fovy>
					<range>821.2421351129956</range>
					<altitudeMode>relativeToGround</altitudeMode>
				</LookAt>
				<styleUrl>#__managed_style_1DAAFA570140DE0D9CB3</styleUrl>
				<Point>
					<altitudeMode>relativeToGround</altitudeMode>
					<coordinates>-3.583371999999999,37.183028,0</coordinates>
				</Point>
			</Placemark>
			<Placemark id="02D5F30C753EE1D9E931">
				<gx:mid>/g/11fxvphvvn</gx:mid>
				<gx:fid>0xd71fccba9641183:0xfdb5104778a4b1fe</gx:fid>
				<LookAt>
					<longitude>-3.5842153</longitude>
					<latitude>37.18312909999999</latitude>
					<altitude>0</altitude>
					<heading>0</heading>
					<tilt>0</tilt>
					<gx:fovy>35</gx:fovy>
					<range>821.2409282431004</range>
					<altitudeMode>relativeToGround</altitudeMode>
				</LookAt>
				<styleUrl>#__managed_style_0833D987D240DE0D9CB1</styleUrl>
				<Point>
					<altitudeMode>relativeToGround</altitudeMode>
					<coordinates>-3.5842153,37.1831291,0</coordinates>
				</Point>
			</Placemark>
			<Placemark id="07E5D8BCEF3EE1DA1A41">
				<gx:mid>/g/11w1x27d7b</gx:mid>
				<gx:fid>0xd71fd000f6eeed7:0xb6e7cb20a75265c2</gx:fid>
				<LookAt>
					<longitude>-3.5839389</longitude>
					<latitude>37.1827186</latitude>
					<altitude>0</altitude>
					<heading>0</heading>
					<tilt>0</tilt>
					<gx:fovy>35</gx:fovy>
					<range>821.245828525096</range>
					<altitudeMode>relativeToGround</altitudeMode>
				</LookAt>
				<styleUrl>#__managed_style_1DAAFA570140DE0D9CB3</styleUrl>
				<Point>
					<altitudeMode>relativeToGround</altitudeMode>
					<coordinates>-3.583938899999999,37.1827186,0</coordinates>
				</Point>
			</Placemark>
			<Placemark id="058F959C393EE1DA97AF">
				<gx:mid>/m/0cz6vy</gx:mid>
				<gx:fid>0xd71fcb685f6b89b:0x19c4c6354256fd55</gx:fid>
				<LookAt>
					<longitude>-3.585477700000001</longitude>
					<latitude>37.1780017</latitude>
					<altitude>0</altitude>
					<heading>0</heading>
					<tilt>0</tilt>
					<gx:fovy>35</gx:fovy>
					<range>821.3021328286455</range>
					<altitudeMode>relativeToGround</altitudeMode>
				</LookAt>
				<styleUrl>#__managed_style_0833D987D240DE0D9CB1</styleUrl>
				<Point>
					<altitudeMode>relativeToGround</altitudeMode>
					<coordinates>-3.5854777,37.1780017,0</coordinates>
				</Point>
			</Placemark>
			<Placemark id="098D402F563EE1DAC2B4">
				<gx:mid>/g/120tb1tv</gx:mid>
				<gx:fid>0xd71fcb577f5cdc7:0xa10b39509e6764f3</gx:fid>
				<LookAt>
					<longitude>-3.583738000000001</longitude>
					<latitude>37.1783067</latitude>
					<altitude>0</altitude>
					<heading>0</heading>
					<tilt>0</tilt>
					<gx:fovy>35</gx:fovy>
					<range>821.2984922955991</range>
					<altitudeMode>relativeToGround</altitudeMode>
				</LookAt>
				<styleUrl>#__managed_style_0833D987D240DE0D9CB1</styleUrl>
				<Point>
					<altitudeMode>relativeToGround</altitudeMode>
					<coordinates>-3.5836138,37.1782481,0</coordinates>
				</Point>
			</Placemark>
			<Placemark id="0F7114718B3EE1DB76E6">
				<gx:mid>/g/11gvs2nzj7</gx:mid>
				<gx:fid>0xd71fdbb4870b975:0x95909b9658e13f6b</gx:fid>
				<LookAt>
					<longitude>-3.5903849</longitude>
					<latitude>37.1785907</latitude>
					<altitude>0</altitude>
					<heading>0</heading>
					<tilt>0</tilt>
					<gx:fovy>35</gx:fovy>
					<range>821.2951024015887</range>
					<altitudeMode>relativeToGround</altitudeMode>
				</LookAt>
				<styleUrl>#__managed_style_33A66D2EAC40DE0D9CB8</styleUrl>
				<Point>
					<altitudeMode>relativeToGround</altitudeMode>
					<coordinates>-3.5903849,37.1785907,0</coordinates>
				</Point>
			</Placemark>
			<Placemark id="0C3112D0893EE1DBB90C">
				<gx:mid>/g/1v6pb5ys</gx:mid>
				<gx:fid>0xd71fcb80d4d1fe5:0xc9f5c64f85fab34e</gx:fid>
				<LookAt>
					<longitude>-3.5928579</longitude>
					<latitude>37.1783098</latitude>
					<altitude>0</altitude>
					<heading>0</heading>
					<tilt>0</tilt>
					<gx:fovy>35</gx:fovy>
					<range>821.2984552933422</range>
					<altitudeMode>relativeToGround</altitudeMode>
				</LookAt>
				<styleUrl>#__managed_style_0833D987D240DE0D9CB1</styleUrl>
				<Point>
					<altitudeMode>relativeToGround</altitudeMode>
					<coordinates>-3.5928579,37.1783098,0</coordinates>
				</Point>
			</Placemark>
			<Placemark id="09045C58773EE1DC4584">
				<name>Carrera del Darro</name>
				<LookAt>
					<longitude>-3.588186184220495</longitude>
					<latitude>37.17883646848922</latitude>
					<altitude>711.0769037712237</altitude>
					<heading>7.193658837371768</heading>
					<tilt>0</tilt>
					<gx:fovy>35</gx:fovy>
					<range>415.2168188729411</range>
					<altitudeMode>absolute</altitudeMode>
				</LookAt>
				<styleUrl>#__managed_style_0E97152A3F40DE0D9CB8</styleUrl>
				<LineString>
					<coordinates>
						-3.594965982910645,37.17744606617931,0 -3.594228906799459,37.17789525500113,0 -3.593636739734316,37.17805616413876,0 -3.592824941955757,37.17832891642917,0 -3.592510290080422,37.1784946019952,0 -3.592140379440463,37.17856712554028,0 -3.591624083566909,37.17863325070915,0 -3.590416620087067,37.17876469691665,0 -3.590348121325624,37.17871318106359,0 -3.589662198430741,37.1786878658065,0 -3.589352179167969,37.17882623581024,0 -3.588628253837818,37.1791292256779,0 -3.588407352128054,37.17917296738657,0 
					</coordinates>
				</LineString>
			</Placemark>
			<Placemark id="0A1BE1EFA63EE1DCB7B8">
				<gx:mid>/g/11b75j7nr7</gx:mid>
				<gx:fid>0xd71fcc77ea944d3:0x2f283751b068904c</gx:fid>
				<LookAt>
					<longitude>-3.5942253</longitude>
					<latitude>37.178979</latitude>
					<altitude>0</altitude>
					<heading>0</heading>
					<tilt>0</tilt>
					<gx:fovy>35</gx:fovy>
					<range>821.2904675248924</range>
					<altitudeMode>relativeToGround</altitudeMode>
				</LookAt>
				<styleUrl>#__managed_style_1DAAFA570140DE0D9CB3</styleUrl>
				<Point>
					<altitudeMode>relativeToGround</altitudeMode>
					<coordinates>-3.5942253,37.178979,0</coordinates>
				</Point>
			</Placemark>
			<Placemark id="04F085DA543EE1DD045C">
				<gx:mid>/g/11xy2kbsb</gx:mid>
				<gx:fid>0xd71fcbf4fcbdc81:0x511a6013ba4beea4</gx:fid>
				<LookAt>
					<longitude>-3.5968339</longitude>
					<latitude>37.17789200000001</latitude>
					<altitude>0</altitude>
					<heading>0</heading>
					<tilt>0</tilt>
					<gx:fovy>35</gx:fovy>
					<range>821.3034422213179</range>
					<altitudeMode>relativeToGround</altitudeMode>
				</LookAt>
				<styleUrl>#__managed_style_0833D987D240DE0D9CB1</styleUrl>
				<Point>
					<altitudeMode>relativeToGround</altitudeMode>
					<coordinates>-3.5968339,37.177892,0</coordinates>
				</Point>
			</Placemark>
			<Placemark id="06A231D21A3EE1DD5897">
				<name>Calle Calderería Nueva</name>
				<LookAt>
					<longitude>-3.596796534812765</longitude>
					<latitude>37.17786317702621</latitude>
					<altitude>704.4961513117399</altitude>
					<heading>0</heading>
					<tilt>0</tilt>
					<gx:fovy>35</gx:fovy>
					<range>182.7258311013975</range>
					<altitudeMode>absolute</altitudeMode>
				</LookAt>
				<styleUrl>#__managed_style_0E97152A3F40DE0D9CB8</styleUrl>
				<LineString>
					<coordinates>
						-3.59623180651525,37.1780078492522,0 -3.596784692601603,37.17790313913776,0 -3.597592545010132,37.17769234714813,0 
					</coordinates>
				</LineString>
			</Placemark>
			<Placemark id="0D136B32AE3EE1DDC050">
				<gx:mid>/g/11b6vgk1rd</gx:mid>
				<gx:fid>0xd71fcc0bddb0e71:0xd10cd978511aa233</gx:fid>
				<LookAt>
					<longitude>-3.5977855</longitude>
					<latitude>37.1795414</latitude>
					<altitude>0</altitude>
					<heading>0</heading>
					<tilt>0</tilt>
					<gx:fovy>35</gx:fovy>
					<range>821.2837544673555</range>
					<altitudeMode>relativeToGround</altitudeMode>
				</LookAt>
				<styleUrl>#__managed_style_1DAAFA570140DE0D9CB3</styleUrl>
				<Point>
					<altitudeMode>relativeToGround</altitudeMode>
					<coordinates>-3.597785499999999,37.1795414,0</coordinates>
				</Point>
			</Placemark>
			<Placemark id="06D9D38B5C3EE1DDF814">
				<gx:mid>/g/11b7j_mn8g</gx:mid>
				<gx:fid>0xd71fcc0ddadbd4f:0x3f7d4b8055f9fbef</gx:fid>
				<LookAt>
					<longitude>-3.5976401</longitude>
					<latitude>37.18067670000001</latitude>
					<altitude>0</altitude>
					<heading>0</heading>
					<tilt>0</tilt>
					<gx:fovy>35</gx:fovy>
					<range>821.2702027820523</range>
					<altitudeMode>relativeToGround</altitudeMode>
				</LookAt>
				<styleUrl>#__managed_style_1DAAFA570140DE0D9CB3</styleUrl>
				<Point>
					<altitudeMode>relativeToGround</altitudeMode>
					<coordinates>-3.5976401,37.1806767,0</coordinates>
				</Point>
			</Placemark>
			<Placemark id="040F26E5943EE1DED534">
				<gx:mid>/g/11b6hvzsr3</gx:mid>
				<gx:fid>0xd71fcc7c9e8cf95:0x59be6c3e219b6498</gx:fid>
				<LookAt>
					<longitude>-3.5926637</longitude>
					<latitude>37.1811058</latitude>
					<altitude>0</altitude>
					<heading>0</heading>
					<tilt>0</tilt>
					<gx:fovy>35</gx:fovy>
					<range>821.2650806803283</range>
					<altitudeMode>relativeToGround</altitudeMode>
				</LookAt>
				<styleUrl>#__managed_style_1DAAFA570140DE0D9CB3</styleUrl>
				<Point>
					<altitudeMode>relativeToGround</altitudeMode>
					<coordinates>-3.592663699999999,37.1811058,0</coordinates>
				</Point>
			</Placemark>
			<Placemark id="00C2E1AA2F3EE1DF1FEF">
				<gx:mid>/g/11cs178s95</gx:mid>
				<gx:fid>0xd71fcc72232556b:0xb53102124616283f</gx:fid>
				<LookAt>
					<longitude>-3.5952534</longitude>
					<latitude>37.18088900000001</latitude>
					<altitude>0</altitude>
					<heading>0</heading>
					<tilt>0</tilt>
					<gx:fovy>35</gx:fovy>
					<range>821.2676685947719</range>
					<altitudeMode>relativeToGround</altitudeMode>
				</LookAt>
				<styleUrl>#__managed_style_0833D987D240DE0D9CB1</styleUrl>
				<Point>
					<altitudeMode>relativeToGround</altitudeMode>
					<coordinates>-3.595377114379104,37.18103714293726,0</coordinates>
				</Point>
			</Placemark>
			<Placemark id="09017879C73EE1DF793F">
				<gx:mid>/g/11bw2j5lcz</gx:mid>
				<gx:fid>0xd71fcc6b0ff303b:0x69dc096418277b95</gx:fid>
				<LookAt>
					<longitude>-3.5959984</longitude>
					<latitude>37.1831024</latitude>
					<altitude>0</altitude>
					<heading>0</heading>
					<tilt>0</tilt>
					<gx:fovy>35</gx:fovy>
					<range>821.2412469715964</range>
					<altitudeMode>relativeToGround</altitudeMode>
				</LookAt>
				<styleUrl>#__managed_style_1DAAFA570140DE0D9CB3</styleUrl>
				<Point>
					<altitudeMode>relativeToGround</altitudeMode>
					<coordinates>-3.5960079,37.1831238,0</coordinates>
				</Point>
			</Placemark>
			<Placemark id="0642450B733EE1E0EC31">
				<gx:mid>/g/11c2pwj8v8</gx:mid>
				<gx:fid>0xd71fcbe4f1a6951:0x6ea54509467dbbf8</gx:fid>
				<LookAt>
					<longitude>-3.5997944</longitude>
					<latitude>37.1751705</latitude>
					<altitude>0</altitude>
					<heading>0</heading>
					<tilt>0</tilt>
					<gx:fovy>35</gx:fovy>
					<range>821.3359254298822</range>
					<altitudeMode>relativeToGround</altitudeMode>
				</LookAt>
				<styleUrl>#__managed_style_0833D987D240DE0D9CB1</styleUrl>
				<Point>
					<altitudeMode>relativeToGround</altitudeMode>
					<coordinates>-3.5997944,37.1751705,0</coordinates>
				</Point>
			</Placemark>
			<Placemark id="0F9D2BE6203EE1E1A107">
				<gx:mid>/g/1210xpkb</gx:mid>
				<gx:fid>0xd71fcbfb3b383d5:0x88d92d52cc46f3f</gx:fid>
				<LookAt>
					<longitude>-3.599834200000001</longitude>
					<latitude>37.1761339</latitude>
					<altitude>0</altitude>
					<heading>0</heading>
					<tilt>0</tilt>
					<gx:fovy>35</gx:fovy>
					<range>821.3244267141051</range>
					<altitudeMode>relativeToGround</altitudeMode>
				</LookAt>
				<styleUrl>#__managed_style_0833D987D240DE0D9CB1</styleUrl>
				<Point>
					<altitudeMode>relativeToGround</altitudeMode>
					<coordinates>-3.599824485179476,37.17605677839533,0</coordinates>
				</Point>
			</Placemark>
			<Placemark id="07B885385D3EE1E1C894">
				<gx:mid>/m/0gkmcf</gx:mid>
				<gx:fid>0xd71fcbfb1836ba9:0x70fefb4be53951c2</gx:fid>
				<LookAt>
					<longitude>-3.5990649</longitude>
					<latitude>37.17659059999999</latitude>
					<altitude>0</altitude>
					<heading>0</heading>
					<tilt>0</tilt>
					<gx:fovy>35</gx:fovy>
					<range>821.3189756652076</range>
					<altitudeMode>relativeToGround</altitudeMode>
				</LookAt>
				<styleUrl>#__managed_style_16528C8C7A40DE0D9CB7</styleUrl>
				<Point>
					<altitudeMode>relativeToGround</altitudeMode>
					<coordinates>-3.5990649,37.1765906,0</coordinates>
				</Point>
			</Placemark>
			<Placemark id="0E6049B3203EE1E32C0F">
				<name>שדרה מרכזית</name>
				<LookAt>
					<longitude>-3.599461369172713</longitude>
					<latitude>37.17423806067235</latitude>
					<altitude>698.2276744524198</altitude>
					<heading>0</heading>
					<tilt>0</tilt>
					<gx:fovy>35</gx:fovy>
					<range>531.2484240774212</range>
					<altitudeMode>absolute</altitudeMode>
				</LookAt>
				<styleUrl>#__managed_style_0E97152A3F40DE0D9CB8</styleUrl>
				<LineString>
					<coordinates>
						-3.600052052935295,37.17597912249536,0 -3.601012065694953,37.17562253591204,0 -3.600564909578978,37.17477317741759,0 -3.600315433346266,37.17430570512035,0 -3.600085414206101,37.17396441491399,0 -3.59970355225673,37.17369034420507,0 
					</coordinates>
				</LineString>
			</Placemark>
			<Placemark id="08FE4D36193EE1E4A7C0">
				<gx:mid>/g/11qnj7lq92</gx:mid>
				<gx:fid>0xd71fda55d5ce9ef:0x4d240fff435f0f4f</gx:fid>
				<LookAt>
					<longitude>-3.587101699999999</longitude>
					<latitude>37.172467</latitude>
					<altitude>0</altitude>
					<heading>0</heading>
					<tilt>0</tilt>
					<gx:fovy>35</gx:fovy>
					<range>821.368191986773</range>
					<altitudeMode>relativeToGround</altitudeMode>
				</LookAt>
				<styleUrl>#__managed_style_1F00F1C52540DE0D9CB4</styleUrl>
				<Point>
					<altitudeMode>relativeToGround</altitudeMode>
					<coordinates>-3.5871017,37.172467,0</coordinates>
				</Point>
			</Placemark>
			<Placemark id="0B7FC5A4CA3EE1E4EDB4">
				<gx:mid>/g/11c3287kpz</gx:mid>
				<gx:fid>0xd71fcb163124b8b:0x75d33b05da9a3a8c</gx:fid>
				<LookAt>
					<longitude>-3.586555000000001</longitude>
					<latitude>37.171659</latitude>
					<altitude>0</altitude>
					<heading>0</heading>
					<tilt>0</tilt>
					<gx:fovy>35</gx:fovy>
					<range>821.3778352020377</range>
					<altitudeMode>relativeToGround</altitudeMode>
				</LookAt>
				<styleUrl>#__managed_style_1DAAFA570140DE0D9CB3</styleUrl>
				<Point>
					<altitudeMode>relativeToGround</altitudeMode>
					<coordinates>-3.586555,37.171659,0</coordinates>
				</Point>
			</Placemark>
			<Placemark id="0164BE613D3EE1E60BE0">
				<gx:mid>/g/11b6hvzdq4</gx:mid>
				<gx:fid>0xd71e36c28385e91:0xc4e2c16de53446b7</gx:fid>
				<LookAt>
					<longitude>-3.553959499999999</longitude>
					<latitude>37.1746063</latitude>
					<altitude>0</altitude>
					<heading>0</heading>
					<tilt>0</tilt>
					<gx:fovy>35</gx:fovy>
					<range>821.3426593650063</range>
					<altitudeMode>relativeToGround</altitudeMode>
				</LookAt>
				<styleUrl>#__managed_style_1F00F1C52540DE0D9CB4</styleUrl>
				<Point>
					<altitudeMode>relativeToGround</altitudeMode>
					<coordinates>-3.5539595,37.1746063,0</coordinates>
				</Point>
			</Placemark>
			<Placemark id="0B6DFE53E63EE1E65281">
				<gx:mid>/g/121s42k4</gx:mid>
				<gx:fid>0xd71fc9e5b7a5363:0x272a959cff704795</gx:fid>
				<LookAt>
					<longitude>-3.60576485</longitude>
					<latitude>37.16288180000001</latitude>
					<altitude>0</altitude>
					<heading>0</heading>
					<tilt>0</tilt>
					<gx:fovy>35</gx:fovy>
					<range>821.4825778370562</range>
					<altitudeMode>relativeToGround</altitudeMode>
				</LookAt>
				<styleUrl>#__managed_style_1D16B8BDC340DE0D9CB8</styleUrl>
				<Point>
					<altitudeMode>relativeToGround</altitudeMode>
					<coordinates>-3.6068027,37.1624608,0</coordinates>
				</Point>
			</Placemark>
			<Placemark id="04332A0B713EE4498FAF">
				<gx:mid>/g/11yjndl14c</gx:mid>
				<gx:fid>0xd7225005efa0b3d:0x91833e1558968b86</gx:fid>
				<LookAt>
					<longitude>-3.8941819</longitude>
					<latitude>36.7900163</latitude>
					<altitude>0</altitude>
					<heading>0</heading>
					<tilt>0</tilt>
					<gx:fovy>35</gx:fovy>
					<range>825.9145722318356</range>
					<altitudeMode>relativeToGround</altitudeMode>
				</LookAt>
				<styleUrl>#__managed_style_1DAAFA570140DE0D9CB3</styleUrl>
				<Point>
					<altitudeMode>relativeToGround</altitudeMode>
					<coordinates>-3.8941819,36.7900163,0</coordinates>
				</Point>
			</Placemark>
			<Placemark id="0F2E1F88A33EE449E5B0">
				<gx:mid>/g/11fs7xy48s</gx:mid>
				<gx:fid>0xd722550922f017f:0xf888f5c807bd4091</gx:fid>
				<LookAt>
					<longitude>-3.894488</longitude>
					<latitude>36.7901886</latitude>
					<altitude>0</altitude>
					<heading>0</heading>
					<tilt>0</tilt>
					<gx:fovy>35</gx:fovy>
					<range>825.9125321824265</range>
					<altitudeMode>relativeToGround</altitudeMode>
				</LookAt>
				<styleUrl>#__managed_style_1DAAFA570140DE0D9CB3</styleUrl>
				<Point>
					<altitudeMode>relativeToGround</altitudeMode>
					<coordinates>-3.8945357,36.7901955,0</coordinates>
				</Point>
			</Placemark>
			<Placemark id="064955D98C3EE44B1E06">
				<gx:mid>/g/11fn8py07b</gx:mid>
				<gx:fid>0xd7224afef780a61:0xd82a66288257a8b4</gx:fid>
				<LookAt>
					<longitude>-3.896936</longitude>
					<latitude>36.7940341</latitude>
					<altitude>0</altitude>
					<heading>0</heading>
					<tilt>0</tilt>
					<gx:fovy>35</gx:fovy>
					<range>825.8669991530143</range>
					<altitudeMode>relativeToGround</altitudeMode>
				</LookAt>
				<styleUrl>#__managed_style_0833D987D240DE0D9CB1</styleUrl>
				<Point>
					<altitudeMode>relativeToGround</altitudeMode>
					<coordinates>-3.896936,36.7940341,0</coordinates>
				</Point>
			</Placemark>
			<Placemark id="087707687B3EE44BEB01">
				<name>שדרה מרכזית</name>
				<LookAt>
					<longitude>-3.896281966522844</longitude>
					<latitude>36.7919585023351</latitude>
					<altitude>327.005626588251</altitude>
					<heading>0</heading>
					<tilt>0</tilt>
					<gx:fovy>35.01427926498245</gx:fovy>
					<range>509.5288347829774</range>
					<altitudeMode>absolute</altitudeMode>
				</LookAt>
				<styleUrl>#__managed_style_1F58907B1B40DE0D9CBF</styleUrl>
				<LineString>
					<coordinates>
						-3.899244893726151,36.79396897964131,0 -3.899122869704394,36.7937186131055,0 -3.899097586829461,36.79335983189614,0 -3.898908984104903,36.79303491253588,0 -3.898558725468668,36.79276908787195,0 -3.898289749528807,36.7925170958867,0 -3.898108880622715,36.79236544238056,0 -3.897833536392779,36.79228565802358,0 -3.89769343517643,36.79215882222564,0 -3.897478506918089,36.79217667471122,0 -3.897302865472132,36.792099026804,0 -3.897145710872828,36.79202912425939,0 -3.896936883914153,36.79197625564439,0 -3.896815041624015,36.79180658726238,0 -3.896826646824936,36.79158489304991,0 -3.896689582004262,36.79152081486141,0 -3.896626711759303,36.79158402018784,0 -3.896480586401798,36.79168457802217,0 -3.896271895141505,36.79172454598221,0 -3.896095399982018,36.79176518515762,0 -3.895987870325968,36.79176702709244,0 -3.895745347016444,36.79164367606307,0 -3.895522234770855,36.79147769354074,0 
					</coordinates>
				</LineString>
			</Placemark>
			<Placemark id="0D147F8B183EE44D1E30">
				<gx:mid>/g/11qpxnnrvl</gx:mid>
				<gx:fid>0xd7225ab5a1501e5:0xae3f9112b202b3c4</gx:fid>
				<LookAt>
					<longitude>-3.8930245</longitude>
					<latitude>36.7869454</latitude>
					<altitude>0</altitude>
					<heading>0</heading>
					<tilt>0</tilt>
					<gx:fovy>35</gx:fovy>
					<range>825.9509307598403</range>
					<altitudeMode>relativeToGround</altitudeMode>
				</LookAt>
				<styleUrl>#__managed_style_1DAAFA570140DE0D9CB3</styleUrl>
				<Point>
					<altitudeMode>relativeToGround</altitudeMode>
					<coordinates>-3.8931441,36.7869124,0</coordinates>
				</Point>
			</Placemark>
			<Placemark id="0312A73CE93EE44DCE44">
				<gx:mid>/g/11j0vbpg2v</gx:mid>
				<gx:fid>0xd723b3943d6064f:0xba7d715e269ed498</gx:fid>
				<LookAt>
					<longitude>-3.9031914</longitude>
					<latitude>36.7964627</latitude>
					<altitude>0</altitude>
					<heading>0</heading>
					<tilt>0</tilt>
					<gx:fovy>35</gx:fovy>
					<range>825.8382411762484</range>
					<altitudeMode>relativeToGround</altitudeMode>
				</LookAt>
				<styleUrl>#__managed_style_1DAAFA570140DE0D9CB3</styleUrl>
				<Point>
					<altitudeMode>relativeToGround</altitudeMode>
					<coordinates>-3.903191399999999,36.7964627,0</coordinates>
				</Point>
			</Placemark>
			<Placemark id="002A422CEB3EE450EE37">
				<name>Calle Molina Lario - רחוב מרכזי</name>
				<LookAt>
					<longitude>-4.420274313746077</longitude>
					<latitude>36.71883331473848</latitude>
					<altitude>33.16352354608</altitude>
					<heading>1.615868637975622</heading>
					<tilt>0</tilt>
					<gx:fovy>35</gx:fovy>
					<range>417.1339771815838</range>
					<altitudeMode>absolute</altitudeMode>
				</LookAt>
				<styleUrl>#__managed_style_0E97152A3F40DE0D9CB8</styleUrl>
				<LineString>
					<coordinates>
						-4.421512487311584,36.71836866363424,0 -4.421765975508308,36.72095009724364,0 -4.421702601931651,36.72125251420855,0 -4.421532030183535,36.72142307869358,0 -4.421071704201313,36.72177366265416,0 -4.42068095765939,36.72178252267758,0 -4.420320882485073,36.72169825508095,0 -4.42017497407355,36.72155414206436,0 -4.420063715117301,36.71969077219068,0 -4.420786069786432,36.71964835761818,0 -4.421663302921615,36.71989645070548,0 -4.421597307714285,36.71921689025481,0 -4.421170088574351,36.719272757181,0 -4.420911608893482,36.71933628609565,0 -4.420812769304169,36.71941422291646,0 -4.420365420610491,36.71936223819386,0 -4.419952139753943,36.71930312250632,0 -4.419882224823848,36.71876628748763,0 
					</coordinates>
				</LineString>
			</Placemark>
			<Placemark id="08A4BD09F93EE451A6C1">
				<gx:mid>/g/11bw44g_7j</gx:mid>
				<gx:fid>0xd72f7950daafe6d:0x21b1faedb3fc0b96</gx:fid>
				<LookAt>
					<longitude>-4.4202413</longitude>
					<latitude>36.720102</latitude>
					<altitude>0</altitude>
					<heading>0</heading>
					<tilt>0</tilt>
					<gx:fovy>35</gx:fovy>
					<range>826.7417550777503</range>
					<altitudeMode>relativeToGround</altitudeMode>
				</LookAt>
				<styleUrl>#__managed_style_0833D987D240DE0D9CB1</styleUrl>
				<Point>
					<altitudeMode>relativeToGround</altitudeMode>
					<coordinates>-4.420283134592551,36.72011117896285,0</coordinates>
				</Point>
			</Placemark>
			<Placemark id="04FD7B7CE83EE451E0FF">
				<gx:mid>/g/122jw_zs</gx:mid>
				<gx:fid>0xd72f795119e824b:0x2da7684bb7377154</gx:fid>
				<LookAt>
					<longitude>-4.419968</longitude>
					<latitude>36.7197188</latitude>
					<altitude>0</altitude>
					<heading>0</heading>
					<tilt>0</tilt>
					<gx:fovy>35</gx:fovy>
					<range>826.7462855109974</range>
					<altitudeMode>relativeToGround</altitudeMode>
				</LookAt>
				<styleUrl>#__managed_style_0833D987D240DE0D9CB1</styleUrl>
				<Point>
					<altitudeMode>relativeToGround</altitudeMode>
					<coordinates>-4.421651484313842,36.71982569486873,0</coordinates>
				</Point>
			</Placemark>
			<Placemark id="08AA98BD303EE4525E38">
				<gx:mid>/m/09gm5lb</gx:mid>
				<gx:fid>0xd72f79511cea98d:0xfcc3c279b06f19fa</gx:fid>
				<LookAt>
					<longitude>-4.419310600000001</longitude>
					<latitude>36.7201678</latitude>
					<altitude>0</altitude>
					<heading>0</heading>
					<tilt>0</tilt>
					<gx:fovy>35</gx:fovy>
					<range>826.7409771447716</range>
					<altitudeMode>relativeToGround</altitudeMode>
				</LookAt>
				<styleUrl>#__managed_style_16528C8C7A40DE0D9CB7</styleUrl>
				<Point>
					<altitudeMode>relativeToGround</altitudeMode>
					<coordinates>-4.4193106,36.7201678,0</coordinates>
				</Point>
			</Placemark>
			<Placemark id="04A09678223EE454700C">
				<gx:mid>/m/02738kx</gx:mid>
				<gx:fid>0xd72f7eaa0bb22c5:0x84699d6bbfb8b267</gx:fid>
				<LookAt>
					<longitude>-4.4158666</longitude>
					<latitude>36.7211348</latitude>
					<altitude>0</altitude>
					<heading>0</heading>
					<tilt>0</tilt>
					<gx:fovy>35</gx:fovy>
					<range>826.7295444795236</range>
					<altitudeMode>relativeToGround</altitudeMode>
				</LookAt>
				<styleUrl>#__managed_style_0833D987D240DE0D9CB1</styleUrl>
				<Point>
					<altitudeMode>relativeToGround</altitudeMode>
					<coordinates>-4.4158666,36.7211348,0</coordinates>
				</Point>
			</Placemark>
			<Placemark id="0C75E8F9EB3EE454C069">
				<gx:mid>/g/11fx7r7lxl</gx:mid>
				<gx:fid>0xd72f7ea6060db1d:0xae6f9ff636d5b356</gx:fid>
				<LookAt>
					<longitude>-4.415493000000001</longitude>
					<latitude>36.7205646</latitude>
					<altitude>0</altitude>
					<heading>0</heading>
					<tilt>0</tilt>
					<gx:fovy>35</gx:fovy>
					<range>826.7362858786635</range>
					<altitudeMode>relativeToGround</altitudeMode>
				</LookAt>
				<styleUrl>#__managed_style_0DB6A0BD0240DE0D9CBC</styleUrl>
				<Point>
					<altitudeMode>relativeToGround</altitudeMode>
					<coordinates>-4.415493,36.7205646,0</coordinates>
				</Point>
			</Placemark>
			<Placemark id="0CFDA4FCC93EE454FDD3">
				<gx:mid>/g/122whplk</gx:mid>
				<gx:fid>0xd72f7ea1644c3c1:0x7b612497b61a40da</gx:fid>
				<LookAt>
					<longitude>-4.414259200000001</longitude>
					<latitude>36.7206026</latitude>
					<altitude>0</altitude>
					<heading>0</heading>
					<tilt>0</tilt>
					<gx:fovy>35</gx:fovy>
					<range>826.7358366122107</range>
					<altitudeMode>relativeToGround</altitudeMode>
				</LookAt>
				<styleUrl>#__managed_style_1F00F1C52540DE0D9CB4</styleUrl>
				<Point>
					<altitudeMode>relativeToGround</altitudeMode>
					<coordinates>-4.4142592,36.7206026,0</coordinates>
				</Point>
			</Placemark>
			<Placemark id="09002948BA3EE45538EF">
				<gx:mid>/g/1jkw6k973</gx:mid>
				<gx:fid>0xd72f7c20dd50ffd:0xfd6d454c5145a650</gx:fid>
				<LookAt>
					<longitude>-4.408640699999999</longitude>
					<latitude>36.72289199999999</latitude>
					<altitude>0</altitude>
					<heading>0</heading>
					<tilt>0</tilt>
					<gx:fovy>35</gx:fovy>
					<range>826.7087688272308</range>
					<altitudeMode>relativeToGround</altitudeMode>
				</LookAt>
				<styleUrl>#__managed_style_1DAAFA570140DE0D9CB3</styleUrl>
				<Point>
					<altitudeMode>relativeToGround</altitudeMode>
					<coordinates>-4.408640699999999,36.722892,0</coordinates>
				</Point>
			</Placemark>
			<Placemark id="0E17EFC9EA3EE4558EC8">
				<gx:mid>/g/11vstxhd_w</gx:mid>
				<gx:fid>0xd72f700367d85dd:0x92db6e8e5363d78a</gx:fid>
				<LookAt>
					<longitude>-4.410434700000001</longitude>
					<latitude>36.7225935</latitude>
					<altitude>0</altitude>
					<heading>0</heading>
					<tilt>0</tilt>
					<gx:fovy>35</gx:fovy>
					<range>826.7122980939503</range>
					<altitudeMode>relativeToGround</altitudeMode>
				</LookAt>
				<styleUrl>#__managed_style_1DAAFA570140DE0D9CB3</styleUrl>
				<Point>
					<altitudeMode>relativeToGround</altitudeMode>
					<coordinates>-4.4104347,36.7225935,0</coordinates>
				</Point>
			</Placemark>
			<Placemark id="0366D8E0583EE455CBEE">
				<gx:mid>/g/11jspc4z7b</gx:mid>
				<gx:fid>0xd72f71643e072b3:0xb84bd48bdfdcac93</gx:fid>
				<LookAt>
					<longitude>-4.412080599999999</longitude>
					<latitude>36.7225294</latitude>
					<altitude>0</altitude>
					<heading>0</heading>
					<tilt>0</tilt>
					<gx:fovy>35</gx:fovy>
					<range>826.7130559670923</range>
					<altitudeMode>relativeToGround</altitudeMode>
				</LookAt>
				<styleUrl>#__managed_style_1DAAFA570140DE0D9CB3</styleUrl>
				<Point>
					<altitudeMode>relativeToGround</altitudeMode>
					<coordinates>-4.412080599999999,36.7225294,0</coordinates>
				</Point>
			</Placemark>
			<Placemark id="07EDFF29043EE4560D09">
				<gx:mid>/g/11vwy4pbj1</gx:mid>
				<gx:fid>0xd72f7006879c25d:0xf536c2f05e763d26</gx:fid>
				<LookAt>
					<longitude>-4.412734399999999</longitude>
					<latitude>36.7237436</latitude>
					<altitude>0</altitude>
					<heading>0</heading>
					<tilt>0</tilt>
					<gx:fovy>35</gx:fovy>
					<range>826.6986999497068</range>
					<altitudeMode>relativeToGround</altitudeMode>
				</LookAt>
				<styleUrl>#__managed_style_1DAAFA570140DE0D9CB3</styleUrl>
				<Point>
					<altitudeMode>relativeToGround</altitudeMode>
					<coordinates>-4.4127344,36.7237436,0</coordinates>
				</Point>
			</Placemark>
			<Placemark id="0EA6A422993EE45632F1">
				<gx:mid>/g/122wtrkp</gx:mid>
				<gx:fid>0xd72f7c2d298c359:0xc4350594f8ef2191</gx:fid>
				<LookAt>
					<longitude>-4.4113677</longitude>
					<latitude>36.72343740000001</latitude>
					<altitude>0</altitude>
					<heading>0</heading>
					<tilt>0</tilt>
					<gx:fovy>35</gx:fovy>
					<range>826.70232032078</range>
					<altitudeMode>relativeToGround</altitudeMode>
				</LookAt>
				<styleUrl>#__managed_style_0833D987D240DE0D9CB1</styleUrl>
				<Point>
					<altitudeMode>relativeToGround</altitudeMode>
					<coordinates>-4.4113677,36.7234374,0</coordinates>
				</Point>
			</Placemark>
			<Placemark id="0938C0A4363EE4568164">
				<gx:mid>/m/0wdsmrb</gx:mid>
				<gx:fid>0xd72f7e9ca4122a3:0x368055958b6dd542</gx:fid>
				<LookAt>
					<longitude>-4.4104057</longitude>
					<latitude>36.7206255</latitude>
					<altitude>0</altitude>
					<heading>0</heading>
					<tilt>0</tilt>
					<gx:fovy>35</gx:fovy>
					<range>826.7355658698849</range>
					<altitudeMode>relativeToGround</altitudeMode>
				</LookAt>
				<styleUrl>#__managed_style_0833D987D240DE0D9CB1</styleUrl>
				<Point>
					<altitudeMode>relativeToGround</altitudeMode>
					<coordinates>-4.4104057,36.7206255,0</coordinates>
				</Point>
			</Placemark>
			<Placemark id="0CBE4E2CF03EE456AEEB">
				<gx:mid>/g/11b6dlrpcl</gx:mid>
				<gx:fid>0xd72f7e8c598bacf:0x803b7c8f64e1ef37</gx:fid>
				<LookAt>
					<longitude>-4.410283499999999</longitude>
					<latitude>36.71705099999999</latitude>
					<altitude>0</altitude>
					<heading>0</heading>
					<tilt>0</tilt>
					<gx:fovy>35</gx:fovy>
					<range>826.7778249197089</range>
					<altitudeMode>relativeToGround</altitudeMode>
				</LookAt>
				<styleUrl>#__managed_style_338D6BD7BC40DE0D9CB4</styleUrl>
				<Point>
					<altitudeMode>relativeToGround</altitudeMode>
					<coordinates>-4.410283499999999,36.717051,0</coordinates>
				</Point>
			</Placemark>
			<Placemark id="00F32F708E3EE4598037">
				<name>טיילת</name>
				<LookAt>
					<longitude>-4.424267832357208</longitude>
					<latitude>36.69781990790437</latitude>
					<altitude>-0.7574339815866205</altitude>
					<heading>0.1207862193317977</heading>
					<tilt>0</tilt>
					<gx:fovy>35.5337430824377</gx:fovy>
					<range>4378.599335204344</range>
					<altitudeMode>absolute</altitudeMode>
				</LookAt>
				<styleUrl>#__managed_style_0E97152A3F40DE0D9CB8</styleUrl>
				<LineString>
					<coordinates>
						-4.445425527840607,36.6841703948925,0 -4.444929444909604,36.68503112971501,0 -4.444781036120645,36.68510393565465,0 -4.444321328478842,36.6858989671833,0 -4.444341556835312,36.68606233660866,0 -4.443937723868975,36.68673954518287,0 -4.443786476893841,36.68678345031493,0 -4.44328386175723,36.68764597550833,0 -4.443345788657817,36.68778070381301,0 -4.44277911037461,36.68867217592256,0 -4.442634267748176,36.68872322920068,0 -4.442025967993529,36.68978374868075,0 -4.442067143344208,36.68990850297383,0 -4.441900594263571,36.69018974421488,0 -4.441745904649923,36.6902516921825,0 -4.441532226279495,36.69063508253289,0 -4.441565582496374,36.69073232844773,0 -4.441132999269865,36.6914850853282,0 -4.440955064635478,36.6915787121733,0 -4.440523244974379,36.69233608236106,0 -4.440555479810779,36.69243694968029,0 -4.440406945506982,36.69271372232267,0 -4.440260202715595,36.69278587399628,0 -4.439784876328754,36.69356234485425,0 -4.439827545436911,36.69368132896821,0 -4.439606664285521,36.69399360356967,0 -4.439476766750683,36.69403851490866,0 -4.438968010667192,36.69478468843447,0 -4.438994645917656,36.69491408299103,0 -4.438781615896303,36.69521055604943,0 -4.438649500983514,36.69522683592751,0 -4.438087102644854,36.69598360968592,0 -4.438120168071521,36.69608605308105,0 -4.437515374190245,36.69694109242261,0 -4.437383101247077,36.69695334654038,0 -4.436836132758135,36.69773897440576,0 -4.43688439073512,36.69787566239828,0 -4.43666089228854,36.69815661729259,0 -4.436516474998154,36.69818099625819,0 -4.435959985846834,36.6989523313413,0 -4.435996129293569,36.69908292647602,0 -4.435555228076264,36.69969888973927,0 -4.435172154440401,36.69962016660222,0 -4.4349712785994,36.69971210214757,0 -4.434844772386505,36.69992056758884,0 -4.434932790836483,36.70019305501184,0 -4.433661628213291,36.70195546963075,0 -4.432922675809404,36.70303287872181,0 -4.431916754807989,36.70439559165784,0 -4.431428881818071,36.70500658634732,0 
					</coordinates>
				</LineString>
			</Placemark>
			<Placemark id="057A257DBB3EE459B3FC">
				<gx:mid>/g/12111kqf</gx:mid>
				<gx:fid>0xd72f9d342ac8de1:0x2782db107a622121</gx:fid>
				<LookAt>
					<longitude>-4.4410528</longitude>
					<latitude>36.6934124</latitude>
					<altitude>0</altitude>
					<heading>0</heading>
					<tilt>0</tilt>
					<gx:fovy>35</gx:fovy>
					<range>827.057208997879</range>
					<altitudeMode>relativeToGround</altitudeMode>
				</LookAt>
				<styleUrl>#__managed_style_338D6BD7BC40DE0D9CB4</styleUrl>
				<Point>
					<altitudeMode>relativeToGround</altitudeMode>
					<coordinates>-4.439849943779351,36.69296577988656,0</coordinates>
				</Point>
			</Placemark>
			<Placemark id="05049B04653EE459EB1E">
				<gx:mid>/g/11b7dzns8q</gx:mid>
				<gx:fid>0xd72f9d12d103419:0x29a4928048788eee</gx:fid>
				<LookAt>
					<longitude>-4.445542799999999</longitude>
					<latitude>36.6928291</latitude>
					<altitude>0</altitude>
					<heading>0</heading>
					<tilt>0</tilt>
					<gx:fovy>35</gx:fovy>
					<range>827.0641012473061</range>
					<altitudeMode>relativeToGround</altitudeMode>
				</LookAt>
				<styleUrl>#__managed_style_1F00F1C52540DE0D9CB4</styleUrl>
				<Point>
					<altitudeMode>relativeToGround</altitudeMode>
					<coordinates>-4.4455428,36.6928291,0</coordinates>
				</Point>
			</Placemark>
			<Placemark id="0794CBB10C3EE45A5AC4">
				<gx:mid>/g/122m40_q</gx:mid>
				<gx:fid>0xd72fa217370351f:0x7948f40bc0ae5984</gx:fid>
				<LookAt>
					<longitude>-4.4811323</longitude>
					<latitude>36.6699144</latitude>
					<altitude>0</altitude>
					<heading>0</heading>
					<tilt>0</tilt>
					<gx:fovy>35</gx:fovy>
					<range>827.3347933238484</range>
					<altitudeMode>relativeToGround</altitudeMode>
				</LookAt>
				<styleUrl>#__managed_style_1D16B8BDC340DE0D9CB8</styleUrl>
				<Point>
					<altitudeMode>relativeToGround</altitudeMode>
					<coordinates>-4.4811286,36.66992279999999,0</coordinates>
				</Point>
			</Placemark>
			<Placemark id="080EA156DA3EE45B068C">
				<gx:mid>/g/11f5d0g2l4</gx:mid>
				<gx:fid>0xd72f79159ab1c6f:0xe04bac815dd1d7ef</gx:fid>
				<LookAt>
					<longitude>-4.4234042</longitude>
					<latitude>36.7153562</latitude>
					<altitude>0</altitude>
					<heading>0</heading>
					<tilt>0</tilt>
					<gx:fovy>35</gx:fovy>
					<range>826.7978603547276</range>
					<altitudeMode>relativeToGround</altitudeMode>
				</LookAt>
				<styleUrl>#__managed_style_1D16B8BDC340DE0D9CB8</styleUrl>
				<Point>
					<altitudeMode>relativeToGround</altitudeMode>
					<coordinates>-4.4234042,36.7153562,0</coordinates>
				</Point>
			</Placemark>
			<Placemark id="04378A4BD23EE45D5C19">
				<gx:mid>/g/1td3mz0v</gx:mid>
				<gx:fid>0xd72f78416af814d:0xf03d279a3233400</gx:fid>
				<LookAt>
					<longitude>-4.4325846</longitude>
					<latitude>36.7060317</latitude>
					<altitude>0</altitude>
					<heading>0</heading>
					<tilt>0</tilt>
					<gx:fovy>35</gx:fovy>
					<range>826.9080790980122</range>
					<altitudeMode>relativeToGround</altitudeMode>
				</LookAt>
				<styleUrl>#__managed_style_1F00F1C52540DE0D9CB4</styleUrl>
				<Point>
					<altitudeMode>relativeToGround</altitudeMode>
					<coordinates>-4.4325846,36.7060317,0</coordinates>
				</Point>
			</Placemark>
			<Placemark id="0943F653DF3EE45F25C4">
				<gx:mid>/m/0d607l</gx:mid>
				<gx:fid>0xd72fc6464826f57:0x8c470f36915fe0b6</gx:fid>
				<LookAt>
					<longitude>-4.5152</longitude>
					<latitude>36.59664</latitude>
					<altitude>0</altitude>
					<heading>0</heading>
					<tilt>0</tilt>
					<gx:fovy>35</gx:fovy>
					<range>828.199507170331</range>
					<altitudeMode>relativeToGround</altitudeMode>
				</LookAt>
				<styleUrl>#__managed_style_0833D987D240DE0D9CB1</styleUrl>
				<Point>
					<altitudeMode>relativeToGround</altitudeMode>
					<coordinates>-4.5152,36.59664,0</coordinates>
				</Point>
			</Placemark>
			<Placemark id="0E046E53823EE45F5FD3">
				<gx:mid>/g/11c0q0qbqc</gx:mid>
				<gx:fid>0xd72fc64f4fbb3b9:0x2295ec349251d76a</gx:fid>
				<LookAt>
					<longitude>-4.514616999999999</longitude>
					<latitude>36.597178</latitude>
					<altitude>0</altitude>
					<heading>0</heading>
					<tilt>0</tilt>
					<gx:fovy>35</gx:fovy>
					<range>828.19316309637</range>
					<altitudeMode>relativeToGround</altitudeMode>
				</LookAt>
				<styleUrl>#__managed_style_0833D987D240DE0D9CB1</styleUrl>
				<Point>
					<altitudeMode>relativeToGround</altitudeMode>
					<coordinates>-4.514616999999999,36.597178,0</coordinates>
				</Point>
			</Placemark>
			<Placemark id="05CC642A363EE45FADF1">
				<gx:mid>/g/11g9nlyzvm</gx:mid>
				<gx:fid>0xd72fb40d418bae5:0xefb562bb35f9ffc8</gx:fid>
				<LookAt>
					<longitude>-4.5466714</longitude>
					<latitude>36.628343</latitude>
					<altitude>0</altitude>
					<heading>0</heading>
					<tilt>0</tilt>
					<gx:fovy>35</gx:fovy>
					<range>827.825543354469</range>
					<altitudeMode>relativeToGround</altitudeMode>
				</LookAt>
				<styleUrl>#__managed_style_1DAAFA570140DE0D9CB3</styleUrl>
				<Point>
					<altitudeMode>relativeToGround</altitudeMode>
					<coordinates>-4.5466714,36.628343,0</coordinates>
				</Point>
			</Placemark>
			<Placemark id="072ACF39B33EE45FD684">
				<gx:mid>/g/11sssc8_06</gx:mid>
				<gx:fid>0xd72fbe8eed7e3c9:0x7e26f5f703f3ddbc</gx:fid>
				<LookAt>
					<longitude>-4.5486044</longitude>
					<latitude>36.62596519999999</latitude>
					<altitude>0</altitude>
					<heading>0</heading>
					<tilt>0</tilt>
					<gx:fovy>35</gx:fovy>
					<range>827.8536002280758</range>
					<altitudeMode>relativeToGround</altitudeMode>
				</LookAt>
				<styleUrl>#__managed_style_1DAAFA570140DE0D9CB3</styleUrl>
				<Point>
					<altitudeMode>relativeToGround</altitudeMode>
					<coordinates>-4.548604399999999,36.6259652,0</coordinates>
				</Point>
			</Placemark>
			<Placemark id="00DCAC82923EE4600188">
				<gx:mid>/g/11hz2qm6t_</gx:mid>
				<gx:fid>0xd72fb26142fd413:0x35dd163466c3c05b</gx:fid>
				<LookAt>
					<longitude>-4.5589259</longitude>
					<latitude>36.6147246</latitude>
					<altitude>0</altitude>
					<heading>0</heading>
					<tilt>0</tilt>
					<gx:fovy>35</gx:fovy>
					<range>827.986214691386</range>
					<altitudeMode>relativeToGround</altitudeMode>
				</LookAt>
				<styleUrl>#__managed_style_1DAAFA570140DE0D9CB3</styleUrl>
				<Point>
					<altitudeMode>relativeToGround</altitudeMode>
					<coordinates>-4.5589259,36.6147246,0</coordinates>
				</Point>
			</Placemark>
			<Placemark id="05808F5CED3EE4602479">
				<gx:mid>/g/11rptwws3z</gx:mid>
				<gx:fid>0xd72fbf80f7c1c8f:0xd3944a316a4ebf69</gx:fid>
				<LookAt>
					<longitude>-4.5592004</longitude>
					<latitude>36.6167209</latitude>
					<altitude>0</altitude>
					<heading>0</heading>
					<tilt>0</tilt>
					<gx:fovy>35</gx:fovy>
					<range>827.9626650263718</range>
					<altitudeMode>relativeToGround</altitudeMode>
				</LookAt>
				<styleUrl>#__managed_style_1DAAFA570140DE0D9CB3</styleUrl>
				<Point>
					<altitudeMode>relativeToGround</altitudeMode>
					<coordinates>-4.5592004,36.6167209,0</coordinates>
				</Point>
			</Placemark>
			<Placemark id="030712DBEA3EE460587F">
				<gx:mid>/g/11vj4__v49</gx:mid>
				<gx:fid>0xd72fb95e60288db:0xccb6169292af6da2</gx:fid>
				<LookAt>
					<longitude>-4.561209100000001</longitude>
					<latitude>36.6165634</latitude>
					<altitude>0</altitude>
					<heading>0</heading>
					<tilt>0</tilt>
					<gx:fovy>35</gx:fovy>
					<range>827.9645230358888</range>
					<altitudeMode>relativeToGround</altitudeMode>
				</LookAt>
				<styleUrl>#__managed_style_1DAAFA570140DE0D9CB3</styleUrl>
				<Point>
					<altitudeMode>relativeToGround</altitudeMode>
					<coordinates>-4.5612091,36.6165634,0</coordinates>
				</Point>
			</Placemark>
			<Placemark id="08F4721F7B3EE479C120">
				<gx:mid>/g/11fzv5n909</gx:mid>
				<gx:fid>0xd72fced757009f1:0x77011b703e2b29bc</gx:fid>
				<LookAt>
					<longitude>-4.532141000000001</longitude>
					<latitude>36.5860974</latitude>
					<altitude>0</altitude>
					<heading>0</heading>
					<tilt>0</tilt>
					<gx:fovy>35</gx:fovy>
					<range>828.3238104902613</range>
					<altitudeMode>relativeToGround</altitudeMode>
				</LookAt>
				<styleUrl>#__managed_style_338D6BD7BC40DE0D9CB4</styleUrl>
				<Point>
					<altitudeMode>relativeToGround</altitudeMode>
					<coordinates>-4.532141,36.5860974,0</coordinates>
				</Point>
			</Placemark>
			<Placemark id="07BA9A0BAE3EE479EB11">
				<gx:mid>/g/11z5x43pc6</gx:mid>
				<gx:fid>0xd72fd006ae34219:0xf200c674cb03733e</gx:fid>
				<LookAt>
					<longitude>-4.517093099999999</longitude>
					<latitude>36.5952752</latitude>
					<altitude>0</altitude>
					<heading>0</heading>
					<tilt>0</tilt>
					<gx:fovy>35</gx:fovy>
					<range>828.2156005117578</range>
					<altitudeMode>relativeToGround</altitudeMode>
				</LookAt>
				<styleUrl>#__managed_style_338D6BD7BC40DE0D9CB4</styleUrl>
				<Point>
					<altitudeMode>relativeToGround</altitudeMode>
					<coordinates>-4.517093099999999,36.5952752,0</coordinates>
				</Point>
			</Placemark>
			<Placemark id="03F339CF7F3EE47B570C">
				<gx:mid>/g/12396v46</gx:mid>
				<gx:fid>0xd72fc8c236760ab:0xf2add0e12df54fa4</gx:fid>
				<LookAt>
					<longitude>-4.5293123</longitude>
					<latitude>36.5935284</latitude>
					<altitude>0</altitude>
					<heading>0</heading>
					<tilt>0</tilt>
					<gx:fovy>35</gx:fovy>
					<range>828.2361976120793</range>
					<altitudeMode>relativeToGround</altitudeMode>
				</LookAt>
				<styleUrl>#__managed_style_1F00F1C52540DE0D9CB4</styleUrl>
				<Point>
					<altitudeMode>relativeToGround</altitudeMode>
					<coordinates>-4.5293123,36.5935284,0</coordinates>
				</Point>
			</Placemark>
			<Placemark id="02F2278EE23EE47E9688">
				<name>שדרה מרכזית</name>
				<LookAt>
					<longitude>-4.498298631782164</longitude>
					<latitude>36.62383329516322</latitude>
					<altitude>54.69884617239494</altitude>
					<heading>3.536586530341855</heading>
					<tilt>0</tilt>
					<gx:fovy>35</gx:fovy>
					<range>1234.348456553417</range>
					<altitudeMode>absolute</altitudeMode>
				</LookAt>
				<styleUrl>#__managed_style_0E97152A3F40DE0D9CB8</styleUrl>
				<LineString>
					<coordinates>
						-4.500150910008873,36.62280201400003,0 -4.5002598438502,36.62385171780981,0 -4.499765146585259,36.6245964548126,0 -4.499512202778428,36.62534550958943,0 -4.499436416129432,36.62592973399527,0 
					</coordinates>
				</LineString>
			</Placemark>
			<Placemark id="059811DDA33EE47EC0D3">
				<gx:mid>/g/120m0n6m</gx:mid>
				<gx:fid>0xd72fbed13a34b2b:0x9ecd822cdb9e81a</gx:fid>
				<LookAt>
					<longitude>-4.4991215</longitude>
					<latitude>36.6236524</latitude>
					<altitude>0</altitude>
					<heading>0</heading>
					<tilt>0</tilt>
					<gx:fovy>35</gx:fovy>
					<range>827.8808887798781</range>
					<altitudeMode>relativeToGround</altitudeMode>
				</LookAt>
				<styleUrl>#__managed_style_0833D987D240DE0D9CB1</styleUrl>
				<Point>
					<altitudeMode>relativeToGround</altitudeMode>
					<coordinates>-4.4991215,36.6236524,0</coordinates>
				</Point>
			</Placemark>
			<Placemark id="0E4359DC3C3EE47F1BF4">
				<name>Calle San Miguel - שדרה מרכזית</name>
				<LookAt>
					<longitude>-4.497308532992779</longitude>
					<latitude>36.62120795701998</latitude>
					<altitude>50.6531342354741</altitude>
					<heading>3.536586530331749</heading>
					<tilt>0</tilt>
					<gx:fovy>35</gx:fovy>
					<range>516.3945032653282</range>
					<altitudeMode>absolute</altitudeMode>
				</LookAt>
				<styleUrl>#__managed_style_0E97152A3F40DE0D9CB8</styleUrl>
				<LineString>
					<coordinates>
						-4.499917160489593,36.62410372365442,0 -4.498497113353422,36.62325506158958,0 -4.498047943118836,36.62279849403131,0 -4.497837362744957,36.62260525510153,0 -4.497583546863375,36.62236641079318,0 -4.497343756460522,36.62213099524557,0 -4.497421042510701,36.62201567259917,0 
					</coordinates>
				</LineString>
			</Placemark>
			<Placemark id="01CA68AA533EE47FA02C">
				<gx:mid>/g/11xhs_h2w</gx:mid>
				<gx:fid>0xd72fbef7a19d051:0xd6e0f86482b5969f</gx:fid>
				<LookAt>
					<longitude>-4.49383</longitude>
					<latitude>36.6228908</latitude>
					<altitude>0</altitude>
					<heading>0</heading>
					<tilt>0</tilt>
					<gx:fovy>35</gx:fovy>
					<range>1818.953923925849</range>
					<altitudeMode>relativeToGround</altitudeMode>
				</LookAt>
				<styleUrl>#__managed_style_338D6BD7BC40DE0D9CB4</styleUrl>
				<Point>
					<altitudeMode>relativeToGround</altitudeMode>
					<coordinates>-4.49398,36.6228438,0</coordinates>
				</Point>
			</Placemark>
			<Placemark id="0F8DA05ACE3EE48135A4">
				<gx:mid>/g/1pp2x5r_b</gx:mid>
				<gx:fid>0xd72fb8972f43b5b:0x77ff911b9d6af9de</gx:fid>
				<LookAt>
					<longitude>-4.5066994</longitude>
					<latitude>36.6137788</latitude>
					<altitude>0</altitude>
					<heading>0</heading>
					<tilt>0</tilt>
					<gx:fovy>35</gx:fovy>
					<range>827.9973716216268</range>
					<altitudeMode>relativeToGround</altitudeMode>
				</LookAt>
				<styleUrl>#__managed_style_1F00F1C52540DE0D9CB4</styleUrl>
				<Point>
					<altitudeMode>relativeToGround</altitudeMode>
					<coordinates>-4.5066994,36.6137788,0</coordinates>
				</Point>
			</Placemark>
			<Placemark id="01F19E00E83EE482F4F7">
				<gx:mid>/g/11w9zs20b0</gx:mid>
				<gx:fid>0xd72d90057793f75:0x5cb42757643d4132</gx:fid>
				<LookAt>
					<longitude>-4.885021399999999</longitude>
					<latitude>36.5100993</latitude>
					<altitude>0</altitude>
					<heading>0</heading>
					<tilt>0</tilt>
					<gx:fovy>35</gx:fovy>
					<range>829.2190500118684</range>
					<altitudeMode>relativeToGround</altitudeMode>
				</LookAt>
				<styleUrl>#__managed_style_0833D987D240DE0D9CB1</styleUrl>
				<Point>
					<altitudeMode>relativeToGround</altitudeMode>
					<coordinates>-4.884976923261788,36.51019899868037,0</coordinates>
				</Point>
			</Placemark>
			<Placemark id="045926B6EA3EE4843C89">
				<name>שדרה מרכזית</name>
				<LookAt>
					<longitude>-4.884152231211148</longitude>
					<latitude>36.5098982629525</latitude>
					<altitude>19.70769297705645</altitude>
					<heading>8.539172691212034</heading>
					<tilt>0</tilt>
					<gx:fovy>35</gx:fovy>
					<range>1256.101746077329</range>
					<altitudeMode>absolute</altitudeMode>
				</LookAt>
				<styleUrl>#__managed_style_0E97152A3F40DE0D9CB8</styleUrl>
				<LineString>
					<coordinates>
						-4.886503267177456,36.50996569042913,0 -4.886340957679715,36.50996844675027,0 -4.886162629371064,36.51005049025905,0 -4.885995821414268,36.51019364987975,0 -4.885737559041799,36.51025993475207,0 -4.885288937477572,36.51031084423177,0 -4.884698987054389,36.51025998854617,0 -4.88438353412573,36.51036370135988,0 
					</coordinates>
				</LineString>
			</Placemark>
			<Placemark id="053985CD3B3EE4846C90">
				<gx:mid>/g/11cn6gzjn2</gx:mid>
				<gx:fid>0xd7327f8882e162d:0xf03d279a3233280</gx:fid>
				<LookAt>
					<longitude>-4.885646999999999</longitude>
					<latitude>36.50866499999999</latitude>
					<altitude>0</altitude>
					<heading>0</heading>
					<tilt>0</tilt>
					<gx:fovy>35</gx:fovy>
					<range>829.2359318379445</range>
					<altitudeMode>relativeToGround</altitudeMode>
				</LookAt>
				<styleUrl>#__managed_style_1F00F1C52540DE0D9CB4</styleUrl>
				<Point>
					<altitudeMode>relativeToGround</altitudeMode>
					<coordinates>-4.885647,36.508665,0</coordinates>
				</Point>
			</Placemark>
			<Placemark id="0E7CCE5F943EE4849899">
				<gx:mid>/g/11cs23qytl</gx:mid>
				<gx:fid>0xd7327f8f1d690bb:0xa629f4641bfbba0e</gx:fid>
				<LookAt>
					<longitude>-4.8866053</longitude>
					<latitude>36.5072423</latitude>
					<altitude>0</altitude>
					<heading>0</heading>
					<tilt>0</tilt>
					<gx:fovy>35</gx:fovy>
					<range>829.2526766225762</range>
					<altitudeMode>relativeToGround</altitudeMode>
				</LookAt>
				<styleUrl>#__managed_style_0833D987D240DE0D9CB1</styleUrl>
				<Point>
					<altitudeMode>relativeToGround</altitudeMode>
					<coordinates>-4.886402831605407,36.50769297016318,0</coordinates>
				</Point>
			</Placemark>
			<Placemark id="0C8633EC2D3EE484D240">
				<gx:mid>/g/12195wyq</gx:mid>
				<gx:fid>0xd7327f96cd79f85:0x5c5d6bbb65ba574a</gx:fid>
				<LookAt>
					<longitude>-4.88534275</longitude>
					<latitude>36.50631369999999</latitude>
					<altitude>0</altitude>
					<heading>0</heading>
					<tilt>0</tilt>
					<gx:fovy>35</gx:fovy>
					<range>394.1733756952702</range>
					<altitudeMode>relativeToGround</altitudeMode>
				</LookAt>
				<styleUrl>#__managed_style_338D6BD7BC40DE0D9CB4</styleUrl>
				<Point>
					<altitudeMode>relativeToGround</altitudeMode>
					<coordinates>-4.8859414,36.5067319,0</coordinates>
				</Point>
			</Placemark>
			<Placemark id="0BFD8A10603EE485822E">
				<gx:mid>/g/11c1s1kp0x</gx:mid>
				<gx:fid>0xd72d8061e6f9e11:0xc0f2056fb1088677</gx:fid>
				<LookAt>
					<longitude>-4.883312500000001</longitude>
					<latitude>36.51393480000001</latitude>
					<altitude>0</altitude>
					<heading>0</heading>
					<tilt>0</tilt>
					<gx:fovy>35</gx:fovy>
					<range>829.1739033405803</range>
					<altitudeMode>relativeToGround</altitudeMode>
				</LookAt>
				<styleUrl>#__managed_style_1F00F1C52540DE0D9CB4</styleUrl>
				<Point>
					<altitudeMode>relativeToGround</altitudeMode>
					<coordinates>-4.8833125,36.5139348,0</coordinates>
				</Point>
			</Placemark>
			<Placemark id="0DBC479D4A3EE485B839">
				<gx:mid>/g/11b8c524dm</gx:mid>
				<gx:fid>0xd7327ffe9408a35:0xdf098d5ba411bc51</gx:fid>
				<LookAt>
					<longitude>-4.891958600000001</longitude>
					<latitude>36.50799600000001</latitude>
					<altitude>0</altitude>
					<heading>0</heading>
					<tilt>0</tilt>
					<gx:fovy>35</gx:fovy>
					<range>829.2438058455822</range>
					<altitudeMode>relativeToGround</altitudeMode>
				</LookAt>
				<styleUrl>#__managed_style_1F00F1C52540DE0D9CB4</styleUrl>
				<Point>
					<altitudeMode>relativeToGround</altitudeMode>
					<coordinates>-4.8919586,36.507996,0</coordinates>
				</Point>
			</Placemark>
			<Placemark id="068EE4F2FC3EE4864654">
				<gx:mid>/g/11g6xhjb8d</gx:mid>
				<gx:fid>0xd72d9d9b4956575:0x856819e6f69e848d</gx:fid>
				<LookAt>
					<longitude>-4.8908848</longitude>
					<latitude>36.56491219999999</latitude>
					<altitude>0</altitude>
					<heading>0</heading>
					<tilt>0</tilt>
					<gx:fovy>35</gx:fovy>
					<range>828.5735122334268</range>
					<altitudeMode>relativeToGround</altitudeMode>
				</LookAt>
				<styleUrl>#__managed_style_1DAAFA570140DE0D9CB3</styleUrl>
				<Point>
					<altitudeMode>relativeToGround</altitudeMode>
					<coordinates>-4.890884799999999,36.56491219999999,0</coordinates>
				</Point>
			</Placemark>
			<Placemark id="09DEA1C3243EE4868944">
				<gx:mid>/g/11g874xc8f</gx:mid>
				<gx:fid>0xd72d9aeb0aaab57:0xc615f72c27a502f6</gx:fid>
				<LookAt>
					<longitude>-4.860844999999999</longitude>
					<latitude>36.5597344</latitude>
					<altitude>0</altitude>
					<heading>0</heading>
					<tilt>0</tilt>
					<gx:fovy>35</gx:fovy>
					<range>828.6345239015566</range>
					<altitudeMode>relativeToGround</altitudeMode>
				</LookAt>
				<styleUrl>#__managed_style_1DAAFA570140DE0D9CB3</styleUrl>
				<Point>
					<altitudeMode>relativeToGround</altitudeMode>
					<coordinates>-4.860844999999999,36.5597344,0</coordinates>
				</Point>
			</Placemark>
			<Placemark id="0686B066903EE4891E6C">
				<name>שדרה מרכזית</name>
				<LookAt>
					<longitude>-5.161193533150863</longitude>
					<latitude>36.74510353618606</latitude>
					<altitude>733.3537863597611</altitude>
					<heading>0</heading>
					<tilt>0</tilt>
					<gx:fovy>41.70947923927736</gx:fovy>
					<range>809.2959452609648</range>
					<altitudeMode>absolute</altitudeMode>
				</LookAt>
				<styleUrl>#__managed_style_0E97152A3F40DE0D9CB8</styleUrl>
				<LineString>
					<coordinates>
						-5.166408063192117,36.7421230094382,0 -5.165371683743877,36.7426901044064,0 -5.164451299634091,36.74323850378205,0 -5.16358976575984,36.74375064575298,0 -5.162243603928864,36.74455547675696,0 -5.161577957299807,36.74492135527994,0 -5.160076314897303,36.74578041601745,0 
					</coordinates>
				</LineString>
			</Placemark>
			<Placemark id="02553A8C7D3EE489A844">
				<gx:mid>/g/1td_cynp</gx:mid>
				<gx:fid>0xd0d31385941857b:0x35a63c59ac6c4ea9</gx:fid>
				<LookAt>
					<longitude>-5.165606299999999</longitude>
					<latitude>36.7430201</latitude>
					<altitude>0</altitude>
					<heading>0</heading>
					<tilt>0</tilt>
					<gx:fovy>35</gx:fovy>
					<range>826.4707362893558</range>
					<altitudeMode>relativeToGround</altitudeMode>
				</LookAt>
				<styleUrl>#__managed_style_0833D987D240DE0D9CB1</styleUrl>
				<Point>
					<altitudeMode>relativeToGround</altitudeMode>
					<coordinates>-5.165767968299647,36.74303905967919,0</coordinates>
				</Point>
			</Placemark>
			<Placemark id="073A5560063EE489DCA0">
				<gx:mid>/m/06sqc1</gx:mid>
				<gx:fid>0xd0d3138e77358b5:0x30d44c22e0a2c5be</gx:fid>
				<LookAt>
					<longitude>-5.167072199999999</longitude>
					<latitude>36.7423347</latitude>
					<altitude>0</altitude>
					<heading>0</heading>
					<tilt>0</tilt>
					<gx:fovy>35</gx:fovy>
					<range>826.4788434077509</range>
					<altitudeMode>relativeToGround</altitudeMode>
				</LookAt>
				<styleUrl>#__managed_style_0833D987D240DE0D9CB1</styleUrl>
				<Point>
					<altitudeMode>relativeToGround</altitudeMode>
					<coordinates>-5.1670722,36.7423347,0</coordinates>
				</Point>
			</Placemark>
			<Placemark id="061F2A626C3EE48A165C">
				<gx:mid>/g/11xv93pc9</gx:mid>
				<gx:fid>0xd0d31393f24e6cf:0x5a6e61bf27ee63aa</gx:fid>
				<LookAt>
					<longitude>-5.1679774</longitude>
					<latitude>36.7412684</latitude>
					<altitude>0</altitude>
					<heading>0</heading>
					<tilt>0</tilt>
					<gx:fovy>35</gx:fovy>
					<range>826.4914556940191</range>
					<altitudeMode>relativeToGround</altitudeMode>
				</LookAt>
				<styleUrl>#__managed_style_1DAAFA570140DE0D9CB3</styleUrl>
				<Point>
					<altitudeMode>relativeToGround</altitudeMode>
					<coordinates>-5.1679774,36.7412684,0</coordinates>
				</Point>
			</Placemark>
			<Placemark id="053E7A800B3EE48A7B2C">
				<gx:mid>/g/122z2ckv</gx:mid>
				<gx:fid>0xd0d3139137be073:0xdd10b16ecfbc8c88</gx:fid>
				<LookAt>
					<longitude>-5.1680398</longitude>
					<latitude>36.74354450000001</latitude>
					<altitude>0</altitude>
					<heading>0</heading>
					<tilt>0</tilt>
					<gx:fovy>35</gx:fovy>
					<range>826.4645334486719</range>
					<altitudeMode>relativeToGround</altitudeMode>
				</LookAt>
				<styleUrl>#__managed_style_1F00F1C52540DE0D9CB4</styleUrl>
				<Point>
					<altitudeMode>relativeToGround</altitudeMode>
					<coordinates>-5.1680398,36.7435445,0</coordinates>
				</Point>
			</Placemark>
			<Placemark id="0D923CEA363EE48ACFBC">
				<gx:mid>/g/11fy2k38rx</gx:mid>
				<gx:fid>0xd0d313132184cd9:0x4f4c68cc77b5a3e9</gx:fid>
				<LookAt>
					<longitude>-5.1695814</longitude>
					<latitude>36.7487137</latitude>
					<altitude>0</altitude>
					<heading>0</heading>
					<tilt>0</tilt>
					<gx:fovy>35</gx:fovy>
					<range>826.4033861472997</range>
					<altitudeMode>relativeToGround</altitudeMode>
				</LookAt>
				<styleUrl>#__managed_style_1DAAFA570140DE0D9CB3</styleUrl>
				<Point>
					<altitudeMode>relativeToGround</altitudeMode>
					<coordinates>-5.169581399999999,36.7487137,0</coordinates>
				</Point>
			</Placemark>
			<Placemark id="0AC3CCF9ED3EE48B3D1F">
				<gx:mid>/g/11g9vz8mjm</gx:mid>
				<gx:fid>0xd0d3138c61c2951:0x8d3fc263e952b0dd</gx:fid>
				<LookAt>
					<longitude>-5.165843000000001</longitude>
					<latitude>36.7406982</latitude>
					<altitude>0</altitude>
					<heading>0</heading>
					<tilt>0</tilt>
					<gx:fovy>35</gx:fovy>
					<range>826.4981999515358</range>
					<altitudeMode>relativeToGround</altitudeMode>
				</LookAt>
				<styleUrl>#__managed_style_33A66D2EAC40DE0D9CB8</styleUrl>
				<Point>
					<altitudeMode>relativeToGround</altitudeMode>
					<coordinates>-5.165843,36.7406982,0</coordinates>
				</Point>
			</Placemark>
			<Placemark id="03904BB98D3EE48B84DF">
				<gx:mid>/g/11qnrzkb9l</gx:mid>
				<gx:fid>0xd0d31e2499b5aa3:0x7399de091eb3c376</gx:fid>
				<LookAt>
					<longitude>-5.166983600000001</longitude>
					<latitude>36.7406507</latitude>
					<altitude>0</altitude>
					<heading>0</heading>
					<tilt>0</tilt>
					<gx:fovy>35</gx:fovy>
					<range>826.4987617722121</range>
					<altitudeMode>relativeToGround</altitudeMode>
				</LookAt>
				<styleUrl>#__managed_style_1DAAFA570140DE0D9CB3</styleUrl>
				<Point>
					<altitudeMode>relativeToGround</altitudeMode>
					<coordinates>-5.1669836,36.7406507,0</coordinates>
				</Point>
			</Placemark>
			<Placemark id="02A3EC32303EE48BBF0E">
				<gx:mid>/g/11cp7qcdds</gx:mid>
				<gx:fid>0xd0d3138b6683a63:0x496cc63c11dcbb8f</gx:fid>
				<LookAt>
					<longitude>-5.1652494</longitude>
					<latitude>36.7405311</latitude>
					<altitude>0</altitude>
					<heading>0</heading>
					<tilt>0</tilt>
					<gx:fovy>35</gx:fovy>
					<range>826.5001763750493</range>
					<altitudeMode>relativeToGround</altitudeMode>
				</LookAt>
				<styleUrl>#__managed_style_1DAAFA570140DE0D9CB3</styleUrl>
				<Point>
					<altitudeMode>relativeToGround</altitudeMode>
					<coordinates>-5.1652494,36.7405311,0</coordinates>
				</Point>
			</Placemark>
			<Placemark id="0FA5F4F8023EE48BF590">
				<gx:mid>/g/11gj76w0cm</gx:mid>
				<gx:fid>0xd0d31397ed2bed1:0x54002a790a709bc3</gx:fid>
				<LookAt>
					<longitude>-5.164459499999999</longitude>
					<latitude>36.7406702</latitude>
					<altitude>0</altitude>
					<heading>0</heading>
					<tilt>0</tilt>
					<gx:fovy>35</gx:fovy>
					<range>826.4985311301078</range>
					<altitudeMode>relativeToGround</altitudeMode>
				</LookAt>
				<styleUrl>#__managed_style_1DAAFA570140DE0D9CB3</styleUrl>
				<Point>
					<altitudeMode>relativeToGround</altitudeMode>
					<coordinates>-5.1644595,36.7406702,0</coordinates>
				</Point>
			</Placemark>
			<Placemark id="028E8B235F3EE48C81FC">
				<gx:mid>/g/11c5qzw22j</gx:mid>
				<gx:fid>0xd0d313ecf0b2133:0x66ab5711987bb64d</gx:fid>
				<LookAt>
					<longitude>-5.1674936</longitude>
					<latitude>36.7394333</latitude>
					<altitude>0</altitude>
					<heading>0</heading>
					<tilt>0</tilt>
					<gx:fovy>35</gx:fovy>
					<range>826.5131607487917</range>
					<altitudeMode>relativeToGround</altitudeMode>
				</LookAt>
				<styleUrl>#__managed_style_1DAAFA570140DE0D9CB3</styleUrl>
				<Point>
					<altitudeMode>relativeToGround</altitudeMode>
					<coordinates>-5.167493599999999,36.7394333,0</coordinates>
				</Point>
			</Placemark>
			<Placemark id="01EC22817B3EE48CBB7F">
				<gx:mid>/g/11f6lbg1rr</gx:mid>
				<gx:fid>0xd0d319435bf5231:0xa421afd4d88781b5</gx:fid>
				<LookAt>
					<longitude>-5.1685363</longitude>
					<latitude>36.7384421</latitude>
					<altitude>0</altitude>
					<heading>0</heading>
					<tilt>0</tilt>
					<gx:fovy>35</gx:fovy>
					<range>826.524884039302</range>
					<altitudeMode>relativeToGround</altitudeMode>
				</LookAt>
				<styleUrl>#__managed_style_1DAAFA570140DE0D9CB3</styleUrl>
				<Point>
					<altitudeMode>relativeToGround</altitudeMode>
					<coordinates>-5.1685363,36.7384421,0</coordinates>
				</Point>
			</Placemark>
			<Placemark id="0CED7C07433EE48CED43">
				<gx:mid>/g/11c70bt8c0</gx:mid>
				<gx:fid>0xd0d313c1396a1ed:0xeaa63263f5bf61f0</gx:fid>
				<LookAt>
					<longitude>-5.1703559</longitude>
					<latitude>36.7389533</latitude>
					<altitude>0</altitude>
					<heading>0</heading>
					<tilt>0</tilt>
					<gx:fovy>35</gx:fovy>
					<range>826.5188379175955</range>
					<altitudeMode>relativeToGround</altitudeMode>
				</LookAt>
				<styleUrl>#__managed_style_1DAAFA570140DE0D9CB3</styleUrl>
				<Point>
					<altitudeMode>relativeToGround</altitudeMode>
					<coordinates>-5.1703559,36.7389533,0</coordinates>
				</Point>
			</Placemark>
			<Placemark id="0151B700DB3EE48DFC4E">
				<gx:mid>/g/120hthd8</gx:mid>
				<gx:fid>0xd0d313f52395cc3:0xcd26a8d25ead3ffb</gx:fid>
				<LookAt>
					<longitude>-5.164358000000001</longitude>
					<latitude>36.739841</latitude>
					<altitude>0</altitude>
					<heading>0</heading>
					<tilt>0</tilt>
					<gx:fovy>35</gx:fovy>
					<range>826.5083386584921</range>
					<altitudeMode>relativeToGround</altitudeMode>
				</LookAt>
				<styleUrl>#__managed_style_0833D987D240DE0D9CB1</styleUrl>
				<Point>
					<altitudeMode>relativeToGround</altitudeMode>
					<coordinates>-5.164358,36.739841,0</coordinates>
				</Point>
			</Placemark>
			<Placemark id="04D46B4A813EE48E9298">
				<gx:mid>/g/11g0dpv3g2</gx:mid>
				<gx:fid>0xd0d310cc2ed3953:0x83eb187a72e0cfdd</gx:fid>
				<LookAt>
					<longitude>-5.167069799999999</longitude>
					<latitude>36.73832419999999</latitude>
					<altitude>0</altitude>
					<heading>0</heading>
					<tilt>0</tilt>
					<gx:fovy>35</gx:fovy>
					<range>826.5262784701116</range>
					<altitudeMode>relativeToGround</altitudeMode>
				</LookAt>
				<styleUrl>#__managed_style_1DAAFA570140DE0D9CB3</styleUrl>
				<Point>
					<altitudeMode>relativeToGround</altitudeMode>
					<coordinates>-5.1670698,36.7383242,0</coordinates>
				</Point>
			</Placemark>
			<Placemark id="0663430D9B3EE48FD4EB">
				<gx:mid>/g/11h591n1ph</gx:mid>
				<gx:fid>0xd0d49055118b2bf:0xc4f2abad68475ff9</gx:fid>
				<LookAt>
					<longitude>-5.180209100000001</longitude>
					<latitude>36.8628679</latitude>
					<altitude>0</altitude>
					<heading>0</heading>
					<tilt>0</tilt>
					<gx:fovy>35</gx:fovy>
					<range>825.0513439916414</range>
					<altitudeMode>relativeToGround</altitudeMode>
				</LookAt>
				<styleUrl>#__managed_style_1DAAFA570140DE0D9CB3</styleUrl>
				<Point>
					<altitudeMode>relativeToGround</altitudeMode>
					<coordinates>-5.1802091,36.8628679,0</coordinates>
				</Point>
			</Placemark>
			<Placemark id="07F8FA54703EE490ED5C">
				<gx:mid>/g/11hdxcr_ws</gx:mid>
				<gx:fid>0xd0d49c9b3cbe469:0x291f47917362066d</gx:fid>
				<LookAt>
					<longitude>-5.181451499999999</longitude>
					<latitude>36.861635</latitude>
					<altitude>0</altitude>
					<heading>0</heading>
					<tilt>0</tilt>
					<gx:fovy>35</gx:fovy>
					<range>825.0659637529581</range>
					<altitudeMode>relativeToGround</altitudeMode>
				</LookAt>
				<styleUrl>#__managed_style_1DAAFA570140DE0D9CB3</styleUrl>
				<Point>
					<altitudeMode>relativeToGround</altitudeMode>
					<coordinates>-5.1814515,36.861635,0</coordinates>
				</Point>
			</Placemark>
			<Placemark id="0D612696B53EE4933E50">
				<gx:mid>/g/11b7lmxr3d</gx:mid>
				<gx:fid>0xd0cc081e921bf57:0xbf24ef3add66b4be</gx:fid>
				<LookAt>
					<longitude>-5.347827199999998</longitude>
					<latitude>36.1448312</latitude>
					<altitude>0</altitude>
					<heading>0</heading>
					<tilt>0</tilt>
					<gx:fovy>35</gx:fovy>
					<range>833.5016144195623</range>
					<altitudeMode>relativeToGround</altitudeMode>
				</LookAt>
				<styleUrl>#__managed_style_1D16B8BDC340DE0D9CB8</styleUrl>
				<Point>
					<altitudeMode>relativeToGround</altitudeMode>
					<coordinates>-5.3478106,36.1447951,0</coordinates>
				</Point>
			</Placemark>
			<Placemark id="01F533B2323EE4941DAE">
				<gx:mid>/g/11fpjy0gmm</gx:mid>
				<gx:fid>0xd0cbfcc215c0919:0x39048632eb91f719</gx:fid>
				<LookAt>
					<longitude>-5.347691799999999</longitude>
					<latitude>36.1428719</latitude>
					<altitude>0</altitude>
					<heading>0</heading>
					<tilt>0</tilt>
					<gx:fovy>35</gx:fovy>
					<range>833.5244956218555</range>
					<altitudeMode>relativeToGround</altitudeMode>
				</LookAt>
				<styleUrl>#__managed_style_1DAAFA570140DE0D9CB3</styleUrl>
				<Point>
					<altitudeMode>relativeToGround</altitudeMode>
					<coordinates>-5.3476918,36.1428719,0</coordinates>
				</Point>
			</Placemark>
			<Placemark id="0A46277BF43EE4954346">
				<gx:mid>/g/11js8qlyx6</gx:mid>
				<gx:fid>0xd0cbf741318f345:0x7066819b7aba0e1c</gx:fid>
				<LookAt>
					<longitude>-5.349743999999999</longitude>
					<latitude>36.1167849</latitude>
					<altitude>0</altitude>
					<heading>0</heading>
					<tilt>0</tilt>
					<gx:fovy>35</gx:fovy>
					<range>833.8290539385039</range>
					<altitudeMode>relativeToGround</altitudeMode>
				</LookAt>
				<styleUrl>#__managed_style_0989CEC38140DE0D9CC4</styleUrl>
				<Point>
					<altitudeMode>relativeToGround</altitudeMode>
					<coordinates>-5.349743999999999,36.1167849,0</coordinates>
				</Point>
			</Placemark>
			<Placemark id="00955E66FA3EE495D41B">
				<gx:mid>/g/11g6z0bfz2</gx:mid>
				<gx:fid>0xd0cbf05be141401:0x4b93343d872695f6</gx:fid>
				<LookAt>
					<longitude>-5.345286799999998</longitude>
					<latitude>36.1101472</latitude>
					<altitude>0</altitude>
					<heading>0</heading>
					<tilt>0</tilt>
					<gx:fovy>35</gx:fovy>
					<range>833.9065197956761</range>
					<altitudeMode>relativeToGround</altitudeMode>
				</LookAt>
				<styleUrl>#__managed_style_1DAAFA570140DE0D9CB3</styleUrl>
				<Point>
					<altitudeMode>relativeToGround</altitudeMode>
					<coordinates>-5.345286799999999,36.1101472,0</coordinates>
				</Point>
			</Placemark>
			<Placemark id="01FB0D51423EE4961173">
				<gx:mid>/g/11f4pmsnzh</gx:mid>
				<gx:fid>0xd0cbf05c9b8f62b:0xab2bc67548b32d95</gx:fid>
				<LookAt>
					<longitude>-5.345673</longitude>
					<latitude>36.109303</latitude>
					<altitude>0</altitude>
					<heading>0</heading>
					<tilt>0</tilt>
					<gx:fovy>35</gx:fovy>
					<range>833.9163713083716</range>
					<altitudeMode>relativeToGround</altitudeMode>
				</LookAt>
				<styleUrl>#__managed_style_1DAAFA570140DE0D9CB3</styleUrl>
				<Point>
					<altitudeMode>relativeToGround</altitudeMode>
					<coordinates>-5.345673,36.109303,0</coordinates>
				</Point>
			</Placemark>
			<Placemark id="0E6F25E6BB3EE496CFAC">
				<gx:mid>/g/11gtylt93x</gx:mid>
				<gx:fid>0xd0cbf19cbb7bf4b:0x6ee2c86a5ba554fa</gx:fid>
				<LookAt>
					<longitude>-5.3470837</longitude>
					<latitude>36.1289056</latitude>
					<altitude>0</altitude>
					<heading>0</heading>
					<tilt>0</tilt>
					<gx:fovy>35</gx:fovy>
					<range>833.6875695627218</range>
					<altitudeMode>relativeToGround</altitudeMode>
				</LookAt>
				<styleUrl>#__managed_style_1DAAFA570140DE0D9CB3</styleUrl>
				<Point>
					<altitudeMode>relativeToGround</altitudeMode>
					<coordinates>-5.3470837,36.1289056,0</coordinates>
				</Point>
			</Placemark>
			<Placemark id="0C5AEFA28D3EE4972947">
				<gx:mid>/g/11g98ljlzv</gx:mid>
				<gx:fid>0xd0cbf70e7252c61:0x303137adea6f63c0</gx:fid>
				<LookAt>
					<longitude>-5.345443599999999</longitude>
					<latitude>36.1309241</latitude>
					<altitude>0</altitude>
					<heading>0</heading>
					<tilt>0</tilt>
					<gx:fovy>35</gx:fovy>
					<range>833.6640041041109</range>
					<altitudeMode>relativeToGround</altitudeMode>
				</LookAt>
				<styleUrl>#__managed_style_1DAAFA570140DE0D9CB3</styleUrl>
				<Point>
					<altitudeMode>relativeToGround</altitudeMode>
					<coordinates>-5.345443599999999,36.1309241,0</coordinates>
				</Point>
			</Placemark>
			<Placemark id="0EBF25D64A3EE4976624">
				<gx:mid>/g/11c6170m5b</gx:mid>
				<gx:fid>0xd0cbf711aadfbfd:0xd4944637f2492405</gx:fid>
				<LookAt>
					<longitude>-5.344913699999999</longitude>
					<latitude>36.1299123</latitude>
					<altitude>0</altitude>
					<heading>0</heading>
					<tilt>0</tilt>
					<gx:fovy>35</gx:fovy>
					<range>833.6758167324895</range>
					<altitudeMode>relativeToGround</altitudeMode>
				</LookAt>
				<styleUrl>#__managed_style_1DAAFA570140DE0D9CB3</styleUrl>
				<Point>
					<altitudeMode>relativeToGround</altitudeMode>
					<coordinates>-5.344913699999999,36.1299123,0</coordinates>
				</Point>
			</Placemark>
			<Placemark id="004CFBCDF23EE497D250">
				<gx:mid>/g/11c385bmln</gx:mid>
				<gx:fid>0xd0cbf777d4005ad:0x54aa9f418c082048</gx:fid>
				<LookAt>
					<longitude>-5.3487311</longitude>
					<latitude>36.1322425</latitude>
					<altitude>0</altitude>
					<heading>0</heading>
					<tilt>0</tilt>
					<gx:fovy>35</gx:fovy>
					<range>833.6486115745993</range>
					<altitudeMode>relativeToGround</altitudeMode>
				</LookAt>
				<styleUrl>#__managed_style_1DAAFA570140DE0D9CB3</styleUrl>
				<Point>
					<altitudeMode>relativeToGround</altitudeMode>
					<coordinates>-5.3487311,36.1322425,0</coordinates>
				</Point>
			</Placemark>
			<Placemark id="037967E86B3EE4982110">
				<gx:mid>/g/11sdqdcl8r</gx:mid>
				<gx:fid>0xd0cbf5c963a635d:0xdbf01cddcea76867</gx:fid>
				<LookAt>
					<longitude>-5.345696500000001</longitude>
					<latitude>36.1337657</latitude>
					<altitude>0</altitude>
					<heading>0</heading>
					<tilt>0</tilt>
					<gx:fovy>35</gx:fovy>
					<range>833.6308274265629</range>
					<altitudeMode>relativeToGround</altitudeMode>
				</LookAt>
				<styleUrl>#__managed_style_1DAAFA570140DE0D9CB3</styleUrl>
				<Point>
					<altitudeMode>relativeToGround</altitudeMode>
					<coordinates>-5.3456965,36.1337657,0</coordinates>
				</Point>
			</Placemark>
			<Placemark id="06889D273A3EE498CB74">
				<gx:mid>/m/0n48_1c</gx:mid>
				<gx:fid>0xd0cbfe341927f53:0x1df695befccb6a8e</gx:fid>
				<LookAt>
					<longitude>-5.350362199999999</longitude>
					<latitude>36.1369368</latitude>
					<altitude>0</altitude>
					<heading>0</heading>
					<tilt>0</tilt>
					<gx:fovy>35</gx:fovy>
					<range>833.5938013158112</range>
					<altitudeMode>relativeToGround</altitudeMode>
				</LookAt>
				<styleUrl>#__managed_style_1DAAFA570140DE0D9CB3</styleUrl>
				<Point>
					<altitudeMode>relativeToGround</altitudeMode>
					<coordinates>-5.3503622,36.1369368,0</coordinates>
				</Point>
			</Placemark>
			<Placemark id="05B0F491123EE4997000">
				<gx:mid>/g/11rz47bvwz</gx:mid>
				<gx:fid>0xd0cbf36a49d5a27:0xee5b0f5fe4964ff3</gx:fid>
				<LookAt>
					<longitude>-5.354107600000001</longitude>
					<latitude>36.1408371</latitude>
					<altitude>0</altitude>
					<heading>0</heading>
					<tilt>0</tilt>
					<gx:fovy>35</gx:fovy>
					<range>833.5482575073581</range>
					<altitudeMode>relativeToGround</altitudeMode>
				</LookAt>
				<styleUrl>#__managed_style_0833D987D240DE0D9CB1</styleUrl>
				<Point>
					<altitudeMode>relativeToGround</altitudeMode>
					<coordinates>-5.3541076,36.1408371,0</coordinates>
				</Point>
			</Placemark>
			<Placemark id="02B91CC2B93EE49B2AAC">
				<gx:mid>/g/11bt_g44ks</gx:mid>
				<gx:fid>0xd0dd15f6a861007:0xe14dbd458fffac4b</gx:fid>
				<LookAt>
					<longitude>-6.3058751</longitude>
					<latitude>36.53134600000001</latitude>
					<altitude>0</altitude>
					<heading>0</heading>
					<tilt>0</tilt>
					<gx:fovy>35</gx:fovy>
					<range>828.9689143706988</range>
					<altitudeMode>relativeToGround</altitudeMode>
				</LookAt>
				<styleUrl>#__managed_style_338D6BD7BC40DE0D9CB4</styleUrl>
				<Point>
					<altitudeMode>relativeToGround</altitudeMode>
					<coordinates>-6.3058751,36.531346,0</coordinates>
				</Point>
			</Placemark>
			<Placemark id="04FA74D6FA3EE49B9E58">
				<gx:mid>/m/0h94y2v</gx:mid>
				<gx:fid>0xd0dd159141d9353:0xb23c64fcb59193e0</gx:fid>
				<LookAt>
					<longitude>-6.308160999999999</longitude>
					<latitude>36.5328857</latitude>
					<altitude>0</altitude>
					<heading>0</heading>
					<tilt>0</tilt>
					<gx:fovy>35</gx:fovy>
					<range>828.9507832222998</range>
					<altitudeMode>relativeToGround</altitudeMode>
				</LookAt>
				<styleUrl>#__managed_style_0833D987D240DE0D9CB1</styleUrl>
				<Point>
					<altitudeMode>relativeToGround</altitudeMode>
					<coordinates>-6.308161,36.5328857,0</coordinates>
				</Point>
			</Placemark>
			<Placemark id="0BA156C7A53EE49BC8A8">
				<gx:mid>/g/11b62_zw4g</gx:mid>
				<gx:fid>0xd0dd3d705b7f5df:0xfe5fac9df567c0e9</gx:fid>
				<LookAt>
					<longitude>-6.3041746</longitude>
					<latitude>36.5358352</latitude>
					<altitude>0</altitude>
					<heading>0</heading>
					<tilt>0</tilt>
					<gx:fovy>35</gx:fovy>
					<range>828.9160489420153</range>
					<altitudeMode>relativeToGround</altitudeMode>
				</LookAt>
				<styleUrl>#__managed_style_1F00F1C52540DE0D9CB4</styleUrl>
				<Point>
					<altitudeMode>relativeToGround</altitudeMode>
					<coordinates>-6.3041746,36.5358352,0</coordinates>
				</Point>
			</Placemark>
			<Placemark id="03E8F2BCA13EE49C62E4">
				<gx:mid>/g/121v83x1</gx:mid>
				<gx:fid>0xd0dd16417e3e6e3:0xdde3e104395b38a1</gx:fid>
				<LookAt>
					<longitude>-6.299449799999999</longitude>
					<latitude>36.53774469999999</latitude>
					<altitude>0</altitude>
					<heading>0</heading>
					<tilt>0</tilt>
					<gx:fovy>35</gx:fovy>
					<range>828.8935608830692</range>
					<altitudeMode>relativeToGround</altitudeMode>
				</LookAt>
				<styleUrl>#__managed_style_0833D987D240DE0D9CB1</styleUrl>
				<Point>
					<altitudeMode>relativeToGround</altitudeMode>
					<coordinates>-6.2995169,36.5377093,0</coordinates>
				</Point>
			</Placemark>
			<Placemark id="0431CCD39D3EE49CCA9C">
				<gx:mid>/g/11n9ht3tpm</gx:mid>
				<gx:fid>0xd0dd1007077d57f:0x5f1951a8e29f316</gx:fid>
				<LookAt>
					<longitude>-6.298974100000001</longitude>
					<latitude>36.53481800000001</latitude>
					<altitude>0</altitude>
					<heading>0</heading>
					<tilt>0</tilt>
					<gx:fovy>35</gx:fovy>
					<range>828.9280280689097</range>
					<altitudeMode>relativeToGround</altitudeMode>
				</LookAt>
				<styleUrl>#__managed_style_0833D987D240DE0D9CB1</styleUrl>
				<Point>
					<altitudeMode>relativeToGround</altitudeMode>
					<coordinates>-6.2989741,36.534818,0</coordinates>
				</Point>
			</Placemark>
			<Placemark id="063B7C67053EE49D34D1">
				<gx:mid>/g/121_42hn</gx:mid>
				<gx:fid>0xd0dd1637e9b1387:0x17fdc2a0ed154b58</gx:fid>
				<LookAt>
					<longitude>-6.293178199999999</longitude>
					<latitude>36.5351256</latitude>
					<altitude>0</altitude>
					<heading>0</heading>
					<tilt>0</tilt>
					<gx:fovy>35</gx:fovy>
					<range>828.9244056233023</range>
					<altitudeMode>relativeToGround</altitudeMode>
				</LookAt>
				<styleUrl>#__managed_style_0833D987D240DE0D9CB1</styleUrl>
				<Point>
					<altitudeMode>relativeToGround</altitudeMode>
					<coordinates>-6.2931782,36.5351256,0</coordinates>
				</Point>
			</Placemark>
			<Placemark id="01C5DDE2333EE49E469E">
				<name>טיילת</name>
				<LookAt>
					<longitude>-6.304909376900934</longitude>
					<latitude>36.53387696542292</latitude>
					<altitude>22.06826985259402</altitude>
					<heading>0</heading>
					<tilt>0</tilt>
					<gx:fovy>69.37892214900145</gx:fovy>
					<range>998.7842234059644</range>
					<altitudeMode>absolute</altitudeMode>
				</LookAt>
				<styleUrl>#__managed_style_0E97152A3F40DE0D9CB8</styleUrl>
				<LineString>
					<coordinates>
						-6.300109020980349,36.53798638181603,0 -6.300664528720507,36.53793602251012,0 -6.302203026423592,36.53715934725391,0 -6.303686139689071,36.53688977913397,0 -6.304882151228917,36.53668371468093,0 -6.305846201902447,36.53521458333837,0 -6.306694988334757,36.53461339087168,0 
					</coordinates>
				</LineString>
			</Placemark>
			<Placemark id="00CCE048683EE49EB5AF">
				<gx:mid>/g/11f3n3375d</gx:mid>
				<gx:fid>0xd0dd3d8a927913f:0x6ca936be68eac29b</gx:fid>
				<LookAt>
					<longitude>-6.2950392</longitude>
					<latitude>36.5294693</latitude>
					<altitude>0</altitude>
					<heading>0</heading>
					<tilt>0</tilt>
					<gx:fovy>35</gx:fovy>
					<range>828.9910131508396</range>
					<altitudeMode>relativeToGround</altitudeMode>
				</LookAt>
				<styleUrl>#__managed_style_0833D987D240DE0D9CB1</styleUrl>
				<Point>
					<altitudeMode>relativeToGround</altitudeMode>
					<coordinates>-6.2950392,36.5294693,0</coordinates>
				</Point>
			</Placemark>
			<Placemark id="00B8A470DF3EE49F2A87">
				<gx:mid>/m/04g0x93</gx:mid>
				<gx:fid>0xd0dd3d8bb69a4d7:0x934a884ad7d0ac86</gx:fid>
				<LookAt>
					<longitude>-6.2952895</longitude>
					<latitude>36.5290002</latitude>
					<altitude>0</altitude>
					<heading>0</heading>
					<tilt>0</tilt>
					<gx:fovy>35</gx:fovy>
					<range>828.9965368251201</range>
					<altitudeMode>relativeToGround</altitudeMode>
				</LookAt>
				<styleUrl>#__managed_style_16528C8C7A40DE0D9CB7</styleUrl>
				<Point>
					<altitudeMode>relativeToGround</altitudeMode>
					<coordinates>-6.2952895,36.5290002,0</coordinates>
				</Point>
			</Placemark>
			<Placemark id="0BE1A6E48C3EE49FCE9E">
				<gx:mid>/g/11xf8klqm</gx:mid>
				<gx:fid>0xd0dd1629e491581:0xa25b9bc8f2ab8995</gx:fid>
				<LookAt>
					<longitude>-6.292459899999999</longitude>
					<latitude>36.5302645</latitude>
					<altitude>0</altitude>
					<heading>0</heading>
					<tilt>0</tilt>
					<gx:fovy>35</gx:fovy>
					<range>828.9816495081977</range>
					<altitudeMode>relativeToGround</altitudeMode>
				</LookAt>
				<styleUrl>#__managed_style_0833D987D240DE0D9CB1</styleUrl>
				<Point>
					<altitudeMode>relativeToGround</altitudeMode>
					<coordinates>-6.292459912226046,36.53008078776391,0</coordinates>
				</Point>
			</Placemark>
			<Placemark id="0CEDEE40D63EE49FFB20">
				<name>Plaza de San Juan de Dios</name>
				<LookAt>
					<longitude>-6.292203686050999</longitude>
					<latitude>36.53019885043037</latitude>
					<altitude>2.259179956926332</altitude>
					<heading>0</heading>
					<tilt>0</tilt>
					<gx:fovy>35</gx:fovy>
					<range>343.8090920710238</range>
					<altitudeMode>absolute</altitudeMode>
				</LookAt>
				<styleUrl>#__managed_style_0E97152A3F40DE0D9CB8</styleUrl>
				<LineString>
					<coordinates>
						-6.291457286187093,36.53074880191279,0 -6.29277228049112,36.52980453542877,0 
					</coordinates>
				</LineString>
			</Placemark>
			<Placemark id="0ABC95E59F3EE4A8E548">
				<gx:mid>/g/1v3_40mw</gx:mid>
				<gx:fid>0xd6cdf632ac8dcef:0x31b83eb45619e08d</gx:fid>
				<LookAt>
					<longitude>-4.7794998</longitude>
					<latitude>37.8842445</latitude>
					<altitude>0</altitude>
					<heading>0</heading>
					<tilt>0</tilt>
					<gx:fovy>35</gx:fovy>
					<range>812.8111771837137</range>
					<altitudeMode>relativeToGround</altitudeMode>
				</LookAt>
				<styleUrl>#__managed_style_0833D987D240DE0D9CB1</styleUrl>
				<Point>
					<altitudeMode>relativeToGround</altitudeMode>
					<coordinates>-4.779555506480269,37.8844848589313,0</coordinates>
				</Point>
			</Placemark>
			<Placemark id="0C932C05633EE4A9BCB0">
				<name>C. Conde de Gondomar - שדרה מרכזית</name>
				<LookAt>
					<longitude>-4.781271201033197</longitude>
					<latitude>37.88462875503591</latitude>
					<altitude>122.8885863536505</altitude>
					<heading>0</heading>
					<tilt>0</tilt>
					<gx:fovy>35</gx:fovy>
					<range>81.32020660810667</range>
					<altitudeMode>absolute</altitudeMode>
				</LookAt>
				<styleUrl>#__managed_style_0E97152A3F40DE0D9CB8</styleUrl>
				<LineString>
					<coordinates>
						-4.783882971491003,37.88485237639595,0 -4.783049503176118,37.88469938171659,0 -4.781893396912405,37.88470645055796,0 -4.780058883201765,37.88450428470609,0 
					</coordinates>
				</LineString>
			</Placemark>
			<Placemark id="0DA43C8D743EE4AAD2E0">
				<gx:mid>/m/0h3pms0</gx:mid>
				<gx:fid>0xd6d209ca1831265:0xd6707a33cf6dd271</gx:fid>
				<LookAt>
					<longitude>-4.777831249999999</longitude>
					<latitude>37.8766826</latitude>
					<altitude>0</altitude>
					<heading>0</heading>
					<tilt>0</tilt>
					<gx:fovy>35</gx:fovy>
					<range>386.7222684709761</range>
					<altitudeMode>relativeToGround</altitudeMode>
				</LookAt>
				<styleUrl>#__managed_style_33A66D2EAC40DE0D9CB8</styleUrl>
				<Point>
					<altitudeMode>relativeToGround</altitudeMode>
					<coordinates>-4.7779731,37.8767086,0</coordinates>
				</Point>
			</Placemark>
			<Placemark id="00DEC7D5A63EE4AB0758">
				<gx:mid>/m/0cd25p</gx:mid>
				<gx:fid>0xd6d209c64b08419:0xcb4ad460f15712f5</gx:fid>
				<LookAt>
					<longitude>-4.7809776</longitude>
					<latitude>37.8764323</latitude>
					<altitude>0</altitude>
					<heading>0</heading>
					<tilt>0</tilt>
					<gx:fovy>35</gx:fovy>
					<range>812.9057663545019</range>
					<altitudeMode>relativeToGround</altitudeMode>
				</LookAt>
				<styleUrl>#__managed_style_0833D987D240DE0D9CB1</styleUrl>
				<Point>
					<altitudeMode>relativeToGround</altitudeMode>
					<coordinates>-4.780977,37.8764314,0</coordinates>
				</Point>
			</Placemark>
			<Placemark id="0DA4824FBE3EE4AB3C9F">
				<gx:mid>/g/11g7nnnc9x</gx:mid>
				<gx:fid>0xd6d209b9682aa8d:0xf310de2e8efeee4a</gx:fid>
				<LookAt>
					<longitude>-4.781822099999999</longitude>
					<latitude>37.8756235</latitude>
					<altitude>0</altitude>
					<heading>0</heading>
					<tilt>0</tilt>
					<gx:fovy>35</gx:fovy>
					<range>812.9155583612204</range>
					<altitudeMode>relativeToGround</altitudeMode>
				</LookAt>
				<styleUrl>#__managed_style_1F00F1C52540DE0D9CB4</styleUrl>
				<Point>
					<altitudeMode>relativeToGround</altitudeMode>
					<coordinates>-4.781822099999999,37.8756235,0</coordinates>
				</Point>
			</Placemark>
			<Placemark id="089CBC1E923EE4AC7239">
				<gx:mid>/g/11x6hs5j28</gx:mid>
				<gx:fid>0xd6cdf0076e307a9:0xf0d3c90ee52787cb</gx:fid>
				<LookAt>
					<longitude>-4.774597</longitude>
					<latitude>37.883578</latitude>
					<altitude>0</altitude>
					<heading>0</heading>
					<tilt>0</tilt>
					<gx:fovy>35</gx:fovy>
					<range>812.8192476625186</range>
					<altitudeMode>relativeToGround</altitudeMode>
				</LookAt>
				<styleUrl>#__managed_style_0833D987D240DE0D9CB1</styleUrl>
				<Point>
					<altitudeMode>relativeToGround</altitudeMode>
					<coordinates>-4.774597,37.883578,0</coordinates>
				</Point>
			</Placemark>
			<Placemark id="06397C66A53EE4AF4CA8">
				<gx:mid>/g/1v4pv7_l</gx:mid>
				<gx:fid>0xd15a320c0355b31:0x93c491c04497f818</gx:fid>
				<LookAt>
					<longitude>-5.881643899999999</longitude>
					<latitude>39.46059210000001</latitude>
					<altitude>0</altitude>
					<heading>0</heading>
					<tilt>0</tilt>
					<gx:fovy>35</gx:fovy>
					<range>793.4258361570649</range>
					<altitudeMode>relativeToGround</altitudeMode>
				</LookAt>
				<styleUrl>#__managed_style_0833D987D240DE0D9CB1</styleUrl>
				<Point>
					<altitudeMode>relativeToGround</altitudeMode>
					<coordinates>-5.881643899999998,39.4605921,0</coordinates>
				</Point>
			</Placemark>
			<Placemark id="04C4B6F5693EE4B1AA19">
				<gx:mid>/g/11z2yspxk5</gx:mid>
				<gx:fid>0xd15df004e21b16b:0xf9a4df6feba01852</gx:fid>
				<LookAt>
					<longitude>-6.371509999999999</longitude>
					<latitude>39.4751013</latitude>
					<altitude>0</altitude>
					<heading>0</heading>
					<tilt>0</tilt>
					<gx:fovy>35</gx:fovy>
					<range>793.2446777413128</range>
					<altitudeMode>relativeToGround</altitudeMode>
				</LookAt>
				<styleUrl>#__managed_style_0833D987D240DE0D9CB1</styleUrl>
				<Point>
					<altitudeMode>relativeToGround</altitudeMode>
					<coordinates>-6.37151,39.4751013,0</coordinates>
				</Point>
			</Placemark>
			<Placemark id="0D3A0E1C793EE4B2E9BC">
				<gx:mid>/g/11b6h_cv5x</gx:mid>
				<gx:fid>0xd15dfd8db7cb99f:0xade2bb8551cc4a7f</gx:fid>
				<LookAt>
					<longitude>-6.383600799999999</longitude>
					<latitude>39.47172379999999</latitude>
					<altitude>0</altitude>
					<heading>0</heading>
					<tilt>0</tilt>
					<gx:fovy>35</gx:fovy>
					<range>793.2868527908914</range>
					<altitudeMode>relativeToGround</altitudeMode>
				</LookAt>
				<styleUrl>#__managed_style_1F00F1C52540DE0D9CB4</styleUrl>
				<Point>
					<altitudeMode>relativeToGround</altitudeMode>
					<coordinates>-6.3836008,39.4717238,0</coordinates>
				</Point>
			</Placemark>
			<Placemark id="0EF4705EF03EE4B333F8">
				<gx:mid>/g/11b6hw4498</gx:mid>
				<gx:fid>0xd15dfce0eb5ad23:0xa1895cab1b17d123</gx:fid>
				<LookAt>
					<longitude>-6.3708228</longitude>
					<latitude>39.4663324</latitude>
					<altitude>0</altitude>
					<heading>0</heading>
					<tilt>0</tilt>
					<gx:fovy>35</gx:fovy>
					<range>793.3541700146335</range>
					<altitudeMode>relativeToGround</altitudeMode>
				</LookAt>
				<styleUrl>#__managed_style_1F00F1C52540DE0D9CB4</styleUrl>
				<Point>
					<altitudeMode>relativeToGround</altitudeMode>
					<coordinates>-6.3708228,39.4663324,0</coordinates>
				</Point>
			</Placemark>
			<Placemark id="00B9EC39A33EE4B4FFDB">
				<gx:mid>/g/11kqd9tvkg</gx:mid>
				<gx:fid>0xd6a0b1453d08729:0x4072c877f51c7906</gx:fid>
				<LookAt>
					<longitude>-4.034228</longitude>
					<latitude>39.8556893</latitude>
					<altitude>0</altitude>
					<heading>0</heading>
					<tilt>0</tilt>
					<gx:fovy>35</gx:fovy>
					<range>788.4752489089027</range>
					<altitudeMode>relativeToGround</altitudeMode>
				</LookAt>
				<styleUrl>#__managed_style_1DAAFA570140DE0D9CB3</styleUrl>
				<Point>
					<altitudeMode>relativeToGround</altitudeMode>
					<coordinates>-4.034228,39.8556893,0</coordinates>
				</Point>
			</Placemark>
			<Placemark id="028AD033183EE4B5383E">
				<gx:mid>/g/11vcv21ld0</gx:mid>
				<gx:fid>0xd6a0bae145908cd:0x8d278933ec4f17c3</gx:fid>
				<LookAt>
					<longitude>-4.0316572</longitude>
					<latitude>39.8534408</latitude>
					<altitude>0</altitude>
					<heading>0</heading>
					<tilt>0</tilt>
					<gx:fovy>35</gx:fovy>
					<range>788.503525188219</range>
					<altitudeMode>relativeToGround</altitudeMode>
				</LookAt>
				<styleUrl>#__managed_style_1DAAFA570140DE0D9CB3</styleUrl>
				<Point>
					<altitudeMode>relativeToGround</altitudeMode>
					<coordinates>-4.0316572,39.8534408,0</coordinates>
				</Point>
			</Placemark>
			<Placemark id="0C96579A053EE4B57F1F">
				<gx:mid>/g/11xcvld6wt</gx:mid>
				<gx:fid>0xd6a0b0053c0fd9f:0xa03984fda37b111</gx:fid>
				<LookAt>
					<longitude>-4.0278072</longitude>
					<latitude>39.85476120000001</latitude>
					<altitude>0</altitude>
					<heading>0</heading>
					<tilt>0</tilt>
					<gx:fovy>35</gx:fovy>
					<range>788.4869204825792</range>
					<altitudeMode>relativeToGround</altitudeMode>
				</LookAt>
				<styleUrl>#__managed_style_1DAAFA570140DE0D9CB3</styleUrl>
				<Point>
					<altitudeMode>relativeToGround</altitudeMode>
					<coordinates>-4.027866059682203,39.85478746535407,0</coordinates>
				</Point>
			</Placemark>
			<Placemark id="010A38DA093EE4B630BF">
				<gx:mid>/m/03wbtpr</gx:mid>
				<gx:fid>0xd6a0b092ce34d4b:0x2ca2d3c13da2b239</gx:fid>
				<LookAt>
					<longitude>-4.0341684</longitude>
					<latitude>39.856699</latitude>
					<altitude>0</altitude>
					<heading>0</heading>
					<tilt>0</tilt>
					<gx:fovy>35</gx:fovy>
					<range>788.4625509260484</range>
					<altitudeMode>relativeToGround</altitudeMode>
				</LookAt>
				<styleUrl>#__managed_style_33A66D2EAC40DE0D9CB8</styleUrl>
				<Point>
					<altitudeMode>relativeToGround</altitudeMode>
					<coordinates>-4.0341684,39.856699,0</coordinates>
				</Point>
			</Placemark>
			<Placemark id="0FF88A92793EE4B68F90">
				<gx:mid>/g/11hyfpbbxy</gx:mid>
				<gx:fid>0xd6a0bf1a21e842b:0x693f1acc669f920f</gx:fid>
				<LookAt>
					<longitude>-4.0341486</longitude>
					<latitude>39.8577938</latitude>
					<altitude>0</altitude>
					<heading>0</heading>
					<tilt>0</tilt>
					<gx:fovy>35</gx:fovy>
					<range>788.4487824595918</range>
					<altitudeMode>relativeToGround</altitudeMode>
				</LookAt>
				<styleUrl>#__managed_style_1DAAFA570140DE0D9CB3</styleUrl>
				<Point>
					<altitudeMode>relativeToGround</altitudeMode>
					<coordinates>-4.0341486,39.8577938,0</coordinates>
				</Point>
			</Placemark>
			<Placemark id="092D47FB203EE4B75B48">
				<gx:mid>/g/11h7z20ytw</gx:mid>
				<gx:fid>0xd6a0bd051c95c23:0xe3403878ffeac157</gx:fid>
				<LookAt>
					<longitude>-4.0172276</longitude>
					<latitude>39.8610217</latitude>
					<altitude>0</altitude>
					<heading>0</heading>
					<tilt>0</tilt>
					<gx:fovy>35</gx:fovy>
					<range>788.4081860046452</range>
					<altitudeMode>relativeToGround</altitudeMode>
				</LookAt>
				<styleUrl>#__managed_style_1DAAFA570140DE0D9CB3</styleUrl>
				<Point>
					<altitudeMode>relativeToGround</altitudeMode>
					<coordinates>-4.0172276,39.86102169999999,0</coordinates>
				</Point>
			</Placemark>
			<Placemark id="0B383207473EE4B83B1E">
				<gx:mid>/g/11c317g6xc</gx:mid>
				<gx:fid>0xd6a0ba81d0849a5:0x990a5f665772ff58</gx:fid>
				<LookAt>
					<longitude>-4.0286041</longitude>
					<latitude>39.8608315</latitude>
					<altitude>0</altitude>
					<heading>0</heading>
					<tilt>0</tilt>
					<gx:fovy>35</gx:fovy>
					<range>788.4105781671431</range>
					<altitudeMode>relativeToGround</altitudeMode>
				</LookAt>
				<styleUrl>#__managed_style_1DAAFA570140DE0D9CB3</styleUrl>
				<Point>
					<altitudeMode>relativeToGround</altitudeMode>
					<coordinates>-4.0286041,39.8608315,0</coordinates>
				</Point>
			</Placemark>
			<Placemark id="080FD3D4E03EE4B94B09">
				<gx:mid>/g/11x9v7nlq</gx:mid>
				<gx:fid>0xd6a0ba69342529b:0x3cbc68e07ab427a0</gx:fid>
				<LookAt>
					<longitude>-4.024881600000001</longitude>
					<latitude>39.8568843</latitude>
					<altitude>0</altitude>
					<heading>0</heading>
					<tilt>0</tilt>
					<gx:fovy>35</gx:fovy>
					<range>788.4602205684458</range>
					<altitudeMode>relativeToGround</altitudeMode>
				</LookAt>
				<styleUrl>#__managed_style_0833D987D240DE0D9CB1</styleUrl>
				<Point>
					<altitudeMode>relativeToGround</altitudeMode>
					<coordinates>-4.024754306553562,39.8568584092145,0</coordinates>
				</Point>
			</Placemark>
			<Placemark id="0DCA563F503EE4B9D4DB">
				<gx:mid>/g/11xzy9q4sy</gx:mid>
				<gx:fid>0xd6a0b0017b974f1:0xcefff6247d9b471a</gx:fid>
				<LookAt>
					<longitude>-4.021292799999999</longitude>
					<latitude>39.8596204</latitude>
					<altitude>0</altitude>
					<heading>0</heading>
					<tilt>0</tilt>
					<gx:fovy>35</gx:fovy>
					<range>788.4258100845273</range>
					<altitudeMode>relativeToGround</altitudeMode>
				</LookAt>
				<styleUrl>#__managed_style_0833D987D240DE0D9CB1</styleUrl>
				<Point>
					<altitudeMode>relativeToGround</altitudeMode>
					<coordinates>-4.021290017384311,39.85963983531528,0</coordinates>
				</Point>
			</Placemark>
			<Placemark id="09358907483EE4BA7A41">
				<gx:mid>/g/11b6hvypwm</gx:mid>
				<gx:fid>0xd6a0b752d42008f:0x4775d79c1fbd013a</gx:fid>
				<LookAt>
					<longitude>-4.0218798</longitude>
					<latitude>39.8503616</latitude>
					<altitude>0</altitude>
					<heading>0</heading>
					<tilt>0</tilt>
					<gx:fovy>35</gx:fovy>
					<range>788.5422461374583</range>
					<altitudeMode>relativeToGround</altitudeMode>
				</LookAt>
				<styleUrl>#__managed_style_1DAAFA570140DE0D9CB3</styleUrl>
				<Point>
					<altitudeMode>relativeToGround</altitudeMode>
					<coordinates>-4.0218798,39.8503616,0</coordinates>
				</Point>
			</Placemark>
			<Placemark id="00347FAFD03EE4BAC733">
				<gx:mid>/g/11s61t15qn</gx:mid>
				<gx:fid>0xd6a0b9d7cc1258f:0x4ea461be7cd70fb1</gx:fid>
				<LookAt>
					<longitude>-4.0295704</longitude>
					<latitude>39.8505018</latitude>
					<altitude>0</altitude>
					<heading>0</heading>
					<tilt>0</tilt>
					<gx:fovy>35</gx:fovy>
					<range>788.5404831696809</range>
					<altitudeMode>relativeToGround</altitudeMode>
				</LookAt>
				<styleUrl>#__managed_style_1DAAFA570140DE0D9CB3</styleUrl>
				<Point>
					<altitudeMode>relativeToGround</altitudeMode>
					<coordinates>-4.0295704,39.8505018,0</coordinates>
				</Point>
			</Placemark>
			<Placemark id="094B651F0B3EE4C26A6E">
				<gx:mid>/g/11y31gb6y</gx:mid>
				<gx:fid>0xd40f304ce25e2e1:0x3c2fca48ad0e4157</gx:fid>
				<LookAt>
					<longitude>-4.696452</longitude>
					<latitude>40.6540641</latitude>
					<altitude>0</altitude>
					<heading>0</heading>
					<tilt>0</tilt>
					<gx:fovy>35</gx:fovy>
					<range>778.3617861637878</range>
					<altitudeMode>relativeToGround</altitudeMode>
				</LookAt>
				<styleUrl>#__managed_style_0833D987D240DE0D9CB1</styleUrl>
				<Point>
					<altitudeMode>relativeToGround</altitudeMode>
					<coordinates>-4.696069969908077,40.65441867770848,0</coordinates>
				</Point>
			</Placemark>
			<Placemark id="076908AD253EE4C31D2F">
				<gx:mid>/g/11hbh8_0qb</gx:mid>
				<gx:fid>0xd40f31b29297525:0x30959e4b0b3c94a0</gx:fid>
				<LookAt>
					<longitude>-4.6971931</longitude>
					<latitude>40.6537969</latitude>
					<altitude>0</altitude>
					<heading>0</heading>
					<tilt>0</tilt>
					<gx:fovy>35</gx:fovy>
					<range>778.3651952601938</range>
					<altitudeMode>relativeToGround</altitudeMode>
				</LookAt>
				<styleUrl>#__managed_style_1DAAFA570140DE0D9CB3</styleUrl>
				<Point>
					<altitudeMode>relativeToGround</altitudeMode>
					<coordinates>-4.6971931,40.6537969,0</coordinates>
				</Point>
			</Placemark>
			<Placemark id="0B29AFA9E83EE4C36D5E">
				<name>Mirador Paseo del Rastro</name>
				<LookAt>
					<longitude>-4.698444909719877</longitude>
					<latitude>40.65388102035263</latitude>
					<altitude>1117.38029488351</altitude>
					<heading>0</heading>
					<tilt>0</tilt>
					<gx:fovy>35</gx:fovy>
					<range>210.4389274030837</range>
					<altitudeMode>absolute</altitudeMode>
				</LookAt>
				<styleUrl>#__managed_style_0E97152A3F40DE0D9CB8</styleUrl>
				<LineString>
					<coordinates>
						-4.696984537605021,40.6543332880394,0 -4.697145774955103,40.65385042818651,0 -4.697315445435968,40.65380820754942,0 -4.699699825851997,40.6541452783671,0 -4.700816787230167,40.65431001657372,0 
					</coordinates>
				</LineString>
			</Placemark>
			<Placemark id="0B649CA53B3EE4C3A576">
				<gx:mid>/g/11fkwvy0v_</gx:mid>
				<gx:fid>0xd40f3d209a2780d:0xa5dde527295d93b9</gx:fid>
				<LookAt>
					<longitude>-4.698557699999999</longitude>
					<latitude>40.65399569999999</latitude>
					<altitude>0</altitude>
					<heading>0</heading>
					<tilt>0</tilt>
					<gx:fovy>35</gx:fovy>
					<range>778.3626588531807</range>
					<altitudeMode>relativeToGround</altitudeMode>
				</LookAt>
				<styleUrl>#__managed_style_0833D987D240DE0D9CB1</styleUrl>
				<Point>
					<altitudeMode>relativeToGround</altitudeMode>
					<coordinates>-4.698557699999999,40.6539957,0</coordinates>
				</Point>
			</Placemark>
			<Placemark id="00B2DE00533EE4C3FBAB">
				<gx:mid>/m/02qt7cx</gx:mid>
				<gx:fid>0xd40f31b5ff81593:0x37522fc5e6bcad3a</gx:fid>
				<LookAt>
					<longitude>-4.697641700000001</longitude>
					<latitude>40.655828</latitude>
					<altitude>0</altitude>
					<heading>0</heading>
					<tilt>0</tilt>
					<gx:fovy>35</gx:fovy>
					<range>778.33928087341</range>
					<altitudeMode>relativeToGround</altitudeMode>
				</LookAt>
				<styleUrl>#__managed_style_16528C8C7A40DE0D9CB7</styleUrl>
				<Point>
					<altitudeMode>relativeToGround</altitudeMode>
					<coordinates>-4.6976417,40.655828,0</coordinates>
				</Point>
			</Placemark>
			<Placemark id="08EC354E1B3EE4C47CEE">
				<gx:mid>/g/11ckqmpr51</gx:mid>
				<gx:fid>0xd40f31c719429df:0x7a31a6c2b469c088</gx:fid>
				<LookAt>
					<longitude>-4.700219249999999</longitude>
					<latitude>40.6564201</latitude>
					<altitude>0</altitude>
					<heading>0</heading>
					<tilt>0</tilt>
					<gx:fovy>35</gx:fovy>
					<range>778.3317262154599</range>
					<altitudeMode>relativeToGround</altitudeMode>
				</LookAt>
				<styleUrl>#__managed_style_0833D987D240DE0D9CB1</styleUrl>
				<Point>
					<altitudeMode>relativeToGround</altitudeMode>
					<coordinates>-4.7001932,40.6564689,0</coordinates>
				</Point>
			</Placemark>
			<Placemark id="098801A1AE3EE4C64299">
				<gx:mid>/g/11yb_0tc1b</gx:mid>
				<gx:fid>0xd413f0065c9e9f7:0xe2cba42918125254</gx:fid>
				<LookAt>
					<longitude>-4.1240511</longitude>
					<latitude>40.9502602</latitude>
					<altitude>0</altitude>
					<heading>0</heading>
					<tilt>0</tilt>
					<gx:fovy>35</gx:fovy>
					<range>774.5728186590712</range>
					<altitudeMode>relativeToGround</altitudeMode>
				</LookAt>
				<styleUrl>#__managed_style_0833D987D240DE0D9CB1</styleUrl>
				<Point>
					<altitudeMode>relativeToGround</altitudeMode>
					<coordinates>-4.1240511,40.9502602,0</coordinates>
				</Point>
			</Placemark>
			<Placemark id="075B04FE113EE4C695D0">
				<gx:mid>/g/11h6tmk2j1</gx:mid>
				<gx:fid>0xd413f468bedc0b9:0xc2adac29b002d89a</gx:fid>
				<LookAt>
					<longitude>-4.1260512</longitude>
					<latitude>40.9502964</latitude>
					<altitude>0</altitude>
					<heading>0</heading>
					<tilt>0</tilt>
					<gx:fovy>35</gx:fovy>
					<range>774.5723543768573</range>
					<altitudeMode>relativeToGround</altitudeMode>
				</LookAt>
				<styleUrl>#__managed_style_16528C8C7A40DE0D9CB7</styleUrl>
				<Point>
					<altitudeMode>relativeToGround</altitudeMode>
					<coordinates>-4.1257635,40.9505202,0</coordinates>
				</Point>
			</Placemark>
			<Placemark id="0BA4CAB5DB3EE4C6CF9C">
				<gx:mid>/g/11ddx906ld</gx:mid>
				<gx:fid>0xd413ec0ce86dae3:0xad44dc4ef2b50b73</gx:fid>
				<LookAt>
					<longitude>-4.128989799999999</longitude>
					<latitude>40.9502834</latitude>
					<altitude>0</altitude>
					<heading>0</heading>
					<tilt>0</tilt>
					<gx:fovy>35</gx:fovy>
					<range>774.5725211080729</range>
					<altitudeMode>relativeToGround</altitudeMode>
				</LookAt>
				<styleUrl>#__managed_style_1D16B8BDC340DE0D9CB8</styleUrl>
				<Point>
					<altitudeMode>relativeToGround</altitudeMode>
					<coordinates>-4.128989799999999,40.9502834,0</coordinates>
				</Point>
			</Placemark>
			<Placemark id="0085B4E7F33EE4C712CE">
				<gx:mid>/g/11l6j6pdy9</gx:mid>
				<gx:fid>0xd413ffd53bc9d0b:0x1ce718d58290a312</gx:fid>
				<LookAt>
					<longitude>-4.1284216</longitude>
					<latitude>40.95034810000001</latitude>
					<altitude>0</altitude>
					<heading>0</heading>
					<tilt>0</tilt>
					<gx:fovy>35</gx:fovy>
					<range>774.571691299261</range>
					<altitudeMode>relativeToGround</altitudeMode>
				</LookAt>
				<styleUrl>#__managed_style_1DAAFA570140DE0D9CB3</styleUrl>
				<Point>
					<altitudeMode>relativeToGround</altitudeMode>
					<coordinates>-4.1284216,40.9503481,0</coordinates>
				</Point>
			</Placemark>
			<Placemark id="0591BF9E223EE4C78C28">
				<gx:mid>/g/11g4c6_31l</gx:mid>
				<gx:fid>0xd413feca88d0f8f:0xf5e43447c560826a</gx:fid>
				<LookAt>
					<longitude>-4.1302039</longitude>
					<latitude>40.9524032</latitude>
					<altitude>0</altitude>
					<heading>0</heading>
					<tilt>0</tilt>
					<gx:fovy>35</gx:fovy>
					<range>774.5453331575147</range>
					<altitudeMode>relativeToGround</altitudeMode>
				</LookAt>
				<styleUrl>#__managed_style_0833D987D240DE0D9CB1</styleUrl>
				<Point>
					<altitudeMode>relativeToGround</altitudeMode>
					<coordinates>-4.130920092073529,40.95230195725161,0</coordinates>
				</Point>
			</Placemark>
			<Placemark id="030D1EAD333EE4C9A7DC">
				<gx:mid>/g/11c459zxfp</gx:mid>
				<gx:fid>0xd413edd2d931499:0x42471793859d29fb</gx:fid>
				<LookAt>
					<longitude>-4.120414</longitude>
					<latitude>40.9478009</latitude>
					<altitude>0</altitude>
					<heading>0</heading>
					<tilt>0</tilt>
					<gx:fovy>35</gx:fovy>
					<range>774.6043596611864</range>
					<altitudeMode>relativeToGround</altitudeMode>
				</LookAt>
				<styleUrl>#__managed_style_1DAAFA570140DE0D9CB3</styleUrl>
				<Point>
					<altitudeMode>relativeToGround</altitudeMode>
					<coordinates>-4.120414,40.9478009,0</coordinates>
				</Point>
			</Placemark>
			<Placemark id="059A37CE113EE4CA6D6B">
				<name>שדרה מרכזית</name>
				<LookAt>
					<longitude>-4.120489893869173</longitude>
					<latitude>40.94914910774467</latitude>
					<altitude>1007.758102329399</altitude>
					<heading>0</heading>
					<tilt>0</tilt>
					<gx:fovy>35</gx:fovy>
					<range>2197.900225751801</range>
					<altitudeMode>absolute</altitudeMode>
				</LookAt>
				<styleUrl>#__managed_style_0E97152A3F40DE0D9CB8</styleUrl>
				<LineString>
					<coordinates>
						-4.118429903804575,40.9478550862782,0 -4.119077947522922,40.94788171036979,0 -4.119551646548027,40.94788964183512,0 -4.120024317047678,40.94783003035431,0 -4.120560319585592,40.94784769118392,0 -4.120733162093298,40.94804048452424,0 -4.121073901284231,40.94818456889221,0 -4.12158695110298,40.9484906019631,0 -4.121742858419926,40.94862128481672,0 -4.122443775084776,40.94902303812805,0 -4.122729794316594,40.94910489744406,0 -4.123477041845898,40.94932298748091,0 -4.123668566935016,40.94946514653963,0 -4.123673874676992,40.94954984972826,0 -4.124128079123645,40.95009128862253,0 
					</coordinates>
				</LineString>
			</Placemark>
			<Placemark id="02F64E8FBE3EE4CBC1D8">
				<gx:mid>/g/11cs1vmjr0</gx:mid>
				<gx:fid>0xd4156a444883a25:0x846e901a3f151b51</gx:fid>
				<LookAt>
					<longitude>-3.8112033</longitude>
					<latitude>41.1308722</latitude>
					<altitude>0</altitude>
					<heading>0</heading>
					<tilt>0</tilt>
					<gx:fovy>35</gx:fovy>
					<range>772.2527236678143</range>
					<altitudeMode>relativeToGround</altitudeMode>
				</LookAt>
				<styleUrl>#__managed_style_0833D987D240DE0D9CB1</styleUrl>
				<Point>
					<altitudeMode>relativeToGround</altitudeMode>
					<coordinates>-3.8112033,41.1308722,0</coordinates>
				</Point>
			</Placemark>
			<Placemark id="0630B5BFE83EE4CBFAA0">
				<gx:mid>/g/11gly8l8_l</gx:mid>
				<gx:fid>0xd415778da5f77ff:0x8d0111911cc25bbf</gx:fid>
				<LookAt>
					<longitude>-3.8105618</longitude>
					<latitude>41.1299641</latitude>
					<altitude>0</altitude>
					<heading>0</heading>
					<tilt>0</tilt>
					<gx:fovy>35</gx:fovy>
					<range>772.2644071707062</range>
					<altitudeMode>relativeToGround</altitudeMode>
				</LookAt>
				<styleUrl>#__managed_style_1DAAFA570140DE0D9CB3</styleUrl>
				<Point>
					<altitudeMode>relativeToGround</altitudeMode>
					<coordinates>-3.8105618,41.1299641,0</coordinates>
				</Point>
			</Placemark>
			<Placemark id="023EE2C5563EE4CC2D80">
				<gx:mid>/g/12lnhjj08</gx:mid>
				<gx:fid>0xd41571b45e7194f:0xef8c9a8bf7c6bbf6</gx:fid>
				<LookAt>
					<longitude>-3.81423</longitude>
					<latitude>41.13254</latitude>
					<altitude>0</altitude>
					<heading>0</heading>
					<tilt>0</tilt>
					<gx:fovy>35</gx:fovy>
					<range>772.2312654775698</range>
					<altitudeMode>relativeToGround</altitudeMode>
				</LookAt>
				<styleUrl>#__managed_style_0833D987D240DE0D9CB1</styleUrl>
				<Point>
					<altitudeMode>relativeToGround</altitudeMode>
					<coordinates>-3.81423,41.13254,0</coordinates>
				</Point>
			</Placemark>
			<Placemark id="0ED019C8F93EE4CE6658">
				<gx:mid>/g/11w21gc3p9</gx:mid>
				<gx:fid>0xd4345002b4930dd:0xcc071b2ee8b2585c</gx:fid>
				<LookAt>
					<longitude>-2.6405503</longitude>
					<latitude>41.0682874</latitude>
					<altitude>0</altitude>
					<heading>0</heading>
					<tilt>0</tilt>
					<gx:fovy>35</gx:fovy>
					<range>773.0574999379852</range>
					<altitudeMode>relativeToGround</altitudeMode>
				</LookAt>
				<styleUrl>#__managed_style_0833D987D240DE0D9CB1</styleUrl>
				<Point>
					<altitudeMode>relativeToGround</altitudeMode>
					<coordinates>-2.6405503,41.0682874,0</coordinates>
				</Point>
			</Placemark>
			<Placemark id="0EB71BF26C3EE4CEB473">
				<gx:mid>/g/11yqs1hb6y</gx:mid>
				<gx:fid>0xd4345004070b289:0xea4b1cbcdefc31b6</gx:fid>
				<LookAt>
					<longitude>-2.6407668</longitude>
					<latitude>41.0647071</latitude>
					<altitude>0</altitude>
					<heading>0</heading>
					<tilt>0</tilt>
					<gx:fovy>35</gx:fovy>
					<range>773.1035123885827</range>
					<altitudeMode>relativeToGround</altitudeMode>
				</LookAt>
				<styleUrl>#__managed_style_1DAAFA570140DE0D9CB3</styleUrl>
				<Point>
					<altitudeMode>relativeToGround</altitudeMode>
					<coordinates>-2.6407668,41.0647071,0</coordinates>
				</Point>
			</Placemark>
			<Placemark id="063FF7EFA53EE4CECBC8">
				<gx:mid>/g/11k9g1tvyh</gx:mid>
				<gx:fid>0xd4345754612a6b1:0x62afed70ef16507a</gx:fid>
				<LookAt>
					<longitude>-2.6410717</longitude>
					<latitude>41.0639409</latitude>
					<altitude>0</altitude>
					<heading>0</heading>
					<tilt>0</tilt>
					<gx:fovy>35</gx:fovy>
					<range>773.1133588828585</range>
					<altitudeMode>relativeToGround</altitudeMode>
				</LookAt>
				<styleUrl>#__managed_style_0833D987D240DE0D9CB1</styleUrl>
				<Point>
					<altitudeMode>relativeToGround</altitudeMode>
					<coordinates>-2.6413554,41.0642939,0</coordinates>
				</Point>
			</Placemark>
			<Placemark id="02A2FB9AAD3EE4CFDA8C">
				<gx:mid>/m/0510lz</gx:mid>
				<gx:fid>0xc6a9f99a43507b5:0x8a9085b696593001</gx:fid>
				<LookAt>
					<longitude>-16.5725303</longitude>
					<latitude>28.0467575</latitude>
					<altitude>0</altitude>
					<heading>0</heading>
					<tilt>0</tilt>
					<gx:fovy>35</gx:fovy>
					<range>919.3385942895912</range>
					<altitudeMode>relativeToGround</altitudeMode>
				</LookAt>
				<styleUrl>#__managed_style_3EA7CF16D140DE0D9CBC</styleUrl>
				<Point>
					<altitudeMode>relativeToGround</altitudeMode>
					<coordinates>-16.5725303,28.0467575,0</coordinates>
				</Point>
			</Placemark>
			<Placemark id="0E6FE53B3F3EE4D08069">
				<gx:mid>/g/11bw4v92j8</gx:mid>
				<gx:fid>0xc6a9f7f5cebb303:0x4059c52debacc7de</gx:fid>
				<LookAt>
					<longitude>-16.5826114</longitude>
					<latitude>28.0291517</latitude>
					<altitude>0</altitude>
					<heading>0</heading>
					<tilt>0</tilt>
					<gx:fovy>35</gx:fovy>
					<range>919.5052002548496</range>
					<altitudeMode>relativeToGround</altitudeMode>
				</LookAt>
				<styleUrl>#__managed_style_0833D987D240DE0D9CB1</styleUrl>
				<Point>
					<altitudeMode>relativeToGround</altitudeMode>
					<coordinates>-16.5826114,28.0291517,0</coordinates>
				</Point>
			</Placemark>
			<Placemark id="0FD657B9013EE4D0C80F">
				<gx:mid>/g/11c52yhn2j</gx:mid>
				<gx:fid>0xc6aa01d0dc9dafb:0x51edf13155f0c9b8</gx:fid>
				<LookAt>
					<longitude>-16.5489849</longitude>
					<latitude>28.0270939</latitude>
					<altitude>0</altitude>
					<heading>0</heading>
					<tilt>0</tilt>
					<gx:fovy>35</gx:fovy>
					<range>919.5246675528317</range>
					<altitudeMode>relativeToGround</altitudeMode>
				</LookAt>
				<styleUrl>#__managed_style_1DAAFA570140DE0D9CB3</styleUrl>
				<Point>
					<altitudeMode>relativeToGround</altitudeMode>
					<coordinates>-16.5489849,28.0270939,0</coordinates>
				</Point>
			</Placemark>
			<Placemark id="00E05FE42F3EE4D1AD30">
				<gx:mid>/g/11b5wchy_g</gx:mid>
				<gx:fid>0xc6a9ffb307f9d13:0x46679d0a771a054a</gx:fid>
				<LookAt>
					<longitude>-16.5384166</longitude>
					<latitude>28.04427895</latitude>
					<altitude>0</altitude>
					<heading>0</heading>
					<tilt>0</tilt>
					<gx:fovy>35</gx:fovy>
					<range>4861.414881983486</range>
					<altitudeMode>relativeToGround</altitudeMode>
				</LookAt>
				<styleUrl>#__managed_style_338D6BD7BC40DE0D9CB4</styleUrl>
				<Point>
					<altitudeMode>relativeToGround</altitudeMode>
					<coordinates>-16.5384166,28.04427939999999,0</coordinates>
				</Point>
			</Placemark>
			<Placemark id="007F0B145F3EE4D40AC6">
				<gx:mid>/g/11yg4cjsm1</gx:mid>
				<gx:fid>0xc402d004121a851:0x18375e5520abca0f</gx:fid>
				<LookAt>
					<longitude>-16.3696577</longitude>
					<latitude>28.3506208</latitude>
					<altitude>0</altitude>
					<heading>0</heading>
					<tilt>0</tilt>
					<gx:fovy>35</gx:fovy>
					<range>916.4488053748809</range>
					<altitudeMode>relativeToGround</altitudeMode>
				</LookAt>
				<styleUrl>#__managed_style_1DAAFA570140DE0D9CB3</styleUrl>
				<Point>
					<altitudeMode>relativeToGround</altitudeMode>
					<coordinates>-16.3696577,28.3506208,0</coordinates>
				</Point>
			</Placemark>
			<Placemark id="09726EBE283EE4D47644">
				<gx:mid>/g/11r9m9nngj</gx:mid>
				<gx:fid>0xc402d082239eaaf:0xb8e777c7302fcf4c</gx:fid>
				<LookAt>
					<longitude>-16.3698676</longitude>
					<latitude>28.3518046</latitude>
					<altitude>0</altitude>
					<heading>0</heading>
					<tilt>0</tilt>
					<gx:fovy>35</gx:fovy>
					<range>916.4374945034009</range>
					<altitudeMode>relativeToGround</altitudeMode>
				</LookAt>
				<styleUrl>#__managed_style_0833D987D240DE0D9CB1</styleUrl>
				<Point>
					<altitudeMode>relativeToGround</altitudeMode>
					<coordinates>-16.3698676,28.3518046,0</coordinates>
				</Point>
			</Placemark>
			<Placemark id="082C3A2B6A3EE4D58450">
				<gx:mid>/g/11c525cw29</gx:mid>
				<gx:fid>0xc402d46f7ed0de3:0x344a0d979de9efd7</gx:fid>
				<LookAt>
					<longitude>-16.3661943</longitude>
					<latitude>28.40066959999999</latitude>
					<altitude>0</altitude>
					<heading>0</heading>
					<tilt>0</tilt>
					<gx:fovy>35</gx:fovy>
					<range>915.9702468241014</range>
					<altitudeMode>relativeToGround</altitudeMode>
				</LookAt>
				<styleUrl>#__managed_style_1DAAFA570140DE0D9CB3</styleUrl>
				<Point>
					<altitudeMode>relativeToGround</altitudeMode>
					<coordinates>-16.3661943,28.4006696,0</coordinates>
				</Point>
			</Placemark>
			<Placemark id="06929CF38E3EE4D64620">
				<gx:mid>/m/028bb_c</gx:mid>
				<gx:fid>0xc41cc9f41e2e8ef:0x4c271972254b12b6</gx:fid>
				<LookAt>
					<longitude>-16.2563552</longitude>
					<latitude>28.4522953</latitude>
					<altitude>0</altitude>
					<heading>0</heading>
					<tilt>0</tilt>
					<gx:fovy>35</gx:fovy>
					<range>915.4758453874848</range>
					<altitudeMode>relativeToGround</altitudeMode>
				</LookAt>
				<styleUrl>#__managed_style_1F00F1C52540DE0D9CB4</styleUrl>
				<Point>
					<altitudeMode>relativeToGround</altitudeMode>
					<coordinates>-16.2563552,28.4522953,0</coordinates>
				</Point>
			</Placemark>
			<Placemark id="0D5A423C973EE4D6AAE8">
				<gx:mid>/g/11rr2vw8xb</gx:mid>
				<gx:fid>0xc41cd092334dc99:0x4db58e95d7837eef</gx:fid>
				<LookAt>
					<longitude>-16.2546431</longitude>
					<latitude>28.4526298</latitude>
					<altitude>0</altitude>
					<heading>0</heading>
					<tilt>0</tilt>
					<gx:fovy>35</gx:fovy>
					<range>915.4726394657755</range>
					<altitudeMode>relativeToGround</altitudeMode>
				</LookAt>
				<styleUrl>#__managed_style_1DAAFA570140DE0D9CB3</styleUrl>
				<Point>
					<altitudeMode>relativeToGround</altitudeMode>
					<coordinates>-16.2546431,28.4526298,0</coordinates>
				</Point>
			</Placemark>
			<Placemark id="02257E80753EE4D6F9C1">
				<gx:mid>/m/0dljh6s</gx:mid>
				<gx:fid>0xc41cdab608b0ad7:0x8eb0a9e6feedf499</gx:fid>
				<LookAt>
					<longitude>-16.2523846</longitude>
					<latitude>28.4554121</latitude>
					<altitude>0</altitude>
					<heading>0</heading>
					<tilt>0</tilt>
					<gx:fovy>35</gx:fovy>
					<range>915.4459720269627</range>
					<altitudeMode>relativeToGround</altitudeMode>
				</LookAt>
				<styleUrl>#__managed_style_0833D987D240DE0D9CB1</styleUrl>
				<Point>
					<altitudeMode>relativeToGround</altitudeMode>
					<coordinates>-16.2523846,28.4554121,0</coordinates>
				</Point>
			</Placemark>
			<Placemark id="0616EE6F233EE4D74B2C">
				<gx:mid>/m/05v3xq</gx:mid>
				<gx:fid>0xc41cdf4feec1d6f:0x1c5c91797353b078</gx:fid>
				<LookAt>
					<longitude>-16.3427673</longitude>
					<latitude>28.4838073</latitude>
					<altitude>0</altitude>
					<heading>0</heading>
					<tilt>0</tilt>
					<gx:fovy>35</gx:fovy>
					<range>915.1736844225288</range>
					<altitudeMode>relativeToGround</altitudeMode>
				</LookAt>
				<styleUrl>#__managed_style_3EA7CF16D140DE0D9CBC</styleUrl>
				<Point>
					<altitudeMode>relativeToGround</altitudeMode>
					<coordinates>-16.3427673,28.4838073,0</coordinates>
				</Point>
			</Placemark>
			<Placemark id="0A86C55D083EE4D8016C">
				<gx:mid>/g/11vrl4yv_s</gx:mid>
				<gx:fid>0xc41cb006c7c1105:0x7fa39941d751334e</gx:fid>
				<LookAt>
					<longitude>-16.2472433</longitude>
					<latitude>28.4672117</latitude>
					<altitude>0</altitude>
					<heading>0</heading>
					<tilt>0</tilt>
					<gx:fovy>35</gx:fovy>
					<range>915.3328516583075</range>
					<altitudeMode>relativeToGround</altitudeMode>
				</LookAt>
				<styleUrl>#__managed_style_0833D987D240DE0D9CB1</styleUrl>
				<Point>
					<altitudeMode>relativeToGround</altitudeMode>
					<coordinates>-16.2472433,28.4672117,0</coordinates>
				</Point>
			</Placemark>
			<Placemark id="001B74DA033EE4D8488C">
				<gx:mid>/m/0c3y3ty</gx:mid>
				<gx:fid>0xc41cd938dda2691:0xa598427a0e87f63a</gx:fid>
				<LookAt>
					<longitude>-16.2535446</longitude>
					<latitude>28.4720365</latitude>
					<altitude>0</altitude>
					<heading>0</heading>
					<tilt>0</tilt>
					<gx:fovy>35</gx:fovy>
					<range>915.2865856052848</range>
					<altitudeMode>relativeToGround</altitudeMode>
				</LookAt>
				<styleUrl>#__managed_style_1F00F1C52540DE0D9CB4</styleUrl>
				<Point>
					<altitudeMode>relativeToGround</altitudeMode>
					<coordinates>-16.2535446,28.4720365,0</coordinates>
				</Point>
			</Placemark>
			<Placemark id="04C9631BA13EE4D86A98">
				<gx:mid>/g/11dd_v75t2</gx:mid>
				<gx:fid>0xc41cb7f5f84d6d5:0x357fb8c8c73afbb3</gx:fid>
				<LookAt>
					<longitude>-16.2477571</longitude>
					<latitude>28.4753925</latitude>
					<altitude>0</altitude>
					<heading>0</heading>
					<tilt>0</tilt>
					<gx:fovy>35</gx:fovy>
					<range>915.2544001979192</range>
					<altitudeMode>relativeToGround</altitudeMode>
				</LookAt>
				<styleUrl>#__managed_style_1D16B8BDC340DE0D9CB8</styleUrl>
				<Point>
					<altitudeMode>relativeToGround</altitudeMode>
					<coordinates>-16.2478443,28.475368,0</coordinates>
				</Point>
			</Placemark>
			<Placemark id="0D195C01F33EE4D8B1B8">
				<gx:mid>/g/11c59wdxnt</gx:mid>
				<gx:fid>0xc41cb84c36c767f:0x7e183b9a8a7e39a</gx:fid>
				<LookAt>
					<longitude>-16.2408436</longitude>
					<latitude>28.4839704</latitude>
					<altitude>0</altitude>
					<heading>0</heading>
					<tilt>0</tilt>
					<gx:fovy>35</gx:fovy>
					<range>915.1721197440833</range>
					<altitudeMode>relativeToGround</altitudeMode>
				</LookAt>
				<styleUrl>#__managed_style_1DAAFA570140DE0D9CB3</styleUrl>
				<Point>
					<altitudeMode>relativeToGround</altitudeMode>
					<coordinates>-16.2408436,28.4839704,0</coordinates>
				</Point>
			</Placemark>
			<Placemark id="06B73A17A53EE4DF5590">
				<gx:mid>/g/11h6f7nx13</gx:mid>
				<gx:fid>0xc41cd03ebb6a08f:0x91cbec84dc719500</gx:fid>
				<LookAt>
					<longitude>-16.2605689</longitude>
					<latitude>28.4754063</latitude>
					<altitude>0</altitude>
					<heading>0</heading>
					<tilt>0</tilt>
					<gx:fovy>35</gx:fovy>
					<range>915.2542678435283</range>
					<altitudeMode>relativeToGround</altitudeMode>
				</LookAt>
				<styleUrl>#__managed_style_1DAAFA570140DE0D9CB3</styleUrl>
				<Point>
					<altitudeMode>relativeToGround</altitudeMode>
					<coordinates>-16.2605689,28.4754063,0</coordinates>
				</Point>
			</Placemark>
			<Placemark id="06718B45F73EE4DF9188">
				<gx:mid>/g/11s33j72xw</gx:mid>
				<gx:fid>0xc41cded2f7098a1:0x377407bbd7e13f60</gx:fid>
				<LookAt>
					<longitude>-16.2685931</longitude>
					<latitude>28.47468809999999</latitude>
					<altitude>0</altitude>
					<heading>0</heading>
					<tilt>0</tilt>
					<gx:fovy>35</gx:fovy>
					<range>915.2611559527568</range>
					<altitudeMode>relativeToGround</altitudeMode>
				</LookAt>
				<styleUrl>#__managed_style_1DAAFA570140DE0D9CB3</styleUrl>
				<Point>
					<altitudeMode>relativeToGround</altitudeMode>
					<coordinates>-16.2685931,28.4746881,0</coordinates>
				</Point>
			</Placemark>
			<Placemark id="0C74EFC12E3EE4E020DF">
				<gx:mid>/g/11cmsd56kh</gx:mid>
				<gx:fid>0xc41cdb70dffe703:0x4ce4ee6d71e19491</gx:fid>
				<LookAt>
					<longitude>-16.3092212</longitude>
					<latitude>28.4865557</latitude>
					<altitude>0</altitude>
					<heading>0</heading>
					<tilt>0</tilt>
					<gx:fovy>35</gx:fovy>
					<range>915.1473169738682</range>
					<altitudeMode>relativeToGround</altitudeMode>
				</LookAt>
				<styleUrl>#__managed_style_1DAAFA570140DE0D9CB3</styleUrl>
				<Point>
					<altitudeMode>relativeToGround</altitudeMode>
					<coordinates>-16.30922663612735,28.48652650158575,0</coordinates>
				</Point>
			</Placemark>
			<Placemark id="059C65DDD63EE4E0DFD8">
				<gx:mid>/g/1229dgb4</gx:mid>
				<gx:fid>0xc41ccf6ad6a9855:0x4369740d57303e68</gx:fid>
				<LookAt>
					<longitude>-16.2821168</longitude>
					<latitude>28.465097</latitude>
					<altitude>0</altitude>
					<heading>0</heading>
					<tilt>0</tilt>
					<gx:fovy>35</gx:fovy>
					<range>915.3531278389972</range>
					<altitudeMode>relativeToGround</altitudeMode>
				</LookAt>
				<styleUrl>#__managed_style_1DAAFA570140DE0D9CB3</styleUrl>
				<Point>
					<altitudeMode>relativeToGround</altitudeMode>
					<coordinates>-16.2821168,28.465097,0</coordinates>
				</Point>
			</Placemark>
			<Placemark id="068B3D29313EE4E1F5F4">
				<gx:mid>/g/11fct1bcdm</gx:mid>
				<gx:fid>0xc41c96adc4b3e69:0x9aad5578e9c7de7</gx:fid>
				<LookAt>
					<longitude>-16.2068773</longitude>
					<latitude>28.5491656</latitude>
					<altitude>0</altitude>
					<heading>0</heading>
					<tilt>0</tilt>
					<gx:fovy>35</gx:fovy>
					<range>914.5460583075563</range>
					<altitudeMode>relativeToGround</altitudeMode>
				</LookAt>
				<styleUrl>#__managed_style_1DAAFA570140DE0D9CB3</styleUrl>
				<Point>
					<altitudeMode>relativeToGround</altitudeMode>
					<coordinates>-16.2068773,28.5491656,0</coordinates>
				</Point>
			</Placemark>
			<Placemark id="021847F7D33EE4E280B4">
				<gx:mid>/g/11ldrhtkys</gx:mid>
				<gx:fid>0xc41c9001adfb3ef:0x805b3c73d832b8d0</gx:fid>
				<LookAt>
					<longitude>-16.2081713</longitude>
					<latitude>28.5455853</latitude>
					<altitude>0</altitude>
					<heading>0</heading>
					<tilt>0</tilt>
					<gx:fovy>35</gx:fovy>
					<range>914.5804715648037</range>
					<altitudeMode>relativeToGround</altitudeMode>
				</LookAt>
				<styleUrl>#__managed_style_1DAAFA570140DE0D9CB3</styleUrl>
				<Point>
					<altitudeMode>relativeToGround</altitudeMode>
					<coordinates>-16.2081713,28.5455853,0</coordinates>
				</Point>
			</Placemark>
			<Placemark id="0AD2F85C7B3EE4E33DCC">
				<gx:mid>/g/11h1ycd5gr</gx:mid>
				<gx:fid>0xc41c9b0088f0699:0x5db4680e15b8e0c8</gx:fid>
				<LookAt>
					<longitude>-16.1766274</longitude>
					<latitude>28.5792775</latitude>
					<altitude>0</altitude>
					<heading>0</heading>
					<tilt>0</tilt>
					<gx:fovy>35</gx:fovy>
					<range>914.2564801975976</range>
					<altitudeMode>relativeToGround</altitudeMode>
				</LookAt>
				<styleUrl>#__managed_style_1DAAFA570140DE0D9CB3</styleUrl>
				<Point>
					<altitudeMode>relativeToGround</altitudeMode>
					<coordinates>-16.1766274,28.5792775,0</coordinates>
				</Point>
			</Placemark>
			<Placemark id="09D40E43FE3EE4E38110">
				<gx:mid>/g/11tf_9d16z</gx:mid>
				<gx:fid>0xc41c9eeb80a4037:0x45e1a20d29dc64ea</gx:fid>
				<LookAt>
					<longitude>-16.186504</longitude>
					<latitude>28.574674</latitude>
					<altitude>0</altitude>
					<heading>0</heading>
					<tilt>0</tilt>
					<gx:fovy>35</gx:fovy>
					<range>914.3007678941449</range>
					<altitudeMode>relativeToGround</altitudeMode>
				</LookAt>
				<styleUrl>#__managed_style_1DAAFA570140DE0D9CB3</styleUrl>
				<Point>
					<altitudeMode>relativeToGround</altitudeMode>
					<coordinates>-16.186504,28.574674,0</coordinates>
				</Point>
			</Placemark>
			<Placemark id="06793355D63EE4E3C2E0">
				<gx:mid>/g/11z1xxbxf9</gx:mid>
				<gx:fid>0xc41c900554ed5fd:0x473569d9d317c39b</gx:fid>
				<LookAt>
					<longitude>-16.1902921</longitude>
					<latitude>28.5746544</latitude>
					<altitude>0</altitude>
					<heading>0</heading>
					<tilt>0</tilt>
					<gx:fovy>35</gx:fovy>
					<range>914.3009564416068</range>
					<altitudeMode>relativeToGround</altitudeMode>
				</LookAt>
				<styleUrl>#__managed_style_1DAAFA570140DE0D9CB3</styleUrl>
				<Point>
					<altitudeMode>relativeToGround</altitudeMode>
					<coordinates>-16.1902921,28.5746544,0</coordinates>
				</Point>
			</Placemark>
			<Placemark id="0448829BA23EE4E4309C">
				<gx:mid>/g/11c807czh0</gx:mid>
				<gx:fid>0xc41c90818fdfff9:0xcb975b0ef888c4b8</gx:fid>
				<LookAt>
					<longitude>-16.2056768</longitude>
					<latitude>28.5582575</latitude>
					<altitude>0</altitude>
					<heading>0</heading>
					<tilt>0</tilt>
					<gx:fovy>35</gx:fovy>
					<range>914.4586517059535</range>
					<altitudeMode>relativeToGround</altitudeMode>
				</LookAt>
				<styleUrl>#__managed_style_1DAAFA570140DE0D9CB3</styleUrl>
				<Point>
					<altitudeMode>relativeToGround</altitudeMode>
					<coordinates>-16.2056768,28.5582575,0</coordinates>
				</Point>
			</Placemark>
			<Placemark id="0C7177F05C3EE4E5546C">
				<gx:mid>/g/11kbg06xq6</gx:mid>
				<gx:fid>0xc41cfa2ea5c1cff:0x8137d17d4e8a5e9</gx:fid>
				<LookAt>
					<longitude>-16.2760081</longitude>
					<latitude>28.5502185</latitude>
					<altitude>0</altitude>
					<heading>0</heading>
					<tilt>0</tilt>
					<gx:fovy>35</gx:fovy>
					<range>914.5359372960421</range>
					<altitudeMode>relativeToGround</altitudeMode>
				</LookAt>
				<styleUrl>#__managed_style_1DAAFA570140DE0D9CB3</styleUrl>
				<Point>
					<altitudeMode>relativeToGround</altitudeMode>
					<coordinates>-16.2760081,28.5502185,0</coordinates>
				</Point>
			</Placemark>
			<Placemark id="0CB23C2B313EE4E5B837">
				<gx:mid>/g/11hbph834b</gx:mid>
				<gx:fid>0xc41cf25df976689:0x51f503dc53562c40</gx:fid>
				<LookAt>
					<longitude>-16.2655894</longitude>
					<latitude>28.5692722</latitude>
					<altitude>0</altitude>
					<heading>0</heading>
					<tilt>0</tilt>
					<gx:fovy>35</gx:fovy>
					<range>914.3527277347144</range>
					<altitudeMode>relativeToGround</altitudeMode>
				</LookAt>
				<styleUrl>#__managed_style_1DAAFA570140DE0D9CB3</styleUrl>
				<Point>
					<altitudeMode>relativeToGround</altitudeMode>
					<coordinates>-16.2655894,28.5692722,0</coordinates>
				</Point>
			</Placemark>
			<Placemark id="0141ED6EBC3EE4E61770">
				<gx:mid>/g/11whhgjbw6</gx:mid>
				<gx:fid>0xc41cf006391c521:0x2571889c4eb57378</gx:fid>
				<LookAt>
					<longitude>-16.2878832</longitude>
					<latitude>28.561486</latitude>
					<altitude>0</altitude>
					<heading>0</heading>
					<tilt>0</tilt>
					<gx:fovy>35</gx:fovy>
					<range>914.4276081641146</range>
					<altitudeMode>relativeToGround</altitudeMode>
				</LookAt>
				<styleUrl>#__managed_style_1DAAFA570140DE0D9CB3</styleUrl>
				<Point>
					<altitudeMode>relativeToGround</altitudeMode>
					<coordinates>-16.2878832,28.561486,0</coordinates>
				</Point>
			</Placemark>
			<Placemark id="02BB2B43503EE4E6566F">
				<gx:mid>/g/11g6nhvjd_</gx:mid>
				<gx:fid>0xc41cf0180e53121:0xa8d2ec1cb7bc7a4e</gx:fid>
				<LookAt>
					<longitude>-16.2935514</longitude>
					<latitude>28.5627087</latitude>
					<altitude>0</altitude>
					<heading>0</heading>
					<tilt>0</tilt>
					<gx:fovy>35</gx:fovy>
					<range>914.4158505390961</range>
					<altitudeMode>relativeToGround</altitudeMode>
				</LookAt>
				<styleUrl>#__managed_style_1DAAFA570140DE0D9CB3</styleUrl>
				<Point>
					<altitudeMode>relativeToGround</altitudeMode>
					<coordinates>-16.2935514,28.5627087,0</coordinates>
				</Point>
			</Placemark>
			<Placemark id="0D63DB5C223EE4E68C37">
				<gx:mid>/g/11c32fhq07</gx:mid>
				<gx:fid>0xc41cf0147c23027:0x7881b49ff04d9b2</gx:fid>
				<LookAt>
					<longitude>-16.2947762</longitude>
					<latitude>28.5648462</latitude>
					<altitude>0</altitude>
					<heading>0</heading>
					<tilt>0</tilt>
					<gx:fovy>35</gx:fovy>
					<range>914.3952950473189</range>
					<altitudeMode>relativeToGround</altitudeMode>
				</LookAt>
				<styleUrl>#__managed_style_1DAAFA570140DE0D9CB3</styleUrl>
				<Point>
					<altitudeMode>relativeToGround</altitudeMode>
					<coordinates>-16.2947762,28.5648462,0</coordinates>
				</Point>
			</Placemark>
			<Placemark id="080D67613D3EE4E6C9E4">
				<gx:mid>/g/11w7pvcx0y</gx:mid>
				<gx:fid>0xc41cf00265c8d29:0x83f765c212b3f1e7</gx:fid>
				<LookAt>
					<longitude>-16.3038621</longitude>
					<latitude>28.5691477</latitude>
					<altitude>0</altitude>
					<heading>0</heading>
					<tilt>0</tilt>
					<gx:fovy>35</gx:fovy>
					<range>914.3539251985366</range>
					<altitudeMode>relativeToGround</altitudeMode>
				</LookAt>
				<styleUrl>#__managed_style_1DAAFA570140DE0D9CB3</styleUrl>
				<Point>
					<altitudeMode>relativeToGround</altitudeMode>
					<coordinates>-16.3038621,28.56914769999999,0</coordinates>
				</Point>
			</Placemark>
			<Placemark id="066E0B6E583EE4E708E8">
				<gx:mid>/g/11bw47ff08</gx:mid>
				<gx:fid>0xc41cfb99b9c5389:0xb8f6ffa50637565a</gx:fid>
				<LookAt>
					<longitude>-16.3177717</longitude>
					<latitude>28.5712518</latitude>
					<altitude>0</altitude>
					<heading>0</heading>
					<tilt>0</tilt>
					<gx:fovy>35</gx:fovy>
					<range>914.333686973741</range>
					<altitudeMode>relativeToGround</altitudeMode>
				</LookAt>
				<styleUrl>#__managed_style_1DAAFA570140DE0D9CB3</styleUrl>
				<Point>
					<altitudeMode>relativeToGround</altitudeMode>
					<coordinates>-16.3177717,28.5712518,0</coordinates>
				</Point>
			</Placemark>
			<Placemark id="03E33688573EE4E7A94E">
				<gx:mid>/g/11lmnrlsr7</gx:mid>
				<gx:fid>0xc41cf0044d9795f:0x8c75a05e36dbfcea</gx:fid>
				<LookAt>
					<longitude>-16.3181407</longitude>
					<latitude>28.5645049</latitude>
					<altitude>0</altitude>
					<heading>0</heading>
					<tilt>0</tilt>
					<gx:fovy>35</gx:fovy>
					<range>914.3985772834751</range>
					<altitudeMode>relativeToGround</altitudeMode>
				</LookAt>
				<styleUrl>#__managed_style_1DAAFA570140DE0D9CB3</styleUrl>
				<Point>
					<altitudeMode>relativeToGround</altitudeMode>
					<coordinates>-16.3181407,28.5645049,0</coordinates>
				</Point>
			</Placemark>
			<Placemark id="00DC470D073EE4E80CE1">
				<gx:mid>/g/11c6d8dfxd</gx:mid>
				<gx:fid>0xc41cfd573f62659:0xd36bc718fc21b67d</gx:fid>
				<LookAt>
					<longitude>-16.3452143</longitude>
					<latitude>28.55622529999999</latitude>
					<altitude>0</altitude>
					<heading>0</heading>
					<tilt>0</tilt>
					<gx:fovy>35</gx:fovy>
					<range>914.4781907083166</range>
					<altitudeMode>relativeToGround</altitudeMode>
				</LookAt>
				<styleUrl>#__managed_style_1DAAFA570140DE0D9CB3</styleUrl>
				<Point>
					<altitudeMode>relativeToGround</altitudeMode>
					<coordinates>-16.3452143,28.5562253,0</coordinates>
				</Point>
			</Placemark>
			<Placemark id="0B7B4E22143EE4E89323">
				<gx:mid>/g/11s4v6jycg</gx:mid>
				<gx:fid>0xc41d1a03f1ec1f3:0x93ff92639220c87a</gx:fid>
				<LookAt>
					<longitude>-16.3701586</longitude>
					<latitude>28.5468255</latitude>
					<altitude>0</altitude>
					<heading>0</heading>
					<tilt>0</tilt>
					<gx:fovy>35</gx:fovy>
					<range>914.5685513874081</range>
					<altitudeMode>relativeToGround</altitudeMode>
				</LookAt>
				<styleUrl>#__managed_style_338D6BD7BC40DE0D9CB4</styleUrl>
				<Point>
					<altitudeMode>relativeToGround</altitudeMode>
					<coordinates>-16.37025579880162,28.5469784859508,0</coordinates>
				</Point>
			</Placemark>
			<Placemark id="0BB1D87FF73EE4E8F461">
				<gx:mid>/g/11fj5crt9x</gx:mid>
				<gx:fid>0xc41d16953c6e529:0xf43ea403b0c621ad</gx:fid>
				<LookAt>
					<longitude>-16.3569162</longitude>
					<latitude>28.5355867</latitude>
					<altitude>0</altitude>
					<heading>0</heading>
					<tilt>0</tilt>
					<gx:fovy>35</gx:fovy>
					<range>914.6765567323345</range>
					<altitudeMode>relativeToGround</altitudeMode>
				</LookAt>
				<styleUrl>#__managed_style_1DAAFA570140DE0D9CB3</styleUrl>
				<Point>
					<altitudeMode>relativeToGround</altitudeMode>
					<coordinates>-16.3569162,28.5355867,0</coordinates>
				</Point>
			</Placemark>
			<Placemark id="0A935B30BC3EE4EA5804">
				<gx:mid>/g/11gyy9wb6l</gx:mid>
				<gx:fid>0xc41d31a4b449a05:0xf09a04cbc9a45263</gx:fid>
				<LookAt>
					<longitude>-16.4345189</longitude>
					<latitude>28.4821989</latitude>
					<altitude>0</altitude>
					<heading>0</heading>
					<tilt>0</tilt>
					<gx:fovy>35</gx:fovy>
					<range>915.1891139822266</range>
					<altitudeMode>relativeToGround</altitudeMode>
				</LookAt>
				<styleUrl>#__managed_style_1DAAFA570140DE0D9CB3</styleUrl>
				<Point>
					<altitudeMode>relativeToGround</altitudeMode>
					<coordinates>-16.4345189,28.4821989,0</coordinates>
				</Point>
			</Placemark>
			<Placemark id="058AE338ED3EE4EBAB0C">
				<gx:mid>/g/11gfdt7vr3</gx:mid>
				<gx:fid>0xc6a7ff4ba35562b:0x745288fb9a5554ce</gx:fid>
				<LookAt>
					<longitude>-16.5399494</longitude>
					<latitude>28.41553</latitude>
					<altitude>0</altitude>
					<heading>0</heading>
					<tilt>0</tilt>
					<gx:fovy>35</gx:fovy>
					<range>915.8280135033493</range>
					<altitudeMode>relativeToGround</altitudeMode>
				</LookAt>
				<styleUrl>#__managed_style_1DAAFA570140DE0D9CB3</styleUrl>
				<Point>
					<altitudeMode>relativeToGround</altitudeMode>
					<coordinates>-16.5399494,28.41553,0</coordinates>
				</Point>
			</Placemark>
			<Placemark id="089208DA6E3EE4EC2469">
				<gx:mid>/g/11b6c_6sdr</gx:mid>
				<gx:fid>0xc6a7ff5936cfdb3:0xe92f2e6710783b00</gx:fid>
				<LookAt>
					<longitude>-16.5358112</longitude>
					<latitude>28.4115604</latitude>
					<altitude>0</altitude>
					<heading>0</heading>
					<tilt>0</tilt>
					<gx:fovy>35</gx:fovy>
					<range>915.8660140273989</range>
					<altitudeMode>relativeToGround</altitudeMode>
				</LookAt>
				<styleUrl>#__managed_style_1F00F1C52540DE0D9CB4</styleUrl>
				<Point>
					<altitudeMode>relativeToGround</altitudeMode>
					<coordinates>-16.5358081,28.41155689999999,0</coordinates>
				</Point>
			</Placemark>
			<Placemark id="0FE8879B553EE4EC9389">
				<gx:mid>/g/1td2clh4</gx:mid>
				<gx:fid>0xc6a7f8c8a389dc3:0xb477bc87eba9a733</gx:fid>
				<LookAt>
					<longitude>-16.5434719</longitude>
					<latitude>28.4192311</latitude>
					<altitude>0</altitude>
					<heading>0</heading>
					<tilt>0</tilt>
					<gx:fovy>35</gx:fovy>
					<range>915.7925791631898</range>
					<altitudeMode>relativeToGround</altitudeMode>
				</LookAt>
				<styleUrl>#__managed_style_0833D987D240DE0D9CB1</styleUrl>
				<Point>
					<altitudeMode>relativeToGround</altitudeMode>
					<coordinates>-16.5434719,28.4192311,0</coordinates>
				</Point>
			</Placemark>
			<Placemark id="0E876A69E03EE4ECCB17">
				<gx:mid>/g/11cly71fws</gx:mid>
				<gx:fid>0xc6a7f929d59b589:0xdcff791bc757a93</gx:fid>
				<LookAt>
					<longitude>-16.5465645</longitude>
					<latitude>28.4174721</latitude>
					<altitude>0</altitude>
					<heading>0</heading>
					<tilt>0</tilt>
					<gx:fovy>35</gx:fovy>
					<range>915.8094203309854</range>
					<altitudeMode>relativeToGround</altitudeMode>
				</LookAt>
				<styleUrl>#__managed_style_338D6BD7BC40DE0D9CB4</styleUrl>
				<Point>
					<altitudeMode>relativeToGround</altitudeMode>
					<coordinates>-16.5465645,28.4174721,0</coordinates>
				</Point>
			</Placemark>
			<Placemark id="0049533B173EE4ED0BA9">
				<gx:mid>/g/11vz2z5rrs</gx:mid>
				<gx:fid>0xc6a7f0000526531:0x332032daeea59d3c</gx:fid>
				<LookAt>
					<longitude>-16.5585252</longitude>
					<latitude>28.4127752</latitude>
					<altitude>0</altitude>
					<heading>0</heading>
					<tilt>0</tilt>
					<gx:fovy>35</gx:fovy>
					<range>915.8543853742987</range>
					<altitudeMode>relativeToGround</altitudeMode>
				</LookAt>
				<styleUrl>#__managed_style_338D6BD7BC40DE0D9CB4</styleUrl>
				<Point>
					<altitudeMode>relativeToGround</altitudeMode>
					<coordinates>-16.55879995531355,28.4133180632364,0</coordinates>
				</Point>
			</Placemark>
			<Placemark id="09E510C8F03EE4ED6566">
				<gx:mid>/g/11b6b4gdls</gx:mid>
				<gx:fid>0xc41d5376be35a3d:0x282efe6c886edc58</gx:fid>
				<LookAt>
					<longitude>-16.5071779</longitude>
					<latitude>28.4077912</latitude>
					<altitude>0</altitude>
					<heading>0</heading>
					<tilt>0</tilt>
					<gx:fovy>35</gx:fovy>
					<range>915.902091895846</range>
					<altitudeMode>relativeToGround</altitudeMode>
				</LookAt>
				<styleUrl>#__managed_style_1DAAFA570140DE0D9CB3</styleUrl>
				<Point>
					<altitudeMode>relativeToGround</altitudeMode>
					<coordinates>-16.5071779,28.4077912,0</coordinates>
				</Point>
			</Placemark>
			<Placemark id="0BE76542693EE4ED9741">
				<gx:mid>/g/11xv9lwysg</gx:mid>
				<gx:fid>0xc41d50042319d35:0x63deeb0983dcd4c2</gx:fid>
				<LookAt>
					<longitude>-16.5057812</longitude>
					<latitude>28.4080042</latitude>
					<altitude>0</altitude>
					<heading>0</heading>
					<tilt>0</tilt>
					<gx:fovy>35</gx:fovy>
					<range>915.9000532218495</range>
					<altitudeMode>relativeToGround</altitudeMode>
				</LookAt>
				<styleUrl>#__managed_style_1DAAFA570140DE0D9CB3</styleUrl>
				<Point>
					<altitudeMode>relativeToGround</altitudeMode>
					<coordinates>-16.5057812,28.4080042,0</coordinates>
				</Point>
			</Placemark>
			<Placemark id="01CB8160A83EE4EEEA78">
				<gx:mid>/g/11sp7kl7tg</gx:mid>
				<gx:fid>0xc6a7f511b4fb7bb:0x443557e5feefcd9b</gx:fid>
				<LookAt>
					<longitude>-16.5482795</longitude>
					<latitude>28.4132845</latitude>
					<altitude>0</altitude>
					<heading>0</heading>
					<tilt>0</tilt>
					<gx:fovy>35</gx:fovy>
					<range>915.8495099804708</range>
					<altitudeMode>relativeToGround</altitudeMode>
				</LookAt>
				<styleUrl>#__managed_style_1F00F1C52540DE0D9CB4</styleUrl>
				<Point>
					<altitudeMode>relativeToGround</altitudeMode>
					<coordinates>-16.5482795,28.4132845,0</coordinates>
				</Point>
			</Placemark>
			<Placemark id="00CA456C503EE4EF056C">
				<gx:mid>/g/11vpvd84yg</gx:mid>
				<gx:fid>0xc6a7f0049716d5d:0xeef815fa3c36d4b2</gx:fid>
				<LookAt>
					<longitude>-16.5484241</longitude>
					<latitude>28.4134434</latitude>
					<altitude>0</altitude>
					<heading>0</heading>
					<tilt>0</tilt>
					<gx:fovy>35</gx:fovy>
					<range>915.8479888574451</range>
					<altitudeMode>relativeToGround</altitudeMode>
				</LookAt>
				<styleUrl>#__managed_style_1DAAFA570140DE0D9CB3</styleUrl>
				<Point>
					<altitudeMode>relativeToGround</altitudeMode>
					<coordinates>-16.5484241,28.4134434,0</coordinates>
				</Point>
			</Placemark>
			<Placemark id="0E5922167A3EE4EFADDF">
				<gx:mid>/g/11y86_7rs</gx:mid>
				<gx:fid>0xc6a7fc0c4519239:0xfc0dffea84fe08af</gx:fid>
				<LookAt>
					<longitude>-16.56304455</longitude>
					<latitude>28.41102035</latitude>
					<altitude>0</altitude>
					<heading>0</heading>
					<tilt>0</tilt>
					<gx:fovy>35</gx:fovy>
					<range>210.5950128962114</range>
					<altitudeMode>relativeToGround</altitudeMode>
				</LookAt>
				<styleUrl>#__managed_style_338D6BD7BC40DE0D9CB4</styleUrl>
				<Point>
					<altitudeMode>relativeToGround</altitudeMode>
					<coordinates>-16.5631028,28.4108993,0</coordinates>
				</Point>
			</Placemark>
			<Placemark id="049DC897943EE4F0605F">
				<gx:mid>/g/11tdqxrb4b</gx:mid>
				<gx:fid>0xc6a7f4910f1886f:0xba1087259fa7c1ee</gx:fid>
				<LookAt>
					<longitude>-16.5852939</longitude>
					<latitude>28.39816890000001</latitude>
					<altitude>0</altitude>
					<heading>0</heading>
					<tilt>0</tilt>
					<gx:fovy>35</gx:fovy>
					<range>915.9941754441464</range>
					<altitudeMode>relativeToGround</altitudeMode>
				</LookAt>
				<styleUrl>#__managed_style_1DAAFA570140DE0D9CB3</styleUrl>
				<Point>
					<altitudeMode>relativeToGround</altitudeMode>
					<coordinates>-16.5852939,28.39816889999999,0</coordinates>
				</Point>
			</Placemark>
			<Placemark id="0D060827473EE4F09E34">
				<gx:mid>/g/11y9172152</gx:mid>
				<gx:fid>0xc6a7f004821fdb1:0xa0c5168bd555cbeb</gx:fid>
				<LookAt>
					<longitude>-16.59148649999999</longitude>
					<latitude>28.3974317</latitude>
					<altitude>0</altitude>
					<heading>0</heading>
					<tilt>0</tilt>
					<gx:fovy>35</gx:fovy>
					<range>916.0012291926636</range>
					<altitudeMode>relativeToGround</altitudeMode>
				</LookAt>
				<styleUrl>#__managed_style_1DAAFA570140DE0D9CB3</styleUrl>
				<Point>
					<altitudeMode>relativeToGround</altitudeMode>
					<coordinates>-16.5914865,28.3974317,0</coordinates>
				</Point>
			</Placemark>
			<Placemark id="03084299193EE4F1364C">
				<gx:mid>/g/11b6cgdyjm</gx:mid>
				<gx:fid>0xc6a80a74d07083d:0xa1483ab45ddc86fe</gx:fid>
				<LookAt>
					<longitude>-16.6004263</longitude>
					<latitude>28.37846339999999</latitude>
					<altitude>0</altitude>
					<heading>0</heading>
					<tilt>0</tilt>
					<gx:fovy>35</gx:fovy>
					<range>916.1826690487519</range>
					<altitudeMode>relativeToGround</altitudeMode>
				</LookAt>
				<styleUrl>#__managed_style_1DAAFA570140DE0D9CB3</styleUrl>
				<Point>
					<altitudeMode>relativeToGround</altitudeMode>
					<coordinates>-16.6004263,28.3784634,0</coordinates>
				</Point>
			</Placemark>
			<Placemark id="08AF04BB7D3EE4F17F93">
				<gx:mid>/g/11gcqx24q_</gx:mid>
				<gx:fid>0xc6a80f9b16e2fc5:0x5d2389cdd01d334a</gx:fid>
				<LookAt>
					<longitude>-16.5967765</longitude>
					<latitude>28.3661267</latitude>
					<altitude>0</altitude>
					<heading>0</heading>
					<tilt>0</tilt>
					<gx:fovy>35</gx:fovy>
					<range>916.3006185400037</range>
					<altitudeMode>relativeToGround</altitudeMode>
				</LookAt>
				<styleUrl>#__managed_style_1DAAFA570140DE0D9CB3</styleUrl>
				<Point>
					<altitudeMode>relativeToGround</altitudeMode>
					<coordinates>-16.5967765,28.3661267,0</coordinates>
				</Point>
			</Placemark>
			<Placemark id="0CAC5C03733EE4F1D3C9">
				<gx:mid>/g/11ryzs1wv4</gx:mid>
				<gx:fid>0xc6a81dff9b61761:0x7eaf0d486086b4df</gx:fid>
				<LookAt>
					<longitude>-16.5894212</longitude>
					<latitude>28.35574889999999</latitude>
					<altitude>0</altitude>
					<heading>0</heading>
					<tilt>0</tilt>
					<gx:fovy>35</gx:fovy>
					<range>916.3998048920303</range>
					<altitudeMode>relativeToGround</altitudeMode>
				</LookAt>
				<styleUrl>#__managed_style_1DAAFA570140DE0D9CB3</styleUrl>
				<Point>
					<altitudeMode>relativeToGround</altitudeMode>
					<coordinates>-16.5894212,28.3557489,0</coordinates>
				</Point>
			</Placemark>
			<Placemark id="017556CF983EE4F21EDC">
				<gx:mid>/g/11g7nnp7kk</gx:mid>
				<gx:fid>0xc6a809fd99f68a3:0xc9e5077344240d63</gx:fid>
				<LookAt>
					<longitude>-16.6034187</longitude>
					<latitude>28.3851132</latitude>
					<altitude>0</altitude>
					<heading>0</heading>
					<tilt>0</tilt>
					<gx:fovy>35</gx:fovy>
					<range>916.1190728222218</range>
					<altitudeMode>relativeToGround</altitudeMode>
				</LookAt>
				<styleUrl>#__managed_style_1DAAFA570140DE0D9CB3</styleUrl>
				<Point>
					<altitudeMode>relativeToGround</altitudeMode>
					<coordinates>-16.6034187,28.3851132,0</coordinates>
				</Point>
			</Placemark>
			<Placemark id="0B03867D443EE4F26A43">
				<gx:mid>/g/11c5s40rcx</gx:mid>
				<gx:fid>0xc6a7e19035ddae3:0x2c3e756d424678fe</gx:fid>
				<LookAt>
					<longitude>-16.6088433</longitude>
					<latitude>28.39278</latitude>
					<altitude>0</altitude>
					<heading>0</heading>
					<tilt>0</tilt>
					<gx:fovy>35</gx:fovy>
					<range>916.0457343867921</range>
					<altitudeMode>relativeToGround</altitudeMode>
				</LookAt>
				<styleUrl>#__managed_style_1DAAFA570140DE0D9CB3</styleUrl>
				<Point>
					<altitudeMode>relativeToGround</altitudeMode>
					<coordinates>-16.6088433,28.39278,0</coordinates>
				</Point>
			</Placemark>
			<Placemark id="0249A47C473EE4F357E4">
				<gx:mid>/g/11gwff0zcb</gx:mid>
				<gx:fid>0xc6a6324e68c2d85:0x24ae21353ed9f958</gx:fid>
				<LookAt>
					<longitude>-16.7663699</longitude>
					<latitude>28.3656281</latitude>
					<altitude>0</altitude>
					<heading>0</heading>
					<tilt>0</tilt>
					<gx:fovy>35</gx:fovy>
					<range>916.3053846530581</range>
					<altitudeMode>relativeToGround</altitudeMode>
				</LookAt>
				<styleUrl>#__managed_style_1DAAFA570140DE0D9CB3</styleUrl>
				<Point>
					<altitudeMode>relativeToGround</altitudeMode>
					<coordinates>-16.7663699,28.3656281,0</coordinates>
				</Point>
			</Placemark>
			<Placemark id="0B8D4F146B3EE4F3F258">
				<gx:mid>/g/11g8vpb6lc</gx:mid>
				<gx:fid>0xc6a62876e1e7e83:0x63061385199bdee5</gx:fid>
				<LookAt>
					<longitude>-16.7697277</longitude>
					<latitude>28.3722576</latitude>
					<altitude>0</altitude>
					<heading>0</heading>
					<tilt>0</tilt>
					<gx:fovy>35</gx:fovy>
					<range>916.2420073949703</range>
					<altitudeMode>relativeToGround</altitudeMode>
				</LookAt>
				<styleUrl>#__managed_style_1DAAFA570140DE0D9CB3</styleUrl>
				<Point>
					<altitudeMode>relativeToGround</altitudeMode>
					<coordinates>-16.7697277,28.37225759999999,0</coordinates>
				</Point>
			</Placemark>
			<Placemark id="04C92B80C93EE4F4D8A4">
				<gx:mid>/g/11y7nz5_mn</gx:mid>
				<gx:fid>0xc6a8b0039f512e3:0xc9a7c38a947cba3c</gx:fid>
				<LookAt>
					<longitude>-16.8562768</longitude>
					<latitude>28.3283717</latitude>
					<altitude>0</altitude>
					<heading>0</heading>
					<tilt>0</tilt>
					<gx:fovy>35</gx:fovy>
					<range>916.6613131463897</range>
					<altitudeMode>relativeToGround</altitudeMode>
				</LookAt>
				<styleUrl>#__managed_style_1DAAFA570140DE0D9CB3</styleUrl>
				<Point>
					<altitudeMode>relativeToGround</altitudeMode>
					<coordinates>-16.8562768,28.3283717,0</coordinates>
				</Point>
			</Placemark>
			<Placemark id="06C506D2C23EE4F555B9">
				<gx:mid>/g/11g76m2y6b</gx:mid>
				<gx:fid>0xc6a8bda816df98b:0xce004b5c31218336</gx:fid>
				<LookAt>
					<longitude>-16.8267829</longitude>
					<latitude>28.30032649999999</latitude>
					<altitude>0</altitude>
					<heading>0</heading>
					<tilt>0</tilt>
					<gx:fovy>35</gx:fovy>
					<range>916.9289754275561</range>
					<altitudeMode>relativeToGround</altitudeMode>
				</LookAt>
				<styleUrl>#__managed_style_1DAAFA570140DE0D9CB3</styleUrl>
				<Point>
					<altitudeMode>relativeToGround</altitudeMode>
					<coordinates>-16.8267829,28.3003265,0</coordinates>
				</Point>
			</Placemark>
			<Placemark id="0B430585043EE4F59D88">
				<gx:mid>/g/11c2phx3b4</gx:mid>
				<gx:fid>0xc6a8bda2038a1a7:0xc0e96d8e8ba73b69</gx:fid>
				<LookAt>
					<longitude>-16.8238577</longitude>
					<latitude>28.2996791</latitude>
					<altitude>0</altitude>
					<heading>0</heading>
					<tilt>0</tilt>
					<gx:fovy>35</gx:fovy>
					<range>916.9351514770607</range>
					<altitudeMode>relativeToGround</altitudeMode>
				</LookAt>
				<styleUrl>#__managed_style_1DAAFA570140DE0D9CB3</styleUrl>
				<Point>
					<altitudeMode>relativeToGround</altitudeMode>
					<coordinates>-16.8238577,28.2996791,0</coordinates>
				</Point>
			</Placemark>
			<Placemark id="057B64506A3EE4F5E6C0">
				<gx:mid>/g/11f8jk02w2</gx:mid>
				<gx:fid>0xc6a8975645d3797:0xce37d4292dd7e3f8</gx:fid>
				<LookAt>
					<longitude>-16.8108876</longitude>
					<latitude>28.3070035</latitude>
					<altitude>0</altitude>
					<heading>0</heading>
					<tilt>0</tilt>
					<gx:fovy>35</gx:fovy>
					<range>916.8652712214852</range>
					<altitudeMode>relativeToGround</altitudeMode>
				</LookAt>
				<styleUrl>#__managed_style_1DAAFA570140DE0D9CB3</styleUrl>
				<Point>
					<altitudeMode>relativeToGround</altitudeMode>
					<coordinates>-16.8108876,28.3070035,0</coordinates>
				</Point>
			</Placemark>
			<Placemark id="0100764BF23EE4F77FB9">
				<gx:mid>/g/11sbjdhhv2</gx:mid>
				<gx:fid>0xc6a8d3a1c18e909:0x11762089a6c4387c</gx:fid>
				<LookAt>
					<longitude>-16.8452751</longitude>
					<latitude>28.2402902</latitude>
					<altitude>0</altitude>
					<heading>0</heading>
					<tilt>0</tilt>
					<gx:fovy>35</gx:fovy>
					<range>917.5011876323196</range>
					<altitudeMode>relativeToGround</altitudeMode>
				</LookAt>
				<styleUrl>#__managed_style_1DAAFA570140DE0D9CB3</styleUrl>
				<Point>
					<altitudeMode>relativeToGround</altitudeMode>
					<coordinates>-16.8452751,28.2402902,0</coordinates>
				</Point>
			</Placemark>
			<Placemark id="0000CA9D1C3EE4F7CBBF">
				<gx:mid>/g/11stgpg2lt</gx:mid>
				<gx:fid>0xc6a8dd613676993:0xfa14011dc3e27fd0</gx:fid>
				<LookAt>
					<longitude>-16.8423267</longitude>
					<latitude>28.2406033</latitude>
					<altitude>0</altitude>
					<heading>0</heading>
					<tilt>0</tilt>
					<gx:fovy>35</gx:fovy>
					<range>917.49820617442</range>
					<altitudeMode>relativeToGround</altitudeMode>
				</LookAt>
				<styleUrl>#__managed_style_1DAAFA570140DE0D9CB3</styleUrl>
				<Point>
					<altitudeMode>relativeToGround</altitudeMode>
					<coordinates>-16.8423267,28.2406033,0</coordinates>
				</Point>
			</Placemark>
			<Placemark id="0C3C7F5DCD3EE4F81380">
				<gx:mid>/g/12qg4j3px</gx:mid>
				<gx:fid>0xc6a8c14ca970ed1:0x162a9c200e70e03</gx:fid>
				<LookAt>
					<longitude>-16.8370118</longitude>
					<latitude>28.2404149</latitude>
					<altitude>0</altitude>
					<heading>0</heading>
					<tilt>0</tilt>
					<gx:fovy>35</gx:fovy>
					<range>917.5000001946781</range>
					<altitudeMode>relativeToGround</altitudeMode>
				</LookAt>
				<styleUrl>#__managed_style_1DAAFA570140DE0D9CB3</styleUrl>
				<Point>
					<altitudeMode>relativeToGround</altitudeMode>
					<coordinates>-16.8370118,28.24041489999999,0</coordinates>
				</Point>
			</Placemark>
			<Placemark id="0D8BC1157C3EE4F99780">
				<gx:mid>/g/11xbynrf1</gx:mid>
				<gx:fid>0xc6a9765ca979e47:0x87bb4d155d6c55d8</gx:fid>
				<LookAt>
					<longitude>-16.7328708</longitude>
					<latitude>28.0682409</latitude>
					<altitude>0</altitude>
					<heading>0</heading>
					<tilt>0</tilt>
					<gx:fovy>35</gx:fovy>
					<range>919.1351710530067</range>
					<altitudeMode>relativeToGround</altitudeMode>
				</LookAt>
				<styleUrl>#__managed_style_338D6BD7BC40DE0D9CB4</styleUrl>
				<Point>
					<altitudeMode>relativeToGround</altitudeMode>
					<coordinates>-16.7328708,28.0682409,0</coordinates>
				</Point>
			</Placemark>
			<Placemark id="032B2F33B03EE4F9E9C4">
				<gx:mid>/g/11qqvl0bc2</gx:mid>
				<gx:fid>0xc6a99aec927bc6f:0x1bc8800243e9da56</gx:fid>
				<LookAt>
					<longitude>-16.7199787</longitude>
					<latitude>28.0539853</latitude>
					<altitude>0</altitude>
					<heading>0</heading>
					<tilt>0</tilt>
					<gx:fovy>35</gx:fovy>
					<range>919.2701703816176</range>
					<altitudeMode>relativeToGround</altitudeMode>
				</LookAt>
				<styleUrl>#__managed_style_1DAAFA570140DE0D9CB3</styleUrl>
				<Point>
					<altitudeMode>relativeToGround</altitudeMode>
					<coordinates>-16.7199787,28.0539853,0</coordinates>
				</Point>
			</Placemark>
			<Placemark id="01C20165363EE4FA37E4">
				<gx:mid>/g/11cl_483j0</gx:mid>
				<gx:fid>0xc6a982c8016b1df:0xc05e7c5797c065b1</gx:fid>
				<LookAt>
					<longitude>-16.7187717</longitude>
					<latitude>28.0503549</latitude>
					<altitude>0</altitude>
					<heading>0</heading>
					<tilt>0</tilt>
					<gx:fovy>35</gx:fovy>
					<range>919.3045404507243</range>
					<altitudeMode>relativeToGround</altitudeMode>
				</LookAt>
				<styleUrl>#__managed_style_338D6BD7BC40DE0D9CB4</styleUrl>
				<Point>
					<altitudeMode>relativeToGround</altitudeMode>
					<coordinates>-16.7187717,28.05035489999999,0</coordinates>
				</Point>
			</Placemark>
			<Placemark id="0D35AE3EDB3EE4FC149B">
				<gx:mid>/g/11cm_ppjnt</gx:mid>
				<gx:fid>0xc6a84a027e95869:0x7748af14aa6ddcc1</gx:fid>
				<LookAt>
					<longitude>-16.631272</longitude>
					<latitude>28.2230957</latitude>
					<altitude>0</altitude>
					<heading>0</heading>
					<tilt>0</tilt>
					<gx:fovy>35</gx:fovy>
					<range>917.6648762566217</range>
					<altitudeMode>relativeToGround</altitudeMode>
				</LookAt>
				<styleUrl>#__managed_style_1DAAFA570140DE0D9CB3</styleUrl>
				<Point>
					<altitudeMode>relativeToGround</altitudeMode>
					<coordinates>-16.631272,28.2230957,0</coordinates>
				</Point>
			</Placemark>
			<Placemark id="0B38A2304A3EE4FC6479">
				<gx:mid>/g/11mvrpwg4d</gx:mid>
				<gx:fid>0xc6a830968bb252f:0x6a0dd3dbcc7ab094</gx:fid>
				<LookAt>
					<longitude>-16.6279029</longitude>
					<latitude>28.21875</latitude>
					<altitude>0</altitude>
					<heading>0</heading>
					<tilt>0</tilt>
					<gx:fovy>35</gx:fovy>
					<range>917.7062328817628</range>
					<altitudeMode>relativeToGround</altitudeMode>
				</LookAt>
				<styleUrl>#__managed_style_1DAAFA570140DE0D9CB3</styleUrl>
				<Point>
					<altitudeMode>relativeToGround</altitudeMode>
					<coordinates>-16.6279029,28.21875,0</coordinates>
				</Point>
			</Placemark>
			<Placemark id="0F4E0E3C3D3EE4FCC6C4">
				<gx:mid>/g/11f30c_m__</gx:mid>
				<gx:fid>0xc6a841276966659:0x764b2dc7f79330b2</gx:fid>
				<LookAt>
					<longitude>-16.6387946</longitude>
					<latitude>28.2700403</latitude>
					<altitude>0</altitude>
					<heading>0</heading>
					<tilt>0</tilt>
					<gx:fovy>35</gx:fovy>
					<range>917.2177678987891</range>
					<altitudeMode>relativeToGround</altitudeMode>
				</LookAt>
				<styleUrl>#__managed_style_1DAAFA570140DE0D9CB3</styleUrl>
				<Point>
					<altitudeMode>relativeToGround</altitudeMode>
					<coordinates>-16.6387946,28.2700403,0</coordinates>
				</Point>
			</Placemark>
			<Placemark id="002379DA163EE4FD0738">
				<gx:mid>/g/120jfbpd</gx:mid>
				<gx:fid>0xc6a8386feaf6b95:0x8a90b97491150633</gx:fid>
				<LookAt>
					<longitude>-16.6258129</longitude>
					<latitude>28.2544624</latitude>
					<altitude>0</altitude>
					<heading>0</heading>
					<tilt>0</tilt>
					<gx:fovy>35</gx:fovy>
					<range>917.3662058363562</range>
					<altitudeMode>relativeToGround</altitudeMode>
				</LookAt>
				<styleUrl>#__managed_style_0DB6A0BD0240DE0D9CBC</styleUrl>
				<Point>
					<altitudeMode>relativeToGround</altitudeMode>
					<coordinates>-16.6258129,28.25446239999999,0</coordinates>
				</Point>
			</Placemark>
			<Placemark id="0A4E3389C93EE4FD83A1">
				<gx:mid>/g/11cjhnl7zp</gx:mid>
				<gx:fid>0xc6a85a06d03aee9:0x3687ffa746e42d62</gx:fid>
				<LookAt>
					<longitude>-16.6982511</longitude>
					<latitude>28.2383948</latitude>
					<altitude>0</altitude>
					<heading>0</heading>
					<tilt>0</tilt>
					<gx:fovy>35</gx:fovy>
					<range>917.5192357442546</range>
					<altitudeMode>relativeToGround</altitudeMode>
				</LookAt>
				<styleUrl>#__managed_style_1DAAFA570140DE0D9CB3</styleUrl>
				<Point>
					<altitudeMode>relativeToGround</altitudeMode>
					<coordinates>-16.6982511,28.2383948,0</coordinates>
				</Point>
			</Placemark>
			<Placemark id="0968E99C5B3EE4FE281E">
				<gx:mid>/g/11c5bjnbb8</gx:mid>
				<gx:fid>0xc6a840e6c49dcab:0x7b6fa36671ef639a</gx:fid>
				<LookAt>
					<longitude>-16.6391726</longitude>
					<latitude>28.2741977</latitude>
					<altitude>0</altitude>
					<heading>0</heading>
					<tilt>0</tilt>
					<gx:fovy>35</gx:fovy>
					<range>917.1781410870028</range>
					<altitudeMode>relativeToGround</altitudeMode>
				</LookAt>
				<styleUrl>#__managed_style_1DAAFA570140DE0D9CB3</styleUrl>
				<Point>
					<altitudeMode>relativeToGround</altitudeMode>
					<coordinates>-16.6391726,28.2741977,0</coordinates>
				</Point>
			</Placemark>
			<Placemark id="0F55BFB4FD3EE4FE41B8">
				<gx:mid>/m/02qlh4</gx:mid>
				<gx:fid>0xc6a841219a46745:0x8da5b0b3d4897f14</gx:fid>
				<LookAt>
					<longitude>-16.642508</longitude>
					<latitude>28.27233795</latitude>
					<altitude>0</altitude>
					<heading>0</heading>
					<tilt>0</tilt>
					<gx:fovy>35</gx:fovy>
					<range>4847.715899168183</range>
					<altitudeMode>relativeToGround</altitudeMode>
				</LookAt>
				<styleUrl>#__managed_style_13FA917DDC40DE0D9CD8</styleUrl>
				<Point>
					<altitudeMode>relativeToGround</altitudeMode>
					<coordinates>-16.642508,28.2723384,0</coordinates>
				</Point>
			</Placemark>
			<Placemark id="0E8E2A05BA3EE4FEA4AF">
				<gx:mid>/g/11bzv0g1zp</gx:mid>
				<gx:fid>0xc6a83999aa580d5:0x66dd6c42c20c817a</gx:fid>
				<LookAt>
					<longitude>-16.6106627</longitude>
					<latitude>28.2576508</latitude>
					<altitude>0</altitude>
					<heading>0</heading>
					<tilt>0</tilt>
					<gx:fovy>35</gx:fovy>
					<range>917.3358301337614</range>
					<altitudeMode>relativeToGround</altitudeMode>
				</LookAt>
				<styleUrl>#__managed_style_1DAAFA570140DE0D9CB3</styleUrl>
				<Point>
					<altitudeMode>relativeToGround</altitudeMode>
					<coordinates>-16.6106627,28.2576508,0</coordinates>
				</Point>
			</Placemark>
			<Placemark id="016E23F7D53EE5009B28">
				<gx:mid>/m/0_8z3x0</gx:mid>
				<gx:fid>0xc402999cd29a0ef:0xf1cad4067d14aef5</gx:fid>
				<LookAt>
					<longitude>-16.5107131</longitude>
					<latitude>28.3017781</latitude>
					<altitude>0</altitude>
					<heading>0</heading>
					<tilt>0</tilt>
					<gx:fovy>35</gx:fovy>
					<range>916.9151270473642</range>
					<altitudeMode>relativeToGround</altitudeMode>
				</LookAt>
				<styleUrl>#__managed_style_0833D987D240DE0D9CB1</styleUrl>
				<Point>
					<altitudeMode>relativeToGround</altitudeMode>
					<coordinates>-16.5107131,28.3017781,0</coordinates>
				</Point>
			</Placemark>
			<Placemark id="077572CC2F3EE50152C6">
				<gx:mid>/g/11gbk5gh_5</gx:mid>
				<gx:fid>0xc402ba0914993cf:0x3556f4f7060253b4</gx:fid>
				<LookAt>
					<longitude>-16.4681686</longitude>
					<latitude>28.3559737</latitude>
					<altitude>0</altitude>
					<heading>0</heading>
					<tilt>0</tilt>
					<gx:fovy>35</gx:fovy>
					<range>916.397656687364</range>
					<altitudeMode>relativeToGround</altitudeMode>
				</LookAt>
				<styleUrl>#__managed_style_1DAAFA570140DE0D9CB3</styleUrl>
				<Point>
					<altitudeMode>relativeToGround</altitudeMode>
					<coordinates>-16.4681686,28.3559737,0</coordinates>
				</Point>
			</Placemark>
			<Placemark id="0B1C5213FD3EE501E708">
				<gx:mid>/g/11bzxzyzxd</gx:mid>
				<gx:fid>0xc402b6cadcf9a23:0x936ea81287b57298</gx:fid>
				<LookAt>
					<longitude>-16.4638328</longitude>
					<latitude>28.3739518</latitude>
					<altitude>0</altitude>
					<heading>0</heading>
					<tilt>0</tilt>
					<gx:fovy>35</gx:fovy>
					<range>916.2258089819154</range>
					<altitudeMode>relativeToGround</altitudeMode>
				</LookAt>
				<styleUrl>#__managed_style_1DAAFA570140DE0D9CB3</styleUrl>
				<Point>
					<altitudeMode>relativeToGround</altitudeMode>
					<coordinates>-16.4638328,28.3739518,0</coordinates>
				</Point>
			</Placemark>
			<Placemark id="0D513F7B0E3EE5022363">
				<gx:mid>/g/11g6p1smwh</gx:mid>
				<gx:fid>0xc402b6c38fcb9a5:0xb7e0cc458c731712</gx:fid>
				<LookAt>
					<longitude>-16.4595626</longitude>
					<latitude>28.3731414</latitude>
					<altitude>0</altitude>
					<heading>0</heading>
					<tilt>0</tilt>
					<gx:fovy>35</gx:fovy>
					<range>916.2335574005351</range>
					<altitudeMode>relativeToGround</altitudeMode>
				</LookAt>
				<styleUrl>#__managed_style_1DAAFA570140DE0D9CB3</styleUrl>
				<Point>
					<altitudeMode>relativeToGround</altitudeMode>
					<coordinates>-16.4595626,28.3731414,0</coordinates>
				</Point>
			</Placemark>
			<Placemark id="06970D73033EE5033638">
				<gx:mid>/g/11cn5n9016</gx:mid>
				<gx:fid>0xc41ce896cfd869f:0x7b7c151c6cad6a27</gx:fid>
				<LookAt>
					<longitude>-16.2954276</longitude>
					<latitude>28.5302173</latitude>
					<altitude>0</altitude>
					<heading>0</heading>
					<tilt>0</tilt>
					<gx:fovy>35</gx:fovy>
					<range>914.7281439285957</range>
					<altitudeMode>relativeToGround</altitudeMode>
				</LookAt>
				<styleUrl>#__managed_style_1DAAFA570140DE0D9CB3</styleUrl>
				<Point>
					<altitudeMode>relativeToGround</altitudeMode>
					<coordinates>-16.2954276,28.5302173,0</coordinates>
				</Point>
			</Placemark>
			<Placemark id="02850A40C93EE5037E03">
				<gx:mid>/g/11clzrdgl1</gx:mid>
				<gx:fid>0xc41ce85291e848d:0x30f81e5f69c7fb68</gx:fid>
				<LookAt>
					<longitude>-16.2880589</longitude>
					<latitude>28.5241262</latitude>
					<altitude>0</altitude>
					<heading>0</heading>
					<tilt>0</tilt>
					<gx:fovy>35</gx:fovy>
					<range>914.786654799089</range>
					<altitudeMode>relativeToGround</altitudeMode>
				</LookAt>
				<styleUrl>#__managed_style_1DAAFA570140DE0D9CB3</styleUrl>
				<Point>
					<altitudeMode>relativeToGround</altitudeMode>
					<coordinates>-16.28819186634345,28.52397805768302,0</coordinates>
				</Point>
			</Placemark>
			<Placemark id="044317F9AC3EE503D7DB">
				<gx:mid>/g/11ght1tjcx</gx:mid>
				<gx:fid>0xc41cf40eb398693:0xc2f5b87b95e7662b</gx:fid>
				<LookAt>
					<longitude>-16.2803559</longitude>
					<latitude>28.5265514</latitude>
					<altitude>0</altitude>
					<heading>0</heading>
					<tilt>0</tilt>
					<gx:fovy>35</gx:fovy>
					<range>914.7633597147375</range>
					<altitudeMode>relativeToGround</altitudeMode>
				</LookAt>
				<styleUrl>#__managed_style_1DAAFA570140DE0D9CB3</styleUrl>
				<Point>
					<altitudeMode>relativeToGround</altitudeMode>
					<coordinates>-16.2803559,28.5265514,0</coordinates>
				</Point>
			</Placemark>
			<Placemark id="055A1D4A143EE504257C">
				<gx:mid>/g/11bwhnmmdp</gx:mid>
				<gx:fid>0xc41ceba7842df9f:0x228dd7ac845dd8c7</gx:fid>
				<LookAt>
					<longitude>-16.2639969</longitude>
					<latitude>28.5330072</latitude>
					<altitude>0</altitude>
					<heading>0</heading>
					<tilt>0</tilt>
					<gx:fovy>35</gx:fovy>
					<range>914.7013406544349</range>
					<altitudeMode>relativeToGround</altitudeMode>
				</LookAt>
				<styleUrl>#__managed_style_1DAAFA570140DE0D9CB3</styleUrl>
				<Point>
					<altitudeMode>relativeToGround</altitudeMode>
					<coordinates>-16.2639969,28.5330072,0</coordinates>
				</Point>
			</Placemark>
			<Placemark id="016080C94B3EE50492B6">
				<gx:mid>/g/11sd9qcgx9</gx:mid>
				<gx:fid>0xc41c9240bfefd3f:0xf167a1f77a0fbc3d</gx:fid>
				<LookAt>
					<longitude>-16.219159</longitude>
					<latitude>28.5392241</latitude>
					<altitude>0</altitude>
					<heading>0</heading>
					<tilt>0</tilt>
					<gx:fovy>35</gx:fovy>
					<range>914.6416051838116</range>
					<altitudeMode>relativeToGround</altitudeMode>
				</LookAt>
				<styleUrl>#__managed_style_1DAAFA570140DE0D9CB3</styleUrl>
				<Point>
					<altitudeMode>relativeToGround</altitudeMode>
					<coordinates>-16.219159,28.53922409999999,0</coordinates>
				</Point>
			</Placemark>
			<Placemark id="0EC7E78FE63EE504FEAF">
				<gx:mid>/g/11gczn9cr3</gx:mid>
				<gx:fid>0xc41c9cde34d2f79:0x9a890cf2d156d127</gx:fid>
				<LookAt>
					<longitude>-16.1705942</longitude>
					<latitude>28.569754</latitude>
					<altitude>0</altitude>
					<heading>0</heading>
					<tilt>0</tilt>
					<gx:fovy>35</gx:fovy>
					<range>914.3480936515454</range>
					<altitudeMode>relativeToGround</altitudeMode>
				</LookAt>
				<styleUrl>#__managed_style_1DAAFA570140DE0D9CB3</styleUrl>
				<Point>
					<altitudeMode>relativeToGround</altitudeMode>
					<coordinates>-16.1705942,28.569754,0</coordinates>
				</Point>
			</Placemark>
		</Folder>
		<Folder id="08D17B69D83ED4ADE69B">
			<name>ערים עיירות</name>
			<styleUrl>#__managed_style_1C52047F1040DE0D9CBC</styleUrl>
			<Placemark id="05EB09CBF7324E02341B">
				<name>Madrid</name>
				<gx:mid>/m/056_y</gx:mid>
				<gx:fid>0xd422997800a3c81:0xc436dec1618c2269</gx:fid>
				<LookAt>
					<longitude>-3.67953665</longitude>
					<latitude>40.4379543</latitude>
					<altitude>0</altitude>
					<heading>0</heading>
					<tilt>0</tilt>
					<gx:fovy>35</gx:fovy>
					<range>70774.02697025165</range>
					<altitudeMode>relativeToGround</altitudeMode>
				</LookAt>
				<styleUrl>#__managed_style_09E1EA981C40DE0D9CB7</styleUrl>
				<Point>
					<altitudeMode>relativeToGround</altitudeMode>
					<coordinates>-3.7032905,40.4167279,0</coordinates>
				</Point>
			</Placemark>
			<Placemark id="0C342643DC324E03577C">
				<name>Lloret de Mar</name>
				<gx:mid>/m/06p4mr</gx:mid>
				<gx:fid>0x12bb170787077a59:0x9273ef3da6e68c78</gx:fid>
				<LookAt>
					<longitude>2.83932935</longitude>
					<latitude>41.70267630000001</latitude>
					<altitude>0</altitude>
					<heading>0</heading>
					<tilt>0</tilt>
					<gx:fovy>35</gx:fovy>
					<range>8678.192767561733</range>
					<altitudeMode>relativeToGround</altitudeMode>
				</LookAt>
				<styleUrl>#__managed_style_09E1EA981C40DE0D9CB7</styleUrl>
				<Point>
					<altitudeMode>relativeToGround</altitudeMode>
					<coordinates>2.8398821,41.6999471,0</coordinates>
				</Point>
			</Placemark>
			<Placemark id="08CA7F3A76324E038369">
				<name>Barcelona</name>
				<gx:mid>/m/01f62</gx:mid>
				<gx:fid>0x12a49816718e30e5:0x44b0fb3d4f47660a</gx:fid>
				<LookAt>
					<longitude>2.1401891</longitude>
					<latitude>41.39266795</latitude>
					<altitude>0</altitude>
					<heading>0</heading>
					<tilt>0</tilt>
					<gx:fovy>35</gx:fovy>
					<range>34879.61870437163</range>
					<altitudeMode>relativeToGround</altitudeMode>
				</LookAt>
				<styleUrl>#__managed_style_09E1EA981C40DE0D9CB7</styleUrl>
				<Point>
					<altitudeMode>relativeToGround</altitudeMode>
					<coordinates>2.168568,41.3873974,0</coordinates>
				</Point>
			</Placemark>
			<Placemark id="0A0FA50CF2324E03F108">
				<name>Peniscola</name>
				<gx:mid>/g/11cn60vtc7</gx:mid>
				<gx:fid>0x12a04690dee24aa5:0x8e35ae3138b79399</gx:fid>
				<LookAt>
					<longitude>0.3993629499999999</longitude>
					<latitude>40.37722375000001</latitude>
					<altitude>0</altitude>
					<heading>0</heading>
					<tilt>0</tilt>
					<gx:fovy>35</gx:fovy>
					<range>8854.739653847519</range>
					<altitudeMode>relativeToGround</altitudeMode>
				</LookAt>
				<styleUrl>#__managed_style_09E1EA981C40DE0D9CB7</styleUrl>
				<Point>
					<altitudeMode>relativeToGround</altitudeMode>
					<coordinates>0.3913172,40.3668829,0</coordinates>
				</Point>
			</Placemark>
			<Placemark id="003F3DB8B6324E04A32E">
				<name>Cartagena</name>
				<gx:mid>/m/0g7_c</gx:mid>
				<gx:fid>0xd634222a43ab56d:0x47d790cefef6f9ff</gx:fid>
				<LookAt>
					<longitude>-0.9885073999999999</longitude>
					<latitude>37.61741165</latitude>
					<altitude>0</altitude>
					<heading>0</heading>
					<tilt>0</tilt>
					<gx:fovy>35</gx:fovy>
					<range>9207.028395708336</range>
					<altitudeMode>relativeToGround</altitudeMode>
				</LookAt>
				<styleUrl>#__managed_style_09E1EA981C40DE0D9CB7</styleUrl>
				<Point>
					<altitudeMode>relativeToGround</altitudeMode>
					<coordinates>-0.9972219,37.6253022,0</coordinates>
				</Point>
			</Placemark>
			<Placemark id="07613214BF324E054F5F">
				<name>Frigiliana</name>
				<gx:mid>/m/02r8rz6</gx:mid>
				<gx:fid>0xd7224b09423f143:0x907177a88feb8605</gx:fid>
				<LookAt>
					<longitude>-3.897059549999999</longitude>
					<latitude>36.78988244999999</latitude>
					<altitude>0</altitude>
					<heading>0</heading>
					<tilt>0</tilt>
					<gx:fovy>35</gx:fovy>
					<range>1814.298889087706</range>
					<altitudeMode>relativeToGround</altitudeMode>
				</LookAt>
				<styleUrl>#__managed_style_09E1EA981C40DE0D9CB7</styleUrl>
				<Point>
					<altitudeMode>relativeToGround</altitudeMode>
					<coordinates>-3.8947061,36.7908751,0</coordinates>
				</Point>
			</Placemark>
			<Placemark id="06ACB47426324E05766A">
				<name>Málaga</name>
				<gx:mid>/g/11b7c714d1</gx:mid>
				<gx:fid>0xd7259c44fdb212d:0x6025dc92c9ca32cf</gx:fid>
				<LookAt>
					<longitude>-4.4492669</longitude>
					<latitude>36.718222</latitude>
					<altitude>0</altitude>
					<heading>0</heading>
					<tilt>0</tilt>
					<gx:fovy>35</gx:fovy>
					<range>37268.93969165283</range>
					<altitudeMode>relativeToGround</altitudeMode>
				</LookAt>
				<styleUrl>#__managed_style_09E1EA981C40DE0D9CB7</styleUrl>
				<Point>
					<altitudeMode>relativeToGround</altitudeMode>
					<coordinates>-4.425557,36.7178196,0</coordinates>
				</Point>
			</Placemark>
			<Placemark id="0D95366CED324E05B5C4">
				<name>Gibraltar</name>
				<gx:mid>/g/1218751b</gx:mid>
				<gx:fid>0xd0cbf762714be35:0x6f3daa498c3074eb</gx:fid>
				<LookAt>
					<longitude>-5.351797749999999</longitude>
					<latitude>36.13197135000001</latitude>
					<altitude>0</altitude>
					<heading>0</heading>
					<tilt>0</tilt>
					<gx:fovy>35</gx:fovy>
					<range>9387.852896283099</range>
					<altitudeMode>relativeToGround</altitudeMode>
				</LookAt>
				<styleUrl>#__managed_style_09E1EA981C40DE0D9CB7</styleUrl>
				<Point>
					<altitudeMode>relativeToGround</altitudeMode>
					<coordinates>-5.353599399999999,36.1407734,0</coordinates>
				</Point>
			</Placemark>
			<Placemark id="0615C216C8324E05F04B">
				<name>Ronda</name>
				<gx:mid>/m/03ynj4</gx:mid>
				<gx:fid>0xd0d3143e258a279:0x94358021349a5ba2</gx:fid>
				<LookAt>
					<longitude>-5.1581592</longitude>
					<latitude>36.74063485</latitude>
					<altitude>0</altitude>
					<heading>0</heading>
					<tilt>0</tilt>
					<gx:fovy>35</gx:fovy>
					<range>9314.515732704926</range>
					<altitudeMode>relativeToGround</altitudeMode>
				</LookAt>
				<styleUrl>#__managed_style_09E1EA981C40DE0D9CB7</styleUrl>
				<Point>
					<altitudeMode>relativeToGround</altitudeMode>
					<coordinates>-5.161225099999999,36.746209,0</coordinates>
				</Point>
			</Placemark>
			<Placemark id="0C7B6E2E76324E060F96">
				<name>Seville</name>
				<gx:mid>/m/09f3c</gx:mid>
				<gx:fid>0xd126c1114be6291:0x34f018621cfe5648</gx:fid>
				<LookAt>
					<longitude>-5.95505825</longitude>
					<latitude>37.37537075</latitude>
					<altitude>0</altitude>
					<heading>0</heading>
					<tilt>0</tilt>
					<gx:fovy>35</gx:fovy>
					<range>36947.67042738313</range>
					<altitudeMode>relativeToGround</altitudeMode>
				</LookAt>
				<styleUrl>#__managed_style_09E1EA981C40DE0D9CB7</styleUrl>
				<Point>
					<altitudeMode>relativeToGround</altitudeMode>
					<coordinates>-5.9844589,37.3890924,0</coordinates>
				</Point>
			</Placemark>
			<Placemark id="073C819EC4324E066F9F">
				<name>Albarracín</name>
				<gx:mid>/m/097pjq</gx:mid>
				<gx:fid>0xd5dc420c9d9d5eb:0xa73bb26f5bf55cd8</gx:fid>
				<LookAt>
					<longitude>-1.4422505</longitude>
					<latitude>40.40646535</latitude>
					<altitude>0</altitude>
					<heading>0</heading>
					<tilt>0</tilt>
					<gx:fovy>35</gx:fovy>
					<range>1709.912101591822</range>
					<altitudeMode>relativeToGround</altitudeMode>
				</LookAt>
				<styleUrl>#__managed_style_09E1EA981C40DE0D9CB7</styleUrl>
				<Point>
					<altitudeMode>relativeToGround</altitudeMode>
					<coordinates>-1.443876,40.4075581,0</coordinates>
				</Point>
			</Placemark>
			<Placemark id="012F1D20AD324E06E2EE">
				<name>Valencia</name>
				<gx:mid>/m/0h3tv</gx:mid>
				<gx:fid>0xd604f4cf0efb06f:0xb4a351011f7f1d39</gx:fid>
				<LookAt>
					<longitude>-0.3615113</longitude>
					<latitude>39.40778525</latitude>
					<altitude>0</altitude>
					<heading>0</heading>
					<tilt>0</tilt>
					<gx:fovy>35</gx:fovy>
					<range>35923.48538584358</range>
					<altitudeMode>relativeToGround</altitudeMode>
				</LookAt>
				<styleUrl>#__managed_style_09E1EA981C40DE0D9CB7</styleUrl>
				<Point>
					<altitudeMode>relativeToGround</altitudeMode>
					<coordinates>-0.3756348,39.4738338,0</coordinates>
				</Point>
			</Placemark>
			<Placemark id="07E1A3E004324E071190">
				<name>Cuenca</name>
				<gx:mid>/m/02rvkb</gx:mid>
				<gx:fid>0xd5d6741369751c3:0x6e81ab6ed08cd292</gx:fid>
				<LookAt>
					<longitude>-2.1480249</longitude>
					<latitude>40.0619721</latitude>
					<altitude>0</altitude>
					<heading>0</heading>
					<tilt>0</tilt>
					<gx:fovy>35</gx:fovy>
					<range>8896.036307570221</range>
					<altitudeMode>relativeToGround</altitudeMode>
				</LookAt>
				<styleUrl>#__managed_style_09E1EA981C40DE0D9CB7</styleUrl>
				<Point>
					<altitudeMode>relativeToGround</altitudeMode>
					<coordinates>-2.1374162,40.0703925,0</coordinates>
				</Point>
			</Placemark>
			<Placemark id="0A0FB13B9D324E073F37">
				<name>Zaragoza</name>
				<gx:mid>/m/0h5m7</gx:mid>
				<gx:fid>0xd5914dd5e618e91:0x49df13f1158489a8</gx:fid>
				<LookAt>
					<longitude>-0.8949809</longitude>
					<latitude>41.65169125</latitude>
					<altitude>0</altitude>
					<heading>0</heading>
					<tilt>0</tilt>
					<gx:fovy>35</gx:fovy>
					<range>17370.14068234043</range>
					<altitudeMode>relativeToGround</altitudeMode>
				</LookAt>
				<styleUrl>#__managed_style_09E1EA981C40DE0D9CB7</styleUrl>
				<Point>
					<altitudeMode>relativeToGround</altitudeMode>
					<coordinates>-0.8861450999999999,41.6474339,0</coordinates>
				</Point>
			</Placemark>
			<Placemark id="0C46346C2C324E0765B8">
				<name>Pamplona</name>
				<gx:mid>/m/0g850</gx:mid>
				<gx:fid>0xd50928ba31965c7:0x4e6e903632cb2e90</gx:fid>
				<LookAt>
					<longitude>-1.6500216</longitude>
					<latitude>42.815766</latitude>
					<altitude>0</altitude>
					<heading>0</heading>
					<tilt>0</tilt>
					<gx:fovy>35</gx:fovy>
					<range>17052.68114363714</range>
					<altitudeMode>relativeToGround</altitudeMode>
				</LookAt>
				<styleUrl>#__managed_style_09E1EA981C40DE0D9CB7</styleUrl>
				<Point>
					<altitudeMode>relativeToGround</altitudeMode>
					<coordinates>-1.6457745,42.812526,0</coordinates>
				</Point>
			</Placemark>
			<Placemark id="0DE8D040B3324E07A774">
				<name>Donostia-San Sebastian</name>
				<gx:mid>/m/02l6l8</gx:mid>
				<gx:fid>0xd51affe3b68fe15:0xe43ec55994864649</gx:fid>
				<LookAt>
					<longitude>-1.97388295</longitude>
					<latitude>43.30729265</latitude>
					<altitude>0</altitude>
					<heading>0</heading>
					<tilt>0</tilt>
					<gx:fovy>35</gx:fovy>
					<range>16916.51372585824</range>
					<altitudeMode>relativeToGround</altitudeMode>
				</LookAt>
				<styleUrl>#__managed_style_09E1EA981C40DE0D9CB7</styleUrl>
				<Point>
					<altitudeMode>relativeToGround</altitudeMode>
					<coordinates>-1.9817051,43.318237,0</coordinates>
				</Point>
			</Placemark>
			<Placemark id="0B5F013EC8324E07C8C6">
				<name>Santander</name>
				<gx:mid>/m/016d7r</gx:mid>
				<gx:fid>0xd4949ae8a6bee71:0xd27cdc801682ba96</gx:fid>
				<LookAt>
					<longitude>-3.811137050000001</longitude>
					<latitude>43.46134439999999</latitude>
					<altitude>0</altitude>
					<heading>0</heading>
					<tilt>0</tilt>
					<gx:fovy>35</gx:fovy>
					<range>16873.58011987685</range>
					<altitudeMode>relativeToGround</altitudeMode>
				</LookAt>
				<styleUrl>#__managed_style_09E1EA981C40DE0D9CB7</styleUrl>
				<Point>
					<altitudeMode>relativeToGround</altitudeMode>
					<coordinates>-3.8226402,43.4636346,0</coordinates>
				</Point>
			</Placemark>
			<Placemark id="0072196B57324E07E622">
				<name>San Vicente de la Barquera</name>
				<gx:mid>/m/0c455w</gx:mid>
				<gx:fid>0xd490aa75cb57fdd:0xa7d81c5226846f24</gx:fid>
				<LookAt>
					<longitude>-4.3970026</longitude>
					<latitude>43.38595855</latitude>
					<altitude>0</altitude>
					<heading>0</heading>
					<tilt>0</tilt>
					<gx:fovy>35</gx:fovy>
					<range>3773.490625739927</range>
					<altitudeMode>relativeToGround</altitudeMode>
				</LookAt>
				<styleUrl>#__managed_style_09E1EA981C40DE0D9CB7</styleUrl>
				<Point>
					<altitudeMode>relativeToGround</altitudeMode>
					<coordinates>-4.397057999999999,43.3813069,0</coordinates>
				</Point>
			</Placemark>
			<Placemark id="0831EF527D324E081248">
				<name>Cudillero</name>
				<gx:mid>/m/07w5sd</gx:mid>
				<gx:fid>0xd36a151c3473fe1:0x677ebf3e1f34a27f</gx:fid>
				<LookAt>
					<longitude>-6.148175749999999</longitude>
					<latitude>43.56128695</latitude>
					<altitude>0</altitude>
					<heading>0</heading>
					<tilt>0</tilt>
					<gx:fovy>35</gx:fovy>
					<range>3759.466942652175</range>
					<altitudeMode>relativeToGround</altitudeMode>
				</LookAt>
				<styleUrl>#__managed_style_0BE4FBCE9E40DE0D9CBB</styleUrl>
				<Point>
					<altitudeMode>relativeToGround</altitudeMode>
					<coordinates>-6.145264799999999,43.5629162,0</coordinates>
				</Point>
			</Placemark>
			<Placemark id="033EF5E8C8324E083FD4">
				<name>A Coruña</name>
				<gx:mid>/m/02hvjy</gx:mid>
				<gx:fid>0xd2e7cfcf174574d:0x6a47350d095cdfee</gx:fid>
				<LookAt>
					<longitude>-8.412683700000001</longitude>
					<latitude>43.36187415</latitude>
					<altitude>0</altitude>
					<heading>0</heading>
					<tilt>0</tilt>
					<gx:fovy>35</gx:fovy>
					<range>16901.3160529085</range>
					<altitudeMode>relativeToGround</altitudeMode>
				</LookAt>
				<styleUrl>#__managed_style_09E1EA981C40DE0D9CB7</styleUrl>
				<Point>
					<altitudeMode>relativeToGround</altitudeMode>
					<coordinates>-8.4103923,43.3637626,0</coordinates>
				</Point>
			</Placemark>
			<Placemark id="0150B92FC8324E086294">
				<name>Luarca</name>
				<gx:mid>/m/09d7kv</gx:mid>
				<gx:fid>0xd3156dfb82bda1d:0xee99ecbe22452fb4</gx:fid>
				<LookAt>
					<longitude>-6.531341099999999</longitude>
					<latitude>43.53712515</latitude>
					<altitude>0</altitude>
					<heading>0</heading>
					<tilt>0</tilt>
					<gx:fovy>35</gx:fovy>
					<range>8426.207773840655</range>
					<altitudeMode>relativeToGround</altitudeMode>
				</LookAt>
				<styleUrl>#__managed_style_09E1EA981C40DE0D9CB7</styleUrl>
				<Point>
					<altitudeMode>relativeToGround</altitudeMode>
					<coordinates>-6.535946099999999,43.5420137,0</coordinates>
				</Point>
			</Placemark>
			<Placemark id="0522092831324E08B9BD">
				<name>Benalmádena</name>
				<gx:mid>/m/02tr11</gx:mid>
				<gx:fid>0xd72fcb76005e23f:0xcf24f3c3adf501a</gx:fid>
				<LookAt>
					<longitude>-4.54684135</longitude>
					<latitude>36.59206035</latitude>
					<altitude>0</altitude>
					<heading>0</heading>
					<tilt>0</tilt>
					<gx:fovy>35</gx:fovy>
					<range>9332.514598228192</range>
					<altitudeMode>relativeToGround</altitudeMode>
				</LookAt>
				<styleUrl>#__managed_style_09E1EA981C40DE0D9CB7</styleUrl>
				<Point>
					<altitudeMode>relativeToGround</altitudeMode>
					<coordinates>-4.5197688,36.5964743,0</coordinates>
				</Point>
			</Placemark>
			<Placemark id="076E34298C3258EBA25A">
				<name>Andorra la Vella</name>
				<gx:mid>/m/0g53z</gx:mid>
				<gx:fid>0x12a5f52b4a25fb0b:0xa00947091997280</gx:fid>
				<LookAt>
					<longitude>1.52036555</longitude>
					<latitude>42.5050851</latitude>
					<altitude>0</altitude>
					<heading>0</heading>
					<tilt>0</tilt>
					<gx:fovy>35</gx:fovy>
					<range>3843.525919217418</range>
					<altitudeMode>relativeToGround</altitudeMode>
				</LookAt>
				<styleUrl>#__managed_style_09E1EA981C40DE0D9CB7</styleUrl>
				<Point>
					<altitudeMode>relativeToGround</altitudeMode>
					<coordinates>1.5218355,42.5063174,0</coordinates>
				</Point>
			</Placemark>
			<Placemark id="0B0FC3A4B93258EC07BF">
				<name>Benasque</name>
				<gx:mid>/m/013yq0</gx:mid>
				<gx:fid>0x12a8793721d42a3f:0xbbf9482ec36ce3d2</gx:fid>
				<LookAt>
					<longitude>0.5674153000000001</longitude>
					<latitude>42.6233488</latitude>
					<altitude>0</altitude>
					<heading>0</heading>
					<tilt>0</tilt>
					<gx:fovy>35</gx:fovy>
					<range>34211.29028674978</range>
					<altitudeMode>relativeToGround</altitudeMode>
				</LookAt>
				<styleUrl>#__managed_style_09E1EA981C40DE0D9CB7</styleUrl>
				<Point>
					<altitudeMode>relativeToGround</altitudeMode>
					<coordinates>0.5233314,42.6047702,0</coordinates>
				</Point>
			</Placemark>
			<Placemark id="0FBF71F14D3258ECA95B">
				<name>Formigal</name>
				<gx:mid>/g/1q6h3887g</gx:mid>
				<gx:fid>0xd5793f21110393f:0xcf5f055f72674824</gx:fid>
				<LookAt>
					<longitude>-0.35993555</longitude>
					<latitude>42.77623759999999</latitude>
					<altitude>0</altitude>
					<heading>0</heading>
					<tilt>0</tilt>
					<gx:fovy>35</gx:fovy>
					<range>1638.05399890013</range>
					<altitudeMode>relativeToGround</altitudeMode>
				</LookAt>
				<styleUrl>#__managed_style_09E1EA981C40DE0D9CB7</styleUrl>
				<Point>
					<altitudeMode>relativeToGround</altitudeMode>
					<coordinates>-0.3595372,42.7766544,0</coordinates>
				</Point>
			</Placemark>
			<Placemark id="0812DD28B132F93BD676">
				<name>Elizondo</name>
				<gx:mid>/m/0c3xx59</gx:mid>
				<gx:fid>0xd50dfdff48774e7:0xbfb531c47001c536</gx:fid>
				<LookAt>
					<longitude>-1.5205875</longitude>
					<latitude>43.1442057</latitude>
					<altitude>0</altitude>
					<heading>0</heading>
					<tilt>0</tilt>
					<gx:fovy>35</gx:fovy>
					<range>1626.668836184983</range>
					<altitudeMode>relativeToGround</altitudeMode>
				</LookAt>
				<styleUrl>#__managed_style_144386BD5F40DE0D9CB9</styleUrl>
				<Point>
					<altitudeMode>relativeToGround</altitudeMode>
					<coordinates>-1.5208198,43.1424014,0</coordinates>
				</Point>
			</Placemark>
			<Placemark id="003F5E6627332F637F6D">
				<name>Biescas</name>
				<gx:mid>/m/06zj16</gx:mid>
				<gx:fid>0xd578c9ddf135f15:0x4018c6508ce9cf0</gx:fid>
				<LookAt>
					<longitude>-0.32192455</longitude>
					<latitude>42.6283545</latitude>
					<altitude>0</altitude>
					<heading>0</heading>
					<tilt>0</tilt>
					<gx:fovy>35</gx:fovy>
					<range>752.7386120501019</range>
					<altitudeMode>relativeToGround</altitudeMode>
				</LookAt>
				<styleUrl>#__managed_style_144386BD5F40DE0D9CB9</styleUrl>
				<Point>
					<altitudeMode>relativeToGround</altitudeMode>
					<coordinates>-0.3214825126988707,42.629517576472,0</coordinates>
				</Point>
			</Placemark>
			<Placemark id="033DC3C81C333A69003E">
				<name>Trujillo</name>
				<gx:mid>/g/11cn5ptzrp</gx:mid>
				<gx:fid>0xd15a320382fca8f:0x63fd04415572e161</gx:fid>
				<LookAt>
					<longitude>-5.87878255</longitude>
					<latitude>39.46029185</latitude>
					<altitude>0</altitude>
					<heading>0</heading>
					<tilt>0</tilt>
					<gx:fovy>35</gx:fovy>
					<range>8974.105350847882</range>
					<altitudeMode>relativeToGround</altitudeMode>
				</LookAt>
				<styleUrl>#__managed_style_09E1EA981C40DE0D9CB7</styleUrl>
				<Point>
					<altitudeMode>relativeToGround</altitudeMode>
					<coordinates>-5.876728399999999,39.458293,0</coordinates>
				</Point>
			</Placemark>
			<Placemark id="0A5CF7A2CB33413FA343">
				<name>Ponferrada</name>
				<gx:mid>/m/0411qy</gx:mid>
				<gx:fid>0xd30ba8c4ef7b633:0xdc636ce1ab239060</gx:fid>
				<LookAt>
					<longitude>-6.60985205</longitude>
					<latitude>42.55390475</latitude>
					<altitude>0</altitude>
					<heading>0</heading>
					<tilt>0</tilt>
					<gx:fovy>35</gx:fovy>
					<range>8562.356346328741</range>
					<altitudeMode>relativeToGround</altitudeMode>
				</LookAt>
				<styleUrl>#__managed_style_144386BD5F40DE0D9CB9</styleUrl>
				<Point>
					<altitudeMode>relativeToGround</altitudeMode>
					<coordinates>-6.598259,42.5499958,0</coordinates>
				</Point>
			</Placemark>
			<Placemark id="0277F17E713372B768D5">
				<name>Hondarribia</name>
				<gx:mid>/m/03xg6k</gx:mid>
				<gx:fid>0xd5109a0535dceff:0xf8a3a87ebc694056</gx:fid>
				<LookAt>
					<longitude>-1.7952079</longitude>
					<latitude>43.3712441</latitude>
					<altitude>0</altitude>
					<heading>0</heading>
					<tilt>0</tilt>
					<gx:fovy>35</gx:fovy>
					<range>3774.666320195293</range>
					<altitudeMode>relativeToGround</altitudeMode>
				</LookAt>
				<styleUrl>#__managed_style_09E1EA981C40DE0D9CB7</styleUrl>
				<Point>
					<altitudeMode>relativeToGround</altitudeMode>
					<coordinates>-1.7998109,43.368603,0</coordinates>
				</Point>
			</Placemark>
			<Placemark id="0725B8770334438ACF66">
				<name>Setenil de las Bodegas</name>
				<gx:mid>/m/0djw4z</gx:mid>
				<gx:fid>0xd0d49c8297cdd15:0x44842378df0ac406</gx:fid>
				<LookAt>
					<longitude>-5.1767596</longitude>
					<latitude>36.86292935</latitude>
					<altitude>0</altitude>
					<heading>0</heading>
					<tilt>0</tilt>
					<gx:fovy>35</gx:fovy>
					<range>1812.25789746827</range>
					<altitudeMode>relativeToGround</altitudeMode>
				</LookAt>
				<styleUrl>#__managed_style_09E1EA981C40DE0D9CB7</styleUrl>
				<Point>
					<altitudeMode>relativeToGround</altitudeMode>
					<coordinates>-5.180449590842468,36.86283331062977,0</coordinates>
				</Point>
			</Placemark>
			<Placemark id="0BA7E654C0360343012B">
				<name>León</name>
				<gx:mid>/m/01s2b7</gx:mid>
				<gx:fid>0xd379a9a0d5e1bd9:0x7d849ffad4f1eef3</gx:fid>
				<LookAt>
					<longitude>-5.577391299999999</longitude>
					<latitude>42.60360565</latitude>
					<altitude>0</altitude>
					<heading>0</heading>
					<tilt>0</tilt>
					<gx:fovy>35</gx:fovy>
					<range>8555.534331036944</range>
					<altitudeMode>relativeToGround</altitudeMode>
				</LookAt>
				<styleUrl>#__managed_style_09E1EA981C40DE0D9CB7</styleUrl>
				<Point>
					<altitudeMode>relativeToGround</altitudeMode>
					<coordinates>-5.568213400140994,42.59777278144066,0</coordinates>
				</Point>
			</Placemark>
			<Placemark id="0F407D389A3603476AF1">
				<name>Llanes</name>
				<gx:mid>/m/0265c_</gx:mid>
				<gx:fid>0xd49eae3140a6429:0x50b0567bd4b9b8ef</gx:fid>
				<LookAt>
					<longitude>-4.757190199999999</longitude>
					<latitude>43.42014205</latitude>
					<altitude>0</altitude>
					<heading>0</heading>
					<tilt>0</tilt>
					<gx:fovy>35</gx:fovy>
					<range>3770.758595114712</range>
					<altitudeMode>relativeToGround</altitudeMode>
				</LookAt>
				<styleUrl>#__managed_style_09E1EA981C40DE0D9CB7</styleUrl>
				<Point>
					<altitudeMode>relativeToGround</altitudeMode>
					<coordinates>-4.7562159,43.4211483,0</coordinates>
				</Point>
			</Placemark>
			<Placemark id="0B92475F6A36039CC457">
				<name>Valladolid</name>
				<gx:mid>/m/0j1tm</gx:mid>
				<gx:fid>0xd47728c08c66e93:0xb3ff92d41ca26bef</gx:fid>
				<LookAt>
					<longitude>-4.8088121</longitude>
					<latitude>41.70325345</latitude>
					<altitude>0</altitude>
					<heading>0</heading>
					<tilt>0</tilt>
					<gx:fovy>35</gx:fovy>
					<range>69424.91899349593</range>
					<altitudeMode>relativeToGround</altitudeMode>
				</LookAt>
				<styleUrl>#__managed_style_09E1EA981C40DE0D9CB7</styleUrl>
				<Point>
					<altitudeMode>relativeToGround</altitudeMode>
					<coordinates>-4.722273299999999,41.6543639,0</coordinates>
				</Point>
			</Placemark>
			<Placemark id="0C7569909436039F183F">
				<name>Burgos</name>
				<gx:mid>/m/0c5nv</gx:mid>
				<gx:fid>0xd45fcbe3dc20327:0xa1f5beab8e71aa1</gx:fid>
				<LookAt>
					<longitude>-3.69469305</longitude>
					<latitude>42.344126</latitude>
					<altitude>0</altitude>
					<heading>0</heading>
					<tilt>0</tilt>
					<gx:fovy>35</gx:fovy>
					<range>17182.15964740957</range>
					<altitudeMode>relativeToGround</altitudeMode>
				</LookAt>
				<styleUrl>#__managed_style_09E1EA981C40DE0D9CB7</styleUrl>
				<Point>
					<altitudeMode>relativeToGround</altitudeMode>
					<coordinates>-3.6893545,42.3504659,0</coordinates>
				</Point>
			</Placemark>
			<Placemark id="00C1FA8F1D3603B4A88C">
				<name>Salamanca</name>
				<gx:mid>/m/0b283h</gx:mid>
				<gx:fid>0xd3f265dc7dd7c45:0x2f7ae4d00bbfa9aa</gx:fid>
				<LookAt>
					<longitude>-5.669212099999999</longitude>
					<latitude>40.9634385</latitude>
					<altitude>0</altitude>
					<heading>0</heading>
					<tilt>0</tilt>
					<gx:fovy>35</gx:fovy>
					<range>8777.23622203933</range>
					<altitudeMode>relativeToGround</altitudeMode>
				</LookAt>
				<styleUrl>#__managed_style_09E1EA981C40DE0D9CB7</styleUrl>
				<Point>
					<altitudeMode>relativeToGround</altitudeMode>
					<coordinates>-5.663539699999999,40.9701039,0</coordinates>
				</Point>
			</Placemark>
			<Placemark id="064BBFA6903603D54C9C">
				<name>Bilbao</name>
				<gx:mid>/m/0htqt</gx:mid>
				<gx:fid>0xd4e4e27664b89b9:0x6534acc41e95a645</gx:fid>
				<LookAt>
					<longitude>-2.9335644</longitude>
					<latitude>43.26332349999999</latitude>
					<altitude>0</altitude>
					<heading>0</heading>
					<tilt>0</tilt>
					<gx:fovy>35</gx:fovy>
					<range>16928.74533210697</range>
					<altitudeMode>relativeToGround</altitudeMode>
				</LookAt>
				<styleUrl>#__managed_style_09E1EA981C40DE0D9CB7</styleUrl>
				<Point>
					<altitudeMode>relativeToGround</altitudeMode>
					<coordinates>-2.9348121,43.2633799,0</coordinates>
				</Point>
			</Placemark>
			<Placemark id="000159259736040B8AD5">
				<name>Palma</name>
				<gx:mid>/m/0jwz5</gx:mid>
				<gx:fid>0x12979259c61ac757:0xc40d5406c3d058c6</gx:fid>
				<LookAt>
					<longitude>2.6807551</longitude>
					<latitude>39.56995265</latitude>
					<altitude>0</altitude>
					<heading>0</heading>
					<tilt>0</tilt>
					<gx:fovy>35</gx:fovy>
					<range>35839.80068001068</range>
					<altitudeMode>relativeToGround</altitudeMode>
				</LookAt>
				<styleUrl>#__managed_style_09E1EA981C40DE0D9CB7</styleUrl>
				<Point>
					<altitudeMode>relativeToGround</altitudeMode>
					<coordinates>2.6568551,39.5726541,0</coordinates>
				</Point>
			</Placemark>
			<Placemark id="0AD7881888386F91D561">
				<name>Valderrobres</name>
				<gx:mid>/m/0l6hy</gx:mid>
				<gx:fid>0x12a090abf8cc0db9:0xed6d947fffebfcab</gx:fid>
				<LookAt>
					<longitude>0.1540867</longitude>
					<latitude>40.87303215</latitude>
					<altitude>0</altitude>
					<heading>0</heading>
					<tilt>0</tilt>
					<gx:fovy>35</gx:fovy>
					<range>1695.970700630911</range>
					<altitudeMode>relativeToGround</altitudeMode>
				</LookAt>
				<styleUrl>#__managed_style_09E1EA981C40DE0D9CB7</styleUrl>
				<Point>
					<altitudeMode>relativeToGround</altitudeMode>
					<coordinates>0.154925164082933,40.87518403264666,0</coordinates>
				</Point>
			</Placemark>
			<Placemark id="08916E028F387B5813F0">
				<name>Ciutadella de Menorca</name>
				<gx:mid>/g/11cn638mjw</gx:mid>
				<gx:fid>0x12be040aab08890f:0x8145a42f36707c1e</gx:fid>
				<LookAt>
					<longitude>3.84502475</longitude>
					<latitude>40.0011601</latitude>
					<altitude>0</altitude>
					<heading>0</heading>
					<tilt>0</tilt>
					<gx:fovy>35</gx:fovy>
					<range>4038.481494518579</range>
					<altitudeMode>relativeToGround</altitudeMode>
				</LookAt>
				<styleUrl>#__managed_style_09E1EA981C40DE0D9CB7</styleUrl>
				<Point>
					<altitudeMode>relativeToGround</altitudeMode>
					<coordinates>3.838904699999999,39.9991163,0</coordinates>
				</Point>
			</Placemark>
			<Placemark id="0A6183A6B83901E369A8">
				<name>Mondoñedo</name>
				<gx:mid>/m/07x2hk</gx:mid>
				<gx:fid>0xd318dc6557eb4a9:0x81c6910d2f8984a6</gx:fid>
				<LookAt>
					<longitude>-7.36326205</longitude>
					<latitude>43.43148135</latitude>
					<altitude>0</altitude>
					<heading>0</heading>
					<tilt>0</tilt>
					<gx:fovy>35</gx:fovy>
					<range>3769.852099881292</range>
					<altitudeMode>relativeToGround</altitudeMode>
				</LookAt>
				<styleUrl>#__managed_style_144386BD5F40DE0D9CB9</styleUrl>
				<Point>
					<altitudeMode>relativeToGround</altitudeMode>
					<coordinates>-7.363846799999999,43.4285755,0</coordinates>
				</Point>
			</Placemark>
			<Placemark id="0DFBE6022E397E184968">
				<name>Teruel</name>
				<gx:mid>/m/0hw50</gx:mid>
				<gx:fid>0xd5e73abeff0fd43:0x29412a3ac541cf0</gx:fid>
				<LookAt>
					<longitude>-1.10096485</longitude>
					<latitude>40.3450096</latitude>
					<altitude>0</altitude>
					<heading>0</heading>
					<tilt>0</tilt>
					<gx:fovy>35</gx:fovy>
					<range>8858.9718912644</range>
					<altitudeMode>relativeToGround</altitudeMode>
				</LookAt>
				<styleUrl>#__managed_style_09E1EA981C40DE0D9CB7</styleUrl>
				<Point>
					<altitudeMode>relativeToGround</altitudeMode>
					<coordinates>-1.107567687997109,40.34399759831879,0</coordinates>
				</Point>
			</Placemark>
			<Placemark id="064A8CFB1D397E1F85F6">
				<name>Requena</name>
				<gx:mid>/g/11bc6l3px6</gx:mid>
				<gx:fid>0xd60ce2c49ac2fe7:0xdb9b416f3a4996ea</gx:fid>
				<LookAt>
					<longitude>-1.1004112</longitude>
					<latitude>39.48854915</latitude>
					<altitude>0</altitude>
					<heading>0</heading>
					<tilt>0</tilt>
					<gx:fovy>35</gx:fovy>
					<range>4077.585077154803</range>
					<altitudeMode>relativeToGround</altitudeMode>
				</LookAt>
				<styleUrl>#__managed_style_144386BD5F40DE0D9CB9</styleUrl>
				<Point>
					<altitudeMode>relativeToGround</altitudeMode>
					<coordinates>-1.098869139096392,39.48739736108914,0</coordinates>
				</Point>
			</Placemark>
			<Placemark id="0910CFB6EA398194AF60">
				<name>Ezcaray</name>
				<gx:mid>/m/0fp1t8</gx:mid>
				<gx:fid>0xd4570cc6b7f7e45:0xff779a108ae15b12</gx:fid>
				<LookAt>
					<longitude>-3.0139743</longitude>
					<latitude>42.3288264</latitude>
					<altitude>0</altitude>
					<heading>0</heading>
					<tilt>0</tilt>
					<gx:fovy>35</gx:fovy>
					<range>3857.453066785788</range>
					<altitudeMode>relativeToGround</altitudeMode>
				</LookAt>
				<styleUrl>#__managed_style_144386BD5F40DE0D9CB9</styleUrl>
				<Point>
					<altitudeMode>relativeToGround</altitudeMode>
					<coordinates>-3.0138183,42.3260738,0</coordinates>
				</Point>
			</Placemark>
			<Placemark id="0B402A514139872F8D7C">
				<name>Comillas</name>
				<gx:mid>/g/11cn60svnb</gx:mid>
				<gx:fid>0xd490cc070ceb27f:0x3dc12b18af6e044d</gx:fid>
				<LookAt>
					<longitude>-4.292502549999999</longitude>
					<latitude>43.3857642</latitude>
					<altitude>0</altitude>
					<heading>0</heading>
					<tilt>0</tilt>
					<gx:fovy>35</gx:fovy>
					<range>3773.506155696031</range>
					<altitudeMode>relativeToGround</altitudeMode>
				</LookAt>
				<styleUrl>#__managed_style_09E1EA981C40DE0D9CB7</styleUrl>
				<Point>
					<altitudeMode>relativeToGround</altitudeMode>
					<coordinates>-4.290894586324176,43.38593916195035,0</coordinates>
				</Point>
			</Placemark>
			<Placemark id="0653B099DE398737033C">
				<name>Gijón</name>
				<gx:mid>/m/0vgw2</gx:mid>
				<gx:fid>0xd367c66cbf494bf:0xbd06d207048d3536</gx:fid>
				<LookAt>
					<longitude>-5.66845455</longitude>
					<latitude>43.53142845</latitude>
					<altitude>0</altitude>
					<heading>0</heading>
					<tilt>0</tilt>
					<gx:fovy>35</gx:fovy>
					<range>16854.00758671199</range>
					<altitudeMode>relativeToGround</altitudeMode>
				</LookAt>
				<styleUrl>#__managed_style_07BC34A7DF40DE0D9CB9</styleUrl>
				<Point>
					<altitudeMode>relativeToGround</altitudeMode>
					<coordinates>-5.662557222749115,43.54541115932594,0</coordinates>
				</Point>
			</Placemark>
			<Placemark id="0F940812733A73C86E37">
				<name>Puigcerdà</name>
				<gx:mid>/m/0l6d7</gx:mid>
				<gx:fid>0x12a57be855c13107:0x2b1f2cb44d74e120</gx:fid>
				<LookAt>
					<longitude>1.9259888</longitude>
					<latitude>42.440145</latitude>
					<altitude>0</altitude>
					<heading>0</heading>
					<tilt>0</tilt>
					<gx:fovy>35</gx:fovy>
					<range>8577.946910535518</range>
					<altitudeMode>relativeToGround</altitudeMode>
				</LookAt>
				<styleUrl>#__managed_style_09E1EA981C40DE0D9CB7</styleUrl>
				<Point>
					<altitudeMode>relativeToGround</altitudeMode>
					<coordinates>1.927496224227663,42.43163495405533,0</coordinates>
				</Point>
			</Placemark>
			<Placemark id="04B909E90E3B649BF97C">
				<gx:mid>/m/0g7wz</gx:mid>
				<gx:fid>0x12bae72798c8fdab:0xaf3845b6a5296a6f</gx:fid>
				<LookAt>
					<longitude>2.8186672</longitude>
					<latitude>41.98031395</latitude>
					<altitude>0</altitude>
					<heading>0</heading>
					<tilt>0</tilt>
					<gx:fovy>35</gx:fovy>
					<range>17281.241362814</range>
					<altitudeMode>relativeToGround</altitudeMode>
				</LookAt>
				<styleUrl>#__managed_style_09E1EA981C40DE0D9CB7</styleUrl>
				<Point>
					<altitudeMode>relativeToGround</altitudeMode>
					<coordinates>2.824123040616471,41.98470356710636,0</coordinates>
				</Point>
			</Placemark>
			<Placemark id="0CDB9051153B649F147C">
				<gx:mid>/m/010nf4</gx:mid>
				<gx:fid>0x12a3804720b208fb:0x7061f1fb2907c8f9</gx:fid>
				<LookAt>
					<longitude>1.8034272</longitude>
					<latitude>41.23588825</latitude>
					<altitude>0</altitude>
					<heading>0</heading>
					<tilt>0</tilt>
					<gx:fovy>35</gx:fovy>
					<range>3943.139395289717</range>
					<altitudeMode>relativeToGround</altitudeMode>
				</LookAt>
				<styleUrl>#__managed_style_144386BD5F40DE0D9CB9</styleUrl>
				<Point>
					<altitudeMode>relativeToGround</altitudeMode>
					<coordinates>1.810819940364652,41.2349481397594,0</coordinates>
				</Point>
			</Placemark>
			<Placemark id="0EF2CF7AF33B64A21FFE">
				<gx:mid>/m/0p8slym</gx:mid>
				<gx:fid>0x12ba5f13550b1e93:0x9e9bad1f045cf810</gx:fid>
				<LookAt>
					<longitude>3.1179016</longitude>
					<latitude>42.13981505</latitude>
					<altitude>0</altitude>
					<heading>0</heading>
					<tilt>0</tilt>
					<gx:fovy>35</gx:fovy>
					<range>759.1588222492413</range>
					<altitudeMode>relativeToGround</altitudeMode>
				</LookAt>
				<styleUrl>#__managed_style_144386BD5F40DE0D9CB9</styleUrl>
				<Point>
					<altitudeMode>relativeToGround</altitudeMode>
					<coordinates>3.117912199999999,42.139886,0</coordinates>
				</Point>
			</Placemark>
			<Placemark id="07B6CCE4E83B64A68D04">
				<gx:mid>/m/0yfc7</gx:mid>
				<gx:fid>0x12bac7547751518d:0x334cb5899dfbf86b</gx:fid>
				<LookAt>
					<longitude>2.693414</longitude>
					<latitude>42.19987065</latitude>
					<altitude>0</altitude>
					<heading>0</heading>
					<tilt>0</tilt>
					<gx:fovy>35</gx:fovy>
					<range>1655.767144612684</range>
					<altitudeMode>relativeToGround</altitudeMode>
				</LookAt>
				<styleUrl>#__managed_style_09E1EA981C40DE0D9CB7</styleUrl>
				<Point>
					<altitudeMode>relativeToGround</altitudeMode>
					<coordinates>2.699962274192205,42.19911655178883,0</coordinates>
				</Point>
			</Placemark>
			<Placemark id="0BEEEC4E2F3ED4AF46BB">
				<gx:mid>/g/11dym8yk47</gx:mid>
				<gx:fid>0xd6a0bad0bb5fdf1:0xc67f5be86a75adfe</gx:fid>
				<LookAt>
					<longitude>-3.99942995</longitude>
					<latitude>39.8622093</latitude>
					<altitude>0</altitude>
					<heading>0</heading>
					<tilt>0</tilt>
					<gx:fovy>35</gx:fovy>
					<range>17844.13016832257</range>
					<altitudeMode>relativeToGround</altitudeMode>
				</LookAt>
				<styleUrl>#__managed_style_09E1EA981C40DE0D9CB7</styleUrl>
				<Point>
					<altitudeMode>relativeToGround</altitudeMode>
					<coordinates>-4.027323099999999,39.8628316,0</coordinates>
				</Point>
			</Placemark>
			<Placemark id="0B2F50C4623ED4AFBC71">
				<gx:mid>/m/0f1rr</gx:mid>
				<gx:fid>0xd6cdf26f95e0aef:0x4df1d2e8108456c3</gx:fid>
				<LookAt>
					<longitude>-4.7844853</longitude>
					<latitude>37.8915444</latitude>
					<altitude>0</altitude>
					<heading>0</heading>
					<tilt>0</tilt>
					<gx:fovy>35</gx:fovy>
					<range>18345.9556388814</range>
					<altitudeMode>relativeToGround</altitudeMode>
				</LookAt>
				<styleUrl>#__managed_style_09E1EA981C40DE0D9CB7</styleUrl>
				<Point>
					<altitudeMode>relativeToGround</altitudeMode>
					<coordinates>-4.7792753,37.8893025,0</coordinates>
				</Point>
			</Placemark>
			<Placemark id="0CBC618F523ED4AFF6A7">
				<gx:mid>/m/0jg2n</gx:mid>
				<gx:fid>0xd413ee6a93332f9:0x54567221bf13dfb7</gx:fid>
				<LookAt>
					<longitude>-4.1122019</longitude>
					<latitude>40.94125015</latitude>
					<altitude>0</altitude>
					<heading>0</heading>
					<tilt>0</tilt>
					<gx:fovy>35</gx:fovy>
					<range>8780.186524708857</range>
					<altitudeMode>relativeToGround</altitudeMode>
				</LookAt>
				<styleUrl>#__managed_style_0BE4FBCE9E40DE0D9CBB</styleUrl>
				<Point>
					<altitudeMode>relativeToGround</altitudeMode>
					<coordinates>-4.108806899999999,40.9429032,0</coordinates>
				</Point>
			</Placemark>
			<Placemark id="01FA3AA9603ED4B0300B">
				<gx:mid>/m/01253d</gx:mid>
				<gx:fid>0xd15dfe1495a2363:0x690bbafe8741c23</gx:fid>
				<LookAt>
					<longitude>-6.3907192</longitude>
					<latitude>39.4716366</latitude>
					<altitude>0</altitude>
					<heading>0</heading>
					<tilt>0</tilt>
					<gx:fovy>35</gx:fovy>
					<range>17945.28495422849</range>
					<altitudeMode>relativeToGround</altitudeMode>
				</LookAt>
				<styleUrl>#__managed_style_144386BD5F40DE0D9CB9</styleUrl>
				<Point>
					<altitudeMode>relativeToGround</altitudeMode>
					<coordinates>-6.3734664,39.4755328,0</coordinates>
				</Point>
			</Placemark>
			<Placemark id="004B42ECD03ED4B0878E">
				<gx:mid>/m/0233k8</gx:mid>
				<gx:fid>0xd40f31b5bf84b6b:0xc0f6450ab995ad4a</gx:fid>
				<LookAt>
					<longitude>-4.6821937</longitude>
					<latitude>40.6568861</latitude>
					<altitude>0</altitude>
					<heading>0</heading>
					<tilt>0</tilt>
					<gx:fovy>35</gx:fovy>
					<range>8817.880628896224</range>
					<altitudeMode>relativeToGround</altitudeMode>
				</LookAt>
				<styleUrl>#__managed_style_09E1EA981C40DE0D9CB7</styleUrl>
				<Point>
					<altitudeMode>relativeToGround</altitudeMode>
					<coordinates>-4.6812086,40.656685,0</coordinates>
				</Point>
			</Placemark>
			<Placemark id="03CD1903D23ED4B24C70">
				<gx:mid>/m/06wr9</gx:mid>
				<gx:fid>0xd2efe44e2dd71a7:0xe0146888c087e311</gx:fid>
				<LookAt>
					<longitude>-8.544769650000001</longitude>
					<latitude>42.88020495</latitude>
					<altitude>0</altitude>
					<heading>0</heading>
					<tilt>0</tilt>
					<gx:fovy>35</gx:fovy>
					<range>17034.90091387935</range>
					<altitudeMode>relativeToGround</altitudeMode>
				</LookAt>
				<styleUrl>#__managed_style_07BC34A7DF40DE0D9CB9</styleUrl>
				<Point>
					<altitudeMode>relativeToGround</altitudeMode>
					<coordinates>-8.5441729,42.8768606,0</coordinates>
				</Point>
			</Placemark>
			<Placemark id="0D8986D1A03ED4B28101">
				<gx:mid>/m/07qv__</gx:mid>
				<gx:fid>0xd49151e4ba3e223:0x38d3e5b4d4caa063</gx:fid>
				<LookAt>
					<longitude>-4.108942900000001</longitude>
					<latitude>43.3882831</latitude>
					<altitude>0</altitude>
					<heading>0</heading>
					<tilt>0</tilt>
					<gx:fovy>35</gx:fovy>
					<range>1619.084508257628</range>
					<altitudeMode>relativeToGround</altitudeMode>
				</LookAt>
				<styleUrl>#__managed_style_144386BD5F40DE0D9CB9</styleUrl>
				<Point>
					<altitudeMode>relativeToGround</altitudeMode>
					<coordinates>-4.106609199999999,43.38733269999999,0</coordinates>
				</Point>
			</Placemark>
			<Placemark id="0D5C0D52093ED4B2E821">
				<gx:mid>/m/0b6jvqp</gx:mid>
				<gx:fid>0xd4156a434e45bcd:0x9682872b6471e445</gx:fid>
				<LookAt>
					<longitude>-3.8120022</longitude>
					<latitude>41.13150405</latitude>
					<altitude>0</altitude>
					<heading>0</heading>
					<tilt>0</tilt>
					<gx:fovy>35</gx:fovy>
					<range>772.2445942545871</range>
					<altitudeMode>relativeToGround</altitudeMode>
				</LookAt>
				<styleUrl>#__managed_style_07BC34A7DF40DE0D9CB9</styleUrl>
				<Point>
					<altitudeMode>relativeToGround</altitudeMode>
					<coordinates>-3.8114744,41.1307098,0</coordinates>
				</Point>
			</Placemark>
			<Placemark id="0297C052EA3ED4B372DF">
				<gx:mid>/m/02z9nms</gx:mid>
				<gx:fid>0xd57f9bb439854cf:0x2894ccda57e31f91</gx:fid>
				<LookAt>
					<longitude>-0.12126325</longitude>
					<latitude>42.6019227</latitude>
					<altitude>0</altitude>
					<heading>0</heading>
					<tilt>0</tilt>
					<gx:fovy>35</gx:fovy>
					<range>1643.42667899187</range>
					<altitudeMode>relativeToGround</altitudeMode>
				</LookAt>
				<styleUrl>#__managed_style_144386BD5F40DE0D9CB9</styleUrl>
				<Point>
					<altitudeMode>relativeToGround</altitudeMode>
					<coordinates>-0.1233353,42.6047671,0</coordinates>
				</Point>
			</Placemark>
			<Placemark id="0060B836353ED4B3AB47">
				<gx:mid>/g/11bwdffq97</gx:mid>
				<gx:fid>0xd57f97ff7df695b:0x71c631ca26f2301c</gx:fid>
				<LookAt>
					<longitude>-0.11206625</longitude>
					<latitude>42.62858819999999</latitude>
					<altitude>0</altitude>
					<heading>0</heading>
					<tilt>0</tilt>
					<gx:fovy>35</gx:fovy>
					<range>752.7355285251277</range>
					<altitudeMode>relativeToGround</altitudeMode>
				</LookAt>
				<styleUrl>#__managed_style_09E1EA981C40DE0D9CB7</styleUrl>
				<Point>
					<altitudeMode>relativeToGround</altitudeMode>
					<coordinates>-0.1126542,42.62867749999999,0</coordinates>
				</Point>
			</Placemark>
			<Placemark id="0398ECADF73ED4B3E337">
				<gx:mid>/m/02z9vpr</gx:mid>
				<gx:fid>0xd5a01d9c2122d65:0x4f9633e1c12a9a07</gx:fid>
				<LookAt>
					<longitude>-1.2126501</longitude>
					<latitude>42.49469995</latitude>
					<altitude>0</altitude>
					<heading>0</heading>
					<tilt>0</tilt>
					<gx:fovy>35</gx:fovy>
					<range>1646.724787875124</range>
					<altitudeMode>relativeToGround</altitudeMode>
				</LookAt>
				<styleUrl>#__managed_style_09E1EA981C40DE0D9CB7</styleUrl>
				<Point>
					<altitudeMode>relativeToGround</altitudeMode>
					<coordinates>-1.2162051,42.4939837,0</coordinates>
				</Point>
			</Placemark>
			<Placemark id="0EB339EC0C3ED4B41949">
				<gx:mid>/m/025_svr</gx:mid>
				<gx:fid>0xd43451448b54a53:0x965b94eedaf268de</gx:fid>
				<LookAt>
					<longitude>-2.6421931</longitude>
					<latitude>41.06660315</latitude>
					<altitude>0</altitude>
					<heading>0</heading>
					<tilt>0</tilt>
					<gx:fovy>35</gx:fovy>
					<range>3956.304869646448</range>
					<altitudeMode>relativeToGround</altitudeMode>
				</LookAt>
				<styleUrl>#__managed_style_09E1EA981C40DE0D9CB7</styleUrl>
				<Point>
					<altitudeMode>relativeToGround</altitudeMode>
					<coordinates>-2.6462262,41.067066,0</coordinates>
				</Point>
			</Placemark>
			<Placemark id="08B63548883ED4B45478">
				<gx:mid>/g/11bc6k8bgz</gx:mid>
				<gx:fid>0xd4f6db41df5b7f7:0x29d8917dcf085b5b</gx:fid>
				<LookAt>
					<longitude>-3.29358515</longitude>
					<latitude>42.76208595000001</latitude>
					<altitude>0</altitude>
					<heading>0</heading>
					<tilt>0</tilt>
					<gx:fovy>35</gx:fovy>
					<range>750.9721945012872</range>
					<altitudeMode>relativeToGround</altitudeMode>
				</LookAt>
				<styleUrl>#__managed_style_09E1EA981C40DE0D9CB7</styleUrl>
				<Point>
					<altitudeMode>relativeToGround</altitudeMode>
					<coordinates>-3.2942069,42.76231079999999,0</coordinates>
				</Point>
			</Placemark>
			<Placemark id="04404FBEEA3ED6738617">
				<gx:mid>/m/0h2c3</gx:mid>
				<gx:fid>0x1299476385093943:0x9064725cd8426d6</gx:fid>
				<LookAt>
					<longitude>1.41738785</longitude>
					<latitude>38.97434295000001</latitude>
					<altitude>0</altitude>
					<heading>0</heading>
					<tilt>0</tilt>
					<gx:fovy>35</gx:fovy>
					<range>72291.4883455856</range>
					<altitudeMode>relativeToGround</altitudeMode>
				</LookAt>
				<styleUrl>#__managed_style_09E1EA981C40DE0D9CB7</styleUrl>
				<Point>
					<altitudeMode>relativeToGround</altitudeMode>
					<coordinates>1.432005775790575,38.92090421072517,0</coordinates>
				</Point>
			</Placemark>
			<Placemark id="04570834803EDA16DE88">
				<gx:mid>/m/0gn24</gx:mid>
				<gx:fid>0x12ba8de7daf77b2d:0x2f451468ac1a35cb</gx:fid>
				<LookAt>
					<longitude>2.9654592</longitude>
					<latitude>42.26421325</latitude>
					<altitude>0</altitude>
					<heading>0</heading>
					<tilt>0</tilt>
					<gx:fovy>35</gx:fovy>
					<range>8601.991424058277</range>
					<altitudeMode>relativeToGround</altitudeMode>
				</LookAt>
				<styleUrl>#__managed_style_144386BD5F40DE0D9CB9</styleUrl>
				<Point>
					<altitudeMode>relativeToGround</altitudeMode>
					<coordinates>2.9579232,42.2654818,0</coordinates>
				</Point>
			</Placemark>
			<Placemark id="06F10075BA3EDBA51E47">
				<gx:mid>/g/11xy_6_fd</gx:mid>
				<gx:fid>0xd51a5e48e24662d:0x2ff14b0f346206a0</gx:fid>
				<LookAt>
					<longitude>-1.9158288</longitude>
					<latitude>43.32493165</latitude>
					<altitude>0</altitude>
					<heading>0</heading>
					<tilt>0</tilt>
					<gx:fovy>35</gx:fovy>
					<range>1621.055523092772</range>
					<altitudeMode>relativeToGround</altitudeMode>
				</LookAt>
				<styleUrl>#__managed_style_09E1EA981C40DE0D9CB7</styleUrl>
				<Point>
					<altitudeMode>relativeToGround</altitudeMode>
					<coordinates>-1.9150745,43.3241154,0</coordinates>
				</Point>
			</Placemark>
			<Placemark id="02C3CADFD33EE096330C">
				<gx:mid>/m/0dvt0</gx:mid>
				<gx:fid>0xd0dd25724ec240f:0x40463fd8ca03b00</gx:fid>
				<LookAt>
					<longitude>-6.28246715</longitude>
					<latitude>36.51638639999999</latitude>
					<altitude>0</altitude>
					<heading>0</heading>
					<tilt>0</tilt>
					<gx:fovy>35</gx:fovy>
					<range>18683.31581470445</range>
					<altitudeMode>relativeToGround</altitudeMode>
				</LookAt>
				<styleUrl>#__managed_style_09E1EA981C40DE0D9CB7</styleUrl>
				<Point>
					<altitudeMode>relativeToGround</altitudeMode>
					<coordinates>-6.2804565,36.5210142,0</coordinates>
				</Point>
			</Placemark>
			<Placemark id="0F26C1DCC63EE099ACF9">
				<gx:mid>/m/0295f8</gx:mid>
				<gx:fid>0xd72d809904dabdf:0xe6c9db907b5ecab</gx:fid>
				<LookAt>
					<longitude>-4.86499215</longitude>
					<latitude>36.50085085</latitude>
					<altitude>0</altitude>
					<heading>0</heading>
					<tilt>0</tilt>
					<gx:fovy>35</gx:fovy>
					<range>37374.13190173139</range>
					<altitudeMode>relativeToGround</altitudeMode>
				</LookAt>
				<styleUrl>#__managed_style_144386BD5F40DE0D9CB9</styleUrl>
				<Point>
					<altitudeMode>relativeToGround</altitudeMode>
					<coordinates>-4.8852579,36.5102831,0</coordinates>
				</Point>
			</Placemark>
			<Placemark id="00B09B42DD3EE1C61889">
				<gx:mid>/m/023kvk</gx:mid>
				<gx:fid>0xd62198cf2030967:0xc1b0d625aa84f2f2</gx:fid>
				<LookAt>
					<longitude>-0.23696825</longitude>
					<latitude>38.51229599999999</latitude>
					<altitude>0</altitude>
					<heading>0</heading>
					<tilt>0</tilt>
					<gx:fovy>35</gx:fovy>
					<range>9095.098143521416</range>
					<altitudeMode>relativeToGround</altitudeMode>
				</LookAt>
				<styleUrl>#__managed_style_09E1EA981C40DE0D9CB7</styleUrl>
				<Point>
					<altitudeMode>relativeToGround</altitudeMode>
					<coordinates>-0.232687,38.5124744,0</coordinates>
				</Point>
			</Placemark>
			<Placemark id="08DEB31B763EE1C77977">
				<gx:mid>/m/01qzd3</gx:mid>
				<gx:fid>0xd6204dca62575c3:0x219fa90c0ff26eb5</gx:fid>
				<LookAt>
					<longitude>-0.1299955</longitude>
					<latitude>38.5374075</latitude>
					<altitude>0</altitude>
					<heading>0</heading>
					<tilt>0</tilt>
					<gx:fovy>35</gx:fovy>
					<range>9091.925118689302</range>
					<altitudeMode>relativeToGround</altitudeMode>
				</LookAt>
				<styleUrl>#__managed_style_09E1EA981C40DE0D9CB7</styleUrl>
				<Point>
					<altitudeMode>relativeToGround</altitudeMode>
					<coordinates>-0.1233831,38.5411928,0</coordinates>
				</Point>
			</Placemark>
			<Placemark id="03EBAB90173EE1D25109">
				<gx:mid>/m/09jq0</gx:mid>
				<gx:fid>0xd71fce62d32c27d:0x9258f79dd3600d72</gx:fid>
				<LookAt>
					<longitude>-3.591271749999999</longitude>
					<latitude>37.18094625</latitude>
					<altitude>0</altitude>
					<heading>0</heading>
					<tilt>0</tilt>
					<gx:fovy>35</gx:fovy>
					<range>18521.61478184478</range>
					<altitudeMode>relativeToGround</altitudeMode>
				</LookAt>
				<styleUrl>#__managed_style_09E1EA981C40DE0D9CB7</styleUrl>
				<Point>
					<altitudeMode>relativeToGround</altitudeMode>
					<coordinates>-3.601167599999999,37.1824607,0</coordinates>
				</Point>
			</Placemark>
			<Placemark id="0CF2DF6C163EE1D5F674">
				<gx:mid>/m/01nqb1</gx:mid>
				<gx:fid>0xc4029effe8682ed:0xb01a4bf1c84baf3c</gx:fid>
				<LookAt>
					<longitude>-16.52265975</longitude>
					<latitude>28.2933947</latitude>
					<altitude>0</altitude>
					<heading>0</heading>
					<tilt>0</tilt>
					<gx:fovy>35</gx:fovy>
					<range>163757.9148706656</range>
					<altitudeMode>relativeToGround</altitudeMode>
				</LookAt>
				<styleUrl>#__managed_style_09E1EA981C40DE0D9CB7</styleUrl>
				<Point>
					<altitudeMode>relativeToGround</altitudeMode>
					<coordinates>-16.6291304,28.2915637,0</coordinates>
				</Point>
			</Placemark>
			<Placemark id="03468BA8D23EE4FAD2E6">
				<gx:mid>/g/12yygfdp4</gx:mid>
				<gx:fid>0xc6a977b76eb70ff:0x4ce595d48d20d41c</gx:fid>
				<LookAt>
					<longitude>-16.71943895</longitude>
					<latitude>28.06027804999999</latitude>
					<altitude>0</altitude>
					<heading>0</heading>
					<tilt>0</tilt>
					<gx:fovy>35</gx:fovy>
					<range>4860.45671129534</range>
					<altitudeMode>relativeToGround</altitudeMode>
				</LookAt>
				<styleUrl>#__managed_style_09E1EA981C40DE0D9CB7</styleUrl>
				<Point>
					<altitudeMode>relativeToGround</altitudeMode>
					<coordinates>-16.7267975,28.0613928,0</coordinates>
				</Point>
			</Placemark>
		</Folder>
	</Folder>
</Document>
</kml>
