<?xml version="1.0" encoding="UTF-8"?>
<kml xmlns="http://www.opengis.net/kml/2.2" xmlns:gx="http://www.google.com/kml/ext/2.2" xmlns:kml="http://www.opengis.net/kml/2.2" xmlns:atom="http://www.w3.org/2005/Atom">
<Document id="1cwp6TmHC-CcUIl8SZYavLjs8sPWV0XNN">
	<name>עודד - ויאטנם</name>
	<visibility>0</visibility>
	<description>Must Do:

Ha Long Bay (Cruise)
Hoi An
Sun World Ba Na Hills
Grand World Ha Noi
Bến Thuyền Tam Cốc (Ninh Binh)

Apps:
GetYourGuide
Grab
DSVN (רכבת דרך דפדפן)
Ve Tau (רכבת דרך אפליקציה)</description>
	<gx:CascadingStyle kml:id="__managed_style_2EA1C4FD2940DE0E202F_highlight">
		<styleUrl>https://earth.google.com/balloon_components/base/1.1.0.0/card_template.kml#main</styleUrl>
		<Style>
			<IconStyle>
				<scale>1.2</scale>
				<Icon>
					<href>https://earth.google.com/earth/document/icon?color=d32f2f&amp;id=2325&amp;scale=4</href>
				</Icon>
				<hotSpot x="64" y="128" xunits="pixels" yunits="insetPixels"/>
			</IconStyle>
			<LabelStyle>
				<scale>0</scale>
			</LabelStyle>
			<LineStyle>
				<color>ff2dc0fb</color>
				<width>4.8</width>
			</LineStyle>
			<PolyStyle>
				<color>40ffffff</color>
			</PolyStyle>
			<BalloonStyle>
			</BalloonStyle>
		</Style>
	</gx:CascadingStyle>
	<gx:CascadingStyle kml:id="__managed_style_2EA1C4FD2940DE0E202F_normal">
		<styleUrl>https://earth.google.com/balloon_components/base/1.1.0.0/card_template.kml#main</styleUrl>
		<Style>
			<IconStyle>
				<Icon>
					<href>https://earth.google.com/earth/document/icon?color=d32f2f&amp;id=2325&amp;scale=4</href>
				</Icon>
				<hotSpot x="64" y="128" xunits="pixels" yunits="insetPixels"/>
			</IconStyle>
			<LabelStyle>
				<scale>0</scale>
			</LabelStyle>
			<LineStyle>
				<color>ff2dc0fb</color>
				<width>3.2</width>
			</LineStyle>
			<PolyStyle>
				<color>40ffffff</color>
			</PolyStyle>
			<BalloonStyle>
			</BalloonStyle>
		</Style>
	</gx:CascadingStyle>
	<gx:CascadingStyle kml:id="__managed_style_2FB43C83D840DE0E2058_highlight">
		<styleUrl>https://earth.google.com/balloon_components/base/1.1.0.0/card_template.kml#main</styleUrl>
		<Style>
			<IconStyle>
				<scale>1.2</scale>
				<Icon>
					<href>https://earth.google.com/earth/document/icon?color=d32f2f&amp;id=2397&amp;scale=4</href>
				</Icon>
				<hotSpot x="64" y="128" xunits="pixels" yunits="insetPixels"/>
			</IconStyle>
			<LabelStyle>
				<scale>0</scale>
			</LabelStyle>
			<LineStyle>
				<color>ff2dc0fb</color>
				<width>4.8</width>
			</LineStyle>
			<PolyStyle>
				<color>40ffffff</color>
			</PolyStyle>
			<BalloonStyle>
			</BalloonStyle>
		</Style>
	</gx:CascadingStyle>
	<gx:CascadingStyle kml:id="__managed_style_255D9205F240DE0E204C_highlight">
		<styleUrl>https://earth.google.com/balloon_components/base/1.1.0.0/card_template.kml#main</styleUrl>
		<Style>
			<IconStyle>
				<scale>1.2</scale>
				<Icon>
					<href>https://earth.google.com/earth/document/icon?color=d32f2f&amp;id=2397&amp;scale=4</href>
				</Icon>
				<hotSpot x="64" y="128" xunits="pixels" yunits="insetPixels"/>
			</IconStyle>
			<LabelStyle>
				<scale>0</scale>
			</LabelStyle>
			<LineStyle>
				<color>ff2dc0fb</color>
				<width>4.8</width>
			</LineStyle>
			<PolyStyle>
				<color>40ffffff</color>
			</PolyStyle>
			<BalloonStyle>
			</BalloonStyle>
		</Style>
	</gx:CascadingStyle>
	<gx:CascadingStyle kml:id="__managed_style_44213760BB40DE0E2030_normal">
		<styleUrl>https://earth.google.com/balloon_components/base/1.1.0.0/card_template.kml#main</styleUrl>
		<Style>
			<IconStyle>
				<Icon>
					<href>https://earth.google.com/earth/document/icon?color=d32f2f&amp;id=2344&amp;scale=4</href>
				</Icon>
				<hotSpot x="64" y="128" xunits="pixels" yunits="insetPixels"/>
			</IconStyle>
			<LabelStyle>
				<scale>0</scale>
			</LabelStyle>
			<LineStyle>
				<color>ff2dc0fb</color>
				<width>3.2</width>
			</LineStyle>
			<PolyStyle>
				<color>40ffffff</color>
			</PolyStyle>
			<BalloonStyle>
			</BalloonStyle>
		</Style>
	</gx:CascadingStyle>
	<StyleMap id="__managed_style_44213760BB40DE0E2030">
		<Pair>
			<key>normal</key>
			<styleUrl>#__managed_style_44213760BB40DE0E2030_normal</styleUrl>
		</Pair>
		<Pair>
			<key>highlight</key>
			<styleUrl>#__managed_style_44213760BB40DE0E2030_highlight</styleUrl>
		</Pair>
	</StyleMap>
	<gx:CascadingStyle kml:id="__managed_style_18E4283B1640DE0E2048_normal">
		<styleUrl>https://earth.google.com/balloon_components/base/1.1.0.0/card_template.kml#main</styleUrl>
		<Style>
			<IconStyle>
				<Icon>
					<href>https://earth.google.com/earth/document/icon?color=d32f2f&amp;id=2176&amp;scale=4</href>
				</Icon>
				<hotSpot x="64" y="128" xunits="pixels" yunits="insetPixels"/>
			</IconStyle>
			<LabelStyle>
				<scale>0</scale>
			</LabelStyle>
			<LineStyle>
				<color>ff2dc0fb</color>
				<width>3.2</width>
			</LineStyle>
			<PolyStyle>
				<color>40ffffff</color>
			</PolyStyle>
			<BalloonStyle>
			</BalloonStyle>
		</Style>
	</gx:CascadingStyle>
	<gx:CascadingStyle kml:id="__managed_style_02EE9075AF40DE0E2034_highlight">
		<styleUrl>https://earth.google.com/balloon_components/base/1.1.0.0/card_template.kml#main</styleUrl>
		<Style>
			<IconStyle>
				<scale>1.2</scale>
				<Icon>
					<href>https://earth.google.com/earth/document/icon?color=d32f2f&amp;id=2226&amp;scale=4</href>
				</Icon>
				<hotSpot x="64" y="128" xunits="pixels" yunits="insetPixels"/>
			</IconStyle>
			<LabelStyle>
				<scale>0</scale>
			</LabelStyle>
			<LineStyle>
				<color>ff2dc0fb</color>
				<width>4.8</width>
			</LineStyle>
			<PolyStyle>
				<color>40ffffff</color>
			</PolyStyle>
			<BalloonStyle>
			</BalloonStyle>
		</Style>
	</gx:CascadingStyle>
	<StyleMap id="__managed_style_38CC2C9C7240DE0E203C">
		<Pair>
			<key>normal</key>
			<styleUrl>#__managed_style_38CC2C9C7240DE0E203C_normal</styleUrl>
		</Pair>
		<Pair>
			<key>highlight</key>
			<styleUrl>#__managed_style_38CC2C9C7240DE0E203C_highlight</styleUrl>
		</Pair>
	</StyleMap>
	<gx:CascadingStyle kml:id="__managed_style_033678781040DE0E2036_highlight">
		<styleUrl>https://earth.google.com/balloon_components/base/1.1.0.0/card_template.kml#main</styleUrl>
		<Style>
			<IconStyle>
				<scale>1.2</scale>
				<Icon>
					<href>https://earth.google.com/earth/document/icon?color=d32f2f&amp;id=2161&amp;scale=4</href>
				</Icon>
				<hotSpot x="64" y="128" xunits="pixels" yunits="insetPixels"/>
			</IconStyle>
			<LabelStyle>
				<scale>0</scale>
			</LabelStyle>
			<LineStyle>
				<color>ff2dc0fb</color>
				<width>4.8</width>
			</LineStyle>
			<PolyStyle>
				<color>40ffffff</color>
			</PolyStyle>
			<BalloonStyle>
			</BalloonStyle>
		</Style>
	</gx:CascadingStyle>
	<StyleMap id="__managed_style_033678781040DE0E2036">
		<Pair>
			<key>normal</key>
			<styleUrl>#__managed_style_033678781040DE0E2036_normal</styleUrl>
		</Pair>
		<Pair>
			<key>highlight</key>
			<styleUrl>#__managed_style_033678781040DE0E2036_highlight</styleUrl>
		</Pair>
	</StyleMap>
	<gx:CascadingStyle kml:id="__managed_style_34EE6F54D040DE0E2028_highlight">
		<styleUrl>https://earth.google.com/balloon_components/base/1.1.0.0/card_template.kml#main</styleUrl>
		<Style>
			<IconStyle>
				<scale>1.2</scale>
				<Icon>
					<href>https://earth.google.com/earth/document/icon?color=d32f2f&amp;id=2006&amp;scale=4</href>
				</Icon>
				<hotSpot x="64" y="128" xunits="pixels" yunits="insetPixels"/>
			</IconStyle>
			<LabelStyle>
				<scale>0</scale>
			</LabelStyle>
			<LineStyle>
				<color>ff2dc0fb</color>
				<width>4.8</width>
			</LineStyle>
			<PolyStyle>
				<color>40ffffff</color>
			</PolyStyle>
			<BalloonStyle>
			</BalloonStyle>
		</Style>
	</gx:CascadingStyle>
	<gx:CascadingStyle kml:id="__managed_style_34EE6F54D040DE0E2028_normal">
		<styleUrl>https://earth.google.com/balloon_components/base/1.1.0.0/card_template.kml#main</styleUrl>
		<Style>
			<IconStyle>
				<Icon>
					<href>https://earth.google.com/earth/document/icon?color=d32f2f&amp;id=2006&amp;scale=4</href>
				</Icon>
				<hotSpot x="64" y="128" xunits="pixels" yunits="insetPixels"/>
			</IconStyle>
			<LabelStyle>
				<scale>0</scale>
			</LabelStyle>
			<LineStyle>
				<color>ff2dc0fb</color>
				<width>3.2</width>
			</LineStyle>
			<PolyStyle>
				<color>40ffffff</color>
			</PolyStyle>
			<BalloonStyle>
			</BalloonStyle>
		</Style>
	</gx:CascadingStyle>
	<gx:CascadingStyle kml:id="__managed_style_26CD711ABF40DE0E2029_highlight">
		<styleUrl>https://earth.google.com/balloon_components/base/1.1.0.0/card_template.kml#main</styleUrl>
		<Style>
			<IconStyle>
				<scale>1.2</scale>
				<Icon>
					<href>https://earth.google.com/earth/document/icon?color=d32f2f&amp;id=2006&amp;scale=4</href>
				</Icon>
				<hotSpot x="64" y="128" xunits="pixels" yunits="insetPixels"/>
			</IconStyle>
			<LabelStyle>
				<scale>0</scale>
			</LabelStyle>
			<LineStyle>
				<color>ff2dc0fb</color>
				<width>4.8</width>
			</LineStyle>
			<PolyStyle>
				<color>40ffffff</color>
			</PolyStyle>
			<BalloonStyle>
			</BalloonStyle>
		</Style>
	</gx:CascadingStyle>
	<gx:CascadingStyle kml:id="__managed_style_04E368F98D40DE0E2048_highlight">
		<styleUrl>https://earth.google.com/balloon_components/base/1.1.0.0/card_template.kml#main</styleUrl>
		<Style>
			<IconStyle>
				<scale>1.2</scale>
				<Icon>
					<href>https://earth.google.com/earth/document/icon?color=d32f2f&amp;id=2174&amp;scale=4</href>
				</Icon>
				<hotSpot x="64" y="128" xunits="pixels" yunits="insetPixels"/>
			</IconStyle>
			<LabelStyle>
				<scale>0</scale>
			</LabelStyle>
			<LineStyle>
				<color>ff2dc0fb</color>
				<width>4.8</width>
			</LineStyle>
			<PolyStyle>
				<color>40ffffff</color>
			</PolyStyle>
			<BalloonStyle>
			</BalloonStyle>
		</Style>
	</gx:CascadingStyle>
	<gx:CascadingStyle kml:id="__managed_style_04E368F98D40DE0E2048_normal">
		<styleUrl>https://earth.google.com/balloon_components/base/1.1.0.0/card_template.kml#main</styleUrl>
		<Style>
			<IconStyle>
				<Icon>
					<href>https://earth.google.com/earth/document/icon?color=d32f2f&amp;id=2174&amp;scale=4</href>
				</Icon>
				<hotSpot x="64" y="128" xunits="pixels" yunits="insetPixels"/>
			</IconStyle>
			<LabelStyle>
				<scale>0</scale>
			</LabelStyle>
			<LineStyle>
				<color>ff2dc0fb</color>
				<width>3.2</width>
			</LineStyle>
			<PolyStyle>
				<color>40ffffff</color>
			</PolyStyle>
			<BalloonStyle>
			</BalloonStyle>
		</Style>
	</gx:CascadingStyle>
	<StyleMap id="__managed_style_04E368F98D40DE0E2048">
		<Pair>
			<key>normal</key>
			<styleUrl>#__managed_style_04E368F98D40DE0E2048_normal</styleUrl>
		</Pair>
		<Pair>
			<key>highlight</key>
			<styleUrl>#__managed_style_04E368F98D40DE0E2048_highlight</styleUrl>
		</Pair>
	</StyleMap>
	<gx:CascadingStyle kml:id="__managed_style_05A794E31640DE0E2043_normal">
		<styleUrl>https://earth.google.com/balloon_components/base/1.1.0.0/card_template.kml#main</styleUrl>
		<Style>
			<IconStyle>
				<Icon>
					<href>https://earth.google.com/earth/document/icon?color=1976d2&amp;id=2000&amp;scale=4</href>
				</Icon>
				<hotSpot x="64" y="128" xunits="pixels" yunits="insetPixels"/>
			</IconStyle>
			<LabelStyle>
				<scale>0</scale>
			</LabelStyle>
			<LineStyle>
				<color>ff2dc0fb</color>
				<width>3.2</width>
			</LineStyle>
			<PolyStyle>
				<color>40ffffff</color>
			</PolyStyle>
			<BalloonStyle>
			</BalloonStyle>
		</Style>
	</gx:CascadingStyle>
	<gx:CascadingStyle kml:id="__managed_style_046603C05140DE0E203B_highlight">
		<Style>
			<IconStyle>
				<scale>1.2</scale>
				<Icon>
					<href>https://earth.google.com/earth/document/icon?color=f57c00&amp;id=2339&amp;scale=4</href>
				</Icon>
				<hotSpot x="64" y="128" xunits="pixels" yunits="insetPixels"/>
			</IconStyle>
			<LabelStyle>
				<scale>0</scale>
			</LabelStyle>
			<LineStyle>
				<color>ff2dc0fb</color>
				<width>4.8</width>
			</LineStyle>
			<PolyStyle>
				<color>40ffffff</color>
			</PolyStyle>
			<BalloonStyle>
				<gx:displayMode>card</gx:displayMode>
			</BalloonStyle>
		</Style>
	</gx:CascadingStyle>
	<gx:CascadingStyle kml:id="__managed_style_046603C05140DE0E203B_normal">
		<Style>
			<IconStyle>
				<Icon>
					<href>https://earth.google.com/earth/document/icon?color=f57c00&amp;id=2339&amp;scale=4</href>
				</Icon>
				<hotSpot x="64" y="128" xunits="pixels" yunits="insetPixels"/>
			</IconStyle>
			<LabelStyle>
				<scale>0</scale>
			</LabelStyle>
			<LineStyle>
				<color>ff2dc0fb</color>
				<width>3.2</width>
			</LineStyle>
			<PolyStyle>
				<color>40ffffff</color>
			</PolyStyle>
			<BalloonStyle>
				<gx:displayMode>card</gx:displayMode>
			</BalloonStyle>
		</Style>
	</gx:CascadingStyle>
	<gx:CascadingStyle kml:id="__managed_style_0A838D380F40DE0E2050_highlight">
		<Style>
			<IconStyle>
				<scale>1.2</scale>
				<Icon>
					<href>https://earth.google.com/earth/document/icon?color=7b1fa2&amp;id=2006&amp;scale=4</href>
				</Icon>
				<hotSpot x="64" y="128" xunits="pixels" yunits="insetPixels"/>
			</IconStyle>
			<LabelStyle>
				<scale>0</scale>
			</LabelStyle>
			<LineStyle>
				<color>ff2dc0fb</color>
				<width>4.8</width>
			</LineStyle>
			<PolyStyle>
				<color>40ffffff</color>
			</PolyStyle>
			<BalloonStyle>
			</BalloonStyle>
		</Style>
	</gx:CascadingStyle>
	<gx:CascadingStyle kml:id="__managed_style_0A838D380F40DE0E2050_normal">
		<Style>
			<IconStyle>
				<Icon>
					<href>https://earth.google.com/earth/document/icon?color=7b1fa2&amp;id=2006&amp;scale=4</href>
				</Icon>
				<hotSpot x="64" y="128" xunits="pixels" yunits="insetPixels"/>
			</IconStyle>
			<LabelStyle>
				<scale>0</scale>
			</LabelStyle>
			<LineStyle>
				<color>ff2dc0fb</color>
				<width>3.2</width>
			</LineStyle>
			<PolyStyle>
				<color>40ffffff</color>
			</PolyStyle>
			<BalloonStyle>
			</BalloonStyle>
		</Style>
	</gx:CascadingStyle>
	<gx:CascadingStyle kml:id="__managed_style_5D8CC8E4B740DE0E2034_normal">
		<Style>
			<IconStyle>
				<Icon>
					<href>https://earth.google.com/earth/document/icon?color=388e3c&amp;id=2370&amp;scale=4</href>
				</Icon>
				<hotSpot x="64" y="128" xunits="pixels" yunits="insetPixels"/>
			</IconStyle>
			<LabelStyle>
				<scale>0</scale>
			</LabelStyle>
			<LineStyle>
				<color>ff2dc0fb</color>
				<width>3.2</width>
			</LineStyle>
			<PolyStyle>
				<color>40ffffff</color>
			</PolyStyle>
			<BalloonStyle>
				<gx:displayMode>card</gx:displayMode>
			</BalloonStyle>
		</Style>
	</gx:CascadingStyle>
	<StyleMap id="__managed_style_5D8CC8E4B740DE0E2034">
		<Pair>
			<key>normal</key>
			<styleUrl>#__managed_style_5D8CC8E4B740DE0E2034_normal</styleUrl>
		</Pair>
		<Pair>
			<key>highlight</key>
			<styleUrl>#__managed_style_5D8CC8E4B740DE0E2034_highlight</styleUrl>
		</Pair>
	</StyleMap>
	<StyleMap id="__managed_style_2C4165CFC040DE0E2040">
		<Pair>
			<key>normal</key>
			<styleUrl>#__managed_style_2C4165CFC040DE0E2040_normal</styleUrl>
		</Pair>
		<Pair>
			<key>highlight</key>
			<styleUrl>#__managed_style_2C4165CFC040DE0E2040_highlight</styleUrl>
		</Pair>
	</StyleMap>
	<gx:CascadingStyle kml:id="__managed_style_424926949940DE0E2038_highlight">
		<Style>
			<IconStyle>
				<scale>1.2</scale>
				<Icon>
					<href>https://earth.google.com/earth/document/icon?color=fbc02d&amp;id=2005&amp;scale=4</href>
				</Icon>
				<hotSpot x="64" y="128" xunits="pixels" yunits="insetPixels"/>
			</IconStyle>
			<LabelStyle>
				<scale>0</scale>
			</LabelStyle>
			<LineStyle>
				<color>ff2dc0fb</color>
				<width>4.8</width>
			</LineStyle>
			<PolyStyle>
				<color>40ffffff</color>
			</PolyStyle>
			<BalloonStyle>
				<gx:displayMode>card</gx:displayMode>
			</BalloonStyle>
		</Style>
	</gx:CascadingStyle>
	<gx:CascadingStyle kml:id="__managed_style_22544FB3C340DE0E2043_highlight">
		<Style>
			<IconStyle>
				<scale>1.2</scale>
				<Icon>
					<href>https://earth.google.com/earth/document/icon?color=fbc02d&amp;id=2005&amp;scale=4</href>
				</Icon>
				<hotSpot x="64" y="128" xunits="pixels" yunits="insetPixels"/>
			</IconStyle>
			<LabelStyle>
				<scale>0</scale>
			</LabelStyle>
			<LineStyle>
				<color>ff2dc0fb</color>
				<width>4.8</width>
			</LineStyle>
			<PolyStyle>
				<color>40ffffff</color>
			</PolyStyle>
			<BalloonStyle>
				<gx:displayMode>card</gx:displayMode>
			</BalloonStyle>
		</Style>
	</gx:CascadingStyle>
	<gx:CascadingStyle kml:id="__managed_style_18553023C540DE0E203C_highlight">
		<Style>
			<IconStyle>
				<scale>1.2</scale>
				<Icon>
					<href>https://earth.google.com/earth/document/icon?color=1976d2&amp;id=2074&amp;scale=4</href>
				</Icon>
				<hotSpot x="64" y="128" xunits="pixels" yunits="insetPixels"/>
			</IconStyle>
			<LabelStyle>
				<scale>0</scale>
			</LabelStyle>
			<LineStyle>
				<color>ff2dc0fb</color>
				<width>4.8</width>
			</LineStyle>
			<PolyStyle>
				<color>40ffffff</color>
			</PolyStyle>
			<BalloonStyle>
				<displayMode>hide</displayMode>
			</BalloonStyle>
		</Style>
	</gx:CascadingStyle>
	<gx:CascadingStyle kml:id="__managed_style_18553023C540DE0E203C_normal">
		<Style>
			<IconStyle>
				<Icon>
					<href>https://earth.google.com/earth/document/icon?color=1976d2&amp;id=2074&amp;scale=4</href>
				</Icon>
				<hotSpot x="64" y="128" xunits="pixels" yunits="insetPixels"/>
			</IconStyle>
			<LabelStyle>
				<scale>0</scale>
			</LabelStyle>
			<LineStyle>
				<color>ff2dc0fb</color>
				<width>3.2</width>
			</LineStyle>
			<PolyStyle>
				<color>40ffffff</color>
			</PolyStyle>
			<BalloonStyle>
				<displayMode>hide</displayMode>
			</BalloonStyle>
		</Style>
	</gx:CascadingStyle>
	<StyleMap id="__managed_style_18553023C540DE0E203C">
		<Pair>
			<key>normal</key>
			<styleUrl>#__managed_style_18553023C540DE0E203C_normal</styleUrl>
		</Pair>
		<Pair>
			<key>highlight</key>
			<styleUrl>#__managed_style_18553023C540DE0E203C_highlight</styleUrl>
		</Pair>
	</StyleMap>
	<gx:CascadingStyle kml:id="__managed_style_10E71A795E40DE0E2056_highlight">
		<Style>
			<IconStyle>
				<scale>1.2</scale>
				<Icon>
					<href>https://earth.google.com/earth/document/icon?color=1976d2&amp;id=2000&amp;scale=4</href>
				</Icon>
				<hotSpot x="64" y="128" xunits="pixels" yunits="insetPixels"/>
			</IconStyle>
			<LabelStyle>
				<scale>0</scale>
			</LabelStyle>
			<LineStyle>
				<color>ffd27619</color>
				<width>4.8</width>
			</LineStyle>
			<PolyStyle>
				<color>40ffffff</color>
			</PolyStyle>
			<BalloonStyle>
			</BalloonStyle>
		</Style>
	</gx:CascadingStyle>
	<gx:CascadingStyle kml:id="__managed_style_17B891F30140DE0E2059_highlight">
		<Style>
			<IconStyle>
				<scale>1.2</scale>
				<Icon>
					<href>https://earth.google.com/earth/document/icon?color=1976d2&amp;id=2074&amp;scale=4</href>
				</Icon>
				<hotSpot x="64" y="128" xunits="pixels" yunits="insetPixels"/>
			</IconStyle>
			<LabelStyle>
				<scale>0</scale>
			</LabelStyle>
			<LineStyle>
				<color>ff2dc0fb</color>
				<width>4.8</width>
			</LineStyle>
			<PolyStyle>
				<color>40ffffff</color>
			</PolyStyle>
			<BalloonStyle>
				<gx:displayMode>card</gx:displayMode>
			</BalloonStyle>
		</Style>
	</gx:CascadingStyle>
	<gx:CascadingStyle kml:id="__managed_style_17B891F30140DE0E2059_normal">
		<Style>
			<IconStyle>
				<Icon>
					<href>https://earth.google.com/earth/document/icon?color=1976d2&amp;id=2074&amp;scale=4</href>
				</Icon>
				<hotSpot x="64" y="128" xunits="pixels" yunits="insetPixels"/>
			</IconStyle>
			<LabelStyle>
				<scale>0</scale>
			</LabelStyle>
			<LineStyle>
				<color>ff2dc0fb</color>
				<width>3.2</width>
			</LineStyle>
			<PolyStyle>
				<color>40ffffff</color>
			</PolyStyle>
			<BalloonStyle>
				<gx:displayMode>card</gx:displayMode>
			</BalloonStyle>
		</Style>
	</gx:CascadingStyle>
	<StyleMap id="__managed_style_17B891F30140DE0E2059">
		<Pair>
			<key>normal</key>
			<styleUrl>#__managed_style_17B891F30140DE0E2059_normal</styleUrl>
		</Pair>
		<Pair>
			<key>highlight</key>
			<styleUrl>#__managed_style_17B891F30140DE0E2059_highlight</styleUrl>
		</Pair>
	</StyleMap>
	<StyleMap id="__managed_style_11CD643F1A40DE0E2037">
		<Pair>
			<key>normal</key>
			<styleUrl>#__managed_style_11CD643F1A40DE0E2037_normal</styleUrl>
		</Pair>
		<Pair>
			<key>highlight</key>
			<styleUrl>#__managed_style_11CD643F1A40DE0E2037_highlight</styleUrl>
		</Pair>
	</StyleMap>
	<StyleMap id="__managed_style_2EA8D49DBA40DE0E204E">
		<Pair>
			<key>normal</key>
			<styleUrl>#__managed_style_2EA8D49DBA40DE0E204E_normal</styleUrl>
		</Pair>
		<Pair>
			<key>highlight</key>
			<styleUrl>#__managed_style_2EA8D49DBA40DE0E204E_highlight</styleUrl>
		</Pair>
	</StyleMap>
	<gx:CascadingStyle kml:id="__managed_style_163254290940DE0E204E_normal">
		<Style>
			<IconStyle>
				<Icon>
					<href>https://earth.google.com/earth/document/icon?color=1976d2&amp;id=2074&amp;scale=4</href>
				</Icon>
				<hotSpot x="64" y="128" xunits="pixels" yunits="insetPixels"/>
			</IconStyle>
			<LabelStyle>
				<scale>0</scale>
			</LabelStyle>
			<LineStyle>
				<color>ff2dc0fb</color>
				<width>3.2</width>
			</LineStyle>
			<PolyStyle>
				<color>40ffffff</color>
			</PolyStyle>
			<BalloonStyle>
			</BalloonStyle>
		</Style>
	</gx:CascadingStyle>
	<StyleMap id="__managed_style_163254290940DE0E204E">
		<Pair>
			<key>normal</key>
			<styleUrl>#__managed_style_163254290940DE0E204E_normal</styleUrl>
		</Pair>
		<Pair>
			<key>highlight</key>
			<styleUrl>#__managed_style_163254290940DE0E204E_highlight</styleUrl>
		</Pair>
	</StyleMap>
	<gx:CascadingStyle kml:id="__managed_style_38CC2C9C7240DE0E203C_highlight">
		<styleUrl>https://earth.google.com/balloon_components/base/1.1.0.0/card_template.kml#main</styleUrl>
		<Style>
			<IconStyle>
				<scale>1.2</scale>
				<Icon>
					<href>https://earth.google.com/earth/document/icon?color=d32f2f&amp;id=2062&amp;scale=4</href>
				</Icon>
				<hotSpot x="64" y="128" xunits="pixels" yunits="insetPixels"/>
			</IconStyle>
			<LabelStyle>
				<scale>0</scale>
			</LabelStyle>
			<LineStyle>
				<color>ff2dc0fb</color>
				<width>4.8</width>
			</LineStyle>
			<PolyStyle>
				<color>40ffffff</color>
			</PolyStyle>
			<BalloonStyle>
			</BalloonStyle>
		</Style>
	</gx:CascadingStyle>
	<gx:CascadingStyle kml:id="__managed_style_438ECF6DDC40DE0E2034_normal">
		<Style>
			<IconStyle>
				<Icon>
					<href>https://earth.google.com/earth/document/icon?color=388e3c&amp;id=2385&amp;scale=4</href>
				</Icon>
				<hotSpot x="64" y="128" xunits="pixels" yunits="insetPixels"/>
			</IconStyle>
			<LabelStyle>
				<scale>0</scale>
			</LabelStyle>
			<LineStyle>
				<color>ff2dc0fb</color>
				<width>3.2</width>
			</LineStyle>
			<PolyStyle>
				<color>40ffffff</color>
			</PolyStyle>
			<BalloonStyle>
				<gx:displayMode>card</gx:displayMode>
			</BalloonStyle>
		</Style>
	</gx:CascadingStyle>
	<gx:CascadingStyle kml:id="__managed_style_09337466CB40DE0E2058_highlight">
		<Style>
			<IconStyle>
				<scale>1.2</scale>
				<Icon>
					<href>https://earth.google.com/earth/document/icon?color=1976d2&amp;id=2000&amp;scale=4</href>
				</Icon>
				<hotSpot x="64" y="128" xunits="pixels" yunits="insetPixels"/>
			</IconStyle>
			<LabelStyle>
				<scale>0</scale>
			</LabelStyle>
			<LineStyle>
				<color>ffa21f7b</color>
				<width>4.8</width>
			</LineStyle>
			<PolyStyle>
				<color>40a21f7b</color>
			</PolyStyle>
			<BalloonStyle>
			</BalloonStyle>
		</Style>
	</gx:CascadingStyle>
	<gx:CascadingStyle kml:id="__managed_style_09337466CB40DE0E2058_normal">
		<Style>
			<IconStyle>
				<Icon>
					<href>https://earth.google.com/earth/document/icon?color=1976d2&amp;id=2000&amp;scale=4</href>
				</Icon>
				<hotSpot x="64" y="128" xunits="pixels" yunits="insetPixels"/>
			</IconStyle>
			<LabelStyle>
				<scale>0</scale>
			</LabelStyle>
			<LineStyle>
				<color>ffa21f7b</color>
				<width>3.2</width>
			</LineStyle>
			<PolyStyle>
				<color>40a21f7b</color>
			</PolyStyle>
			<BalloonStyle>
			</BalloonStyle>
		</Style>
	</gx:CascadingStyle>
	<gx:CascadingStyle kml:id="__managed_style_1FF9E36AA640DE0E2041_highlight">
		<Style>
			<IconStyle>
				<scale>1.2</scale>
				<Icon>
					<href>https://earth.google.com/earth/document/icon?color=7b1fa2&amp;id=2039&amp;scale=4</href>
				</Icon>
				<hotSpot x="64" y="128" xunits="pixels" yunits="insetPixels"/>
			</IconStyle>
			<LabelStyle>
				<scale>0</scale>
			</LabelStyle>
			<LineStyle>
				<color>ff2dc0fb</color>
				<width>4.8</width>
			</LineStyle>
			<PolyStyle>
				<color>40ffffff</color>
			</PolyStyle>
			<BalloonStyle>
				<gx:displayMode>card</gx:displayMode>
			</BalloonStyle>
		</Style>
	</gx:CascadingStyle>
	<StyleMap id="__managed_style_1FF9E36AA640DE0E2041">
		<Pair>
			<key>normal</key>
			<styleUrl>#__managed_style_1FF9E36AA640DE0E2041_normal</styleUrl>
		</Pair>
		<Pair>
			<key>highlight</key>
			<styleUrl>#__managed_style_1FF9E36AA640DE0E2041_highlight</styleUrl>
		</Pair>
	</StyleMap>
	<gx:CascadingStyle kml:id="__managed_style_3F4C1CBD8040DE0E2038_normal">
		<Style>
			<IconStyle>
				<Icon>
					<href>https://earth.google.com/earth/document/icon?color=303f9f&amp;id=2006&amp;scale=4</href>
				</Icon>
				<hotSpot x="64" y="128" xunits="pixels" yunits="insetPixels"/>
			</IconStyle>
			<LabelStyle>
				<scale>0</scale>
			</LabelStyle>
			<LineStyle>
				<color>ff2dc0fb</color>
				<width>3.2</width>
			</LineStyle>
			<PolyStyle>
				<color>40ffffff</color>
			</PolyStyle>
			<BalloonStyle>
				<gx:displayMode>card</gx:displayMode>
			</BalloonStyle>
		</Style>
	</gx:CascadingStyle>
	<gx:CascadingStyle kml:id="__managed_style_181A0CF2C140DE0E2051_normal">
		<Style>
			<IconStyle>
				<Icon>
					<href>https://earth.google.com/earth/document/icon?color=303f9f&amp;id=2339&amp;scale=4</href>
				</Icon>
				<hotSpot x="64" y="128" xunits="pixels" yunits="insetPixels"/>
			</IconStyle>
			<LabelStyle>
				<scale>0</scale>
			</LabelStyle>
			<LineStyle>
				<color>ff2dc0fb</color>
				<width>3.2</width>
			</LineStyle>
			<PolyStyle>
				<color>40ffffff</color>
			</PolyStyle>
			<BalloonStyle>
			</BalloonStyle>
		</Style>
	</gx:CascadingStyle>
	<StyleMap id="__managed_style_181A0CF2C140DE0E2051">
		<Pair>
			<key>normal</key>
			<styleUrl>#__managed_style_181A0CF2C140DE0E2051_normal</styleUrl>
		</Pair>
		<Pair>
			<key>highlight</key>
			<styleUrl>#__managed_style_181A0CF2C140DE0E2051_highlight</styleUrl>
		</Pair>
	</StyleMap>
	<gx:CascadingStyle kml:id="__managed_style_2F1E1F5AAC40DE0E203C_normal">
		<Style>
			<IconStyle>
				<Icon>
					<href>https://earth.google.com/earth/document/icon?color=1976d2&amp;id=2000&amp;scale=4</href>
				</Icon>
				<hotSpot x="64" y="128" xunits="pixels" yunits="insetPixels"/>
			</IconStyle>
			<LabelStyle>
				<scale>0</scale>
			</LabelStyle>
			<LineStyle>
				<color>ff9f3f30</color>
				<width>3.2</width>
			</LineStyle>
			<PolyStyle>
				<color>40ffffff</color>
			</PolyStyle>
			<BalloonStyle>
			</BalloonStyle>
		</Style>
	</gx:CascadingStyle>
	<StyleMap id="__managed_style_255D9205F240DE0E204C">
		<Pair>
			<key>normal</key>
			<styleUrl>#__managed_style_255D9205F240DE0E204C_normal</styleUrl>
		</Pair>
		<Pair>
			<key>highlight</key>
			<styleUrl>#__managed_style_255D9205F240DE0E204C_highlight</styleUrl>
		</Pair>
	</StyleMap>
	<StyleMap id="__managed_style_2F1E1F5AAC40DE0E203C">
		<Pair>
			<key>normal</key>
			<styleUrl>#__managed_style_2F1E1F5AAC40DE0E203C_normal</styleUrl>
		</Pair>
		<Pair>
			<key>highlight</key>
			<styleUrl>#__managed_style_2F1E1F5AAC40DE0E203C_highlight</styleUrl>
		</Pair>
	</StyleMap>
	<gx:CascadingStyle kml:id="__managed_style_1AED3B030D40DE0E2050_normal">
		<Style>
			<IconStyle>
				<scale>1.5</scale>
				<Icon>
					<href>https://earth.google.com/earth/document/icon?color=388e3c&amp;id=2370&amp;scale=4</href>
				</Icon>
				<hotSpot x="64" y="128" xunits="pixels" yunits="insetPixels"/>
			</IconStyle>
			<LabelStyle>
				<scale>0</scale>
			</LabelStyle>
			<LineStyle>
				<color>ff2dc0fb</color>
				<width>3.2</width>
			</LineStyle>
			<PolyStyle>
				<color>40ffffff</color>
			</PolyStyle>
			<BalloonStyle>
				<gx:displayMode>card</gx:displayMode>
			</BalloonStyle>
		</Style>
	</gx:CascadingStyle>
	<gx:CascadingStyle kml:id="__managed_style_2C4165CFC040DE0E2040_normal">
		<Style>
			<IconStyle>
				<Icon>
					<href>https://earth.google.com/earth/document/icon?color=7b1fa2&amp;id=2174&amp;scale=4</href>
				</Icon>
				<hotSpot x="64" y="128" xunits="pixels" yunits="insetPixels"/>
			</IconStyle>
			<LabelStyle>
				<scale>0</scale>
			</LabelStyle>
			<LineStyle>
				<color>ff2dc0fb</color>
				<width>3.2</width>
			</LineStyle>
			<PolyStyle>
				<color>40ffffff</color>
			</PolyStyle>
			<BalloonStyle>
				<gx:displayMode>card</gx:displayMode>
			</BalloonStyle>
		</Style>
	</gx:CascadingStyle>
	<StyleMap id="__managed_style_1AED3B030D40DE0E2050">
		<Pair>
			<key>normal</key>
			<styleUrl>#__managed_style_1AED3B030D40DE0E2050_normal</styleUrl>
		</Pair>
		<Pair>
			<key>highlight</key>
			<styleUrl>#__managed_style_1AED3B030D40DE0E2050_highlight</styleUrl>
		</Pair>
	</StyleMap>
	<gx:CascadingStyle kml:id="__managed_style_2F1E1F5AAC40DE0E203C_highlight">
		<Style>
			<IconStyle>
				<scale>1.2</scale>
				<Icon>
					<href>https://earth.google.com/earth/document/icon?color=1976d2&amp;id=2000&amp;scale=4</href>
				</Icon>
				<hotSpot x="64" y="128" xunits="pixels" yunits="insetPixels"/>
			</IconStyle>
			<LabelStyle>
				<scale>0</scale>
			</LabelStyle>
			<LineStyle>
				<color>ff9f3f30</color>
				<width>4.8</width>
			</LineStyle>
			<PolyStyle>
				<color>40ffffff</color>
			</PolyStyle>
			<BalloonStyle>
			</BalloonStyle>
		</Style>
	</gx:CascadingStyle>
	<gx:CascadingStyle kml:id="__managed_style_22E7693D6940DE0E2034_highlight">
		<Style>
			<IconStyle>
				<scale>1.2</scale>
				<Icon>
					<href>https://earth.google.com/earth/document/icon?color=7b1fa2&amp;id=2349&amp;scale=4</href>
				</Icon>
				<hotSpot x="64" y="128" xunits="pixels" yunits="insetPixels"/>
			</IconStyle>
			<LabelStyle>
				<scale>0</scale>
			</LabelStyle>
			<LineStyle>
				<color>ff2dc0fb</color>
				<width>4.8</width>
			</LineStyle>
			<PolyStyle>
				<color>40ffffff</color>
			</PolyStyle>
			<BalloonStyle>
				<gx:displayMode>card</gx:displayMode>
			</BalloonStyle>
		</Style>
	</gx:CascadingStyle>
	<gx:CascadingStyle kml:id="__managed_style_22E7693D6940DE0E2034_normal">
		<Style>
			<IconStyle>
				<Icon>
					<href>https://earth.google.com/earth/document/icon?color=7b1fa2&amp;id=2349&amp;scale=4</href>
				</Icon>
				<hotSpot x="64" y="128" xunits="pixels" yunits="insetPixels"/>
			</IconStyle>
			<LabelStyle>
				<scale>0</scale>
			</LabelStyle>
			<LineStyle>
				<color>ff2dc0fb</color>
				<width>3.2</width>
			</LineStyle>
			<PolyStyle>
				<color>40ffffff</color>
			</PolyStyle>
			<BalloonStyle>
				<gx:displayMode>card</gx:displayMode>
			</BalloonStyle>
		</Style>
	</gx:CascadingStyle>
	<StyleMap id="__managed_style_22E7693D6940DE0E2034">
		<Pair>
			<key>normal</key>
			<styleUrl>#__managed_style_22E7693D6940DE0E2034_normal</styleUrl>
		</Pair>
		<Pair>
			<key>highlight</key>
			<styleUrl>#__managed_style_22E7693D6940DE0E2034_highlight</styleUrl>
		</Pair>
	</StyleMap>
	<gx:CascadingStyle kml:id="__managed_style_098758A9E940DE0E2057_highlight">
		<Style>
			<IconStyle>
				<scale>1.2</scale>
				<Icon>
					<href>https://earth.google.com/earth/document/icon?color=7b1fa2&amp;id=2156&amp;scale=4</href>
				</Icon>
				<hotSpot x="64" y="128" xunits="pixels" yunits="insetPixels"/>
			</IconStyle>
			<LabelStyle>
				<scale>0</scale>
			</LabelStyle>
			<LineStyle>
				<color>ff2dc0fb</color>
				<width>4.8</width>
			</LineStyle>
			<PolyStyle>
				<color>40ffffff</color>
			</PolyStyle>
			<BalloonStyle>
				<displayMode>hide</displayMode>
			</BalloonStyle>
		</Style>
	</gx:CascadingStyle>
	<gx:CascadingStyle kml:id="__managed_style_036ABBCD8E40DE0E203C_normal">
		<styleUrl>https://earth.google.com/balloon_components/base/1.1.0.0/card_template.kml#main</styleUrl>
		<Style>
			<IconStyle>
				<Icon>
					<href>https://earth.google.com/earth/document/icon?color=d32f2f&amp;id=2041&amp;scale=4</href>
				</Icon>
				<hotSpot x="64" y="128" xunits="pixels" yunits="insetPixels"/>
			</IconStyle>
			<LabelStyle>
				<scale>0</scale>
			</LabelStyle>
			<LineStyle>
				<color>ff2dc0fb</color>
				<width>3.2</width>
			</LineStyle>
			<PolyStyle>
				<color>40ffffff</color>
			</PolyStyle>
			<BalloonStyle>
			</BalloonStyle>
		</Style>
	</gx:CascadingStyle>
	<gx:CascadingStyle kml:id="__managed_style_2FF3BD743C40DE0E2028_normal">
		<Style>
			<IconStyle>
				<Icon>
					<href>https://earth.google.com/earth/document/icon?color=7b1fa2&amp;id=2050&amp;scale=4</href>
				</Icon>
				<hotSpot x="64" y="128" xunits="pixels" yunits="insetPixels"/>
			</IconStyle>
			<LabelStyle>
				<scale>0</scale>
			</LabelStyle>
			<LineStyle>
				<color>ff2dc0fb</color>
				<width>3.2</width>
			</LineStyle>
			<PolyStyle>
				<color>40ffffff</color>
			</PolyStyle>
			<BalloonStyle>
				<gx:displayMode>card</gx:displayMode>
			</BalloonStyle>
		</Style>
	</gx:CascadingStyle>
	<gx:CascadingStyle kml:id="__managed_style_2BA707B13D40DE0E204F_highlight">
		<Style>
			<IconStyle>
				<scale>1.2</scale>
				<Icon>
					<href>https://earth.google.com/earth/document/icon?color=fbc02d&amp;id=2005&amp;scale=4</href>
				</Icon>
				<hotSpot x="64" y="128" xunits="pixels" yunits="insetPixels"/>
			</IconStyle>
			<LabelStyle>
				<scale>0</scale>
			</LabelStyle>
			<LineStyle>
				<color>ff2dc0fb</color>
				<width>4.8</width>
			</LineStyle>
			<PolyStyle>
				<color>40ffffff</color>
			</PolyStyle>
			<BalloonStyle>
				<displayMode>hide</displayMode>
			</BalloonStyle>
		</Style>
	</gx:CascadingStyle>
	<StyleMap id="__managed_style_2FF3BD743C40DE0E2028">
		<Pair>
			<key>normal</key>
			<styleUrl>#__managed_style_2FF3BD743C40DE0E2028_normal</styleUrl>
		</Pair>
		<Pair>
			<key>highlight</key>
			<styleUrl>#__managed_style_2FF3BD743C40DE0E2028_highlight</styleUrl>
		</Pair>
	</StyleMap>
	<gx:CascadingStyle kml:id="__managed_style_067B8628DC40DE0E2041_highlight">
		<Style>
			<IconStyle>
				<scale>1.2</scale>
				<Icon>
					<href>https://earth.google.com/earth/document/icon?color=f57c00&amp;id=2130&amp;scale=4</href>
				</Icon>
				<hotSpot x="64" y="128" xunits="pixels" yunits="insetPixels"/>
			</IconStyle>
			<LabelStyle>
				<scale>0</scale>
			</LabelStyle>
			<LineStyle>
				<color>ff2dc0fb</color>
				<width>4.8</width>
			</LineStyle>
			<PolyStyle>
				<color>40ffffff</color>
			</PolyStyle>
			<BalloonStyle>
				<gx:displayMode>card</gx:displayMode>
			</BalloonStyle>
		</Style>
	</gx:CascadingStyle>
	<StyleMap id="__managed_style_067B8628DC40DE0E2041">
		<Pair>
			<key>normal</key>
			<styleUrl>#__managed_style_067B8628DC40DE0E2041_normal</styleUrl>
		</Pair>
		<Pair>
			<key>highlight</key>
			<styleUrl>#__managed_style_067B8628DC40DE0E2041_highlight</styleUrl>
		</Pair>
	</StyleMap>
	<gx:CascadingStyle kml:id="__managed_style_19887E5E1040DE0E2029_highlight">
		<Style>
			<IconStyle>
				<scale>1.2</scale>
				<Icon>
					<href>https://earth.google.com/earth/document/icon?color=1976d2&amp;id=2000&amp;scale=4</href>
				</Icon>
				<hotSpot x="64" y="128" xunits="pixels" yunits="insetPixels"/>
			</IconStyle>
			<LabelStyle>
				<scale>0</scale>
			</LabelStyle>
			<LineStyle>
				<color>ffd27619</color>
				<width>4.8</width>
			</LineStyle>
			<PolyStyle>
				<color>40ffffff</color>
			</PolyStyle>
			<BalloonStyle>
			</BalloonStyle>
		</Style>
	</gx:CascadingStyle>
	<gx:CascadingStyle kml:id="__managed_style_19887E5E1040DE0E2029_normal">
		<Style>
			<IconStyle>
				<Icon>
					<href>https://earth.google.com/earth/document/icon?color=1976d2&amp;id=2000&amp;scale=4</href>
				</Icon>
				<hotSpot x="64" y="128" xunits="pixels" yunits="insetPixels"/>
			</IconStyle>
			<LabelStyle>
				<scale>0</scale>
			</LabelStyle>
			<LineStyle>
				<color>ffd27619</color>
				<width>3.2</width>
			</LineStyle>
			<PolyStyle>
				<color>40ffffff</color>
			</PolyStyle>
			<BalloonStyle>
			</BalloonStyle>
		</Style>
	</gx:CascadingStyle>
	<gx:CascadingStyle kml:id="__managed_style_052F74543640DE0E2051_highlight">
		<Style>
			<IconStyle>
				<scale>1.2</scale>
				<Icon>
					<href>https://earth.google.com/earth/document/icon?color=7b1fa2&amp;id=2302&amp;scale=4</href>
				</Icon>
				<hotSpot x="64" y="128" xunits="pixels" yunits="insetPixels"/>
			</IconStyle>
			<LabelStyle>
				<scale>0</scale>
			</LabelStyle>
			<LineStyle>
				<color>ff2dc0fb</color>
				<width>4.8</width>
			</LineStyle>
			<PolyStyle>
				<color>40ffffff</color>
			</PolyStyle>
			<BalloonStyle>
				<gx:displayMode>card</gx:displayMode>
			</BalloonStyle>
		</Style>
	</gx:CascadingStyle>
	<StyleMap id="__managed_style_052F74543640DE0E2051">
		<Pair>
			<key>normal</key>
			<styleUrl>#__managed_style_052F74543640DE0E2051_normal</styleUrl>
		</Pair>
		<Pair>
			<key>highlight</key>
			<styleUrl>#__managed_style_052F74543640DE0E2051_highlight</styleUrl>
		</Pair>
	</StyleMap>
	<gx:CascadingStyle kml:id="__managed_style_0D65F3030240DE0E2044_highlight">
		<Style>
			<IconStyle>
				<scale>1.2</scale>
				<Icon>
					<href>https://earth.google.com/earth/document/icon?color=7b1fa2&amp;id=2100&amp;scale=4</href>
				</Icon>
				<hotSpot x="64" y="128" xunits="pixels" yunits="insetPixels"/>
			</IconStyle>
			<LabelStyle>
				<scale>0</scale>
			</LabelStyle>
			<LineStyle>
				<color>ff2dc0fb</color>
				<width>4.8</width>
			</LineStyle>
			<PolyStyle>
				<color>40ffffff</color>
			</PolyStyle>
			<BalloonStyle>
				<gx:displayMode>card</gx:displayMode>
			</BalloonStyle>
		</Style>
	</gx:CascadingStyle>
	<StyleMap id="__managed_style_09337466CB40DE0E2058">
		<Pair>
			<key>normal</key>
			<styleUrl>#__managed_style_09337466CB40DE0E2058_normal</styleUrl>
		</Pair>
		<Pair>
			<key>highlight</key>
			<styleUrl>#__managed_style_09337466CB40DE0E2058_highlight</styleUrl>
		</Pair>
	</StyleMap>
	<gx:CascadingStyle kml:id="__managed_style_42C67F4BCE40DE0E2044_highlight">
		<Style>
			<IconStyle>
				<scale>1.2</scale>
				<Icon>
					<href>https://earth.google.com/earth/document/icon?color=7b1fa2&amp;id=2070&amp;scale=4</href>
				</Icon>
				<hotSpot x="64" y="128" xunits="pixels" yunits="insetPixels"/>
			</IconStyle>
			<LabelStyle>
				<scale>0</scale>
			</LabelStyle>
			<LineStyle>
				<color>ff2dc0fb</color>
				<width>4.8</width>
			</LineStyle>
			<PolyStyle>
				<color>40ffffff</color>
			</PolyStyle>
			<BalloonStyle>
				<gx:displayMode>card</gx:displayMode>
			</BalloonStyle>
		</Style>
	</gx:CascadingStyle>
	<gx:CascadingStyle kml:id="__managed_style_18E4283B1640DE0E2048_highlight">
		<styleUrl>https://earth.google.com/balloon_components/base/1.1.0.0/card_template.kml#main</styleUrl>
		<Style>
			<IconStyle>
				<scale>1.2</scale>
				<Icon>
					<href>https://earth.google.com/earth/document/icon?color=d32f2f&amp;id=2176&amp;scale=4</href>
				</Icon>
				<hotSpot x="64" y="128" xunits="pixels" yunits="insetPixels"/>
			</IconStyle>
			<LabelStyle>
				<scale>0</scale>
			</LabelStyle>
			<LineStyle>
				<color>ff2dc0fb</color>
				<width>4.8</width>
			</LineStyle>
			<PolyStyle>
				<color>40ffffff</color>
			</PolyStyle>
			<BalloonStyle>
			</BalloonStyle>
		</Style>
	</gx:CascadingStyle>
	<StyleMap id="__managed_style_34EE6F54D040DE0E2028">
		<Pair>
			<key>normal</key>
			<styleUrl>#__managed_style_34EE6F54D040DE0E2028_normal</styleUrl>
		</Pair>
		<Pair>
			<key>highlight</key>
			<styleUrl>#__managed_style_34EE6F54D040DE0E2028_highlight</styleUrl>
		</Pair>
	</StyleMap>
	<gx:CascadingStyle kml:id="__managed_style_42C67F4BCE40DE0E2044_normal">
		<Style>
			<IconStyle>
				<Icon>
					<href>https://earth.google.com/earth/document/icon?color=7b1fa2&amp;id=2070&amp;scale=4</href>
				</Icon>
				<hotSpot x="64" y="128" xunits="pixels" yunits="insetPixels"/>
			</IconStyle>
			<LabelStyle>
				<scale>0</scale>
			</LabelStyle>
			<LineStyle>
				<color>ff2dc0fb</color>
				<width>3.2</width>
			</LineStyle>
			<PolyStyle>
				<color>40ffffff</color>
			</PolyStyle>
			<BalloonStyle>
				<gx:displayMode>card</gx:displayMode>
			</BalloonStyle>
		</Style>
	</gx:CascadingStyle>
	<StyleMap id="__managed_style_42C67F4BCE40DE0E2044">
		<Pair>
			<key>normal</key>
			<styleUrl>#__managed_style_42C67F4BCE40DE0E2044_normal</styleUrl>
		</Pair>
		<Pair>
			<key>highlight</key>
			<styleUrl>#__managed_style_42C67F4BCE40DE0E2044_highlight</styleUrl>
		</Pair>
	</StyleMap>
	<StyleMap id="__managed_style_0376D25F1840DE0E2029">
		<Pair>
			<key>normal</key>
			<styleUrl>#__managed_style_0376D25F1840DE0E2029_normal</styleUrl>
		</Pair>
		<Pair>
			<key>highlight</key>
			<styleUrl>#__managed_style_0376D25F1840DE0E2029_highlight</styleUrl>
		</Pair>
	</StyleMap>
	<gx:CascadingStyle kml:id="__managed_style_3AEAB3877A40DE0E2058_normal">
		<Style>
			<IconStyle>
				<Icon>
					<href>https://earth.google.com/earth/document/icon?color=388e3c&amp;id=2370&amp;scale=4</href>
				</Icon>
				<hotSpot x="64" y="128" xunits="pixels" yunits="insetPixels"/>
			</IconStyle>
			<LabelStyle>
				<scale>0</scale>
			</LabelStyle>
			<LineStyle>
				<color>ff2dc0fb</color>
				<width>3.2</width>
			</LineStyle>
			<PolyStyle>
				<color>40ffffff</color>
			</PolyStyle>
			<BalloonStyle>
				<displayMode>hide</displayMode>
			</BalloonStyle>
		</Style>
	</gx:CascadingStyle>
	<StyleMap id="__managed_style_18E4283B1640DE0E2048">
		<Pair>
			<key>normal</key>
			<styleUrl>#__managed_style_18E4283B1640DE0E2048_normal</styleUrl>
		</Pair>
		<Pair>
			<key>highlight</key>
			<styleUrl>#__managed_style_18E4283B1640DE0E2048_highlight</styleUrl>
		</Pair>
	</StyleMap>
	<StyleMap id="__managed_style_3AEAB3877A40DE0E2058">
		<Pair>
			<key>normal</key>
			<styleUrl>#__managed_style_3AEAB3877A40DE0E2058_normal</styleUrl>
		</Pair>
		<Pair>
			<key>highlight</key>
			<styleUrl>#__managed_style_3AEAB3877A40DE0E2058_highlight</styleUrl>
		</Pair>
	</StyleMap>
	<gx:CascadingStyle kml:id="__managed_style_5D8CC8E4B740DE0E2034_highlight">
		<Style>
			<IconStyle>
				<scale>1.2</scale>
				<Icon>
					<href>https://earth.google.com/earth/document/icon?color=388e3c&amp;id=2370&amp;scale=4</href>
				</Icon>
				<hotSpot x="64" y="128" xunits="pixels" yunits="insetPixels"/>
			</IconStyle>
			<LabelStyle>
				<scale>0</scale>
			</LabelStyle>
			<LineStyle>
				<color>ff2dc0fb</color>
				<width>4.8</width>
			</LineStyle>
			<PolyStyle>
				<color>40ffffff</color>
			</PolyStyle>
			<BalloonStyle>
				<gx:displayMode>card</gx:displayMode>
			</BalloonStyle>
		</Style>
	</gx:CascadingStyle>
	<gx:CascadingStyle kml:id="__managed_style_1F2C2F04D940DE0E2033_highlight">
		<Style>
			<IconStyle>
				<scale>1.2</scale>
				<Icon>
					<href>https://earth.google.com/earth/document/icon?color=7b1fa2&amp;id=2156&amp;scale=4</href>
				</Icon>
				<hotSpot x="64" y="128" xunits="pixels" yunits="insetPixels"/>
			</IconStyle>
			<LabelStyle>
				<scale>0</scale>
			</LabelStyle>
			<LineStyle>
				<color>ff2dc0fb</color>
				<width>4.8</width>
			</LineStyle>
			<PolyStyle>
				<color>40ffffff</color>
			</PolyStyle>
			<BalloonStyle>
				<displayMode>hide</displayMode>
			</BalloonStyle>
		</Style>
	</gx:CascadingStyle>
	<gx:CascadingStyle kml:id="__managed_style_1F2C2F04D940DE0E2033_normal">
		<Style>
			<IconStyle>
				<Icon>
					<href>https://earth.google.com/earth/document/icon?color=7b1fa2&amp;id=2156&amp;scale=4</href>
				</Icon>
				<hotSpot x="64" y="128" xunits="pixels" yunits="insetPixels"/>
			</IconStyle>
			<LabelStyle>
				<scale>0</scale>
			</LabelStyle>
			<LineStyle>
				<color>ff2dc0fb</color>
				<width>3.2</width>
			</LineStyle>
			<PolyStyle>
				<color>40ffffff</color>
			</PolyStyle>
			<BalloonStyle>
				<displayMode>hide</displayMode>
			</BalloonStyle>
		</Style>
	</gx:CascadingStyle>
	<gx:CascadingStyle kml:id="__managed_style_255D9205F240DE0E204C_normal">
		<styleUrl>https://earth.google.com/balloon_components/base/1.1.0.0/card_template.kml#main</styleUrl>
		<Style>
			<IconStyle>
				<Icon>
					<href>https://earth.google.com/earth/document/icon?color=d32f2f&amp;id=2397&amp;scale=4</href>
				</Icon>
				<hotSpot x="64" y="128" xunits="pixels" yunits="insetPixels"/>
			</IconStyle>
			<LabelStyle>
				<scale>0</scale>
			</LabelStyle>
			<LineStyle>
				<color>ff2dc0fb</color>
				<width>3.2</width>
			</LineStyle>
			<PolyStyle>
				<color>40ffffff</color>
			</PolyStyle>
			<BalloonStyle>
			</BalloonStyle>
		</Style>
	</gx:CascadingStyle>
	<gx:CascadingStyle kml:id="__managed_style_171C7E3E9040DE0E2047_highlight">
		<Style>
			<IconStyle>
				<scale>1.2</scale>
				<Icon>
					<href>https://earth.google.com/earth/document/icon?color=7b1fa2&amp;id=2090&amp;scale=4</href>
				</Icon>
				<hotSpot x="64" y="128" xunits="pixels" yunits="insetPixels"/>
			</IconStyle>
			<LabelStyle>
				<scale>0</scale>
			</LabelStyle>
			<LineStyle>
				<color>ff2dc0fb</color>
				<width>4.8</width>
			</LineStyle>
			<PolyStyle>
				<color>40ffffff</color>
			</PolyStyle>
			<BalloonStyle>
				<gx:displayMode>card</gx:displayMode>
			</BalloonStyle>
		</Style>
	</gx:CascadingStyle>
	<StyleMap id="__managed_style_02EE9075AF40DE0E2034">
		<Pair>
			<key>normal</key>
			<styleUrl>#__managed_style_02EE9075AF40DE0E2034_normal</styleUrl>
		</Pair>
		<Pair>
			<key>highlight</key>
			<styleUrl>#__managed_style_02EE9075AF40DE0E2034_highlight</styleUrl>
		</Pair>
	</StyleMap>
	<gx:CascadingStyle kml:id="__managed_style_1BE2CE6A3640DE0E2043_normal">
		<Style>
			<IconStyle>
				<Icon>
					<href>https://earth.google.com/earth/document/icon?color=4300a0&amp;id=2006&amp;scale=4</href>
				</Icon>
				<hotSpot x="64" y="128" xunits="pixels" yunits="insetPixels"/>
			</IconStyle>
			<LabelStyle>
				<scale>0</scale>
			</LabelStyle>
			<LineStyle>
				<color>ff2dc0fb</color>
				<width>3.2</width>
			</LineStyle>
			<PolyStyle>
				<color>40ffffff</color>
			</PolyStyle>
			<BalloonStyle>
				<gx:displayMode>card</gx:displayMode>
			</BalloonStyle>
		</Style>
	</gx:CascadingStyle>
	<gx:CascadingStyle kml:id="__managed_style_34CA08223840DE0E2030_normal">
		<Style>
			<IconStyle>
				<Icon>
					<href>https://earth.google.com/earth/document/icon?color=7b1fa2&amp;id=2349&amp;scale=4</href>
				</Icon>
				<hotSpot x="64" y="128" xunits="pixels" yunits="insetPixels"/>
			</IconStyle>
			<LabelStyle>
				<scale>0</scale>
			</LabelStyle>
			<LineStyle>
				<color>ff2dc0fb</color>
				<width>3.2</width>
			</LineStyle>
			<PolyStyle>
				<color>40ffffff</color>
			</PolyStyle>
			<BalloonStyle>
				<displayMode>hide</displayMode>
			</BalloonStyle>
		</Style>
	</gx:CascadingStyle>
	<gx:CascadingStyle kml:id="__managed_style_34CA08223840DE0E2030_highlight">
		<Style>
			<IconStyle>
				<scale>1.2</scale>
				<Icon>
					<href>https://earth.google.com/earth/document/icon?color=7b1fa2&amp;id=2349&amp;scale=4</href>
				</Icon>
				<hotSpot x="64" y="128" xunits="pixels" yunits="insetPixels"/>
			</IconStyle>
			<LabelStyle>
				<scale>0</scale>
			</LabelStyle>
			<LineStyle>
				<color>ff2dc0fb</color>
				<width>4.8</width>
			</LineStyle>
			<PolyStyle>
				<color>40ffffff</color>
			</PolyStyle>
			<BalloonStyle>
				<displayMode>hide</displayMode>
			</BalloonStyle>
		</Style>
	</gx:CascadingStyle>
	<gx:CascadingStyle kml:id="__managed_style_09433A8DE640DE0E2046_highlight">
		<styleUrl>https://earth.google.com/balloon_components/base/1.1.0.0/none_template.kml#main</styleUrl>
		<Style>
			<IconStyle>
				<scale>1.2</scale>
				<Icon>
					<href>https://earth.google.com/earth/document/icon?color=7b1fa2&amp;id=2156&amp;scale=4</href>
				</Icon>
				<hotSpot x="64" y="128" xunits="pixels" yunits="insetPixels"/>
			</IconStyle>
			<LabelStyle>
				<scale>0</scale>
			</LabelStyle>
			<LineStyle>
				<color>ff2dc0fb</color>
				<width>4.8</width>
			</LineStyle>
			<PolyStyle>
				<color>40ffffff</color>
			</PolyStyle>
			<BalloonStyle>
				<displayMode>hide</displayMode>
			</BalloonStyle>
		</Style>
	</gx:CascadingStyle>
	<gx:CascadingStyle kml:id="__managed_style_09433A8DE640DE0E2046_normal">
		<styleUrl>https://earth.google.com/balloon_components/base/1.1.0.0/none_template.kml#main</styleUrl>
		<Style>
			<IconStyle>
				<Icon>
					<href>https://earth.google.com/earth/document/icon?color=7b1fa2&amp;id=2156&amp;scale=4</href>
				</Icon>
				<hotSpot x="64" y="128" xunits="pixels" yunits="insetPixels"/>
			</IconStyle>
			<LabelStyle>
				<scale>0</scale>
			</LabelStyle>
			<LineStyle>
				<color>ff2dc0fb</color>
				<width>3.2</width>
			</LineStyle>
			<PolyStyle>
				<color>40ffffff</color>
			</PolyStyle>
			<BalloonStyle>
				<displayMode>hide</displayMode>
			</BalloonStyle>
		</Style>
	</gx:CascadingStyle>
	<gx:CascadingStyle kml:id="__managed_style_0D65F3030240DE0E2044_normal">
		<Style>
			<IconStyle>
				<Icon>
					<href>https://earth.google.com/earth/document/icon?color=7b1fa2&amp;id=2100&amp;scale=4</href>
				</Icon>
				<hotSpot x="64" y="128" xunits="pixels" yunits="insetPixels"/>
			</IconStyle>
			<LabelStyle>
				<scale>0</scale>
			</LabelStyle>
			<LineStyle>
				<color>ff2dc0fb</color>
				<width>3.2</width>
			</LineStyle>
			<PolyStyle>
				<color>40ffffff</color>
			</PolyStyle>
			<BalloonStyle>
				<gx:displayMode>card</gx:displayMode>
			</BalloonStyle>
		</Style>
	</gx:CascadingStyle>
	<StyleMap id="__managed_style_09433A8DE640DE0E2046">
		<Pair>
			<key>normal</key>
			<styleUrl>#__managed_style_09433A8DE640DE0E2046_normal</styleUrl>
		</Pair>
		<Pair>
			<key>highlight</key>
			<styleUrl>#__managed_style_09433A8DE640DE0E2046_highlight</styleUrl>
		</Pair>
	</StyleMap>
	<gx:CascadingStyle kml:id="__managed_style_16C591D2EF40DE0E203B_highlight">
		<Style>
			<IconStyle>
				<scale>1.2</scale>
				<Icon>
					<href>https://earth.google.com/earth/document/icon?color=f56900&amp;id=2056&amp;scale=4</href>
				</Icon>
				<hotSpot x="64" y="128" xunits="pixels" yunits="insetPixels"/>
			</IconStyle>
			<LabelStyle>
				<scale>0</scale>
			</LabelStyle>
			<LineStyle>
				<color>ff2dc0fb</color>
				<width>4.8</width>
			</LineStyle>
			<PolyStyle>
				<color>40ffffff</color>
			</PolyStyle>
			<BalloonStyle>
				<gx:displayMode>card</gx:displayMode>
			</BalloonStyle>
		</Style>
	</gx:CascadingStyle>
	<gx:CascadingStyle kml:id="__managed_style_16C591D2EF40DE0E203B_normal">
		<Style>
			<IconStyle>
				<Icon>
					<href>https://earth.google.com/earth/document/icon?color=f56900&amp;id=2056&amp;scale=4</href>
				</Icon>
				<hotSpot x="64" y="128" xunits="pixels" yunits="insetPixels"/>
			</IconStyle>
			<LabelStyle>
				<scale>0</scale>
			</LabelStyle>
			<LineStyle>
				<color>ff2dc0fb</color>
				<width>3.2</width>
			</LineStyle>
			<PolyStyle>
				<color>40ffffff</color>
			</PolyStyle>
			<BalloonStyle>
				<gx:displayMode>card</gx:displayMode>
			</BalloonStyle>
		</Style>
	</gx:CascadingStyle>
	<StyleMap id="__managed_style_16C591D2EF40DE0E203B">
		<Pair>
			<key>normal</key>
			<styleUrl>#__managed_style_16C591D2EF40DE0E203B_normal</styleUrl>
		</Pair>
		<Pair>
			<key>highlight</key>
			<styleUrl>#__managed_style_16C591D2EF40DE0E203B_highlight</styleUrl>
		</Pair>
	</StyleMap>
	<gx:CascadingStyle kml:id="__managed_style_2EA8D49DBA40DE0E204E_highlight">
		<Style>
			<IconStyle>
				<scale>1.2</scale>
				<Icon>
					<href>https://earth.google.com/earth/document/icon?color=388e3c&amp;id=2385&amp;scale=4</href>
				</Icon>
				<hotSpot x="64" y="128" xunits="pixels" yunits="insetPixels"/>
			</IconStyle>
			<LabelStyle>
				<scale>0</scale>
			</LabelStyle>
			<LineStyle>
				<color>ff2dc0fb</color>
				<width>4.8</width>
			</LineStyle>
			<PolyStyle>
				<color>40ffffff</color>
			</PolyStyle>
			<BalloonStyle>
				<gx:displayMode>card</gx:displayMode>
			</BalloonStyle>
		</Style>
	</gx:CascadingStyle>
	<gx:CascadingStyle kml:id="__managed_style_2052889B2040DE0E2050_highlight">
		<Style>
			<IconStyle>
				<scale>1.2</scale>
				<Icon>
					<href>https://earth.google.com/earth/document/icon?color=1976d2&amp;id=2000&amp;scale=4</href>
				</Icon>
				<hotSpot x="64" y="128" xunits="pixels" yunits="insetPixels"/>
			</IconStyle>
			<LabelStyle>
				<scale>0</scale>
			</LabelStyle>
			<LineStyle>
				<color>ffa30046</color>
				<width>4.8</width>
			</LineStyle>
			<PolyStyle>
				<color>40a0004d</color>
			</PolyStyle>
			<BalloonStyle>
			</BalloonStyle>
		</Style>
	</gx:CascadingStyle>
	<gx:CascadingStyle kml:id="__managed_style_2052889B2040DE0E2050_normal">
		<Style>
			<IconStyle>
				<Icon>
					<href>https://earth.google.com/earth/document/icon?color=1976d2&amp;id=2000&amp;scale=4</href>
				</Icon>
				<hotSpot x="64" y="128" xunits="pixels" yunits="insetPixels"/>
			</IconStyle>
			<LabelStyle>
				<scale>0</scale>
			</LabelStyle>
			<LineStyle>
				<color>ffa30046</color>
				<width>3.2</width>
			</LineStyle>
			<PolyStyle>
				<color>40a0004d</color>
			</PolyStyle>
			<BalloonStyle>
			</BalloonStyle>
		</Style>
	</gx:CascadingStyle>
	<StyleMap id="__managed_style_2052889B2040DE0E2050">
		<Pair>
			<key>normal</key>
			<styleUrl>#__managed_style_2052889B2040DE0E2050_normal</styleUrl>
		</Pair>
		<Pair>
			<key>highlight</key>
			<styleUrl>#__managed_style_2052889B2040DE0E2050_highlight</styleUrl>
		</Pair>
	</StyleMap>
	<gx:CascadingStyle kml:id="__managed_style_051857B1EF40DE0E2033_normal">
		<Style>
			<IconStyle>
				<Icon>
					<href>https://earth.google.com/earth/document/icon?color=1976d2&amp;id=2000&amp;scale=4</href>
				</Icon>
				<hotSpot x="64" y="128" xunits="pixels" yunits="insetPixels"/>
			</IconStyle>
			<LabelStyle>
				<scale>0</scale>
			</LabelStyle>
			<LineStyle>
				<color>ffa1004b</color>
				<width>3.2</width>
			</LineStyle>
			<PolyStyle>
				<color>40a2003e</color>
			</PolyStyle>
			<BalloonStyle>
			</BalloonStyle>
		</Style>
	</gx:CascadingStyle>
	<gx:CascadingStyle kml:id="__managed_style_2C8E11F80640DE0E2051_normal">
		<Style>
			<IconStyle>
				<Icon>
					<href>https://earth.google.com/earth/document/icon?color=4300a0&amp;id=2118&amp;scale=4</href>
				</Icon>
				<hotSpot x="64" y="128" xunits="pixels" yunits="insetPixels"/>
			</IconStyle>
			<LabelStyle>
				<scale>0</scale>
			</LabelStyle>
			<LineStyle>
				<color>ff2dc0fb</color>
				<width>3.2</width>
			</LineStyle>
			<PolyStyle>
				<color>40ffffff</color>
			</PolyStyle>
			<BalloonStyle>
				<gx:displayMode>card</gx:displayMode>
			</BalloonStyle>
		</Style>
	</gx:CascadingStyle>
	<StyleMap id="__managed_style_2C8E11F80640DE0E2051">
		<Pair>
			<key>normal</key>
			<styleUrl>#__managed_style_2C8E11F80640DE0E2051_normal</styleUrl>
		</Pair>
		<Pair>
			<key>highlight</key>
			<styleUrl>#__managed_style_2C8E11F80640DE0E2051_highlight</styleUrl>
		</Pair>
	</StyleMap>
	<StyleMap id="__managed_style_171C7E3E9040DE0E2047">
		<Pair>
			<key>normal</key>
			<styleUrl>#__managed_style_171C7E3E9040DE0E2047_normal</styleUrl>
		</Pair>
		<Pair>
			<key>highlight</key>
			<styleUrl>#__managed_style_171C7E3E9040DE0E2047_highlight</styleUrl>
		</Pair>
	</StyleMap>
	<gx:CascadingStyle kml:id="__managed_style_0244E4C68F40DE0E2053_highlight">
		<Style>
			<IconStyle>
				<scale>1.2</scale>
				<Icon>
					<href>https://earth.google.com/earth/document/icon?color=32009f&amp;id=2118&amp;scale=4</href>
				</Icon>
				<hotSpot x="64" y="128" xunits="pixels" yunits="insetPixels"/>
			</IconStyle>
			<LabelStyle>
				<scale>0</scale>
			</LabelStyle>
			<LineStyle>
				<color>ff2dc0fb</color>
				<width>4.8</width>
			</LineStyle>
			<PolyStyle>
				<color>40ffffff</color>
			</PolyStyle>
			<BalloonStyle>
				<gx:displayMode>card</gx:displayMode>
			</BalloonStyle>
		</Style>
	</gx:CascadingStyle>
	<gx:CascadingStyle kml:id="__managed_style_0244E4C68F40DE0E2053_normal">
		<Style>
			<IconStyle>
				<Icon>
					<href>https://earth.google.com/earth/document/icon?color=32009f&amp;id=2118&amp;scale=4</href>
				</Icon>
				<hotSpot x="64" y="128" xunits="pixels" yunits="insetPixels"/>
			</IconStyle>
			<LabelStyle>
				<scale>0</scale>
			</LabelStyle>
			<LineStyle>
				<color>ff2dc0fb</color>
				<width>3.2</width>
			</LineStyle>
			<PolyStyle>
				<color>40ffffff</color>
			</PolyStyle>
			<BalloonStyle>
				<gx:displayMode>card</gx:displayMode>
			</BalloonStyle>
		</Style>
	</gx:CascadingStyle>
	<StyleMap id="__managed_style_0244E4C68F40DE0E2053">
		<Pair>
			<key>normal</key>
			<styleUrl>#__managed_style_0244E4C68F40DE0E2053_normal</styleUrl>
		</Pair>
		<Pair>
			<key>highlight</key>
			<styleUrl>#__managed_style_0244E4C68F40DE0E2053_highlight</styleUrl>
		</Pair>
	</StyleMap>
	<gx:CascadingStyle kml:id="__managed_style_0593DA2B9740DE0E2054_normal">
		<Style>
			<IconStyle>
				<Icon>
					<href>https://earth.google.com/earth/document/icon?color=1976d2&amp;id=2000&amp;scale=4</href>
				</Icon>
				<hotSpot x="64" y="128" xunits="pixels" yunits="insetPixels"/>
			</IconStyle>
			<LabelStyle>
				<scale>0</scale>
			</LabelStyle>
			<LineStyle>
				<color>ffa70764</color>
				<width>3.2</width>
			</LineStyle>
			<PolyStyle>
				<color>4094065e</color>
			</PolyStyle>
			<BalloonStyle>
			</BalloonStyle>
		</Style>
	</gx:CascadingStyle>
	<StyleMap id="__managed_style_0CEA40AFC540DE0E2059">
		<Pair>
			<key>normal</key>
			<styleUrl>#__managed_style_0CEA40AFC540DE0E2059_normal</styleUrl>
		</Pair>
		<Pair>
			<key>highlight</key>
			<styleUrl>#__managed_style_0CEA40AFC540DE0E2059_highlight</styleUrl>
		</Pair>
	</StyleMap>
	<gx:CascadingStyle kml:id="__managed_style_051857B1EF40DE0E2033_highlight">
		<Style>
			<IconStyle>
				<scale>1.2</scale>
				<Icon>
					<href>https://earth.google.com/earth/document/icon?color=1976d2&amp;id=2000&amp;scale=4</href>
				</Icon>
				<hotSpot x="64" y="128" xunits="pixels" yunits="insetPixels"/>
			</IconStyle>
			<LabelStyle>
				<scale>0</scale>
			</LabelStyle>
			<LineStyle>
				<color>ffa1004b</color>
				<width>4.8</width>
			</LineStyle>
			<PolyStyle>
				<color>40a2003e</color>
			</PolyStyle>
			<BalloonStyle>
			</BalloonStyle>
		</Style>
	</gx:CascadingStyle>
	<gx:CascadingStyle kml:id="__managed_style_05FE7E6F2440DE0E204C_highlight">
		<Style>
			<IconStyle>
				<scale>1.2</scale>
				<Icon>
					<href>https://earth.google.com/earth/document/icon?color=4800a1&amp;id=2130&amp;scale=4</href>
				</Icon>
				<hotSpot x="64" y="128" xunits="pixels" yunits="insetPixels"/>
			</IconStyle>
			<LabelStyle>
				<scale>0</scale>
			</LabelStyle>
			<LineStyle>
				<color>ff2dc0fb</color>
				<width>4.8</width>
			</LineStyle>
			<PolyStyle>
				<color>40ffffff</color>
			</PolyStyle>
			<BalloonStyle>
				<gx:displayMode>card</gx:displayMode>
			</BalloonStyle>
		</Style>
	</gx:CascadingStyle>
	<gx:CascadingStyle kml:id="__managed_style_05FE7E6F2440DE0E204C_normal">
		<Style>
			<IconStyle>
				<Icon>
					<href>https://earth.google.com/earth/document/icon?color=4800a1&amp;id=2130&amp;scale=4</href>
				</Icon>
				<hotSpot x="64" y="128" xunits="pixels" yunits="insetPixels"/>
			</IconStyle>
			<LabelStyle>
				<scale>0</scale>
			</LabelStyle>
			<LineStyle>
				<color>ff2dc0fb</color>
				<width>3.2</width>
			</LineStyle>
			<PolyStyle>
				<color>40ffffff</color>
			</PolyStyle>
			<BalloonStyle>
				<gx:displayMode>card</gx:displayMode>
			</BalloonStyle>
		</Style>
	</gx:CascadingStyle>
	<gx:CascadingStyle kml:id="__managed_style_0E65E4CB0C40DE0E2049_highlight">
		<Style>
			<IconStyle>
				<scale>1.2</scale>
				<Icon>
					<href>https://earth.google.com/earth/document/icon?color=1976d2&amp;id=2000&amp;scale=4</href>
				</Icon>
				<hotSpot x="64" y="128" xunits="pixels" yunits="insetPixels"/>
			</IconStyle>
			<LabelStyle>
				<scale>0</scale>
			</LabelStyle>
			<LineStyle>
				<color>ffa1004b</color>
				<width>4.8</width>
			</LineStyle>
			<PolyStyle>
				<color>40ffffff</color>
			</PolyStyle>
			<BalloonStyle>
			</BalloonStyle>
		</Style>
	</gx:CascadingStyle>
	<gx:CascadingStyle kml:id="__managed_style_0E65E4CB0C40DE0E2049_normal">
		<Style>
			<IconStyle>
				<Icon>
					<href>https://earth.google.com/earth/document/icon?color=1976d2&amp;id=2000&amp;scale=4</href>
				</Icon>
				<hotSpot x="64" y="128" xunits="pixels" yunits="insetPixels"/>
			</IconStyle>
			<LabelStyle>
				<scale>0</scale>
			</LabelStyle>
			<LineStyle>
				<color>ffa1004b</color>
				<width>3.2</width>
			</LineStyle>
			<PolyStyle>
				<color>40ffffff</color>
			</PolyStyle>
			<BalloonStyle>
			</BalloonStyle>
		</Style>
	</gx:CascadingStyle>
	<gx:CascadingStyle kml:id="__managed_style_1CB557131F40DE0E2058_highlight">
		<Style>
			<IconStyle>
				<scale>1.2</scale>
				<Icon>
					<href>https://earth.google.com/earth/document/icon?color=3a00a2&amp;id=2006&amp;scale=4</href>
				</Icon>
				<hotSpot x="64" y="128" xunits="pixels" yunits="insetPixels"/>
			</IconStyle>
			<LabelStyle>
				<scale>0</scale>
			</LabelStyle>
			<LineStyle>
				<color>ff2dc0fb</color>
				<width>4.8</width>
			</LineStyle>
			<PolyStyle>
				<color>40ffffff</color>
			</PolyStyle>
			<BalloonStyle>
				<gx:displayMode>card</gx:displayMode>
			</BalloonStyle>
		</Style>
	</gx:CascadingStyle>
	<gx:CascadingStyle kml:id="__managed_style_1CB557131F40DE0E2058_normal">
		<Style>
			<IconStyle>
				<Icon>
					<href>https://earth.google.com/earth/document/icon?color=3a00a2&amp;id=2006&amp;scale=4</href>
				</Icon>
				<hotSpot x="64" y="128" xunits="pixels" yunits="insetPixels"/>
			</IconStyle>
			<LabelStyle>
				<scale>0</scale>
			</LabelStyle>
			<LineStyle>
				<color>ff2dc0fb</color>
				<width>3.2</width>
			</LineStyle>
			<PolyStyle>
				<color>40ffffff</color>
			</PolyStyle>
			<BalloonStyle>
				<gx:displayMode>card</gx:displayMode>
			</BalloonStyle>
		</Style>
	</gx:CascadingStyle>
	<StyleMap id="__managed_style_1CB557131F40DE0E2058">
		<Pair>
			<key>normal</key>
			<styleUrl>#__managed_style_1CB557131F40DE0E2058_normal</styleUrl>
		</Pair>
		<Pair>
			<key>highlight</key>
			<styleUrl>#__managed_style_1CB557131F40DE0E2058_highlight</styleUrl>
		</Pair>
	</StyleMap>
	<gx:CascadingStyle kml:id="__managed_style_03E32C030840DE0E204F_highlight">
		<Style>
			<IconStyle>
				<scale>1.2</scale>
				<Icon>
					<href>https://earth.google.com/earth/document/icon?color=7b1fa2&amp;id=2218&amp;scale=4</href>
				</Icon>
				<hotSpot x="64" y="128" xunits="pixels" yunits="insetPixels"/>
			</IconStyle>
			<LabelStyle>
				<scale>0</scale>
			</LabelStyle>
			<LineStyle>
				<color>ff2dc0fb</color>
				<width>4.8</width>
			</LineStyle>
			<PolyStyle>
				<color>40ffffff</color>
			</PolyStyle>
			<BalloonStyle>
				<gx:displayMode>card</gx:displayMode>
			</BalloonStyle>
		</Style>
	</gx:CascadingStyle>
	<StyleMap id="__managed_style_03E32C030840DE0E204F">
		<Pair>
			<key>normal</key>
			<styleUrl>#__managed_style_03E32C030840DE0E204F_normal</styleUrl>
		</Pair>
		<Pair>
			<key>highlight</key>
			<styleUrl>#__managed_style_03E32C030840DE0E204F_highlight</styleUrl>
		</Pair>
	</StyleMap>
	<gx:CascadingStyle kml:id="__managed_style_184C9746DB40DE0E2049_highlight">
		<Style>
			<IconStyle>
				<scale>1.2</scale>
				<Icon>
					<href>https://earth.google.com/earth/document/icon?color=303f9f&amp;id=2006&amp;scale=4</href>
				</Icon>
				<hotSpot x="64" y="128" xunits="pixels" yunits="insetPixels"/>
			</IconStyle>
			<LabelStyle>
				<scale>0</scale>
			</LabelStyle>
			<LineStyle>
				<color>ff2dc0fb</color>
				<width>4.8</width>
			</LineStyle>
			<PolyStyle>
				<color>40ffffff</color>
			</PolyStyle>
			<BalloonStyle>
				<gx:displayMode>card</gx:displayMode>
			</BalloonStyle>
		</Style>
	</gx:CascadingStyle>
	<gx:CascadingStyle kml:id="__managed_style_1FF9E36AA640DE0E2041_normal">
		<Style>
			<IconStyle>
				<Icon>
					<href>https://earth.google.com/earth/document/icon?color=7b1fa2&amp;id=2039&amp;scale=4</href>
				</Icon>
				<hotSpot x="64" y="128" xunits="pixels" yunits="insetPixels"/>
			</IconStyle>
			<LabelStyle>
				<scale>0</scale>
			</LabelStyle>
			<LineStyle>
				<color>ff2dc0fb</color>
				<width>3.2</width>
			</LineStyle>
			<PolyStyle>
				<color>40ffffff</color>
			</PolyStyle>
			<BalloonStyle>
				<gx:displayMode>card</gx:displayMode>
			</BalloonStyle>
		</Style>
	</gx:CascadingStyle>
	<gx:CascadingStyle kml:id="__managed_style_184C9746DB40DE0E2049_normal">
		<Style>
			<IconStyle>
				<Icon>
					<href>https://earth.google.com/earth/document/icon?color=303f9f&amp;id=2006&amp;scale=4</href>
				</Icon>
				<hotSpot x="64" y="128" xunits="pixels" yunits="insetPixels"/>
			</IconStyle>
			<LabelStyle>
				<scale>0</scale>
			</LabelStyle>
			<LineStyle>
				<color>ff2dc0fb</color>
				<width>3.2</width>
			</LineStyle>
			<PolyStyle>
				<color>40ffffff</color>
			</PolyStyle>
			<BalloonStyle>
				<gx:displayMode>card</gx:displayMode>
			</BalloonStyle>
		</Style>
	</gx:CascadingStyle>
	<gx:CascadingStyle kml:id="__managed_style_2050C8D83A40DE0E2037_highlight">
		<Style>
			<IconStyle>
				<scale>1.2</scale>
				<Icon>
					<href>https://earth.google.com/earth/document/icon?color=7b1fa2&amp;id=2055&amp;scale=4</href>
				</Icon>
				<hotSpot x="64" y="128" xunits="pixels" yunits="insetPixels"/>
			</IconStyle>
			<LabelStyle>
				<scale>0</scale>
			</LabelStyle>
			<LineStyle>
				<color>ff2dc0fb</color>
				<width>4.8</width>
			</LineStyle>
			<PolyStyle>
				<color>40ffffff</color>
			</PolyStyle>
			<BalloonStyle>
				<gx:displayMode>card</gx:displayMode>
			</BalloonStyle>
		</Style>
	</gx:CascadingStyle>
	<gx:CascadingStyle kml:id="__managed_style_2050C8D83A40DE0E2037_normal">
		<Style>
			<IconStyle>
				<Icon>
					<href>https://earth.google.com/earth/document/icon?color=7b1fa2&amp;id=2055&amp;scale=4</href>
				</Icon>
				<hotSpot x="64" y="128" xunits="pixels" yunits="insetPixels"/>
			</IconStyle>
			<LabelStyle>
				<scale>0</scale>
			</LabelStyle>
			<LineStyle>
				<color>ff2dc0fb</color>
				<width>3.2</width>
			</LineStyle>
			<PolyStyle>
				<color>40ffffff</color>
			</PolyStyle>
			<BalloonStyle>
				<gx:displayMode>card</gx:displayMode>
			</BalloonStyle>
		</Style>
	</gx:CascadingStyle>
	<gx:CascadingStyle kml:id="__managed_style_2099442D9040DE0E2041_highlight">
		<Style>
			<IconStyle>
				<scale>1.2</scale>
				<Icon>
					<href>https://earth.google.com/earth/document/icon?color=4800a2&amp;id=2118&amp;scale=4</href>
				</Icon>
				<hotSpot x="64" y="128" xunits="pixels" yunits="insetPixels"/>
			</IconStyle>
			<LabelStyle>
				<scale>0</scale>
			</LabelStyle>
			<LineStyle>
				<color>ff2dc0fb</color>
				<width>4.8</width>
			</LineStyle>
			<PolyStyle>
				<color>40ffffff</color>
			</PolyStyle>
			<BalloonStyle>
				<gx:displayMode>card</gx:displayMode>
			</BalloonStyle>
		</Style>
	</gx:CascadingStyle>
	<StyleMap id="__managed_style_48E33D395140DE0E202C">
		<Pair>
			<key>normal</key>
			<styleUrl>#__managed_style_48E33D395140DE0E202C_normal</styleUrl>
		</Pair>
		<Pair>
			<key>highlight</key>
			<styleUrl>#__managed_style_48E33D395140DE0E202C_highlight</styleUrl>
		</Pair>
	</StyleMap>
	<StyleMap id="__managed_style_35607EE82840DE0E2044">
		<Pair>
			<key>normal</key>
			<styleUrl>#__managed_style_35607EE82840DE0E2044_normal</styleUrl>
		</Pair>
		<Pair>
			<key>highlight</key>
			<styleUrl>#__managed_style_35607EE82840DE0E2044_highlight</styleUrl>
		</Pair>
	</StyleMap>
	<StyleMap id="__managed_style_34201C011B40DE0E2037">
		<Pair>
			<key>normal</key>
			<styleUrl>#__managed_style_34201C011B40DE0E2037_normal</styleUrl>
		</Pair>
		<Pair>
			<key>highlight</key>
			<styleUrl>#__managed_style_34201C011B40DE0E2037_highlight</styleUrl>
		</Pair>
	</StyleMap>
	<StyleMap id="__managed_style_2F03EBE15A40DE0E2044">
		<Pair>
			<key>normal</key>
			<styleUrl>#__managed_style_2F03EBE15A40DE0E2044_normal</styleUrl>
		</Pair>
		<Pair>
			<key>highlight</key>
			<styleUrl>#__managed_style_2F03EBE15A40DE0E2044_highlight</styleUrl>
		</Pair>
	</StyleMap>
	<gx:CascadingStyle kml:id="__managed_style_0331BA4C3C40DE0E2037_normal">
		<Style>
			<IconStyle>
				<Icon>
					<href>https://earth.google.com/earth/document/icon?color=7b1fa2&amp;id=2339&amp;scale=4</href>
				</Icon>
				<hotSpot x="64" y="128" xunits="pixels" yunits="insetPixels"/>
			</IconStyle>
			<LabelStyle>
				<scale>0</scale>
			</LabelStyle>
			<LineStyle>
				<color>ff2dc0fb</color>
				<width>3.2</width>
			</LineStyle>
			<PolyStyle>
				<color>40ffffff</color>
			</PolyStyle>
			<BalloonStyle>
				<gx:displayMode>card</gx:displayMode>
			</BalloonStyle>
		</Style>
	</gx:CascadingStyle>
	<gx:CascadingStyle kml:id="__managed_style_2FF3BD743C40DE0E2028_highlight">
		<Style>
			<IconStyle>
				<scale>1.2</scale>
				<Icon>
					<href>https://earth.google.com/earth/document/icon?color=7b1fa2&amp;id=2050&amp;scale=4</href>
				</Icon>
				<hotSpot x="64" y="128" xunits="pixels" yunits="insetPixels"/>
			</IconStyle>
			<LabelStyle>
				<scale>0</scale>
			</LabelStyle>
			<LineStyle>
				<color>ff2dc0fb</color>
				<width>4.8</width>
			</LineStyle>
			<PolyStyle>
				<color>40ffffff</color>
			</PolyStyle>
			<BalloonStyle>
				<gx:displayMode>card</gx:displayMode>
			</BalloonStyle>
		</Style>
	</gx:CascadingStyle>
	<StyleMap id="__managed_style_2490DC874E40DE0E2031">
		<Pair>
			<key>normal</key>
			<styleUrl>#__managed_style_2490DC874E40DE0E2031_normal</styleUrl>
		</Pair>
		<Pair>
			<key>highlight</key>
			<styleUrl>#__managed_style_2490DC874E40DE0E2031_highlight</styleUrl>
		</Pair>
	</StyleMap>
	<StyleMap id="__managed_style_0331BA4C3C40DE0E2037">
		<Pair>
			<key>normal</key>
			<styleUrl>#__managed_style_0331BA4C3C40DE0E2037_normal</styleUrl>
		</Pair>
		<Pair>
			<key>highlight</key>
			<styleUrl>#__managed_style_0331BA4C3C40DE0E2037_highlight</styleUrl>
		</Pair>
	</StyleMap>
	<gx:CascadingStyle kml:id="__managed_style_1B6484939F40DE0E204F_highlight">
		<Style>
			<IconStyle>
				<scale>1.2</scale>
				<Icon>
					<href>https://earth.google.com/earth/document/icon?color=47009f&amp;id=2156&amp;scale=4</href>
				</Icon>
				<hotSpot x="64" y="128" xunits="pixels" yunits="insetPixels"/>
			</IconStyle>
			<LabelStyle>
				<scale>0</scale>
			</LabelStyle>
			<LineStyle>
				<color>ff2dc0fb</color>
				<width>4.8</width>
			</LineStyle>
			<PolyStyle>
				<color>40ffffff</color>
			</PolyStyle>
			<BalloonStyle>
			</BalloonStyle>
		</Style>
	</gx:CascadingStyle>
	<StyleMap id="__managed_style_1B6484939F40DE0E204F">
		<Pair>
			<key>normal</key>
			<styleUrl>#__managed_style_1B6484939F40DE0E204F_normal</styleUrl>
		</Pair>
		<Pair>
			<key>highlight</key>
			<styleUrl>#__managed_style_1B6484939F40DE0E204F_highlight</styleUrl>
		</Pair>
	</StyleMap>
	<gx:CascadingStyle kml:id="__managed_style_4BF03FD5F140DE0E2048_highlight">
		<Style>
			<IconStyle>
				<scale>1.2</scale>
				<Icon>
					<href>https://earth.google.com/earth/document/icon?color=4300a0&amp;id=2055&amp;scale=4</href>
				</Icon>
				<hotSpot x="64" y="128" xunits="pixels" yunits="insetPixels"/>
			</IconStyle>
			<LabelStyle>
				<scale>0</scale>
			</LabelStyle>
			<LineStyle>
				<color>ff2dc0fb</color>
				<width>4.8</width>
			</LineStyle>
			<PolyStyle>
				<color>40ffffff</color>
			</PolyStyle>
			<BalloonStyle>
				<gx:displayMode>card</gx:displayMode>
			</BalloonStyle>
		</Style>
	</gx:CascadingStyle>
	<StyleMap id="__managed_style_1F2C2F04D940DE0E2033">
		<Pair>
			<key>normal</key>
			<styleUrl>#__managed_style_1F2C2F04D940DE0E2033_normal</styleUrl>
		</Pair>
		<Pair>
			<key>highlight</key>
			<styleUrl>#__managed_style_1F2C2F04D940DE0E2033_highlight</styleUrl>
		</Pair>
	</StyleMap>
	<gx:CascadingStyle kml:id="__managed_style_4BF03FD5F140DE0E2048_normal">
		<Style>
			<IconStyle>
				<Icon>
					<href>https://earth.google.com/earth/document/icon?color=4300a0&amp;id=2055&amp;scale=4</href>
				</Icon>
				<hotSpot x="64" y="128" xunits="pixels" yunits="insetPixels"/>
			</IconStyle>
			<LabelStyle>
				<scale>0</scale>
			</LabelStyle>
			<LineStyle>
				<color>ff2dc0fb</color>
				<width>3.2</width>
			</LineStyle>
			<PolyStyle>
				<color>40ffffff</color>
			</PolyStyle>
			<BalloonStyle>
				<gx:displayMode>card</gx:displayMode>
			</BalloonStyle>
		</Style>
	</gx:CascadingStyle>
	<gx:CascadingStyle kml:id="__managed_style_03D689C32840DE0E2038_normal">
		<Style>
			<IconStyle>
				<Icon>
					<href>https://earth.google.com/earth/document/icon?color=7b1fa2&amp;id=2232&amp;scale=4</href>
				</Icon>
				<hotSpot x="64" y="128" xunits="pixels" yunits="insetPixels"/>
			</IconStyle>
			<LabelStyle>
				<scale>0</scale>
			</LabelStyle>
			<LineStyle>
				<color>ff2dc0fb</color>
				<width>3.2</width>
			</LineStyle>
			<PolyStyle>
				<color>40ffffff</color>
			</PolyStyle>
			<BalloonStyle>
				<displayMode>hide</displayMode>
			</BalloonStyle>
		</Style>
	</gx:CascadingStyle>
	<gx:CascadingStyle kml:id="__managed_style_30D224281540DE0E2050_highlight">
		<Style>
			<IconStyle>
				<scale>1.2</scale>
				<Icon>
					<href>https://earth.google.com/earth/document/icon?color=4d009f&amp;id=2055&amp;scale=4</href>
				</Icon>
				<hotSpot x="64" y="128" xunits="pixels" yunits="insetPixels"/>
			</IconStyle>
			<LabelStyle>
				<scale>0</scale>
			</LabelStyle>
			<LineStyle>
				<color>ff2dc0fb</color>
				<width>4.8</width>
			</LineStyle>
			<PolyStyle>
				<color>40ffffff</color>
			</PolyStyle>
			<BalloonStyle>
				<gx:displayMode>card</gx:displayMode>
			</BalloonStyle>
		</Style>
	</gx:CascadingStyle>
	<gx:CascadingStyle kml:id="__managed_style_30D224281540DE0E2050_normal">
		<Style>
			<IconStyle>
				<Icon>
					<href>https://earth.google.com/earth/document/icon?color=4d009f&amp;id=2055&amp;scale=4</href>
				</Icon>
				<hotSpot x="64" y="128" xunits="pixels" yunits="insetPixels"/>
			</IconStyle>
			<LabelStyle>
				<scale>0</scale>
			</LabelStyle>
			<LineStyle>
				<color>ff2dc0fb</color>
				<width>3.2</width>
			</LineStyle>
			<PolyStyle>
				<color>40ffffff</color>
			</PolyStyle>
			<BalloonStyle>
				<gx:displayMode>card</gx:displayMode>
			</BalloonStyle>
		</Style>
	</gx:CascadingStyle>
	<gx:CascadingStyle kml:id="__managed_style_075C3DA4E740DE0E203E_highlight">
		<Style>
			<IconStyle>
				<scale>1.2</scale>
				<Icon>
					<href>https://earth.google.com/earth/document/icon?color=4600a0&amp;id=2156&amp;scale=4</href>
				</Icon>
				<hotSpot x="64" y="128" xunits="pixels" yunits="insetPixels"/>
			</IconStyle>
			<LabelStyle>
				<scale>0</scale>
			</LabelStyle>
			<LineStyle>
				<color>ff2dc0fb</color>
				<width>4.8</width>
			</LineStyle>
			<PolyStyle>
				<color>40ffffff</color>
			</PolyStyle>
			<BalloonStyle>
				<gx:displayMode>card</gx:displayMode>
			</BalloonStyle>
		</Style>
	</gx:CascadingStyle>
	<StyleMap id="__managed_style_075C3DA4E740DE0E203E">
		<Pair>
			<key>normal</key>
			<styleUrl>#__managed_style_075C3DA4E740DE0E203E_normal</styleUrl>
		</Pair>
		<Pair>
			<key>highlight</key>
			<styleUrl>#__managed_style_075C3DA4E740DE0E203E_highlight</styleUrl>
		</Pair>
	</StyleMap>
	<StyleMap id="__managed_style_424926949940DE0E2038">
		<Pair>
			<key>normal</key>
			<styleUrl>#__managed_style_424926949940DE0E2038_normal</styleUrl>
		</Pair>
		<Pair>
			<key>highlight</key>
			<styleUrl>#__managed_style_424926949940DE0E2038_highlight</styleUrl>
		</Pair>
	</StyleMap>
	<StyleMap id="__managed_style_6B7F756DE940DE0E2030">
		<Pair>
			<key>normal</key>
			<styleUrl>#__managed_style_6B7F756DE940DE0E2030_normal</styleUrl>
		</Pair>
		<Pair>
			<key>highlight</key>
			<styleUrl>#__managed_style_6B7F756DE940DE0E2030_highlight</styleUrl>
		</Pair>
	</StyleMap>
	<gx:CascadingStyle kml:id="__managed_style_27F15E983D40DE0E2057_highlight">
		<Style>
			<IconStyle>
				<scale>1.2</scale>
				<Icon>
					<href>https://earth.google.com/earth/document/icon?color=420199&amp;id=2006&amp;scale=4</href>
				</Icon>
				<hotSpot x="64" y="128" xunits="pixels" yunits="insetPixels"/>
			</IconStyle>
			<LabelStyle>
				<scale>0</scale>
			</LabelStyle>
			<LineStyle>
				<color>ff2dc0fb</color>
				<width>4.8</width>
			</LineStyle>
			<PolyStyle>
				<color>40ffffff</color>
			</PolyStyle>
			<BalloonStyle>
				<gx:displayMode>card</gx:displayMode>
			</BalloonStyle>
		</Style>
	</gx:CascadingStyle>
	<gx:CascadingStyle kml:id="__managed_style_4D6F7FAE8540DE0E2054_highlight">
		<Style>
			<IconStyle>
				<scale>1.2</scale>
				<Icon>
					<href>https://earth.google.com/earth/document/icon?color=4600a0&amp;id=2130&amp;scale=4</href>
				</Icon>
				<hotSpot x="64" y="128" xunits="pixels" yunits="insetPixels"/>
			</IconStyle>
			<LabelStyle>
				<scale>0</scale>
			</LabelStyle>
			<LineStyle>
				<color>ff2dc0fb</color>
				<width>4.8</width>
			</LineStyle>
			<PolyStyle>
				<color>40ffffff</color>
			</PolyStyle>
			<BalloonStyle>
				<gx:displayMode>card</gx:displayMode>
			</BalloonStyle>
		</Style>
	</gx:CascadingStyle>
	<StyleMap id="__managed_style_0555A37FED40DE0E202E">
		<Pair>
			<key>normal</key>
			<styleUrl>#__managed_style_0555A37FED40DE0E202E_normal</styleUrl>
		</Pair>
		<Pair>
			<key>highlight</key>
			<styleUrl>#__managed_style_0555A37FED40DE0E202E_highlight</styleUrl>
		</Pair>
	</StyleMap>
	<gx:CascadingStyle kml:id="__managed_style_181A0CF2C140DE0E2051_highlight">
		<Style>
			<IconStyle>
				<scale>1.2</scale>
				<Icon>
					<href>https://earth.google.com/earth/document/icon?color=303f9f&amp;id=2339&amp;scale=4</href>
				</Icon>
				<hotSpot x="64" y="128" xunits="pixels" yunits="insetPixels"/>
			</IconStyle>
			<LabelStyle>
				<scale>0</scale>
			</LabelStyle>
			<LineStyle>
				<color>ff2dc0fb</color>
				<width>4.8</width>
			</LineStyle>
			<PolyStyle>
				<color>40ffffff</color>
			</PolyStyle>
			<BalloonStyle>
			</BalloonStyle>
		</Style>
	</gx:CascadingStyle>
	<StyleMap id="__managed_style_0DE56DBD2F40DE0E202B">
		<Pair>
			<key>normal</key>
			<styleUrl>#__managed_style_0DE56DBD2F40DE0E202B_normal</styleUrl>
		</Pair>
		<Pair>
			<key>highlight</key>
			<styleUrl>#__managed_style_0DE56DBD2F40DE0E202B_highlight</styleUrl>
		</Pair>
	</StyleMap>
	<gx:CascadingStyle kml:id="__managed_style_1C96B5566740DE0E203E_normal">
		<Style>
			<IconStyle>
				<Icon>
					<href>https://earth.google.com/earth/document/icon?color=1976d2&amp;id=2000&amp;scale=4</href>
				</Icon>
				<hotSpot x="64" y="128" xunits="pixels" yunits="insetPixels"/>
			</IconStyle>
			<LabelStyle>
				<scale>0</scale>
			</LabelStyle>
			<LineStyle>
				<color>ff9f3f30</color>
				<width>3.2</width>
			</LineStyle>
			<PolyStyle>
				<color>409f3f30</color>
			</PolyStyle>
			<BalloonStyle>
			</BalloonStyle>
		</Style>
	</gx:CascadingStyle>
	<StyleMap id="__managed_style_2050C8D83A40DE0E2037">
		<Pair>
			<key>normal</key>
			<styleUrl>#__managed_style_2050C8D83A40DE0E2037_normal</styleUrl>
		</Pair>
		<Pair>
			<key>highlight</key>
			<styleUrl>#__managed_style_2050C8D83A40DE0E2037_highlight</styleUrl>
		</Pair>
	</StyleMap>
	<StyleMap id="__managed_style_184C9746DB40DE0E2049">
		<Pair>
			<key>normal</key>
			<styleUrl>#__managed_style_184C9746DB40DE0E2049_normal</styleUrl>
		</Pair>
		<Pair>
			<key>highlight</key>
			<styleUrl>#__managed_style_184C9746DB40DE0E2049_highlight</styleUrl>
		</Pair>
	</StyleMap>
	<gx:CascadingStyle kml:id="__managed_style_26DC9D05CF40DE0E202B_highlight">
		<Style>
			<IconStyle>
				<scale>1.2</scale>
				<Icon>
					<href>https://earth.google.com/earth/document/icon?color=7b1fa2&amp;id=2156&amp;scale=4</href>
				</Icon>
				<hotSpot x="64" y="128" xunits="pixels" yunits="insetPixels"/>
			</IconStyle>
			<LabelStyle>
				<scale>0</scale>
			</LabelStyle>
			<LineStyle>
				<color>ff2dc0fb</color>
				<width>4.8</width>
			</LineStyle>
			<PolyStyle>
				<color>40ffffff</color>
			</PolyStyle>
			<BalloonStyle>
				<gx:displayMode>card</gx:displayMode>
			</BalloonStyle>
		</Style>
	</gx:CascadingStyle>
	<gx:CascadingStyle kml:id="__managed_style_2D0997D81640DE0E2047_normal">
		<Style>
			<IconStyle>
				<Icon>
					<href>https://earth.google.com/earth/document/icon?color=4400a3&amp;id=2056&amp;scale=4</href>
				</Icon>
				<hotSpot x="64" y="128" xunits="pixels" yunits="insetPixels"/>
			</IconStyle>
			<LabelStyle>
				<scale>0</scale>
			</LabelStyle>
			<LineStyle>
				<color>ff2dc0fb</color>
				<width>3.2</width>
			</LineStyle>
			<PolyStyle>
				<color>40ffffff</color>
			</PolyStyle>
			<BalloonStyle>
				<gx:displayMode>card</gx:displayMode>
			</BalloonStyle>
		</Style>
	</gx:CascadingStyle>
	<gx:CascadingStyle kml:id="__managed_style_2E79CF5BBE40DE0E2049_normal">
		<Style>
			<IconStyle>
				<Icon>
					<href>https://earth.google.com/earth/document/icon?color=4d00aa&amp;id=2349&amp;scale=4</href>
				</Icon>
				<hotSpot x="64" y="128" xunits="pixels" yunits="insetPixels"/>
			</IconStyle>
			<LabelStyle>
				<scale>0</scale>
			</LabelStyle>
			<LineStyle>
				<color>ff2dc0fb</color>
				<width>3.2</width>
			</LineStyle>
			<PolyStyle>
				<color>40ffffff</color>
			</PolyStyle>
			<BalloonStyle>
			</BalloonStyle>
		</Style>
	</gx:CascadingStyle>
	<StyleMap id="__managed_style_2D0997D81640DE0E2047">
		<Pair>
			<key>normal</key>
			<styleUrl>#__managed_style_2D0997D81640DE0E2047_normal</styleUrl>
		</Pair>
		<Pair>
			<key>highlight</key>
			<styleUrl>#__managed_style_2D0997D81640DE0E2047_highlight</styleUrl>
		</Pair>
	</StyleMap>
	<gx:CascadingStyle kml:id="__managed_style_3BE06DA72B40DE0E2048_normal">
		<Style>
			<IconStyle>
				<Icon>
					<href>https://earth.google.com/earth/document/icon?color=4300a2&amp;id=2056&amp;scale=4</href>
				</Icon>
				<hotSpot x="64" y="128" xunits="pixels" yunits="insetPixels"/>
			</IconStyle>
			<LabelStyle>
				<scale>0</scale>
			</LabelStyle>
			<LineStyle>
				<color>ff2dc0fb</color>
				<width>3.2</width>
			</LineStyle>
			<PolyStyle>
				<color>40ffffff</color>
			</PolyStyle>
			<BalloonStyle>
				<gx:displayMode>card</gx:displayMode>
			</BalloonStyle>
		</Style>
	</gx:CascadingStyle>
	<StyleMap id="__managed_style_22544FB3C340DE0E2043">
		<Pair>
			<key>normal</key>
			<styleUrl>#__managed_style_22544FB3C340DE0E2043_normal</styleUrl>
		</Pair>
		<Pair>
			<key>highlight</key>
			<styleUrl>#__managed_style_22544FB3C340DE0E2043_highlight</styleUrl>
		</Pair>
	</StyleMap>
	<gx:CascadingStyle kml:id="__managed_style_098758A9E940DE0E2057_normal">
		<Style>
			<IconStyle>
				<Icon>
					<href>https://earth.google.com/earth/document/icon?color=7b1fa2&amp;id=2156&amp;scale=4</href>
				</Icon>
				<hotSpot x="64" y="128" xunits="pixels" yunits="insetPixels"/>
			</IconStyle>
			<LabelStyle>
				<scale>0</scale>
			</LabelStyle>
			<LineStyle>
				<color>ff2dc0fb</color>
				<width>3.2</width>
			</LineStyle>
			<PolyStyle>
				<color>40ffffff</color>
			</PolyStyle>
			<BalloonStyle>
				<displayMode>hide</displayMode>
			</BalloonStyle>
		</Style>
	</gx:CascadingStyle>
	<StyleMap id="__managed_style_4BF03FD5F140DE0E2048">
		<Pair>
			<key>normal</key>
			<styleUrl>#__managed_style_4BF03FD5F140DE0E2048_normal</styleUrl>
		</Pair>
		<Pair>
			<key>highlight</key>
			<styleUrl>#__managed_style_4BF03FD5F140DE0E2048_highlight</styleUrl>
		</Pair>
	</StyleMap>
	<gx:CascadingStyle kml:id="__managed_style_3CDF7CBFFC40DE0E2034_highlight">
		<Style>
			<IconStyle>
				<scale>1.2</scale>
				<Icon>
					<href>https://earth.google.com/earth/document/icon?color=7b1fa2&amp;id=2232&amp;scale=4</href>
				</Icon>
				<hotSpot x="64" y="128" xunits="pixels" yunits="insetPixels"/>
			</IconStyle>
			<LabelStyle>
				<scale>0</scale>
			</LabelStyle>
			<LineStyle>
				<color>ff2dc0fb</color>
				<width>4.8</width>
			</LineStyle>
			<PolyStyle>
				<color>40ffffff</color>
			</PolyStyle>
			<BalloonStyle>
				<gx:displayMode>card</gx:displayMode>
			</BalloonStyle>
		</Style>
	</gx:CascadingStyle>
	<gx:CascadingStyle kml:id="__managed_style_1C08EA9D1740DE0E2057_highlight">
		<Style>
			<IconStyle>
				<scale>1.2</scale>
				<Icon>
					<href>https://earth.google.com/earth/document/icon?color=3c009f&amp;id=2056&amp;scale=4</href>
				</Icon>
				<hotSpot x="64" y="128" xunits="pixels" yunits="insetPixels"/>
			</IconStyle>
			<LabelStyle>
				<scale>0</scale>
			</LabelStyle>
			<LineStyle>
				<color>ff2dc0fb</color>
				<width>4.8</width>
			</LineStyle>
			<PolyStyle>
				<color>40ffffff</color>
			</PolyStyle>
			<BalloonStyle>
				<gx:displayMode>card</gx:displayMode>
			</BalloonStyle>
		</Style>
	</gx:CascadingStyle>
	<gx:CascadingStyle kml:id="__managed_style_0CC1966AA240DE0E202F_normal">
		<Style>
			<IconStyle>
				<Icon>
					<href>https://earth.google.com/earth/document/icon?color=4400a3&amp;id=2349&amp;scale=4</href>
				</Icon>
				<hotSpot x="64" y="128" xunits="pixels" yunits="insetPixels"/>
			</IconStyle>
			<LabelStyle>
				<scale>0</scale>
			</LabelStyle>
			<LineStyle>
				<color>ff2dc0fb</color>
				<width>3.2</width>
			</LineStyle>
			<PolyStyle>
				<color>40ffffff</color>
			</PolyStyle>
			<BalloonStyle>
				<gx:displayMode>card</gx:displayMode>
			</BalloonStyle>
		</Style>
	</gx:CascadingStyle>
	<gx:CascadingStyle kml:id="__managed_style_48E33D395140DE0E202C_highlight">
		<Style>
			<IconStyle>
				<scale>1.2</scale>
				<Icon>
					<href>https://earth.google.com/earth/document/icon?color=f57c00&amp;id=2130&amp;scale=4</href>
				</Icon>
				<hotSpot x="64" y="128" xunits="pixels" yunits="insetPixels"/>
			</IconStyle>
			<LabelStyle>
				<scale>0</scale>
			</LabelStyle>
			<LineStyle>
				<color>ff2dc0fb</color>
				<width>4.8</width>
			</LineStyle>
			<PolyStyle>
				<color>40ffffff</color>
			</PolyStyle>
			<BalloonStyle>
				<displayMode>hide</displayMode>
			</BalloonStyle>
		</Style>
	</gx:CascadingStyle>
	<StyleMap id="__managed_style_0CC1966AA240DE0E202F">
		<Pair>
			<key>normal</key>
			<styleUrl>#__managed_style_0CC1966AA240DE0E202F_normal</styleUrl>
		</Pair>
		<Pair>
			<key>highlight</key>
			<styleUrl>#__managed_style_0CC1966AA240DE0E202F_highlight</styleUrl>
		</Pair>
	</StyleMap>
	<gx:CascadingStyle kml:id="__managed_style_036ABBCD8E40DE0E203C_highlight">
		<styleUrl>https://earth.google.com/balloon_components/base/1.1.0.0/card_template.kml#main</styleUrl>
		<Style>
			<IconStyle>
				<scale>1.2</scale>
				<Icon>
					<href>https://earth.google.com/earth/document/icon?color=d32f2f&amp;id=2041&amp;scale=4</href>
				</Icon>
				<hotSpot x="64" y="128" xunits="pixels" yunits="insetPixels"/>
			</IconStyle>
			<LabelStyle>
				<scale>0</scale>
			</LabelStyle>
			<LineStyle>
				<color>ff2dc0fb</color>
				<width>4.8</width>
			</LineStyle>
			<PolyStyle>
				<color>40ffffff</color>
			</PolyStyle>
			<BalloonStyle>
			</BalloonStyle>
		</Style>
	</gx:CascadingStyle>
	<gx:CascadingStyle kml:id="__managed_style_359CA9719E40DE0E2054_highlight">
		<Style>
			<IconStyle>
				<scale>1.2</scale>
				<Icon>
					<href>https://earth.google.com/earth/document/icon?color=46009e&amp;id=2156&amp;scale=4</href>
				</Icon>
				<hotSpot x="64" y="128" xunits="pixels" yunits="insetPixels"/>
			</IconStyle>
			<LabelStyle>
				<scale>0</scale>
			</LabelStyle>
			<LineStyle>
				<color>ff2dc0fb</color>
				<width>4.8</width>
			</LineStyle>
			<PolyStyle>
				<color>40ffffff</color>
			</PolyStyle>
			<BalloonStyle>
			</BalloonStyle>
		</Style>
	</gx:CascadingStyle>
	<gx:CascadingStyle kml:id="__managed_style_2D0997D81640DE0E2047_highlight">
		<Style>
			<IconStyle>
				<scale>1.2</scale>
				<Icon>
					<href>https://earth.google.com/earth/document/icon?color=4400a3&amp;id=2056&amp;scale=4</href>
				</Icon>
				<hotSpot x="64" y="128" xunits="pixels" yunits="insetPixels"/>
			</IconStyle>
			<LabelStyle>
				<scale>0</scale>
			</LabelStyle>
			<LineStyle>
				<color>ff2dc0fb</color>
				<width>4.8</width>
			</LineStyle>
			<PolyStyle>
				<color>40ffffff</color>
			</PolyStyle>
			<BalloonStyle>
				<gx:displayMode>card</gx:displayMode>
			</BalloonStyle>
		</Style>
	</gx:CascadingStyle>
	<gx:CascadingStyle kml:id="__managed_style_2FB43C83D840DE0E2058_normal">
		<styleUrl>https://earth.google.com/balloon_components/base/1.1.0.0/card_template.kml#main</styleUrl>
		<Style>
			<IconStyle>
				<Icon>
					<href>https://earth.google.com/earth/document/icon?color=d32f2f&amp;id=2397&amp;scale=4</href>
				</Icon>
				<hotSpot x="64" y="128" xunits="pixels" yunits="insetPixels"/>
			</IconStyle>
			<LabelStyle>
				<scale>0</scale>
			</LabelStyle>
			<LineStyle>
				<color>ff2dc0fb</color>
				<width>3.2</width>
			</LineStyle>
			<PolyStyle>
				<color>40ffffff</color>
			</PolyStyle>
			<BalloonStyle>
			</BalloonStyle>
		</Style>
	</gx:CascadingStyle>
	<gx:CascadingStyle kml:id="__managed_style_2C903B9DC640DE0E2030_normal">
		<Style>
			<IconStyle>
				<Icon>
					<href>https://earth.google.com/earth/document/icon?color=f57c00&amp;id=2056&amp;scale=4</href>
				</Icon>
				<hotSpot x="64" y="128" xunits="pixels" yunits="insetPixels"/>
			</IconStyle>
			<LabelStyle>
				<scale>0</scale>
			</LabelStyle>
			<LineStyle>
				<color>ff2dc0fb</color>
				<width>3.2</width>
			</LineStyle>
			<PolyStyle>
				<color>40ffffff</color>
			</PolyStyle>
			<BalloonStyle>
				<gx:displayMode>card</gx:displayMode>
			</BalloonStyle>
		</Style>
	</gx:CascadingStyle>
	<StyleMap id="__managed_style_359CA9719E40DE0E2054">
		<Pair>
			<key>normal</key>
			<styleUrl>#__managed_style_359CA9719E40DE0E2054_normal</styleUrl>
		</Pair>
		<Pair>
			<key>highlight</key>
			<styleUrl>#__managed_style_359CA9719E40DE0E2054_highlight</styleUrl>
		</Pair>
	</StyleMap>
	<gx:CascadingStyle kml:id="__managed_style_060E5030E440DE0E2030_highlight">
		<Style>
			<IconStyle>
				<scale>1.2</scale>
				<Icon>
					<href>https://earth.google.com/earth/document/icon?color=303f9f&amp;id=2339&amp;scale=4</href>
				</Icon>
				<hotSpot x="64" y="128" xunits="pixels" yunits="insetPixels"/>
			</IconStyle>
			<LabelStyle>
				<scale>0</scale>
			</LabelStyle>
			<LineStyle>
				<color>ff2dc0fb</color>
				<width>4.8</width>
			</LineStyle>
			<PolyStyle>
				<color>40ffffff</color>
			</PolyStyle>
			<BalloonStyle>
			</BalloonStyle>
		</Style>
	</gx:CascadingStyle>
	<gx:CascadingStyle kml:id="__managed_style_26DC9D05CF40DE0E202B_normal">
		<Style>
			<IconStyle>
				<Icon>
					<href>https://earth.google.com/earth/document/icon?color=7b1fa2&amp;id=2156&amp;scale=4</href>
				</Icon>
				<hotSpot x="64" y="128" xunits="pixels" yunits="insetPixels"/>
			</IconStyle>
			<LabelStyle>
				<scale>0</scale>
			</LabelStyle>
			<LineStyle>
				<color>ff2dc0fb</color>
				<width>3.2</width>
			</LineStyle>
			<PolyStyle>
				<color>40ffffff</color>
			</PolyStyle>
			<BalloonStyle>
				<gx:displayMode>card</gx:displayMode>
			</BalloonStyle>
		</Style>
	</gx:CascadingStyle>
	<gx:CascadingStyle kml:id="__managed_style_092A926D0640DE0E2056_normal">
		<styleUrl>https://earth.google.com/balloon_components/base/1.1.0.0/none_template.kml#main</styleUrl>
		<Style>
			<IconStyle>
				<Icon>
					<href>https://earth.google.com/earth/document/icon?color=4201a2&amp;id=2302&amp;scale=4</href>
				</Icon>
				<hotSpot x="64" y="128" xunits="pixels" yunits="insetPixels"/>
			</IconStyle>
			<LabelStyle>
				<scale>0</scale>
			</LabelStyle>
			<LineStyle>
				<color>ff2dc0fb</color>
				<width>3.2</width>
			</LineStyle>
			<PolyStyle>
				<color>40ffffff</color>
			</PolyStyle>
			<BalloonStyle>
				<displayMode>hide</displayMode>
			</BalloonStyle>
		</Style>
	</gx:CascadingStyle>
	<gx:CascadingStyle kml:id="__managed_style_052F74543640DE0E2051_normal">
		<Style>
			<IconStyle>
				<Icon>
					<href>https://earth.google.com/earth/document/icon?color=7b1fa2&amp;id=2302&amp;scale=4</href>
				</Icon>
				<hotSpot x="64" y="128" xunits="pixels" yunits="insetPixels"/>
			</IconStyle>
			<LabelStyle>
				<scale>0</scale>
			</LabelStyle>
			<LineStyle>
				<color>ff2dc0fb</color>
				<width>3.2</width>
			</LineStyle>
			<PolyStyle>
				<color>40ffffff</color>
			</PolyStyle>
			<BalloonStyle>
				<gx:displayMode>card</gx:displayMode>
			</BalloonStyle>
		</Style>
	</gx:CascadingStyle>
	<gx:CascadingStyle kml:id="__managed_style_1EF81C63DA40DE0E2054_highlight">
		<styleUrl>https://earth.google.com/balloon_components/base/1.1.0.0/card_template.kml#main</styleUrl>
		<Style>
			<IconStyle>
				<scale>1.2</scale>
				<Icon>
					<href>https://earth.google.com/earth/document/icon?color=7b1fa2&amp;id=2006&amp;scale=4</href>
				</Icon>
				<hotSpot x="64" y="128" xunits="pixels" yunits="insetPixels"/>
			</IconStyle>
			<LabelStyle>
				<scale>0</scale>
			</LabelStyle>
			<LineStyle>
				<color>ff2dc0fb</color>
				<width>4.8</width>
			</LineStyle>
			<PolyStyle>
				<color>40ffffff</color>
			</PolyStyle>
			<BalloonStyle>
			</BalloonStyle>
		</Style>
	</gx:CascadingStyle>
	<gx:CascadingStyle kml:id="__managed_style_438ECF6DDC40DE0E2034_highlight">
		<Style>
			<IconStyle>
				<scale>1.2</scale>
				<Icon>
					<href>https://earth.google.com/earth/document/icon?color=388e3c&amp;id=2385&amp;scale=4</href>
				</Icon>
				<hotSpot x="64" y="128" xunits="pixels" yunits="insetPixels"/>
			</IconStyle>
			<LabelStyle>
				<scale>0</scale>
			</LabelStyle>
			<LineStyle>
				<color>ff2dc0fb</color>
				<width>4.8</width>
			</LineStyle>
			<PolyStyle>
				<color>40ffffff</color>
			</PolyStyle>
			<BalloonStyle>
				<gx:displayMode>card</gx:displayMode>
			</BalloonStyle>
		</Style>
	</gx:CascadingStyle>
	<StyleMap id="__managed_style_1EF81C63DA40DE0E2054">
		<Pair>
			<key>normal</key>
			<styleUrl>#__managed_style_1EF81C63DA40DE0E2054_normal</styleUrl>
		</Pair>
		<Pair>
			<key>highlight</key>
			<styleUrl>#__managed_style_1EF81C63DA40DE0E2054_highlight</styleUrl>
		</Pair>
	</StyleMap>
	<gx:CascadingStyle kml:id="__managed_style_1EBD26A8FF40DE0E2046_highlight">
		<Style>
			<IconStyle>
				<scale>1.2</scale>
				<Icon>
					<href>https://earth.google.com/earth/document/icon?color=1976d2&amp;id=2000&amp;scale=4</href>
				</Icon>
				<hotSpot x="64" y="128" xunits="pixels" yunits="insetPixels"/>
			</IconStyle>
			<LabelStyle>
				<scale>0</scale>
			</LabelStyle>
			<LineStyle>
				<color>ffa21f7b</color>
				<width>4.8</width>
			</LineStyle>
			<PolyStyle>
				<color>40a21f7b</color>
			</PolyStyle>
			<BalloonStyle>
			</BalloonStyle>
		</Style>
	</gx:CascadingStyle>
	<StyleMap id="__managed_style_1BA02D43E240DE0E2036">
		<Pair>
			<key>normal</key>
			<styleUrl>#__managed_style_1BA02D43E240DE0E2036_normal</styleUrl>
		</Pair>
		<Pair>
			<key>highlight</key>
			<styleUrl>#__managed_style_1BA02D43E240DE0E2036_highlight</styleUrl>
		</Pair>
	</StyleMap>
	<StyleMap id="__managed_style_05CABFE16A40DE0E204E">
		<Pair>
			<key>normal</key>
			<styleUrl>#__managed_style_05CABFE16A40DE0E204E_normal</styleUrl>
		</Pair>
		<Pair>
			<key>highlight</key>
			<styleUrl>#__managed_style_05CABFE16A40DE0E204E_highlight</styleUrl>
		</Pair>
	</StyleMap>
	<gx:CascadingStyle kml:id="__managed_style_1EBD26A8FF40DE0E2046_normal">
		<Style>
			<IconStyle>
				<Icon>
					<href>https://earth.google.com/earth/document/icon?color=1976d2&amp;id=2000&amp;scale=4</href>
				</Icon>
				<hotSpot x="64" y="128" xunits="pixels" yunits="insetPixels"/>
			</IconStyle>
			<LabelStyle>
				<scale>0</scale>
			</LabelStyle>
			<LineStyle>
				<color>ffa21f7b</color>
				<width>3.2</width>
			</LineStyle>
			<PolyStyle>
				<color>40a21f7b</color>
			</PolyStyle>
			<BalloonStyle>
			</BalloonStyle>
		</Style>
	</gx:CascadingStyle>
	<gx:CascadingStyle kml:id="__managed_style_0555A37FED40DE0E202E_normal">
		<Style>
			<IconStyle>
				<Icon>
					<href>https://earth.google.com/earth/document/icon?color=1976d2&amp;id=2074&amp;scale=4</href>
				</Icon>
				<hotSpot x="64" y="128" xunits="pixels" yunits="insetPixels"/>
			</IconStyle>
			<LabelStyle>
				<scale>0</scale>
			</LabelStyle>
			<LineStyle>
				<color>ff2dc0fb</color>
				<width>3.2</width>
			</LineStyle>
			<PolyStyle>
				<color>40ffffff</color>
			</PolyStyle>
			<BalloonStyle>
				<displayMode>hide</displayMode>
			</BalloonStyle>
		</Style>
	</gx:CascadingStyle>
	<StyleMap id="__managed_style_1EBD26A8FF40DE0E2046">
		<Pair>
			<key>normal</key>
			<styleUrl>#__managed_style_1EBD26A8FF40DE0E2046_normal</styleUrl>
		</Pair>
		<Pair>
			<key>highlight</key>
			<styleUrl>#__managed_style_1EBD26A8FF40DE0E2046_highlight</styleUrl>
		</Pair>
	</StyleMap>
	<gx:CascadingStyle kml:id="__managed_style_44213760BB40DE0E2030_highlight">
		<styleUrl>https://earth.google.com/balloon_components/base/1.1.0.0/card_template.kml#main</styleUrl>
		<Style>
			<IconStyle>
				<scale>1.2</scale>
				<Icon>
					<href>https://earth.google.com/earth/document/icon?color=d32f2f&amp;id=2344&amp;scale=4</href>
				</Icon>
				<hotSpot x="64" y="128" xunits="pixels" yunits="insetPixels"/>
			</IconStyle>
			<LabelStyle>
				<scale>0</scale>
			</LabelStyle>
			<LineStyle>
				<color>ff2dc0fb</color>
				<width>4.8</width>
			</LineStyle>
			<PolyStyle>
				<color>40ffffff</color>
			</PolyStyle>
			<BalloonStyle>
			</BalloonStyle>
		</Style>
	</gx:CascadingStyle>
	<StyleMap id="__managed_style_438ECF6DDC40DE0E2034">
		<Pair>
			<key>normal</key>
			<styleUrl>#__managed_style_438ECF6DDC40DE0E2034_normal</styleUrl>
		</Pair>
		<Pair>
			<key>highlight</key>
			<styleUrl>#__managed_style_438ECF6DDC40DE0E2034_highlight</styleUrl>
		</Pair>
	</StyleMap>
	<gx:CascadingStyle kml:id="__managed_style_2CE2F9E39C40DE0E2054_normal">
		<Style>
			<IconStyle>
				<Icon>
					<href>https://earth.google.com/earth/document/icon?color=4000aa&amp;id=2006&amp;scale=4</href>
				</Icon>
				<hotSpot x="64" y="128" xunits="pixels" yunits="insetPixels"/>
			</IconStyle>
			<LabelStyle>
				<scale>0</scale>
			</LabelStyle>
			<LineStyle>
				<color>ff2dc0fb</color>
				<width>3.2</width>
			</LineStyle>
			<PolyStyle>
				<color>40ffffff</color>
			</PolyStyle>
			<BalloonStyle>
			</BalloonStyle>
		</Style>
	</gx:CascadingStyle>
	<gx:CascadingStyle kml:id="__managed_style_0CC1966AA240DE0E202F_highlight">
		<Style>
			<IconStyle>
				<scale>1.2</scale>
				<Icon>
					<href>https://earth.google.com/earth/document/icon?color=4400a3&amp;id=2349&amp;scale=4</href>
				</Icon>
				<hotSpot x="64" y="128" xunits="pixels" yunits="insetPixels"/>
			</IconStyle>
			<LabelStyle>
				<scale>0</scale>
			</LabelStyle>
			<LineStyle>
				<color>ff2dc0fb</color>
				<width>4.8</width>
			</LineStyle>
			<PolyStyle>
				<color>40ffffff</color>
			</PolyStyle>
			<BalloonStyle>
				<gx:displayMode>card</gx:displayMode>
			</BalloonStyle>
		</Style>
	</gx:CascadingStyle>
	<StyleMap id="__managed_style_2CE2F9E39C40DE0E2054">
		<Pair>
			<key>normal</key>
			<styleUrl>#__managed_style_2CE2F9E39C40DE0E2054_normal</styleUrl>
		</Pair>
		<Pair>
			<key>highlight</key>
			<styleUrl>#__managed_style_2CE2F9E39C40DE0E2054_highlight</styleUrl>
		</Pair>
	</StyleMap>
	<gx:CascadingStyle kml:id="__managed_style_2D7F87427C40DE0E203B_normal">
		<Style>
			<IconStyle>
				<Icon>
					<href>https://earth.google.com/earth/document/icon?color=7b1fa2&amp;id=2039&amp;scale=4</href>
				</Icon>
				<hotSpot x="64" y="128" xunits="pixels" yunits="insetPixels"/>
			</IconStyle>
			<LabelStyle>
				<scale>0</scale>
			</LabelStyle>
			<LineStyle>
				<color>ff2dc0fb</color>
				<width>3.2</width>
			</LineStyle>
			<PolyStyle>
				<color>40ffffff</color>
			</PolyStyle>
			<BalloonStyle>
			</BalloonStyle>
		</Style>
	</gx:CascadingStyle>
	<StyleMap id="__managed_style_060E5030E440DE0E2030">
		<Pair>
			<key>normal</key>
			<styleUrl>#__managed_style_060E5030E440DE0E2030_normal</styleUrl>
		</Pair>
		<Pair>
			<key>highlight</key>
			<styleUrl>#__managed_style_060E5030E440DE0E2030_highlight</styleUrl>
		</Pair>
	</StyleMap>
	<gx:CascadingStyle kml:id="__managed_style_3B4605297940DE0E2049_highlight">
		<Style>
			<IconStyle>
				<scale>1.2</scale>
				<Icon>
					<href>https://earth.google.com/earth/document/icon?color=3b00a7&amp;id=2156&amp;scale=4</href>
				</Icon>
				<hotSpot x="64" y="128" xunits="pixels" yunits="insetPixels"/>
			</IconStyle>
			<LabelStyle>
				<scale>0</scale>
			</LabelStyle>
			<LineStyle>
				<color>ff2dc0fb</color>
				<width>4.8</width>
			</LineStyle>
			<PolyStyle>
				<color>40ffffff</color>
			</PolyStyle>
			<BalloonStyle>
			</BalloonStyle>
		</Style>
	</gx:CascadingStyle>
	<StyleMap id="__managed_style_3BE06DA72B40DE0E2048">
		<Pair>
			<key>normal</key>
			<styleUrl>#__managed_style_3BE06DA72B40DE0E2048_normal</styleUrl>
		</Pair>
		<Pair>
			<key>highlight</key>
			<styleUrl>#__managed_style_3BE06DA72B40DE0E2048_highlight</styleUrl>
		</Pair>
	</StyleMap>
	<StyleMap id="__managed_style_03D689C32840DE0E2038">
		<Pair>
			<key>normal</key>
			<styleUrl>#__managed_style_03D689C32840DE0E2038_normal</styleUrl>
		</Pair>
		<Pair>
			<key>highlight</key>
			<styleUrl>#__managed_style_03D689C32840DE0E2038_highlight</styleUrl>
		</Pair>
	</StyleMap>
	<StyleMap id="__managed_style_0841F5184F40DE0E203F">
		<Pair>
			<key>normal</key>
			<styleUrl>#__managed_style_0841F5184F40DE0E203F_normal</styleUrl>
		</Pair>
		<Pair>
			<key>highlight</key>
			<styleUrl>#__managed_style_0841F5184F40DE0E203F_highlight</styleUrl>
		</Pair>
	</StyleMap>
	<StyleMap id="__managed_style_3B4605297940DE0E2049">
		<Pair>
			<key>normal</key>
			<styleUrl>#__managed_style_3B4605297940DE0E2049_normal</styleUrl>
		</Pair>
		<Pair>
			<key>highlight</key>
			<styleUrl>#__managed_style_3B4605297940DE0E2049_highlight</styleUrl>
		</Pair>
	</StyleMap>
	<StyleMap id="__managed_style_0DA33D1F9140DE0E2040">
		<Pair>
			<key>normal</key>
			<styleUrl>#__managed_style_0DA33D1F9140DE0E2040_normal</styleUrl>
		</Pair>
		<Pair>
			<key>highlight</key>
			<styleUrl>#__managed_style_0DA33D1F9140DE0E2040_highlight</styleUrl>
		</Pair>
	</StyleMap>
	<gx:CascadingStyle kml:id="__managed_style_1E89A5EE7440DE0E202C_highlight">
		<Style>
			<IconStyle>
				<scale>1.2</scale>
				<Icon>
					<href>https://earth.google.com/earth/document/icon?color=1976d2&amp;id=2000&amp;scale=4</href>
				</Icon>
				<hotSpot x="64" y="128" xunits="pixels" yunits="insetPixels"/>
			</IconStyle>
			<LabelStyle>
				<scale>0</scale>
			</LabelStyle>
			<LineStyle>
				<color>ff9f3f30</color>
				<width>4.8</width>
			</LineStyle>
			<PolyStyle>
				<color>40ffffff</color>
			</PolyStyle>
			<BalloonStyle>
			</BalloonStyle>
		</Style>
	</gx:CascadingStyle>
	<gx:CascadingStyle kml:id="__managed_style_17E7A5AA5240DE0E2039_normal">
		<Style>
			<IconStyle>
				<Icon>
					<href>https://earth.google.com/earth/document/icon?color=3d00a2&amp;id=2006&amp;scale=4</href>
				</Icon>
				<hotSpot x="64" y="128" xunits="pixels" yunits="insetPixels"/>
			</IconStyle>
			<LabelStyle>
				<scale>0</scale>
			</LabelStyle>
			<LineStyle>
				<color>ff2dc0fb</color>
				<width>3.2</width>
			</LineStyle>
			<PolyStyle>
				<color>40ffffff</color>
			</PolyStyle>
			<BalloonStyle>
			</BalloonStyle>
		</Style>
	</gx:CascadingStyle>
	<StyleMap id="__managed_style_0D65F3030240DE0E2044">
		<Pair>
			<key>normal</key>
			<styleUrl>#__managed_style_0D65F3030240DE0E2044_normal</styleUrl>
		</Pair>
		<Pair>
			<key>highlight</key>
			<styleUrl>#__managed_style_0D65F3030240DE0E2044_highlight</styleUrl>
		</Pair>
	</StyleMap>
	<gx:CascadingStyle kml:id="__managed_style_1BA02D43E240DE0E2036_normal">
		<Style>
			<IconStyle>
				<Icon>
					<href>https://earth.google.com/earth/document/icon?color=7b1fa2&amp;id=2156&amp;scale=4</href>
				</Icon>
				<hotSpot x="64" y="128" xunits="pixels" yunits="insetPixels"/>
			</IconStyle>
			<LabelStyle>
				<scale>0</scale>
			</LabelStyle>
			<LineStyle>
				<color>ff2dc0fb</color>
				<width>3.2</width>
			</LineStyle>
			<PolyStyle>
				<color>40ffffff</color>
			</PolyStyle>
			<BalloonStyle>
			</BalloonStyle>
		</Style>
	</gx:CascadingStyle>
	<gx:CascadingStyle kml:id="__managed_style_5A4AD8E92240DE0E2030_normal">
		<Style>
			<IconStyle>
				<Icon>
					<href>https://earth.google.com/earth/document/icon?color=7b1fa2&amp;id=2039&amp;scale=4</href>
				</Icon>
				<hotSpot x="64" y="128" xunits="pixels" yunits="insetPixels"/>
			</IconStyle>
			<LabelStyle>
				<scale>0</scale>
			</LabelStyle>
			<LineStyle>
				<color>ff2dc0fb</color>
				<width>3.2</width>
			</LineStyle>
			<PolyStyle>
				<color>40ffffff</color>
			</PolyStyle>
			<BalloonStyle>
				<gx:displayMode>card</gx:displayMode>
			</BalloonStyle>
		</Style>
	</gx:CascadingStyle>
	<StyleMap id="__managed_style_5A4AD8E92240DE0E2030">
		<Pair>
			<key>normal</key>
			<styleUrl>#__managed_style_5A4AD8E92240DE0E2030_normal</styleUrl>
		</Pair>
		<Pair>
			<key>highlight</key>
			<styleUrl>#__managed_style_5A4AD8E92240DE0E2030_highlight</styleUrl>
		</Pair>
	</StyleMap>
	<gx:CascadingStyle kml:id="__managed_style_1F8D4144F140DE0E202B_normal">
		<Style>
			<IconStyle>
				<Icon>
					<href>https://earth.google.com/earth/document/icon?color=7b1fa2&amp;id=2006&amp;scale=4</href>
				</Icon>
				<hotSpot x="64" y="128" xunits="pixels" yunits="insetPixels"/>
			</IconStyle>
			<LabelStyle>
				<scale>0</scale>
			</LabelStyle>
			<LineStyle>
				<color>ff2dc0fb</color>
				<width>3.2</width>
			</LineStyle>
			<PolyStyle>
				<color>40ffffff</color>
			</PolyStyle>
			<BalloonStyle>
				<displayMode>hide</displayMode>
			</BalloonStyle>
		</Style>
	</gx:CascadingStyle>
	<gx:CascadingStyle kml:id="__managed_style_4D6F7FAE8540DE0E2054_normal">
		<Style>
			<IconStyle>
				<Icon>
					<href>https://earth.google.com/earth/document/icon?color=4600a0&amp;id=2130&amp;scale=4</href>
				</Icon>
				<hotSpot x="64" y="128" xunits="pixels" yunits="insetPixels"/>
			</IconStyle>
			<LabelStyle>
				<scale>0</scale>
			</LabelStyle>
			<LineStyle>
				<color>ff2dc0fb</color>
				<width>3.2</width>
			</LineStyle>
			<PolyStyle>
				<color>40ffffff</color>
			</PolyStyle>
			<BalloonStyle>
				<gx:displayMode>card</gx:displayMode>
			</BalloonStyle>
		</Style>
	</gx:CascadingStyle>
	<gx:CascadingStyle kml:id="__managed_style_2490DC874E40DE0E2031_highlight">
		<Style>
			<IconStyle>
				<scale>1.2</scale>
				<Icon>
					<href>https://earth.google.com/earth/document/icon?color=7b1fa2&amp;id=2056&amp;scale=4</href>
				</Icon>
				<hotSpot x="64" y="128" xunits="pixels" yunits="insetPixels"/>
			</IconStyle>
			<LabelStyle>
				<scale>0</scale>
			</LabelStyle>
			<LineStyle>
				<color>ff2dc0fb</color>
				<width>4.8</width>
			</LineStyle>
			<PolyStyle>
				<color>40ffffff</color>
			</PolyStyle>
			<BalloonStyle>
				<gx:displayMode>card</gx:displayMode>
			</BalloonStyle>
		</Style>
	</gx:CascadingStyle>
	<StyleMap id="__managed_style_2EA1C4FD2940DE0E202F">
		<Pair>
			<key>normal</key>
			<styleUrl>#__managed_style_2EA1C4FD2940DE0E202F_normal</styleUrl>
		</Pair>
		<Pair>
			<key>highlight</key>
			<styleUrl>#__managed_style_2EA1C4FD2940DE0E202F_highlight</styleUrl>
		</Pair>
	</StyleMap>
	<gx:CascadingStyle kml:id="__managed_style_34201C011B40DE0E2037_highlight">
		<Style>
			<IconStyle>
				<scale>1.2</scale>
				<Icon>
					<href>https://earth.google.com/earth/document/icon?color=7b1fa2&amp;id=2006&amp;scale=4</href>
				</Icon>
				<hotSpot x="64" y="128" xunits="pixels" yunits="insetPixels"/>
			</IconStyle>
			<LabelStyle>
				<scale>0</scale>
			</LabelStyle>
			<LineStyle>
				<color>ff2dc0fb</color>
				<width>4.8</width>
			</LineStyle>
			<PolyStyle>
				<color>40ffffff</color>
			</PolyStyle>
			<BalloonStyle>
			</BalloonStyle>
		</Style>
	</gx:CascadingStyle>
	<gx:CascadingStyle kml:id="__managed_style_2490DC874E40DE0E2031_normal">
		<Style>
			<IconStyle>
				<Icon>
					<href>https://earth.google.com/earth/document/icon?color=7b1fa2&amp;id=2056&amp;scale=4</href>
				</Icon>
				<hotSpot x="64" y="128" xunits="pixels" yunits="insetPixels"/>
			</IconStyle>
			<LabelStyle>
				<scale>0</scale>
			</LabelStyle>
			<LineStyle>
				<color>ff2dc0fb</color>
				<width>3.2</width>
			</LineStyle>
			<PolyStyle>
				<color>40ffffff</color>
			</PolyStyle>
			<BalloonStyle>
				<gx:displayMode>card</gx:displayMode>
			</BalloonStyle>
		</Style>
	</gx:CascadingStyle>
	<gx:CascadingStyle kml:id="__managed_style_02EE9075AF40DE0E2034_normal">
		<styleUrl>https://earth.google.com/balloon_components/base/1.1.0.0/card_template.kml#main</styleUrl>
		<Style>
			<IconStyle>
				<Icon>
					<href>https://earth.google.com/earth/document/icon?color=d32f2f&amp;id=2226&amp;scale=4</href>
				</Icon>
				<hotSpot x="64" y="128" xunits="pixels" yunits="insetPixels"/>
			</IconStyle>
			<LabelStyle>
				<scale>0</scale>
			</LabelStyle>
			<LineStyle>
				<color>ff2dc0fb</color>
				<width>3.2</width>
			</LineStyle>
			<PolyStyle>
				<color>40ffffff</color>
			</PolyStyle>
			<BalloonStyle>
			</BalloonStyle>
		</Style>
	</gx:CascadingStyle>
	<gx:CascadingStyle kml:id="__managed_style_1E44FA503440DE0E2053_highlight">
		<Style>
			<IconStyle>
				<scale>1.2</scale>
				<Icon>
					<href>https://earth.google.com/earth/document/icon?color=3f00a7&amp;id=2006&amp;scale=4</href>
				</Icon>
				<hotSpot x="64" y="128" xunits="pixels" yunits="insetPixels"/>
			</IconStyle>
			<LabelStyle>
				<scale>0</scale>
			</LabelStyle>
			<LineStyle>
				<color>ff2dc0fb</color>
				<width>4.8</width>
			</LineStyle>
			<PolyStyle>
				<color>40ffffff</color>
			</PolyStyle>
			<BalloonStyle>
				<gx:displayMode>card</gx:displayMode>
			</BalloonStyle>
		</Style>
	</gx:CascadingStyle>
	<gx:CascadingStyle kml:id="__managed_style_23580E98C640DE0E2048_highlight">
		<Style>
			<IconStyle>
				<scale>1.2</scale>
				<Icon>
					<href>https://earth.google.com/earth/document/icon?color=303f9f&amp;id=2006&amp;scale=4</href>
				</Icon>
				<hotSpot x="64" y="128" xunits="pixels" yunits="insetPixels"/>
			</IconStyle>
			<LabelStyle>
				<scale>0</scale>
			</LabelStyle>
			<LineStyle>
				<color>ff2dc0fb</color>
				<width>4.8</width>
			</LineStyle>
			<PolyStyle>
				<color>40ffffff</color>
			</PolyStyle>
			<BalloonStyle>
				<displayMode>hide</displayMode>
			</BalloonStyle>
		</Style>
	</gx:CascadingStyle>
	<gx:CascadingStyle kml:id="__managed_style_26CD711ABF40DE0E2029_normal">
		<styleUrl>https://earth.google.com/balloon_components/base/1.1.0.0/card_template.kml#main</styleUrl>
		<Style>
			<IconStyle>
				<Icon>
					<href>https://earth.google.com/earth/document/icon?color=d32f2f&amp;id=2006&amp;scale=4</href>
				</Icon>
				<hotSpot x="64" y="128" xunits="pixels" yunits="insetPixels"/>
			</IconStyle>
			<LabelStyle>
				<scale>0</scale>
			</LabelStyle>
			<LineStyle>
				<color>ff2dc0fb</color>
				<width>3.2</width>
			</LineStyle>
			<PolyStyle>
				<color>40ffffff</color>
			</PolyStyle>
			<BalloonStyle>
			</BalloonStyle>
		</Style>
	</gx:CascadingStyle>
	<gx:CascadingStyle kml:id="__managed_style_3B4605297940DE0E2049_normal">
		<Style>
			<IconStyle>
				<Icon>
					<href>https://earth.google.com/earth/document/icon?color=3b00a7&amp;id=2156&amp;scale=4</href>
				</Icon>
				<hotSpot x="64" y="128" xunits="pixels" yunits="insetPixels"/>
			</IconStyle>
			<LabelStyle>
				<scale>0</scale>
			</LabelStyle>
			<LineStyle>
				<color>ff2dc0fb</color>
				<width>3.2</width>
			</LineStyle>
			<PolyStyle>
				<color>40ffffff</color>
			</PolyStyle>
			<BalloonStyle>
			</BalloonStyle>
		</Style>
	</gx:CascadingStyle>
	<StyleMap id="__managed_style_046603C05140DE0E203B">
		<Pair>
			<key>normal</key>
			<styleUrl>#__managed_style_046603C05140DE0E203B_normal</styleUrl>
		</Pair>
		<Pair>
			<key>highlight</key>
			<styleUrl>#__managed_style_046603C05140DE0E203B_highlight</styleUrl>
		</Pair>
	</StyleMap>
	<StyleMap id="__managed_style_23580E98C640DE0E2048">
		<Pair>
			<key>normal</key>
			<styleUrl>#__managed_style_23580E98C640DE0E2048_normal</styleUrl>
		</Pair>
		<Pair>
			<key>highlight</key>
			<styleUrl>#__managed_style_23580E98C640DE0E2048_highlight</styleUrl>
		</Pair>
	</StyleMap>
	<gx:CascadingStyle kml:id="__managed_style_05CABFE16A40DE0E204E_normal">
		<Style>
			<IconStyle>
				<Icon>
					<href>https://earth.google.com/earth/document/icon?color=44009e&amp;id=2055&amp;scale=4</href>
				</Icon>
				<hotSpot x="64" y="128" xunits="pixels" yunits="insetPixels"/>
			</IconStyle>
			<LabelStyle>
				<scale>0</scale>
			</LabelStyle>
			<LineStyle>
				<color>ff2dc0fb</color>
				<width>3.2</width>
			</LineStyle>
			<PolyStyle>
				<color>40ffffff</color>
			</PolyStyle>
			<BalloonStyle>
				<gx:displayMode>card</gx:displayMode>
			</BalloonStyle>
		</Style>
	</gx:CascadingStyle>
	<gx:CascadingStyle kml:id="__managed_style_11CD643F1A40DE0E2037_highlight">
		<Style>
			<IconStyle>
				<scale>1.2</scale>
				<Icon>
					<href>https://earth.google.com/earth/document/icon?color=303f9f&amp;id=2074&amp;scale=4</href>
				</Icon>
				<hotSpot x="64" y="128" xunits="pixels" yunits="insetPixels"/>
			</IconStyle>
			<LabelStyle>
				<scale>0</scale>
			</LabelStyle>
			<LineStyle>
				<color>ff2dc0fb</color>
				<width>4.8</width>
			</LineStyle>
			<PolyStyle>
				<color>40ffffff</color>
			</PolyStyle>
			<BalloonStyle>
				<displayMode>hide</displayMode>
			</BalloonStyle>
		</Style>
	</gx:CascadingStyle>
	<gx:CascadingStyle kml:id="__managed_style_060E5030E440DE0E2030_normal">
		<Style>
			<IconStyle>
				<Icon>
					<href>https://earth.google.com/earth/document/icon?color=303f9f&amp;id=2339&amp;scale=4</href>
				</Icon>
				<hotSpot x="64" y="128" xunits="pixels" yunits="insetPixels"/>
			</IconStyle>
			<LabelStyle>
				<scale>0</scale>
			</LabelStyle>
			<LineStyle>
				<color>ff2dc0fb</color>
				<width>3.2</width>
			</LineStyle>
			<PolyStyle>
				<color>40ffffff</color>
			</PolyStyle>
			<BalloonStyle>
			</BalloonStyle>
		</Style>
	</gx:CascadingStyle>
	<StyleMap id="__managed_style_1BE2CE6A3640DE0E2043">
		<Pair>
			<key>normal</key>
			<styleUrl>#__managed_style_1BE2CE6A3640DE0E2043_normal</styleUrl>
		</Pair>
		<Pair>
			<key>highlight</key>
			<styleUrl>#__managed_style_1BE2CE6A3640DE0E2043_highlight</styleUrl>
		</Pair>
	</StyleMap>
	<gx:CascadingStyle kml:id="__managed_style_0DA33D1F9140DE0E2040_normal">
		<Style>
			<IconStyle>
				<Icon>
					<href>https://earth.google.com/earth/document/icon?color=7b1fa2&amp;id=2174&amp;scale=4</href>
				</Icon>
				<hotSpot x="64" y="128" xunits="pixels" yunits="insetPixels"/>
			</IconStyle>
			<LabelStyle>
				<scale>0</scale>
			</LabelStyle>
			<LineStyle>
				<color>ff2dc0fb</color>
				<width>3.2</width>
			</LineStyle>
			<PolyStyle>
				<color>40ffffff</color>
			</PolyStyle>
			<BalloonStyle>
				<gx:displayMode>card</gx:displayMode>
			</BalloonStyle>
		</Style>
	</gx:CascadingStyle>
	<gx:CascadingStyle kml:id="__managed_style_17E7A5AA5240DE0E2039_highlight">
		<Style>
			<IconStyle>
				<scale>1.2</scale>
				<Icon>
					<href>https://earth.google.com/earth/document/icon?color=3d00a2&amp;id=2006&amp;scale=4</href>
				</Icon>
				<hotSpot x="64" y="128" xunits="pixels" yunits="insetPixels"/>
			</IconStyle>
			<LabelStyle>
				<scale>0</scale>
			</LabelStyle>
			<LineStyle>
				<color>ff2dc0fb</color>
				<width>4.8</width>
			</LineStyle>
			<PolyStyle>
				<color>40ffffff</color>
			</PolyStyle>
			<BalloonStyle>
			</BalloonStyle>
		</Style>
	</gx:CascadingStyle>
	<gx:CascadingStyle kml:id="__managed_style_06A517022340DE0E202C_normal">
		<Style>
			<IconStyle>
				<Icon>
					<href>https://earth.google.com/earth/document/icon?color=303f9f&amp;id=2034&amp;scale=4</href>
				</Icon>
				<hotSpot x="64" y="128" xunits="pixels" yunits="insetPixels"/>
			</IconStyle>
			<LabelStyle>
				<scale>0</scale>
			</LabelStyle>
			<LineStyle>
				<color>ff2dc0fb</color>
				<width>3.2</width>
			</LineStyle>
			<PolyStyle>
				<color>40ffffff</color>
			</PolyStyle>
			<BalloonStyle>
				<gx:displayMode>card</gx:displayMode>
			</BalloonStyle>
		</Style>
	</gx:CascadingStyle>
	<gx:CascadingStyle kml:id="__managed_style_07ADC7353B40DE0E2047_highlight">
		<Style>
			<IconStyle>
				<scale>1.2</scale>
				<Icon>
					<href>https://earth.google.com/earth/document/icon?color=f57c00&amp;id=2056&amp;scale=4</href>
				</Icon>
				<hotSpot x="64" y="128" xunits="pixels" yunits="insetPixels"/>
			</IconStyle>
			<LabelStyle>
				<scale>0</scale>
			</LabelStyle>
			<LineStyle>
				<color>ff2dc0fb</color>
				<width>4.8</width>
			</LineStyle>
			<PolyStyle>
				<color>40ffffff</color>
			</PolyStyle>
			<BalloonStyle>
				<displayMode>hide</displayMode>
			</BalloonStyle>
		</Style>
	</gx:CascadingStyle>
	<gx:CascadingStyle kml:id="__managed_style_0CEA40AFC540DE0E2059_normal">
		<Style>
			<IconStyle>
				<Icon>
					<href>https://earth.google.com/earth/document/icon?color=7b1fa2&amp;id=2130&amp;scale=4</href>
				</Icon>
				<hotSpot x="64" y="128" xunits="pixels" yunits="insetPixels"/>
			</IconStyle>
			<LabelStyle>
				<scale>0</scale>
			</LabelStyle>
			<LineStyle>
				<color>ff2dc0fb</color>
				<width>3.2</width>
			</LineStyle>
			<PolyStyle>
				<color>40ffffff</color>
			</PolyStyle>
			<BalloonStyle>
				<gx:displayMode>card</gx:displayMode>
			</BalloonStyle>
		</Style>
	</gx:CascadingStyle>
	<gx:CascadingStyle kml:id="__managed_style_35607EE82840DE0E2044_highlight">
		<Style>
			<IconStyle>
				<scale>1.2</scale>
				<Icon>
					<href>https://earth.google.com/earth/document/icon?color=4400a2&amp;id=2006&amp;scale=4</href>
				</Icon>
				<hotSpot x="64" y="128" xunits="pixels" yunits="insetPixels"/>
			</IconStyle>
			<LabelStyle>
				<scale>0</scale>
			</LabelStyle>
			<LineStyle>
				<color>ff2dc0fb</color>
				<width>4.8</width>
			</LineStyle>
			<PolyStyle>
				<color>40ffffff</color>
			</PolyStyle>
			<BalloonStyle>
				<gx:displayMode>card</gx:displayMode>
			</BalloonStyle>
		</Style>
	</gx:CascadingStyle>
	<StyleMap id="__managed_style_07ADC7353B40DE0E2047">
		<Pair>
			<key>normal</key>
			<styleUrl>#__managed_style_07ADC7353B40DE0E2047_normal</styleUrl>
		</Pair>
		<Pair>
			<key>highlight</key>
			<styleUrl>#__managed_style_07ADC7353B40DE0E2047_highlight</styleUrl>
		</Pair>
	</StyleMap>
	<gx:CascadingStyle kml:id="__managed_style_1E32F101B640DE0E204B_highlight">
		<Style>
			<IconStyle>
				<scale>1.2</scale>
				<Icon>
					<href>https://earth.google.com/earth/document/icon?color=7b1fa2&amp;id=2282&amp;scale=4</href>
				</Icon>
				<hotSpot x="64" y="128" xunits="pixels" yunits="insetPixels"/>
			</IconStyle>
			<LabelStyle>
				<scale>0</scale>
			</LabelStyle>
			<LineStyle>
				<color>ff2dc0fb</color>
				<width>4.8</width>
			</LineStyle>
			<PolyStyle>
				<color>40ffffff</color>
			</PolyStyle>
			<BalloonStyle>
				<gx:displayMode>card</gx:displayMode>
			</BalloonStyle>
		</Style>
	</gx:CascadingStyle>
	<gx:CascadingStyle kml:id="__managed_style_1AED3B030D40DE0E2050_highlight">
		<Style>
			<IconStyle>
				<scale>1.8</scale>
				<Icon>
					<href>https://earth.google.com/earth/document/icon?color=388e3c&amp;id=2370&amp;scale=4</href>
				</Icon>
				<hotSpot x="64" y="128" xunits="pixels" yunits="insetPixels"/>
			</IconStyle>
			<LabelStyle>
				<scale>0</scale>
			</LabelStyle>
			<LineStyle>
				<color>ff2dc0fb</color>
				<width>4.8</width>
			</LineStyle>
			<PolyStyle>
				<color>40ffffff</color>
			</PolyStyle>
			<BalloonStyle>
				<gx:displayMode>card</gx:displayMode>
			</BalloonStyle>
		</Style>
	</gx:CascadingStyle>
	<gx:CascadingStyle kml:id="__managed_style_07CA0270DB40DE0E2031_highlight">
		<Style>
			<IconStyle>
				<scale>1.2</scale>
				<Icon>
					<href>https://earth.google.com/earth/document/icon?color=7b1fa2&amp;id=2118&amp;scale=4</href>
				</Icon>
				<hotSpot x="64" y="128" xunits="pixels" yunits="insetPixels"/>
			</IconStyle>
			<LabelStyle>
				<scale>0</scale>
			</LabelStyle>
			<LineStyle>
				<color>ff2dc0fb</color>
				<width>4.8</width>
			</LineStyle>
			<PolyStyle>
				<color>40ffffff</color>
			</PolyStyle>
			<BalloonStyle>
				<gx:displayMode>card</gx:displayMode>
			</BalloonStyle>
		</Style>
	</gx:CascadingStyle>
	<gx:CascadingStyle kml:id="__managed_style_1F182031D140DE0E2038_highlight">
		<Style>
			<IconStyle>
				<scale>1.2</scale>
				<Icon>
					<href>https://earth.google.com/earth/document/icon?color=f57c00&amp;id=2056&amp;scale=4</href>
				</Icon>
				<hotSpot x="64" y="128" xunits="pixels" yunits="insetPixels"/>
			</IconStyle>
			<LabelStyle>
				<scale>0</scale>
			</LabelStyle>
			<LineStyle>
				<color>ff2dc0fb</color>
				<width>4.8</width>
			</LineStyle>
			<PolyStyle>
				<color>40ffffff</color>
			</PolyStyle>
			<BalloonStyle>
				<gx:displayMode>card</gx:displayMode>
			</BalloonStyle>
		</Style>
	</gx:CascadingStyle>
	<gx:CascadingStyle kml:id="__managed_style_10E71A795E40DE0E2056_normal">
		<Style>
			<IconStyle>
				<Icon>
					<href>https://earth.google.com/earth/document/icon?color=1976d2&amp;id=2000&amp;scale=4</href>
				</Icon>
				<hotSpot x="64" y="128" xunits="pixels" yunits="insetPixels"/>
			</IconStyle>
			<LabelStyle>
				<scale>0</scale>
			</LabelStyle>
			<LineStyle>
				<color>ffd27619</color>
				<width>3.2</width>
			</LineStyle>
			<PolyStyle>
				<color>40ffffff</color>
			</PolyStyle>
			<BalloonStyle>
			</BalloonStyle>
		</Style>
	</gx:CascadingStyle>
	<gx:CascadingStyle kml:id="__managed_style_1016D90F8D40DE0E202E_highlight">
		<Style>
			<IconStyle>
				<scale>1.2</scale>
				<Icon>
					<href>https://earth.google.com/earth/document/icon?color=1976d2&amp;id=2000&amp;scale=4</href>
				</Icon>
				<hotSpot x="64" y="128" xunits="pixels" yunits="insetPixels"/>
			</IconStyle>
			<LabelStyle>
				<scale>0</scale>
			</LabelStyle>
			<LineStyle>
				<color>ffa21f7b</color>
				<width>4.8</width>
			</LineStyle>
			<PolyStyle>
				<color>40ffffff</color>
			</PolyStyle>
			<BalloonStyle>
			</BalloonStyle>
		</Style>
	</gx:CascadingStyle>
	<gx:CascadingStyle kml:id="__managed_style_1016D90F8D40DE0E202E_normal">
		<Style>
			<IconStyle>
				<Icon>
					<href>https://earth.google.com/earth/document/icon?color=1976d2&amp;id=2000&amp;scale=4</href>
				</Icon>
				<hotSpot x="64" y="128" xunits="pixels" yunits="insetPixels"/>
			</IconStyle>
			<LabelStyle>
				<scale>0</scale>
			</LabelStyle>
			<LineStyle>
				<color>ffa21f7b</color>
				<width>3.2</width>
			</LineStyle>
			<PolyStyle>
				<color>40ffffff</color>
			</PolyStyle>
			<BalloonStyle>
			</BalloonStyle>
		</Style>
	</gx:CascadingStyle>
	<gx:CascadingStyle kml:id="__managed_style_1539C12E5940DE0E203F_normal">
		<Style>
			<IconStyle>
				<Icon>
					<href>https://earth.google.com/earth/document/icon?color=1976d2&amp;id=2000&amp;scale=4</href>
				</Icon>
				<hotSpot x="64" y="128" xunits="pixels" yunits="insetPixels"/>
			</IconStyle>
			<LabelStyle>
				<scale>0</scale>
			</LabelStyle>
			<LineStyle>
				<color>ffa21f7b</color>
				<width>3.2</width>
			</LineStyle>
			<PolyStyle>
				<color>40ffffff</color>
			</PolyStyle>
			<BalloonStyle>
			</BalloonStyle>
		</Style>
	</gx:CascadingStyle>
	<StyleMap id="__managed_style_10E71A795E40DE0E2056">
		<Pair>
			<key>normal</key>
			<styleUrl>#__managed_style_10E71A795E40DE0E2056_normal</styleUrl>
		</Pair>
		<Pair>
			<key>highlight</key>
			<styleUrl>#__managed_style_10E71A795E40DE0E2056_highlight</styleUrl>
		</Pair>
	</StyleMap>
	<gx:CascadingStyle kml:id="__managed_style_1BA9B1708640DE0E202F_highlight">
		<Style>
			<IconStyle>
				<scale>1.2</scale>
				<Icon>
					<href>https://earth.google.com/earth/document/icon?color=7b1fa2&amp;id=2311&amp;scale=4</href>
				</Icon>
				<hotSpot x="64" y="128" xunits="pixels" yunits="insetPixels"/>
			</IconStyle>
			<LabelStyle>
				<scale>0</scale>
			</LabelStyle>
			<LineStyle>
				<color>ff2dc0fb</color>
				<width>4.8</width>
			</LineStyle>
			<PolyStyle>
				<color>40ffffff</color>
			</PolyStyle>
			<BalloonStyle>
				<gx:displayMode>card</gx:displayMode>
			</BalloonStyle>
		</Style>
	</gx:CascadingStyle>
	<StyleMap id="__managed_style_05FE7E6F2440DE0E204C">
		<Pair>
			<key>normal</key>
			<styleUrl>#__managed_style_05FE7E6F2440DE0E204C_normal</styleUrl>
		</Pair>
		<Pair>
			<key>highlight</key>
			<styleUrl>#__managed_style_05FE7E6F2440DE0E204C_highlight</styleUrl>
		</Pair>
	</StyleMap>
	<StyleMap id="__managed_style_1E44FA503440DE0E2053">
		<Pair>
			<key>normal</key>
			<styleUrl>#__managed_style_1E44FA503440DE0E2053_normal</styleUrl>
		</Pair>
		<Pair>
			<key>highlight</key>
			<styleUrl>#__managed_style_1E44FA503440DE0E2053_highlight</styleUrl>
		</Pair>
	</StyleMap>
	<StyleMap id="__managed_style_1016D90F8D40DE0E202E">
		<Pair>
			<key>normal</key>
			<styleUrl>#__managed_style_1016D90F8D40DE0E202E_normal</styleUrl>
		</Pair>
		<Pair>
			<key>highlight</key>
			<styleUrl>#__managed_style_1016D90F8D40DE0E202E_highlight</styleUrl>
		</Pair>
	</StyleMap>
	<gx:CascadingStyle kml:id="__managed_style_3F9E25E8DA40DE0E204C_highlight">
		<Style>
			<IconStyle>
				<scale>1.2</scale>
				<Icon>
					<href>https://earth.google.com/earth/document/icon?color=7b1fa2&amp;id=2011&amp;scale=4</href>
				</Icon>
				<hotSpot x="64" y="128" xunits="pixels" yunits="insetPixels"/>
			</IconStyle>
			<LabelStyle>
				<scale>0</scale>
			</LabelStyle>
			<LineStyle>
				<color>ff2dc0fb</color>
				<width>4.8</width>
			</LineStyle>
			<PolyStyle>
				<color>40ffffff</color>
			</PolyStyle>
			<BalloonStyle>
				<gx:displayMode>card</gx:displayMode>
			</BalloonStyle>
		</Style>
	</gx:CascadingStyle>
	<StyleMap id="__managed_style_081EB90E6F40DE0E204B">
		<Pair>
			<key>normal</key>
			<styleUrl>#__managed_style_081EB90E6F40DE0E204B_normal</styleUrl>
		</Pair>
		<Pair>
			<key>highlight</key>
			<styleUrl>#__managed_style_081EB90E6F40DE0E204B_highlight</styleUrl>
		</Pair>
	</StyleMap>
	<StyleMap id="__managed_style_30D224281540DE0E2050">
		<Pair>
			<key>normal</key>
			<styleUrl>#__managed_style_30D224281540DE0E2050_normal</styleUrl>
		</Pair>
		<Pair>
			<key>highlight</key>
			<styleUrl>#__managed_style_30D224281540DE0E2050_highlight</styleUrl>
		</Pair>
	</StyleMap>
	<StyleMap id="__managed_style_1C96B5566740DE0E203E">
		<Pair>
			<key>normal</key>
			<styleUrl>#__managed_style_1C96B5566740DE0E203E_normal</styleUrl>
		</Pair>
		<Pair>
			<key>highlight</key>
			<styleUrl>#__managed_style_1C96B5566740DE0E203E_highlight</styleUrl>
		</Pair>
	</StyleMap>
	<gx:CascadingStyle kml:id="__managed_style_1F182031D140DE0E2038_normal">
		<Style>
			<IconStyle>
				<Icon>
					<href>https://earth.google.com/earth/document/icon?color=f57c00&amp;id=2056&amp;scale=4</href>
				</Icon>
				<hotSpot x="64" y="128" xunits="pixels" yunits="insetPixels"/>
			</IconStyle>
			<LabelStyle>
				<scale>0</scale>
			</LabelStyle>
			<LineStyle>
				<color>ff2dc0fb</color>
				<width>3.2</width>
			</LineStyle>
			<PolyStyle>
				<color>40ffffff</color>
			</PolyStyle>
			<BalloonStyle>
				<gx:displayMode>card</gx:displayMode>
			</BalloonStyle>
		</Style>
	</gx:CascadingStyle>
	<gx:CascadingStyle kml:id="__managed_style_0DE56DBD2F40DE0E202B_highlight">
		<Style>
			<IconStyle>
				<scale>1.2</scale>
				<Icon>
					<href>https://earth.google.com/earth/document/icon?color=303f9f&amp;id=2339&amp;scale=4</href>
				</Icon>
				<hotSpot x="64" y="128" xunits="pixels" yunits="insetPixels"/>
			</IconStyle>
			<LabelStyle>
				<scale>0</scale>
			</LabelStyle>
			<LineStyle>
				<color>ff2dc0fb</color>
				<width>4.8</width>
			</LineStyle>
			<PolyStyle>
				<color>40ffffff</color>
			</PolyStyle>
			<BalloonStyle>
				<gx:displayMode>card</gx:displayMode>
			</BalloonStyle>
		</Style>
	</gx:CascadingStyle>
	<StyleMap id="__managed_style_26CD711ABF40DE0E2029">
		<Pair>
			<key>normal</key>
			<styleUrl>#__managed_style_26CD711ABF40DE0E2029_normal</styleUrl>
		</Pair>
		<Pair>
			<key>highlight</key>
			<styleUrl>#__managed_style_26CD711ABF40DE0E2029_highlight</styleUrl>
		</Pair>
	</StyleMap>
	<gx:CascadingStyle kml:id="__managed_style_06A517022340DE0E202C_highlight">
		<Style>
			<IconStyle>
				<scale>1.2</scale>
				<Icon>
					<href>https://earth.google.com/earth/document/icon?color=303f9f&amp;id=2034&amp;scale=4</href>
				</Icon>
				<hotSpot x="64" y="128" xunits="pixels" yunits="insetPixels"/>
			</IconStyle>
			<LabelStyle>
				<scale>0</scale>
			</LabelStyle>
			<LineStyle>
				<color>ff2dc0fb</color>
				<width>4.8</width>
			</LineStyle>
			<PolyStyle>
				<color>40ffffff</color>
			</PolyStyle>
			<BalloonStyle>
				<gx:displayMode>card</gx:displayMode>
			</BalloonStyle>
		</Style>
	</gx:CascadingStyle>
	<gx:CascadingStyle kml:id="__managed_style_193206206540DE0E2040_normal">
		<Style>
			<IconStyle>
				<Icon>
					<href>https://earth.google.com/earth/document/icon?color=4900a0&amp;id=2056&amp;scale=4</href>
				</Icon>
				<hotSpot x="64" y="128" xunits="pixels" yunits="insetPixels"/>
			</IconStyle>
			<LabelStyle>
				<scale>0</scale>
			</LabelStyle>
			<LineStyle>
				<color>ff2dc0fb</color>
				<width>3.2</width>
			</LineStyle>
			<PolyStyle>
				<color>40ffffff</color>
			</PolyStyle>
			<BalloonStyle>
				<gx:displayMode>card</gx:displayMode>
			</BalloonStyle>
		</Style>
	</gx:CascadingStyle>
	<gx:CascadingStyle kml:id="__managed_style_19C75F175E40DE0E2044_highlight">
		<Style>
			<IconStyle>
				<scale>1.2</scale>
				<Icon>
					<href>https://earth.google.com/earth/document/icon?color=4400a5&amp;id=2006&amp;scale=4</href>
				</Icon>
				<hotSpot x="64" y="128" xunits="pixels" yunits="insetPixels"/>
			</IconStyle>
			<LabelStyle>
				<scale>0</scale>
			</LabelStyle>
			<LineStyle>
				<color>ff2dc0fb</color>
				<width>4.8</width>
			</LineStyle>
			<PolyStyle>
				<color>40ffffff</color>
			</PolyStyle>
			<BalloonStyle>
				<displayMode>hide</displayMode>
			</BalloonStyle>
		</Style>
	</gx:CascadingStyle>
	<StyleMap id="__managed_style_26DC9D05CF40DE0E202B">
		<Pair>
			<key>normal</key>
			<styleUrl>#__managed_style_26DC9D05CF40DE0E202B_normal</styleUrl>
		</Pair>
		<Pair>
			<key>highlight</key>
			<styleUrl>#__managed_style_26DC9D05CF40DE0E202B_highlight</styleUrl>
		</Pair>
	</StyleMap>
	<StyleMap id="__managed_style_4D6F7FAE8540DE0E2054">
		<Pair>
			<key>normal</key>
			<styleUrl>#__managed_style_4D6F7FAE8540DE0E2054_normal</styleUrl>
		</Pair>
		<Pair>
			<key>highlight</key>
			<styleUrl>#__managed_style_4D6F7FAE8540DE0E2054_highlight</styleUrl>
		</Pair>
	</StyleMap>
	<gx:CascadingStyle kml:id="__managed_style_23580E98C640DE0E2048_normal">
		<Style>
			<IconStyle>
				<Icon>
					<href>https://earth.google.com/earth/document/icon?color=303f9f&amp;id=2006&amp;scale=4</href>
				</Icon>
				<hotSpot x="64" y="128" xunits="pixels" yunits="insetPixels"/>
			</IconStyle>
			<LabelStyle>
				<scale>0</scale>
			</LabelStyle>
			<LineStyle>
				<color>ff2dc0fb</color>
				<width>3.2</width>
			</LineStyle>
			<PolyStyle>
				<color>40ffffff</color>
			</PolyStyle>
			<BalloonStyle>
				<displayMode>hide</displayMode>
			</BalloonStyle>
		</Style>
	</gx:CascadingStyle>
	<StyleMap id="__managed_style_06A517022340DE0E202C">
		<Pair>
			<key>normal</key>
			<styleUrl>#__managed_style_06A517022340DE0E202C_normal</styleUrl>
		</Pair>
		<Pair>
			<key>highlight</key>
			<styleUrl>#__managed_style_06A517022340DE0E202C_highlight</styleUrl>
		</Pair>
	</StyleMap>
	<gx:CascadingStyle kml:id="__managed_style_35607EE82840DE0E2044_normal">
		<Style>
			<IconStyle>
				<Icon>
					<href>https://earth.google.com/earth/document/icon?color=4400a2&amp;id=2006&amp;scale=4</href>
				</Icon>
				<hotSpot x="64" y="128" xunits="pixels" yunits="insetPixels"/>
			</IconStyle>
			<LabelStyle>
				<scale>0</scale>
			</LabelStyle>
			<LineStyle>
				<color>ff2dc0fb</color>
				<width>3.2</width>
			</LineStyle>
			<PolyStyle>
				<color>40ffffff</color>
			</PolyStyle>
			<BalloonStyle>
				<gx:displayMode>card</gx:displayMode>
			</BalloonStyle>
		</Style>
	</gx:CascadingStyle>
	<gx:CascadingStyle kml:id="__managed_style_5A4AD8E92240DE0E2030_highlight">
		<Style>
			<IconStyle>
				<scale>1.2</scale>
				<Icon>
					<href>https://earth.google.com/earth/document/icon?color=7b1fa2&amp;id=2039&amp;scale=4</href>
				</Icon>
				<hotSpot x="64" y="128" xunits="pixels" yunits="insetPixels"/>
			</IconStyle>
			<LabelStyle>
				<scale>0</scale>
			</LabelStyle>
			<LineStyle>
				<color>ff2dc0fb</color>
				<width>4.8</width>
			</LineStyle>
			<PolyStyle>
				<color>40ffffff</color>
			</PolyStyle>
			<BalloonStyle>
				<gx:displayMode>card</gx:displayMode>
			</BalloonStyle>
		</Style>
	</gx:CascadingStyle>
	<gx:CascadingStyle kml:id="__managed_style_0593DA2B9740DE0E2054_highlight">
		<Style>
			<IconStyle>
				<scale>1.2</scale>
				<Icon>
					<href>https://earth.google.com/earth/document/icon?color=1976d2&amp;id=2000&amp;scale=4</href>
				</Icon>
				<hotSpot x="64" y="128" xunits="pixels" yunits="insetPixels"/>
			</IconStyle>
			<LabelStyle>
				<scale>0</scale>
			</LabelStyle>
			<LineStyle>
				<color>ffa70764</color>
				<width>4.8</width>
			</LineStyle>
			<PolyStyle>
				<color>4094065e</color>
			</PolyStyle>
			<BalloonStyle>
			</BalloonStyle>
		</Style>
	</gx:CascadingStyle>
	<gx:CascadingStyle kml:id="__managed_style_081EB90E6F40DE0E204B_highlight">
		<Style>
			<IconStyle>
				<scale>1.2</scale>
				<Icon>
					<href>https://earth.google.com/earth/document/icon?color=7b1fa2&amp;id=2311&amp;scale=4</href>
				</Icon>
				<hotSpot x="64" y="128" xunits="pixels" yunits="insetPixels"/>
			</IconStyle>
			<LabelStyle>
				<scale>0</scale>
			</LabelStyle>
			<LineStyle>
				<color>ff2dc0fb</color>
				<width>4.8</width>
			</LineStyle>
			<PolyStyle>
				<color>40ffffff</color>
			</PolyStyle>
			<BalloonStyle>
				<gx:displayMode>card</gx:displayMode>
			</BalloonStyle>
		</Style>
	</gx:CascadingStyle>
	<gx:CascadingStyle kml:id="__managed_style_1E89A5EE7440DE0E202C_normal">
		<Style>
			<IconStyle>
				<Icon>
					<href>https://earth.google.com/earth/document/icon?color=1976d2&amp;id=2000&amp;scale=4</href>
				</Icon>
				<hotSpot x="64" y="128" xunits="pixels" yunits="insetPixels"/>
			</IconStyle>
			<LabelStyle>
				<scale>0</scale>
			</LabelStyle>
			<LineStyle>
				<color>ff9f3f30</color>
				<width>3.2</width>
			</LineStyle>
			<PolyStyle>
				<color>40ffffff</color>
			</PolyStyle>
			<BalloonStyle>
			</BalloonStyle>
		</Style>
	</gx:CascadingStyle>
	<StyleMap id="__managed_style_1E89A5EE7440DE0E202C">
		<Pair>
			<key>normal</key>
			<styleUrl>#__managed_style_1E89A5EE7440DE0E202C_normal</styleUrl>
		</Pair>
		<Pair>
			<key>highlight</key>
			<styleUrl>#__managed_style_1E89A5EE7440DE0E202C_highlight</styleUrl>
		</Pair>
	</StyleMap>
	<StyleMap id="__managed_style_17E7A5AA5240DE0E2039">
		<Pair>
			<key>normal</key>
			<styleUrl>#__managed_style_17E7A5AA5240DE0E2039_normal</styleUrl>
		</Pair>
		<Pair>
			<key>highlight</key>
			<styleUrl>#__managed_style_17E7A5AA5240DE0E2039_highlight</styleUrl>
		</Pair>
	</StyleMap>
	<gx:CascadingStyle kml:id="__managed_style_2D7F87427C40DE0E203B_highlight">
		<Style>
			<IconStyle>
				<scale>1.2</scale>
				<Icon>
					<href>https://earth.google.com/earth/document/icon?color=7b1fa2&amp;id=2039&amp;scale=4</href>
				</Icon>
				<hotSpot x="64" y="128" xunits="pixels" yunits="insetPixels"/>
			</IconStyle>
			<LabelStyle>
				<scale>0</scale>
			</LabelStyle>
			<LineStyle>
				<color>ff2dc0fb</color>
				<width>4.8</width>
			</LineStyle>
			<PolyStyle>
				<color>40ffffff</color>
			</PolyStyle>
			<BalloonStyle>
			</BalloonStyle>
		</Style>
	</gx:CascadingStyle>
	<StyleMap id="__managed_style_3F4C1CBD8040DE0E2038">
		<Pair>
			<key>normal</key>
			<styleUrl>#__managed_style_3F4C1CBD8040DE0E2038_normal</styleUrl>
		</Pair>
		<Pair>
			<key>highlight</key>
			<styleUrl>#__managed_style_3F4C1CBD8040DE0E2038_highlight</styleUrl>
		</Pair>
	</StyleMap>
	<gx:CascadingStyle kml:id="__managed_style_03D689C32840DE0E2038_highlight">
		<Style>
			<IconStyle>
				<scale>1.2</scale>
				<Icon>
					<href>https://earth.google.com/earth/document/icon?color=7b1fa2&amp;id=2232&amp;scale=4</href>
				</Icon>
				<hotSpot x="64" y="128" xunits="pixels" yunits="insetPixels"/>
			</IconStyle>
			<LabelStyle>
				<scale>0</scale>
			</LabelStyle>
			<LineStyle>
				<color>ff2dc0fb</color>
				<width>4.8</width>
			</LineStyle>
			<PolyStyle>
				<color>40ffffff</color>
			</PolyStyle>
			<BalloonStyle>
				<displayMode>hide</displayMode>
			</BalloonStyle>
		</Style>
	</gx:CascadingStyle>
	<gx:CascadingStyle kml:id="__managed_style_2E6DB1AAD340DE0E202C_normal">
		<Style>
			<IconStyle>
				<Icon>
					<href>https://earth.google.com/earth/document/icon?color=1976d2&amp;id=2000&amp;scale=4</href>
				</Icon>
				<hotSpot x="64" y="128" xunits="pixels" yunits="insetPixels"/>
			</IconStyle>
			<LabelStyle>
			</LabelStyle>
			<LineStyle>
				<color>ff2dc0fb</color>
				<width>3.2</width>
			</LineStyle>
			<PolyStyle>
				<color>40ffffff</color>
			</PolyStyle>
			<BalloonStyle>
			</BalloonStyle>
		</Style>
	</gx:CascadingStyle>
	<gx:CascadingStyle kml:id="__managed_style_273D3529EE40DE0E2038_highlight">
		<Style>
			<IconStyle>
				<scale>1.2</scale>
				<Icon>
					<href>https://earth.google.com/earth/document/icon?color=3800aa&amp;id=2339&amp;scale=4</href>
				</Icon>
				<hotSpot x="64" y="128" xunits="pixels" yunits="insetPixels"/>
			</IconStyle>
			<LabelStyle>
				<scale>0</scale>
			</LabelStyle>
			<LineStyle>
				<color>ff2dc0fb</color>
				<width>4.8</width>
			</LineStyle>
			<PolyStyle>
				<color>40ffffff</color>
			</PolyStyle>
			<BalloonStyle>
			</BalloonStyle>
		</Style>
	</gx:CascadingStyle>
	<gx:CascadingStyle kml:id="__managed_style_2C4165CFC040DE0E2040_highlight">
		<Style>
			<IconStyle>
				<scale>1.2</scale>
				<Icon>
					<href>https://earth.google.com/earth/document/icon?color=7b1fa2&amp;id=2174&amp;scale=4</href>
				</Icon>
				<hotSpot x="64" y="128" xunits="pixels" yunits="insetPixels"/>
			</IconStyle>
			<LabelStyle>
				<scale>0</scale>
			</LabelStyle>
			<LineStyle>
				<color>ff2dc0fb</color>
				<width>4.8</width>
			</LineStyle>
			<PolyStyle>
				<color>40ffffff</color>
			</PolyStyle>
			<BalloonStyle>
				<gx:displayMode>card</gx:displayMode>
			</BalloonStyle>
		</Style>
	</gx:CascadingStyle>
	<gx:CascadingStyle kml:id="__managed_style_273D3529EE40DE0E2038_normal">
		<Style>
			<IconStyle>
				<Icon>
					<href>https://earth.google.com/earth/document/icon?color=3800aa&amp;id=2339&amp;scale=4</href>
				</Icon>
				<hotSpot x="64" y="128" xunits="pixels" yunits="insetPixels"/>
			</IconStyle>
			<LabelStyle>
				<scale>0</scale>
			</LabelStyle>
			<LineStyle>
				<color>ff2dc0fb</color>
				<width>3.2</width>
			</LineStyle>
			<PolyStyle>
				<color>40ffffff</color>
			</PolyStyle>
			<BalloonStyle>
			</BalloonStyle>
		</Style>
	</gx:CascadingStyle>
	<StyleMap id="__managed_style_092A926D0640DE0E2056">
		<Pair>
			<key>normal</key>
			<styleUrl>#__managed_style_092A926D0640DE0E2056_normal</styleUrl>
		</Pair>
		<Pair>
			<key>highlight</key>
			<styleUrl>#__managed_style_092A926D0640DE0E2056_highlight</styleUrl>
		</Pair>
	</StyleMap>
	<StyleMap id="__managed_style_3CDF7CBFFC40DE0E2034">
		<Pair>
			<key>normal</key>
			<styleUrl>#__managed_style_3CDF7CBFFC40DE0E2034_normal</styleUrl>
		</Pair>
		<Pair>
			<key>highlight</key>
			<styleUrl>#__managed_style_3CDF7CBFFC40DE0E2034_highlight</styleUrl>
		</Pair>
	</StyleMap>
	<gx:CascadingStyle kml:id="__managed_style_2C903B9DC640DE0E2030_highlight">
		<Style>
			<IconStyle>
				<scale>1.2</scale>
				<Icon>
					<href>https://earth.google.com/earth/document/icon?color=f57c00&amp;id=2056&amp;scale=4</href>
				</Icon>
				<hotSpot x="64" y="128" xunits="pixels" yunits="insetPixels"/>
			</IconStyle>
			<LabelStyle>
				<scale>0</scale>
			</LabelStyle>
			<LineStyle>
				<color>ff2dc0fb</color>
				<width>4.8</width>
			</LineStyle>
			<PolyStyle>
				<color>40ffffff</color>
			</PolyStyle>
			<BalloonStyle>
				<gx:displayMode>card</gx:displayMode>
			</BalloonStyle>
		</Style>
	</gx:CascadingStyle>
	<gx:CascadingStyle kml:id="__managed_style_01779EB15840DE0E2039_highlight">
		<Style>
			<IconStyle>
				<scale>1.2</scale>
				<Icon>
					<href>https://earth.google.com/earth/document/icon?color=f57c00&amp;id=2254&amp;scale=4</href>
				</Icon>
				<hotSpot x="64" y="128" xunits="pixels" yunits="insetPixels"/>
			</IconStyle>
			<LabelStyle>
				<scale>0</scale>
			</LabelStyle>
			<LineStyle>
				<color>ff2dc0fb</color>
				<width>4.8</width>
			</LineStyle>
			<PolyStyle>
				<color>40ffffff</color>
			</PolyStyle>
			<BalloonStyle>
				<gx:displayMode>card</gx:displayMode>
			</BalloonStyle>
		</Style>
	</gx:CascadingStyle>
	<StyleMap id="__managed_style_1F182031D140DE0E2038">
		<Pair>
			<key>normal</key>
			<styleUrl>#__managed_style_1F182031D140DE0E2038_normal</styleUrl>
		</Pair>
		<Pair>
			<key>highlight</key>
			<styleUrl>#__managed_style_1F182031D140DE0E2038_highlight</styleUrl>
		</Pair>
	</StyleMap>
	<StyleMap id="__managed_style_01779EB15840DE0E2039">
		<Pair>
			<key>normal</key>
			<styleUrl>#__managed_style_01779EB15840DE0E2039_normal</styleUrl>
		</Pair>
		<Pair>
			<key>highlight</key>
			<styleUrl>#__managed_style_01779EB15840DE0E2039_highlight</styleUrl>
		</Pair>
	</StyleMap>
	<gx:CascadingStyle kml:id="__managed_style_0DDA84B01140DE0E2028_highlight">
		<Style>
			<IconStyle>
				<scale>1.2</scale>
				<Icon>
					<href>https://earth.google.com/earth/document/icon?color=f57c00&amp;id=2130&amp;scale=4</href>
				</Icon>
				<hotSpot x="64" y="128" xunits="pixels" yunits="insetPixels"/>
			</IconStyle>
			<LabelStyle>
				<scale>0</scale>
			</LabelStyle>
			<LineStyle>
				<color>ff2dc0fb</color>
				<width>4.8</width>
			</LineStyle>
			<PolyStyle>
				<color>40ffffff</color>
			</PolyStyle>
			<BalloonStyle>
				<gx:displayMode>card</gx:displayMode>
			</BalloonStyle>
		</Style>
	</gx:CascadingStyle>
	<StyleMap id="__managed_style_1BA9B1708640DE0E202F">
		<Pair>
			<key>normal</key>
			<styleUrl>#__managed_style_1BA9B1708640DE0E202F_normal</styleUrl>
		</Pair>
		<Pair>
			<key>highlight</key>
			<styleUrl>#__managed_style_1BA9B1708640DE0E202F_highlight</styleUrl>
		</Pair>
	</StyleMap>
	<gx:CascadingStyle kml:id="__managed_style_2CE2F9E39C40DE0E2054_highlight">
		<Style>
			<IconStyle>
				<scale>1.2</scale>
				<Icon>
					<href>https://earth.google.com/earth/document/icon?color=4000aa&amp;id=2006&amp;scale=4</href>
				</Icon>
				<hotSpot x="64" y="128" xunits="pixels" yunits="insetPixels"/>
			</IconStyle>
			<LabelStyle>
				<scale>0</scale>
			</LabelStyle>
			<LineStyle>
				<color>ff2dc0fb</color>
				<width>4.8</width>
			</LineStyle>
			<PolyStyle>
				<color>40ffffff</color>
			</PolyStyle>
			<BalloonStyle>
			</BalloonStyle>
		</Style>
	</gx:CascadingStyle>
	<gx:CascadingStyle kml:id="__managed_style_6B7F756DE940DE0E2030_highlight">
		<Style>
			<IconStyle>
				<scale>1.2</scale>
				<Icon>
					<href>https://earth.google.com/earth/document/icon?color=7b1fa2&amp;id=2156&amp;scale=4</href>
				</Icon>
				<hotSpot x="64" y="128" xunits="pixels" yunits="insetPixels"/>
			</IconStyle>
			<LabelStyle>
				<scale>0</scale>
			</LabelStyle>
			<LineStyle>
				<color>ff2dc0fb</color>
				<width>4.8</width>
			</LineStyle>
			<PolyStyle>
				<color>40ffffff</color>
			</PolyStyle>
			<BalloonStyle>
				<gx:displayMode>card</gx:displayMode>
			</BalloonStyle>
		</Style>
	</gx:CascadingStyle>
	<StyleMap id="__managed_style_1C7CEBA3B040DE0E2028">
		<Pair>
			<key>normal</key>
			<styleUrl>#__managed_style_1C7CEBA3B040DE0E2028_normal</styleUrl>
		</Pair>
		<Pair>
			<key>highlight</key>
			<styleUrl>#__managed_style_1C7CEBA3B040DE0E2028_highlight</styleUrl>
		</Pair>
	</StyleMap>
	<gx:CascadingStyle kml:id="__managed_style_0DA33D1F9140DE0E2040_highlight">
		<Style>
			<IconStyle>
				<scale>1.2</scale>
				<Icon>
					<href>https://earth.google.com/earth/document/icon?color=7b1fa2&amp;id=2174&amp;scale=4</href>
				</Icon>
				<hotSpot x="64" y="128" xunits="pixels" yunits="insetPixels"/>
			</IconStyle>
			<LabelStyle>
				<scale>0</scale>
			</LabelStyle>
			<LineStyle>
				<color>ff2dc0fb</color>
				<width>4.8</width>
			</LineStyle>
			<PolyStyle>
				<color>40ffffff</color>
			</PolyStyle>
			<BalloonStyle>
				<gx:displayMode>card</gx:displayMode>
			</BalloonStyle>
		</Style>
	</gx:CascadingStyle>
	<gx:CascadingStyle kml:id="__managed_style_11CD643F1A40DE0E2037_normal">
		<Style>
			<IconStyle>
				<Icon>
					<href>https://earth.google.com/earth/document/icon?color=303f9f&amp;id=2074&amp;scale=4</href>
				</Icon>
				<hotSpot x="64" y="128" xunits="pixels" yunits="insetPixels"/>
			</IconStyle>
			<LabelStyle>
				<scale>0</scale>
			</LabelStyle>
			<LineStyle>
				<color>ff2dc0fb</color>
				<width>3.2</width>
			</LineStyle>
			<PolyStyle>
				<color>40ffffff</color>
			</PolyStyle>
			<BalloonStyle>
				<displayMode>hide</displayMode>
			</BalloonStyle>
		</Style>
	</gx:CascadingStyle>
	<gx:CascadingStyle kml:id="__managed_style_33D814B26940DE0E202C_normal">
		<Style>
			<IconStyle>
				<Icon>
					<href>https://earth.google.com/earth/document/icon?color=1976d2&amp;id=2000&amp;scale=4</href>
				</Icon>
				<hotSpot x="64" y="128" xunits="pixels" yunits="insetPixels"/>
			</IconStyle>
			<LabelStyle>
				<scale>0</scale>
			</LabelStyle>
			<LineStyle>
				<color>ff2dc0fb</color>
				<width>3.2</width>
			</LineStyle>
			<PolyStyle>
				<color>40ffffff</color>
			</PolyStyle>
			<BalloonStyle>
			</BalloonStyle>
		</Style>
	</gx:CascadingStyle>
	<gx:CascadingStyle kml:id="__managed_style_0555A37FED40DE0E202E_highlight">
		<Style>
			<IconStyle>
				<scale>1.2</scale>
				<Icon>
					<href>https://earth.google.com/earth/document/icon?color=1976d2&amp;id=2074&amp;scale=4</href>
				</Icon>
				<hotSpot x="64" y="128" xunits="pixels" yunits="insetPixels"/>
			</IconStyle>
			<LabelStyle>
				<scale>0</scale>
			</LabelStyle>
			<LineStyle>
				<color>ff2dc0fb</color>
				<width>4.8</width>
			</LineStyle>
			<PolyStyle>
				<color>40ffffff</color>
			</PolyStyle>
			<BalloonStyle>
				<displayMode>hide</displayMode>
			</BalloonStyle>
		</Style>
	</gx:CascadingStyle>
	<StyleMap id="__managed_style_27F15E983D40DE0E2057">
		<Pair>
			<key>normal</key>
			<styleUrl>#__managed_style_27F15E983D40DE0E2057_normal</styleUrl>
		</Pair>
		<Pair>
			<key>highlight</key>
			<styleUrl>#__managed_style_27F15E983D40DE0E2057_highlight</styleUrl>
		</Pair>
	</StyleMap>
	<gx:CascadingStyle kml:id="__managed_style_1C4CA376BA40DE0E2031_normal">
		<Style>
			<IconStyle>
				<Icon>
					<href>https://earth.google.com/earth/document/icon?color=388e3c&amp;id=2370&amp;scale=4</href>
				</Icon>
				<hotSpot x="64" y="128" xunits="pixels" yunits="insetPixels"/>
			</IconStyle>
			<LabelStyle>
				<scale>0</scale>
			</LabelStyle>
			<LineStyle>
				<color>ff2dc0fb</color>
				<width>3.2</width>
			</LineStyle>
			<PolyStyle>
				<color>40ffffff</color>
			</PolyStyle>
			<BalloonStyle>
				<gx:displayMode>card</gx:displayMode>
			</BalloonStyle>
		</Style>
	</gx:CascadingStyle>
	<gx:CascadingStyle kml:id="__managed_style_199CD3E10340DE0E2030_highlight">
		<Style>
			<IconStyle>
				<scale>1.2</scale>
				<Icon>
					<href>https://earth.google.com/earth/document/icon?color=7b1fa2&amp;id=2349&amp;scale=4</href>
				</Icon>
				<hotSpot x="64" y="128" xunits="pixels" yunits="insetPixels"/>
			</IconStyle>
			<LabelStyle>
				<scale>0</scale>
			</LabelStyle>
			<LineStyle>
				<color>ff2dc0fb</color>
				<width>4.8</width>
			</LineStyle>
			<PolyStyle>
				<color>40ffffff</color>
			</PolyStyle>
			<BalloonStyle>
				<gx:displayMode>card</gx:displayMode>
			</BalloonStyle>
		</Style>
	</gx:CascadingStyle>
	<gx:CascadingStyle kml:id="__managed_style_1CCB5935EC40DE0E2034_highlight">
		<Style>
			<IconStyle>
				<scale>1.2</scale>
				<Icon>
					<href>https://earth.google.com/earth/document/icon?color=7b1fa2&amp;id=2302&amp;scale=4</href>
				</Icon>
				<hotSpot x="64" y="128" xunits="pixels" yunits="insetPixels"/>
			</IconStyle>
			<LabelStyle>
				<scale>0</scale>
			</LabelStyle>
			<LineStyle>
				<color>ff2dc0fb</color>
				<width>4.8</width>
			</LineStyle>
			<PolyStyle>
				<color>40ffffff</color>
			</PolyStyle>
			<BalloonStyle>
				<displayMode>hide</displayMode>
			</BalloonStyle>
		</Style>
	</gx:CascadingStyle>
	<gx:CascadingStyle kml:id="__managed_style_2BA707B13D40DE0E204F_normal">
		<Style>
			<IconStyle>
				<Icon>
					<href>https://earth.google.com/earth/document/icon?color=fbc02d&amp;id=2005&amp;scale=4</href>
				</Icon>
				<hotSpot x="64" y="128" xunits="pixels" yunits="insetPixels"/>
			</IconStyle>
			<LabelStyle>
				<scale>0</scale>
			</LabelStyle>
			<LineStyle>
				<color>ff2dc0fb</color>
				<width>3.2</width>
			</LineStyle>
			<PolyStyle>
				<color>40ffffff</color>
			</PolyStyle>
			<BalloonStyle>
				<displayMode>hide</displayMode>
			</BalloonStyle>
		</Style>
	</gx:CascadingStyle>
	<gx:CascadingStyle kml:id="__managed_style_07ADC7353B40DE0E2047_normal">
		<Style>
			<IconStyle>
				<Icon>
					<href>https://earth.google.com/earth/document/icon?color=f57c00&amp;id=2056&amp;scale=4</href>
				</Icon>
				<hotSpot x="64" y="128" xunits="pixels" yunits="insetPixels"/>
			</IconStyle>
			<LabelStyle>
				<scale>0</scale>
			</LabelStyle>
			<LineStyle>
				<color>ff2dc0fb</color>
				<width>3.2</width>
			</LineStyle>
			<PolyStyle>
				<color>40ffffff</color>
			</PolyStyle>
			<BalloonStyle>
				<displayMode>hide</displayMode>
			</BalloonStyle>
		</Style>
	</gx:CascadingStyle>
	<gx:CascadingStyle kml:id="__managed_style_6B7F756DE940DE0E2030_normal">
		<Style>
			<IconStyle>
				<Icon>
					<href>https://earth.google.com/earth/document/icon?color=7b1fa2&amp;id=2156&amp;scale=4</href>
				</Icon>
				<hotSpot x="64" y="128" xunits="pixels" yunits="insetPixels"/>
			</IconStyle>
			<LabelStyle>
				<scale>0</scale>
			</LabelStyle>
			<LineStyle>
				<color>ff2dc0fb</color>
				<width>3.2</width>
			</LineStyle>
			<PolyStyle>
				<color>40ffffff</color>
			</PolyStyle>
			<BalloonStyle>
				<gx:displayMode>card</gx:displayMode>
			</BalloonStyle>
		</Style>
	</gx:CascadingStyle>
	<gx:CascadingStyle kml:id="__managed_style_03E32C030840DE0E204F_normal">
		<Style>
			<IconStyle>
				<Icon>
					<href>https://earth.google.com/earth/document/icon?color=7b1fa2&amp;id=2218&amp;scale=4</href>
				</Icon>
				<hotSpot x="64" y="128" xunits="pixels" yunits="insetPixels"/>
			</IconStyle>
			<LabelStyle>
				<scale>0</scale>
			</LabelStyle>
			<LineStyle>
				<color>ff2dc0fb</color>
				<width>3.2</width>
			</LineStyle>
			<PolyStyle>
				<color>40ffffff</color>
			</PolyStyle>
			<BalloonStyle>
				<gx:displayMode>card</gx:displayMode>
			</BalloonStyle>
		</Style>
	</gx:CascadingStyle>
	<gx:CascadingStyle kml:id="__managed_style_1539C12E5940DE0E203F_highlight">
		<Style>
			<IconStyle>
				<scale>1.2</scale>
				<Icon>
					<href>https://earth.google.com/earth/document/icon?color=1976d2&amp;id=2000&amp;scale=4</href>
				</Icon>
				<hotSpot x="64" y="128" xunits="pixels" yunits="insetPixels"/>
			</IconStyle>
			<LabelStyle>
				<scale>0</scale>
			</LabelStyle>
			<LineStyle>
				<color>ffa21f7b</color>
				<width>4.8</width>
			</LineStyle>
			<PolyStyle>
				<color>40ffffff</color>
			</PolyStyle>
			<BalloonStyle>
			</BalloonStyle>
		</Style>
	</gx:CascadingStyle>
	<StyleMap id="__managed_style_2FB43C83D840DE0E2058">
		<Pair>
			<key>normal</key>
			<styleUrl>#__managed_style_2FB43C83D840DE0E2058_normal</styleUrl>
		</Pair>
		<Pair>
			<key>highlight</key>
			<styleUrl>#__managed_style_2FB43C83D840DE0E2058_highlight</styleUrl>
		</Pair>
	</StyleMap>
	<gx:CascadingStyle kml:id="__managed_style_38CC2C9C7240DE0E203C_normal">
		<styleUrl>https://earth.google.com/balloon_components/base/1.1.0.0/card_template.kml#main</styleUrl>
		<Style>
			<IconStyle>
				<Icon>
					<href>https://earth.google.com/earth/document/icon?color=d32f2f&amp;id=2062&amp;scale=4</href>
				</Icon>
				<hotSpot x="64" y="128" xunits="pixels" yunits="insetPixels"/>
			</IconStyle>
			<LabelStyle>
				<scale>0</scale>
			</LabelStyle>
			<LineStyle>
				<color>ff2dc0fb</color>
				<width>3.2</width>
			</LineStyle>
			<PolyStyle>
				<color>40ffffff</color>
			</PolyStyle>
			<BalloonStyle>
			</BalloonStyle>
		</Style>
	</gx:CascadingStyle>
	<StyleMap id="__managed_style_10239EDC4B40DE0E204C">
		<Pair>
			<key>normal</key>
			<styleUrl>#__managed_style_10239EDC4B40DE0E204C_normal</styleUrl>
		</Pair>
		<Pair>
			<key>highlight</key>
			<styleUrl>#__managed_style_10239EDC4B40DE0E204C_highlight</styleUrl>
		</Pair>
	</StyleMap>
	<gx:CascadingStyle kml:id="__managed_style_01779EB15840DE0E2039_normal">
		<Style>
			<IconStyle>
				<Icon>
					<href>https://earth.google.com/earth/document/icon?color=f57c00&amp;id=2254&amp;scale=4</href>
				</Icon>
				<hotSpot x="64" y="128" xunits="pixels" yunits="insetPixels"/>
			</IconStyle>
			<LabelStyle>
				<scale>0</scale>
			</LabelStyle>
			<LineStyle>
				<color>ff2dc0fb</color>
				<width>3.2</width>
			</LineStyle>
			<PolyStyle>
				<color>40ffffff</color>
			</PolyStyle>
			<BalloonStyle>
				<gx:displayMode>card</gx:displayMode>
			</BalloonStyle>
		</Style>
	</gx:CascadingStyle>
	<StyleMap id="__managed_style_1539C12E5940DE0E203F">
		<Pair>
			<key>normal</key>
			<styleUrl>#__managed_style_1539C12E5940DE0E203F_normal</styleUrl>
		</Pair>
		<Pair>
			<key>highlight</key>
			<styleUrl>#__managed_style_1539C12E5940DE0E203F_highlight</styleUrl>
		</Pair>
	</StyleMap>
	<StyleMap id="__managed_style_0593DA2B9740DE0E2054">
		<Pair>
			<key>normal</key>
			<styleUrl>#__managed_style_0593DA2B9740DE0E2054_normal</styleUrl>
		</Pair>
		<Pair>
			<key>highlight</key>
			<styleUrl>#__managed_style_0593DA2B9740DE0E2054_highlight</styleUrl>
		</Pair>
	</StyleMap>
	<gx:CascadingStyle kml:id="__managed_style_1BA9B1708640DE0E202F_normal">
		<Style>
			<IconStyle>
				<Icon>
					<href>https://earth.google.com/earth/document/icon?color=7b1fa2&amp;id=2311&amp;scale=4</href>
				</Icon>
				<hotSpot x="64" y="128" xunits="pixels" yunits="insetPixels"/>
			</IconStyle>
			<LabelStyle>
				<scale>0</scale>
			</LabelStyle>
			<LineStyle>
				<color>ff2dc0fb</color>
				<width>3.2</width>
			</LineStyle>
			<PolyStyle>
				<color>40ffffff</color>
			</PolyStyle>
			<BalloonStyle>
				<gx:displayMode>card</gx:displayMode>
			</BalloonStyle>
		</Style>
	</gx:CascadingStyle>
	<gx:CascadingStyle kml:id="__managed_style_3F9E25E8DA40DE0E204C_normal">
		<Style>
			<IconStyle>
				<Icon>
					<href>https://earth.google.com/earth/document/icon?color=7b1fa2&amp;id=2011&amp;scale=4</href>
				</Icon>
				<hotSpot x="64" y="128" xunits="pixels" yunits="insetPixels"/>
			</IconStyle>
			<LabelStyle>
				<scale>0</scale>
			</LabelStyle>
			<LineStyle>
				<color>ff2dc0fb</color>
				<width>3.2</width>
			</LineStyle>
			<PolyStyle>
				<color>40ffffff</color>
			</PolyStyle>
			<BalloonStyle>
				<gx:displayMode>card</gx:displayMode>
			</BalloonStyle>
		</Style>
	</gx:CascadingStyle>
	<gx:CascadingStyle kml:id="__managed_style_2F03EBE15A40DE0E2044_highlight">
		<Style>
			<IconStyle>
				<scale>1.2</scale>
				<Icon>
					<href>https://earth.google.com/earth/document/icon?color=7b1fa2&amp;id=2163&amp;scale=4</href>
				</Icon>
				<hotSpot x="64" y="128" xunits="pixels" yunits="insetPixels"/>
			</IconStyle>
			<LabelStyle>
				<scale>0</scale>
			</LabelStyle>
			<LineStyle>
				<color>ff2dc0fb</color>
				<width>4.8</width>
			</LineStyle>
			<PolyStyle>
				<color>40ffffff</color>
			</PolyStyle>
			<BalloonStyle>
				<gx:displayMode>card</gx:displayMode>
			</BalloonStyle>
		</Style>
	</gx:CascadingStyle>
	<StyleMap id="__managed_style_0A838D380F40DE0E2050">
		<Pair>
			<key>normal</key>
			<styleUrl>#__managed_style_0A838D380F40DE0E2050_normal</styleUrl>
		</Pair>
		<Pair>
			<key>highlight</key>
			<styleUrl>#__managed_style_0A838D380F40DE0E2050_highlight</styleUrl>
		</Pair>
	</StyleMap>
	<gx:CascadingStyle kml:id="__managed_style_19C75F175E40DE0E2044_normal">
		<Style>
			<IconStyle>
				<Icon>
					<href>https://earth.google.com/earth/document/icon?color=4400a5&amp;id=2006&amp;scale=4</href>
				</Icon>
				<hotSpot x="64" y="128" xunits="pixels" yunits="insetPixels"/>
			</IconStyle>
			<LabelStyle>
				<scale>0</scale>
			</LabelStyle>
			<LineStyle>
				<color>ff2dc0fb</color>
				<width>3.2</width>
			</LineStyle>
			<PolyStyle>
				<color>40ffffff</color>
			</PolyStyle>
			<BalloonStyle>
				<displayMode>hide</displayMode>
			</BalloonStyle>
		</Style>
	</gx:CascadingStyle>
	<gx:CascadingStyle kml:id="__managed_style_3AEAB3877A40DE0E2058_highlight">
		<Style>
			<IconStyle>
				<scale>1.2</scale>
				<Icon>
					<href>https://earth.google.com/earth/document/icon?color=388e3c&amp;id=2370&amp;scale=4</href>
				</Icon>
				<hotSpot x="64" y="128" xunits="pixels" yunits="insetPixels"/>
			</IconStyle>
			<LabelStyle>
				<scale>0</scale>
			</LabelStyle>
			<LineStyle>
				<color>ff2dc0fb</color>
				<width>4.8</width>
			</LineStyle>
			<PolyStyle>
				<color>40ffffff</color>
			</PolyStyle>
			<BalloonStyle>
				<displayMode>hide</displayMode>
			</BalloonStyle>
		</Style>
	</gx:CascadingStyle>
	<gx:CascadingStyle kml:id="__managed_style_1E32F101B640DE0E204B_normal">
		<Style>
			<IconStyle>
				<Icon>
					<href>https://earth.google.com/earth/document/icon?color=7b1fa2&amp;id=2282&amp;scale=4</href>
				</Icon>
				<hotSpot x="64" y="128" xunits="pixels" yunits="insetPixels"/>
			</IconStyle>
			<LabelStyle>
				<scale>0</scale>
			</LabelStyle>
			<LineStyle>
				<color>ff2dc0fb</color>
				<width>3.2</width>
			</LineStyle>
			<PolyStyle>
				<color>40ffffff</color>
			</PolyStyle>
			<BalloonStyle>
				<gx:displayMode>card</gx:displayMode>
			</BalloonStyle>
		</Style>
	</gx:CascadingStyle>
	<StyleMap id="__managed_style_1E32F101B640DE0E204B">
		<Pair>
			<key>normal</key>
			<styleUrl>#__managed_style_1E32F101B640DE0E204B_normal</styleUrl>
		</Pair>
		<Pair>
			<key>highlight</key>
			<styleUrl>#__managed_style_1E32F101B640DE0E204B_highlight</styleUrl>
		</Pair>
	</StyleMap>
	<gx:CascadingStyle kml:id="__managed_style_171C7E3E9040DE0E2047_normal">
		<Style>
			<IconStyle>
				<Icon>
					<href>https://earth.google.com/earth/document/icon?color=7b1fa2&amp;id=2090&amp;scale=4</href>
				</Icon>
				<hotSpot x="64" y="128" xunits="pixels" yunits="insetPixels"/>
			</IconStyle>
			<LabelStyle>
				<scale>0</scale>
			</LabelStyle>
			<LineStyle>
				<color>ff2dc0fb</color>
				<width>3.2</width>
			</LineStyle>
			<PolyStyle>
				<color>40ffffff</color>
			</PolyStyle>
			<BalloonStyle>
				<gx:displayMode>card</gx:displayMode>
			</BalloonStyle>
		</Style>
	</gx:CascadingStyle>
	<gx:CascadingStyle kml:id="__managed_style_1E44FA503440DE0E2053_normal">
		<Style>
			<IconStyle>
				<Icon>
					<href>https://earth.google.com/earth/document/icon?color=3f00a7&amp;id=2006&amp;scale=4</href>
				</Icon>
				<hotSpot x="64" y="128" xunits="pixels" yunits="insetPixels"/>
			</IconStyle>
			<LabelStyle>
				<scale>0</scale>
			</LabelStyle>
			<LineStyle>
				<color>ff2dc0fb</color>
				<width>3.2</width>
			</LineStyle>
			<PolyStyle>
				<color>40ffffff</color>
			</PolyStyle>
			<BalloonStyle>
				<gx:displayMode>card</gx:displayMode>
			</BalloonStyle>
		</Style>
	</gx:CascadingStyle>
	<gx:CascadingStyle kml:id="__managed_style_05A794E31640DE0E2043_highlight">
		<styleUrl>https://earth.google.com/balloon_components/base/1.1.0.0/card_template.kml#main</styleUrl>
		<Style>
			<IconStyle>
				<scale>1.2</scale>
				<Icon>
					<href>https://earth.google.com/earth/document/icon?color=1976d2&amp;id=2000&amp;scale=4</href>
				</Icon>
				<hotSpot x="64" y="128" xunits="pixels" yunits="insetPixels"/>
			</IconStyle>
			<LabelStyle>
				<scale>0</scale>
			</LabelStyle>
			<LineStyle>
				<color>ff2dc0fb</color>
				<width>4.8</width>
			</LineStyle>
			<PolyStyle>
				<color>40ffffff</color>
			</PolyStyle>
			<BalloonStyle>
			</BalloonStyle>
		</Style>
	</gx:CascadingStyle>
	<gx:CascadingStyle kml:id="__managed_style_0CEA40AFC540DE0E2059_highlight">
		<Style>
			<IconStyle>
				<scale>1.2</scale>
				<Icon>
					<href>https://earth.google.com/earth/document/icon?color=7b1fa2&amp;id=2130&amp;scale=4</href>
				</Icon>
				<hotSpot x="64" y="128" xunits="pixels" yunits="insetPixels"/>
			</IconStyle>
			<LabelStyle>
				<scale>0</scale>
			</LabelStyle>
			<LineStyle>
				<color>ff2dc0fb</color>
				<width>4.8</width>
			</LineStyle>
			<PolyStyle>
				<color>40ffffff</color>
			</PolyStyle>
			<BalloonStyle>
				<gx:displayMode>card</gx:displayMode>
			</BalloonStyle>
		</Style>
	</gx:CascadingStyle>
	<gx:CascadingStyle kml:id="__managed_style_1EF81C63DA40DE0E2054_normal">
		<styleUrl>https://earth.google.com/balloon_components/base/1.1.0.0/card_template.kml#main</styleUrl>
		<Style>
			<IconStyle>
				<Icon>
					<href>https://earth.google.com/earth/document/icon?color=7b1fa2&amp;id=2006&amp;scale=4</href>
				</Icon>
				<hotSpot x="64" y="128" xunits="pixels" yunits="insetPixels"/>
			</IconStyle>
			<LabelStyle>
				<scale>0</scale>
			</LabelStyle>
			<LineStyle>
				<color>ff2dc0fb</color>
				<width>3.2</width>
			</LineStyle>
			<PolyStyle>
				<color>40ffffff</color>
			</PolyStyle>
			<BalloonStyle>
			</BalloonStyle>
		</Style>
	</gx:CascadingStyle>
	<StyleMap id="__managed_style_33D814B26940DE0E202C">
		<Pair>
			<key>normal</key>
			<styleUrl>#__managed_style_33D814B26940DE0E202C_normal</styleUrl>
		</Pair>
		<Pair>
			<key>highlight</key>
			<styleUrl>#__managed_style_33D814B26940DE0E202C_highlight</styleUrl>
		</Pair>
	</StyleMap>
	<gx:CascadingStyle kml:id="__managed_style_2E6DB1AAD340DE0E202C_highlight">
		<Style>
			<IconStyle>
				<scale>1.2</scale>
				<Icon>
					<href>https://earth.google.com/earth/document/icon?color=1976d2&amp;id=2000&amp;scale=4</href>
				</Icon>
				<hotSpot x="64" y="128" xunits="pixels" yunits="insetPixels"/>
			</IconStyle>
			<LabelStyle>
			</LabelStyle>
			<LineStyle>
				<color>ff2dc0fb</color>
				<width>4.8</width>
			</LineStyle>
			<PolyStyle>
				<color>40ffffff</color>
			</PolyStyle>
			<BalloonStyle>
			</BalloonStyle>
		</Style>
	</gx:CascadingStyle>
	<StyleMap id="__managed_style_036ABBCD8E40DE0E203C">
		<Pair>
			<key>normal</key>
			<styleUrl>#__managed_style_036ABBCD8E40DE0E203C_normal</styleUrl>
		</Pair>
		<Pair>
			<key>highlight</key>
			<styleUrl>#__managed_style_036ABBCD8E40DE0E203C_highlight</styleUrl>
		</Pair>
	</StyleMap>
	<gx:CascadingStyle kml:id="__managed_style_1CCB5935EC40DE0E2034_normal">
		<Style>
			<IconStyle>
				<Icon>
					<href>https://earth.google.com/earth/document/icon?color=7b1fa2&amp;id=2302&amp;scale=4</href>
				</Icon>
				<hotSpot x="64" y="128" xunits="pixels" yunits="insetPixels"/>
			</IconStyle>
			<LabelStyle>
				<scale>0</scale>
			</LabelStyle>
			<LineStyle>
				<color>ff2dc0fb</color>
				<width>3.2</width>
			</LineStyle>
			<PolyStyle>
				<color>40ffffff</color>
			</PolyStyle>
			<BalloonStyle>
				<displayMode>hide</displayMode>
			</BalloonStyle>
		</Style>
	</gx:CascadingStyle>
	<StyleMap id="__managed_style_19C75F175E40DE0E2044">
		<Pair>
			<key>normal</key>
			<styleUrl>#__managed_style_19C75F175E40DE0E2044_normal</styleUrl>
		</Pair>
		<Pair>
			<key>highlight</key>
			<styleUrl>#__managed_style_19C75F175E40DE0E2044_highlight</styleUrl>
		</Pair>
	</StyleMap>
	<StyleMap id="__managed_style_2099442D9040DE0E2041">
		<Pair>
			<key>normal</key>
			<styleUrl>#__managed_style_2099442D9040DE0E2041_normal</styleUrl>
		</Pair>
		<Pair>
			<key>highlight</key>
			<styleUrl>#__managed_style_2099442D9040DE0E2041_highlight</styleUrl>
		</Pair>
	</StyleMap>
	<gx:CascadingStyle kml:id="__managed_style_5336ABC65D40DE0E2044_highlight">
		<Style>
			<IconStyle>
				<scale>1.2</scale>
				<Icon>
					<href>https://earth.google.com/earth/document/icon?color=1976d2&amp;id=2000&amp;scale=4</href>
				</Icon>
				<hotSpot x="64" y="128" xunits="pixels" yunits="insetPixels"/>
			</IconStyle>
			<LabelStyle>
				<scale>0</scale>
			</LabelStyle>
			<LineStyle>
				<color>ffa70044</color>
				<width>4.8</width>
			</LineStyle>
			<PolyStyle>
				<color>40a10041</color>
			</PolyStyle>
			<BalloonStyle>
			</BalloonStyle>
		</Style>
	</gx:CascadingStyle>
	<gx:CascadingStyle kml:id="__managed_style_2099442D9040DE0E2041_normal">
		<Style>
			<IconStyle>
				<Icon>
					<href>https://earth.google.com/earth/document/icon?color=4800a2&amp;id=2118&amp;scale=4</href>
				</Icon>
				<hotSpot x="64" y="128" xunits="pixels" yunits="insetPixels"/>
			</IconStyle>
			<LabelStyle>
				<scale>0</scale>
			</LabelStyle>
			<LineStyle>
				<color>ff2dc0fb</color>
				<width>3.2</width>
			</LineStyle>
			<PolyStyle>
				<color>40ffffff</color>
			</PolyStyle>
			<BalloonStyle>
				<gx:displayMode>card</gx:displayMode>
			</BalloonStyle>
		</Style>
	</gx:CascadingStyle>
	<gx:CascadingStyle kml:id="__managed_style_092A926D0640DE0E2056_highlight">
		<styleUrl>https://earth.google.com/balloon_components/base/1.1.0.0/none_template.kml#main</styleUrl>
		<Style>
			<IconStyle>
				<scale>1.2</scale>
				<Icon>
					<href>https://earth.google.com/earth/document/icon?color=4201a2&amp;id=2302&amp;scale=4</href>
				</Icon>
				<hotSpot x="64" y="128" xunits="pixels" yunits="insetPixels"/>
			</IconStyle>
			<LabelStyle>
				<scale>0</scale>
			</LabelStyle>
			<LineStyle>
				<color>ff2dc0fb</color>
				<width>4.8</width>
			</LineStyle>
			<PolyStyle>
				<color>40ffffff</color>
			</PolyStyle>
			<BalloonStyle>
				<displayMode>hide</displayMode>
			</BalloonStyle>
		</Style>
	</gx:CascadingStyle>
	<StyleMap id="__managed_style_1CCB5935EC40DE0E2034">
		<Pair>
			<key>normal</key>
			<styleUrl>#__managed_style_1CCB5935EC40DE0E2034_normal</styleUrl>
		</Pair>
		<Pair>
			<key>highlight</key>
			<styleUrl>#__managed_style_1CCB5935EC40DE0E2034_highlight</styleUrl>
		</Pair>
	</StyleMap>
	<gx:CascadingStyle kml:id="__managed_style_33D814B26940DE0E202C_highlight">
		<Style>
			<IconStyle>
				<scale>1.2</scale>
				<Icon>
					<href>https://earth.google.com/earth/document/icon?color=1976d2&amp;id=2000&amp;scale=4</href>
				</Icon>
				<hotSpot x="64" y="128" xunits="pixels" yunits="insetPixels"/>
			</IconStyle>
			<LabelStyle>
				<scale>0</scale>
			</LabelStyle>
			<LineStyle>
				<color>ff2dc0fb</color>
				<width>4.8</width>
			</LineStyle>
			<PolyStyle>
				<color>40ffffff</color>
			</PolyStyle>
			<BalloonStyle>
			</BalloonStyle>
		</Style>
	</gx:CascadingStyle>
	<gx:CascadingStyle kml:id="__managed_style_1F8D4144F140DE0E202B_highlight">
		<Style>
			<IconStyle>
				<scale>1.2</scale>
				<Icon>
					<href>https://earth.google.com/earth/document/icon?color=7b1fa2&amp;id=2006&amp;scale=4</href>
				</Icon>
				<hotSpot x="64" y="128" xunits="pixels" yunits="insetPixels"/>
			</IconStyle>
			<LabelStyle>
				<scale>0</scale>
			</LabelStyle>
			<LineStyle>
				<color>ff2dc0fb</color>
				<width>4.8</width>
			</LineStyle>
			<PolyStyle>
				<color>40ffffff</color>
			</PolyStyle>
			<BalloonStyle>
				<displayMode>hide</displayMode>
			</BalloonStyle>
		</Style>
	</gx:CascadingStyle>
	<gx:CascadingStyle kml:id="__managed_style_07CA0270DB40DE0E2031_normal">
		<Style>
			<IconStyle>
				<Icon>
					<href>https://earth.google.com/earth/document/icon?color=7b1fa2&amp;id=2118&amp;scale=4</href>
				</Icon>
				<hotSpot x="64" y="128" xunits="pixels" yunits="insetPixels"/>
			</IconStyle>
			<LabelStyle>
				<scale>0</scale>
			</LabelStyle>
			<LineStyle>
				<color>ff2dc0fb</color>
				<width>3.2</width>
			</LineStyle>
			<PolyStyle>
				<color>40ffffff</color>
			</PolyStyle>
			<BalloonStyle>
				<gx:displayMode>card</gx:displayMode>
			</BalloonStyle>
		</Style>
	</gx:CascadingStyle>
	<gx:CascadingStyle kml:id="__managed_style_5336ABC65D40DE0E2044_normal">
		<Style>
			<IconStyle>
				<Icon>
					<href>https://earth.google.com/earth/document/icon?color=1976d2&amp;id=2000&amp;scale=4</href>
				</Icon>
				<hotSpot x="64" y="128" xunits="pixels" yunits="insetPixels"/>
			</IconStyle>
			<LabelStyle>
				<scale>0</scale>
			</LabelStyle>
			<LineStyle>
				<color>ffa70044</color>
				<width>3.2</width>
			</LineStyle>
			<PolyStyle>
				<color>40a10041</color>
			</PolyStyle>
			<BalloonStyle>
			</BalloonStyle>
		</Style>
	</gx:CascadingStyle>
	<gx:CascadingStyle kml:id="__managed_style_2EA8D49DBA40DE0E204E_normal">
		<Style>
			<IconStyle>
				<Icon>
					<href>https://earth.google.com/earth/document/icon?color=388e3c&amp;id=2385&amp;scale=4</href>
				</Icon>
				<hotSpot x="64" y="128" xunits="pixels" yunits="insetPixels"/>
			</IconStyle>
			<LabelStyle>
				<scale>0</scale>
			</LabelStyle>
			<LineStyle>
				<color>ff2dc0fb</color>
				<width>3.2</width>
			</LineStyle>
			<PolyStyle>
				<color>40ffffff</color>
			</PolyStyle>
			<BalloonStyle>
				<gx:displayMode>card</gx:displayMode>
			</BalloonStyle>
		</Style>
	</gx:CascadingStyle>
	<StyleMap id="__managed_style_2BA707B13D40DE0E204F">
		<Pair>
			<key>normal</key>
			<styleUrl>#__managed_style_2BA707B13D40DE0E204F_normal</styleUrl>
		</Pair>
		<Pair>
			<key>highlight</key>
			<styleUrl>#__managed_style_2BA707B13D40DE0E204F_highlight</styleUrl>
		</Pair>
	</StyleMap>
	<StyleMap id="__managed_style_2C903B9DC640DE0E2030">
		<Pair>
			<key>normal</key>
			<styleUrl>#__managed_style_2C903B9DC640DE0E2030_normal</styleUrl>
		</Pair>
		<Pair>
			<key>highlight</key>
			<styleUrl>#__managed_style_2C903B9DC640DE0E2030_highlight</styleUrl>
		</Pair>
	</StyleMap>
	<gx:CascadingStyle kml:id="__managed_style_05CABFE16A40DE0E204E_highlight">
		<Style>
			<IconStyle>
				<scale>1.2</scale>
				<Icon>
					<href>https://earth.google.com/earth/document/icon?color=44009e&amp;id=2055&amp;scale=4</href>
				</Icon>
				<hotSpot x="64" y="128" xunits="pixels" yunits="insetPixels"/>
			</IconStyle>
			<LabelStyle>
				<scale>0</scale>
			</LabelStyle>
			<LineStyle>
				<color>ff2dc0fb</color>
				<width>4.8</width>
			</LineStyle>
			<PolyStyle>
				<color>40ffffff</color>
			</PolyStyle>
			<BalloonStyle>
				<gx:displayMode>card</gx:displayMode>
			</BalloonStyle>
		</Style>
	</gx:CascadingStyle>
	<gx:CascadingStyle kml:id="__managed_style_0376D25F1840DE0E2029_highlight">
		<Style>
			<IconStyle>
				<scale>1.2</scale>
				<Icon>
					<href>https://earth.google.com/earth/document/icon?color=7b1fa2&amp;id=2006&amp;scale=4</href>
				</Icon>
				<hotSpot x="64" y="128" xunits="pixels" yunits="insetPixels"/>
			</IconStyle>
			<LabelStyle>
				<scale>0</scale>
			</LabelStyle>
			<LineStyle>
				<color>ff2dc0fb</color>
				<width>4.8</width>
			</LineStyle>
			<PolyStyle>
				<color>40ffffff</color>
			</PolyStyle>
			<BalloonStyle>
				<gx:displayMode>card</gx:displayMode>
			</BalloonStyle>
		</Style>
	</gx:CascadingStyle>
	<StyleMap id="__managed_style_34CA08223840DE0E2030">
		<Pair>
			<key>normal</key>
			<styleUrl>#__managed_style_34CA08223840DE0E2030_normal</styleUrl>
		</Pair>
		<Pair>
			<key>highlight</key>
			<styleUrl>#__managed_style_34CA08223840DE0E2030_highlight</styleUrl>
		</Pair>
	</StyleMap>
	<StyleMap id="__managed_style_3F9E25E8DA40DE0E204C">
		<Pair>
			<key>normal</key>
			<styleUrl>#__managed_style_3F9E25E8DA40DE0E204C_normal</styleUrl>
		</Pair>
		<Pair>
			<key>highlight</key>
			<styleUrl>#__managed_style_3F9E25E8DA40DE0E204C_highlight</styleUrl>
		</Pair>
	</StyleMap>
	<gx:CascadingStyle kml:id="__managed_style_0DE56DBD2F40DE0E202B_normal">
		<Style>
			<IconStyle>
				<Icon>
					<href>https://earth.google.com/earth/document/icon?color=303f9f&amp;id=2339&amp;scale=4</href>
				</Icon>
				<hotSpot x="64" y="128" xunits="pixels" yunits="insetPixels"/>
			</IconStyle>
			<LabelStyle>
				<scale>0</scale>
			</LabelStyle>
			<LineStyle>
				<color>ff2dc0fb</color>
				<width>3.2</width>
			</LineStyle>
			<PolyStyle>
				<color>40ffffff</color>
			</PolyStyle>
			<BalloonStyle>
				<gx:displayMode>card</gx:displayMode>
			</BalloonStyle>
		</Style>
	</gx:CascadingStyle>
	<gx:CascadingStyle kml:id="__managed_style_075C3DA4E740DE0E203E_normal">
		<Style>
			<IconStyle>
				<Icon>
					<href>https://earth.google.com/earth/document/icon?color=4600a0&amp;id=2156&amp;scale=4</href>
				</Icon>
				<hotSpot x="64" y="128" xunits="pixels" yunits="insetPixels"/>
			</IconStyle>
			<LabelStyle>
				<scale>0</scale>
			</LabelStyle>
			<LineStyle>
				<color>ff2dc0fb</color>
				<width>3.2</width>
			</LineStyle>
			<PolyStyle>
				<color>40ffffff</color>
			</PolyStyle>
			<BalloonStyle>
				<gx:displayMode>card</gx:displayMode>
			</BalloonStyle>
		</Style>
	</gx:CascadingStyle>
	<gx:CascadingStyle kml:id="__managed_style_081EB90E6F40DE0E204B_normal">
		<Style>
			<IconStyle>
				<Icon>
					<href>https://earth.google.com/earth/document/icon?color=7b1fa2&amp;id=2311&amp;scale=4</href>
				</Icon>
				<hotSpot x="64" y="128" xunits="pixels" yunits="insetPixels"/>
			</IconStyle>
			<LabelStyle>
				<scale>0</scale>
			</LabelStyle>
			<LineStyle>
				<color>ff2dc0fb</color>
				<width>3.2</width>
			</LineStyle>
			<PolyStyle>
				<color>40ffffff</color>
			</PolyStyle>
			<BalloonStyle>
				<gx:displayMode>card</gx:displayMode>
			</BalloonStyle>
		</Style>
	</gx:CascadingStyle>
	<StyleMap id="__managed_style_2D7F87427C40DE0E203B">
		<Pair>
			<key>normal</key>
			<styleUrl>#__managed_style_2D7F87427C40DE0E203B_normal</styleUrl>
		</Pair>
		<Pair>
			<key>highlight</key>
			<styleUrl>#__managed_style_2D7F87427C40DE0E203B_highlight</styleUrl>
		</Pair>
	</StyleMap>
	<gx:CascadingStyle kml:id="__managed_style_199CD3E10340DE0E2030_normal">
		<Style>
			<IconStyle>
				<Icon>
					<href>https://earth.google.com/earth/document/icon?color=7b1fa2&amp;id=2349&amp;scale=4</href>
				</Icon>
				<hotSpot x="64" y="128" xunits="pixels" yunits="insetPixels"/>
			</IconStyle>
			<LabelStyle>
				<scale>0</scale>
			</LabelStyle>
			<LineStyle>
				<color>ff2dc0fb</color>
				<width>3.2</width>
			</LineStyle>
			<PolyStyle>
				<color>40ffffff</color>
			</PolyStyle>
			<BalloonStyle>
				<gx:displayMode>card</gx:displayMode>
			</BalloonStyle>
		</Style>
	</gx:CascadingStyle>
	<gx:CascadingStyle kml:id="__managed_style_2F03EBE15A40DE0E2044_normal">
		<Style>
			<IconStyle>
				<Icon>
					<href>https://earth.google.com/earth/document/icon?color=7b1fa2&amp;id=2163&amp;scale=4</href>
				</Icon>
				<hotSpot x="64" y="128" xunits="pixels" yunits="insetPixels"/>
			</IconStyle>
			<LabelStyle>
				<scale>0</scale>
			</LabelStyle>
			<LineStyle>
				<color>ff2dc0fb</color>
				<width>3.2</width>
			</LineStyle>
			<PolyStyle>
				<color>40ffffff</color>
			</PolyStyle>
			<BalloonStyle>
				<gx:displayMode>card</gx:displayMode>
			</BalloonStyle>
		</Style>
	</gx:CascadingStyle>
	<gx:CascadingStyle kml:id="__managed_style_0331BA4C3C40DE0E2037_highlight">
		<Style>
			<IconStyle>
				<scale>1.2</scale>
				<Icon>
					<href>https://earth.google.com/earth/document/icon?color=7b1fa2&amp;id=2339&amp;scale=4</href>
				</Icon>
				<hotSpot x="64" y="128" xunits="pixels" yunits="insetPixels"/>
			</IconStyle>
			<LabelStyle>
				<scale>0</scale>
			</LabelStyle>
			<LineStyle>
				<color>ff2dc0fb</color>
				<width>4.8</width>
			</LineStyle>
			<PolyStyle>
				<color>40ffffff</color>
			</PolyStyle>
			<BalloonStyle>
				<gx:displayMode>card</gx:displayMode>
			</BalloonStyle>
		</Style>
	</gx:CascadingStyle>
	<gx:CascadingStyle kml:id="__managed_style_3CDF7CBFFC40DE0E2034_normal">
		<Style>
			<IconStyle>
				<Icon>
					<href>https://earth.google.com/earth/document/icon?color=7b1fa2&amp;id=2232&amp;scale=4</href>
				</Icon>
				<hotSpot x="64" y="128" xunits="pixels" yunits="insetPixels"/>
			</IconStyle>
			<LabelStyle>
				<scale>0</scale>
			</LabelStyle>
			<LineStyle>
				<color>ff2dc0fb</color>
				<width>3.2</width>
			</LineStyle>
			<PolyStyle>
				<color>40ffffff</color>
			</PolyStyle>
			<BalloonStyle>
				<gx:displayMode>card</gx:displayMode>
			</BalloonStyle>
		</Style>
	</gx:CascadingStyle>
	<StyleMap id="__managed_style_05A794E31640DE0E2043">
		<Pair>
			<key>normal</key>
			<styleUrl>#__managed_style_05A794E31640DE0E2043_normal</styleUrl>
		</Pair>
		<Pair>
			<key>highlight</key>
			<styleUrl>#__managed_style_05A794E31640DE0E2043_highlight</styleUrl>
		</Pair>
	</StyleMap>
	<gx:CascadingStyle kml:id="__managed_style_48E33D395140DE0E202C_normal">
		<Style>
			<IconStyle>
				<Icon>
					<href>https://earth.google.com/earth/document/icon?color=f57c00&amp;id=2130&amp;scale=4</href>
				</Icon>
				<hotSpot x="64" y="128" xunits="pixels" yunits="insetPixels"/>
			</IconStyle>
			<LabelStyle>
				<scale>0</scale>
			</LabelStyle>
			<LineStyle>
				<color>ff2dc0fb</color>
				<width>3.2</width>
			</LineStyle>
			<PolyStyle>
				<color>40ffffff</color>
			</PolyStyle>
			<BalloonStyle>
				<displayMode>hide</displayMode>
			</BalloonStyle>
		</Style>
	</gx:CascadingStyle>
	<StyleMap id="__managed_style_1C08EA9D1740DE0E2057">
		<Pair>
			<key>normal</key>
			<styleUrl>#__managed_style_1C08EA9D1740DE0E2057_normal</styleUrl>
		</Pair>
		<Pair>
			<key>highlight</key>
			<styleUrl>#__managed_style_1C08EA9D1740DE0E2057_highlight</styleUrl>
		</Pair>
	</StyleMap>
	<gx:CascadingStyle kml:id="__managed_style_1C7CEBA3B040DE0E2028_highlight">
		<Style>
			<IconStyle>
				<scale>1.2</scale>
				<Icon>
					<href>https://earth.google.com/earth/document/icon?color=7b1fa2&amp;id=2006&amp;scale=4</href>
				</Icon>
				<hotSpot x="64" y="128" xunits="pixels" yunits="insetPixels"/>
			</IconStyle>
			<LabelStyle>
				<scale>0</scale>
			</LabelStyle>
			<LineStyle>
				<color>ff2dc0fb</color>
				<width>4.8</width>
			</LineStyle>
			<PolyStyle>
				<color>40ffffff</color>
			</PolyStyle>
			<BalloonStyle>
				<gx:displayMode>card</gx:displayMode>
			</BalloonStyle>
		</Style>
	</gx:CascadingStyle>
	<gx:CascadingStyle kml:id="__managed_style_3BE06DA72B40DE0E2048_highlight">
		<Style>
			<IconStyle>
				<scale>1.2</scale>
				<Icon>
					<href>https://earth.google.com/earth/document/icon?color=4300a2&amp;id=2056&amp;scale=4</href>
				</Icon>
				<hotSpot x="64" y="128" xunits="pixels" yunits="insetPixels"/>
			</IconStyle>
			<LabelStyle>
				<scale>0</scale>
			</LabelStyle>
			<LineStyle>
				<color>ff2dc0fb</color>
				<width>4.8</width>
			</LineStyle>
			<PolyStyle>
				<color>40ffffff</color>
			</PolyStyle>
			<BalloonStyle>
				<gx:displayMode>card</gx:displayMode>
			</BalloonStyle>
		</Style>
	</gx:CascadingStyle>
	<gx:CascadingStyle kml:id="__managed_style_1BA02D43E240DE0E2036_highlight">
		<Style>
			<IconStyle>
				<scale>1.2</scale>
				<Icon>
					<href>https://earth.google.com/earth/document/icon?color=7b1fa2&amp;id=2156&amp;scale=4</href>
				</Icon>
				<hotSpot x="64" y="128" xunits="pixels" yunits="insetPixels"/>
			</IconStyle>
			<LabelStyle>
				<scale>0</scale>
			</LabelStyle>
			<LineStyle>
				<color>ff2dc0fb</color>
				<width>4.8</width>
			</LineStyle>
			<PolyStyle>
				<color>40ffffff</color>
			</PolyStyle>
			<BalloonStyle>
			</BalloonStyle>
		</Style>
	</gx:CascadingStyle>
	<gx:CascadingStyle kml:id="__managed_style_1BE2CE6A3640DE0E2043_highlight">
		<Style>
			<IconStyle>
				<scale>1.2</scale>
				<Icon>
					<href>https://earth.google.com/earth/document/icon?color=4300a0&amp;id=2006&amp;scale=4</href>
				</Icon>
				<hotSpot x="64" y="128" xunits="pixels" yunits="insetPixels"/>
			</IconStyle>
			<LabelStyle>
				<scale>0</scale>
			</LabelStyle>
			<LineStyle>
				<color>ff2dc0fb</color>
				<width>4.8</width>
			</LineStyle>
			<PolyStyle>
				<color>40ffffff</color>
			</PolyStyle>
			<BalloonStyle>
				<gx:displayMode>card</gx:displayMode>
			</BalloonStyle>
		</Style>
	</gx:CascadingStyle>
	<gx:CascadingStyle kml:id="__managed_style_1C08EA9D1740DE0E2057_normal">
		<Style>
			<IconStyle>
				<Icon>
					<href>https://earth.google.com/earth/document/icon?color=3c009f&amp;id=2056&amp;scale=4</href>
				</Icon>
				<hotSpot x="64" y="128" xunits="pixels" yunits="insetPixels"/>
			</IconStyle>
			<LabelStyle>
				<scale>0</scale>
			</LabelStyle>
			<LineStyle>
				<color>ff2dc0fb</color>
				<width>3.2</width>
			</LineStyle>
			<PolyStyle>
				<color>40ffffff</color>
			</PolyStyle>
			<BalloonStyle>
				<gx:displayMode>card</gx:displayMode>
			</BalloonStyle>
		</Style>
	</gx:CascadingStyle>
	<StyleMap id="__managed_style_193206206540DE0E2040">
		<Pair>
			<key>normal</key>
			<styleUrl>#__managed_style_193206206540DE0E2040_normal</styleUrl>
		</Pair>
		<Pair>
			<key>highlight</key>
			<styleUrl>#__managed_style_193206206540DE0E2040_highlight</styleUrl>
		</Pair>
	</StyleMap>
	<gx:CascadingStyle kml:id="__managed_style_0376D25F1840DE0E2029_normal">
		<Style>
			<IconStyle>
				<Icon>
					<href>https://earth.google.com/earth/document/icon?color=7b1fa2&amp;id=2006&amp;scale=4</href>
				</Icon>
				<hotSpot x="64" y="128" xunits="pixels" yunits="insetPixels"/>
			</IconStyle>
			<LabelStyle>
				<scale>0</scale>
			</LabelStyle>
			<LineStyle>
				<color>ff2dc0fb</color>
				<width>3.2</width>
			</LineStyle>
			<PolyStyle>
				<color>40ffffff</color>
			</PolyStyle>
			<BalloonStyle>
				<gx:displayMode>card</gx:displayMode>
			</BalloonStyle>
		</Style>
	</gx:CascadingStyle>
	<gx:CascadingStyle kml:id="__managed_style_2C8E11F80640DE0E2051_highlight">
		<Style>
			<IconStyle>
				<scale>1.2</scale>
				<Icon>
					<href>https://earth.google.com/earth/document/icon?color=4300a0&amp;id=2118&amp;scale=4</href>
				</Icon>
				<hotSpot x="64" y="128" xunits="pixels" yunits="insetPixels"/>
			</IconStyle>
			<LabelStyle>
				<scale>0</scale>
			</LabelStyle>
			<LineStyle>
				<color>ff2dc0fb</color>
				<width>4.8</width>
			</LineStyle>
			<PolyStyle>
				<color>40ffffff</color>
			</PolyStyle>
			<BalloonStyle>
				<gx:displayMode>card</gx:displayMode>
			</BalloonStyle>
		</Style>
	</gx:CascadingStyle>
	<gx:CascadingStyle kml:id="__managed_style_0DDA84B01140DE0E2028_normal">
		<Style>
			<IconStyle>
				<Icon>
					<href>https://earth.google.com/earth/document/icon?color=f57c00&amp;id=2130&amp;scale=4</href>
				</Icon>
				<hotSpot x="64" y="128" xunits="pixels" yunits="insetPixels"/>
			</IconStyle>
			<LabelStyle>
				<scale>0</scale>
			</LabelStyle>
			<LineStyle>
				<color>ff2dc0fb</color>
				<width>3.2</width>
			</LineStyle>
			<PolyStyle>
				<color>40ffffff</color>
			</PolyStyle>
			<BalloonStyle>
				<gx:displayMode>card</gx:displayMode>
			</BalloonStyle>
		</Style>
	</gx:CascadingStyle>
	<gx:CascadingStyle kml:id="__managed_style_22544FB3C340DE0E2043_normal">
		<Style>
			<IconStyle>
				<Icon>
					<href>https://earth.google.com/earth/document/icon?color=fbc02d&amp;id=2005&amp;scale=4</href>
				</Icon>
				<hotSpot x="64" y="128" xunits="pixels" yunits="insetPixels"/>
			</IconStyle>
			<LabelStyle>
				<scale>0</scale>
			</LabelStyle>
			<LineStyle>
				<color>ff2dc0fb</color>
				<width>3.2</width>
			</LineStyle>
			<PolyStyle>
				<color>40ffffff</color>
			</PolyStyle>
			<BalloonStyle>
				<gx:displayMode>card</gx:displayMode>
			</BalloonStyle>
		</Style>
	</gx:CascadingStyle>
	<gx:CascadingStyle kml:id="__managed_style_1C7CEBA3B040DE0E2028_normal">
		<Style>
			<IconStyle>
				<Icon>
					<href>https://earth.google.com/earth/document/icon?color=7b1fa2&amp;id=2006&amp;scale=4</href>
				</Icon>
				<hotSpot x="64" y="128" xunits="pixels" yunits="insetPixels"/>
			</IconStyle>
			<LabelStyle>
				<scale>0</scale>
			</LabelStyle>
			<LineStyle>
				<color>ff2dc0fb</color>
				<width>3.2</width>
			</LineStyle>
			<PolyStyle>
				<color>40ffffff</color>
			</PolyStyle>
			<BalloonStyle>
				<gx:displayMode>card</gx:displayMode>
			</BalloonStyle>
		</Style>
	</gx:CascadingStyle>
	<gx:CascadingStyle kml:id="__managed_style_359CA9719E40DE0E2054_normal">
		<Style>
			<IconStyle>
				<Icon>
					<href>https://earth.google.com/earth/document/icon?color=46009e&amp;id=2156&amp;scale=4</href>
				</Icon>
				<hotSpot x="64" y="128" xunits="pixels" yunits="insetPixels"/>
			</IconStyle>
			<LabelStyle>
				<scale>0</scale>
			</LabelStyle>
			<LineStyle>
				<color>ff2dc0fb</color>
				<width>3.2</width>
			</LineStyle>
			<PolyStyle>
				<color>40ffffff</color>
			</PolyStyle>
			<BalloonStyle>
			</BalloonStyle>
		</Style>
	</gx:CascadingStyle>
	<gx:CascadingStyle kml:id="__managed_style_193206206540DE0E2040_highlight">
		<Style>
			<IconStyle>
				<scale>1.2</scale>
				<Icon>
					<href>https://earth.google.com/earth/document/icon?color=4900a0&amp;id=2056&amp;scale=4</href>
				</Icon>
				<hotSpot x="64" y="128" xunits="pixels" yunits="insetPixels"/>
			</IconStyle>
			<LabelStyle>
				<scale>0</scale>
			</LabelStyle>
			<LineStyle>
				<color>ff2dc0fb</color>
				<width>4.8</width>
			</LineStyle>
			<PolyStyle>
				<color>40ffffff</color>
			</PolyStyle>
			<BalloonStyle>
				<gx:displayMode>card</gx:displayMode>
			</BalloonStyle>
		</Style>
	</gx:CascadingStyle>
	<StyleMap id="__managed_style_07CA0270DB40DE0E2031">
		<Pair>
			<key>normal</key>
			<styleUrl>#__managed_style_07CA0270DB40DE0E2031_normal</styleUrl>
		</Pair>
		<Pair>
			<key>highlight</key>
			<styleUrl>#__managed_style_07CA0270DB40DE0E2031_highlight</styleUrl>
		</Pair>
	</StyleMap>
	<StyleMap id="__managed_style_1F8D4144F140DE0E202B">
		<Pair>
			<key>normal</key>
			<styleUrl>#__managed_style_1F8D4144F140DE0E202B_normal</styleUrl>
		</Pair>
		<Pair>
			<key>highlight</key>
			<styleUrl>#__managed_style_1F8D4144F140DE0E202B_highlight</styleUrl>
		</Pair>
	</StyleMap>
	<gx:CascadingStyle kml:id="__managed_style_163254290940DE0E204E_highlight">
		<Style>
			<IconStyle>
				<scale>1.2</scale>
				<Icon>
					<href>https://earth.google.com/earth/document/icon?color=1976d2&amp;id=2074&amp;scale=4</href>
				</Icon>
				<hotSpot x="64" y="128" xunits="pixels" yunits="insetPixels"/>
			</IconStyle>
			<LabelStyle>
				<scale>0</scale>
			</LabelStyle>
			<LineStyle>
				<color>ff2dc0fb</color>
				<width>4.8</width>
			</LineStyle>
			<PolyStyle>
				<color>40ffffff</color>
			</PolyStyle>
			<BalloonStyle>
			</BalloonStyle>
		</Style>
	</gx:CascadingStyle>
	<StyleMap id="__managed_style_19887E5E1040DE0E2029">
		<Pair>
			<key>normal</key>
			<styleUrl>#__managed_style_19887E5E1040DE0E2029_normal</styleUrl>
		</Pair>
		<Pair>
			<key>highlight</key>
			<styleUrl>#__managed_style_19887E5E1040DE0E2029_highlight</styleUrl>
		</Pair>
	</StyleMap>
	<gx:CascadingStyle kml:id="__managed_style_1C96B5566740DE0E203E_highlight">
		<Style>
			<IconStyle>
				<scale>1.2</scale>
				<Icon>
					<href>https://earth.google.com/earth/document/icon?color=1976d2&amp;id=2000&amp;scale=4</href>
				</Icon>
				<hotSpot x="64" y="128" xunits="pixels" yunits="insetPixels"/>
			</IconStyle>
			<LabelStyle>
				<scale>0</scale>
			</LabelStyle>
			<LineStyle>
				<color>ff9f3f30</color>
				<width>4.8</width>
			</LineStyle>
			<PolyStyle>
				<color>409f3f30</color>
			</PolyStyle>
			<BalloonStyle>
			</BalloonStyle>
		</Style>
	</gx:CascadingStyle>
	<StyleMap id="__managed_style_199CD3E10340DE0E2030">
		<Pair>
			<key>normal</key>
			<styleUrl>#__managed_style_199CD3E10340DE0E2030_normal</styleUrl>
		</Pair>
		<Pair>
			<key>highlight</key>
			<styleUrl>#__managed_style_199CD3E10340DE0E2030_highlight</styleUrl>
		</Pair>
	</StyleMap>
	<gx:CascadingStyle kml:id="__managed_style_424926949940DE0E2038_normal">
		<Style>
			<IconStyle>
				<Icon>
					<href>https://earth.google.com/earth/document/icon?color=fbc02d&amp;id=2005&amp;scale=4</href>
				</Icon>
				<hotSpot x="64" y="128" xunits="pixels" yunits="insetPixels"/>
			</IconStyle>
			<LabelStyle>
				<scale>0</scale>
			</LabelStyle>
			<LineStyle>
				<color>ff2dc0fb</color>
				<width>3.2</width>
			</LineStyle>
			<PolyStyle>
				<color>40ffffff</color>
			</PolyStyle>
			<BalloonStyle>
				<gx:displayMode>card</gx:displayMode>
			</BalloonStyle>
		</Style>
	</gx:CascadingStyle>
	<gx:CascadingStyle kml:id="__managed_style_0841F5184F40DE0E203F_highlight">
		<Style>
			<IconStyle>
				<scale>1.2</scale>
				<Icon>
					<href>https://earth.google.com/earth/document/icon?color=303f9f&amp;id=2090&amp;scale=4</href>
				</Icon>
				<hotSpot x="64" y="128" xunits="pixels" yunits="insetPixels"/>
			</IconStyle>
			<LabelStyle>
				<scale>0</scale>
			</LabelStyle>
			<LineStyle>
				<color>ff2dc0fb</color>
				<width>4.8</width>
			</LineStyle>
			<PolyStyle>
				<color>40ffffff</color>
			</PolyStyle>
			<BalloonStyle>
				<gx:displayMode>card</gx:displayMode>
			</BalloonStyle>
		</Style>
	</gx:CascadingStyle>
	<gx:CascadingStyle kml:id="__managed_style_0841F5184F40DE0E203F_normal">
		<Style>
			<IconStyle>
				<Icon>
					<href>https://earth.google.com/earth/document/icon?color=303f9f&amp;id=2090&amp;scale=4</href>
				</Icon>
				<hotSpot x="64" y="128" xunits="pixels" yunits="insetPixels"/>
			</IconStyle>
			<LabelStyle>
				<scale>0</scale>
			</LabelStyle>
			<LineStyle>
				<color>ff2dc0fb</color>
				<width>3.2</width>
			</LineStyle>
			<PolyStyle>
				<color>40ffffff</color>
			</PolyStyle>
			<BalloonStyle>
				<gx:displayMode>card</gx:displayMode>
			</BalloonStyle>
		</Style>
	</gx:CascadingStyle>
	<StyleMap id="__managed_style_0E65E4CB0C40DE0E2049">
		<Pair>
			<key>normal</key>
			<styleUrl>#__managed_style_0E65E4CB0C40DE0E2049_normal</styleUrl>
		</Pair>
		<Pair>
			<key>highlight</key>
			<styleUrl>#__managed_style_0E65E4CB0C40DE0E2049_highlight</styleUrl>
		</Pair>
	</StyleMap>
	<gx:CascadingStyle kml:id="__managed_style_2E79CF5BBE40DE0E2049_highlight">
		<Style>
			<IconStyle>
				<scale>1.2</scale>
				<Icon>
					<href>https://earth.google.com/earth/document/icon?color=4d00aa&amp;id=2349&amp;scale=4</href>
				</Icon>
				<hotSpot x="64" y="128" xunits="pixels" yunits="insetPixels"/>
			</IconStyle>
			<LabelStyle>
				<scale>0</scale>
			</LabelStyle>
			<LineStyle>
				<color>ff2dc0fb</color>
				<width>4.8</width>
			</LineStyle>
			<PolyStyle>
				<color>40ffffff</color>
			</PolyStyle>
			<BalloonStyle>
			</BalloonStyle>
		</Style>
	</gx:CascadingStyle>
	<gx:CascadingStyle kml:id="__managed_style_1C4CA376BA40DE0E2031_highlight">
		<Style>
			<IconStyle>
				<scale>1.2</scale>
				<Icon>
					<href>https://earth.google.com/earth/document/icon?color=388e3c&amp;id=2370&amp;scale=4</href>
				</Icon>
				<hotSpot x="64" y="128" xunits="pixels" yunits="insetPixels"/>
			</IconStyle>
			<LabelStyle>
				<scale>0</scale>
			</LabelStyle>
			<LineStyle>
				<color>ff2dc0fb</color>
				<width>4.8</width>
			</LineStyle>
			<PolyStyle>
				<color>40ffffff</color>
			</PolyStyle>
			<BalloonStyle>
				<gx:displayMode>card</gx:displayMode>
			</BalloonStyle>
		</Style>
	</gx:CascadingStyle>
	<gx:CascadingStyle kml:id="__managed_style_27F15E983D40DE0E2057_normal">
		<Style>
			<IconStyle>
				<Icon>
					<href>https://earth.google.com/earth/document/icon?color=420199&amp;id=2006&amp;scale=4</href>
				</Icon>
				<hotSpot x="64" y="128" xunits="pixels" yunits="insetPixels"/>
			</IconStyle>
			<LabelStyle>
				<scale>0</scale>
			</LabelStyle>
			<LineStyle>
				<color>ff2dc0fb</color>
				<width>3.2</width>
			</LineStyle>
			<PolyStyle>
				<color>40ffffff</color>
			</PolyStyle>
			<BalloonStyle>
				<gx:displayMode>card</gx:displayMode>
			</BalloonStyle>
		</Style>
	</gx:CascadingStyle>
	<StyleMap id="__managed_style_098758A9E940DE0E2057">
		<Pair>
			<key>normal</key>
			<styleUrl>#__managed_style_098758A9E940DE0E2057_normal</styleUrl>
		</Pair>
		<Pair>
			<key>highlight</key>
			<styleUrl>#__managed_style_098758A9E940DE0E2057_highlight</styleUrl>
		</Pair>
	</StyleMap>
	<gx:CascadingStyle kml:id="__managed_style_10239EDC4B40DE0E204C_highlight">
		<Style>
			<IconStyle>
				<scale>1.2</scale>
				<Icon>
					<href>https://earth.google.com/earth/document/icon?color=3500a5&amp;id=2006&amp;scale=4</href>
				</Icon>
				<hotSpot x="64" y="128" xunits="pixels" yunits="insetPixels"/>
			</IconStyle>
			<LabelStyle>
				<scale>0</scale>
			</LabelStyle>
			<LineStyle>
				<color>ff2dc0fb</color>
				<width>4.8</width>
			</LineStyle>
			<PolyStyle>
				<color>40ffffff</color>
			</PolyStyle>
			<BalloonStyle>
				<displayMode>hide</displayMode>
			</BalloonStyle>
		</Style>
	</gx:CascadingStyle>
	<StyleMap id="__managed_style_1C4CA376BA40DE0E2031">
		<Pair>
			<key>normal</key>
			<styleUrl>#__managed_style_1C4CA376BA40DE0E2031_normal</styleUrl>
		</Pair>
		<Pair>
			<key>highlight</key>
			<styleUrl>#__managed_style_1C4CA376BA40DE0E2031_highlight</styleUrl>
		</Pair>
	</StyleMap>
	<StyleMap id="__managed_style_273D3529EE40DE0E2038">
		<Pair>
			<key>normal</key>
			<styleUrl>#__managed_style_273D3529EE40DE0E2038_normal</styleUrl>
		</Pair>
		<Pair>
			<key>highlight</key>
			<styleUrl>#__managed_style_273D3529EE40DE0E2038_highlight</styleUrl>
		</Pair>
	</StyleMap>
	<gx:CascadingStyle kml:id="__managed_style_1B6484939F40DE0E204F_normal">
		<Style>
			<IconStyle>
				<Icon>
					<href>https://earth.google.com/earth/document/icon?color=47009f&amp;id=2156&amp;scale=4</href>
				</Icon>
				<hotSpot x="64" y="128" xunits="pixels" yunits="insetPixels"/>
			</IconStyle>
			<LabelStyle>
				<scale>0</scale>
			</LabelStyle>
			<LineStyle>
				<color>ff2dc0fb</color>
				<width>3.2</width>
			</LineStyle>
			<PolyStyle>
				<color>40ffffff</color>
			</PolyStyle>
			<BalloonStyle>
			</BalloonStyle>
		</Style>
	</gx:CascadingStyle>
	<StyleMap id="__managed_style_051857B1EF40DE0E2033">
		<Pair>
			<key>normal</key>
			<styleUrl>#__managed_style_051857B1EF40DE0E2033_normal</styleUrl>
		</Pair>
		<Pair>
			<key>highlight</key>
			<styleUrl>#__managed_style_051857B1EF40DE0E2033_highlight</styleUrl>
		</Pair>
	</StyleMap>
	<StyleMap id="__managed_style_0DDA84B01140DE0E2028">
		<Pair>
			<key>normal</key>
			<styleUrl>#__managed_style_0DDA84B01140DE0E2028_normal</styleUrl>
		</Pair>
		<Pair>
			<key>highlight</key>
			<styleUrl>#__managed_style_0DDA84B01140DE0E2028_highlight</styleUrl>
		</Pair>
	</StyleMap>
	<gx:CascadingStyle kml:id="__managed_style_34201C011B40DE0E2037_normal">
		<Style>
			<IconStyle>
				<Icon>
					<href>https://earth.google.com/earth/document/icon?color=7b1fa2&amp;id=2006&amp;scale=4</href>
				</Icon>
				<hotSpot x="64" y="128" xunits="pixels" yunits="insetPixels"/>
			</IconStyle>
			<LabelStyle>
				<scale>0</scale>
			</LabelStyle>
			<LineStyle>
				<color>ff2dc0fb</color>
				<width>3.2</width>
			</LineStyle>
			<PolyStyle>
				<color>40ffffff</color>
			</PolyStyle>
			<BalloonStyle>
			</BalloonStyle>
		</Style>
	</gx:CascadingStyle>
	<StyleMap id="__managed_style_2E79CF5BBE40DE0E2049">
		<Pair>
			<key>normal</key>
			<styleUrl>#__managed_style_2E79CF5BBE40DE0E2049_normal</styleUrl>
		</Pair>
		<Pair>
			<key>highlight</key>
			<styleUrl>#__managed_style_2E79CF5BBE40DE0E2049_highlight</styleUrl>
		</Pair>
	</StyleMap>
	<gx:CascadingStyle kml:id="__managed_style_033678781040DE0E2036_normal">
		<styleUrl>https://earth.google.com/balloon_components/base/1.1.0.0/card_template.kml#main</styleUrl>
		<Style>
			<IconStyle>
				<Icon>
					<href>https://earth.google.com/earth/document/icon?color=d32f2f&amp;id=2161&amp;scale=4</href>
				</Icon>
				<hotSpot x="64" y="128" xunits="pixels" yunits="insetPixels"/>
			</IconStyle>
			<LabelStyle>
				<scale>0</scale>
			</LabelStyle>
			<LineStyle>
				<color>ff2dc0fb</color>
				<width>3.2</width>
			</LineStyle>
			<PolyStyle>
				<color>40ffffff</color>
			</PolyStyle>
			<BalloonStyle>
			</BalloonStyle>
		</Style>
	</gx:CascadingStyle>
	<gx:CascadingStyle kml:id="__managed_style_067B8628DC40DE0E2041_normal">
		<Style>
			<IconStyle>
				<Icon>
					<href>https://earth.google.com/earth/document/icon?color=f57c00&amp;id=2130&amp;scale=4</href>
				</Icon>
				<hotSpot x="64" y="128" xunits="pixels" yunits="insetPixels"/>
			</IconStyle>
			<LabelStyle>
				<scale>0</scale>
			</LabelStyle>
			<LineStyle>
				<color>ff2dc0fb</color>
				<width>3.2</width>
			</LineStyle>
			<PolyStyle>
				<color>40ffffff</color>
			</PolyStyle>
			<BalloonStyle>
				<gx:displayMode>card</gx:displayMode>
			</BalloonStyle>
		</Style>
	</gx:CascadingStyle>
	<StyleMap id="__managed_style_5336ABC65D40DE0E2044">
		<Pair>
			<key>normal</key>
			<styleUrl>#__managed_style_5336ABC65D40DE0E2044_normal</styleUrl>
		</Pair>
		<Pair>
			<key>highlight</key>
			<styleUrl>#__managed_style_5336ABC65D40DE0E2044_highlight</styleUrl>
		</Pair>
	</StyleMap>
	<gx:CascadingStyle kml:id="__managed_style_3F4C1CBD8040DE0E2038_highlight">
		<Style>
			<IconStyle>
				<scale>1.2</scale>
				<Icon>
					<href>https://earth.google.com/earth/document/icon?color=303f9f&amp;id=2006&amp;scale=4</href>
				</Icon>
				<hotSpot x="64" y="128" xunits="pixels" yunits="insetPixels"/>
			</IconStyle>
			<LabelStyle>
				<scale>0</scale>
			</LabelStyle>
			<LineStyle>
				<color>ff2dc0fb</color>
				<width>4.8</width>
			</LineStyle>
			<PolyStyle>
				<color>40ffffff</color>
			</PolyStyle>
			<BalloonStyle>
				<gx:displayMode>card</gx:displayMode>
			</BalloonStyle>
		</Style>
	</gx:CascadingStyle>
	<gx:CascadingStyle kml:id="__managed_style_10239EDC4B40DE0E204C_normal">
		<Style>
			<IconStyle>
				<Icon>
					<href>https://earth.google.com/earth/document/icon?color=3500a5&amp;id=2006&amp;scale=4</href>
				</Icon>
				<hotSpot x="64" y="128" xunits="pixels" yunits="insetPixels"/>
			</IconStyle>
			<LabelStyle>
				<scale>0</scale>
			</LabelStyle>
			<LineStyle>
				<color>ff2dc0fb</color>
				<width>3.2</width>
			</LineStyle>
			<PolyStyle>
				<color>40ffffff</color>
			</PolyStyle>
			<BalloonStyle>
				<displayMode>hide</displayMode>
			</BalloonStyle>
		</Style>
	</gx:CascadingStyle>
	<StyleMap id="__managed_style_2E6DB1AAD340DE0E202C">
		<Pair>
			<key>normal</key>
			<styleUrl>#__managed_style_2E6DB1AAD340DE0E202C_normal</styleUrl>
		</Pair>
		<Pair>
			<key>highlight</key>
			<styleUrl>#__managed_style_2E6DB1AAD340DE0E202C_highlight</styleUrl>
		</Pair>
	</StyleMap>
	<Folder id="0E3D83095F32EDC7F015">
		<name>האנוי והו צ&apos;י מין</name>
		<styleUrl>#__managed_style_2E6DB1AAD340DE0E202C</styleUrl>
		<Folder id="08A42191FC342CA3C60E">
			<name>האנוי</name>
			<styleUrl>#__managed_style_2E6DB1AAD340DE0E202C</styleUrl>
			<Folder id="0F5B6E398635072B50FE">
				<name>אטרקציות ואתרים כלליים</name>
				<styleUrl>#__managed_style_2E6DB1AAD340DE0E202C</styleUrl>
				<Placemark id="0B0C5DFB912EAAC863D1">
					<name>Hanoi lotte observation deck - תצפית מומלץ לבדוק ולהזמין מראש</name>
					<LookAt>
						<longitude>105.8126333870045</longitude>
						<latitude>21.03212888451413</latitude>
						<altitude>10.97303225780681</altitude>
						<heading>-5.429720642393682</heading>
						<tilt>0.1203727238867302</tilt>
						<gx:fovy>35.00000000000001</gx:fovy>
						<range>300.6632260020342</range>
						<altitudeMode>absolute</altitudeMode>
					</LookAt>
					<styleUrl>#__managed_style_34201C011B40DE0E2037</styleUrl>
					<Point>
						<coordinates>105.8125404351973,21.03217016988281,10.40735820222431</coordinates>
					</Point>
				</Placemark>
				<Placemark id="0388A2A7F3341F783ADC">
					<name>Thong Nhat Park</name>
					<gx:mid>/g/1212gxkt</gx:mid>
					<gx:fid>0x3135ab8ee6df247f:0xe6183d662696d2e9</gx:fid>
					<LookAt>
						<longitude>105.8443279</longitude>
						<latitude>21.0169416</latitude>
						<altitude>0</altitude>
						<heading>0</heading>
						<tilt>0</tilt>
						<gx:fovy>35</gx:fovy>
						<range>978.3895522936884</range>
						<altitudeMode>relativeToGround</altitudeMode>
					</LookAt>
					<styleUrl>#__managed_style_1C4CA376BA40DE0E2031</styleUrl>
					<Point>
						<altitudeMode>relativeToGround</altitudeMode>
						<coordinates>105.8443279,21.0169416,0</coordinates>
					</Point>
				</Placemark>
				<Placemark id="01D229F81E342DF83741">
					<name>Temple Of Literature</name>
					<gx:mid>/m/0b9hjz</gx:mid>
					<gx:fid>0x3135ab9926e7bd67:0x580e078874d5df1e</gx:fid>
					<LookAt>
						<longitude>105.8356692</longitude>
						<latitude>21.0281175</latitude>
						<altitude>0</altitude>
						<heading>0</heading>
						<tilt>0</tilt>
						<gx:fovy>35</gx:fovy>
						<range>978.3079391990341</range>
						<altitudeMode>relativeToGround</altitudeMode>
					</LookAt>
					<styleUrl>#__managed_style_199CD3E10340DE0E2030</styleUrl>
					<Point>
						<altitudeMode>relativeToGround</altitudeMode>
						<coordinates>105.8356692,21.0281175,0</coordinates>
					</Point>
				</Placemark>
				<Placemark id="0DA4D105D0343C90D749">
					<name>Noi Bai International Airport</name>
					<gx:mid>/g/11l2c9j18k</gx:mid>
					<gx:fid>0x3135034a248131a5:0xe9c471391c201755</gx:fid>
					<LookAt>
						<longitude>105.8031846</longitude>
						<latitude>21.21449759999999</latitude>
						<altitude>0</altitude>
						<heading>0</heading>
						<tilt>0</tilt>
						<gx:fovy>35</gx:fovy>
						<range>976.9409618958235</range>
						<altitudeMode>relativeToGround</altitudeMode>
					</LookAt>
					<styleUrl>#__managed_style_3F9E25E8DA40DE0E204C</styleUrl>
					<Point>
						<altitudeMode>relativeToGround</altitudeMode>
						<coordinates>105.8031846,21.2144976,0</coordinates>
					</Point>
				</Placemark>
				<Placemark id="0FAAD2D0AA344B3E91B3">
					<name>Thang Long Water Puppet Theatre</name>
					<gx:mid>/g/1tdp2j4q</gx:mid>
					<gx:fid>0x3135abc013454289:0x4e5ea7a5d23aad1c</gx:fid>
					<LookAt>
						<longitude>105.8533466</longitude>
						<latitude>21.0316826</latitude>
						<altitude>0</altitude>
						<heading>0</heading>
						<tilt>0</tilt>
						<gx:fovy>35</gx:fovy>
						<range>978.2818962570666</range>
						<altitudeMode>relativeToGround</altitudeMode>
					</LookAt>
					<styleUrl>#__managed_style_1C7CEBA3B040DE0E2028</styleUrl>
					<Point>
						<altitudeMode>relativeToGround</altitudeMode>
						<coordinates>105.8533466,21.0316826,0</coordinates>
					</Point>
				</Placemark>
				<Placemark id="0B140BDF5F348AD77168">
					<name>Imperial Citadel of Thang Long</name>
					<gx:mid>/m/05zw9vk</gx:mid>
					<gx:fid>0x3135aba3381d7c49:0xb521a7d98f582937</gx:fid>
					<LookAt>
						<longitude>105.8402594</longitude>
						<latitude>21.0352231</latitude>
						<altitude>0</altitude>
						<heading>0</heading>
						<tilt>0</tilt>
						<gx:fovy>35</gx:fovy>
						<range>978.2560289710433</range>
						<altitudeMode>relativeToGround</altitudeMode>
					</LookAt>
					<styleUrl>#__managed_style_2F03EBE15A40DE0E2044</styleUrl>
					<Point>
						<altitudeMode>relativeToGround</altitudeMode>
						<coordinates>105.8402594,21.0352231,0</coordinates>
					</Point>
				</Placemark>
				<Placemark id="056479765F348AD9BBAB">
					<name>Tran Quoc Pagoda</name>
					<gx:mid>/m/05sz65z</gx:mid>
					<gx:fid>0x3135abaf1da7b7af:0x767aa83a09e92b6e</gx:fid>
					<LookAt>
						<longitude>105.8367341</longitude>
						<latitude>21.0478713</latitude>
						<altitude>0</altitude>
						<heading>0</heading>
						<tilt>0</tilt>
						<gx:fovy>35</gx:fovy>
						<range>978.1635868872776</range>
						<altitudeMode>relativeToGround</altitudeMode>
					</LookAt>
					<styleUrl>#__managed_style_199CD3E10340DE0E2030</styleUrl>
					<Point>
						<altitudeMode>relativeToGround</altitudeMode>
						<coordinates>105.8367341,21.0478713,0</coordinates>
					</Point>
				</Placemark>
				<Placemark id="0DFA7CE5D1349AB8EB30">
					<name>Bến đạp vịt Hồ Trúc Bạch - השכרת שייט</name>
					<gx:mid>/g/11rmt0hfd5</gx:mid>
					<gx:fid>0x3135ab1c4ab68afb:0x6d6ff6dcd1dc7cfc</gx:fid>
					<LookAt>
						<longitude>105.8375048</longitude>
						<latitude>21.0443335</latitude>
						<altitude>0</altitude>
						<heading>0</heading>
						<tilt>0</tilt>
						<gx:fovy>35</gx:fovy>
						<range>978.189448841045</range>
						<altitudeMode>relativeToGround</altitudeMode>
					</LookAt>
					<styleUrl>#__managed_style_1CCB5935EC40DE0E2034</styleUrl>
					<Point>
						<altitudeMode>relativeToGround</altitudeMode>
						<coordinates>105.8375048,21.0443335,0</coordinates>
					</Point>
				</Placemark>
				<Placemark id="0EB93EC3C9349DFCA1A6">
					<name>Emperor Ly Thai To Monument Statue</name>
					<gx:mid>/g/11b7sv_6rk</gx:mid>
					<gx:fid>0x3135abeae47b7d49:0xa1ef04051d6282c7</gx:fid>
					<LookAt>
						<longitude>105.854445</longitude>
						<latitude>21.0274878</latitude>
						<altitude>0</altitude>
						<heading>0</heading>
						<tilt>0</tilt>
						<gx:fovy>35</gx:fovy>
						<range>978.3125387126197</range>
						<altitudeMode>relativeToGround</altitudeMode>
					</LookAt>
					<styleUrl>#__managed_style_1C7CEBA3B040DE0E2028</styleUrl>
					<Point>
						<altitudeMode>relativeToGround</altitudeMode>
						<coordinates>105.854445,21.0274878,0</coordinates>
					</Point>
				</Placemark>
				<Placemark id="0FCA82A1AD3501F3381C">
					<name>One Pillar Pagoda</name>
					<gx:mid>/m/03mdcwc</gx:mid>
					<gx:fid>0x3135aba1728475ed:0xdbe7366fe9dfc2ae</gx:fid>
					<LookAt>
						<longitude>105.8336203</longitude>
						<latitude>21.0358515</latitude>
						<altitude>0</altitude>
						<heading>0</heading>
						<tilt>0</tilt>
						<gx:fovy>35</gx:fovy>
						<range>978.2514373895441</range>
						<altitudeMode>relativeToGround</altitudeMode>
					</LookAt>
					<styleUrl>#__managed_style_199CD3E10340DE0E2030</styleUrl>
					<Point>
						<altitudeMode>relativeToGround</altitudeMode>
						<coordinates>105.8336203,21.0358515,0</coordinates>
					</Point>
				</Placemark>
				<Placemark id="07922545C43502027D94">
					<name>Night market</name>
					<gx:mid>/g/11h7sjyxkj</gx:mid>
					<gx:fid>0x3135ab5bc21e5d45:0xb6a794a643761830</gx:fid>
					<LookAt>
						<longitude>105.8501274</longitude>
						<latitude>21.0352011</latitude>
						<altitude>0</altitude>
						<heading>0</heading>
						<tilt>0</tilt>
						<gx:fovy>35</gx:fovy>
						<range>978.2561897179352</range>
						<altitudeMode>relativeToGround</altitudeMode>
					</LookAt>
					<styleUrl>#__managed_style_1C7CEBA3B040DE0E2028</styleUrl>
					<Point>
						<altitudeMode>relativeToGround</altitudeMode>
						<coordinates>105.8508834371291,21.03362339709368,0</coordinates>
					</Point>
				</Placemark>
				<Placemark id="011C72BD68350203F085">
					<name>Ngoc Son Temple</name>
					<gx:mid>/m/0gtxhmt</gx:mid>
					<gx:fid>0x3135abc000809ea7:0xbb2716ec0282371d</gx:fid>
					<LookAt>
						<longitude>105.8523861</longitude>
						<latitude>21.0306883</latitude>
						<altitude>0</altitude>
						<heading>0</heading>
						<tilt>0</tilt>
						<gx:fovy>35</gx:fovy>
						<range>978.2891599980359</range>
						<altitudeMode>relativeToGround</altitudeMode>
					</LookAt>
					<styleUrl>#__managed_style_199CD3E10340DE0E2030</styleUrl>
					<Point>
						<altitudeMode>relativeToGround</altitudeMode>
						<coordinates>105.8523861,21.0306883,0</coordinates>
					</Point>
				</Placemark>
				<Placemark id="06FBEF8F2F3506089306">
					<name>Đầm sen chú chung Hồ Tây</name>
					<gx:mid>/g/11v0mtxhxc</gx:mid>
					<gx:fid>0x3135abd2a6a283b3:0x1b74278235f220ac</gx:fid>
					<LookAt>
						<longitude>105.8187159</longitude>
						<latitude>21.074009</latitude>
						<altitude>0</altitude>
						<heading>0</heading>
						<tilt>0</tilt>
						<gx:fovy>35</gx:fovy>
						<range>977.9723908819261</range>
						<altitudeMode>relativeToGround</altitudeMode>
					</LookAt>
					<styleUrl>#__managed_style_1C4CA376BA40DE0E2031</styleUrl>
					<Point>
						<altitudeMode>relativeToGround</altitudeMode>
						<coordinates>105.818557987866,21.07418104208293,0</coordinates>
					</Point>
				</Placemark>
				<Placemark id="0F1283E2F83B8B75B0A3">
					<gx:mid>/g/11b8tb29qt</gx:mid>
					<gx:fid>0x3135aba4007e1871:0x4700d3dac51f60c0</gx:fid>
					<LookAt>
						<longitude>105.83508205</longitude>
						<latitude>21.03791245</latitude>
						<altitude>0</altitude>
						<heading>0</heading>
						<tilt>0</tilt>
						<gx:fovy>35</gx:fovy>
						<range>978.2363775867771</range>
						<altitudeMode>relativeToGround</altitudeMode>
					</LookAt>
					<styleUrl>#__managed_style_1C4CA376BA40DE0E2031</styleUrl>
					<Point>
						<altitudeMode>relativeToGround</altitudeMode>
						<coordinates>105.8334281938079,21.03802332786647,0</coordinates>
					</Point>
				</Placemark>
				<Placemark id="014303CCFB35060C44C9">
					<name>Thung lũng hoa hồ Tây</name>
					<gx:mid>/g/11cm3y51s8</gx:mid>
					<gx:fid>0x3135aaf187a14047:0x668363dae64c6eda</gx:fid>
					<LookAt>
						<longitude>105.8197456</longitude>
						<latitude>21.0742133</latitude>
						<altitude>0</altitude>
						<heading>0</heading>
						<tilt>0</tilt>
						<gx:fovy>35</gx:fovy>
						<range>977.9708955720993</range>
						<altitudeMode>relativeToGround</altitudeMode>
					</LookAt>
					<styleUrl>#__managed_style_1C4CA376BA40DE0E2031</styleUrl>
					<Point>
						<altitudeMode>relativeToGround</altitudeMode>
						<coordinates>105.8196737523929,21.07420220616027,0</coordinates>
					</Point>
				</Placemark>
				<Placemark id="0A03B799AB35060CEAA0">
					<name>Hồ tròn Bách Thảo</name>
					<gx:mid>/g/11q84l7wfy</gx:mid>
					<gx:fid>0x3135ab88a17024f9:0x22d9b9267dc14b7f</gx:fid>
					<LookAt>
						<longitude>105.8304151</longitude>
						<latitude>21.0401576</latitude>
						<altitude>0</altitude>
						<heading>0</heading>
						<tilt>0</tilt>
						<gx:fovy>35</gx:fovy>
						<range>978.2199702403334</range>
						<altitudeMode>relativeToGround</altitudeMode>
					</LookAt>
					<styleUrl>#__managed_style_1C4CA376BA40DE0E2031</styleUrl>
					<Point>
						<altitudeMode>relativeToGround</altitudeMode>
						<coordinates>105.8304151,21.0401576,0</coordinates>
					</Point>
				</Placemark>
				<Placemark id="060DA779BE350616BD33">
					<name>Hoàn Kiếm Lakeי</name>
					<gx:mid>/m/0gp65w</gx:mid>
					<gx:fid>0x3135ab953357c995:0x1babf6bb4f9a20e</gx:fid>
					<LookAt>
						<longitude>105.8523647</longitude>
						<latitude>21.02877475</latitude>
						<altitude>0</altitude>
						<heading>0</heading>
						<tilt>0</tilt>
						<gx:fovy>35</gx:fovy>
						<range>978.3031383161139</range>
						<altitudeMode>relativeToGround</altitudeMode>
					</LookAt>
					<styleUrl>#__managed_style_1F8D4144F140DE0E202B</styleUrl>
					<Point>
						<altitudeMode>relativeToGround</altitudeMode>
						<coordinates>105.8521484,21.0286669,0</coordinates>
					</Point>
				</Placemark>
				<Placemark id="005157E1463506208649">
					<name>Grand World Hà Nội</name>
					<gx:mid>/g/11kk09z_9n</gx:mid>
					<gx:fid>0x3135a51517be0885:0x13ef2091b6f7d888</gx:fid>
					<LookAt>
						<longitude>105.9754431</longitude>
						<latitude>20.9536607</latitude>
						<altitude>0</altitude>
						<heading>0</heading>
						<tilt>0</tilt>
						<gx:fovy>35</gx:fovy>
						<range>978.8509091174217</range>
						<altitudeMode>relativeToGround</altitudeMode>
					</LookAt>
					<styleUrl>#__managed_style_19C75F175E40DE0E2044</styleUrl>
					<Point>
						<altitudeMode>relativeToGround</altitudeMode>
						<coordinates>105.979412362433,20.95511526809761,0</coordinates>
					</Point>
				</Placemark>
				<Placemark id="0C4C777686350621232A">
					<name>Grand World Hanoi - ונציה </name>
					<LookAt>
						<longitude>105.9752468632035</longitude>
						<latitude>20.95392356961275</latitude>
						<altitude>3.071262843788649</altitude>
						<heading>359.9999689281703</heading>
						<tilt>0</tilt>
						<gx:fovy>35.00088685223523</gx:fovy>
						<range>811.582090951415</range>
						<altitudeMode>absolute</altitudeMode>
					</LookAt>
					<styleUrl>#__managed_style_5336ABC65D40DE0E2044</styleUrl>
					<Polygon>
						<outerBoundaryIs>
							<LinearRing>
								<coordinates>
									105.9751999665767,20.95420587613914,0 105.9756876703723,20.95312403892202,0 105.9772295352475,20.95352547060704,0 105.9787074370126,20.95397474193125,0 105.9798430731857,20.95448355103204,0 105.9811989583639,20.9551774442044,0 105.9819290871596,20.95568347293508,0 105.9831703973614,20.95663626103656,0 105.983654738106,20.9570928423249,0 105.9833730869255,20.95764437518577,0 105.9802235732436,20.95631465694066,0 105.9780556898581,20.9554094802957,0 105.9751999665767,20.95420587613914,0 
								</coordinates>
							</LinearRing>
						</outerBoundaryIs>
					</Polygon>
				</Placemark>
				<Placemark id="084DFC1363350625895D">
					<name>Kinh Đô Square </name>
					<gx:mid>/g/11y5b60qkw</gx:mid>
					<gx:fid>0x3135a500246970af:0xb1b5b9602df3df0e</gx:fid>
					<LookAt>
						<longitude>105.97725</longitude>
						<latitude>20.945655</latitude>
						<altitude>0</altitude>
						<heading>0</heading>
						<tilt>0</tilt>
						<gx:fovy>35</gx:fovy>
						<range>978.9091837611744</range>
						<altitudeMode>relativeToGround</altitudeMode>
					</LookAt>
					<styleUrl>#__managed_style_1F8D4144F140DE0E202B</styleUrl>
					<Point>
						<altitudeMode>relativeToGround</altitudeMode>
						<coordinates>105.9776333667809,20.94550616492043,0</coordinates>
					</Point>
				</Placemark>
				<Placemark id="0F5DF5A3B6350627F565">
					<name>Hanoi Big Church - Nhà Thờ Lớn Hà Nội - כיכר ראשית וכנסייה</name>
					<gx:mid>/g/11v69jj9kh</gx:mid>
					<gx:fid>0x3135ab711e2acccf:0xa458537c74127b4b</gx:fid>
					<LookAt>
						<longitude>105.8491932</longitude>
						<latitude>21.0287841</latitude>
						<altitude>0</altitude>
						<heading>0</heading>
						<tilt>0</tilt>
						<gx:fovy>35</gx:fovy>
						<range>978.303070018032</range>
						<altitudeMode>relativeToGround</altitudeMode>
					</LookAt>
					<styleUrl>#__managed_style_1F8D4144F140DE0E202B</styleUrl>
					<Point>
						<altitudeMode>relativeToGround</altitudeMode>
						<coordinates>105.8491932,21.0287841,0</coordinates>
					</Point>
				</Placemark>
				<Placemark id="0D9AFF602339E8F52B74">
					<name>Nhà Ga Thủy Phi Cơ Hồ Tây</name>
					<snippet></snippet>
					<gx:mid>/g/11rcx2gqls</gx:mid>
					<gx:fid>0x3135ab184dea8857:0xa23106bbae1a13e9</gx:fid>
					<LookAt>
						<longitude>105.8336878</longitude>
						<latitude>21.044008</latitude>
						<altitude>0</altitude>
						<heading>0</heading>
						<tilt>0</tilt>
						<gx:fovy>35</gx:fovy>
						<range>978.1918281023156</range>
						<altitudeMode>relativeToGround</altitudeMode>
					</LookAt>
					<styleUrl>#__managed_style_6B7F756DE940DE0E2030</styleUrl>
					<Point>
						<altitudeMode>relativeToGround</altitudeMode>
						<coordinates>105.8336878,21.044008,0</coordinates>
					</Point>
				</Placemark>
				<Placemark id="0F7E6FB7F23B0C25E880">
					<gx:mid>/g/11w92zttt2</gx:mid>
					<gx:fid>0x3135a50016a80a2d:0x597664c9fa24918d</gx:fid>
					<LookAt>
						<longitude>105.9781813</longitude>
						<latitude>20.9527224</latitude>
						<altitude>0</altitude>
						<heading>0</heading>
						<tilt>0</tilt>
						<gx:fovy>35</gx:fovy>
						<range>978.8577402058445</range>
						<altitudeMode>relativeToGround</altitudeMode>
					</LookAt>
					<styleUrl>#__managed_style_1C7CEBA3B040DE0E2028</styleUrl>
					<Point>
						<altitudeMode>relativeToGround</altitudeMode>
						<coordinates>105.9781813,20.9527224,0</coordinates>
					</Point>
				</Placemark>
				<Placemark id="03EEF1B50D3B0C270043">
					<gx:mid>/g/11scnm7gq4</gx:mid>
					<gx:fid>0x3135ab6ad059b3f3:0x94da406031625c16</gx:fid>
					<LookAt>
						<longitude>105.8530717</longitude>
						<latitude>21.0315956</latitude>
						<altitude>0</altitude>
						<heading>0</heading>
						<tilt>0</tilt>
						<gx:fovy>35</gx:fovy>
						<range>978.2825318379654</range>
						<altitudeMode>relativeToGround</altitudeMode>
					</LookAt>
					<styleUrl>#__managed_style_1C7CEBA3B040DE0E2028</styleUrl>
					<Point>
						<altitudeMode>relativeToGround</altitudeMode>
						<coordinates>105.8518686320244,21.03185806495299,0</coordinates>
					</Point>
				</Placemark>
				<Placemark id="0E12A1621D3B0C2794AF">
					<name>שוק לילה</name>
					<LookAt>
						<longitude>105.8509016659562</longitude>
						<latitude>21.03353528388754</latitude>
						<altitude>15.33649104376836</altitude>
						<heading>4.287539472208577e-08</heading>
						<tilt>0.08087432232751558</tilt>
						<gx:fovy>35</gx:fovy>
						<range>780.139174239157</range>
						<altitudeMode>absolute</altitudeMode>
					</LookAt>
					<styleUrl>#__managed_style_1539C12E5940DE0E203F</styleUrl>
					<LineString>
						<coordinates>
							105.8513450393306,21.03239827263169,0 105.8511255220479,21.03310311506531,0 105.85068531641,21.03404565263357,0 105.8500783200636,21.03522553733572,0 
						</coordinates>
					</LineString>
				</Placemark>
				<Placemark id="0EB3483C953B5A17CA13">
					<name>רחוב צרפתי יפה</name>
					<LookAt>
						<longitude>105.9755449138003</longitude>
						<latitude>20.94862286376038</latitude>
						<altitude>3.022872216416546</altitude>
						<heading>0</heading>
						<tilt>0</tilt>
						<gx:fovy>35</gx:fovy>
						<range>1166.736432488251</range>
						<altitudeMode>absolute</altitudeMode>
					</LookAt>
					<styleUrl>#__managed_style_1539C12E5940DE0E203F</styleUrl>
					<LineString>
						<coordinates>
							105.9789128805532,20.94287505410073,0 105.977362096536,20.94612752011712,0 105.9753484512147,20.95023639170629,0 
						</coordinates>
					</LineString>
				</Placemark>
			</Folder>
			<Folder id="0C7F7E45433507285B68">
				<name>מוזיאונים</name>
				<styleUrl>#__managed_style_33D814B26940DE0E202C</styleUrl>
				<Placemark id="03C93EDEEC350602D27B">
					<name>Air Force and Air Defence Museum</name>
					<gx:mid>/g/11b6c9zhj7</gx:mid>
					<gx:fid>0x3135ac7d5f4350c9:0xb6729d0a4dc85e58</gx:fid>
					<LookAt>
						<longitude>105.8291537</longitude>
						<latitude>20.9990365</latitude>
						<altitude>0</altitude>
						<heading>0</heading>
						<tilt>0</tilt>
						<gx:fovy>35</gx:fovy>
						<range>978.5202222605149</range>
						<altitudeMode>relativeToGround</altitudeMode>
					</LookAt>
					<styleUrl>#__managed_style_3CDF7CBFFC40DE0E2034</styleUrl>
					<Point>
						<altitudeMode>relativeToGround</altitudeMode>
						<coordinates>105.8291537,20.9990365,0</coordinates>
					</Point>
				</Placemark>
				<Placemark id="061CB0FDCA350617E059">
					<name>B52 Victory Museum - מוזיאון צבא</name>
					<gx:mid>/g/121dczzt</gx:mid>
					<gx:fid>0x3135ab0b03755d2b:0x380e189f02bacb07</gx:fid>
					<LookAt>
						<longitude>105.8261673</longitude>
						<latitude>21.0350244</latitude>
						<altitude>0</altitude>
						<heading>0</heading>
						<tilt>0</tilt>
						<gx:fovy>35</gx:fovy>
						<range>978.2574808020972</range>
						<altitudeMode>relativeToGround</altitudeMode>
					</LookAt>
					<styleUrl>#__managed_style_03D689C32840DE0E2038</styleUrl>
					<Point>
						<altitudeMode>relativeToGround</altitudeMode>
						<coordinates>105.8261646,21.0349932,0</coordinates>
					</Point>
				</Placemark>
				<Placemark id="0D059AD8D735062BA781">
					<name>Vietnam Military History Museum - מוזיאון צבא</name>
					<gx:mid>/m/05f8zck</gx:mid>
					<gx:fid>0x3135aba2b73d5d13:0xa6a0ef366328a0b1</gx:fid>
					<LookAt>
						<longitude>105.7541035</longitude>
						<latitude>21.0102762</latitude>
						<altitude>0</altitude>
						<heading>0</heading>
						<tilt>0</tilt>
						<gx:fovy>35</gx:fovy>
						<range>978.4382078946163</range>
						<altitudeMode>relativeToGround</altitudeMode>
					</LookAt>
					<styleUrl>#__managed_style_03D689C32840DE0E2038</styleUrl>
					<Point>
						<altitudeMode>relativeToGround</altitudeMode>
						<coordinates>105.7541035,21.0102762,0</coordinates>
					</Point>
				</Placemark>
				<Placemark id="06B34D6A5837F6DABCF4">
					<name>Hanoi Flagtower</name>
					<gx:mid>/m/0f4qt8</gx:mid>
					<gx:fid>0x3135aba2ba5b95c5:0xb86cf11749978de0</gx:fid>
					<LookAt>
						<longitude>105.8398039</longitude>
						<latitude>21.0325556</latitude>
						<altitude>0</altitude>
						<heading>0</heading>
						<tilt>0</tilt>
						<gx:fovy>35</gx:fovy>
						<range>978.275518396699</range>
						<altitudeMode>relativeToGround</altitudeMode>
					</LookAt>
					<styleUrl>#__managed_style_3CDF7CBFFC40DE0E2034</styleUrl>
					<Point>
						<altitudeMode>relativeToGround</altitudeMode>
						<coordinates>105.8398039,21.0325556,0</coordinates>
					</Point>
				</Placemark>
			</Folder>
			<Folder id="09297F7E41350729C1DA">
				<name>שופינג</name>
				<styleUrl>#__managed_style_33D814B26940DE0E202C</styleUrl>
				<Placemark id="091A524CE83501ED52F7">
					<name>Vincom Center Bà Triệu</name>
					<gx:mid>/g/1ywpnmd_t</gx:mid>
					<gx:fid>0x3135ac0f33bf8dad:0x31d0e909c37a459f</gx:fid>
					<LookAt>
						<longitude>105.8495797</longitude>
						<latitude>21.0108794</latitude>
						<altitude>0</altitude>
						<heading>0</heading>
						<tilt>0</tilt>
						<gx:fovy>35</gx:fovy>
						<range>978.433805287502</range>
						<altitudeMode>relativeToGround</altitudeMode>
					</LookAt>
					<styleUrl>#__managed_style_1BA9B1708640DE0E202F</styleUrl>
					<Point>
						<altitudeMode>relativeToGround</altitudeMode>
						<coordinates>105.8495797,21.0108794,0</coordinates>
					</Point>
				</Placemark>
				<Placemark id="0C32B2EBDD350604043C">
					<name>Vincom Mega Mall Royal City</name>
					<gx:mid>/g/11ld5jj2hx</gx:mid>
					<gx:fid>0x3135ad490c3331c5:0x38cce1b37de2c3f6</gx:fid>
					<LookAt>
						<longitude>105.8151956</longitude>
						<latitude>21.0021365</latitude>
						<altitude>0</altitude>
						<heading>0</heading>
						<tilt>0</tilt>
						<gx:fovy>35</gx:fovy>
						<range>978.4976060959873</range>
						<altitudeMode>relativeToGround</altitudeMode>
					</LookAt>
					<styleUrl>#__managed_style_1BA9B1708640DE0E202F</styleUrl>
					<Point>
						<altitudeMode>relativeToGround</altitudeMode>
						<coordinates>105.8154673703392,21.00273793278712,0</coordinates>
					</Point>
				</Placemark>
				<Placemark id="03C3AAC976343B479987">
					<name>Vincom Center Trần Duy Hưng</name>
					<gx:mid>/g/11fkvpvmg7</gx:mid>
					<gx:fid>0x3135adb1e9b63c6b:0xc7ad968c046d18fa</gx:fid>
					<LookAt>
						<longitude>105.7958258</longitude>
						<latitude>21.00680209999999</latitude>
						<altitude>0</altitude>
						<heading>0</heading>
						<tilt>0</tilt>
						<gx:fovy>35</gx:fovy>
						<range>978.463562209575</range>
						<altitudeMode>relativeToGround</altitudeMode>
					</LookAt>
					<styleUrl>#__managed_style_1BA9B1708640DE0E202F</styleUrl>
					<Point>
						<altitudeMode>relativeToGround</altitudeMode>
						<coordinates>105.7958216,21.0067868,0</coordinates>
					</Point>
				</Placemark>
				<Placemark id="03149D1B1435020367C0">
					<name>Đồng Xuân Market</name>
					<gx:mid>/m/09v1r31</gx:mid>
					<gx:fid>0x3135abb8e6c24487:0xd9def483e7f217e6</gx:fid>
					<LookAt>
						<longitude>105.8500387</longitude>
						<latitude>21.0381434</latitude>
						<altitude>0</altitude>
						<heading>0</heading>
						<tilt>0</tilt>
						<gx:fovy>35</gx:fovy>
						<range>978.2346899005664</range>
						<altitudeMode>relativeToGround</altitudeMode>
					</LookAt>
					<styleUrl>#__managed_style_1BA9B1708640DE0E202F</styleUrl>
					<Point>
						<altitudeMode>relativeToGround</altitudeMode>
						<coordinates>105.8500387,21.0381434,0</coordinates>
					</Point>
				</Placemark>
				<Placemark id="3C11372F4039E8F52B74">
					<name>Lotte Mall West Lake Hanoi</name>
					<snippet></snippet>
					<gx:mid>/g/11krpssffw</gx:mid>
					<gx:fid>0x3135ab309606b251:0xeb429f7b5637162c</gx:fid>
					<LookAt>
						<longitude>105.812662</longitude>
						<latitude>21.0759511</latitude>
						<altitude>0</altitude>
						<heading>0</heading>
						<tilt>0</tilt>
						<gx:fovy>35</gx:fovy>
						<range>977.9581757470233</range>
						<altitudeMode>relativeToGround</altitudeMode>
					</LookAt>
					<styleUrl>#__managed_style_081EB90E6F40DE0E204B</styleUrl>
					<Point>
						<altitudeMode>relativeToGround</altitudeMode>
						<coordinates>105.812662,21.0759511,0</coordinates>
					</Point>
				</Placemark>
				<Placemark id="00BEE811FE3B5B5B0A24">
					<gx:mid>/g/11wqw7tkcy</gx:mid>
					<gx:fid>0x3135a5004d569c29:0x664f78567bdb3abb</gx:fid>
					<LookAt>
						<longitude>105.9751024</longitude>
						<latitude>20.9520601</latitude>
						<altitude>0</altitude>
						<heading>0</heading>
						<tilt>0</tilt>
						<gx:fovy>35</gx:fovy>
						<range>978.8625617658374</range>
						<altitudeMode>relativeToGround</altitudeMode>
					</LookAt>
					<styleUrl>#__managed_style_1BA9B1708640DE0E202F</styleUrl>
					<Point>
						<altitudeMode>relativeToGround</altitudeMode>
						<coordinates>105.9751024,20.9520601,0</coordinates>
					</Point>
				</Placemark>
			</Folder>
			<Folder id="0F713B11033507209086">
				<name>בתי קפה</name>
				<styleUrl>#__managed_style_33D814B26940DE0E202C</styleUrl>
				<Placemark id="06DD8AC7F335025668A7">
					<name>CoBa Bakery</name>
					<gx:mid>/g/11t5y3xm90</gx:mid>
					<gx:fid>0x3135ab717711761d:0xb0a8028d3731b8f0</gx:fid>
					<LookAt>
						<longitude>105.8500523</longitude>
						<latitude>21.0318855</latitude>
						<altitude>0</altitude>
						<heading>0</heading>
						<tilt>0</tilt>
						<gx:fovy>35</gx:fovy>
						<range>978.2804139560611</range>
						<altitudeMode>relativeToGround</altitudeMode>
					</LookAt>
					<styleUrl>#__managed_style_2C903B9DC640DE0E2030</styleUrl>
					<Point>
						<altitudeMode>relativeToGround</altitudeMode>
						<coordinates>105.8500697,21.0318621,0</coordinates>
					</Point>
				</Placemark>
				<Placemark id="01C04BB133350256BD07">
					<name>The Hanoi Social Club</name>
					<gx:mid>/g/1v3hxfw0</gx:mid>
					<gx:fid>0x3135ab96719d8a8d:0x6143636a1422c469</gx:fid>
					<LookAt>
						<longitude>105.8460771</longitude>
						<latitude>21.0291203</latitude>
						<altitude>0</altitude>
						<heading>0</heading>
						<tilt>0</tilt>
						<gx:fovy>35</gx:fovy>
						<range>978.3006141902482</range>
						<altitudeMode>relativeToGround</altitudeMode>
					</LookAt>
					<styleUrl>#__managed_style_2C903B9DC640DE0E2030</styleUrl>
					<Point>
						<altitudeMode>relativeToGround</altitudeMode>
						<coordinates>105.8460762,21.0291202,0</coordinates>
					</Point>
				</Placemark>
				<Placemark id="078E02E4A9350256FD5C">
					<name>Nola Cafe &amp; Bar</name>
					<gx:mid>/g/11s4cdx8tw</gx:mid>
					<gx:fid>0x3135ab3d56e72d0f:0xda7783c8c1783743</gx:fid>
					<LookAt>
						<longitude>105.8534812</longitude>
						<latitude>21.0343596</latitude>
						<altitude>0</altitude>
						<heading>0</heading>
						<tilt>0</tilt>
						<gx:fovy>35</gx:fovy>
						<range>978.2623381696824</range>
						<altitudeMode>relativeToGround</altitudeMode>
					</LookAt>
					<styleUrl>#__managed_style_2C903B9DC640DE0E2030</styleUrl>
					<Point>
						<altitudeMode>relativeToGround</altitudeMode>
						<coordinates>105.8534812,21.0343596,0</coordinates>
					</Point>
				</Placemark>
				<Placemark id="0BD52C64B0350257A56B">
					<name>Hidden Gem Cafe Hanoi</name>
					<gx:mid>/g/11h54gs4b7</gx:mid>
					<gx:fid>0x3135ab22da9ec48d:0x8c6411cf507e6c76</gx:fid>
					<LookAt>
						<longitude>105.8551911</longitude>
						<latitude>21.0337446</latitude>
						<altitude>0</altitude>
						<heading>0</heading>
						<tilt>0</tilt>
						<gx:fovy>35</gx:fovy>
						<range>978.2668315465007</range>
						<altitudeMode>relativeToGround</altitudeMode>
					</LookAt>
					<styleUrl>#__managed_style_2C903B9DC640DE0E2030</styleUrl>
					<Point>
						<altitudeMode>relativeToGround</altitudeMode>
						<coordinates>105.8551911,21.0337446,0</coordinates>
					</Point>
				</Placemark>
				<Placemark id="0A7E872D47350258860D">
					<name>Ca Bop (Egg Coffee)</name>
					<gx:mid>/g/11qzv4lm9n</gx:mid>
					<gx:fid>0x3135abe89a849d99:0xaed2a06979034729</gx:fid>
					<LookAt>
						<longitude>105.8472117</longitude>
						<latitude>21.0354177</latitude>
						<altitude>0</altitude>
						<heading>0</heading>
						<tilt>0</tilt>
						<gx:fovy>35</gx:fovy>
						<range>978.2546070849394</range>
						<altitudeMode>relativeToGround</altitudeMode>
					</LookAt>
					<styleUrl>#__managed_style_2C903B9DC640DE0E2030</styleUrl>
					<Point>
						<altitudeMode>relativeToGround</altitudeMode>
						<coordinates>105.8472117,21.0354177,0</coordinates>
					</Point>
				</Placemark>
				<Placemark id="0BB2CB52CD350258F600">
					<name>Nosan Coffee &amp; Tea</name>
					<gx:mid>/g/11lcjhhgl8</gx:mid>
					<gx:fid>0x3135ab07be37dec1:0xd48e160fce2c1f5b</gx:fid>
					<LookAt>
						<longitude>105.8478345</longitude>
						<latitude>21.0343853</latitude>
						<altitude>0</altitude>
						<heading>0</heading>
						<tilt>0</tilt>
						<gx:fovy>35</gx:fovy>
						<range>978.2621503950272</range>
						<altitudeMode>relativeToGround</altitudeMode>
					</LookAt>
					<styleUrl>#__managed_style_2C903B9DC640DE0E2030</styleUrl>
					<Point>
						<altitudeMode>relativeToGround</altitudeMode>
						<coordinates>105.8478345,21.0343853,0</coordinates>
					</Point>
				</Placemark>
				<Placemark id="0C359259823506178049">
					<name>HaNoi Coffee Station</name>
					<gx:mid>/g/11srgclqfp</gx:mid>
					<gx:fid>0x3135ab61b9dde93b:0xc36853902fe5a05f</gx:fid>
					<LookAt>
						<longitude>105.8537521</longitude>
						<latitude>21.0327955</latitude>
						<altitude>0</altitude>
						<heading>0</heading>
						<tilt>0</tilt>
						<gx:fovy>35</gx:fovy>
						<range>978.2737657206516</range>
						<altitudeMode>relativeToGround</altitudeMode>
					</LookAt>
					<styleUrl>#__managed_style_2C903B9DC640DE0E2030</styleUrl>
					<Point>
						<altitudeMode>relativeToGround</altitudeMode>
						<coordinates>105.8537612,21.0327958,0</coordinates>
					</Point>
				</Placemark>
				<Placemark id="0B287D39E5350618BB2F">
					<name>The Note Coffee</name>
					<gx:mid>/g/1263t5y9t</gx:mid>
					<gx:fid>0x3135abbfc294b397:0xd53005101f42b4af</gx:fid>
					<LookAt>
						<longitude>105.8507062</longitude>
						<latitude>21.0313202</latitude>
						<altitude>0</altitude>
						<heading>0</heading>
						<tilt>0</tilt>
						<gx:fovy>35</gx:fovy>
						<range>978.2845437642068</range>
						<altitudeMode>relativeToGround</altitudeMode>
					</LookAt>
					<styleUrl>#__managed_style_2C903B9DC640DE0E2030</styleUrl>
					<Point>
						<altitudeMode>relativeToGround</altitudeMode>
						<coordinates>105.8508441920988,21.03149731580184,0</coordinates>
					</Point>
				</Placemark>
				<Placemark id="0F18C8269E35061D0BE6">
					<name>O:me Café</name>
					<gx:mid>/g/11tctjjz5z</gx:mid>
					<gx:fid>0x3135abb9585ef015:0x639c10f348bb83ea</gx:fid>
					<LookAt>
						<longitude>105.8234583</longitude>
						<latitude>21.0155216</latitude>
						<altitude>0</altitude>
						<heading>0</heading>
						<tilt>0</tilt>
						<gx:fovy>35</gx:fovy>
						<range>978.3999191043839</range>
						<altitudeMode>relativeToGround</altitudeMode>
					</LookAt>
					<styleUrl>#__managed_style_2C903B9DC640DE0E2030</styleUrl>
					<Point>
						<altitudeMode>relativeToGround</altitudeMode>
						<coordinates>105.8234678,21.0155171,0</coordinates>
					</Point>
				</Placemark>
				<Placemark id="0C0933AB7F3501EB39E6">
					<name>Always Cafe - A magical wizard cafe</name>
					<gx:mid>/g/11qrkqkm7k</gx:mid>
					<gx:fid>0x3135ab66d2d70177:0xb065ba9848f95236</gx:fid>
					<LookAt>
						<longitude>105.8548009</longitude>
						<latitude>21.0335357</latitude>
						<altitude>0</altitude>
						<heading>0</heading>
						<tilt>0</tilt>
						<gx:fovy>35</gx:fovy>
						<range>978.2683578056767</range>
						<altitudeMode>relativeToGround</altitudeMode>
					</LookAt>
					<styleUrl>#__managed_style_2C903B9DC640DE0E2030</styleUrl>
					<Point>
						<altitudeMode>relativeToGround</altitudeMode>
						<coordinates>105.8548434,21.0335417,0</coordinates>
					</Point>
				</Placemark>
				<Placemark id="056D12D4A23501EC6BD6">
					<name>Bancông Cafe &amp; Restaurant</name>
					<gx:mid>/g/11h5411lf0</gx:mid>
					<gx:fid>0x3135abb2f0780dd1:0xe1da2a3e23851876</gx:fid>
					<LookAt>
						<longitude>105.8519764</longitude>
						<latitude>21.0337234</latitude>
						<altitude>0</altitude>
						<heading>0</heading>
						<tilt>0</tilt>
						<gx:fovy>35</gx:fovy>
						<range>978.2669864379714</range>
						<altitudeMode>relativeToGround</altitudeMode>
					</LookAt>
					<styleUrl>#__managed_style_2C903B9DC640DE0E2030</styleUrl>
					<Point>
						<altitudeMode>relativeToGround</altitudeMode>
						<coordinates>105.8519764,21.0337234,0</coordinates>
					</Point>
				</Placemark>
				<Placemark id="0FCBB2457C35020960B2">
					<name>Giao Mua coffee</name>
					<gx:mid>/g/11vj1wfvr9</gx:mid>
					<gx:fid>0x3135ab93a46b07b5:0x80777a4ef5fe5c88</gx:fid>
					<LookAt>
						<longitude>105.8540972</longitude>
						<latitude>21.031368</latitude>
						<altitude>0</altitude>
						<heading>0</heading>
						<tilt>0</tilt>
						<gx:fovy>35</gx:fovy>
						<range>978.2841945645247</range>
						<altitudeMode>relativeToGround</altitudeMode>
					</LookAt>
					<styleUrl>#__managed_style_2C903B9DC640DE0E2030</styleUrl>
					<Point>
						<altitudeMode>relativeToGround</altitudeMode>
						<coordinates>105.8540972,21.031368,0</coordinates>
					</Point>
				</Placemark>
				<Placemark id="03C5F2A6AF35AB982B61">
					<name>Hanoi 1990s</name>
					<snippet></snippet>
					<gx:mid>/g/11fmpcq9_d</gx:mid>
					<gx:fid>0x3135abf5146f330f:0x5ea70e4ed99534c3</gx:fid>
					<LookAt>
						<longitude>105.8411753</longitude>
						<latitude>21.017194</latitude>
						<altitude>0</altitude>
						<heading>0</heading>
						<tilt>0</tilt>
						<gx:fovy>35</gx:fovy>
						<range>978.3877095616864</range>
						<altitudeMode>relativeToGround</altitudeMode>
					</LookAt>
					<styleUrl>#__managed_style_1F182031D140DE0E2038</styleUrl>
					<Point>
						<altitudeMode>relativeToGround</altitudeMode>
						<coordinates>105.8411753,21.017194,0</coordinates>
					</Point>
				</Placemark>
			</Folder>
			<Folder id="0BD53CC8D73507265B18">
				<name>מסעדות</name>
				<styleUrl>#__managed_style_33D814B26940DE0E202C</styleUrl>
				<Placemark id="066EC8E7F53501F057F3">
					<name>Tầm vị</name>
					<gx:mid>/g/11fl7py66z</gx:mid>
					<gx:fid>0x3135ab69ebcf8dab:0x3bbee968f14bcc36</gx:fid>
					<LookAt>
						<longitude>105.8394556</longitude>
						<latitude>21.0290273</latitude>
						<altitude>0</altitude>
						<heading>0</heading>
						<tilt>0</tilt>
						<gx:fovy>35</gx:fovy>
						<range>978.3012935275682</range>
						<altitudeMode>relativeToGround</altitudeMode>
					</LookAt>
					<styleUrl>#__managed_style_0DDA84B01140DE0E2028</styleUrl>
					<Point>
						<altitudeMode>relativeToGround</altitudeMode>
						<coordinates>105.8394739,21.029024,0</coordinates>
					</Point>
				</Placemark>
				<Placemark id="0FFB7F0557350250E01D">
					<name>Banh Mi 25</name>
					<gx:mid>/g/11tw_4rt41</gx:mid>
					<gx:fid>0x3135ab74bb3716b5:0xebfbc0d84354deb3</gx:fid>
					<LookAt>
						<longitude>105.848577</longitude>
						<latitude>21.036113</latitude>
						<altitude>0</altitude>
						<heading>0</heading>
						<tilt>0</tilt>
						<gx:fovy>35</gx:fovy>
						<range>978.2495266287531</range>
						<altitudeMode>relativeToGround</altitudeMode>
					</LookAt>
					<styleUrl>#__managed_style_0DDA84B01140DE0E2028</styleUrl>
					<Point>
						<altitudeMode>relativeToGround</altitudeMode>
						<coordinates>105.848577,21.036113,0</coordinates>
					</Point>
				</Placemark>
				<Placemark id="0284C319333502519339">
					<name>MẸT Vietnamese Restaurant &amp; Vegetarian Met 2</name>
					<gx:mid>/g/11szbz_z8y</gx:mid>
					<gx:fid>0x3135ab2c7beb29ad:0xa0c930717b21b67a</gx:fid>
					<LookAt>
						<longitude>105.850361</longitude>
						<latitude>21.0327784</latitude>
						<altitude>0</altitude>
						<heading>0</heading>
						<tilt>0</tilt>
						<gx:fovy>35</gx:fovy>
						<range>978.2738906514869</range>
						<altitudeMode>relativeToGround</altitudeMode>
					</LookAt>
					<styleUrl>#__managed_style_0DDA84B01140DE0E2028</styleUrl>
					<Point>
						<altitudeMode>relativeToGround</altitudeMode>
						<coordinates>105.85033,21.0327643,0</coordinates>
					</Point>
				</Placemark>
				<Placemark id="0A2044FE98350252160A">
					<name>Banh mi Long Hoi</name>
					<gx:mid>/g/11snq237nj</gx:mid>
					<gx:fid>0x3135abbfb67d00af:0xf878acf22b0f18eb</gx:fid>
					<LookAt>
						<longitude>105.85397</longitude>
						<latitude>21.0321033</latitude>
						<altitude>0</altitude>
						<heading>0</heading>
						<tilt>0</tilt>
						<gx:fovy>35</gx:fovy>
						<range>978.2788227872627</range>
						<altitudeMode>relativeToGround</altitudeMode>
					</LookAt>
					<styleUrl>#__managed_style_0DDA84B01140DE0E2028</styleUrl>
					<Point>
						<altitudeMode>relativeToGround</altitudeMode>
						<coordinates>105.85397,21.0321033,0</coordinates>
					</Point>
				</Placemark>
				<Placemark id="0D19C985643502526728">
					<name>Pizza 4P’s Bao Khanh</name>
					<gx:mid>/g/11bw46_k6g</gx:mid>
					<gx:fid>0x3135ab95850c0c9b:0x8f6aaef1b985c9b5</gx:fid>
					<LookAt>
						<longitude>105.8501487</longitude>
						<latitude>21.031054</latitude>
						<altitude>0</altitude>
						<heading>0</heading>
						<tilt>0</tilt>
						<gx:fovy>35</gx:fovy>
						<range>978.286488456942</range>
						<altitudeMode>relativeToGround</altitudeMode>
					</LookAt>
					<styleUrl>#__managed_style_01779EB15840DE0E2039</styleUrl>
					<Point>
						<altitudeMode>relativeToGround</altitudeMode>
						<coordinates>105.8501487,21.031054,0</coordinates>
					</Point>
				</Placemark>
				<Placemark id="00AA0F1D8C3502544218">
					<name>Bún chả Hương Liên - אובמה אכל פה</name>
					<gx:mid>/g/1hm5x9fjz</gx:mid>
					<gx:fid>0x3135abf2a4ba685d:0x7e67963f30fa90e7</gx:fid>
					<LookAt>
						<longitude>105.8538926</longitude>
						<latitude>21.0181373</latitude>
						<altitude>0</altitude>
						<heading>0</heading>
						<tilt>0</tilt>
						<gx:fovy>35</gx:fovy>
						<range>978.3808224979283</range>
						<altitudeMode>relativeToGround</altitudeMode>
					</LookAt>
					<styleUrl>#__managed_style_48E33D395140DE0E202C</styleUrl>
					<Point>
						<altitudeMode>relativeToGround</altitudeMode>
						<coordinates>105.8538888,21.0180723,0</coordinates>
					</Point>
				</Placemark>
				<Placemark id="00D8B7C1D035061E3BC1">
					<name>Bún Bò Nam Bộ Bách Phương</name>
					<gx:mid>/g/11b7q6f7d4</gx:mid>
					<gx:fid>0x3135abbe091af1ef:0x24b6c2f008630cf3</gx:fid>
					<LookAt>
						<longitude>105.8469112</longitude>
						<latitude>21.0321585</latitude>
						<altitude>0</altitude>
						<heading>0</heading>
						<tilt>0</tilt>
						<gx:fovy>35</gx:fovy>
						<range>978.2784195134079</range>
						<altitudeMode>relativeToGround</altitudeMode>
					</LookAt>
					<styleUrl>#__managed_style_0DDA84B01140DE0E2028</styleUrl>
					<Point>
						<altitudeMode>relativeToGround</altitudeMode>
						<coordinates>105.8469112,21.0321585,0</coordinates>
					</Point>
				</Placemark>
			</Folder>
			<Folder id="0AFAA8CB1B3507230590">
				<name>ברים וחיי לילה</name>
				<styleUrl>#__managed_style_33D814B26940DE0E202C</styleUrl>
				<Placemark id="08FA31F89A2DF5F111A4">
					<name>Beer Street - רחוב ברים </name>
					<LookAt>
						<longitude>105.8520515625939</longitude>
						<latitude>21.03462147914881</latitude>
						<altitude>16.00919612157053</altitude>
						<heading>313.2012624733105</heading>
						<tilt>0</tilt>
						<gx:fovy>35</gx:fovy>
						<range>193.4590644673153</range>
						<altitudeMode>absolute</altitudeMode>
					</LookAt>
					<styleUrl>#__managed_style_273D3529EE40DE0E2038</styleUrl>
					<Point>
						<coordinates>105.8521200410847,21.03469738664919,16.02712627406298</coordinates>
					</Point>
				</Placemark>
				<Placemark id="001CF18D78343ACF4725">
					<name>Hanoi Train Street</name>
					<gx:mid>/g/11kbx9prh0</gx:mid>
					<gx:fid>0x3135abb85e1fd885:0x6fc790a6864444f8</gx:fid>
					<LookAt>
						<longitude>105.844027</longitude>
						<latitude>21.0301079</latitude>
						<altitude>0</altitude>
						<heading>0</heading>
						<tilt>0</tilt>
						<gx:fovy>35</gx:fovy>
						<range>978.2933998945419</range>
						<altitudeMode>relativeToGround</altitudeMode>
					</LookAt>
					<styleUrl>#__managed_style_1E44FA503440DE0E2053</styleUrl>
					<Point>
						<altitudeMode>relativeToGround</altitudeMode>
						<coordinates>105.8441592900854,21.03013113340103,0</coordinates>
					</Point>
				</Placemark>
				<Placemark id="078897C15D343AD0425D">
					<name>הרחוב המפורסם ביותר בויאטנם, רחוב ברים בתי קפה ורכבת</name>
					<LookAt>
						<longitude>105.8446526145295</longitude>
						<latitude>21.03129731452837</latitude>
						<altitude>11.17734595507305</altitude>
						<heading>0</heading>
						<tilt>0</tilt>
						<gx:fovy>84.27296859423217</gx:fovy>
						<range>117.2477454316868</range>
						<altitudeMode>absolute</altitudeMode>
					</LookAt>
					<styleUrl>#__managed_style_1E89A5EE7440DE0E202C</styleUrl>
					<LineString>
						<coordinates>
							105.8440643973103,21.03007913836707,0 105.8442234604954,21.03020572681955,0 105.8443250460301,21.03029452061384,0 105.8446347289033,21.03067294018941,0 105.8447695645792,21.03090745870389,0 105.8448583971353,21.0311326779175,0 105.8449301090981,21.03137025091259,0 105.8449975718892,21.03165284922664,0 
						</coordinates>
					</LineString>
				</Placemark>
				<Placemark id="0AE3059C8F3501EF0988">
					<name>Skyline Hanoi</name>
					<gx:mid>/g/11byckphtz</gx:mid>
					<gx:fid>0x3135abbf80eedb6b:0x79fdff857db60595</gx:fid>
					<LookAt>
						<longitude>105.8523287</longitude>
						<latitude>21.0330972</latitude>
						<altitude>0</altitude>
						<heading>0</heading>
						<tilt>0</tilt>
						<gx:fovy>35</gx:fovy>
						<range>978.2715615161148</range>
						<altitudeMode>relativeToGround</altitudeMode>
					</LookAt>
					<styleUrl>#__managed_style_06A517022340DE0E202C</styleUrl>
					<Point>
						<altitudeMode>relativeToGround</altitudeMode>
						<coordinates>105.8523287,21.0330972,0</coordinates>
					</Point>
				</Placemark>
				<Placemark id="00A7CDAFE535024CCDCC">
					<name>Diamond Sky Bar</name>
					<gx:mid>/g/11j00sjlb2</gx:mid>
					<gx:fid>0x3135abc0363c0001:0x6f1038a91e983b7a</gx:fid>
					<LookAt>
						<longitude>105.8520892</longitude>
						<latitude>21.03453409999999</latitude>
						<altitude>0</altitude>
						<heading>0</heading>
						<tilt>0</tilt>
						<gx:fovy>35</gx:fovy>
						<range>978.2610631975168</range>
						<altitudeMode>relativeToGround</altitudeMode>
					</LookAt>
					<styleUrl>#__managed_style_06A517022340DE0E202C</styleUrl>
					<Point>
						<altitudeMode>relativeToGround</altitudeMode>
						<coordinates>105.8520892,21.0345341,0</coordinates>
					</Point>
				</Placemark>
				<Placemark id="0E3D23778935024D87DD">
					<name>Lighthouse Sky Bar</name>
					<gx:mid>/g/11j6frll_5</gx:mid>
					<gx:fid>0x3135ab0865de22ed:0x7ae8f9367b1b824b</gx:fid>
					<LookAt>
						<longitude>105.8540981</longitude>
						<latitude>21.0331202</latitude>
						<altitude>0</altitude>
						<heading>0</heading>
						<tilt>0</tilt>
						<gx:fovy>35</gx:fovy>
						<range>978.2713934781077</range>
						<altitudeMode>relativeToGround</altitudeMode>
					</LookAt>
					<styleUrl>#__managed_style_06A517022340DE0E202C</styleUrl>
					<Point>
						<altitudeMode>relativeToGround</altitudeMode>
						<coordinates>105.8540981,21.0331202,0</coordinates>
					</Point>
				</Placemark>
				<Placemark id="075047EC2935024E3EC7">
					<name>1900 Club Hanoi</name>
					<gx:mid>/g/11c5b1fktl</gx:mid>
					<gx:fid>0x3135abbf5c6e7ce3:0xcfa017611623993c</gx:fid>
					<LookAt>
						<longitude>105.8519772</longitude>
						<latitude>21.035082</latitude>
						<altitude>0</altitude>
						<heading>0</heading>
						<tilt>0</tilt>
						<gx:fovy>35</gx:fovy>
						<range>978.2570599404517</range>
						<altitudeMode>relativeToGround</altitudeMode>
					</LookAt>
					<styleUrl>#__managed_style_0841F5184F40DE0E203F</styleUrl>
					<Point>
						<altitudeMode>relativeToGround</altitudeMode>
						<coordinates>105.8519808,21.035083,0</coordinates>
					</Point>
				</Placemark>
				<Placemark id="000C1D696B3445DBBB88">
					<name>Little ShangHai</name>
					<gx:mid>/g/11wpm774th</gx:mid>
					<gx:fid>0x3135a500056b3373:0x239a51f3d2e6b8ea</gx:fid>
					<LookAt>
						<longitude>105.981294</longitude>
						<latitude>20.949496</latitude>
						<altitude>0</altitude>
						<heading>0</heading>
						<tilt>0</tilt>
						<gx:fovy>35</gx:fovy>
						<range>978.8812271439815</range>
						<altitudeMode>relativeToGround</altitudeMode>
					</LookAt>
					<styleUrl>#__managed_style_0DE56DBD2F40DE0E202B</styleUrl>
					<Point>
						<altitudeMode>relativeToGround</altitudeMode>
						<coordinates>105.981294,20.949496,0</coordinates>
					</Point>
				</Placemark>
				<Placemark id="0DF44F5DFD35061C23CB">
					<name>Beer Street - רחוב ברים </name>
					<LookAt>
						<longitude>105.8526405750373</longitude>
						<latitude>21.03497207126101</latitude>
						<altitude>15.94410626869134</altitude>
						<heading>353.3552150922995</heading>
						<tilt>0</tilt>
						<gx:fovy>84.42706825169819</gx:fovy>
						<range>229.9649655165194</range>
						<altitudeMode>absolute</altitudeMode>
					</LookAt>
					<styleUrl>#__managed_style_1C96B5566740DE0E203E</styleUrl>
					<Polygon>
						<outerBoundaryIs>
							<LinearRing>
								<coordinates>
									105.8509395808159,21.03554645345907,0 105.8512477416087,21.03472806565324,0 105.8511829927635,21.03408989292279,0 105.8520714121483,21.03389023394396,0 105.853385930971,21.03383376171343,0 105.8534640759654,21.0348415336032,0 105.8533747659114,21.03579540637219,0 105.8531584344083,21.03600303072497,0 105.8525484504065,21.03605054705639,0 105.8516304246589,21.03583684188384,0 105.8509395808159,21.03554645345907,0 
								</coordinates>
							</LinearRing>
						</outerBoundaryIs>
					</Polygon>
				</Placemark>
				<Placemark id="0BCE5DC7BF35061F1277">
					<name>Bar Dinh Rooftop Lounge</name>
					<gx:mid>/g/11whnrxtsd</gx:mid>
					<gx:fid>0x3135ab002ba042b9:0xed12c176d1e026e5</gx:fid>
					<LookAt>
						<longitude>105.8435396</longitude>
						<latitude>21.0430643</latitude>
						<altitude>0</altitude>
						<heading>0</heading>
						<tilt>0</tilt>
						<gx:fovy>35</gx:fovy>
						<range>978.1987259399937</range>
						<altitudeMode>relativeToGround</altitudeMode>
					</LookAt>
					<styleUrl>#__managed_style_06A517022340DE0E202C</styleUrl>
					<Point>
						<altitudeMode>relativeToGround</altitudeMode>
						<coordinates>105.8435396,21.0430643,0</coordinates>
					</Point>
				</Placemark>
				<Placemark id="0D9F1C6B813445DDD2FB">
					<name>רחוב חיי לילה </name>
					<LookAt>
						<longitude>105.9808797804596</longitude>
						<latitude>20.94901405020627</latitude>
						<altitude>3.47244643483964</altitude>
						<heading>328.5238517216368</heading>
						<tilt>0</tilt>
						<gx:fovy>83.95245416308882</gx:fovy>
						<range>135.8815850353676</range>
						<altitudeMode>absolute</altitudeMode>
					</LookAt>
					<styleUrl>#__managed_style_1C96B5566740DE0E203E</styleUrl>
					<Polygon>
						<outerBoundaryIs>
							<LinearRing>
								<coordinates>
									105.9799652472083,20.94913819828541,0 105.9804119993101,20.94825933837418,0 105.9819079032204,20.94890768640235,0 105.981464971932,20.94975559814494,0 105.9799652472083,20.94913819828541,0 
								</coordinates>
							</LinearRing>
						</outerBoundaryIs>
					</Polygon>
				</Placemark>
			</Folder>
		</Folder>
		<Folder id="0B69BF741F342CA40946">
			<name>הו צ&apos;י מין</name>
			<styleUrl>#__managed_style_33D814B26940DE0E202C</styleUrl>
			<Folder id="06C7D381B735073CCEEF">
				<name>אטרקציות ואתרים כלליים</name>
				<styleUrl>#__managed_style_33D814B26940DE0E202C</styleUrl>
				<Placemark id="001C5AF7B42E23E5677A">
					<name>book street -  רחוב ספרים בתי קפה</name>
					<LookAt>
						<longitude>106.6993294064369</longitude>
						<latitude>10.78000341634633</latitude>
						<altitude>10.6099507699381</altitude>
						<heading>10.69028835193625</heading>
						<tilt>0</tilt>
						<gx:fovy>35</gx:fovy>
						<range>384.8592627835024</range>
						<altitudeMode>absolute</altitudeMode>
					</LookAt>
					<styleUrl>#__managed_style_34201C011B40DE0E2037</styleUrl>
					<Point>
						<coordinates>106.69961435433,10.78040658395558,10.6361163346561</coordinates>
					</Point>
				</Placemark>
				<Placemark id="007E2D39682F219FA1FF">
					<name>Nguyen Hue - רחוב ראשי מרכזי </name>
					<LookAt>
						<longitude>106.7036349032698</longitude>
						<latitude>10.77427105622882</latitude>
						<altitude>4.733128158444768</altitude>
						<heading>19.55160837740137</heading>
						<tilt>0</tilt>
						<gx:fovy>80.80970368516631</gx:fovy>
						<range>329.0275317241321</range>
						<altitudeMode>absolute</altitudeMode>
					</LookAt>
					<styleUrl>#__managed_style_1016D90F8D40DE0E202E</styleUrl>
					<LineString>
						<coordinates>
							106.7012577528588,10.7762565968664,0 106.7062804427024,10.77166124172435,0 
						</coordinates>
					</LineString>
				</Placemark>
				<Placemark id="072D78BFA72F2EEF4BBB">
					<name>מזח נהדר לנהר</name>
					<LookAt>
						<longitude>106.7230568987002</longitude>
						<latitude>10.78919608703342</latitude>
						<altitude>-0.04714887376431443</altitude>
						<heading>5.492797102961445</heading>
						<tilt>0</tilt>
						<gx:fovy>83.49947618942359</gx:fovy>
						<range>112.4510717113844</range>
						<altitudeMode>absolute</altitudeMode>
					</LookAt>
					<styleUrl>#__managed_style_1BA02D43E240DE0E2036</styleUrl>
					<Point>
						<coordinates>106.7228919896531,10.78919358634598,-0.04717047728224177</coordinates>
					</Point>
				</Placemark>
				<Placemark id="05356F63FE2F2EF11566">
					<name>טיילת</name>
					<LookAt>
						<longitude>106.7254986060607</longitude>
						<latitude>10.79729621318937</latitude>
						<altitude>4.593743080921149</altitude>
						<heading>334.5796213523208</heading>
						<tilt>0</tilt>
						<gx:fovy>84.02430166872207</gx:fovy>
						<range>94.19630753963247</range>
						<altitudeMode>absolute</altitudeMode>
					</LookAt>
					<styleUrl>#__managed_style_1016D90F8D40DE0E202E</styleUrl>
					<LineString>
						<coordinates>
							106.7224442849967,10.7897157633728,0 106.7230593273825,10.78930778219195,0 106.7238779047639,10.79055179508019,0 106.7238511753062,10.7907251360356,0 106.723958859253,10.79080965954762,0 106.7239994743221,10.7909333226802,0 106.7241454727193,10.79098293078693,0 106.724431180457,10.7913920295484,0 106.7243977272479,10.7915544297519,0 106.7245049588991,10.79164901222776,0 106.7245443744482,10.7917849754643,0 106.7247152329478,10.79183697300565,0 106.7249681230208,10.79222212295935,0 106.7249447054001,10.79239312235341,0 106.7250515905067,10.79248188198722,0 106.7250808129843,10.79259260598097,0 106.7252608586357,10.79266872061678,0 106.7255527905052,10.79312267583531,0 106.7255969683544,10.79333214590393,0 106.7254631935721,10.79389708235586,0 106.7253518003386,10.79400558472873,0 106.7253697355114,10.7941160026485,0 106.7253070364552,10.79423408008641,0 106.7253840894281,10.79437317464386,0 106.7252557489891,10.79503559854974,0 106.7250162509032,10.79528458017881,0 106.7254003054799,10.79563014697251,0 106.7256712400368,10.79538467635631,0 106.7259299334055,10.79562832803115,0 106.7259679350667,10.79585644037888,0 106.725851878284,10.79599673307512,0 106.7259082968531,10.79614761839796,0 106.7258783777876,10.7962938970683,0 106.726021552856,10.7963855035735,0 106.7260725047319,10.79667342876548,0 106.7259492670151,10.79680342238165,0 106.7260039754375,10.79691550349737,0 106.7259822571305,10.79706915017153,0 106.7261350697314,10.79719173899575,0 106.7261869965749,10.79758732109842,0 106.7258140196406,10.79762864648419,0 
						</coordinates>
					</LineString>
				</Placemark>
				<Placemark id="04087A299B3401FA0D32">
					<name>Saigon Skydeck  - מגדל לתצפית</name>
					<gx:mid>/g/12qh2ltf6</gx:mid>
					<gx:fid>0x31752f413f829255:0x898ec607e8ec7b7c</gx:fid>
					<LookAt>
						<longitude>106.7042465</longitude>
						<latitude>10.7715673</latitude>
						<altitude>0</altitude>
						<heading>0</heading>
						<tilt>0</tilt>
						<gx:fovy>35</gx:fovy>
						<range>1035.733735227817</range>
						<altitudeMode>relativeToGround</altitudeMode>
					</LookAt>
					<styleUrl>#__managed_style_1F8D4144F140DE0E202B</styleUrl>
					<Point>
						<altitudeMode>relativeToGround</altitudeMode>
						<coordinates>106.7042094,10.7715303,0</coordinates>
					</Point>
				</Placemark>
				<Placemark id="005AC1ACDC342CE5F49E">
					<name>Suoi Tien Theme Park</name>
					<gx:mid>/m/02px4cm</gx:mid>
					<gx:fid>0x3175275bc75f790d:0xeff189fa708d0e16</gx:fid>
					<LookAt>
						<longitude>106.8031678</longitude>
						<latitude>10.8661863</latitude>
						<altitude>0</altitude>
						<heading>0</heading>
						<tilt>0</tilt>
						<gx:fovy>35</gx:fovy>
						<range>1035.368363342729</range>
						<altitudeMode>relativeToGround</altitudeMode>
					</LookAt>
					<styleUrl>#__managed_style_07CA0270DB40DE0E2031</styleUrl>
					<Point>
						<altitudeMode>relativeToGround</altitudeMode>
						<coordinates>106.8031678,10.8661863,0</coordinates>
					</Point>
				</Placemark>
				<Placemark id="0A335B0172344BD19684">
					<name>The Golden Dragon Water Puppet Theater</name>
					<gx:mid>/g/1hc4tqd92</gx:mid>
					<gx:fid>0x31752f3a3655b15b:0x796b71dc9b13d70d</gx:fid>
					<LookAt>
						<longitude>106.6925374</longitude>
						<latitude>10.7762597</latitude>
						<altitude>0</altitude>
						<heading>0</heading>
						<tilt>0</tilt>
						<gx:fovy>35</gx:fovy>
						<range>1035.715689335316</range>
						<altitudeMode>relativeToGround</altitudeMode>
					</LookAt>
					<styleUrl>#__managed_style_1C7CEBA3B040DE0E2028</styleUrl>
					<Point>
						<altitudeMode>relativeToGround</altitudeMode>
						<coordinates>106.6925568,10.7762437,0</coordinates>
					</Point>
				</Placemark>
				<Placemark id="087C7FEADA3499D49919">
					<name>Tan Son Nhat International Airport</name>
					<gx:mid>/m/04j5hc</gx:mid>
					<gx:fid>0x317529111aa89f9d:0xd8f09cc0aa1b27f3</gx:fid>
					<LookAt>
						<longitude>106.66407795</longitude>
						<latitude>10.8154118</latitude>
						<altitude>0</altitude>
						<heading>0</heading>
						<tilt>0</tilt>
						<gx:fovy>35</gx:fovy>
						<range>1035.564818936478</range>
						<altitudeMode>relativeToGround</altitudeMode>
					</LookAt>
					<styleUrl>#__managed_style_3F9E25E8DA40DE0E204C</styleUrl>
					<Point>
						<altitudeMode>relativeToGround</altitudeMode>
						<coordinates>106.6641318,10.8158321,0</coordinates>
					</Point>
				</Placemark>
				<Placemark id="06A088D6F33504A4E2A2">
					<name>Snow Town Saigon</name>
					<gx:mid>/g/11g6rfwy45</gx:mid>
					<gx:fid>0x317525ce3182fe9f:0xf24844a274b7ab7d</gx:fid>
					<LookAt>
						<longitude>106.7627439</longitude>
						<latitude>10.7737495</latitude>
						<altitude>0</altitude>
						<heading>0</heading>
						<tilt>0</tilt>
						<gx:fovy>35</gx:fovy>
						<range>1035.725343946607</range>
						<altitudeMode>relativeToGround</altitudeMode>
					</LookAt>
					<styleUrl>#__managed_style_1C7CEBA3B040DE0E2028</styleUrl>
					<Point>
						<altitudeMode>relativeToGround</altitudeMode>
						<coordinates>106.7627439,10.7737495,0</coordinates>
					</Point>
				</Placemark>
				<Placemark id="086020DA113504A7527E">
					<name>Tao Dan Park</name>
					<gx:mid>/g/121tymxf</gx:mid>
					<gx:fid>0x31752f396a9573b1:0x3ef2307ad14f1770</gx:fid>
					<LookAt>
						<longitude>106.6924421</longitude>
						<latitude>10.7745379</latitude>
						<altitude>0</altitude>
						<heading>0</heading>
						<tilt>0</tilt>
						<gx:fovy>35</gx:fovy>
						<range>1035.722311877782</range>
						<altitudeMode>relativeToGround</altitudeMode>
					</LookAt>
					<styleUrl>#__managed_style_1C4CA376BA40DE0E2031</styleUrl>
					<Point>
						<altitudeMode>relativeToGround</altitudeMode>
						<coordinates>106.6934767635674,10.77506260986662,0</coordinates>
					</Point>
				</Placemark>
				<Placemark id="0EFF71865F3504E253DF">
					<name>Landmark 81 - בניין גבוה מאוד לתצפית מרהיבה</name>
					<gx:mid>/m/012hcpml</gx:mid>
					<gx:fid>0x317527c2f8f30911:0x36ac5073f8c91acd</gx:fid>
					<LookAt>
						<longitude>106.7217912</longitude>
						<latitude>10.7952219</latitude>
						<altitude>0</altitude>
						<heading>0</heading>
						<tilt>0</tilt>
						<gx:fovy>35</gx:fovy>
						<range>1035.64268656933</range>
						<altitudeMode>relativeToGround</altitudeMode>
					</LookAt>
					<styleUrl>#__managed_style_1F8D4144F140DE0E202B</styleUrl>
					<Point>
						<altitudeMode>relativeToGround</altitudeMode>
						<coordinates>106.7219696825151,10.79486749278855,0</coordinates>
					</Point>
				</Placemark>
				<Placemark id="023405F4653504E42AB5">
					<name>Tân Định Parish Church</name>
					<gx:mid>/m/02pywq7</gx:mid>
					<gx:fid>0x31752f3320a1f467:0x78bb00536c22b982</gx:fid>
					<LookAt>
						<longitude>106.6907712</longitude>
						<latitude>10.7884953</latitude>
						<altitude>0</altitude>
						<heading>0</heading>
						<tilt>0</tilt>
						<gx:fovy>35</gx:fovy>
						<range>1035.668597778625</range>
						<altitudeMode>relativeToGround</altitudeMode>
					</LookAt>
					<styleUrl>#__managed_style_1E32F101B640DE0E204B</styleUrl>
					<Point>
						<altitudeMode>relativeToGround</altitudeMode>
						<coordinates>106.6907712,10.7884953,0</coordinates>
					</Point>
				</Placemark>
				<Placemark id="012DCA9E5F3504E566AF">
					<name>Book street - רחוב ספרים ובתי קפה  </name>
					<LookAt>
						<longitude>106.7001622393417</longitude>
						<latitude>10.78058482256413</latitude>
						<altitude>10.91896921855546</altitude>
						<heading>353.0560132463821</heading>
						<tilt>0</tilt>
						<gx:fovy>84.36422268060117</gx:fovy>
						<range>179.654184979845</range>
						<altitudeMode>absolute</altitudeMode>
					</LookAt>
					<styleUrl>#__managed_style_1016D90F8D40DE0E202E</styleUrl>
					<LineString>
						<coordinates>
							106.6993214571453,10.78014187559281,0 106.7001264166788,10.7809498923082,0 
						</coordinates>
					</LineString>
				</Placemark>
				<Placemark id="02E1858CEB3504F0DF04">
					<name>Cu Chi Tunnel</name>
					<gx:mid>/m/02z5f7</gx:mid>
					<gx:fid>0x310b32c0ee427529:0x98ada0b5e37b142f</gx:fid>
					<LookAt>
						<longitude>106.4603095</longitude>
						<latitude>11.1427197</latitude>
						<altitude>0</altitude>
						<heading>0</heading>
						<tilt>0</tilt>
						<gx:fovy>35</gx:fovy>
						<range>2312.42787871196</range>
						<altitudeMode>relativeToGround</altitudeMode>
					</LookAt>
					<styleUrl>#__managed_style_1C7CEBA3B040DE0E2028</styleUrl>
					<Point>
						<altitudeMode>relativeToGround</altitudeMode>
						<coordinates>106.4615963,11.141591,0</coordinates>
					</Point>
				</Placemark>
				<Placemark id="07A0E95D8D35063D97E9">
					<name>כיכר וכנסייה</name>
					<LookAt>
						<longitude>106.6999032420553</longitude>
						<latitude>10.77952947542364</latitude>
						<altitude>9.849013033174334</altitude>
						<heading>3.218710957822434</heading>
						<tilt>0</tilt>
						<gx:fovy>84.39217817613164</gx:fovy>
						<range>152.0599781740748</range>
						<altitudeMode>absolute</altitudeMode>
					</LookAt>
					<styleUrl>#__managed_style_34201C011B40DE0E2037</styleUrl>
					<Point>
						<coordinates>106.6997585361209,10.77915006938687,8.657251371085167</coordinates>
					</Point>
				</Placemark>
				<Placemark id="05EC67B7F43506430586">
					<name>Dam Sen Cultural Park</name>
					<gx:mid>/m/06608vy</gx:mid>
					<gx:fid>0x31752e9747f2686b:0xd9b909a86e926ccb</gx:fid>
					<LookAt>
						<longitude>106.6418936</longitude>
						<latitude>10.766098</latitude>
						<altitude>0</altitude>
						<heading>0</heading>
						<tilt>0</tilt>
						<gx:fovy>35</gx:fovy>
						<range>1035.754759172008</range>
						<altitudeMode>relativeToGround</altitudeMode>
					</LookAt>
					<styleUrl>#__managed_style_07CA0270DB40DE0E2031</styleUrl>
					<Point>
						<altitudeMode>relativeToGround</altitudeMode>
						<coordinates>106.6390801551952,10.76589853902679,0</coordinates>
					</Point>
				</Placemark>
				<Placemark id="0FD6045B8C3506437C95">
					<name>Chuông hoà bình - מוזיאון מלחמה</name>
					<gx:mid>/g/11y4r3l5b4</gx:mid>
					<gx:fid>0x31752f00478933d3:0x155288047b5227cb</gx:fid>
					<LookAt>
						<longitude>106.6924606</longitude>
						<latitude>10.7793623</latitude>
						<altitude>0</altitude>
						<heading>0</heading>
						<tilt>0</tilt>
						<gx:fovy>35</gx:fovy>
						<range>1035.703753215663</range>
						<altitudeMode>relativeToGround</altitudeMode>
					</LookAt>
					<styleUrl>#__managed_style_03D689C32840DE0E2038</styleUrl>
					<Point>
						<altitudeMode>relativeToGround</altitudeMode>
						<coordinates>106.6924606,10.7793623,0</coordinates>
					</Point>
				</Placemark>
				<Placemark id="03296CABF03506447EA4">
					<name>Công viên bờ sông - כיכר </name>
					<gx:mid>/g/11j0s3f9vg</gx:mid>
					<gx:fid>0x31752f382eb056a9:0xaabbb749a845cb</gx:fid>
					<LookAt>
						<longitude>106.7064267</longitude>
						<latitude>10.7749722</latitude>
						<altitude>0</altitude>
						<heading>0</heading>
						<tilt>0</tilt>
						<gx:fovy>35</gx:fovy>
						<range>1035.720641531811</range>
						<altitudeMode>relativeToGround</altitudeMode>
					</LookAt>
					<styleUrl>#__managed_style_1F8D4144F140DE0E202B</styleUrl>
					<Point>
						<altitudeMode>relativeToGround</altitudeMode>
						<coordinates>106.7064699753234,10.77529790078508,0</coordinates>
					</Point>
				</Placemark>
				<Placemark id="0EA9428C8B350646D3FC">
					<name>Đường Lê Thánh Tôn - בניין עירייה </name>
					<gx:mid>/g/1tgg7g87</gx:mid>
					<gx:fid>0x31752f478cd91001:0x6b7456882e1d1aff</gx:fid>
					<LookAt>
						<longitude>106.7009742</longitude>
						<latitude>10.7762781</latitude>
						<altitude>0</altitude>
						<heading>0</heading>
						<tilt>0</tilt>
						<gx:fovy>35</gx:fovy>
						<range>1035.715618557972</range>
						<altitudeMode>relativeToGround</altitudeMode>
					</LookAt>
					<styleUrl>#__managed_style_1F8D4144F140DE0E202B</styleUrl>
					<Point>
						<altitudeMode>relativeToGround</altitudeMode>
						<coordinates>106.7010502592808,10.77647162245689,0</coordinates>
					</Point>
				</Placemark>
				<Placemark id="0C5244BC5B3506478BB8">
					<name>Công viên Vinhomes Central Park</name>
					<gx:mid>/g/11rh1217j7</gx:mid>
					<gx:fid>0x317527c6f2782ec9:0x1372288295caf7c7</gx:fid>
					<LookAt>
						<longitude>106.7243981</longitude>
						<latitude>10.7934308</latitude>
						<altitude>0</altitude>
						<heading>0</heading>
						<tilt>0</tilt>
						<gx:fovy>35</gx:fovy>
						<range>1035.649587525694</range>
						<altitudeMode>relativeToGround</altitudeMode>
					</LookAt>
					<styleUrl>#__managed_style_1C4CA376BA40DE0E2031</styleUrl>
					<Point>
						<altitudeMode>relativeToGround</altitudeMode>
						<coordinates>106.7243981,10.7934308,0</coordinates>
					</Point>
				</Placemark>
				<Placemark id="0EE0E81FF4350649D508">
					<name>Nguyễn Huệ - הרחוב הראשי והמרכזי</name>
					<gx:mid>/g/11clt74722</gx:mid>
					<gx:fid>0x31752f46bf7d119d:0xebf6179d9abce572</gx:fid>
					<LookAt>
						<longitude>106.7036509</longitude>
						<latitude>10.7738223</latitude>
						<altitude>0</altitude>
						<heading>0</heading>
						<tilt>0</tilt>
						<gx:fovy>35</gx:fovy>
						<range>1035.725063977781</range>
						<altitudeMode>relativeToGround</altitudeMode>
					</LookAt>
					<styleUrl>#__managed_style_1F8D4144F140DE0E202B</styleUrl>
					<Point>
						<altitudeMode>relativeToGround</altitudeMode>
						<coordinates>106.7032960606203,10.77427768207642,0</coordinates>
					</Point>
				</Placemark>
				<Placemark id="0DDF44124D35064F1D70">
					<name>Pháp viện Minh Đăng Quang</name>
					<gx:mid>/g/11sp93cp0v</gx:mid>
					<gx:fid>0x31752751f79f4663:0xa6b2cf221485b364</gx:fid>
					<LookAt>
						<longitude>106.752076</longitude>
						<latitude>10.802828</latitude>
						<altitude>0</altitude>
						<heading>0</heading>
						<tilt>0</tilt>
						<gx:fovy>35</gx:fovy>
						<range>1035.613368403157</range>
						<altitudeMode>relativeToGround</altitudeMode>
					</LookAt>
					<styleUrl>#__managed_style_199CD3E10340DE0E2030</styleUrl>
					<Point>
						<altitudeMode>relativeToGround</altitudeMode>
						<coordinates>106.7517446594521,10.80246063382845,0</coordinates>
					</Point>
				</Placemark>
			</Folder>
			<Folder id="0C17F4176A35073A2B83">
				<name>שופינג</name>
				<styleUrl>#__managed_style_33D814B26940DE0E202C</styleUrl>
				<Placemark id="054D92EABA344BC6EEF9">
					<name>Ben Thanh Market</name>
					<gx:mid>/m/02q30t6</gx:mid>
					<gx:fid>0x31752f3f3129e64d:0x8d6b2d79522c7f30</gx:fid>
					<LookAt>
						<longitude>106.6980208</longitude>
						<latitude>10.7725168</latitude>
						<altitude>0</altitude>
						<heading>0</heading>
						<tilt>0</tilt>
						<gx:fovy>35</gx:fovy>
						<range>1035.730084290928</range>
						<altitudeMode>relativeToGround</altitudeMode>
					</LookAt>
					<styleUrl>#__managed_style_1BA9B1708640DE0E202F</styleUrl>
					<Point>
						<altitudeMode>relativeToGround</altitudeMode>
						<coordinates>106.6980208,10.7725168,0</coordinates>
					</Point>
				</Placemark>
				<Placemark id="0BF4E62873344BCA5A37">
					<name>Sense Market</name>
					<gx:mid>/g/11c6dyfg4f</gx:mid>
					<gx:fid>0x31752f3e75273aa9:0x43d60ab5cd8c2a2b</gx:fid>
					<LookAt>
						<longitude>106.6937237</longitude>
						<latitude>10.7692803</latitude>
						<altitude>0</altitude>
						<heading>0</heading>
						<tilt>0</tilt>
						<gx:fovy>35</gx:fovy>
						<range>1035.742527710806</range>
						<altitudeMode>relativeToGround</altitudeMode>
					</LookAt>
					<styleUrl>#__managed_style_1BA9B1708640DE0E202F</styleUrl>
					<Point>
						<altitudeMode>relativeToGround</altitudeMode>
						<coordinates>106.6937237,10.7692803,0</coordinates>
					</Point>
				</Placemark>
				<Placemark id="0FBCC4B8CD344BD2E03E">
					<name>Binh Tay Market</name>
					<gx:mid>/g/11c2l1m3ty</gx:mid>
					<gx:fid>0x31752e8ab9bb054d:0x36072ab090100a11</gx:fid>
					<LookAt>
						<longitude>106.6509839</longitude>
						<latitude>10.7496697</latitude>
						<altitude>0</altitude>
						<heading>0</heading>
						<tilt>0</tilt>
						<gx:fovy>35</gx:fovy>
						<range>1035.817846456607</range>
						<altitudeMode>relativeToGround</altitudeMode>
					</LookAt>
					<styleUrl>#__managed_style_1BA9B1708640DE0E202F</styleUrl>
					<Point>
						<altitudeMode>relativeToGround</altitudeMode>
						<coordinates>106.6509839,10.7496697,0</coordinates>
					</Point>
				</Placemark>
				<Placemark id="0C786D258E3504E35D1E">
					<name>Sài Gòn Square</name>
					<gx:mid>/g/11h414hgmq</gx:mid>
					<gx:fid>0x31752f40ab668353:0x41570b5c5e52852</gx:fid>
					<LookAt>
						<longitude>106.7002141</longitude>
						<latitude>10.7727385</latitude>
						<altitude>0</altitude>
						<heading>0</heading>
						<tilt>0</tilt>
						<gx:fovy>35</gx:fovy>
						<range>1035.729231783441</range>
						<altitudeMode>relativeToGround</altitudeMode>
					</LookAt>
					<styleUrl>#__managed_style_1BA9B1708640DE0E202F</styleUrl>
					<Point>
						<altitudeMode>relativeToGround</altitudeMode>
						<coordinates>106.7002448,10.7727717,0</coordinates>
					</Point>
				</Placemark>
				<Placemark id="0796CB45653504EEF290">
					<name>Diamond Plaza</name>
					<gx:mid>/m/02px4vg</gx:mid>
					<gx:fid>0x31752f37cade9cef:0x89a11cd90293c6cc</gx:fid>
					<LookAt>
						<longitude>106.6984947</longitude>
						<latitude>10.780987</latitude>
						<altitude>0</altitude>
						<heading>0</heading>
						<tilt>0</tilt>
						<gx:fovy>35</gx:fovy>
						<range>1035.697501431972</range>
						<altitudeMode>relativeToGround</altitudeMode>
					</LookAt>
					<styleUrl>#__managed_style_1BA9B1708640DE0E202F</styleUrl>
					<Point>
						<altitudeMode>relativeToGround</altitudeMode>
						<coordinates>106.6984947,10.780987,0</coordinates>
					</Point>
				</Placemark>
			</Folder>
			<Folder id="0210D01DD635072EF875">
				<name>בתי קפה</name>
				<styleUrl>#__managed_style_33D814B26940DE0E202C</styleUrl>
				<Placemark id="06843C1AE5346227E8B5">
					<name>Koi Fish Stream Coffee</name>
					<gx:mid>/g/11l1ddrqlh</gx:mid>
					<gx:fid>0x3174d77ede98a92d:0x9ac4f02f6f7735c1</gx:fid>
					<LookAt>
						<longitude>106.6552064</longitude>
						<latitude>10.8792735</latitude>
						<altitude>0</altitude>
						<heading>0</heading>
						<tilt>0</tilt>
						<gx:fovy>35</gx:fovy>
						<range>2549.198304951386</range>
						<altitudeMode>relativeToGround</altitudeMode>
					</LookAt>
					<styleUrl>#__managed_style_2C903B9DC640DE0E2030</styleUrl>
					<Point>
						<altitudeMode>relativeToGround</altitudeMode>
						<coordinates>106.6552616974104,10.87939396891481,0</coordinates>
					</Point>
				</Placemark>
				<Placemark id="0D837C03D93504AA5745">
					<name>Dung Dinh Coffee</name>
					<gx:mid>/g/1th0vvwl</gx:mid>
					<gx:fid>0x317528af5b14b839:0xc30d6feefed628c8</gx:fid>
					<LookAt>
						<longitude>106.7165958</longitude>
						<latitude>10.7985479</latitude>
						<altitude>0</altitude>
						<heading>0</heading>
						<tilt>0</tilt>
						<gx:fovy>35</gx:fovy>
						<range>1035.629868795091</range>
						<altitudeMode>relativeToGround</altitudeMode>
					</LookAt>
					<styleUrl>#__managed_style_2C903B9DC640DE0E2030</styleUrl>
					<Point>
						<altitudeMode>relativeToGround</altitudeMode>
						<coordinates>106.7165585,10.7986001,0</coordinates>
					</Point>
				</Placemark>
				<Placemark id="03D6975B963504F1994D">
					<name>Little HaNoi Egg Coffee (Yersin)</name>
					<gx:mid>/g/11c1x54lkb</gx:mid>
					<gx:fid>0x31752f164ecc9ea9:0x39b88bbce659a587</gx:fid>
					<LookAt>
						<longitude>106.6960112</longitude>
						<latitude>10.7694043</latitude>
						<altitude>0</altitude>
						<heading>0</heading>
						<tilt>0</tilt>
						<gx:fovy>35</gx:fovy>
						<range>1035.742051033705</range>
						<altitudeMode>relativeToGround</altitudeMode>
					</LookAt>
					<styleUrl>#__managed_style_2C903B9DC640DE0E2030</styleUrl>
					<Point>
						<altitudeMode>relativeToGround</altitudeMode>
						<coordinates>106.6960112,10.7694043,0</coordinates>
					</Point>
				</Placemark>
				<Placemark id="016CA7DD2135053C6BFE">
					<name>Cafe Sân Vườn Miền Thảo Mộc</name>
					<gx:mid>/g/11c0t932yx</gx:mid>
					<gx:fid>0x31752e910e489d8d:0x60132c636359e234</gx:fid>
					<LookAt>
						<longitude>106.6448925</longitude>
						<latitude>10.7630869</latitude>
						<altitude>0</altitude>
						<heading>0</heading>
						<tilt>0</tilt>
						<gx:fovy>35</gx:fovy>
						<range>1035.766329346284</range>
						<altitudeMode>relativeToGround</altitudeMode>
					</LookAt>
					<styleUrl>#__managed_style_2C903B9DC640DE0E2030</styleUrl>
					<Point>
						<altitudeMode>relativeToGround</altitudeMode>
						<coordinates>106.6449134,10.763091,0</coordinates>
					</Point>
				</Placemark>
				<Placemark id="009F21C51D3505453A6E">
					<name>KATINAT BẾN BẠCH ĐẰNG</name>
					<gx:mid>/g/11vrh7dw6w</gx:mid>
					<gx:fid>0x31752f002bc7b591:0xc970e6901957cda</gx:fid>
					<LookAt>
						<longitude>106.7069361</longitude>
						<latitude>10.7750045</latitude>
						<altitude>0</altitude>
						<heading>0</heading>
						<tilt>0</tilt>
						<gx:fovy>35</gx:fovy>
						<range>1035.720517301278</range>
						<altitudeMode>relativeToGround</altitudeMode>
					</LookAt>
					<styleUrl>#__managed_style_2C903B9DC640DE0E2030</styleUrl>
					<Point>
						<altitudeMode>relativeToGround</altitudeMode>
						<coordinates>106.7069361,10.7750045,0</coordinates>
					</Point>
				</Placemark>
				<Placemark id="0C5EA7992F3505461E86">
					<name>Dabao Concept</name>
					<gx:mid>/g/11ndxmdwxs</gx:mid>
					<gx:fid>0x31752fd676d6c919:0xe4c87bbda983decf</gx:fid>
					<LookAt>
						<longitude>106.6868966</longitude>
						<latitude>10.7815215</latitude>
						<altitude>0</altitude>
						<heading>0</heading>
						<tilt>0</tilt>
						<gx:fovy>35</gx:fovy>
						<range>1035.695444494359</range>
						<altitudeMode>relativeToGround</altitudeMode>
					</LookAt>
					<styleUrl>#__managed_style_2C903B9DC640DE0E2030</styleUrl>
					<Point>
						<altitudeMode>relativeToGround</altitudeMode>
						<coordinates>106.6868908,10.7815273,0</coordinates>
					</Point>
				</Placemark>
				<Placemark id="08F3905240350546D453">
					<name>King Koi Coffee</name>
					<gx:mid>/g/11h5n6_x1_</gx:mid>
					<gx:fid>0x3175299dfe6ed709:0xf1668cf09bd15c13</gx:fid>
					<LookAt>
						<longitude>106.6131128</longitude>
						<latitude>10.7520861</latitude>
						<altitude>0</altitude>
						<heading>0</heading>
						<tilt>0</tilt>
						<gx:fovy>35</gx:fovy>
						<range>1035.808573022769</range>
						<altitudeMode>relativeToGround</altitudeMode>
					</LookAt>
					<styleUrl>#__managed_style_2C903B9DC640DE0E2030</styleUrl>
					<Point>
						<altitudeMode>relativeToGround</altitudeMode>
						<coordinates>106.6131128,10.7520861,0</coordinates>
					</Point>
				</Placemark>
				<Placemark id="0A394DDA9A350547892B">
					<name>Oasis Cafe</name>
					<gx:mid>/g/11c1cy8cnl</gx:mid>
					<gx:fid>0x3175292b648da76d:0xdb17465b6e45a711</gx:fid>
					<LookAt>
						<longitude>106.6709687</longitude>
						<latitude>10.7928068</latitude>
						<altitude>0</altitude>
						<heading>0</heading>
						<tilt>0</tilt>
						<gx:fovy>35</gx:fovy>
						<range>1035.651991481032</range>
						<altitudeMode>relativeToGround</altitudeMode>
					</LookAt>
					<styleUrl>#__managed_style_2C903B9DC640DE0E2030</styleUrl>
					<Point>
						<altitudeMode>relativeToGround</altitudeMode>
						<coordinates>106.6709687,10.7928068,0</coordinates>
					</Point>
				</Placemark>
				<Placemark id="0BB937A6E23505520DAB">
					<name>Gióng Cafe</name>
					<gx:mid>/g/11rmn732dw</gx:mid>
					<gx:fid>0x31752f7672946129:0xc1387737d7b2364b</gx:fid>
					<LookAt>
						<longitude>106.7003996</longitude>
						<latitude>10.7792701</latitude>
						<altitude>0</altitude>
						<heading>0</heading>
						<tilt>0</tilt>
						<gx:fovy>35</gx:fovy>
						<range>1035.704107970046</range>
						<altitudeMode>relativeToGround</altitudeMode>
					</LookAt>
					<styleUrl>#__managed_style_07ADC7353B40DE0E2047</styleUrl>
					<Point>
						<altitudeMode>relativeToGround</altitudeMode>
						<coordinates>106.7003996,10.7792701,0</coordinates>
					</Point>
				</Placemark>
				<Placemark id="06A4DB36BE350552CEFA">
					<name>The O’Palm cafe</name>
					<gx:mid>/g/11kwk7hj5m</gx:mid>
					<gx:fid>0x31752f09712da6db:0x77e3a0536cfcd481</gx:fid>
					<LookAt>
						<longitude>106.6881227</longitude>
						<latitude>10.7821987</latitude>
						<altitude>0</altitude>
						<heading>0</heading>
						<tilt>0</tilt>
						<gx:fovy>35</gx:fovy>
						<range>1035.69283825505</range>
						<altitudeMode>relativeToGround</altitudeMode>
					</LookAt>
					<styleUrl>#__managed_style_2C903B9DC640DE0E2030</styleUrl>
					<Point>
						<altitudeMode>relativeToGround</altitudeMode>
						<coordinates>106.688086,10.7822351,0</coordinates>
					</Point>
				</Placemark>
				<Placemark id="0B6E4F4D9E350554DA3C">
					<name>Bonjour Cafe the Art</name>
					<gx:mid>/g/11g0s7t481</gx:mid>
					<gx:fid>0x3175274fc133262b:0x64b4b287c1c25c03</gx:fid>
					<LookAt>
						<longitude>106.7332772</longitude>
						<latitude>10.8083534</latitude>
						<altitude>0</altitude>
						<heading>0</heading>
						<tilt>0</tilt>
						<gx:fovy>35</gx:fovy>
						<range>1035.592057722384</range>
						<altitudeMode>relativeToGround</altitudeMode>
					</LookAt>
					<styleUrl>#__managed_style_2C903B9DC640DE0E2030</styleUrl>
					<Point>
						<altitudeMode>relativeToGround</altitudeMode>
						<coordinates>106.7332771,10.8083532,0</coordinates>
					</Point>
				</Placemark>
				<Placemark id="07D432D81735064BFA31">
					<name>Highlands Coffee Bến Bạch Đằng</name>
					<gx:mid>/g/11w9nw45vv</gx:mid>
					<gx:fid>0x31752f79fc1d2af3:0xbdbc84f2042faf33</gx:fid>
					<LookAt>
						<longitude>106.7068954</longitude>
						<latitude>10.7736101</latitude>
						<altitude>0</altitude>
						<heading>0</heading>
						<tilt>0</tilt>
						<gx:fovy>35</gx:fovy>
						<range>1035.725880035582</range>
						<altitudeMode>relativeToGround</altitudeMode>
					</LookAt>
					<styleUrl>#__managed_style_2C903B9DC640DE0E2030</styleUrl>
					<Point>
						<altitudeMode>relativeToGround</altitudeMode>
						<coordinates>106.7069399195597,10.77364066734593,0</coordinates>
					</Point>
				</Placemark>
				<Placemark id="0A385A0E8B3506516005">
					<name>The Cafe Apartment</name>
					<gx:mid>/g/11y46r2_1d</gx:mid>
					<gx:fid>0x31752f0034f2823f:0xe52d2f447bcb65a7</gx:fid>
					<LookAt>
						<longitude>106.7041674</longitude>
						<latitude>10.7740586</latitude>
						<altitude>0</altitude>
						<heading>0</heading>
						<tilt>0</tilt>
						<gx:fovy>35</gx:fovy>
						<range>1035.724155220033</range>
						<altitudeMode>relativeToGround</altitudeMode>
					</LookAt>
					<styleUrl>#__managed_style_2C903B9DC640DE0E2030</styleUrl>
					<Point>
						<altitudeMode>relativeToGround</altitudeMode>
						<coordinates>106.7040964,10.7740446,0</coordinates>
					</Point>
				</Placemark>
				<Placemark id="064020256A3C24BC8A1B">
					<gx:mid>/g/11lcl_tk8s</gx:mid>
					<gx:fid>0x3175271cdf6b4e7d:0x418f0df06ad6505c</gx:fid>
					<LookAt>
						<longitude>106.7489784</longitude>
						<latitude>10.8559596</latitude>
						<altitude>0</altitude>
						<heading>0</heading>
						<tilt>0</tilt>
						<gx:fovy>35</gx:fovy>
						<range>1035.408004815083</range>
						<altitudeMode>relativeToGround</altitudeMode>
					</LookAt>
					<styleUrl>#__managed_style_2C903B9DC640DE0E2030</styleUrl>
					<Point>
						<altitudeMode>relativeToGround</altitudeMode>
						<coordinates>106.7489784,10.8559596,0</coordinates>
					</Point>
				</Placemark>
			</Folder>
			<Folder id="0F41E85F413507358FC0">
				<name>מסעדות</name>
				<styleUrl>#__managed_style_33D814B26940DE0E202C</styleUrl>
				<Placemark id="0A29EAABC3350652B4A5">
					<name>Pizza 4P&apos;s Ben Thanh</name>
					<gx:mid>/g/11k1lbvf9v</gx:mid>
					<gx:fid>0x31752f7998588b7d:0x8f43f3d4a8472384</gx:fid>
					<LookAt>
						<longitude>106.6976173</longitude>
						<latitude>10.773361</latitude>
						<altitude>0</altitude>
						<heading>0</heading>
						<tilt>0</tilt>
						<gx:fovy>35</gx:fovy>
						<range>1035.726837979646</range>
						<altitudeMode>relativeToGround</altitudeMode>
					</LookAt>
					<styleUrl>#__managed_style_01779EB15840DE0E2039</styleUrl>
					<Point>
						<altitudeMode>relativeToGround</altitudeMode>
						<coordinates>106.6976173,10.773361,0</coordinates>
					</Point>
				</Placemark>
				<Placemark id="08851A3B20350525FE46">
					<name>DaybyDay</name>
					<gx:mid>/g/11tcff9lsp</gx:mid>
					<gx:fid>0x31752fc8702ecc0b:0x4e830dc2c0483582</gx:fid>
					<LookAt>
						<longitude>106.6933219</longitude>
						<latitude>10.7692775</latitude>
						<altitude>0</altitude>
						<heading>0</heading>
						<tilt>0</tilt>
						<gx:fovy>35</gx:fovy>
						<range>1035.742538474421</range>
						<altitudeMode>relativeToGround</altitudeMode>
					</LookAt>
					<styleUrl>#__managed_style_0DDA84B01140DE0E2028</styleUrl>
					<Point>
						<altitudeMode>relativeToGround</altitudeMode>
						<coordinates>106.6933219,10.7692775,0</coordinates>
					</Point>
				</Placemark>
				<Placemark id="0815AA5D5E35053716B8">
					<name>Rose Villa Saigon</name>
					<gx:mid>/g/11hzymkcx4</gx:mid>
					<gx:fid>0x3175275fcb6ea7f9:0x19929bf6418b6a33</gx:fid>
					<LookAt>
						<longitude>106.7269309</longitude>
						<latitude>10.8061942</latitude>
						<altitude>0</altitude>
						<heading>0</heading>
						<tilt>0</tilt>
						<gx:fovy>35</gx:fovy>
						<range>1035.600386721102</range>
						<altitudeMode>relativeToGround</altitudeMode>
					</LookAt>
					<styleUrl>#__managed_style_0DDA84B01140DE0E2028</styleUrl>
					<Point>
						<altitudeMode>relativeToGround</altitudeMode>
						<coordinates>106.7269309,10.8061942,0</coordinates>
					</Point>
				</Placemark>
				<Placemark id="0F94C28B493505391266">
					<name>Forest Therapy Kitchen &amp; Bar</name>
					<gx:mid>/g/11krcfd__k</gx:mid>
					<gx:fid>0x31752f9b18e66943:0x1624f98df0500102</gx:fid>
					<LookAt>
						<longitude>106.6990687</longitude>
						<latitude>10.7688</latitude>
						<altitude>0</altitude>
						<heading>0</heading>
						<tilt>0</tilt>
						<gx:fovy>35</gx:fovy>
						<range>1035.744374014942</range>
						<altitudeMode>relativeToGround</altitudeMode>
					</LookAt>
					<styleUrl>#__managed_style_0DDA84B01140DE0E2028</styleUrl>
					<Point>
						<altitudeMode>relativeToGround</altitudeMode>
						<coordinates>106.6990451,10.7688322,0</coordinates>
					</Point>
				</Placemark>
				<Placemark id="07C22B7B1D3505399AF5">
					<name>Ola Hale - Restaurant &amp; Bar</name>
					<gx:mid>/g/11svcblqft</gx:mid>
					<gx:fid>0x31752fd285713b33:0x871992b3d0b88b11</gx:fid>
					<LookAt>
						<longitude>106.6910065</longitude>
						<latitude>10.7888889</latitude>
						<altitude>0</altitude>
						<heading>0</heading>
						<tilt>0</tilt>
						<gx:fovy>35</gx:fovy>
						<range>1035.667082047398</range>
						<altitudeMode>relativeToGround</altitudeMode>
					</LookAt>
					<styleUrl>#__managed_style_0DDA84B01140DE0E2028</styleUrl>
					<Point>
						<altitudeMode>relativeToGround</altitudeMode>
						<coordinates>106.6909394,10.7888016,0</coordinates>
					</Point>
				</Placemark>
				<Placemark id="0A91B4102735053A7F44">
					<name>Mặn Mòi - Tao Đàn</name>
					<gx:mid>/g/11c1q7z2dy</gx:mid>
					<gx:fid>0x31752f45e3ba9d6d:0x2b118e6c5816cfc0</gx:fid>
					<LookAt>
						<longitude>106.6919765</longitude>
						<latitude>10.7787724</latitude>
						<altitude>0</altitude>
						<heading>0</heading>
						<tilt>0</tilt>
						<gx:fovy>35</gx:fovy>
						<range>1035.706022899749</range>
						<altitudeMode>relativeToGround</altitudeMode>
					</LookAt>
					<styleUrl>#__managed_style_0DDA84B01140DE0E2028</styleUrl>
					<Point>
						<altitudeMode>relativeToGround</altitudeMode>
						<coordinates>106.6919713,10.7787771,0</coordinates>
					</Point>
				</Placemark>
				<Placemark id="09205BA5E735053B2ABD">
					<name>Anan Saigon</name>
					<gx:mid>/g/11g6987lpr</gx:mid>
					<gx:fid>0x31752f412769f767:0xef37ef32f9a503e7</gx:fid>
					<LookAt>
						<longitude>106.7028625</longitude>
						<latitude>10.771731</latitude>
						<altitude>0</altitude>
						<heading>0</heading>
						<tilt>0</tilt>
						<gx:fovy>35</gx:fovy>
						<range>1035.733105804971</range>
						<altitudeMode>relativeToGround</altitudeMode>
					</LookAt>
					<styleUrl>#__managed_style_0DDA84B01140DE0E2028</styleUrl>
					<Point>
						<altitudeMode>relativeToGround</altitudeMode>
						<coordinates>106.7028614,10.7717306,0</coordinates>
					</Point>
				</Placemark>
				<Placemark id="0726CFFDDC35053BC606">
					<name>Phở Việt Nam</name>
					<gx:mid>/g/11sbfdzrgc</gx:mid>
					<gx:fid>0x31752fba354e2425:0xa794a1a48ee7a0ca</gx:fid>
					<LookAt>
						<longitude>106.6961339</longitude>
						<latitude>10.771386</latitude>
						<altitude>0</altitude>
						<heading>0</heading>
						<tilt>0</tilt>
						<gx:fovy>35</gx:fovy>
						<range>1035.734432311322</range>
						<altitudeMode>relativeToGround</altitudeMode>
					</LookAt>
					<styleUrl>#__managed_style_0DDA84B01140DE0E2028</styleUrl>
					<Point>
						<altitudeMode>relativeToGround</altitudeMode>
						<coordinates>106.6961345,10.7713963,0</coordinates>
					</Point>
				</Placemark>
				<Placemark id="0C46FA8FD635053FE8FB">
					<name>Cuc Gach Quan Restaurant</name>
					<gx:mid>/g/1thp5h63</gx:mid>
					<gx:fid>0x317528cd9a13a0a5:0x8b18b057ab3b248b</gx:fid>
					<LookAt>
						<longitude>106.6890089</longitude>
						<latitude>10.792844</latitude>
						<altitude>0</altitude>
						<heading>0</heading>
						<tilt>0</tilt>
						<gx:fovy>35</gx:fovy>
						<range>1035.65184817213</range>
						<altitudeMode>relativeToGround</altitudeMode>
					</LookAt>
					<styleUrl>#__managed_style_0DDA84B01140DE0E2028</styleUrl>
					<Point>
						<altitudeMode>relativeToGround</altitudeMode>
						<coordinates>106.6890039,10.7928713,0</coordinates>
					</Point>
				</Placemark>
				<Placemark id="0F7AE32E44350540AD0D">
					<name>Cơm tấm Đề Thám</name>
					<gx:mid>/g/11qm3fpcfd</gx:mid>
					<gx:fid>0x31752fc4b07ba49d:0xa571105058415d9</gx:fid>
					<LookAt>
						<longitude>106.6933654</longitude>
						<latitude>10.7683809</latitude>
						<altitude>0</altitude>
						<heading>0</heading>
						<tilt>0</tilt>
						<gx:fovy>35</gx:fovy>
						<range>1035.745984996361</range>
						<altitudeMode>relativeToGround</altitudeMode>
					</LookAt>
					<styleUrl>#__managed_style_0DDA84B01140DE0E2028</styleUrl>
					<Point>
						<altitudeMode>relativeToGround</altitudeMode>
						<coordinates>106.6933654,10.7683809,0</coordinates>
					</Point>
				</Placemark>
				<Placemark id="02992473BD3505411FC1">
					<name>Bún Bò Gánh - 110 Lý Chính Thắng</name>
					<gx:mid>/g/11bw20mhxk</gx:mid>
					<gx:fid>0x31752f2d2666f67f:0x2ccfa676e8016f5</gx:fid>
					<LookAt>
						<longitude>106.6853027</longitude>
						<latitude>10.7890863</latitude>
						<altitude>0</altitude>
						<heading>0</heading>
						<tilt>0</tilt>
						<gx:fovy>35</gx:fovy>
						<range>1035.666321850802</range>
						<altitudeMode>relativeToGround</altitudeMode>
					</LookAt>
					<styleUrl>#__managed_style_0DDA84B01140DE0E2028</styleUrl>
					<Point>
						<altitudeMode>relativeToGround</altitudeMode>
						<coordinates>106.6853027,10.7890863,0</coordinates>
					</Point>
				</Placemark>
				<Placemark id="0F54E3A674350541B09D">
					<name>Nem Nướng Nha Trang Cô Điệp Khánh Hội</name>
					<gx:mid>/g/11lh6gw76v</gx:mid>
					<gx:fid>0x31752f9e089d36fb:0xfda23b989ab68e65</gx:fid>
					<LookAt>
						<longitude>106.6992212</longitude>
						<latitude>10.7588888</latitude>
						<altitude>0</altitude>
						<heading>0</heading>
						<tilt>0</tilt>
						<gx:fovy>35</gx:fovy>
						<range>1035.782455279671</range>
						<altitudeMode>relativeToGround</altitudeMode>
					</LookAt>
					<styleUrl>#__managed_style_0DDA84B01140DE0E2028</styleUrl>
					<Point>
						<altitudeMode>relativeToGround</altitudeMode>
						<coordinates>106.6992212,10.7588888,0</coordinates>
					</Point>
				</Placemark>
				<Placemark id="0FC53CCABC3504EB9CFF">
					<name>Ben Nghe Street Food</name>
					<gx:mid>/g/11bxgb8ltc</gx:mid>
					<gx:fid>0x31752f38d6d12d4b:0x9a6eb30ab7589d13</gx:fid>
					<LookAt>
						<longitude>106.6978596</longitude>
						<latitude>10.7772337</latitude>
						<altitude>0</altitude>
						<heading>0</heading>
						<tilt>0</tilt>
						<gx:fovy>35</gx:fovy>
						<range>1035.711942589117</range>
						<altitudeMode>relativeToGround</altitudeMode>
					</LookAt>
					<styleUrl>#__managed_style_0DDA84B01140DE0E2028</styleUrl>
					<Point>
						<altitudeMode>relativeToGround</altitudeMode>
						<coordinates>106.6978596,10.7772337,0</coordinates>
					</Point>
				</Placemark>
				<Placemark id="0FFE0A012A3504ED477B">
					<name>Pizza 4P&apos;s Hai Ba Trung</name>
					<gx:mid>/g/11f30hwc20</gx:mid>
					<gx:fid>0x31752f3689d6e90b:0xfed9192a456fc218</gx:fid>
					<LookAt>
						<longitude>106.6969727</longitude>
						<latitude>10.7830429</latitude>
						<altitude>0</altitude>
						<heading>0</heading>
						<tilt>0</tilt>
						<gx:fovy>35</gx:fovy>
						<range>1035.689589082804</range>
						<altitudeMode>relativeToGround</altitudeMode>
					</LookAt>
					<styleUrl>#__managed_style_0DDA84B01140DE0E2028</styleUrl>
					<Point>
						<altitudeMode>relativeToGround</altitudeMode>
						<coordinates>106.6969727,10.7830429,0</coordinates>
					</Point>
				</Placemark>
				<Placemark id="0AF6D63E9E3504FA9260">
					<name>Cơm Tấm Ba Ghiền</name>
					<gx:mid>/g/11wfxt_q6k</gx:mid>
					<gx:fid>0x3175293a10b59b99:0xc8881bc0d1ff6da3</gx:fid>
					<LookAt>
						<longitude>106.6693599</longitude>
						<latitude>10.7944422</latitude>
						<altitude>0</altitude>
						<heading>0</heading>
						<tilt>0</tilt>
						<gx:fovy>35</gx:fovy>
						<range>1035.645690825292</range>
						<altitudeMode>relativeToGround</altitudeMode>
					</LookAt>
					<styleUrl>#__managed_style_0DDA84B01140DE0E2028</styleUrl>
					<Point>
						<altitudeMode>relativeToGround</altitudeMode>
						<coordinates>106.6693132,10.7944491,0</coordinates>
					</Point>
				</Placemark>
				<Placemark id="08F54075823504FB5034">
					<name>Phở Hòa Pasteur</name>
					<gx:mid>/g/11k2fkf4rg</gx:mid>
					<gx:fid>0x31752f26344ef6ef:0xd077b29b97dc202a</gx:fid>
					<LookAt>
						<longitude>106.6892627</longitude>
						<latitude>10.7866905</latitude>
						<altitude>0</altitude>
						<heading>0</heading>
						<tilt>0</tilt>
						<gx:fovy>35</gx:fovy>
						<range>1035.675547266472</range>
						<altitudeMode>relativeToGround</altitudeMode>
					</LookAt>
					<styleUrl>#__managed_style_0DDA84B01140DE0E2028</styleUrl>
					<Point>
						<altitudeMode>relativeToGround</altitudeMode>
						<coordinates>106.6892627,10.7866905,0</coordinates>
					</Point>
				</Placemark>
				<Placemark id="01CEEE4E193504FBEC0D">
					<name>Bánh Mì Huynh Hoa</name>
					<gx:mid>/g/11rfn3ghz4</gx:mid>
					<gx:fid>0x31752f9a2b48b0f5:0x6a60bc45340de55c</gx:fid>
					<LookAt>
						<longitude>106.6923968</longitude>
						<latitude>10.7715226</latitude>
						<altitude>0</altitude>
						<heading>0</heading>
						<tilt>0</tilt>
						<gx:fovy>35</gx:fovy>
						<range>1035.733907096689</range>
						<altitudeMode>relativeToGround</altitudeMode>
					</LookAt>
					<styleUrl>#__managed_style_0DDA84B01140DE0E2028</styleUrl>
					<Point>
						<altitudeMode>relativeToGround</altitudeMode>
						<coordinates>106.6923968,10.7715226,0</coordinates>
					</Point>
				</Placemark>
				<Placemark id="090CD0EE893504FCD275">
					<name>Quán Ngon - Bún Chả Hà Nội</name>
					<gx:mid>/g/11s8yfx7t0</gx:mid>
					<gx:fid>0x31752f1f75a5d6c9:0x31330ea41b7be069</gx:fid>
					<LookAt>
						<longitude>106.6936689</longitude>
						<latitude>10.7677147</latitude>
						<altitude>0</altitude>
						<heading>0</heading>
						<tilt>0</tilt>
						<gx:fovy>35</gx:fovy>
						<range>1035.748545680652</range>
						<altitudeMode>relativeToGround</altitudeMode>
					</LookAt>
					<styleUrl>#__managed_style_0DDA84B01140DE0E2028</styleUrl>
					<Point>
						<altitudeMode>relativeToGround</altitudeMode>
						<coordinates>106.6937009,10.7677313,0</coordinates>
					</Point>
				</Placemark>
				<Placemark id="0DF8D35424338A3D26C5">
					<name>Street Food - שוק אוכל  </name>
					<gx:mid>/g/11h4h4vy88</gx:mid>
					<gx:fid>0x31752f8005290d6f:0x63f4f575f59182e3</gx:fid>
					<LookAt>
						<longitude>106.6976176</longitude>
						<latitude>10.7813658</latitude>
						<altitude>0</altitude>
						<heading>0</heading>
						<tilt>0</tilt>
						<gx:fovy>35</gx:fovy>
						<range>1035.696043691185</range>
						<altitudeMode>relativeToGround</altitudeMode>
					</LookAt>
					<styleUrl>#__managed_style_48E33D395140DE0E202C</styleUrl>
					<Point>
						<altitudeMode>relativeToGround</altitudeMode>
						<coordinates>106.6974445017655,10.7815251845681,0</coordinates>
					</Point>
				</Placemark>
			</Folder>
			<Folder id="0B5F2DB3513507353B94">
				<name>ברים וחיי לילה</name>
				<styleUrl>#__managed_style_33D814B26940DE0E202C</styleUrl>
				<Placemark id="0658CEE2D435063E4B92">
					<name>Zion Sky Lounge and Dining</name>
					<gx:mid>/g/11qnf968vr</gx:mid>
					<gx:fid>0x31752faf00463ecd:0x8f9cae0ea3ac9a5f</gx:fid>
					<LookAt>
						<longitude>106.7021213</longitude>
						<latitude>10.7705736</latitude>
						<altitude>0</altitude>
						<heading>0</heading>
						<tilt>0</tilt>
						<gx:fovy>35</gx:fovy>
						<range>1035.73755578084</range>
						<altitudeMode>relativeToGround</altitudeMode>
					</LookAt>
					<styleUrl>#__managed_style_06A517022340DE0E202C</styleUrl>
					<Point>
						<altitudeMode>relativeToGround</altitudeMode>
						<coordinates>106.7020685,10.7707012,0</coordinates>
					</Point>
				</Placemark>
				<Placemark id="0D6352090735063F42D9">
					<name>Social Club Rooftop Bar</name>
					<gx:mid>/g/11cs5v6fq9</gx:mid>
					<gx:fid>0x31752f365e6ad03b:0xc70935c50565b556</gx:fid>
					<LookAt>
						<longitude>106.6973005</longitude>
						<latitude>10.7823659</latitude>
						<altitude>0</altitude>
						<heading>0</heading>
						<tilt>0</tilt>
						<gx:fovy>35</gx:fovy>
						<range>1035.692194752472</range>
						<altitudeMode>relativeToGround</altitudeMode>
					</LookAt>
					<styleUrl>#__managed_style_06A517022340DE0E202C</styleUrl>
					<Point>
						<altitudeMode>relativeToGround</altitudeMode>
						<coordinates>106.6973306,10.7823372,0</coordinates>
					</Point>
				</Placemark>
				<Placemark id="014AFDDBB435063FE308">
					<name>Chill Skybar &amp; Dining</name>
					<gx:mid>/g/11xmdml8p</gx:mid>
					<gx:fid>0x31752f3e866e1431:0x622002f1dd05ced4</gx:fid>
					<LookAt>
						<longitude>106.6943777</longitude>
						<latitude>10.7705648</latitude>
						<altitude>0</altitude>
						<heading>0</heading>
						<tilt>0</tilt>
						<gx:fovy>35</gx:fovy>
						<range>1035.737589613316</range>
						<altitudeMode>relativeToGround</altitudeMode>
					</LookAt>
					<styleUrl>#__managed_style_06A517022340DE0E202C</styleUrl>
					<Point>
						<altitudeMode>relativeToGround</altitudeMode>
						<coordinates>106.6943777,10.7705648,0</coordinates>
					</Point>
				</Placemark>
				<Placemark id="0CD20B4FE035050080EA">
					<name>The Arth Saigon</name>
					<gx:mid>/g/11sd6tw78g</gx:mid>
					<gx:fid>0x31752fc465d0249b:0x88da39a9d350a925</gx:fid>
					<LookAt>
						<longitude>106.7003796</longitude>
						<latitude>10.7680175</latitude>
						<altitude>0</altitude>
						<heading>0</heading>
						<tilt>0</tilt>
						<gx:fovy>35</gx:fovy>
						<range>1035.747381822392</range>
						<altitudeMode>relativeToGround</altitudeMode>
					</LookAt>
					<styleUrl>#__managed_style_06A517022340DE0E202C</styleUrl>
					<Point>
						<altitudeMode>relativeToGround</altitudeMode>
						<coordinates>106.7003573,10.76804,0</coordinates>
					</Point>
				</Placemark>
				<Placemark id="0D44F62FBD3505188792">
					<name>Layla - Eatery &amp; Bar</name>
					<gx:mid>/g/11c5bhvy4v</gx:mid>
					<gx:fid>0x31752f465f80d9eb:0x970ded593c873f2b</gx:fid>
					<LookAt>
						<longitude>106.7041467</longitude>
						<latitude>10.775405</latitude>
						<altitude>0</altitude>
						<heading>0</heading>
						<tilt>0</tilt>
						<gx:fovy>35</gx:fovy>
						<range>1035.718976889257</range>
						<altitudeMode>relativeToGround</altitudeMode>
					</LookAt>
					<styleUrl>#__managed_style_06A517022340DE0E202C</styleUrl>
					<Point>
						<altitudeMode>relativeToGround</altitudeMode>
						<coordinates>106.7041421,10.7754092,0</coordinates>
					</Point>
				</Placemark>
				<Placemark id="087B8021FC3505197CE5">
					<name>Bam Bam</name>
					<gx:mid>/g/11hyk2831l</gx:mid>
					<gx:fid>0x31752f6eb5220085:0x201d361c33f860f0</gx:fid>
					<LookAt>
						<longitude>106.701424</longitude>
						<latitude>10.769808</latitude>
						<altitude>0</altitude>
						<heading>0</heading>
						<tilt>0</tilt>
						<gx:fovy>35</gx:fovy>
						<range>1035.740499104919</range>
						<altitudeMode>relativeToGround</altitudeMode>
					</LookAt>
					<styleUrl>#__managed_style_06A517022340DE0E202C</styleUrl>
					<Point>
						<altitudeMode>relativeToGround</altitudeMode>
						<coordinates>106.7014834,10.7698573,0</coordinates>
					</Point>
				</Placemark>
				<Placemark id="04A2CAAB8435051B4FB6">
					<name>LAVA Bar &amp; Lounge</name>
					<gx:mid>/g/11mvrnzh15</gx:mid>
					<gx:fid>0x31752f08f985b49f:0xdb6746c0cefe1fdb</gx:fid>
					<LookAt>
						<longitude>106.703836</longitude>
						<latitude>10.778091</latitude>
						<altitude>0</altitude>
						<heading>0</heading>
						<tilt>0</tilt>
						<gx:fovy>35</gx:fovy>
						<range>1035.708644485275</range>
						<altitudeMode>relativeToGround</altitudeMode>
					</LookAt>
					<styleUrl>#__managed_style_06A517022340DE0E202C</styleUrl>
					<Point>
						<altitudeMode>relativeToGround</altitudeMode>
						<coordinates>106.703836,10.778091,0</coordinates>
					</Point>
				</Placemark>
				<Placemark id="0D253E279135051C8440">
					<name>Zodiac Bar</name>
					<gx:mid>/g/11td5pk1j7</gx:mid>
					<gx:fid>0x31752f6265928251:0x1bad60eaff46a647</gx:fid>
					<LookAt>
						<longitude>106.6867389</longitude>
						<latitude>10.7696066</latitude>
						<altitude>0</altitude>
						<heading>0</heading>
						<tilt>0</tilt>
						<gx:fovy>35</gx:fovy>
						<range>1035.741273346525</range>
						<altitudeMode>relativeToGround</altitudeMode>
					</LookAt>
					<styleUrl>#__managed_style_06A517022340DE0E202C</styleUrl>
					<Point>
						<altitudeMode>relativeToGround</altitudeMode>
						<coordinates>106.6867484,10.7696167,0</coordinates>
					</Point>
				</Placemark>
				<Placemark id="05A407A84F35051DAD7B">
					<name>AEX Cocktail Bar</name>
					<gx:mid>/g/11t8bthxx0</gx:mid>
					<gx:fid>0x317529375dcd64bf:0xfd7cc0521e6e1683</gx:fid>
					<LookAt>
						<longitude>106.6772654</longitude>
						<latitude>10.7954985</latitude>
						<altitude>0</altitude>
						<heading>0</heading>
						<tilt>0</tilt>
						<gx:fovy>35</gx:fovy>
						<range>1035.641620752907</range>
						<altitudeMode>relativeToGround</altitudeMode>
					</LookAt>
					<styleUrl>#__managed_style_06A517022340DE0E202C</styleUrl>
					<Point>
						<altitudeMode>relativeToGround</altitudeMode>
						<coordinates>106.6772654,10.7954985,0</coordinates>
					</Point>
				</Placemark>
				<Placemark id="0321A38CE0350521370B">
					<name>Banana Mama Rooftop Bar &amp; Kitchen Saigon</name>
					<gx:mid>/g/11h4mtwt3w</gx:mid>
					<gx:fid>0x31752f8bc805aec5:0xb480d00e34b05853</gx:fid>
					<LookAt>
						<longitude>106.6905357</longitude>
						<latitude>10.7649165</latitude>
						<altitude>0</altitude>
						<heading>0</heading>
						<tilt>0</tilt>
						<gx:fovy>35</gx:fovy>
						<range>1035.75929947295</range>
						<altitudeMode>relativeToGround</altitudeMode>
					</LookAt>
					<styleUrl>#__managed_style_06A517022340DE0E202C</styleUrl>
					<Point>
						<altitudeMode>relativeToGround</altitudeMode>
						<coordinates>106.6905436,10.7649216,0</coordinates>
					</Point>
				</Placemark>
				<Placemark id="017ACAD967350523EEC0">
					<name>Snuffbox</name>
					<gx:mid>/g/11cjkjqpyh</gx:mid>
					<gx:fid>0x31752f41a198165d:0xe8b4bc7449171129</gx:fid>
					<LookAt>
						<longitude>106.704158</longitude>
						<latitude>10.7696039</latitude>
						<altitude>0</altitude>
						<heading>0</heading>
						<tilt>0</tilt>
						<gx:fovy>35</gx:fovy>
						<range>1035.741283726033</range>
						<altitudeMode>relativeToGround</altitudeMode>
					</LookAt>
					<styleUrl>#__managed_style_06A517022340DE0E202C</styleUrl>
					<Point>
						<altitudeMode>relativeToGround</altitudeMode>
						<coordinates>106.704106,10.7695838,0</coordinates>
					</Point>
				</Placemark>
				<Placemark id="0AC4118C44350524DB76">
					<name>The Observatory</name>
					<gx:mid>/g/11cjk3tyy_</gx:mid>
					<gx:fid>0x31752f42735394ff:0x64b84070e70ebbdb</gx:fid>
					<LookAt>
						<longitude>106.6913666</longitude>
						<latitude>10.7723228</latitude>
						<altitude>0</altitude>
						<heading>0</heading>
						<tilt>0</tilt>
						<gx:fovy>35</gx:fovy>
						<range>1035.73083026893</range>
						<altitudeMode>relativeToGround</altitudeMode>
					</LookAt>
					<styleUrl>#__managed_style_0841F5184F40DE0E203F</styleUrl>
					<Point>
						<altitudeMode>relativeToGround</altitudeMode>
						<coordinates>106.6913666,10.7723228,0</coordinates>
					</Point>
				</Placemark>
				<Placemark id="093F5B8DFE350526B546">
					<name>Summer Experiment</name>
					<gx:mid>/g/11h7s48fm3</gx:mid>
					<gx:fid>0x31752fc7c1bd3f15:0xe3f86a15c939ccfc</gx:fid>
					<LookAt>
						<longitude>106.6980386</longitude>
						<latitude>10.7745835</latitude>
						<altitude>0</altitude>
						<heading>0</heading>
						<tilt>0</tilt>
						<gx:fovy>35</gx:fovy>
						<range>1035.722136500326</range>
						<altitudeMode>relativeToGround</altitudeMode>
					</LookAt>
					<styleUrl>#__managed_style_06A517022340DE0E202C</styleUrl>
					<Point>
						<altitudeMode>relativeToGround</altitudeMode>
						<coordinates>106.6980408,10.7745813,0</coordinates>
					</Point>
				</Placemark>
				<Placemark id="001A0A45F13505295479">
					<name>Japan Town (רחוב חלונות אדומים סטייל)</name>
					<LookAt>
						<longitude>106.7053411888627</longitude>
						<latitude>10.77952859837458</latitude>
						<altitude>5.830924004690865</altitude>
						<heading>0</heading>
						<tilt>0</tilt>
						<gx:fovy>84.11003675468548</gx:fovy>
						<range>209.8803936137119</range>
						<altitudeMode>absolute</altitudeMode>
					</LookAt>
					<styleUrl>#__managed_style_1C96B5566740DE0E203E</styleUrl>
					<Polygon>
						<outerBoundaryIs>
							<LinearRing>
								<coordinates>
									106.7041124636605,10.77969822472902,0 106.7053669448705,10.77872798431913,0 106.7061054377487,10.77954835439499,0 106.7048704315482,10.78060823793082,0 106.7041124636605,10.77969822472902,0 
								</coordinates>
							</LinearRing>
						</outerBoundaryIs>
					</Polygon>
				</Placemark>
				<Placemark id="0E087A492B35052A9B7C">
					<name>Du Bar</name>
					<gx:mid>/g/11rh_z9528</gx:mid>
					<gx:fid>0x317529984c1edabd:0xfc7991d8b3c301aa</gx:fid>
					<LookAt>
						<longitude>106.6960439</longitude>
						<latitude>10.7900833</latitude>
						<altitude>0</altitude>
						<heading>0</heading>
						<tilt>0</tilt>
						<gx:fovy>35</gx:fovy>
						<range>1035.662482148958</range>
						<altitudeMode>relativeToGround</altitudeMode>
					</LookAt>
					<styleUrl>#__managed_style_06A517022340DE0E202C</styleUrl>
					<Point>
						<altitudeMode>relativeToGround</altitudeMode>
						<coordinates>106.6960439,10.7900833,0</coordinates>
					</Point>
				</Placemark>
				<Placemark id="0045F556C835052B8B04">
					<name>Em Hoa Fiore</name>
					<gx:mid>/g/11s741yxxp</gx:mid>
					<gx:fid>0x31752fe9cd68c885:0x9013501d5f69fea1</gx:fid>
					<LookAt>
						<longitude>106.6771877</longitude>
						<latitude>10.75699</latitude>
						<altitude>0</altitude>
						<heading>0</heading>
						<tilt>0</tilt>
						<gx:fovy>35</gx:fovy>
						<range>1035.789747010603</range>
						<altitudeMode>relativeToGround</altitudeMode>
					</LookAt>
					<styleUrl>#__managed_style_06A517022340DE0E202C</styleUrl>
					<Point>
						<altitudeMode>relativeToGround</altitudeMode>
						<coordinates>106.6772222,10.7569077,0</coordinates>
					</Point>
				</Placemark>
				<Placemark id="094A2933A3350532F8CC">
					<name>EMPIRE MUSIC | QUÁN BAR QUẬN 1</name>
					<gx:mid>/g/11kjlwnldt</gx:mid>
					<gx:fid>0x31752f48456f13fb:0xe5e3e80e17a7e938</gx:fid>
					<LookAt>
						<longitude>106.6924947</longitude>
						<latitude>10.7699699</latitude>
						<altitude>0</altitude>
						<heading>0</heading>
						<tilt>0</tilt>
						<gx:fovy>35</gx:fovy>
						<range>1035.739876702788</range>
						<altitudeMode>relativeToGround</altitudeMode>
					</LookAt>
					<styleUrl>#__managed_style_0841F5184F40DE0E203F</styleUrl>
					<Point>
						<altitudeMode>relativeToGround</altitudeMode>
						<coordinates>106.6924947,10.7699699,0</coordinates>
					</Point>
				</Placemark>
				<Placemark id="001FEE923F303084C73F">
					<name>Bui vien - רחוב ברים חיי לילה</name>
					<LookAt>
						<longitude>106.6937362566408</longitude>
						<latitude>10.76756575238316</latitude>
						<altitude>7.283927390258917</altitude>
						<heading>35.9020642178795</heading>
						<tilt>0</tilt>
						<gx:fovy>83.61763000072258</gx:fovy>
						<range>126.7414639614435</range>
						<altitudeMode>absolute</altitudeMode>
					</LookAt>
					<styleUrl>#__managed_style_060E5030E440DE0E2030</styleUrl>
					<Point>
						<coordinates>106.6937942573278,10.76729578258701,4.597314382244131</coordinates>
					</Point>
				</Placemark>
				<Placemark id="07FEAE71A93424A10B6C">
					<name>Le Café des Stagiaires - Saigon</name>
					<gx:mid>/g/11k90ntcf1</gx:mid>
					<gx:fid>0x3175275dcc302f3b:0xea7193e2eb8ca128</gx:fid>
					<LookAt>
						<longitude>106.7291314</longitude>
						<latitude>10.8009481</latitude>
						<altitude>0</altitude>
						<heading>0</heading>
						<tilt>0</tilt>
						<gx:fovy>35</gx:fovy>
						<range>1035.620616473609</range>
						<altitudeMode>relativeToGround</altitudeMode>
					</LookAt>
					<styleUrl>#__managed_style_06A517022340DE0E202C</styleUrl>
					<Point>
						<altitudeMode>relativeToGround</altitudeMode>
						<coordinates>106.7291293,10.8009469,0</coordinates>
					</Point>
				</Placemark>
				<Placemark id="0423F08D76344BC98FE0">
					<name>Bui Vien - רחוב ברים חיי לילה</name>
					<LookAt>
						<longitude>106.6915777413968</longitude>
						<latitude>10.76646468562832</latitude>
						<altitude>8.842977445673053</altitude>
						<heading>341.9171015710462</heading>
						<tilt>0</tilt>
						<gx:fovy>83.53648945529673</gx:fovy>
						<range>512.4771644871362</range>
						<altitudeMode>absolute</altitudeMode>
					</LookAt>
					<styleUrl>#__managed_style_1E89A5EE7440DE0E202C</styleUrl>
					<LineString>
						<coordinates>
							106.6950827709312,10.76788429820054,0 106.6940007721355,10.76741832640934,0 106.6913765493126,10.76624408407929,0 106.6902273981296,10.76528881261925,0 
						</coordinates>
					</LineString>
				</Placemark>
				<Placemark id="0FDEC75F6E34ADB8611D">
					<name>Saigon Japan Town - רחוב ברים  </name>
					<gx:mid>/g/11cllprvly</gx:mid>
					<gx:fid>0x31752f48cf3c7265:0xd3bba610945c3f32</gx:fid>
					<LookAt>
						<longitude>106.7047033</longitude>
						<latitude>10.7793695</latitude>
						<altitude>0</altitude>
						<heading>0</heading>
						<tilt>0</tilt>
						<gx:fovy>35</gx:fovy>
						<range>1035.703725512376</range>
						<altitudeMode>relativeToGround</altitudeMode>
					</LookAt>
					<styleUrl>#__managed_style_23580E98C640DE0E2048</styleUrl>
					<Point>
						<altitudeMode>relativeToGround</altitudeMode>
						<coordinates>106.7047033,10.7793695,0</coordinates>
					</Point>
				</Placemark>
			</Folder>
		</Folder>
	</Folder>
	<Folder id="02D1B4401132EDC5ECEC">
		<name>שאר ויאטנם</name>
		<styleUrl>#__managed_style_33D814B26940DE0E202C</styleUrl>
		<Folder id="09BCB3579D341F9DA022">
			<name>כללי</name>
			<styleUrl>#__managed_style_33D814B26940DE0E202C</styleUrl>
			<Placemark id="0AEDF6E2BD341F501E57">
				<name>Golden Valley</name>
				<gx:mid>/g/12z65506n</gx:mid>
				<gx:fid>0x317172878fef3c51:0xff90c1491f70c37b</gx:fid>
				<LookAt>
					<longitude>108.3810067</longitude>
					<latitude>12.0060031</latitude>
					<altitude>0</altitude>
					<heading>0</heading>
					<tilt>0</tilt>
					<gx:fovy>35</gx:fovy>
					<range>1030.721305693322</range>
					<altitudeMode>relativeToGround</altitudeMode>
				</LookAt>
				<styleUrl>#__managed_style_1C4CA376BA40DE0E2031</styleUrl>
				<Point>
					<altitudeMode>relativeToGround</altitudeMode>
					<coordinates>108.3814104618868,12.00597963189251,0</coordinates>
				</Point>
			</Placemark>
			<Placemark id="003DE14D3A341F51783A">
				<name>Devil Mountain Tourist Area</name>
				<gx:mid>/g/11tny1b9w2</gx:mid>
				<gx:fid>0x317173e8904a5c55:0xe246294c2797e864</gx:fid>
				<LookAt>
					<longitude>108.3499998</longitude>
					<latitude>12.0022429</latitude>
					<altitude>0</altitude>
					<heading>0</heading>
					<tilt>0</tilt>
					<gx:fovy>35</gx:fovy>
					<range>1030.737380133106</range>
					<altitudeMode>relativeToGround</altitudeMode>
				</LookAt>
				<styleUrl>#__managed_style_1C4CA376BA40DE0E2031</styleUrl>
				<Point>
					<altitudeMode>relativeToGround</altitudeMode>
					<coordinates>108.3499998,12.0022429,0</coordinates>
				</Point>
			</Placemark>
			<Placemark id="0C32C96350341F52903A">
				<name>QUÊ Garden</name>
				<gx:mid>/g/11t_gtrpjq</gx:mid>
				<gx:fid>0x31716deb7f8221dd:0x934ece4e4b6e1725</gx:fid>
				<LookAt>
					<longitude>108.3972989</longitude>
					<latitude>11.9582923</latitude>
					<altitude>0</altitude>
					<heading>0</heading>
					<tilt>0</tilt>
					<gx:fovy>35</gx:fovy>
					<range>1030.92489966418</range>
					<altitudeMode>relativeToGround</altitudeMode>
				</LookAt>
				<styleUrl>#__managed_style_1C4CA376BA40DE0E2031</styleUrl>
				<Point>
					<altitudeMode>relativeToGround</altitudeMode>
					<coordinates>108.3972989,11.9582923,0</coordinates>
				</Point>
			</Placemark>
			<Placemark id="0AF3C883B6341F535422">
				<name>Lumiere Da Lat - Light Garden</name>
				<gx:mid>/g/11j07kyxxc</gx:mid>
				<gx:fid>0x317113b3b984db37:0x500d19dbe9c05170</gx:fid>
				<LookAt>
					<longitude>108.4438341</longitude>
					<latitude>11.976118</latitude>
					<altitude>0</altitude>
					<heading>0</heading>
					<tilt>0</tilt>
					<gx:fovy>35</gx:fovy>
					<range>1030.84892551228</range>
					<altitudeMode>relativeToGround</altitudeMode>
				</LookAt>
				<styleUrl>#__managed_style_1C7CEBA3B040DE0E2028</styleUrl>
				<Point>
					<altitudeMode>relativeToGround</altitudeMode>
					<coordinates>108.4438341,11.976118,0</coordinates>
				</Point>
			</Placemark>
			<Placemark id="052FE97BE4341F539E9B">
				<name>Crazy House - Biệt thự du lịch Hằng Nga</name>
				<gx:mid>/m/0bbvkrv</gx:mid>
				<gx:fid>0x317113331aee38a5:0x3f766cbad7773c86</gx:fid>
				<LookAt>
					<longitude>108.4308805</longitude>
					<latitude>11.9347331</latitude>
					<altitude>0</altitude>
					<heading>0</heading>
					<tilt>0</tilt>
					<gx:fovy>35</gx:fovy>
					<range>1031.025140839337</range>
					<altitudeMode>relativeToGround</altitudeMode>
				</LookAt>
				<styleUrl>#__managed_style_1C7CEBA3B040DE0E2028</styleUrl>
				<Point>
					<altitudeMode>relativeToGround</altitudeMode>
					<coordinates>108.4308805,11.9347331,0</coordinates>
				</Point>
			</Placemark>
			<Placemark id="09F60B855C341F55AC79">
				<name>K Coffee Audiophile</name>
				<gx:mid>/g/11ptzdd49r</gx:mid>
				<gx:fid>0x3171133cc0f0f049:0x70d91bbe837fdb0</gx:fid>
				<LookAt>
					<longitude>108.428787</longitude>
					<latitude>11.9329884</latitude>
					<altitude>0</altitude>
					<heading>0</heading>
					<tilt>0</tilt>
					<gx:fovy>35</gx:fovy>
					<range>1031.032556624539</range>
					<altitudeMode>relativeToGround</altitudeMode>
				</LookAt>
				<styleUrl>#__managed_style_2C903B9DC640DE0E2030</styleUrl>
				<Point>
					<altitudeMode>relativeToGround</altitudeMode>
					<coordinates>108.4287829,11.9330015,0</coordinates>
				</Point>
			</Placemark>
			<Placemark id="099C51A63C341F584868">
				<name>Nhà Hàng Thủy Tạ</name>
				<gx:mid>/g/1vd92k_m</gx:mid>
				<gx:fid>0x317113251c10219d:0x569fe8a20c753848</gx:fid>
				<LookAt>
					<longitude>108.4421115</longitude>
					<latitude>11.9399966</latitude>
					<altitude>0</altitude>
					<heading>0</heading>
					<tilt>0</tilt>
					<gx:fovy>35</gx:fovy>
					<range>1031.002762107174</range>
					<altitudeMode>relativeToGround</altitudeMode>
				</LookAt>
				<styleUrl>#__managed_style_0DDA84B01140DE0E2028</styleUrl>
				<Point>
					<altitudeMode>relativeToGround</altitudeMode>
					<coordinates>108.4421115,11.9399966,0</coordinates>
				</Point>
			</Placemark>
			<Placemark id="0D09978434341F595973">
				<name>Thanh Thuy Blue Water Cafe</name>
				<gx:mid>/g/1tkjhp9t</gx:mid>
				<gx:fid>0x3171132f62c88049:0x9466bb0e73db348</gx:fid>
				<LookAt>
					<longitude>108.4394138</longitude>
					<latitude>11.9417226</latitude>
					<altitude>0</altitude>
					<heading>0</heading>
					<tilt>0</tilt>
					<gx:fovy>35</gx:fovy>
					<range>1030.995421605483</range>
					<altitudeMode>relativeToGround</altitudeMode>
				</LookAt>
				<styleUrl>#__managed_style_0DDA84B01140DE0E2028</styleUrl>
				<Point>
					<altitudeMode>relativeToGround</altitudeMode>
					<coordinates>108.4393869,11.9417441,0</coordinates>
				</Point>
			</Placemark>
			<Placemark id="0D79C825E8341F5AC4F0">
				<name>פארק וכיכר מרכזי</name>
				<LookAt>
					<longitude>108.4445052637025</longitude>
					<latitude>11.9384962353978</latitude>
					<altitude>1491.554090642714</altitude>
					<heading>2.924526408540478</heading>
					<tilt>0</tilt>
					<gx:fovy>69.14203542214338</gx:fovy>
					<range>244.1283329332873</range>
					<altitudeMode>absolute</altitudeMode>
				</LookAt>
				<styleUrl>#__managed_style_34201C011B40DE0E2037</styleUrl>
				<Point>
					<coordinates>108.4443863989111,11.93852928046178,1490.769957699876</coordinates>
				</Point>
			</Placemark>
			<Placemark id="0C700E94BE341F5BEF3A">
				<name>Cà phê Tiên Dung</name>
				<gx:mid>/g/11nmgczyc6</gx:mid>
				<gx:fid>0x317113d9e05df535:0x6c6b738e9694fc76</gx:fid>
				<LookAt>
					<longitude>108.451416</longitude>
					<latitude>11.936078</latitude>
					<altitude>0</altitude>
					<heading>0</heading>
					<tilt>0</tilt>
					<gx:fovy>35</gx:fovy>
					<range>1031.019423667407</range>
					<altitudeMode>relativeToGround</altitudeMode>
				</LookAt>
				<styleUrl>#__managed_style_2490DC874E40DE0E2031</styleUrl>
				<Point>
					<altitudeMode>relativeToGround</altitudeMode>
					<coordinates>108.4514,11.9361259,0</coordinates>
				</Point>
			</Placemark>
			<Placemark id="0F799A8F53341F5D3CE2">
				<name>Vườn hoa thành phố Đà Lạt</name>
				<gx:mid>/g/122vlw65</gx:mid>
				<gx:fid>0x317113cc83ae4a67:0x62a76426d1126ed2</gx:fid>
				<LookAt>
					<longitude>108.4498289</longitude>
					<latitude>11.9502479</latitude>
					<altitude>0</altitude>
					<heading>0</heading>
					<tilt>0</tilt>
					<gx:fovy>35</gx:fovy>
					<range>1030.959149182528</range>
					<altitudeMode>relativeToGround</altitudeMode>
				</LookAt>
				<styleUrl>#__managed_style_1C4CA376BA40DE0E2031</styleUrl>
				<Point>
					<altitudeMode>relativeToGround</altitudeMode>
					<coordinates>108.4495787246558,11.95124299262106,0</coordinates>
				</Point>
			</Placemark>
			<Placemark id="0A384FE796341F5DDC58">
				<name>Linh Sơn Pagoda</name>
				<gx:mid>/m/03qhsvf</gx:mid>
				<gx:fid>0x317112d7ca5e07f1:0x23d4abb0941400c1</gx:fid>
				<LookAt>
					<longitude>108.4368776</longitude>
					<latitude>11.9502832</latitude>
					<altitude>0</altitude>
					<heading>0</heading>
					<tilt>0</tilt>
					<gx:fovy>35</gx:fovy>
					<range>1030.958998939794</range>
					<altitudeMode>relativeToGround</altitudeMode>
				</LookAt>
				<styleUrl>#__managed_style_199CD3E10340DE0E2030</styleUrl>
				<Point>
					<altitudeMode>relativeToGround</altitudeMode>
					<coordinates>108.4368107,11.9503272,0</coordinates>
				</Point>
			</Placemark>
			<Placemark id="0C20AA9B32341F5FF6FA">
				<name> תצפית וכניסה לרכבל</name>
				<LookAt>
					<longitude>108.4439774270843</longitude>
					<latitude>11.9236615139327</latitude>
					<altitude>1549.511452526721</altitude>
					<heading>338.1093232271995</heading>
					<tilt>0</tilt>
					<gx:fovy>37.5942422918345</gx:fovy>
					<range>278.3289899501688</range>
					<altitudeMode>absolute</altitudeMode>
				</LookAt>
				<styleUrl>#__managed_style_1BA02D43E240DE0E2036</styleUrl>
				<Point>
					<coordinates>108.4439527715985,11.92358432217491,1553.13471274159</coordinates>
				</Point>
			</Placemark>
			<Placemark id="0891FFDE7D341F61E749">
				<name>DU THUYỀN WONDERLAND</name>
				<gx:mid>/g/11tx7ygr8m</gx:mid>
				<gx:fid>0x31716bbb418f08a3:0xcfee24cd6da4da42</gx:fid>
				<LookAt>
					<longitude>108.4190373</longitude>
					<latitude>11.8948501</latitude>
					<altitude>0</altitude>
					<heading>0</heading>
					<tilt>0</tilt>
					<gx:fovy>35</gx:fovy>
					<range>1031.194397648744</range>
					<altitudeMode>relativeToGround</altitudeMode>
				</LookAt>
				<styleUrl>#__managed_style_1C7CEBA3B040DE0E2028</styleUrl>
				<Point>
					<altitudeMode>relativeToGround</altitudeMode>
					<coordinates>108.4167213774226,11.89516268948384,0</coordinates>
				</Point>
			</Placemark>
			<Placemark id="0F553F082D341F62933D">
				<name>Đường Hầm Điêu Khắc</name>
				<gx:mid>/g/11b60s6wct</gx:mid>
				<gx:fid>0x31716b38c34667bf:0x3d987ff049b1b859</gx:fid>
				<LookAt>
					<longitude>108.4109891</longitude>
					<latitude>11.8833774</latitude>
					<altitude>0</altitude>
					<heading>0</heading>
					<tilt>0</tilt>
					<gx:fovy>35</gx:fovy>
					<range>1031.242983426965</range>
					<altitudeMode>relativeToGround</altitudeMode>
				</LookAt>
				<styleUrl>#__managed_style_1C4CA376BA40DE0E2031</styleUrl>
				<Point>
					<altitudeMode>relativeToGround</altitudeMode>
					<coordinates>108.4104318776755,11.88339314232543,0</coordinates>
				</Point>
			</Placemark>
			<Placemark id="0DDC2DF1D7341F639791">
				<name>Truc Lam Buddhist Monastery</name>
				<gx:mid>/m/03qjnyt</gx:mid>
				<gx:fid>0x31711538a4b67a91:0x14b54d4f0e86e557</gx:fid>
				<LookAt>
					<longitude>108.4357112</longitude>
					<latitude>11.9036292</latitude>
					<altitude>0</altitude>
					<heading>0</heading>
					<tilt>0</tilt>
					<gx:fovy>35</gx:fovy>
					<range>1031.157188089767</range>
					<altitudeMode>relativeToGround</altitudeMode>
				</LookAt>
				<styleUrl>#__managed_style_199CD3E10340DE0E2030</styleUrl>
				<Point>
					<altitudeMode>relativeToGround</altitudeMode>
					<coordinates>108.4353970995473,11.90377086541936,0</coordinates>
				</Point>
			</Placemark>
			<Placemark id="0C8E408D33341F864C60">
				<name>Săn mây cầu gỗ</name>
				<gx:mid>/g/11t_z9b30k</gx:mid>
				<gx:fid>0x317117c6304f7f3d:0x530538391fd04187</gx:fid>
				<LookAt>
					<longitude>108.5680309</longitude>
					<latitude>11.8924324</latitude>
					<altitude>0</altitude>
					<heading>0</heading>
					<tilt>0</tilt>
					<gx:fovy>35</gx:fovy>
					<range>1031.204640182129</range>
					<altitudeMode>relativeToGround</altitudeMode>
				</LookAt>
				<styleUrl>#__managed_style_1C4CA376BA40DE0E2031</styleUrl>
				<Point>
					<altitudeMode>relativeToGround</altitudeMode>
					<coordinates>108.5680309,11.8924324,0</coordinates>
				</Point>
			</Placemark>
			<Placemark id="01ABABF385341F935B83">
				<name>30 Wonders - Valley of Love</name>
				<gx:mid>/g/11n09xqn_s</gx:mid>
				<gx:fid>0x31710de32bf04eb5:0x71a495c176b6a8e4</gx:fid>
				<LookAt>
					<longitude>108.44726</longitude>
					<latitude>11.9933927</latitude>
					<altitude>0</altitude>
					<heading>0</heading>
					<tilt>0</tilt>
					<gx:fovy>35</gx:fovy>
					<range>1030.775194366074</range>
					<altitudeMode>relativeToGround</altitudeMode>
				</LookAt>
				<styleUrl>#__managed_style_1C4CA376BA40DE0E2031</styleUrl>
				<Point>
					<altitudeMode>relativeToGround</altitudeMode>
					<coordinates>108.44726,11.9933927,0</coordinates>
				</Point>
			</Placemark>
			<Placemark id="0E57FC2C9C341F956F16">
				<name>Nhà trăm nóc</name>
				<gx:mid>/g/11hz3twhfh</gx:mid>
				<gx:fid>0x3171139a451b9369:0xe85dab0591197f6b</gx:fid>
				<LookAt>
					<longitude>108.4519545</longitude>
					<latitude>11.9283102</latitude>
					<altitude>0</altitude>
					<heading>0</heading>
					<tilt>0</tilt>
					<gx:fovy>35</gx:fovy>
					<range>1031.052435923112</range>
					<altitudeMode>relativeToGround</altitudeMode>
				</LookAt>
				<styleUrl>#__managed_style_1C4CA376BA40DE0E2031</styleUrl>
				<Point>
					<altitudeMode>relativeToGround</altitudeMode>
					<coordinates>108.4519545,11.9283102,0</coordinates>
				</Point>
			</Placemark>
			<Placemark id="077F1C6405341F982698">
				<name>נקודת תצפית</name>
				<LookAt>
					<longitude>108.4433556949706</longitude>
					<latitude>11.93972802819704</latitude>
					<altitude>1481.17174409371</altitude>
					<heading>354.6323972250453</heading>
					<tilt>0</tilt>
					<gx:fovy>82.7517195092186</gx:fovy>
					<range>102.9056323686564</range>
					<altitudeMode>absolute</altitudeMode>
				</LookAt>
				<styleUrl>#__managed_style_1BA02D43E240DE0E2036</styleUrl>
				<Point>
					<coordinates>108.4432495973081,11.93954730859091,1482.177388054193</coordinates>
				</Point>
			</Placemark>
			<Placemark id="0AB9A0B15B341F9CC51D">
				<name>Mongo Land Dalat</name>
				<gx:mid>/g/11t28c81d7</gx:mid>
				<gx:fid>0x31716d80e5a43fe5:0x48cd4f38741b7ca2</gx:fid>
				<LookAt>
					<longitude>108.3392217</longitude>
					<latitude>11.9157314</latitude>
					<altitude>0</altitude>
					<heading>0</heading>
					<tilt>0</tilt>
					<gx:fovy>35</gx:fovy>
					<range>1031.105849878126</range>
					<altitudeMode>relativeToGround</altitudeMode>
				</LookAt>
				<styleUrl>#__managed_style_1C7CEBA3B040DE0E2028</styleUrl>
				<Point>
					<altitudeMode>relativeToGround</altitudeMode>
					<coordinates>108.3384587502566,11.91616025748356,0</coordinates>
				</Point>
			</Placemark>
			<Placemark id="0C1A029329341FFF1C09">
				<name>Bonsai Garden</name>
				<gx:mid>/g/11vd65n3l1</gx:mid>
				<gx:fid>0x314a59c9fb7a73f5:0x4909f4c7315c6a30</gx:fid>
				<LookAt>
					<longitude>107.0734248</longitude>
					<latitude>20.9554633</latitude>
					<altitude>0</altitude>
					<heading>0</heading>
					<tilt>0</tilt>
					<gx:fovy>35</gx:fovy>
					<range>978.8377848860822</range>
					<altitudeMode>relativeToGround</altitudeMode>
				</LookAt>
				<styleUrl>#__managed_style_1C4CA376BA40DE0E2031</styleUrl>
				<Point>
					<altitudeMode>relativeToGround</altitudeMode>
					<coordinates>107.0734248,20.9554633,0</coordinates>
				</Point>
			</Placemark>
			<Placemark id="012D62D312341FFFA185">
				<name>Chùa Bảo Hải Linh Thông</name>
				<gx:mid>/g/11s8cvy7lf</gx:mid>
				<gx:fid>0x314a59ec99506e47:0xe9c4bfdb3fc9105e</gx:fid>
				<LookAt>
					<longitude>107.07708</longitude>
					<latitude>20.95537</latitude>
					<altitude>0</altitude>
					<heading>0</heading>
					<tilt>0</tilt>
					<gx:fovy>35</gx:fovy>
					<range>978.8384642032131</range>
					<altitudeMode>relativeToGround</altitudeMode>
				</LookAt>
				<styleUrl>#__managed_style_199CD3E10340DE0E2030</styleUrl>
				<Point>
					<altitudeMode>relativeToGround</altitudeMode>
					<coordinates>107.07708,20.95537,0</coordinates>
				</Point>
			</Placemark>
			<Placemark id="0A52DBAB5B342006B7E0">
				<name>THÔNG ZEO</name>
				<gx:mid>/g/11p5qhxv3t</gx:mid>
				<gx:fid>0x314a59e5a864b9e1:0x71e99b4d009c7aa</gx:fid>
				<LookAt>
					<longitude>107.0563322</longitude>
					<latitude>20.9580749</latitude>
					<altitude>0</altitude>
					<heading>0</heading>
					<tilt>0</tilt>
					<gx:fovy>35</gx:fovy>
					<range>978.8187686940797</range>
					<altitudeMode>relativeToGround</altitudeMode>
				</LookAt>
				<styleUrl>#__managed_style_2C903B9DC640DE0E2030</styleUrl>
				<Point>
					<altitudeMode>relativeToGround</altitudeMode>
					<coordinates>107.0563322,20.9580749,0</coordinates>
				</Point>
			</Placemark>
			<Placemark id="08B997F6773420085564">
				<name>Valley Beach Club - beach</name>
				<gx:mid>/g/11sy6vh828</gx:mid>
				<gx:fid>0x314a59d2a897a259:0xcfe16ea1f04926d6</gx:fid>
				<LookAt>
					<longitude>107.0467031</longitude>
					<latitude>20.9458875</latitude>
					<altitude>0</altitude>
					<heading>0</heading>
					<tilt>0</tilt>
					<gx:fovy>35</gx:fovy>
					<range>978.907491651123</range>
					<altitudeMode>relativeToGround</altitudeMode>
				</LookAt>
				<styleUrl>#__managed_style_0DE56DBD2F40DE0E202B</styleUrl>
				<Point>
					<altitudeMode>relativeToGround</altitudeMode>
					<coordinates>107.0467031,20.9458875,0</coordinates>
				</Point>
			</Placemark>
			<Placemark id="084E1A2C6F342008A4BA">
				<name>Chill Beach Bar - Hạ Long</name>
				<gx:mid>/g/11sy3g_s9v</gx:mid>
				<gx:fid>0x314a59829101514f:0xf4a5f041cc24e16d</gx:fid>
				<LookAt>
					<longitude>107.0483224</longitude>
					<latitude>20.9463398</latitude>
					<altitude>0</altitude>
					<heading>0</heading>
					<tilt>0</tilt>
					<gx:fovy>35</gx:fovy>
					<range>978.9041998103927</range>
					<altitudeMode>relativeToGround</altitudeMode>
				</LookAt>
				<styleUrl>#__managed_style_0DE56DBD2F40DE0E202B</styleUrl>
				<Point>
					<altitudeMode>relativeToGround</altitudeMode>
					<coordinates>107.0483224,20.9463398,0</coordinates>
				</Point>
			</Placemark>
			<Placemark id="046FD9BBE134202C0395">
				<name>An Bang Beach</name>
				<gx:mid>/g/1pp2vlmtm</gx:mid>
				<gx:fid>0x31420df96d5396ab:0xed0d9e973a32b1ef</gx:fid>
				<LookAt>
					<longitude>108.3406489</longitude>
					<latitude>15.9136072</latitude>
					<altitude>0</altitude>
					<heading>0</heading>
					<tilt>0</tilt>
					<gx:fovy>35</gx:fovy>
					<range>1011.383505313647</range>
					<altitudeMode>relativeToGround</altitudeMode>
				</LookAt>
				<styleUrl>#__managed_style_5A4AD8E92240DE0E2030</styleUrl>
				<Point>
					<altitudeMode>relativeToGround</altitudeMode>
					<coordinates>108.3406489,15.9136072,0</coordinates>
				</Point>
			</Placemark>
			<Placemark id="0F7CF3C03634202DB511">
				<name>Bảo Tàng Văn Hóa Phật Giáo</name>
				<gx:mid>/g/11f5brfcr3</gx:mid>
				<gx:fid>0x314210b94dec6ff3:0x27be284a56e69843</gx:fid>
				<LookAt>
					<longitude>108.2547934</longitude>
					<latitude>15.9989293</latitude>
					<altitude>0</altitude>
					<heading>0</heading>
					<tilt>0</tilt>
					<gx:fovy>35</gx:fovy>
					<range>1010.903128972651</range>
					<altitudeMode>relativeToGround</altitudeMode>
				</LookAt>
				<styleUrl>#__managed_style_199CD3E10340DE0E2030</styleUrl>
				<Point>
					<altitudeMode>relativeToGround</altitudeMode>
					<coordinates>108.2547934,15.9989293,0</coordinates>
				</Point>
			</Placemark>
			<Placemark id="0B037E9D173420681212">
				<name>Thanh Hà Terracotta Park</name>
				<gx:mid>/g/11c3k541fv</gx:mid>
				<gx:fid>0x31420e5f32af2c31:0xa80391de731b1be8</gx:fid>
				<LookAt>
					<longitude>108.3000866</longitude>
					<latitude>15.8776098</latitude>
					<altitude>0</altitude>
					<heading>0</heading>
					<tilt>0</tilt>
					<gx:fovy>35</gx:fovy>
					<range>1011.585438244291</range>
					<altitudeMode>relativeToGround</altitudeMode>
				</LookAt>
				<styleUrl>#__managed_style_1C7CEBA3B040DE0E2028</styleUrl>
				<Point>
					<altitudeMode>relativeToGround</altitudeMode>
					<coordinates>108.3000614627004,15.87774725420824,0</coordinates>
				</Point>
			</Placemark>
			<Placemark id="0FA0A3F4CE2DDC387607">
				<name>Fansipan - מקדש </name>
				<LookAt>
					<longitude>103.7753090466892</longitude>
					<latitude>22.30394904068861</latitude>
					<altitude>3087.700612465058</altitude>
					<heading>208.3439557574841</heading>
					<tilt>0</tilt>
					<gx:fovy>35</gx:fovy>
					<range>1010.873566521623</range>
					<altitudeMode>absolute</altitudeMode>
				</LookAt>
				<styleUrl>#__managed_style_2E79CF5BBE40DE0E2049</styleUrl>
				<Point>
					<coordinates>103.7758298735632,22.30403022502531,3077.289220144696</coordinates>
				</Point>
			</Placemark>
			<Placemark id="04248E6E1B2DF6077387">
				<name>Dragon Bridge -  מופע בערב ימי א + ש 21:00</name>
				<LookAt>
					<longitude>108.2260635237829</longitude>
					<latitude>16.06130118876418</latitude>
					<altitude>0.4051469789319406</altitude>
					<heading>3.22187786697253</heading>
					<tilt>16.5128489708209</tilt>
					<gx:fovy>35</gx:fovy>
					<range>2156.604975103692</range>
					<altitudeMode>absolute</altitudeMode>
				</LookAt>
				<styleUrl>#__managed_style_34201C011B40DE0E2037</styleUrl>
				<Point>
					<coordinates>108.2271439900864,16.06108323594972,0.4045100190485273</coordinates>
				</Point>
			</Placemark>
			<Placemark id="09D341A8242E5CAF54F8">
				<name>רחוב בסגנון ונציה יפהייפה</name>
				<LookAt>
					<longitude>103.8606957083874</longitude>
					<latitude>10.32631040030673</latitude>
					<altitude>10.29413727135082</altitude>
					<heading>-64.98597039737204</heading>
					<tilt>1.771295773762547</tilt>
					<gx:fovy>35</gx:fovy>
					<range>1638.719688647543</range>
					<altitudeMode>absolute</altitudeMode>
				</LookAt>
				<styleUrl>#__managed_style_17E7A5AA5240DE0E2039</styleUrl>
				<Point>
					<coordinates>103.8618770092084,10.32622678902077,16.17359287339232</coordinates>
				</Point>
			</Placemark>
			<Placemark id="006D090DB52F935885E9">
				<name>נקודת תצפית</name>
				<LookAt>
					<longitude>103.8581057641636</longitude>
					<latitude>10.32561900062417</latitude>
					<altitude>17.10044025434701</altitude>
					<heading>99.52668442778347</heading>
					<tilt>0</tilt>
					<gx:fovy>42.21211750859601</gx:fovy>
					<range>155.2489029483877</range>
					<altitudeMode>absolute</altitudeMode>
				</LookAt>
				<styleUrl>#__managed_style_3B4605297940DE0E2049</styleUrl>
				<Point>
					<coordinates>103.8580612560242,10.32577917624866,16.81024126923085</coordinates>
				</Point>
			</Placemark>
			<Placemark id="00BF509F9430545612BA">
				<name>חוף ראשי </name>
				<LookAt>
					<longitude>109.238917317836</longitude>
					<latitude>12.17931487978892</latitude>
					<altitude>-0.1887515074339052</altitude>
					<heading>0.7942036497414421</heading>
					<tilt>0</tilt>
					<gx:fovy>61.96126180961473</gx:fovy>
					<range>502.1798669987766</range>
					<altitudeMode>absolute</altitudeMode>
				</LookAt>
				<styleUrl>#__managed_style_2D7F87427C40DE0E203B</styleUrl>
				<Point>
					<coordinates>109.2388332965752,12.17913126778873,0.3794241269103462</coordinates>
				</Point>
			</Placemark>
			<Placemark id="0C7E3D766C30571AF48D">
				<name>נקודת תצפית</name>
				<LookAt>
					<longitude>108.3278774617936</longitude>
					<latitude>15.87614584251656</latitude>
					<altitude>1.777668395770202</altitude>
					<heading>17.11672718510367</heading>
					<tilt>0</tilt>
					<gx:fovy>82.14464640055445</gx:fovy>
					<range>229.3301310700554</range>
					<altitudeMode>absolute</altitudeMode>
				</LookAt>
				<styleUrl>#__managed_style_2CE2F9E39C40DE0E2054</styleUrl>
				<Point>
					<coordinates>108.3264574687797,15.87631411897773,1.029841274028209</coordinates>
				</Point>
			</Placemark>
			<Placemark id="05FC65D8C132EEA35A92">
				<name>Chaco Bar &amp; Coffee</name>
				<gx:mid>/g/11nmt0s9bp</gx:mid>
				<gx:fid>0x31081fbcb61f759b:0x8e1e6a22ce64b88b</gx:fid>
				<LookAt>
					<longitude>103.8538797</longitude>
					<latitude>10.3241797</latitude>
					<altitude>0</altitude>
					<heading>0</heading>
					<tilt>0</tilt>
					<gx:fovy>35</gx:fovy>
					<range>1037.418857950312</range>
					<altitudeMode>relativeToGround</altitudeMode>
				</LookAt>
				<styleUrl>#__managed_style_06A517022340DE0E202C</styleUrl>
				<Point>
					<altitudeMode>relativeToGround</altitudeMode>
					<coordinates>103.8538797,10.3241797,0</coordinates>
				</Point>
			</Placemark>
			<Placemark id="03C74EE37E336AA892E9">
				<name>Sailing Club Nha Trang</name>
				<gx:mid>/g/1tcwj14j</gx:mid>
				<gx:fid>0x3170676518181f8b:0xb87e85ceb9dd568c</gx:fid>
				<LookAt>
					<longitude>109.1980213</longitude>
					<latitude>12.2340918</latitude>
					<altitude>0</altitude>
					<heading>0</heading>
					<tilt>0</tilt>
					<gx:fovy>35</gx:fovy>
					<range>1029.73706630282</range>
					<altitudeMode>relativeToGround</altitudeMode>
				</LookAt>
				<styleUrl>#__managed_style_0DE56DBD2F40DE0E202B</styleUrl>
				<Point>
					<altitudeMode>relativeToGround</altitudeMode>
					<coordinates>109.1980213,12.2340918,0</coordinates>
				</Point>
			</Placemark>
			<Placemark id="088EC91253338ECA84FA">
				<name>Ice Jungle Phu Quoc</name>
				<gx:mid>/g/11y2f5pf6j</gx:mid>
				<gx:fid>0x31a7934fc6eee31b:0x18231c83b2133cd3</gx:fid>
				<LookAt>
					<longitude>103.9952882</longitude>
					<latitude>10.0718771</latitude>
					<altitude>0</altitude>
					<heading>0</heading>
					<tilt>0</tilt>
					<gx:fovy>35</gx:fovy>
					<range>1038.338216277969</range>
					<altitudeMode>relativeToGround</altitudeMode>
				</LookAt>
				<styleUrl>#__managed_style_1C7CEBA3B040DE0E2028</styleUrl>
				<Point>
					<altitudeMode>relativeToGround</altitudeMode>
					<coordinates>103.9952882,10.0718771,0</coordinates>
				</Point>
			</Placemark>
			<Placemark id="015C458D9A34119D76D9">
				<name>Khu Ẩm thực đêm Helio - שוק אוכל נהדר</name>
				<gx:mid>/g/11cs6xpdzb</gx:mid>
				<gx:fid>0x314219e891faca05:0x7fd538a95a570da</gx:fid>
				<LookAt>
					<longitude>108.2244814</longitude>
					<latitude>16.03724369999999</latitude>
					<altitude>0</altitude>
					<heading>0</heading>
					<tilt>0</tilt>
					<gx:fovy>35</gx:fovy>
					<range>1010.686613075379</range>
					<altitudeMode>relativeToGround</altitudeMode>
				</LookAt>
				<styleUrl>#__managed_style_48E33D395140DE0E202C</styleUrl>
				<Point>
					<altitudeMode>relativeToGround</altitudeMode>
					<coordinates>108.2244814,16.0372437,0</coordinates>
				</Point>
			</Placemark>
			<Placemark id="09E82FD749341F209837">
				<name>Hainan Assembly Hall</name>
				<gx:mid>/g/1th0kcnh</gx:mid>
				<gx:fid>0x31420e7f684b2929:0x5678707078d08a67</gx:fid>
				<LookAt>
					<longitude>108.3320041</longitude>
					<latitude>15.8776513</latitude>
					<altitude>0</altitude>
					<heading>0</heading>
					<tilt>0</tilt>
					<gx:fovy>35</gx:fovy>
					<range>1011.585205695884</range>
					<altitudeMode>relativeToGround</altitudeMode>
				</LookAt>
				<styleUrl>#__managed_style_1C7CEBA3B040DE0E2028</styleUrl>
				<Point>
					<altitudeMode>relativeToGround</altitudeMode>
					<coordinates>108.3320054,15.8776425,0</coordinates>
				</Point>
			</Placemark>
			<Placemark id="0A27524DE2341F25511C">
				<name>Hoi An Market</name>
				<gx:mid>/g/1tq8g0pn</gx:mid>
				<gx:fid>0x31420e7f74e9fb9d:0x227b7d9724e95f4f</gx:fid>
				<LookAt>
					<longitude>108.3313384</longitude>
					<latitude>15.8767981</latitude>
					<altitude>0</altitude>
					<heading>0</heading>
					<tilt>0</tilt>
					<gx:fovy>35</gx:fovy>
					<range>1011.589986549928</range>
					<altitudeMode>relativeToGround</altitudeMode>
				</LookAt>
				<styleUrl>#__managed_style_1BA9B1708640DE0E202F</styleUrl>
				<Point>
					<altitudeMode>relativeToGround</altitudeMode>
					<coordinates>108.3313384,15.8767981,0</coordinates>
				</Point>
			</Placemark>
			<Placemark id="0CB6F437A8342CEF0F08">
				<name>קומפלקס מקדשים ענק </name>
				<LookAt>
					<longitude>107.5810542970938</longitude>
					<latitude>16.47000127655835</latitude>
					<altitude>6.611392249924906</altitude>
					<heading>0</heading>
					<tilt>0</tilt>
					<gx:fovy>84.32920735044857</gx:fovy>
					<range>1125.831214482168</range>
					<altitudeMode>absolute</altitudeMode>
				</LookAt>
				<styleUrl>#__managed_style_1EBD26A8FF40DE0E2046</styleUrl>
				<Polygon>
					<outerBoundaryIs>
						<LinearRing>
							<coordinates>
								107.5731254575485,16.47024012726016,0 107.5745326352198,16.46837139058026,0 107.5743257451581,16.46821223885748,0 107.5750562020757,16.46731949081613,0 107.5752545688188,16.46745499710339,0 107.5766717779695,16.46564436343942,0 107.5788561453324,16.4672173387268,0 107.5789825052925,16.46705086758177,0 107.5799264300339,16.46769628126606,0 107.5797552425553,16.46785063737972,0 107.581966711686,16.46943024335979,0 107.5805410022565,16.47122091843557,0 107.5807225812339,16.47136630937939,0 107.5799790522337,16.47227968351733,0 107.5798077589196,16.47215794103344,0 107.5783816038458,16.47400486143496,0 107.5762309280193,16.47248732861603,0 107.5761068810281,16.47265134591338,0 107.5750618765386,16.471938441982,0 107.5752167738715,16.47171688098432,0 107.5731254575485,16.47024012726016,0 
							</coordinates>
						</LinearRing>
					</outerBoundaryIs>
				</Polygon>
			</Placemark>
			<Placemark id="07489D286D342DFCB932">
				<name>Thien Mu Pagoda</name>
				<gx:mid>/m/03nrcy5</gx:mid>
				<gx:fid>0x3141a6972c6005d3:0xf7268b7a4cf579ba</gx:fid>
				<LookAt>
					<longitude>107.5449069</longitude>
					<latitude>16.4531082</latitude>
					<altitude>0</altitude>
					<heading>0</heading>
					<tilt>0</tilt>
					<gx:fovy>35</gx:fovy>
					<range>1008.304698453265</range>
					<altitudeMode>relativeToGround</altitudeMode>
				</LookAt>
				<styleUrl>#__managed_style_1C7CEBA3B040DE0E2028</styleUrl>
				<Point>
					<altitudeMode>relativeToGround</altitudeMode>
					<coordinates>107.5449093,16.4530988,0</coordinates>
				</Point>
			</Placemark>
			<Placemark id="06B66F72AF344B9CBE9F">
				<name>An Dinh Palace</name>
				<gx:mid>/g/122jktnc</gx:mid>
				<gx:fid>0x3141a16aa876fefd:0xcd8094b4fd9038d4</gx:fid>
				<LookAt>
					<longitude>107.5982816</longitude>
					<latitude>16.45665589999999</latitude>
					<altitude>0</altitude>
					<heading>0</heading>
					<tilt>0</tilt>
					<gx:fovy>35</gx:fovy>
					<range>1008.284127971381</range>
					<altitudeMode>relativeToGround</altitudeMode>
				</LookAt>
				<styleUrl>#__managed_style_2F03EBE15A40DE0E2044</styleUrl>
				<Point>
					<altitudeMode>relativeToGround</altitudeMode>
					<coordinates>107.5983845,16.4566994,0</coordinates>
				</Point>
			</Placemark>
			<Placemark id="0CC118BF4E344BA6D909">
				<name>Bánh Mì Phượng</name>
				<gx:mid>/g/12lkls2cp</gx:mid>
				<gx:fid>0x31420dd587dbb975:0xd214dd792e0869d7</gx:fid>
				<LookAt>
					<longitude>108.332037</longitude>
					<latitude>15.8784518</latitude>
					<altitude>0</altitude>
					<heading>0</heading>
					<tilt>0</tilt>
					<gx:fovy>35</gx:fovy>
					<range>1011.580719919304</range>
					<altitudeMode>relativeToGround</altitudeMode>
				</LookAt>
				<styleUrl>#__managed_style_0DDA84B01140DE0E2028</styleUrl>
				<Point>
					<altitudeMode>relativeToGround</altitudeMode>
					<coordinates>108.332037,15.8784518,0</coordinates>
				</Point>
			</Placemark>
			<Placemark id="02F4FD13FF344BA759DE">
				<name>Market Bar - Market Terrace</name>
				<gx:mid>/g/11f5pxrf_m</gx:mid>
				<gx:fid>0x31420dbd15eca28f:0x3c11ef2eec7c8768</gx:fid>
				<LookAt>
					<longitude>108.3327731</longitude>
					<latitude>15.8767151</latitude>
					<altitude>0</altitude>
					<heading>0</heading>
					<tilt>0</tilt>
					<gx:fovy>35</gx:fovy>
					<range>1011.59045162222</range>
					<altitudeMode>relativeToGround</altitudeMode>
				</LookAt>
				<styleUrl>#__managed_style_0DE56DBD2F40DE0E202B</styleUrl>
				<Point>
					<altitudeMode>relativeToGround</altitudeMode>
					<coordinates>108.3327731,15.8767151,0</coordinates>
				</Point>
			</Placemark>
			<Placemark id="00C691D3EC344BA848A3">
				<name>Tiger Tiger Bar</name>
				<gx:mid>/g/11c3_9jjxs</gx:mid>
				<gx:fid>0x31420e7dbbdac793:0xaeb785d4c1f36715</gx:fid>
				<LookAt>
					<longitude>108.3266483</longitude>
					<latitude>15.8758115</latitude>
					<altitude>0</altitude>
					<heading>0</heading>
					<tilt>0</tilt>
					<gx:fovy>35</gx:fovy>
					<range>1011.595514595896</range>
					<altitudeMode>relativeToGround</altitudeMode>
				</LookAt>
				<styleUrl>#__managed_style_0DE56DBD2F40DE0E202B</styleUrl>
				<Point>
					<altitudeMode>relativeToGround</altitudeMode>
					<coordinates>108.3266514,15.8758286,0</coordinates>
				</Point>
			</Placemark>
			<Placemark id="04DECBCD95344BB5E2D3">
				<name>Lantern Making Class</name>
				<gx:mid>/g/11srxvr_03</gx:mid>
				<gx:fid>0x31420f5a3b9b9a9d:0x6c55f4428ae6a541</gx:fid>
				<LookAt>
					<longitude>108.3229</longitude>
					<latitude>15.8749819</latitude>
					<altitude>0</altitude>
					<heading>0</heading>
					<tilt>0</tilt>
					<gx:fovy>35</gx:fovy>
					<range>1011.600162696097</range>
					<altitudeMode>relativeToGround</altitudeMode>
				</LookAt>
				<styleUrl>#__managed_style_1C7CEBA3B040DE0E2028</styleUrl>
				<Point>
					<altitudeMode>relativeToGround</altitudeMode>
					<coordinates>108.3229,15.8749819,0</coordinates>
				</Point>
			</Placemark>
			<Placemark id="0CFFFB1607344BBB610F">
				<name>Cu Lan Village</name>
				<gx:mid>/g/1pwgtk0m0</gx:mid>
				<gx:fid>0x3171724ede5b683d:0x80aa3cd1f8267690</gx:fid>
				<LookAt>
					<longitude>108.3636996</longitude>
					<latitude>12.0260122</latitude>
					<altitude>0</altitude>
					<heading>0</heading>
					<tilt>0</tilt>
					<gx:fovy>35</gx:fovy>
					<range>1030.635686355117</range>
					<altitudeMode>relativeToGround</altitudeMode>
				</LookAt>
				<styleUrl>#__managed_style_1C7CEBA3B040DE0E2028</styleUrl>
				<Point>
					<altitudeMode>relativeToGround</altitudeMode>
					<coordinates>108.3634429842039,12.02647575059706,0</coordinates>
				</Point>
			</Placemark>
			<Placemark id="032A26A548344BBC897E">
				<name>Maze Bar</name>
				<gx:mid>/g/11f03vq6v7</gx:mid>
				<gx:fid>0x31711328c6801db3:0xcbb0a680bb459d24</gx:fid>
				<LookAt>
					<longitude>108.4375466</longitude>
					<latitude>11.9446386</latitude>
					<altitude>0</altitude>
					<heading>0</heading>
					<tilt>0</tilt>
					<gx:fovy>35</gx:fovy>
					<range>1030.983017802198</range>
					<altitudeMode>relativeToGround</altitudeMode>
				</LookAt>
				<styleUrl>#__managed_style_06A517022340DE0E202C</styleUrl>
				<Point>
					<altitudeMode>relativeToGround</altitudeMode>
					<coordinates>108.4375466,11.9446386,0</coordinates>
				</Point>
			</Placemark>
			<Placemark id="08CA7D2089345247DF42">
				<name>Happy tour &amp; hostel - טיול מאורגן ללופ (פרטים בתיאור)</name>
				<description><![CDATA[<div><a href="https://hagianghappyloop.com/">https://hagianghappyloop.com/</a><br></div><div>+84332097000<br></div>]]></description>
				<gx:mid>/g/11trdzhz8n</gx:mid>
				<gx:fid>0x36cc79518fc8a443:0x41edeac964ba31e</gx:fid>
				<LookAt>
					<longitude>104.9854615</longitude>
					<latitude>22.82246689999999</latitude>
					<altitude>0</altitude>
					<heading>0</heading>
					<tilt>0</tilt>
					<gx:fovy>35</gx:fovy>
					<range>964.6869426968816</range>
					<altitudeMode>relativeToGround</altitudeMode>
				</LookAt>
				<styleUrl>#__managed_style_1EF81C63DA40DE0E2054</styleUrl>
				<Point>
					<altitudeMode>relativeToGround</altitudeMode>
					<coordinates>104.985510302607,22.82241567336954,0</coordinates>
				</Point>
			</Placemark>
			<Placemark id="0DC599A5EA3452E8CF4C">
				<name>נקודת תצפית</name>
				<LookAt>
					<longitude>108.2758509386967</longitude>
					<latitude>16.11984588318273</latitude>
					<altitude>617.803654107853</altitude>
					<heading>359.5643753736661</heading>
					<tilt>0</tilt>
					<gx:fovy>84.22356403012519</gx:fovy>
					<range>108.9758340521803</range>
					<altitudeMode>absolute</altitudeMode>
				</LookAt>
				<styleUrl>#__managed_style_34201C011B40DE0E2037</styleUrl>
				<Point>
					<coordinates>108.2759210715206,16.11997141115395,617.7103170296614</coordinates>
				</Point>
			</Placemark>
			<Placemark id="0122EE34053452F49A4E">
				<name>VinWonders Nam Hội An</name>
				<gx:mid>/g/11fk4pp3mj</gx:mid>
				<gx:fid>0x31420bfde49f11d1:0x49422ef9074e41ca</gx:fid>
				<LookAt>
					<longitude>108.42465</longitude>
					<latitude>15.765586</latitude>
					<altitude>0</altitude>
					<heading>0</heading>
					<tilt>0</tilt>
					<gx:fovy>35</gx:fovy>
					<range>1012.211049443003</range>
					<altitudeMode>relativeToGround</altitudeMode>
				</LookAt>
				<styleUrl>#__managed_style_07CA0270DB40DE0E2031</styleUrl>
				<Point>
					<altitudeMode>relativeToGround</altitudeMode>
					<coordinates>108.4112211777732,15.78805445611492,0</coordinates>
				</Point>
			</Placemark>
			<Placemark id="0D496757EF3457023A3C">
				<name>Halong International Cruise Port - מכאן יוצאים רוב השיוטים לאיים</name>
				<gx:mid>/g/11h0xdrb2d</gx:mid>
				<gx:fid>0x314a599fe53f38c1:0xbe13a199388f605</gx:fid>
				<LookAt>
					<longitude>107.0560779</longitude>
					<latitude>20.9529857</latitude>
					<altitude>0</altitude>
					<heading>0</heading>
					<tilt>0</tilt>
					<gx:fovy>35</gx:fovy>
					<range>978.8558233362543</range>
					<altitudeMode>relativeToGround</altitudeMode>
				</LookAt>
				<styleUrl>#__managed_style_1CCB5935EC40DE0E2034</styleUrl>
				<Point>
					<altitudeMode>relativeToGround</altitudeMode>
					<coordinates>107.0560987,20.9529749,0</coordinates>
				</Point>
			</Placemark>
			<Placemark id="055CDCA9B83457520A79">
				<name>Bến Thuyền TAM CỐC - נק יציאה לשייט</name>
				<gx:mid>/g/11vb78ctq5</gx:mid>
				<gx:fid>0x31367b7c4e08c279:0x16493d05534cca9d</gx:fid>
				<LookAt>
					<longitude>105.9374201</longitude>
					<latitude>20.216457</latitude>
					<altitude>0</altitude>
					<heading>0</heading>
					<tilt>0</tilt>
					<gx:fovy>35</gx:fovy>
					<range>984.1303483590049</range>
					<altitudeMode>relativeToGround</altitudeMode>
				</LookAt>
				<styleUrl>#__managed_style_092A926D0640DE0E2056</styleUrl>
				<Point>
					<altitudeMode>relativeToGround</altitudeMode>
					<coordinates>105.9374201,20.216457,0</coordinates>
				</Point>
			</Placemark>
			<Placemark id="001DFB07DE3457A23889">
				<name>Khu di tích lịch sử văn hóa Rừng Dừa Bảy Mẫu - שייט   </name>
				<gx:mid>/g/11cjj8w50z</gx:mid>
				<gx:fid>0x31420dadaf61a853:0xf6d4fb8016f50b0e</gx:fid>
				<LookAt>
					<longitude>108.3726939</longitude>
					<latitude>15.8776833</latitude>
					<altitude>0</altitude>
					<heading>0</heading>
					<tilt>0</tilt>
					<gx:fovy>35</gx:fovy>
					<range>1011.585026381052</range>
					<altitudeMode>relativeToGround</altitudeMode>
				</LookAt>
				<styleUrl>#__managed_style_1CCB5935EC40DE0E2034</styleUrl>
				<Point>
					<altitudeMode>relativeToGround</altitudeMode>
					<coordinates>108.3726939,15.8776833,0</coordinates>
				</Point>
			</Placemark>
			<Placemark id="0F11C49AA93461904572">
				<name>Wave Bar</name>
				<gx:mid>/g/11stvc7t_7</gx:mid>
				<gx:fid>0x317067812728ec93:0xd029b2b83d533b9b</gx:fid>
				<LookAt>
					<longitude>109.2430615</longitude>
					<latitude>12.2099974</latitude>
					<altitude>0</altitude>
					<heading>0</heading>
					<tilt>0</tilt>
					<gx:fovy>35</gx:fovy>
					<range>1029.841890879907</range>
					<altitudeMode>relativeToGround</altitudeMode>
				</LookAt>
				<styleUrl>#__managed_style_0DDA84B01140DE0E2028</styleUrl>
				<Point>
					<altitudeMode>relativeToGround</altitudeMode>
					<coordinates>109.2430615,12.2099974,0</coordinates>
				</Point>
			</Placemark>
			<Placemark id="02DA347F4734762BFF94">
				<name>Mun Beach</name>
				<gx:mid>/g/11cm0nrdlm</gx:mid>
				<gx:fid>0x317063c36d2b48d7:0xfc2368422232716</gx:fid>
				<LookAt>
					<longitude>109.2971112</longitude>
					<latitude>12.16926</latitude>
					<altitude>0</altitude>
					<heading>0</heading>
					<tilt>0</tilt>
					<gx:fovy>35</gx:fovy>
					<range>1030.018663740869</range>
					<altitudeMode>relativeToGround</altitudeMode>
				</LookAt>
				<styleUrl>#__managed_style_5A4AD8E92240DE0E2030</styleUrl>
				<Point>
					<altitudeMode>relativeToGround</altitudeMode>
					<coordinates>109.2971112,12.16926,0</coordinates>
				</Point>
			</Placemark>
			<Placemark id="04EBC87F0A34762F5193">
				<name>Robinson Beach Nha Trang</name>
				<gx:mid>/g/11h080h74w</gx:mid>
				<gx:fid>0x317065b4ac347c85:0xdda2737e26127c89</gx:fid>
				<LookAt>
					<longitude>109.316596</longitude>
					<latitude>12.19221</latitude>
					<altitude>0</altitude>
					<heading>0</heading>
					<tilt>0</tilt>
					<gx:fovy>35</gx:fovy>
					<range>1029.919147066156</range>
					<altitudeMode>relativeToGround</altitudeMode>
				</LookAt>
				<styleUrl>#__managed_style_5A4AD8E92240DE0E2030</styleUrl>
				<Point>
					<altitudeMode>relativeToGround</altitudeMode>
					<coordinates>109.316596,12.19221,0</coordinates>
				</Point>
			</Placemark>
			<Placemark id="0A2BB65C98347F6511FC">
				<name>GreenOasis Đầm Bấy</name>
				<gx:mid>/g/11sj3rtk4m</gx:mid>
				<gx:fid>0x31706540f2329a29:0xd140fd5581de77f5</gx:fid>
				<LookAt>
					<longitude>109.2973</longitude>
					<latitude>12.1957011</latitude>
					<altitude>0</altitude>
					<heading>0</heading>
					<tilt>0</tilt>
					<gx:fovy>35</gx:fovy>
					<range>1029.903992800566</range>
					<altitudeMode>relativeToGround</altitudeMode>
				</LookAt>
				<styleUrl>#__managed_style_5A4AD8E92240DE0E2030</styleUrl>
				<Point>
					<altitudeMode>relativeToGround</altitudeMode>
					<coordinates>109.2973,12.1957011,0</coordinates>
				</Point>
			</Placemark>
			<Placemark id="0580E44A95347F7F12CA">
				<name>CỔNG TRỜI TAM ĐẢO</name>
				<gx:mid>/g/11txtyb545</gx:mid>
				<gx:fid>0x3134e7c2aa1ed4b7:0x777e01d6cb98ac7b</gx:fid>
				<LookAt>
					<longitude>105.640515</longitude>
					<latitude>21.45673859999999</latitude>
					<altitude>0</altitude>
					<heading>0</heading>
					<tilt>0</tilt>
					<gx:fovy>35</gx:fovy>
					<range>975.1476189060445</range>
					<altitudeMode>relativeToGround</altitudeMode>
				</LookAt>
				<styleUrl>#__managed_style_26DC9D05CF40DE0E202B</styleUrl>
				<Point>
					<altitudeMode>relativeToGround</altitudeMode>
					<coordinates>105.640515,21.4567386,0</coordinates>
				</Point>
			</Placemark>
			<Placemark id="0E0C815F60347F8171D6">
				<name>Lady Chua Thuong Ngan Temple</name>
				<gx:mid>/g/1q678986_</gx:mid>
				<gx:fid>0x3134e70ee65bb64d:0x630b1fc700971f09</gx:fid>
				<LookAt>
					<longitude>105.6481623</longitude>
					<latitude>21.4596365</latitude>
					<altitude>0</altitude>
					<heading>0</heading>
					<tilt>0</tilt>
					<gx:fovy>35</gx:fovy>
					<range>975.1260515436892</range>
					<altitudeMode>relativeToGround</altitudeMode>
				</LookAt>
				<styleUrl>#__managed_style_199CD3E10340DE0E2030</styleUrl>
				<Point>
					<altitudeMode>relativeToGround</altitudeMode>
					<coordinates>105.6481623,21.4596365,0</coordinates>
				</Point>
			</Placemark>
			<Placemark id="0251CD8390347F822149">
				<name>Tay Thien pagoda</name>
				<gx:mid>/g/1tdxbrmc</gx:mid>
				<gx:fid>0x3134e7eded14f6bd:0x9c9322b57bfe3f94</gx:fid>
				<LookAt>
					<longitude>105.6138233</longitude>
					<latitude>21.4816129</latitude>
					<altitude>0</altitude>
					<heading>0</heading>
					<tilt>0</tilt>
					<gx:fovy>35</gx:fovy>
					<range>974.9624066530479</range>
					<altitudeMode>relativeToGround</altitudeMode>
				</LookAt>
				<styleUrl>#__managed_style_199CD3E10340DE0E2030</styleUrl>
				<Point>
					<altitudeMode>relativeToGround</altitudeMode>
					<coordinates>105.6137883,21.4816543,0</coordinates>
				</Point>
			</Placemark>
			<Placemark id="047C825F61347FCD459C">
				<name>Cua May פארק תצפיות מרהיבות</name>
				<LookAt>
					<longitude>105.6375310036214</longitude>
					<latitude>21.45097145396724</latitude>
					<altitude>709.3681653479961</altitude>
					<heading>0</heading>
					<tilt>0</tilt>
					<gx:fovy>83.42079333765861</gx:fovy>
					<range>127.4575706600626</range>
					<altitudeMode>absolute</altitudeMode>
				</LookAt>
				<styleUrl>#__managed_style_359CA9719E40DE0E2054</styleUrl>
				<Point>
					<coordinates>105.6377987998694,21.45089788012972,699.1393891445008</coordinates>
				</Point>
			</Placemark>
			<Placemark id="0672E7E299348AF842F0">
				<name>Ga cáp treo SUN WORLD FANSIPAN LEGEND</name>
				<gx:mid>/g/11cjhhfmgp</gx:mid>
				<gx:fid>0x36cd416180bcd2dd:0x9ec0847e972c90b8</gx:fid>
				<LookAt>
					<longitude>103.8241753</longitude>
					<latitude>22.3369522</latitude>
					<altitude>0</altitude>
					<heading>0</heading>
					<tilt>0</tilt>
					<gx:fovy>35</gx:fovy>
					<range>968.4735145493914</range>
					<altitudeMode>relativeToGround</altitudeMode>
				</LookAt>
				<styleUrl>#__managed_style_0CC1966AA240DE0E202F</styleUrl>
				<Point>
					<altitudeMode>relativeToGround</altitudeMode>
					<coordinates>103.8241753,22.3369522,0</coordinates>
				</Point>
			</Placemark>
			<Placemark id="03EA5E27C8348E8FCF37">
				<name>Hoàng Long Ohayo</name>
				<gx:mid>/g/11fjxh7j32</gx:mid>
				<gx:fid>0x3171133862e6bd65:0xf9e0f13ef5a39cff</gx:fid>
				<LookAt>
					<longitude>108.4594297</longitude>
					<latitude>11.9082017</latitude>
					<altitude>0</altitude>
					<heading>0</heading>
					<tilt>0</tilt>
					<gx:fovy>35</gx:fovy>
					<range>1031.137797274666</range>
					<altitudeMode>relativeToGround</altitudeMode>
				</LookAt>
				<styleUrl>#__managed_style_1C08EA9D1740DE0E2057</styleUrl>
				<Point>
					<altitudeMode>relativeToGround</altitudeMode>
					<coordinates>108.4594297,11.9082017,0</coordinates>
				</Point>
			</Placemark>
			<Placemark id="02233E5E8D348E922FEB">
				<name>Horizon Coffee</name>
				<gx:mid>/g/11h336hkld</gx:mid>
				<gx:fid>0x317113c342e671ff:0x5d6d9fd0c9af533</gx:fid>
				<LookAt>
					<longitude>108.4484473</longitude>
					<latitude>11.9238295</latitude>
					<altitude>0</altitude>
					<heading>0</heading>
					<tilt>0</tilt>
					<gx:fovy>35</gx:fovy>
					<range>1031.071468840694</range>
					<altitudeMode>relativeToGround</altitudeMode>
				</LookAt>
				<styleUrl>#__managed_style_3BE06DA72B40DE0E2048</styleUrl>
				<Point>
					<altitudeMode>relativeToGround</altitudeMode>
					<coordinates>108.4484473,11.9238295,0</coordinates>
				</Point>
			</Placemark>
			<Placemark id="07F5DBBAC1348E94BFFF">
				<name>Tiệm Cafe Nàng Dalat</name>
				<gx:mid>/g/11wbk5dltx</gx:mid>
				<gx:fid>0x317113c38fbfb4cb:0x1aa58bbfcd73fa7c</gx:fid>
				<LookAt>
					<longitude>108.4506573</longitude>
					<latitude>11.9347508</latitude>
					<altitude>0</altitude>
					<heading>0</heading>
					<tilt>0</tilt>
					<gx:fovy>35</gx:fovy>
					<range>1031.025065600694</range>
					<altitudeMode>relativeToGround</altitudeMode>
				</LookAt>
				<styleUrl>#__managed_style_2490DC874E40DE0E2031</styleUrl>
				<Point>
					<altitudeMode>relativeToGround</altitudeMode>
					<coordinates>108.4506573,11.9347508,0</coordinates>
				</Point>
			</Placemark>
			<Placemark id="05D10B1F40348E971821">
				<name>3D World Da Lat</name>
				<gx:mid>/g/11g9ngqv9n</gx:mid>
				<gx:fid>0x3171132e9bfae5f9:0x3f7b1047adccc27a</gx:fid>
				<LookAt>
					<longitude>108.4378273</longitude>
					<latitude>11.9423551</latitude>
					<altitude>0</altitude>
					<heading>0</heading>
					<tilt>0</tilt>
					<gx:fovy>35</gx:fovy>
					<range>1030.992731388261</range>
					<altitudeMode>relativeToGround</altitudeMode>
				</LookAt>
				<styleUrl>#__managed_style_1C7CEBA3B040DE0E2028</styleUrl>
				<Point>
					<altitudeMode>relativeToGround</altitudeMode>
					<coordinates>108.4378273,11.9423551,0</coordinates>
				</Point>
			</Placemark>
			<Placemark id="04668D4F00348F19968B">
				<name>Đồi Vọng Cảnh - Thung Lũng Tình Yêu</name>
				<gx:mid>/g/11n09x3_53</gx:mid>
				<gx:fid>0x3171136d090d8c47:0xcd65a95225b25723</gx:fid>
				<LookAt>
					<longitude>108.4477931</longitude>
					<latitude>11.9839437</latitude>
					<altitude>0</altitude>
					<heading>0</heading>
					<tilt>0</tilt>
					<gx:fovy>35</gx:fovy>
					<range>1030.815537040994</range>
					<altitudeMode>relativeToGround</altitudeMode>
				</LookAt>
				<styleUrl>#__managed_style_1C4CA376BA40DE0E2031</styleUrl>
				<Point>
					<altitudeMode>relativeToGround</altitudeMode>
					<coordinates>108.4477931,11.9839437,0</coordinates>
				</Point>
			</Placemark>
			<Placemark id="07CA052025348FEB2CD4">
				<name>Tây Thiên Great Mandala Stupa</name>
				<gx:mid>/g/11c6q83rlj</gx:mid>
				<gx:fid>0x3134e86f39244199:0x485b188537f89ccf</gx:fid>
				<LookAt>
					<longitude>105.5758117</longitude>
					<latitude>21.4669485</latitude>
					<altitude>0</altitude>
					<heading>0</heading>
					<tilt>0</tilt>
					<gx:fovy>35</gx:fovy>
					<range>975.0716206862018</range>
					<altitudeMode>relativeToGround</altitudeMode>
				</LookAt>
				<styleUrl>#__managed_style_199CD3E10340DE0E2030</styleUrl>
				<Point>
					<altitudeMode>relativeToGround</altitudeMode>
					<coordinates>105.5758117,21.4669485,0</coordinates>
				</Point>
			</Placemark>
			<Placemark id="0F517B3B073495445B47">
				<name>Ham Rong Park</name>
				<gx:mid>/g/11st8_9r7p</gx:mid>
				<gx:fid>0x36cd4187e38e9bb3:0xe41899834437b1ac</gx:fid>
				<LookAt>
					<longitude>103.846995</longitude>
					<latitude>22.3340874</latitude>
					<altitude>0</altitude>
					<heading>0</heading>
					<tilt>0</tilt>
					<gx:fovy>35</gx:fovy>
					<range>968.4956361294421</range>
					<altitudeMode>relativeToGround</altitudeMode>
				</LookAt>
				<styleUrl>#__managed_style_1C4CA376BA40DE0E2031</styleUrl>
				<Point>
					<altitudeMode>relativeToGround</altitudeMode>
					<coordinates>103.846995,22.3340874,0</coordinates>
				</Point>
			</Placemark>
			<Placemark id="0BC083A30A349546170C">
				<name>Phansi Coffee</name>
				<gx:mid>/g/11y685fzsv</gx:mid>
				<gx:fid>0x36cd41007fa3cf47:0x8fbc573fddd199a1</gx:fid>
				<LookAt>
					<longitude>103.8455592</longitude>
					<latitude>22.3249374</latitude>
					<altitude>0</altitude>
					<heading>0</heading>
					<tilt>0</tilt>
					<gx:fovy>35</gx:fovy>
					<range>968.5662737150374</range>
					<altitudeMode>relativeToGround</altitudeMode>
				</LookAt>
				<styleUrl>#__managed_style_2D0997D81640DE0E2047</styleUrl>
				<Point>
					<altitudeMode>relativeToGround</altitudeMode>
					<coordinates>103.8455592,22.3249374,0</coordinates>
				</Point>
			</Placemark>
			<Placemark id="09E42012FD3495477BD9">
				<name>Viettrekking Coffee &amp; Restaurant</name>
				<gx:mid>/g/11gd_1wv7_</gx:mid>
				<gx:fid>0x36cd416bc3f69197:0xb553ed7165707e06</gx:fid>
				<LookAt>
					<longitude>103.836661</longitude>
					<latitude>22.3338088</latitude>
					<altitude>0</altitude>
					<heading>0</heading>
					<tilt>0</tilt>
					<gx:fovy>35</gx:fovy>
					<range>968.497787300446</range>
					<altitudeMode>relativeToGround</altitudeMode>
				</LookAt>
				<styleUrl>#__managed_style_4D6F7FAE8540DE0E2054</styleUrl>
				<Point>
					<altitudeMode>relativeToGround</altitudeMode>
					<coordinates>103.836661,22.3338088,0</coordinates>
				</Point>
			</Placemark>
			<Placemark id="0AB9DD6AA73495480559">
				<name>Moana Sapa</name>
				<gx:mid>/g/11mhxq6gq6</gx:mid>
				<gx:fid>0x36cd414f8d144b39:0xe883d4d35db228da</gx:fid>
				<LookAt>
					<longitude>103.8459589</longitude>
					<latitude>22.3273593</latitude>
					<altitude>0</altitude>
					<heading>0</heading>
					<tilt>0</tilt>
					<gx:fovy>35</gx:fovy>
					<range>968.5475793387084</range>
					<altitudeMode>relativeToGround</altitudeMode>
				</LookAt>
				<styleUrl>#__managed_style_27F15E983D40DE0E2057</styleUrl>
				<Point>
					<altitudeMode>relativeToGround</altitudeMode>
					<coordinates>103.8457521327921,22.32715610136311,0</coordinates>
				</Point>
			</Placemark>
			<Placemark id="0E9070F61534954A9248">
				<name>Vườn Hồng Cổ Sa Pa</name>
				<gx:mid>/g/11h_0ll9mm</gx:mid>
				<gx:fid>0x36cd410c799e55bd:0x523dd3fdfb631fbe</gx:fid>
				<LookAt>
					<longitude>103.8706165</longitude>
					<latitude>22.3614418</latitude>
					<altitude>0</altitude>
					<heading>0</heading>
					<tilt>0</tilt>
					<gx:fovy>35</gx:fovy>
					<range>968.2843031959934</range>
					<altitudeMode>relativeToGround</altitudeMode>
				</LookAt>
				<styleUrl>#__managed_style_1C4CA376BA40DE0E2031</styleUrl>
				<Point>
					<altitudeMode>relativeToGround</altitudeMode>
					<coordinates>103.8706165,22.3614418,0</coordinates>
				</Point>
			</Placemark>
			<Placemark id="014220FBAD3498FAAD21">
				<name>Nhà hàng Tây Thiên</name>
				<gx:mid>/g/11clybxb91</gx:mid>
				<gx:fid>0x3134e7edc0cff707:0x4f11bc6cbe257cda</gx:fid>
				<LookAt>
					<longitude>105.613311</longitude>
					<latitude>21.4805513</latitude>
					<altitude>0</altitude>
					<heading>0</heading>
					<tilt>0</tilt>
					<gx:fovy>35</gx:fovy>
					<range>974.9703152962519</range>
					<altitudeMode>relativeToGround</altitudeMode>
				</LookAt>
				<styleUrl>#__managed_style_0DDA84B01140DE0E2028</styleUrl>
				<Point>
					<altitudeMode>relativeToGround</altitudeMode>
					<coordinates>105.6133043,21.4805629,0</coordinates>
				</Point>
			</Placemark>
			<Placemark id="0CEBD9D582349928FF4E">
				<name>Mây Pub Tam Đảo</name>
				<gx:mid>/g/11vd8j45vd</gx:mid>
				<gx:fid>0x3134e7791856642d:0x33025642cf938e03</gx:fid>
				<LookAt>
					<longitude>105.6437183</longitude>
					<latitude>21.4546524</latitude>
					<altitude>0</altitude>
					<heading>0</heading>
					<tilt>0</tilt>
					<gx:fovy>35</gx:fovy>
					<range>975.1631435991399</range>
					<altitudeMode>relativeToGround</altitudeMode>
				</LookAt>
				<styleUrl>#__managed_style_06A517022340DE0E202C</styleUrl>
				<Point>
					<altitudeMode>relativeToGround</altitudeMode>
					<coordinates>105.6437183,21.4546524,0</coordinates>
				</Point>
			</Placemark>
			<Placemark id="016A540C353499305A44">
				<name>Venus Hotel Tam Đảo</name>
				<gx:mid>/g/11t81bzdz4</gx:mid>
				<gx:fid>0x3134e50cf7d78481:0x1f25085ebc9f874e</gx:fid>
				<LookAt>
					<longitude>105.6431656</longitude>
					<latitude>21.4544995</latitude>
					<altitude>0</altitude>
					<heading>0</heading>
					<tilt>0</tilt>
					<gx:fovy>35</gx:fovy>
					<range>975.1642813669691</range>
					<altitudeMode>relativeToGround</altitudeMode>
				</LookAt>
				<styleUrl>#__managed_style_0DA33D1F9140DE0E2040</styleUrl>
				<Point>
					<altitudeMode>relativeToGround</altitudeMode>
					<coordinates>105.6431656,21.4544995,0</coordinates>
				</Point>
			</Placemark>
			<Placemark id="04F93142173499405328">
				<name>Lâu đài Tam Đảo - Château De Tamdao</name>
				<gx:mid>/g/11rrjr7df5</gx:mid>
				<gx:fid>0x3134e7b55621d85d:0x2cb4d07c878e387c</gx:fid>
				<LookAt>
					<longitude>105.644712</longitude>
					<latitude>21.4515949</latitude>
					<altitude>0</altitude>
					<heading>0</heading>
					<tilt>0</tilt>
					<gx:fovy>35</gx:fovy>
					<range>975.1858938134845</range>
					<altitudeMode>relativeToGround</altitudeMode>
				</LookAt>
				<styleUrl>#__managed_style_2F03EBE15A40DE0E2044</styleUrl>
				<Point>
					<altitudeMode>relativeToGround</altitudeMode>
					<coordinates>105.644712,21.4515949,0</coordinates>
				</Point>
			</Placemark>
			<Placemark id="08330F2C213499462F64">
				<name>MOON Coffee Tam Đảo</name>
				<gx:mid>/g/11lgwk3w3f</gx:mid>
				<gx:fid>0x3134e745cee77985:0xdb25eb125915a047</gx:fid>
				<LookAt>
					<longitude>105.644685</longitude>
					<latitude>21.453447</latitude>
					<altitude>0</altitude>
					<heading>0</heading>
					<tilt>0</tilt>
					<gx:fovy>35</gx:fovy>
					<range>975.1721130843561</range>
					<altitudeMode>relativeToGround</altitudeMode>
				</LookAt>
				<styleUrl>#__managed_style_193206206540DE0E2040</styleUrl>
				<Point>
					<altitudeMode>relativeToGround</altitudeMode>
					<coordinates>105.644685,21.453447,0</coordinates>
				</Point>
			</Placemark>
			<Placemark id="00A2400DB134994F84EF">
				<name>Green Pine Coffe &amp; More</name>
				<gx:mid>/g/11s888kbrd</gx:mid>
				<gx:fid>0x3134e7cff880039f:0x39340b04bffa7a73</gx:fid>
				<LookAt>
					<longitude>105.6366815</longitude>
					<latitude>21.4536668</latitude>
					<altitude>0</altitude>
					<heading>0</heading>
					<tilt>0</tilt>
					<gx:fovy>35</gx:fovy>
					<range>975.1704775683039</range>
					<altitudeMode>relativeToGround</altitudeMode>
				</LookAt>
				<styleUrl>#__managed_style_2C903B9DC640DE0E2030</styleUrl>
				<Point>
					<altitudeMode>relativeToGround</altitudeMode>
					<coordinates>105.6366815,21.4536668,0</coordinates>
				</Point>
			</Placemark>
			<Placemark id="0E472BC318349A121509">
				<name>Coffee Gió Mới</name>
				<gx:mid>/g/11s998dd9b</gx:mid>
				<gx:fid>0x3134e77bcf98ff51:0x38816310a23c54bc</gx:fid>
				<LookAt>
					<longitude>105.6462295</longitude>
					<latitude>21.4511375</latitude>
					<altitude>0</altitude>
					<heading>0</heading>
					<tilt>0</tilt>
					<gx:fovy>35</gx:fovy>
					<range>975.189296973308</range>
					<altitudeMode>relativeToGround</altitudeMode>
				</LookAt>
				<styleUrl>#__managed_style_2C903B9DC640DE0E2030</styleUrl>
				<Point>
					<altitudeMode>relativeToGround</altitudeMode>
					<coordinates>105.645659903817,21.45143310452753,0</coordinates>
				</Point>
			</Placemark>
			<Placemark id="028FD77686349A30582E">
				<name>Hillside coffee Tam Đảo</name>
				<gx:mid>/g/11kk13c68c</gx:mid>
				<gx:fid>0x3134e759de050d9d:0x9bbff57c19e6aa27</gx:fid>
				<LookAt>
					<longitude>105.6360138</longitude>
					<latitude>21.453385</latitude>
					<altitude>0</altitude>
					<heading>0</heading>
					<tilt>0</tilt>
					<gx:fovy>35</gx:fovy>
					<range>975.1725744191173</range>
					<altitudeMode>relativeToGround</altitudeMode>
				</LookAt>
				<styleUrl>#__managed_style_2C903B9DC640DE0E2030</styleUrl>
				<Point>
					<altitudeMode>relativeToGround</altitudeMode>
					<coordinates>105.6360138,21.453385,0</coordinates>
				</Point>
			</Placemark>
			<Placemark id="0EEE9A5E98349A320892">
				<name>Lala Land - Tam Đảo</name>
				<gx:mid>/g/11n699j1dl</gx:mid>
				<gx:fid>0x3134e714cac49bd9:0x9473f769cbb6d9a9</gx:fid>
				<LookAt>
					<longitude>105.6348856</longitude>
					<latitude>21.4530708</latitude>
					<altitude>0</altitude>
					<heading>0</heading>
					<tilt>0</tilt>
					<gx:fovy>35</gx:fovy>
					<range>975.1749123257116</range>
					<altitudeMode>relativeToGround</altitudeMode>
				</LookAt>
				<styleUrl>#__managed_style_2C903B9DC640DE0E2030</styleUrl>
				<Point>
					<altitudeMode>relativeToGround</altitudeMode>
					<coordinates>105.6348856,21.4530708,0</coordinates>
				</Point>
			</Placemark>
			<Placemark id="073DFA8C9A349A4297AA">
				<name>Cloudee Cafe</name>
				<gx:mid>/g/11tnmdqc9m</gx:mid>
				<gx:fid>0x36cd43ade3bac8e3:0xa8a3b3752cb6179c</gx:fid>
				<LookAt>
					<longitude>103.7614888</longitude>
					<latitude>22.3716747</latitude>
					<altitude>0</altitude>
					<heading>0</heading>
					<tilt>0</tilt>
					<gx:fovy>35</gx:fovy>
					<range>968.2051855630466</range>
					<altitudeMode>relativeToGround</altitudeMode>
				</LookAt>
				<styleUrl>#__managed_style_2C903B9DC640DE0E2030</styleUrl>
				<Point>
					<altitudeMode>relativeToGround</altitudeMode>
					<coordinates>103.7614888,22.3716747,0</coordinates>
				</Point>
			</Placemark>
			<Placemark id="058F104A88349A4341F1">
				<name>Rong May Glass Bridge</name>
				<gx:mid>/g/11rsrz9nt6</gx:mid>
				<gx:fid>0x36cd43efa645f6b7:0xb5f2f5201dd720b8</gx:fid>
				<LookAt>
					<longitude>103.7575041</longitude>
					<latitude>22.3723628</latitude>
					<altitude>0</altitude>
					<heading>0</heading>
					<tilt>0</tilt>
					<gx:fovy>35</gx:fovy>
					<range>968.1998641954732</range>
					<altitudeMode>relativeToGround</altitudeMode>
				</LookAt>
				<styleUrl>#__managed_style_26DC9D05CF40DE0E202B</styleUrl>
				<Point>
					<altitudeMode>relativeToGround</altitudeMode>
					<coordinates>103.761531661298,22.3719631642413,0</coordinates>
				</Point>
			</Placemark>
			<Placemark id="09AC22CDDD349A46D176">
				<name>Swing SaPa</name>
				<gx:mid>/g/11l244_c86</gx:mid>
				<gx:fid>0x36cd4165147cd01f:0xbbff0c2a86c0267b</gx:fid>
				<LookAt>
					<longitude>103.8303873</longitude>
					<latitude>22.3392371</latitude>
					<altitude>0</altitude>
					<heading>0</heading>
					<tilt>0</tilt>
					<gx:fovy>35</gx:fovy>
					<range>968.4558690107616</range>
					<altitudeMode>relativeToGround</altitudeMode>
				</LookAt>
				<styleUrl>#__managed_style_1C7CEBA3B040DE0E2028</styleUrl>
				<Point>
					<altitudeMode>relativeToGround</altitudeMode>
					<coordinates>103.8303873,22.3392371,0</coordinates>
				</Point>
			</Placemark>
			<Placemark id="07C15CA295349A49CB5F">
				<name>Sapa Heaven Gate</name>
				<gx:mid>/g/11h0g_kzw0</gx:mid>
				<gx:fid>0x36cd43404526bf77:0x635e0cb2cd8b99ef</gx:fid>
				<LookAt>
					<longitude>103.7653944</longitude>
					<latitude>22.3523571</latitude>
					<altitude>0</altitude>
					<heading>0</heading>
					<tilt>0</tilt>
					<gx:fovy>35</gx:fovy>
					<range>968.3545155029956</range>
					<altitudeMode>relativeToGround</altitudeMode>
				</LookAt>
				<styleUrl>#__managed_style_075C3DA4E740DE0E203E</styleUrl>
				<Point>
					<altitudeMode>relativeToGround</altitudeMode>
					<coordinates>103.7651415604122,22.35201383845905,0</coordinates>
				</Point>
			</Placemark>
			<Placemark id="06E1D8BA32349A5301F1">
				<name>Sailing Sapa</name>
				<gx:mid>/g/11t80h87h6</gx:mid>
				<gx:fid>0x36cd413bb724f4f7:0xea0b26a3942749a7</gx:fid>
				<LookAt>
					<longitude>103.9002126</longitude>
					<latitude>22.301893</latitude>
					<altitude>0</altitude>
					<heading>0</heading>
					<tilt>0</tilt>
					<gx:fovy>35</gx:fovy>
					<range>968.7440578699518</range>
					<altitudeMode>relativeToGround</altitudeMode>
				</LookAt>
				<styleUrl>#__managed_style_2C903B9DC640DE0E2030</styleUrl>
				<Point>
					<altitudeMode>relativeToGround</altitudeMode>
					<coordinates>103.9002126,22.301893,0</coordinates>
				</Point>
			</Placemark>
			<Placemark id="0F1CEB14EC349A53919C">
				<name>Viewpoint</name>
				<gx:mid>/g/11gv0v6z_v</gx:mid>
				<gx:fid>0x36cd415639eec70b:0x696dc23bf23f79e</gx:fid>
				<LookAt>
					<longitude>103.87286</longitude>
					<latitude>22.3159</latitude>
					<altitude>0</altitude>
					<heading>0</heading>
					<tilt>0</tilt>
					<gx:fovy>35</gx:fovy>
					<range>968.6360159878801</range>
					<altitudeMode>relativeToGround</altitudeMode>
				</LookAt>
				<styleUrl>#__managed_style_26DC9D05CF40DE0E202B</styleUrl>
				<Point>
					<altitudeMode>relativeToGround</altitudeMode>
					<coordinates>103.87286,22.3159,0</coordinates>
				</Point>
			</Placemark>
			<Placemark id="0DC216F28B349A5A63AA">
				<name>Cộng Cafe</name>
				<gx:mid>/g/11fyzfptv1</gx:mid>
				<gx:fid>0x36cd416c9914151f:0x6685956f5d3456d5</gx:fid>
				<LookAt>
					<longitude>103.8429627</longitude>
					<latitude>22.3362644</latitude>
					<altitude>0</altitude>
					<heading>0</heading>
					<tilt>0</tilt>
					<gx:fovy>35</gx:fovy>
					<range>968.478825880865</range>
					<altitudeMode>relativeToGround</altitudeMode>
				</LookAt>
				<styleUrl>#__managed_style_2C903B9DC640DE0E2030</styleUrl>
				<Point>
					<altitudeMode>relativeToGround</altitudeMode>
					<coordinates>103.8429666,22.336245,0</coordinates>
				</Point>
			</Placemark>
			<Placemark id="0FA3951B0D349A5C8A24">
				<name>Muong Hoa Station</name>
				<gx:mid>/g/11fk40q2d7</gx:mid>
				<gx:fid>0x36cd410bbb5d004f:0xa9ede13cfdc249c4</gx:fid>
				<LookAt>
					<longitude>103.8246065</longitude>
					<latitude>22.3365661</latitude>
					<altitude>0</altitude>
					<heading>0</heading>
					<tilt>0</tilt>
					<gx:fovy>35</gx:fovy>
					<range>968.4764961105661</range>
					<altitudeMode>relativeToGround</altitudeMode>
				</LookAt>
				<styleUrl>#__managed_style_30D224281540DE0E2050</styleUrl>
				<Point>
					<altitudeMode>relativeToGround</altitudeMode>
					<coordinates>103.8246065,22.3365661,0</coordinates>
				</Point>
			</Placemark>
			<Placemark id="07EF3AB0AB349A687D2C">
				<name>Ga Mường Hoa - Sun Station</name>
				<gx:mid>/g/11fmq9y51k</gx:mid>
				<gx:fid>0x36cd41d6f42f909f:0xc86d3d9ba82e6554</gx:fid>
				<LookAt>
					<longitude>103.8408285</longitude>
					<latitude>22.3349243</latitude>
					<altitude>0</altitude>
					<heading>0</heading>
					<tilt>0</tilt>
					<gx:fovy>35</gx:fovy>
					<range>968.4891739750162</range>
					<altitudeMode>relativeToGround</altitudeMode>
				</LookAt>
				<styleUrl>#__managed_style_4BF03FD5F140DE0E2048</styleUrl>
				<Point>
					<altitudeMode>relativeToGround</altitudeMode>
					<coordinates>103.8408285,22.3349243,0</coordinates>
				</Point>
			</Placemark>
			<Placemark id="082D8AECE0349A69348C">
				<name>Fansipan Station</name>
				<gx:mid>/g/11kj8wc_jk</gx:mid>
				<gx:fid>0x36cd45e417e83a99:0xaae6032a8bec83ec</gx:fid>
				<LookAt>
					<longitude>103.7746869</longitude>
					<latitude>22.3066789</latitude>
					<altitude>0</altitude>
					<heading>0</heading>
					<tilt>0</tilt>
					<gx:fovy>35</gx:fovy>
					<range>968.7071492049115</range>
					<altitudeMode>relativeToGround</altitudeMode>
				</LookAt>
				<styleUrl>#__managed_style_05CABFE16A40DE0E204E</styleUrl>
				<Point>
					<altitudeMode>relativeToGround</altitudeMode>
					<coordinates>103.7746869,22.3066789,0</coordinates>
				</Point>
			</Placemark>
			<Placemark id="0433B98DD8349A6C4FFA">
				<name>Quán Gió SAPA</name>
				<gx:mid>/g/11j3v4qmxm</gx:mid>
				<gx:fid>0x36cd413804a31a5b:0x66872986ceb6568c</gx:fid>
				<LookAt>
					<longitude>103.8357286</longitude>
					<latitude>22.3307802</latitude>
					<altitude>0</altitude>
					<heading>0</heading>
					<tilt>0</tilt>
					<gx:fovy>35</gx:fovy>
					<range>968.5211706254828</range>
					<altitudeMode>relativeToGround</altitudeMode>
				</LookAt>
				<styleUrl>#__managed_style_2C903B9DC640DE0E2030</styleUrl>
				<Point>
					<altitudeMode>relativeToGround</altitudeMode>
					<coordinates>103.8357286,22.3307802,0</coordinates>
				</Point>
			</Placemark>
			<Placemark id="01143EB6FB349A6E89D5">
				<name>נקודת תצפית</name>
				<LookAt>
					<longitude>103.8234920364722</longitude>
					<latitude>22.3377645768325</latitude>
					<altitude>1609.393914742213</altitude>
					<heading>0</heading>
					<tilt>0</tilt>
					<gx:fovy>84.23063731107392</gx:fovy>
					<range>119.7731418915282</range>
					<altitudeMode>absolute</altitudeMode>
				</LookAt>
				<styleUrl>#__managed_style_1B6484939F40DE0E204F</styleUrl>
				<Point>
					<coordinates>103.8233892335423,22.33783567128011,1577.651278483996</coordinates>
				</Point>
			</Placemark>
			<Placemark id="08FE91A353349A7560E9">
				<name>Sapa Night Market</name>
				<gx:mid>/g/11scnj8_fv</gx:mid>
				<gx:fid>0x36cd4131ca400dd3:0x5f78f467fe4594eb</gx:fid>
				<LookAt>
					<longitude>103.8515354</longitude>
					<latitude>22.3385359</latitude>
					<altitude>0</altitude>
					<heading>0</heading>
					<tilt>0</tilt>
					<gx:fovy>35</gx:fovy>
					<range>968.4612843259607</range>
					<altitudeMode>relativeToGround</altitudeMode>
				</LookAt>
				<styleUrl>#__managed_style_1BA9B1708640DE0E202F</styleUrl>
				<Point>
					<altitudeMode>relativeToGround</altitudeMode>
					<coordinates>103.8515354,22.3385359,0</coordinates>
				</Point>
			</Placemark>
			<Placemark id="073C8E33FC349A7B50B3">
				<name>Cau May -   רחוב ראשי</name>
				<LookAt>
					<longitude>103.8424226305502</longitude>
					<latitude>22.33324508188628</latitude>
					<altitude>1469.869794450616</altitude>
					<heading>0</heading>
					<tilt>0</tilt>
					<gx:fovy>82.27981822455331</gx:fovy>
					<range>143.9064811496974</range>
					<altitudeMode>absolute</altitudeMode>
				</LookAt>
				<styleUrl>#__managed_style_1016D90F8D40DE0E202E</styleUrl>
				<LineString>
					<coordinates>
						103.8413234330947,22.33464981048898,0 103.8417045108265,22.33433191147692,0 103.8419666407113,22.33409033869022,0 103.8421785615715,22.33383480012591,0 103.8424754761682,22.3333533196659,0 103.8427357399996,22.33299195894506,0 103.8429947017897,22.33262503737852,0 
					</coordinates>
				</LineString>
			</Placemark>
			<Placemark id="06C043A5C8349A7CCDE4">
				<name>The Hmong Sisters - Restobar</name>
				<gx:mid>/g/11bx5pxrdq</gx:mid>
				<gx:fid>0x36cd416adbe839a5:0xb8b65d9e18a66411</gx:fid>
				<LookAt>
					<longitude>103.8438493</longitude>
					<latitude>22.3324453</latitude>
					<altitude>0</altitude>
					<heading>0</heading>
					<tilt>0</tilt>
					<gx:fovy>35</gx:fovy>
					<range>968.5083150205738</range>
					<altitudeMode>relativeToGround</altitudeMode>
				</LookAt>
				<styleUrl>#__managed_style_0DE56DBD2F40DE0E202B</styleUrl>
				<Point>
					<altitudeMode>relativeToGround</altitudeMode>
					<coordinates>103.8438741,22.332463,0</coordinates>
				</Point>
			</Placemark>
			<Placemark id="0CB57526EC349A7DBD9D">
				<name>Color Bar Sapa</name>
				<gx:mid>/g/11w8s1j00h</gx:mid>
				<gx:fid>0x36cd41f1d640b7eb:0xb81a0cebc1ad94cd</gx:fid>
				<LookAt>
					<longitude>103.8396253</longitude>
					<latitude>22.3326217</latitude>
					<altitude>0</altitude>
					<heading>0</heading>
					<tilt>0</tilt>
					<gx:fovy>35</gx:fovy>
					<range>968.5069530516771</range>
					<altitudeMode>relativeToGround</altitudeMode>
				</LookAt>
				<styleUrl>#__managed_style_0331BA4C3C40DE0E2037</styleUrl>
				<Point>
					<altitudeMode>relativeToGround</altitudeMode>
					<coordinates>103.8396253,22.3326217,0</coordinates>
				</Point>
			</Placemark>
			<Placemark id="0BB927E1BC349AAA8008">
				<name>Cafe Núi Cấm</name>
				<gx:mid>/g/11gdl0c6j5</gx:mid>
				<gx:fid>0x36cc79041859dce7:0xd229a066bf1fbd40</gx:fid>
				<LookAt>
					<longitude>104.9812947</longitude>
					<latitude>22.8241772</latitude>
					<altitude>0</altitude>
					<heading>0</heading>
					<tilt>0</tilt>
					<gx:fovy>35</gx:fovy>
					<range>964.6734724025282</range>
					<altitudeMode>relativeToGround</altitudeMode>
				</LookAt>
				<styleUrl>#__managed_style_2C903B9DC640DE0E2030</styleUrl>
				<Point>
					<altitudeMode>relativeToGround</altitudeMode>
					<coordinates>104.9812947,22.8241772,0</coordinates>
				</Point>
			</Placemark>
			<Placemark id="099B47F06F349AAB77CD">
				<name>Quảng trường Thành Phố Hà Giang</name>
				<gx:mid>/g/11rvj_qskw</gx:mid>
				<gx:fid>0x36cc799c633677d1:0x81ecb55cc3ffad5a</gx:fid>
				<LookAt>
					<longitude>104.9834921</longitude>
					<latitude>22.8265494</latitude>
					<altitude>0</altitude>
					<heading>0</heading>
					<tilt>0</tilt>
					<gx:fovy>35</gx:fovy>
					<range>964.6547874693682</range>
					<altitudeMode>relativeToGround</altitudeMode>
				</LookAt>
				<styleUrl>#__managed_style_1C7CEBA3B040DE0E2028</styleUrl>
				<Point>
					<altitudeMode>relativeToGround</altitudeMode>
					<coordinates>104.9834921,22.8265494,0</coordinates>
				</Point>
			</Placemark>
			<Placemark id="0E1ABC4D18349F46435D">
				<name>North Beach</name>
				<gx:mid>/g/1pty2pn2f</gx:mid>
				<gx:fid>0x31423dbfd0bc9945:0x6ef64a63d31f3d66</gx:fid>
				<LookAt>
					<longitude>108.30809345</longitude>
					<latitude>16.1239522</latitude>
					<altitude>0</altitude>
					<heading>0</heading>
					<tilt>0</tilt>
					<gx:fovy>35</gx:fovy>
					<range>475.8741877027709</range>
					<altitudeMode>relativeToGround</altitudeMode>
				</LookAt>
				<styleUrl>#__managed_style_5A4AD8E92240DE0E2030</styleUrl>
				<Point>
					<altitudeMode>relativeToGround</altitudeMode>
					<coordinates>108.306802,16.1231888,0</coordinates>
				</Point>
			</Placemark>
			<Placemark id="05B3856AC734B52C1789">
				<name>My Khe Beach</name>
				<gx:mid>/g/1223wyjj</gx:mid>
				<gx:fid>0x31421782f7fa0ee3:0xeafb8ba272ee55ac</gx:fid>
				<LookAt>
					<longitude>108.24717395</longitude>
					<latitude>16.0619421</latitude>
					<altitude>0</altitude>
					<heading>0</heading>
					<tilt>0</tilt>
					<gx:fovy>35</gx:fovy>
					<range>2255.02525945211</range>
					<altitudeMode>relativeToGround</altitudeMode>
				</LookAt>
				<styleUrl>#__managed_style_5A4AD8E92240DE0E2030</styleUrl>
				<Point>
					<altitudeMode>relativeToGround</altitudeMode>
					<coordinates>108.2469346,16.0616944,0</coordinates>
				</Point>
			</Placemark>
			<Placemark id="0168CC65E934B52C9DFF">
				<name>The Marble Mountains</name>
				<gx:mid>/m/02623q9</gx:mid>
				<gx:fid>0x31420dd4e14b2edb:0xbc6e1faf738be4c5</gx:fid>
				<LookAt>
					<longitude>108.2645803</longitude>
					<latitude>16.0034756</latitude>
					<altitude>0</altitude>
					<heading>0</heading>
					<tilt>0</tilt>
					<gx:fovy>35</gx:fovy>
					<range>1010.877463607251</range>
					<altitudeMode>relativeToGround</altitudeMode>
				</LookAt>
				<styleUrl>#__managed_style_1C7CEBA3B040DE0E2028</styleUrl>
				<Point>
					<altitudeMode>relativeToGround</altitudeMode>
					<coordinates>108.2623658125132,16.00433229058787,0</coordinates>
				</Point>
			</Placemark>
			<Placemark id="0A876D13CB34B52D5A60">
				<name>Tam Thai Pagoda</name>
				<gx:mid>/g/11g6rkyzjx</gx:mid>
				<gx:fid>0x314210c47c5ff7f7:0xc6ca526754ea96b8</gx:fid>
				<LookAt>
					<longitude>108.2624426</longitude>
					<latitude>16.0038425</latitude>
					<altitude>0</altitude>
					<heading>0</heading>
					<tilt>0</tilt>
					<gx:fovy>35</gx:fovy>
					<range>1010.875392031147</range>
					<altitudeMode>relativeToGround</altitudeMode>
				</LookAt>
				<styleUrl>#__managed_style_199CD3E10340DE0E2030</styleUrl>
				<Point>
					<altitudeMode>relativeToGround</altitudeMode>
					<coordinates>108.2624426,16.0038425,0</coordinates>
				</Point>
			</Placemark>
			<Placemark id="0252ACEF7834B534E685">
				<name>The Craftsman Cocktail Bar</name>
				<gx:mid>/g/11h2qtp75k</gx:mid>
				<gx:fid>0x3142171dffdf1793:0x9eb7c5c037c22f08</gx:fid>
				<LookAt>
					<longitude>108.2468395</longitude>
					<latitude>16.0464522</latitude>
					<altitude>0</altitude>
					<heading>0</heading>
					<tilt>0</tilt>
					<gx:fovy>35</gx:fovy>
					<range>1010.63450166788</range>
					<altitudeMode>relativeToGround</altitudeMode>
				</LookAt>
				<styleUrl>#__managed_style_06A517022340DE0E202C</styleUrl>
				<Point>
					<altitudeMode>relativeToGround</altitudeMode>
					<coordinates>108.2468376,16.0464589,0</coordinates>
				</Point>
			</Placemark>
			<Placemark id="0D8E3B74B534B53B2209">
				<name>Han Market</name>
				<gx:mid>/g/11fwjy0k_q</gx:mid>
				<gx:fid>0x31421832397ecc0d:0x90b24f8b8cb2873f</gx:fid>
				<LookAt>
					<longitude>108.2242217</longitude>
					<latitude>16.0681959</latitude>
					<altitude>0</altitude>
					<heading>0</heading>
					<tilt>0</tilt>
					<gx:fovy>35</gx:fovy>
					<range>1010.511339274992</range>
					<altitudeMode>relativeToGround</altitudeMode>
				</LookAt>
				<styleUrl>#__managed_style_1BA9B1708640DE0E202F</styleUrl>
				<Point>
					<altitudeMode>relativeToGround</altitudeMode>
					<coordinates>108.2242217,16.0681959,0</coordinates>
				</Point>
			</Placemark>
			<Placemark id="0BB6A11DE134B5402690">
				<name>DA NANG DOWNTOWN</name>
				<gx:mid>/g/11c1s0n2xz</gx:mid>
				<gx:fid>0x314219e7a191cc17:0xe60f91d4055e3074</gx:fid>
				<LookAt>
					<longitude>108.2256332</longitude>
					<latitude>16.0412139</latitude>
					<altitude>0</altitude>
					<heading>0</heading>
					<tilt>0</tilt>
					<gx:fovy>35</gx:fovy>
					<range>1010.664149006071</range>
					<altitudeMode>relativeToGround</altitudeMode>
				</LookAt>
				<styleUrl>#__managed_style_07CA0270DB40DE0E2031</styleUrl>
				<Point>
					<altitudeMode>relativeToGround</altitudeMode>
					<coordinates>108.227669828171,16.04009582235756,0</coordinates>
				</Point>
			</Placemark>
			<Placemark id="07F20B2D1E34B5432A09">
				<name>Ho Chi Minh Museum</name>
				<gx:mid>/m/011py73s</gx:mid>
				<gx:fid>0x314219c69cf3c7a3:0x2927993f5153d336</gx:fid>
				<LookAt>
					<longitude>108.217581</longitude>
					<latitude>16.0486814</latitude>
					<altitude>0</altitude>
					<heading>0</heading>
					<tilt>0</tilt>
					<gx:fovy>35</gx:fovy>
					<range>1010.621882198672</range>
					<altitudeMode>relativeToGround</altitudeMode>
				</LookAt>
				<styleUrl>#__managed_style_3CDF7CBFFC40DE0E2034</styleUrl>
				<Point>
					<altitudeMode>relativeToGround</altitudeMode>
					<coordinates>108.217581,16.0486814,0</coordinates>
				</Point>
			</Placemark>
			<Placemark id="09ED23346734B545BFBB">
				<name>Suối Lương - Hai Van Park</name>
				<gx:mid>/g/1thktrhs</gx:mid>
				<gx:fid>0x314221a5b1f3a2f3:0x26049ed08a3a111b</gx:fid>
				<LookAt>
					<longitude>108.1093217</longitude>
					<latitude>16.1566197</latitude>
					<altitude>0</altitude>
					<heading>0</heading>
					<tilt>0</tilt>
					<gx:fovy>35</gx:fovy>
					<range>1010.008838427791</range>
					<altitudeMode>relativeToGround</altitudeMode>
				</LookAt>
				<styleUrl>#__managed_style_1C7CEBA3B040DE0E2028</styleUrl>
				<Point>
					<altitudeMode>relativeToGround</altitudeMode>
					<coordinates>108.1093217,16.1566197,0</coordinates>
				</Point>
			</Placemark>
			<Placemark id="00E67C9E0D34B5478868">
				<name>MIRKO Coffee &amp; Chill Beer</name>
				<gx:mid>/g/11sj6k7msx</gx:mid>
				<gx:fid>0x314219a2478d12f9:0x83041e56fd7241ac</gx:fid>
				<LookAt>
					<longitude>108.2329497</longitude>
					<latitude>16.1031274</latitude>
					<altitude>0</altitude>
					<heading>0</heading>
					<tilt>0</tilt>
					<gx:fovy>35</gx:fovy>
					<range>1010.313143392108</range>
					<altitudeMode>relativeToGround</altitudeMode>
				</LookAt>
				<styleUrl>#__managed_style_2C903B9DC640DE0E2030</styleUrl>
				<Point>
					<altitudeMode>relativeToGround</altitudeMode>
					<coordinates>108.2329497,16.1031274,0</coordinates>
				</Point>
			</Placemark>
			<Placemark id="0A36EFFE7134B5491A23">
				<name>Hội An Night Market</name>
				<gx:mid>/g/11c5g5kv4y</gx:mid>
				<gx:fid>0x31420e7dc35f492d:0xa44b01b91d668df</gx:fid>
				<LookAt>
					<longitude>108.3260184</longitude>
					<latitude>15.8759693</latitude>
					<altitude>0</altitude>
					<heading>0</heading>
					<tilt>0</tilt>
					<gx:fovy>35</gx:fovy>
					<range>1011.594630444423</range>
					<altitudeMode>relativeToGround</altitudeMode>
				</LookAt>
				<styleUrl>#__managed_style_35607EE82840DE0E2044</styleUrl>
				<Point>
					<altitudeMode>relativeToGround</altitudeMode>
					<coordinates>108.3260184,15.8759693,0</coordinates>
				</Point>
			</Placemark>
			<Placemark id="027F7B183834B55E03FC">
				<name>Dong Ba Market</name>
				<gx:mid>/g/11np7plq34</gx:mid>
				<gx:fid>0x3141a1d58fee6cef:0xe451747b74a5dfef</gx:fid>
				<LookAt>
					<longitude>107.5883419</longitude>
					<latitude>16.4726978</latitude>
					<altitude>0</altitude>
					<heading>0</heading>
					<tilt>0</tilt>
					<gx:fovy>35</gx:fovy>
					<range>1008.191060026219</range>
					<altitudeMode>relativeToGround</altitudeMode>
				</LookAt>
				<styleUrl>#__managed_style_1BA9B1708640DE0E202F</styleUrl>
				<Point>
					<altitudeMode>relativeToGround</altitudeMode>
					<coordinates>107.5883419,16.4726978,0</coordinates>
				</Point>
			</Placemark>
			<Placemark id="0C5E22700734B8F720CA">
				<name>VinWonders Nha Trang</name>
				<gx:mid>/g/11h52s0zxz</gx:mid>
				<gx:fid>0x317067c7c4267451:0x826b650efe77e523</gx:fid>
				<LookAt>
					<longitude>109.2405065</longitude>
					<latitude>12.2187478</latitude>
					<altitude>0</altitude>
					<heading>0</heading>
					<tilt>0</tilt>
					<gx:fovy>35</gx:fovy>
					<range>1029.803844879569</range>
					<altitudeMode>relativeToGround</altitudeMode>
				</LookAt>
				<styleUrl>#__managed_style_2099442D9040DE0E2041</styleUrl>
				<Point>
					<altitudeMode>relativeToGround</altitudeMode>
					<coordinates>109.2405065,12.2187478,0</coordinates>
				</Point>
			</Placemark>
			<Placemark id="00A9415DB634B8FA92C0">
				<name>Con Sẻ Tre Tourist Village</name>
				<gx:mid>/g/1tflcq_7</gx:mid>
				<gx:fid>0x3170671ea4683ed5:0xa164c8c1e59be92e</gx:fid>
				<LookAt>
					<longitude>109.2308174</longitude>
					<latitude>12.2266268</latitude>
					<altitude>0</altitude>
					<heading>0</heading>
					<tilt>0</tilt>
					<gx:fovy>35</gx:fovy>
					<range>1029.769564914108</range>
					<altitudeMode>relativeToGround</altitudeMode>
				</LookAt>
				<styleUrl>#__managed_style_1C7CEBA3B040DE0E2028</styleUrl>
				<Point>
					<altitudeMode>relativeToGround</altitudeMode>
					<coordinates>109.2307875,12.2265762,0</coordinates>
				</Point>
			</Placemark>
			<Placemark id="050BCB53DE34B8FF54A8">
				<name>Vinpearl cable car station</name>
				<gx:mid>/g/11vs4lvq_c</gx:mid>
				<gx:fid>0x3170670047ca655d:0xe12cad2665b69dea</gx:fid>
				<LookAt>
					<longitude>109.2173138</longitude>
					<latitude>12.2030134</latitude>
					<altitude>0</altitude>
					<heading>0</heading>
					<tilt>0</tilt>
					<gx:fovy>35</gx:fovy>
					<range>1029.872237650272</range>
					<altitudeMode>relativeToGround</altitudeMode>
				</LookAt>
				<styleUrl>#__managed_style_2050C8D83A40DE0E2037</styleUrl>
				<Point>
					<altitudeMode>relativeToGround</altitudeMode>
					<coordinates>109.2173138,12.2030134,0</coordinates>
				</Point>
			</Placemark>
			<Placemark id="0F8A1C9C1034B90008B0">
				<name>Vinpearl Cable Car Station - Hòn Tre</name>
				<gx:mid>/g/11sx0f09g0</gx:mid>
				<gx:fid>0x317067db1c1e1e3d:0x5b00c775e009fc26</gx:fid>
				<LookAt>
					<longitude>109.2391158</longitude>
					<latitude>12.2150404</latitude>
					<altitude>0</altitude>
					<heading>0</heading>
					<tilt>0</tilt>
					<gx:fovy>35</gx:fovy>
					<range>1029.819967586523</range>
					<altitudeMode>relativeToGround</altitudeMode>
				</LookAt>
				<styleUrl>#__managed_style_2050C8D83A40DE0E2037</styleUrl>
				<Point>
					<altitudeMode>relativeToGround</altitudeMode>
					<coordinates>109.2391158,12.2150404,0</coordinates>
				</Point>
			</Placemark>
			<Placemark id="0E1E74EDFC34B90077F9">
				<name>Vinpearl cable car</name>
				<LookAt>
					<longitude>109.225563374415</longitude>
					<latitude>12.2090431360077</latitude>
					<altitude>-0.754111889190886</altitude>
					<heading>1.708860882578053</heading>
					<tilt>0</tilt>
					<gx:fovy>84.43402197212291</gx:fovy>
					<range>2144.858753168956</range>
					<altitudeMode>absolute</altitudeMode>
				</LookAt>
				<styleUrl>#__managed_style_1016D90F8D40DE0E202E</styleUrl>
				<LineString>
					<coordinates>
						109.2176597211216,12.20346036274896,0 109.2388849414572,12.21486104322137,0 
					</coordinates>
				</LineString>
			</Placemark>
			<Placemark id="05F088F1E634B9025442">
				<name>Ponagar Temple</name>
				<gx:mid>/m/02x5pgr</gx:mid>
				<gx:fid>0x3170678c61b8f251:0x115f6f97f1af1d7c</gx:fid>
				<LookAt>
					<longitude>109.1953678</longitude>
					<latitude>12.2653665</latitude>
					<altitude>0</altitude>
					<heading>0</heading>
					<tilt>0</tilt>
					<gx:fovy>35</gx:fovy>
					<range>1029.600702776958</range>
					<altitudeMode>relativeToGround</altitudeMode>
				</LookAt>
				<styleUrl>#__managed_style_199CD3E10340DE0E2030</styleUrl>
				<Point>
					<altitudeMode>relativeToGround</altitudeMode>
					<coordinates>109.1953678,12.2653665,0</coordinates>
				</Point>
			</Placemark>
			<Placemark id="031DE02D9734B90447A6">
				<name>Long Son Pagoda</name>
				<gx:mid>/m/03qhn_n</gx:mid>
				<gx:fid>0x31705d793fdf59e9:0x1b4211d23501841e</gx:fid>
				<LookAt>
					<longitude>109.1801783</longitude>
					<latitude>12.2502013</latitude>
					<altitude>0</altitude>
					<heading>0</heading>
					<tilt>0</tilt>
					<gx:fovy>35</gx:fovy>
					<range>1029.666868267866</range>
					<altitudeMode>relativeToGround</altitudeMode>
				</LookAt>
				<styleUrl>#__managed_style_199CD3E10340DE0E2030</styleUrl>
				<Point>
					<altitudeMode>relativeToGround</altitudeMode>
					<coordinates>109.1801783,12.2502013,0</coordinates>
				</Point>
			</Placemark>
			<Placemark id="0E6017A38034B9046529">
				<name>Phật thích ca</name>
				<gx:mid>/g/11c530tkp2</gx:mid>
				<gx:fid>0x31705d795cabb67f:0x6c20c0b616a7821</gx:fid>
				<LookAt>
					<longitude>109.1809306</longitude>
					<latitude>12.2520948</latitude>
					<altitude>0</altitude>
					<heading>0</heading>
					<tilt>0</tilt>
					<gx:fovy>35</gx:fovy>
					<range>1029.658611322142</range>
					<altitudeMode>relativeToGround</altitudeMode>
				</LookAt>
				<styleUrl>#__managed_style_199CD3E10340DE0E2030</styleUrl>
				<Point>
					<altitudeMode>relativeToGround</altitudeMode>
					<coordinates>109.1809306,12.2520948,0</coordinates>
				</Point>
			</Placemark>
			<Placemark id="0A131F9DDE34B9052E7E">
				<name>Night Market</name>
				<gx:mid>/g/11f5dllxcr</gx:mid>
				<gx:fid>0x317067f7896130d9:0x6aac6494cfffbbf9</gx:fid>
				<LookAt>
					<longitude>109.1964422</longitude>
					<latitude>12.2397172</latitude>
					<altitude>0</altitude>
					<heading>0</heading>
					<tilt>0</tilt>
					<gx:fovy>35</gx:fovy>
					<range>1029.712563545893</range>
					<altitudeMode>relativeToGround</altitudeMode>
				</LookAt>
				<styleUrl>#__managed_style_184C9746DB40DE0E2049</styleUrl>
				<Point>
					<altitudeMode>relativeToGround</altitudeMode>
					<coordinates>109.1964422,12.2397172,0</coordinates>
				</Point>
			</Placemark>
			<Placemark id="0C3AE9A49134B9054D49">
				<name>Night Market</name>
				<LookAt>
					<longitude>109.1960118859895</longitude>
					<latitude>12.23957978138049</latitude>
					<altitude>3.810317881018788</altitude>
					<heading>347.2360202960643</heading>
					<tilt>0</tilt>
					<gx:fovy>84.42009391400106</gx:fovy>
					<range>169.5632724249845</range>
					<altitudeMode>absolute</altitudeMode>
				</LookAt>
				<styleUrl>#__managed_style_1016D90F8D40DE0E202E</styleUrl>
				<LineString>
					<coordinates>
						109.1964699964787,12.23970952655396,0 109.1951460004457,12.23956141849918,0 
					</coordinates>
				</LineString>
			</Placemark>
			<Placemark id="09FC04BCAE34B906C36A">
				<name>Monkey Island tourist resort</name>
				<gx:mid>/g/11gbk4g333</gx:mid>
				<gx:fid>0x31706994a0d4bf75:0x9a4bf365c73877df</gx:fid>
				<LookAt>
					<longitude>109.21291</longitude>
					<latitude>12.359675</latitude>
					<altitude>0</altitude>
					<heading>0</heading>
					<tilt>0</tilt>
					<gx:fovy>35</gx:fovy>
					<range>1029.187445573817</range>
					<altitudeMode>relativeToGround</altitudeMode>
				</LookAt>
				<styleUrl>#__managed_style_03E32C030840DE0E204F</styleUrl>
				<Point>
					<altitudeMode>relativeToGround</altitudeMode>
					<coordinates>109.21291,12.359675,0</coordinates>
				</Point>
			</Placemark>
			<Placemark id="00AD95853F34B90D5E51">
				<name>Dam Market</name>
				<gx:mid>/g/120yf4rw</gx:mid>
				<gx:fid>0x3170678641533f8f:0xe79f59ab9c158775</gx:fid>
				<LookAt>
					<longitude>109.1918164</longitude>
					<latitude>12.2549514</latitude>
					<altitude>0</altitude>
					<heading>0</heading>
					<tilt>0</tilt>
					<gx:fovy>35</gx:fovy>
					<range>1029.646152252062</range>
					<altitudeMode>relativeToGround</altitudeMode>
				</LookAt>
				<styleUrl>#__managed_style_1BA9B1708640DE0E202F</styleUrl>
				<Point>
					<altitudeMode>relativeToGround</altitudeMode>
					<coordinates>109.1918164,12.2549514,0</coordinates>
				</Point>
			</Placemark>
			<Placemark id="022DBD7CF434B9171568">
				<name>Ola Cafe - 31 Nguyễn Hữu Huân</name>
				<gx:mid>/g/11t2lxrp9f</gx:mid>
				<gx:fid>0x31705df38e04ee69:0xf8e3d3ccb64fe8e3</gx:fid>
				<LookAt>
					<longitude>109.1867309</longitude>
					<latitude>12.2401569</latitude>
					<altitude>0</altitude>
					<heading>0</heading>
					<tilt>0</tilt>
					<gx:fovy>35</gx:fovy>
					<range>1029.710647866038</range>
					<altitudeMode>relativeToGround</altitudeMode>
				</LookAt>
				<styleUrl>#__managed_style_2C903B9DC640DE0E2030</styleUrl>
				<Point>
					<altitudeMode>relativeToGround</altitudeMode>
					<coordinates>109.1867414,12.2401681,0</coordinates>
				</Point>
			</Placemark>
			<Placemark id="0CC2E495B534B9196AD3">
				<name>Hòn Tằm</name>
				<gx:mid>/g/121kx1x8</gx:mid>
				<gx:fid>0x31706118e16df895:0x49b3cce0b199f054</gx:fid>
				<LookAt>
					<longitude>109.24311075</longitude>
					<latitude>12.1747713</latitude>
					<altitude>0</altitude>
					<heading>0</heading>
					<tilt>0</tilt>
					<gx:fovy>35</gx:fovy>
					<range>2302.046211486208</range>
					<altitudeMode>relativeToGround</altitudeMode>
				</LookAt>
				<styleUrl>#__managed_style_1C7CEBA3B040DE0E2028</styleUrl>
				<Point>
					<altitudeMode>relativeToGround</altitudeMode>
					<coordinates>109.24301,12.1758908,0</coordinates>
				</Point>
			</Placemark>
			<Placemark id="0C04AF72A834B91D0768">
				<name>The Busa Park</name>
				<gx:mid>/g/11pv5sxqxv</gx:mid>
				<gx:fid>0x317067a7901f417b:0x75f70289a730105f</gx:fid>
				<LookAt>
					<longitude>109.2054246</longitude>
					<latitude>12.288173</latitude>
					<altitude>0</altitude>
					<heading>0</heading>
					<tilt>0</tilt>
					<gx:fovy>35</gx:fovy>
					<range>1029.501048187366</range>
					<altitudeMode>relativeToGround</altitudeMode>
				</LookAt>
				<styleUrl>#__managed_style_0331BA4C3C40DE0E2037</styleUrl>
				<Point>
					<altitudeMode>relativeToGround</altitudeMode>
					<coordinates>109.2054246,12.288173,0</coordinates>
				</Point>
			</Placemark>
			<Placemark id="0E585F6FB834B92165EA">
				<name>Altitude Rooftop Bar</name>
				<gx:mid>/g/11cmfd_l24</gx:mid>
				<gx:fid>0x31706782768993fd:0x223da2c0a7236dc2</gx:fid>
				<LookAt>
					<longitude>109.1958309</longitude>
					<latitude>12.24639</latitude>
					<altitude>0</altitude>
					<heading>0</heading>
					<tilt>0</tilt>
					<gx:fovy>35</gx:fovy>
					<range>1029.683484351149</range>
					<altitudeMode>relativeToGround</altitudeMode>
				</LookAt>
				<styleUrl>#__managed_style_06A517022340DE0E202C</styleUrl>
				<Point>
					<altitudeMode>relativeToGround</altitudeMode>
					<coordinates>109.1959186,12.24639,0</coordinates>
				</Point>
			</Placemark>
			<Placemark id="003B47CD1534B94F688A">
				<name>Happy Beach</name>
				<gx:mid>/g/11ggqt5hfl</gx:mid>
				<gx:fid>0x31706779a9a6dcdb:0x2649766890e09d87</gx:fid>
				<LookAt>
					<longitude>109.1969898</longitude>
					<latitude>12.2427466</latitude>
					<altitude>0</altitude>
					<heading>0</heading>
					<tilt>0</tilt>
					<gx:fovy>35</gx:fovy>
					<range>1029.69936372981</range>
					<altitudeMode>relativeToGround</altitudeMode>
				</LookAt>
				<styleUrl>#__managed_style_0331BA4C3C40DE0E2037</styleUrl>
				<Point>
					<altitudeMode>relativeToGround</altitudeMode>
					<coordinates>109.1969898,12.2427466,0</coordinates>
				</Point>
			</Placemark>
			<Placemark id="0B48E3B7C734B949CA03">
				<name>Z Beach Nha Trang</name>
				<gx:mid>/g/11qs_n_sz7</gx:mid>
				<gx:fid>0x3170675b292785e5:0x586b55b9a967c1bd</gx:fid>
				<LookAt>
					<longitude>109.1999844</longitude>
					<latitude>12.228519</latitude>
					<altitude>0</altitude>
					<heading>0</heading>
					<tilt>0</tilt>
					<gx:fovy>35</gx:fovy>
					<range>1029.761329118792</range>
					<altitudeMode>relativeToGround</altitudeMode>
				</LookAt>
				<styleUrl>#__managed_style_0DE56DBD2F40DE0E202B</styleUrl>
				<Point>
					<altitudeMode>relativeToGround</altitudeMode>
					<coordinates>109.1999844,12.228519,0</coordinates>
				</Point>
			</Placemark>
			<Placemark id="0DA4DB32BB34B9EA0263">
				<name>Dragon Statue, Abandoned Waterpark</name>
				<gx:mid>/g/11f57cf_ch</gx:mid>
				<gx:fid>0x3141a3896872dc79:0x9ad21ce848bb6e68</gx:fid>
				<LookAt>
					<longitude>107.578527</longitude>
					<latitude>16.40791669999999</latitude>
					<altitude>0</altitude>
					<heading>0</heading>
					<tilt>0</tilt>
					<gx:fovy>35</gx:fovy>
					<range>1008.566359884486</range>
					<altitudeMode>relativeToGround</altitudeMode>
				</LookAt>
				<styleUrl>#__managed_style_1C7CEBA3B040DE0E2028</styleUrl>
				<Point>
					<altitudeMode>relativeToGround</altitudeMode>
					<coordinates>107.578527,16.4079167,0</coordinates>
				</Point>
			</Placemark>
			<Placemark id="054E36E82F34B9EAD231">
				<name>Mausoleum of Emperor Khai Dinh</name>
				<gx:mid>/m/0dln97l</gx:mid>
				<gx:fid>0x3141a39bb06a2097:0xf44d575ac6988ee9</gx:fid>
				<LookAt>
					<longitude>107.5903623</longitude>
					<latitude>16.3990173</latitude>
					<altitude>0</altitude>
					<heading>0</heading>
					<tilt>0</tilt>
					<gx:fovy>35</gx:fovy>
					<range>1008.61780693041</range>
					<altitudeMode>relativeToGround</altitudeMode>
				</LookAt>
				<styleUrl>#__managed_style_199CD3E10340DE0E2030</styleUrl>
				<Point>
					<altitudeMode>relativeToGround</altitudeMode>
					<coordinates>107.5903623,16.3990173,0</coordinates>
				</Point>
			</Placemark>
			<Placemark id="00168CC06034B9F12300">
				<name>רחוב ברים </name>
				<LookAt>
					<longitude>107.5955903531714</longitude>
					<latitude>16.46881116513455</latitude>
					<altitude>5.846519692689951</altitude>
					<heading>356.4968079311633</heading>
					<tilt>0</tilt>
					<gx:fovy>83.98123812722788</gx:fovy>
					<range>189.411664590316</range>
					<altitudeMode>absolute</altitudeMode>
				</LookAt>
				<styleUrl>#__managed_style_1016D90F8D40DE0E202E</styleUrl>
				<LineString>
					<coordinates>
						107.593868816355,16.47004261901438,0 107.5950377272235,16.46866415339076,0 
					</coordinates>
				</LineString>
			</Placemark>
			<Placemark id="0664D7E2A734B9F17662">
				<name>Hue Night Walking Street</name>
				<gx:mid>/g/11f11hpjvv</gx:mid>
				<gx:fid>0x3141a13d326a5945:0x62f27882b5fdd5bc</gx:fid>
				<LookAt>
					<longitude>107.5953273</longitude>
					<latitude>16.4686386</latitude>
					<altitude>0</altitude>
					<heading>0</heading>
					<tilt>0</tilt>
					<gx:fovy>35</gx:fovy>
					<range>1008.214617874694</range>
					<altitudeMode>relativeToGround</altitudeMode>
				</LookAt>
				<styleUrl>#__managed_style_0DE56DBD2F40DE0E202B</styleUrl>
				<Point>
					<altitudeMode>relativeToGround</altitudeMode>
					<coordinates>107.5949884634396,16.46870041491251,0</coordinates>
				</Point>
			</Placemark>
			<Placemark id="084A8FD91934B9F269C6">
				<name>Mausoleum of Emperor Minh Mang</name>
				<gx:mid>/g/12bfg07w4</gx:mid>
				<gx:fid>0x3141a48171bcf4f9:0xaefcad54b905fa88</gx:fid>
				<LookAt>
					<longitude>107.5699088</longitude>
					<latitude>16.387527</latitude>
					<altitude>0</altitude>
					<heading>0</heading>
					<tilt>0</tilt>
					<gx:fovy>35</gx:fovy>
					<range>1008.684192426787</range>
					<altitudeMode>relativeToGround</altitudeMode>
				</LookAt>
				<styleUrl>#__managed_style_199CD3E10340DE0E2030</styleUrl>
				<Point>
					<altitudeMode>relativeToGround</altitudeMode>
					<coordinates>107.5699088,16.387527,0</coordinates>
				</Point>
			</Placemark>
			<Placemark id="0B8B834BA134B9F2965A">
				<name>Standing Buddha Temple</name>
				<gx:mid>/g/12hl55cdt</gx:mid>
				<gx:fid>0x3141a38290d23f63:0xce04e0bf89eb65c2</gx:fid>
				<LookAt>
					<longitude>107.5842296</longitude>
					<latitude>16.392005</latitude>
					<altitude>0</altitude>
					<heading>0</heading>
					<tilt>0</tilt>
					<gx:fovy>35</gx:fovy>
					<range>1008.658325954573</range>
					<altitudeMode>relativeToGround</altitudeMode>
				</LookAt>
				<styleUrl>#__managed_style_199CD3E10340DE0E2030</styleUrl>
				<Point>
					<altitudeMode>relativeToGround</altitudeMode>
					<coordinates>107.5842296,16.392005,0</coordinates>
				</Point>
			</Placemark>
			<Placemark id="03246EDD9834B9FDCCF7">
				<name>Bún bò mệ Kéo</name>
				<gx:mid>/g/11t0p8_2w7</gx:mid>
				<gx:fid>0x3141a1ca41e5bf03:0x7f35035e0fe667af</gx:fid>
				<LookAt>
					<longitude>107.5886999</longitude>
					<latitude>16.4750485</latitude>
					<altitude>0</altitude>
					<heading>0</heading>
					<tilt>0</tilt>
					<gx:fovy>35</gx:fovy>
					<range>1008.177415041557</range>
					<altitudeMode>relativeToGround</altitudeMode>
				</LookAt>
				<styleUrl>#__managed_style_0DDA84B01140DE0E2028</styleUrl>
				<Point>
					<altitudeMode>relativeToGround</altitudeMode>
					<coordinates>107.5886999,16.4750485,0</coordinates>
				</Point>
			</Placemark>
			<Placemark id="0E3AA7271234F8218739">
				<name>Grand World Phu Quoc</name>
				<gx:mid>/g/11h0bd12qp</gx:mid>
				<gx:fid>0x31081f01b146466d:0xc20a946423f8055e</gx:fid>
				<LookAt>
					<longitude>103.8630994</longitude>
					<latitude>10.3285469</latitude>
					<altitude>0</altitude>
					<heading>0</heading>
					<tilt>0</tilt>
					<gx:fovy>35</gx:fovy>
					<range>1037.402747692384</range>
					<altitudeMode>relativeToGround</altitudeMode>
				</LookAt>
				<styleUrl>#__managed_style_1CB557131F40DE0E2058</styleUrl>
				<Point>
					<altitudeMode>relativeToGround</altitudeMode>
					<coordinates>103.8630994,10.3285469,0</coordinates>
				</Point>
			</Placemark>
			<Placemark id="092FEAC02C34F822EABE">
				<name>רחוב מרהיב בסגנון ונציה</name>
				<LookAt>
					<longitude>103.8612692571054</longitude>
					<latitude>10.3268279097439</latitude>
					<altitude>11.01937360711853</altitude>
					<heading>359.3540384073939</heading>
					<tilt>0</tilt>
					<gx:fovy>83.97404296764986</gx:fovy>
					<range>296.8128241307932</range>
					<altitudeMode>absolute</altitudeMode>
				</LookAt>
				<styleUrl>#__managed_style_0E65E4CB0C40DE0E2049</styleUrl>
				<LineString>
					<coordinates>
						103.8624714455667,10.32741640793581,0 103.8620613438041,10.32653433378448,0 103.8618574744502,10.32632183021422,0 103.8616414826697,10.32623186246612,0 103.8610556316803,10.32617127721701,0 103.8599943745753,10.32612490855865,0 103.8598160874656,10.32605024424186,0 103.85960992265,10.32639193900107,0 103.8593496317467,10.32653481596883,0 103.8588869154717,10.32648316884179,0 103.8583450290758,10.32628325647637,0 103.8580533979382,10.3260593000516,0 103.8580466317695,10.32576201749526,0 103.8579142270803,10.32554004750505,0 103.8579883773932,10.3253609274718,0 103.8582749077218,10.32535734412662,0 103.8587684460676,10.32554845974925,0 103.8590417926167,10.325751730985,0 103.8593241050913,10.32581747276078,0 103.8595887691834,10.32570542576043,0 103.8598042813418,10.32572829156049,0 103.8598657119865,10.32589164462697,0 103.8598344777024,10.32600044207949,0 
					</coordinates>
				</LineString>
			</Placemark>
			<Placemark id="0CF6DAB62334F82354C7">
				<name>Công viên Nghệ thuật Đương đại Urban Park - Grand World</name>
				<gx:mid>/g/11r9d868j9</gx:mid>
				<gx:fid>0x31081fb060bbb96d:0x28cf0a5739fdd3e4</gx:fid>
				<LookAt>
					<longitude>103.8619958</longitude>
					<latitude>10.328618</latitude>
					<altitude>0</altitude>
					<heading>0</heading>
					<tilt>0</tilt>
					<gx:fovy>35</gx:fovy>
					<range>1037.402485354704</range>
					<altitudeMode>relativeToGround</altitudeMode>
				</LookAt>
				<styleUrl>#__managed_style_1C4CA376BA40DE0E2031</styleUrl>
				<Point>
					<altitudeMode>relativeToGround</altitudeMode>
					<coordinates>103.8619958,10.328618,0</coordinates>
				</Point>
			</Placemark>
			<Placemark id="0D4969EE8134F824798D">
				<name>WINDY CLUB</name>
				<gx:mid>/g/11shs_s11w</gx:mid>
				<gx:fid>0x31081fb8d6e735c1:0xa3b545d9ee15a67a</gx:fid>
				<LookAt>
					<longitude>103.8581996</longitude>
					<latitude>10.3310083</latitude>
					<altitude>0</altitude>
					<heading>0</heading>
					<tilt>0</tilt>
					<gx:fovy>35</gx:fovy>
					<range>1037.393664832295</range>
					<altitudeMode>relativeToGround</altitudeMode>
				</LookAt>
				<styleUrl>#__managed_style_06A517022340DE0E202C</styleUrl>
				<Point>
					<altitudeMode>relativeToGround</altitudeMode>
					<coordinates>103.8581996,10.3310083,0</coordinates>
				</Point>
			</Placemark>
			<Placemark id="03DBF7190C34F824E0CB">
				<name>VinWonders Phú Quốc</name>
				<gx:mid>/g/11r8503s0c</gx:mid>
				<gx:fid>0x31081fff0f370283:0xd36b94f9a85d30cd</gx:fid>
				<LookAt>
					<longitude>103.8540474</longitude>
					<latitude>10.3407345</latitude>
					<altitude>0</altitude>
					<heading>0</heading>
					<tilt>0</tilt>
					<gx:fovy>35</gx:fovy>
					<range>1037.357753196636</range>
					<altitudeMode>relativeToGround</altitudeMode>
				</LookAt>
				<styleUrl>#__managed_style_07CA0270DB40DE0E2031</styleUrl>
				<Point>
					<altitudeMode>relativeToGround</altitudeMode>
					<coordinates>103.8545860899533,10.33845180036872,0</coordinates>
				</Point>
			</Placemark>
			<Placemark id="09BB2CE2C134F826FFDF">
				<name>Starfish Beach</name>
				<gx:mid>/g/11c67q_7r6</gx:mid>
				<gx:fid>0x310821c7634bd795:0xe9b0b8cd7488842f</gx:fid>
				<LookAt>
					<longitude>103.9373163</longitude>
					<latitude>10.3720366</latitude>
					<altitude>0</altitude>
					<heading>0</heading>
					<tilt>0</tilt>
					<gx:fovy>35</gx:fovy>
					<range>5619.641794756998</range>
					<altitudeMode>relativeToGround</altitudeMode>
				</LookAt>
				<styleUrl>#__managed_style_5A4AD8E92240DE0E2030</styleUrl>
				<Point>
					<altitudeMode>relativeToGround</altitudeMode>
					<coordinates>103.9373163,10.3720368,0</coordinates>
				</Point>
			</Placemark>
			<Placemark id="03D2AB626534F827A5AD">
				<name>OCSEN Beach Bar &amp; Club</name>
				<gx:mid>/g/11ffs72jzt</gx:mid>
				<gx:fid>0x31a78dd4db90a7d5:0x17610ac5dab6aa43</gx:fid>
				<LookAt>
					<longitude>103.9642256</longitude>
					<latitude>10.1935371</latitude>
					<altitude>0</altitude>
					<heading>0</heading>
					<tilt>0</tilt>
					<gx:fovy>35</gx:fovy>
					<range>1037.89769313622</range>
					<altitudeMode>relativeToGround</altitudeMode>
				</LookAt>
				<styleUrl>#__managed_style_0DE56DBD2F40DE0E202B</styleUrl>
				<Point>
					<altitudeMode>relativeToGround</altitudeMode>
					<coordinates>103.9642256,10.1935371,0</coordinates>
				</Point>
			</Placemark>
			<Placemark id="062E1CA0B034F82A354E">
				<name>Kiss Bridge</name>
				<gx:mid>/g/11n1s_pgr4</gx:mid>
				<gx:fid>0x31a79196e1d9e11b:0xb83964fdd74e3b86</gx:fid>
				<LookAt>
					<longitude>104.0037872</longitude>
					<latitude>10.0280346</latitude>
					<altitude>0</altitude>
					<heading>0</heading>
					<tilt>0</tilt>
					<gx:fovy>35</gx:fovy>
					<range>1038.495692692195</range>
					<altitudeMode>relativeToGround</altitudeMode>
				</LookAt>
				<styleUrl>#__managed_style_1C7CEBA3B040DE0E2028</styleUrl>
				<Point>
					<altitudeMode>relativeToGround</altitudeMode>
					<coordinates>104.0037872,10.0280346,0</coordinates>
				</Point>
			</Placemark>
			<Placemark id="04131D340834F82C2ECC">
				<name>Kiss of the Sea show - Nụ hôn của Biển Cả</name>
				<description><![CDATA[<div>מופע זיקוקים 21:30<br></div>]]></description>
				<gx:mid>/g/11kc8rnnl7</gx:mid>
				<gx:fid>0x31a79509cb3b24b5:0xeb66168bcba036bf</gx:fid>
				<LookAt>
					<longitude>104.0060548</longitude>
					<latitude>10.0276968</latitude>
					<altitude>0</altitude>
					<heading>0</heading>
					<tilt>0</tilt>
					<gx:fovy>35</gx:fovy>
					<range>1038.496903402651</range>
					<altitudeMode>relativeToGround</altitudeMode>
				</LookAt>
				<styleUrl>#__managed_style_1EF81C63DA40DE0E2054</styleUrl>
				<Point>
					<altitudeMode>relativeToGround</altitudeMode>
					<coordinates>104.0060548,10.0276968,0</coordinates>
				</Point>
			</Placemark>
			<Placemark id="0B2651763834F82D83A2">
				<name>Hon Thom Departure Terminal - Sun World Hon Thom Nature Park</name>
				<gx:mid>/g/11hbv179hq</gx:mid>
				<gx:fid>0x31a79682364a17bf:0xc806c09a1bb26401</gx:fid>
				<LookAt>
					<longitude>104.0073237</longitude>
					<latitude>10.0270938</latitude>
					<altitude>0</altitude>
					<heading>0</heading>
					<tilt>0</tilt>
					<gx:fovy>35</gx:fovy>
					<range>1038.499064517906</range>
					<altitudeMode>relativeToGround</altitudeMode>
				</LookAt>
				<styleUrl>#__managed_style_2050C8D83A40DE0E2037</styleUrl>
				<Point>
					<altitudeMode>relativeToGround</altitudeMode>
					<coordinates>104.007388,10.0271038,0</coordinates>
				</Point>
			</Placemark>
			<Placemark id="081E54A2A834F82E2E05">
				<name>רכבל ל Sun World</name>
				<LookAt>
					<longitude>104.016837926632</longitude>
					<latitude>9.955897999033558</latitude>
					<altitude>24.15433078155375</altitude>
					<heading>0</heading>
					<tilt>0</tilt>
					<gx:fovy>35</gx:fovy>
					<range>771.3284416185343</range>
					<altitudeMode>absolute</altitudeMode>
				</LookAt>
				<styleUrl>#__managed_style_1016D90F8D40DE0E202E</styleUrl>
				<LineString>
					<coordinates>
						104.0073889392684,10.02713680000185,0 104.0176447164233,9.956777732608638,0 
					</coordinates>
				</LineString>
			</Placemark>
			<Placemark id="0938ED857834F82F523B">
				<name>Aquatopia Water Park</name>
				<gx:mid>/g/11j4q1np6j</gx:mid>
				<gx:fid>0x31a7bd00fbb8e325:0xac29a948ae511757</gx:fid>
				<LookAt>
					<longitude>104.0166397</longitude>
					<latitude>9.956059400000001</latitude>
					<altitude>0</altitude>
					<heading>0</heading>
					<tilt>0</tilt>
					<gx:fovy>35</gx:fovy>
					<range>1038.752753235387</range>
					<altitudeMode>relativeToGround</altitudeMode>
				</LookAt>
				<styleUrl>#__managed_style_1C7CEBA3B040DE0E2028</styleUrl>
				<Point>
					<altitudeMode>relativeToGround</altitudeMode>
					<coordinates>104.0165324590979,9.956119190647497,0</coordinates>
				</Point>
			</Placemark>
			<Placemark id="019FC29AD134F83086C2">
				<name>Sunworld Hon Thom Phu Quoc</name>
				<gx:mid>/g/11jk8z0y2q</gx:mid>
				<gx:fid>0x31a797e6f38a99d9:0x1cf3fc4f2653bdf3</gx:fid>
				<LookAt>
					<longitude>104.0160909</longitude>
					<latitude>9.955797799999999</latitude>
					<altitude>0</altitude>
					<heading>0</heading>
					<tilt>0</tilt>
					<gx:fovy>35</gx:fovy>
					<range>1038.753684222641</range>
					<altitudeMode>relativeToGround</altitudeMode>
				</LookAt>
				<styleUrl>#__managed_style_07CA0270DB40DE0E2031</styleUrl>
				<Point>
					<altitudeMode>relativeToGround</altitudeMode>
					<coordinates>104.0168951789553,9.955769740714992,0</coordinates>
				</Point>
			</Placemark>
			<Placemark id="0AB248355334F83150E1">
				<name>Khem Beach</name>
				<gx:mid>/g/1tf13cj3</gx:mid>
				<gx:fid>0x31a796c7c0e8beeb:0x8139c11e71ab1bb1</gx:fid>
				<LookAt>
					<longitude>104.03225565</longitude>
					<latitude>10.0357413</latitude>
					<altitude>0</altitude>
					<heading>0</heading>
					<tilt>0</tilt>
					<gx:fovy>35</gx:fovy>
					<range>2322.566919616352</range>
					<altitudeMode>relativeToGround</altitudeMode>
				</LookAt>
				<styleUrl>#__managed_style_5A4AD8E92240DE0E2030</styleUrl>
				<Point>
					<altitudeMode>relativeToGround</altitudeMode>
					<coordinates>104.0310431,10.0366839,0</coordinates>
				</Point>
			</Placemark>
			<Placemark id="0A8AD6C5AF34F8327470">
				<name>Vui-fest Bazaar Phú Quốc - שוק אוכל </name>
				<gx:mid>/g/11y46_tqcx</gx:mid>
				<gx:fid>0x31a79500411ae3ab:0xc2946fc263b6b531</gx:fid>
				<LookAt>
					<longitude>104.002712</longitude>
					<latitude>10.035167</latitude>
					<altitude>0</altitude>
					<heading>0</heading>
					<tilt>0</tilt>
					<gx:fovy>35</gx:fovy>
					<range>1038.470120064453</range>
					<altitudeMode>relativeToGround</altitudeMode>
				</LookAt>
				<styleUrl>#__managed_style_48E33D395140DE0E202C</styleUrl>
				<Point>
					<altitudeMode>relativeToGround</altitudeMode>
					<coordinates>104.002712,10.035167,0</coordinates>
				</Point>
			</Placemark>
			<Placemark id="05E5A1189334F83339F9">
				<name>שוק אוכל </name>
				<LookAt>
					<longitude>104.0036088036156</longitude>
					<latitude>10.03468347294598</latitude>
					<altitude>28.0627302479781</altitude>
					<heading>342.6174465538501</heading>
					<tilt>0</tilt>
					<gx:fovy>60.49504171472334</gx:fovy>
					<range>228.1028540063563</range>
					<altitudeMode>absolute</altitudeMode>
				</LookAt>
				<styleUrl>#__managed_style_1016D90F8D40DE0E202E</styleUrl>
				<LineString>
					<coordinates>
						104.0027791154066,10.03546119138494,0 104.0027154372504,10.03533827021195,0 104.0027247499561,10.03521313899856,0 104.0028027806964,10.03504830438412,0 104.0029836200292,10.03483402470974,0 104.0031944896263,10.03456988642688,0 
					</coordinates>
				</LineString>
			</Placemark>
			<Placemark id="072422F82E34F8354951">
				<name>Phu Quoc Night Market</name>
				<gx:mid>/g/11s86g35bc</gx:mid>
				<gx:fid>0x31a78d4b850fa579:0x7cf446ebaf1988b1</gx:fid>
				<LookAt>
					<longitude>103.9603565</longitude>
					<latitude>10.2159752</latitude>
					<altitude>0</altitude>
					<heading>0</heading>
					<tilt>0</tilt>
					<gx:fovy>35</gx:fovy>
					<range>1037.815878467242</range>
					<altitudeMode>relativeToGround</altitudeMode>
				</LookAt>
				<styleUrl>#__managed_style_1C7CEBA3B040DE0E2028</styleUrl>
				<Point>
					<altitudeMode>relativeToGround</altitudeMode>
					<coordinates>103.9603565,10.2159752,0</coordinates>
				</Point>
			</Placemark>
			<Placemark id="02CA1AE31134F835898D">
				<name>Cho dem night market</name>
				<LookAt>
					<longitude>103.9603516576293</longitude>
					<latitude>10.21610225717872</latitude>
					<altitude>6.238025446288935</altitude>
					<heading>346.1720624089621</heading>
					<tilt>0</tilt>
					<gx:fovy>83.47724254607384</gx:fovy>
					<range>99.82933913843226</range>
					<altitudeMode>absolute</altitudeMode>
				</LookAt>
				<styleUrl>#__managed_style_1016D90F8D40DE0E202E</styleUrl>
				<LineString>
					<coordinates>
						103.9603362198493,10.21595730459503,0 103.9606204976298,10.21632047029874,0 103.9608586083088,10.21664181978453,0 
					</coordinates>
				</LineString>
			</Placemark>
			<Placemark id="02F3B3F30F34FB68BF2E">
				<name>Chillin Coffee Corner</name>
				<gx:mid>/g/11y2bszmzg</gx:mid>
				<gx:fid>0x31a79371e65c97c3:0x478b91b79d977b5d</gx:fid>
				<LookAt>
					<longitude>103.9867636</longitude>
					<latitude>10.126573</latitude>
					<altitude>0</altitude>
					<heading>0</heading>
					<tilt>0</tilt>
					<gx:fovy>35</gx:fovy>
					<range>1038.14080911871</range>
					<altitudeMode>relativeToGround</altitudeMode>
				</LookAt>
				<styleUrl>#__managed_style_0DDA84B01140DE0E2028</styleUrl>
				<Point>
					<altitudeMode>relativeToGround</altitudeMode>
					<coordinates>103.9867637,10.1265731,0</coordinates>
				</Point>
			</Placemark>
			<Placemark id="043E7F347E34FB6A4142">
				<name>Sunset Sanato Beach Club</name>
				<gx:mid>/g/11ddzp05sf</gx:mid>
				<gx:fid>0x31a78d974d259fc3:0x83bc51662c2c04</gx:fid>
				<LookAt>
					<longitude>103.9739757</longitude>
					<latitude>10.1513543</latitude>
					<altitude>0</altitude>
					<heading>0</heading>
					<tilt>0</tilt>
					<gx:fovy>35</gx:fovy>
					<range>1038.051023121448</range>
					<altitudeMode>relativeToGround</altitudeMode>
				</LookAt>
				<styleUrl>#__managed_style_0331BA4C3C40DE0E2037</styleUrl>
				<Point>
					<altitudeMode>relativeToGround</altitudeMode>
					<coordinates>103.9739757,10.1513543,0</coordinates>
				</Point>
			</Placemark>
			<Placemark id="0A25173B6A34FB6B7AA2">
				<name>Sao Beach</name>
				<gx:mid>/g/1ttdkh0s</gx:mid>
				<gx:fid>0x31a7913159688b2f:0xb474e14389b16ba8</gx:fid>
				<LookAt>
					<longitude>104.03751755</longitude>
					<latitude>10.05655295</latitude>
					<altitude>0</altitude>
					<heading>0</heading>
					<tilt>0</tilt>
					<gx:fovy>35</gx:fovy>
					<range>2322.38585968566</range>
					<altitudeMode>relativeToGround</altitudeMode>
				</LookAt>
				<styleUrl>#__managed_style_5A4AD8E92240DE0E2030</styleUrl>
				<Point>
					<altitudeMode>relativeToGround</altitudeMode>
					<coordinates>104.0363948,10.0572576,0</coordinates>
				</Point>
			</Placemark>
			<Placemark id="09E7B174C134FB6E230D">
				<name>INK 360 Rooftop Bar</name>
				<gx:mid>/g/11fhxxz5b4</gx:mid>
				<gx:fid>0x31a7931b43ae43d3:0x9a2c417504940efb</gx:fid>
				<LookAt>
					<longitude>103.9836129</longitude>
					<latitude>10.11266</latitude>
					<altitude>0</altitude>
					<heading>0</heading>
					<tilt>0</tilt>
					<gx:fovy>35</gx:fovy>
					<range>1038.191123252853</range>
					<altitudeMode>relativeToGround</altitudeMode>
				</LookAt>
				<styleUrl>#__managed_style_06A517022340DE0E202C</styleUrl>
				<Point>
					<altitudeMode>relativeToGround</altitudeMode>
					<coordinates>103.9836129,10.11266,0</coordinates>
				</Point>
			</Placemark>
			<Placemark id="03568D035B34FB70B725">
				<name>Phố đi bộ - Night Market</name>
				<gx:mid>/g/11v0_z8f40</gx:mid>
				<gx:fid>0x31081fc714aa47ff:0x780dd95bd94d5418</gx:fid>
				<LookAt>
					<longitude>103.8573563</longitude>
					<latitude>10.3254986</latitude>
					<altitude>0</altitude>
					<heading>0</heading>
					<tilt>0</tilt>
					<gx:fovy>35</gx:fovy>
					<range>1037.413993337095</range>
					<altitudeMode>relativeToGround</altitudeMode>
				</LookAt>
				<styleUrl>#__managed_style_1F8D4144F140DE0E202B</styleUrl>
				<Point>
					<altitudeMode>relativeToGround</altitudeMode>
					<coordinates>103.8573563,10.3254986,0</coordinates>
				</Point>
			</Placemark>
			<Placemark id="0C7355137034FB763CA9">
				<name>Sailing Club Phu Quoc</name>
				<gx:mid>/g/11fjt_cy_m</gx:mid>
				<gx:fid>0x31a793356a1a38d7:0x13cbe8ce34450703</gx:fid>
				<LookAt>
					<longitude>103.9821484</longitude>
					<latitude>10.1146824</latitude>
					<altitude>0</altitude>
					<heading>0</heading>
					<tilt>0</tilt>
					<gx:fovy>35</gx:fovy>
					<range>1038.183813790886</range>
					<altitudeMode>relativeToGround</altitudeMode>
				</LookAt>
				<styleUrl>#__managed_style_0DE56DBD2F40DE0E202B</styleUrl>
				<Point>
					<altitudeMode>relativeToGround</altitudeMode>
					<coordinates>103.9821484,10.1146824,0</coordinates>
				</Point>
			</Placemark>
			<Placemark id="04CD77886F34FB7D2F76">
				<name>Chuồn Chuồn Bistro &amp; Bar</name>
				<gx:mid>/g/11c1rtqj59</gx:mid>
				<gx:fid>0x31a78c63f5fd8db1:0xddbbf3c507855ee</gx:fid>
				<LookAt>
					<longitude>103.9666698</longitude>
					<latitude>10.2092584</latitude>
					<altitude>0</altitude>
					<heading>0</heading>
					<tilt>0</tilt>
					<gx:fovy>35</gx:fovy>
					<range>1037.840388060815</range>
					<altitudeMode>relativeToGround</altitudeMode>
				</LookAt>
				<styleUrl>#__managed_style_2C903B9DC640DE0E2030</styleUrl>
				<Point>
					<altitudeMode>relativeToGround</altitudeMode>
					<coordinates>103.9666698,10.2092584,0</coordinates>
				</Point>
			</Placemark>
			<Placemark id="0D49F1AFCF34FB80FA05">
				<name>Bittersweet - Cocktail &amp; Chocolate (비터스윗 - 칵테일 &amp; 초콜릿)</name>
				<gx:mid>/g/11ghpstr9p</gx:mid>
				<gx:fid>0x31a78da3b280736b:0x254f9d6ca04cbfc5</gx:fid>
				<LookAt>
					<longitude>103.9686828</longitude>
					<latitude>10.1836086</latitude>
					<altitude>0</altitude>
					<heading>0</heading>
					<tilt>0</tilt>
					<gx:fovy>35</gx:fovy>
					<range>1037.933838402052</range>
					<altitudeMode>relativeToGround</altitudeMode>
				</LookAt>
				<styleUrl>#__managed_style_06A517022340DE0E202C</styleUrl>
				<Point>
					<altitudeMode>relativeToGround</altitudeMode>
					<coordinates>103.9687168,10.1836128,0</coordinates>
				</Point>
			</Placemark>
			<Placemark id="01E27A9A2634FB817D03">
				<name>Sunset Beach Bar &amp; Restaurant</name>
				<gx:mid>/g/11c5sth1_1</gx:mid>
				<gx:fid>0x31a78c5f0f4b7dab:0x89da60606bb08b74</gx:fid>
				<LookAt>
					<longitude>103.9625451</longitude>
					<latitude>10.2002201</latitude>
					<altitude>0</altitude>
					<heading>0</heading>
					<tilt>0</tilt>
					<gx:fovy>35</gx:fovy>
					<range>1037.873343806879</range>
					<altitudeMode>relativeToGround</altitudeMode>
				</LookAt>
				<styleUrl>#__managed_style_06A517022340DE0E202C</styleUrl>
				<Point>
					<altitudeMode>relativeToGround</altitudeMode>
					<coordinates>103.9625451,10.2002201,0</coordinates>
				</Point>
			</Placemark>
			<Placemark id="01C11BD46834FB829B5C">
				<name>AND Beach Bar</name>
				<gx:mid>/g/11l2pl1zyt</gx:mid>
				<gx:fid>0x31a78defa6775779:0x398235365df0efc4</gx:fid>
				<LookAt>
					<longitude>103.9644693</longitude>
					<latitude>10.1931685</latitude>
					<altitude>0</altitude>
					<heading>0</heading>
					<tilt>0</tilt>
					<gx:fovy>35</gx:fovy>
					<range>1037.899035664014</range>
					<altitudeMode>relativeToGround</altitudeMode>
				</LookAt>
				<styleUrl>#__managed_style_0DE56DBD2F40DE0E202B</styleUrl>
				<Point>
					<altitudeMode>relativeToGround</altitudeMode>
					<coordinates>103.9644693,10.1931685,0</coordinates>
				</Point>
			</Placemark>
			<Placemark id="0BEDC40C7134FB835A29">
				<name>Rory&apos;s Beach Bar</name>
				<gx:mid>/g/11gy4tjzky</gx:mid>
				<gx:fid>0x31a789a49a505a61:0xa1a8966eb8eb6843</gx:fid>
				<LookAt>
					<longitude>104.0803353</longitude>
					<latitude>10.2526928</latitude>
					<altitude>0</altitude>
					<heading>0</heading>
					<tilt>0</tilt>
					<gx:fovy>35</gx:fovy>
					<range>1037.68161606027</range>
					<altitudeMode>relativeToGround</altitudeMode>
				</LookAt>
				<styleUrl>#__managed_style_0DE56DBD2F40DE0E202B</styleUrl>
				<Point>
					<altitudeMode>relativeToGround</altitudeMode>
					<coordinates>104.0803353,10.2526928,0</coordinates>
				</Point>
			</Placemark>
			<Placemark id="061A51022C34FB85FA8E">
				<name>Sip &amp; Heal Beach Bar Phu Quoc</name>
				<gx:mid>/g/11k47jlxmm</gx:mid>
				<gx:fid>0x31a78d7b0f8acf0f:0xf2bc1d60a78b5165</gx:fid>
				<LookAt>
					<longitude>103.966579</longitude>
					<latitude>10.1840689</latitude>
					<altitude>0</altitude>
					<heading>0</heading>
					<tilt>0</tilt>
					<gx:fovy>35</gx:fovy>
					<range>1037.932163419019</range>
					<altitudeMode>relativeToGround</altitudeMode>
				</LookAt>
				<styleUrl>#__managed_style_06A517022340DE0E202C</styleUrl>
				<Point>
					<altitudeMode>relativeToGround</altitudeMode>
					<coordinates>103.966579,10.1840689,0</coordinates>
				</Point>
			</Placemark>
			<Placemark id="0835A8FDBF34FB97352E">
				<name>Sunset town</name>
				<LookAt>
					<longitude>104.0048136017982</longitude>
					<latitude>10.03383499279852</latitude>
					<altitude>43.90146461006038</altitude>
					<heading>0</heading>
					<tilt>0</tilt>
					<gx:fovy>84.04576929566689</gx:fovy>
					<range>287.592775105477</range>
					<altitudeMode>absolute</altitudeMode>
				</LookAt>
				<styleUrl>#__managed_style_1EBD26A8FF40DE0E2046</styleUrl>
				<Polygon>
					<outerBoundaryIs>
						<LinearRing>
							<coordinates>
								104.0031280778729,10.03591924062172,0 104.0025849472012,10.03574609994501,0 104.0025297790527,10.03548807964046,0 104.0026007157959,10.03504462733688,0 104.003146034757,10.03427194344891,0 104.0031365774289,10.03392146254113,0 104.0030956899738,10.03337286851771,0 104.0032538113601,10.03276673047134,0 104.0036943840624,10.03237243303074,0 104.0039983970093,10.03192734681973,0 104.0039468525209,10.03155502269211,0 104.0044017838319,10.03146305845783,0 104.0048641323826,10.03120873856593,0 104.0052290139201,10.03052326918894,0 104.0055317097057,10.03000023158943,0 104.0058117589367,10.03001621350173,0 104.0065683763336,10.0297678737232,0 104.0066866425674,10.02938137175971,0 104.0068713801704,10.02875323632913,0 104.006763300887,10.02831428698841,0 104.0067198880951,10.02779967514238,0 104.0065322225934,10.02685939145572,0 104.0068000586849,10.02647115151973,0 104.0069215771117,10.0262871534845,0 104.0072853337963,10.02355925108625,0 104.0077535701276,10.02330804714334,0 104.0082138045057,10.02322207775045,0 104.008523255608,10.02384983822474,0 104.0091220211229,10.02559687897772,0 104.0097862083085,10.02812868016465,0 104.0101069487652,10.02890669584582,0 104.0077258952289,10.03131259064802,0 104.0055574509885,10.03353418401828,0 104.0044869921284,10.03455944926557,0 104.0031098204661,10.03565769842177,0 104.0031280778729,10.03591924062172,0 
							</coordinates>
						</LinearRing>
					</outerBoundaryIs>
				</Polygon>
			</Placemark>
			<Placemark id="0F865C18DD3501E81260">
				<name>Hon Tam Resort</name>
				<gx:mid>/g/1wbfxx8g</gx:mid>
				<gx:fid>0x3170677811cc8f95:0xfa0077d13964907e</gx:fid>
				<LookAt>
					<longitude>109.2448412</longitude>
					<latitude>12.1791183</latitude>
					<altitude>0</altitude>
					<heading>0</heading>
					<tilt>0</tilt>
					<gx:fovy>35</gx:fovy>
					<range>1029.975938204097</range>
					<altitudeMode>relativeToGround</altitudeMode>
				</LookAt>
				<styleUrl>#__managed_style_0DA33D1F9140DE0E2040</styleUrl>
				<Point>
					<altitudeMode>relativeToGround</altitudeMode>
					<coordinates>109.2448412,12.1791183,0</coordinates>
				</Point>
			</Placemark>
			<Placemark id="017A18495F350560A591">
				<name>Lạt Chay Vegan Bistro</name>
				<gx:mid>/g/11txtb0hzf</gx:mid>
				<gx:fid>0x3171135212647611:0x89ab0649bc0f4466</gx:fid>
				<LookAt>
					<longitude>108.4652466</longitude>
					<latitude>11.9444539</latitude>
					<altitude>0</altitude>
					<heading>0</heading>
					<tilt>0</tilt>
					<gx:fovy>35</gx:fovy>
					<range>1030.983803549178</range>
					<altitudeMode>relativeToGround</altitudeMode>
				</LookAt>
				<styleUrl>#__managed_style_1C7CEBA3B040DE0E2028</styleUrl>
				<Point>
					<altitudeMode>relativeToGround</altitudeMode>
					<coordinates>108.4652466,11.9444539,0</coordinates>
				</Point>
			</Placemark>
			<Placemark id="0FB86DBB18350563E3EE">
				<name>Goc ha thanh</name>
				<gx:mid>/g/11b682tmr6</gx:mid>
				<gx:fid>0x317113294b216aa5:0xaca610d63e08ddc0</gx:fid>
				<LookAt>
					<longitude>108.434512</longitude>
					<latitude>11.9439496</latitude>
					<altitude>0</altitude>
					<heading>0</heading>
					<tilt>0</tilt>
					<gx:fovy>35</gx:fovy>
					<range>1030.985948871569</range>
					<altitudeMode>relativeToGround</altitudeMode>
				</LookAt>
				<styleUrl>#__managed_style_0DDA84B01140DE0E2028</styleUrl>
				<Point>
					<altitudeMode>relativeToGround</altitudeMode>
					<coordinates>108.434512,11.9439496,0</coordinates>
				</Point>
			</Placemark>
			<Placemark id="0A50C7264D3505796737">
				<name>An - Tuyền Lâm</name>
				<gx:mid>/g/11y30r0v6f</gx:mid>
				<gx:fid>0x31711530fba11667:0x23bdc675b8224e9c</gx:fid>
				<LookAt>
					<longitude>108.4377292</longitude>
					<latitude>11.8988988</latitude>
					<altitude>0</altitude>
					<heading>0</heading>
					<tilt>0</tilt>
					<gx:fovy>35</gx:fovy>
					<range>1031.177240866801</range>
					<altitudeMode>relativeToGround</altitudeMode>
				</LookAt>
				<styleUrl>#__managed_style_2C903B9DC640DE0E2030</styleUrl>
				<Point>
					<altitudeMode>relativeToGround</altitudeMode>
					<coordinates>108.4377751,11.8989011,0</coordinates>
				</Point>
			</Placemark>
			<Placemark id="0514F2780135057BB4AA">
				<name>Tuyen Lam Photo Spot</name>
				<gx:mid>/g/11qpwh0p16</gx:mid>
				<gx:fid>0x317115f8b1e9d31f:0x1826f48492c90835</gx:fid>
				<LookAt>
					<longitude>108.4373224</longitude>
					<latitude>11.8995274</latitude>
					<altitude>0</altitude>
					<heading>0</heading>
					<tilt>0</tilt>
					<gx:fovy>35</gx:fovy>
					<range>1031.174576598498</range>
					<altitudeMode>relativeToGround</altitudeMode>
				</LookAt>
				<styleUrl>#__managed_style_26DC9D05CF40DE0E202B</styleUrl>
				<Point>
					<altitudeMode>relativeToGround</altitudeMode>
					<coordinates>108.4373224,11.8995274,0</coordinates>
				</Point>
			</Placemark>
			<Placemark id="06F44FA9E235057D7924">
				<name>Đỉnh Pinhatt (Samson Mountain)</name>
				<gx:mid>/g/11kbx8k9jf</gx:mid>
				<gx:fid>0x317115cc428b4b61:0xddb8a7a75578eb52</gx:fid>
				<LookAt>
					<longitude>108.4300265</longitude>
					<latitude>11.879522</latitude>
					<altitude>0</altitude>
					<heading>0</heading>
					<tilt>0</tilt>
					<gx:fovy>35</gx:fovy>
					<range>1031.259300397281</range>
					<altitudeMode>relativeToGround</altitudeMode>
				</LookAt>
				<styleUrl>#__managed_style_26DC9D05CF40DE0E202B</styleUrl>
				<Point>
					<altitudeMode>relativeToGround</altitudeMode>
					<coordinates>108.4300265,11.879522,0</coordinates>
				</Point>
			</Placemark>
			<Placemark id="024FB4AB513505835500">
				<name>Chùa Linh Phước</name>
				<gx:mid>/g/120_98hg</gx:mid>
				<gx:fid>0x3171131bc5c884db:0x208932023afedf1b</gx:fid>
				<LookAt>
					<longitude>108.4993293</longitude>
					<latitude>11.9445719</latitude>
					<altitude>0</altitude>
					<heading>0</heading>
					<tilt>0</tilt>
					<gx:fovy>35</gx:fovy>
					<range>1030.983301557348</range>
					<altitudeMode>relativeToGround</altitudeMode>
				</LookAt>
				<styleUrl>#__managed_style_199CD3E10340DE0E2030</styleUrl>
				<Point>
					<altitudeMode>relativeToGround</altitudeMode>
					<coordinates>108.4993293,11.9445719,0</coordinates>
				</Point>
			</Placemark>
			<Placemark id="0D4B29A85F3505856F6A">
				<name>Quán Nướng Chill in Dalat</name>
				<gx:mid>/g/11rnh_2ypl</gx:mid>
				<gx:fid>0x317113fc9eab4df5:0x619c7608822f4866</gx:fid>
				<LookAt>
					<longitude>108.4511945</longitude>
					<latitude>11.9309209</latitude>
					<altitude>0</altitude>
					<heading>0</heading>
					<tilt>0</tilt>
					<gx:fovy>35</gx:fovy>
					<range>1031.041343089384</range>
					<altitudeMode>relativeToGround</altitudeMode>
				</LookAt>
				<styleUrl>#__managed_style_05FE7E6F2440DE0E204C</styleUrl>
				<Point>
					<altitudeMode>relativeToGround</altitudeMode>
					<coordinates>108.4511945,11.9309209,0</coordinates>
				</Point>
			</Placemark>
			<Placemark id="01D86330FD350589C1C0">
				<name>Cam Ly Waterfall</name>
				<gx:mid>/g/121ysy86</gx:mid>
				<gx:fid>0x31716cdad637aa1b:0x339761c7860fcec9</gx:fid>
				<LookAt>
					<longitude>108.4199386</longitude>
					<latitude>11.9416354</latitude>
					<altitude>0</altitude>
					<heading>0</heading>
					<tilt>0</tilt>
					<gx:fovy>35</gx:fovy>
					<range>1030.995792483019</range>
					<altitudeMode>relativeToGround</altitudeMode>
				</LookAt>
				<styleUrl>#__managed_style_1C7CEBA3B040DE0E2028</styleUrl>
				<Point>
					<altitudeMode>relativeToGround</altitudeMode>
					<coordinates>108.4199386,11.9416354,0</coordinates>
				</Point>
			</Placemark>
			<Placemark id="049DED21A535058A8075">
				<name>Soi Cau Tot Bid</name>
				<gx:mid>/g/11vbxy3lkf</gx:mid>
				<gx:fid>0x31716d971a0f908b:0xf262497afb20b704</gx:fid>
				<LookAt>
					<longitude>108.4083115</longitude>
					<latitude>11.9462747</latitude>
					<altitude>0</altitude>
					<heading>0</heading>
					<tilt>0</tilt>
					<gx:fovy>35</gx:fovy>
					<range>1030.976057021013</range>
					<altitudeMode>relativeToGround</altitudeMode>
				</LookAt>
				<styleUrl>#__managed_style_1C4CA376BA40DE0E2031</styleUrl>
				<Point>
					<altitudeMode>relativeToGround</altitudeMode>
					<coordinates>108.4077455260855,11.94602731401724,0</coordinates>
				</Point>
			</Placemark>
			<Placemark id="03F685388135058D64DB">
				<name>Khu vui chơi Dalat Wonderland</name>
				<gx:mid>/g/11l1m8qc_g</gx:mid>
				<gx:fid>0x31716b9be860e547:0x2c8e1db9a32e2663</gx:fid>
				<LookAt>
					<longitude>108.4127443</longitude>
					<latitude>11.8959589</latitude>
					<altitude>0</altitude>
					<heading>0</heading>
					<tilt>0</tilt>
					<gx:fovy>35</gx:fovy>
					<range>1031.189699561744</range>
					<altitudeMode>relativeToGround</altitudeMode>
				</LookAt>
				<styleUrl>#__managed_style_1C4CA376BA40DE0E2031</styleUrl>
				<Point>
					<altitudeMode>relativeToGround</altitudeMode>
					<coordinates>108.4129426172628,11.89578014092692,0</coordinates>
				</Point>
			</Placemark>
			<Placemark id="0D24E249B13505EF44A7">
				<name>KDL Rừng Thông Núi Voi</name>
				<gx:mid>/g/11kk8ybk1d</gx:mid>
				<gx:fid>0x3171158f41140829:0x50378b74b4549d79</gx:fid>
				<LookAt>
					<longitude>108.4345603</longitude>
					<latitude>11.8262151</latitude>
					<altitude>0</altitude>
					<heading>0</heading>
					<tilt>0</tilt>
					<gx:fovy>35</gx:fovy>
					<range>1031.484377905627</range>
					<altitudeMode>relativeToGround</altitudeMode>
				</LookAt>
				<styleUrl>#__managed_style_1C7CEBA3B040DE0E2028</styleUrl>
				<Point>
					<altitudeMode>relativeToGround</altitudeMode>
					<coordinates>108.4345603,11.8262151,0</coordinates>
				</Point>
			</Placemark>
			<Placemark id="0557269BA63505F360DE">
				<name>Hương Quán Đà Lạt</name>
				<gx:mid>/g/11sywxjtr2</gx:mid>
				<gx:fid>0x31716d39b6cfbfb7:0xb794d2eb067f7952</gx:fid>
				<LookAt>
					<longitude>108.4253607</longitude>
					<latitude>11.9431031</latitude>
					<altitude>0</altitude>
					<heading>0</heading>
					<tilt>0</tilt>
					<gx:fovy>35</gx:fovy>
					<range>1030.989549734468</range>
					<altitudeMode>relativeToGround</altitudeMode>
				</LookAt>
				<styleUrl>#__managed_style_0CEA40AFC540DE0E2059</styleUrl>
				<Point>
					<altitudeMode>relativeToGround</altitudeMode>
					<coordinates>108.4253607,11.9431031,0</coordinates>
				</Point>
			</Placemark>
			<Placemark id="0CCADFDCBC3505F55AA5">
				<name>Phở Hiếu</name>
				<gx:mid>/g/1tjdtdf0</gx:mid>
				<gx:fid>0x3171132935da20df:0x9d82acab45878745</gx:fid>
				<LookAt>
					<longitude>108.4373544</longitude>
					<latitude>11.9495497</latitude>
					<altitude>0</altitude>
					<heading>0</heading>
					<tilt>0</tilt>
					<gx:fovy>35</gx:fovy>
					<range>1030.962120750069</range>
					<altitudeMode>relativeToGround</altitudeMode>
				</LookAt>
				<styleUrl>#__managed_style_0DDA84B01140DE0E2028</styleUrl>
				<Point>
					<altitudeMode>relativeToGround</altitudeMode>
					<coordinates>108.4373544,11.9495497,0</coordinates>
				</Point>
			</Placemark>
			<Placemark id="060D400E893505F69111">
				<name>Primavera Italian Restaurant</name>
				<gx:mid>/g/11c46dlj0k</gx:mid>
				<gx:fid>0x317113457a07c5fd:0xce55f5898d26971c</gx:fid>
				<LookAt>
					<longitude>108.434288</longitude>
					<latitude>11.9437904</latitude>
					<altitude>0</altitude>
					<heading>0</heading>
					<tilt>0</tilt>
					<gx:fovy>35</gx:fovy>
					<range>1030.986626099537</range>
					<altitudeMode>relativeToGround</altitudeMode>
				</LookAt>
				<styleUrl>#__managed_style_0DDA84B01140DE0E2028</styleUrl>
				<Point>
					<altitudeMode>relativeToGround</altitudeMode>
					<coordinates>108.434288,11.9437904,0</coordinates>
				</Point>
			</Placemark>
			<Placemark id="03307AE8753505F8B021">
				<name>Cao Dai Temple of Da Lat</name>
				<gx:mid>/g/1238y7dp</gx:mid>
				<gx:fid>0x31711234d273e26f:0xb2b3410157fa87e6</gx:fid>
				<LookAt>
					<longitude>108.5024786</longitude>
					<latitude>11.9442884</latitude>
					<altitude>0</altitude>
					<heading>0</heading>
					<tilt>0</tilt>
					<gx:fovy>35</gx:fovy>
					<range>1030.984507605834</range>
					<altitudeMode>relativeToGround</altitudeMode>
				</LookAt>
				<styleUrl>#__managed_style_199CD3E10340DE0E2030</styleUrl>
				<Point>
					<altitudeMode>relativeToGround</altitudeMode>
					<coordinates>108.5024786,11.9442884,0</coordinates>
				</Point>
			</Placemark>
			<Placemark id="013E7C827B3505FCEC9C">
				<name>Datanla Slide Station</name>
				<gx:mid>/g/11g9vlzbk8</gx:mid>
				<gx:fid>0x317114a03f62155d:0x80999b0a3327f4e6</gx:fid>
				<LookAt>
					<longitude>108.4498657</longitude>
					<latitude>11.9030358</latitude>
					<altitude>0</altitude>
					<heading>0</heading>
					<tilt>0</tilt>
					<gx:fovy>35</gx:fovy>
					<range>1031.159704015938</range>
					<altitudeMode>relativeToGround</altitudeMode>
				</LookAt>
				<styleUrl>#__managed_style_1C7CEBA3B040DE0E2028</styleUrl>
				<Point>
					<altitudeMode>relativeToGround</altitudeMode>
					<coordinates>108.4498657,11.9030358,0</coordinates>
				</Point>
			</Placemark>
			<Placemark id="0B40A9AA5135066A52A7">
				<name>אגמים ומקדשים מרהיבים מומלץ לתאם סיור</name>
				<LookAt>
					<longitude>105.9378768929713</longitude>
					<latitude>20.23309603704763</latitude>
					<altitude>6.948999779298843</altitude>
					<heading>-1.318373760378928e-06</heading>
					<tilt>0.1246183987090661</tilt>
					<gx:fovy>35</gx:fovy>
					<range>20405.35822188249</range>
					<altitudeMode>absolute</altitudeMode>
				</LookAt>
				<styleUrl>#__managed_style_1EBD26A8FF40DE0E2046</styleUrl>
				<Polygon>
					<outerBoundaryIs>
						<LinearRing>
							<coordinates>
								105.8938923886688,20.20804040352612,0 105.9253241923119,20.18236301668983,0 105.9224564174223,20.19923301801263,0 105.9293725999152,20.207124832406,0 105.9439048095367,20.22455985721475,0 105.9434865661437,20.23662317667394,0 105.9394282636994,20.25888983672711,0 105.9321670487895,20.26888349207923,0 105.9200097236999,20.28326908964921,0 105.9092627450182,20.28915608821843,0 105.8932616004275,20.2857850919855,0 105.8819475863729,20.2876921244237,0 105.8762248667866,20.26351634799977,0 105.8779295982966,20.23864720057619,0 105.8746276517245,20.22817846800731,0 105.8938923886688,20.20804040352612,0 
							</coordinates>
						</LinearRing>
					</outerBoundaryIs>
				</Polygon>
			</Placemark>
			<Placemark id="0478E8C98B35068DECE7">
				<name>הונציה של ויאטנם</name>
				<LookAt>
					<longitude>103.8560967061289</longitude>
					<latitude>10.32506881299791</latitude>
					<altitude>17.11932137412859</altitude>
					<heading>355.3087245434215</heading>
					<tilt>0</tilt>
					<gx:fovy>35</gx:fovy>
					<range>1202.006712537987</range>
					<altitudeMode>absolute</altitudeMode>
				</LookAt>
				<styleUrl>#__managed_style_0593DA2B9740DE0E2054</styleUrl>
				<Polygon>
					<outerBoundaryIs>
						<LinearRing>
							<coordinates>
								103.8538965209442,10.32320193069613,0 103.8570372847536,10.3242470225938,0 103.8593169164399,10.32501898389743,0 103.8621770676488,10.32507913517512,0 103.862796378621,10.32547530777988,0 103.8636665695986,10.32732666219521,0 103.8616041987794,10.32805718151458,0 103.8612187518013,10.32720488130423,0 103.8595110256954,10.32713674058863,0 103.8588553657131,10.32719009794666,0 103.8556137130046,10.32585865555577,0 103.8530683806487,10.32490004345082,0 103.8534225461025,10.32435906485868,0 103.8537124196798,10.32408557706272,0 103.8538965209442,10.32320193069613,0 
							</coordinates>
						</LinearRing>
					</outerBoundaryIs>
				</Polygon>
			</Placemark>
			<Placemark id="0945E72E083506B06A50">
				<name>רכבל ל- Fansipan</name>
				<LookAt>
					<longitude>103.8232614535015</longitude>
					<latitude>22.33497778632776</latitude>
					<altitude>1376.305772394451</altitude>
					<heading>0</heading>
					<tilt>0</tilt>
					<gx:fovy>35</gx:fovy>
					<range>2282.43653286947</range>
					<altitudeMode>absolute</altitudeMode>
				</LookAt>
				<styleUrl>#__managed_style_1016D90F8D40DE0E202E</styleUrl>
				<LineString>
					<coordinates>
						103.7747777271874,22.30683096119605,0 103.8246066365488,22.33664704638627,0 
					</coordinates>
				</LineString>
			</Placemark>
			<Placemark id="051E6C819C35065BE556">
				<name>DUCK DUCKING Beach Xuan Huong Lake - שייט</name>
				<gx:mid>/g/11g8g0nsjh</gx:mid>
				<gx:fid>0x317113259621c26d:0x33e602bf5fd0176c</gx:fid>
				<LookAt>
					<longitude>108.440844</longitude>
					<latitude>11.9415052</latitude>
					<altitude>0</altitude>
					<heading>0</heading>
					<tilt>0</tilt>
					<gx:fovy>35</gx:fovy>
					<range>1030.996346242491</range>
					<altitudeMode>relativeToGround</altitudeMode>
				</LookAt>
				<styleUrl>#__managed_style_1F8D4144F140DE0E202B</styleUrl>
				<Point>
					<altitudeMode>relativeToGround</altitudeMode>
					<coordinates>108.440844,11.9415052,0</coordinates>
				</Point>
			</Placemark>
			<Placemark id="096FD3B1AA35065C67C2">
				<name>Lam Vien Square - כיכר מרכזית</name>
				<gx:mid>/g/11f2sw5q3l</gx:mid>
				<gx:fid>0x31711324a3fe0629:0x66eb8ed37afe5989</gx:fid>
				<LookAt>
					<longitude>108.445203</longitude>
					<latitude>11.9393622</latitude>
					<altitude>0</altitude>
					<heading>0</heading>
					<tilt>0</tilt>
					<gx:fovy>35</gx:fovy>
					<range>1031.00545988525</range>
					<altitudeMode>relativeToGround</altitudeMode>
				</LookAt>
				<styleUrl>#__managed_style_1F8D4144F140DE0E202B</styleUrl>
				<Point>
					<altitudeMode>relativeToGround</altitudeMode>
					<coordinates>108.445203,11.9393622,0</coordinates>
				</Point>
			</Placemark>
			<Placemark id="0C4083835D35065F0930">
				<name>Da Lat Cable Car Station</name>
				<gx:mid>/g/1tfcw8_6</gx:mid>
				<gx:fid>0x31711347082ec713:0xbc862021c38b4507</gx:fid>
				<LookAt>
					<longitude>108.4437784</longitude>
					<latitude>11.9232151</latitude>
					<altitude>0</altitude>
					<heading>0</heading>
					<tilt>0</tilt>
					<gx:fovy>35</gx:fovy>
					<range>1031.074078117347</range>
					<altitudeMode>relativeToGround</altitudeMode>
				</LookAt>
				<styleUrl>#__managed_style_2050C8D83A40DE0E2037</styleUrl>
				<Point>
					<altitudeMode>relativeToGround</altitudeMode>
					<coordinates>108.443788,11.9231945,0</coordinates>
				</Point>
			</Placemark>
			<Placemark id="03974420C535065FBABF">
				<name>420 Sunset cocktail bar DaLat</name>
				<gx:mid>/g/11ll08jc6y</gx:mid>
				<gx:fid>0x31711329b20044d5:0x2b8efd6849700c4</gx:fid>
				<LookAt>
					<longitude>108.44083</longitude>
					<latitude>11.9230839</latitude>
					<altitude>0</altitude>
					<heading>0</heading>
					<tilt>0</tilt>
					<gx:fovy>35</gx:fovy>
					<range>1031.074635289625</range>
					<altitudeMode>relativeToGround</altitudeMode>
				</LookAt>
				<styleUrl>#__managed_style_06A517022340DE0E202C</styleUrl>
				<Point>
					<altitudeMode>relativeToGround</altitudeMode>
					<coordinates>108.4407955,11.9230948,0</coordinates>
				</Point>
			</Placemark>
			<Placemark id="0FF9B40A0E3506605EA4">
				<name>Đà Lạt Telpher</name>
				<gx:mid>/g/1tl_j5w7</gx:mid>
				<gx:fid>0x317114a84985b27d:0xde2864a7d8899e58</gx:fid>
				<LookAt>
					<longitude>108.4370106</longitude>
					<latitude>11.9040874</latitude>
					<altitude>0</altitude>
					<heading>0</heading>
					<tilt>0</tilt>
					<gx:fovy>35</gx:fovy>
					<range>1031.155245307344</range>
					<altitudeMode>relativeToGround</altitudeMode>
				</LookAt>
				<styleUrl>#__managed_style_2050C8D83A40DE0E2037</styleUrl>
				<Point>
					<altitudeMode>relativeToGround</altitudeMode>
					<coordinates>108.4370106,11.9040874,0</coordinates>
				</Point>
			</Placemark>
			<Placemark id="043917DC073506629ED9">
				<name>Anna&apos;s Coffee House | Directions Cafe</name>
				<gx:mid>/g/11bxg2mf52</gx:mid>
				<gx:fid>0x31711346c4d19011:0x86c0269a01c7db88</gx:fid>
				<LookAt>
					<longitude>108.4445704</longitude>
					<latitude>11.9233329</latitude>
					<altitude>0</altitude>
					<heading>0</heading>
					<tilt>0</tilt>
					<gx:fovy>35</gx:fovy>
					<range>1031.073577846285</range>
					<altitudeMode>relativeToGround</altitudeMode>
				</LookAt>
				<styleUrl>#__managed_style_2C903B9DC640DE0E2030</styleUrl>
				<Point>
					<altitudeMode>relativeToGround</altitudeMode>
					<coordinates>108.4445704,11.9233329,0</coordinates>
				</Point>
			</Placemark>
			<Placemark id="0586FE780B3506648F46">
				<name>Tiệm cà phê Góc của Tùng</name>
				<gx:mid>/g/11pxm99cy9</gx:mid>
				<gx:fid>0x317113a8e051d4ef:0x7a30dc6e44f7edac</gx:fid>
				<LookAt>
					<longitude>108.4419735</longitude>
					<latitude>11.9198646</latitude>
					<altitude>0</altitude>
					<heading>0</heading>
					<tilt>0</tilt>
					<gx:fovy>35</gx:fovy>
					<range>1031.088304944106</range>
					<altitudeMode>relativeToGround</altitudeMode>
				</LookAt>
				<styleUrl>#__managed_style_2C903B9DC640DE0E2030</styleUrl>
				<Point>
					<altitudeMode>relativeToGround</altitudeMode>
					<coordinates>108.441972,11.9198654,0</coordinates>
				</Point>
			</Placemark>
			<Placemark id="00F8FEE929350665D56B">
				<name>רכבל</name>
				<LookAt>
					<longitude>108.4442222307176</longitude>
					<latitude>11.92261360440473</latitude>
					<altitude>1516.166031668919</altitude>
					<heading>359.0802427780539</heading>
					<tilt>0</tilt>
					<gx:fovy>72.52575646051012</gx:fovy>
					<range>325.7973855893579</range>
					<altitudeMode>absolute</altitudeMode>
				</LookAt>
				<styleUrl>#__managed_style_1016D90F8D40DE0E202E</styleUrl>
				<LineString>
					<coordinates>
						108.4370498382744,11.9041205381437,0 108.443788189655,11.92322335554081,0 
					</coordinates>
				</LineString>
			</Placemark>
			<Placemark id="03EA0A064D350668B487">
				<name>Sun Wheel - גלגל ענק</name>
				<gx:mid>/g/11c1pv7p9p</gx:mid>
				<gx:fid>0x314a5869f03fbc9d:0xc83d970808c9384f</gx:fid>
				<LookAt>
					<longitude>107.0716958</longitude>
					<latitude>20.9567247</latitude>
					<altitude>0</altitude>
					<heading>0</heading>
					<tilt>0</tilt>
					<gx:fovy>35</gx:fovy>
					<range>978.8286003598917</range>
					<altitudeMode>relativeToGround</altitudeMode>
				</LookAt>
				<styleUrl>#__managed_style_1F8D4144F140DE0E202B</styleUrl>
				<Point>
					<altitudeMode>relativeToGround</altitudeMode>
					<coordinates>107.0716958,20.9567247,0</coordinates>
				</Point>
			</Placemark>
			<Placemark id="073F1EBB9B35066DE708">
				<name>Sa Pa Lake - אגם מרכזי של ספה</name>
				<gx:mid>/g/1hhxq0dn5</gx:mid>
				<gx:fid>0x36cd41131fb96c33:0x2eff26a8a9070e0</gx:fid>
				<LookAt>
					<longitude>103.8461499</longitude>
					<latitude>22.33818215</latitude>
					<altitude>0</altitude>
					<heading>0</heading>
					<tilt>0</tilt>
					<gx:fovy>35</gx:fovy>
					<range>457.1407995321265</range>
					<altitudeMode>relativeToGround</altitudeMode>
				</LookAt>
				<styleUrl>#__managed_style_1F8D4144F140DE0E202B</styleUrl>
				<Point>
					<altitudeMode>relativeToGround</altitudeMode>
					<coordinates>103.8459004,22.3380984,0</coordinates>
				</Point>
			</Placemark>
			<Placemark id="0283ED4F1735066E5583">
				<name>Sapa Square</name>
				<gx:mid>/g/11qpjtn7cd</gx:mid>
				<gx:fid>0x36cd4125cb4fb5c7:0xe2b96844e07cf79c</gx:fid>
				<LookAt>
					<longitude>103.8415385</longitude>
					<latitude>22.3352539</latitude>
					<altitude>0</altitude>
					<heading>0</heading>
					<tilt>0</tilt>
					<gx:fovy>35</gx:fovy>
					<range>968.4866288954593</range>
					<altitudeMode>relativeToGround</altitudeMode>
				</LookAt>
				<styleUrl>#__managed_style_1C7CEBA3B040DE0E2028</styleUrl>
				<Point>
					<altitudeMode>relativeToGround</altitudeMode>
					<coordinates>103.8415385,22.3352539,0</coordinates>
				</Point>
			</Placemark>
			<Placemark id="0A4C686CB435066E92F4">
				<name>Sapa Lake Square</name>
				<gx:mid>/g/11hynlkn0j</gx:mid>
				<gx:fid>0x36cd417418684e65:0x7f119b9690e67d86</gx:fid>
				<LookAt>
					<longitude>103.8442968</longitude>
					<latitude>22.3369586</latitude>
					<altitude>0</altitude>
					<heading>0</heading>
					<tilt>0</tilt>
					<gx:fovy>35</gx:fovy>
					<range>968.4734651265857</range>
					<altitudeMode>relativeToGround</altitudeMode>
				</LookAt>
				<styleUrl>#__managed_style_1C7CEBA3B040DE0E2028</styleUrl>
				<Point>
					<altitudeMode>relativeToGround</altitudeMode>
					<coordinates>103.8441033839959,22.3368061238766,0</coordinates>
				</Point>
			</Placemark>
			<Placemark id="05D74D96D935066ED729">
				<name>Golden Bridge - גשר הידיים</name>
				<gx:mid>/g/11f7r5z2l1</gx:mid>
				<gx:fid>0x3141f73d19c5d38f:0x63766c11470ab50d</gx:fid>
				<LookAt>
					<longitude>107.9965831</longitude>
					<latitude>15.994892</latitude>
					<altitude>0</altitude>
					<heading>0</heading>
					<tilt>0</tilt>
					<gx:fovy>35</gx:fovy>
					<range>1010.925915012982</range>
					<altitudeMode>relativeToGround</altitudeMode>
				</LookAt>
				<styleUrl>#__managed_style_10239EDC4B40DE0E204C</styleUrl>
				<Point>
					<altitudeMode>relativeToGround</altitudeMode>
					<coordinates>107.9965831,15.994892,0</coordinates>
				</Point>
			</Placemark>
			<Placemark id="048556063F3506706F48">
				<name>Ba Na Hills SunWorld</name>
				<gx:mid>/g/11b6_zyfvd</gx:mid>
				<gx:fid>0x3141f60e6b3844c9:0x5c53b85f61797909</gx:fid>
				<LookAt>
					<longitude>108.0327972</longitude>
					<latitude>16.0265144</latitude>
					<altitude>0</altitude>
					<heading>0</heading>
					<tilt>0</tilt>
					<gx:fovy>35</gx:fovy>
					<range>1010.747294661675</range>
					<altitudeMode>relativeToGround</altitudeMode>
				</LookAt>
				<styleUrl>#__managed_style_0244E4C68F40DE0E2053</styleUrl>
				<Point>
					<altitudeMode>relativeToGround</altitudeMode>
					<coordinates>108.0327972,16.0265144,0</coordinates>
				</Point>
			</Placemark>
			<Placemark id="0AE01FDB833506711617">
				<name>Ba Na Hills SunWorld</name>
				<gx:mid>/g/11b6_zyfvd</gx:mid>
				<gx:fid>0x3141f60e6b3844c9:0x5c53b85f61797909</gx:fid>
				<LookAt>
					<longitude>108.0327972</longitude>
					<latitude>16.0265144</latitude>
					<altitude>0</altitude>
					<heading>0</heading>
					<tilt>0</tilt>
					<gx:fovy>35</gx:fovy>
					<range>1010.747294661675</range>
					<altitudeMode>relativeToGround</altitudeMode>
				</LookAt>
				<styleUrl>#__managed_style_2C8E11F80640DE0E2051</styleUrl>
				<Point>
					<altitudeMode>relativeToGround</altitudeMode>
					<coordinates>107.9892930946315,15.99563850268822,0</coordinates>
				</Point>
			</Placemark>
			<Placemark id="0FF837E153350671C96B">
				<name>Ba Na Hills SunWorld</name>
				<LookAt>
					<longitude>107.9903883856548</longitude>
					<latitude>15.99630220707955</latitude>
					<altitude>1410.856281386065</altitude>
					<heading>354.6909204913541</heading>
					<tilt>0</tilt>
					<gx:fovy>35</gx:fovy>
					<range>2227.939321626036</range>
					<altitudeMode>absolute</altitudeMode>
				</LookAt>
				<styleUrl>#__managed_style_051857B1EF40DE0E2033</styleUrl>
				<Polygon>
					<outerBoundaryIs>
						<LinearRing>
							<coordinates>
								107.984938302216,15.99893381136521,0 107.9854213243356,15.99739454540877,0 107.9877187044149,15.99540584330315,0 107.9901758019054,15.99374527600489,0 107.9918765793817,15.99195996492875,0 107.9945786275331,15.99151097194601,0 107.9975682710275,15.99324906859464,0 107.9981817888648,15.99456613966027,0 107.9972226278878,15.99686369759888,0 107.9951887570097,15.99898151134942,0 107.9927661411004,15.9985323296306,0 107.9920571867578,15.99668847374621,0 107.989820284685,15.99802739038567,0 107.9876275124356,15.99930752413267,0 107.9860158470507,15.99930423168474,0 107.984938302216,15.99893381136521,0 
							</coordinates>
						</LinearRing>
					</outerBoundaryIs>
				</Polygon>
			</Placemark>
			<Placemark id="0D31F27752350675177D">
				<name>Trạm cáp treo Bà Nà</name>
				<gx:mid>/g/12hmrb8w5</gx:mid>
				<gx:fid>0x3141f60e0d273e71:0xc5a7c503f07f2335</gx:fid>
				<LookAt>
					<longitude>108.0306913</longitude>
					<latitude>16.02540339999999</latitude>
					<altitude>0</altitude>
					<heading>0</heading>
					<tilt>0</tilt>
					<gx:fovy>35</gx:fovy>
					<range>1010.753575911618</range>
					<altitudeMode>relativeToGround</altitudeMode>
				</LookAt>
				<styleUrl>#__managed_style_2050C8D83A40DE0E2037</styleUrl>
				<Point>
					<altitudeMode>relativeToGround</altitudeMode>
					<coordinates>108.0306913,16.0254034,0</coordinates>
				</Point>
			</Placemark>
			<Placemark id="0F13D5F7763506766FDC">
				<name>Morin Station</name>
				<gx:mid>/g/11gfcv_shh</gx:mid>
				<gx:fid>0x3141f6e33287463b:0x1c6cc82b5484a960</gx:fid>
				<LookAt>
					<longitude>107.9885598</longitude>
					<latitude>15.997339</latitude>
					<altitude>0</altitude>
					<heading>0</heading>
					<tilt>0</tilt>
					<gx:fovy>35</gx:fovy>
					<range>1010.912105093576</range>
					<altitudeMode>relativeToGround</altitudeMode>
				</LookAt>
				<styleUrl>#__managed_style_2050C8D83A40DE0E2037</styleUrl>
				<Point>
					<altitudeMode>relativeToGround</altitudeMode>
					<coordinates>107.9885598,15.997339,0</coordinates>
				</Point>
			</Placemark>
			<Placemark id="0EAAC62A3B350676D494">
				<name>רכבל</name>
				<LookAt>
					<longitude>108.0312085443426</longitude>
					<latitude>16.02463056553483</latitude>
					<altitude>33.55868538490299</altitude>
					<heading>19.24324639705524</heading>
					<tilt>0</tilt>
					<gx:fovy>84.1100368260262</gx:fovy>
					<range>223.4444810214336</range>
					<altitudeMode>absolute</altitudeMode>
				</LookAt>
				<styleUrl>#__managed_style_1016D90F8D40DE0E202E</styleUrl>
				<LineString>
					<coordinates>
						107.9885697799273,15.99734996137921,0 108.0306876061633,16.02540947526064,0 
					</coordinates>
				</LineString>
			</Placemark>
			<Placemark id="047E210CD13506784C22">
				<name>Hoi An Memories Land</name>
				<gx:mid>/g/11ggbck8vw</gx:mid>
				<gx:fid>0x31420dd30d5a2e97:0xb706b55b652d2588</gx:fid>
				<LookAt>
					<longitude>108.3387285</longitude>
					<latitude>15.8749898</latitude>
					<altitude>0</altitude>
					<heading>0</heading>
					<tilt>0</tilt>
					<gx:fovy>35</gx:fovy>
					<range>1011.600118434909</range>
					<altitudeMode>relativeToGround</altitudeMode>
				</LookAt>
				<styleUrl>#__managed_style_07CA0270DB40DE0E2031</styleUrl>
				<Point>
					<altitudeMode>relativeToGround</altitudeMode>
					<coordinates>108.3393997674492,15.87516065916229,0</coordinates>
				</Point>
			</Placemark>
			<Placemark id="084860D28B35067A8A61">
				<name>Untitled polygon</name>
				<LookAt>
					<longitude>103.7767315157777</longitude>
					<latitude>22.30540130936791</latitude>
					<altitude>2965.558396422824</altitude>
					<heading>0</heading>
					<tilt>0</tilt>
					<gx:fovy>84.30812493792105</gx:fovy>
					<range>644.9524883989943</range>
					<altitudeMode>absolute</altitudeMode>
				</LookAt>
				<styleUrl>#__managed_style_2052889B2040DE0E2050</styleUrl>
				<Polygon>
					<outerBoundaryIs>
						<LinearRing>
							<coordinates>
								103.7742079544516,22.30654372146974,0 103.774260621814,22.30609389823238,0 103.7747629152828,22.30547259623239,0 103.7751679548229,22.30484164293229,0 103.7747733530527,22.30455721426459,0 103.7746883193718,22.30412909786993,0 103.7749286819664,22.30345518264865,0 103.7751702357811,22.30292712120388,0 103.7759400077323,22.30271276877653,0 103.7770161953403,22.30261403757069,0 103.777848282486,22.30299227261149,0 103.777409361683,22.30354218540309,0 103.7767174383783,22.30411810123488,0 103.7762163084707,22.30448492847902,0 103.7761835561767,22.30515127269637,0 103.7758630627157,22.30604831547279,0 103.7754963327441,22.30675171012326,0 103.7749410569686,22.30702177923325,0 103.7742079544516,22.30654372146974,0 
							</coordinates>
						</LinearRing>
					</outerBoundaryIs>
				</Polygon>
			</Placemark>
			<Placemark id="0A3E9C5BC435067C98E4">
				<name>QUẢNG TRƯỜNG THỜI ĐẠI - בערך כיכר מרכזית</name>
				<gx:mid>/g/11t4dtvg1m</gx:mid>
				<gx:fid>0x3134e701c9337c53:0xcf5d4cea1ec85ce4</gx:fid>
				<LookAt>
					<longitude>105.6449809</longitude>
					<latitude>21.4561264</latitude>
					<altitude>0</altitude>
					<heading>0</heading>
					<tilt>0</tilt>
					<gx:fovy>35</gx:fovy>
					<range>975.152174805986</range>
					<altitudeMode>relativeToGround</altitudeMode>
				</LookAt>
				<styleUrl>#__managed_style_1F8D4144F140DE0E202B</styleUrl>
				<Point>
					<altitudeMode>relativeToGround</altitudeMode>
					<coordinates>105.6449809,21.4561264,0</coordinates>
				</Point>
			</Placemark>
			<Placemark id="0287E4BB8335068A8D1E">
				<name>Susan Koi Coffee</name>
				<gx:mid>/g/11n0b87nb5</gx:mid>
				<gx:fid>0x317067ca209ffe49:0x443ff598578be829</gx:fid>
				<LookAt>
					<longitude>109.2012661</longitude>
					<latitude>12.2798784</latitude>
					<altitude>0</altitude>
					<heading>0</heading>
					<tilt>0</tilt>
					<gx:fovy>35</gx:fovy>
					<range>1029.537312901824</range>
					<altitudeMode>relativeToGround</altitudeMode>
				</LookAt>
				<styleUrl>#__managed_style_16C591D2EF40DE0E203B</styleUrl>
				<Point>
					<altitudeMode>relativeToGround</altitudeMode>
					<coordinates>109.2012638,12.2799253,0</coordinates>
				</Point>
			</Placemark>
			<Placemark id="0C3512CEAE35068B19B6">
				<name>Sky Pub</name>
				<gx:mid>/g/11dx9wyspp</gx:mid>
				<gx:fid>0x31421832c13ef69b:0x2b28c3cc5d90c18d</gx:fid>
				<LookAt>
					<longitude>108.2240284</longitude>
					<latitude>16.0651072</latitude>
					<altitude>0</altitude>
					<heading>0</heading>
					<tilt>0</tilt>
					<gx:fovy>35</gx:fovy>
					<range>1010.528844259913</range>
					<altitudeMode>relativeToGround</altitudeMode>
				</LookAt>
				<styleUrl>#__managed_style_0DE56DBD2F40DE0E202B</styleUrl>
				<Point>
					<altitudeMode>relativeToGround</altitudeMode>
					<coordinates>108.2240284,16.0651072,0</coordinates>
				</Point>
			</Placemark>
			<Placemark id="0163213E9935068C79AE">
				<name>Skylight Nha Trang - Sky Dining &amp; Rooftop Nightclub</name>
				<gx:mid>/g/11bwny1jft</gx:mid>
				<gx:fid>0x317067790d16e65d:0x3acdd295ba8d3e77</gx:fid>
				<LookAt>
					<longitude>109.196158</longitude>
					<latitude>12.2434758</latitude>
					<altitude>0</altitude>
					<heading>0</heading>
					<tilt>0</tilt>
					<gx:fovy>35</gx:fovy>
					<range>1029.696185956448</range>
					<altitudeMode>relativeToGround</altitudeMode>
				</LookAt>
				<styleUrl>#__managed_style_06A517022340DE0E202C</styleUrl>
				<Point>
					<altitudeMode>relativeToGround</altitudeMode>
					<coordinates>109.196158,12.2434758,0</coordinates>
				</Point>
			</Placemark>
			<Placemark id="044000D486350691AB9B">
				<name>Sơn Trà Marina - מסעדה   </name>
				<gx:mid>/g/11rw7j4vrm</gx:mid>
				<gx:fid>0x314217fb2504d755:0x8d1e9493227bb9ef</gx:fid>
				<LookAt>
					<longitude>108.2669597</longitude>
					<latitude>16.0968369</latitude>
					<altitude>0</altitude>
					<heading>0</heading>
					<tilt>0</tilt>
					<gx:fovy>35</gx:fovy>
					<range>1010.348865108889</range>
					<altitudeMode>relativeToGround</altitudeMode>
				</LookAt>
				<styleUrl>#__managed_style_48E33D395140DE0E202C</styleUrl>
				<Point>
					<altitudeMode>relativeToGround</altitudeMode>
					<coordinates>108.2669696,16.0968433,0</coordinates>
				</Point>
			</Placemark>
			<Placemark id="044643C4C93506922A8E">
				<name>Love&apos;s Pier - מכאן כדאי לצפות במופע גשר</name>
				<LookAt>
					<longitude>108.2297743</longitude>
					<latitude>16.06307019999999</latitude>
					<altitude>0</altitude>
					<heading>0</heading>
					<tilt>0</tilt>
					<gx:fovy>35</gx:fovy>
					<range>1010.540387048635</range>
					<altitudeMode>relativeToGround</altitudeMode>
				</LookAt>
				<styleUrl>#__managed_style_09433A8DE640DE0E2046</styleUrl>
				<Point>
					<altitudeMode>relativeToGround</altitudeMode>
					<coordinates>108.2295769472293,16.06332407077502,0</coordinates>
				</Point>
			</Placemark>
			<Placemark id="016EA3E77B350692DEAE">
				<name>Bãi biển Hòn Tằm</name>
				<gx:mid>/g/11sdr21z_k</gx:mid>
				<gx:fid>0x3170616e0212f829:0xc6bb4bc87375b1d0</gx:fid>
				<LookAt>
					<longitude>109.2439131</longitude>
					<latitude>12.1800637</latitude>
					<altitude>0</altitude>
					<heading>0</heading>
					<tilt>0</tilt>
					<gx:fovy>35</gx:fovy>
					<range>1029.971839099613</range>
					<altitudeMode>relativeToGround</altitudeMode>
				</LookAt>
				<styleUrl>#__managed_style_5A4AD8E92240DE0E2030</styleUrl>
				<Point>
					<altitudeMode>relativeToGround</altitudeMode>
					<coordinates>109.2436045487675,12.17993153514514,0</coordinates>
				</Point>
			</Placemark>
			<Placemark id="0F2F3E15D7350693C8F4">
				<name>Wonder Park - פארק מיני עולם  </name>
				<gx:mid>/g/11g088rcwq</gx:mid>
				<gx:fid>0x3142198d74e5a281:0x24e8ff134e9f0079</gx:fid>
				<LookAt>
					<longitude>108.224412</longitude>
					<latitude>16.0988248</latitude>
					<altitude>0</altitude>
					<heading>0</heading>
					<tilt>0</tilt>
					<gx:fovy>35</gx:fovy>
					<range>1010.337577910278</range>
					<altitudeMode>relativeToGround</altitudeMode>
				</LookAt>
				<styleUrl>#__managed_style_1F8D4144F140DE0E202B</styleUrl>
				<Point>
					<altitudeMode>relativeToGround</altitudeMode>
					<coordinates>108.224412,16.0988248,0</coordinates>
				</Point>
			</Placemark>
			<Placemark id="039264D90B3506943C72">
				<name>Chùa Linh Ứng</name>
				<gx:mid>/g/1s057d_6b</gx:mid>
				<gx:fid>0x314219af35a4961d:0x1e787acda053d158</gx:fid>
				<LookAt>
					<longitude>108.2777478</longitude>
					<latitude>16.1002606</latitude>
					<altitude>0</altitude>
					<heading>0</heading>
					<tilt>0</tilt>
					<gx:fovy>35</gx:fovy>
					<range>1010.329424678954</range>
					<altitudeMode>relativeToGround</altitudeMode>
				</LookAt>
				<styleUrl>#__managed_style_199CD3E10340DE0E2030</styleUrl>
				<Point>
					<altitudeMode>relativeToGround</altitudeMode>
					<coordinates>108.2777478,16.1002606,0</coordinates>
				</Point>
			</Placemark>
			<Placemark id="034A3963D335069466E1">
				<name>Lady Buddha - פסל בודהה</name>
				<gx:mid>/g/11tk2yq150</gx:mid>
				<gx:fid>0x314217e7720eb169:0x3c384dd1530dc3fb</gx:fid>
				<LookAt>
					<longitude>108.2769531</longitude>
					<latitude>16.0996678</latitude>
					<altitude>0</altitude>
					<heading>0</heading>
					<tilt>0</tilt>
					<gx:fovy>35</gx:fovy>
					<range>1010.332790995008</range>
					<altitudeMode>relativeToGround</altitudeMode>
				</LookAt>
				<styleUrl>#__managed_style_34CA08223840DE0E2030</styleUrl>
				<Point>
					<altitudeMode>relativeToGround</altitudeMode>
					<coordinates>108.2769531,16.0996678,0</coordinates>
				</Point>
			</Placemark>
			<Placemark id="06CE21B3F935069635C9">
				<name>Assembly Hall Of Fujian Chinese</name>
				<gx:mid>/g/11c1r681sf</gx:mid>
				<gx:fid>0x31420e7f12e29ded:0xeb30287015a0138b</gx:fid>
				<LookAt>
					<longitude>108.3306281</longitude>
					<latitude>15.8774847</latitude>
					<altitude>0</altitude>
					<heading>0</heading>
					<tilt>0</tilt>
					<gx:fovy>35</gx:fovy>
					<range>1011.586139248135</range>
					<altitudeMode>relativeToGround</altitudeMode>
				</LookAt>
				<styleUrl>#__managed_style_1BE2CE6A3640DE0E2043</styleUrl>
				<Point>
					<altitudeMode>relativeToGround</altitudeMode>
					<coordinates>108.3319691906877,15.87796832618381,0</coordinates>
				</Point>
			</Placemark>
			<Placemark id="0563239430350696FA9D">
				<name>Horizon Bar</name>
				<gx:mid>/g/11flr8h6x2</gx:mid>
				<gx:fid>0x31421779f0f3d3d3:0x77a0f994319729e9</gx:fid>
				<LookAt>
					<longitude>108.2452609</longitude>
					<latitude>16.0777052</latitude>
					<altitude>0</altitude>
					<heading>0</heading>
					<tilt>0</tilt>
					<gx:fovy>35</gx:fovy>
					<range>1010.457425784035</range>
					<altitudeMode>relativeToGround</altitudeMode>
				</LookAt>
				<styleUrl>#__managed_style_0DE56DBD2F40DE0E202B</styleUrl>
				<Point>
					<altitudeMode>relativeToGround</altitudeMode>
					<coordinates>108.2454252121754,16.07768660633099,0</coordinates>
				</Point>
			</Placemark>
			<Placemark id="083ADFBDEF3506975C23">
				<name>Sky36</name>
				<gx:mid>/g/11gcplt_4x</gx:mid>
				<gx:fid>0x3142183ae54d6015:0xa61168c6e58166a2</gx:fid>
				<LookAt>
					<longitude>108.2237974</longitude>
					<latitude>16.077401</latitude>
					<altitude>0</altitude>
					<heading>0</heading>
					<tilt>0</tilt>
					<gx:fovy>35</gx:fovy>
					<range>1010.459150934954</range>
					<altitudeMode>relativeToGround</altitudeMode>
				</LookAt>
				<styleUrl>#__managed_style_171C7E3E9040DE0E2047</styleUrl>
				<Point>
					<altitudeMode>relativeToGround</altitudeMode>
					<coordinates>108.2237974,16.077401,0</coordinates>
				</Point>
			</Placemark>
			<Placemark id="0D6ABD3034350698D149">
				<name>Brilliant Top Bar</name>
				<gx:mid>/g/11h7jbwzws</gx:mid>
				<gx:fid>0x314219d6630ab71f:0xb8a758479fc0ac70</gx:fid>
				<LookAt>
					<longitude>108.2246507</longitude>
					<latitude>16.0667018</latitude>
					<altitude>0</altitude>
					<heading>0</heading>
					<tilt>0</tilt>
					<gx:fovy>35</gx:fovy>
					<range>1010.519807381287</range>
					<altitudeMode>relativeToGround</altitudeMode>
				</LookAt>
				<styleUrl>#__managed_style_06A517022340DE0E202C</styleUrl>
				<Point>
					<altitudeMode>relativeToGround</altitudeMode>
					<coordinates>108.2246507,16.0667018,0</coordinates>
				</Point>
			</Placemark>
			<Placemark id="0D5720DBA435069999E4">
				<name>F29 Golden Beef &amp; Sky Bar</name>
				<gx:mid>/g/11h0_jdq50</gx:mid>
				<gx:fid>0x3142190f5843b115:0xf444c16514dad3c0</gx:fid>
				<LookAt>
					<longitude>108.2249099</longitude>
					<latitude>16.0986449</latitude>
					<altitude>0</altitude>
					<heading>0</heading>
					<tilt>0</tilt>
					<gx:fovy>35</gx:fovy>
					<range>1010.338599428526</range>
					<altitudeMode>relativeToGround</altitudeMode>
				</LookAt>
				<styleUrl>#__managed_style_0DDA84B01140DE0E2028</styleUrl>
				<Point>
					<altitudeMode>relativeToGround</altitudeMode>
					<coordinates>108.2249099,16.0986449,0</coordinates>
				</Point>
			</Placemark>
			<Placemark id="03D3E36BF535069A7325">
				<name>Sky 21 Bar &amp; Bistro</name>
				<gx:mid>/g/11g9w3tgxy</gx:mid>
				<gx:fid>0x3142178472b892b1:0xb1884292bcf64775</gx:fid>
				<LookAt>
					<longitude>108.244712</longitude>
					<latitude>16.0675509</latitude>
					<altitude>0</altitude>
					<heading>0</heading>
					<tilt>0</tilt>
					<gx:fovy>35</gx:fovy>
					<range>1010.514995032076</range>
					<altitudeMode>relativeToGround</altitudeMode>
				</LookAt>
				<styleUrl>#__managed_style_06A517022340DE0E202C</styleUrl>
				<Point>
					<altitudeMode>relativeToGround</altitudeMode>
					<coordinates>108.2447663,16.0675528,0</coordinates>
				</Point>
			</Placemark>
			<Placemark id="0B8B40BD4F35069CC0B0">
				<name>Ocean Sky Bar Da Nang</name>
				<gx:mid>/g/11fmxtgzk_</gx:mid>
				<gx:fid>0x31421794de3c5d0d:0xd785037ac121d19b</gx:fid>
				<LookAt>
					<longitude>108.2475076</longitude>
					<latitude>16.0509722</latitude>
					<altitude>0</altitude>
					<heading>0</heading>
					<tilt>0</tilt>
					<gx:fovy>35</gx:fovy>
					<range>1010.608912264974</range>
					<altitudeMode>relativeToGround</altitudeMode>
				</LookAt>
				<styleUrl>#__managed_style_06A517022340DE0E202C</styleUrl>
				<Point>
					<altitudeMode>relativeToGround</altitudeMode>
					<coordinates>108.2478081596979,16.05256763242959,0</coordinates>
				</Point>
			</Placemark>
			<Placemark id="039D4F3E4635069F4611">
				<name>Craft Beer - East West Brewing - Da Nang</name>
				<gx:mid>/g/11sdc6n6t_</gx:mid>
				<gx:fid>0x31421770b44cd3ad:0xcb9b73ddd3d8161</gx:fid>
				<LookAt>
					<longitude>108.2460466</longitude>
					<latitude>16.06753</latitude>
					<altitude>0</altitude>
					<heading>0</heading>
					<tilt>0</tilt>
					<gx:fovy>35</gx:fovy>
					<range>1010.515113487592</range>
					<altitudeMode>relativeToGround</altitudeMode>
				</LookAt>
				<styleUrl>#__managed_style_0DDA84B01140DE0E2028</styleUrl>
				<Point>
					<altitudeMode>relativeToGround</altitudeMode>
					<coordinates>108.2460466,16.06753,0</coordinates>
				</Point>
			</Placemark>
			<Placemark id="085BB41C5C3506A0699B">
				<name>92 station restaurant &amp; cafe</name>
				<gx:mid>/g/11gy9k0kts</gx:mid>
				<gx:fid>0x31420f7fdfc3cbb9:0xa791cddd10dcbbc6</gx:fid>
				<LookAt>
					<longitude>108.3292845</longitude>
					<latitude>15.8772232</latitude>
					<altitude>0</altitude>
					<heading>0</heading>
					<tilt>0</tilt>
					<gx:fovy>35</gx:fovy>
					<range>1011.587604558826</range>
					<altitudeMode>relativeToGround</altitudeMode>
				</LookAt>
				<styleUrl>#__managed_style_0DDA84B01140DE0E2028</styleUrl>
				<Point>
					<altitudeMode>relativeToGround</altitudeMode>
					<coordinates>108.3292845,15.8772232,0</coordinates>
				</Point>
			</Placemark>
			<Placemark id="0A3B2486323506A0EC54">
				<name>United Bar</name>
				<gx:mid>/g/11fx91jxyg</gx:mid>
				<gx:fid>0x3142183bd7a158a9:0xdff8b0889739f729</gx:fid>
				<LookAt>
					<longitude>108.2198795</longitude>
					<latitude>16.0797321</latitude>
					<altitude>0</altitude>
					<heading>0</heading>
					<tilt>0</tilt>
					<gx:fovy>35</gx:fovy>
					<range>1010.445930218778</range>
					<altitudeMode>relativeToGround</altitudeMode>
				</LookAt>
				<styleUrl>#__managed_style_06A517022340DE0E202C</styleUrl>
				<Point>
					<altitudeMode>relativeToGround</altitudeMode>
					<coordinates>108.2198523,16.0797299,0</coordinates>
				</Point>
			</Placemark>
			<Placemark id="0197E5402D3506A26511">
				<name>Hue Imperial City - קומפלקס מקדשים ענק</name>
				<gx:mid>/m/026gml1</gx:mid>
				<gx:fid>0x3141a1813b4736fb:0x4168e840f61bf1f3</gx:fid>
				<LookAt>
					<longitude>107.577432</longitude>
					<latitude>16.469527</latitude>
					<altitude>0</altitude>
					<heading>0</heading>
					<tilt>0</tilt>
					<gx:fovy>35</gx:fovy>
					<range>1008.209462457537</range>
					<altitudeMode>relativeToGround</altitudeMode>
				</LookAt>
				<styleUrl>#__managed_style_34CA08223840DE0E2030</styleUrl>
				<Point>
					<altitudeMode>relativeToGround</altitudeMode>
					<coordinates>107.577432,16.469527,0</coordinates>
				</Point>
			</Placemark>
			<Placemark id="038E54F7023506A3F099">
				<name>Temple</name>
				<gx:mid>/g/11j31dw_v7</gx:mid>
				<gx:fid>0x3136793739f2c25b:0x7992e8c9bbbeaba4</gx:fid>
				<LookAt>
					<longitude>105.9668225</longitude>
					<latitude>20.2638298</latitude>
					<altitude>0</altitude>
					<heading>0</heading>
					<tilt>0</tilt>
					<gx:fovy>35</gx:fovy>
					<range>983.7963789852496</range>
					<altitudeMode>relativeToGround</altitudeMode>
				</LookAt>
				<styleUrl>#__managed_style_199CD3E10340DE0E2030</styleUrl>
				<Point>
					<altitudeMode>relativeToGround</altitudeMode>
					<coordinates>105.9668225,20.2638298,0</coordinates>
				</Point>
			</Placemark>
			<Placemark id="05DFAFCCC33506A4945C">
				<name> טיילת</name>
				<LookAt>
					<longitude>105.9647378984464</longitude>
					<latitude>20.2627586508203</latitude>
					<altitude>1.66612532601325</altitude>
					<heading>352.1205179933383</heading>
					<tilt>0</tilt>
					<gx:fovy>35</gx:fovy>
					<range>942.7469070402733</range>
					<altitudeMode>absolute</altitudeMode>
				</LookAt>
				<styleUrl>#__managed_style_1016D90F8D40DE0E202E</styleUrl>
				<LineString>
					<coordinates>
						105.9625100890274,20.26213302216538,0 105.9647609978893,20.26272483685763,0 105.9665447337517,20.26319931560859,0 
					</coordinates>
				</LineString>
			</Placemark>
			<Placemark id="083E8CBA143506A5D5F7">
				<name>Dragon boats</name>
				<gx:mid>/g/11bxd755pt</gx:mid>
				<gx:fid>0x3141a136b7ffcfcf:0x505d369f32da38a6</gx:fid>
				<LookAt>
					<longitude>107.5815797</longitude>
					<latitude>16.4644821</latitude>
					<altitude>0</altitude>
					<heading>0</heading>
					<tilt>0</tilt>
					<gx:fovy>35</gx:fovy>
					<range>1008.238734666661</range>
					<altitudeMode>relativeToGround</altitudeMode>
				</LookAt>
				<styleUrl>#__managed_style_1C7CEBA3B040DE0E2028</styleUrl>
				<Point>
					<altitudeMode>relativeToGround</altitudeMode>
					<coordinates>107.581570561067,16.4645933633876,0</coordinates>
				</Point>
			</Placemark>
			<Placemark id="0599BB6EF83506A67B9B">
				<name>Chùa Bái Đính</name>
				<gx:mid>/g/11h7crzxxd</gx:mid>
				<gx:fid>0x3135adff8c3be39f:0x7500636b639a19d7</gx:fid>
				<LookAt>
					<longitude>105.8657707</longitude>
					<latitude>20.2758949</latitude>
					<altitude>0</altitude>
					<heading>0</heading>
					<tilt>0</tilt>
					<gx:fovy>35</gx:fovy>
					<range>983.7112059632807</range>
					<altitudeMode>relativeToGround</altitudeMode>
				</LookAt>
				<styleUrl>#__managed_style_199CD3E10340DE0E2030</styleUrl>
				<Point>
					<altitudeMode>relativeToGround</altitudeMode>
					<coordinates>105.8657707,20.2758949,0</coordinates>
				</Point>
			</Placemark>
			<Placemark id="0D67F41D493506A6EA10">
				<name>Ban Co Peak - נקודת תצפית</name>
				<gx:mid>/g/11bbwpgtdk</gx:mid>
				<gx:fid>0x31423d6e34ee0105:0x69e23a6263ffc6ec</gx:fid>
				<LookAt>
					<longitude>108.2719826</longitude>
					<latitude>16.1189365</latitude>
					<altitude>0</altitude>
					<heading>0</heading>
					<tilt>0</tilt>
					<gx:fovy>35</gx:fovy>
					<range>1010.223309677271</range>
					<altitudeMode>relativeToGround</altitudeMode>
				</LookAt>
				<styleUrl>#__managed_style_1F2C2F04D940DE0E2033</styleUrl>
				<Point>
					<altitudeMode>relativeToGround</altitudeMode>
					<coordinates>108.2719826,16.1189365,0</coordinates>
				</Point>
			</Placemark>
			<Placemark id="09C71B9D323506A791A0">
				<name>Nhà Vọng cảnh -  נקודת תצפית</name>
				<gx:mid>/g/11c0rlgsfp</gx:mid>
				<gx:fid>0x31423d36cec8c0d3:0xb004d995e07257e2</gx:fid>
				<LookAt>
					<longitude>108.2453758</longitude>
					<latitude>16.1351089</latitude>
					<altitude>0</altitude>
					<heading>0</heading>
					<tilt>0</tilt>
					<gx:fovy>35</gx:fovy>
					<range>1010.131324291842</range>
					<altitudeMode>relativeToGround</altitudeMode>
				</LookAt>
				<styleUrl>#__managed_style_1F2C2F04D940DE0E2033</styleUrl>
				<Point>
					<altitudeMode>relativeToGround</altitudeMode>
					<coordinates>108.2454147,16.1351137,0</coordinates>
				</Point>
			</Placemark>
			<Placemark id="03EC89FEC93506AA74FA">
				<name>Hồ Đa Thiện TTC - פארק ענק </name>
				<gx:mid>/g/11pzs3s6xj</gx:mid>
				<gx:fid>0x3171139d92b5580d:0x7a3402b2338eb518</gx:fid>
				<LookAt>
					<longitude>108.451236</longitude>
					<latitude>11.9821183</latitude>
					<altitude>0</altitude>
					<heading>0</heading>
					<tilt>0</tilt>
					<gx:fovy>35</gx:fovy>
					<range>1030.823327042252</range>
					<altitudeMode>relativeToGround</altitudeMode>
				</LookAt>
				<styleUrl>#__managed_style_3AEAB3877A40DE0E2058</styleUrl>
				<Point>
					<altitudeMode>relativeToGround</altitudeMode>
					<coordinates>108.4504855698373,11.9804597682197,0</coordinates>
				</Point>
			</Placemark>
			<Placemark id="0675E8C2E33506ABA1B5">
				<name>Thang Rồng - כיכר ציורית יפה</name>
				<gx:mid>/g/11kc2m1brx</gx:mid>
				<gx:fid>0x31a797c574961097:0x4256a97343cbe1d6</gx:fid>
				<LookAt>
					<longitude>104.0077286</longitude>
					<latitude>10.0300494</latitude>
					<altitude>0</altitude>
					<heading>0</heading>
					<tilt>0</tilt>
					<gx:fovy>35</gx:fovy>
					<range>1038.488470605851</range>
					<altitudeMode>relativeToGround</altitudeMode>
				</LookAt>
				<styleUrl>#__managed_style_1F8D4144F140DE0E202B</styleUrl>
				<Point>
					<altitudeMode>relativeToGround</altitudeMode>
					<coordinates>104.0077286,10.0300494,0</coordinates>
				</Point>
			</Placemark>
			<Placemark id="05DD6FB96E3506AC3A76">
				<name>Sân bay trực thăng (Địa điểm lịch sử) - נקודת תצפית</name>
				<gx:mid>/g/11t6_t7dzb</gx:mid>
				<gx:fid>0x31423d5e75a0ce51:0xa081e28b3d004a6d</gx:fid>
				<LookAt>
					<longitude>108.2595384</longitude>
					<latitude>16.1297353</latitude>
					<altitude>0</altitude>
					<heading>0</heading>
					<tilt>0</tilt>
					<gx:fovy>35</gx:fovy>
					<range>1010.161898045277</range>
					<altitudeMode>relativeToGround</altitudeMode>
				</LookAt>
				<styleUrl>#__managed_style_1F2C2F04D940DE0E2033</styleUrl>
				<Point>
					<altitudeMode>relativeToGround</altitudeMode>
					<coordinates>108.2595384,16.1297353,0</coordinates>
				</Point>
			</Placemark>
			<Placemark id="011531BE2635074E48B7">
				<name>אזור יפהייפה</name>
				<LookAt>
					<longitude>108.3340949477325</longitude>
					<latitude>15.87756228602108</latitude>
					<altitude>5.3746256653539</altitude>
					<heading>0</heading>
					<tilt>0</tilt>
					<gx:fovy>83.95965975999293</gx:fovy>
					<range>1060.22562883838</range>
					<altitudeMode>absolute</altitudeMode>
				</LookAt>
				<styleUrl>#__managed_style_1EBD26A8FF40DE0E2046</styleUrl>
				<Polygon>
					<outerBoundaryIs>
						<LinearRing>
							<coordinates>
								108.323156230703,15.87799487666326,0 108.3238355326297,15.87602439372029,0 108.3248409056134,15.87624577566267,0 108.3253676739957,15.87616192926402,0 108.3258782382605,15.87603438366694,0 108.326241551163,15.87616626857287,0 108.3272061733749,15.87595424443147,0 108.3286192976606,15.87560231610359,0 108.3294416114633,15.87554829096024,0 108.3309885523275,15.8759549950468,0 108.33134297689,15.8758795012394,0 108.3327185789634,15.87626195122692,0 108.3347802292895,15.87643707235078,0 108.3360079252841,15.87674482355266,0 108.3355265877082,15.8781129343838,0 108.332629060807,15.87765931096983,0 108.3323943237569,15.87846750914533,0 108.3286764431551,15.87839608604898,0 108.3265484148296,15.87850438740419,0 108.3240855641203,15.87854239296077,0 108.3234164487843,15.87849117272926,0 108.323156230703,15.87799487666326,0 
							</coordinates>
						</LinearRing>
					</outerBoundaryIs>
				</Polygon>
			</Placemark>
			<Placemark id="1DD120F49D351C8E3EBC">
				<name>Phong Nha Tourism Center</name>
				<snippet></snippet>
				<gx:mid>/g/11s7p81thq</gx:mid>
				<gx:fid>0x3138bb9b48431bcd:0x8b10d3d66eaf28cb</gx:fid>
				<LookAt>
					<longitude>106.3062833</longitude>
					<latitude>17.6120931</latitude>
					<altitude>0</altitude>
					<heading>0</heading>
					<tilt>0</tilt>
					<gx:fovy>35</gx:fovy>
					<range>1001.360086847737</range>
					<altitudeMode>relativeToGround</altitudeMode>
				</LookAt>
				<styleUrl>#__managed_style_0376D25F1840DE0E2029</styleUrl>
				<Point>
					<altitudeMode>relativeToGround</altitudeMode>
					<coordinates>106.3062833,17.6120931,0</coordinates>
				</Point>
			</Placemark>
			<Placemark id="2118B9B08D351C8E3EBC">
				<name>Phong Nha Cave</name>
				<snippet></snippet>
				<gx:mid>/m/05zq7p9</gx:mid>
				<gx:fid>0x3138bb007ac8abdf:0x38a7e98f52d910d4</gx:fid>
				<LookAt>
					<longitude>106.2823417</longitude>
					<latitude>17.5829082</latitude>
					<altitude>0</altitude>
					<heading>0</heading>
					<tilt>0</tilt>
					<gx:fovy>35</gx:fovy>
					<range>1001.540472048076</range>
					<altitudeMode>relativeToGround</altitudeMode>
				</LookAt>
				<styleUrl>#__managed_style_42C67F4BCE40DE0E2044</styleUrl>
				<Point>
					<altitudeMode>relativeToGround</altitudeMode>
					<coordinates>106.2823417,17.5829082,0</coordinates>
				</Point>
			</Placemark>
			<Placemark id="3004699C28351C8E3EBC">
				<name>Paradise Cave</name>
				<snippet></snippet>
				<gx:mid>/m/0gytwx1</gx:mid>
				<gx:fid>0x3138b743627e56ed:0x369b5b3e6824df37</gx:fid>
				<LookAt>
					<longitude>106.2232849</longitude>
					<latitude>17.5194514</latitude>
					<altitude>0</altitude>
					<heading>0</heading>
					<tilt>0</tilt>
					<gx:fovy>35</gx:fovy>
					<range>1001.93170480534</range>
					<altitudeMode>relativeToGround</altitudeMode>
				</LookAt>
				<styleUrl>#__managed_style_42C67F4BCE40DE0E2044</styleUrl>
				<Point>
					<altitudeMode>relativeToGround</altitudeMode>
					<coordinates>106.2232849,17.5194514,0</coordinates>
				</Point>
			</Placemark>
			<Placemark id="44E3AF8137351C8E3EBC">
				<name>The Duck Stop</name>
				<snippet></snippet>
				<gx:mid>/g/11f30j8t4t</gx:mid>
				<gx:fid>0x3138a4c316038993:0x78ff347fba9c7d5c</gx:fid>
				<LookAt>
					<longitude>106.3656824</longitude>
					<latitude>17.6044369</latitude>
					<altitude>0</altitude>
					<heading>0</heading>
					<tilt>0</tilt>
					<gx:fovy>35</gx:fovy>
					<range>1001.407435519528</range>
					<altitudeMode>relativeToGround</altitudeMode>
				</LookAt>
				<styleUrl>#__managed_style_0D65F3030240DE0E2044</styleUrl>
				<Point>
					<altitudeMode>relativeToGround</altitudeMode>
					<coordinates>106.3656824,17.6044369,0</coordinates>
				</Point>
			</Placemark>
			<Placemark id="542FD27709351C8E3EBC">
				<name>Đồi Dẻ Eco</name>
				<snippet></snippet>
				<gx:mid>/g/11p3hzwh98</gx:mid>
				<gx:fid>0x3138a5116f365c3f:0x572068e6580aa0a3</gx:fid>
				<LookAt>
					<longitude>106.4052238</longitude>
					<latitude>17.61070699999999</latitude>
					<altitude>0</altitude>
					<heading>0</heading>
					<tilt>0</tilt>
					<gx:fovy>35</gx:fovy>
					<range>1001.368660431732</range>
					<altitudeMode>relativeToGround</altitudeMode>
				</LookAt>
				<styleUrl>#__managed_style_0376D25F1840DE0E2029</styleUrl>
				<Point>
					<altitudeMode>relativeToGround</altitudeMode>
					<coordinates>106.4052238,17.610707,0</coordinates>
				</Point>
			</Placemark>
			<Placemark id="65E934F3F6351C8E3EBC">
				<name>Phong Nha Cave Boat Station</name>
				<snippet></snippet>
				<gx:mid>/g/11cls7bn5k</gx:mid>
				<gx:fid>0x3138bb09351f61bf:0xaf13de6cd7b4ec89</gx:fid>
				<LookAt>
					<longitude>106.3062</longitude>
					<latitude>17.6126824</latitude>
					<altitude>0</altitude>
					<heading>0</heading>
					<tilt>0</tilt>
					<gx:fovy>35</gx:fovy>
					<range>1001.356441597234</range>
					<altitudeMode>relativeToGround</altitudeMode>
				</LookAt>
				<styleUrl>#__managed_style_052F74543640DE0E2051</styleUrl>
				<Point>
					<altitudeMode>relativeToGround</altitudeMode>
					<coordinates>106.3062,17.6126824,0</coordinates>
				</Point>
			</Placemark>
			<Placemark id="71B20AAA38351C8E3EBC">
				<name>שייט למערה Phong Nha</name>
				<snippet></snippet>
				<LookAt>
					<longitude>106.2827041802397</longitude>
					<latitude>17.58573138433497</latitude>
					<altitude>36.9213610031088</altitude>
					<heading>0</heading>
					<tilt>0</tilt>
					<gx:fovy>35</gx:fovy>
					<range>2013.030872317613</range>
					<altitudeMode>absolute</altitudeMode>
				</LookAt>
				<styleUrl>#__managed_style_19887E5E1040DE0E2029</styleUrl>
				<LineString>
					<coordinates>
						106.3061841179384,17.61270098147402,0 106.3059294267302,17.61307558800626,0 106.3050138611515,17.6132354888967,0 106.3043219696215,17.612986795239,0 106.3031218734976,17.6122918745066,0 106.3013183897855,17.60994472040892,0 106.2981510418271,17.60497349683452,0 106.2970433090225,17.60315292901083,0 106.2936791514617,17.60100261853645,0 106.2908979558496,17.5997303195632,0 106.2844405456401,17.59538648987646,0 106.2810137603417,17.59270067130013,0 106.2798122600189,17.59121011415037,0 106.2792566993825,17.58965353952912,0 106.2785911411907,17.5862216993504,0 106.2789103202371,17.58420576725324,0 106.2810084542622,17.5834767874275,0 106.2822322240337,17.58283130688878,0 106.2832334331457,17.58161887532791,0 
					</coordinates>
				</LineString>
			</Placemark>
			<Placemark id="83792BAA07351C8E3EBC">
				<name>Zipline at Dark Cave</name>
				<snippet></snippet>
				<gx:mid>/g/11px50c8tv</gx:mid>
				<gx:fid>0x3138b9091adf44ad:0x95169dbf5601b537</gx:fid>
				<LookAt>
					<longitude>106.251424</longitude>
					<latitude>17.5741854</latitude>
					<altitude>0</altitude>
					<heading>0</heading>
					<tilt>0</tilt>
					<gx:fovy>35</gx:fovy>
					<range>1001.594330612978</range>
					<altitudeMode>relativeToGround</altitudeMode>
				</LookAt>
				<styleUrl>#__managed_style_42C67F4BCE40DE0E2044</styleUrl>
				<Point>
					<altitudeMode>relativeToGround</altitudeMode>
					<coordinates>106.251424,17.5741854,0</coordinates>
				</Point>
			</Placemark>
			<Placemark id="94DE73DA46351C8E3EBC">
				<name>MoGo Coffee</name>
				<snippet></snippet>
				<gx:mid>/g/11sfp75gfs</gx:mid>
				<gx:fid>0x3138bbc55291ebf1:0x95dd64016f8ec11</gx:fid>
				<LookAt>
					<longitude>106.2949689</longitude>
					<latitude>17.6004248</latitude>
					<altitude>0</altitude>
					<heading>0</heading>
					<tilt>0</tilt>
					<gx:fovy>35</gx:fovy>
					<range>1001.432239981574</range>
					<altitudeMode>relativeToGround</altitudeMode>
				</LookAt>
				<styleUrl>#__managed_style_1F182031D140DE0E2038</styleUrl>
				<Point>
					<altitudeMode>relativeToGround</altitudeMode>
					<coordinates>106.2949645,17.6004327,0</coordinates>
				</Point>
			</Placemark>
			<Placemark id="A444B24121351C8E3EBC">
				<name>Pi và Gạo Quán</name>
				<snippet></snippet>
				<gx:mid>/g/11k3rgs236</gx:mid>
				<gx:fid>0x3138bbec75eaed29:0x1adb4c95f9fb94ae</gx:fid>
				<LookAt>
					<longitude>106.2956333</longitude>
					<latitude>17.6008734</latitude>
					<altitude>0</altitude>
					<heading>0</heading>
					<tilt>0</tilt>
					<gx:fovy>35</gx:fovy>
					<range>1001.429466816988</range>
					<altitudeMode>relativeToGround</altitudeMode>
				</LookAt>
				<styleUrl>#__managed_style_067B8628DC40DE0E2041</styleUrl>
				<Point>
					<altitudeMode>relativeToGround</altitudeMode>
					<coordinates>106.2956468,17.6008558,0</coordinates>
				</Point>
			</Placemark>
			<Placemark id="B1667E39C2351C8E3EBC">
				<name>Phong Nha Ồ Ồ Lake</name>
				<snippet></snippet>
				<gx:mid>/g/11gglsscjq</gx:mid>
				<gx:fid>0x3138a4c6589fb345:0xc16ad2090aeb10ba</gx:fid>
				<LookAt>
					<longitude>106.361993</longitude>
					<latitude>17.6129719</latitude>
					<altitude>0</altitude>
					<heading>0</heading>
					<tilt>0</tilt>
					<gx:fovy>35</gx:fovy>
					<range>1001.354650786129</range>
					<altitudeMode>relativeToGround</altitudeMode>
				</LookAt>
				<styleUrl>#__managed_style_0376D25F1840DE0E2029</styleUrl>
				<Point>
					<altitudeMode>relativeToGround</altitudeMode>
					<coordinates>106.361993,17.6129719,0</coordinates>
				</Point>
			</Placemark>
			<Placemark id="C16641DD81351C8E3EBC">
				<name>Mooc Spring</name>
				<snippet></snippet>
				<gx:mid>/g/11bbyd5yzy</gx:mid>
				<gx:fid>0x3138b758a5240b27:0xf91467b9226a98ad</gx:fid>
				<LookAt>
					<longitude>106.2381149</longitude>
					<latitude>17.5566597</latitude>
					<altitude>0</altitude>
					<heading>0</heading>
					<tilt>0</tilt>
					<gx:fovy>35</gx:fovy>
					<range>1001.702465690186</range>
					<altitudeMode>relativeToGround</altitudeMode>
				</LookAt>
				<styleUrl>#__managed_style_0376D25F1840DE0E2029</styleUrl>
				<Point>
					<altitudeMode>relativeToGround</altitudeMode>
					<coordinates>106.2381149,17.5566597,0</coordinates>
				</Point>
			</Placemark>
			<Placemark id="018D70EA6A35AB3B8E48">
				<name>טיילת נהר</name>
				<LookAt>
					<longitude>108.2283577622098</longitude>
					<latitude>16.05581177146741</latitude>
					<altitude>-0.7548618063314017</altitude>
					<heading>343.4479527241097</heading>
					<tilt>0</tilt>
					<gx:fovy>35</gx:fovy>
					<range>4060.291906736093</range>
					<altitudeMode>absolute</altitudeMode>
				</LookAt>
				<styleUrl>#__managed_style_1016D90F8D40DE0E202E</styleUrl>
				<LineString>
					<coordinates>
						108.2239048355499,16.05023571211082,0 108.2238394674571,16.0520954343898,0 108.2238024232531,16.05359558838845,0 108.2237638215889,16.05453360199164,0 108.2237692402781,16.05562723713323,0 108.2238933924327,16.0572229773524,0 108.2239560362442,16.05809812190444,0 108.224047671503,16.0596719878938,0 108.2241469328488,16.06069031293103,0 108.2242336400597,16.06203044391289,0 108.2242154741992,16.06280875337474,0 108.2242571604216,16.06444673808093,0 108.2242814267915,16.06503379756832,0 108.2249829674847,16.06667843562946,0 108.2250487344072,16.06768450909787,0 108.2252081665653,16.06971045917331,0 108.225266907354,16.07114291564691,0 108.2251132145146,16.07207344227329,0 108.2244204070436,16.07544179179961,0 108.2242277768094,16.07643735719616,0 
					</coordinates>
				</LineString>
			</Placemark>
			<Placemark id="0BA85B288A35AB3C9033">
				<name>Nguyen Van Troi Walking Bridge</name>
				<gx:mid>/g/11r9fz895r</gx:mid>
				<gx:fid>0x3142197e8c08d14d:0x551c1b359d6a0e31</gx:fid>
				<LookAt>
					<longitude>108.2290629</longitude>
					<latitude>16.0510826</latitude>
					<altitude>0</altitude>
					<heading>0</heading>
					<tilt>0</tilt>
					<gx:fovy>35</gx:fovy>
					<range>1010.608287163183</range>
					<altitudeMode>relativeToGround</altitudeMode>
				</LookAt>
				<styleUrl>#__managed_style_2FF3BD743C40DE0E2028</styleUrl>
				<Point>
					<altitudeMode>relativeToGround</altitudeMode>
					<coordinates>108.2290629,16.0510826,0</coordinates>
				</Point>
			</Placemark>
			<Placemark id="0F711565FA35AB3CCAC7">
				<name>Cau di bo - גשר להולכי רגל</name>
				<LookAt>
					<longitude>108.2315446682758</longitude>
					<latitude>16.05181112332168</latitude>
					<altitude>3.19241476425381</altitude>
					<heading>333.7147808727811</heading>
					<tilt>0</tilt>
					<gx:fovy>35</gx:fovy>
					<range>787.7518103936745</range>
					<altitudeMode>absolute</altitudeMode>
				</LookAt>
				<styleUrl>#__managed_style_1016D90F8D40DE0E202E</styleUrl>
				<LineString>
					<coordinates>
						108.2268536990631,16.05077372780054,0 108.2317162931307,16.05145601680253,0 
					</coordinates>
				</LineString>
			</Placemark>
			<Placemark id="0D6CA7FFE935AB40AE73">
				<name>Dragon Carp Fountain</name>
				<gx:mid>/g/11jm2ctf_c</gx:mid>
				<gx:fid>0x3142198c825000e1:0x9b011fe03c346db3</gx:fid>
				<LookAt>
					<longitude>108.229815</longitude>
					<latitude>16.06291</latitude>
					<altitude>0</altitude>
					<heading>0</heading>
					<tilt>0</tilt>
					<gx:fovy>35</gx:fovy>
					<range>1010.541294772612</range>
					<altitudeMode>relativeToGround</altitudeMode>
				</LookAt>
				<styleUrl>#__managed_style_1C7CEBA3B040DE0E2028</styleUrl>
				<Point>
					<altitudeMode>relativeToGround</altitudeMode>
					<coordinates>108.229815,16.06291,0</coordinates>
				</Point>
			</Placemark>
			<Placemark id="04FD0DD42835AB413325">
				<name>Công viên Hà Thị Thân</name>
				<gx:mid>/g/11qsm2nfpz</gx:mid>
				<gx:fid>0x314219a08cb12121:0xcecc01d149cd39fe</gx:fid>
				<LookAt>
					<longitude>108.2301821</longitude>
					<latitude>16.058681</latitude>
					<altitude>0</altitude>
					<heading>0</heading>
					<tilt>0</tilt>
					<gx:fovy>35</gx:fovy>
					<range>1010.565253966246</range>
					<altitudeMode>relativeToGround</altitudeMode>
				</LookAt>
				<styleUrl>#__managed_style_1C4CA376BA40DE0E2031</styleUrl>
				<Point>
					<altitudeMode>relativeToGround</altitudeMode>
					<coordinates>108.2300795380343,16.05821615608468,0</coordinates>
				</Point>
			</Placemark>
			<Placemark id="109BA517A035AB982B61">
				<name>Ecotourism parks Bird Park Thung Nham</name>
				<snippet></snippet>
				<gx:mid>/g/11b6dn5dkb</gx:mid>
				<gx:fid>0x31367b9c87034d13:0xd65c4c5171227226</gx:fid>
				<LookAt>
					<longitude>105.8932793</longitude>
					<latitude>20.2179703</latitude>
					<altitude>0</altitude>
					<heading>0</heading>
					<tilt>0</tilt>
					<gx:fovy>35</gx:fovy>
					<range>984.1196911368251</range>
					<altitudeMode>relativeToGround</altitudeMode>
				</LookAt>
				<styleUrl>#__managed_style_0376D25F1840DE0E2029</styleUrl>
				<Point>
					<altitudeMode>relativeToGround</altitudeMode>
					<coordinates>105.8932793,20.2179703,0</coordinates>
				</Point>
			</Placemark>
			<Placemark id="20C912F45535AB982B61">
				<name>MISS H.A CAFE</name>
				<snippet></snippet>
				<gx:mid>/g/11vb5xpkx_</gx:mid>
				<gx:fid>0x31420d5b6c4e3c89:0x58f29bd41dc0e5cc</gx:fid>
				<LookAt>
					<longitude>108.3396403</longitude>
					<latitude>15.8973326</latitude>
					<altitude>0</altitude>
					<heading>0</heading>
					<tilt>0</tilt>
					<gx:fovy>35</gx:fovy>
					<range>1011.474854423971</range>
					<altitudeMode>relativeToGround</altitudeMode>
				</LookAt>
				<styleUrl>#__managed_style_1F182031D140DE0E2038</styleUrl>
				<Point>
					<altitudeMode>relativeToGround</altitudeMode>
					<coordinates>108.3396546,15.8973372,0</coordinates>
				</Point>
			</Placemark>
			<Placemark id="1A010C221B39E8F52B74">
				<name>Tam Dao Stone Church - כנסייה עם תצפית</name>
				<snippet></snippet>
				<gx:mid>/g/1tjxzzk_</gx:mid>
				<gx:fid>0x3134e707d0be2e0b:0x28021248decdcb92</gx:fid>
				<LookAt>
					<longitude>105.6434956</longitude>
					<latitude>21.4558446</latitude>
					<altitude>0</altitude>
					<heading>0</heading>
					<tilt>0</tilt>
					<gx:fovy>35</gx:fovy>
					<range>975.1542718786998</range>
					<altitudeMode>relativeToGround</altitudeMode>
				</LookAt>
				<styleUrl>#__managed_style_098758A9E940DE0E2057</styleUrl>
				<Point>
					<altitudeMode>relativeToGround</altitudeMode>
					<coordinates>105.6434956,21.4558446,0</coordinates>
				</Point>
			</Placemark>
			<Placemark id="0BD39A656E39E8F6167F">
				<name>Ham Rong Sa Pa Eco-Tourism Area</name>
				<gx:mid>/g/11csrhhs0r</gx:mid>
				<gx:fid>0x36cd4114b1f62c81:0x6fc75725fb1beaf7</gx:fid>
				<LookAt>
					<longitude>103.8477709</longitude>
					<latitude>22.334574</latitude>
					<altitude>0</altitude>
					<heading>0</heading>
					<tilt>0</tilt>
					<gx:fovy>35</gx:fovy>
					<range>968.4918788564812</range>
					<altitudeMode>relativeToGround</altitudeMode>
				</LookAt>
				<styleUrl>#__managed_style_26DC9D05CF40DE0E202B</styleUrl>
				<Point>
					<altitudeMode>relativeToGround</altitudeMode>
					<coordinates>103.8477709,22.334574,0</coordinates>
				</Point>
			</Placemark>
			<Placemark id="585950F47239E8F52B74">
				<name>Nam Son Pagoda</name>
				<snippet></snippet>
				<gx:mid>/g/11gzg545q</gx:mid>
				<gx:fid>0x31421a38627b6fd7:0x68d6c6f71d6a2ee8</gx:fid>
				<LookAt>
					<longitude>108.2051526</longitude>
					<latitude>15.998676</latitude>
					<altitude>0</altitude>
					<heading>0</heading>
					<tilt>0</tilt>
					<gx:fovy>35</gx:fovy>
					<range>1010.904558729538</range>
					<altitudeMode>relativeToGround</altitudeMode>
				</LookAt>
				<styleUrl>#__managed_style_22E7693D6940DE0E2034</styleUrl>
				<Point>
					<altitudeMode>relativeToGround</altitudeMode>
					<coordinates>108.2051526,15.998676,0</coordinates>
				</Point>
			</Placemark>
			<Placemark id="6B158C0AF839E8F52B74">
				<name>Pig Coffee</name>
				<snippet></snippet>
				<gx:mid>/g/11gy57cbmy</gx:mid>
				<gx:fid>0x31421965f0e2f053:0x5724241b7c1938dc</gx:fid>
				<LookAt>
					<longitude>108.202993</longitude>
					<latitude>16.0231738</latitude>
					<altitude>0</altitude>
					<heading>0</heading>
					<tilt>0</tilt>
					<gx:fovy>35</gx:fovy>
					<range>1010.766180122085</range>
					<altitudeMode>relativeToGround</altitudeMode>
				</LookAt>
				<styleUrl>#__managed_style_1F182031D140DE0E2038</styleUrl>
				<Point>
					<altitudeMode>relativeToGround</altitudeMode>
					<coordinates>108.2029938,16.0231675,0</coordinates>
				</Point>
			</Placemark>
			<Placemark id="0EA05410033B8B7C7101">
				<gx:mid>/g/11s8xxpk92</gx:mid>
				<gx:fid>0x3171136387a15c0f:0x60ad2d72ff0a9d2a</gx:fid>
				<LookAt>
					<longitude>108.4457448</longitude>
					<latitude>11.9384001</latitude>
					<altitude>0</altitude>
					<heading>0</heading>
					<tilt>0</tilt>
					<gx:fovy>35</gx:fovy>
					<range>1031.009550936455</range>
					<altitudeMode>relativeToGround</altitudeMode>
				</LookAt>
				<styleUrl>#__managed_style_1C7CEBA3B040DE0E2028</styleUrl>
				<Point>
					<altitudeMode>relativeToGround</altitudeMode>
					<coordinates>108.4457448,11.9384001,0</coordinates>
				</Point>
			</Placemark>
			<Placemark id="0C159A4D5F3A17FB2A4F">
				<name>Khu Du Lịch Thuý Thuận Đà Lạt</name>
				<snippet></snippet>
				<gx:mid>/g/11n0dw_8_h</gx:mid>
				<gx:fid>0x31716d49ddce1969:0x2af06d578efe785d</gx:fid>
				<LookAt>
					<longitude>108.3392851</longitude>
					<latitude>11.9129442</latitude>
					<altitude>0</altitude>
					<heading>0</heading>
					<tilt>0</tilt>
					<gx:fovy>35</gx:fovy>
					<range>1031.117677851262</range>
					<altitudeMode>relativeToGround</altitudeMode>
				</LookAt>
				<styleUrl>#__managed_style_1AED3B030D40DE0E2050</styleUrl>
				<Point>
					<altitudeMode>relativeToGround</altitudeMode>
					<coordinates>108.3386289928788,11.91251946544602,0</coordinates>
				</Point>
			</Placemark>
			<Placemark id="01ACB001FC3B5A124590">
				<name>רחוב ברים בערב</name>
				<LookAt>
					<longitude>108.3264737466732</longitude>
					<latitude>15.8760251720251</latitude>
					<altitude>3.134292759231765</altitude>
					<heading>0</heading>
					<tilt>0</tilt>
					<gx:fovy>35</gx:fovy>
					<range>413.3525054908387</range>
					<altitudeMode>absolute</altitudeMode>
				</LookAt>
				<styleUrl>#__managed_style_2F1E1F5AAC40DE0E203C</styleUrl>
				<LineString>
					<coordinates>
						108.3261614238951,15.87608496881421,0 108.3279967149328,15.87563055393953,0 
					</coordinates>
				</LineString>
			</Placemark>
			<Placemark id="0D73CC8E5B3B5A131053">
				<name>רחוב ברים בערב</name>
				<LookAt>
					<longitude>108.3266382945624</longitude>
					<latitude>15.87591265402073</latitude>
					<altitude>3.267641714528955</altitude>
					<heading>0</heading>
					<tilt>0</tilt>
					<gx:fovy>35</gx:fovy>
					<range>572.897040405369</range>
					<altitudeMode>absolute</altitudeMode>
				</LookAt>
				<styleUrl>#__managed_style_181A0CF2C140DE0E2051</styleUrl>
				<Point>
					<coordinates>108.3271494869586,15.87579798998911,3.420707883592047</coordinates>
				</Point>
			</Placemark>
			<Placemark id="0462D551383B5A149B56">
				<name>טיילת חוף</name>
				<LookAt>
					<longitude>108.2418903219908</longitude>
					<latitude>16.04899593463082</latitude>
					<altitude>6.54318498588281</altitude>
					<heading>0</heading>
					<tilt>0</tilt>
					<gx:fovy>35</gx:fovy>
					<range>21936.37772519142</range>
					<altitudeMode>absolute</altitudeMode>
				</LookAt>
				<styleUrl>#__managed_style_1539C12E5940DE0E203F</styleUrl>
				<LineString>
					<coordinates>
						108.2492797342389,16.04901713962134,0 108.2486017983292,16.05149248291062,0 108.2479890402335,16.05379711344245,0 108.2473864802119,16.05594363330425,0 108.2474008712769,16.05647799028942,0 108.2471374412316,16.05703143821313,0 108.2468809952994,16.05849709150152,0 108.2467466386544,16.05985616356472,0 108.2465672055897,16.06198131074155,0 108.2463018082667,16.06374242955081,0 108.2459487964258,16.06465978137475,0 108.2459117061134,16.06567935834594,0 108.2458854168124,16.0661849865206,0 108.245882428731,16.0679386982728,0 108.2456168426918,16.06813756889878,0 108.2455964100737,16.06923208217759,0 108.245561222,16.07233982466299,0 108.2457625408751,16.07286262777917,0 108.2458309173303,16.07437060141927,0 108.2454160864433,16.07478327648358,0 108.2455069160791,16.07577528790249,0 
					</coordinates>
				</LineString>
			</Placemark>
			<Placemark id="01981B995F3B8B72F3D4">
				<gx:mid>/g/11bw673tsl</gx:mid>
				<gx:fid>0x31426dd7a9126e37:0x68ef73d074140826</gx:fid>
				<LookAt>
					<longitude>108.5198379</longitude>
					<latitude>15.9385105</latitude>
					<altitude>0</altitude>
					<heading>0</heading>
					<tilt>0</tilt>
					<gx:fovy>35</gx:fovy>
					<range>1011.243550144198</range>
					<altitudeMode>relativeToGround</altitudeMode>
				</LookAt>
				<styleUrl>#__managed_style_5A4AD8E92240DE0E2030</styleUrl>
				<Point>
					<altitudeMode>relativeToGround</altitudeMode>
					<coordinates>108.5198379,15.9385105,0</coordinates>
				</Point>
			</Placemark>
			<Placemark id="069B90B2BC3B8B7326DB">
				<gx:mid>/g/11bw77w1p7</gx:mid>
				<gx:fid>0x31426dcd0918fd63:0xbfddf5dbfd91ebfa</gx:fid>
				<LookAt>
					<longitude>108.5086906</longitude>
					<latitude>15.9458453</latitude>
					<altitude>0</altitude>
					<heading>0</heading>
					<tilt>0</tilt>
					<gx:fovy>35</gx:fovy>
					<range>1011.202289022114</range>
					<altitudeMode>relativeToGround</altitudeMode>
				</LookAt>
				<styleUrl>#__managed_style_5A4AD8E92240DE0E2030</styleUrl>
				<Point>
					<altitudeMode>relativeToGround</altitudeMode>
					<coordinates>108.5086906,15.9458453,0</coordinates>
				</Point>
			</Placemark>
			<Placemark id="0EA0635C893BF4CA29B9">
				<name>Son Tra Night Market</name>
				<snippet></snippet>
				<gx:mid>/g/11gycz_b_2</gx:mid>
				<gx:fid>0x3142195a335892bd:0x8f53976f3c0fe60</gx:fid>
				<LookAt>
					<longitude>108.2319855</longitude>
					<latitude>16.0615978</latitude>
					<altitude>0</altitude>
					<heading>0</heading>
					<tilt>0</tilt>
					<gx:fovy>35</gx:fovy>
					<range>1010.548729623819</range>
					<altitudeMode>relativeToGround</altitudeMode>
				</LookAt>
				<styleUrl>#__managed_style_3F4C1CBD8040DE0E2038</styleUrl>
				<Point>
					<altitudeMode>relativeToGround</altitudeMode>
					<coordinates>108.231198692817,16.0608558697387,0</coordinates>
				</Point>
			</Placemark>
			<Placemark id="0448D4B3B53BF4C6E348">
				<name>THE PASTA HOUSE</name>
				<snippet></snippet>
				<gx:mid>/g/11wvffhml7</gx:mid>
				<gx:fid>0x314217001142a30f:0x4e408c4f4b30df87</gx:fid>
				<LookAt>
					<longitude>108.2481522</longitude>
					<latitude>16.0531727</latitude>
					<altitude>0</altitude>
					<heading>0</heading>
					<tilt>0</tilt>
					<gx:fovy>35</gx:fovy>
					<range>2482.638416103802</range>
					<altitudeMode>relativeToGround</altitudeMode>
				</LookAt>
				<styleUrl>#__managed_style_067B8628DC40DE0E2041</styleUrl>
				<Point>
					<altitudeMode>relativeToGround</altitudeMode>
					<coordinates>108.2481522,16.0531727,0</coordinates>
				</Point>
			</Placemark>
			<Placemark id="0511B59EC33BF4C74D10">
				<name>Oh Yeah Cafe &amp; More</name>
				<snippet></snippet>
				<gx:mid>/g/11v3qgm327</gx:mid>
				<gx:fid>0x3142172a1f5e375d:0x4b7ecf6e30abda6a</gx:fid>
				<LookAt>
					<longitude>108.2459528</longitude>
					<latitude>16.0530952</latitude>
					<altitude>0</altitude>
					<heading>0</heading>
					<tilt>0</tilt>
					<gx:fovy>35</gx:fovy>
					<range>2482.639595750119</range>
					<altitudeMode>relativeToGround</altitudeMode>
				</LookAt>
				<styleUrl>#__managed_style_1F182031D140DE0E2038</styleUrl>
				<Point>
					<altitudeMode>relativeToGround</altitudeMode>
					<coordinates>108.2459368,16.0531461,0</coordinates>
				</Point>
			</Placemark>
			<Placemark id="09D9A1A8943BF4C7B120">
				<name>Pizza and Burger by Herbal Pizza</name>
				<snippet></snippet>
				<gx:mid>/g/11ngj14lsh</gx:mid>
				<gx:fid>0x314217a2172d56eb:0xd17a2a56a905a582</gx:fid>
				<LookAt>
					<longitude>108.2477613</longitude>
					<latitude>16.0547267</latitude>
					<altitude>0</altitude>
					<heading>0</heading>
					<tilt>0</tilt>
					<gx:fovy>35</gx:fovy>
					<range>2482.61476115719</range>
					<altitudeMode>relativeToGround</altitudeMode>
				</LookAt>
				<styleUrl>#__managed_style_067B8628DC40DE0E2041</styleUrl>
				<Point>
					<altitudeMode>relativeToGround</altitudeMode>
					<coordinates>108.2477613,16.0547267,0</coordinates>
				</Point>
			</Placemark>
			<Placemark id="0B833C28393BF4C807E7">
				<snippet></snippet>
				<gx:mid>/g/11t9ws6m2q</gx:mid>
				<gx:fid>0x3142179546cbaa2b:0x4d10339bf79eb2da</gx:fid>
				<LookAt>
					<longitude>108.2488109</longitude>
					<latitude>16.0520581</latitude>
					<altitude>0</altitude>
					<heading>0</heading>
					<tilt>0</tilt>
					<gx:fovy>35</gx:fovy>
					<range>1010.602763553247</range>
					<altitudeMode>relativeToGround</altitudeMode>
				</LookAt>
				<styleUrl>#__managed_style_1FF9E36AA640DE0E2041</styleUrl>
				<Point>
					<altitudeMode>relativeToGround</altitudeMode>
					<coordinates>108.2488109,16.0520581,0</coordinates>
				</Point>
			</Placemark>
			<Placemark id="0937BAF5B73BF4C95E79">
				<name>אזור מדרחובים מסעדות</name>
				<snippet></snippet>
				<LookAt>
					<longitude>108.2474413682705</longitude>
					<latitude>16.04908749467064</latitude>
					<altitude>4.737536498515771</altitude>
					<heading>0</heading>
					<tilt>0</tilt>
					<gx:fovy>35</gx:fovy>
					<range>548.8901001853084</range>
					<altitudeMode>absolute</altitudeMode>
				</LookAt>
				<styleUrl>#__managed_style_09337466CB40DE0E2058</styleUrl>
				<Polygon>
					<outerBoundaryIs>
						<LinearRing>
							<coordinates>
								108.2471100696514,16.04814754650185,0 108.248526428651,16.04848487482306,0 108.2480354885711,16.04999219455213,0 108.246699453152,16.04960765952835,0 108.2471100696514,16.04814754650185,0 
							</coordinates>
						</LinearRing>
					</outerBoundaryIs>
				</Polygon>
			</Placemark>
			<Placemark id="0A2A8D1DC13C24BBEC38">
				<gx:mid>/g/11xdvcp4j9</gx:mid>
				<gx:fid>0x3142170015449fbd:0xe5cbc6ce3642b5c3</gx:fid>
				<LookAt>
					<longitude>108.2439584</longitude>
					<latitude>16.0382159</latitude>
					<altitude>0</altitude>
					<heading>0</heading>
					<tilt>0</tilt>
					<gx:fovy>35</gx:fovy>
					<range>1010.681112693845</range>
					<altitudeMode>relativeToGround</altitudeMode>
				</LookAt>
				<styleUrl>#__managed_style_2C903B9DC640DE0E2030</styleUrl>
				<Point>
					<altitudeMode>relativeToGround</altitudeMode>
					<coordinates>108.2439584,16.0382159,0</coordinates>
				</Point>
			</Placemark>
			<Placemark id="0DC3B17E903D1F1D35C8">
				<gx:mid>/g/11tc8n55l7</gx:mid>
				<gx:fid>0x36cc0bcc88dc119d:0x6708996e616957f2</gx:fid>
				<LookAt>
					<longitude>104.9931395</longitude>
					<latitude>23.0517909</latitude>
					<altitude>0</altitude>
					<heading>0</heading>
					<tilt>0</tilt>
					<gx:fovy>35</gx:fovy>
					<range>962.8725765898937</range>
					<altitudeMode>relativeToGround</altitudeMode>
				</LookAt>
				<styleUrl>#__managed_style_26DC9D05CF40DE0E202B</styleUrl>
				<Point>
					<altitudeMode>relativeToGround</altitudeMode>
					<coordinates>104.9931395,23.0517909,0</coordinates>
				</Point>
			</Placemark>
			<Placemark id="02F769BB743D1F1DFC7E">
				<gx:mid>/g/11b8_64k5z</gx:mid>
				<gx:fid>0x36cc0ad0bf6c067b:0x67d865ad9b9da91d</gx:fid>
				<LookAt>
					<longitude>104.9926772</longitude>
					<latitude>23.0492816</latitude>
					<altitude>0</altitude>
					<heading>0</heading>
					<tilt>0</tilt>
					<gx:fovy>35</gx:fovy>
					<range>962.8925191569626</range>
					<altitudeMode>relativeToGround</altitudeMode>
				</LookAt>
				<styleUrl>#__managed_style_26DC9D05CF40DE0E202B</styleUrl>
				<Point>
					<altitudeMode>relativeToGround</altitudeMode>
					<coordinates>104.9926772,23.0492816,0</coordinates>
				</Point>
			</Placemark>
			<Placemark id="0CB6175C043D1F1E6A70">
				<gx:mid>/g/11sq2m0y59</gx:mid>
				<gx:fid>0x36cc0b112d86c2c9:0x73adb6bebd43dbec</gx:fid>
				<LookAt>
					<longitude>104.997333</longitude>
					<latitude>23.058945</latitude>
					<altitude>0</altitude>
					<heading>0</heading>
					<tilt>0</tilt>
					<gx:fovy>35</gx:fovy>
					<range>962.8157087914376</range>
					<altitudeMode>relativeToGround</altitudeMode>
				</LookAt>
				<styleUrl>#__managed_style_26DC9D05CF40DE0E202B</styleUrl>
				<Point>
					<altitudeMode>relativeToGround</altitudeMode>
					<coordinates>104.997333,23.05894499999999,0</coordinates>
				</Point>
			</Placemark>
			<Placemark id="02EA90427D3D1F1F6219">
				<gx:mid>/g/11ytv8hx5p</gx:mid>
				<gx:fid>0x36cc75005e0c2661:0x646566f4fa1931f6</gx:fid>
				<LookAt>
					<longitude>104.9450986</longitude>
					<latitude>22.9942678</latitude>
					<altitude>0</altitude>
					<heading>0</heading>
					<tilt>0</tilt>
					<gx:fovy>35</gx:fovy>
					<range>963.3292420693165</range>
					<altitudeMode>relativeToGround</altitudeMode>
				</LookAt>
				<styleUrl>#__managed_style_26DC9D05CF40DE0E202B</styleUrl>
				<Point>
					<altitudeMode>relativeToGround</altitudeMode>
					<coordinates>104.9450986,22.9942678,0</coordinates>
				</Point>
			</Placemark>
			<Placemark id="0E65CBA6663D1F20AF84">
				<gx:mid>/g/11x_q5p656</gx:mid>
				<gx:fid>0x36cbf500547e8809:0xbb9e0355c537ea1f</gx:fid>
				<LookAt>
					<longitude>105.0343106</longitude>
					<latitude>23.0996056</latitude>
					<altitude>0</altitude>
					<heading>0</heading>
					<tilt>0</tilt>
					<gx:fovy>35</gx:fovy>
					<range>962.492193185203</range>
					<altitudeMode>relativeToGround</altitudeMode>
				</LookAt>
				<styleUrl>#__managed_style_26DC9D05CF40DE0E202B</styleUrl>
				<Point>
					<altitudeMode>relativeToGround</altitudeMode>
					<coordinates>105.0343106,23.0996056,0</coordinates>
				</Point>
			</Placemark>
			<Placemark id="0383BC14F53D1F20F8CE">
				<gx:mid>/g/11g7y5hnxg</gx:mid>
				<gx:fid>0x36cbf42776d34239:0x5f367b2cca03699f</gx:fid>
				<LookAt>
					<longitude>105.094098</longitude>
					<latitude>23.122205</latitude>
					<altitude>0</altitude>
					<heading>0</heading>
					<tilt>0</tilt>
					<gx:fovy>35</gx:fovy>
					<range>962.312156873185</range>
					<altitudeMode>relativeToGround</altitudeMode>
				</LookAt>
				<styleUrl>#__managed_style_26DC9D05CF40DE0E202B</styleUrl>
				<Point>
					<altitudeMode>relativeToGround</altitudeMode>
					<coordinates>105.094098,23.122205,0</coordinates>
				</Point>
			</Placemark>
			<Placemark id="03C6CF84C13D1F217B98">
				<gx:mid>/g/11h0w1w8vz</gx:mid>
				<gx:fid>0x36cbed335d94d063:0x4c3a8cd6606710e2</gx:fid>
				<LookAt>
					<longitude>105.2600808</longitude>
					<latitude>23.1046712</latitude>
					<altitude>0</altitude>
					<heading>0</heading>
					<tilt>0</tilt>
					<gx:fovy>35</gx:fovy>
					<range>962.4518524292686</range>
					<altitudeMode>relativeToGround</altitudeMode>
				</LookAt>
				<styleUrl>#__managed_style_26DC9D05CF40DE0E202B</styleUrl>
				<Point>
					<altitudeMode>relativeToGround</altitudeMode>
					<coordinates>105.2600808,23.1046712,0</coordinates>
				</Point>
			</Placemark>
			<Placemark id="06408C45023D1F21CDF9">
				<gx:mid>/g/11y18vsn_x</gx:mid>
				<gx:fid>0x36cbf100625e4491:0xb092111bc7ffa94c</gx:fid>
				<LookAt>
					<longitude>105.1946859</longitude>
					<latitude>23.16938679999999</latitude>
					<altitude>0</altitude>
					<heading>0</heading>
					<tilt>0</tilt>
					<gx:fovy>35</gx:fovy>
					<range>961.9357701962349</range>
					<altitudeMode>relativeToGround</altitudeMode>
				</LookAt>
				<styleUrl>#__managed_style_26DC9D05CF40DE0E202B</styleUrl>
				<Point>
					<altitudeMode>relativeToGround</altitudeMode>
					<coordinates>105.1946859,23.16938679999999,0</coordinates>
				</Point>
			</Placemark>
			<Placemark id="06FBB382C43D1F221198">
				<gx:mid>/g/11dfvjbqdm</gx:mid>
				<gx:fid>0x36cbfa9f6e1a75d3:0x20ee5b6709841278</gx:fid>
				<LookAt>
					<longitude>105.1950442</longitude>
					<latitude>23.20984</latitude>
					<altitude>0</altitude>
					<heading>0</heading>
					<tilt>0</tilt>
					<gx:fovy>35</gx:fovy>
					<range>961.6125040069097</range>
					<altitudeMode>relativeToGround</altitudeMode>
				</LookAt>
				<styleUrl>#__managed_style_26DC9D05CF40DE0E202B</styleUrl>
				<Point>
					<altitudeMode>relativeToGround</altitudeMode>
					<coordinates>105.1950442,23.20984,0</coordinates>
				</Point>
			</Placemark>
			<Placemark id="060C41836C3D1F2259DB">
				<gx:mid>/g/11mf968k8w</gx:mid>
				<gx:fid>0x36cbfb005f0eea05:0x81443b2f9af0296b</gx:fid>
				<LookAt>
					<longitude>105.1992128</longitude>
					<latitude>23.2242306</latitude>
					<altitude>0</altitude>
					<heading>0</heading>
					<tilt>0</tilt>
					<gx:fovy>35</gx:fovy>
					<range>961.4973833240311</range>
					<altitudeMode>relativeToGround</altitudeMode>
				</LookAt>
				<styleUrl>#__managed_style_26DC9D05CF40DE0E202B</styleUrl>
				<Point>
					<altitudeMode>relativeToGround</altitudeMode>
					<coordinates>105.1992128,23.2242306,0</coordinates>
				</Point>
			</Placemark>
			<Placemark id="026C2F969C3D1F22A499">
				<gx:mid>/g/11lg4ng096</gx:mid>
				<gx:fid>0x36cbfb8becfec08f:0x6c1ab9354962167b</gx:fid>
				<LookAt>
					<longitude>105.2017951</longitude>
					<latitude>23.2268146</latitude>
					<altitude>0</altitude>
					<heading>0</heading>
					<tilt>0</tilt>
					<gx:fovy>35</gx:fovy>
					<range>961.4767051881273</range>
					<altitudeMode>relativeToGround</altitudeMode>
				</LookAt>
				<styleUrl>#__managed_style_1C7CEBA3B040DE0E2028</styleUrl>
				<Point>
					<altitudeMode>relativeToGround</altitudeMode>
					<coordinates>105.2025099015281,23.22620299440905,0</coordinates>
				</Point>
			</Placemark>
			<Placemark id="009659FAAB3D1F2318CC">
				<gx:mid>/g/11fhl2kx3w</gx:mid>
				<gx:fid>0x36cb93960376740b:0x8372fec5a973115c</gx:fid>
				<LookAt>
					<longitude>105.19854</longitude>
					<latitude>22.9259483</latitude>
					<altitude>0</altitude>
					<heading>0</heading>
					<tilt>0</tilt>
					<gx:fovy>35</gx:fovy>
					<range>963.8702667692709</range>
					<altitudeMode>relativeToGround</altitudeMode>
				</LookAt>
				<styleUrl>#__managed_style_438ECF6DDC40DE0E2034</styleUrl>
				<Point>
					<altitudeMode>relativeToGround</altitudeMode>
					<coordinates>105.19854,22.9259483,0</coordinates>
				</Point>
			</Placemark>
			<Placemark id="0F9337380F3D1F237253">
				<gx:mid>/g/11l_0hc_m5</gx:mid>
				<gx:fid>0x36cb950000b2e0ef:0x4978c5f30102be08</gx:fid>
				<LookAt>
					<longitude>105.32805</longitude>
					<latitude>22.9447707</latitude>
					<altitude>0</altitude>
					<heading>0</heading>
					<tilt>0</tilt>
					<gx:fovy>35</gx:fovy>
					<range>963.7213579843584</range>
					<altitudeMode>relativeToGround</altitudeMode>
				</LookAt>
				<styleUrl>#__managed_style_26DC9D05CF40DE0E202B</styleUrl>
				<Point>
					<altitudeMode>relativeToGround</altitudeMode>
					<coordinates>105.32805,22.9447707,0</coordinates>
				</Point>
			</Placemark>
			<Placemark id="05F481F5193D1F23EC54">
				<gx:mid>/g/11rf16yc9w</gx:mid>
				<gx:fid>0x36cbdd5ca0cd3c8d:0xf6339e8ead072b6</gx:fid>
				<LookAt>
					<longitude>105.4153661</longitude>
					<latitude>23.2058469</latitude>
					<altitude>0</altitude>
					<heading>0</heading>
					<tilt>0</tilt>
					<gx:fovy>35</gx:fovy>
					<range>961.6444361572046</range>
					<altitudeMode>relativeToGround</altitudeMode>
				</LookAt>
				<styleUrl>#__managed_style_1C7CEBA3B040DE0E2028</styleUrl>
				<Point>
					<altitudeMode>relativeToGround</altitudeMode>
					<coordinates>105.4153661,23.2058469,0</coordinates>
				</Point>
			</Placemark>
			<Placemark id="05515B1B713D1F24961C">
				<gx:mid>/g/11ggb3q9_z</gx:mid>
				<gx:fid>0x36cbdd79d3eee23d:0xc28e2c5b2bf62e1b</gx:fid>
				<LookAt>
					<longitude>105.4180953</longitude>
					<latitude>23.2272689</latitude>
					<altitude>0</altitude>
					<heading>0</heading>
					<tilt>0</tilt>
					<gx:fovy>35</gx:fovy>
					<range>961.4730694930187</range>
					<altitudeMode>relativeToGround</altitudeMode>
				</LookAt>
				<styleUrl>#__managed_style_26DC9D05CF40DE0E202B</styleUrl>
				<Point>
					<altitudeMode>relativeToGround</altitudeMode>
					<coordinates>105.4180953,23.2272689,0</coordinates>
				</Point>
			</Placemark>
			<Placemark id="05688098873D1F24E588">
				<gx:mid>/g/11h7q45d91</gx:mid>
				<gx:fid>0x36cbe778c5d0a941:0xd534964062fdc751</gx:fid>
				<LookAt>
					<longitude>105.3938815</longitude>
					<latitude>23.2497358</latitude>
					<altitude>0</altitude>
					<heading>0</heading>
					<tilt>0</tilt>
					<gx:fovy>35</gx:fovy>
					<range>961.2931895408477</range>
					<altitudeMode>relativeToGround</altitudeMode>
				</LookAt>
				<styleUrl>#__managed_style_26DC9D05CF40DE0E202B</styleUrl>
				<Point>
					<altitudeMode>relativeToGround</altitudeMode>
					<coordinates>105.3938815,23.2497358,0</coordinates>
				</Point>
			</Placemark>
			<Placemark id="0C3A7606CB3D1F25BD18">
				<gx:mid>/g/12377jq9</gx:mid>
				<gx:fid>0x36cbe6d563596c85:0x692955ec00cb64d5</gx:fid>
				<LookAt>
					<longitude>105.361378</longitude>
					<latitude>23.2782612</latitude>
					<altitude>0</altitude>
					<heading>0</heading>
					<tilt>0</tilt>
					<gx:fovy>35</gx:fovy>
					<range>961.064574647006</range>
					<altitudeMode>relativeToGround</altitudeMode>
				</LookAt>
				<styleUrl>#__managed_style_1C7CEBA3B040DE0E2028</styleUrl>
				<Point>
					<altitudeMode>relativeToGround</altitudeMode>
					<coordinates>105.361378,23.2782612,0</coordinates>
				</Point>
			</Placemark>
			<Placemark id="033BFB73BD3D1F263C5F">
				<gx:mid>/g/11f0_c_1wf</gx:mid>
				<gx:fid>0x36cbe72a69983827:0xa9531e5be17225bb</gx:fid>
				<LookAt>
					<longitude>105.3612782</longitude>
					<latitude>23.27865229999999</latitude>
					<altitude>0</altitude>
					<heading>0</heading>
					<tilt>0</tilt>
					<gx:fovy>35</gx:fovy>
					<range>961.0614384308532</range>
					<altitudeMode>relativeToGround</altitudeMode>
				</LookAt>
				<styleUrl>#__managed_style_2C903B9DC640DE0E2030</styleUrl>
				<Point>
					<altitudeMode>relativeToGround</altitudeMode>
					<coordinates>105.3613433,23.2786644,0</coordinates>
				</Point>
			</Placemark>
			<Placemark id="0B5A5F5FDB3D1F2692E4">
				<gx:mid>/g/12lk4hdhm</gx:mid>
				<gx:fid>0x36cbe72af23918a1:0xdb49fa98850370db</gx:fid>
				<LookAt>
					<longitude>105.3619706</longitude>
					<latitude>23.2808264</latitude>
					<altitude>0</altitude>
					<heading>0</heading>
					<tilt>0</tilt>
					<gx:fovy>35</gx:fovy>
					<range>961.044003531412</range>
					<altitudeMode>relativeToGround</altitudeMode>
				</LookAt>
				<styleUrl>#__managed_style_2F03EBE15A40DE0E2044</styleUrl>
				<Point>
					<altitudeMode>relativeToGround</altitudeMode>
					<coordinates>105.3619706,23.2808264,0</coordinates>
				</Point>
			</Placemark>
			<Placemark id="052687F7303D1F26F31F">
				<gx:mid>/g/11hf9t_tv4</gx:mid>
				<gx:fid>0x36cbe39eb8ed465f:0x148f5798a62d006</gx:fid>
				<LookAt>
					<longitude>105.3107136</longitude>
					<latitude>23.2941827</latitude>
					<altitude>0</altitude>
					<heading>0</heading>
					<tilt>0</tilt>
					<gx:fovy>35</gx:fovy>
					<range>960.9368620117233</range>
					<altitudeMode>relativeToGround</altitudeMode>
				</LookAt>
				<styleUrl>#__managed_style_26DC9D05CF40DE0E202B</styleUrl>
				<Point>
					<altitudeMode>relativeToGround</altitudeMode>
					<coordinates>105.3107136,23.2941827,0</coordinates>
				</Point>
			</Placemark>
			<Placemark id="080A06FEAE3D1F27B690">
				<gx:mid>/g/122g3_c1</gx:mid>
				<gx:fid>0x36cbe1f68a0c33c7:0x302c4d0acbe9911f</gx:fid>
				<LookAt>
					<longitude>105.3163001</longitude>
					<latitude>23.3634061</latitude>
					<altitude>0</altitude>
					<heading>0</heading>
					<tilt>0</tilt>
					<gx:fovy>35</gx:fovy>
					<range>960.3806710006633</range>
					<altitudeMode>relativeToGround</altitudeMode>
				</LookAt>
				<styleUrl>#__managed_style_1C7CEBA3B040DE0E2028</styleUrl>
				<Point>
					<altitudeMode>relativeToGround</altitudeMode>
					<coordinates>105.3163001,23.3634061,0</coordinates>
				</Point>
			</Placemark>
			<Placemark id="0874FC92043D1F280CD0">
				<gx:mid>/g/11bw4sl61y</gx:mid>
				<gx:fid>0x36c95f4fc69802e3:0xa2930ab3e99ea3c2</gx:fid>
				<LookAt>
					<longitude>105.3225666</longitude>
					<latitude>23.3831747</latitude>
					<altitude>0</altitude>
					<heading>0</heading>
					<tilt>0</tilt>
					<gx:fovy>35</gx:fovy>
					<range>960.2215604112637</range>
					<altitudeMode>relativeToGround</altitudeMode>
				</LookAt>
				<styleUrl>#__managed_style_26DC9D05CF40DE0E202B</styleUrl>
				<Point>
					<altitudeMode>relativeToGround</altitudeMode>
					<coordinates>105.3225666,23.38317469999999,0</coordinates>
				</Point>
			</Placemark>
			<Placemark id="0DB4C498943D3B0C9774">
				<gx:mid>/g/11wvkm1947</gx:mid>
				<gx:fid>0x31420f003169bff5:0x1663fee0136db6ef</gx:fid>
				<LookAt>
					<longitude>108.326602</longitude>
					<latitude>15.8769791</latitude>
					<altitude>0</altitude>
					<heading>0</heading>
					<tilt>0</tilt>
					<gx:fovy>35</gx:fovy>
					<range>1011.588972348059</range>
					<altitudeMode>relativeToGround</altitudeMode>
				</LookAt>
				<styleUrl>#__managed_style_2C903B9DC640DE0E2030</styleUrl>
				<Point>
					<altitudeMode>relativeToGround</altitudeMode>
					<coordinates>108.3266153,15.8769778,0</coordinates>
				</Point>
			</Placemark>
			<Placemark id="059C08EDE43D6E31B11C">
				<gx:mid>/g/11vltycl1w</gx:mid>
				<gx:fid>0x314217d7c1a9b767:0xee34b7eface705a7</gx:fid>
				<LookAt>
					<longitude>108.2449766</longitude>
					<latitude>16.0497692</latitude>
					<altitude>0</altitude>
					<heading>0</heading>
					<tilt>0</tilt>
					<gx:fovy>35</gx:fovy>
					<range>1010.61572356943</range>
					<altitudeMode>relativeToGround</altitudeMode>
				</LookAt>
				<styleUrl>#__managed_style_2C903B9DC640DE0E2030</styleUrl>
				<Point>
					<altitudeMode>relativeToGround</altitudeMode>
					<coordinates>108.244974,16.0497778,0</coordinates>
				</Point>
			</Placemark>
			<Placemark id="071219E6A63D6E31F08B">
				<gx:mid>/g/11vqybs5h6</gx:mid>
				<gx:fid>0x314217004da39433:0xabb29dd27918e63</gx:fid>
				<LookAt>
					<longitude>108.2462867</longitude>
					<latitude>16.0387315</latitude>
					<altitude>0</altitude>
					<heading>0</heading>
					<tilt>0</tilt>
					<gx:fovy>35</gx:fovy>
					<range>1010.678195472476</range>
					<altitudeMode>relativeToGround</altitudeMode>
				</LookAt>
				<styleUrl>#__managed_style_2C903B9DC640DE0E2030</styleUrl>
				<Point>
					<altitudeMode>relativeToGround</altitudeMode>
					<coordinates>108.2462875,16.0387319,0</coordinates>
				</Point>
			</Placemark>
			<Placemark id="0659BBF3823D6E3231AF">
				<gx:mid>/g/11y6_r5jvj</gx:mid>
				<gx:fid>0x314217b9205abb85:0x785368779cc6f3</gx:fid>
				<LookAt>
					<longitude>108.2453681</longitude>
					<latitude>16.0518774</latitude>
					<altitude>0</altitude>
					<heading>0</heading>
					<tilt>0</tilt>
					<gx:fovy>35</gx:fovy>
					<range>1010.60378676182</range>
					<altitudeMode>relativeToGround</altitudeMode>
				</LookAt>
				<styleUrl>#__managed_style_2C903B9DC640DE0E2030</styleUrl>
				<Point>
					<altitudeMode>relativeToGround</altitudeMode>
					<coordinates>108.2453681,16.0518774,0</coordinates>
				</Point>
			</Placemark>
			<Placemark id="0F8F381DA33D6E491296">
				<gx:mid>/g/11sw_2kg7_</gx:mid>
				<gx:fid>0x314219987c35ac67:0x7341605a4ebfdf3f</gx:fid>
				<LookAt>
					<longitude>108.2314216</longitude>
					<latitude>16.0604617</latitude>
					<altitude>0</altitude>
					<heading>0</heading>
					<tilt>0</tilt>
					<gx:fovy>35</gx:fovy>
					<range>1010.5551662329</range>
					<altitudeMode>relativeToGround</altitudeMode>
				</LookAt>
				<styleUrl>#__managed_style_06A517022340DE0E202C</styleUrl>
				<Point>
					<altitudeMode>relativeToGround</altitudeMode>
					<coordinates>108.2314216,16.0604617,0</coordinates>
				</Point>
			</Placemark>
			<Placemark id="00BCB7993F3E8F1B27DE">
				<gx:mid>/m/0vb3mwh</gx:mid>
				<gx:fid>0x31367913413b466f:0xb73197d576d1ee7</gx:fid>
				<LookAt>
					<longitude>105.9083607</longitude>
					<latitude>20.2843154</latitude>
					<altitude>0</altitude>
					<heading>0</heading>
					<tilt>0</tilt>
					<gx:fovy>35</gx:fovy>
					<range>983.6517338540312</range>
					<altitudeMode>relativeToGround</altitudeMode>
				</LookAt>
				<styleUrl>#__managed_style_1C7CEBA3B040DE0E2028</styleUrl>
				<Point>
					<altitudeMode>relativeToGround</altitudeMode>
					<coordinates>105.9083607,20.2843154,0</coordinates>
				</Point>
			</Placemark>
		</Folder>
		<Folder id="0370C0890A341F9D5C59">
			<name>ערים עיירות</name>
			<styleUrl>#__managed_style_33D814B26940DE0E202C</styleUrl>
			<Placemark id="07432967FB2DD1250ED5">
				<name>cat cat village - Day Trip</name>
				<LookAt>
					<longitude>103.8335029505351</longitude>
					<latitude>22.32733294200898</latitude>
					<altitude>1208.532677465847</altitude>
					<heading>126.4643887112578</heading>
					<tilt>0</tilt>
					<gx:fovy>35</gx:fovy>
					<range>851.3691288539851</range>
					<altitudeMode>absolute</altitudeMode>
				</LookAt>
				<styleUrl>#__managed_style_163254290940DE0E204E</styleUrl>
				<Point>
					<coordinates>103.8336979792669,22.3276977660298,1203.735490804884</coordinates>
				</Point>
			</Placemark>
			<Placemark id="00009BD2C232EDCC5F55">
				<name>Ho Chi Minh City - 2 Nights</name>
				<gx:mid>/m/0hn4h</gx:mid>
				<gx:fid>0x317529292e8d3dd1:0xf15f5aad773c112b</gx:fid>
				<LookAt>
					<longitude>106.69522765</longitude>
					<latitude>10.754792</latitude>
					<altitude>0</altitude>
					<heading>0</heading>
					<tilt>0</tilt>
					<gx:fovy>35</gx:fovy>
					<range>182709.3994504063</range>
					<altitudeMode>relativeToGround</altitudeMode>
				</LookAt>
				<styleUrl>#__managed_style_0555A37FED40DE0E202E</styleUrl>
				<Point>
					<altitudeMode>relativeToGround</altitudeMode>
					<coordinates>106.6296638,10.8230989,0</coordinates>
				</Point>
			</Placemark>
			<Placemark id="03E33B8F7332EDCC7DE7">
				<name>Nha Trang - 2-3 Nights</name>
				<gx:mid>/m/044cjv</gx:mid>
				<gx:fid>0x3170677811cc886f:0x5c4bbc0aa81edcb9</gx:fid>
				<LookAt>
					<longitude>109.246502</longitude>
					<latitude>12.25947015</latitude>
					<altitude>0</altitude>
					<heading>0</heading>
					<tilt>0</tilt>
					<gx:fovy>35</gx:fovy>
					<range>45433.77830834084</range>
					<altitudeMode>relativeToGround</altitudeMode>
				</LookAt>
				<styleUrl>#__managed_style_0555A37FED40DE0E202E</styleUrl>
				<Point>
					<altitudeMode>relativeToGround</altitudeMode>
					<coordinates>109.1899018,12.2529152,0</coordinates>
				</Point>
			</Placemark>
			<Placemark id="0049BBB85B32EDCCB615">
				<name>Hội An - 1 Night</name>
				<gx:mid>/m/06fbpd</gx:mid>
				<gx:fid>0x31420dd4e1353a7b:0xae336435edfcca3</gx:fid>
				<LookAt>
					<longitude>108.41707305</longitude>
					<latitude>15.9182921</latitude>
					<altitude>0</altitude>
					<heading>0</heading>
					<tilt>0</tilt>
					<gx:fovy>35</gx:fovy>
					<range>44711.15762221798</range>
					<altitudeMode>relativeToGround</altitudeMode>
				</LookAt>
				<styleUrl>#__managed_style_11CD643F1A40DE0E2037</styleUrl>
				<Point>
					<altitudeMode>relativeToGround</altitudeMode>
					<coordinates>108.3298257113181,15.87865889496557,0</coordinates>
				</Point>
			</Placemark>
			<Placemark id="03402F29A632EDCD1EB1">
				<name>Hue - Day Trip / 1 Night</name>
				<gx:mid>/m/0g7sl</gx:mid>
				<gx:fid>0x3141a115e1a7935f:0xbf3b50af70b5c7b7</gx:fid>
				<LookAt>
					<longitude>107.5771132</longitude>
					<latitude>16.45339045</latitude>
					<altitude>0</altitude>
					<heading>0</heading>
					<tilt>0</tilt>
					<gx:fovy>35</gx:fovy>
					<range>22295.05902910849</range>
					<altitudeMode>relativeToGround</altitudeMode>
				</LookAt>
				<styleUrl>#__managed_style_2BA707B13D40DE0E204F</styleUrl>
				<Point>
					<altitudeMode>relativeToGround</altitudeMode>
					<coordinates>107.5908628,16.4637117,0</coordinates>
				</Point>
			</Placemark>
			<Placemark id="0D51FDD7AC32EDCDB3B6">
				<name>Hanoi - 2 Nights</name>
				<gx:mid>/m/0fnff</gx:mid>
				<gx:fid>0x3135ab9bd9861ca1:0xe7887f7b72ca17a9</gx:fid>
				<LookAt>
					<longitude>105.8369637</longitude>
					<latitude>21.0227396</latitude>
					<altitude>0</altitude>
					<heading>0</heading>
					<tilt>0</tilt>
					<gx:fovy>35</gx:fovy>
					<range>10849.82433457524</range>
					<altitudeMode>relativeToGround</altitudeMode>
				</LookAt>
				<styleUrl>#__managed_style_11CD643F1A40DE0E2037</styleUrl>
				<Point>
					<altitudeMode>relativeToGround</altitudeMode>
					<coordinates>105.8341598,21.0277644,0</coordinates>
				</Point>
			</Placemark>
			<Placemark id="09EBC609FB32EDD00163">
				<name>tt. Tam Đảo - Day Trip \ 1 Night</name>
				<gx:mid>/g/1hjgtm5jm</gx:mid>
				<gx:fid>0x3134e7079ff0f95f:0x2e17a9158885d1a4</gx:fid>
				<LookAt>
					<longitude>105.6429326</longitude>
					<latitude>21.45490555</latitude>
					<altitude>0</altitude>
					<heading>0</heading>
					<tilt>0</tilt>
					<gx:fovy>35</gx:fovy>
					<range>5217.238354309315</range>
					<altitudeMode>relativeToGround</altitudeMode>
				</LookAt>
				<styleUrl>#__managed_style_0555A37FED40DE0E202E</styleUrl>
				<Point>
					<altitudeMode>relativeToGround</altitudeMode>
					<coordinates>105.6446633062548,21.45444968613838,0</coordinates>
				</Point>
			</Placemark>
			<Placemark id="0A6149777A32EDD09823">
				<name>Sa Pa - 1-2 Nights</name>
				<gx:mid>/m/07h8y7</gx:mid>
				<gx:fid>0x36cd416833ee9ad5:0xe1f42da2bbc76727</gx:fid>
				<LookAt>
					<longitude>103.8169384</longitude>
					<latitude>22.3476111</latitude>
					<altitude>0</altitude>
					<heading>0</heading>
					<tilt>0</tilt>
					<gx:fovy>35</gx:fovy>
					<range>21501.02522205463</range>
					<altitudeMode>relativeToGround</altitudeMode>
				</LookAt>
				<styleUrl>#__managed_style_0555A37FED40DE0E202E</styleUrl>
				<Point>
					<altitudeMode>relativeToGround</altitudeMode>
					<coordinates>103.8437852,22.3363608,0</coordinates>
				</Point>
			</Placemark>
			<Placemark id="0CE8BA15F7341EED5E08">
				<name>Dalat - 2-3 Nights</name>
				<gx:mid>/m/06cl9r</gx:mid>
				<gx:fid>0x317112fef20988b1:0xad5f228b672bf930</gx:fid>
				<LookAt>
					<longitude>108.4507227</longitude>
					<latitude>11.90391085</latitude>
					<altitude>0</altitude>
					<heading>0</heading>
					<tilt>0</tilt>
					<gx:fovy>35</gx:fovy>
					<range>45494.16868568773</range>
					<altitudeMode>relativeToGround</altitudeMode>
				</LookAt>
				<styleUrl>#__managed_style_0555A37FED40DE0E202E</styleUrl>
				<Point>
					<altitudeMode>relativeToGround</altitudeMode>
					<coordinates>108.4583132,11.9404192,0</coordinates>
				</Point>
			</Placemark>
			<Placemark id="0CD0041D47341FF5B77A">
				<name>Da Nang - 2-3 Nights</name>
				<gx:mid>/g/11bc5hq_qy</gx:mid>
				<gx:fid>0x314219c792252a13:0xfc14e3a044436487</gx:fid>
				<LookAt>
					<longitude>108.20670605</longitude>
					<latitude>16.04716875</latitude>
					<altitude>0</altitude>
					<heading>0</heading>
					<tilt>0</tilt>
					<gx:fovy>35</gx:fovy>
					<range>22341.18088330853</range>
					<altitudeMode>relativeToGround</altitudeMode>
				</LookAt>
				<styleUrl>#__managed_style_0555A37FED40DE0E202E</styleUrl>
				<Point>
					<altitudeMode>relativeToGround</altitudeMode>
					<coordinates>108.2021667,16.0544068,0</coordinates>
				</Point>
			</Placemark>
			<Placemark id="0B89E0FEED3420017CB8">
				<name>Hạ Long - Day Trip \ 1 Night</name>
				<gx:mid>/m/0b6y55</gx:mid>
				<gx:fid>0x314a583f825ff2c9:0xc5d143510be28d44</gx:fid>
				<LookAt>
					<longitude>107.0428742</longitude>
					<latitude>20.96737835</latitude>
					<altitude>0</altitude>
					<heading>0</heading>
					<tilt>0</tilt>
					<gx:fovy>35</gx:fovy>
					<range>43415.39311670903</range>
					<altitudeMode>relativeToGround</altitudeMode>
				</LookAt>
				<styleUrl>#__managed_style_0555A37FED40DE0E202E</styleUrl>
				<Point>
					<altitudeMode>relativeToGround</altitudeMode>
					<coordinates>107.0448069,20.9711977,0</coordinates>
				</Point>
			</Placemark>
			<Placemark id="055B0B5F7E34570D95DB">
				<name>Ninh Bình - Day Trip / 1 Night</name>
				<gx:mid>/m/07m23f</gx:mid>
				<gx:fid>0x313670ab6f10c8c1:0x888a79884edbe5cc</gx:fid>
				<LookAt>
					<longitude>105.97545155</longitude>
					<latitude>20.24511945</latitude>
					<altitude>0</altitude>
					<heading>0</heading>
					<tilt>0</tilt>
					<gx:fovy>35</gx:fovy>
					<range>21810.8319691716</range>
					<altitudeMode>relativeToGround</altitudeMode>
				</LookAt>
				<styleUrl>#__managed_style_0555A37FED40DE0E202E</styleUrl>
				<Point>
					<altitudeMode>relativeToGround</altitudeMode>
					<coordinates>105.9744536,20.2506149,0</coordinates>
				</Point>
			</Placemark>
			<Placemark id="00BE87BD133457133CE7">
				<name>Grand World Hà Nội - 1  Night</name>
				<gx:mid>/g/11kk09z_9n</gx:mid>
				<gx:fid>0x3135a51517be0885:0x13ef2091b6f7d888</gx:fid>
				<LookAt>
					<longitude>105.9754353</longitude>
					<latitude>20.9530607</latitude>
					<altitude>0</altitude>
					<heading>0</heading>
					<tilt>0</tilt>
					<gx:fovy>35</gx:fovy>
					<range>978.8552773191836</range>
					<altitudeMode>relativeToGround</altitudeMode>
				</LookAt>
				<styleUrl>#__managed_style_0555A37FED40DE0E202E</styleUrl>
				<Point>
					<altitudeMode>relativeToGround</altitudeMode>
					<coordinates>105.9754353,20.9530607,0</coordinates>
				</Point>
			</Placemark>
			<Placemark id="0BA35A978434996BF1CA">
				<name>Hà Giang</name>
				<gx:mid>/m/07m1tp</gx:mid>
				<gx:fid>0x36cc79b180b4239d:0xb7a373a73bc23544</gx:fid>
				<LookAt>
					<longitude>104.99904165</longitude>
					<latitude>22.77273815</latitude>
					<altitude>0</altitude>
					<heading>0</heading>
					<tilt>0</tilt>
					<gx:fovy>35</gx:fovy>
					<range>42869.6981532524</range>
					<altitudeMode>relativeToGround</altitudeMode>
				</LookAt>
				<styleUrl>#__managed_style_17B891F30140DE0E2059</styleUrl>
				<Point>
					<altitudeMode>relativeToGround</altitudeMode>
					<coordinates>104.9861330862826,22.81728980635239,0</coordinates>
				</Point>
			</Placemark>
			<Placemark id="008E2A1A1E34FD47334F">
				<name>Phu Quoc 2-5 Nights</name>
				<gx:mid>/g/1q6bf7x95</gx:mid>
				<gx:fid>0x31a78bf183ffe9d1:0x4e566a019bd71b14</gx:fid>
				<LookAt>
					<longitude>103.7913472</longitude>
					<latitude>9.860764100000001</latitude>
					<altitude>0</altitude>
					<heading>0</heading>
					<tilt>0</tilt>
					<gx:fovy>35</gx:fovy>
					<range>366457.3033735739</range>
					<altitudeMode>relativeToGround</altitudeMode>
				</LookAt>
				<styleUrl>#__managed_style_0555A37FED40DE0E202E</styleUrl>
				<Point>
					<altitudeMode>relativeToGround</altitudeMode>
					<coordinates>104.0136092756536,10.23360079863913,0</coordinates>
				</Point>
			</Placemark>
			<Placemark id="09A176A0163507472552">
				<name>מסלול אופציונלי צפון ויאטנם</name>
				<LookAt>
					<longitude>107.4026092243223</longitude>
					<latitude>19.51513728617482</latitude>
					<altitude>-122.1717756304996</altitude>
					<heading>0</heading>
					<tilt>0</tilt>
					<gx:fovy>35</gx:fovy>
					<range>1157335.724274069</range>
					<altitudeMode>absolute</altitudeMode>
				</LookAt>
				<styleUrl>#__managed_style_10E71A795E40DE0E2056</styleUrl>
				<LineString>
					<coordinates>
						105.856860301837,20.99565471185235,0 105.975607199817,20.95297224344035,0 105.9746262667905,20.25191149311917,0 
					</coordinates>
				</LineString>
			</Placemark>
			<Placemark id="0C8DA26E113507486A9F">
				<name>מסלול בונוס אפשרי</name>
				<LookAt>
					<longitude>107.6083116982889</longitude>
					<latitude>16.4518749365635</latitude>
					<altitude>7.744675708427843</altitude>
					<heading>0</heading>
					<tilt>0</tilt>
					<gx:fovy>35</gx:fovy>
					<range>16151.92237331998</range>
					<altitudeMode>absolute</altitudeMode>
				</LookAt>
				<styleUrl>#__managed_style_33D814B26940DE0E202C</styleUrl>
				<LineString>
					<coordinates>
						108.2025008112492,16.05441629055514,0 107.5906705649869,16.46412999518877,0 
					</coordinates>
				</LineString>
			</Placemark>
			<Placemark id="034ADD3564351C8E3EBC">
				<name>Phong Nha - 1-2 Nights</name>
				<snippet></snippet>
				<gx:mid>/g/1hhgk6j31</gx:mid>
				<gx:fid>0x3138ba47c7d0412f:0xd9361a7aaec611bb</gx:fid>
				<LookAt>
					<longitude>106.28163095</longitude>
					<latitude>17.58010985</latitude>
					<altitude>0</altitude>
					<heading>0</heading>
					<tilt>0</tilt>
					<gx:fovy>35</gx:fovy>
					<range>2233.328998667891</range>
					<altitudeMode>relativeToGround</altitudeMode>
				</LookAt>
				<styleUrl>#__managed_style_18553023C540DE0E203C</styleUrl>
				<Point>
					<altitudeMode>relativeToGround</altitudeMode>
					<coordinates>106.3045328399585,17.61078224644186,0</coordinates>
				</Point>
			</Placemark>
			<Placemark id="0470728B183D1F257133">
				<gx:mid>/g/122h08tv</gx:mid>
				<gx:fid>0x36cbe129975296d3:0x6c28f95fa6aadc9f</gx:fid>
				<LookAt>
					<longitude>105.357803</longitude>
					<latitude>23.2898021</latitude>
					<altitude>0</altitude>
					<heading>0</heading>
					<tilt>0</tilt>
					<gx:fovy>35</gx:fovy>
					<range>21352.77173117493</range>
					<altitudeMode>relativeToGround</altitudeMode>
				</LookAt>
				<styleUrl>#__managed_style_22544FB3C340DE0E2043</styleUrl>
				<Point>
					<altitudeMode>relativeToGround</altitudeMode>
					<coordinates>105.3631351034736,23.27657069787163,0</coordinates>
				</Point>
			</Placemark>
			<Placemark id="03599156963D1F277DD8">
				<gx:mid>/g/11cn9kx5p4</gx:mid>
				<gx:fid>0x36cbe1f6006b5c17:0xea39945a524e7971</gx:fid>
				<LookAt>
					<longitude>105.3127078</longitude>
					<latitude>23.3622129</latitude>
					<altitude>0</altitude>
					<heading>0</heading>
					<tilt>0</tilt>
					<gx:fovy>35</gx:fovy>
					<range>960.3902707395531</range>
					<altitudeMode>relativeToGround</altitudeMode>
				</LookAt>
				<styleUrl>#__managed_style_22544FB3C340DE0E2043</styleUrl>
				<Point>
					<altitudeMode>relativeToGround</altitudeMode>
					<coordinates>105.3127078,23.3622129,0</coordinates>
				</Point>
			</Placemark>
		</Folder>
	</Folder>
	<Folder id="0A9C4C7D8B3D239D19BE">
		<name>בונוס</name>
		<styleUrl>#__managed_style_33D814B26940DE0E202C</styleUrl>
		<Placemark id="0F19C6BE4C3D23923CA4">
			<name>Bạch Long glass bridge</name>
			<snippet></snippet>
			<gx:mid>/g/11rz2cx5qv</gx:mid>
			<gx:fid>0x3133bf469838af5d:0xf4dc2ef52ffeab37</gx:fid>
			<LookAt>
				<longitude>104.570269</longitude>
				<latitude>20.8492564</latitude>
				<altitude>0</altitude>
				<heading>0</heading>
				<tilt>0</tilt>
				<gx:fovy>35</gx:fovy>
				<range>979.6092622387081</range>
				<altitudeMode>relativeToGround</altitudeMode>
			</LookAt>
			<styleUrl>#__managed_style_0376D25F1840DE0E2029</styleUrl>
			<Point>
				<altitudeMode>relativeToGround</altitudeMode>
				<coordinates>104.570269,20.8492564,0</coordinates>
			</Point>
		</Placemark>
		<Placemark id="1E724A59463D23923CA4">
			<name>Mộc Châu Happy Land</name>
			<snippet></snippet>
			<gx:mid>/g/11ck9753t4</gx:mid>
			<gx:fid>0x3133c0a41b22d84f:0xcb95c9bcfe9cf522</gx:fid>
			<LookAt>
				<longitude>104.5799672</longitude>
				<latitude>20.83850839999999</latitude>
				<altitude>0</altitude>
				<heading>0</heading>
				<tilt>0</tilt>
				<gx:fovy>35</gx:fovy>
				<range>979.6871322258266</range>
				<altitudeMode>relativeToGround</altitudeMode>
			</LookAt>
			<styleUrl>#__managed_style_0376D25F1840DE0E2029</styleUrl>
			<Point>
				<altitudeMode>relativeToGround</altitudeMode>
				<coordinates>104.5799672,20.8385084,0</coordinates>
			</Point>
		</Placemark>
		<Placemark id="2DDC45D53A3D23923CA4">
			<name>Nhà Hàng TaBamBoo Mộc Châu Island</name>
			<snippet></snippet>
			<gx:mid>/g/11sy_s72zz</gx:mid>
			<gx:fid>0x3133bfca67ae9de3:0x37e376118d91ffc2</gx:fid>
			<LookAt>
				<longitude>104.5672512</longitude>
				<latitude>20.8558143</latitude>
				<altitude>0</altitude>
				<heading>0</heading>
				<tilt>0</tilt>
				<gx:fovy>35</gx:fovy>
				<range>979.5617315187653</range>
				<altitudeMode>relativeToGround</altitudeMode>
			</LookAt>
			<styleUrl>#__managed_style_067B8628DC40DE0E2041</styleUrl>
			<Point>
				<altitudeMode>relativeToGround</altitudeMode>
				<coordinates>104.5672512,20.8558143,0</coordinates>
			</Point>
		</Placemark>
		<Placemark id="3A7277D82B3D23923CA4">
			<name>Thác Dải Yếm</name>
			<snippet></snippet>
			<gx:mid>/g/121xd1n8</gx:mid>
			<gx:fid>0x3133c1b63b637685:0x7a9507f393b73966</gx:fid>
			<LookAt>
				<longitude>104.5923043</longitude>
				<latitude>20.8152076</latitude>
				<altitude>0</altitude>
				<heading>0</heading>
				<tilt>0</tilt>
				<gx:fovy>35</gx:fovy>
				<range>979.8558202157305</range>
				<altitudeMode>relativeToGround</altitudeMode>
			</LookAt>
			<styleUrl>#__managed_style_2EA8D49DBA40DE0E204E</styleUrl>
			<Point>
				<altitudeMode>relativeToGround</altitudeMode>
				<coordinates>104.5923043,20.8152076,0</coordinates>
			</Point>
		</Placemark>
		<Placemark id="00FB0F58B63D23938993">
			<name>Bản Lác</name>
			<snippet></snippet>
			<gx:mid>/g/11v3qp3hhw</gx:mid>
			<gx:fid>0x3134099d311efcaf:0x35ac53b7e564a31c</gx:fid>
			<LookAt>
				<longitude>105.071534</longitude>
				<latitude>20.6520366</latitude>
				<altitude>0</altitude>
				<heading>0</heading>
				<tilt>0</tilt>
				<gx:fovy>35</gx:fovy>
				<range>981.0322015749406</range>
				<altitudeMode>relativeToGround</altitudeMode>
			</LookAt>
			<styleUrl>#__managed_style_424926949940DE0E2038</styleUrl>
			<Point>
				<altitudeMode>relativeToGround</altitudeMode>
				<coordinates>105.071534,20.6520366,0</coordinates>
			</Point>
		</Placemark>
		<Placemark id="02B23D110B3D2393F649">
			<name>CAFE ĐÈO ĐÁ TRẮNG</name>
			<snippet></snippet>
			<gx:mid>/g/11wqnnzpjd</gx:mid>
			<gx:fid>0x31340f0039f84d15:0x9031091c79720499</gx:fid>
			<LookAt>
				<longitude>105.1443098</longitude>
				<latitude>20.6595774</latitude>
				<altitude>0</altitude>
				<heading>0</heading>
				<tilt>0</tilt>
				<gx:fovy>35</gx:fovy>
				<range>980.9780256049133</range>
				<altitudeMode>relativeToGround</altitudeMode>
			</LookAt>
			<styleUrl>#__managed_style_1F182031D140DE0E2038</styleUrl>
			<Point>
				<altitudeMode>relativeToGround</altitudeMode>
				<coordinates>105.1443128,20.6595829,0</coordinates>
			</Point>
		</Placemark>
		<Placemark id="160D6056673D2393F649">
			<name>Mai Chau Ecolodge</name>
			<snippet></snippet>
			<gx:mid>/g/11b6367yj6</gx:mid>
			<gx:fid>0x31340853631f0787:0xbd0268e1f4ab7516</gx:fid>
			<LookAt>
				<longitude>105.0697523</longitude>
				<latitude>20.6577485</latitude>
				<altitude>0</altitude>
				<heading>0</heading>
				<tilt>0</tilt>
				<gx:fovy>35</gx:fovy>
				<range>980.9911668040019</range>
				<altitudeMode>relativeToGround</altitudeMode>
			</LookAt>
			<styleUrl>#__managed_style_2C4165CFC040DE0E2040</styleUrl>
			<Point>
				<altitudeMode>relativeToGround</altitudeMode>
				<coordinates>105.0690371087711,20.6576270821492,0</coordinates>
			</Point>
		</Placemark>
		<Placemark id="25816A8E163D2393F649">
			<name>Mai Chau Top View Cafe</name>
			<snippet></snippet>
			<gx:mid>/g/11spqzr7kf</gx:mid>
			<gx:fid>0x313409246df2b669:0xb03cdc33fad5ac93</gx:fid>
			<LookAt>
				<longitude>105.085791</longitude>
				<latitude>20.6767481</latitude>
				<altitude>0</altitude>
				<heading>0</heading>
				<tilt>0</tilt>
				<gx:fovy>35</gx:fovy>
				<range>980.8545962534948</range>
				<altitudeMode>relativeToGround</altitudeMode>
			</LookAt>
			<styleUrl>#__managed_style_1F182031D140DE0E2038</styleUrl>
			<Point>
				<altitudeMode>relativeToGround</altitudeMode>
				<coordinates>105.085791,20.6767481,0</coordinates>
			</Point>
		</Placemark>
		<Placemark id="0BA684A34A3D239568F1">
			<name>Kho Mường</name>
			<snippet></snippet>
			<gx:mid>/g/1vg_4rxd</gx:mid>
			<gx:fid>0x3134023bb6cdb82f:0xe5de0a7ced6a8357</gx:fid>
			<LookAt>
				<longitude>105.153172</longitude>
				<latitude>20.44840665</latitude>
				<altitude>0</altitude>
				<heading>0</heading>
				<tilt>0</tilt>
				<gx:fovy>35</gx:fovy>
				<range>982.4882063653286</range>
				<altitudeMode>relativeToGround</altitudeMode>
			</LookAt>
			<styleUrl>#__managed_style_424926949940DE0E2038</styleUrl>
			<Point>
				<altitudeMode>relativeToGround</altitudeMode>
				<coordinates>105.1529421,20.4486851,0</coordinates>
			</Point>
		</Placemark>
		<Placemark id="01F34FC46A3D2395C6E1">
			<name>Ban Leo rice field</name>
			<snippet></snippet>
			<gx:mid>/g/11t831p34t</gx:mid>
			<gx:fid>0x313403c5141723bb:0x45b1d6d27ec4199</gx:fid>
			<LookAt>
				<longitude>105.163186</longitude>
				<latitude>20.442299</latitude>
				<altitude>0</altitude>
				<heading>0</heading>
				<tilt>0</tilt>
				<gx:fovy>35</gx:fovy>
				<range>982.5316703743438</range>
				<altitudeMode>relativeToGround</altitudeMode>
			</LookAt>
			<styleUrl>#__managed_style_5D8CC8E4B740DE0E2034</styleUrl>
			<Point>
				<altitudeMode>relativeToGround</altitudeMode>
				<coordinates>105.163186,20.442299,0</coordinates>
			</Point>
		</Placemark>
		<Placemark id="191CCE73783D2395C6E1">
			<name>Puluong Casa Resort</name>
			<snippet></snippet>
			<gx:mid>/g/11n2xtv8x5</gx:mid>
			<gx:fid>0x3134012e23caa4f5:0x48bf4d1cb4322b37</gx:fid>
			<LookAt>
				<longitude>105.1334432</longitude>
				<latitude>20.4600523</latitude>
				<altitude>0</altitude>
				<heading>0</heading>
				<tilt>0</tilt>
				<gx:fovy>35</gx:fovy>
				<range>982.4052986949924</range>
				<altitudeMode>relativeToGround</altitudeMode>
			</LookAt>
			<styleUrl>#__managed_style_2C4165CFC040DE0E2040</styleUrl>
			<Point>
				<altitudeMode>relativeToGround</altitudeMode>
				<coordinates>105.1334432,20.4600523,0</coordinates>
			</Point>
		</Placemark>
		<Placemark id="25824604043D2395C6E1">
			<name>Cung đường chữ S (Bản Đôn)</name>
			<snippet></snippet>
			<gx:mid>/g/11w1f56z2q</gx:mid>
			<gx:fid>0x313403007ad5f121:0xf99b5f032492129c</gx:fid>
			<LookAt>
				<longitude>105.1579453</longitude>
				<latitude>20.4493422</latitude>
				<altitude>0</altitude>
				<heading>0</heading>
				<tilt>0</tilt>
				<gx:fovy>35</gx:fovy>
				<range>982.481547622904</range>
				<altitudeMode>relativeToGround</altitudeMode>
			</LookAt>
			<styleUrl>#__managed_style_5D8CC8E4B740DE0E2034</styleUrl>
			<Point>
				<altitudeMode>relativeToGround</altitudeMode>
				<coordinates>105.1579453,20.4493422,0</coordinates>
			</Point>
		</Placemark>
		<Placemark id="0C6D139C823D2396A688">
			<name>Tượng Phật Quan Thế Âm Bồ Tát</name>
			<snippet></snippet>
			<gx:mid>/g/11vbp01bzb</gx:mid>
			<gx:fid>0x31684d7fd9e3e1d7:0x286706014b4a752</gx:fid>
			<LookAt>
				<longitude>108.8823361</longitude>
				<latitude>15.1547052</latitude>
				<altitude>0</altitude>
				<heading>0</heading>
				<tilt>0</tilt>
				<gx:fovy>35</gx:fovy>
				<range>1015.547776322713</range>
				<altitudeMode>relativeToGround</altitudeMode>
			</LookAt>
			<styleUrl>#__managed_style_22E7693D6940DE0E2034</styleUrl>
			<Point>
				<altitudeMode>relativeToGround</altitudeMode>
				<coordinates>108.8823361,15.1547052,0</coordinates>
			</Point>
		</Placemark>
		<Placemark id="05BD0CBBC83D2396E67C">
			<name>The Grave of Huỳnh Thúc Kháng</name>
			<snippet></snippet>
			<gx:mid>/g/1hc0tdk9t</gx:mid>
			<gx:fid>0x316852afb240ce85:0x56c8002a76508984</gx:fid>
			<LookAt>
				<longitude>108.8169046</longitude>
				<latitude>15.1471939</latitude>
				<altitude>0</altitude>
				<heading>0</heading>
				<tilt>0</tilt>
				<gx:fovy>35</gx:fovy>
				<range>1015.588015774918</range>
				<altitudeMode>relativeToGround</altitudeMode>
			</LookAt>
			<styleUrl>#__managed_style_22E7693D6940DE0E2034</styleUrl>
			<Point>
				<altitudeMode>relativeToGround</altitudeMode>
				<coordinates>108.8169046,15.1471939,0</coordinates>
			</Point>
		</Placemark>
		<Placemark id="06E103BB553D2397279F">
			<name>Cát Tiến</name>
			<snippet></snippet>
			<gx:mid>/g/11xclpjmf</gx:mid>
			<gx:fid>0x316f40d063f4456f:0xb5886f9b332e996b</gx:fid>
			<LookAt>
				<longitude>109.22629955</longitude>
				<latitude>13.95225165</latitude>
				<altitude>0</altitude>
				<heading>0</heading>
				<tilt>0</tilt>
				<gx:fovy>35</gx:fovy>
				<range>11280.57842075396</range>
				<altitudeMode>relativeToGround</altitudeMode>
			</LookAt>
			<styleUrl>#__managed_style_424926949940DE0E2038</styleUrl>
			<Point>
				<altitudeMode>relativeToGround</altitudeMode>
				<coordinates>109.2236831,13.9514977,0</coordinates>
			</Point>
		</Placemark>
		<Placemark id="0A451F1D0A3D2397A658">
			<name>כיכר ועלייה לתצפית מכאן</name>
			<snippet></snippet>
			<LookAt>
				<longitude>109.2370010744324</longitude>
				<latitude>13.95083464713673</latitude>
				<altitude>16.26321602112136</altitude>
				<heading>8.997242389401599</heading>
				<tilt>0</tilt>
				<gx:fovy>83.90198906578992</gx:fovy>
				<range>155.9051419078605</range>
				<altitudeMode>absolute</altitudeMode>
			</LookAt>
			<styleUrl>#__managed_style_0A838D380F40DE0E2050</styleUrl>
			<Point>
				<coordinates>109.2373071765681,13.95091440398174,13.40533121157747</coordinates>
			</Point>
		</Placemark>
		<Placemark id="1BACFA33463D2397A658">
			<name>Thiền Viện Thiên Hưng - Phật Đài</name>
			<snippet></snippet>
			<gx:mid>/g/11p50lxjzn</gx:mid>
			<gx:fid>0x316f41d8dcee4d31:0xd82953c9c14f242d</gx:fid>
			<LookAt>
				<longitude>109.2382659</longitude>
				<latitude>13.9537172</latitude>
				<altitude>0</altitude>
				<heading>0</heading>
				<tilt>0</tilt>
				<gx:fovy>35</gx:fovy>
				<range>1021.737256057446</range>
				<altitudeMode>relativeToGround</altitudeMode>
			</LookAt>
			<styleUrl>#__managed_style_22E7693D6940DE0E2034</styleUrl>
			<Point>
				<altitudeMode>relativeToGround</altitudeMode>
				<coordinates>109.2382659,13.9537172,0</coordinates>
			</Point>
		</Placemark>
		<Placemark id="3192E22B573D2397A658">
			<name>Linh Phong - Ong Nui Temple</name>
			<snippet></snippet>
			<gx:mid>/g/1hc6mvrbf</gx:mid>
			<gx:fid>0x316f4129738f166d:0x54303898e3a494d5</gx:fid>
			<LookAt>
				<longitude>109.234498</longitude>
				<latitude>13.9529051</latitude>
				<altitude>0</altitude>
				<heading>0</heading>
				<tilt>0</tilt>
				<gx:fovy>35</gx:fovy>
				<range>1021.741274404916</range>
				<altitudeMode>relativeToGround</altitudeMode>
			</LookAt>
			<styleUrl>#__managed_style_22E7693D6940DE0E2034</styleUrl>
			<Point>
				<altitudeMode>relativeToGround</altitudeMode>
				<coordinates>109.2345225,13.9528715,0</coordinates>
			</Point>
		</Placemark>
		<Placemark id="0FF22FA1A83D239844F8">
			<gx:mid>/g/11ghnynmzb</gx:mid>
			<gx:fid>0x316f417ce06e0b57:0xfdc8eba67be2919b</gx:fid>
			<LookAt>
				<longitude>109.2490215</longitude>
				<latitude>13.9596905</latitude>
				<altitude>0</altitude>
				<heading>0</heading>
				<tilt>0</tilt>
				<gx:fovy>35</gx:fovy>
				<range>1021.707692652233</range>
				<altitudeMode>relativeToGround</altitudeMode>
			</LookAt>
			<styleUrl>#__managed_style_046603C05140DE0E203B</styleUrl>
			<Point>
				<altitudeMode>relativeToGround</altitudeMode>
				<coordinates>109.2490215,13.9596905,0</coordinates>
			</Point>
		</Placemark>
		<Placemark id="06742F1ABB3D23987A68">
			<gx:mid>/g/11h18dr_l8</gx:mid>
			<gx:fid>0x316f41e4a6025753:0x553b55217c1dccbe</gx:fid>
			<LookAt>
				<longitude>109.2488866</longitude>
				<latitude>13.959298</latitude>
				<altitude>0</altitude>
				<heading>0</heading>
				<tilt>0</tilt>
				<gx:fovy>35</gx:fovy>
				<range>1021.709635611911</range>
				<altitudeMode>relativeToGround</altitudeMode>
			</LookAt>
			<styleUrl>#__managed_style_2C903B9DC640DE0E2030</styleUrl>
			<Point>
				<altitudeMode>relativeToGround</altitudeMode>
				<coordinates>109.2488866,13.959298,0</coordinates>
			</Point>
		</Placemark>
		<Placemark id="04FD52C5503D2399EE19">
			<gx:mid>/g/11byv1b00_</gx:mid>
			<gx:fid>0x316f412f3152e6b1:0x6dd8f264a63a3a69</gx:fid>
			<LookAt>
				<longitude>109.2419703</longitude>
				<latitude>13.95164755</latitude>
				<altitude>0</altitude>
				<heading>0</heading>
				<tilt>0</tilt>
				<gx:fovy>35</gx:fovy>
				<range>5518.576292488144</range>
				<altitudeMode>relativeToGround</altitudeMode>
			</LookAt>
			<styleUrl>#__managed_style_5A4AD8E92240DE0E2030</styleUrl>
			<Point>
				<altitudeMode>relativeToGround</altitudeMode>
				<coordinates>109.2419703,13.9516478,0</coordinates>
			</Point>
		</Placemark>
		<Placemark id="0B719DC2B03D239A2FE4">
			<gx:mid>/g/11kj2clgyb</gx:mid>
			<gx:fid>0x316f41d61d7e4ccd:0x28729f83a894f3cb</gx:fid>
			<LookAt>
				<longitude>109.2345306</longitude>
				<latitude>13.9545118</latitude>
				<altitude>0</altitude>
				<heading>0</heading>
				<tilt>0</tilt>
				<gx:fovy>35</gx:fovy>
				<range>1021.733324082619</range>
				<altitudeMode>relativeToGround</altitudeMode>
			</LookAt>
			<styleUrl>#__managed_style_199CD3E10340DE0E2030</styleUrl>
			<Point>
				<altitudeMode>relativeToGround</altitudeMode>
				<coordinates>109.2345306,13.9545118,0</coordinates>
			</Point>
		</Placemark>
		<Placemark id="066D870C4C3D239B8CE8">
			<name>Vũng Tàu</name>
			<snippet></snippet>
			<gx:mid>/m/03qjsf</gx:mid>
			<gx:fid>0x31756fd4554f0cf5:0xb24fd23bf641fa40</gx:fid>
			<LookAt>
				<longitude>107.12305075</longitude>
				<latitude>10.4033386</latitude>
				<altitude>0</altitude>
				<heading>0</heading>
				<tilt>0</tilt>
				<gx:fovy>35</gx:fovy>
				<range>45729.70940125341</range>
				<altitudeMode>relativeToGround</altitudeMode>
			</LookAt>
			<styleUrl>#__managed_style_424926949940DE0E2038</styleUrl>
			<Point>
				<altitudeMode>relativeToGround</altitudeMode>
				<coordinates>107.136224,10.4113797,0</coordinates>
			</Point>
		</Placemark>
		<Placemark id="09F3F9A6093D239BD15E">
			<name>Cổng phụ khu du lịch Hồ Mây Park</name>
			<snippet></snippet>
			<gx:mid>/g/11t26zvgfm</gx:mid>
			<gx:fid>0x31756f2d2a15fc7b:0xea21ecdb494c4869</gx:fid>
			<LookAt>
				<longitude>107.0669345</longitude>
				<latitude>10.3597418</latitude>
				<altitude>0</altitude>
				<heading>0</heading>
				<tilt>0</tilt>
				<gx:fovy>35</gx:fovy>
				<range>1037.287477542723</range>
				<altitudeMode>relativeToGround</altitudeMode>
			</LookAt>
			<styleUrl>#__managed_style_0376D25F1840DE0E2029</styleUrl>
			<Point>
				<altitudeMode>relativeToGround</altitudeMode>
				<coordinates>107.0669345,10.3597418,0</coordinates>
			</Point>
		</Placemark>
		<Placemark id="17C6C4FC6B3D239BD15E">
			<name>Vung Tau Lighthouse</name>
			<snippet></snippet>
			<gx:mid>/g/12z65svxw</gx:mid>
			<gx:fid>0x31756552a003a9b9:0x32769656e2f73fb9</gx:fid>
			<LookAt>
				<longitude>107.077663</longitude>
				<latitude>10.334091</latitude>
				<altitude>0</altitude>
				<heading>0</heading>
				<tilt>0</tilt>
				<gx:fovy>35</gx:fovy>
				<range>1037.382286302661</range>
				<altitudeMode>relativeToGround</altitudeMode>
			</LookAt>
			<styleUrl>#__managed_style_6B7F756DE940DE0E2030</styleUrl>
			<Point>
				<altitudeMode>relativeToGround</altitudeMode>
				<coordinates>107.077663,10.334091,0</coordinates>
			</Point>
		</Placemark>
		<Placemark id="234098945D3D239BD15E">
			<name>Statue of Buddha</name>
			<snippet></snippet>
			<gx:mid>/g/11p4xzys1s</gx:mid>
			<gx:fid>0x31756ff40124cfc1:0x8193837059b3841</gx:fid>
			<LookAt>
				<longitude>107.0711084</longitude>
				<latitude>10.3570719</latitude>
				<altitude>0</altitude>
				<heading>0</heading>
				<tilt>0</tilt>
				<gx:fovy>35</gx:fovy>
				<range>1037.297356610336</range>
				<altitudeMode>relativeToGround</altitudeMode>
			</LookAt>
			<styleUrl>#__managed_style_22E7693D6940DE0E2034</styleUrl>
			<Point>
				<altitudeMode>relativeToGround</altitudeMode>
				<coordinates>107.0711104,10.3570844,0</coordinates>
			</Point>
		</Placemark>
		<Placemark id="0A417FF20E3D239C1C16">
			<name>Jesus Christ Statue</name>
			<snippet></snippet>
			<gx:mid>/m/03d8lgn</gx:mid>
			<gx:fid>0x3175655b99e2ee9f:0x43bb3d544ec80b01</gx:fid>
			<LookAt>
				<longitude>107.0845345</longitude>
				<latitude>10.326442</latitude>
				<altitude>0</altitude>
				<heading>0</heading>
				<tilt>0</tilt>
				<gx:fovy>35</gx:fovy>
				<range>1037.410513338651</range>
				<altitudeMode>relativeToGround</altitudeMode>
			</LookAt>
			<styleUrl>#__managed_style_0376D25F1840DE0E2029</styleUrl>
			<Point>
				<altitudeMode>relativeToGround</altitudeMode>
				<coordinates>107.0845511,10.3264107,0</coordinates>
			</Point>
		</Placemark>
		<Placemark id="0DF830567E3D239C604E">
			<name>Cap Saint-Jacques</name>
			<snippet></snippet>
			<gx:mid>/g/11tp2sp3bc</gx:mid>
			<gx:fid>0x3175656edb10ccc1:0x14ce67568543774b</gx:fid>
			<LookAt>
				<longitude>107.0836111</longitude>
				<latitude>10.3219444</latitude>
				<altitude>0</altitude>
				<heading>0</heading>
				<tilt>0</tilt>
				<gx:fovy>35</gx:fovy>
				<range>1037.427101207272</range>
				<altitudeMode>relativeToGround</altitudeMode>
			</LookAt>
			<styleUrl>#__managed_style_6B7F756DE940DE0E2030</styleUrl>
			<Point>
				<altitudeMode>relativeToGround</altitudeMode>
				<coordinates>107.0836111,10.3219444,0</coordinates>
			</Point>
		</Placemark>
		<Placemark id="11F112EFD73D239C604E">
			<name>Monkey Temple</name>
			<snippet></snippet>
			<gx:mid>/g/11h1t6tb1</gx:mid>
			<gx:fid>0x3175766c935f688d:0x821472a2bba55ab</gx:fid>
			<LookAt>
				<longitude>107.2632511</longitude>
				<latitude>10.3974602</latitude>
				<altitude>0</altitude>
				<heading>0</heading>
				<tilt>0</tilt>
				<gx:fovy>35</gx:fovy>
				<range>1037.147646083391</range>
				<altitudeMode>relativeToGround</altitudeMode>
			</LookAt>
			<styleUrl>#__managed_style_22E7693D6940DE0E2034</styleUrl>
			<Point>
				<altitudeMode>relativeToGround</altitudeMode>
				<coordinates>107.2632457,10.3974583,0</coordinates>
			</Point>
		</Placemark>
		<Placemark id="242CF469AE3D239C604E">
			<name>Historic area Minh Dam</name>
			<snippet></snippet>
			<gx:mid>/g/1x5f7w56</gx:mid>
			<gx:fid>0x3175767408332a25:0x5b268e010ea3735</gx:fid>
			<LookAt>
				<longitude>107.2610879</longitude>
				<latitude>10.4056619</latitude>
				<altitude>0</altitude>
				<heading>0</heading>
				<tilt>0</tilt>
				<gx:fovy>35</gx:fovy>
				<range>1037.117174295262</range>
				<altitudeMode>relativeToGround</altitudeMode>
			</LookAt>
			<styleUrl>#__managed_style_22E7693D6940DE0E2034</styleUrl>
			<Point>
				<altitudeMode>relativeToGround</altitudeMode>
				<coordinates>107.2610879,10.4056619,0</coordinates>
			</Point>
		</Placemark>
	</Folder>
	<Folder id="003A83ED3F3E8F07F758">
		<name>הנחות והטבות</name>
		<description><![CDATA[<h3><a href="https://eastcardil.co.il/"><i>50% הנחה לכרטיס EastCard בקישור הזה</i></a><br></h3>]]></description>
		<styleUrl>#__managed_style_05A794E31640DE0E2043</styleUrl>
		<Placemark id="058A3567F03E7EB368E1">
			<name>Phong Nha Tuan Garden House</name>
			<description><![CDATA[<div class="align-right" style="text-align: right;"><br></div><div class="align-right" style="text-align: right;"><a href="https://eastcardil.co.il/hostel/tuan-garden-house/">קישור הנחה</a><span style="font-style: normal; text-align: right;"><span class="font" style="font-family: Calibri, Arial;"><span class="size" style="font-size: 11pt;"></span></span></span><br></div><div class="align-right" style="text-align: right;"><br></div><div class="align-right" style="text-align: right;"><span style="font-style: normal; text-align: right;"><span class="font" style="font-family: Calibri, Arial;"><span class="size" style="font-size: 11pt;"><br>Tuan Garden House הוא הוסטל משפחתי בלב פונג נה, שמציע חוויית לינה אותנטית, צעירה ונעימה במיוחד. המקום מוקף גינה ירוקה, עם פינות ישיבה, ערסלים ובריכה מרעננת. כל החדרים ממוזגים, מרווחים, כוללים חדר רחצה פרטי, מים חמים, וויי-פיי מהיר ומיני בר. ארוחת הבוקר כלולה במחיר, ויש מסעדה מקומית במקום. ההוסטל מציע אופניים חינם, שירותי כביסה, סיורים לאטרקציות באזור, הסעות מהתחנה ומענה אישי לכל שאלה. הצוות דובר אנגלית, תמיד מחייך ודואג לאווירה ביתית וחברתית. מושלם למטיילים צעירים שמחפשים גם נוחות וגם חוויה מקומית.</span></span></span></div><div class="align-right" style="text-align: right;"><br></div><div class="align-right" style="text-align: right;"><br></div>]]></description>
			<LookAt>
				<longitude>106.3161761</longitude>
				<latitude>17.6134959</latitude>
				<altitude>0</altitude>
				<heading>0</heading>
				<tilt>0</tilt>
				<gx:fovy>35</gx:fovy>
				<range>1001.351409316121</range>
				<altitudeMode>relativeToGround</altitudeMode>
			</LookAt>
			<styleUrl>#__managed_style_04E368F98D40DE0E2048</styleUrl>
			<gx:Carousel>
				<gx:Image kml:id="hosted_image_QUFqUWJSNm44NDU3dC9Pb0h3MDdPQ25SaVRkMitCU3hPWUgvQjFjRkF2Z1hVTUFPbmRjOGF2OStEZmF6dE16RmZVYjQxcmFnbE4wVVlPbW1XRUdWcXFlYUx3S2JaOFFyRXErMnVGd2xuaXZrckVJZDVOTDNVZU1sZDFTY3RJejQ0SXRQN0p6ei9pT1RJdDB6bThyMlJPRnU0U1l0VG5NbEJFOVRDb2MyK3luU1hCWWkzM1FmY2Rtc0tucUJuV1FwWU9DVjZ3RzNYbXdJSW1qajM2M3ROT0VmdlBxMjI1MkRiNVFYTFlOUHMvTTlabXFQQzlUWjVEUWNCdVdjbUFJWmFObVN6TGM9">
					<gx:imageUrl>https://earth.usercontent.google.com/hostedimage/e/*/4AAjQbR7JKEUmjVrKW07PZLr14nBQt7igBMePYT4eYxE9QwMzbL-aZbNOFCgYE1oGIOqXeucK1j_JAHEAcYQu3BF8EKzOdwwAb6bnsqXnKtR6Cb3QLWKzelTUQ7ogervDCihgq62NqgAAK2r5j4SqtqaVLvvkJ6OD_-G4vIDEY0r3PC2MH1pQOaN9EV9gmcDXK0srusl3neUdY8Wx9nTHm1A-2lmUlrDkncZegt6QsbKdXJ3gP9i3qkIF9krwQ14fcvTSgnSbkRTGBp9n1Ow?authuser=1&amp;fife=s{size}</gx:imageUrl>
				</gx:Image>
			</gx:Carousel>
			<Point>
				<altitudeMode>relativeToGround</altitudeMode>
				<coordinates>106.316178,17.6134899,0</coordinates>
			</Point>
		</Placemark>
		<Placemark id="05C51BBF7C3E8EDF84B8">
			<name>Cafe Dinh - phoenix-food-tour/</name>
			<description><![CDATA[<div class="align-right" style="text-align: right;"><a href="https://eastcardil.co.il/attraction/phoenix-food-tour/">קישור הנחה</a><br></div><div class="align-right" style="text-align: right;"><br></div><div class="align-right" style="text-align: right;"><span style="font-style: normal; text-align: right;"><span class="font" style="font-family: Calibri, Arial;"><span class="size" style="font-size: 11pt;">פוניקס סיור אוכל | אוכל 🍔 | האנוי | וייטנאם | פוניקס, מדריכה כוכבת וידידותית. לוקחת אתכם לסיור אוכל מטורף ברחובות האנוי. טעימות מכל המנות הפופלאריות, סיפורים על ההיסטוריה. חוויה שאי אפשר לעצור בצלחת אחת. | פוניקס, מדריכה כוכבת וידידותית. לוקחת אתכם לסיור אוכל מטורף ברחובות האנוי. טעימות מכל המנות הפופלאריות, סיפורים על ההיסטוריה. חוויה שאי אפשר לעצור בצלחת אחת.</span></span></span><br></div>]]></description>
			<LookAt>
				<longitude>105.8521694</longitude>
				<latitude>21.0320036</latitude>
				<altitude>0</altitude>
				<heading>0</heading>
				<tilt>0</tilt>
				<gx:fovy>35</gx:fovy>
				<range>978.2795511616505</range>
				<altitudeMode>relativeToGround</altitudeMode>
			</LookAt>
			<styleUrl>#__managed_style_26CD711ABF40DE0E2029</styleUrl>
			<gx:Carousel>
				<gx:Image kml:id="hosted_image_QUFqUWJSNjVGMCtTRWFtVVdDZGIxbGd3ZFpvU25nNUNrMW9JQTlCTjBOMnFOdjlJQW5lb0ZSVkgrdklZV3BWMWJsNlNHT3FkUzZaRXNmR0R4eDJxSUJPdms1OWV2UlNpbjBvdnlac3c4a0NMdGFDeno1a3o1b2dBOTI5Yjk4SnFFU001Njhwd2d1TlVoS2NjcGl0Ymhibko5d3J0Uk5iU256QmFxQWFaNitBaGlxQzk3ejVjdWMwZm5Md0U4eW9tN2pPOE1FWVpKS2Y1VUI3UFJWRHlKNHdISkhhTjdoVENPK0Mvc0lmNDRRY2kwOEdjV1RQWkpZcU9CYzBDWEZzUk5QZnFzWWs9">
					<gx:imageUrl>https://earth.usercontent.google.com/hostedimage/e/*/4AAjQbR5W1a2EUszE7VuPHsxAl6Xo049v6HO-Fetx7ySKM89EVDkGb2wgXqWT6S2RUAKWBDAG2p0do3OLNMntqxkqyvy2-6Pk5k0rGLga8hdSz-8omAwKLkAzFi-U8er_p6b936mwP_8AoLRcZ3Mox5LwVSdP6LZk9jco3gzBnsUrJZwYsql-Yg3Tih305CgfQVl9zRXxWX1uYOpjjjQZbxzWOLAKUc3eAJvoPqVj3l0gbQhxWBd8i2jsmBVU7wD_rwhF4fjq21m4OjuEIUI?authuser=1&amp;fife=s{size}</gx:imageUrl>
				</gx:Image>
			</gx:Carousel>
			<Point>
				<altitudeMode>relativeToGround</altitudeMode>
				<coordinates>105.8521694,21.0320038,0</coordinates>
			</Point>
		</Placemark>
		<Placemark id="01F1AAE64A3E8EF0C300">
			<name>סיור אופניים בעמק מאי צ&apos;או – Mai Chau Home</name>
			<description><![CDATA[<div class="align-right" style="text-align: right;">*מיקום כללי - קבלו מיקום מדוייק לאחר הזמנה*<br></div><div class="align-right" style="text-align: right;"><br></div><div class="align-right" style="text-align: right;"><a href="https://eastcardil.co.il/attraction/bike-tour/">קישור הנחה</a><br></div><div class="align-right" style="text-align: right;"><br></div><div class="align-right" style="text-align: right;"><span style="font-style: normal; text-align: right;"><span class="font" style="font-family: Calibri, Arial;"><span class="size" style="font-size: 11pt;">סיור אופניים סביב מאי צ'או עם הוי | אופניים 🚲|טיול 🏔️ | מאי צ'או | וייטנאם | מדוושים בין שדות אורז וכפרים ירוקים עם הוי. סיור אופניים במאי צ'או שמגלה את הצד הכי קסום של וייטנאם. מלא נופים ופינות נסתרות ששווה להכיר מקרוב. | מדוושים בין שדות אורז וכפרים ירוקים עם הוי. סיור אופניים במאי צ'או שמגלה את הצד הכי קסום של וייטנאם. מלא נופים ופינות נסתרות ששווה להכיר מקרוב.</span></span></span><br></div>]]></description>
			<LookAt>
				<longitude>105.0715877</longitude>
				<latitude>20.6537189</latitude>
				<altitude>0</altitude>
				<heading>0</heading>
				<tilt>0</tilt>
				<gx:fovy>35</gx:fovy>
				<range>981.0201168848358</range>
				<altitudeMode>relativeToGround</altitudeMode>
			</LookAt>
			<styleUrl>#__managed_style_036ABBCD8E40DE0E203C</styleUrl>
			<gx:Carousel>
				<gx:Image kml:id="hosted_image_QUFqUWJSNFdvdFpYU0tQWWtDbFQxL1pDSXJlTkZuOSt6MjVMNUJCZjFXbndDZ3FpZGIraHg1Q1FVN1Vrcm5SK0dmSmh6TjNaNEN4VnRNdWh6K1RYTURUd3VUcHY3L1dvSDVuTmlJNnV2blUyTXBzanBzQ2NuVTIvbUJ2QjdPSURrOFZVTThtVUxiZE4zSzVScU1EdWp2TjBzcXZFalYwcXplTi93ZGlMWG5JMFFuYTFkanhhYTY3UUZlOGtLdTlYNjNCWnhVQ0FNeHllOTd2dERKNzRjbG5JYlF2YU1mN0hQMkFOeE1RS3NRS014SEEyZzBmalFrZ2k2cnMwVWdML3RwMnJiaGc9">
					<gx:imageUrl>https://earth.usercontent.google.com/hostedimage/e/*/4AAjQbR4pJGoPj07FG2LqaocGI4nPVWjnACW9Q1Kp1zbvmpbLkiqBlc0GWcdgBkXOuZLRryqg06FeWuuT8nllux4Uc0NuomEGXWadk2ux6Yv-Vu1Yu8XJUcnfwDCaCZfa7NYRrZxHt9BUGna6AK8B2X-BYXgMCbFtRix_VVDs9ko9NG2GSnlIBFK_CJeMlIo3f2grE_FGtyA23kqcgh40pMS5mzpse_O9gWFkNtPYMiKsQM-OxobwVbNW215M4q-r4Q1DWPpyFWBmtAmP7og?authuser=1&amp;fife=s{size}</gx:imageUrl>
				</gx:Image>
			</gx:Carousel>
			<Point>
				<altitudeMode>relativeToGround</altitudeMode>
				<coordinates>105.0715877,20.6537189,0</coordinates>
			</Point>
		</Placemark>
		<Placemark id="0321DC9EF03E8F10A374">
			<name>סדנת קפה הנרי</name>
			<description><![CDATA[<div class="align-right" style="text-align: right;">*מיקום כללי - קבלו מיקום מדוייק לאחר הזמנה*<br></div><div class="align-right" style="text-align: right;"><br></div><div class="align-right" style="text-align: right;"><a href="https://eastcardil.co.il/attraction/henry-coffee-workshop/">קישור הנחה</a><a href="https://eastcardil.co.il/attraction/henry-coffee-workshop/"></a><br></div><div class="align-right" style="text-align: right;"><br></div><div class="align-right" style="text-align: right;"><span style="font-style: normal; text-align: right;"><span class="font" style="font-family: Calibri, Arial;"><span class="size" style="font-size: 11pt;">סדנת קפה הנרי | סדנה | האנוי | וייטנאם | סדנת קפה מיוחדת בהאנוי, המציעה חווית קפה אותנטית וייחודית. הסדנה כוללת הכנת קפה וטעימות ממגוון סוגי קפה מקומיים. מומלץ להגיע עם אהבה לקפה ורצון ללמוד את סודות הקפה הווייטנאמי. | סדנת קפה מיוחדת בהאנוי, המציעה חווית קפה אותנטית וייחודית. הסדנה כוללת הכנת קפה וטעימות ממגוון סוגי קפה מקומיים. מומלץ להגיע עם אהבה לקפה ורצון ללמוד את סודות הקפה הווייטנאמי.</span></span></span><br></div>]]></description>
			<LookAt>
				<longitude>105.8419815635955</longitude>
				<latitude>21.03559305232095</latitude>
				<altitude>11.60924776608704</altitude>
				<heading>0</heading>
				<tilt>0</tilt>
				<gx:fovy>35.00000000000001</gx:fovy>
				<range>3836.186771422508</range>
				<altitudeMode>absolute</altitudeMode>
			</LookAt>
			<styleUrl>#__managed_style_34EE6F54D040DE0E2028</styleUrl>
			<gx:Carousel>
				<gx:Image kml:id="hosted_image_QUFqUWJSN09vV25BUFpPTmw3M001cDJHWHdXL0R6d2YxUUJ3OUxsNTNqTmFrTitkQmZVeEpjMGxMRENCTG1rQVBBYjF6RlpjdUw4Ym44WWllREcvZVhpNllqZlhJS1l4NG9WVk1NR0ZnZXR2R2ZxVEc1c0VGNkVrd1NKbVFJQjJ0Ry8zcnlLWndFNi8xc0xnNnpKNE8xUEMrZlVQS2puYXQ5L3E4NGlxQjNvV29XTDBpNTdaWThjY0UzL2lzenB5NndxZ2xiWlE1Sk11NXBPclc1ZDVwL3FMdlp5RUJYUmVVV05DMW1FaWkzamo3MEJzUVBMNDZic0NncGRKZDN4elN6cHRQM3c9">
					<gx:imageUrl>https://earth.usercontent.google.com/hostedimage/e/*/4AAjQbR7sUIPE5J1Gf7_3BvI5rah7LSGLWTWWJ1gzGZAo8o58aXjQXWC4MYDo0OuR8_ij_Ma6vPu_RdRXWri9HA9Drz9Enx2AEqQ7-oZrr6pAHli6lrjSuYi2zxi64ugr8uY1_qvUc_v0W_eNt8isVz1Ny0ngpl_duZ6vvAFaDDsajntJFhEL3UZBjnfCTqKcmVgJ_yH8YhfLgKRhzc89In_PD-_MPP2Au3Qz9sshcVhLS9H01lZD91TDBZsS-x44SB3bcXYk9ISL4qoGyN4?authuser=1&amp;fife=s{size}</gx:imageUrl>
				</gx:Image>
			</gx:Carousel>
			<Point>
				<coordinates>105.8516833920546,21.03688130983214,16.5513399346483</coordinates>
			</Point>
		</Placemark>
		<Placemark id="056B77FA393E8F1F9EDC">
			<name>טרק יום בשמורת פו לואונג – Mai Chau Home</name>
			<description><![CDATA[<div class="align-right" style="text-align: right;">*מיקום כללי - קבלו מיקום מדוייק לאחר הזמנה*<br></div><div class="align-right" style="text-align: right;"><br></div><div class="align-right" style="text-align: right;"><a href="https://eastcardil.co.il/attraction/tour-of-the-phu-long/">קישור הנחה</a><a href="https://eastcardil.co.il/attraction/tour-of-the-phu-long/"></a><br></div><div class="align-right" style="text-align: right;"><br></div><div class="align-right" style="text-align: right;"><span style="font-style: normal; text-align: right;"><span class="font" style="font-family: Calibri, Arial;"><span class="size" style="font-size: 11pt;">סיור בשמורת פו לונג | טיול 🏔️ | מאי צ'או | וייטנאם | צאו לסיור בשמורת פו לונג, וייטנאם, ותגלו טבע פראי במלוא הדרו! מסלולי הליכה ירוקים, מפלים מרהיבים, ותחושת שלווה שלא תמצאו בשום מקום אחר. | פו לונג היא אחת השמורות הכי מדהימות שיש לוייטנאם להציע. הצטרפו אלינו לסיור יומי, בו תחוו את הטבע העוצמתי ותלמדו על ההיסטוריה המרתקת של המקום.</span></span></span><br></div>]]></description>
			<LookAt>
				<longitude>105.0739024020284</longitude>
				<latitude>20.65504398139103</latitude>
				<altitude>161.8323974449112</altitude>
				<heading>0</heading>
				<tilt>0</tilt>
				<gx:fovy>35</gx:fovy>
				<range>3290.39992001548</range>
				<altitudeMode>absolute</altitudeMode>
			</LookAt>
			<styleUrl>#__managed_style_033678781040DE0E2036</styleUrl>
			<gx:Carousel>
				<gx:Image kml:id="hosted_image_QUFqUWJSNUtkSTVmQXpJc3p5bDdHRVNuMEsxVnZsWEVMb2IyYUtHTGpTU3gva0l2d3NsYjgxNmRVYVFSSzl4VWltRDJNVG1HL2RXOXB1NWVMZnNUcUlGTzk4b2tEY3h6SWlBeXFNSW0yZlFCcXREZXJyelJ0ZmJDbkJ4emp3K29GMkF2TWQrcXAvOS8wZzlvM2JPUzVSMFRqM0JaMlB5NUU0aEZpTTlvVm9MM0hJd3JpK3l5dkF2TDNISDFXVUNUTkxmb2dzcW1ndC9KS1B5VXIyYTZkVVlTQzJtRVB3MUtpNjF6ZFZiMTdaYTlFdk9RSmYxMDY5N2w4eWlyUzZRU2RxUDlRWjg9">
					<gx:imageUrl>https://earth.usercontent.google.com/hostedimage/e/*/4AAjQbR7rNa7vWwkcwAoBAgvBsHM5hBMgk2Nteh6UyFpluNJ9_CvO4NuXV3RLITiHqAPtCK2Osi6R2lHhdXVO3vJbl-joLTU8Od5QJjiLCdQBKzIZDU6hLlUOgKgcjlKxBuY3ifnUqAshTOlJRyeDSXbDjnQ-XkjlAJQA9-hiX6tQqIx4oPeliXRP2Z4KfGdhiIXbhq-vY5M4LLohhNJ6Q2NaC2WuiX6awiAwh7NuAwXj6zojNvtygkVycLlvHD4GNwwt3JVR1TlKLFYzQ4w?authuser=1&amp;fife=s{size}</gx:imageUrl>
				</gx:Image>
			</gx:Carousel>
			<Point>
				<coordinates>105.0715134939333,20.65302196009063,159.0366942809473</coordinates>
			</Point>
		</Placemark>
		<Placemark id="0ECC8B38663E8EFCEC39">
			<name>נאם - סיור אוכל</name>
			<description><![CDATA[<div class="align-right" style="text-align: right;">*מיקום כללי - קבלו מיקום מדוייק לאחר הזמנה*<br></div><div class="align-right" style="text-align: right;"><br></div><div class="align-right" style="text-align: right;"><a href="https://eastcardil.co.il/attraction/nam-food-tour/">קישור הנחה</a><br></div><div class="align-right" style="text-align: right;"><br></div><div class="align-right" style="text-align: right;"><span style="font-style: normal; text-align: right;"><span class="font" style="font-family: Calibri, Arial;"><span class="size" style="font-size: 11pt;">נאם - סיור אוכל | אוכל 🍔 | האנוי | וייטנאם | סיור אוכל ייחודי בהאנוי, עם הזדמנות לטעום את מיטב המטבח הווייטנאמי. הסיור כולל טעימות ממנות מקומיות וסיור בשוק הצף המפורסם. כדאי להגיע עם תיאבון גדול ולהתכונן לחוויה קולינרית עשירה. | סיור אוכל ייחודי בהאנוי, עם הזדמנות לטעום את מיטב המטבח הווייטנאמי. הסיור כולל טעימות ממנות מקומיות והיכרות עם האזור. כדאי להגיע עם תיאבון גדול ולהתכונן לחוויה קולינרית עשירה.</span></span></span><br></div>]]></description>
			<LookAt>
				<longitude>105.8369482921363</longitude>
				<latitude>21.03826405262403</latitude>
				<altitude>10.20675648677644</altitude>
				<heading>0</heading>
				<tilt>0</tilt>
				<gx:fovy>35</gx:fovy>
				<range>1152.074283133261</range>
				<altitudeMode>absolute</altitudeMode>
			</LookAt>
			<styleUrl>#__managed_style_34EE6F54D040DE0E2028</styleUrl>
			<gx:Carousel>
				<gx:Image kml:id="hosted_image_QUFqUWJSNUFzTUhMYWtma2ZpWXUwTCswUTBCTzlnYzNSQzlQTnZpM3RUTVF5eXlSWkJOQjN5amRjOE5DRDZENm4yVGdmeEJFS244MExqWFcrWk1nNWtwelVJRVM0Rlk4dnZDcVpOTjZveHBVQzhIa1BkNVFzU3Jrcll1NFFEQmx5NEMwRmhyaVZRQmNuREtDV0lUejBsazdHVnpwR3l1RlhHeU5za2pycXBUeS8xQVNDQ2ZqK21uTW5vZTBXaDZibDk1MEVYSDZuZ0dnMkREMi9Rbk1Fb1loRGVJSHY3SlNXbkVwUks5eGo2UnlwUFFkNWk2cmZURlI1SURiM1JZVGVjSGxZaHM9">
					<gx:imageUrl>https://earth.usercontent.google.com/hostedimage/e/*/4AAjQbR5_rGktQl7d_J7w4FNfS--Bscr3cheYdQyV3239ktDBrlqJbi8DMr3LzGwCuHINPVikt1pDuR7Tcn_6IPkGTbWofgQnC-5XGkSOYhOxlIxa5_efThByMxpqaqGRybZO6kFVOUuQRgdCGgMsLLVncQRnldiOjghltM_kjtvPQL--Ae7bBEJCkDiWlc7WaK6UYPTkPe9tCPf-RSudj7dnLpkB0_7CGz_1yyt7bwcMxkw9zh9_Lcrf9kOCm5Z27cjkMdOc16iHGB68FuY?authuser=1&amp;fife=s{size}</gx:imageUrl>
				</gx:Image>
			</gx:Carousel>
			<Point>
				<coordinates>105.828195040019,21.03705216263905,9.083390014866556</coordinates>
			</Point>
		</Placemark>
		<Placemark id="06449053C03E8F238C00">
			<name>קייאקים בנהר השחור</name>
			<description><![CDATA[<div class="align-right" style="text-align: right;">*מיקום כללי - קבלו מיקום מדוייק לאחר הזמנה*<br></div><div class="align-right" style="text-align: right;"><br></div><div class="align-right" style="text-align: right;"><a href="https://eastcardil.co.il/attraction/kayaking-on-the-black-river/">קישור הנחה</a><a href="https://eastcardil.co.il/attraction/kayaking-on-the-black-river/"></a><br></div><div class="align-right" style="text-align: right;"><br></div><div class="align-right" style="text-align: right;"><span style="font-style: normal; text-align: right;"><span class="font" style="font-family: Calibri, Arial;"><span class="size" style="font-size: 11pt;">קייאקים בנהר השחור | טיול 🏔️|סדנה | מאי צ'או | וייטנאם | במאי צ'או מסתתר אגם ענק ומרהיב, שכמעט אף מטייל לא מגיע אליו. אנחנו מזמינים אתכם להצטרף אלינו לטיול קיאקים מדהים בנהר השחור – חוויה טבעית ושקטה שלא תשכחו. | במאי צ'או מסתתר אגם ענק ומרהיב, שכמעט אף מטייל לא מגיע אליו. אנחנו מזמינים אתכם להצטרף אלינו לטיול קיאקים מדהים בנהר השחור – חוויה טבעית ושקטה שלא תשכחו.</span></span></span><br></div>]]></description>
			<LookAt>
				<longitude>105.0674053913281</longitude>
				<latitude>20.72433124694471</latitude>
				<altitude>365.1937083853186</altitude>
				<heading>0</heading>
				<tilt>0</tilt>
				<gx:fovy>35</gx:fovy>
				<range>83314.15564100258</range>
				<altitudeMode>absolute</altitudeMode>
			</LookAt>
			<styleUrl>#__managed_style_38CC2C9C7240DE0E203C</styleUrl>
			<gx:Carousel>
				<gx:Image kml:id="hosted_image_QUFqUWJSNlRXMklaT2VkeGpweFdlcVYyQmJJTWRTSDNIY1Q4T3NjRjRUL3lMMjVDSUZHaFdydkpIbXJoNWtFd1V4WmxPR1J0cHVORk9reGsrZ2NxVXNRY1ZZN01vWm1ZZC9EdFVuZHY3SURlLzh4WDNWWUQ4M1hraVZjL2h6SHBndWs3bVVieEI4R3NEUC9SbllaQUplYXBJelpiR2txWTlERGtleFJja2d4cVJxRmRtSU5jOG1UR2lpTGw5SWxNdFFkV0hXVDlvaGNzY1hBcXFYaTBXU24wOVFkUlZvbkh3R21GV1lGMXBFNHhxcUJnSEdqR3k3S08xVXpCcjdCRC9ERWZmWXc9">
					<gx:imageUrl>https://earth.usercontent.google.com/hostedimage/e/*/4AAjQbR5S6DzM4BYKYguCYj2ZXwbqKkd7vdGYhlaD8utfSgrQ0M3cyUyhthN6GLpK2XLQr7KDOzIeaRvYTWreGNYAmPEI8VCIWuG_y0s66VZ-QN5wdK3TC3sObJukQqHrhigsvRadokXMxs3Am4UMwUccNd5qgt_6owX9jBF9eqcc-h-t_RlPJb_87Ag7ftIftCo8JBFQuFwweFnOP7IF7kdcuTCeTIZTDfQkeVqcnxiLAY2Ynr3IPVLvmffBWXuYazTzoCJzB6Kg7YrDvPo?authuser=1&amp;fife=s{size}</gx:imageUrl>
				</gx:Image>
			</gx:Carousel>
			<Point>
				<coordinates>105.1119945178563,20.7524205356103,120.2977957005467</coordinates>
			</Point>
		</Placemark>
		<Placemark id="0EE22E3CF83E8F2583C4">
			<name>לופ עם קאי</name>
			<description><![CDATA[<div class="align-right" style="text-align: right;">*מיקום כללי - קבלו מיקום מדוייק לאחר הזמנה*<br></div><div class="align-right" style="text-align: right;"><br></div><div class="align-right" style="text-align: right;"><a href="https://eastcardil.co.il/attraction/loop-with-kai/">קישור הנחה</a><a href="https://eastcardil.co.il/attraction/loop-with-kai/"></a><br></div><div class="align-right" style="text-align: right;"><br></div><div class="align-right" style="text-align: right;"><span style="font-style: normal; text-align: right;"><span class="font" style="font-family: Calibri, Arial;"><span class="size" style="font-size: 11pt;">לופ עם קאי | אופנועים|טיול 🏔️ | הא ג׳יאנג | וייטנאם | הלופ עם קאי נחשב לאחת החוויות הכי מטורפות של מטיילים בוייטנאם. אנחנו מזמינים אתכם להצטרף אליו לאטרקציה הכי פופולרית במדינה. במחירים שלא תמצאו בשום מקום אחר. | הלופ עם קאי הינו אחת החוויות הכי מטורפות של מטיילים בוייטנאם. הצטרפו לאטרקציה הכי פופולרית במדינה. במחירים שלא תמצאו בשום מקום אחר.</span></span></span><br></div>]]></description>
			<LookAt>
				<longitude>104.9738777</longitude>
				<latitude>22.8250018</latitude>
				<altitude>0</altitude>
				<heading>0</heading>
				<tilt>0</tilt>
				<gx:fovy>35</gx:fovy>
				<range>964.6669775373998</range>
				<altitudeMode>relativeToGround</altitudeMode>
			</LookAt>
			<styleUrl>#__managed_style_02EE9075AF40DE0E2034</styleUrl>
			<gx:Carousel>
				<gx:Image kml:id="hosted_image_QUFqUWJSNi83Z1RFMnFaSmxsS21BSmxYZW4rVVVGQzMyRGN1Slpuc203SmlPT3NFRExYMC8rQ3JYQlcvY1BUMHdSTWg0Mm5SdHFyWklick4zMm1vWXBLd2NUSmNiUFdESko3TkwwYkc3SGpRWTZrdVRUM0xEb2VWK21WNEZIYVhuTk5qYkpZaVI0bkd3VkhraWxmcVUvM0lNdXB3bVVhUzcxSU9uYjdhWENzcWZjN2VodDA4SzYrMEMyaURKSVU4M01NY2dYbk4rUUltU1ZyQmliVFM0ZTRDaC9QT2Y1MjFvMklDUHlXNlVNU2pJU25INC9rS1ZTc0hsNVBjSmRIZFg3TkhBalE9">
					<gx:imageUrl>https://earth.usercontent.google.com/hostedimage/e/*/4AAjQbR4uk3kpTi-EaJnXxL5l8ALMBTwN7mhOsR1aUCB68oX2DgBij8GRgXAnZhEwOChwShN88_iS68TA67RlmNOV9oI_xkh-hOJTM_MdL4yDY-eOzJF0h5T0yGfmFIIVCkB__1rBEjiBSgyMMxbB21fmeAgHKDdkv8DVW8r58xkAO-Cfa6gP5GXfHLkc7p2ube5FjFrcyfmqoCJaiKhKT9iwCrHFDa_XKMXhZvQpsKrXHBq5wurJ1svXislt5NyB1x9wsL6tKNLaER5WLr8?authuser=1&amp;fife=s{size}</gx:imageUrl>
				</gx:Image>
			</gx:Carousel>
			<Point>
				<altitudeMode>relativeToGround</altitudeMode>
				<coordinates>104.9738777,22.8250018,0</coordinates>
			</Point>
		</Placemark>
		<Placemark id="012A5D4C3A3E92C371EF">
			<name>מאמא צ&apos;ו</name>
			<description><![CDATA[<div class="align-right" style="text-align: right;">*מיקום כללי - קבלו מיקום מדוייק לאחר הזמנה*<br></div><div class="align-right" style="text-align: right;"><br></div><div class="align-right" style="text-align: right;"><a href="https://eastcardil.co.il/attraction/mama-chu/">קישור הנחה</a><a href="https://eastcardil.co.il/attraction/mama-chu/"><br></a></div><div class="align-right" style="text-align: right;"><br></div><div class="align-right" style="text-align: right;"><span style="font-style: normal; text-align: right;"><span class="font" style="font-family:Calibri, Arial"><span class="size" style="font-size:11pt">מאמא צ'ו– חוויה אותנטית עם המקומיים | טיול 🏔️ | סאפה | וייטנאם | טרק אותנטי בין כפרי ההרים של סאפה עם מאמא צ'ו. מסלולים מגוונים, לינה ביתית ברמה גבוה. אוכל ביתי ונופים מדהימים. חוויה של תרבות, טבע וחיבור אמיתי למקומיים. | טרק אותנטי בין כפרי ההרים של סאפה עם מאמא צ'ו. מסלולים מגוונים, לינה ביתית ברמה גבוה. אוכל ביתי ונופים מדהימים. חוויה של תרבות, טבע וחיבור אמיתי למקומיים.</span></span></span><br></div>]]></description>
			<LookAt>
				<longitude>103.8412267639416</longitude>
				<latitude>22.33676248454782</latitude>
				<altitude>1514.759855841659</altitude>
				<heading>1.358307261893442</heading>
				<tilt>0</tilt>
				<gx:fovy>35</gx:fovy>
				<range>2986.980668851174</range>
				<altitudeMode>absolute</altitudeMode>
			</LookAt>
			<styleUrl>#__managed_style_18E4283B1640DE0E2048</styleUrl>
			<gx:Carousel>
				<gx:Image kml:id="hosted_image_QUFqUWJSNklzc1dJMEphV2NNd2FFeG5KanNEOW10cHNzdk1ad0duZld6ODFjQ2tRb2hUY1RwRHJGYUo3TEttWmRHajF5aHpycCtHaWsyZXd0aHQ0bUxWUVUvWXh4MUx4ZnR4aTdNdjZvNkFsR2RiUnhpbkFSeHZyWjEwQnpTL2RpSkJ1NGVjMks1akoyMDA4aEVCaFhnbm5NSmdwcThNU25vZGFWK0hCcjNxZXZ2MGhqWXJLR2xFRDEvTWVjTDZyNC9hNk9hTkRRSG5DZGtPUHlxekFpOW81TTF0ZlVkVU9VdmljR0pmUHFLNUVGalQ0aGlmK1VrVzR4cDBVK21DaVV1dnVuSGc9">
					<gx:imageUrl>https://earth.usercontent.google.com/hostedimage/e/*/4AAjQbR6jC8VlL88aGp0nHDPEWrKRa-hGfckdkUuZpTLR_kjZWQOdElD_dFOKhPK-ByXucR-Xk07FM6s3bMdkA0cYd7q-s7iQW3daJ__71VbjzO4f_-7iBeJm5KndbXYC4Mshv-VB7k5P-74AW2JRWv4jXQqwc6rXRg7wsyENret2VzH-mjKdoVRKA0qjcXFZNyz3qTz8jeaOSyKyDfy4QnRcJlmwUeAM_eA2jWLgonzZ_6q2iZ71VL0ILMgDStiCsv77aNxIyOae4HT08EQ?authuser=1&amp;fife=s{size}</gx:imageUrl>
				</gx:Image>
			</gx:Carousel>
			<Point>
				<coordinates>103.8455870141328,22.33643509585876,1498.13198029238</coordinates>
			</Point>
		</Placemark>
		<Placemark id="0AF6F0FFA83E92C4708F">
			<name>טראק הר פאנסיפן</name>
			<description><![CDATA[<div class="align-right" style="text-align: right;">*מיקום כללי - קבלו מיקום מדוייק לאחר הזמנה*<br></div><div class="align-right" style="text-align: right;"><br></div><div class="align-right" style="text-align: right;"><a href="https://eastcardil.co.il/attraction/fansipan-mountain-trek/">קישור הנחה</a><a href="https://eastcardil.co.il/attraction/fansipan-mountain-trek/"></a><br></div><div class="align-right" style="text-align: right;"><br></div><div class="align-right" style="text-align: right;"><span style="font-style: normal; text-align: right;"><span class="font" style="font-family: Calibri, Arial;"><span class="size" style="font-size: 11pt;">טראק הר פאנסיפן | אדרנלין|טיול 🏔️ | סאפה | וייטנאם | טראק הר פאנסיפן הוא חוויית טיפוס אתגרית באחד מנופי ההרים היפים באסיה. יוצאים עם מדריך מקצועי, עוברים בין יערות במבוק. עוצרים לארוחה בגובה 2,800 מטר, כובשים את פסגת 3,143 מטר. | טראק הר פאנסיפן הוא חוויית טיפוס אתגרית באחד מנופי ההרים היפים באסיה . יוצאים עם מדריך מקצועי, עוברים בין יערות במבוק. עוצרים לארוחה בגובה 2,800 מטר, כובשים את פסגת 3,143 מטר.</span></span></span><br></div>]]></description>
			<LookAt>
				<longitude>103.8410364699893</longitude>
				<latitude>22.33565012249595</latitude>
				<altitude>1497.974071271161</altitude>
				<heading>1.358307261767318</heading>
				<tilt>0</tilt>
				<gx:fovy>35</gx:fovy>
				<range>1799.509370554879</range>
				<altitudeMode>absolute</altitudeMode>
			</LookAt>
			<styleUrl>#__managed_style_033678781040DE0E2036</styleUrl>
			<gx:Carousel>
				<gx:Image kml:id="hosted_image_QUFqUWJSNEpxem8yQUtRZGxFU3JYbWdSUTFUYXF3eVFsWHhsVVdPL0dVQzFwUWxZY1pSRk1NQWtFKzY3YkZ4VGRGZGVyb2FxY2hWRXFmYTF1bzgvZ2lkOExDWXpjVVlkOEJyeEtuc1h2aUhFZ3o2Qks3WFQ0WUJKWEEzQnJOUlNkUnR0Y0lyNDJ2Q0dsS2lOTUpuN1Q1dzdzOG0xQWVFSm0rclhqbU45ZEhLellNSGRjRnBXWE1uTFZLVnR0TnVIU09VbmFEN05HR0JtMzFyYnVVT0ZYZkNLRTVaRGdmbmZMTEJ6eEdnK0ppUWJiaGtEVHRDNG14aWxodGZJUWNxK2ptdGZzTkU9">
					<gx:imageUrl>https://earth.usercontent.google.com/hostedimage/e/*/4AAjQbR6y6mGzq1UXHZIhw_ZfR_fzRL8DsO3YxV79gTwtkR-t3EtHhoHGfNb2cLMVJUWeagjvu8I85YoBlEKuXoBFHTWOU6jlGOGXGCTcp2bZq6apQ4Z93ADKoVeZv7RzvnrMovUahZwR4hAj23tD5WTCV69gBMUUNTInEJXLU0m_sf7P_0FCGqYtNikoGm3-uHVYBeivW72B2xv_xlYIyFqtcCMUuTjWW4ZU-aZAPk0cng_7mgiK-v5_a607Pp2iUYClqws8r_f1qFwbtZA?authuser=1&amp;fife=s{size}</gx:imageUrl>
				</gx:Image>
			</gx:Carousel>
			<Point>
				<coordinates>103.84120383109,22.33561867485127,1497.073231875377</coordinates>
			</Point>
		</Placemark>
		<Placemark id="05343F96F63E92C5CCA0">
			<name>טיאן - שייט פלנקטונים</name>
			<description><![CDATA[<div class="align-right" style="text-align: right;">*מיקום כללי - קבלו מיקום מדוייק לאחר הזמנה*<br></div><div class="align-right" style="text-align: right;"><br></div><div class="align-right" style="text-align: right;"><a href="https://eastcardil.co.il/attraction/plankton-cruise/">קישור הנחה</a><a href="https://eastcardil.co.il/attraction/plankton-cruise/"></a><br></div><div class="align-right" style="text-align: right;"><br></div><div class="align-right" style="text-align: right;"><span style="font-style: normal; text-align: right;"><span class="font" style="font-family: Calibri, Arial;"><span class="size" style="font-size: 11pt;">שייט פלנקטונים | שייט🚢 | קאט בה | וייטנאם | מחפשים חוויה רומנטית וייחודית בקאט בה? שייט פלנקטונים זו בדיוק האטרקציה בשבילכם. שייט לילי קסום, עם אלפי כוכבים בשמיים ואלפי פלנקטונים שצובעים את המים בזוהר כחול מהפנט. | מחפשים חוויה רומנטית וייחודית בקאט בה? שייט פלנקטונים זו בדיוק האטרקציה בשבילכם. שייט לילי קסום, עם אלפי כוכבים בשמיים ואלפי פלנקטונים שצובעים את המים בזוהר כחול מהפנט.</span></span></span><br></div>]]></description>
			<LookAt>
				<longitude>106.9074353000818</longitude>
				<latitude>20.87155242203919</latitude>
				<altitude>5.770132727898803</altitude>
				<heading>0.0003744412403878104</heading>
				<tilt>0</tilt>
				<gx:fovy>35</gx:fovy>
				<range>44001.42858183011</range>
				<altitudeMode>absolute</altitudeMode>
			</LookAt>
			<styleUrl>#__managed_style_44213760BB40DE0E2030</styleUrl>
			<gx:Carousel>
				<gx:Image kml:id="hosted_image_QUFqUWJSN29zelBsVnBZeXdVYjI3KzE2Rk5wcXFWVTR1dXBTMVFqTlE5Smk4NmExZ3ErR0JGUVRJRVR6M2N4WXE1REV4eUphT3BIQk4zRis3ZjEzeS9VYkNPSXFxQXB4U0thMytQcE1ISmRySExJMFNVdVVaU044cEE0bmI2NWxMb0JKMGcxdm1qSWdBdGxLZFdEQTVqS3VJTkUyRXJRMndnTDVlSVFlQnk2Zmp0T0hReTVsdTVHNmRGazMrajZFb1BoZlNOTVZnOVgvc3BIVksxc3JWaFVPekxRWk5BMjB1dk4rSG81R2dOa3BHUk13a0s1K3RiUHg3cGc3QkRUTng1dUptcjA9">
					<gx:imageUrl>https://earth.usercontent.google.com/hostedimage/e/*/4AAjQbR6yJ7x2w9p-D4o5wfjf9IjAaaC2SnF3Ddb6d2RK4tZ1m1A1yIlodp-0RblLYnJRy8dwsy-pIMXvD4QGGbfsIouLz4e1y39nz2mUn88G_9sqfb6eOLEfoqKy9yeVHWIJogtikvOqGnjzQH9v_JGXF-Rj5HyQkZZX-NdxGbsd9HU3_wFmc33kCU9-m3VKCvMxrE9YnqMylANrNAIgZLOwVHqeZhZPKST5KuY8jPXPBtBkY0om_IXF2lSrYO7x9rCzl4Aq4ONF3NAKvBY?authuser=1&amp;fife=s{size}</gx:imageUrl>
				</gx:Image>
			</gx:Carousel>
			<Point>
				<coordinates>106.9796624062425,20.85200824750189,74.81744142451224</coordinates>
			</Point>
		</Placemark>
		<Placemark id="00FB13611A3E92C7E1B9">
			<name>טיאן - טרק קאט בה</name>
			<description><![CDATA[<div class="align-right" style="text-align: right;">*מיקום כללי - קבלו מיקום מדוייק לאחר הזמנה*<br></div><div class="align-right" style="text-align: right;"><br></div><div class="align-right" style="text-align: right;"><a href="https://eastcardil.co.il/attraction/trek-cat-ba/">קישור הנחה</a><a href="https://eastcardil.co.il/attraction/trek-cat-ba/"></a><br></div><div class="align-right" style="text-align: right;"><br></div><div class="align-right" style="text-align: right;"><span style="font-style: normal; text-align: right;"><span class="font" style="font-family: Calibri, Arial;"><span class="size" style="font-size: 11pt;">טראק קאט בה | טיול 🏔️|טרק | קאט בה | וייטנאם | הטראק המפורסם של קאט בה לא ישאיר אתכם אדישים. נופים עוצרי נשימה ותצפית פנורמית מרהיבה. זו האטרקציה שאתם פשוט חייבים לעשות! | הטראק המפורסם של קאט בה לא ישאיר אתכם אדישים. נופים עוצרי נשימה ותצפית פנורמית מרהיבה. זו האטרקציה שאתם פשוט חייבים לעשות!</span></span></span><br></div>]]></description>
			<LookAt>
				<longitude>106.9048077581468</longitude>
				<latitude>20.86924162630822</latitude>
				<altitude>5.642292332830115</altitude>
				<heading>0.0003744155188904822</heading>
				<tilt>0</tilt>
				<gx:fovy>35</gx:fovy>
				<range>44001.55615133699</range>
				<altitudeMode>absolute</altitudeMode>
			</LookAt>
			<styleUrl>#__managed_style_033678781040DE0E2036</styleUrl>
			<gx:Carousel>
				<gx:Image kml:id="hosted_image_QUFqUWJSNWZmckEyRW1UWnBEUWRWQmhkOUxyUzRpZDVBbC9weEt0UG5rNkprQUd2Y0RzNm5Nc0l0RTBVSGlyMktYRUhob1hYUFpoT3U1TllVWlFXbU5zdGZla0dkbVpGaWtKeVFtUWNWSEJMYXFHNmpQWi9wOEtRZGVYOXBVUkJ1cEFrV2h3VWdvbjI0SUUrQ2RwMWpYV1ZFaTlMV2JiakI4VFA3MTZyczlHK3FLOTE0amQ2MkhicVdGWkFnRUhlWUtRNmRmRG9QN2ZYYnZPNTZzbGRDTFVrRTJKK2dQdjJXWXJQdm1LK1pXMXFPWXAyNWoxampqUjJmV3pDL0tSUi9SUE45Q009">
					<gx:imageUrl>https://earth.usercontent.google.com/hostedimage/e/*/4AAjQbR4bawqT65TBaqt50kj9f5N3EwVF5qTvDS986RXI_tgEHTndGRSvukXPdDUlGds1Vl7aEWgSHDXJVL10xU-_4CXHFkl3G9i7z49Rl7AKO1uH4V-LG4W35M11J6qmJU_hvKi9SKiMfeRyxSIIpq6UtTMCONczSoRRQ0Jm3gw974pZYDkMo9ba94VGoU4sIG6bESAUTSRqyb29w9CB0u9HtaRyUvXo9ANH9b-TPBUCIkEX4bP9iLK0hdw7MMX34zR15XoaJGp1l-7CtV0?authuser=1&amp;fife=s{size}</gx:imageUrl>
				</gx:Image>
			</gx:Carousel>
			<Point>
				<coordinates>106.9876501128421,20.81899756141342,139.9310042720284</coordinates>
			</Point>
		</Placemark>
		<Placemark id="0195E2DB1C3E92CF5584">
			<name>שייט יומי בהא לונג ביי עם מייק</name>
			<description><![CDATA[<div class="align-right" style="text-align: right;">*מיקום כללי - קבלו מיקום מדוייק לאחר הזמנה*<br></div><div class="align-right" style="text-align: right;"><br></div><div class="align-right" style="text-align: right;"><a href="https://eastcardil.co.il/attraction/ha-long-bay-cruise/">קישור הנחה</a><a href="https://eastcardil.co.il/attraction/ha-long-bay-cruise/"></a><br></div><div class="align-right" style="text-align: right;"><br></div><div class="align-right" style="text-align: right;"><span style="font-style: normal; text-align: right;"><span class="font" style="font-family: Calibri, Arial;"><span class="size" style="font-size: 11pt;">שייט יומי בהא לונג ביי עם מייק | שייט🚢 | הא לונג ביי | וייטנאם | שייט יום בהא לונג ביי עם מייק. קיאקים, שחייה, מערות וחופים מלאי איים ומצוקים. צוות דובר אנגלית וחוויה מקצועית עד הפרט הכי קטן. | שייט יום בהא לונג ביי עם מייק. קיאקים, שחייה, מערות וחופים מלאי איים ומצוקים. צוות דובר אנגלית וחוויה מקצועית עד הפרט הכי קטן.</span></span></span><br></div>]]></description>
			<LookAt>
				<longitude>107.1027545725408</longitude>
				<latitude>20.84049454862499</latitude>
				<altitude>26.5763497669281</altitude>
				<heading>6.659981709074597e-05</heading>
				<tilt>0</tilt>
				<gx:fovy>35</gx:fovy>
				<range>86055.52940832452</range>
				<altitudeMode>absolute</altitudeMode>
			</LookAt>
			<styleUrl>#__managed_style_44213760BB40DE0E2030</styleUrl>
			<gx:Carousel>
				<gx:Image kml:id="hosted_image_QUFqUWJSNUQvZzhiNiszYzQrZlRNNU1CRGRGYmkyaVZlSmhLZ2VhTXpqUG9nK1haQTNnQnA5S1YwOWdpdExaQ1p2YjBmVXJqWlZEL0ZOcXl3eVlvU1NLS2R3VS9WRFpoZlhDVkJjWStkUzJma3BraVJZNlhFWTJiYmdiM1krNWFFajE5d3VkUW4yNFY4SlNnQVpQZFhGQWZWTkxxZUU2ZXBJNnFwbm1XdmppNUt4ckk3LzlHY2lJY1Rwbk4zd2g5dFRCYUU0WlF1Y3ZQZ0pCY2cyN2RhbFpPWkw1NHU0aVJ4d1d1MGRGazlsc2J6Z2Q5cTlMNnFiMm95ZEtXWFNqS1k5dTVHUkk9">
					<gx:imageUrl>https://earth.usercontent.google.com/hostedimage/e/*/4AAjQbR480yzSEno7jl6T4xTAzaIEFgNvkDmhiGzp44s6fEGSNbrbdJwRC1Dwawh-J0IDiMGgv-e7fKmC48_Nakohwig6MyNcQFgHbbkuIN2iJ-QRaCgNYgWfPxUNabmWQim5qJXB5yrXyHYXAxmhik44BJcYbUrpI2pI0jtaxvaIQXjw-vCroKF7p1qTxLxNb9DRMhn5PSsVsnhBIS5NGx_8DiW2JKkViADi0pRYOnqOtt504xn97v_Yo1ygclFNohmUHwPnIMivSIKkyCw?authuser=1&amp;fife=s{size}</gx:imageUrl>
				</gx:Image>
			</gx:Carousel>
			<Point>
				<coordinates>107.1182138050096,20.89755708138372,5.308261136462075</coordinates>
			</Point>
		</Placemark>
		<Placemark id="0A0AB8AB933E92D051E3">
			<name>סדנת בישול עם הון</name>
			<description><![CDATA[<div class="align-right" style="text-align: right;">*מיקום כללי - קבלו מיקום מדוייק לאחר הזמנה*<br></div><div class="align-right" style="text-align: right;"><br></div><div class="align-right" style="text-align: right;"><a href="https://eastcardil.co.il/attraction/cooking-workshop-hon/">קישור הנחה</a><a href="https://eastcardil.co.il/attraction/cooking-workshop-hon/"><br></a></div><div class="align-right" style="text-align: right;"><br></div><div class="align-right" style="text-align: right;"><span style="font-style: normal; text-align: right;"><span class="font" style="font-family:Calibri, Arial"><span class="size" style="font-size:11pt">סדנת בישול עם הון | בישול|סדנה | הוי אן | וייטנאם | הסדנת בישול הכי מומלצת בהוי אן.! הצטרפו להון ולמדו את סודות המטבח הווייטנאמי. מהשוק המקומי ועד הצלחת. עם התנסות מעשית והכנת מנות אותנטיות שלא תשכחו. | הסדנת בישול הכי מומלצת בהוי אן.! הצטרפו להון ולמדו את סודות המטבח הווייטנאמי. מהשוק המקומי ועד הצלחת. עם התנסות מעשית והכנת מנות אותנטיות שלא תשכחו.</span></span></span><br></div>]]></description>
			<LookAt>
				<longitude>108.3284485229633</longitude>
				<latitude>15.87659533650434</latitude>
				<altitude>4.041299969691341</altitude>
				<heading>357.1026198799178</heading>
				<tilt>0</tilt>
				<gx:fovy>35</gx:fovy>
				<range>1223.358751461783</range>
				<altitudeMode>absolute</altitudeMode>
			</LookAt>
			<styleUrl>#__managed_style_34EE6F54D040DE0E2028</styleUrl>
			<gx:Carousel>
				<gx:Image kml:id="hosted_image_QUFqUWJSNVN1cWZIeHJRL1FLbnNESnFqd3MyNDNRVkU5eWRIU1phbHpZb3FMYTFOTEZSdUtuUXZOeFBZVHBDaHBWQ0FDZFJhbWRSNGFid2p3ZDBaV2dhdU15RHZBSnFwMW5JWEwxUmJXaTFINEVTRmQyZnpnUUNObDdtMW1Yb3hqb1ZMZUQvZ0EzYTRFNjFVbFhHNFBYeWpORGhaQkFndk9uYkJPVG9JTW5lcXZZdkdNVU5FQWYvTWNMWWc1czBvbURPVVFLSkI2dUhCM1I0SUNTbkM5YVo2MmVLTWJsaDczeUV5WmdPRkhNcWdWSHdPWEFrS0JPUU56RUZoaFpsMnF2N3BGM0U9">
					<gx:imageUrl>https://earth.usercontent.google.com/hostedimage/e/*/4AAjQbR5UIyvRI8JFkAayBf5adkzKlBd7kTwpBdxeF66DuzWrA9kAUZBdjmnOunUyF-9srXBgisLt062S_ZY9mx91Q0yilFpJNvnT7Yh-c0_VUnEQO5aCxurv_BRjNoCZXmM0A4dZphUuUTHp48WC3rAHTQE6JB4Vw7tgJ3ktHmSAFz6fpITdG0_iW9tywrRxcczk69pTQvSRoULEyQ__26KL5clZCBHyayS77Edl_0PypUVKxjvruVJNqsBbbuS3Ht5TR_amPZKQWNzNH34?authuser=1&amp;fife=s{size}</gx:imageUrl>
				</gx:Image>
			</gx:Carousel>
			<Point>
				<coordinates>108.3285813348829,15.87646190451032,3.54106001419473</coordinates>
			</Point>
		</Placemark>
		<Placemark id="022553FC1E3E92D2195E">
			<name>סדנת גילוף בעץ</name>
			<description><![CDATA[<div><div><br></div></div><div class="align-right" style="text-align: right;">*מיקום כללי - קבלו מיקום מדוייק לאחר הזמנה*<br></div><div class="align-right" style="text-align: right;"><br></div><div class="align-right" style="text-align: right;"><a href="https://eastcardil.co.il/attraction/wood-carving-workshop/">קישור הנחה</a><a href="https://eastcardil.co.il/attraction/wood-carving-workshop/"></a><br></div><div class="align-right" style="text-align: right;"><br></div><div class="align-right" style="text-align: right;"><span style="font-style: normal; text-align: right;"><span class="font" style="font-family: Calibri, Arial;"><span class="size" style="font-size: 11pt;">סדנת גילוף בעץ | סדנה | הוי אן | וייטנאם | סדנת גילוף בעץ בהוי אן, המתמקדת במלאכה וייטנאמית מסורתית ומציעה חוויה יצירתית ואותנטית. הסדנה כוללת כלים וחומרים לגילוף בעץ, הדרכה מקצועית ויצירת פריט אישי למזכרת. | סדנת גילוף בעץ בהוי אן, המתמקדת במלאכה וייטנאמית מסורתית ומציעה חוויה יצירתית ואותנטית. הסדנה כוללת כלים וחומרים לגילוף בעץ, הדרכה מקצועית ויצירת פריט אישי למזכרת.</span></span></span><br></div>]]></description>
			<LookAt>
				<longitude>108.3275219364909</longitude>
				<latitude>15.87592025597911</latitude>
				<altitude>1.656582344163768</altitude>
				<heading>0</heading>
				<tilt>0</tilt>
				<gx:fovy>35</gx:fovy>
				<range>2383.552425781963</range>
				<altitudeMode>absolute</altitudeMode>
			</LookAt>
			<styleUrl>#__managed_style_34EE6F54D040DE0E2028</styleUrl>
			<gx:Carousel>
				<gx:Image kml:id="hosted_image_QUFqUWJSNVdKRDhtZE5BSlp3WG9QSnR6ZmJsTmlHKzNPclVESFhPR29sTWxSVlg4WHJCMTY2cFBIZ25IVUc0TDFuRW4wcXJYb1AwVXp4NkFBbHlSTGVqY29KQ2JjYTZpeVZNc2xKTS83cWQrT1lhb0ZWMUlIaFlqSDdQT2dVZGw3TGRrTzZXSmt0MWtTWmVBTkJKZk1HcWJGUjRhamNTWE1rUDArQ1JiUUtWaFZQekl3Qk1BNTlMZWczMThtU2dSU1pwZU5aaFdtQzJpNitZVTNjcEFTUkI3S2M3N0ZvQTA5eSs3ZDM1THFmZlNEY25jME5aRVhPNWNNMGZwWW9aSzcyZU15aTA9">
					<gx:imageUrl>https://earth.usercontent.google.com/hostedimage/e/*/4AAjQbR4vxjbUT7aYmhXRbuAKAcbED2U14H5eDH8VguIOjssU6gC-TnniODutt4jhiGMTKqywLtXcpaclLRlei7cfh9PbV1Vwz0p2-OuT4-BZD51tX1BCoVqo9cDN4PLsYvWlpfZ-xKTHB1jNvhJpbJLy4hEPM4o8t3kbsKME35tVT7evHJVxST5NQyqXjqoMbtuQz_q5kxkq-5rYzJmJ6E8MMqcWezulsJm7ldfKJF-MZGq2SsRy9Jjl9Yb75wDK-fjXKPIRIkGWLYThPIw?authuser=1&amp;fife=s{size}</gx:imageUrl>
				</gx:Image>
			</gx:Carousel>
			<Point>
				<coordinates>108.3300028232375,15.87661176174448,5.322250164420971</coordinates>
			</Point>
		</Placemark>
		<Placemark id="0E766126A23E92D36B14">
			<name>שיעור יוגה עם אום</name>
			<description><![CDATA[<div class="align-right" style="text-align: right;">*מיקום כללי - קבלו מיקום מדוייק לאחר הזמנה*<br></div><div class="align-right" style="text-align: right;"><br></div><div class="align-right" style="text-align: right;"><a href="https://eastcardil.co.il/attraction/om-yoga-2/">קישור הנחה</a><a href="https://eastcardil.co.il/attraction/om-yoga-2/"></a><br></div><div class="align-right" style="text-align: right;"><br></div><div class="align-right" style="text-align: right;"><span style="font-style: normal; text-align: right;"><span class="font" style="font-family: Calibri, Arial;"><span class="size" style="font-size: 11pt;">שיעור יוגה עם אום | יוגה🧘|סדנה | הוי אן | וייטנאם | שיעורי יוגה מרגיעים ומחברים בהוי אן, עם דגש על תרגול פיזי ונפשי ברמה גבוהה. השיעורים מועברים על ידי מדריכים מוסמכים, בסביבה טבעית, ירוקה ושלווה. | שיעורי יוגה מרגיעים ומחברים בהוי אן, עם דגש על תרגול פיזי ונפשי ברמה גבוהה. השיעורים מועברים על ידי מדריכים מוסמכים, בסביבה טבעית, ירוקה ושלווה.</span></span></span><br></div>]]></description>
			<LookAt>
				<longitude>108.3285850251716</longitude>
				<latitude>15.87686107262436</latitude>
				<altitude>6.197809933375778</altitude>
				<heading>0</heading>
				<tilt>0</tilt>
				<gx:fovy>35</gx:fovy>
				<range>1524.894405481318</range>
				<altitudeMode>absolute</altitudeMode>
			</LookAt>
			<styleUrl>#__managed_style_255D9205F240DE0E204C</styleUrl>
			<gx:Carousel>
				<gx:Image kml:id="hosted_image_QUFqUWJSN1dhRFR5SGdhRXVWallQQWt5ZStXbytsNTJrK2VHTTVzbWd1a0V2UjBuWkRRNWpiOWRKL3l6Y3RoRTJobk45K1I5OG02eFhMWU5MRGVYa1Z5WGlmajU1aTUyVit2TXg2ZHA5eFgwZENTUzkwa0lCVU1wNDhETDUra2tOYU9BNTdTcWoyMGd3N1czSW1keE1PVEZFU2lhdDUyRTdmTHFGL0NHNm51UGdOb1FaQ0Z4SERMMTVlQ3NLU2JSc1ZkaTQrM1h4Y0p0Tys0UjhtUERHV080K2ZIVnlHR2hMcTNpT3lqc1U1TWlmb1RjUlBsN1JVcExXUjIzU29CZzNkVXQzT289">
					<gx:imageUrl>https://earth.usercontent.google.com/hostedimage/e/*/4AAjQbR40xXzGkF0XJPqo_dckxC8k_KZt1x-sPQvmoq5rU6DoCqLILjLMW3ebvddV9BdeKOKZy18BOOxBkRbLrtcQe-VZ6F9ptj0YlY4mXSiCorViMI8ooHILwrTBf7n1exEUtu4YyO5mybOcZ6rk6Qh6MEynR_Ombb2aZjT3fCxL0p4c1lcCy-brn8gNpWCAwx_WMu-elz7rZFgZhYSTotOxqfH3Ee9E5Ts-UTjLRzSOlGV0nRAjG5b4x5paH8Wgj870xZTikKYkCCEpBDI?authuser=1&amp;fife=s{size}</gx:imageUrl>
				</gx:Image>
			</gx:Carousel>
			<Point>
				<coordinates>108.3292214343969,15.87654558808769,4.999312055128932</coordinates>
			</Point>
		</Placemark>
		<Placemark id="004507C8903E92D52218">
			<name>אמבטיית קרח</name>
			<description><![CDATA[<div class="align-right" style="text-align: right;">*מיקום כללי - קבלו מיקום מדוייק לאחר הזמנה*<br></div><div class="align-right" style="text-align: right;"><br></div><div class="align-right" style="text-align: right;"><a href="https://eastcardil.co.il/attraction/ice-bath/">קישור הנחה</a><a href="https://eastcardil.co.il/attraction/ice-bath/"><br></a></div><div class="align-right" style="text-align: right;"><br></div><div class="align-right" style="text-align: right;"><span style="font-style: normal; text-align: right;"><span class="font" style="font-family:Calibri, Arial"><span class="size" style="font-size:11pt">אמבטיית קרח | סדנה | הוי אן | וייטנאם | אתגרו את עצמכם באמבטיית קרח מרעננת בלב הוי אן. חיזוק הגוף והנפש, הנחיה מקצועית, סשן נשימות משחרר. מתאים למטיילים, ספורטאים ולמחפשי אתגר. | אתגרו את עצמכם באמבטיית קרח מרעננת בלב הוי אן. חיזוק הגוף והנפש, הנחיה מקצועית, סשן נשימות משחרר. מתאים למטיילים, ספורטאים ולמחפשי אתגר.</span></span></span><br></div>]]></description>
			<LookAt>
				<longitude>108.3272390901419</longitude>
				<latitude>15.87697087733428</latitude>
				<altitude>5.385114843272558</altitude>
				<heading>0</heading>
				<tilt>0</tilt>
				<gx:fovy>35</gx:fovy>
				<range>2275.951255147811</range>
				<altitudeMode>absolute</altitudeMode>
			</LookAt>
			<styleUrl>#__managed_style_34EE6F54D040DE0E2028</styleUrl>
			<gx:Carousel>
				<gx:Image kml:id="hosted_image_QUFqUWJSNzFyZ1NKY3NzSE5uSlFBY2NFbDNJMHk4SFhYbHQyS1g2N3kwWGc5MmRscG1Zd2FIQi9PcllMaG0rRnlqQVVNeXVqTTA1YjdrclBZUDdjZzRHT3lQNXNxYmlickhZaUEvSjdPVjhqRTQwMG9hUGdyRC9kbTl3Ty9rUCswVFp4VzJhWS9QZGNDY2V6ZE9uYXNUZXlFQk5FeFJiWkpKLy9JVmVBWlhqanpjbEdTZDE0c0hhZWpJck5XOFFmZ0F6MlVaditoVytuLzVoY2NCV1o0eDR0YnI4WWo5M3Z0bFgvamdYQnVrZUJ2Mnl4RUVBeXdrb0RFNFNsZmUwTHQ2TDJoTjQ9">
					<gx:imageUrl>https://earth.usercontent.google.com/hostedimage/e/*/4AAjQbR4JOLaGP_7C5e1ZuCsZHsqfAIXNR5rqpiu9Z8a4Xt2I6tti6jJfZb0S75ddynJ9KKJ1EDwO-1VgFfVSf-Fx_FRom-XfDQQ15UzN8_QnUwmV2B1_aML0QM0o52mC7YpsMTEzBJhGoIEYQfYqVCF7rZ0U5XXG1T6VTSlGuoIEjUttmvAYx45D-Hj2G54wHTvI_LlTlDf8iuSXPHtYl2KKGkMlypJ4sSawzacKJjUwfBkb1M6oXyAwn0gsnMlQctPsfh5ew9ZZ19_6jts?authuser=1&amp;fife=s{size}</gx:imageUrl>
				</gx:Image>
			</gx:Carousel>
			<Point>
				<coordinates>108.3277650470534,15.87650011502681,4.113964527712266</coordinates>
			</Point>
		</Placemark>
		<Placemark id="009200E8B33E92D64748">
			<name>סדנת צורפות עם קים</name>
			<description><![CDATA[<div class="align-right" style="text-align: right;">*מיקום כללי - קבלו מיקום מדוייק לאחר הזמנה*<br></div><div class="align-right" style="text-align: right;"><br></div><div class="align-right" style="text-align: right;"><a href="https://eastcardil.co.il/attraction/jewelry-workshop-with-kim/">קישור הנחה</a><a href="https://eastcardil.co.il/attraction/jewelry-workshop-with-kim/"><br></a></div><div class="align-right" style="text-align: right;"><br></div><div class="align-right" style="text-align: right;"><span style="font-style: normal; text-align: right;"><span class="font" style="font-family:Calibri, Arial"><span class="size" style="font-size:11pt">סדנת צורפות עם קים | סדנה|תכשיטים | הוי אן | וייטנאם | סדנת צורפות מקצועית בחנות התכשיטים של קים. לימוד טכניקות צורפות כסף ועיצוב טבעת/שרשרת אישית. הדרכה אישית, ויצירת תכשיט כמזכרת מהטיול. | סדנת צורפות מקצועית בחנות התכשיטים של קים. לימוד טכניקות צורפות כסף ועיצוב טבעת/שרשרת אישית. הדרכה אישית, ויצירת תכשיט כמזכרת מהטיול.</span></span></span><br></div>]]></description>
			<LookAt>
				<longitude>108.3272390901419</longitude>
				<latitude>15.87697087733428</latitude>
				<altitude>5.385114843272558</altitude>
				<heading>0</heading>
				<tilt>0</tilt>
				<gx:fovy>35</gx:fovy>
				<range>2275.951255147811</range>
				<altitudeMode>absolute</altitudeMode>
			</LookAt>
			<styleUrl>#__managed_style_34EE6F54D040DE0E2028</styleUrl>
			<gx:Carousel>
				<gx:Image kml:id="hosted_image_QUFqUWJSNHNuMXNVaUZJRlBmMERqczIyUklrYmpJRXMrc3BPMTl6cis5TnZya1RRNHFoaWVSNWxrNlU3eE1rNkYxNFZ0MEdvVXNNRmo0bDZla2ZPNXZub25yNE9ZV2tHQWVQMGxqWkVodURibTE2QkRLa0ptZ3RGYllkaW0rY3VPSVpOL3hudVNFdUhlZk9jV2t6STRwNHdsNXliNHJRUmhMYWNuY1VHSmltbnRIdERvc2FQWTlxYW1pU1QwQ0RJRzVPY3dUd1M3TmxPMFR4YzNMZmVQZkJWOWx1TjN2eDR2SGJCWElHNW8ybGl5NzJKTE9wYmZVckE5bUh6M2hROHhxSjV4d2s9">
					<gx:imageUrl>https://earth.usercontent.google.com/hostedimage/e/*/4AAjQbR7WgL6qsc0nPKqtu9oP2yHAhGzAjtG-0Hil7kX0B6gVVsUI-qsd24jpDL0ZO9dCHO42f36x1of6IIFbLbANK2yA_zNnD82B65t9XDNinrSKglJudNNc6v96ZDhDpLOkIgw_A6xgGS8cazAVNPPh1mUDb83r5PW4OfGBG9tDBO2n8tmyaopHjq5TjX3Wi4SMG24HmEM4JqnCg8YRDDDEBuxKawgnAqn1I9ftQDwdMZPAiyDdBa_wcKJyUgmU4MkFi8oPlzxkQ7gRNd0?authuser=1&amp;fife=s{size}</gx:imageUrl>
				</gx:Image>
			</gx:Carousel>
			<Point>
				<coordinates>108.3287128575611,15.87713227582487,6.950325519874722</coordinates>
			</Point>
		</Placemark>
		<Placemark id="0EA69E3D633E8F0DF89C">
			<name>סדנת בישול עם צ&apos;אנג</name>
			<description><![CDATA[<div class="align-right" style="text-align: right;">*מיקום כללי - קבלו מיקום מדוייק לאחר הזמנה*<br></div><div class="align-right" style="text-align: right;"><br></div><div class="align-right" style="text-align: right;"><a href="https://eastcardil.co.il/attraction/cooking-workshop-with-tarng/">קישור הנחה</a><a href="https://eastcardil.co.il/attraction/cooking-workshop-with-tarng/"></a><br></div><div class="align-right" style="text-align: right;"><br></div><div class="align-right" style="text-align: right;"><span style="font-style: normal; text-align: right;"><span class="font" style="font-family: Calibri, Arial;"><span class="size" style="font-size: 11pt;">סדנת בישול עם צ'אנג | אוכל 🍔|סדנה | האנוי | וייטנאם | חולמים לבשל אוכל וייטנאמי אמיתי? בסדנת בישול עם צ'אנג. תקפצו בין דוכני שוק צבעוניים, תקטפו עשבי תיבול בגינה קסומה ותבשלו ארבע קלאסיקות. באווירה של בית ומסורת וייטנאמית! | חולמים לבשל אוכל וייטנאמי אמיתי? בסדנת בישול עם צ'אנג. תקפצו בין דוכני שוק צבעוניים, תקטפו עשבי תיבול בגינה קסומה ותבשלו ארבע קלאסיקות. באווירה של בית ומסורת וייטנאמית!</span></span></span><br></div>]]></description>
			<LookAt>
				<longitude>105.8176808164938</longitude>
				<latitude>21.06025943985969</latitude>
				<altitude>6.657365923629984</altitude>
				<heading>0</heading>
				<tilt>0</tilt>
				<gx:fovy>35</gx:fovy>
				<range>8784.197421509307</range>
				<altitudeMode>absolute</altitudeMode>
			</LookAt>
			<styleUrl>#__managed_style_34EE6F54D040DE0E2028</styleUrl>
			<gx:Carousel>
				<gx:Image kml:id="hosted_image_QUFqUWJSNzNaVStrajYxT3N4M2tDQXlYNXo5TFhGVVFkMUJINm1FbXFQMDdJbGVwRkMrZHBEcHdXN1IrZWpmRUhaWmRNWHBTenJXeGVlLzdaM0dOOUIra3I2WndMVEtHdUJINUpMQkFzTk94dDl2MjkvUWRQY2FzZHUxaTVKczZHSUFUUVcvRjFONmNxeGUxc1ltL2M2dlExdElaZGZsMDA3ZjhSVHpocldadVptVi8wWHBqbVdjT2VBTG44bExBYXczdlY3WEMxdmpRaG11KzMvUHFHUElFUEpTVGdQYndDQUprZTRNSkpmZERwY2pWRXYzaGpVUy9CYUxlR3lQNk9ncTZLSkE9">
					<gx:imageUrl>https://earth.usercontent.google.com/hostedimage/e/*/4AAjQbR44rvgn_mpteJZTLdKgfH13NcqmJy8KfzOvquMXyWFmBd6CjSJWyJppoQuUW_x60J9Pm33qkIXJL3PB6g3fGr1T9sVegxVfjBtO4knE6fiF34kQ31Ad-5iQ8tJX8NnagVMCLZ9PAke6DIWRwC1_57orIUPqhDpiuZ4VBQAGUQlGLQSoSg59JP4JV8Ql8u0Ztp7_c9aW62TdbWuw9dwFh16CrAgzIjh1PzV7HnP7FB86jB8lJR8imIo-O6jejJ1amINxpnxEzuGdato?authuser=1&amp;fife=s{size}</gx:imageUrl>
				</gx:Image>
			</gx:Carousel>
			<Point>
				<coordinates>105.8288861558896,21.06332021387972,11.17195860333397</coordinates>
			</Point>
		</Placemark>
		<Placemark id="0A6B57D1513E8F05EB40">
			<name>יוגה ערסלים עם Nomad Om Factory</name>
			<description><![CDATA[<div class="align-right" style="text-align: right;"><a href="https://eastcardil.co.il/attraction/nomad-factory/">קישור הנחה</a><br></div><div class="align-right" style="text-align: right;"><br></div><div class="align-right" style="text-align: right;"><span style="font-style: normal; text-align: right;"><span class="font" style="font-family: Calibri, Arial;"><span class="size" style="font-size: 11pt;">יוגה ערסלים עם Nomad Om Factory | יוגה🧘|סדנה | האנוי | וייטנאם | מרגישים שעבר הרבה זמן מאז הפעם האחרונה שהתאמנתם? אנחנו מזמינים אתכם לחזור לשגרת האימונים עם NOMAD. שיעור יוגה ערסלים בסטייל, שיגרום לכם להרגיש שחזרתם לכושר ובכיף. | מרגישים שעבר הרבה זמן מאז הפעם האחרונה שהתאמנתם? אנחנו מזמינים אתכם לחזור לשגרת האימונים עם NOMAD. שיעור יוגה ערסלים בסטייל, שיגרום לכם להרגיש שחזרתם לכושר ובכיף.</span></span></span><br></div>]]></description>
			<LookAt>
				<longitude>105.823549</longitude>
				<latitude>21.0655793</latitude>
				<altitude>0</altitude>
				<heading>0</heading>
				<tilt>0</tilt>
				<gx:fovy>35</gx:fovy>
				<range>978.0340777284007</range>
				<altitudeMode>relativeToGround</altitudeMode>
			</LookAt>
			<styleUrl>#__managed_style_2FB43C83D840DE0E2058</styleUrl>
			<gx:Carousel>
				<gx:Image kml:id="hosted_image_QUFqUWJSN2ZJWjF6RTVnNzJzM1VhSWMwRmJpZkFJM3ExNXUxclpCSEhXSVlERFg1VlRYbG1vajI1enN0RzRsMkVWdzlvUkVTZHRpT2pkVWxmTDlkZFV3eW9KRjdBZGN0ZlhsNm5sbXVaRmZyb1gxRjVoTFd4WGo0MUM4azVjRm5hK1hyblFuMDlHR3dTWThzajZVZWVIT3U0ZXFRcDR2UVZVKzVXeHJVaC81aElzdVlHSXJYVjYxbmprVXZteWdEQ2pwVUNKNnlRdUk1OVZUaXltTS96NXZYZTJrTXZ1WllqQjhIT05IMWc4MFp2Zm5IdDNLSzdpQnQvL25wWjZkeU9CY2dkTUk9">
					<gx:imageUrl>https://earth.usercontent.google.com/hostedimage/e/*/4AAjQbR5KzxvYhM0s4w3DUP54dlaqXKNpZxyPeDwkiOWVSrWeRChKbq4ybU7r33GZI9DWgbb6QWn2YueIrQOpKOHaVEOxW4snAvk8GfEGD0skbLuD7lMu9mnZi7zhnZWbOSy0RJvWFUf9UioT5snnJYTlEyH6SaTSUFqFSrj_E-wz-ksDlfVLZ5-DaApVsgTJbaVQ5OWRAxbih4GnX6WkKMXHlEt6jyKAMa5MAdARVgyH50G5SP46JEdy6fIASvcpc--rO5mymAb411qnqWM?authuser=1&amp;fife=s{size}</gx:imageUrl>
				</gx:Image>
			</gx:Carousel>
			<Point>
				<altitudeMode>relativeToGround</altitudeMode>
				<coordinates>105.8235851,21.0656003,0</coordinates>
			</Point>
		</Placemark>
		<Placemark id="094FFFC7BA3E8F1D07BE">
			<name>סיור כפרים עם נאם</name>
			<description><![CDATA[<div class="align-right" style="text-align: right;">*מיקום כללי - קבלו מיקום מדוייק לאחר הזמנה*<br></div><div class="align-right" style="text-align: right;"><br></div><div class="align-right" style="text-align: right;"><a href="https://eastcardil.co.il/attraction/village-tour-with-nam/">קישור הנחה</a><a href="https://eastcardil.co.il/attraction/village-tour-with-nam/"></a><br></div><div class="align-right" style="text-align: right;"><br></div><div class="align-right" style="text-align: right;"><span style="font-style: normal; text-align: right;"><span class="font" style="font-family: Calibri, Arial;"><span class="size" style="font-size: 11pt;">סיור כפרים עם נאם | טיול 🏔️ | האנוי | וייטנאם | הצטרפו לסיור הכי פוטוגני בוייטנאם!טיול לכפר הקטורות, בו תלמדו איך מכינים אותן – ותגיעו למקומות הכי יפים שיש להאנוי להציע. | הצטרפו לסיור הכי פוטוגני בוייטנאם! טיול לכפר הקטורות, בו תלמדו איך מכינים אותן – ותגיעו למקומות הכי יפים שיש להאנוי להציע.</span></span></span><br></div>]]></description>
			<LookAt>
				<longitude>105.8454002785247</longitude>
				<latitude>21.03607862643243</latitude>
				<altitude>12.78216873055797</altitude>
				<heading>0</heading>
				<tilt>0</tilt>
				<gx:fovy>35</gx:fovy>
				<range>4703.14098163799</range>
				<altitudeMode>absolute</altitudeMode>
			</LookAt>
			<styleUrl>#__managed_style_34EE6F54D040DE0E2028</styleUrl>
			<gx:Carousel>
				<gx:Image kml:id="hosted_image_QUFqUWJSN1l4RU1xbmlKMVE1TXFpYmduRU9GRTlSSVk5T3d4TTdBYURoMWkvMXVVR25iVmVDb1AxWXVVZzVnTHc4bjdxVitJS21xanROd01yREx6eUM0VnpIQ0VUbW4yUW5PM3lDYmF2S1E2b1dxejdIUFpjRUJDN0ZFMk5LWWE1V2J0c1ZPaUhrVVZsOHNQcXFyZjVZWWU0NUdVekY4VnBQUVQrNWFYZ0pIcFZnWDg4S1VSVDBvZ2FiUTF0dGExZCsvWTkrZGJ1VUJRYVZ1cExqSzRpMzhPZm02N2x3bGpnQVpMSjZhTmQ2ZW0wclduckdOemJ0NmxaNHhlZlJiMUFnOVdwbmc9">
					<gx:imageUrl>https://earth.usercontent.google.com/hostedimage/e/*/4AAjQbR5m1nq0ZGER2-pukSCrmFyFM4YtGIIAYrf_ikLxmfOSESrv14mVlVp2HKmStJJGP0iN64aCJ_qpDOPmNiA1RPfgCwJe3D1z6nBdCllEVbOqPHrrHWYRSPBBCnCcbwYyFGKpe4wmL_UoplvzgFlfoBSHB_KTakGtRX5Wi6nexKSa7HPy3an85ZE-4L4I5h7Sk7O3Rvr9DmRSB3iDxgFCSPFmRWDZHHR2fWoCUXpCBSUSux-tPw634E2oFXMX2HuyBxv1fNjwSnq62M8?authuser=1&amp;fife=s{size}</gx:imageUrl>
				</gx:Image>
			</gx:Carousel>
			<Point>
				<coordinates>105.8545971166936,21.03507788286545,16.55223056332839</coordinates>
			</Point>
		</Placemark>
		<Placemark id="0DC09FF3C13E8F288308">
			<name>מאמא סי</name>
			<description><![CDATA[<div class="align-right" style="text-align: right;">*מיקום כללי - קבלו מיקום מדוייק לאחר הזמנה*<br></div><div class="align-right" style="text-align: right;"><br></div><div class="align-right" style="text-align: right;"><a href="https://eastcardil.co.il/attraction/mama-si/">קישור הנחה</a><a href="https://eastcardil.co.il/attraction/mama-si/"></a><br></div><div class="align-right" style="text-align: right;"><br></div><div class="align-right" style="text-align: right;"><span style="font-style: normal; text-align: right;"><span class="font" style="font-family: Calibri, Arial;"><span class="size" style="font-size: 11pt;">מאמא סי | טיול 🏔️ | סאפה | וייטנאם | מאמא סי, המאמא הכי מתוקה בסאפה, תארח אתכם אצלה בבית יחד עם כל הילדים שלה, ותקח אתכם לסיורים במפלים המדהימים שיש לסאפה להציע. תכינו את הכבד – כי אפי ווטר יזרום כל היום! | מאמא סי, המאמא הכי מתוקה בסאפה, תארח אתכם אצלה בבית יחד עם כל הילדים שלה. ותקח אתכם לסיורים במפלים המדהימים שיש לסאפה להציע. תכינו את הכבד, כי אפי ווטר יזרום כל היום!</span></span></span><br></div>]]></description>
			<LookAt>
				<longitude>103.8402404457905</longitude>
				<latitude>22.33496907783061</latitude>
				<altitude>1502.976411323187</altitude>
				<heading>0</heading>
				<tilt>0</tilt>
				<gx:fovy>35</gx:fovy>
				<range>2609.133881464368</range>
				<altitudeMode>absolute</altitudeMode>
			</LookAt>
			<styleUrl>#__managed_style_18E4283B1640DE0E2048</styleUrl>
			<gx:Carousel>
				<gx:Image kml:id="hosted_image_QUFqUWJSNTFtYlZmYnpLeHhYUjc0K0tnU09PZHNrM2E3YWJaOTVDNU5xVUdlV2ZOL2h3T0pXNTlvbENaVXE3ZkVKb1NjNGh0eGxJSDJlVklqazFSaWIzTFllSTMzSFhnVlJCZUVTQmpnRnQyK0pjY0RHK1N5a2pzaGV4a0x2NXpWMDhSbTZJRWlGMm9yYzJkWHdYTTd0WnNrTk5sZHQxVTNsUy9ucUo2K3pxcjdFSUdHeGpzMWpOYlJIY0I5MGtzcDFtSlhHTGtpd2RFbHZsT2Iza1NVSlRKVCtiaG4xeTlaQUtsNWJ5bFJkcGlpQWozVWwrcUx3WlVnVlBiSUZMWkhMOG1zRnM9">
					<gx:imageUrl>https://earth.usercontent.google.com/hostedimage/e/*/4AAjQbR6R4CluF0Fyw7ttvHoCjoeT5hXt11rco5VaSB_5pQKcVTAG_nBRWrw1iIiSSnP0lSnEAwRGNkM0fgbplRdl3Del-FZhR4UD1x6arN1pPsgyd017HVvKq1vnAvN4WRqXzuK_fXAKq95fJL8NJIv8nRmoFB7lajYvhwtIwMYU5YTkytJQwFFmV5kENkAtJecHiQFlSCbYCRjTtMF2ltJqzyd_4Wfh-RFi4g-l7a9Vz-JPV_D1fYkj6-ss1KivBc2dHKHJXR367PwGaXg?authuser=1&amp;fife=s{size}</gx:imageUrl>
				</gx:Image>
			</gx:Carousel>
			<Point>
				<coordinates>103.8434239103316,22.33769591446495,1501.506350762212</coordinates>
			</Point>
		</Placemark>
		<Placemark id="0DD77D455E3E92D9CDAC">
			<name>סדנאת בישול עם- Cocolocal</name>
			<description><![CDATA[<div><div><br></div></div><div class="align-right" style="text-align: right;">*מיקום כללי - קבלו מיקום מדוייק לאחר הזמנה*<br></div><div class="align-right" style="text-align: right;"><br></div><div class="align-right" style="text-align: right;"><a href="https://eastcardil.co.il/attraction/cocolocal-farm/">קישור הנחה</a><a href="https://eastcardil.co.il/attraction/cocolocal-farm/"></a><br></div><div class="align-right" style="text-align: right;"><br></div><div class="align-right" style="text-align: right;"><span style="font-style: normal; text-align: right;"><span class="font" style="font-family: Calibri, Arial;"><span class="size" style="font-size: 11pt;">סדנאת בישול עם- Cocolocal | סדנה | הוי אן | וייטנאם | הסיור כולל סיבוב בשוק המקומי, סיור בחווה, הכרות עם חיי המקומיים דרך השתתפות בפעילויות דייג ושייט, שיעור בישול וארוחה. | הסיור כולל סיבוב בשוק המקומי, ביקור בחווה, היכרות עם החיים של המקומיים דרך פעילויות דייג ושייט, שיעור בישול וארוחה טעימה.</span></span></span><br></div>]]></description>
			<LookAt>
				<longitude>108.3281475043117</longitude>
				<latitude>15.87671163901778</latitude>
				<altitude>4.544243067884572</altitude>
				<heading>0</heading>
				<tilt>0</tilt>
				<gx:fovy>35</gx:fovy>
				<range>1006.283567454811</range>
				<altitudeMode>absolute</altitudeMode>
			</LookAt>
			<styleUrl>#__managed_style_34EE6F54D040DE0E2028</styleUrl>
			<gx:Carousel>
				<gx:Image kml:id="hosted_image_QUFqUWJSNUExcTM3bkkwbFRkTk4ycklKeUhCQUxwcmhwdVorR1RQUCtzekxBVjlGOXhRV01XSStsazltazkxakFuWTNyYS9Pa3JPYnN4eDNQYi9kU0NwTUUwbTRmbGJieGQxODYrdytTVkRVcmJNZTJ3R1YxVkY1TkRZNU9xYmtCWlNXRy9uaTZmOFZiaStFYmdZWVN6WUo4dHg3T2JJYWwyenBiMXYzWTBUaDFKSzJiaFd4c0pwcld2ZlpDc2REcGJpVFR6REVMdkxPc2pYYWlmdHc5amJzY3RwZ3lQK0ZpdEhueXVzMXNWRC9nYTBCQjJ5dHpRMzc1NEF1bmQwZFQ3TXI3OFE9">
					<gx:imageUrl>https://earth.usercontent.google.com/hostedimage/e/*/4AAjQbR6R4i_5BJrfaW49ZV3sWAZRjhaWCg_ejZsIwQ0hkNY270Q5PBDgWLAV4bi1lnmpBgK8yVVywtZ1NBLlI62J-Fla2Km-ixivXAt_tanqkbBLJ2S5B6lyBfIU0gsskjJLLMwDMiU5E5SHHCy4wUUlp6Ac_8_zyA6hyRC8Jukte-mGn9FgU2usPYb-qOMlr0dfRgKgYEaB1lJdRImho4Lm7-4rTlYhAZaRFPNyPV5A_NrAciuaRpzHjGsY-5rLhptR38j3IiLagYFQ0GI?authuser=1&amp;fife=s{size}</gx:imageUrl>
				</gx:Image>
			</gx:Carousel>
			<Point>
				<coordinates>108.3277606609473,15.87711163081308,5.886202914435586</coordinates>
			</Point>
		</Placemark>
		<Placemark id="093765C2073E92DB69D0">
			<name>מצנח רחיפה עם טאנדם</name>
			<description><![CDATA[<div><div><br></div></div><div class="align-right" style="text-align: right;">*מיקום כללי - קבלו מיקום מדוייק לאחר הזמנה*<br></div><div class="align-right" style="text-align: right;"><br></div><div class="align-right" style="text-align: right;"><a href="https://eastcardil.co.il/attraction/%D7%9E%D7%A6%D7%A0%D7%97-%D7%A8%D7%97%D7%99%D7%A4%D7%94-%D7%A2%D7%9D-%D7%98%D7%90%D7%A0%D7%93%D7%9D/">קישור הנחה</a><a href="https://eastcardil.co.il/attraction/%D7%9E%D7%A6%D7%A0%D7%97-%D7%A8%D7%97%D7%99%D7%A4%D7%94-%D7%A2%D7%9D-%D7%98%D7%90%D7%A0%D7%93%D7%9D/"></a><br></div><div class="align-right" style="text-align: right;"><br></div><div class="align-right" style="text-align: right;"><span style="font-style: normal; text-align: right;"><span class="font" style="font-family: Calibri, Arial;"><span class="size" style="font-size: 11pt;">מצנח רחיפה עם טאנדם | אקסטרים|טיול | דה נאנג | וייטנאם | חווית מצנח רחיפה בדא נאנג היא טיסה מעל נופי חופים מהממים והרים ירוקים עוצרי נשימה. תרגישו את הרוח בפנים כשאתם מרחפים מעל אחד האזורים היפים ביותר בווייטנאם. | מצנח רחיפה בדא נאנג ייקח אתכם לטיסה מעל חופים לבנים והרים ירוקים עוצרי נשימה – חוויה בלתי נשכחת באחד האזורים הכי יפים בווייטנאם.</span></span></span><br></div>]]></description>
			<LookAt>
				<longitude>108.2439710128222</longitude>
				<latitude>16.03376390317883</latitude>
				<altitude>6.927527042041786</altitude>
				<heading>0</heading>
				<tilt>0</tilt>
				<gx:fovy>35</gx:fovy>
				<range>12412.97137925634</range>
				<altitudeMode>absolute</altitudeMode>
			</LookAt>
			<styleUrl>#__managed_style_34EE6F54D040DE0E2028</styleUrl>
			<gx:Carousel>
				<gx:Image kml:id="hosted_image_QUFqUWJSNTd4M1p6WnBYaXF2NVBkVk5aK09KMDFzSEpDZFkvMk5rQ2IvZWliT2pLM3dEQzNPQ3FMVWxicmVvYjFNTEVTL2pHODBMdmZyY0djZEtvajk4RUUvL1lkSHprTW5ZZXNFL3ZDWDNhQ0VUcm5yOEdaZXZ4RXlvWUFkbEdza1gyRjN1RDlzT25pQ3V3eU5oWmsrN0gwSVBCODNFRTY0bTBCWmkrVTkwTVBuWUdVbDcvMlRiamYrR3diQ2FFSStOTkFRRDFxMnpSd3d0Nm54TDViVUFpU2dKdG8xbkowejFHdFFDVnpmNTdtbjFvbUlOVElZT0hVOXJFVGdQY3BzTWs2V289">
					<gx:imageUrl>https://earth.usercontent.google.com/hostedimage/e/*/4AAjQbR7edeRTMRjHnUj8_BCDwJRDpkZYSIEm8IRYHHZ5wqfLxrUAoRbu7Li0u-Vl81mWlKyLOXEbftNHvifFQy9okKUnLNpGyCtuSVXxwCY065acMIRIR0TzWGAs_MYr2pDT_T9CbJngAW9gZXqg3S26qNFhupRHpLvX9QMK9urbIL5xsPGRJ5z4730CtArm40mP1SuZ4CXe-lt4oHfcyY9jlr4EYsIH9ZACVwsb0mC6hWQeSWeBiyei9FeL1I2xJA6CWuqTS4vKcecxIoY?authuser=1&amp;fife=s{size}</gx:imageUrl>
				</gx:Image>
			</gx:Carousel>
			<Point>
				<coordinates>108.2532159806994,16.02660156224658,6.916839787883678</coordinates>
			</Point>
		</Placemark>
		<Placemark id="03F5D805D33E92DC7781">
			<name>Cham Island Diving - צלילה ושנורקלינג באיי צ&apos;אם</name>
			<description><![CDATA[<div><div><br></div></div><div class="align-right" style="text-align: right;">*מיקום כללי - קבלו מיקום מדוייק לאחר הזמנה*<br></div><div class="align-right" style="text-align: right;"><br></div><div class="align-right" style="text-align: right;"><a href="https://eastcardil.co.il/attraction/diving-snorkeling-cham-island-hoi-an/">קישור הנחה</a><a href="https://eastcardil.co.il/attraction/diving-snorkeling-cham-island-hoi-an/"><br></a></div><div class="align-right" style="text-align: right;"><br></div><div class="align-right" style="text-align: right;"><span style="font-style: normal; text-align: right;"><span class="font" style="font-family:Calibri, Arial"><span class="size" style="font-size:11pt">צלילה עם שאן בדה נאנג | צלילות | דה נאנג | וייטנאם | הצטרפו ליום צלילות בלתי נשכח בדה נאנג, וגלו את הקסם התת-ימי! | הצטרפו ליום צלילות בלתי נשכח בדא נאנג – מים צלולים, טבע מיוחד וחוויה שעושה חשק לעוד!</span></span></span><br></div>]]></description>
			<LookAt>
				<longitude>108.3295021</longitude>
				<latitude>15.8797737</latitude>
				<altitude>0</altitude>
				<heading>0</heading>
				<tilt>0</tilt>
				<gx:fovy>35</gx:fovy>
				<range>1011.573311889715</range>
				<altitudeMode>relativeToGround</altitudeMode>
			</LookAt>
			<styleUrl>#__managed_style_2EA1C4FD2940DE0E202F</styleUrl>
			<gx:Carousel>
				<gx:Image kml:id="hosted_image_QUFqUWJSN09YSkJmbU00Mk1GcUlFUys3a25DU0hRYkJXYitza3RCbWYwRmlRUE5iYTR4QWtZNjhMY3VxKzFUQkR0MFUwZ1RrOTlqSWpxRElONGNaclRtM1dBTnNSSlBPUmtmazZpaW8vS1dzdGo3NG5jRmF5VE5MY2hUTGN1N1lsWkYwaC9sQTRhMlRVZWtpa05TN1Y4ZFU1YkhMZWZJMFdqN0QzVW5xQyt2c0tFV0NaZFhud3piQ3RqSnRVUXFUUU9BVHpsZTRUNmlYMU8vTmt4aDNWR1hyNHdtcEtmS0xkSlRFOFlLTjQ2ZTZXdTcxblJNUGpBY3lReFFDNFNJd3g2SW9rYWc9">
					<gx:imageUrl>https://earth.usercontent.google.com/hostedimage/e/*/4AAjQbR5Vdl1VCby7G6zX8VMRglVCPlWSJ1oT2vXTiff-mEvMqVBUJDDCN3SweDeaET_huGZ0ih-d6CRQITvmsd_ns_CEP6G7BZk8nCniGx3oDNs9xR0PyCemnIJGa7zNjItCD-J-inCWXlezhUodOyeCjAR93OrhZdzpHxK3U6BQ67W9g60ENH9Ht5zFqXASfhHy8Muusdarp3htaRDrSHPT34mcluhmwg3DFE-c8Ap0CAwfV1XWyoZChoXl1qjYI9z3-TdS5rCGG6-rElA?authuser=1&amp;fife=s{size}</gx:imageUrl>
				</gx:Image>
			</gx:Carousel>
			<Point>
				<altitudeMode>relativeToGround</altitudeMode>
				<coordinates>108.3295021,15.8797737,0</coordinates>
			</Point>
		</Placemark>
		<Placemark id="00A828387F3E92DDDC77">
			<name>סיור מערות עם טום</name>
			<description><![CDATA[<div><div><br></div></div><div class="align-right" style="text-align: right;">*מיקום כללי - קבלו מיקום מדוייק לאחר הזמנה*<br></div><div class="align-right" style="text-align: right;"><br></div><div class="align-right" style="text-align: right;"><a href="https://eastcardil.co.il/attraction/phong-nha-cave-tour/">קישור הנחה</a><a href="https://eastcardil.co.il/attraction/phong-nha-cave-tour/"><br></a></div><div class="align-right" style="text-align: right;"><br></div><div class="align-right" style="text-align: right;"><span style="font-style: normal; text-align: right;"><span class="font" style="font-family:Calibri, Arial"><span class="size" style="font-size:11pt">סיור מערות עם טום | טיול | פונג נה | וייטנאם | 🦇 סיור מערות עם טום – מסע אל העולם התת-קרקעי! גלו את מערות הענק של פונג נה, עם נטיפים קסומים, נהרות תת-קרקעיים ונופים עוצרי נשימה. חוויית טבע בלתי נשכחת! ההנחה מותנת בשינה בהוסטל של טום. | סיור מערות עם טום – מסע אל העולם התת-קרקעי! גלו את מערות הענק של פונג נה , עם נטיפים קסומים, נהרות תת-קרקעיים ונופים עוצרי נשימה . חוויית טבע בלתי נשכחת! ההנחה מותנת בשינה בהוסטל של טום.</span></span></span><br></div>]]></description>
			<LookAt>
				<longitude>106.2790852381785</longitude>
				<latitude>17.58085374217112</latitude>
				<altitude>36.22137074578396</altitude>
				<heading>328.8142212509831</heading>
				<tilt>0</tilt>
				<gx:fovy>35</gx:fovy>
				<range>3845.517887503957</range>
				<altitudeMode>absolute</altitudeMode>
			</LookAt>
			<styleUrl>#__managed_style_34EE6F54D040DE0E2028</styleUrl>
			<gx:Carousel>
				<gx:Image kml:id="hosted_image_QUFqUWJSNTFHc2k2bjV5WklyM0ZLNCszem1VVGgrOTArM2pIYjNIQ0R2SWY2UWllOVZwbXFSWGcvdWpzQ21PNXNtTmcxZU5kcGdLKzNiRVBpWnhXaWJudEJ5b1NGZHJzMTltOWJldG5SZXJJMS9aUGUxYnFGYkpWeXo1Kzlxc0hKZ2NyUWlYMEVtNjVwWXJGTUNTbVRVaGMzUTVhbjRLZnRkYjBRRzZGNUJPaUkzNC9hQzJXSDZTN09PV0k2SGtUM2NUbHBzLzlZVUc1QUc4cVFjN2dLcnk1bitTWFhhRjNueGxHZFhYbDl4SnRsWExEdnp1dG1kR1FWYS9HNm5hRFNxRG5yQkE9">
					<gx:imageUrl>https://earth.usercontent.google.com/hostedimage/e/*/4AAjQbR4WI4Vk2nIQxuA9u4fzgdvLCmvOcRwZxbtlnjK4AtY6tPZrS4RSfX4f8aN28_4STbXViyXF4nsh5LFTAY4F3PVgMBw9HfhVxnqxS-Ka3uVpTp4GMnKbYg-39hGG9HnF11woTZML-erWtYx31Ri-mzLDaEhtjYH4Sn2kkXvk5ewCQDrZ_TpV3yTHyH3y9cGZUgUKeHwDfvs06ID2uYpaOqBbKXt_yDp5SlEoczmCZwdH9LdMLbC4CfU1XRSWx8lQJCPEEFB0Sk2I_Wo?authuser=1&amp;fife=s{size}</gx:imageUrl>
				</gx:Image>
			</gx:Carousel>
			<Point>
				<coordinates>106.2825357564558,17.5810774987247,83.38968623806447</coordinates>
			</Point>
		</Placemark>
		<Placemark id="0DCA97B9C83E92DEFD69">
			<name>Huan’s Secret Tour</name>
			<description><![CDATA[<div><div><br></div></div><div class="align-right" style="text-align: right;">*מיקום כללי - קבלו מיקום מדוייק לאחר הזמנה*<br></div><div class="align-right" style="text-align: right;"><br></div><div class="align-right" style="text-align: right;"><a href="https://eastcardil.co.il/attraction/huan-secret-tour/">קישור הנחה</a><a href="https://eastcardil.co.il/attraction/huan-secret-tour/"><br></a></div><div class="align-right" style="text-align: right;"><br></div><div class="align-right" style="text-align: right;"><span style="font-style: normal; text-align: right;"><span class="font" style="font-family:Calibri, Arial"><span class="size" style="font-size:11pt">Huan’s Secret Tour | אקסטרים | דה לאט | וייטנאם | סיור האופנועים הכי אותנטי וייחודי בדאלאת. מדריך מדהים חוויה כפרית עם מפלים, חוות קפה וכפרים מסורתיים, מתאים לכולם | סיור אופנועים בדה לאט זו חוויה חובה לכל מטייל בוויאטנם. Huan’s Secret Tour הוא סיור אופנועים עם מדריך מקומי, שיקח אתכם לחוויה וטיול יחיד במינו עם מפלים, חוות קפה וכפרים מסורתיים, מתאים למטיילים שאוהבים לחקור ולהגיע ל מקומות הכי מיוחדים באזור .</span></span></span><br></div>]]></description>
			<LookAt>
				<longitude>108.4243253016028</longitude>
				<latitude>11.94584147412858</latitude>
				<altitude>1479.080864404057</altitude>
				<heading>359.9999551406724</heading>
				<tilt>0</tilt>
				<gx:fovy>35</gx:fovy>
				<range>15040.06808564533</range>
				<altitudeMode>absolute</altitudeMode>
			</LookAt>
			<styleUrl>#__managed_style_34EE6F54D040DE0E2028</styleUrl>
			<gx:Carousel>
				<gx:Image kml:id="hosted_image_QUFqUWJSNDhTZHgrOUU4TkpQU1doN2hmcW9IckdzdFptczJ1VEtZN1p6MUxMcDVzMk9PVnlhS3VyalFwdWwvZWg3WENDcmV1SlNGdUpudTVYUTFmU2hDVmxENWIzdjR1TTh3TXl2TTdrTjlkMWhjRHA3MkhISklheG96TFgzWGZIK1YvRWpraktEZzZFS3JqcnRPdEVGdlVFMlIxakRRa2lrS1ZlK2Y2STRUVXpqeFFlS0E0ZDMxcTkvUmNvTGRqWSs0SjFWNUloRjdCT1ZabmsvQjRDSS8yeHZHTzJhU0xuSzhDVmxRK2Y0eE5jRXdKU1Q2U0pIRE5HWXlwbE52cmpVSTJ5NXM9">
					<gx:imageUrl>https://earth.usercontent.google.com/hostedimage/e/*/4AAjQbR6BHdci_7x9evuxhA-b4GL3PXUP8FohbnpuL7yQicXiAuhuMIVvieb6-b0w3Hu-ADV2Nt2SIvsuMmVmIIDfeeaChMb5tQWS8bRH_Fa_nbYZrFxNbHTN3zYwzfyzZnJgJoV3Bcw2zpOJdoJ-2F_zttydCTEqi9QNBmnw986XJtJkxlWxmHRemNjCvGTtmu7l3aAcKCeP70ob3kWd4oSlnwXV6YW4SPeNxl7GjZuGbu49k6dirxMvB43Oxs1M7QWp7410erhGuiJpo3s?authuser=1&amp;fife=s{size}</gx:imageUrl>
				</gx:Image>
			</gx:Carousel>
			<Point>
				<coordinates>108.445056812751,11.93616219029282,1507.409258337234</coordinates>
			</Point>
		</Placemark>
		<Placemark id="08F65575173E92DFBB27">
			<name>סנפלינג מפלים וקניונינג בדאלאת עם חואן</name>
			<description><![CDATA[<div><div><br></div></div><div class="align-right" style="text-align: right;">*מיקום כללי - קבלו מיקום מדוייק לאחר הזמנה*<br></div><div class="align-right" style="text-align: right;"><br></div><div class="align-right" style="text-align: right;"><a href="https://eastcardil.co.il/attraction/rappelling-tours-in-da-lat/">קישור הנחה</a><a href="https://eastcardil.co.il/attraction/rappelling-tours-in-da-lat/"><br></a></div><div class="align-right" style="text-align: right;"><br></div><div class="align-right" style="text-align: right;"><span style="font-style: normal; text-align: right;"><span class="font" style="font-family:Calibri, Arial"><span class="size" style="font-size:11pt">סנפלינג מפלים עם חואן | אקסטרים | דה לאט | וייטנאם | רוצים לדחוף את הגבולות וליהנות מאדרנלין בוייטנאם? סנפלינג וטיפוס אתגרי בין מפלי דאלאת. קפיצות למים, גלישות בין צוקים, טבע מרהיב והדרכה של צוות מקצועי. | רוצים לדחוף את הגבולות וליהנות מאדרנלין בוייטנאם? סנפלינג וטיפוס אתגרי בין מפלי דאלאת. קפיצות למים, גלישות בין צוקים, טבע מרהיב והדרכה של צוות מקצועי.</span></span></span><br></div>]]></description>
			<LookAt>
				<longitude>108.429406944761</longitude>
				<latitude>11.94159357249395</latitude>
				<altitude>1477.179856252024</altitude>
				<heading>359.9999552708719</heading>
				<tilt>0</tilt>
				<gx:fovy>35</gx:fovy>
				<range>11590.74659823091</range>
				<altitudeMode>absolute</altitudeMode>
			</LookAt>
			<styleUrl>#__managed_style_34EE6F54D040DE0E2028</styleUrl>
			<gx:Carousel>
				<gx:Image kml:id="hosted_image_QUFqUWJSNUNXaGdKQmVHUzRUbUZyUDM0NzFzb1pWUzBMU0RyaU11RjJJYjVDL2JrbjkxZHJaeFhHdU5EVGh6REJ4blNNUmtzUlJ2Qmd3MU9oRXYrZ0V1WFlKaEh3ZFBhNHFINHdGT1JNZlhPc1JwSkZJRWxTUEwvWE91QzBJNUhUMVp6aWhIeDdtUzc3em1vcmYvY3V2UWtjaThpZjBRS1cyNk8ydmRtblZMdHc4YW9KdUo2T1VtdmJldjNMNEczT2hTZ29DNk9WT0hXS2xjL2s1UytoSjBZck9HVm9uT05sTWhHa1U0bGRJTFdHNWhyaW5aemhNRFNJdllNeCtscDJ2cXlUWTQ9">
					<gx:imageUrl>https://earth.usercontent.google.com/hostedimage/e/*/4AAjQbR7t4dvAo5fdu1aI4DrR-BORgs66cNRwcOl_i64kAieRWCrMy1ESkucVxdBHwL32z7R8XN2xNCoIcWdtEpm--KBbnuq7R1ikz74bnMWL3wpc082dsX0LbFDocIyBJQjKp9zX8n2jSpnKdD1RlcHbonOQrdCJy2e4wyT2gtGd3Y-4a9E2OLURzrBUI5B0sv2qIwBB5jHQ92IDA4i8wPXaNY1InDGUlkW3OWwRNm7MZaI9Kg3T2336m123av2hLp2HesTwo_v-38zeyzM?authuser=1&amp;fife=s{size}</gx:imageUrl>
				</gx:Image>
			</gx:Carousel>
			<Point>
				<coordinates>108.4420861757365,11.93621063181515,1512.24236092874</coordinates>
			</Point>
		</Placemark>
		<Placemark id="0EFE2F04563E92E10E06">
			<name>סיור בדלתת המקונג עם דהאו</name>
			<description><![CDATA[<div><div><br></div></div><div class="align-right" style="text-align: right;">*מיקום כללי - קבלו מיקום מדוייק לאחר הזמנה*<br></div><div class="align-right" style="text-align: right;"><br></div><div class="align-right" style="text-align: right;"><a href="https://eastcardil.co.il/attraction/%D7%A1%D7%99%D7%95%D7%A8-%D7%91%D7%93%D7%9C%D7%AA%D7%AA-%D7%94%D7%9E%D7%A7%D7%95%D7%A0%D7%92-%D7%A2%D7%9D-%D7%93%D7%94%D7%90%D7%95/">קישור הנחה</a><a href="https://eastcardil.co.il/attraction/%D7%A1%D7%99%D7%95%D7%A8-%D7%91%D7%93%D7%9C%D7%AA%D7%AA-%D7%94%D7%9E%D7%A7%D7%95%D7%A0%D7%92-%D7%A2%D7%9D-%D7%93%D7%94%D7%90%D7%95/"><br></a></div><div class="align-right" style="text-align: right;"><br></div><div class="align-right" style="text-align: right;"><span style="font-style: normal; text-align: right;"><span class="font" style="font-family:Calibri, Arial"><span class="size" style="font-size:11pt">סיור בדלתת המקונג עם דהאו | טיול|שייט🚢 | הו צ'י מין | וייטנאם | שיט בדלתת נהר האדיר, נחקור כפרים ייחודיים, נטעם מפירות העונה הטרופיים ונטייל בטבע האקזוטי תחת עצי הקוקוס. שייט בדלתת המקונג מביא אווירה שלווה עמוקה לכל מבקר. | נצא לשייט בדלתת נהר המקונג, נחקור כפרים ייחודיים, נטעם מפירות טרופיים ישר מהעץ ונטייל בין נופים אקזוטיים מתחת לעצי קוקוס. נחווה רגעים של שקט ושלווה בלב הטבע של וייטנאם.</span></span></span><br></div>]]></description>
			<LookAt>
				<longitude>106.6827742716559</longitude>
				<latitude>10.78236805455855</latitude>
				<altitude>6.943458119127115</altitude>
				<heading>0.8444252692458145</heading>
				<tilt>0</tilt>
				<gx:fovy>35</gx:fovy>
				<range>11959.50702498551</range>
				<altitudeMode>absolute</altitudeMode>
			</LookAt>
			<styleUrl>#__managed_style_44213760BB40DE0E2030</styleUrl>
			<gx:Carousel>
				<gx:Image kml:id="hosted_image_QUFqUWJSNXV6WnBCcXRoUUM5RCtzcVNDazJWUjB3cmZHZGVoaEl5ajRSOW5uMStsbkplTVJjYmR0dXM4bXhvVCtsRHBpdWRqeStTK0FEUFRsZVk0UjI0Q2lYR3N0dlgrNS83ZUNkcXVBU0ZkbjJnVXhlTGhkZ2ZjOHl3NkJoRjh1VXFaYUZQREowWFRsOVYyaEQrRW5heWREWXN6U1E4VTdmd2lvWGtwUThHRUdnMkFoUjU3RldxVzA3eHdoY3ZMdCtENzZ0MkhYUXo3TDdtZUZIcVM3Rm1QZzVPb3BnVG9uZ2g1dXBSdk5oRllSdGVFbGovZWY4YTVHenNmVG1sbHhlSVFwTzQ9">
					<gx:imageUrl>https://earth.usercontent.google.com/hostedimage/e/*/4AAjQbR6RT0YGzmE0hwrvK_sdGPQJgUO-7hsi0RLdQAy3YLP7X3UoplGCMNnbyTOT1I_2GN6ffdAg-uFiF2epDKGUTPrghKj-4rR9srRUMnYZQLtaZDj6LgtUgDvj6m5usve9KhmuTiMjRqNyNCRTccF1J0R5GL71ZJTmCQIpDTN8ut_g5270oN9Kc07gkeqsiOvLmMShBsO_DDo_u_FCG4PmG3hJQCFdNUL9j-VKLemA0G0i8AQfwefqER8lGeQFbPJgxiL2QtXe_GaqRkE?authuser=1&amp;fife=s{size}</gx:imageUrl>
				</gx:Image>
			</gx:Carousel>
			<Point>
				<coordinates>106.7080699888726,10.77127990607542,10.11361419435202</coordinates>
			</Point>
		</Placemark>
		<Placemark id="0A6C68336C3E92E28E3E">
			<name>Cao Bang - טיול יום בלתי נשכח עם tien!</name>
			<description><![CDATA[<div><div><br></div></div><div class="align-right" style="text-align: right;">*מיקום כללי - קבלו מיקום מדוייק לאחר הזמנה*<br></div><div class="align-right" style="text-align: right;"><br></div><div class="align-right" style="text-align: right;"><a href="https://eastcardil.co.il/attraction/%D7%98%D7%99%D7%95%D7%9C-%D7%99%D7%95%D7%9D-%D7%91%D7%9C%D7%AA%D7%99-%D7%A0%D7%A9%D7%9B%D7%97-%D7%A2%D7%9D-tien/">קישור הנחה</a><a href="https://eastcardil.co.il/attraction/%D7%98%D7%99%D7%95%D7%9C-%D7%99%D7%95%D7%9D-%D7%91%D7%9C%D7%AA%D7%99-%D7%A0%D7%A9%D7%9B%D7%97-%D7%A2%D7%9D-tien/"><br></a></div><div class="align-right" style="text-align: right;"><br></div><div class="align-right" style="text-align: right;"><span style="font-style: normal; text-align: right;"><span class="font" style="font-family:Calibri, Arial"><span class="size" style="font-size:11pt">טיול יום בלתי נשכח עם tien! | טיול | קאו בנג | וייטנאם | טיול יום בין מפלים מטורפים ושדות ירוקים לבין כפרים אותנטיים ופגודות עתיקות! | טיול יום בין מפלים מטורפים ושדות ירוקים לבין כפרים אותנטיים ופגודות עתיקות!</span></span></span><br></div>]]></description>
			<LookAt>
				<longitude>106.0515443</longitude>
				<latitude>22.73824355</latitude>
				<altitude>0</altitude>
				<heading>0</heading>
				<tilt>0</tilt>
				<gx:fovy>35</gx:fovy>
				<range>343044.2018687644</range>
				<altitudeMode>relativeToGround</altitudeMode>
			</LookAt>
			<styleUrl>#__managed_style_26CD711ABF40DE0E2029</styleUrl>
			<gx:Carousel>
				<gx:Image kml:id="hosted_image_QUFqUWJSNHdWQXB6ZlE1QjF1a29mZTM3MmNScWxjVW5odHBLbkp3eTRqZnlOTHJGeHk1UUdUSG81QzVUa0lsWU1wSXdGcWRRY1VYTDFROVExdEZFVnljNUFENFpWN3JFSEJDMHAwVDU2dFJFVmR3czJNMXJ4RTFlZitEU1RiUGJhYVQrY0pYN2pPNXRtU3NleXR1OTRXUHBheDExWHc1WU05amJQTkprVkQxM3RPU2YyMFhiSVByU0lWTkVpMkZscTBWRmJyS2hNd1pNL2hpQ2lBWlc5V0k1RFBYRElIcmN4akhiR29LWHVvZm9RQm5EMjM5OGpQeDA5bkErbDQ0RjRjQWtYNHc9">
					<gx:imageUrl>https://earth.usercontent.google.com/hostedimage/e/*/4AAjQbR5QL4xPhX0hYe6KlwWjOuoMjSEKIbdOACp8l0Umnr8Ni90T0yAyO0s4JPsErkSgmKmYebBwbzhDrytb7nXRzFCQ5aIGgcfr7ACfd81i1b8KF9aoaCRqDZG8ZPMIL4QnxGLbiU4MQz53eVEI3eTYkZkA5RG2hKD3iTobF6jR9up20JZLH1Ft5AgzoolsZP7Z2eyzJdobc9pmHT-qeefx2F3brRv5soS7X4_p-hEPAShppnR3QRYsDPLS6gcP37rWYF18K_8J9uUG_Y4?authuser=1&amp;fife=s{size}</gx:imageUrl>
				</gx:Image>
			</gx:Carousel>
			<Point>
				<altitudeMode>relativeToGround</altitudeMode>
				<coordinates>106.2522143,22.635689,0</coordinates>
			</Point>
		</Placemark>
		<Placemark id="0603B880723E92E396A0">
			<name>סדנת עיצוב בעור</name>
			<description><![CDATA[<div><div><br></div></div><div class="align-right" style="text-align: right;">*מיקום כללי - קבלו מיקום מדוייק לאחר הזמנה*<br></div><div class="align-right" style="text-align: right;"><br></div><div class="align-right" style="text-align: right;"><a href="https://eastcardil.co.il/attraction/leather-workshop/">קישור הנחה</a><a href="https://eastcardil.co.il/attraction/leather-workshop/"><br></a></div><div class="align-right" style="text-align: right;"><br></div><div class="align-right" style="text-align: right;"><span style="font-style: normal; text-align: right;"><span class="font" style="font-family:Calibri, Arial"><span class="size" style="font-size:11pt">סדנת עיצוב בעור | סדנת | הוי אן | וייטנאם | סדנת עור מלאת השראה בלב הוי אן. לימוד טכניקות חיתוך ותפירה בעבודת יד. עיצוב ארנק, תיק או מחזיק מפתחות אישי. הדרכה אישית ואווירה כיפית. | סדנת עור מלאת השראה בלב הוי אן. לימוד טכניקות חיתוך ותפירה בעבודת יד. עיצוב ארנק, תיק או מחזיק מפתחות אישי. הדרכה אישית ואווירה כיפית.</span></span></span><br></div>]]></description>
			<LookAt>
				<longitude>108.328082150449</longitude>
				<latitude>15.87692016543936</latitude>
				<altitude>5.49728759000743</altitude>
				<heading>0</heading>
				<tilt>0</tilt>
				<gx:fovy>35</gx:fovy>
				<range>1085.853285871272</range>
				<altitudeMode>absolute</altitudeMode>
			</LookAt>
			<styleUrl>#__managed_style_34EE6F54D040DE0E2028</styleUrl>
			<gx:Carousel>
				<gx:Image kml:id="hosted_image_QUFqUWJSNVdaRElMUGlWb1ZmY1E1ajBDVFZya1kvZU1YK2o5V25GVVo3MEFWcngyWERhcmdpdjVLRHpnV1k0SW1DeE9DdWVPbWdyUnhuMlBaQUgwUldYL0ZzaWJndExKcWk5c3ovOTcyM1lPQnIvTWsrOTU2QW9nWTRMcjFwSEU2Z3dnK2YwL0VPT3pxTllQdExNeGVqaGhDQlBhVHRQY1JnQWl0YVNhcWQ5SCtUMEdVdGd1ZmxkS3VTQkZhQjg5QWVOWTlzK0tFT3NuYSs1Wnc3OVh1eSt5MmVDTTJlK3QzVmN6dk9laGtWYUVVRllYYVJ6eTNGdUJHeXBQRTU3U3MyUHQ5UW89">
					<gx:imageUrl>https://earth.usercontent.google.com/hostedimage/e/*/4AAjQbR470Oa8pbm7DoU3bt05fiJQoRVuR8c1drD4vLFhN9heR1QUIPOZgUITxdpSVr9E59Ds6BzoOM5qg3DqKuA9VlDDF5-58ppxWOl46ikJnFCj7HGPrPcp9DJVmAO9zkNKVhCZWwpA4rl2vS52pV_SeC4s0yQmw0H0XQjPrbfzLxtLt5jYEkD1xwMUVtfvJUDijMUCfebue9jVlV7L4VQR7QZhN4NdanJSF0iCZMHioqw6-NAH8JZg0Lsa6OffiRISfJGc_Wf61hj4I5Y?authuser=1&amp;fife=s{size}</gx:imageUrl>
				</gx:Image>
			</gx:Carousel>
			<Point>
				<coordinates>108.3300436392452,15.87728477670462,7.194148960553499</coordinates>
			</Point>
		</Placemark>
		<Placemark id="0F35CDCF373E92ED30C4">
			<name>מערת באפלו המסלול המלא</name>
			<description><![CDATA[<div class="align-right" style="text-align: right;">*מיקום כללי - קבלו מיקום מדוייק לאחר הזמנה*<br></div><div class="align-right" style="text-align: right;"><br></div><div class="align-right" style="text-align: right;"><a href="https://eastcardil.co.il/attraction/buffalo-cave/">קישור הנחה</a><a href="https://eastcardil.co.il/attraction/buffalo-cave/"><br></a></div><div class="align-right" style="text-align: right;"><br></div><div class="align-right" style="text-align: right;"><span style="font-style: normal; text-align: right;"><span class="font" style="font-family:Calibri, Arial"><span class="size" style="font-size:11pt">מערת באפלו המסלול המלא | אוכל 🍔|אקסטרים|טיול 🏔️ | טאם קוק | וייטנאם | סיור מערת הבאפלו בסיור תרכבו על באפלו, תשתלו אורז, תחוו דייג מסורתי ובישול ארוחה כפרית. | סיור במערת הבאפלו – חוויה כפרית עם רכיבה על באפלו, שתילת אורז, דייג מסורתי וארוחה שתכינו בעצמכם.</span></span></span><br></div>]]></description>
			<LookAt>
				<longitude>105.910488436248</longitude>
				<latitude>20.23414824699071</latitude>
				<altitude>69.90896156360746</altitude>
				<heading>0</heading>
				<tilt>0</tilt>
				<gx:fovy>35</gx:fovy>
				<range>14263.14753827406</range>
				<altitudeMode>absolute</altitudeMode>
			</LookAt>
			<styleUrl>#__managed_style_34EE6F54D040DE0E2028</styleUrl>
			<gx:Carousel>
				<gx:Image kml:id="hosted_image_QUFqUWJSN0tBN2JReUs0bXJ4RXlXRzRVakc0Rk00WjdDNUViMUErQXZKallJM0c2Q3ltb0lUaGRLOFBKTkhQeURoVmcvTUxmRjdFWEEzTGlZOGhOMEZyVXRKc28yZGg2MjNSdVFUVk1vNmxDbVFLN3lhazNXTzdybTNPNGpPTUpKRVdrNFV3NFFGcGZTcll4ZUJJb0FaT2l0SVZZMmZ4SWFvaktxemVYaXdHV1FvbDBpcVYwZkVGYUF0NTZUUHJkcWoya3A0Vk5QQkdORDBSRlBwcGdWcmdZOVI2NlZxYVBUdXlhZEQxV3FoMENGTGFEODNmZzRhNmlaaDFWNWo4Ujd5Mm5NNW89">
					<gx:imageUrl>https://earth.usercontent.google.com/hostedimage/e/*/4AAjQbR5ELEx6lDau-iw2-Fzo2oaU4KII5ZGvOktB3s2Gi6X_v_u1rC87m3Buop6_jyQcvonqKuWFJQx_l24DmHnnKC8lIo_YDNlq1viRsXJjrPfuJ_tMdDCnnZOYC8SCNpea_CijeMopPt6ZkLKIE88gT0UQOrzPBkrn_NC55FgvjbmV0F774PcnJ1qzQo0IIpKxYluGOWPI57UTw1sZNmfFQHcYdPqPm5GdddnkFyru6atvlumrGkJa96F1n9XbMJ8ZGda0H0Vgw3k3g4Q?authuser=1&amp;fife=s{size}</gx:imageUrl>
				</gx:Image>
			</gx:Carousel>
			<Point>
				<coordinates>105.9042789001118,20.22298020423164,26.72560029964757</coordinates>
			</Point>
		</Placemark>
		<Placemark id="0D585265213E92EE75C8">
			<name>סדנת בישול וייטנאמית</name>
			<description><![CDATA[<div class="align-right" style="text-align: right;">*מיקום כללי - קבלו מיקום מדוייק לאחר הזמנה*<br></div><div class="align-right" style="text-align: right;"><br></div><div class="align-right" style="text-align: right;"><a href="https://eastcardil.co.il/attraction/cooking-class/">קישור הנחה</a><a href="https://eastcardil.co.il/attraction/cooking-class/"><br></a></div><div class="align-right" style="text-align: right;"><br></div><div class="align-right" style="text-align: right;"><span style="font-style: normal; text-align: right;"><span class="font" style="font-family:Calibri, Arial"><span class="size" style="font-size:11pt">סדנת בישול וייטנאמית | אוכל 🍔 | טאם קוק | וייטנאם | סדנת בישול עם שלושה מסלולים: גלילי אורז, ספרינג רול, סרטן מטוגן וסלטים וייטנאמיים מיוחדים. | סדנת בישול עם שלושה מסלולים: גלילי אורז, ספרינג רול, סרטן מטוגן וסלטים וייטנאמיים מיוחדים – חוויה קולינרית שתלמדו בה כל סוד מהמטבח המקומי.</span></span></span><br></div>]]></description>
			<LookAt>
				<longitude>105.9284253693483</longitude>
				<latitude>20.21546912353298</latitude>
				<altitude>4.305195930057064</altitude>
				<heading>0</heading>
				<tilt>0</tilt>
				<gx:fovy>35</gx:fovy>
				<range>2378.928401999292</range>
				<altitudeMode>absolute</altitudeMode>
			</LookAt>
			<styleUrl>#__managed_style_34EE6F54D040DE0E2028</styleUrl>
			<gx:Carousel>
				<gx:Image kml:id="hosted_image_QUFqUWJSN2Y4NlpIQXZscG1HS0RlbXlPYk1vcE9NWUs0UFNCK2k5NEZVQkFwd3pWV0p2cWNLYzErV2V3N3M0dHB2Q1lDUGs4MGIvWnlQYklHaFZuMmoxQnlXaWw2S1dtSzFjblpZVWZHTUc4SkttUW1BNUdZcVdmb1IvOHVPdEZOT3RxbDhlVU1vVGxwNEZaQzhKTXBWNTFtMlMxTERuOTRJcXRLdU82ay9GTjhYSTBxL1YvMGVpZHM3VEVIUmFUUHJsOXg4bjJwZWo2Mm82dm5wSW1RUmg2LzRoOEhsc1JPMHBWNnZNK3NtZVJIczJJTit4Y20vK1FvVXJ0OUhwa05tRENRMFk9">
					<gx:imageUrl>https://earth.usercontent.google.com/hostedimage/e/*/4AAjQbR5j9Z9HfZseJrGEIrc0EGLGtU1TVe1hKxt86Hxb2x6I1QsHZiuy-XUxqwHkuno9uB_OxcGupQuNiLiDl_-oWf1X0oa0jmUoj99h1R-goNhkJCDTrdac31P11tA3fWlC54moRGjlI_x3caKPgYMBwVsuGilW_vn7z_538VukWaKEMysJCBC9tAXvmoJ7-89tXQANoAMtX-Axz0mzw3z5bnHkztsMNRkzesysUyTvxhssGBavlJltDhamDY49j7DFAXzrimzhsLseKOc?authuser=1&amp;fife=s{size}</gx:imageUrl>
				</gx:Image>
			</gx:Carousel>
			<Point>
				<coordinates>105.9377023475774,20.21565238605321,4.340528922658606</coordinates>
			</Point>
		</Placemark>
		<Placemark id="07F5F224663E92EF4E1B">
			<name>טחנת אורז חוויה חקלאית</name>
			<description><![CDATA[<div class="align-right" style="text-align: right;">*מיקום כללי - קבלו מיקום מדוייק לאחר הזמנה*<br></div><div class="align-right" style="text-align: right;"><br></div><div class="align-right" style="text-align: right;"><a href="https://eastcardil.co.il/attraction/local-farming-experience/">קישור הנחה</a><a href="https://eastcardil.co.il/attraction/local-farming-experience/"><br></a></div><div class="align-right" style="text-align: right;"><br></div><div class="align-right" style="text-align: right;"><span style="font-style: normal; text-align: right;"><span class="font" style="font-family:Calibri, Arial"><span class="size" style="font-size:11pt">טחנת אורז חוויה חקלאית | טיול 🏔️|סיור | טאם קוק | וייטנאם | חוויה בטחנת אורז, למידת השלבים להפקת אורז מוכן לאכילה, חיבור למסורת וחקלאות מקומית. | חוויה בטחנת אורז למידה על כל שלב בהפקת אורז מוכן לאכילה, חיבור למסורת ולחקלאות המקומית.</span></span></span><br></div>]]></description>
			<LookAt>
				<longitude>105.924814399241</longitude>
				<latitude>20.21405510199435</latitude>
				<altitude>1.814751704542146</altitude>
				<heading>0</heading>
				<tilt>0</tilt>
				<gx:fovy>35</gx:fovy>
				<range>7316.113444397926</range>
				<altitudeMode>absolute</altitudeMode>
			</LookAt>
			<styleUrl>#__managed_style_34EE6F54D040DE0E2028</styleUrl>
			<gx:Carousel>
				<gx:Image kml:id="hosted_image_QUFqUWJSN1ZFd1RIS2R5dmJLWXp3dVhveThneHcrMnVzTENPMHAwZWFobDNyZjhEcTlXUms0T2lrVmQ4aWVoenFUVHlVRytqNjFsYkwzOFJSNytCcWVNVmo0T1R3ditoUnhEV2hiZ2Z3VGtzc2lGWkpvS1JvWWxSdGQ2aC81WXlQenBVaVJSZlBzQnY5YkRZcmtoWmZjT0pvckZ3MXo1MHdGWG5VQTJsTHp6RGNXRkdsa29LL2Y1dXBYM0hISExkRm51ZTB0UmpWSnpXdUs4amcxa2lYVTFKV1Z1YTZZT0lmOVpkUTBWSUs4ODM3YVFuZVJ2QWhWSEtMekkzZ3c2OXpJYWwzb1U9">
					<gx:imageUrl>https://earth.usercontent.google.com/hostedimage/e/*/4AAjQbR5fRQhjqn4kqlRkyepYG_C1A-LhtCKiZQxuwEjMmHXoHESRc5OTrfxt4RwybQT_X4TTbkwXSYhqMkly5m3QrtoLOA4TSpPPUoGL9sHsw-BuBOSSQiXERJSHKnVXLuDHU8r6sA-aBBW7ODpi928byss0DTAj4g8JQ4n2bO3tiZvCDsgWxErKcPZq1htICr5_7USqXgEwNJ66ja3m7lA1HwymoYkxZKeHiMP_sFS34vpU5x7lU1vemgtvobODMvdI8gbAC-2gaWkZ0C8?authuser=1&amp;fife=s{size}</gx:imageUrl>
				</gx:Image>
			</gx:Carousel>
			<Point>
				<coordinates>105.936354932011,20.21461877247792,5.739704734371927</coordinates>
			</Point>
		</Placemark>
		<Placemark id="00A72C85793E92EFD431">
			<name>סדנת רקמות יצירתית</name>
			<description><![CDATA[<div class="align-right" style="text-align: right;">*מיקום כללי - קבלו מיקום מדוייק לאחר הזמנה*<br></div><div class="align-right" style="text-align: right;"><br></div><div class="align-right" style="text-align: right;"><a href="https://eastcardil.co.il/attraction/embroidery-workshop/">קישור הנחה</a><a href="https://eastcardil.co.il/attraction/embroidery-workshop/"><br></a></div><div class="align-right" style="text-align: right;"><br></div><div class="align-right" style="text-align: right;"><span style="font-style: normal; text-align: right;"><span class="font" style="font-family:Calibri, Arial"><span class="size" style="font-size:11pt">סדנת רקמות יצירתית | סדנה | טאם קוק | וייטנאם | סדנת רקמות יצירתית לבחירה: רקמה על בד, עיצוב מטפחת וארנק, או תיק עם רקמה אישית. | סדנת רקמות יצירתית, בחרו בין יצירת רקמה על בד, עיצוב מטפחת, ארנק או תיק עם מגע אישי שלכם.</span></span></span><br></div>]]></description>
			<LookAt>
				<longitude>105.924814399241</longitude>
				<latitude>20.21405510199435</latitude>
				<altitude>1.814751704542146</altitude>
				<heading>0</heading>
				<tilt>0</tilt>
				<gx:fovy>35</gx:fovy>
				<range>7316.113444397926</range>
				<altitudeMode>absolute</altitudeMode>
			</LookAt>
			<styleUrl>#__managed_style_34EE6F54D040DE0E2028</styleUrl>
			<gx:Carousel>
				<gx:Image kml:id="hosted_image_QUFqUWJSN1hSZHNiTitnTjUxd29za1hVdDRQVGZ3Y01VeDVabWhMUVBKbVpNeFIweVN1ZHJVZFp2UzNnRWZYMDBkMHZLN29GU3ZHQ1lUYUcyNEpDSXUwM1Z6Z2d1dEM2NjdiWEtzbEFlRmFXQmNQZThlNTBRSWQzYkJ6Qmhibnhya1UrZ2VlVVlXSUJnTjRYNnl1R2ZmZmtrQ3RKV1MwZ3g0akxPRXJXVFRkbjJnS0prRVB6aFIwak51RnJod29EVllaZ2Z2UVpWWCs3bnlXbU8zb3B1TTB4NzY3N2pCTGtodU5oTFF3NEJ6Z2hlbmV1bk9pSENoTzlXWCszVGJLaHZDeUJISXM9">
					<gx:imageUrl>https://earth.usercontent.google.com/hostedimage/e/*/4AAjQbR4aHawYeUkLuH23XKUdrcSnWdbAiqahyLO98I1WOUyBG-HaWBdMrhRq6bNSxynA_x5mjdHxoHQ7_30yOIKMvNMUyxDeMHZOu8MltgzezdCTQQ7MDvUTwNYBWlTWDt_uL7IexpMLQnvz830_OOTl8t2zig3Qw3uKlBIYlIgZXW3IWFRobASVsUIPGnyR-0Rr8tviPAXFZFXCMBCrORzmj0TWe8TU7kUb06Gn4PuNtpL9e-XfiD3xJ4K4omz8m3Ry8R_JeZWcM3rsuS0?authuser=1&amp;fife=s{size}</gx:imageUrl>
				</gx:Image>
			</gx:Carousel>
			<Point>
				<coordinates>105.9375576744473,20.21452846313139,5.414840309672941</coordinates>
			</Point>
		</Placemark>
		<Placemark id="0FD5D1FDA03E92F0E707">
			<name>מבשלת יין ביתית במאי צ׳או</name>
			<description><![CDATA[<div class="align-right" style="text-align: right;">*מיקום כללי - קבלו מיקום מדוייק לאחר הזמנה*<br></div><div class="align-right" style="text-align: right;"><br></div><div class="align-right" style="text-align: right;"><a href="https://eastcardil.co.il/attraction/%D7%9E%D7%91%D7%A9%D7%9C%D7%AA-%D7%99%D7%99%D7%9F-%D7%91%D7%99%D7%AA%D7%99%D7%AA-%D7%91%D7%9E%D7%90%D7%99-%D7%A6%D7%B3%D7%90%D7%95/">קישור הנחה</a><a href="https://eastcardil.co.il/attraction/%D7%9E%D7%91%D7%A9%D7%9C%D7%AA-%D7%99%D7%99%D7%9F-%D7%91%D7%99%D7%AA%D7%99%D7%AA-%D7%91%D7%9E%D7%90%D7%99-%D7%A6%D7%B3%D7%90%D7%95/"></a><br></div><div class="align-right" style="text-align: right;"><br></div><div class="align-right" style="text-align: right;"><span style="font-style: normal; text-align: right;"><span class="font" style="font-family: Calibri, Arial;"><span class="size" style="font-size: 11pt;">מבשלת יין ביתית במאי צ׳או | יין|סיור|תרבות מקומית | מאי צ'או | וייטנאם | מבשלת יין במאי צ׳או, צפון וייטנאם! חוויה חמה עם טעימות יין באווירה חמודה וידידותית במיוחד לישראלים. מקום מושלם לחובבי יין ותרבות מקומית. | מבשלת יין במאי צ׳או, צפון וייטנאם! חוויה חמה עם טעימות יין באווירה חמודה וידידותית במיוחד לישראלים. מקום מושלם לחובבי יין ותרבות מקומית.</span></span></span><br></div>]]></description>
			<LookAt>
				<longitude>105.0700179145126</longitude>
				<latitude>20.65680096240569</latitude>
				<altitude>163.1184174056437</altitude>
				<heading>0</heading>
				<tilt>0</tilt>
				<gx:fovy>35</gx:fovy>
				<range>5250.893664312316</range>
				<altitudeMode>absolute</altitudeMode>
			</LookAt>
			<styleUrl>#__managed_style_34EE6F54D040DE0E2028</styleUrl>
			<gx:Carousel>
				<gx:Image kml:id="hosted_image_QUFqUWJSNVlDelpiOEJVUEVUM1RqaXljQ3Yzdmc0MUxvdXl2OXlUQW1Za2FvTS9mWnJiMTRxSkRWUlZrckpaYzBCTWJ1elJzdlQ3VFNpWmRBekdwN0hwdW9VUHU5YTZWbFF5elZ1bDZhbkw4dGRiaER4L2l4TUQwcGxSZ3NqZWRRdVlZbm8wT0J1VzZRY1VvbVdBL2dRQ3oxQ3k1SzVIOW5jUmc3SmFvUm5adis3N2N2cHJuUkdUZ2pzSlZvQmxicWtKcUFmVW1JaTVHOHN0R3VlaGVqU3hwRm1hS0Y3ZVRWZjF5R1VSZ0xuNlJpbGplaWt3QzVPc1htZWVoU1h5YXlqZFpSUUU9">
					<gx:imageUrl>https://earth.usercontent.google.com/hostedimage/e/*/4AAjQbR4NA7P_pFKp17yZXAvYt9-6qRWAxdKHG0aXc1l_UqmVASWHf93EslzM6HLd4XqbJDH3TnKs8DVq_fcWZG9-fFbHA2No3vzcKVF-f-JvaOlOszoEBkfMTBefdJU8rz3xflEhQCvZUWVQ-cFM382xvYMjAO9560mRyDWoQG1pvh4nkK_uqkf16EqVxxHWh5lKxnKUGtJhhzSXIIlecuZtuxM04fpVIRIAWtnqEfNJZQH1xC7g_bGb7sQAZXmmr4ltv4hyFoaGaFob8uw?authuser=1&amp;fife=s{size}</gx:imageUrl>
				</gx:Image>
			</gx:Carousel>
			<Point>
				<coordinates>105.0727057571258,20.65746538703755,156.7855187851997</coordinates>
			</Point>
		</Placemark>
		<Placemark id="0BABA88A1D3E92F1A9E1">
			<name>סיור איים בקאט בה</name>
			<description><![CDATA[<div class="align-right" style="text-align: right;">*מיקום כללי - קבלו מיקום מדוייק לאחר הזמנה*<br></div><div class="align-right" style="text-align: right;"><br></div><div class="align-right" style="text-align: right;"><a href="https://eastcardil.co.il/attraction/%D7%A1%D7%99%D7%95%D7%A8-%D7%90%D7%99%D7%99%D7%9D-%D7%A7%D7%90%D7%98-%D7%91%D7%94/">קישור הנחה</a><a href="https://eastcardil.co.il/attraction/%D7%A1%D7%99%D7%95%D7%A8-%D7%90%D7%99%D7%99%D7%9D-%D7%A7%D7%90%D7%98-%D7%91%D7%94/"><br></a></div><div class="align-right" style="text-align: right;"><br></div><div class="align-right" style="text-align: right;"><span style="font-style: normal; text-align: right;"><span class="font" style="font-family:Calibri, Arial"><span class="size" style="font-size:11pt">סיור איים בקאט בה | סיור|סיור יום|שייט🚢 | קאט בה | וייטנאם | סיור איים בקאט בה כולל מפרצים ייחודיים, לגונות קסומות ונופים עוצרי נשימה לחוויה טבעית וקסומה. | סיור איים בקאט בה כולל מפרצים ייחודיים, לגונות קסומות ונופים עוצרי נשימה לחוויה טבעית וקסומה.</span></span></span><br></div>]]></description>
			<LookAt>
				<longitude>107.0943941483825</longitude>
				<latitude>20.87887386153009</latitude>
				<altitude>-2.870157006767294</altitude>
				<heading>0</heading>
				<tilt>0</tilt>
				<gx:fovy>35</gx:fovy>
				<range>22496.46274493309</range>
				<altitudeMode>absolute</altitudeMode>
			</LookAt>
			<styleUrl>#__managed_style_44213760BB40DE0E2030</styleUrl>
			<gx:Carousel>
				<gx:Image kml:id="hosted_image_QUFqUWJSN2lSdDZWdDhXWDVIcExONXkxTzJDNW83ZlU2NVlid0d4b0JEb1dxZzlEQ3ZJRGUvU2FENzFCdmZYdC9pVnVhYTRHdFFnT1ZIL1hXT1ZvVER1YVlhcDJ3R21vMjZmVndmczdNQlExQklZZzcyS24vU1F2RXBMdGpBQlc1TnJrMFg1QW1nb2VMSDFwbjFBMm8yR05CbGQxUXA5L3VkUGhEc09iRlFMUnFZcVFmUzZHcUhpVVNYeDZCK2hHdmVSVE5qWE1Rd2xDSzIvVFdhWlJLUElPZWpNZnYvV0g1Y1BaL2NVR0NId2J5T0JSaTVtN0haMStGcjhRYTFaSEtMcXdUL0U9">
					<gx:imageUrl>https://earth.usercontent.google.com/hostedimage/e/*/4AAjQbR5XrCWp7ZzrWuWaVGIfgMGz-HzIYxCmL5BY66elEH2QIt37kTgH1VXi5KLPz4emgtdwsndXYrc542mQ2H_9qsTvkGYwK_VFRKMTTsSiVAKdt2G9gTiSSEfuMExnZ-RbjhmScM6lKhVTEL8Ky2x7tGzBh6xMShIOP1bmfx42yjXcLS-yHe3EoXcG8BO0Wr0SU9pos2V1RsnvCw-fCZBORqN_qxUIJ3eIWrW2XO_yhPeqympn0SYCkoASWJA4V11lOb0qwrvjM8AhLIo?authuser=1&amp;fife=s{size}</gx:imageUrl>
				</gx:Image>
			</gx:Carousel>
			<Point>
				<coordinates>107.0979529310197,20.8534463487301,38.94002098932057</coordinates>
			</Point>
		</Placemark>
		<Placemark id="00C36DC8F13E92F24CE9">
			<name>סדנת עיצוב נורות מסורתיות</name>
			<description><![CDATA[<div class="align-right" style="text-align: right;">*מיקום כללי - קבלו מיקום מדוייק לאחר הזמנה*<br></div><div class="align-right" style="text-align: right;"><br></div><div class="align-right" style="text-align: right;"><a href="https://eastcardil.co.il/attraction/light-bulb-workshop/">קישור הנחה</a><a href="https://eastcardil.co.il/attraction/light-bulb-workshop/"><br></a></div><div class="align-right" style="text-align: right;"><br></div><div class="align-right" style="text-align: right;"><span style="font-style: normal; text-align: right;"><span class="font" style="font-family:Calibri, Arial"><span class="size" style="font-size:11pt">סדנת עיצוב נורות מסורתיות | סדנה | הוי אן | וייטנאם | סדנת עיצוב נורות מסורתיות בהוי אן. חוויה תרבותית צבעונית, לימוד שלב אחר שלב של יצירת פנס וייטנאמי בבמבוק ובד משי. עם הדרכה אישית . | סדנת עיצוב נורות מסורתיות בהוי אן. חוויה תרבותית צבעונית, לימוד שלב אחר שלב של יצירת פנס וייטנאמי בבמבוק ובד משי. עם הדרכה אישית .</span></span></span><br></div>]]></description>
			<LookAt>
				<longitude>108.3299227429113</longitude>
				<latitude>15.87792492966453</latitude>
				<altitude>7.229236440925495</altitude>
				<heading>0</heading>
				<tilt>0</tilt>
				<gx:fovy>35</gx:fovy>
				<range>1003.496600197395</range>
				<altitudeMode>absolute</altitudeMode>
			</LookAt>
			<styleUrl>#__managed_style_34EE6F54D040DE0E2028</styleUrl>
			<gx:Carousel>
				<gx:Image kml:id="hosted_image_QUFqUWJSNmc2aUhoYThISTh4UnZWNHd6bysvaVBwZVJsSmY2a21QS25WcWZ3UW96OGpadFBzK1BnYnlRVkZnUGxhVTl2RHhiL05vcHVVa1VZZE8yaDhxVUVZbkY1Y09JWmU1QjFhYUVUTGNMYUNJeGg2Mi8yMlpuUzRxUk43WjVTMjJ4VDFCT3E2cnV2RlRUNURsV3lVM3doY1I2MEV2U09OVGhCYjBSNjFJb3haeVZ1NlVVYm5QVlZrNTZqZzN0VXhzbnRzL3J1Q1QrdHNvSjI1MzdHRnJLK2JwS3Y2My9hYWtHYnVGakoyOGJsY2tWaTlLZmVEK2FIQVFnMUtTNFVDMWZjSnM9">
					<gx:imageUrl>https://earth.usercontent.google.com/hostedimage/e/*/4AAjQbR5hyiBxUaSyR87qw9vghijrW2eYErAjvc5qCHP80krHwn7pvQ9YidxOOILOvpbYN820aCJgIHYVv5E7XbJTWaxRJ_sUFvSma-ZYTuO38nXRece8Anmen2bisIrI_bHu2RXsE1I5fsv8BWTHXmZ3DU5WGubCWGPZ2E5sxiyf3YqwYNtQXkm1TclmuVEFsUuoJCCRJo7DmiBr1B4YhpKIaDqyy3kcrxUs3juYgrrlYweCl3fgmzLjnTKenHQbyFlacxc0Tbkl990QVCw?authuser=1&amp;fife=s{size}</gx:imageUrl>
				</gx:Image>
			</gx:Carousel>
			<Point>
				<coordinates>108.330735238009,15.87672476642602,5.630752593156688</coordinates>
			</Point>
		</Placemark>
		<Placemark id="0AAB96EED43E92F2FC00">
			<name>שיט פנסי מים</name>
			<description><![CDATA[<div class="align-right" style="text-align: right;">*מיקום כללי - קבלו מיקום מדוייק לאחר הזמנה*<br></div><div class="align-right" style="text-align: right;"><br></div><div class="align-right" style="text-align: right;"><a href="https://eastcardil.co.il/attraction/lantern-cruise/">קישור הנחה</a><a href="https://eastcardil.co.il/attraction/lantern-cruise/"><br></a></div><div class="align-right" style="text-align: right;"><br></div><div class="align-right" style="text-align: right;"><span style="font-style: normal; text-align: right;"><span class="font" style="font-family:Calibri, Arial"><span class="size" style="font-size:11pt">שיט פנסי מים | סיור | הוי אן | וייטנאם | שיט ערב בנהר הוי אן וסדנת פנסי מים מסורתיים. משיטים סירת עץ, משחררים פנסים אל המים. סופגים אווירה קסומה של אורות וצבעים. | שיט ערב בנהר הוי אן וסדנת פנסי מים מסורתיים. משיטים סירת עץ, משחררים פנסים אל המים. סופגים אווירה קסומה של אורות וצבעים.</span></span></span><br></div>]]></description>
			<LookAt>
				<longitude>108.3287752903654</longitude>
				<latitude>15.8763111328289</latitude>
				<altitude>3.389523681275903</altitude>
				<heading>0</heading>
				<tilt>0</tilt>
				<gx:fovy>35</gx:fovy>
				<range>599.0604708250612</range>
				<altitudeMode>absolute</altitudeMode>
			</LookAt>
			<styleUrl>#__managed_style_44213760BB40DE0E2030</styleUrl>
			<gx:Carousel>
				<gx:Image kml:id="hosted_image_QUFqUWJSNDJZaUYwcFRPTEhMWlhvUFMvWmp5b0pzVStjNEd3NUhFM1BCRTJvN2FaeFVvOUJ1ZThVblJwOEJ2bUM1RXZsa2ptS0VuN1I2cWRxZjQ5V0twbFg4b1VGZnNCZVF2L3VpMnZCSUtSSWlaRmw3N1lnS3ozU1lLbnZvVHNRVjJWMmg3VjNqbXUvbEUySVdOM3p4Y3BQYjJnc0hJVUN4ZVdmdDJIWk8wek44Rk96czVNSllyVFI1d1REcTJmcDY1SEI3cXlsUmkySC9ITXVHQ0pKSUF1QW1TVE5pOEhTTk55MEpNNHFrdU1qa1dEQ05Lb1haN1dWTDVYLzJvZnIyeEw4VU09">
					<gx:imageUrl>https://earth.usercontent.google.com/hostedimage/e/*/4AAjQbR6H6nzTPiI0OHgt9rLeNr1wsdz0unIVDz_0EsGHmLoAVacqxxwEgxeJwe0n7qBBW3WPfRtz_VxYQDaW_Jh1d1viI0sfGWtt9E548OTRjxZNdlssDlDcyl3yHCfHO0boI6nGb8IGAZ1MH5jINP-J4FKhXrBOp4v9hVFd4Iaa8Q45ucLHHmQKIzlMxWGbHPJQySUQRzDBuokt1obnFb0tdTaimfniOu-1W3PVk0Z2nlCSNHiM7vzd3zBWcLAOOvIfUO01_hQ4AdhsprU?authuser=1&amp;fife=s{size}</gx:imageUrl>
				</gx:Image>
			</gx:Carousel>
			<Point>
				<coordinates>108.3286132429603,15.87579714448393,1.065498771157178</coordinates>
			</Point>
		</Placemark>
		<Placemark id="096FF009FE3E92F407A8">
			<name>סיור אוכל עם אלה בהאנוי</name>
			<description><![CDATA[<div class="align-right" style="text-align: right;">*מיקום כללי - קבלו מיקום מדוייק לאחר הזמנה*<br></div><div class="align-right" style="text-align: right;"><br></div><div class="align-right" style="text-align: right;"><a href="https://eastcardil.co.il/attraction/ella-food-tour/">קישור הנחה</a><a href="https://eastcardil.co.il/attraction/ella-food-tour/"><br></a></div><div class="align-right" style="text-align: right;"><br></div><div class="align-right" style="text-align: right;"><span style="font-style: normal; text-align: right;"><span class="font" style="font-family:Calibri, Arial"><span class="size" style="font-size:11pt">סיור אוכל עם אלה בהאנוי | אוכל 🍔|סיור אוכל מודרך | האנוי | וייטנאם | סיור אוכל רחוב עם אלה בהאנוי. טעימות של המטבח הויאטנמי, 6-8 מקומות, קבוצות קטנות. אלה היא מדריכה מקומית מנוסה מצחיקה וחמודה ממש. | סיור אוכל רחוב עם אלה בהאנוי. טעימות של המטבח הויאטנמי, 6-8 מקומות, קבוצות קטנות. אלה היא מדריכה מקומית מנוסה מצחיקה וחמודה ממש.</span></span></span><br></div>]]></description>
			<LookAt>
				<longitude>105.8498644595022</longitude>
				<latitude>21.03283474015561</latitude>
				<altitude>14.64676585717754</altitude>
				<heading>359.9999999999868</heading>
				<tilt>0</tilt>
				<gx:fovy>35</gx:fovy>
				<range>1435.710711560823</range>
				<altitudeMode>absolute</altitudeMode>
			</LookAt>
			<styleUrl>#__managed_style_34EE6F54D040DE0E2028</styleUrl>
			<gx:Carousel>
				<gx:Image kml:id="hosted_image_QUFqUWJSN2tqRU9UWksvYXJoZVhBekN5bUZOTytnVmMvNUxaMnhSOEZlZVZEQWMwSE9zSERGM0p6QWNtUnl4NjV6Z1c1elprRS9NYUVkMFhibUQ5cFF6SUowbllBeUptd0lTWWlKeHl2ZFQzbitCZFlycnBRVnBPOGhCQWV6VHNvS1VReUVKTE12bUdkODBCUTExbytOcGZkSXNVbkxaZ3JMK3YzdWxpT0JHcHVPbjNDSzRpaUViUE90MlM3VGI2Z29UbGJMbThjVzNlSTNUbVcxZW5LVEluZDZ5MHdNejFBdU13Kzdod2dvSTBGdHBPY3JQQTFhNmZzZ0lDU1VZU0krbVVpcUE9">
					<gx:imageUrl>https://earth.usercontent.google.com/hostedimage/e/*/4AAjQbR55UHCtGWk2-v6QFSLp9-bzqmqtmmGVbWjjuiEhrSTBLvi_v5B14xQ6NNpYMPzWjNuCmhhVAYDWB4RR-R6tzMtUTtU9JtEJpCSq02YxRJ3Zuy4BbXq_mTpavVJ9jA2UBAND3-1nJed0AYSLFZ7xBsexIJIOHUWLejeTgyjPoIq5DL4AN85Ccy4-z_ZbV1zdfiI6qfbT1YKB8iC8suxTT6fs50uIYzPeuAmGyYVHt9hOI6tTm8ulHIeEjICy736zYO3tiiPIzUVpTkk?authuser=1&amp;fife=s{size}</gx:imageUrl>
				</gx:Image>
			</gx:Carousel>
			<Point>
				<coordinates>105.8499591958274,21.0339452493054,16.30835211829059</coordinates>
			</Point>
		</Placemark>
		<Placemark id="09C52847FC3E92F50FC8">
			<name>סדנת קפה עם SUA</name>
			<description><![CDATA[<div class="align-right" style="text-align: right;">*מיקום כללי - קבלו מיקום מדוייק לאחר הזמנה*<br></div><div class="align-right" style="text-align: right;"><br></div><div class="align-right" style="text-align: right;"><a href="https://eastcardil.co.il/attraction/sua-cafe-workshop/">קישור הנחה</a><a href="https://eastcardil.co.il/attraction/sua-cafe-workshop/"><br></a></div><div class="align-right" style="text-align: right;"><br></div><div class="align-right" style="text-align: right;"><span style="font-style: normal; text-align: right;"><span class="font" style="font-family:Calibri, Arial"><span class="size" style="font-size:11pt">סדנת קפה עם SUA | סדנה | הוי אן | וייטנאם | סדנת קפה חווייתית ב-SUA קפה בהוי אן. לימוד אישי של טכניקות קפה וייטנאמיות. הכנת מספר סוגי קפה (ביצה, מלוח, קוקוס). טעימות קפה ותמיכה בפרויקט חברתי ייחודי. | סדנת קפה חווייתית ב-SUA קפה בהוי אן. לימוד אישי של טכניקות קפה וייטנאמיות. הכנת מספר סוגי קפה (ביצה, מלוח, קוקוס). טעימות קפה ותמיכה בפרויקט חברתי ייחודי.</span></span></span><br></div>]]></description>
			<LookAt>
				<longitude>108.3289982933147</longitude>
				<latitude>15.87706556813708</latitude>
				<altitude>6.542746693857417</altitude>
				<heading>0</heading>
				<tilt>0</tilt>
				<gx:fovy>35</gx:fovy>
				<range>900.8864010989785</range>
				<altitudeMode>absolute</altitudeMode>
			</LookAt>
			<styleUrl>#__managed_style_34EE6F54D040DE0E2028</styleUrl>
			<gx:Carousel>
				<gx:Image kml:id="hosted_image_QUFqUWJSNzh6ZkNSdFcvWG5RTmFrcHhwWVpTN0hFWUZVWWdkV1ZKWHRSTTlzcnZxeFR1U2s0R2hXZ0krRE9GOTJVRUVGaWtoYWVRcnREbnRJZ2tHaEtRaW5PeGVPN1VVSlZlaTFkZ3hXS2R2dXJPM0k2T1dMcllXSm4yT3pwU0FlQ1NuYkhHYmdZWSs2OGNsT2xyZFJYaFNIaFYyQlQ3dFY3Tk5rWWZrdi84MzZqSWhXSFNDMTNqRjNqQ0N2QjZvRUJWZ3VGQzJBRm5lK3IvTzcvYWdRdytKa20rQ2dhZS91c2FYaEdCbm15ODR0Ly9jaXVIQ2ViZVJ2NTZXVGQrNFJTL2ltdnM9">
					<gx:imageUrl>https://earth.usercontent.google.com/hostedimage/e/*/4AAjQbR6HA6_UEmBF-GN09p1vGCgkI55mzYt6q7TfGZJtgFNQAPiBPYopjEAkh4ZGuK7RdjiDKeZyCFCZRjbLgornht5SGP4j_nbW7QOZn5dyE5-7D78cHggeVASx6dWMf1GIHxk82JVsk8nGV1ud2_0TuWp2ngFZ1hj0ij7pEolLNP-yOvJEcE1ynP-3FZo_fKgwKzrtnSFcYf4LYeG8b1SATMjMYQAJluRuHtJPtMPXIHzWnuyC4rVthyQn4b8_oZ4WWok5fiFeihUqGJM?authuser=1&amp;fife=s{size}</gx:imageUrl>
				</gx:Image>
			</gx:Carousel>
			<Point>
				<coordinates>108.3311313547455,15.87742418276305,6.412208193655056</coordinates>
			</Point>
		</Placemark>
		<Placemark id="00D755927A3E92F5D091">
			<name>טיול יום בהו צ&apos;י מין וביקור במנהרות נסתרות</name>
			<description><![CDATA[<div class="align-right" style="text-align: right;">*מיקום כללי - קבלו מיקום מדוייק לאחר הזמנה*<br></div><div class="align-right" style="text-align: right;"><br></div><div class="align-right" style="text-align: right;"><a href="https://eastcardil.co.il/attraction/%D7%98%D7%99%D7%95%D7%9C-%D7%99%D7%95%D7%9D-%D7%91%D7%94%D7%95-%D7%A6%D7%99-%D7%9E%D7%99%D7%9F-%D7%95%D7%91%D7%99%D7%A7%D7%95%D7%A8-%D7%91%D7%9E%D7%A0%D7%94%D7%A8%D7%95%D7%AA-%D7%A0%D7%A1%D7%AA/">קישור הנחה</a><a href="https://eastcardil.co.il/attraction/%D7%98%D7%99%D7%95%D7%9C-%D7%99%D7%95%D7%9D-%D7%91%D7%94%D7%95-%D7%A6%D7%99-%D7%9E%D7%99%D7%9F-%D7%95%D7%91%D7%99%D7%A7%D7%95%D7%A8-%D7%91%D7%9E%D7%A0%D7%94%D7%A8%D7%95%D7%AA-%D7%A0%D7%A1%D7%AA/"><br></a></div><div class="align-right" style="text-align: right;"><br></div><div class="align-right" style="text-align: right;"><span style="font-style: normal; text-align: right;"><span class="font" style="font-family:Calibri, Arial"><span class="size" style="font-size:11pt">טיול יום בהו צ'י מין וביקור במנהרות נסתרות | טיול 🏔️ | הו צ'י מין | וייטנאם | טיול בהו צ'י מין כולל ביקור במנהרות נסתרות, מסע להיסטוריה, תרבות ותגליות בלתי נשכחות. | טיול יום בהו צ'י מין כולל ביקור במנהרות נסתרות, מסע להיסטוריה, תרבות ותגליות בלתי נשכחות.</span></span></span><br></div>]]></description>
			<LookAt>
				<longitude>106.6949248667721</longitude>
				<latitude>10.77504444220178</latitude>
				<altitude>6.708179559364257</altitude>
				<heading>0</heading>
				<tilt>0</tilt>
				<gx:fovy>35</gx:fovy>
				<range>3651.869971957058</range>
				<altitudeMode>absolute</altitudeMode>
			</LookAt>
			<styleUrl>#__managed_style_34EE6F54D040DE0E2028</styleUrl>
			<gx:Carousel>
				<gx:Image kml:id="hosted_image_QUFqUWJSNVI3ZDMrNmN2aW9IVXpMOGRCaExwL3EwK2RBcDZ2ZU0rYmN4ckxmc2ZqUWl4THR5QlZoUTlON09PVzZyOTZQbkFTSmp6K09pNnRxVHlYT3J2VkNEUVAwbHpYdWZudHVvc2VPRTB3SEJDZ2U4TldwRTVFM0FuMG40RGZ2aUptazhEeWVRd3YrQXFCTWNWdUFRSTZ6WGM1M3FlTDdORW0xdVZhMnRhTkhFR1ZMRVJuMnhBbStFTGxmRGpXeEI3Q09OS1JlcEdjdGt6eFE2WThOaTBjTnBQTmNtWm1DRUlSQmtDQnNVRlBsYnpuNWhBd2h0allub2w1ZHBOR0RTbVNGQmM9">
					<gx:imageUrl>https://earth.usercontent.google.com/hostedimage/e/*/4AAjQbR5dJ1RwLqEkNUKyS4yR1J4rnM0PJpUhU1UmqrC0Jwq2O7FT-88p6oJAmOEkfpk0tdBbloqmVQyDN9d1-eV9ZtufuRNsTUW7XT6-hxKwrnWiFanzCiW2kXML1WMbtlC5X0tmtGLfLz8sd2SQB2uaCgqTgfFxiKfXSOYVWl_HDs62DXZk9uRERYgzKz9RPHv4DKjY7wAHJ4ZlF1PGmBn6-JAlwrxVPGKWk9SxfPjmr00B5mYoxbiDj12eYplwkURWfCaV3J12gyzpFH0?authuser=1&amp;fife=s{size}</gx:imageUrl>
				</gx:Image>
			</gx:Carousel>
			<Point>
				<coordinates>106.6984596404025,10.77124443907274,4.193337573367611</coordinates>
			</Point>
		</Placemark>
		<Placemark id="0AAD606A8D3E92F757C6">
			<name>סיור אוכל סודי</name>
			<description><![CDATA[<div class="align-right" style="text-align: right;">*מיקום כללי - קבלו מיקום מדוייק לאחר הזמנה*<br></div><div class="align-right" style="text-align: right;"><br></div><div class="align-right" style="text-align: right;"><a href="https://eastcardil.co.il/attraction/%D7%A1%D7%99%D7%95%D7%A8-%D7%90%D7%95%D7%9B%D7%9C-%D7%A1%D7%95%D7%93%D7%99/">קישור הנחה</a><a href="https://eastcardil.co.il/attraction/%D7%A1%D7%99%D7%95%D7%A8-%D7%90%D7%95%D7%9B%D7%9C-%D7%A1%D7%95%D7%93%D7%99/"><br></a></div><div class="align-right" style="text-align: right;"><br></div><div class="align-right" style="text-align: right;"><span style="font-style: normal; text-align: right;"><span class="font" style="font-family:Calibri, Arial"><span class="size" style="font-size:11pt">סיור אוכל סודי | אוכל 🍔 | הו צ'י מין | וייטנאם | סיור אוכל בהו צ'י מין מציע טעימות מסורתיות, ביקור בשווקים מקומיים וסיפורים מרתקים על הקולינריה. | סיור אוכל בהו צ'י מין מציע טעימות מסורתיות, ביקור בשווקים מקומיים וסיפורים מרתקים על הקולינריה.</span></span></span><br></div>]]></description>
			<LookAt>
				<longitude>106.6949248667721</longitude>
				<latitude>10.77504444220178</latitude>
				<altitude>6.708179559364257</altitude>
				<heading>0</heading>
				<tilt>0</tilt>
				<gx:fovy>35</gx:fovy>
				<range>3651.869971957058</range>
				<altitudeMode>absolute</altitudeMode>
			</LookAt>
			<styleUrl>#__managed_style_34EE6F54D040DE0E2028</styleUrl>
			<gx:Carousel>
				<gx:Image kml:id="hosted_image_QUFqUWJSNHdsWG84T1ZkWnQ3aVYxNEwwcXF2aWp1UGNVWUtrTnVIUStJZlQxZWN0c1Y2aUpDQWxQQ0pobVNqUFJXdTcxZi90c1ZzZUNoV1JqSmxoRC9hRCtrVkRZdmRhOGxER05nYVZETG92KzkvN3dGQndtbjBLS3dPREc0Nk1yRTBKanNmeEdUOEpHZGZDT2xxZ2VKMSs4U2V1NkVKUVRYaU5YbjBmSTJHdDk5Z1czN2srTzQwdi9zUi81OFRtU1U0R2d0bmFiWnJOMHd5MzFsOUZWU2dmNUNibEVYdE5kakdoTld1Tzk3MUZiVzMyUENZNk5vQjFsbjdYb3JJL3FZNnBmS0k9">
					<gx:imageUrl>https://earth.usercontent.google.com/hostedimage/e/*/4AAjQbR5QxysHajSZcvnG0R3m6EhKMyVSlOfMztu8i3zffUE99Hmhy9M6hMypPWYJ5oU19Ndao3lGDO9EFcnS0Mrz3FfELxSTGvI70lxJMbmYI_T1k4wDmQIMHNfltDFQ8WiY9RbpfUk62cjiEAxwjTT6QoiyWI3D9XXgt334-n0lxjQGEQXgz4j09gtrM182H5m-E0NJmz1NN245eJdUshR3GEfQMQDB9ttNYC16HaY6d-RhnHyEmqGcuGNVcsOi6T4T3vFGyPjFu1IGJCU?authuser=1&amp;fife=s{size}</gx:imageUrl>
				</gx:Image>
			</gx:Carousel>
			<Point>
				<coordinates>106.7020630107422,10.77532620466935,4.796703556651723</coordinates>
			</Point>
		</Placemark>
		<Placemark id="0F9A7FC3A83E92F858E9">
			<name>סיור אוכל לילי עם ויינג</name>
			<description><![CDATA[<div class="align-right" style="text-align: right;">*מיקום כללי - קבלו מיקום מדוייק לאחר הזמנה*<br></div><div class="align-right" style="text-align: right;"><br></div><div class="align-right" style="text-align: right;"><a href="https://eastcardil.co.il/attraction/night-time-food-tour/">קישור הנחה</a><a href="https://eastcardil.co.il/attraction/night-time-food-tour/"><br></a></div><div class="align-right" style="text-align: right;"><br></div><div class="align-right" style="text-align: right;"><span style="font-style: normal; text-align: right;"><span class="font" style="font-family:Calibri, Arial"><span class="size" style="font-size:11pt">סיור אוכל לילי עם ויינג | טיול 🏔️|סיור|סיור אוכל מודרך | הו צ'י מין | וייטנאם | גלו את הטעמים של הו צ'י מין בסיור אוכל לילי הכולל שווקים, מנות וקינוחים וייטנאמים. | גלו את הטעמים של הו צ'י מין בסיור אוכל לילי הכולל שווקים, מנות וקינוחים וייטנאמים.</span></span></span><br></div>]]></description>
			<LookAt>
				<longitude>106.694838157126</longitude>
				<latitude>10.77957690154797</latitude>
				<altitude>9.906595369637458</altitude>
				<heading>0</heading>
				<tilt>0</tilt>
				<gx:fovy>35</gx:fovy>
				<range>3589.387985023786</range>
				<altitudeMode>absolute</altitudeMode>
			</LookAt>
			<styleUrl>#__managed_style_34EE6F54D040DE0E2028</styleUrl>
			<gx:Carousel>
				<gx:Image kml:id="hosted_image_QUFqUWJSN3RXTmpUS093QXl2b2ZIMEVwRWxVd0VUN0FPVHZYSEVNWWZuZEIxQnhiblFQT3NMbytuOVhSVkc1SzJCMFBSVmZsQ3Zsd1pWenNzL2dZVmxSYm1DSlhjWEVYS08zN1Rnd1BZMFlzeWVxMmJhOWZwVXpBNTN1eU9kcjh4N1NIalJ4QStMTkhkNTJhQUZYNm9PT2lGTjAwcnRWa05xSWo1UHNSVGFNQWtnYnRGSmp6dUtEQU9iQ0dtZml3bXhIUEZ3TUVFNHZnRkNPaitpd29WejFmOGE1MmQ4SVFtcjhhUklKVGNyd3FKa25CQ0dIMHRTU1JqaDkxMzZRMzZoOXpMWkE9">
					<gx:imageUrl>https://earth.usercontent.google.com/hostedimage/e/*/4AAjQbR4FR4b_HBB1qQYW42nHxE6tIOcsbjlIDaVqXSlvBR80EKexVe9ZhKRmuVl1uakqyXHCTH6vl96vFLh2pN9OhPTohj5NWTbaJ7LBZJBemDLz0TgXaK6ztJ3H4wkUI-qsjEoZeUjoEJPi186iKO21G5rako5RR064Azmgj3F_eMESXFN8Sk8RP6wk3-MJ4IrOhiJRS0p2nfxijmWeHdldJjBgoZwTW9hxBneec3jjrNW2_z3mR5pGhHzrC6hKglIljPvfBCy49jZuO84?authuser=1&amp;fife=s{size}</gx:imageUrl>
				</gx:Image>
			</gx:Carousel>
			<Point>
				<coordinates>106.7035329714289,10.77692559934876,4.192971685876545</coordinates>
			</Point>
		</Placemark>
		<Placemark id="0ED43899693E92F90E5F">
			<name>אימוני איגרוף עם אריק</name>
			<description><![CDATA[<div class="align-right" style="text-align: right;">*מיקום כללי - קבלו מיקום מדוייק לאחר הזמנה*<br></div><div class="align-right" style="text-align: right;"><br></div><div class="align-right" style="text-align: right;"><a href="https://eastcardil.co.il/attraction/boxing-training-with-eric/">קישור הנחה</a><a href="https://eastcardil.co.il/attraction/boxing-training-with-eric/"><br></a></div><div class="align-right" style="text-align: right;"><br></div><div class="align-right" style="text-align: right;"><span style="font-style: normal; text-align: right;"><span class="font" style="font-family:Calibri, Arial"><span class="size" style="font-size:11pt">אימוני איגרוף עם אריק | אקסטרים | הוי אן | וייטנאם | היי, אני אריק, מאמן הולנדי למואי תאי ומאמן אישי בהוי אן. אני אוהב לעזור לאנשים להתחזק, לשפר את התנועה שלהם ולהכניס כמה אגרופים טובים! באימונים שלנו נשלב טכניקה, עבודה על פדים ואימוני כושר, כך שתשפרו את היכולות שלכם, תתחזקו ותיהנו מתהליך מאתגר ומלא אנרגיה. אז יאללה, בואו נתחיל לעבוד! | היי, אני אריק, מאמן הולנדי למואי תאי ומאמן אישי בהוי אן. אני אוהב לעזור לאנשים להתחזק, לשפר את התנועה שלהם ולהכניס כמה אגרופים טובים! באימונים שלנו נשלב טכניקה, עבודה על פדים ואימוני כושר, כך שתשפרו את היכולות שלכם, תתחזקו ותיהנו מתהליך מאתגר ומלא אנרגיה. אז יאללה, בואו נתחיל לעבוד!</span></span></span><br></div>]]></description>
			<LookAt>
				<longitude>108.3282565881227</longitude>
				<latitude>15.87709286765558</latitude>
				<altitude>6.097838145707593</altitude>
				<heading>0</heading>
				<tilt>0</tilt>
				<gx:fovy>35</gx:fovy>
				<range>1314.0005945132</range>
				<altitudeMode>absolute</altitudeMode>
			</LookAt>
			<styleUrl>#__managed_style_34EE6F54D040DE0E2028</styleUrl>
			<gx:Carousel>
				<gx:Image kml:id="hosted_image_QUFqUWJSNnJEbndtUnp3ZjExVDBPYWkrL29aSFpkcVArODVaWnpuQ2xwaHNkMmhjV2pOYm5DdjRZYkhhcnlkQjA1RjUrS1JpWmF1TTJ1d3N3WjRKNFNBQTJtMlU4M2hLMEQ0SThzdFFCZGsrYUd4K3g3S0tPMmV3VnIwTWJmTGFVSzNNVHU0Vi9SR0ZJZEZZaWxneE4yMEJpVFBtU0czM1R6c0RGUTdsa2x0UFAvcndmZnpVYnJleWM1SnB4eHdFMUJTYlN6WUpRa0J6TGdpL3pyTERyZXhSaXNEejlXWmtYSjBOR2h0czRlcjh3Q2xjSHdaWWo4T1R6eWJ0Ni9pbkJvcjh3YlU9">
					<gx:imageUrl>https://earth.usercontent.google.com/hostedimage/e/*/4AAjQbR4XiAm44u9R9vzJI-Xt8y-wtThO6bVNuxrc9lJiPB5YY_L2ab8wkXexndrvetotVcBNqaszY8JFLAs4Sq6xPjxlucqMRGVYswTKXVZ_Je2_kM_aVQaHesvtmmjgBgmgLqtu3eV7Ac3BxDcjt96RmYPE1JAET_KCcK887IfhuqSbizsqivHznw1i78iNi0BK8YvCE_ntS1MnJFro6-BzBikMPCMzq7fCeucm_BPV0kb8xdMDECEr6P6XXHAT7Eq58K6KwmxDZD9G6b0?authuser=1&amp;fife=s{size}</gx:imageUrl>
				</gx:Image>
			</gx:Carousel>
			<Point>
				<coordinates>108.3312109224585,15.8761632248014,4.426510990604829</coordinates>
			</Point>
		</Placemark>
		<Placemark id="07E4444D663E92F9F638">
			<name>KiteVietNam school (kitesurfing and surfing lessons or rental )</name>
			<description><![CDATA[<div class="align-right" style="text-align: right;">*מיקום כללי - קבלו מיקום מדוייק לאחר הזמנה*<br></div><div class="align-right" style="text-align: right;"><br></div><div class="align-right" style="text-align: right;"><a href="https://eastcardil.co.il/attraction/kit-surfing/">קישור הנחה</a><a href="https://eastcardil.co.il/attraction/kit-surfing/"><br></a></div><div class="align-right" style="text-align: right;"><br></div><div class="align-right" style="text-align: right;"><span style="font-style: normal; text-align: right;"><span class="font" style="font-family:Calibri, Arial"><span class="size" style="font-size:11pt">קורס קייטסרפינג | אקסטרים|גלישה | מוי נה | וייטנאם | קורס קייטסרפינג עם מדריכים מקצועיים, שלטו ברוח ובגלים, וחוו אדרנלין עם גלישה מושלמת. | קורס קייטסרפינג עם מדריכים מקצועיים – שלטו ברוח ובגלים וחוו אדרנלין עם גלישה מושלמת.</span></span></span><br></div>]]></description>
			<LookAt>
				<longitude>108.2414147</longitude>
				<latitude>10.9531852</latitude>
				<altitude>0</altitude>
				<heading>0</heading>
				<tilt>0</tilt>
				<gx:fovy>35</gx:fovy>
				<range>1035.029652485693</range>
				<altitudeMode>relativeToGround</altitudeMode>
			</LookAt>
			<styleUrl>#__managed_style_26CD711ABF40DE0E2029</styleUrl>
			<gx:Carousel>
				<gx:Image kml:id="hosted_image_QUFqUWJSNkw0MmNKQnRiTkhIVzN3dFowM2RzMWRFU1A0ak5ZM1YvN0FsdDdKQXVtSU1PcW14VEdyQmhDNVVVRStmUHFRNGhCWWtsWEFHRjB5Q1pFbWJ3eERnR1Z2M2g5dFhzVlh4RTBkR0VPRzYvSzdkT1l2YzlhT2w2TmJ6dElvK3hpTmNuWng4Y3RQVDJFOG84QVM4UXpuSytLdHdXUUZZWHBnejFCZGdOMFIydUUyUXpkd1RrSnFTMWFTUVFESXBSQ1FGbDl1OTdQb1RTSld5MXA4bVhISVZRWXUvSFNmcnRydFE4SUUvTEtzLyt4TDVYdW0vNHFCSUUzNUVMbFJFVmVKemc9">
					<gx:imageUrl>https://earth.usercontent.google.com/hostedimage/e/*/4AAjQbR6bSHNoc7if6RPavCDC_X1HUcetZII2XAJHfZq6uPrieaU-TOwbU3ekKx2UG20kr5AevOz96kx6f6I_-OEGY7atMWPmZhSEriX3A-syhLwBkdQvMw5cgPbusLf7A_7B5WgtmfdY853bdJS0iNw-6wWjok_U37ihRehPUv8IEJd0WVSPDPEpbmBeRRt41Yh-6FP77SZu26vJvDovSL0NzVORyK_D3gx3CMl32eqpCiHKV0x25kqcFLf99zAwY18PWkYZoT28WjMn8Ws?authuser=1&amp;fife=s{size}</gx:imageUrl>
				</gx:Image>
			</gx:Carousel>
			<Point>
				<altitudeMode>relativeToGround</altitudeMode>
				<coordinates>108.2414147,10.9531852,0</coordinates>
			</Point>
		</Placemark>
		<Placemark id="019F1689653E92FABAD8">
			<name>גלישת גלים במוינה – שיעורים והשכרת גלשנים ב-KiteVietnam</name>
			<description><![CDATA[<div class="align-right" style="text-align: right;">*מיקום כללי - קבלו מיקום מדוייק לאחר הזמנה*<br></div><div class="align-right" style="text-align: right;"><br></div><div class="align-right" style="text-align: right;"><a href="https://eastcardil.co.il/attraction/surfing-lessons-mui-ne-vietnam-kitevietnam/">קישור הנחה</a><a href="https://eastcardil.co.il/attraction/surfing-lessons-mui-ne-vietnam-kitevietnam/"><br></a></div><div class="align-right" style="text-align: right;"><br></div><div class="align-right" style="text-align: right;"><span style="font-style: normal; text-align: right;"><span class="font" style="font-family:Calibri, Arial"><span class="size" style="font-size:11pt">קורס גלישה במוי נא | אקסטרים|גלישה|חוף 🏖️ | מוי נה | וייטנאם | קורס גלישה מקצועי שילמד אותך לשלוט בגלשן, לתפוס גלים ולשפר טכניקה. בהדרכת מדריכים מנוסים, תבנה ביטחון במים ותיהנה מחוויית גלישה מהנה ומעצימה, המותאמת לכל הרמות. | קורס גלישה מקצועי שילמד אותך לשלוט בגלשן, לתפוס גלים ולשפר טכניקה. בהדרכת מדריכים מנוסים, תבנה ביטחון במים ותיהנה מחוויית גלישה מהנה ומעצימה, המותאמת לכל הרמות.</span></span></span><br></div>]]></description>
			<LookAt>
				<longitude>108.241227119443</longitude>
				<latitude>10.95329029390452</latitude>
				<altitude>4.288999211710127</altitude>
				<heading>0</heading>
				<tilt>0</tilt>
				<gx:fovy>35</gx:fovy>
				<range>1242.63676608447</range>
				<altitudeMode>absolute</altitudeMode>
			</LookAt>
			<styleUrl>#__managed_style_34EE6F54D040DE0E2028</styleUrl>
			<gx:Carousel>
				<gx:Image kml:id="hosted_image_QUFqUWJSNWM0TTJmNTBtRmRaTXU2UlhEeVh0eWpBbEdIVjdmaEZHUXdTN1pta0dROWRTYUUvaDVMTWNQQzU5L2FQRzhnYUFsT3M1MWQ0a1pIUGxDU21mY01HTW1Jb3dSTm9ha3F4TFRWbTJESWpTb0pqQVpCZ0J3aTkvMlg2YXVBSDQrZFBUNVh0R2xYQVlCanM2ZzFxRi9QbEVyZGozeWNtbGRCOGpxUEUxRytzc2FQS1RwOFJmSlNjdVRxVU1wbXhjVHVpRUwvRnVMV0RoYUYzWnAza1ZRYXBreFJ5QXpQYTA0RkZnUm02ZlBFQ00xM3A5Z3ZIWk91aGU2cUZhbGsrSHFhVE09">
					<gx:imageUrl>https://earth.usercontent.google.com/hostedimage/e/*/4AAjQbR4434r9McOUt5KCvQkQO9EOdD_ZfZI9Kx2MsVWIZrBe1yoMHD-qH_7AQkXDFyit19VpqvC0f6F2QcSYOswxnG-Yxlq0_p-CoxOfh4bBAHrKll1pYRvXgpZCneesysy2qqb82XE5H1OmRvSvMoMGTgPs1CGqN1QhuGDpc_Lu4Z5uC1gqqvUCkhW6HDMG-unU2qatpOnuQym1PepjJsETTdJQGjMsDo-Nv7aI2xGY6w0qRvtqFJI5V9n8X5Ia_LBFtzRnqrhf-zFhyS8?authuser=1&amp;fife=s{size}</gx:imageUrl>
				</gx:Image>
			</gx:Carousel>
			<Point>
				<coordinates>108.2411450251942,10.95319044861023,4.385347397310828</coordinates>
			</Point>
		</Placemark>
		<Placemark id="063A9E8A213E92FBB4FC">
			<name>הסיור הסודי עם מר רוט בדאלאת – Mr Rot&apos;s Secret Tour</name>
			<description><![CDATA[<div class="align-right" style="text-align: right;">*מיקום כללי - קבלו מיקום מדוייק לאחר הזמנה*<br></div><div class="align-right" style="text-align: right;"><br></div><div class="align-right" style="text-align: right;"><a href="https://eastcardil.co.il/attraction/mr-rot-secret-tour-da-lat/">קישור הנחה</a><a href="https://eastcardil.co.il/attraction/mr-rot-secret-tour-da-lat/"><br></a></div><div class="align-right" style="text-align: right;"><br></div><div class="align-right" style="text-align: right;"><span style="font-style: normal; text-align: right;"><span class="font" style="font-family:Calibri, Arial"><span class="size" style="font-size:11pt">הסיור הסודי של מר רוט – החוויה האותנטית של דאלאת | טיול 🏔️ | דה לאט | וייטנאם | 🌏 הסיור הסודי של מר רוט – חוויה שלא תשכחו! הצטרפו להסיור המקורי והייחודי של מר רוט, מסע יוצא דופן בין כפרים נסתרים, מפגשים עם המקומיים וגילוי התרבות הווייטנאמית האמיתית. זהו סיור לא תיירותי וללא עצירות קניות, שמטרתו לחשוף אתכם לחיים המקומיים כפי שהם באמת. | 🌏 הסיור הסודי של מר רוט – חוויה שלא תשכחו! הצטרפו ל הסיור המקורי והייחודי של מר רוט , מסע יוצא דופן בין כפרים נסתרים, מפגשים עם המקומיים וגילוי התרבות הווייטנאמית האמיתית . זהו סיור לא תיירותי וללא עצירות קניות , שמטרתו לחשוף אתכם לחיים המקומיים כפי שהם באמת.</span></span></span><br></div>]]></description>
			<LookAt>
				<longitude>108.4387402098193</longitude>
				<latitude>11.94812600793485</latitude>
				<altitude>1514.255577671869</altitude>
				<heading>0</heading>
				<tilt>0</tilt>
				<gx:fovy>35</gx:fovy>
				<range>2232.65197654866</range>
				<altitudeMode>absolute</altitudeMode>
			</LookAt>
			<styleUrl>#__managed_style_34EE6F54D040DE0E2028</styleUrl>
			<gx:Carousel>
				<gx:Image kml:id="hosted_image_QUFqUWJSNFgzeCtBOGE2NW1JZGY3SEM1RVdMOHlJaTV3WjA1MzhzZUpaNkNEVFpVNVZlUUNYdEVZL2Q2YjNqb3EzaVE4aVNHNU5hY1RjTnE0ZGZiRHg0UWpYK25KT3ltTitQUENRMHNrQUc1WUpJQ0RPR0pqQklWdkxJWHNTdFgxWnRFdXozTENRV29SaWpvd0V5WU9qWTZLVGE5ZXd2TldBVkRZWERRRTBzQXd5TE1wSnNjbFhlL01KdXVNSkVCdEpmanVvQ0JuZjhNWFNTbGpOaWo1TmVVWTEwWHh5VjRHYis5a241VFlqb3VOeW95TTZTN3ROaTlBczRDVms5eU5aM0dzSjA9">
					<gx:imageUrl>https://earth.usercontent.google.com/hostedimage/e/*/4AAjQbR4I8-SeyuNhV3fSbW0ZtLQ9wnDRHuz9pvUar4aQ8-rhoc8GPSBjzgDwrwSWZG2aH4ZJHmRB-L98ffuW82_AQ7C-68gIUch1kFe6KJUCMgcEEg-cYV1b4cPJ0JNwz6h385NffNLBbP3klRQaPo60hO-4tIm9sF_WxbQAkFu2Cn_HZmB_ZlM_-af4IKWuZ52Xw24gK4L5e4pI-JUaK3uE_UHwrGqqOwfjKZpDu5BiFu_GAd6aZfaVRCKbH3uUfkxgrsFt91gMA761qT0?authuser=1&amp;fife=s{size}</gx:imageUrl>
				</gx:Image>
			</gx:Carousel>
			<Point>
				<coordinates>108.4402051941582,11.94873130553289,1491.460839899099</coordinates>
			</Point>
		</Placemark>
		<Placemark id="03DB2DDFA33E92FE6F11">
			<name>סדנת רקמה וכריכת מחברות בעור ובד</name>
			<description><![CDATA[<div class="align-right" style="text-align: right;">*מיקום כללי - קבלו מיקום מדוייק לאחר הזמנה*<br></div><div class="align-right" style="text-align: right;"><br></div><div class="align-right" style="text-align: right;"><a href="https://eastcardil.co.il/attraction/embroidery-and-bookbinding-workshop/">קישור הנחה</a><a href="https://eastcardil.co.il/attraction/embroidery-and-bookbinding-workshop/"><br></a></div><div class="align-right" style="text-align: right;"><br></div><div class="align-right" style="text-align: right;"><span style="font-style: normal; text-align: right;"><span class="font" style="font-family:Calibri, Arial"><span class="size" style="font-size:11pt">סדנת רקמה וכריכת מחברות בעור ובד | יצירה|סדנאות | הוי אן | וייטנאם | סדנת רקמה וכריכת מחברות – שילוב של אומנות ומסורת צרו מחברות בעבודת יד עם רקמה אישית, עור ובד, בליווי הדרכה מקצועית באווירה נעימה ויצירתית. מתאים גם למי שלא התנסה קודם. | סדנת רקמה וכריכת מחברות – שילוב של אומנות ומסורת צרו מחברות בעבודת יד עם רקמה אישית, עור ובד , בליווי הדרכה מקצועית באווירה נעימה ויצירתית. מתאים גם למי שלא התנסה קודם.</span></span></span><br></div>]]></description>
			<LookAt>
				<longitude>108.3276856481268</longitude>
				<latitude>15.87736619865896</latitude>
				<altitude>6.06132037658448</altitude>
				<heading>0</heading>
				<tilt>0</tilt>
				<gx:fovy>35</gx:fovy>
				<range>1428.306859221339</range>
				<altitudeMode>absolute</altitudeMode>
			</LookAt>
			<styleUrl>#__managed_style_34EE6F54D040DE0E2028</styleUrl>
			<Point>
				<coordinates>108.3300093091001,15.87608965954674,2.809397297146918</coordinates>
			</Point>
		</Placemark>
		<Placemark id="0D4E0A2FCE3E93001224">
			<name>easy raider - טיולי אופנועים</name>
			<description><![CDATA[<div class="align-right" style="text-align: right;">*מיקום כללי - קבלו מיקום מדוייק לאחר הזמנה*<br></div><div class="align-right" style="text-align: right;"><br></div><div class="align-right" style="text-align: right;"><a href="https://eastcardil.co.il/attraction/easy-rider-motorbike-tours-vietnam/">קישור הנחה</a><a href="https://eastcardil.co.il/attraction/easy-rider-motorbike-tours-vietnam/"><br></a></div><div class="align-right" style="text-align: right;"><br></div><div class="align-right" style="text-align: right;"><span style="font-style: normal; text-align: right;"><span class="font" style="font-family:Calibri, Arial"><span class="size" style="font-size:11pt">easy raider - טיולי אופנועים | אופנועים|טיול רכוב|מדריך | הוי אן | וייטנאם | Easy Rider – חוויית אופנוע אמיתית בווייטנאם! צאו לטיול אופנוע דרך נופים עוצרי נשימה, כפרים אותנטיים ושבילים הרריים. ליווי צמוד, רכיבה בטוחה וחיבור עמוק לתרבות המקומית. | Easy Rider – חוויית אופנוע אמיתית בווייטנאם! צאו לטיול אופנוע דרך נופים עוצרי נשימה, כפרים אותנטיים ושבילים הרריים. ליווי צמוד, רכיבה בטוחה וחיבור עמוק לתרבות המקומית .</span></span></span><br></div>]]></description>
			<LookAt>
				<longitude>107.641623</longitude>
				<latitude>16.4839468</latitude>
				<altitude>0</altitude>
				<heading>0</heading>
				<tilt>0</tilt>
				<gx:fovy>35</gx:fovy>
				<range>1008.125746712413</range>
				<altitudeMode>relativeToGround</altitudeMode>
			</LookAt>
			<styleUrl>#__managed_style_26CD711ABF40DE0E2029</styleUrl>
			<gx:Carousel>
				<gx:Image kml:id="hosted_image_QUFqUWJSNUQ3NzIwTE1YcHluV09iSmlBeEJvRWpneHk2YTVHcHpxU3FDeU9EOTQ5NkpHNXJHV1FVMDVLcHVtQlRVdFYvb2lFNWJTZDFPNWd1R3kzNXhiRjhzV2p1WHpHWlpXVU1qYm1SRWZxKzlZd2Jkd3MySE1ZSGRQRkNoVGhndW1kcUM5cnk3dXdpQ2trbkkvMk9RZWp0ZGlvRlFKblVHMzgvOTBnRjNtOHJWV0VBMWczTEhUNzFZc1g4cVA1YkllK3k0YllsN0taVlhRMFBBcUtML210K0l3aG9xdTQ4UjlJUlI5L1VsVDBXK2E0S1NKL0ZsMmRyMFpEbjNvN0czKzk1NmM9">
					<gx:imageUrl>https://earth.usercontent.google.com/hostedimage/e/*/4AAjQbR5VgCt_idTpTTvG6_KUOVTnoPfi0HJqeWpoy_2iErR02hkn_QGLnuMXx8wYd5tK1z1dllIAzounsVt7ih6gkk3BWlOiFWw7BE8570LC2hsNJwLsF-j7vxxJHRwAApExhjqwlKfb6KG9uYDnXj4ED21EgFjGn0PbKQPwWYEgrzUZfj3JIYBrT4J_HNkc16DfdChH8SZU5B-948K1BYs1viHWfMcMmFCYfaUOwHnN3jY882Dmxr22PytrFjc08wr_C9hYzM7fkPwBUYg?authuser=1&amp;fife=s{size}</gx:imageUrl>
				</gx:Image>
			</gx:Carousel>
			<Point>
				<altitudeMode>relativeToGround</altitudeMode>
				<coordinates>107.641623,16.4839468,0</coordinates>
			</Point>
		</Placemark>
	</Folder>
</Document>
</kml>
